claim-temporal-development-train-00000	5	3	0	149,189,197,197,26,94,121,206,16,54,21,169,103,194,141,84,110,80,204,206,187,68,148,45,10,140,180,43,71,114,117,130,35,3,92,59	2,0,0.1985,0,233;1,1,0.6765,0,15;5,1,0.8205,2,116;7,2,0.8165,1,10;6,4,0.5385,0,133;0,0,0.9965,0,98
claim-temporal-development-train-00001	10	3	2	46,128,151,82,41,5,73,54,117,64,157,69,211,139,174,168,163,110,21,20,91,148,208,93,196,183,113,141,59,101,214,200,39,134,26,12	4,2,0.9765,0,242;1,5,0.2775,1,8;5,1,0.0035,0,142;0,0,0.7965,0,214;4,4,0.3225,0,7;7,4,0.6305,0,158
claim-temporal-development-train-00002	1	3	0	5,215,179,93,173,122,115,55,197,62,65,174,200,48,109,149,161,148,40,69,198,213,141,28,130,20,89,119,14,37,21,75,84,99,200,136	4,4,0.9855,0,187;3,3,0.0065,3,177;6,4,0.2965,0,109;2,2,0.3925,0,210;2,3,0.6085,2,83;1,0,0.0535,0,91
claim-temporal-development-train-00003	8	2	2	91,117,208,56,197,177,183,28,166,78,172,62,114,69,101,20,181,67,21,151,43,128,142,134,192,38,193,147,46,108,176,15,3,87,140,93	2,5,0.8935,0,19;3,4,0.7615,1,25;7,4,0.7035,0,210;5,5,0.6035,0,230;4,2,0.5985,0,86;7,4,0.9345,1,94
claim-temporal-development-train-00004	0	3	2	178,137,141,148,155,59,210,69,12,54,151,131,1,44,128,93,188,113,171,117,90,107,164,168,164,102,38,86,23,75,65,28,17,196,215,45	0,2,0.3005,2,51;3,4,0.8525,0,150;5,1,0.3965,0,37;2,4,0.5435,0,211;5,1,0.2135,0,40;7,1,0.3945,0,194
claim-temporal-development-train-00005	10	0	2	77,117,64,3,42,92,137,200,191,69,182,158,145,151,20,32,204,87,199,45,195,183,115,179,11,123,102,54,93,154,141,131,35,60,21,107	2,1,0.9395,0,209;7,1,0.4015,0,124;5,2,0.1615,0,98;4,5,0.9275,0,42;5,1,0.7205,0,73;2,1,0.3765,0,123
claim-temporal-development-train-00006	10	3	2	106,88,159,50,189,45,41,114,97,5,39,81,151,69,164,137,93,199,200,67,33,186,117,148,173,129,21,14,86,202,152,144,182,20,58,130	4,4,0.8105,0,54;8,5,0.2945,0,149;1,0,0.6175,0,95;8,4,0.1865,0,67;0,0,0.5835,0,107;8,0,0.3505,3,201
claim-temporal-development-train-00007	10	0	2	72,210,177,117,121,93,158,21,186,133,111,105,62,14,28,182,174,56,163,75,153,141,145,151,36,176,114,84,16,136,92,40,161,6,45,65	5,4,0.1245,0,52;3,2,0.1555,0,110;7,4,0.3065,3,112;2,2,0.8455,0,160;8,5,0.5725,0,247;0,3,0.0675,0,38
claim-temporal-development-train-00008	9	2	0	149,80,183,143,211,210,91,35,203,212,196,206,16,119,84,2,93,60,131,161,41,27,99,107,66,45,147,124,72,116,138,15,170,21,57,202	1,5,0.1045,0,18;2,1,0.2085,0,214;8,2,0.4115,3,26;7,2,0.7105,0,181;2,1,0.8655,2,99;3,1,0.5055,2,216
claim-temporal-development-train-00009	0	3	1	161,107,161,42,113,93,128,154,82,75,206,39,117,59,26,173,57,179,48,150,14,148,137,4,191,67,163,101,20,21,214,141,189,69,90,133	3,4,0.8255,0,127;1,5,0.4325,3,1;8,1,0.7385,0,8;2,0,0.5545,0,101;4,1,0.3655,0,210;7,3,0.3435,0,118
claim-temporal-development-train-00010	1	3	0	184,149,3,44,132,56,76,69,164,179,205,178,39,45,152,214,141,117,11,139,68,164,204,62,114,148,22,17,93,91,99,194,127,33,83,110	2,1,0.2665,1,234;8,5,0.8885,0,63;7,4,0.8165,0,179;3,1,0.6015,0,196;2,4,0.4285,0,129;6,2,0.7265,0,48
claim-temporal-development-train-00011	8	2	2	173,194,186,18,115,118,155,141,13,58,49,76,104,154,91,137,34,45,86,65,134,6,198,187,40,151,210,123,212,147,21,27,93,110,161,69	5,3,0.5135,0,103;2,0,0.1655,0,47;0,0,0.2215,0,76;3,4,0.6245,0,155;7,4,0.7045,1,210;2,4,0.2595,0,63
claim-temporal-development-train-00012	10	0	1	93,40,141,80,45,11,114,117,180,175,82,3,209,125,38,69,92,58,207,19,211,153,145,185,200,175,68,133,139,193,150,108,24,102,56,32	2,1,0.7425,3,89;7,4,0.1195,0,91;7,0,0.8175,0,179;7,0,0.9875,0,116;5,2,0.4925,0,91;4,3,0.6815,0,249
claim-temporal-development-train-00013	0	3	0	131,82,59,202,178,195,38,4,21,96,12,69,79,42,26,57,88,188,163,149,117,109,125,115,197,19,163,209,144,170,193,139,148,65,47,100	3,2,0.7325,0,201;1,4,0.4675,2,155;8,1,0.3905,0,144;6,0,0.1545,3,83;3,3,0.7035,0,201;4,1,0.7525,3,182
claim-temporal-development-train-00014	1	0	0	51,24,149,59,95,87,208,195,64,141,160,111,125,88,204,187,145,12,35,20,9,198,76,115,69,178,45,40,132,179,99,27,138,172,188,117	8,2,0.8675,3,131;2,1,0.0335,0,80;2,1,0.0195,0,135;3,5,0.1535,2,65;2,5,0.7535,0,207;4,2,0.5075,0,96
claim-temporal-development-train-00015	7	3	2	130,30,117,2,19,71,197,74,164,110,204,89,179,161,112,21,176,139,87,11,128,210,180,41,166,93,65,168,148,45,102,61,35,151,142,50	1,1,0.7865,0,51;5,1,0.3385,0,63;1,3,0.2055,2,25;1,5,0.3915,0,36;5,4,0.1195,0,175;7,0,0.6065,1,90
claim-temporal-development-train-00016	10	3	2	202,130,209,107,176,56,210,45,121,93,40,68,89,102,20,31,21,201,14,162,199,148,151,62,173,82,141,5,117,78,184,164,69,37,113,140	4,4,0.8935,0,118;6,3,0.0445,0,204;7,4,0.8675,0,163;5,0,0.3485,0,66;5,1,0.3625,0,68;0,0,0.9755,0,211
claim-temporal-development-train-00017	0	3	0	14,20,148,125,208,93,215,42,201,159,59,110,140,45,117,133,185,141,149,76,51,90,185,37,113,176,28,65,159,196,184,101,21,69,2,82	1,4,0.8935,0,44;3,3,0.5375,0,179;2,1,0.2145,0,84;3,0,0.5265,0,209;4,4,0.3475,0,99;4,3,0.8955,0,86
claim-temporal-development-train-00018	9	3	0	162,18,148,105,115,69,61,93,166,157,106,195,50,214,45,34,206,66,3,170,141,73,24,10,25,91,117,41,149,123,82,195,137,134,166,155	2,0,0.4895,3,86;0,0,0.2965,0,70;1,3,0.5055,0,155;0,0,0.7185,0,96;8,0,0.7775,0,208;2,4,0.3285,0,159
claim-temporal-development-train-00019	6	0	2	171,175,15,214,58,109,93,3,40,73,25,115,54,157,161,66,124,21,174,180,151,204,159,120,86,173,132,45,145,99,136,143,91,34,71,16	2,5,0.0715,0,24;0,0,0.1095,0,25;5,0,0.5825,2,231;0,4,0.7885,0,131;2,3,0.6805,3,122;3,2,0.1585,2,226
claim-temporal-development-train-00020	2	3	2	50,35,148,199,126,85,141,106,211,120,161,165,93,60,65,156,99,12,45,206,151,21,92,201,131,140,153,44,208,69,31,202,16,76,116,3	2,2,0.1625,0,57;6,1,0.9375,0,255;1,2,0.2135,0,119;3,3,0.8515,0,189;2,0,0.9815,3,14;5,1,0.9625,0,10
claim-temporal-development-train-00021	1	2	1	154,19,93,210,181,87,117,13,56,25,21,166,185,150,215,75,69,130,140,203,163,142,116,45,44,58,124,214,64,35,99,91,147,108,3,202	2,3,0.7995,0,79;0,1,0.9245,0,192;7,0,0.0545,0,225;2,5,0.6605,0,61;2,2,0.9355,0,161;3,0,0.9515,1,132
claim-temporal-development-train-00022	10	3	2	33,52,71,197,131,167,87,177,45,151,36,142,171,117,137,148,188,58,162,88,43,75,153,22,161,103,189,121,111,64,112,93,7,14,205,18	6,4,0.4715,1,177;8,2,0.7595,0,134;3,0,0.0805,2,97;2,5,0.0315,0,161;6,5,0.1035,0,125;0,1,0.3155,1,165
claim-temporal-development-train-00023	7	3	0	106,63,14,149,165,201,188,90,45,66,34,206,74,100,93,50,148,143,114,210,40,189,170,165,123,132,6,117,69,172,169,83,21,27,138,20	5,4,0.8425,0,232;2,0,0.0945,0,20;1,5,0.4395,0,235;1,1,0.5185,0,133;3,0,0.5525,0,171;2,2,0.4935,2,241
claim-temporal-development-train-00024	5	3	1	65,129,54,19,31,169,201,141,208,62,198,148,3,95,99,117,21,77,35,134,69,205,170,92,112,177,207,170,137,150,154,10,110,44,83,45	2,0,0.7175,0,61;6,1,0.9765,0,0;5,4,0.2815,0,2;4,1,0.9595,2,92;2,4,0.1165,0,30;8,4,0.2715,0,81
claim-temporal-development-train-00025	2	2	2	113,160,102,80,45,91,3,155,147,69,152,195,141,200,66,161,40,83,93,16,52,137,36,151,107,163,60,205,129,174,27,133,14,160,23,119	2,4,0.1765,2,28;2,2,0.1685,0,49;3,2,0.5925,0,252;7,1,0.7405,0,63;5,1,0.2965,2,116;8,3,0.3005,0,2
claim-temporal-development-train-00026	1	0	1	211,62,108,87,94,68,200,18,91,172,123,115,4,75,48,38,188,193,145,99,139,183,71,25,52,24,141,117,44,215,150,169,134,13,172,172	3,3,0.4715,3,116;0,4,0.8195,3,182;3,4,0.8475,2,210;2,5,0.6935,1,154;2,2,0.7045,0,85;2,4,0.7385,0,206
claim-temporal-development-train-00027	5	2	1	175,55,48,172,69,206,19,108,205,66,123,63,10,215,34,116,141,84,156,117,131,147,76,157,3,174,192,93,211,24,42,88,139,27,150,103	2,0,0.7985,3,181;2,0,0.5095,3,210;6,5,0.5195,0,69;3,2,0.0415,0,61;6,2,0.8785,0,115;2,1,0.7555,0,245
claim-temporal-development-train-00028	1	2	2	162,12,123,21,138,32,46,155,117,88,36,76,151,93,104,135,20,115,65,161,43,62,160,86,182,1,147,173,166,207,156,109,69,179,141,52	0,2,0.8255,0,247;7,2,0.6925,1,15;3,4,0.3495,0,124;3,4,0.0495,0,8;7,3,0.6315,0,28;2,5,0.5395,0,42
claim-temporal-development-train-00029	1	0	1	74,116,111,169,61,69,210,88,131,125,150,67,117,31,188,14,164,42,20,21,47,82,36,155,98,141,93,152,199,214,176,145,138,3,51,166	2,4,0.8265,0,119;6,2,0.5695,2,132;2,3,0.7235,0,44;1,0,0.1155,0,221;1,5,0.9065,0,237;4,1,0.5015,0,48
claim-temporal-development-train-00030	10	3	1	111,128,148,41,194,91,205,94,137,178,212,29,196,155,65,130,158,98,39,116,20,62,150,45,188,50,73,86,186,120,183,69,1,23,15,141	0,5,0.8455,2,28;4,5,0.2725,0,230;1,4,0.2775,0,147;0,4,0.7675,1,86;1,5,0.9265,3,195;7,0,0.2305,0,212
claim-temporal-development-train-00031	7	2	1	73,201,91,117,162,115,45,83,158,181,93,34,147,141,43,99,193,122,70,3,163,21,193,53,138,201,150,58,213,159,106,134,16,64,25,15	2,5,0.1395,0,94;0,0,0.7355,0,33;4,0,0.1945,1,193;0,1,0.7395,0,155;2,0,0.6365,0,243;1,4,0.4615,0,164
claim-temporal-development-train-00032	2	3	2	116,82,117,91,159,176,124,151,141,64,9,209,18,99,164,21,160,148,139,212,211,45,76,40,132,51,38,189,106,70,61,12,31,191,93,191	8,2,0.5145,0,254;6,4,0.1625,0,163;2,3,0.1765,1,105;3,0,0.7045,0,84;2,0,0.9905,0,7;3,2,0.6785,0,89
claim-temporal-development-train-00033	6	2	2	147,159,18,113,155,88,4,93,190,102,45,30,106,151,36,159,63,79,126,49,178,170,69,196,154,137,43,131,117,188,12,141,67,83,21,174	3,2,0.5115,0,196;5,2,0.7475,0,129;0,5,0.6135,0,79;6,1,0.0785,0,204;5,0,0.2215,0,4;5,1,0.2295,0,250
claim-temporal-development-train-00034	1	3	2	65,91,176,148,168,75,104,14,117,130,18,63,116,28,211,42,141,151,36,45,212,87,3,202,171,21,192,175,69,110,193,136,57,152,123,93	2,4,0.4455,0,115;3,2,0.5585,0,108;8,5,0.3975,0,118;2,5,0.6215,0,59;7,4,0.9125,0,208;2,0,0.1595,0,89
claim-temporal-development-train-00035	10	2	1	179,153,14,45,65,147,50,117,125,40,27,150,59,21,91,76,69,97,38,134,9,175,178,194,112,167,20,196,140,189,141,165,163,85,95,108	8,4,0.8795,0,211;2,4,0.1785,0,194;1,1,0.3035,0,210;3,3,0.7585,2,236;0,2,0.1675,0,105;4,4,0.8305,0,197
claim-temporal-development-train-00036	10	0	0	68,69,138,18,53,39,45,215,21,198,214,108,93,99,182,117,81,41,114,188,33,144,145,173,189,127,62,92,187,85,8,134,149,165,13,199	7,3,0.5245,0,132;8,5,0.3645,0,120;4,4,0.8735,0,241;8,3,0.9275,0,14;2,2,0.5635,0,58;6,4,0.5165,3,98
claim-temporal-development-train-00037	1	0	0	189,25,59,161,149,115,141,170,156,17,96,107,123,188,182,195,45,68,118,145,13,174,162,3,177,133,140,87,56,78,69,44,21,103,89,39	2,3,0.3215,0,20;0,5,0.9645,0,188;7,1,0.9975,0,237;5,5,0.3435,3,153;6,1,0.6105,1,15;2,3,0.9365,0,0
claim-temporal-development-train-00038	10	0	2	45,172,142,124,200,81,17,139,22,145,65,135,42,115,214,88,98,151,174,204,178,29,211,69,7,51,117,93,214,162,59,10,107,87,161,37	6,0,0.3825,1,19;4,3,0.5235,0,39;2,1,0.3665,0,145;8,5,0.1805,0,3;1,1,0.7195,0,160;3,5,0.7505,1,177
claim-temporal-development-train-00039	1	3	0	104,110,85,38,160,93,69,42,68,123,206,196,189,137,2,164,153,60,91,169,142,117,75,28,47,149,20,49,23,13,132,148,187,182,160,115	1,3,0.9265,2,105;3,4,0.5245,2,58;0,2,0.9205,0,32;2,3,0.6305,0,64;7,4,0.6145,0,59;2,2,0.3245,1,38
claim-temporal-development-train-00040	9	0	1	66,36,150,156,42,139,88,185,2,58,128,200,141,26,186,111,117,24,203,86,15,145,163,17,93,69,183,114,179,74,171,105,134,45,172,52	1,5,0.3065,3,150;1,2,0.5965,0,123;3,0,0.4245,0,172;1,4,0.0095,0,80;8,5,0.5115,0,12;7,4,0.7165,0,217
claim-temporal-development-train-00041	5	2	1	69,189,30,9,34,92,109,40,114,191,66,117,194,139,168,103,63,20,162,206,153,87,79,52,189,147,24,154,162,14,132,45,150,141,93,121	8,4,0.9585,3,61;5,0,0.1995,0,242;3,5,0.5185,0,53;6,5,0.9145,0,121;6,3,0.5505,0,251;0,2,0.6495,0,211
claim-temporal-development-train-00042	0	3	0	141,4,25,191,197,69,177,177,148,21,173,155,93,176,37,169,75,11,40,100,18,106,123,136,88,152,50,114,61,117,202,134,45,87,65,149	3,1,0.5475,0,43;0,3,0.1335,0,6;1,3,0.3415,0,181;2,5,0.1065,0,166;3,0,0.5165,0,150;2,4,0.0535,0,146
claim-temporal-development-train-00043	8	1	0	177,135,43,45,17,50,77,160,191,154,149,21,175,102,202,179,71,114,129,139,34,4,144,93,26,89,200,117,86,14,163,61,146,208,111,64	3,4,0.2235,0,209;1,0,0.7215,0,133;1,3,0.1735,2,241;4,4,0.2965,0,92;5,5,0.4265,0,75;8,5,0.7465,3,7
claim-temporal-development-train-00044	1	0	1	163,158,16,137,69,117,150,177,51,157,12,2,63,43,145,158,83,114,34,143,91,196,78,109,124,97,131,163,66,185,93,167,45,155,27,21	1,2,0.0255,0,82;2,0,0.7925,0,15;2,5,0.5395,0,209;5,1,0.6765,0,163;0,3,0.5025,0,159;3,1,0.2075,2,43
claim-temporal-development-train-00045	9	2	2	151,168,37,88,209,178,16,2,164,59,42,117,152,99,154,201,107,113,12,141,134,86,45,32,154,123,175,138,69,74,21,93,56,147,204,65	1,2,0.0385,0,145;7,3,0.5135,0,210;7,1,0.3375,0,122;1,4,0.1865,0,234;2,1,0.2155,0,146;2,4,0.4965,0,89
claim-temporal-development-train-00046	2	0	2	108,145,152,81,103,130,42,9,194,93,117,204,12,86,89,45,159,124,151,20,66,59,210,27,187,196,207,141,35,69,194,138,113,165,23,55	8,2,0.8475,2,196;2,1,0.4975,0,28;6,1,0.4645,0,213;8,4,0.3285,0,121;6,2,0.3135,0,186;3,0,0.4185,0,238
claim-temporal-development-train-00047	1	2	0	171,60,33,141,69,121,90,49,203,85,147,18,206,188,15,193,209,108,21,42,200,117,171,165,37,149,46,3,93,67,114,183,77,131,137,100	2,5,0.4315,0,153;8,3,0.4425,1,64;0,2,0.6525,0,43;4,3,0.4865,0,183;3,2,0.4745,0,46;0,1,0.2835,0,18
claim-temporal-development-train-00048	1	3	0	97,4,117,47,68,17,133,157,149,110,201,69,42,148,209,61,129,10,142,28,85,184,190,21,91,158,51,112,153,155,162,211,139,38,77,93	3,0,0.2335,0,161;3,4,0.5535,2,21;2,3,0.9695,0,172;4,3,0.7055,0,161;0,4,0.1765,0,59;8,3,0.7485,1,108
claim-temporal-development-train-00049	1	3	1	48,31,165,50,99,168,185,2,188,116,193,150,117,69,16,188,121,203,44,141,89,11,76,203,82,132,61,186,93,64,108,137,159,148,38,21	1,1,0.1805,0,26;6,4,0.9375,3,7;1,3,0.1265,0,130;3,0,0.3295,0,13;2,2,0.8345,0,53;0,2,0.2945,0,227
claim-temporal-development-train-00050	3	0	2	206,106,4,132,40,69,14,83,209,142,65,37,178,180,114,58,105,155,17,117,183,51,137,88,78,196,145,28,192,122,21,161,163,151,48,93	3,4,0.2125,0,2;3,3,0.1245,3,27;2,0,0.2565,0,65;5,1,0.0275,0,182;8,0,0.5365,0,176;1,2,0.3255,1,89
claim-temporal-development-train-00051	1	2	2	167,99,67,213,41,39,76,201,161,61,171,147,151,92,14,94,117,193,19,160,33,184,3,83,127,132,21,51,141,114,106,163,47,138,71,198	2,4,0.6645,0,19;8,5,0.2205,2,43;2,3,0.7165,2,80;3,1,0.9085,1,241;2,0,0.4245,0,217;6,2,0.5815,0,75
claim-temporal-development-train-00052	6	2	2	121,90,69,183,99,151,11,147,161,141,6,117,215,37,43,66,85,77,181,192,45,112,18,21,139,62,158,206,215,188,135,52,93,32,195,108	5,1,0.4475,0,47;7,3,0.7295,0,78;3,4,0.5955,0,45;4,3,0.5185,0,216;2,2,0.1605,0,35;0,5,0.6765,0,150
claim-temporal-development-train-00053	10	1	2	29,190,93,91,151,136,13,87,191,213,121,108,38,207,173,134,69,45,181,67,176,21,44,114,141,104,117,61,146,17,180,164,73,163,6,57	5,3,0.2765,0,18;4,4,0.9855,0,130;8,3,0.7355,0,113;0,5,0.7365,0,37;7,2,0.5965,0,219;0,4,0.0855,0,19
claim-temporal-development-train-00054	7	3	2	83,114,71,34,133,191,191,199,122,32,169,81,211,16,141,14,53,182,107,8,137,172,148,44,211,21,46,66,92,151,60,98,173,94,117,213	7,4,0.0025,0,224;7,0,0.8155,1,123;4,2,0.5045,2,109;8,1,0.9595,1,41;1,1,0.5215,0,107;1,3,0.2545,0,243
claim-temporal-development-train-00055	3	0	0	152,145,108,11,117,30,69,100,135,17,35,176,45,75,1,127,142,210,192,138,86,212,95,51,91,149,41,22,116,172,62,187,68,156,195,200	0,1,0.3775,1,215;5,1,0.2725,0,54;2,4,0.9965,0,92;2,4,0.6675,2,147;3,2,0.8435,0,204;6,5,0.5225,1,135
claim-temporal-development-train-00056	6	3	0	80,148,155,64,140,209,124,208,215,97,117,51,69,176,172,27,178,142,214,115,36,8,135,21,87,48,192,58,203,109,16,96,40,90,15,149	7,5,0.0055,0,159;2,2,0.1175,3,44;2,0,0.0035,0,2;7,5,0.4665,3,2;0,3,0.6925,0,70;3,5,0.9005,1,172
claim-temporal-development-train-00057	7	2	0	20,84,207,92,176,69,74,129,189,50,140,117,100,26,37,200,107,213,68,45,1,184,197,149,42,198,112,165,147,93,131,21,171,60,10,141	0,0,0.9815,0,68;1,3,0.5015,0,203;1,2,0.9645,0,145;1,2,0.9015,0,208;3,1,0.1665,0,4;8,1,0.9035,0,36
claim-temporal-development-train-00058	2	1	2	64,32,215,69,146,163,38,13,107,206,117,86,190,58,98,93,179,164,46,40,88,197,211,113,79,21,132,139,191,16,124,151,200,2,54,141	1,3,0.1385,0,2;7,4,0.0585,1,219;5,0,0.1505,0,162;6,4,0.1005,0,100;1,1,0.2645,0,5;3,2,0.7515,0,17
claim-temporal-development-train-00059	9	3	0	116,78,66,156,53,180,69,92,211,141,131,38,19,8,209,117,184,179,155,11,124,84,98,167,61,109,45,189,33,149,197,148,40,96,21,137	7,1,0.7245,0,28;8,4,0.0585,0,182;4,3,0.4795,0,129;5,2,0.9285,3,40;1,3,0.9565,0,63;3,1,0.2165,0,238
claim-temporal-development-train-00060	0	3	1	141,86,69,44,112,130,199,202,158,39,183,28,91,60,187,198,12,16,74,163,21,150,52,93,148,188,64,129,117,45,104,183,138,111,8,199	7,2,0.1475,0,48;3,5,0.9675,0,71;3,2,0.0045,0,37;1,4,0.7695,0,212;7,5,0.1165,0,147;8,0,0.5635,0,154
claim-temporal-development-train-00061	6	1	1	82,45,19,141,96,80,21,12,89,152,121,158,31,35,112,150,164,108,59,2,69,133,180,174,117,56,146,43,209,139,153,104,211,191,64,176	1,2,0.6425,0,9;6,1,0.6535,0,203;7,1,0.1795,0,197;7,0,0.3455,3,8;7,2,0.1255,0,215;0,3,0.7855,0,140
claim-temporal-development-train-00062	10	2	2	20,21,63,76,198,176,129,31,40,57,138,45,106,89,117,130,167,69,197,151,184,184,113,98,179,155,83,141,190,3,67,93,11,214,147,38	2,1,0.9305,0,63;6,4,0.0905,0,83;8,5,0.7855,0,129;3,1,0.2915,0,53;1,0,0.2545,0,52;8,0,0.5435,0,54
claim-temporal-development-train-00063	9	0	2	17,117,86,145,44,63,56,165,195,182,173,68,101,13,151,89,45,69,131,196,9,124,21,106,213,141,114,94,73,196,27,137,195,163,35,160	8,3,0.2375,0,222;2,1,0.9185,0,69;7,5,0.8705,0,7;0,4,0.3835,1,209;4,0,0.4505,0,97;3,1,0.3875,0,142
claim-temporal-development-train-00064	1	3	1	3,81,137,153,179,69,150,107,159,57,60,172,35,134,141,41,117,64,92,21,148,206,191,20,45,27,165,159,203,105,82,162,125,115,93,14	2,4,0.9275,0,97;2,1,0.3275,0,87;8,2,0.0395,0,243;8,0,0.9935,0,35;8,1,0.6735,0,155;4,4,0.3595,0,37
claim-temporal-development-train-00065	6	3	1	97,139,118,171,21,38,93,15,163,43,82,133,68,196,152,187,109,4,54,91,150,60,113,69,157,175,25,210,124,172,45,16,81,148,153,144	3,5,0.0565,0,99;0,4,0.7595,0,183;5,2,0.9925,0,222;8,0,0.7715,0,65;0,3,0.2215,1,102;3,3,0.6915,3,124
claim-temporal-development-train-00066	3	0	1	138,183,20,65,45,4,49,208,21,111,207,41,27,205,120,90,165,76,35,124,207,192,59,141,112,168,100,85,145,93,206,11,135,69,215,150	3,1,0.9515,0,38;2,1,0.2825,0,54;0,1,0.2145,0,99;3,3,0.4025,0,219;3,5,0.1815,3,217;3,5,0.5725,0,156
claim-temporal-development-train-00067	9	2	1	205,44,181,12,137,147,158,132,62,82,160,32,124,109,202,202,153,190,200,45,117,65,150,18,50,75,92,21,198,35,113,7,69,104,141,95	6,2,0.5965,0,239;7,1,0.8725,0,237;1,4,0.2985,0,205;2,0,0.8855,2,80;7,3,0.3705,0,42;3,2,0.3995,0,72
claim-temporal-development-train-00068	8	3	2	27,111,210,59,152,21,83,113,138,122,215,132,48,207,17,90,117,93,148,54,104,192,66,13,187,78,141,151,42,36,170,215,5,186,69,179	4,3,0.3025,0,122;2,2,0.4435,3,195;5,1,0.5655,0,8;5,1,0.4155,0,23;7,5,0.2305,0,246;1,2,0.5025,0,29
claim-temporal-development-train-00069	10	2	2	204,86,73,51,117,3,64,195,152,139,186,19,141,153,125,63,165,94,203,12,89,69,36,151,24,45,29,157,113,153,41,133,104,215,106,147	2,2,0.6545,3,176;4,2,0.3275,0,135;2,5,0.1795,0,246;0,4,0.3865,1,157;7,0,0.2355,0,192;4,3,0.6755,0,209
claim-temporal-development-train-00070	10	2	2	151,153,45,21,16,90,100,69,167,39,131,158,117,174,184,65,93,27,165,115,191,141,10,77,161,147,62,179,40,136,107,85,172,51,129,8	7,0,0.1875,0,62;2,5,0.1805,0,211;2,4,0.3415,0,122;4,3,0.5515,0,244;3,1,0.6845,0,166;8,1,0.1735,0,22
claim-temporal-development-train-00071	8	0	0	42,145,67,69,45,76,141,17,113,191,61,173,26,7,11,83,117,93,209,140,39,181,109,54,88,97,135,149,173,184,214,181,126,166,169,21	6,1,0.3475,0,16;1,5,0.4285,0,39;5,3,0.6415,0,200;3,1,0.0535,0,45;0,3,0.3635,0,147;5,5,0.8115,0,151
claim-temporal-development-train-00072	5	3	1	84,36,69,17,14,189,141,204,97,203,60,205,42,95,150,215,6,125,139,164,120,46,168,115,75,55,148,188,211,27,131,176,68,111,21,89	5,4,0.3015,0,170;2,2,0.4615,1,227;6,2,0.8525,0,93;2,2,0.3025,2,179;0,5,0.6945,3,171;4,1,0.7525,0,255
claim-temporal-development-train-00073	9	0	1	152,115,92,111,37,25,160,8,192,76,163,48,141,150,152,69,21,65,51,194,105,18,179,63,117,145,183,136,82,195,210,44,93,129,133,15	7,5,0.4395,0,198;0,3,0.9075,3,160;2,5,0.2265,0,24;3,0,0.8075,0,149;8,5,0.7545,0,163;8,3,0.0985,0,24
claim-temporal-development-train-00074	3	0	0	109,149,24,128,72,76,204,1,189,171,165,11,58,50,137,212,17,44,28,99,200,93,117,114,82,38,213,66,145,211,141,152,133,166,89,45	0,1,0.3295,3,140;3,4,0.9365,0,156;1,0,0.5645,3,207;3,0,0.3885,0,18;2,3,0.4705,0,154;7,3,0.2825,0,170
claim-temporal-development-train-00075	1	0	0	30,21,39,88,149,58,41,170,196,49,70,111,127,93,196,66,175,141,112,192,173,81,82,184,169,176,136,20,104,117,15,201,45,145,134,3	2,5,0.8225,0,37;5,5,0.3405,0,197;0,0,0.4065,1,245;8,0,0.1615,0,117;7,5,0.0705,0,132;6,4,0.0875,0,134
claim-temporal-development-train-00076	1	0	1	169,117,92,21,214,213,69,133,27,38,45,3,41,194,99,141,156,179,150,204,51,174,136,95,124,111,85,58,145,113,75,67,14,18,197,184	2,4,0.4655,0,172;2,4,0.2085,0,216;2,0,0.7935,0,68;2,3,0.9275,2,89;2,5,0.2115,0,67;3,3,0.0315,0,50
claim-temporal-development-train-00077	9	2	1	10,51,119,128,3,141,37,69,132,116,89,147,139,166,45,109,155,208,207,41,93,64,22,189,204,82,105,186,62,201,20,33,157,75,150,162	2,0,0.8375,1,136;8,3,0.2195,0,126;2,4,0.0325,0,121;2,0,0.2755,0,114;8,3,0.9245,2,44;7,2,0.7575,0,97
claim-temporal-development-train-00078	2	3	0	194,55,163,48,36,187,2,69,113,190,148,75,213,141,21,30,96,149,88,154,139,129,12,86,107,16,44,117,185,199,165,64,97,132,197,59	1,2,0.0515,0,117;5,2,0.8465,3,120;6,1,0.0465,0,214;2,4,0.1195,3,187;0,1,0.3765,0,180;8,2,0.6755,0,207
claim-temporal-development-train-00079	5	1	2	132,113,4,11,31,109,74,90,125,93,117,146,82,209,69,61,213,198,44,35,45,16,64,151,138,179,204,158,154,155,21,144,50,212,164,101	3,1,0.1765,0,121;6,1,0.8925,0,93;1,3,0.0215,0,31;1,0,0.4615,0,184;4,3,0.2715,0,21;4,2,0.4325,3,18
claim-temporal-development-train-00080	5	2	2	98,117,123,9,31,133,24,199,11,141,193,151,162,198,138,45,83,59,174,93,39,181,180,67,69,91,172,115,200,17,44,75,147,53,195,111	8,1,0.2015,3,128;6,5,0.9925,0,127;4,1,0.6335,0,173;2,1,0.6275,0,6;1,5,0.7425,0,183;2,3,0.5475,0,204
claim-temporal-development-train-00081	9	0	0	45,43,140,93,200,145,117,92,67,80,204,104,153,191,143,203,184,113,13,26,197,149,108,34,168,154,52,121,155,17,21,133,71,4,87,62	3,3,0.2455,0,133;1,0,0.6125,0,247;3,4,0.7915,2,240;7,5,0.9205,0,32;7,2,0.3755,0,40;0,3,0.9445,2,152
claim-temporal-development-train-00082	8	3	1	52,66,131,61,93,158,199,176,40,109,127,78,138,160,196,39,87,141,8,102,69,17,148,191,32,46,215,183,112,12,178,180,21,150,91,117	7,2,0.2735,0,183;7,5,0.0595,1,93;3,3,0.4605,0,172;5,5,0.7725,0,198;5,3,0.1435,0,251;6,1,0.5805,0,54
claim-temporal-development-train-00083	1	0	0	163,44,53,134,101,215,207,14,35,208,141,138,121,119,72,93,202,149,184,82,62,186,68,157,76,113,3,187,18,106,145,91,33,21,45,163	2,4,0.5965,0,250;8,1,0.8045,0,102;4,4,0.8035,3,16;3,0,0.6965,0,230;4,0,0.2355,2,134;0,4,0.4285,0,126
claim-temporal-development-train-00084	8	0	2	34,107,69,208,21,145,184,63,151,8,117,89,179,141,75,164,44,87,113,131,187,203,190,45,207,96,15,98,54,140,33,17,158,68,187,121	7,5,0.3605,0,168;8,0,0.9745,0,225;5,5,0.8475,0,129;2,5,0.2035,3,165;1,1,0.3295,0,227;0,1,0.9695,0,128
claim-temporal-development-train-00085	1	3	1	91,84,135,148,69,121,99,210,182,11,211,107,21,197,43,117,19,180,184,141,73,192,59,27,51,67,195,9,39,116,140,93,150,199,45,187	8,1,0.7075,0,35;2,5,0.6055,0,49;2,1,0.6595,0,126;0,2,0.6605,0,102;2,1,0.8875,0,139;0,5,0.9135,0,48
claim-temporal-development-train-00086	2	0	0	45,58,76,119,184,57,160,112,193,99,67,111,190,5,93,149,123,174,163,141,187,92,29,84,21,34,19,185,130,69,137,42,14,201,155,145	4,4,0.7495,0,89;4,0,0.4095,0,22;8,0,0.6345,0,54;3,2,0.8645,0,128;2,5,0.0615,2,107;2,0,0.2805,0,104
claim-temporal-development-train-00087	5	2	0	182,149,37,156,165,42,73,62,69,85,124,160,3,51,89,65,45,186,147,134,10,31,93,185,169,103,208,186,117,17,141,195,21,137,112,106	2,0,0.2765,0,227;6,3,0.4795,0,124;2,4,0.2155,0,56;0,3,0.3165,0,236;6,0,0.1645,0,21;3,4,0.2445,0,131
claim-temporal-development-train-00088	1	3	0	89,41,45,141,107,136,27,83,212,211,148,21,176,162,155,66,129,113,149,79,3,99,193,17,51,93,119,62,36,10,205,161,185,132,162,71	2,0,0.3085,0,64;2,2,0.2345,0,127;2,4,0.5925,2,105;6,1,0.3895,0,62;2,1,0.3745,2,244;8,2,0.0855,0,211
claim-temporal-development-train-00089	9	2	2	147,86,69,168,115,117,176,27,45,134,38,43,52,128,62,90,153,93,8,15,213,185,151,141,191,20,140,107,67,199,166,76,209,21,162,104	7,5,0.8815,0,169;2,4,0.6665,0,255;3,4,0.6255,0,80;3,4,0.4935,0,176;7,1,0.6225,0,239;7,4,0.9295,0,219
claim-temporal-development-train-00090	1	2	1	139,44,141,201,67,156,99,63,176,75,50,91,13,172,150,34,106,203,131,21,147,190,172,212,93,191,83,117,127,115,70,27,45,206,20,2	1,3,0.9245,0,103;2,0,0.8495,0,138;1,5,0.7985,1,193;2,1,0.7005,0,209;2,0,0.7515,0,13;6,1,0.6515,0,46
claim-temporal-development-train-00091	1	2	0	147,149,45,130,18,69,11,178,167,193,215,75,174,21,137,68,114,58,107,102,3,186,93,199,207,90,127,141,37,85,32,119,57,155,193,44	2,1,0.4435,0,24;7,3,0.8135,0,106;8,0,0.9785,0,242;2,3,0.5845,0,145;5,1,0.4065,2,112;6,0,0.3005,0,72
claim-temporal-development-train-00092	4	1	1	33,57,191,136,83,133,21,89,17,188,40,39,13,93,115,189,191,106,159,141,146,117,122,63,4,76,64,100,158,45,173,150,168,69,194,193	3,3,0.2915,0,228;8,5,0.0805,0,78;8,5,0.1665,0,154;3,1,0.2645,0,127;3,0,0.7645,0,89;1,3,0.1775,0,14
claim-temporal-development-train-00093	0	3	0	212,60,131,97,148,69,206,45,141,116,136,210,21,43,93,76,1,35,192,92,12,175,169,33,110,153,199,118,149,187,57,172,129,64,85,18	0,2,0.5525,0,107;8,1,0.6785,0,65;8,2,0.0495,0,45;3,3,0.8325,0,184;0,4,0.8015,1,8;8,1,0.1345,0,24
claim-temporal-development-train-00094	2	2	0	101,193,156,162,212,209,109,16,124,112,117,92,21,135,193,147,4,34,82,43,149,93,162,45,65,210,77,161,26,60,72,209,136,141,15,51	3,5,0.1355,0,194;1,0,0.6705,0,40;2,2,0.2275,3,52;4,0,0.9395,0,177;4,3,0.0235,0,234;3,5,0.1615,0,59
claim-temporal-development-train-00095	2	0	1	117,109,37,16,161,14,112,53,89,76,180,192,150,93,145,47,64,206,82,202,70,141,184,122,103,215,21,3,197,44,63,180,30,130,139,154	2,4,0.0515,0,8;5,3,0.9255,2,136;4,5,0.1845,1,237;3,0,0.2635,0,226;6,3,0.0175,0,87;1,0,0.6595,0,128
claim-temporal-development-train-00096	1	3	0	174,69,87,206,162,93,202,24,149,214,36,45,16,64,99,44,141,4,123,50,181,172,90,58,31,200,116,148,140,135,111,80,15,185,168,117	3,5,0.0765,3,135;6,2,0.9005,0,19;1,0,0.1215,0,178;7,5,0.4295,0,208;2,5,0.8645,0,146;2,5,0.9475,0,245
claim-temporal-development-train-00097	1	2	1	21,147,137,76,69,201,169,6,27,88,93,123,82,150,65,167,160,51,12,35,119,98,158,18,43,135,210,109,116,210,141,45,207,208,197,61	5,2,0.4845,0,206;2,1,0.7065,0,204;2,3,0.3505,0,41;3,0,0.1745,0,181;1,3,0.9785,2,203;2,5,0.2595,0,231
claim-temporal-development-train-00098	0	3	2	45,87,27,12,69,93,122,51,141,209,139,43,34,184,76,91,63,133,68,210,194,148,117,109,113,100,187,203,207,22,9,179,151,191,20,192	8,2,0.9475,1,98;2,0,0.7085,0,58;2,5,0.9265,0,72;3,5,0.7385,0,25;3,3,0.3015,0,187;1,3,0.7075,0,237
claim-temporal-development-train-00099	9	1	0	61,139,30,131,68,146,203,92,111,49,195,124,69,209,153,191,161,142,13,208,20,149,93,117,116,2,209,195,45,34,82,21,104,42,77,210	1,3,0.8645,0,23;5,0,0.4835,0,67;0,3,0.9015,0,212;4,0,0.9875,0,254;7,5,0.8185,0,53;3,1,0.7725,1,140
claim-temporal-development-train-00100	2	3	2	42,59,108,206,34,100,117,180,90,114,195,74,53,11,156,130,69,21,48,162,28,20,160,123,93,207,173,141,193,8,85,175,151,68,139,148	7,1,0.8525,0,44;3,0,0.5165,3,151;4,1,0.9585,0,3;1,3,0.5425,0,98;3,2,0.5725,0,141;2,0,0.6725,0,25
claim-temporal-development-train-00101	4	1	2	35,62,13,102,160,146,112,117,139,213,108,151,121,29,66,76,20,206,193,179,158,50,87,133,161,45,143,189,40,93,4,212,92,21,171,69	3,3,0.9165,0,246;4,1,0.1465,0,169;1,4,0.5275,0,185;3,5,0.9245,0,24;5,2,0.1415,0,97;0,3,0.6495,2,66
claim-temporal-development-train-00102	9	3	0	63,193,69,77,93,180,157,25,176,116,162,3,138,111,117,35,148,21,214,155,48,199,149,16,153,104,128,131,50,88,43,84,142,180,13,64	2,3,0.1995,0,156;0,1,0.7005,3,148;1,5,0.1955,0,228;4,2,0.0665,0,110;7,5,0.9815,0,52;7,1,0.4435,1,113
claim-temporal-development-train-00103	10	3	2	159,136,69,169,117,61,54,177,109,148,24,162,186,28,40,151,99,17,197,155,46,90,81,85,132,66,167,127,142,114,157,12,4,157,93,38	3,2,0.2395,3,133;3,4,0.0465,1,200;5,3,0.5375,0,98;8,3,0.4945,0,145;2,3,0.5635,0,238;6,2,0.1875,1,105
claim-temporal-development-train-00104	3	0	1	40,60,162,88,200,117,202,45,56,28,4,83,109,183,15,21,64,198,93,70,197,137,190,113,150,18,101,123,76,37,141,145,160,181,200,133	3,5,0.4495,0,201;3,3,0.0925,0,31;7,2,0.1845,1,191;3,1,0.0675,0,70;4,3,0.2335,0,12;2,3,0.2135,0,19
claim-temporal-development-train-00105	2	0	0	94,144,169,207,69,33,193,67,130,34,21,11,116,98,145,139,89,129,184,188,202,183,19,120,106,58,41,54,170,201,45,85,75,149,9,167	8,1,0.7195,0,115;8,0,0.3335,0,230;5,0,0.7205,0,27;2,3,0.2795,1,68;1,0,0.8525,3,23;8,0,0.6315,3,166
claim-temporal-development-train-00106	5	2	1	160,14,119,88,190,67,69,36,174,7,180,59,175,135,147,150,17,99,187,183,124,31,82,22,45,137,111,156,52,214,78,93,174,141,40,114	6,4,0.3545,1,249;6,2,0.0215,0,100;3,1,0.7115,0,60;5,0,0.0355,0,214;2,5,0.5825,2,76;3,5,0.3055,0,205
claim-temporal-development-train-00107	2	3	1	213,45,37,124,212,140,117,40,19,157,60,82,141,132,160,90,148,93,206,69,26,165,166,4,181,150,154,75,52,166,24,67,112,11,110,98	3,1,0.7355,3,123;1,3,0.1945,0,41;3,2,0.6175,0,254;2,0,0.4395,0,213;1,4,0.0795,0,96;3,2,0.9365,0,159
claim-temporal-development-train-00108	10	2	1	74,174,52,150,37,174,111,19,118,69,59,12,182,158,27,138,45,135,147,40,84,90,21,161,105,204,112,95,141,6,64,125,186,159,214,175	5,2,0.6025,0,18;2,3,0.0475,0,245;3,1,0.0005,0,77;1,2,0.4135,2,72;8,5,0.1235,1,126;4,5,0.5035,0,155
claim-temporal-development-train-00109	2	3	2	45,75,204,93,143,214,21,29,212,8,211,138,108,162,85,158,49,105,185,117,66,201,20,69,44,161,165,113,130,12,59,36,90,128,151,148	7,2,0.8105,0,240;4,2,0.9255,0,119;0,1,0.5025,0,24;2,3,0.4815,0,181;8,2,0.3055,0,212;7,0,0.5955,2,242
claim-temporal-development-train-00110	1	3	2	28,151,69,68,16,139,34,114,148,206,4,164,89,207,51,132,152,158,110,45,101,162,63,207,180,75,191,141,84,193,93,14,21,119,127,44	3,4,0.0705,0,11;3,0,0.8815,0,76;2,5,0.8265,0,60;2,2,0.2135,0,230;4,4,0.5775,2,124;6,2,0.6005,0,57
claim-temporal-development-train-00111	1	2	2	140,77,168,155,101,188,20,93,114,147,159,180,61,133,111,35,209,190,21,141,40,151,70,88,45,32,67,155,117,123,83,185,11,1,53,181	0,1,0.9365,0,17;7,1,0.0415,0,178;4,3,0.6695,1,252;4,1,0.0005,0,30;4,5,0.5555,0,86;2,3,0.8125,0,143
claim-temporal-development-train-00112	5	2	1	199,76,64,132,36,163,140,69,105,159,147,150,19,182,174,117,93,194,112,141,42,23,89,173,87,45,4,63,124,200,57,25,110,193,202,14	3,4,0.6065,2,140;0,2,0.4035,0,9;8,5,0.1015,0,41;3,5,0.2005,0,73;8,4,0.0605,0,140;3,2,0.9435,0,61
claim-temporal-development-train-00113	1	0	2	16,141,209,175,52,64,23,115,69,164,140,87,32,190,151,153,171,117,99,192,123,73,60,204,91,215,145,111,132,4,38,41,184,93,11,45	3,1,0.1115,2,220;7,4,0.3355,0,54;3,2,0.0885,0,22;0,5,0.6075,0,47;2,5,0.7005,0,72;2,2,0.9415,0,38
claim-temporal-development-train-00114	7	0	1	210,108,142,117,65,79,26,124,170,214,4,212,91,135,113,82,164,150,21,191,103,71,145,17,45,14,138,37,55,180,58,93,162,209,42,156	3,4,0.3815,0,153;1,3,0.5615,0,82;6,0,0.2165,2,195;6,0,0.7665,0,21;6,2,0.2155,0,53;3,5,0.4265,1,48
claim-temporal-development-train-00115	5	2	0	100,31,45,85,177,39,122,178,92,147,149,194,209,55,59,182,71,12,141,203,93,117,107,65,79,172,8,21,140,17,169,115,167,205,44,131	7,2,0.3745,0,185;6,5,0.9095,0,38;6,1,0.3735,2,246;6,3,0.9445,0,126;3,1,0.6705,0,102;1,1,0.9045,0,151
claim-temporal-development-train-00116	1	3	0	65,154,99,44,10,23,30,168,110,85,3,16,96,51,46,193,192,149,148,117,130,123,61,143,183,158,207,75,34,179,69,90,212,115,136,195	2,0,0.0635,2,117;5,0,0.9265,1,135;2,3,0.2575,0,21;2,3,0.4395,3,198;2,4,0.7515,0,212;2,0,0.0615,2,88
claim-temporal-development-train-00117	5	2	0	100,42,126,141,139,9,169,160,85,115,160,37,90,117,93,215,111,62,174,130,209,10,21,67,149,53,147,77,20,28,69,152,154,45,213,203	8,0,0.8495,0,37;3,3,0.4415,0,202;4,4,0.6465,0,97;4,3,0.5675,0,42;3,5,0.6385,0,170;5,0,0.7355,0,20
claim-temporal-development-train-00118	1	3	2	117,137,198,23,89,32,158,214,109,141,99,82,42,186,148,162,65,61,38,57,20,135,158,80,8,200,116,45,151,123,156,93,71,11,208,174	7,1,0.8285,2,54;7,4,0.4365,0,0;8,3,0.3655,2,136;7,0,0.3875,0,45;2,3,0.9325,0,36;2,5,0.2585,0,51
claim-temporal-development-train-00119	3	0	0	8,104,149,70,112,117,75,13,215,94,141,171,85,126,28,37,145,44,198,215,136,204,168,135,57,59,109,21,18,187,154,162,195,45,67,89	7,3,0.4085,0,90;3,3,0.8925,0,93;8,1,0.6555,1,186;2,3,0.2895,1,218;7,3,0.1555,0,166;5,5,0.1845,0,150
claim-temporal-development-train-00120	9	0	2	67,141,151,17,177,190,175,42,164,50,158,195,121,4,10,157,80,60,155,69,137,36,116,170,93,89,135,106,145,99,87,117,32,23,45,155	3,0,0.3985,2,182;7,2,0.5325,0,87;1,2,0.6765,0,129;7,5,0.3325,0,46;2,0,0.8775,0,95;0,5,0.3495,0,32
claim-temporal-development-train-00121	1	2	2	66,37,114,47,204,205,12,157,86,19,90,117,211,97,21,93,49,132,186,26,60,155,151,108,160,141,137,3,204,188,213,42,147,71,125,75	2,2,0.7655,0,166;1,3,0.5035,2,7;0,2,0.5575,2,135;2,4,0.4045,0,39;0,2,0.5585,0,25;4,2,0.2775,0,244
claim-temporal-development-train-00122	6	0	1	150,136,45,65,141,182,177,69,145,186,161,15,111,97,171,93,89,8,75,130,177,168,19,181,200,21,29,35,62,128,117,83,54,43,115,194	7,5,0.7875,0,211;4,1,0.6045,0,14;5,4,0.2155,0,34;2,1,0.3655,0,32;0,5,0.7985,0,241;7,0,0.0555,0,30
claim-temporal-development-train-00123	1	3	1	172,211,177,3,110,127,82,148,32,71,39,62,186,104,50,134,214,180,20,21,117,174,175,47,64,138,90,75,43,150,113,187,204,93,15,142	2,5,0.9735,0,78;7,5,0.7965,2,207;1,4,0.1785,2,239;2,0,0.4455,0,188;7,4,0.3665,0,177;6,4,0.5215,1,238
claim-temporal-development-train-00124	6	0	1	178,32,132,48,186,86,141,160,145,156,150,24,19,186,185,117,114,63,91,97,140,93,43,52,13,191,155,124,1,73,34,203,201,71,107,66	0,3,0.6255,3,238;7,0,0.6985,3,97;3,5,0.4195,2,183;0,4,0.6215,0,37;0,1,0.5945,0,42;3,2,0.9945,0,150
claim-temporal-development-train-00125	6	1	0	44,176,158,146,24,4,202,164,15,97,109,69,113,39,124,194,149,25,143,204,91,117,165,93,16,139,157,64,45,131,180,153,50,78,82,59	3,5,0.0505,3,11;0,5,0.9285,0,49;1,1,0.1115,0,150;5,0,0.6275,0,136;0,3,0.3975,0,117;3,1,0.7555,2,15
claim-temporal-development-train-00126	1	2	2	45,176,84,41,57,39,208,78,99,138,130,72,20,174,214,27,180,141,65,21,123,151,166,163,147,156,117,93,153,116,3,92,180,107,13,58	2,3,0.8315,0,1;2,5,0.3215,0,92;8,0,0.3135,3,119;5,2,0.8645,0,7;2,1,0.8565,0,8;2,0,0.4455,0,43
claim-temporal-development-train-00127	0	3	1	178,64,16,143,183,123,4,157,117,148,49,69,13,134,150,164,43,106,74,21,112,159,208,93,38,104,82,200,88,182,62,139,48,190,192,32	3,3,0.1435,0,53;7,4,0.7275,3,10;0,4,0.1575,0,144;1,0,0.1285,0,40;7,0,0.0545,0,242;2,4,0.6675,2,211
claim-temporal-development-train-00128	5	3	2	158,180,38,11,178,122,155,191,27,148,138,143,66,171,96,69,181,89,4,19,159,157,114,131,117,159,61,22,48,55,151,110,42,75,101,84	3,1,0.6005,1,215;2,4,0.5735,3,103;6,3,0.5695,0,215;2,2,0.2975,3,93;4,4,0.4105,0,153;1,1,0.5685,2,46
claim-temporal-development-train-00129	0	3	1	45,124,36,197,6,69,112,85,138,148,65,14,133,141,27,176,99,18,187,92,182,181,21,73,60,117,214,110,198,167,93,43,150,180,184,55	5,4,0.4875,0,206;2,2,0.7725,0,100;6,2,0.2075,0,56;0,3,0.9645,0,122;2,4,0.1265,0,184;3,3,0.5345,0,215
claim-temporal-development-train-00130	1	0	0	16,194,179,153,105,66,123,178,6,69,145,91,75,172,117,43,156,24,202,186,149,130,106,33,144,85,113,61,50,38,11,93,179,45,168,140	5,1,0.0555,3,245;8,4,0.6795,0,163;1,3,0.5225,0,66;2,3,0.7075,0,206;8,0,0.3975,0,104;2,0,0.8725,3,118
claim-temporal-development-train-00131	9	0	1	145,44,150,196,181,13,194,46,140,67,92,97,141,117,191,17,51,62,128,170,179,37,81,163,27,69,21,93,8,107,193,215,134,113,87,180	7,3,0.2195,0,211;2,3,0.9555,1,234;2,4,0.7935,0,8;8,5,0.9665,0,190;0,1,0.2085,0,33;7,4,0.9745,0,195
claim-temporal-development-train-00132	5	3	1	203,87,38,30,131,67,213,191,89,13,97,165,139,150,183,117,148,2,174,42,106,69,46,183,141,192,158,112,93,55,73,208,63,121,17,21	1,3,0.3195,0,6;5,4,0.4535,1,232;6,5,0.7915,0,201;0,5,0.2455,0,215;0,0,0.0395,0,220;0,1,0.6325,0,45
claim-temporal-development-train-00133	6	0	1	137,117,59,189,212,45,145,215,22,19,211,142,93,49,135,11,107,68,199,25,122,172,69,39,82,199,198,188,43,99,77,3,113,89,150,159	2,1,0.6845,1,103;0,5,0.6255,0,201;0,1,0.9425,0,84;4,0,0.2375,0,125;2,1,0.3635,0,184;1,5,0.2015,1,134
claim-temporal-development-train-00134	1	2	2	106,45,59,5,178,182,203,67,154,171,117,85,29,50,141,112,18,192,21,187,93,34,130,91,99,40,214,156,75,198,14,69,147,123,151,137	4,4,0.4355,0,166;4,0,0.0385,0,64;1,1,0.6875,0,176;2,3,0.7375,0,232;2,0,0.0585,0,161;2,0,0.2965,0,117
claim-temporal-development-train-00135	10	2	1	150,161,83,19,45,78,212,26,92,210,69,117,14,112,68,107,41,21,137,124,199,104,9,59,185,147,38,177,141,54,201,207,209,134,166,93	8,4,0.6765,0,69;1,4,0.2835,0,36;5,1,0.9395,0,81;5,1,0.8615,0,75;7,1,0.1625,0,126;3,4,0.2525,0,106
claim-temporal-development-train-00136	5	2	0	39,128,68,59,112,20,27,149,80,135,15,191,90,7,212,194,69,44,202,166,159,45,103,162,106,138,215,52,86,93,141,117,159,21,208,147	6,5,0.8765,0,80;2,5,0.9925,0,38;3,1,0.8935,0,239;7,4,0.5405,0,245;6,0,0.0585,0,247;7,5,0.4475,0,27
claim-temporal-development-train-00137	3	0	0	59,169,188,76,21,117,200,131,34,30,19,191,56,93,181,161,3,67,97,196,149,126,45,85,179,92,140,11,145,212,186,141,40,112,111,69	2,1,0.6565,0,96;5,0,0.1005,0,190;7,1,0.7675,0,82;3,3,0.9205,0,141;0,5,0.1695,0,162;5,1,0.9325,0,225
claim-temporal-development-train-00138	6	2	0	116,154,80,62,143,23,214,117,42,45,72,84,1,129,133,149,93,53,100,25,197,39,207,107,178,206,19,136,186,199,195,13,147,92,64,185	0,3,0.6175,2,83;0,5,0.5905,0,128;4,4,0.1155,3,58;7,2,0.9095,0,229;3,1,0.8695,0,45;8,3,0.0505,2,207
claim-temporal-development-train-00139	5	2	1	59,177,141,53,125,198,89,18,93,83,46,138,40,111,190,21,182,36,80,194,133,186,2,116,190,13,67,147,26,117,185,69,100,197,150,173	1,3,0.4825,0,132;1,2,0.1665,1,172;4,1,0.7395,0,212;7,1,0.2265,0,33;3,5,0.9735,0,251;4,3,0.4005,0,19
claim-temporal-development-train-00140	0	3	2	141,189,21,106,37,94,62,138,81,207,148,28,175,51,69,202,197,15,175,215,122,19,170,65,42,87,113,151,100,132,117,89,45,206,1,194	0,5,0.6585,0,253;3,3,0.4825,0,195;2,4,0.3585,0,121;8,5,0.2265,1,248;3,0,0.3075,0,51;1,2,0.4995,0,244
claim-temporal-development-train-00141	10	2	2	111,172,118,21,188,35,191,103,82,208,91,68,55,124,77,113,133,147,6,177,45,151,141,13,207,59,207,186,20,44,188,93,29,140,161,70	5,3,0.8405,0,30;4,1,0.9515,0,26;6,1,0.8235,1,225;4,0,0.7065,0,121;6,5,0.2795,1,25;3,3,0.9245,0,133
claim-temporal-development-train-00142	8	2	1	9,84,16,177,61,127,101,21,93,108,139,152,196,212,198,12,88,147,45,69,44,175,177,117,37,64,141,112,73,134,182,170,180,30,150,53	8,2,0.0365,0,229;5,3,0.9055,0,31;4,3,0.1855,0,251;0,2,0.1525,0,188;4,2,0.1975,0,61;6,4,0.7215,0,75
claim-temporal-development-train-00143	8	2	2	82,98,76,198,172,147,43,96,11,137,151,88,206,113,133,106,21,34,122,143,67,196,69,156,181,54,197,117,45,158,7,27,181,16,63,192	6,1,0.1175,0,182;2,0,0.7595,0,201;5,5,0.7985,0,252;3,0,0.0115,3,49;1,0,0.3775,0,184;1,3,0.2135,2,24
claim-temporal-development-train-00144	3	0	0	182,116,93,136,189,42,149,162,177,45,214,65,173,141,4,92,132,69,14,162,198,160,38,109,122,120,101,19,59,79,55,184,28,86,21,145	3,4,0.6025,0,155;3,4,0.5465,0,1;6,1,0.2395,0,71;6,4,0.9315,0,110;4,3,0.8605,3,141;1,2,0.1105,0,177
claim-temporal-development-train-00145	10	1	2	196,113,69,213,141,5,192,117,82,108,78,146,187,65,38,54,122,15,175,18,58,130,92,202,151,189,33,175,21,199,43,45,139,180,93,100	4,5,0.4085,0,25;8,4,0.6345,0,249;5,0,0.2235,0,254;5,0,0.8315,0,124;3,2,0.2685,0,159;1,0,0.6545,0,179
claim-temporal-development-train-00146	6	2	2	185,121,69,192,116,92,54,152,80,37,59,117,212,97,10,109,21,141,147,4,64,188,139,87,151,214,17,132,181,93,46,209,31,179,161,40	3,0,0.2835,0,37;6,3,0.1015,1,99;5,1,0.0605,0,73;7,5,0.8015,0,155;0,3,0.9145,0,164;0,2,0.7245,0,215
claim-temporal-development-train-00147	3	0	1	15,150,99,158,110,197,4,69,21,43,112,145,120,209,94,50,78,180,191,197,168,188,45,26,82,34,209,65,136,124,135,141,92,63,18,152	3,5,0.4615,0,136;1,0,0.7105,0,196;1,5,0.2435,0,135;5,0,0.8305,1,222;2,4,0.1955,3,102;3,5,0.1785,0,103
claim-temporal-development-train-00148	1	2	2	41,88,85,151,211,111,103,38,206,130,75,3,180,27,65,70,58,154,167,178,140,15,18,147,117,45,21,164,141,127,166,214,52,93,187,115	2,5,0.5475,0,204;2,4,0.3175,0,230;3,0,0.2975,1,186;2,3,0.1695,0,69;6,5,0.6775,0,111;6,0,0.9115,0,127
claim-temporal-development-train-00149	9	0	0	193,145,123,111,79,45,194,137,117,104,82,41,37,198,3,142,205,69,186,149,13,212,93,175,166,90,114,31,60,130,17,21,64,51,182,173	2,3,0.3855,0,196;6,3,0.3515,0,3;2,2,0.0625,0,9;6,0,0.4875,0,210;7,5,0.4465,0,220;2,0,0.3505,1,57
claim-temporal-development-train-00150	7	3	2	65,21,201,42,78,207,26,193,45,59,160,161,90,141,8,14,113,148,100,108,122,93,206,50,117,151,39,207,17,139,199,86,166,134,179,69	7,4,0.3395,0,233;1,5,0.4935,0,6;1,1,0.3675,0,218;5,4,0.5425,0,242;3,2,0.3105,0,119;1,4,0.6725,0,167
claim-temporal-development-train-00151	6	0	1	117,96,63,39,30,106,115,102,165,145,158,21,174,89,3,150,200,42,133,85,18,204,55,45,121,69,152,67,10,140,141,176,80,161,206,180	2,0,0.4315,0,179;5,5,0.5655,0,209;6,5,0.6965,0,215;7,3,0.3525,3,135;5,0,0.6465,0,93;0,3,0.8905,0,22
claim-temporal-development-train-00152	5	2	2	84,112,105,138,192,45,209,52,69,131,208,191,117,41,141,186,198,27,38,153,111,65,123,182,80,147,14,212,21,93,91,7,62,192,151,19	6,4,0.7175,0,79;2,4,0.2335,0,176;3,4,0.3295,0,125;7,2,0.7235,0,124;8,5,0.0165,0,161;2,1,0.4025,0,0
claim-temporal-development-train-00153	10	1	0	193,38,20,175,21,140,79,112,45,89,10,134,29,117,166,188,183,202,8,107,125,146,66,50,102,152,94,164,149,69,184,141,42,165,82,62	7,0,0.9225,0,184;4,4,0.5665,0,119;1,4,0.5425,0,11;6,0,0.3495,1,25;5,1,0.0855,0,216;4,4,0.9355,0,236
claim-temporal-development-train-00154	1	3	1	10,194,93,80,84,105,184,202,50,209,133,5,148,127,110,71,150,115,68,62,141,117,191,212,21,45,186,39,137,207,92,42,164,27,20,209	4,0,0.9015,0,45;2,5,0.5345,0,114;1,4,0.9975,2,111;7,2,0.9865,0,205;8,4,0.6305,0,212;6,3,0.3895,0,4
claim-temporal-development-train-00155	8	3	1	143,191,196,75,136,173,88,117,93,109,21,210,8,122,148,184,130,150,215,37,113,30,44,103,45,83,72,52,63,19,154,15,65,194,189,183	7,5,0.7165,0,201;5,3,0.8215,0,42;3,5,0.3215,3,222;2,1,0.1625,0,189;6,3,0.2535,0,147;1,0,0.1055,2,137
claim-temporal-development-train-00156	3	0	2	135,35,211,126,151,153,104,15,18,43,173,174,89,58,139,86,171,119,45,197,69,21,145,161,79,110,158,4,93,156,31,187,141,64,112,55	3,5,0.5785,0,61;6,1,0.6405,0,120;6,0,0.0665,0,186;6,4,0.3575,0,71;7,4,0.0925,2,88;5,5,0.6225,0,212
claim-temporal-development-train-00157	10	0	2	99,193,53,188,25,37,83,156,75,133,171,67,193,141,4,151,20,111,117,140,11,181,157,113,189,92,69,61,197,145,96,45,42,23,126,170	3,1,0.9675,2,31;0,3,0.5125,0,243;4,3,0.6165,0,45;2,1,0.9035,3,100;2,5,0.3365,0,247;5,3,0.9815,0,65
claim-temporal-development-train-00158	5	2	1	196,1,136,150,191,178,45,131,121,26,192,16,192,69,115,60,147,141,161,15,79,96,84,109,38,50,169,159,100,41,193,117,64,23,211,88	0,5,0.1635,2,240;1,4,0.3365,0,99;1,2,0.1295,0,152;6,2,0.0165,3,178;3,3,0.6085,0,149;0,1,0.0915,0,185
claim-temporal-development-train-00159	9	1	0	34,161,21,69,117,140,166,141,128,76,110,41,32,83,115,171,165,178,146,63,56,11,199,149,152,103,168,18,135,165,157,93,67,8,91,45	7,1,0.5705,0,101;7,0,0.3715,0,213;7,5,0.6075,0,16;3,1,0.7405,0,167;6,4,0.6835,0,86;7,5,0.9165,0,134
claim-temporal-development-train-00160	2	2	2	113,100,177,59,34,117,139,21,169,151,51,4,64,192,83,107,200,142,132,202,161,27,47,44,12,80,147,16,206,191,194,124,89,69,212,93	3,2,0.0335,0,43;2,0,0.8245,2,72;2,1,0.0975,0,101;7,1,0.2945,0,12;3,1,0.3625,0,169;3,2,0.7015,1,34
claim-temporal-development-train-00161	1	2	2	57,38,45,15,79,182,182,112,139,130,32,93,156,173,69,62,124,3,40,151,103,107,182,147,215,205,21,204,91,18,118,83,184,141,64,215	2,5,0.4915,0,5;7,4,0.0865,0,153;8,4,0.1015,0,88;6,1,0.7785,0,230;6,1,0.0155,1,165;3,0,0.6805,0,88
claim-temporal-development-train-00162	9	2	2	110,151,70,173,54,41,169,142,8,117,45,37,134,139,202,209,187,63,168,95,82,91,157,65,103,77,19,26,116,168,147,21,15,202,124,180	7,5,0.7055,0,180;1,3,0.2825,0,235;5,5,0.3755,1,111;4,0,0.7905,2,182;6,4,0.9565,0,254;3,4,0.7105,1,5
claim-temporal-development-train-00163	10	1	1	209,114,136,15,210,60,194,184,45,210,35,81,42,160,196,146,65,69,54,150,165,163,117,171,21,141,92,101,93,19,110,124,6,25,85,134	5,5,0.6215,0,139;0,1,0.4515,0,102;5,2,0.2405,0,6;8,3,0.9365,0,193;4,4,0.4935,0,94;3,4,0.0025,0,126
claim-temporal-development-train-00164	5	2	2	93,103,191,141,36,61,156,47,165,182,194,64,139,84,90,189,4,10,135,41,162,21,75,125,195,151,147,117,116,32,111,172,54,209,17,69	3,0,0.3795,0,150;7,2,0.2055,2,135;5,3,0.0615,0,44;2,2,0.4375,0,130;6,5,0.9155,0,79;4,5,0.7465,0,143
claim-temporal-development-train-00165	2	0	2	145,108,29,190,11,138,211,40,156,65,193,141,203,69,151,199,89,62,1,76,85,45,97,113,155,56,179,21,180,126,38,117,18,93,131,174	0,1,0.4165,0,158;4,4,0.1415,0,237;7,4,0.3335,0,219;3,3,0.2575,0,216;0,2,0.2165,0,2;5,1,0.5335,0,7
claim-temporal-development-train-00166	1	0	2	164,141,65,69,75,21,196,201,20,173,113,85,35,135,156,117,41,12,108,175,145,60,30,174,166,137,88,45,94,176,151,123,50,99,7,159	6,2,0.9115,0,93;5,1,0.3715,0,142;1,2,0.2535,0,235;2,3,0.1305,1,193;2,2,0.2525,0,245;2,5,0.2905,0,52
claim-temporal-development-train-00167	9	3	1	45,204,91,19,148,93,38,190,135,62,159,191,205,193,86,117,12,198,141,116,164,70,66,21,53,8,128,138,29,100,81,111,175,43,175,150	7,2,0.6825,0,137;4,4,0.6535,0,115;4,4,0.4355,1,103;8,4,0.7705,0,23;3,5,0.8575,0,238;7,5,0.4995,0,178
claim-temporal-development-train-00168	1	2	0	149,42,82,59,96,137,157,115,92,183,45,34,202,3,15,75,117,166,141,17,213,156,98,69,152,180,54,33,201,107,130,127,147,68,21,154	2,5,0.2515,0,26;8,0,0.4065,0,247;5,1,0.8875,0,233;2,0,0.9575,3,70;1,1,0.6025,0,84;6,0,0.3795,0,98
claim-temporal-development-train-00169	4	1	1	4,138,105,159,94,141,201,109,168,155,18,210,124,87,55,48,117,166,146,26,69,67,131,89,115,58,78,44,170,150,10,186,37,21,190,208	3,0,0.4865,0,73;1,3,0.9465,3,93;6,0,0.7335,0,135;5,5,0.3325,1,3;8,3,0.6845,0,143;3,1,0.5745,0,170
claim-temporal-development-train-00170	6	1	0	29,18,202,117,43,39,124,21,65,58,102,11,180,88,1,169,93,149,163,172,52,157,139,188,178,113,45,73,87,200,199,135,69,107,144,146	0,1,0.4065,0,24;4,5,0.7905,0,38;3,0,0.3895,0,151;0,5,0.1445,0,127;5,1,0.3575,0,19;3,5,0.7245,3,20
claim-temporal-development-train-00171	5	0	2	115,53,179,20,162,130,81,11,65,175,93,205,34,45,197,196,25,41,109,141,103,69,205,140,2,124,179,88,151,84,21,145,59,156,117,213	1,1,0.8875,0,193;0,0,0.3275,0,210;4,1,0.2245,0,177;8,2,0.1385,0,61;6,3,0.7915,0,72;3,0,0.9505,0,51
claim-temporal-development-train-00172	2	2	0	147,206,143,117,102,63,40,69,26,149,88,172,21,166,179,114,78,2,45,135,209,124,85,156,37,175,52,20,136,205,93,210,171,65,107,12	1,2,0.8655,0,251;1,3,0.0585,0,178;3,5,0.3665,0,150;5,3,0.1115,0,72;5,1,0.5015,0,193;3,5,0.0175,2,107
claim-temporal-development-train-00173	10	2	2	36,93,214,167,87,193,187,141,9,208,67,45,154,29,193,117,113,18,130,200,125,108,62,42,89,138,21,56,151,102,13,193,75,69,147,176	8,3,0.5985,0,65;4,2,0.5475,0,64;7,4,0.6955,0,157;2,5,0.3235,0,35;5,2,0.2355,0,79;4,0,0.5475,0,151
claim-temporal-development-train-00174	10	0	1	126,23,103,85,168,57,145,109,137,63,41,141,94,74,152,150,196,68,186,32,39,189,178,116,117,13,69,133,5,46,197,170,88,17,166,170	4,3,0.2585,2,4;7,5,0.2465,1,87;8,5,0.9555,0,201;1,3,0.1835,1,84;6,3,0.8205,0,140;5,3,0.2875,0,178
claim-temporal-development-train-00175	3	0	2	28,64,197,202,123,53,69,160,134,141,186,35,151,110,93,61,137,86,41,18,116,47,117,204,79,21,161,208,12,171,202,4,158,90,145,100	3,2,0.5555,0,204;3,1,0.3805,2,17;4,3,0.1525,0,125;6,4,0.4045,0,201;3,4,0.8255,0,106;2,4,0.3855,0,54
claim-temporal-development-train-00176	2	2	0	128,76,12,36,168,21,64,149,17,182,85,113,170,25,99,106,212,63,205,44,90,141,201,130,185,157,117,169,69,147,7,49,45,138,167,93	6,2,0.3295,0,192;0,2,0.9235,0,191;0,5,0.1655,0,205;3,3,0.5205,0,34;2,0,0.3135,0,85;7,0,0.4775,0,150
claim-temporal-development-train-00177	6	2	2	56,158,147,1,94,92,163,21,134,19,115,182,110,44,209,210,163,151,80,124,15,140,143,204,38,45,200,72,29,195,117,166,101,66,85,61	0,5,0.6255,0,4;4,4,0.8925,0,187;7,3,0.5495,3,65;7,3,0.9095,1,128;4,4,0.7805,0,31;3,4,0.8105,2,230
claim-temporal-development-train-00178	1	2	2	130,36,116,203,56,43,3,141,126,88,93,59,182,155,64,200,210,107,151,136,197,206,104,120,199,21,147,84,17,73,161,158,32,12,72,47	2,2,0.2825,0,245;7,2,0.6625,2,233;7,1,0.0895,3,35;0,2,0.0945,0,240;7,1,0.9385,3,137;5,0,0.0165,0,147
claim-temporal-development-train-00179	2	0	1	121,19,202,114,69,211,9,83,68,192,93,175,36,145,143,117,107,161,137,60,209,24,46,89,25,10,57,157,79,170,213,150,44,103,191,130	8,0,0.6425,3,190;0,2,0.8275,1,19;8,2,0.9315,0,191;6,1,0.2395,0,214;6,1,0.5555,0,232;0,0,0.2045,2,195
claim-temporal-development-train-00180	8	0	0	111,91,99,158,183,81,173,145,166,164,18,168,69,118,133,160,63,113,124,159,162,136,142,84,93,52,200,64,45,149,30,11,21,38,6,44	5,1,0.4235,0,163;5,4,0.8785,0,71;3,5,0.0165,0,242;8,2,0.6515,0,161;2,5,0.3305,1,24;3,3,0.1905,1,133
claim-temporal-development-train-00181	1	0	1	83,40,132,45,128,158,145,71,51,39,65,197,73,18,21,117,178,96,150,212,116,204,166,175,89,8,60,99,178,27,14,185,139,142,165,110	7,4,0.4175,0,71;2,5,0.0065,0,129;2,2,0.2075,2,248;0,1,0.3835,3,137;2,4,0.8415,0,205;7,2,0.6945,1,192
claim-temporal-development-train-00182	10	3	2	17,69,151,167,203,38,135,21,120,198,42,64,88,109,174,159,188,105,162,76,85,115,195,60,14,177,29,93,45,2,143,57,179,139,126,148	1,4,0.2055,0,199;4,4,0.4075,0,125;8,2,0.1895,0,208;3,3,0.0895,0,204;8,3,0.6165,3,132;5,5,0.6935,2,222
claim-temporal-development-train-00183	7	0	1	153,69,212,133,186,156,145,62,192,21,160,82,28,4,156,107,115,199,74,48,141,92,41,157,139,68,126,12,93,101,20,150,36,205,50,120	3,2,0.8175,0,56;3,2,0.2025,3,217;1,4,0.8605,0,152;1,0,0.9665,0,229;4,1,0.7665,3,167;5,3,0.7875,0,165
claim-temporal-development-train-00184	2	2	1	32,198,147,155,88,168,208,141,45,35,69,184,100,80,42,196,4,55,200,173,64,82,93,114,132,107,10,21,58,18,150,159,139,213,125,120	3,0,0.5725,0,6;7,1,0.4935,0,95;6,0,0.1505,0,41;7,0,0.0605,0,204;3,1,0.5225,3,231;4,2,0.6985,0,77
claim-temporal-development-train-00185	5	3	0	136,119,23,99,13,18,106,91,59,148,206,209,93,45,188,149,69,162,186,141,67,127,81,84,38,210,55,134,215,31,116,213,152,180,42,4	3,3,0.5735,2,198;6,4,0.5255,0,216;6,1,0.6475,0,150;8,2,0.7285,0,38;2,0,0.8505,2,247;6,4,0.1755,0,17
claim-temporal-development-train-00186	9	0	0	202,106,86,117,141,211,156,152,12,153,145,208,40,59,29,176,64,17,3,69,138,215,203,112,48,80,105,56,23,38,122,149,93,183,135,92	2,2,0.3505,2,128;4,4,0.0255,3,168;7,1,0.1655,0,230;7,4,0.9125,0,161;8,0,0.0475,0,104;1,5,0.4905,0,69
claim-temporal-development-train-00187	0	3	2	173,32,108,45,172,117,62,188,151,141,13,199,132,148,96,36,18,69,67,100,211,183,162,43,182,21,87,139,90,126,184,52,80,195,3,112	2,3,0.5825,0,35;7,2,0.7195,0,63;3,4,0.7185,0,175;7,5,0.4825,3,137;3,2,0.0625,0,104;5,2,0.7805,0,147
claim-temporal-development-train-00188	2	0	1	203,45,136,22,145,115,19,130,12,154,41,164,210,74,86,120,94,160,64,61,212,104,109,164,5,150,71,141,90,122,50,193,213,192,33,34	4,2,0.7475,1,60;8,0,0.2615,0,206;1,3,0.1205,2,159;1,4,0.5545,1,202;7,3,0.7335,3,99;1,0,0.0425,0,233
claim-temporal-development-train-00189	8	0	1	93,86,111,69,21,184,145,45,143,39,90,58,130,100,210,138,10,51,153,16,113,196,206,5,74,175,43,208,67,176,117,30,189,203,150,124	4,0,0.1115,0,149;5,5,0.6405,0,228;2,0,0.6915,0,17;1,4,0.4205,0,245;3,5,0.2405,0,55;3,0,0.5285,2,107
claim-temporal-development-train-00190	5	2	2	23,67,18,159,196,147,14,201,90,117,69,141,55,167,39,162,126,73,115,151,189,6,131,104,83,211,63,137,175,165,162,40,27,93,110,45	5,4,0.5875,2,157;2,5,0.0165,0,220;6,5,0.7075,0,2;0,1,0.4005,0,165;7,4,0.6575,0,252;5,1,0.3325,0,208
claim-temporal-development-train-00191	10	0	0	17,117,190,45,113,108,175,173,164,34,29,193,77,149,132,21,69,187,185,93,104,87,127,153,143,60,139,64,145,206,163,41,52,4,14,92	3,4,0.3525,0,48;4,0,0.2595,0,160;3,2,0.1955,0,185;4,5,0.8375,0,211;7,2,0.3515,0,243;6,2,0.7735,2,234
claim-temporal-development-train-00192	0	3	0	61,67,10,100,28,117,198,39,92,136,159,199,106,165,93,45,185,148,16,83,185,169,69,192,116,215,144,126,191,75,21,5,52,132,43,149	4,0,0.0765,0,145;3,5,0.7315,0,93;3,3,0.6305,0,255;2,1,0.9035,0,156;3,0,0.8925,0,209;5,2,0.1745,3,124
claim-temporal-development-train-00193	5	2	1	137,109,141,203,101,182,171,92,50,183,65,76,60,4,112,13,150,69,19,135,147,117,21,165,85,28,191,187,36,94,199,44,207,121,201,45	3,3,0.6525,0,89;3,2,0.8415,0,51;1,2,0.2185,0,254;3,3,0.9865,1,14;4,3,0.1745,0,135;0,5,0.2715,0,145
claim-temporal-development-train-00194	9	1	2	36,26,79,212,112,161,213,59,194,194,16,64,135,56,177,101,8,69,146,117,21,93,11,139,141,154,174,151,108,85,128,91,45,203,44,171	7,1,0.0715,0,11;1,2,0.9095,0,175;7,1,0.1025,0,199;6,3,0.6775,0,8;4,2,0.1035,0,151;7,5,0.7935,0,209
claim-temporal-development-train-00195	7	0	0	173,134,51,106,170,145,190,155,112,92,126,175,65,93,117,182,26,60,141,154,149,36,136,172,103,69,83,44,74,3,10,194,19,24,45,167	2,0,0.6225,3,29;1,2,0.9035,0,242;2,2,0.3815,0,50;1,1,0.9525,0,182;6,0,0.1275,0,21;5,4,0.0595,0,147
claim-temporal-development-train-00196	5	2	0	117,12,178,91,57,147,184,42,138,124,76,135,211,48,99,63,149,21,185,17,114,188,196,141,65,109,93,162,69,85,207,6,176,185,28,38	5,2,0.2405,0,180;3,4,0.4635,3,21;8,5,0.2725,0,141;3,3,0.6365,0,200;2,3,0.4675,0,172;3,5,0.4395,0,76
claim-temporal-development-train-00197	3	0	1	185,194,150,138,36,66,86,99,112,93,26,107,40,194,89,21,141,13,49,205,126,214,19,170,193,62,169,178,45,117,191,4,76,72,132,145	3,3,0.6465,0,143;1,2,0.1615,0,74;0,4,0.4275,3,12;3,4,0.2885,0,86;2,1,0.0455,0,172;5,2,0.5845,0,146
claim-temporal-development-train-00198	3	0	2	52,108,185,38,170,140,13,27,135,171,67,212,145,93,124,20,174,158,141,200,166,61,151,115,73,86,21,120,176,6,43,103,69,90,212,45	5,3,0.8645,0,254;2,4,0.6605,0,225;3,3,0.7275,0,76;0,4,0.4245,0,71;6,2,0.6085,3,124;3,5,0.8065,0,173
claim-temporal-development-train-00199	8	2	1	191,177,106,64,215,104,155,116,35,14,131,77,124,91,6,173,51,21,150,45,117,171,192,96,197,42,147,20,85,28,72,159,60,136,166,141	5,4,0.9745,0,100;3,1,0.5845,0,142;2,2,0.0325,3,83;4,3,0.7235,3,62;7,0,0.9475,0,10;3,1,0.0945,0,187
claim-temporal-development-train-00200	1	3	1	39,69,191,7,133,166,15,84,99,141,157,76,180,203,41,19,46,25,109,159,150,127,21,157,194,52,148,66,92,116,173,93,117,139,58,197	6,5,0.6565,0,26;0,5,0.2405,1,250;3,0,0.5675,0,111;3,2,0.9415,0,248;2,3,0.9645,0,128;6,3,0.7925,0,114
claim-temporal-development-train-00201	6	2	1	63,121,15,84,70,194,136,181,53,147,30,107,215,80,35,91,204,93,43,162,21,132,152,150,20,65,120,205,45,204,141,1,167,113,175,99	0,5,0.8405,0,199;5,1,0.6695,0,239;4,5,0.2765,1,68;7,2,0.7235,0,53;2,1,0.3605,3,194;0,2,0.1705,0,205
claim-temporal-development-train-00202	3	0	2	93,186,45,6,145,138,21,18,14,202,155,153,206,117,68,85,60,72,210,74,31,194,124,42,141,135,192,201,54,110,105,112,88,162,151,36	5,4,0.4035,0,94;6,2,0.4435,0,156;5,2,0.9875,3,129;1,3,0.0525,0,96;8,4,0.0295,0,139;3,5,0.4115,0,141
claim-temporal-development-train-00203	5	2	1	75,98,52,136,62,115,72,175,119,175,153,150,110,164,30,147,38,132,168,93,45,196,88,4,210,15,142,215,64,21,82,124,173,18,186,44	3,5,0.4145,0,46;5,4,0.8725,0,183;3,4,0.0945,3,8;2,0,0.1645,0,199;1,4,0.6115,2,11;3,2,0.1055,1,37
claim-temporal-development-train-00204	0	3	0	175,82,20,176,74,215,88,103,187,57,135,65,214,93,28,190,44,171,124,139,162,117,161,21,148,48,69,7,174,12,141,36,111,149,113,61	6,2,0.9635,0,128;3,2,0.8335,3,158;8,3,0.2515,0,219;1,0,0.0935,0,35;6,5,0.2455,0,15;3,5,0.7395,0,77
claim-temporal-development-train-00205	1	0	0	118,123,66,93,149,46,209,179,145,3,28,181,204,40,141,111,136,82,69,21,114,161,131,201,167,88,62,56,184,194,100,36,19,75,15,208	2,5,0.7835,0,223;3,2,0.0655,1,128;7,4,0.5555,0,149;2,0,0.0855,0,171;3,5,0.5285,1,216;2,1,0.0185,0,159
claim-temporal-development-train-00206	7	2	2	93,92,103,63,177,50,191,141,5,78,140,84,36,192,156,67,162,120,116,15,17,151,195,147,134,167,107,69,21,124,209,207,42,46,155,28	4,5,0.2545,0,224;3,2,0.4855,1,111;1,5,0.7705,0,158;5,2,0.8245,0,6;6,1,0.9435,3,75;3,4,0.8345,0,27
claim-temporal-development-train-00207	4	1	2	204,93,105,197,19,151,142,186,189,117,56,130,182,31,166,126,22,201,69,14,76,140,112,40,215,91,65,155,48,192,62,36,106,7,146,84	6,4,0.6915,1,16;6,2,0.0025,3,107;7,4,0.2595,0,158;3,2,0.7055,0,255;8,0,0.1715,0,203;5,0,0.8805,1,183
claim-temporal-development-train-00208	2	3	0	101,45,170,159,57,34,137,64,74,69,131,149,20,93,4,141,184,172,86,188,128,107,91,208,190,63,29,42,21,148,167,196,117,11,168,114	3,1,0.8555,0,188;4,0,0.4355,0,104;8,5,0.1905,0,190;1,4,0.7255,0,28;4,1,0.4235,0,130;7,1,0.2365,0,99
claim-temporal-development-train-00209	9	2	1	91,210,15,123,188,69,188,138,32,214,68,107,150,162,3,117,42,102,113,160,21,60,16,80,175,45,38,165,93,85,178,187,147,54,141,134	2,5,0.0565,0,119;7,4,0.5125,0,138;5,2,0.8345,0,102;7,3,0.7735,0,132;5,1,0.2715,0,189;2,4,0.5245,0,7
claim-temporal-development-train-00210	9	3	1	45,78,163,93,111,206,144,43,88,117,148,175,11,82,101,64,202,135,8,187,18,21,128,50,63,178,175,179,138,150,165,27,153,113,34,69	7,1,0.4305,0,60;2,0,0.6735,0,188;1,5,0.0865,0,217;5,0,0.0975,0,130;4,5,0.2885,0,152;7,5,0.5185,3,42
claim-temporal-development-train-00211	10	0	1	107,88,93,141,98,173,180,62,163,64,198,138,167,76,9,30,131,150,112,200,208,206,56,159,117,20,208,69,14,43,145,21,39,45,84,124	8,4,0.9085,0,108;5,5,0.6825,0,111;7,4,0.0365,0,38;3,2,0.0595,0,138;1,1,0.1715,0,147;3,1,0.5045,0,15
claim-temporal-development-train-00212	9	0	0	191,108,21,152,149,119,98,145,96,182,124,195,48,157,69,203,175,76,84,16,13,206,5,89,59,44,180,34,28,132,136,67,56,116,191,141	4,3,0.0255,0,32;3,0,0.8825,3,178;7,1,0.7385,0,130;3,2,0.3325,3,38;1,2,0.9785,2,138;3,2,0.1665,0,3
claim-temporal-development-train-00213	10	2	0	165,117,62,54,69,45,27,8,173,135,174,141,211,115,166,107,153,18,11,34,94,42,147,85,125,161,149,21,197,75,168,98,65,164,91,140	7,1,0.4505,0,43;2,0,0.4435,0,133;5,4,0.3995,0,163;2,3,0.7485,1,253;1,1,0.7255,0,148;4,5,0.9505,0,251
claim-temporal-development-train-00214	2	2	0	57,160,72,17,98,206,106,166,44,93,138,68,147,21,76,116,132,198,196,161,45,170,86,153,122,117,143,91,172,149,36,60,4,199,14,33	3,4,0.2625,0,0;8,2,0.8795,0,253;8,2,0.9385,3,45;3,4,0.6525,0,69;1,0,0.8765,0,63;1,2,0.4955,2,62
claim-temporal-development-train-00215	6	0	0	24,172,200,45,73,16,209,97,127,49,149,93,41,153,62,203,69,193,31,136,202,131,145,162,141,90,86,10,37,117,5,115,183,68,161,108	4,0,0.1055,3,141;6,3,0.2035,0,126;0,4,0.8595,0,73;0,4,0.5315,0,99;0,2,0.6135,0,88;6,1,0.0765,0,12
claim-temporal-development-train-00216	10	3	1	150,21,210,189,113,85,189,89,93,206,27,106,59,193,52,77,140,103,18,207,162,135,126,164,69,148,35,67,45,179,13,44,152,141,5,117	4,3,0.4455,0,45;2,1,0.8355,0,206;3,1,0.7335,0,33;4,3,0.3035,0,67;6,0,0.2245,0,127;5,5,0.8135,0,241
claim-temporal-development-train-00217	8	2	2	32,214,15,141,104,172,46,22,113,91,86,133,80,140,7,67,95,40,154,172,205,61,152,147,34,167,69,51,198,119,151,163,107,19,179,126	6,5,0.6845,1,126;7,0,0.0105,1,163;2,3,0.7915,0,136;7,4,0.7265,2,242;7,1,0.2475,2,49;5,3,0.9495,0,233
claim-temporal-development-train-00218	1	0	2	187,177,23,213,151,188,145,173,16,93,51,45,61,190,68,30,174,124,4,77,136,178,142,69,109,92,117,154,156,98,44,13,114,83,132,38	3,3,0.0385,2,208;5,4,0.9255,0,11;2,3,0.8615,0,160;4,1,0.8785,0,19;1,3,0.4565,0,206;3,2,0.1145,1,57
claim-temporal-development-train-00219	4	1	0	119,138,156,141,197,21,180,4,74,19,166,93,153,91,61,101,35,55,149,154,215,15,207,45,40,146,33,133,200,69,66,111,179,124,85,116	3,5,0.7065,0,254;8,1,0.1595,0,52;6,3,0.4705,0,170;1,3,0.7945,0,56;4,5,0.8505,2,85;3,3,0.5165,0,232
claim-temporal-development-train-00220	4	1	2	66,57,134,168,207,181,141,116,185,78,62,93,195,4,146,151,45,21,28,42,180,91,179,119,140,106,102,20,190,190,85,127,69,13,174,34	3,3,0.9995,0,239;3,0,0.4035,0,157;8,4,0.4625,0,117;5,3,0.7515,0,250;5,0,0.8845,2,227;6,4,0.8905,0,214
claim-temporal-development-train-00221	3	0	0	42,9,172,117,141,104,176,139,34,76,149,110,129,178,115,87,20,62,165,145,28,22,152,56,172,69,90,157,134,64,211,45,180,93,169,10	8,0,0.8965,1,205;3,0,0.5605,0,164;7,4,0.0815,0,121;3,5,0.4425,0,87;7,4,0.7405,0,199;8,4,0.6175,0,183
claim-temporal-development-train-00222	1	2	2	111,165,17,23,139,97,141,85,153,51,45,121,80,69,94,161,151,10,37,209,204,7,160,119,113,170,189,43,166,134,61,165,30,68,147,91	6,0,0.2475,2,39;5,3,0.6925,0,199;2,3,0.9745,0,236;7,3,0.6955,1,177;0,5,0.3205,2,79;0,4,0.6165,0,13
claim-temporal-development-train-00223	7	3	1	18,31,136,89,86,117,158,143,168,129,40,114,45,190,50,64,21,39,175,108,160,156,93,10,59,193,6,148,130,160,69,75,150,172,174,98	5,0,0.5015,0,116;6,5,0.1345,0,250;1,1,0.1475,0,161;2,4,0.3655,0,216;1,2,0.4925,0,5;8,0,0.1175,2,207
claim-temporal-development-train-00224	8	3	2	44,93,62,140,174,111,65,21,8,200,87,161,26,208,181,126,181,117,133,114,214,45,75,72,17,203,100,173,141,88,34,160,15,148,53,151	7,5,0.3535,0,191;1,0,0.9305,0,41;4,4,0.2975,3,78;2,5,0.0585,0,72;3,5,0.5545,0,44;5,3,0.9115,0,105
claim-temporal-development-train-00225	10	2	1	56,23,46,147,65,44,106,160,195,11,88,141,134,157,60,39,150,138,117,169,83,176,171,75,115,1,129,104,16,211,203,204,93,29,168,69	0,1,0.1995,2,83;4,5,0.9055,1,76;7,2,0.3175,0,103;2,1,0.0015,0,21;7,0,0.6845,0,249;8,4,0.4435,0,244
claim-temporal-development-train-00226	7	2	1	90,143,161,137,113,93,13,41,131,82,2,213,214,34,208,172,77,178,147,68,99,126,161,32,58,19,69,153,117,57,21,108,45,212,150,176	1,3,0.7715,0,63;7,0,0.2315,0,137;8,0,0.8035,0,19;4,0,0.5945,0,63;2,2,0.2745,0,195;5,1,0.3675,2,242
claim-temporal-development-train-00227	2	3	1	86,158,211,203,71,132,141,12,140,21,150,184,173,112,148,196,105,58,152,171,163,52,89,30,35,95,4,65,128,182,18,79,45,117,111,41	3,2,0.5365,0,114;5,1,0.2105,0,74;3,0,0.2075,2,17;6,4,0.2195,2,83;8,5,0.0215,0,169;7,2,0.8085,0,211
claim-temporal-development-train-00228	1	3	0	89,54,215,86,204,162,69,14,73,149,60,36,104,65,45,3,109,119,200,21,43,95,192,201,196,210,160,112,17,134,194,148,140,125,142,25	2,4,0.3125,0,72;0,2,0.6705,0,153;5,2,0.2505,0,85;0,4,0.2025,2,183;7,3,0.0865,2,84;4,4,0.9015,1,102
claim-temporal-development-train-00229	10	3	2	214,15,109,51,151,21,19,9,184,82,170,137,90,63,64,177,213,44,148,93,186,143,195,35,158,48,124,104,74,117,159,30,69,133,113,186	8,5,0.7795,0,125;5,1,0.9865,3,150;2,5,0.0785,0,75;1,0,0.4665,0,188;7,3,0.2965,0,235;3,3,0.3015,2,34
claim-temporal-development-train-00230	5	2	0	52,205,147,135,143,45,64,34,93,20,69,74,40,204,199,7,211,153,118,124,30,138,194,11,59,202,21,215,107,90,99,82,178,184,149,115	6,1,0.9195,0,74;5,0,0.1635,0,57;3,1,0.0985,0,0;1,0,0.5645,0,164;2,1,0.6245,1,80;3,5,0.5985,2,238
claim-temporal-development-train-00231	9	0	0	93,209,69,141,39,182,198,116,215,145,32,200,86,136,169,185,130,149,206,189,109,13,117,75,90,16,67,124,21,55,101,45,58,7,44,207	6,3,0.0625,0,146;7,5,0.8725,0,67;6,0,0.6425,0,92;2,4,0.5655,0,218;4,3,0.9665,0,162;3,0,0.0455,0,151
claim-temporal-development-train-00232	7	2	2	21,174,147,191,108,154,49,179,32,114,68,171,87,2,10,214,151,209,117,198,73,163,98,20,141,60,134,40,69,93,137,45,201,89,123,34	1,0,0.8495,0,108;7,0,0.0845,0,39;0,2,0.9885,0,193;0,5,0.3175,0,34;1,2,0.5305,0,198;2,4,0.3955,0,97
claim-temporal-development-train-00233	2	2	2	45,152,21,106,136,83,162,75,211,69,214,132,128,112,151,141,192,147,58,181,197,18,105,162,93,66,177,183,117,34,89,52,2,41,30,10	1,0,0.4365,0,196;5,0,0.3875,0,229;3,0,0.5255,0,200;2,1,0.3305,0,239;8,0,0.0185,0,15;7,2,0.1535,0,186
claim-temporal-development-train-00234	3	0	0	149,93,165,189,21,14,123,43,2,45,109,115,16,117,141,202,135,145,33,84,91,208,176,52,76,162,176,172,194,136,69,36,68,162,59,99	1,4,0.1445,0,152;8,2,0.7315,0,175;3,1,0.9665,0,194;3,2,0.6655,0,0;2,3,0.6795,0,224;2,5,0.1295,0,87
claim-temporal-development-train-00235	2	1	0	36,66,32,52,42,45,93,174,102,191,58,140,21,78,149,92,19,185,116,8,159,131,11,108,83,166,160,69,141,184,117,201,212,146,126,164	7,1,0.7545,0,8;7,2,0.4025,0,187;3,0,0.5275,0,126;5,1,0.8955,0,149;5,2,0.9785,0,78;5,1,0.8465,0,16
claim-temporal-development-train-00236	9	2	0	117,113,152,64,121,201,42,80,46,210,144,25,170,20,138,87,147,39,100,92,173,23,183,12,149,191,192,8,130,107,57,62,93,194,69,209	7,2,0.9195,2,248;0,5,0.5265,1,15;8,4,0.0725,0,49;7,5,0.8615,0,132;3,1,0.3335,0,164;0,0,0.4115,3,76
claim-temporal-development-train-00237	1	0	0	115,68,38,22,51,168,15,45,207,83,43,192,96,123,117,209,177,81,99,149,173,20,91,202,167,145,3,209,69,108,140,169,61,135,141,28	2,5,0.8485,1,102;3,4,0.6095,0,128;2,3,0.8345,0,137;8,1,0.7445,3,58;2,2,0.6465,0,117;2,5,0.8935,0,146
claim-temporal-development-train-00238	2	2	0	130,81,45,189,163,161,93,71,90,56,33,5,10,59,107,136,189,192,21,64,147,84,205,202,149,113,40,98,189,117,165,201,18,127,39,141	4,0,0.4345,0,121;8,5,0.0055,0,104;7,1,0.0605,2,230;8,2,0.5475,0,115;1,1,0.3435,0,24;6,0,0.0495,0,114
claim-temporal-development-train-00239	0	3	2	113,176,16,21,148,93,108,178,103,123,61,53,38,65,151,1,80,134,90,175,69,190,138,194,117,164,178,141,45,28,44,184,87,11,161,164	0,1,0.0035,0,123;3,4,0.9125,0,201;4,3,0.2575,0,61;7,5,0.4385,0,44;6,2,0.3755,0,197;2,4,0.5295,0,144
claim-temporal-development-train-00240	1	2	0	93,69,208,199,115,79,201,142,147,67,138,20,60,84,185,201,89,202,97,152,13,149,110,54,21,157,34,45,40,172,3,130,33,117,123,205	2,3,0.9005,0,2;8,0,0.1065,0,105;5,2,0.6005,0,128;6,2,0.2355,0,77;0,4,0.6115,0,23;2,0,0.5475,1,99
claim-temporal-development-train-00241	1	0	0	1,38,167,104,208,29,46,107,128,63,157,78,91,86,51,180,162,154,181,93,69,178,162,140,132,145,21,187,118,149,14,19,40,116,65,142	0,4,0.7205,0,31;4,4,0.0235,1,156;2,5,0.2275,0,243;5,4,0.7045,0,208;7,1,0.9565,1,43;7,2,0.9905,1,188
claim-temporal-development-train-00242	4	1	2	204,209,93,15,119,187,40,24,65,45,173,49,132,138,176,69,151,7,211,34,26,164,170,76,106,17,146,124,175,91,114,86,103,141,179,59	6,5,0.3365,3,29;1,0,0.1745,0,71;0,1,0.2625,0,245;3,4,0.6105,0,159;6,0,0.5015,2,185;3,2,0.4755,0,212
claim-temporal-development-train-00243	1	0	0	206,75,88,53,45,69,107,116,212,93,187,27,18,210,163,141,163,86,123,99,183,42,149,130,172,167,140,38,61,14,117,145,21,183,64,4	3,4,0.4335,0,55;2,4,0.5655,0,250;4,3,0.1645,0,46;2,4,0.0935,0,4;2,1,0.8915,0,205;2,0,0.8595,0,248
claim-temporal-development-train-00244	1	0	1	45,181,171,152,141,25,39,103,207,150,214,107,136,128,90,11,212,208,69,145,5,40,114,87,67,22,205,204,130,51,117,93,16,63,211,81	4,1,0.0845,1,166;0,5,0.0895,0,156;2,5,0.7755,0,212;8,5,0.5265,0,93;6,1,0.5695,0,244;7,0,0.1415,0,217
claim-temporal-development-train-00245	2	0	2	124,33,211,140,173,107,180,145,141,16,176,40,9,92,39,214,151,215,196,203,75,51,82,208,112,45,69,13,130,117,66,97,21,58,207,93	8,3,0.1275,0,248;8,5,0.1735,0,81;2,0,0.5035,0,110;2,0,0.8945,0,59;0,1,0.1055,0,188;3,0,0.9595,0,29
claim-temporal-development-train-00246	10	2	1	150,41,140,174,132,116,147,189,88,73,174,180,13,69,28,3,93,210,174,67,52,162,124,86,195,173,205,22,58,20,34,141,111,117,45,101	2,3,0.8705,1,201;3,0,0.2435,0,62;3,0,0.7335,0,251;0,4,0.0925,0,152;4,5,0.8065,0,241;3,2,0.8455,0,179
claim-temporal-development-train-00247	1	2	2	69,190,201,109,64,53,13,93,21,160,91,162,192,147,141,25,40,46,75,99,84,151,5,211,63,113,153,123,35,117,178,200,169,135,20,138	4,3,0.9395,0,101;0,1,0.0675,1,151;4,5,0.0215,0,201;2,2,0.6285,0,200;2,3,0.3065,0,175;2,5,0.5345,0,210
claim-temporal-development-train-00248	0	3	2	104,45,196,44,148,69,112,62,151,211,76,83,140,154,94,153,157,196,4,123,49,64,19,175,134,109,141,21,12,204,91,117,36,195,213,30	3,2,0.7915,0,31;5,2,0.9475,0,146;0,4,0.1005,0,95;3,1,0.6435,1,190;7,3,0.1065,0,224;2,4,0.8025,0,229
claim-temporal-development-train-00249	3	0	1	45,182,4,57,65,209,15,25,184,88,20,126,93,141,72,58,130,198,86,106,21,160,138,199,191,192,117,116,150,174,145,158,35,80,102,44	3,5,0.9705,0,175;0,1,0.9935,0,234;8,0,0.3505,3,115;7,4,0.0235,0,202;5,0,0.8815,0,235;5,0,0.4205,0,136
claim-temporal-development-train-00250	8	3	0	172,96,102,30,132,162,22,192,186,114,141,82,139,148,13,215,126,173,149,55,34,59,69,92,76,64,161,210,108,7,161,118,41,20,153,45	6,3,0.8895,1,130;5,0,0.3225,0,233;6,1,0.0065,0,236;3,0,0.9655,3,221;5,2,0.4165,1,117;5,2,0.6895,0,228
claim-temporal-development-train-00251	2	0	0	159,175,8,123,16,40,97,71,116,45,108,160,196,39,52,68,10,145,141,117,149,77,62,21,132,175,92,209,84,159,196,194,177,138,93,29	7,0,0.0295,0,146;4,5,0.1265,0,196;3,4,0.9645,2,76;4,2,0.9595,0,231;0,2,0.8295,0,2;2,2,0.4165,0,215
claim-temporal-development-train-00252	1	2	1	173,21,74,156,86,196,147,68,193,99,110,17,186,27,123,158,133,115,173,54,38,140,168,42,170,45,150,117,71,62,93,160,7,141,13,92	6,3,0.3475,0,42;2,4,0.5215,0,255;5,4,0.8825,2,184;1,4,0.8385,0,75;2,4,0.7335,0,224;2,3,0.9255,0,162
claim-temporal-development-train-00253	5	2	2	58,152,164,17,112,211,4,70,10,141,79,44,198,172,38,117,93,138,31,107,151,188,52,147,45,192,181,99,129,84,194,64,21,88,154,130	3,0,0.2795,0,32;6,4,0.9325,0,244;3,0,0.0335,1,219;6,2,0.1675,0,1;2,1,0.0885,0,214;8,0,0.4065,0,91
claim-temporal-development-train-00254	6	0	1	165,108,75,19,145,9,126,39,21,93,171,175,58,56,41,141,170,210,215,45,158,116,25,170,133,184,82,117,137,150,65,90,12,69,168,97	8,2,0.7195,0,108;0,5,0.2485,0,195;7,0,0.2515,0,203;2,0,0.4745,0,144;0,2,0.9525,0,159;5,3,0.2115,0,143
claim-temporal-development-train-00255	4	1	1	159,69,140,150,146,125,45,213,78,144,6,93,39,85,201,208,160,174,117,61,11,172,103,88,159,115,44,65,131,52,19,28,109,180,179,21	5,1,0.6465,0,241;3,5,0.9245,0,49;3,3,0.2655,0,200;5,3,0.1445,0,49;6,3,0.6545,0,174;4,1,0.9705,3,106
claim-temporal-development-train-00256	9	3	1	117,98,138,135,109,30,73,69,182,61,21,206,41,191,150,34,213,88,116,143,14,56,148,165,123,180,167,85,68,198,16,45,161,95,9,163	8,4,0.1385,0,158;5,0,0.3795,0,154;7,3,0.9795,0,96;0,3,0.1285,2,227;1,3,0.9095,0,228;2,5,0.4115,2,246
claim-temporal-development-train-00257	1	2	1	93,150,117,152,164,136,16,208,7,190,69,65,195,51,130,204,141,147,61,92,99,48,124,31,107,41,172,85,34,75,176,154,21,204,10,116	6,0,0.0085,0,241;6,0,0.3315,3,20;2,3,0.2335,0,41;2,3,0.9815,0,56;2,1,0.8875,0,15;3,0,0.0335,0,137
claim-temporal-development-train-00258	2	3	2	159,37,116,148,45,42,195,122,18,11,69,52,168,151,108,138,201,93,192,176,135,6,91,194,204,117,141,21,189,75,97,33,68,84,182,60	5,1,0.5985,0,195;8,3,0.4375,0,107;3,2,0.9945,0,153;2,2,0.6555,0,223;0,2,0.8225,0,17;1,5,0.4195,0,232
claim-temporal-development-train-00259	3	0	0	141,21,76,124,27,100,149,134,96,165,51,139,66,45,4,145,109,58,72,165,12,40,114,17,213,89,87,194,184,163,158,117,162,182,164,38	3,2,0.3015,0,219;2,4,0.1605,0,213;2,0,0.4695,3,34;3,5,0.2045,3,128;3,3,0.5025,0,110;3,4,0.7045,0,183
claim-temporal-development-train-00260	3	0	0	141,33,69,7,109,24,67,149,78,176,206,186,97,145,189,135,45,57,40,163,139,193,112,36,86,203,88,117,199,93,124,15,16,191,61,186	6,5,0.0705,3,136;8,2,0.0935,0,209;8,3,0.7675,0,40;5,4,0.0575,0,25;0,3,0.0945,0,160;3,5,0.7345,0,0
claim-temporal-development-train-00261	1	0	0	149,190,201,60,141,90,51,75,189,36,164,64,21,134,103,167,17,194,158,27,117,3,69,115,93,182,152,127,156,45,84,136,42,145,12,111	2,2,0.3625,0,67;2,2,0.4995,0,192;2,2,0.0445,0,39;2,2,0.5475,0,231;6,5,0.7985,0,140;6,4,0.1865,0,201
claim-temporal-development-train-00262	10	0	1	82,153,92,10,188,117,150,141,74,93,64,1,198,180,56,19,207,21,161,206,195,134,112,170,138,62,101,111,38,45,72,199,33,129,145,43	0,0,0.6225,0,219;8,4,0.7135,0,175;7,4,0.0155,3,7;1,0,0.8605,0,85;4,5,0.1935,0,147;8,4,0.5795,0,247
claim-temporal-development-train-00263	6	3	0	69,61,90,45,141,37,148,162,121,10,149,31,84,205,17,153,44,135,171,116,140,178,163,109,56,154,24,120,190,98,93,168,75,195,65,1	0,0,0.2105,3,132;6,3,0.8395,0,231;7,3,0.2245,0,218;2,2,0.4895,0,186;1,3,0.9085,3,226;0,5,0.9365,0,158
claim-temporal-development-train-00264	9	2	0	160,8,97,117,213,13,197,108,147,135,21,19,182,58,192,141,69,191,96,68,78,40,136,149,115,210,181,89,124,29,173,84,201,45,52,36	7,3,0.6095,0,184;4,2,0.0105,0,166;3,0,0.8015,0,82;5,2,0.2025,3,75;0,2,0.6605,0,185;3,5,0.1255,0,76
claim-temporal-development-train-00265	5	2	1	165,150,165,74,9,117,87,187,134,94,141,187,15,115,16,41,21,168,164,45,188,38,176,166,49,170,69,123,100,147,27,88,106,63,64,136	8,5,0.0685,0,178;2,4,0.3405,0,0;0,5,0.0335,0,251;1,5,0.1705,1,144;3,0,0.7615,0,185;2,4,0.0815,0,18
claim-temporal-development-train-00266	8	2	2	209,60,138,128,18,213,151,15,38,30,74,109,160,141,116,6,135,171,178,189,91,21,188,99,155,171,147,182,44,93,82,55,70,117,67,45	5,5,0.5835,0,174;5,4,0.9285,0,202;6,2,0.6245,1,33;1,0,0.6725,0,32;2,3,0.9085,0,229;7,5,0.4345,0,67
claim-temporal-development-train-00267	5	1	2	134,173,173,195,2,151,32,190,88,214,67,159,93,155,43,210,146,175,21,13,45,100,59,117,84,111,73,172,16,138,141,55,127,115,69,38	1,3,0.0405,0,121;7,4,0.7865,0,24;6,1,0.6435,0,243;0,2,0.0525,0,169;3,5,0.7235,0,170;6,4,0.5905,0,108
claim-temporal-development-train-00268	9	2	1	115,83,2,211,141,93,156,182,174,109,140,104,50,117,150,17,89,37,80,62,187,178,21,180,43,68,45,133,30,69,123,175,13,147,169,186	1,3,0.2615,0,106;5,3,0.7825,0,238;1,4,0.8085,0,217;7,1,0.3835,0,187;7,3,0.6245,0,16;2,3,0.8555,0,72
claim-temporal-development-train-00269	9	3	0	141,114,57,17,107,136,152,44,58,5,30,215,69,38,10,149,97,210,165,153,186,91,212,148,87,93,117,126,174,157,80,67,172,45,133,23	4,0,0.2575,2,85;5,4,0.8975,0,171;8,0,0.6065,0,67;7,5,0.6495,0,230;0,1,0.4215,0,211;5,3,0.1825,0,208
claim-temporal-development-train-00270	6	0	1	68,50,184,138,178,150,14,186,97,31,179,9,21,194,121,39,209,45,159,93,73,117,58,153,40,109,135,72,89,115,169,19,153,141,85,145	8,4,0.6695,0,47;6,5,0.0245,0,57;1,0,0.8795,3,193;0,3,0.3205,0,58;0,3,0.7505,0,212;0,5,0.5885,0,59
claim-temporal-development-train-00271	3	0	2	119,18,159,62,24,4,46,191,108,93,99,86,178,113,67,123,153,161,169,140,42,141,52,203,69,15,38,131,176,151,215,90,185,145,75,32	3,5,0.5925,3,89;7,4,0.4565,1,157;3,4,0.6725,0,105;2,4,0.5315,0,244;2,2,0.2515,2,206;2,1,0.8765,0,79
claim-temporal-development-train-00272	2	3	1	132,93,21,56,106,117,113,141,18,5,138,153,128,200,30,150,164,191,164,76,61,99,45,187,11,168,85,89,40,157,148,34,67,72,187,156	4,1,0.4605,0,21;5,0,0.1105,0,87;7,3,0.7965,3,96;3,3,0.3095,0,31;2,0,0.2255,0,83;7,2,0.5685,0,109
claim-temporal-development-train-00273	7	0	2	8,208,38,69,24,83,162,162,107,204,89,166,205,44,184,65,93,215,137,145,130,124,193,13,141,53,74,212,97,151,19,26,45,58,117,112	7,3,0.7775,3,92;1,4,0.8305,0,180;4,0,0.3725,0,75;1,1,0.2205,0,158;0,1,0.0315,0,73;3,0,0.3925,0,79
claim-temporal-development-train-00274	6	3	0	211,143,59,186,94,117,25,180,130,101,110,189,195,213,17,89,38,45,149,11,193,75,51,116,125,189,24,86,148,67,155,9,160,69,136,44	8,1,0.2465,3,55;0,4,0.8585,0,82;2,1,0.7245,0,63;2,4,0.2895,1,112;4,4,0.8055,0,20;4,0,0.1355,2,171
claim-temporal-development-train-00275	1	2	2	64,174,151,115,107,93,117,99,84,209,12,212,57,141,71,131,3,24,158,157,200,121,73,171,27,38,136,211,45,41,20,173,92,156,62,147	2,2,0.9675,3,162;2,4,0.2935,0,28;8,4,0.0055,2,11;0,2,0.9205,0,184;2,1,0.6745,0,197;0,1,0.0545,0,207
claim-temporal-development-train-00276	5	2	2	20,93,69,175,78,110,13,215,89,117,101,207,36,33,21,125,151,147,113,62,206,170,52,68,41,212,45,134,142,85,140,193,3,197,197,179	2,3,0.9705,0,116;8,2,0.3035,0,148;3,4,0.8085,0,89;5,3,0.3975,0,30;4,4,0.3245,0,86;4,4,0.8115,1,144
claim-temporal-development-train-00277	5	2	2	11,115,139,21,31,208,89,36,194,4,67,122,208,55,69,100,203,45,203,117,159,181,40,151,147,110,130,60,86,177,141,183,93,19,182,76	3,1,0.6725,0,120;6,2,0.1045,0,15;6,2,0.7855,0,69;3,4,0.3265,0,47;3,4,0.6535,0,167;1,0,0.7385,0,218
claim-temporal-development-train-00278	10	0	2	116,188,145,151,130,1,30,21,201,207,19,93,68,104,157,129,69,36,57,184,138,85,143,89,197,62,194,198,193,117,207,40,10,106,45,77	0,0,0.6965,0,59;5,2,0.0635,0,156;8,4,0.8265,0,66;4,3,0.2875,0,0;7,0,0.8015,0,160;8,0,0.5355,2,100
claim-temporal-development-train-00279	7	0	1	62,140,211,116,86,150,166,189,117,188,56,123,190,206,65,2,41,98,69,17,78,21,130,95,48,215,196,12,111,145,210,39,33,196,141,91	1,2,0.2165,0,33;8,5,0.2255,3,75;7,4,0.3285,0,190;5,4,0.7655,2,35;1,5,0.8675,0,243;2,0,0.9975,0,232
claim-temporal-development-train-00280	2	1	2	57,187,124,82,141,43,156,163,118,34,113,177,100,151,17,214,138,24,146,45,76,12,107,5,32,64,132,92,186,63,69,210,205,180,93,155	4,2,0.2815,3,76;7,0,0.7545,0,141;8,5,0.0545,0,181;3,0,0.8725,0,249;3,1,0.3585,1,102;3,2,0.5995,0,97
claim-temporal-development-train-00281	2	0	2	92,167,186,211,12,151,77,131,37,200,118,208,42,173,69,46,99,93,145,55,21,83,181,114,66,163,7,140,31,17,60,178,189,111,124,141	6,2,0.2045,0,202;6,3,0.5215,1,250;6,2,0.4105,0,249;4,1,0.9425,0,18;2,5,0.4865,1,252;3,1,0.9085,0,19
claim-temporal-development-train-00282	9	3	2	135,21,63,166,197,45,67,42,174,106,202,5,103,128,167,55,185,148,191,15,32,117,138,141,93,151,75,182,88,39,113,152,69,20,87,205	4,5,0.8205,0,229;7,5,0.5135,0,219;6,5,0.6925,0,37;2,5,0.1465,0,0;6,0,0.3485,0,216;7,5,0.5045,0,157
claim-temporal-development-train-00283	5	3	1	24,117,155,197,141,106,208,35,79,99,196,148,17,126,167,14,87,90,165,195,150,93,174,171,33,41,62,162,132,4,112,69,68,45,57,138	3,4,0.3635,3,164;8,1,0.2885,0,234;8,4,0.9325,0,13;6,5,0.4495,0,41;2,0,0.1045,0,40;5,2,0.5135,0,126
claim-temporal-development-train-00284	5	2	1	150,9,21,147,114,192,13,64,198,164,99,82,93,29,204,199,53,179,127,43,110,47,91,60,77,69,38,164,18,134,141,140,117,180,213,155	8,3,0.4645,0,133;4,4,0.7595,2,43;4,2,0.1535,0,141;4,0,0.6215,0,141;2,4,0.4055,0,98;6,4,0.8915,0,136
claim-temporal-development-train-00285	1	0	0	61,173,213,161,67,80,116,182,106,117,6,202,141,28,137,37,69,133,189,93,145,16,197,87,149,51,211,11,123,92,193,183,100,21,40,45	5,1,0.1705,0,58;3,3,0.1365,0,60;2,3,0.7725,0,70;7,5,0.8625,0,75;3,0,0.8615,0,105;2,3,0.2885,0,145
claim-temporal-development-train-00286	1	0	1	190,3,141,87,137,214,13,25,52,200,134,41,110,45,145,211,66,93,117,88,122,37,116,194,199,76,70,150,18,195,102,162,61,195,21,184	2,3,0.4875,0,176;0,3,0.2465,0,219;3,3,0.5975,1,105;3,5,0.0285,0,30;5,4,0.9845,0,144;1,4,0.2665,0,11
claim-temporal-development-train-00287	10	2	2	176,181,167,109,115,93,53,91,123,163,151,184,21,105,11,69,157,117,7,64,62,131,172,27,20,139,42,212,141,87,176,147,35,185,45,77	6,1,0.8325,0,221;2,1,0.4965,0,100;4,4,0.0245,0,175;4,5,0.7545,0,199;8,3,0.6925,0,106;2,1,0.7675,0,53
claim-temporal-development-train-00288	9	1	1	101,67,174,1,197,53,80,10,21,191,190,28,204,45,89,210,111,85,63,39,170,115,93,17,40,146,120,132,139,69,128,141,166,150,205,183	0,0,0.3145,0,143;3,5,0.0405,0,206;4,5,0.6805,0,138;7,3,0.3425,0,138;4,5,0.7455,3,10;7,2,0.7415,0,93
claim-temporal-development-train-00289	10	0	1	125,18,160,199,60,141,40,166,111,97,137,184,50,84,185,152,180,15,78,93,39,21,71,27,175,202,176,117,66,150,92,45,135,9,145,112	8,5,0.4795,0,74;2,5,0.0875,0,242;1,2,0.4565,2,53;5,2,0.8475,0,70;0,5,0.1255,0,123;4,5,0.3025,0,140
claim-temporal-development-train-00290	1	0	1	88,145,27,21,190,66,133,117,45,213,11,116,144,1,19,108,99,84,208,44,93,123,184,169,75,63,189,150,138,35,51,186,212,204,72,205	0,1,0.6145,0,240;2,1,0.8685,0,197;2,5,0.5155,3,221;2,2,0.1145,0,13;2,2,0.9565,0,184;2,3,0.4875,3,250
claim-temporal-development-train-00291	9	2	2	58,141,4,193,202,70,83,16,147,153,10,200,117,113,127,151,39,21,157,66,164,32,195,109,104,210,77,57,172,158,133,45,136,92,93,44	3,0,0.0455,0,134;7,5,0.9985,0,148;8,0,0.5495,1,97;4,1,0.9315,0,155;7,3,0.2205,0,109;6,3,0.1015,0,18
claim-temporal-development-train-00292	0	3	0	133,114,88,69,67,148,136,156,175,75,141,160,155,117,214,2,20,110,52,21,37,15,128,45,93,185,99,208,210,61,40,197,149,84,27,179	1,5,0.8985,0,246;2,3,0.1235,0,36;3,3,0.7685,0,68;2,2,0.0795,0,167;2,4,0.4095,0,70;7,3,0.0065,0,5
claim-temporal-development-train-00293	10	3	2	182,184,117,41,114,95,203,45,156,205,21,151,166,65,108,4,62,29,19,140,70,53,39,167,133,148,78,141,183,156,97,178,88,129,10,87	3,0,0.7155,0,244;4,5,0.3915,0,5;4,4,0.3015,1,6;5,5,0.0815,2,209;0,2,0.5685,0,76;8,3,0.8175,0,146
claim-temporal-development-train-00294	2	2	0	149,70,132,82,199,107,117,79,92,19,184,22,213,26,141,2,197,49,198,42,191,173,59,209,102,12,45,169,112,93,35,139,121,65,214,147	1,2,0.7625,1,168;1,1,0.5945,0,240;0,1,0.2985,1,17;6,0,0.9895,0,65;5,1,0.1115,0,15;0,2,0.7065,0,107
claim-temporal-development-train-00295	10	2	1	45,73,28,8,129,52,21,93,135,62,184,82,193,141,138,117,19,186,113,161,41,69,36,163,65,150,147,172,109,88,10,154,152,211,98,212	7,0,0.7575,0,108;3,2,0.2565,0,92;3,4,0.2585,0,248;0,0,0.1735,0,249;1,3,0.3365,0,167;8,5,0.5955,0,219
claim-temporal-development-train-00296	2	0	1	88,51,169,129,25,207,46,170,42,114,170,20,184,108,150,189,171,170,130,63,36,168,101,119,4,21,71,145,162,84,140,141,80,67,12,93	3,2,0.8815,0,38;0,2,0.4385,1,211;2,5,0.6475,2,159;7,2,0.1485,0,84;4,2,0.5055,2,134;8,0,0.8265,0,158
claim-temporal-development-train-00297	3	0	2	170,92,100,112,178,117,27,159,4,195,44,140,151,21,109,20,84,124,62,69,141,211,54,214,75,93,200,45,39,134,11,207,176,68,145,211	3,1,0.8505,0,172;2,5,0.8055,0,1;5,4,0.8695,0,89;2,2,0.9965,0,10;3,3,0.1325,0,79;3,4,0.8925,0,72
claim-temporal-development-train-00298	10	3	2	99,21,151,187,89,141,197,165,148,155,140,41,16,86,108,211,93,176,116,215,39,157,45,77,31,63,52,66,10,134,4,125,69,118,211,169	3,0,0.0895,0,224;6,5,0.2145,0,89;3,5,0.4625,0,45;4,4,0.3725,0,253;2,2,0.9385,1,52;4,4,0.8525,0,83
claim-temporal-development-train-00299	1	0	2	3,113,60,194,129,77,201,28,151,182,93,171,82,210,20,210,89,48,42,69,153,106,200,52,145,187,141,140,21,180,101,117,134,66,13,38	2,3,0.8735,0,34;3,4,0.5755,3,43;3,2,0.4775,0,62;4,0,0.3395,0,169;4,0,0.3205,0,117;8,4,0.9155,0,118
claim-temporal-development-train-00300	5	2	1	19,150,195,147,123,202,36,176,167,41,11,104,117,169,84,113,27,137,141,66,179,54,108,45,21,186,93,7,166,62,69,134,155,76,153,90	6,1,0.6455,0,119;2,2,0.3845,0,171;5,4,0.5365,0,249;3,2,0.5675,0,178;7,2,0.3205,0,165;2,4,0.2495,0,116
claim-temporal-development-train-00301	5	1	0	195,93,38,144,209,55,184,112,214,33,131,165,146,190,21,2,139,171,45,66,13,89,100,69,43,74,84,189,117,155,178,17,149,109,63,127	1,3,0.2165,0,113;8,4,0.6135,0,105;6,5,0.4935,0,247;1,2,0.2945,0,166;3,3,0.1825,0,43;6,1,0.6015,3,239
claim-temporal-development-train-00302	7	1	0	209,47,31,18,181,50,74,114,155,197,165,125,117,58,133,146,103,86,2,69,91,93,201,162,141,37,161,106,15,149,42,197,64,21,208,136	1,5,0.5435,0,204;6,3,0.4965,2,240;1,0,0.1055,0,195;1,4,0.6355,0,25;6,0,0.4835,0,53;4,3,0.1805,0,24
claim-temporal-development-train-00303	5	2	2	62,93,141,33,117,178,147,113,138,123,132,34,87,45,192,69,4,192,11,79,191,66,204,102,40,107,21,182,197,151,177,57,18,157,209,91	3,1,0.5685,0,151;8,0,0.1115,0,120;8,4,0.4275,0,172;6,5,0.6095,0,151;5,1,0.3705,0,133;2,2,0.5225,0,11
claim-temporal-development-train-00304	5	2	2	141,213,213,215,88,31,17,84,151,11,131,137,207,117,105,126,43,9,76,21,175,188,61,107,147,93,45,113,170,57,163,155,69,65,39,187	8,1,0.3405,0,9;6,5,0.7965,0,221;8,3,0.2165,0,98;3,2,0.0855,0,173;8,1,0.3995,0,56;5,1,0.3845,0,88
claim-temporal-development-train-00305	10	3	0	192,33,82,116,148,119,93,174,172,73,66,108,184,61,176,126,136,141,5,53,164,175,69,10,41,205,215,165,89,21,135,99,46,149,19,34	4,0,0.7095,0,147;8,0,0.3825,1,11;4,3,0.4065,0,78;0,0,0.2265,0,229;2,2,0.9845,2,5;5,5,0.0385,0,44
claim-temporal-development-train-00306	7	0	2	117,99,26,202,43,190,121,36,114,10,154,106,69,192,213,45,58,151,2,55,74,141,190,140,145,17,179,93,91,134,67,167,21,155,183,84	1,0,0.3865,0,214;1,2,0.6765,0,52;6,0,0.6475,0,0;1,2,0.6115,0,206;2,0,0.4695,0,128;0,4,0.8535,0,231
claim-temporal-development-train-00307	1	0	2	93,117,182,11,202,21,52,207,189,121,130,98,61,69,190,92,145,3,139,35,153,43,75,27,188,141,110,166,151,17,85,213,205,112,45,66	2,1,0.2575,0,130;2,1,0.7255,0,88;3,3,0.4335,0,84;2,3,0.9025,0,130;1,4,0.1545,0,157;0,0,0.6255,0,139
claim-temporal-development-train-00308	5	0	2	99,204,160,1,42,145,13,141,181,45,166,178,173,64,69,212,95,180,113,76,106,186,57,38,88,120,137,122,21,151,59,87,191,16,31,131	0,3,0.1165,0,29;6,4,0.4885,0,176;8,1,0.0145,0,87;3,5,0.0785,2,247;2,0,0.2715,3,9;1,1,0.2395,0,50
claim-temporal-development-train-00309	5	3	1	45,93,70,42,68,141,204,106,165,73,99,130,9,117,15,21,124,31,169,160,60,176,150,180,114,91,49,185,148,172,139,85,155,37,17,154	8,5,0.2315,0,51;6,3,0.4665,0,254;0,2,0.9725,1,228;0,3,0.7595,0,157;2,0,0.5025,0,166;3,0,0.6405,0,27
claim-temporal-development-train-00310	10	0	1	21,117,163,53,211,105,157,82,88,206,1,130,140,38,28,153,12,150,74,116,41,67,72,169,193,142,215,145,123,110,194,62,47,93,168,20	0,2,0.8135,0,101;3,4,0.2035,2,198;4,4,0.7235,3,50;1,0,0.1395,0,17;8,4,0.8265,0,149;2,0,0.9405,1,234
claim-temporal-development-train-00311	2	3	2	75,207,49,93,102,6,193,84,180,141,215,164,163,132,121,140,107,113,40,31,66,16,63,34,45,10,72,21,176,181,183,91,166,148,117,151	5,0,0.0915,0,165;6,0,0.1855,0,239;0,5,0.5995,3,103;2,2,0.6195,0,198;5,1,0.3675,0,156;0,2,0.9765,0,81
claim-temporal-development-train-00312	3	0	2	161,197,19,66,197,100,151,117,45,108,124,180,152,163,145,60,136,93,42,21,161,12,75,89,83,4,204,135,143,39,31,70,114,186,182,49	3,2,0.7215,0,96;6,5,0.4845,0,84;0,2,0.5055,1,167;2,1,0.3345,0,230;3,2,0.5825,0,120;3,5,0.1975,2,230
claim-temporal-development-train-00313	8	1	2	6,106,211,159,157,125,113,69,182,182,15,89,146,60,141,82,93,131,18,151,45,77,52,197,21,161,190,64,117,202,40,36,100,30,136,158	5,5,0.4805,0,159;5,2,0.0995,0,209;3,2,0.0425,0,221;4,0,0.2175,0,138;3,0,0.2155,0,234;4,1,0.1375,0,212
claim-temporal-development-train-00314	2	2	1	200,157,164,129,56,66,72,28,36,91,165,75,114,108,94,85,45,157,155,10,166,97,20,142,174,147,117,150,162,136,130,5,21,60,157,41	4,0,0.9575,0,158;3,2,0.3665,0,3;7,2,0.4245,3,138;2,3,0.6455,1,131;0,2,0.4065,0,229;8,0,0.0295,1,40
claim-temporal-development-train-00315	6	3	0	199,140,3,69,29,106,23,141,158,175,83,170,89,73,60,51,117,96,206,67,121,14,179,20,134,186,35,41,45,104,148,197,149,114,153,167	2,4,0.9525,2,234;4,1,0.3205,0,47;2,2,0.6585,0,156;0,1,0.2785,3,119;7,0,0.5085,0,18;0,4,0.9955,0,234
claim-temporal-development-train-00316	6	0	0	176,36,182,200,145,115,92,200,33,67,141,169,133,93,12,50,152,149,45,73,203,136,174,121,21,119,40,165,86,103,3,110,69,58,197,19	2,2,0.6805,0,91;8,2,0.1275,0,214;1,0,0.7695,0,122;0,4,0.9505,0,10;6,4,0.7745,2,56;0,3,0.1815,0,136
claim-temporal-development-train-00317	1	0	0	85,10,58,68,45,141,137,105,42,69,167,125,21,6,187,149,111,145,169,19,212,181,213,119,113,38,179,75,167,29,201,130,206,89,93,50	5,0,0.6655,0,246;4,4,0.4795,0,233;1,0,0.9485,0,46;2,3,0.2675,0,23;8,5,0.2805,2,72;4,0,0.3305,0,120
claim-temporal-development-train-00318	10	2	2	198,141,15,92,45,77,205,213,55,36,20,147,65,44,27,69,154,210,84,60,153,200,151,124,171,21,93,215,114,215,111,9,117,132,138,99	8,5,0.9515,0,210;2,2,0.8905,0,62;6,2,0.3605,0,14;4,2,0.9245,0,167;2,5,0.4775,0,13;3,2,0.5425,0,102
claim-temporal-development-train-00319	0	3	0	177,3,93,109,191,65,85,204,148,45,158,19,69,76,35,181,133,149,175,116,101,21,44,203,190,28,59,12,124,209,141,117,210,89,52,136	2,2,0.6025,0,6;3,1,0.9095,0,15;3,1,0.2005,0,250;3,3,0.2555,0,60;4,3,0.8055,0,15;3,3,0.0115,0,12
claim-temporal-development-train-00320	6	2	0	208,21,67,45,136,19,87,187,30,35,107,182,209,175,135,100,125,60,73,114,159,171,141,6,147,69,90,49,149,44,117,189,180,93,13,198	5,3,0.6265,0,77;5,1,0.8125,0,135;0,2,0.7215,0,182;0,5,0.5505,0,176;3,1,0.5875,0,251;4,5,0.1465,0,105
claim-temporal-development-train-00321	1	0	2	89,126,97,77,115,108,117,87,20,193,151,69,207,28,139,163,67,41,167,13,141,3,178,94,135,21,160,59,202,167,45,171,157,51,145,35	2,3,0.8945,0,216;3,1,0.2895,0,83;2,1,0.6795,0,125;4,5,0.3035,1,11;0,2,0.7015,0,134;5,5,0.6955,0,48
claim-temporal-development-train-00322	10	0	1	134,117,45,9,40,62,212,164,85,103,159,137,35,172,192,93,203,113,150,13,205,26,108,179,54,168,21,204,75,141,69,65,145,129,18,89	8,3,0.5765,0,139;1,1,0.0935,0,98;5,4,0.3295,0,188;2,3,0.3985,0,139;6,2,0.3005,0,243;8,4,0.3625,0,10
claim-temporal-development-train-00323	1	0	2	85,45,169,113,110,151,200,141,135,77,104,210,65,118,17,27,94,173,184,170,145,36,43,183,195,60,13,3,124,21,89,193,137,171,69,53	2,3,0.3745,0,83;2,2,0.7975,0,164;4,2,0.2295,0,40;4,3,0.2065,1,233;7,4,0.3165,1,225;3,5,0.2915,0,139
claim-temporal-development-train-00324	2	3	1	196,60,210,202,40,29,117,84,45,93,36,98,135,75,108,54,138,150,19,184,124,142,21,186,69,68,164,90,205,187,172,199,115,1,148,11	0,1,0.6475,0,220;4,2,0.0545,0,82;5,2,0.8835,0,128;2,2,0.5685,0,114;1,2,0.6515,0,33;3,5,0.4505,1,73
claim-temporal-development-train-00325	5	2	2	162,109,131,165,25,159,11,151,115,39,21,140,168,62,75,93,141,40,70,117,166,173,19,147,92,127,4,56,168,83,45,158,197,100,153,66	3,1,0.6135,0,47;0,5,0.1745,0,1;7,4,0.5005,1,80;2,1,0.9215,0,152;3,3,0.6465,0,162;6,1,0.9215,0,102
claim-temporal-development-train-00326	1	2	1	83,45,196,127,16,198,21,191,155,41,64,173,199,174,211,3,113,150,93,105,147,27,92,49,39,184,13,133,139,109,78,144,174,117,69,61	2,3,0.0515,0,20;2,5,0.3055,0,83;0,3,0.1065,0,239;5,1,0.8035,0,128;8,3,0.3665,0,46;6,3,0.7105,3,120
claim-temporal-development-train-00327	9	0	1	31,158,69,93,150,84,39,97,140,81,164,169,194,117,128,189,51,1,40,59,66,178,21,89,15,113,176,135,153,45,203,110,17,145,184,141	0,5,0.3225,0,124;6,5,0.1345,0,227;2,1,0.4965,0,98;8,2,0.3505,0,167;0,4,0.2055,0,52;7,5,0.8985,0,138
claim-temporal-development-train-00328	2	2	2	93,66,45,151,139,152,213,59,102,40,170,153,108,123,115,39,147,69,117,32,195,141,173,210,55,86,202,14,88,153,78,24,192,1,17,130	0,4,0.3635,3,182;7,5,0.1565,0,242;6,1,0.5575,0,183;5,4,0.1715,0,30;5,2,0.7225,0,94;2,0,0.7145,0,32
claim-temporal-development-train-00329	1	2	0	210,195,52,158,136,67,199,85,147,27,17,76,214,114,180,63,162,110,45,130,38,173,141,72,4,99,21,213,196,13,117,91,149,95,122,41	3,3,0.3485,0,59;2,4,0.2055,0,221;3,5,0.7335,3,41;3,3,0.7915,2,137;2,4,0.5745,0,70;1,0,0.0615,0,228
claim-temporal-development-train-00330	0	0	2	203,166,151,165,144,210,40,115,61,120,30,70,45,163,170,179,86,194,124,68,106,88,81,176,133,210,138,94,4,102,16,145,21,56,14,35	3,4,0.0935,0,150;5,1,0.0785,0,140;7,3,0.8235,1,117;8,4,0.0265,1,162;5,0,0.6155,3,218;3,3,0.5355,3,101
claim-temporal-development-train-00331	7	2	1	150,46,109,196,85,126,177,28,98,134,3,204,69,162,20,11,141,58,77,44,200,147,65,160,22,178,176,163,88,56,117,113,93,186,34,136	2,1,0.9495,1,129;3,0,0.9355,1,187;7,0,0.3565,0,232;4,3,0.1885,0,150;1,3,0.3875,0,119;5,4,0.1455,0,176
claim-temporal-development-train-00332	1	3	2	206,3,49,13,66,21,88,85,20,144,200,108,170,157,136,77,190,172,151,174,43,113,123,148,100,135,95,36,46,62,153,117,27,178,188,69	2,3,0.8625,0,48;2,2,0.7955,1,149;0,4,0.4155,0,24;4,3,0.0675,2,143;3,2,0.2955,0,186;2,5,0.1005,3,178
claim-temporal-development-train-00333	10	2	1	3,209,168,141,17,150,129,112,157,21,65,210,203,69,43,132,140,157,56,154,99,37,214,107,14,88,117,147,93,79,59,45,84,211,172,33	2,4,0.2265,0,90;8,3,0.7305,0,10;7,1,0.2255,0,173;6,2,0.1945,0,126;2,1,0.0015,0,85;8,2,0.8795,0,30
claim-temporal-development-train-00334	5	2	1	88,134,55,115,40,205,28,150,4,166,36,79,147,141,69,15,205,165,46,99,20,208,139,93,158,86,170,67,117,198,123,60,109,187,21,189	3,5,0.8815,0,104;3,2,0.1685,1,161;6,2,0.7695,0,57;6,4,0.0475,0,195;2,3,0.6455,0,27;2,4,0.6385,0,192
claim-temporal-development-train-00335	4	1	2	111,20,2,13,31,186,161,77,85,117,146,151,132,139,202,57,116,180,66,214,172,124,88,45,61,69,181,100,141,93,22,214,44,37,165,184	1,3,0.9375,1,34;6,3,0.9025,0,13;8,3,0.5905,0,237;4,3,0.1435,0,0;3,5,0.8455,0,119;3,2,0.7505,0,163
claim-temporal-development-train-00336	1	0	0	117,141,181,68,191,195,101,45,75,206,51,145,59,149,22,39,42,113,93,15,155,133,29,210,161,107,4,84,18,171,214,212,69,136,126,92	3,5,0.4785,1,187;4,5,0.5645,0,176;2,1,0.8805,0,62;2,2,0.9195,0,69;4,1,0.3075,0,151;5,3,0.0325,0,164
claim-temporal-development-train-00337	1	3	0	190,133,190,140,45,27,148,149,215,34,193,167,195,63,14,197,106,101,96,67,69,186,123,19,141,7,182,76,160,21,43,51,114,117,90,83	6,4,0.6515,0,51;2,0,0.6695,0,166;2,5,0.7365,0,190;3,1,0.5345,3,91;4,0,0.4025,0,11;2,3,0.8095,0,90
claim-temporal-development-train-00338	4	1	0	93,117,162,138,112,63,158,191,184,85,146,124,100,13,23,196,205,171,33,7,69,165,214,79,41,182,45,135,88,19,68,149,141,109,53,34	6,3,0.6695,2,48;8,0,0.3385,0,2;4,5,0.9815,0,148;6,3,0.1535,0,164;3,3,0.1945,0,73;3,5,0.4965,0,216
claim-temporal-development-train-00339	1	3	1	21,89,196,12,36,87,66,139,178,51,5,29,60,198,40,110,120,148,162,206,97,116,69,165,209,123,16,141,150,191,176,45,96,170,80,132	4,2,0.1365,0,189;4,2,0.0755,0,172;2,2,0.4145,0,227;7,5,0.3375,3,34;0,4,0.8385,3,162;2,2,0.7505,0,119
claim-temporal-development-train-00340	4	1	2	181,16,61,146,184,108,93,69,103,45,52,113,67,181,78,122,130,180,176,190,4,117,215,139,174,37,40,82,151,21,31,141,14,211,91,211	3,4,0.0245,0,251;6,3,0.1295,0,36;3,3,0.6705,0,25;5,0,0.6115,0,249;6,2,0.3825,0,120;1,0,0.7355,0,203
claim-temporal-development-train-00341	10	0	1	65,44,82,127,150,208,16,69,137,90,211,45,111,10,214,117,169,101,54,207,35,131,21,75,167,115,204,6,188,58,93,188,141,206,31,145	5,0,0.0675,0,110;6,1,0.8125,0,210;5,0,0.2515,0,85;2,0,0.5545,0,127;4,5,0.7725,0,168;6,1,0.2575,0,31
claim-temporal-development-train-00342	6	0	2	59,69,142,115,96,183,66,75,40,121,174,202,45,20,158,151,182,49,36,3,14,117,195,162,25,196,131,110,145,89,21,82,140,97,200,195	2,4,0.9595,0,159;0,2,0.0785,0,220;0,1,0.4865,0,58;2,0,0.2295,3,175;0,4,0.6185,0,203;0,1,0.9035,1,41
claim-temporal-development-train-00343	10	0	0	78,19,45,170,170,124,92,85,51,14,204,149,100,130,145,144,152,108,139,93,152,209,36,113,21,65,71,5,27,160,62,178,40,204,117,159	4,4,0.6895,0,12;2,2,0.0265,0,175;2,4,0.3875,2,161;5,3,0.9935,0,158;3,2,0.2195,0,149;3,0,0.7205,3,179
claim-temporal-development-train-00344	5	2	2	190,42,202,200,199,151,68,207,175,160,82,19,196,12,28,193,21,37,6,76,139,115,99,142,69,147,122,117,200,111,91,55,131,47,63,96	5,2,0.7245,0,168;3,3,0.5765,2,200;6,5,0.9675,0,123;3,0,0.7065,3,34;2,5,0.6595,0,245;1,1,0.6975,1,9
claim-temporal-development-train-00345	10	3	0	206,117,40,115,94,194,123,57,183,139,3,19,167,73,82,202,62,65,205,45,149,143,69,101,148,212,23,89,14,32,38,212,195,175,111,131	2,4,0.6255,2,91;7,4,0.1125,0,249;8,4,0.2655,0,175;0,0,0.3395,1,185;4,5,0.6005,0,200;2,1,0.6475,2,102
claim-temporal-development-train-00346	0	3	2	61,69,119,200,148,91,28,138,73,45,21,162,141,151,39,214,98,162,52,44,84,93,106,12,112,156,210,4,125,178,16,66,185,134,161,211	3,2,0.0605,0,87;3,5,0.9975,0,236;3,3,0.4525,0,117;0,2,0.7755,0,113;1,0,0.1855,2,97;4,4,0.5605,0,149
claim-temporal-development-train-00347	9	2	1	141,21,16,99,38,113,169,62,158,47,27,150,199,15,160,195,91,136,69,180,194,2,117,174,75,43,133,147,96,106,156,190,86,126,56,68	1,5,0.1095,0,121;2,4,0.6925,2,249;7,4,0.8645,0,206;2,4,0.6235,3,222;2,0,0.3985,0,175;5,3,0.1055,0,18
claim-temporal-development-train-00348	3	0	1	61,113,188,192,48,99,108,195,44,21,117,76,196,174,66,2,141,91,212,53,86,137,13,197,157,69,17,150,32,133,93,166,215,145,128,34	1,3,0.2895,0,83;7,0,0.9225,3,16;4,3,0.5675,0,129;3,4,0.7845,0,179;2,2,0.2795,0,244;7,3,0.3165,0,84
claim-temporal-development-train-00349	7	3	2	50,69,102,158,20,116,21,174,153,45,1,138,63,42,151,148,76,141,194,169,93,68,176,106,13,189,124,37,133,118,178,215,90,26,168,82	0,3,0.9425,0,223;1,3,0.5085,0,13;1,5,0.8255,0,174;3,0,0.4595,0,60;5,0,0.8155,1,91;3,3,0.5845,0,150
claim-temporal-development-train-00350	2	2	1	166,154,154,172,210,138,52,130,147,21,150,88,64,63,115,176,17,117,10,7,77,168,107,34,45,85,30,144,167,121,94,71,105,177,44,169	6,0,0.3245,0,147;5,0,0.9365,0,224;3,5,0.0845,2,243;4,3,0.1365,1,205;8,1,0.6405,0,189;0,0,0.4375,3,252
claim-temporal-development-train-00351	10	3	1	69,141,44,21,63,170,188,53,169,148,75,93,114,87,139,159,7,117,98,89,168,200,11,133,129,45,107,29,68,215,206,206,150,18,36,183	6,1,0.5275,0,6;4,2,0.8425,0,171;4,5,0.8275,0,12;2,5,0.2685,0,68;1,1,0.5275,0,55;8,3,0.7805,0,148
claim-temporal-development-train-00352	10	0	1	205,150,70,61,188,141,41,145,4,67,136,213,158,134,215,15,45,81,207,105,21,107,113,168,35,164,93,186,51,87,92,17,119,33,121,175	3,5,0.3035,0,187;8,1,0.3545,0,65;2,3,0.7105,1,111;8,5,0.9295,0,202;8,1,0.2715,2,26;0,4,0.1525,0,144
claim-temporal-development-train-00353	0	3	2	105,2,61,21,28,162,69,136,16,116,45,92,189,14,210,134,57,181,107,156,148,42,214,36,168,125,117,156,76,151,169,183,85,141,67,93	1,4,0.0485,0,207;3,2,0.5805,0,95;8,3,0.7295,0,66;3,3,0.8215,0,14;8,1,0.9635,0,67;4,4,0.1425,0,49
claim-temporal-development-train-00354	10	3	2	119,196,196,192,37,90,93,130,19,69,141,160,78,64,29,97,106,9,53,43,180,59,168,180,151,116,205,83,14,157,138,45,166,148,21,125	8,4,0.7275,0,238;4,3,0.6745,0,237;4,1,0.0195,0,227;5,1,0.5665,0,177;0,0,0.9135,2,52;4,0,0.5155,0,131
claim-temporal-development-train-00355	3	0	2	67,187,166,212,87,166,212,21,30,176,12,69,130,1,122,92,144,46,194,162,113,58,175,136,99,76,93,50,117,106,151,145,167,43,34,19	0,2,0.6745,0,239;5,0,0.7725,1,42;1,0,0.7365,0,224;3,5,0.9365,0,42;2,0,0.3295,0,161;1,0,0.0865,3,234
claim-temporal-development-train-00356	6	0	2	69,10,139,188,128,54,151,117,112,162,142,73,20,60,110,203,24,188,99,184,91,135,8,154,176,189,87,93,43,28,46,145,34,152,66,197	7,0,0.8035,3,159;3,0,0.7555,1,216;5,2,0.4865,0,42;0,5,0.6755,0,177;2,4,0.1625,0,196;7,5,0.6615,1,100
claim-temporal-development-train-00357	2	2	0	141,189,65,213,160,45,56,12,34,117,69,33,93,157,135,4,121,18,137,82,40,59,76,21,188,155,116,198,209,205,90,106,99,149,171,147	3,2,0.5015,0,137;8,0,0.1195,0,220;7,1,0.2855,0,106;3,0,0.5975,0,28;2,0,0.8655,0,14;0,5,0.2565,0,151
claim-temporal-development-train-00358	1	0	0	208,64,60,89,21,178,155,149,3,57,11,20,82,152,129,37,157,144,109,117,114,42,69,166,206,45,145,99,93,140,75,157,193,133,205,25	2,1,0.9055,0,73;0,3,0.5175,0,231;8,2,0.0865,0,89;2,0,0.3555,0,25;2,3,0.4825,0,159;8,3,0.9415,3,90
claim-temporal-development-train-00359	10	0	2	117,135,22,141,8,12,51,162,38,208,64,113,62,102,190,159,44,136,193,197,169,17,164,126,75,178,92,70,45,151,145,106,200,84,93,33	7,2,0.2875,1,163;8,4,0.9315,0,9;2,4,0.1695,1,200;2,2,0.9835,0,230;5,0,0.2665,0,101;5,5,0.0015,0,26
claim-temporal-development-train-00360	5	2	1	203,97,211,44,150,144,155,147,79,21,204,56,64,34,123,112,168,30,69,94,88,4,109,155,60,186,17,132,183,87,136,14,197,118,45,153	3,4,0.2095,0,234;5,0,0.9385,0,203;7,2,0.0735,0,177;6,5,0.1365,1,30;0,3,0.1535,1,232;2,2,0.1315,3,183
claim-temporal-development-train-00361	1	3	0	17,112,49,45,185,93,73,117,212,12,206,41,107,149,138,89,188,21,35,159,148,211,179,127,141,168,181,60,97,177,87,135,3,68,69,27	2,2,0.2815,0,159;2,1,0.2535,0,146;0,2,0.8705,0,185;0,5,0.3575,0,233;0,1,0.0465,0,59;6,5,0.5535,0,134
claim-temporal-development-train-00362	9	1	1	69,202,178,134,36,124,41,21,17,150,86,137,46,159,91,62,25,181,116,66,111,212,146,166,141,186,162,74,4,175,10,117,56,101,203,93	3,0,0.3715,0,67;0,2,0.3965,1,41;7,4,0.4595,0,251;1,4,0.6385,0,138;4,5,0.8265,0,92;3,4,0.3605,0,4
claim-temporal-development-train-00363	0	3	2	16,61,45,32,34,144,164,178,207,97,157,90,115,186,190,12,148,130,122,43,69,3,67,158,160,136,151,214,107,168,54,87,21,117,93,76	2,2,0.0665,0,193;7,0,0.6595,0,41;5,3,0.6695,0,45;3,5,0.4175,0,213;0,1,0.6305,0,100;1,0,0.0175,3,65
claim-temporal-development-train-00364	1	0	0	19,45,27,102,159,11,137,43,83,109,117,66,145,141,177,75,182,128,115,201,202,209,38,205,208,93,89,149,3,134,51,21,211,61,177,69	2,1,0.6625,0,243;2,4,0.6875,0,249;2,3,0.5635,0,159;2,1,0.2265,0,39;5,3,0.7325,0,48;7,4,0.2475,0,164
claim-temporal-development-train-00365	8	0	2	54,136,41,175,102,202,117,153,69,93,18,66,188,4,92,45,151,180,61,130,145,21,141,14,180,209,26,200,109,82,39,79,211,214,123,116	3,4,0.5985,0,227;1,5,0.3755,0,245;5,3,0.5745,0,166;6,0,0.8265,0,221;5,3,0.8465,0,180;2,0,0.1475,0,190
claim-temporal-development-train-00366	6	2	0	97,205,14,130,117,16,54,116,41,22,160,65,39,215,45,183,87,141,80,168,110,166,28,59,147,149,213,157,88,2,190,69,121,137,93,193	1,4,0.1795,1,155;3,5,0.3135,0,190;5,1,0.2305,0,236;7,5,0.0215,0,126;0,4,0.8325,0,147;0,0,0.3445,0,88
claim-temporal-development-train-00367	6	3	2	93,69,48,202,201,22,151,181,58,65,195,116,97,34,141,18,57,88,196,82,184,110,124,74,137,2,148,178,210,130,117,164,12,33,44,206	1,2,0.5145,1,49;8,0,0.9335,3,220;8,0,0.2385,0,78;1,0,0.0555,0,244;0,4,0.8635,0,96;3,0,0.3535,0,31
claim-temporal-development-train-00368	6	2	0	212,212,30,36,13,215,149,115,1,92,168,21,178,193,52,45,164,71,58,102,73,117,147,124,210,107,159,207,43,19,140,143,83,66,93,135	0,3,0.7875,0,155;5,2,0.6575,0,31;3,0,0.5155,2,141;0,1,0.8895,0,8;5,1,0.7405,0,184;3,5,0.8075,2,80
claim-temporal-development-train-00369	5	2	0	20,87,45,141,14,3,107,171,63,167,147,177,195,188,65,149,21,69,28,92,76,117,38,93,112,52,136,192,97,153,171,130,42,154,207,124	2,4,0.9715,0,83;3,4,0.5045,0,174;3,5,0.2185,0,57;3,5,0.9695,0,255;0,1,0.0445,0,207;3,0,0.0625,0,209
claim-temporal-development-train-00370	9	0	1	113,35,21,135,91,160,141,108,160,93,63,87,150,182,45,100,8,209,190,117,19,190,69,26,66,186,12,79,49,202,206,137,145,164,128,41	7,2,0.7125,0,181;1,1,0.2775,0,21;0,5,0.4185,0,133;6,5,0.7915,0,112;3,2,0.3415,0,83;7,5,0.3495,0,103
claim-temporal-development-train-00371	0	3	2	171,211,76,111,48,69,52,148,60,25,38,42,158,185,99,117,192,144,140,21,64,12,188,157,151,188,123,6,87,89,187,16,112,93,174,134	5,2,0.1975,0,221;0,4,0.4415,3,177;3,2,0.0685,0,116;3,5,0.3695,0,83;2,5,0.1625,0,92;2,4,0.9235,3,183
claim-temporal-development-train-00372	8	3	1	141,78,6,21,179,106,42,150,13,93,137,30,51,45,72,166,63,113,152,206,18,65,131,117,207,179,197,101,189,86,209,91,125,148,39,172	5,3,0.5755,0,212;5,5,0.5395,0,139;2,5,0.3515,3,62;5,4,0.6125,0,187;4,0,0.2395,0,136;4,1,0.2065,0,56
claim-temporal-development-train-00373	10	3	1	3,42,117,130,88,164,57,86,153,161,139,68,21,109,30,148,182,206,203,93,141,38,194,60,18,45,150,183,97,74,174,69,207,112,10,124	2,0,0.5195,0,133;5,4,0.5645,0,153;8,2,0.8285,0,126;1,4,0.1745,0,79;0,3,0.1065,0,249;3,0,0.7355,0,113
claim-temporal-development-train-00374	7	3	0	43,63,203,155,108,45,157,50,75,92,16,26,213,37,66,141,4,117,132,148,112,178,105,21,167,69,136,87,149,157,208,15,156,124,93,214	3,5,0.1885,0,63;1,3,0.6115,0,187;1,5,0.5695,0,77;2,5,0.9585,0,110;8,2,0.0665,0,19;3,2,0.0545,0,151
claim-temporal-development-train-00375	3	0	0	156,133,42,21,117,83,161,149,93,68,140,183,145,58,158,19,200,141,154,124,114,90,157,48,154,100,173,27,164,109,37,69,7,77,56,13	6,3,0.7745,0,22;2,3,0.5705,3,208;7,0,0.9585,0,209;4,1,0.5025,0,92;3,3,0.5085,0,155;3,3,0.8655,0,93
claim-temporal-development-train-00376	2	2	2	5,73,67,51,129,181,93,172,41,35,162,131,147,207,114,197,120,88,151,69,183,45,141,138,110,10,183,177,161,21,84,197,17,100,58,28	4,0,0.3045,0,61;3,1,0.3195,0,7;2,0,0.6285,0,220;0,2,0.1925,0,153;3,4,0.4005,3,11;8,1,0.5705,0,206
claim-temporal-development-train-00377	8	3	2	21,17,126,154,138,178,174,106,60,68,51,36,132,40,83,88,74,188,45,151,93,3,208,171,152,159,10,117,115,99,199,148,164,141,28,71	2,0,0.2835,0,238;3,2,0.0645,0,111;2,2,0.8115,2,81;1,1,0.1845,0,125;2,0,0.7525,0,195;5,2,0.5295,0,54
claim-temporal-development-train-00378	3	0	2	165,5,152,18,86,193,90,151,39,63,141,65,188,117,45,145,183,133,200,93,43,23,53,99,184,106,123,11,213,138,199,76,30,69,116,168	4,1,0.5145,2,192;5,5,0.7695,0,98;4,5,0.3555,0,195;3,4,0.5295,0,179;2,0,0.8865,0,19;2,3,0.4805,0,139
claim-temporal-development-train-00379	3	0	2	117,20,145,77,179,115,126,159,100,36,159,65,141,93,179,204,45,137,109,189,40,151,164,209,85,154,4,51,62,14,133,188,32,89,21,72	3,4,0.8075,0,111;7,2,0.0795,0,175;2,4,0.3925,3,113;4,3,0.3665,0,31;3,3,0.7525,0,129;5,3,0.3555,0,250
claim-temporal-development-train-00380	2	0	0	137,84,209,30,157,173,117,149,122,164,42,21,145,90,19,108,13,141,130,104,72,81,172,67,39,153,115,59,205,4,93,45,157,57,171,205	3,3,0.7605,0,240;5,5,0.5925,0,110;8,1,0.7795,3,113;8,2,0.4925,0,60;7,2,0.6765,0,231;1,0,0.2625,0,210
claim-temporal-development-train-00381	7	2	2	19,117,21,69,151,42,26,114,53,161,107,45,59,10,214,5,79,90,180,147,206,190,38,121,168,86,202,131,95,141,204,67,97,209,178,139	4,0,0.7075,0,233;1,4,0.4335,0,80;4,1,0.7405,0,204;6,4,0.4285,2,124;0,1,0.4215,0,235;0,1,0.6105,0,75
claim-temporal-development-train-00382	1	0	0	183,167,45,123,3,211,145,139,41,20,135,108,116,154,82,178,93,175,97,15,28,213,39,201,21,117,186,149,141,62,69,51,192,89,73,67	2,5,0.8145,0,130;3,5,0.2235,0,214;2,4,0.6365,0,73;0,0,0.2255,0,84;0,2,0.9215,0,25;2,5,0.7545,0,55
claim-temporal-development-train-00383	5	2	1	188,18,147,28,4,110,173,35,117,130,186,137,103,207,69,116,81,11,141,42,124,150,93,189,160,86,22,196,167,92,64,160,48,61,201,57	3,1,0.4615,1,148;3,1,0.5005,3,103;8,3,0.0475,0,129;8,4,0.9355,0,110;6,4,0.8125,0,35;3,0,0.3545,0,75
claim-temporal-development-train-00384	3	0	1	170,117,198,42,109,160,136,112,187,174,21,150,145,205,60,69,86,158,135,50,76,90,105,4,45,33,182,205,123,93,152,38,12,19,68,141	3,2,0.7755,0,21;8,4,0.5905,0,91;1,2,0.8145,0,231;3,4,0.5905,0,221;8,3,0.1375,0,173;2,5,0.1275,0,85
claim-temporal-development-train-00385	6	3	1	25,35,8,59,93,173,184,177,197,100,11,82,69,141,150,186,172,123,117,112,73,156,49,90,65,45,18,21,137,214,43,174,107,148,130,183	7,1,0.5635,0,5;0,1,0.6895,0,116;0,1,0.2055,0,162;0,0,0.4325,0,44;3,1,0.1445,0,115;2,0,0.2415,0,54
claim-temporal-development-train-00386	1	2	1	99,32,13,106,34,65,85,198,153,135,42,142,122,147,155,52,178,188,117,204,21,116,92,45,215,212,75,150,69,93,156,58,19,3,136,170	2,3,0.6215,0,14;7,0,0.4225,0,213;3,0,0.2795,0,128;2,3,0.9105,0,237;2,0,0.9085,0,68;1,5,0.1625,1,102
claim-temporal-development-train-00387	2	0	0	157,161,15,145,25,172,133,90,163,116,52,69,39,149,84,200,23,117,104,42,139,143,93,163,128,177,76,45,107,159,162,60,66,190,9,16	8,5,0.0675,2,113;0,5,0.5325,0,243;3,2,0.4345,0,47;3,2,0.5585,0,82;7,1,0.8985,0,133;7,3,0.7165,2,76
claim-temporal-development-train-00388	5	2	2	45,117,63,210,207,159,99,12,65,190,172,7,163,163,151,33,139,194,37,124,112,95,132,20,43,69,165,56,109,90,141,147,153,21,73,86	6,2,0.9785,0,117;8,3,0.6495,0,184;7,5,0.3055,0,123;0,4,0.5095,2,141;2,3,0.0845,0,207;3,2,0.6345,0,97
claim-temporal-development-train-00389	2	0	1	36,117,172,90,20,58,196,28,24,211,44,13,150,69,93,159,2,195,145,82,108,64,140,80,132,115,48,181,188,124,161,155,141,52,171,103	1,3,0.9745,3,60;3,2,0.9125,3,100;3,0,0.1385,0,201;7,0,0.5025,0,60;6,2,0.7785,0,113;3,2,0.9815,0,51
claim-temporal-development-train-00390	6	3	0	137,15,199,112,41,135,20,28,68,49,92,9,107,149,198,61,79,36,69,185,83,117,171,174,193,144,177,205,179,99,124,94,21,45,148,200	8,5,0.9745,0,170;3,2,0.3445,0,26;0,3,0.9665,0,16;6,1,0.9955,1,113;2,1,0.0875,0,63;3,5,0.2975,3,72
claim-temporal-development-train-00391	7	3	0	93,166,119,167,60,99,113,148,212,141,133,38,90,149,28,4,74,214,162,162,46,17,82,54,21,168,69,157,12,184,162,44,138,122,66,108	3,2,0.2805,0,104;3,4,0.9865,1,65;5,2,0.5315,0,228;1,0,0.5125,0,165;2,2,0.3455,2,150;1,3,0.4925,0,226
claim-temporal-development-train-00392	1	0	0	106,156,175,101,125,62,201,44,37,195,45,210,27,214,95,212,89,11,161,85,141,161,117,52,18,69,78,133,149,140,5,145,159,66,115,21	4,1,0.4965,0,89;2,3,0.9525,0,224;3,4,0.5785,0,253;5,3,0.3885,2,59;4,0,0.6465,0,43;4,3,0.9705,0,244
claim-temporal-development-train-00393	6	2	2	173,100,93,188,121,188,198,21,3,156,85,63,151,25,38,113,205,43,177,66,45,147,17,69,178,144,111,199,80,139,117,90,12,49,204,135	2,2,0.2405,0,168;0,4,0.7175,0,134;0,5,0.4955,0,130;7,3,0.4555,0,199;3,5,0.2995,0,120;0,5,0.7115,3,96
claim-temporal-development-train-00394	0	3	0	135,45,173,142,148,117,149,34,138,204,21,123,115,179,69,173,57,93,100,208,63,25,109,90,176,65,160,20,5,12,76,42,82,165,159,176	4,2,0.9465,0,157;0,0,0.4635,0,101;8,5,0.3635,0,178;3,0,0.4705,0,78;3,3,0.6015,0,211;2,5,0.4345,1,206
claim-temporal-development-train-00395	5	3	0	152,6,67,93,69,136,41,196,130,60,39,20,195,154,160,48,55,126,107,97,87,79,187,206,148,181,114,27,163,149,141,92,22,207,13,119	5,3,0.9355,1,207;2,5,0.2325,3,197;6,2,0.7195,0,221;6,5,0.9695,0,105;0,1,0.5745,2,21;5,0,0.1825,0,21
claim-temporal-development-train-00396	7	0	1	19,45,84,77,72,65,213,114,174,43,106,158,169,145,207,25,9,137,93,35,122,117,14,150,52,133,24,210,180,160,141,104,88,178,63,160	8,4,0.7235,3,232;0,1,0.6825,0,42;3,5,0.2585,3,42;4,2,0.1265,0,184;7,0,0.5515,0,190;1,3,0.3375,0,177
claim-temporal-development-train-00397	5	2	2	35,213,93,109,60,4,98,203,174,209,83,117,43,29,133,182,190,124,190,113,69,65,138,73,151,147,14,89,141,21,52,18,45,182,184,201	3,4,0.4225,0,127;4,1,0.6725,0,68;3,2,0.2415,0,170;0,1,0.2055,0,72;1,3,0.2685,0,114;3,3,0.5455,0,140
claim-temporal-development-train-00398	2	2	2	25,189,157,147,207,132,45,94,44,151,140,162,171,36,14,21,50,66,203,107,18,8,212,83,204,206,141,123,61,100,71,88,112,117,162,77	7,4,0.5205,0,171;0,2,0.8745,0,183;1,3,0.4525,2,79;4,1,0.0515,1,247;3,1,0.1495,0,71;2,2,0.8225,0,60
claim-temporal-development-train-00399	7	3	2	67,16,115,69,172,45,122,9,176,52,108,10,26,178,105,133,151,141,35,88,94,196,80,117,183,148,162,204,84,138,40,182,161,21,197,62	8,0,0.1115,0,14;1,1,0.0675,0,33;3,4,0.6045,0,160;7,2,0.0025,1,239;8,2,0.6675,0,64;1,3,0.4555,0,227
claim-temporal-development-train-00400	1	2	0	202,14,53,40,147,170,45,28,137,76,201,102,58,21,160,71,155,131,187,159,128,89,68,84,35,114,141,149,117,3,176,187,17,106,94,172	2,4,0.2245,0,51;3,1,0.0695,0,17;4,0,0.9645,2,118;3,2,0.2335,1,163;5,0,0.4835,0,69;7,1,0.2625,0,136
claim-temporal-development-train-00401	9	3	2	154,34,179,69,63,184,28,202,107,194,154,165,104,117,21,92,151,8,205,209,179,114,135,14,128,41,19,65,48,84,148,75,93,138,52,141	7,4,0.7705,0,194;3,0,0.2325,3,233;3,5,0.2485,0,63;2,2,0.8725,0,212;7,1,0.5695,0,84;7,5,0.5695,0,9
claim-temporal-development-train-00402	2	2	0	69,116,182,131,21,63,104,141,149,189,15,96,79,25,147,138,202,83,43,214,51,192,210,117,168,194,107,193,6,38,64,90,48,17,124,174	5,5,0.3765,0,164;0,4,0.7665,3,194;2,5,0.0895,0,108;6,1,0.5645,3,195;7,1,0.8575,0,56;3,1,0.5565,0,242
claim-temporal-development-train-00403	0	3	0	52,78,93,40,66,203,178,85,111,165,149,91,4,137,15,120,100,211,62,131,197,19,21,187,69,28,210,141,159,167,37,124,112,45,148,157	3,5,0.6015,0,99;3,3,0.0315,0,26;3,4,0.5565,0,57;5,3,0.7135,0,68;3,5,0.0085,3,179;3,1,0.3815,0,217
claim-temporal-development-train-00404	1	0	1	12,51,196,61,66,185,190,163,69,190,7,211,84,42,123,21,45,98,136,115,141,89,204,17,132,76,150,120,145,106,199,34,25,159,187,93	6,2,0.2725,0,254;0,0,0.5415,0,52;2,3,0.5925,0,163;3,2,0.2235,0,208;1,0,0.6215,3,121;2,2,0.0915,0,235
claim-temporal-development-train-00405	7	3	1	177,141,93,138,205,70,148,21,121,161,109,153,92,47,7,86,150,175,76,52,67,39,61,178,31,98,164,187,17,12,178,44,152,115,131,117	6,2,0.3845,0,154;6,5,0.9245,2,18;3,3,0.7855,1,16;3,4,0.8235,0,235;1,3,0.7995,0,206;0,1,0.5405,0,152
claim-temporal-development-train-00406	1	3	1	24,116,212,69,10,91,211,87,139,79,45,67,29,212,160,107,4,135,42,141,19,123,35,196,93,166,148,208,117,150,50,193,62,163,211,98	3,0,0.7205,3,149;4,1,0.5145,0,229;1,4,0.7345,0,203;6,5,0.6375,0,234;1,1,0.8615,0,199;2,5,0.7945,0,244
claim-temporal-development-train-00407	7	2	2	168,159,141,122,45,13,89,115,19,184,205,69,140,28,38,172,68,210,93,58,99,118,75,184,111,155,42,147,151,83,5,164,134,22,50,177	4,3,0.7985,1,181;3,4,0.5175,0,128;1,0,0.9005,0,221;2,1,0.3015,0,75;2,5,0.7755,1,112;1,4,0.8005,0,118
claim-temporal-development-train-00408	9	0	1	168,140,45,50,43,19,86,89,179,150,97,191,191,39,194,58,77,116,206,111,8,132,145,126,152,193,21,205,69,67,12,93,141,117,184,32	7,2,0.6405,0,50;7,5,0.6515,0,209;1,0,0.7795,0,51;4,4,0.2055,0,105;0,5,0.9575,0,169;5,2,0.9825,0,118
claim-temporal-development-train-00409	5	2	0	42,63,98,195,194,149,21,81,107,185,164,209,92,69,147,16,45,82,117,27,116,175,10,191,213,93,49,124,37,68,141,179,133,140,160,3	2,0,0.1875,0,74;2,3,0.5425,0,11;0,5,0.9425,0,62;8,0,0.9985,0,81;1,1,0.9005,0,166;3,3,0.8945,0,127
claim-temporal-development-train-00410	5	2	1	134,51,158,138,172,42,115,21,63,13,150,103,4,160,122,109,94,45,163,31,174,168,72,117,36,77,195,215,92,203,65,205,18,141,85,147	3,3,0.5515,0,173;6,2,0.4705,0,52;2,5,0.3975,3,217;4,3,0.9145,1,146;6,3,0.7235,0,1;1,4,0.4535,0,5
claim-temporal-development-train-00411	0	3	0	161,116,18,205,100,21,130,211,117,141,107,91,45,93,197,173,62,212,148,198,2,87,69,163,12,149,199,67,34,26,76,51,126,138,44,156	1,2,0.4495,0,244;1,0,0.9685,0,21;2,4,0.7345,0,164;3,5,0.7525,0,221;3,1,0.8195,0,12;5,0,0.5335,0,34
claim-temporal-development-train-00412	3	0	1	174,143,186,112,16,168,44,198,69,21,1,150,163,164,85,28,57,88,210,137,185,111,64,78,45,124,10,97,93,131,117,35,63,159,145,206	0,0,0.0255,0,137;3,1,0.9535,0,195;8,5,0.0765,0,195;5,3,0.0245,0,92;0,5,0.1945,0,202;3,1,0.3595,2,5
claim-temporal-development-train-00413	7	2	1	63,69,106,213,210,199,44,158,26,150,8,114,175,131,50,125,136,99,171,117,35,85,159,141,90,45,162,10,147,23,76,158,193,94,68,19	7,0,0.7775,2,215;1,1,0.9475,0,172;1,5,0.8645,0,37;3,3,0.4635,1,120;2,0,0.4975,0,59;4,1,0.1335,0,178
claim-temporal-development-train-00414	5	2	1	91,16,100,41,74,207,69,211,53,161,21,114,166,10,107,147,117,124,138,66,3,194,198,37,135,154,61,141,201,85,150,203,45,152,93,26	2,0,0.1705,0,172;1,3,0.3565,0,161;4,3,0.4735,0,193;1,3,0.6985,0,149;3,1,0.5005,0,208;3,5,0.4215,0,49
claim-temporal-development-train-00415	10	2	1	116,168,92,177,117,87,21,164,53,101,68,168,140,180,199,14,9,144,123,108,93,202,150,199,135,45,69,36,60,18,41,212,147,76,26,188	8,4,0.5845,0,132;1,2,0.3975,0,32;4,2,0.9945,0,78;3,5,0.8265,0,3;4,2,0.9125,0,228;2,5,0.9345,3,51
claim-temporal-development-train-00416	6	0	1	93,21,77,139,196,37,188,29,203,63,19,64,87,150,97,141,1,167,92,117,179,162,52,145,123,115,70,109,168,161,45,44,172,14,171,135	0,4,0.7305,0,201;4,3,0.9695,0,171;3,5,0.0675,1,153;4,5,0.9915,0,37;0,3,0.6465,0,151;2,5,0.7345,0,131
claim-temporal-development-train-00417	1	0	0	52,132,21,168,123,67,204,93,117,89,175,14,139,187,145,83,69,38,175,172,41,141,171,30,45,18,149,6,76,153,159,58,99,173,106,112	5,4,0.5775,0,153;5,4,0.2445,0,158;3,0,0.7435,0,176;3,1,0.3995,0,44;2,0,0.0525,0,49;2,2,0.6065,0,84
claim-temporal-development-train-00418	1	2	0	140,45,211,212,91,75,192,61,154,22,196,172,124,149,159,86,120,20,6,213,147,115,131,93,184,108,38,103,71,27,42,64,11,144,159,56	5,1,0.9615,1,201;2,4,0.4065,0,169;7,3,0.1925,2,196;2,4,0.6965,0,188;6,2,0.7325,3,94;3,1,0.9805,3,23
claim-temporal-development-train-00419	10	3	2	40,94,117,4,132,215,189,183,125,38,201,88,194,116,107,64,56,166,14,148,155,144,214,69,151,45,32,24,183,63,74,168,105,139,19,86	3,4,0.7525,3,255;7,4,0.1015,0,113;7,5,0.0035,0,157;1,4,0.1435,1,220;8,1,0.8195,0,80;4,2,0.6725,3,249
claim-temporal-development-train-00420	8	0	1	163,14,44,125,171,83,202,94,27,76,36,115,45,138,212,144,21,64,109,118,182,180,69,20,56,63,97,6,212,145,179,197,150,89,132,202	5,4,0.9565,0,149;2,2,0.8965,0,84;7,5,0.1075,0,148;3,1,0.3865,1,171;0,3,0.6105,1,92;4,2,0.4265,3,144
claim-temporal-development-train-00421	10	2	0	188,157,68,42,87,143,134,12,35,157,96,69,158,213,18,108,118,147,112,149,140,193,61,53,45,30,91,7,21,126,199,189,168,98,190,74	6,2,0.5175,0,221;5,1,0.5795,0,109;4,3,0.8725,0,188;1,5,0.7535,3,241;1,2,0.1165,1,59;5,4,0.8215,2,128
claim-temporal-development-train-00422	0	3	2	140,148,143,42,185,170,109,10,45,58,126,24,131,17,175,195,28,4,64,51,91,153,87,39,151,117,93,196,169,76,98,155,196,69,207,114	3,0,0.2145,3,189;3,5,0.5175,0,50;2,0,0.1665,0,224;3,5,0.6145,0,184;1,3,0.4925,0,104;5,1,0.8565,2,38
claim-temporal-development-train-00423	1	2	1	4,189,141,108,210,112,75,186,136,56,68,214,21,203,18,166,10,134,87,59,40,72,45,172,98,150,170,92,27,37,126,117,166,93,154,147	3,0,0.4805,0,170;2,3,0.0915,0,200;7,1,0.9525,3,94;2,5,0.8105,0,244;1,2,0.0735,0,149;5,4,0.0385,0,146
claim-temporal-development-train-00424	5	2	1	100,87,42,141,38,114,11,61,150,179,32,138,184,1,68,107,188,89,70,51,195,21,147,125,207,194,93,18,135,45,200,76,188,163,117,187	0,1,0.5715,0,160;7,4,0.4305,0,146;2,3,0.8355,1,106;3,5,0.3455,0,108;3,1,0.4055,0,21;4,5,0.4735,0,72
claim-temporal-development-train-00425	2	3	1	161,180,45,116,93,137,178,34,16,171,201,150,188,82,60,202,52,92,69,198,130,27,193,21,79,100,68,42,4,212,141,148,124,120,106,14	3,4,0.1745,0,183;2,0,0.4735,0,177;3,2,0.9495,0,244;6,0,0.9965,0,195;3,0,0.9735,3,78;3,0,0.3755,0,50
claim-temporal-development-train-00426	2	0	0	70,54,198,191,164,42,149,145,45,101,141,13,21,2,180,192,28,188,114,91,130,108,179,93,62,37,160,16,67,186,138,117,127,175,82,80	1,3,0.0105,0,66;3,3,0.4585,0,125;5,4,0.6075,1,218;7,0,0.6555,0,148;4,2,0.5815,0,91;6,0,0.4965,0,240
claim-temporal-development-train-00427	2	3	1	11,6,148,141,100,167,83,37,113,51,92,18,131,169,64,69,183,78,175,58,26,123,168,150,40,166,117,212,215,214,137,45,209,108,21,93	5,1,0.5585,0,95;1,3,0.1125,0,244;2,0,0.1025,0,118;5,1,0.9625,0,161;3,2,0.2485,0,227;2,1,0.3475,0,237
claim-temporal-development-train-00428	2	3	2	67,32,181,69,45,99,76,59,4,51,86,148,187,92,210,161,193,16,151,114,117,187,141,36,106,203,95,136,21,132,43,179,186,13,121,193	3,3,0.1515,0,156;7,2,0.7495,0,234;2,1,0.6745,0,189;3,4,0.8365,2,198;2,0,0.4905,0,228;0,2,0.0755,0,79
claim-temporal-development-train-00429	1	0	0	149,45,104,145,96,152,154,41,61,209,27,9,21,182,69,90,125,11,200,36,186,184,83,110,115,76,136,176,119,207,134,174,20,65,141,51	8,1,0.9205,0,236;2,2,0.2185,0,235;2,3,0.3155,0,159;3,1,0.4065,3,195;7,4,0.7285,2,104;4,4,0.1815,0,150
claim-temporal-development-train-00430	9	1	1	166,184,23,45,141,133,91,117,193,69,128,161,81,43,11,114,150,104,146,86,9,177,138,202,63,185,20,66,38,167,49,108,197,26,178,93	8,1,0.8505,2,68;1,4,0.7155,0,95;0,5,0.5855,0,198;8,4,0.6735,0,11;7,2,0.5695,0,226;7,3,0.5155,0,94
claim-temporal-development-train-00431	10	3	2	94,98,88,159,66,75,143,112,154,213,45,111,63,30,131,215,174,148,8,156,69,138,163,36,43,57,163,151,24,18,117,83,152,123,10,212	7,0,0.4885,3,205;5,2,0.7325,0,240;8,5,0.4115,0,34;2,1,0.0515,1,114;1,5,0.1685,0,243;2,1,0.4615,2,30
claim-temporal-development-train-00432	5	2	2	121,100,69,93,191,68,59,139,193,133,207,147,85,15,205,141,117,213,92,152,24,204,174,75,181,50,42,34,48,180,109,28,116,16,151,1	0,5,0.1435,3,86;3,0,0.5285,3,167;1,1,0.8165,0,82;2,3,0.9655,0,2;3,3,0.8175,0,129;0,3,0.7395,0,72
claim-temporal-development-train-00433	10	3	1	102,203,85,157,121,109,159,20,5,141,43,214,39,46,113,174,140,190,148,75,179,159,57,93,150,88,14,208,119,130,61,21,27,69,67,173	4,4,0.9015,0,199;2,5,0.7915,1,88;8,3,0.6485,0,17;2,3,0.1955,0,111;5,3,0.2595,2,158;0,0,0.9245,0,15
claim-temporal-development-train-00434	1	3	0	186,192,187,45,19,41,197,75,138,82,36,177,148,116,141,149,133,29,14,111,89,117,69,160,93,121,190,212,49,2,64,61,188,24,203,99	1,4,0.7005,3,150;4,2,0.2355,0,217;0,3,0.1185,0,51;2,0,0.3725,0,187;2,5,0.8675,0,243;0,3,0.4275,0,129
claim-temporal-development-train-00435	9	0	0	85,141,152,152,195,99,21,41,89,177,109,28,93,154,213,69,197,66,149,7,12,128,17,113,212,35,46,136,134,145,56,77,166,63,117,179	6,2,0.2825,0,199;3,1,0.2225,1,31;7,5,0.5125,0,19;4,3,0.2415,0,100;2,3,0.3905,0,166;7,4,0.1365,0,191
claim-temporal-development-train-00436	3	0	1	208,47,215,117,190,43,106,174,89,116,141,198,23,123,197,201,33,178,8,52,18,36,131,63,67,145,150,87,81,97,195,190,95,137,13,69	7,3,0.5045,2,48;8,2,0.6905,2,116;3,5,0.7955,0,127;8,5,0.2185,2,225;0,0,0.9805,0,64;2,1,0.2765,0,210
claim-temporal-development-train-00437	9	3	2	117,148,206,47,185,93,60,74,108,187,21,115,151,64,6,25,104,190,136,89,36,127,181,135,69,41,84,210,55,205,204,161,144,12,166,16	5,2,0.1105,0,150;0,2,0.2945,2,192;6,2,0.1405,0,235;1,2,0.2035,0,167;7,2,0.6355,0,5;6,5,0.0375,3,15
claim-temporal-development-train-00438	7	2	1	69,76,67,105,82,45,109,187,10,63,139,93,114,212,39,181,204,31,174,131,21,50,117,166,200,177,147,150,127,91,40,19,206,144,4,152	3,0,0.7665,0,146;6,5,0.1055,0,35;1,5,0.7495,0,144;3,0,0.6985,0,123;8,3,0.5305,0,37;6,1,0.7005,3,222
claim-temporal-development-train-00439	10	2	1	5,187,147,212,198,186,215,124,41,130,160,140,29,213,110,84,117,150,62,14,186,69,37,68,189,169,73,57,16,141,45,22,103,113,88,93	4,4,0.1305,1,200;4,3,0.3985,0,96;8,4,0.8925,0,29;0,2,0.0355,0,205;6,4,0.2595,0,61;3,0,0.8715,0,232
claim-temporal-development-train-00440	1	2	0	51,115,117,62,135,191,147,180,75,152,181,121,21,92,136,191,196,161,83,192,69,35,93,12,111,141,149,18,66,184,155,30,102,45,41,7	6,2,0.5565,0,230;5,1,0.2025,0,87;2,4,0.5595,0,176;2,1,0.8175,0,243;5,5,0.7425,0,188;0,5,0.1775,0,228
claim-temporal-development-train-00441	8	0	0	5,187,36,21,14,129,85,160,145,141,200,89,137,69,97,185,114,96,175,28,170,77,54,149,163,130,66,117,174,16,178,152,61,48,108,40	4,4,0.0915,0,135;3,2,0.0355,3,48;5,3,0.4645,0,249;4,3,0.3875,3,6;0,2,0.4075,0,188;8,0,0.3355,0,191
claim-temporal-development-train-00442	4	1	2	215,136,78,204,45,38,66,167,158,197,16,111,100,151,8,60,141,166,117,86,56,40,170,72,21,182,127,114,210,14,91,135,146,93,159,26	7,4,0.1415,0,239;1,4,0.1125,0,179;7,2,0.4065,3,152;5,4,0.6745,0,218;3,5,0.4165,0,115;6,5,0.0535,0,84
claim-temporal-development-train-00443	2	1	2	168,60,184,154,69,106,156,87,100,193,151,4,89,182,168,193,124,32,35,130,50,20,141,45,93,66,117,78,11,140,146,179,21,112,187,44	3,1,0.8935,0,139;7,1,0.8585,0,101;1,2,0.4795,0,185;5,5,0.2415,0,125;3,0,0.0055,0,64;3,0,0.8255,0,67
claim-temporal-development-train-00444	2	3	1	89,150,69,194,148,113,30,45,10,185,21,57,184,20,73,41,38,100,84,60,189,206,197,64,183,107,2,130,141,210,117,93,125,140,196,215	1,0,0.8685,0,127;5,4,0.3745,0,73;8,2,0.1145,0,17;0,2,0.3095,0,224;3,1,0.2315,0,119;4,0,0.8515,0,134
claim-temporal-development-train-00445	5	2	1	135,188,69,5,21,15,80,115,64,57,34,206,106,98,63,174,45,186,18,141,175,155,147,165,32,150,117,139,83,175,93,92,42,156,127,196	4,5,0.5915,0,137;7,0,0.5335,0,33;8,5,0.0675,0,225;7,1,0.9205,0,237;1,0,0.7085,0,131;6,5,0.7015,0,59
claim-temporal-development-train-00446	1	3	1	1,41,203,113,93,54,148,36,123,99,175,45,134,150,174,18,205,139,65,82,141,184,27,175,109,92,13,76,183,63,117,187,173,69,190,21	0,3,0.4975,0,82;2,2,0.2485,0,44;5,5,0.3965,0,165;3,0,0.9775,0,194;2,3,0.2385,0,109;2,4,0.6005,0,2
claim-temporal-development-train-00447	10	1	0	69,125,146,213,45,198,34,141,28,152,105,77,88,43,117,191,140,133,21,68,14,84,19,173,170,93,155,8,209,149,60,209,52,115,111,167	7,4,0.7125,0,166;3,0,0.6365,0,124;3,2,0.8385,0,162;4,2,0.1705,0,192;8,5,0.6215,0,231;4,3,0.8155,0,120
claim-temporal-development-train-00448	10	3	1	4,101,27,148,11,181,114,109,176,154,45,16,58,75,43,131,150,117,139,171,181,93,141,34,166,195,124,214,82,88,67,185,53,21,177,69	3,1,0.1635,0,90;2,0,0.6825,0,6;4,0,0.6575,0,210;2,0,0.0655,0,127;4,3,0.4475,0,180;3,1,0.6655,0,37
claim-temporal-development-train-00449	2	2	2	114,93,130,89,12,139,190,166,128,55,207,117,39,45,108,147,79,215,151,83,190,171,141,176,173,23,16,67,59,69,105,26,202,41,3,178	2,2,0.1725,2,8;1,5,0.3845,0,113;6,1,0.6975,0,225;6,1,0.3595,0,38;8,2,0.5125,0,59;7,0,0.6335,0,250
claim-temporal-development-train-00450	3	0	1	117,13,195,45,136,34,178,92,60,158,107,203,69,158,113,44,76,150,83,202,127,51,27,65,199,158,143,207,4,21,17,100,131,145,177,93	3,3,0.3925,0,52;2,0,0.8415,0,194;2,2,0.3875,0,41;3,1,0.9115,0,107;3,1,0.3625,0,1;6,1,0.0855,2,164
claim-temporal-development-train-00451	6	2	2	117,165,172,45,97,62,21,38,69,172,93,135,31,15,175,183,8,211,166,121,19,112,138,92,44,109,75,147,65,171,196,49,187,83,151,141	7,5,0.6485,0,212;6,4,0.9525,0,70;0,4,0.2275,0,176;2,1,0.8535,0,92;0,3,0.1335,0,167;0,5,0.4345,0,2
claim-temporal-development-train-00452	5	1	1	150,140,141,73,114,156,103,158,45,23,172,146,122,186,88,71,87,35,13,207,182,93,9,20,29,58,117,208,155,53,133,40,162,196,68,111	8,3,0.8505,2,212;4,1,0.0975,0,9;4,0,0.8605,2,225;0,5,0.0685,0,25;6,5,0.4535,0,217;1,3,0.9475,0,239
claim-temporal-development-train-00453	10	0	1	134,85,136,165,156,49,48,197,150,39,171,69,59,30,104,200,15,179,197,145,169,141,109,117,18,76,44,125,96,21,208,163,113,90,5,66	4,5,0.5745,0,207;5,5,0.9235,3,104;0,1,0.4965,0,198;3,3,0.4115,3,49;7,3,0.3685,0,170;4,4,0.1695,0,98
claim-temporal-development-train-00454	3	0	0	197,83,49,154,62,18,28,117,4,149,107,64,209,204,170,76,13,21,141,112,145,194,93,169,42,99,138,203,36,135,69,179,123,48,90,198	3,3,0.5465,0,172;3,2,0.4775,3,33;0,4,0.0955,0,124;3,1,0.4945,0,150;2,1,0.1445,0,101;2,5,0.5715,0,253
claim-temporal-development-train-00455	7	0	2	6,141,170,136,130,35,153,83,21,154,117,151,88,16,110,72,196,181,152,214,79,55,160,28,189,145,63,98,12,93,45,116,40,161,128,64	5,2,0.1995,0,236;3,1,0.0585,0,12;6,5,0.1535,3,200;6,1,0.0145,0,5;1,4,0.9305,0,29;7,0,0.1235,0,212
claim-temporal-development-train-00456	5	3	1	92,63,177,103,121,11,53,203,135,21,84,150,207,209,113,117,38,213,20,202,67,93,3,110,152,148,179,43,178,143,45,69,79,31,137,161	2,1,0.9245,0,56;6,4,0.6595,0,180;4,5,0.6535,0,58;6,2,0.8205,0,11;6,4,0.2075,0,186;0,5,0.2305,2,207
claim-temporal-development-train-00457	0	3	0	214,186,3,17,75,124,21,102,190,38,139,70,148,153,50,89,106,141,93,40,58,190,163,112,10,212,153,117,133,32,68,195,82,45,149,179	2,0,0.3745,0,103;7,4,0.1805,0,216;1,0,0.8175,1,4;2,0,0.2675,0,89;5,0,0.1345,0,244;3,3,0.6105,0,111
claim-temporal-development-train-00458	10	3	2	89,141,61,97,119,207,80,169,85,175,131,196,154,93,148,109,112,161,45,69,151,37,43,21,27,67,127,202,57,140,172,190,173,10,20,9	8,0,0.9295,0,182;2,3,0.7265,0,239;8,3,0.7125,0,42;7,3,0.3765,0,125;0,3,0.0205,2,248;6,1,0.9735,0,0
claim-temporal-development-train-00459	6	2	2	185,212,117,155,40,203,6,36,45,66,115,94,121,160,199,178,151,69,133,142,147,56,213,83,161,58,78,11,21,88,171,16,31,109,136,97	5,1,0.1425,0,17;6,2,0.1045,0,230;7,0,0.5905,0,121;5,1,0.1535,1,107;0,3,0.7495,0,236;0,3,0.1655,1,195
claim-temporal-development-train-00460	9	2	0	177,215,93,206,117,192,84,211,3,164,139,102,67,45,14,69,43,92,17,160,21,165,122,31,73,107,201,135,204,115,141,59,149,147,37,56	2,4,0.3525,0,21;6,3,0.6115,0,124;7,1,0.7485,0,85;0,2,0.8645,0,76;5,1,0.7405,0,178;1,5,0.6955,0,60
claim-temporal-development-train-00461	8	2	2	151,141,89,7,188,55,107,126,21,140,188,26,103,71,82,117,191,215,189,41,45,147,196,113,73,13,134,59,36,207,209,160,93,17,200,67	6,3,0.3515,0,193;1,2,0.3195,0,9;6,1,0.6055,2,249;0,0,0.3465,0,43;6,1,0.2015,0,226;5,4,0.8755,0,166
claim-temporal-development-train-00462	10	2	1	21,45,147,69,92,18,114,201,141,81,93,131,42,213,152,29,13,65,5,207,82,34,178,172,207,169,107,194,169,101,58,117,137,150,122,51	4,3,0.5885,0,134;4,0,0.5385,0,180;2,0,0.3395,0,228;8,0,0.8165,0,165;4,1,0.5355,0,41;1,1,0.3765,0,140
claim-temporal-development-train-00463	3	0	0	197,115,185,3,117,35,198,152,55,165,138,63,72,141,74,183,94,168,205,99,204,145,108,83,168,21,92,45,13,149,68,135,27,43,17,124	2,3,0.2195,0,66;2,1,0.7355,0,124;6,5,0.9255,3,178;1,1,0.9295,1,90;2,2,0.6815,0,222;3,5,0.4865,0,41
claim-temporal-development-train-00464	10	3	2	171,188,36,148,15,5,111,97,141,151,41,93,131,174,167,21,17,119,172,200,140,55,92,174,163,66,45,127,69,171,29,112,83,59,81,205	4,5,0.2415,0,225;4,2,0.3505,0,221;6,1,0.4755,0,56;8,1,0.8655,0,137;0,5,0.0675,2,221;6,1,0.9755,0,111
claim-temporal-development-train-00465	0	3	1	167,79,128,61,27,184,89,85,215,18,66,212,52,139,21,192,3,206,117,150,115,93,148,34,69,159,107,11,45,141,194,131,162,186,41,100	2,1,0.5515,0,248;2,0,0.2435,0,243;3,3,0.5565,0,208;6,3,0.3225,0,121;3,1,0.6805,0,91;7,1,0.6005,0,200
claim-temporal-development-train-00466	1	3	0	196,149,64,63,82,33,39,17,90,159,189,166,160,184,52,131,186,99,116,197,140,70,108,179,1,95,76,13,23,41,194,141,148,117,122,47	0,3,0.2115,2,165;8,5,0.2405,2,212;3,5,0.0635,1,84;3,0,0.4865,2,27;2,2,0.8885,0,164;1,1,0.9415,0,206
claim-temporal-development-train-00467	7	3	2	188,186,182,130,73,69,97,140,14,4,197,50,148,165,107,16,87,154,67,214,45,31,117,21,141,63,202,178,93,35,155,42,91,151,114,123	3,4,0.0085,0,105;6,1,0.4555,0,253;1,5,0.6375,0,111;0,5,0.7815,0,249;0,1,0.4555,0,211;2,0,0.8305,0,66
claim-temporal-development-train-00468	6	0	2	138,135,189,108,167,65,192,205,86,207,15,113,45,141,103,175,92,59,151,177,37,17,52,43,71,21,145,29,93,189,157,73,120,123,192,4	3,5,0.3705,0,180;4,3,0.6275,0,85;3,1,0.3515,2,16;0,4,0.8105,0,117;6,2,0.3435,3,5;2,5,0.4925,0,122
claim-temporal-development-train-00469	1	3	0	179,106,123,36,65,161,51,45,148,183,149,99,182,201,32,132,192,88,21,117,115,60,18,136,14,209,40,73,5,69,93,152,141,201,86,152	4,4,0.5775,0,208;7,2,0.0845,0,91;2,2,0.2465,0,164;0,4,0.1885,0,184;2,0,0.7745,0,114;2,2,0.1965,0,45
claim-temporal-development-train-00470	6	1	1	170,50,107,16,59,173,183,117,137,87,141,91,93,73,101,192,21,163,15,146,165,187,70,180,197,150,115,211,28,68,121,34,43,131,4,45	3,5,0.0435,0,189;3,0,0.6605,0,241;1,1,0.8075,1,220;0,5,0.6895,0,211;4,1,0.7615,0,106;0,1,0.2485,0,73
claim-temporal-development-train-00471	1	3	1	16,200,207,161,123,96,114,178,120,88,40,148,133,37,174,203,27,159,45,15,4,195,138,58,150,80,107,69,86,199,205,141,53,21,67,102	3,5,0.0805,0,49;2,3,0.1495,0,209;4,0,0.7815,0,190;7,4,0.1305,3,122;5,1,0.5215,3,183;2,3,0.5075,0,50
claim-temporal-development-train-00472	6	0	0	166,35,183,177,203,21,215,58,51,127,18,84,141,135,120,1,45,75,44,138,25,149,107,161,116,67,101,167,154,15,145,178,89,93,69,186	0,5,0.5555,0,21;0,1,0.8995,0,232;2,0,0.6335,0,96;2,2,0.2105,0,182;4,1,0.8855,3,178;6,5,0.4785,0,45
claim-temporal-development-train-00473	5	3	2	130,151,100,186,79,89,165,143,18,203,148,137,162,123,115,55,35,93,210,27,42,190,67,21,118,45,191,203,69,13,1,107,213,202,59,87	0,3,0.4055,0,251;2,1,0.5775,0,9;6,1,0.7765,0,211;6,5,0.2415,0,159;3,1,0.6175,1,215;2,0,0.2365,2,189
claim-temporal-development-train-00474	6	2	2	163,69,40,125,86,12,68,130,47,151,163,19,23,190,182,35,158,147,107,94,119,104,174,156,138,29,91,62,49,112,141,173,75,211,3,170	2,2,0.7415,2,124;4,1,0.1625,2,228;0,4,0.9365,0,187;2,4,0.7555,1,12;7,1,0.1565,2,48;4,0,0.4305,0,196
claim-temporal-development-train-00475	4	1	0	83,172,191,38,44,149,66,116,144,91,121,174,199,9,106,77,93,60,184,45,138,14,146,171,72,16,52,200,197,132,28,185,104,21,204,117	8,4,0.1585,0,188;3,4,0.9225,0,234;3,2,0.5195,3,160;4,1,0.6645,0,116;7,0,0.8265,0,73;0,2,0.4655,3,74
claim-temporal-development-train-00476	1	2	0	107,93,159,197,86,17,117,141,130,170,162,190,75,138,203,66,10,147,45,114,1,61,71,212,42,26,197,24,149,162,100,156,55,90,126,34	0,0,0.2725,3,71;1,0,0.5925,0,206;6,3,0.4485,2,74;2,4,0.4235,0,49;3,1,0.4065,0,187;5,0,0.5095,0,200
claim-temporal-development-train-00477	5	0	0	22,132,124,19,138,69,38,182,100,117,149,93,162,164,180,55,177,107,188,25,47,143,86,89,44,205,167,145,152,8,112,68,10,80,154,62	7,0,0.7425,1,76;0,4,0.8925,2,91;6,4,0.8575,0,122;7,4,0.2805,0,174;3,1,0.0695,0,74;3,2,0.5175,2,205
claim-temporal-development-train-00478	0	3	1	127,173,21,144,166,150,170,159,130,167,82,91,63,153,72,117,115,193,30,162,17,198,45,107,50,93,38,74,202,43,67,13,137,148,4,99	3,3,0.3125,0,127;5,4,0.6245,0,16;1,5,0.7245,3,102;1,0,0.6195,0,76;2,1,0.7865,0,1;6,0,0.3625,3,78
claim-temporal-development-train-00479	10	0	1	101,176,69,150,16,39,77,63,117,112,108,200,145,4,54,203,214,45,195,93,21,12,29,175,91,191,136,161,193,64,124,206,141,87,40,134	3,2,0.0595,0,173;4,5,0.0915,0,217;5,5,0.1165,0,248;4,5,0.7825,0,129;4,2,0.0485,0,14;3,4,0.1145,0,30
claim-temporal-development-train-00480	0	3	0	142,213,193,188,107,18,21,94,121,191,149,132,97,45,136,112,4,39,11,203,72,185,180,205,44,76,148,64,153,51,90,211,83,28,117,60	3,1,0.4925,0,233;3,5,0.9975,0,224;2,2,0.0355,3,198;3,1,0.4485,1,11;0,1,0.0615,0,149;0,2,0.0835,1,169
claim-temporal-development-train-00481	1	3	0	30,12,148,37,93,117,88,125,213,47,57,7,114,133,99,149,194,60,82,197,136,196,163,21,193,65,73,18,107,40,156,205,141,152,210,69	6,2,0.4975,0,82;5,3,0.0885,2,43;8,2,0.2335,0,87;0,0,0.0775,0,145;2,1,0.5095,0,81;4,3,0.1795,0,183
claim-temporal-development-train-00482	2	3	0	25,207,182,155,45,12,148,59,18,171,69,189,101,168,123,138,87,93,21,79,52,186,158,143,149,89,117,107,41,173,130,35,116,4,68,197	3,2,0.5255,0,53;0,1,0.3975,0,208;3,1,0.8345,0,77;6,5,0.2695,0,136;4,1,0.9655,0,48;2,0,0.5035,2,125
claim-temporal-development-train-00483	5	2	2	110,77,83,161,176,25,132,99,21,182,187,147,66,141,51,151,69,93,7,140,166,45,177,14,169,18,117,127,212,41,91,115,59,181,209,38	6,4,0.5025,0,102;0,4,0.2925,0,71;2,1,0.5565,0,159;4,1,0.7475,0,233;2,4,0.7195,0,19;6,2,0.8665,0,249
claim-temporal-development-train-00484	0	3	1	199,45,169,170,108,70,90,44,93,137,82,100,150,185,148,160,182,124,28,19,39,183,134,3,113,157,117,68,55,10,141,62,199,73,21,201	2,0,0.7905,0,97;3,5,0.9255,0,188;6,4,0.8475,1,191;0,0,0.4745,0,236;3,2,0.2715,0,216;3,4,0.2165,0,27
claim-temporal-development-train-00485	10	0	2	69,36,117,63,175,111,145,151,75,164,198,3,162,204,11,177,45,123,28,17,141,86,133,159,65,196,53,93,136,196,112,166,41,88,21,105	2,1,0.2635,0,125;3,2,0.2535,0,58;4,5,0.2365,0,81;2,4,0.0985,0,223;8,5,0.1375,0,149;2,3,0.1385,0,103
claim-temporal-development-train-00486	2	0	1	172,11,145,45,185,163,116,53,130,107,69,190,25,137,64,34,212,21,174,177,76,44,105,141,207,19,93,62,85,201,1,188,117,88,150,124	0,1,0.6305,0,110;0,0,0.8435,0,118;4,4,0.1395,0,188;3,3,0.1735,0,204;8,1,0.9655,0,54;3,0,0.2355,0,162
claim-temporal-development-train-00487	6	2	2	69,47,84,172,65,73,206,177,31,191,121,147,35,152,172,51,40,59,205,99,197,113,134,21,12,8,92,151,152,117,141,110,140,19,187,93	7,2,0.7955,0,230;6,1,0.1725,2,146;2,1,0.3695,0,159;0,2,0.9495,0,111;2,4,0.2205,0,101;0,4,0.9735,0,253
claim-temporal-development-train-00488	10	3	2	211,148,17,59,111,157,209,101,212,40,84,24,142,117,93,69,151,11,168,114,124,1,91,45,133,49,137,67,206,172,28,76,180,180,208,34	0,1,0.3975,3,183;3,0,0.0025,0,5;0,1,0.7585,0,226;3,2,0.6975,0,159;4,5,0.5375,0,109;3,3,0.3425,1,141
claim-temporal-development-train-00489	5	1	1	127,45,67,146,175,182,139,112,164,11,62,207,103,135,42,204,150,56,17,21,184,77,93,177,106,33,195,117,154,153,8,91,86,36,141,69	7,1,0.3555,0,105;8,2,0.5635,0,62;7,4,0.6415,0,13;4,4,0.7325,0,60;6,0,0.0625,0,244;6,5,0.6385,0,162
claim-temporal-development-train-00490	5	2	1	80,87,176,158,193,14,163,137,154,21,31,42,150,205,116,69,117,9,35,177,196,122,60,52,198,211,141,17,132,88,109,46,68,93,147,100	8,4,0.3495,0,174;6,1,0.4495,1,146;3,2,0.8415,0,135;7,5,0.0445,0,55;3,3,0.8365,0,224;1,2,0.2005,0,118
claim-temporal-development-train-00491	6	3	0	115,177,197,154,199,49,210,63,30,110,2,140,117,20,211,88,69,83,66,199,129,81,43,104,143,149,133,36,10,94,21,148,154,188,192,48	1,0,0.9855,0,137;5,2,0.6865,3,157;0,5,0.4895,0,173;8,1,0.0455,1,6;7,4,0.7045,0,20;8,3,0.8605,2,65
claim-temporal-development-train-00492	6	0	0	137,114,42,105,211,45,206,69,149,170,11,215,21,5,213,141,145,39,30,175,120,195,201,18,133,194,207,84,90,79,107,49,68,95,127,60	4,1,0.4245,0,133;5,5,0.5895,0,154;0,2,0.9905,0,190;6,2,0.5655,2,28;8,1,0.4505,3,200;6,3,0.2295,0,23
claim-temporal-development-train-00493	0	3	2	14,100,21,40,90,148,151,117,54,65,4,211,204,141,213,174,199,114,86,93,196,208,124,34,160,135,32,62,74,108,17,208,69,185,47,137	3,4,0.2695,0,243;7,0,0.1455,2,244;5,4,0.3845,0,48;1,4,0.5775,0,216;3,2,0.5065,0,200;3,5,0.2385,0,54
claim-temporal-development-train-00494	1	2	0	92,147,158,3,137,82,67,111,13,69,97,45,141,152,21,51,187,115,176,149,75,44,181,125,214,154,198,195,134,26,93,20,171,35,62,118	2,3,0.8125,0,225;1,1,0.9505,0,2;2,4,0.6875,0,21;2,0,0.8885,0,57;0,5,0.6885,1,246;4,4,0.2135,0,80
claim-temporal-development-train-00495	5	2	2	187,101,62,68,205,12,21,90,164,178,111,69,115,151,132,139,39,141,176,152,26,172,204,6,44,127,93,147,19,86,75,118,210,52,160,47	5,2,0.7105,0,128;1,5,0.8965,2,22;3,4,0.9205,0,211;2,4,0.5105,0,146;4,5,0.7215,1,45;6,2,0.6515,0,15
claim-temporal-development-train-00496	2	0	0	152,100,19,184,131,96,84,35,12,161,128,197,41,21,182,111,118,59,45,33,52,78,159,1,175,145,172,69,65,139,112,149,203,89,141,207	0,2,0.7135,0,195;8,1,0.2085,0,73;3,1,0.3285,0,11;5,2,0.3915,3,178;3,5,0.0595,1,182;7,1,0.6535,0,162
claim-temporal-development-train-00497	4	1	1	21,100,135,6,185,115,107,192,165,92,129,150,93,72,137,15,141,56,213,170,46,194,156,146,117,40,19,66,156,86,76,60,29,37,168,190	5,5,0.6265,0,177;4,3,0.1505,1,97;7,2,0.5535,3,236;3,4,0.9055,0,76;3,1,0.7505,0,111;8,5,0.3855,0,96
claim-temporal-development-train-00498	7	2	0	14,168,90,93,178,18,213,149,60,176,134,45,26,207,158,125,117,3,172,84,21,98,171,141,212,147,36,139,69,79,50,175,110,43,68,116	2,4,0.5095,0,104;1,2,0.6365,0,85;1,2,0.8065,0,237;6,2,0.5315,0,14;1,4,0.9405,0,57;4,4,0.6345,0,87
claim-temporal-development-train-00499	10	0	2	38,70,125,64,45,184,134,43,151,93,77,145,141,108,187,4,204,184,156,91,31,10,63,154,156,197,54,100,21,140,87,16,117,115,181,154	3,0,0.1105,0,158;6,4,0.7125,0,245;5,5,0.1375,1,53;4,5,0.7375,0,175;3,2,0.6765,0,242;4,4,0.8185,0,97
claim-temporal-development-train-00500	3	0	0	141,40,22,34,153,92,165,130,140,30,177,123,85,112,98,163,1,203,79,45,108,95,165,52,119,161,170,193,69,215,145,149,20,11,61,66	0,1,0.8915,1,237;5,0,0.1625,0,101;3,3,0.4775,0,175;6,3,0.9555,2,213;1,2,0.0415,2,225;2,0,0.9135,0,209
claim-temporal-development-train-00501	1	3	1	166,117,182,8,10,27,86,190,99,159,69,79,152,51,94,135,43,196,17,138,36,21,61,150,89,148,171,111,66,141,189,45,127,114,188,163	7,0,0.2465,0,195;2,2,0.7135,0,116;2,3,0.5665,0,13;6,4,0.3565,1,127;2,5,0.5735,0,239;6,5,0.4185,0,186
claim-temporal-development-train-00502	5	3	0	117,69,153,45,135,94,7,111,175,102,53,20,112,148,158,188,66,137,89,141,168,155,154,160,32,43,84,149,62,21,14,78,127,179,196,34	6,4,0.8825,0,188;7,0,0.7265,0,118;4,4,0.5765,0,144;5,2,0.3975,1,223;5,5,0.0895,0,206;6,5,0.3195,0,93
claim-temporal-development-train-00503	10	0	2	136,117,165,69,16,210,151,90,124,45,10,77,32,6,99,40,202,169,21,190,61,112,49,202,143,107,132,86,64,156,145,194,173,156,35,93	5,0,0.1545,0,31;7,1,0.0785,0,230;0,3,0.0405,0,140;4,4,0.5315,0,114;2,1,0.0495,0,104;3,2,0.1315,2,110
claim-temporal-development-train-00504	6	3	0	117,13,16,44,69,51,22,137,152,83,199,134,94,199,25,59,213,141,76,158,92,116,148,121,108,38,99,200,45,5,64,212,157,149,180,205	4,3,0.0895,1,7;0,4,0.9095,0,125;2,1,0.1185,0,135;3,1,0.8175,1,30;2,2,0.8655,0,141;0,4,0.2955,0,148
claim-temporal-development-train-00505	9	3	1	211,49,114,150,192,45,89,130,32,12,214,8,21,117,198,18,189,141,148,36,76,199,64,158,93,138,129,110,99,192,213,158,84,63,72,42	7,2,0.4205,0,233;7,2,0.5505,0,170;0,5,0.0445,3,58;3,2,0.2835,0,124;2,4,0.5385,0,23;8,0,0.5975,0,247
claim-temporal-development-train-00506	5	2	1	65,40,47,195,160,71,89,98,131,36,174,203,30,20,181,192,4,93,61,116,86,76,54,141,150,14,154,138,202,117,21,108,152,147,124,201	3,4,0.9765,0,225;5,2,0.0315,2,132;5,3,0.2275,2,237;3,4,0.2015,0,119;1,2,0.8745,0,13;3,1,0.4095,0,176
claim-temporal-development-train-00507	9	2	0	181,138,181,131,116,141,117,92,45,21,189,210,160,80,72,149,123,32,159,111,11,34,58,93,5,55,184,157,147,65,19,103,87,44,161,196	4,1,0.6065,0,160;7,0,0.9625,0,143;6,0,0.2395,3,167;7,5,0.8845,0,49;6,5,0.8605,0,197;2,1,0.5175,0,113
claim-temporal-development-train-00508	1	2	0	178,62,141,77,52,194,136,117,20,135,153,211,68,171,44,127,28,111,93,89,36,207,112,181,147,206,3,149,21,71,184,86,97,45,198,14	2,4,0.8795,0,211;3,2,0.9605,0,16;3,4,0.9895,2,172;4,4,0.2225,0,2;0,5,0.0265,0,254;6,5,0.1235,0,45
claim-temporal-development-train-00509	5	2	1	59,154,42,45,117,150,52,77,113,208,12,69,27,154,134,103,109,190,181,93,82,170,92,8,147,153,137,201,197,38,143,121,20,21,65,213	7,2,0.9095,0,203;2,4,0.5725,0,36;3,1,0.3115,0,76;4,0,0.8395,0,64;6,3,0.2595,0,119;0,4,0.3295,2,107
claim-temporal-development-train-00510	0	3	0	45,131,43,207,60,104,18,198,136,110,176,114,149,166,37,21,93,157,72,52,202,3,211,197,66,82,28,11,76,148,117,197,88,182,141,129	2,1,0.4695,0,237;3,3,0.6305,0,146;3,2,0.4195,3,70;3,0,0.0635,0,180;7,4,0.4265,0,148;8,1,0.0135,0,35
claim-temporal-development-train-00511	7	2	2	62,117,151,140,66,175,107,214,133,56,17,89,186,204,203,122,141,45,97,171,69,159,3,41,39,84,13,179,207,147,28,21,81,160,93,115	2,3,0.3365,0,13;3,5,0.3305,0,15;7,4,0.5625,0,95;8,2,0.3425,0,204;0,1,0.7235,0,124;1,3,0.8335,0,254
claim-temporal-development-train-00512	6	3	0	92,73,38,149,64,117,93,21,211,45,83,191,20,148,12,70,165,162,215,97,30,109,196,113,128,205,165,132,51,43,5,154,62,141,202,140	4,2,0.8105,0,255;5,4,0.6665,0,201;2,4,0.0895,1,151;0,1,0.8405,0,19;0,3,0.2875,0,108;7,2,0.9165,0,233
claim-temporal-development-train-00513	2	0	0	44,171,100,21,91,145,141,16,58,117,149,76,181,164,215,130,36,210,52,137,70,175,108,82,93,3,164,123,112,13,168,66,45,161,208,25	2,3,0.1355,0,188;0,2,0.8675,0,89;3,0,0.5245,1,175;3,0,0.7525,0,91;3,2,0.1475,0,92;2,0,0.2675,0,225
claim-temporal-development-train-00514	0	3	0	141,148,33,131,21,173,162,69,68,117,35,83,189,45,165,140,108,61,13,177,167,1,93,20,77,44,104,52,122,112,183,215,149,90,177,183	0,3,0.9185,0,166;8,1,0.9395,0,65;3,3,0.9305,0,247;4,1,0.4945,0,100;7,2,0.0665,0,198;1,1,0.8385,0,88
claim-temporal-development-train-00515	5	2	2	75,215,119,99,66,37,43,178,50,187,110,124,88,60,141,86,183,194,13,210,69,24,201,16,185,93,151,188,215,28,133,147,3,136,45,116	2,3,0.0305,3,239;3,3,0.6615,0,88;1,2,0.4275,0,150;2,4,0.0635,0,104;2,4,0.9035,2,42;3,3,0.1105,0,182
claim-temporal-development-train-00516	0	3	1	4,66,118,136,92,69,141,42,51,34,114,209,213,45,183,25,21,191,17,208,192,107,150,63,185,104,93,191,130,148,123,165,10,209,76,86	3,0,0.2395,0,221;0,0,0.4945,0,32;2,5,0.4165,0,139;3,4,0.9685,0,42;7,1,0.5875,1,97;2,0,0.0025,0,104
claim-temporal-development-train-00517	2	3	2	44,106,48,137,83,57,130,200,15,201,141,160,24,75,151,93,114,179,174,101,29,160,65,153,148,124,72,17,63,117,89,158,210,152,3,35	2,5,0.2365,3,159;4,1,0.9985,3,17;8,5,0.2805,3,236;2,1,0.3135,0,247;4,0,0.5825,0,114;3,0,0.2595,0,83
claim-temporal-development-train-00518	1	3	2	142,194,197,61,117,99,148,70,173,42,160,17,108,24,36,159,14,114,171,127,189,151,135,200,54,188,82,91,186,137,81,93,31,8,67,45	7,4,0.2325,3,11;6,2,0.4425,0,173;5,3,0.6305,1,196;8,0,0.7915,0,192;2,2,0.5145,0,67;6,5,0.2655,1,162
claim-temporal-development-train-00519	9	3	1	167,19,93,91,69,26,158,117,40,21,136,45,60,130,82,123,38,141,172,64,150,148,191,75,8,174,112,152,97,175,15,196,177,178,49,111	7,5,0.7505,0,179;1,4,0.0785,0,238;0,2,0.0655,0,184;2,0,0.6865,0,116;0,5,0.0625,0,189;2,0,0.1825,0,157
claim-temporal-development-train-00520	2	0	1	64,150,141,136,206,75,112,10,117,91,145,209,69,60,123,4,102,107,17,28,84,215,35,155,211,55,210,44,154,131,21,155,201,210,45,93	3,0,0.2155,0,30;3,1,0.9475,0,94;6,2,0.1765,0,92;2,2,0.6115,0,82;5,1,0.1805,0,90;2,1,0.1405,0,204
claim-temporal-development-train-00521	7	0	1	64,158,145,13,69,159,117,88,16,209,160,5,172,130,150,160,58,116,93,110,98,141,73,35,52,43,25,21,86,169,45,163,138,181,189,125	4,3,0.1195,0,16;0,1,0.6015,0,153;3,0,0.1455,0,255;0,4,0.1705,0,79;1,4,0.8805,0,59;4,0,0.4485,0,109
claim-temporal-development-train-00522	9	2	0	74,56,141,149,91,169,43,130,105,137,199,12,197,111,87,161,127,204,21,213,59,96,37,45,147,68,69,8,19,185,116,176,119,161,25,215	7,2,0.6145,0,238;0,3,0.7375,0,143;7,1,0.9195,0,129;1,5,0.6335,3,249;8,5,0.8155,2,145;6,0,0.2645,0,117
claim-temporal-development-train-00523	5	2	1	40,117,166,126,192,195,141,115,173,208,4,167,150,109,69,181,52,34,77,45,215,82,90,21,58,93,30,65,140,16,178,11,154,130,100,147	3,1,0.1455,0,181;5,0,0.1275,0,160;3,0,0.3505,0,36;4,0,0.4875,0,122;3,3,0.7945,0,226;5,0,0.8185,0,76
claim-temporal-development-train-00524	10	0	0	145,149,210,192,45,143,165,81,88,82,169,13,105,111,21,189,184,16,93,130,71,123,57,117,58,200,139,195,35,43,64,206,174,115,2,29	1,3,0.0895,0,130;4,1,0.7745,0,210;8,0,0.1185,2,153;8,0,0.0275,0,158;8,5,0.6355,0,100;2,0,0.7945,2,48
claim-temporal-development-train-00525	9	0	2	145,164,85,117,21,140,64,40,107,80,189,143,69,122,134,7,151,175,103,157,112,17,45,156,33,57,38,63,10,179,93,210,193,186,89,182	6,0,0.3965,0,197;8,4,0.0935,0,88;8,5,0.1725,0,3;7,3,0.2325,0,205;6,1,0.1625,0,51;1,4,0.9815,2,119
claim-temporal-development-train-00526	5	3	1	39,81,7,183,44,141,93,148,206,67,102,150,69,21,19,188,88,45,130,85,197,55,137,110,188,160,179,28,175,15,115,117,60,207,128,198	6,5,0.6685,0,72;3,5,0.9985,0,173;6,2,0.6505,0,172;8,3,0.1575,0,65;5,4,0.7625,0,211;7,0,0.3205,0,24
claim-temporal-development-train-00527	3	0	0	68,141,93,39,145,149,181,117,172,191,169,10,128,21,69,198,110,28,202,115,198,60,198,50,134,42,19,100,45,83,163,92,214,73,4,136	3,0,0.7565,0,52;3,5,0.5575,0,108;1,2,0.8515,0,183;0,1,0.8545,0,229;3,4,0.6165,0,85;7,4,0.0715,0,0
claim-temporal-development-train-00528	1	0	1	206,208,109,180,155,74,82,161,64,135,140,141,152,92,126,187,18,43,211,150,63,116,93,69,3,160,45,145,31,35,177,55,104,21,15,120	2,5,0.4095,0,222;6,1,0.6415,0,153;6,5,0.1575,0,188;1,0,0.9885,0,101;7,3,0.9765,3,4;5,5,0.9085,0,126
claim-temporal-development-train-00529	5	0	2	183,215,151,124,145,132,98,205,65,17,172,206,35,116,190,141,181,21,107,79,178,70,61,12,93,3,53,120,30,185,44,45,86,92,153,137	2,2,0.3875,0,195;5,1,0.8835,0,54;4,3,0.3505,1,15;6,4,0.9185,0,59;1,1,0.8145,3,224;3,2,0.2515,0,123
claim-temporal-development-train-00530	9	3	1	193,200,140,148,30,98,127,202,15,83,61,117,75,92,93,141,40,133,206,67,19,21,210,115,4,35,170,170,154,56,177,109,45,150,69,174	3,5,0.6235,0,44;5,1,0.0295,0,207;7,3,0.6565,0,99;2,1,0.8865,0,148;1,3,0.6955,0,193;6,3,0.8635,0,58
claim-temporal-development-train-00531	5	2	2	41,134,198,124,90,202,203,93,175,75,193,45,21,103,171,139,108,63,26,112,117,69,20,68,15,1,39,147,52,87,142,155,151,162,156,164	0,5,0.9785,0,67;1,5,0.2625,0,189;3,5,0.9615,0,151;2,5,0.4565,0,5;6,2,0.0505,0,209;3,4,0.7705,1,153
claim-temporal-development-train-00532	7	0	2	13,44,21,6,145,114,62,93,39,206,92,215,123,19,85,198,197,29,117,133,139,154,64,74,151,45,69,54,160,141,98,177,159,184,110,153	5,3,0.6025,0,3;4,5,0.9725,0,101;5,4,0.1595,0,77;1,3,0.9485,0,52;1,4,0.4915,0,155;2,3,0.7035,0,78
claim-temporal-development-train-00533	2	0	2	190,111,203,151,105,135,6,95,43,51,91,112,181,195,123,74,21,12,65,35,19,45,156,205,117,166,59,188,144,69,87,140,173,145,181,31	5,2,0.6715,0,41;6,1,0.6745,0,42;2,1,0.3255,0,56;1,5,0.7675,2,200;8,5,0.0845,0,106;2,5,0.8435,3,203
claim-temporal-development-train-00534	1	0	0	139,158,158,13,99,143,115,152,45,133,4,68,207,86,174,24,214,72,93,121,60,199,75,49,92,145,117,204,149,25,37,41,109,16,180,212	3,3,0.1985,3,253;0,3,0.3765,0,243;0,2,0.8985,3,69;2,4,0.9205,0,76;2,3,0.7495,0,52;0,3,0.7235,2,171
claim-temporal-development-train-00535	9	0	2	180,183,93,189,69,8,145,169,193,18,129,201,151,42,52,117,208,102,142,46,169,15,21,30,205,67,115,63,82,37,75,183,88,136,133,106	7,5,0.4485,0,126;5,3,0.5115,1,155;3,5,0.7335,0,53;2,0,0.0015,0,96;5,0,0.6715,0,102;8,3,0.0525,1,224
claim-temporal-development-train-00536	7	3	2	151,101,107,127,213,68,199,195,201,86,77,202,14,113,189,16,141,182,94,45,37,131,61,88,163,174,25,23,138,50,5,167,69,119,148,43	4,4,0.1345,2,186;0,3,0.6845,0,248;1,3,0.9535,0,159;4,4,0.1145,1,6;4,1,0.3235,2,222;6,1,0.5085,0,93
claim-temporal-development-train-00537	5	2	2	21,177,28,69,151,53,165,3,152,214,93,19,141,147,91,116,104,185,124,117,59,177,159,68,140,39,78,40,45,197,133,83,14,213,109,209	2,4,0.7785,0,244;3,5,0.1595,0,184;4,1,0.9095,0,223;5,1,0.6255,0,238;7,3,0.9445,0,255;3,3,0.8485,0,72
claim-temporal-development-train-00538	1	0	0	14,21,207,69,138,196,145,162,119,149,201,92,110,85,113,40,3,209,141,45,207,154,131,95,28,16,170,68,125,186,101,38,63,78,152,51	2,4,0.0985,0,64;3,4,0.0945,0,150;2,5,0.9795,0,209;5,3,0.9065,2,63;4,4,0.2745,2,254;4,1,0.4205,0,238
claim-temporal-development-train-00539	10	3	0	33,112,51,91,148,170,160,180,175,175,77,191,155,199,93,58,70,175,45,65,125,141,7,101,117,21,132,107,162,13,137,149,35,16,40,86	6,3,0.1685,0,83;8,1,0.0815,0,82;2,0,0.3205,1,151;4,4,0.6925,0,137;4,1,0.1165,0,248;4,2,0.2965,0,37
claim-temporal-development-train-00540	10	0	2	211,140,93,196,11,107,141,158,180,214,151,38,44,77,62,69,87,117,113,158,21,51,131,20,32,124,173,92,159,202,4,67,145,186,102,45	3,1,0.8255,0,111;7,4,0.8555,0,47;2,4,0.6615,0,2;4,5,0.9025,0,183;5,1,0.2455,0,100;3,1,0.8855,0,26
claim-temporal-development-train-00541	3	0	2	90,159,21,67,211,83,182,17,9,25,69,139,205,93,45,34,108,103,63,175,204,119,55,141,145,113,12,195,124,40,151,135,154,73,166,169	8,2,0.3315,0,140;0,0,0.1695,0,95;6,5,0.7585,0,232;0,1,0.5435,0,88;6,2,0.2815,2,253;3,5,0.6495,0,198
claim-temporal-development-train-00542	6	1	2	162,117,128,215,88,196,44,71,45,166,132,146,25,113,139,151,78,190,20,141,162,169,67,86,206,200,57,173,5,107,12,36,97,62,93,21	4,2,0.8395,0,198;0,2,0.8125,0,125;8,4,0.7025,2,22;5,4,0.0215,0,219;0,1,0.2115,0,24;7,2,0.7335,0,107
claim-temporal-development-train-00543	0	3	2	40,166,128,21,164,66,201,151,103,45,138,17,184,5,52,111,215,179,117,134,63,12,29,113,75,93,141,173,39,193,85,180,92,69,148,215	4,2,0.3685,0,249;4,5,0.0495,0,164;3,5,0.4865,0,62;2,3,0.8305,0,126;6,5,0.3385,0,161;7,4,0.5765,0,163
claim-temporal-development-train-00544	10	2	1	117,87,34,26,45,192,78,138,208,67,174,131,147,93,129,21,92,201,42,200,4,69,179,10,150,202,53,213,112,110,141,17,61,168,213,97	3,0,0.3185,0,0;1,0,0.5405,0,154;4,3,0.6325,0,77;5,5,0.9955,0,59;0,4,0.1015,0,125;8,1,0.5085,0,241
claim-temporal-development-train-00545	5	2	1	68,63,200,30,183,116,106,44,187,133,158,150,141,9,69,117,12,154,170,147,52,93,98,16,166,45,167,84,36,124,81,92,158,166,21,137	8,2,0.1595,0,132;5,2,0.9245,0,31;3,5,0.8445,0,26;8,2,0.9265,0,60;1,0,0.8465,0,80;3,3,0.2825,0,47
claim-temporal-development-train-00546	1	2	1	63,95,112,15,138,163,215,150,22,192,166,83,88,181,117,41,176,76,98,25,182,109,141,206,188,38,55,133,69,147,46,64,215,17,123,3	2,5,0.2125,1,214;0,4,0.2575,1,124;6,5,0.0415,0,163;3,1,0.1945,2,45;1,3,0.0185,0,107;2,3,0.5685,0,84
claim-temporal-development-train-00547	8	2	0	21,147,194,134,141,4,179,189,93,166,72,87,149,66,51,42,126,100,35,138,210,215,112,62,165,30,90,199,16,14,74,118,45,184,107,195	3,4,0.1875,0,170;5,1,0.5555,0,183;2,4,0.5055,3,192;1,5,0.4465,0,33;3,1,0.1665,1,247;5,4,0.5055,0,5
claim-temporal-development-train-00548	2	2	2	158,180,144,157,83,174,93,43,199,201,65,8,147,117,19,26,130,156,139,108,90,80,35,63,45,123,21,151,172,10,54,99,186,115,170,69	7,0,0.7075,0,131;1,1,0.7455,0,68;5,5,0.3215,0,38;7,1,0.4535,0,99;2,2,0.7115,0,75;2,0,0.7625,3,128
claim-temporal-development-train-00549	10	3	1	188,133,117,141,22,48,34,19,123,204,105,108,88,56,136,64,194,60,191,40,14,26,156,85,95,196,198,69,5,81,114,150,179,208,180,148	4,4,0.7085,1,174;1,0,0.1115,3,54;7,2,0.0075,0,135;8,3,0.1585,2,255;8,2,0.4865,0,46;2,3,0.0075,0,59
claim-temporal-development-train-00550	8	3	2	58,195,36,30,97,113,24,117,95,189,84,43,67,211,136,151,163,111,195,69,74,152,187,17,148,194,197,88,123,208,45,6,132,13,51,142	5,3,0.3255,3,32;5,2,0.7055,0,86;2,0,0.7675,0,165;1,2,0.0835,2,179;0,5,0.3605,0,220;2,2,0.0815,1,1
claim-temporal-development-train-00551	1	0	2	171,68,55,176,42,91,132,28,178,93,75,156,17,99,23,36,186,145,122,117,107,151,59,186,10,45,152,69,170,3,204,112,136,87,144,189	2,0,0.2955,2,87;3,2,0.5595,0,153;6,1,0.8435,0,80;2,5,0.7185,0,186;2,1,0.1105,0,217;1,2,0.0095,3,101
claim-temporal-development-train-00552	7	3	1	148,137,206,21,206,154,108,168,97,93,131,69,32,35,142,43,48,176,112,180,52,123,81,181,150,2,63,91,15,117,19,199,172,64,84,206	1,5,0.6095,0,36;7,1,0.6035,3,159;3,5,0.1535,0,152;8,2,0.7915,0,144;0,2,0.1815,0,249;2,1,0.2465,1,106
claim-temporal-development-train-00553	3	0	1	103,108,77,140,21,45,215,131,156,192,190,117,181,60,28,85,156,2,141,150,208,145,112,89,204,209,51,37,15,179,69,126,66,93,18,44	1,5,0.5185,0,176;3,3,0.8515,0,244;2,2,0.5335,0,6;4,3,0.3815,0,105;6,2,0.1335,0,34;5,1,0.8995,0,210
claim-temporal-development-train-00554	1	0	0	89,82,142,93,30,109,67,188,45,149,198,21,213,191,178,39,75,173,187,51,145,19,62,166,69,7,137,12,135,40,123,117,114,184,102,155	6,2,0.7765,0,6;5,5,0.0785,0,104;2,4,0.7135,0,105;2,0,0.2355,0,73;5,3,0.5025,0,31;2,5,0.3445,1,244
claim-temporal-development-train-00555	6	2	2	151,83,71,97,37,21,75,53,212,178,147,172,136,117,114,89,167,173,203,156,129,68,209,95,109,135,41,27,10,1,58,20,175,141,45,213	0,0,0.9755,0,235;2,3,0.3855,0,9;4,0,0.9285,2,47;2,1,0.3735,2,158;0,3,0.4075,0,20;8,5,0.0095,0,211
claim-temporal-development-train-00556	1	3	0	170,28,117,73,178,149,46,85,40,39,121,211,69,152,204,15,106,68,88,62,164,51,181,130,192,93,141,3,114,101,177,21,148,19,176,137	2,5,0.6175,0,231;3,5,0.1745,1,82;2,4,0.8145,0,132;0,3,0.0975,0,156;4,0,0.5585,0,45;0,0,0.3045,0,128
claim-temporal-development-train-00557	9	0	2	162,84,177,137,117,167,124,186,145,160,144,159,41,68,109,187,19,28,104,175,212,155,151,22,37,56,114,45,11,93,132,91,69,76,63,6	5,1,0.6005,1,230;3,3,0.3455,0,158;7,5,0.9865,0,44;3,2,0.6475,0,23;7,3,0.4145,0,11;3,2,0.3975,3,54
claim-temporal-development-train-00558	7	1	2	117,21,121,66,114,107,135,2,82,74,44,209,141,57,155,94,11,19,189,45,37,187,153,206,202,151,139,189,58,155,69,146,91,26,100,180	1,1,0.7085,0,178;1,3,0.8515,0,64;8,0,0.5185,0,197;1,0,0.6915,1,76;3,1,0.5215,0,160;0,5,0.6125,0,242
claim-temporal-development-train-00559	5	2	1	93,5,17,160,165,22,85,109,74,103,141,60,123,134,137,164,32,147,45,161,54,183,89,207,69,117,211,13,211,159,65,36,193,113,41,150	4,3,0.2725,1,22;7,2,0.2235,0,88;5,2,0.2605,0,121;1,3,0.3525,0,107;6,3,0.2055,0,180;2,4,0.3645,0,66
claim-temporal-development-train-00560	9	3	2	202,112,93,123,87,141,157,151,167,133,21,136,90,186,46,40,17,161,69,101,13,118,62,209,29,206,106,68,148,206,175,39,80,171,9,51	8,3,0.3015,0,96;4,5,0.1565,1,59;2,4,0.8655,0,52;7,5,0.4035,0,54;4,0,0.1835,1,241;2,3,0.1385,0,235
claim-temporal-development-train-00561	6	3	1	74,154,201,185,67,110,38,92,214,186,93,204,181,141,195,21,130,136,150,197,45,148,129,156,83,60,69,53,11,5,117,25,114,44,103,18	4,1,0.4625,0,63;0,4,0.8855,0,58;4,2,0.7915,0,212;1,1,0.9145,0,190;6,4,0.5725,0,165;8,0,0.0805,0,196
claim-temporal-development-train-00562	6	0	0	120,134,109,105,141,149,121,158,57,159,181,208,165,157,205,58,136,73,21,17,4,40,30,145,39,87,93,90,176,67,70,11,195,171,114,45	3,1,0.2975,0,47;5,5,0.1825,0,97;8,0,0.6845,1,193;0,5,0.4675,0,220;8,3,0.4475,3,73;0,4,0.0755,0,172
claim-temporal-development-train-00563	6	0	1	45,65,131,21,145,75,168,60,69,171,13,158,186,123,82,115,103,93,174,9,168,92,179,37,143,117,44,140,191,57,150,19,204,25,110,200	8,3,0.6825,0,69;0,3,0.8155,0,114;8,2,0.3605,0,121;2,0,0.8725,0,136;6,4,0.7645,0,99;2,1,0.8545,2,5
claim-temporal-development-train-00564	10	3	1	150,4,57,12,29,112,117,65,45,21,60,158,126,141,173,88,93,148,190,166,44,187,111,85,188,99,80,213,179,168,135,38,174,16,137,69	3,2,0.1885,0,177;4,4,0.9665,0,176;8,2,0.2725,0,35;7,3,0.0495,0,211;2,5,0.0745,0,101;5,5,0.3335,0,251
claim-temporal-development-train-00565	0	3	0	62,148,45,177,10,17,67,42,117,35,90,144,196,134,93,163,157,103,205,193,52,139,110,209,5,112,211,69,129,207,23,149,82,27,207,73	4,0,0.2465,2,240;2,1,0.4745,0,247;3,4,0.6155,0,17;0,0,0.4365,0,24;6,4,0.1045,0,120;8,4,0.7305,3,16
claim-temporal-development-train-00566	0	3	0	44,117,66,198,163,208,141,172,97,93,4,135,109,15,148,198,184,136,21,128,79,84,159,69,20,204,90,115,62,31,34,48,199,51,188,149	3,5,0.9415,0,59;6,0,0.9235,3,91;2,4,0.5685,0,167;6,2,0.4485,0,143;0,3,0.7005,0,230;7,5,0.1555,0,4
claim-temporal-development-train-00567	0	3	0	100,141,114,36,166,183,208,128,41,149,14,185,87,204,66,27,62,50,183,156,132,213,17,89,137,73,117,93,69,148,45,205,21,172,109,2	1,4,0.2045,0,28;2,2,0.3605,0,243;1,4,0.5675,0,138;0,5,0.2375,0,150;3,3,0.5855,0,107;7,2,0.2395,0,40
claim-temporal-development-train-00568	7	2	1	70,193,9,113,35,122,16,172,147,200,183,76,32,88,84,141,140,93,21,205,119,65,101,57,154,111,10,150,195,183,40,46,61,199,194,131	8,0,0.0855,0,75;7,1,0.1085,1,211;8,3,0.2205,1,23;3,2,0.0165,0,81;4,5,0.3885,2,0;1,1,0.9925,0,225
claim-temporal-development-train-00569	0	3	1	93,34,72,214,32,60,105,141,85,148,153,16,184,150,21,190,180,45,90,135,106,124,57,137,4,207,10,118,42,66,116,178,200,174,213,76	3,0,0.1965,0,45;7,0,0.4485,0,100;8,2,0.4045,3,216;3,3,0.4675,0,144;8,0,0.8845,1,42;3,5,0.3875,0,201
claim-temporal-development-train-00570	8	3	2	167,126,183,107,168,50,151,20,194,45,93,43,176,141,69,102,92,77,172,39,187,117,10,82,59,5,157,200,27,200,65,138,21,148,134,114	4,0,0.9645,0,179;2,5,0.6475,0,95;1,1,0.3205,0,169;4,0,0.8755,0,46;5,1,0.5315,0,179;5,4,0.4655,0,5
claim-temporal-development-train-00571	2	0	0	81,91,29,112,22,164,58,117,191,199,7,170,84,179,94,207,39,187,145,214,142,65,13,135,69,45,149,18,136,128,202,53,101,110,169,40	6,3,0.5755,1,129;4,5,0.0375,0,87;4,0,0.3505,0,83;8,2,0.7835,1,185;4,4,0.0545,0,78;7,5,0.0555,1,96
claim-temporal-development-train-00572	5	2	1	16,135,75,147,193,203,184,45,101,205,89,39,127,141,191,60,113,51,31,150,43,69,106,14,85,136,1,21,64,93,211,119,164,184,209,181	0,4,0.0805,0,137;6,5,0.7145,0,121;2,2,0.0555,0,245;2,3,0.2815,0,55;4,0,0.2705,2,54;6,5,0.1185,0,57
claim-temporal-development-train-00573	5	3	0	163,194,190,107,39,104,2,200,40,85,19,204,117,67,29,141,92,198,140,148,63,21,190,124,149,15,131,45,69,54,210,93,79,210,113,197	1,5,0.6515,0,105;4,5,0.1985,0,184;5,5,0.6575,0,65;6,3,0.9915,0,92;7,1,0.3245,0,2;3,1,0.8365,0,20
claim-temporal-development-train-00574	3	0	1	62,17,103,198,150,44,38,191,64,176,110,28,140,2,160,45,93,132,21,144,113,117,124,82,210,145,69,92,50,76,191,202,186,13,174,199	1,3,0.2615,0,229;3,4,0.8565,0,219;1,4,0.1065,0,119;3,0,0.8725,0,129;6,4,0.3985,0,26;3,2,0.8925,3,232
claim-temporal-development-train-00575	10	0	2	7,69,203,178,37,135,173,145,161,97,200,141,166,29,19,156,94,21,106,60,42,12,202,117,86,115,90,78,67,137,51,122,159,45,151,153	6,2,0.6625,0,48;4,3,0.5495,0,84;2,2,0.7005,0,133;5,4,0.5185,1,110;0,0,0.7515,0,204;1,5,0.2565,0,228
claim-temporal-development-train-00576	2	1	1	93,150,46,141,58,65,100,155,171,130,80,107,116,43,146,28,24,6,188,38,179,70,91,121,52,20,117,194,14,199,178,153,177,139,205,82	5,4,0.8065,3,206;3,4,0.6355,1,182;3,0,0.3495,1,15;7,0,0.7145,0,45;3,1,0.9355,0,239;0,0,0.6325,0,244
claim-temporal-development-train-00577	10	0	2	43,36,207,131,17,145,53,214,104,13,59,68,108,29,139,125,151,93,170,184,88,160,114,87,69,176,5,186,21,45,141,162,212,75,182,119	4,3,0.3175,0,220;4,2,0.7865,0,69;4,1,0.8245,0,99;2,5,0.1445,0,125;7,2,0.5205,2,95;4,1,0.6185,0,151
claim-temporal-development-train-00578	1	0	0	133,99,21,123,157,93,45,185,27,187,18,39,160,88,169,170,162,117,166,10,63,145,144,67,174,9,149,107,173,53,75,86,137,69,115,44	8,0,0.5245,0,246;2,5,0.9025,0,144;4,5,0.7655,0,33;2,4,0.0375,0,91;2,1,0.7985,0,206;2,3,0.3705,3,174
claim-temporal-development-train-00579	3	0	2	117,187,157,20,124,67,59,50,155,99,76,198,15,45,21,85,141,154,211,156,69,4,43,145,107,162,26,89,208,37,136,93,116,215,151,130	3,5,0.8195,0,25;1,3,0.7225,0,62;1,1,0.6215,0,144;3,3,0.2255,0,68;2,1,0.9135,0,133;3,0,0.0245,0,187
claim-temporal-development-train-00580	3	0	0	110,169,104,113,42,120,67,47,60,37,21,85,145,199,157,76,33,155,149,52,91,187,171,12,141,135,124,69,94,1,200,137,161,18,178,174	0,2,0.5895,0,27;8,3,0.4565,2,183;3,2,0.7285,0,142;3,3,0.7965,1,26;7,4,0.2065,3,174;3,5,0.3835,0,250
claim-temporal-development-train-00581	5	2	1	21,93,113,39,176,66,100,206,9,170,40,123,201,18,186,139,87,28,48,111,133,60,69,173,212,173,11,52,147,141,75,120,150,174,192,88	8,1,0.4085,0,54;3,5,0.0045,3,161;3,2,0.4895,0,43;2,5,0.0645,0,161;3,5,0.2705,3,194;2,3,0.7575,0,58
claim-temporal-development-train-00582	2	3	1	200,45,21,177,62,33,162,140,178,10,69,124,117,84,74,42,141,19,97,203,211,7,88,113,178,131,65,93,53,154,36,110,150,159,154,148	6,0,0.6545,0,93;8,2,0.5915,0,173;4,4,0.3335,0,14;1,2,0.1495,0,213;0,4,0.3505,0,70;3,1,0.8985,0,9
claim-temporal-development-train-00583	7	1	2	93,146,194,58,122,169,90,82,182,161,42,198,187,74,68,38,15,19,117,4,110,114,151,45,57,141,138,71,178,209,180,24,97,134,170,29	3,5,0.7735,3,117;4,4,0.4745,0,45;8,0,0.8275,2,161;1,0,0.4835,0,73;0,4,0.4055,0,229;1,4,0.4425,0,193
claim-temporal-development-train-00584	5	2	2	136,50,151,163,12,115,209,109,82,38,20,171,69,206,167,117,202,200,62,64,45,147,135,197,124,21,206,75,88,40,141,208,8,100,28,93	7,2,0.8125,0,39;3,4,0.0755,0,253;1,4,0.0015,0,59;2,0,0.0475,0,40;3,3,0.7405,0,105;3,5,0.0475,0,177
claim-temporal-development-train-00585	1	3	2	199,119,96,46,168,131,61,10,51,205,142,69,157,78,42,115,193,88,100,170,163,203,137,202,68,148,151,86,172,21,28,34,123,19,106,3	2,0,0.7775,0,77;3,0,0.5775,1,203;2,3,0.8105,0,38;5,4,0.0755,3,170;3,0,0.6395,2,221;2,1,0.2025,1,252
claim-temporal-development-train-00586	1	2	2	123,93,158,18,207,155,147,41,155,21,55,113,174,152,159,89,85,168,63,71,102,66,206,15,214,141,117,78,33,151,38,136,45,134,3,110	2,5,0.4265,0,105;8,4,0.2285,0,76;6,5,0.5645,2,238;5,3,0.2225,0,75;5,4,0.3945,0,115;2,4,0.1865,0,201
claim-temporal-development-train-00587	10	1	2	58,37,181,52,211,166,100,131,18,141,69,138,74,162,5,189,82,90,146,207,15,161,45,125,191,215,111,30,120,151,93,114,44,209,21,67	4,5,0.5065,0,23;5,3,0.9555,0,146;3,0,0.6655,0,62;1,0,0.4365,0,175;3,5,0.4595,3,201;4,1,0.5225,0,153
claim-temporal-development-train-00588	10	0	1	11,177,181,164,159,9,29,76,50,39,161,119,69,101,96,134,208,194,150,43,152,145,142,109,21,198,127,65,45,91,85,58,116,155,17,137	8,1,0.3175,0,230;4,5,0.7845,0,8;1,0,0.3845,0,2;3,3,0.6525,3,134;4,3,0.8865,2,210;6,4,0.2195,1,190
claim-temporal-development-train-00589	3	0	2	21,184,4,114,94,86,64,75,45,91,50,135,202,214,198,205,117,141,37,11,204,123,59,108,72,177,139,177,151,100,145,206,160,40,28,17	3,1,0.3675,0,5;3,3,0.1125,0,61;1,1,0.0185,3,176;2,4,0.7665,1,131;3,2,0.5875,0,51;2,5,0.7745,0,149
claim-temporal-development-train-00590	1	0	0	166,28,111,116,214,162,43,133,211,123,48,149,101,24,53,117,161,64,180,175,14,9,141,82,18,178,58,92,201,69,34,75,163,93,138,145	8,4,0.5165,3,225;3,0,0.6085,3,55;4,0,0.1865,0,133;2,0,0.9175,0,224;4,5,0.9275,0,26;2,3,0.5525,0,81
claim-temporal-development-train-00591	6	1	2	113,146,23,44,28,131,141,69,179,154,204,124,102,93,151,58,212,12,64,16,52,153,161,106,87,160,140,45,173,90,117,73,153,35,206,2	1,2,0.0225,2,98;3,1,0.9745,0,139;3,0,0.0505,0,211;0,5,0.5555,0,155;5,0,0.3705,0,197;3,1,0.8185,0,89
claim-temporal-development-train-00592	0	3	2	100,156,199,116,13,138,31,130,179,75,117,165,169,61,4,86,180,21,169,183,151,45,111,148,18,143,69,40,160,129,93,64,52,90,203,34	3,3,0.5545,0,17;6,0,0.1465,0,66;3,3,0.0605,0,68;2,4,0.4785,0,133;3,5,0.8665,0,233;8,0,0.4135,2,232
claim-temporal-development-train-00593	9	0	1	200,37,46,194,12,205,206,159,71,145,139,66,184,57,117,16,194,88,130,153,32,115,42,82,76,9,21,141,150,175,104,60,93,110,125,160	8,2,0.0555,0,104;7,3,0.4685,1,166;8,2,0.5735,2,193;3,0,0.0615,0,128;7,4,0.7375,0,116;4,0,0.7205,0,195
claim-temporal-development-train-00594	5	2	0	187,123,100,140,64,17,21,132,57,117,39,13,88,141,167,47,209,9,62,162,94,72,171,116,149,83,209,25,76,188,161,110,207,213,147,41	8,3,0.3825,0,230;0,5,0.2575,2,194;8,4,0.0195,3,21;3,1,0.1775,1,190;3,4,0.9395,0,209;2,2,0.8535,0,174
claim-temporal-development-train-00595	8	0	1	139,21,39,145,213,133,141,115,14,54,77,70,179,176,111,46,163,162,65,91,33,83,168,96,150,6,193,128,100,43,166,117,157,60,189,20	5,4,0.8865,0,159;8,5,0.6665,1,48;5,2,0.3835,1,203;4,1,0.6355,3,110;3,5,0.7525,0,122;7,3,0.7965,0,132
claim-temporal-development-train-00596	2	3	0	16,154,117,3,203,149,115,33,80,187,92,97,59,207,136,93,148,83,12,202,67,170,121,21,39,131,200,187,186,141,45,69,206,41,107,52	2,2,0.0805,0,21;8,5,0.2805,0,238;3,1,0.7185,0,122;7,1,0.8565,0,135;0,1,0.6095,0,115;0,1,0.1905,0,154
claim-temporal-development-train-00597	5	2	1	99,191,160,67,135,214,147,76,150,89,93,141,215,116,62,18,32,21,35,40,165,87,45,69,117,204,4,204,154,138,106,124,204,56,193,15	3,5,0.4245,0,59;7,1,0.1055,0,177;7,4,0.7965,0,188;3,5,0.2295,0,229;2,0,0.9095,0,249;3,5,0.5545,0,15
claim-temporal-development-train-00598	10	0	2	4,198,64,166,70,110,34,59,174,135,186,46,152,187,10,84,141,120,115,158,94,29,176,99,89,151,129,20,41,137,145,21,154,172,81,51	3,0,0.9555,0,248;4,0,0.3725,1,38;2,1,0.1915,1,42;8,2,0.2465,1,249;2,4,0.7875,3,223;8,5,0.2395,0,204
claim-temporal-development-train-00599	0	3	1	148,19,171,157,85,150,106,134,100,157,160,8,172,72,43,207,60,21,76,92,53,184,45,156,93,209,112,10,124,68,25,140,143,35,118,159	7,0,0.7475,0,11;0,1,0.7815,0,199;4,2,0.9945,3,205;3,3,0.8405,0,59;3,0,0.1335,1,197;3,4,0.9375,2,176
claim-temporal-development-train-00600	1	0	2	123,69,141,194,55,21,67,45,16,151,80,199,185,38,90,155,194,82,145,3,115,158,13,102,117,163,167,62,161,130,139,43,108,93,209,27	2,3,0.1305,0,161;2,4,0.7235,0,1;6,4,0.7935,0,182;7,0,0.5555,0,63;5,2,0.7175,0,95;2,0,0.6555,0,44
claim-temporal-development-train-00601	0	3	0	193,205,68,126,83,177,69,148,92,113,45,213,173,106,117,93,74,17,1,15,37,97,177,52,63,214,141,131,21,149,188,41,188,26,139,199	0,5,0.2995,0,172;1,3,0.2115,0,243;3,5,0.9145,0,133;1,1,0.9325,0,4;0,0,0.3065,0,70;5,1,0.7715,0,154
claim-temporal-development-train-00602	5	2	2	205,188,84,159,93,129,159,14,90,100,52,138,44,132,78,167,203,151,199,111,144,16,116,167,30,117,36,147,186,72,45,59,201,64,3,21	2,4,0.0655,0,179;5,2,0.9495,0,101;3,1,0.1115,3,6;5,2,0.4625,0,45;3,5,0.9825,0,193;8,2,0.4355,3,96
claim-temporal-development-train-00603	1	2	2	20,211,58,65,55,159,162,208,89,141,198,69,75,45,200,14,44,209,198,139,128,117,130,8,147,151,115,108,93,161,98,27,212,24,84,36	7,4,0.8535,3,71;2,2,0.8455,0,145;6,0,0.3085,0,86;2,2,0.3965,0,61;1,2,0.7285,0,236;7,0,0.7745,0,239
claim-temporal-development-train-00604	9	0	2	21,109,144,117,2,53,93,190,145,33,14,138,62,80,201,153,192,183,38,85,159,45,130,89,127,65,197,99,42,151,112,214,71,167,19,164	1,4,0.7435,0,141;8,4,0.5055,0,167;4,4,0.3965,2,75;7,3,0.3585,0,18;2,3,0.0135,0,58;6,0,0.4345,3,151
claim-temporal-development-train-00605	5	2	2	136,38,130,49,191,153,20,194,214,117,67,58,69,88,31,11,102,6,147,175,45,110,114,76,165,166,213,44,93,24,84,123,176,141,210,151	5,1,0.9085,3,157;6,4,0.8665,0,210;0,0,0.7675,0,94;3,2,0.0155,0,166;5,4,0.5895,0,135;2,0,0.1385,0,103
claim-temporal-development-train-00606	2	0	1	89,152,181,21,138,94,150,200,141,69,127,145,178,117,28,45,174,68,204,2,82,132,211,41,79,198,106,14,114,38,181,98,51,174,60,18	1,4,0.4345,0,7;3,4,0.2505,0,218;2,2,0.8605,0,192;6,0,0.2755,1,98;1,0,0.4095,0,167;6,2,0.5105,0,99
claim-temporal-development-train-00607	10	2	2	9,79,208,47,127,187,176,21,61,20,103,131,43,66,120,139,107,88,83,141,52,151,162,156,112,169,72,15,93,196,156,35,195,28,196,147	8,5,0.8235,0,125;3,1,0.6865,2,163;3,3,0.4465,3,212;6,1,0.1505,0,138;6,1,0.0845,3,107;6,1,0.6935,0,57
claim-temporal-development-train-00608	8	2	0	214,116,130,42,93,21,78,52,4,102,87,108,30,117,152,173,204,139,183,129,189,172,45,69,141,215,147,149,20,153,61,164,92,37,15,68	3,5,0.9655,0,125;5,3,0.4235,0,253;3,3,0.9145,0,15;5,5,0.9745,0,251;5,2,0.9625,0,242;8,0,0.6305,0,226
claim-temporal-development-train-00609	5	3	2	21,82,54,64,45,20,151,117,7,91,192,106,26,131,43,213,214,138,61,103,168,167,169,184,93,141,35,187,74,13,113,175,191,69,148,125	6,3,0.9295,0,159;1,1,0.7945,0,176;5,3,0.1115,0,134;1,0,0.7015,0,134;6,0,0.3435,0,151;4,1,0.5625,0,103
claim-temporal-development-train-00610	8	0	1	172,58,179,145,4,189,191,112,166,200,77,102,49,12,93,83,89,19,177,117,126,140,40,150,34,174,21,141,69,177,67,30,107,203,45,133	3,2,0.6805,0,72;5,0,0.1755,0,202;0,0,0.6285,0,118;4,1,0.2135,0,163;5,1,0.0335,0,41;5,3,0.8355,0,155
claim-temporal-development-train-00611	2	0	2	184,21,130,65,42,194,107,9,69,158,90,120,49,145,104,34,128,16,158,161,115,151,14,48,27,166,136,162,82,60,196,212,141,93,76,210	8,4,0.0685,0,19;2,0,0.4695,3,254;0,2,0.2795,0,67;3,0,0.5835,0,185;7,1,0.7875,3,11;7,0,0.0365,0,187
claim-temporal-development-train-00612	5	2	1	53,124,40,211,59,17,133,115,182,172,94,200,137,36,117,193,188,77,4,92,12,147,111,69,207,169,22,150,87,185,195,66,141,31,100,47	3,2,0.3045,1,252;6,2,0.0155,2,22;4,1,0.4995,0,126;4,5,0.9725,1,241;3,5,0.7395,0,64;3,3,0.3765,0,136
claim-temporal-development-train-00613	5	2	0	117,130,157,185,41,189,139,22,3,65,114,11,60,35,206,149,91,177,69,208,86,147,109,128,81,16,195,31,103,162,141,45,152,185,49,93	2,1,0.0975,1,25;6,1,0.2865,0,98;0,2,0.2175,0,186;8,4,0.7105,0,46;6,3,0.5615,0,227;7,0,0.6275,0,90
claim-temporal-development-train-00614	1	2	0	41,63,86,93,10,107,147,114,122,19,117,158,21,100,211,149,200,38,162,90,131,194,69,65,161,1,137,28,182,45,209,141,75,154,57,193	0,0,0.6035,0,80;3,4,0.2335,0,245;8,5,0.3205,0,118;2,4,0.5835,0,95;3,1,0.4095,0,213;1,1,0.2985,0,239
claim-temporal-development-train-00615	9	3	0	208,148,196,129,87,21,38,195,63,141,43,16,152,134,33,184,68,165,94,149,90,3,215,117,69,56,199,97,138,110,112,74,45,181,14,205	2,4,0.1495,0,19;8,4,0.6045,0,70;7,5,0.9545,0,181;1,5,0.5575,1,246;0,4,0.1875,0,26;8,4,0.4195,0,168
claim-temporal-development-train-00616	8	2	2	141,184,153,69,19,135,68,140,98,151,126,204,94,194,147,108,14,199,29,56,35,60,113,194,199,47,83,194,21,117,6,160,44,168,77,88	5,4,0.6705,0,153;4,1,0.8895,2,181;7,2,0.9075,0,18;4,1,0.0175,1,158;1,2,0.3065,0,150;5,5,0.8335,0,98
claim-temporal-development-train-00617	1	0	0	137,206,9,114,93,180,156,109,56,68,145,105,45,122,161,91,202,170,21,87,61,75,15,198,71,130,141,40,34,26,176,167,17,149,186,117	8,5,0.3225,0,160;1,0,0.0435,0,207;7,3,0.9005,2,188;2,5,0.6115,0,95;8,3,0.5265,0,79;1,0,0.2815,0,131
claim-temporal-development-train-00618	0	3	1	93,135,189,114,69,22,90,153,150,44,52,76,117,141,189,18,107,45,204,167,85,167,192,3,176,64,59,148,38,137,124,12,206,178,102,27	2,2,0.4975,1,61;2,4,0.8575,0,0;3,1,0.0185,0,207;3,3,0.5255,0,75;5,1,0.5035,0,199;3,5,0.3895,0,23
claim-temporal-development-train-00619	7	2	2	56,125,38,17,171,192,203,3,147,91,84,202,151,65,78,13,45,104,184,134,114,137,110,69,181,144,60,186,207,26,173,43,21,120,169,93	2,3,0.3885,0,113;1,4,0.6115,0,147;7,2,0.2345,0,42;5,2,0.6715,0,111;7,4,0.5145,3,175;4,4,0.2075,3,49
claim-temporal-development-train-00620	0	3	2	67,202,164,103,61,178,27,132,4,141,120,77,152,21,93,45,40,84,19,107,168,115,124,148,174,203,151,155,212,69,193,140,36,55,91,15	3,5,0.7815,0,71;2,2,0.1815,0,10;6,3,0.6835,0,135;4,2,0.6005,0,37;6,1,0.6455,3,248;3,2,0.9175,0,247
claim-temporal-development-train-00621	3	0	2	20,141,21,130,91,38,121,76,112,215,178,151,171,186,210,178,69,56,145,44,206,12,93,68,87,98,110,117,58,156,170,138,3,187,30,45	2,2,0.8245,0,42;5,4,0.8295,0,50;7,0,0.9665,0,223;3,5,0.7165,0,8;1,4,0.1235,0,78;0,0,0.5075,0,26
claim-temporal-development-train-00622	5	1	2	126,185,138,103,214,144,130,179,54,157,193,7,69,19,174,14,65,210,181,92,76,177,40,60,48,108,39,151,82,117,93,31,114,146,159,21	6,4,0.7015,0,129;6,5,0.0665,3,181;5,2,0.2985,0,166;3,0,0.9915,0,222;6,2,0.5615,0,106;5,0,0.4835,3,156
claim-temporal-development-train-00623	2	1	2	61,117,71,68,207,141,206,46,52,137,151,176,35,96,4,133,204,210,18,165,124,82,102,108,10,91,116,41,162,73,185,21,152,168,33,146	3,0,0.5295,0,162;8,1,0.2335,1,136;3,3,0.8435,2,7;0,0,0.6205,3,24;5,2,0.8975,0,100;3,3,0.2155,0,35
claim-temporal-development-train-00624	9	2	0	69,67,79,58,182,117,19,83,129,138,147,21,149,104,159,159,5,132,36,172,13,170,203,90,109,177,93,141,169,54,116,42,188,161,45,33	4,3,0.6115,0,192;8,2,0.4435,0,161;5,0,0.6795,0,208;6,1,0.5825,0,236;7,3,0.9975,0,236;8,2,0.5875,0,142
claim-temporal-development-train-00625	3	0	2	193,64,69,115,139,181,184,20,192,100,28,13,76,125,21,179,141,151,45,162,203,35,3,152,111,205,93,57,145,63,133,86,44,167,92,118	2,3,0.8025,0,9;3,1,0.9005,0,198;8,5,0.0295,0,106;3,4,0.9145,0,90;3,5,0.7495,1,21;4,3,0.6755,0,174
claim-temporal-development-train-00626	1	3	1	150,184,196,117,152,39,165,17,95,105,89,168,139,203,169,113,76,182,167,9,173,124,132,68,33,61,21,51,111,148,11,144,69,45,40,84	8,1,0.2845,0,24;8,5,0.0015,0,105;2,3,0.8195,0,80;3,2,0.3805,2,58;8,5,0.3705,0,36;3,2,0.6965,3,161
claim-temporal-development-train-00627	0	3	0	76,195,141,149,24,61,18,200,183,124,171,51,6,66,205,210,131,179,137,69,118,167,111,91,12,39,148,183,40,25,186,45,98,112,93,83	5,2,0.5175,3,25;0,5,0.1215,0,180;2,3,0.5285,0,16;3,1,0.6185,0,200;1,5,0.1455,1,26;3,1,0.3465,0,126
claim-temporal-development-train-00628	6	2	0	87,147,175,189,181,21,163,157,40,65,93,215,141,121,116,79,117,192,69,14,175,190,134,139,45,19,88,3,29,101,111,63,53,167,37,149	2,4,0.7635,0,192;4,3,0.0755,0,201;4,5,0.2475,0,191;6,5,0.1495,0,224;4,5,0.9875,0,247;0,4,0.6395,0,8
claim-temporal-development-train-00629	2	1	1	215,214,45,91,189,156,168,142,93,112,196,160,69,68,117,5,76,126,26,13,100,183,146,21,42,138,150,16,35,108,182,60,172,86,130,55	4,3,0.0395,0,249;1,1,0.4235,0,188;6,2,0.8915,0,173;3,4,0.7025,0,86;3,2,0.1085,0,13;5,0,0.4605,1,231
claim-temporal-development-train-00630	3	0	0	63,104,2,69,67,129,107,134,33,197,205,15,79,35,52,45,117,17,145,169,192,113,91,41,149,168,86,210,139,214,152,196,207,21,142,95	1,5,0.3245,0,95;8,1,0.3585,0,174;3,5,0.7615,0,48;6,4,0.7795,2,162;7,1,0.2955,0,83;8,4,0.7555,1,150
claim-temporal-development-train-00631	4	1	0	93,44,146,114,135,180,69,76,37,52,68,180,157,21,149,106,117,200,86,141,100,172,63,91,209,2,12,199,214,129,20,33,139,154,190,45	1,2,0.8855,0,122;8,3,0.9125,0,62;3,5,0.8505,0,147;3,4,0.6165,0,218;3,0,0.4735,0,169;8,5,0.6945,0,95
claim-temporal-development-train-00632	1	2	1	53,106,12,95,98,189,137,130,123,215,71,150,83,21,42,3,77,45,64,160,147,58,36,212,182,20,112,117,174,197,141,162,168,32,167,89	2,2,0.9925,0,63;7,2,0.4465,0,71;4,0,0.1235,2,40;4,1,0.3415,2,45;1,0,0.1725,0,178;2,0,0.2385,0,199
claim-temporal-development-train-00633	10	2	2	134,61,78,167,184,35,113,136,178,143,45,153,12,195,33,102,41,122,23,155,151,117,51,208,92,85,106,71,67,152,16,153,147,6,95,213	5,2,0.0705,2,130;8,1,0.3045,0,71;2,3,0.7275,2,155;5,3,0.9925,2,183;5,0,0.2865,0,194;1,4,0.1835,2,67
claim-temporal-development-train-00634	5	2	1	84,100,39,150,163,64,155,153,117,42,121,135,16,45,164,96,88,186,161,147,31,179,141,184,50,108,138,69,13,112,3,59,21,215,209,77	2,3,0.0355,0,248;6,5,0.5945,0,174;1,1,0.1365,0,160;4,2,0.0165,3,240;3,2,0.0485,0,125;0,5,0.4175,0,34
claim-temporal-development-train-00635	10	0	2	44,185,32,90,106,169,93,9,66,159,136,151,145,200,18,196,194,124,56,211,120,83,100,141,114,69,75,15,21,135,152,58,162,46,35,166	8,5,0.4415,0,118;7,1,0.9525,1,70;7,0,0.5755,0,32;2,1,0.5625,0,90;3,0,0.4455,3,2;3,5,0.0295,0,145
claim-temporal-development-train-00636	1	2	1	3,114,117,137,196,58,92,45,11,43,99,134,30,212,76,21,147,211,177,184,205,50,93,82,150,141,164,111,203,128,67,201,34,176,19,71	2,1,0.6035,0,208;5,0,0.7885,0,250;1,0,0.7295,2,196;3,0,0.9085,0,237;2,5,0.5825,0,22;7,4,0.2865,0,185
claim-temporal-development-train-00637	0	3	1	161,212,100,193,79,133,154,197,109,89,23,139,43,117,94,20,69,58,165,82,45,125,186,148,65,158,3,143,116,38,52,160,186,150,28,14	2,4,0.9455,2,247;3,4,0.6125,0,44;3,0,0.2785,0,173;6,0,0.2355,1,172;3,3,0.9155,0,19;4,3,0.6045,2,120
claim-temporal-development-train-00638	7	0	1	126,165,192,69,64,18,38,21,45,150,117,163,141,114,108,26,85,42,98,145,12,91,73,132,200,184,93,4,176,158,136,214,199,54,153,62	3,2,0.4965,0,28;1,4,0.4665,0,164;5,4,0.1625,0,123;0,3,0.6745,0,249;1,2,0.5145,0,96;5,2,0.0565,0,85
claim-temporal-development-train-00639	10	3	1	136,210,188,172,70,159,43,211,88,67,6,16,62,76,201,164,87,143,22,37,148,117,15,179,93,116,99,133,182,210,122,45,106,51,150,33	5,5,0.0085,1,94;8,3,0.7485,0,109;2,4,0.7115,1,22;3,5,0.1205,0,135;2,0,0.9375,0,131;1,3,0.0625,2,183
claim-temporal-development-train-00640	5	2	1	12,141,69,198,45,67,109,152,147,41,51,4,112,185,125,178,161,58,98,21,93,86,136,161,19,117,157,28,76,200,35,131,150,89,157,192	3,2,0.7655,0,62;3,1,0.2395,0,127;2,0,0.7045,0,90;3,4,0.2885,0,189;1,3,0.1605,0,83;4,1,0.0485,0,195
claim-temporal-development-train-00641	1	2	2	113,105,132,4,73,21,147,66,195,109,123,199,213,139,45,17,212,151,93,172,88,201,141,192,69,51,201,62,83,35,26,158,117,10,43,189	3,0,0.3385,0,245;1,1,0.7875,0,151;2,4,0.5155,0,167;0,1,0.0735,0,218;8,3,0.2075,0,199;2,2,0.7505,0,161
claim-temporal-development-train-00642	2	2	0	93,21,91,167,173,64,36,130,114,117,205,63,192,149,166,138,124,162,147,69,30,110,83,6,43,57,155,141,196,13,73,100,18,45,208,185	5,3,0.5275,0,89;5,2,0.6765,0,134;8,5,0.0525,0,241;0,1,0.7715,0,230;3,4,0.4185,0,74;3,0,0.5115,0,142
claim-temporal-development-train-00643	1	0	1	162,39,17,158,93,64,150,112,45,145,126,88,174,56,81,200,213,141,13,157,131,21,69,190,165,99,31,189,84,138,117,3,61,111,40,157	2,3,0.3305,0,76;6,5,0.1005,0,195;7,3,0.1395,0,109;8,2,0.0005,0,178;2,5,0.1115,0,80;5,1,0.4355,0,215
claim-temporal-development-train-00644	1	2	1	30,170,173,150,163,75,92,36,94,165,13,147,201,140,45,21,59,154,69,16,188,134,106,2,141,101,64,53,114,117,123,201,166,82,174,40	1,3,0.1935,0,36;5,2,0.1835,0,56;4,1,0.1085,0,118;2,0,0.9345,1,205;4,0,0.4365,0,110;2,4,0.9745,0,253
claim-temporal-development-train-00645	6	3	2	209,72,55,12,66,136,189,25,101,109,22,85,128,168,132,117,96,114,212,4,209,148,141,80,45,187,36,90,183,188,43,167,197,18,58,151	3,2,0.5845,1,98;0,2,0.7525,0,88;6,0,0.4395,3,30;7,3,0.4695,3,250;4,3,0.5285,0,75;7,2,0.1985,0,57
claim-temporal-development-train-00646	9	2	2	41,39,160,102,201,194,137,45,199,66,61,151,93,22,121,56,117,182,173,147,114,13,215,110,17,92,191,85,188,4,29,80,135,141,172,69	3,3,0.2465,1,63;4,5,0.2475,0,62;7,3,0.4105,0,112;7,3,0.9365,0,41;5,4,0.5755,0,54;0,5,0.3395,0,128
claim-temporal-development-train-00647	4	1	0	69,61,109,185,136,204,194,146,64,157,124,100,93,21,5,26,41,207,135,92,49,205,74,141,11,37,86,116,156,18,45,205,117,149,169,157	4,1,0.4365,0,42;1,3,0.2945,0,174;0,3,0.0325,0,173;1,4,0.9475,0,165;3,3,0.8975,0,156;3,5,0.0035,0,36
claim-temporal-development-train-00648	3	0	2	86,24,90,3,93,64,211,170,53,160,75,97,182,106,124,117,141,42,205,181,153,151,140,191,16,46,29,69,60,135,34,145,174,113,10,194	2,0,0.1655,3,21;4,0,0.4235,1,150;4,2,0.1635,0,138;2,4,0.5245,0,228;0,0,0.3045,0,46;3,5,0.9715,0,144
claim-temporal-development-train-00649	5	2	2	178,45,127,107,20,161,60,64,147,159,42,141,206,115,192,86,21,100,39,134,77,69,27,88,57,208,170,12,5,117,157,93,140,151,197,177	4,2,0.8605,0,232;2,5,0.5765,0,250;8,2,0.0785,0,176;4,4,0.1895,0,234;3,1,0.7675,0,211;6,4,0.8645,0,251
claim-temporal-development-train-00650	0	3	0	173,130,178,96,65,126,89,19,118,39,49,148,155,177,13,114,141,111,28,149,45,185,42,86,185,76,153,183,21,69,137,204,99,4,202,58	3,3,0.6365,0,53;3,5,0.4315,0,226;0,0,0.2355,0,54;3,4,0.3725,3,125;2,5,0.4795,1,254;5,0,0.2585,0,98
claim-temporal-development-train-00651	10	2	1	38,135,24,63,57,140,104,112,89,45,68,169,147,197,73,117,209,31,150,164,129,141,206,189,2,107,86,93,175,40,69,193,17,177,197,15	1,5,0.2515,3,155;6,4,0.1865,0,86;8,5,0.8765,0,88;0,4,0.2075,0,237;7,1,0.1935,0,157;8,5,0.9475,0,215
claim-temporal-development-train-00652	0	3	1	205,42,126,215,30,117,114,5,91,140,15,150,148,141,67,54,167,169,133,152,84,179,110,60,71,162,16,21,100,215,45,34,76,93,167,168	4,5,0.1565,0,37;5,0,0.4295,0,103;5,2,0.6495,2,99;3,2,0.6365,0,177;3,4,0.4765,0,12;5,3,0.9275,0,88
claim-temporal-development-train-00653	9	3	2	53,191,117,61,78,12,156,130,43,2,166,66,21,35,177,104,93,25,45,85,88,176,143,171,109,151,16,124,213,162,139,69,169,207,148,114	1,2,0.0815,0,93;0,1,0.7705,0,190;4,3,0.5825,0,146;5,3,0.1985,0,165;7,3,0.5115,0,234;3,0,0.6305,2,22
claim-temporal-development-train-00654	2	3	1	195,141,150,171,117,19,192,86,148,206,100,39,52,64,210,130,181,112,109,59,124,176,22,88,25,10,7,204,77,41,48,93,69,139,172,170	6,0,0.6415,1,39;0,5,0.3385,3,95;3,1,0.1625,0,7;4,4,0.1755,0,170;3,3,0.0355,0,205;3,0,0.6835,0,151
claim-temporal-development-train-00655	2	0	2	88,112,59,194,165,158,43,28,145,69,109,134,79,151,3,142,208,214,36,11,212,82,180,102,66,51,126,93,215,21,18,205,153,140,117,45	2,1,0.5575,0,237;3,2,0.6945,0,91;2,1,0.5655,0,198;6,0,0.1355,0,17;5,3,0.0995,0,21;5,4,0.8945,1,201
claim-temporal-development-train-00656	1	2	2	147,200,214,130,9,94,11,106,39,85,159,46,30,194,99,210,192,151,66,126,112,141,136,63,69,167,200,51,210,41,92,79,21,172,117,19	8,1,0.6965,0,187;5,5,0.3425,1,17;2,5,0.4885,0,171;6,3,0.8015,1,3;2,0,0.0705,0,169;5,0,0.1025,0,12
claim-temporal-development-train-00657	3	0	0	203,191,123,131,10,89,82,193,145,143,6,163,170,194,149,205,201,18,78,39,211,51,118,114,110,21,69,59,93,45,140,28,105,188,43,68	5,0,0.4885,0,203;3,5,0.7325,0,220;2,1,0.9645,0,8;5,0,0.3255,0,52;8,4,0.4165,1,21;2,1,0.9675,2,83
claim-temporal-development-train-00658	2	0	1	150,145,189,92,21,120,58,208,179,98,82,111,27,206,205,4,125,175,43,142,200,67,93,185,10,138,74,47,49,114,133,189,72,153,17,36	3,0,0.2415,0,251;2,2,0.7115,2,249;0,0,0.7275,3,145;1,0,0.8655,0,242;1,5,0.5065,3,212;4,3,0.5885,1,94
claim-temporal-development-train-00659	2	0	0	69,167,88,28,83,154,149,99,183,202,191,145,41,10,205,64,18,93,50,198,188,108,119,6,21,115,45,126,79,166,163,141,140,37,130,59	5,0,0.4185,0,92;3,3,0.3285,0,244;1,1,0.0245,0,10;6,1,0.1895,0,254;2,2,0.7185,2,216;5,0,0.9975,0,19
claim-temporal-development-train-00660	2	2	0	172,49,137,12,93,34,64,99,18,141,215,166,147,131,123,205,169,149,69,61,188,4,89,33,21,119,206,108,211,207,74,46,114,85,178,42	3,2,0.5335,0,40;8,0,0.5175,1,155;0,3,0.0045,0,246;1,3,0.2285,0,154;2,2,0.4195,2,98;2,1,0.2595,0,137
claim-temporal-development-train-00661	1	3	1	196,148,15,64,138,20,187,88,184,76,123,86,41,63,105,69,52,93,3,167,196,215,25,39,201,117,150,21,111,45,154,192,113,181,141,132	2,5,0.8615,0,176;0,5,0.3975,0,123;3,5,0.0195,0,63;3,4,0.1075,0,206;8,5,0.2435,0,48;2,2,0.4325,0,51
claim-temporal-development-train-00662	2	3	0	41,137,192,102,141,60,34,54,179,170,207,213,211,67,119,116,11,192,31,87,91,94,148,121,70,20,80,149,4,180,162,131,156,48,110,21	3,1,0.9865,0,56;6,0,0.3085,3,53;5,2,0.7875,1,182;7,5,0.6115,1,254;5,4,0.9295,2,153;0,1,0.2535,0,34
claim-temporal-development-train-00663	5	1	0	40,93,146,144,176,68,194,45,55,89,26,7,73,84,115,101,158,149,21,39,198,12,121,213,111,117,16,158,61,69,130,140,169,209,204,194	6,2,0.1185,0,240;1,5,0.1965,0,136;6,3,0.9065,0,4;0,2,0.2485,0,180;4,5,0.6695,0,212;0,0,0.9565,3,104
claim-temporal-development-train-00664	0	3	1	117,203,116,141,44,111,4,170,150,83,21,194,135,88,45,69,93,128,50,202,18,202,14,208,62,173,67,148,75,161,214,139,100,37,175,33	3,4,0.5375,0,144;8,3,0.9155,0,255;1,4,0.7245,0,102;2,1,0.1535,0,137;3,5,0.8725,0,53;7,5,0.7685,0,46
claim-temporal-development-train-00665	7	0	1	67,17,10,141,186,3,76,83,117,69,181,28,107,50,99,40,150,131,164,122,145,136,212,113,201,93,45,187,21,61,172,215,204,38,88,212	2,0,0.3725,0,156;3,4,0.0115,0,14;1,3,0.7215,0,197;3,1,0.0475,0,196;2,1,0.3635,0,118;1,1,0.1965,0,200
claim-temporal-development-train-00666	0	3	1	137,115,176,127,208,117,148,111,73,100,69,208,32,85,48,154,150,205,58,160,214,34,21,142,88,18,44,135,55,65,10,194,160,191,93,7	6,0,0.5665,0,167;7,0,0.8405,3,228;6,0,0.2975,0,122;0,3,0.0085,0,110;3,5,0.7885,0,53;6,5,0.3625,1,128
claim-temporal-development-train-00667	5	1	1	197,52,21,130,59,87,19,28,175,7,111,103,65,14,81,45,163,95,92,115,210,162,162,150,186,43,125,69,146,117,178,200,137,157,143,35	6,4,0.6695,0,25;3,1,0.6205,0,206;3,1,0.2665,0,119;8,5,0.8075,2,245;6,5,0.6085,0,73;4,0,0.2985,2,127
claim-temporal-development-train-00668	0	3	0	122,16,61,85,71,149,4,92,38,117,45,177,162,110,153,139,159,141,105,13,93,42,113,212,178,179,49,76,28,24,166,204,65,132,178,148	3,3,0.0255,3,164;3,4,0.5215,0,107;0,3,0.3925,2,156;3,3,0.9965,0,174;8,4,0.2095,0,209;1,2,0.7245,0,115
claim-temporal-development-train-00669	9	0	0	103,141,20,9,158,56,47,21,93,11,198,133,33,185,89,180,122,40,196,190,82,205,117,75,113,59,145,182,34,108,69,204,66,149,137,215	8,1,0.8485,0,165;8,0,0.1235,2,77;7,1,0.4445,0,33;2,0,0.2015,0,144;6,2,0.3335,0,211;1,3,0.2245,0,249
claim-temporal-development-train-00670	5	0	1	104,141,125,13,37,205,76,160,160,40,20,69,112,204,170,67,137,209,172,214,117,106,93,45,21,7,82,207,54,135,145,58,156,150,92,32	6,3,0.9185,0,155;7,3,0.1195,0,171;5,0,0.7305,0,191;3,0,0.8245,0,225;7,0,0.1675,0,48;4,5,0.3125,0,52
claim-temporal-development-train-00671	2	3	2	211,169,5,69,196,117,124,92,68,50,158,109,19,83,187,81,137,36,166,100,93,32,45,164,60,148,44,134,142,204,12,116,21,151,183,172	4,2,0.7915,0,27;7,2,0.8635,0,155;1,2,0.8265,0,134;8,1,0.9785,0,115;3,3,0.9485,0,26;3,4,0.2825,1,177
claim-temporal-development-train-00672	6	2	1	175,202,158,121,115,27,205,92,67,171,96,104,83,38,69,137,179,147,23,43,141,62,180,45,76,19,5,109,117,196,154,206,49,10,132,150	4,0,0.6045,2,9;2,4,0.6525,0,255;0,4,0.6395,0,78;3,1,0.8405,3,36;7,3,0.7075,0,244;0,2,0.3015,0,109
claim-temporal-development-train-00673	10	2	0	186,149,147,69,209,3,128,81,111,181,186,65,85,53,180,117,202,141,11,16,41,21,93,61,186,25,166,112,189,97,134,139,92,34,203,45	2,1,0.0765,0,119;0,0,0.3145,0,63;4,3,0.2695,0,0;8,3,0.8925,0,95;0,5,0.1385,0,111;7,4,0.7335,0,166
claim-temporal-development-train-00674	5	2	2	10,117,68,151,97,2,56,169,91,93,60,69,17,155,203,147,43,80,164,112,28,140,39,111,45,184,143,180,131,210,125,206,21,82,180,186	1,0,0.3445,0,117;3,5,0.6555,0,179;7,2,0.8915,0,137;7,0,0.6485,0,126;0,5,0.1855,0,56;4,1,0.8615,2,162
claim-temporal-development-train-00675	8	0	1	180,142,191,114,93,69,32,14,150,131,46,84,209,2,88,189,129,139,207,75,38,101,208,16,177,68,145,169,43,176,108,62,117,21,54,185	1,4,0.1615,0,54;7,4,0.6275,1,21;5,4,0.9175,0,218;2,2,0.1025,0,15;4,2,0.4685,0,225;8,1,0.6195,1,3
claim-temporal-development-train-00676	1	2	1	41,65,117,150,126,29,160,213,9,116,147,111,61,186,19,141,76,82,93,91,202,131,197,45,210,152,205,15,99,200,72,34,191,136,52,24	8,5,0.6865,3,238;4,0,0.3055,0,60;3,3,0.3985,3,13;3,0,0.7255,0,180;2,5,0.8325,0,71;5,1,0.0975,0,71
claim-temporal-development-train-00677	4	1	1	139,21,150,158,188,141,117,171,114,211,10,95,129,74,100,55,82,7,135,90,28,208,20,41,68,46,69,35,178,156,111,195,169,146,60,184	6,0,0.8995,0,192;3,1,0.2285,1,176;6,2,0.9455,0,207;1,0,0.5855,2,104;3,5,0.4835,0,99;8,5,0.6225,0,41
claim-temporal-development-train-00678	0	3	1	45,90,58,164,65,7,16,107,192,12,181,21,173,176,116,131,163,84,193,168,172,38,150,196,140,117,75,123,148,102,49,69,93,143,42,28	6,2,0.1325,0,50;3,4,0.5595,0,87;0,0,0.2405,0,51;2,2,0.4545,0,125;5,1,0.8675,0,21;2,1,0.9165,2,101
claim-temporal-development-train-00679	10	2	1	198,131,193,176,45,43,213,174,172,147,27,119,7,38,115,19,212,81,150,56,24,110,187,93,189,15,91,99,153,121,62,141,70,136,85,64	6,5,0.7985,3,64;2,4,0.6775,0,236;7,4,0.1395,1,81;8,3,0.6915,0,227;2,4,0.6165,2,16;0,1,0.0985,0,167
claim-temporal-development-train-00680	10	0	2	157,45,200,189,116,212,93,168,105,73,39,82,200,40,21,151,28,154,183,179,69,145,16,117,143,123,51,203,64,4,89,108,136,61,135,10	3,0,0.0235,0,173;3,5,0.1135,0,101;2,3,0.1465,0,197;0,0,0.2765,0,100;8,2,0.9725,0,201;2,5,0.0465,2,30
claim-temporal-development-train-00681	1	0	2	60,185,165,151,183,185,5,176,49,190,135,107,34,11,26,153,141,68,123,79,83,205,101,139,43,157,145,93,113,170,45,21,117,69,19,91	4,1,0.6605,0,41;1,0,0.7935,0,168;0,2,0.8895,0,157;6,1,0.6485,0,121;4,1,0.3665,0,95;2,5,0.6955,0,199
claim-temporal-development-train-00682	7	1	0	136,79,88,87,17,69,184,95,141,124,116,57,68,175,108,44,10,98,117,180,188,196,26,45,176,211,146,132,173,149,36,8,58,21,163,167	7,0,0.3165,0,252;1,2,0.8815,0,65;8,0,0.9335,0,140;6,5,0.1475,2,21;1,2,0.9685,0,44;3,2,0.1065,0,188
claim-temporal-development-train-00683	8	0	1	117,115,109,21,93,150,205,81,45,69,41,102,124,207,172,82,67,141,136,56,134,20,90,199,196,9,145,26,170,198,10,198,58,178,39,167	8,0,0.8095,0,62;1,5,0.2105,0,2;7,0,0.7315,0,74;8,0,0.5975,0,138;5,3,0.6165,0,225;3,4,0.0095,0,30
claim-temporal-development-train-00684	2	0	1	141,145,47,84,200,21,211,123,51,59,131,108,200,100,182,31,117,140,168,67,176,169,72,204,35,215,178,9,93,92,16,150,116,44,12,77	8,2,0.0025,0,209;6,1,0.9905,2,147;2,1,0.7905,3,210;4,2,0.8925,0,163;3,2,0.8705,0,189;2,1,0.8975,0,62
claim-temporal-development-train-00685	2	3	2	202,193,117,84,162,98,143,148,164,59,131,21,112,93,151,194,18,10,35,45,164,170,191,28,153,109,138,156,124,64,92,4,57,69,80,42	3,0,0.5045,0,244;3,1,0.5445,0,57;8,1,0.0295,0,242;7,2,0.9685,0,247;1,3,0.0575,0,187;3,1,0.4345,2,228
claim-temporal-development-train-00686	9	2	0	87,31,67,207,59,39,69,209,147,45,200,49,136,213,104,202,133,149,122,143,17,154,93,187,89,117,76,163,158,40,21,159,10,2,110,115	1,0,0.2245,0,157;6,5,0.1975,0,83;0,1,0.7065,0,162;3,5,0.2465,0,44;7,4,0.7925,0,18;1,3,0.1775,2,161
claim-temporal-development-train-00687	10	2	1	37,53,132,118,45,21,183,115,147,12,206,125,210,161,166,184,185,184,150,101,140,17,76,89,201,109,93,203,69,66,2,58,141,33,41,85	1,2,0.2635,0,74;8,3,0.3435,0,161;4,0,0.4645,0,127;3,3,0.3405,0,31;4,3,0.7585,1,67;4,2,0.8955,0,127
claim-temporal-development-train-00688	8	3	1	192,206,34,93,78,187,31,148,126,142,117,46,19,11,64,109,41,214,90,172,21,139,150,104,116,5,135,51,197,152,86,59,183,178,192,69	4,1,0.6465,0,54;6,0,0.3885,1,14;2,1,0.0175,0,253;5,4,0.4055,0,147;7,3,0.8425,0,84;5,5,0.7235,1,31
claim-temporal-development-train-00689	1	2	1	147,64,107,3,54,91,21,191,83,114,79,133,123,177,19,150,14,118,189,93,61,141,31,164,40,70,194,39,152,138,45,186,159,161,98,193	2,4,0.7895,0,61;6,5,0.0995,0,68;5,3,0.0595,1,18;6,1,0.7965,0,94;1,1,0.4095,1,28;2,3,0.5865,0,62
claim-temporal-development-train-00690	1	3	2	167,16,201,197,164,121,21,148,75,87,134,45,151,93,14,91,69,152,118,139,40,189,111,64,3,182,59,26,116,105,57,206,162,141,198,37	2,4,0.1485,0,148;1,3,0.1395,0,104;8,1,0.1795,0,169;2,5,0.6805,0,8;8,5,0.8555,1,170;0,4,0.6925,0,163
claim-temporal-development-train-00691	7	3	1	69,130,22,123,141,48,196,66,32,174,102,113,206,137,117,38,10,63,166,96,194,73,4,111,207,148,50,200,176,42,150,20,164,201,90,85	3,0,0.8165,1,179;7,4,0.4705,3,95;1,5,0.4725,0,147;0,3,0.4215,3,175;5,5,0.3135,0,244;2,0,0.2035,0,252
claim-temporal-development-train-00692	5	0	2	175,136,45,215,208,151,43,124,199,21,180,170,93,175,6,31,100,208,141,164,145,50,12,106,38,65,92,77,133,17,114,61,208,117,83,69	5,2,0.3625,0,111;6,4,0.6065,0,221;1,3,0.2665,0,116;4,1,0.8915,0,111;3,0,0.5385,0,235;3,3,0.1595,0,233
claim-temporal-development-train-00693	9	0	0	32,208,91,181,137,58,87,51,141,12,45,212,135,205,44,197,145,105,93,197,162,159,114,18,123,175,117,149,65,23,78,5,69,212,108,36	4,2,0.4735,2,98;7,2,0.8135,0,183;2,0,0.2255,0,2;5,5,0.7205,0,174;8,2,0.4005,0,52;2,5,0.3285,0,244
claim-temporal-development-train-00694	8	2	2	95,169,30,87,152,8,79,44,201,16,144,178,35,102,69,153,64,203,58,182,137,147,21,13,169,157,133,55,113,45,195,123,88,151,106,117	7,3,0.0755,0,143;5,1,0.9995,0,229;6,0,0.0805,0,104;6,5,0.1215,2,221;5,0,0.3165,0,73;2,3,0.2505,3,235
claim-temporal-development-train-00695	0	3	0	109,176,148,84,80,208,66,17,25,130,165,51,178,59,14,45,35,21,149,160,4,167,116,141,93,198,89,117,101,124,190,69,138,175,197,43	3,4,0.3615,0,166;0,1,0.6015,0,247;2,1,0.5965,0,226;7,2,0.2045,0,172;4,3,0.8105,0,253;3,0,0.4795,0,55
claim-temporal-development-train-00696	1	0	0	51,144,166,180,87,3,212,183,21,44,213,186,113,193,79,105,39,45,18,108,134,67,123,149,88,93,117,69,136,209,145,11,194,31,61,204	2,1,0.5785,0,71;6,5,0.8725,0,6;2,3,0.7285,0,157;6,5,0.0135,0,108;8,2,0.2745,0,177;2,4,0.1415,3,148
claim-temporal-development-train-00697	5	3	1	45,31,210,194,148,161,56,93,135,150,140,16,69,21,77,119,127,15,113,105,141,170,88,206,2,204,180,59,42,199,66,183,87,106,177,35	1,5,0.1255,0,21;6,1,0.4355,0,46;7,1,0.5435,0,43;4,5,0.1355,0,180;8,0,0.2875,2,156;6,5,0.9945,0,106
claim-temporal-development-train-00698	10	2	1	147,35,127,52,143,25,60,77,158,150,209,45,204,110,105,118,69,172,89,93,159,115,20,206,202,181,41,200,137,21,132,64,87,11,9,185	8,1,0.8725,0,11;0,1,0.2295,0,6;3,2,0.0175,0,84;4,5,0.2815,0,247;8,4,0.7065,1,195;6,2,0.3065,2,125
claim-temporal-development-train-00699	9	2	0	181,144,203,199,113,99,119,10,85,32,51,91,39,172,45,108,42,157,71,78,68,213,126,93,160,149,21,147,59,176,136,214,18,4,133,204	3,0,0.4195,0,130;7,5,0.4385,0,219;2,1,0.8975,2,199;5,3,0.6565,0,66;2,2,0.3425,2,213;5,3,0.1515,3,88
claim-temporal-development-train-00700	10	0	1	93,68,54,58,203,19,153,172,44,167,24,166,141,126,38,45,132,76,33,211,119,191,189,97,69,145,2,116,92,137,82,15,197,106,150,185	1,5,0.7575,3,188;8,4,0.8175,0,195;5,0,0.9815,0,190;3,0,0.8115,0,65;0,0,0.9075,2,181;5,2,0.2675,0,231
claim-temporal-development-train-00701	1	0	1	11,68,166,30,3,150,184,195,173,79,135,117,69,88,99,184,21,45,157,59,85,18,183,110,115,54,125,154,95,145,202,34,41,164,137,141	2,1,0.5995,0,16;5,0,0.3155,0,111;5,1,0.8355,0,158;6,3,0.0045,2,82;2,4,0.6035,0,77;4,5,0.2515,0,179
claim-temporal-development-train-00702	1	0	0	67,39,169,149,54,144,90,3,99,125,21,175,117,204,172,17,186,11,182,27,138,178,131,40,60,45,114,111,73,145,179,93,84,69,199,184	2,1,0.3725,0,139;2,5,0.1055,0,143;5,2,0.6965,0,236;0,2,0.4325,0,25;2,5,0.4245,0,83;4,1,0.5265,3,39
claim-temporal-development-train-00703	7	2	1	104,208,189,77,147,155,93,17,136,45,2,67,120,129,191,60,113,107,11,131,28,168,69,176,40,141,89,160,175,84,21,150,152,50,39,188	1,1,0.2595,0,93;3,5,0.0585,0,195;1,2,0.7375,0,196;4,2,0.2675,0,24;7,1,0.2005,3,81;8,1,0.0315,0,7
claim-temporal-development-train-00704	9	2	0	45,154,110,117,149,38,8,76,86,153,32,207,210,208,12,44,69,55,92,20,99,200,194,64,147,134,95,122,116,209,164,177,138,21,141,62	7,2,0.9365,0,94;7,4,0.8075,0,89;6,4,0.1635,0,223;3,4,0.9995,2,191;2,4,0.9005,0,143;1,4,0.4285,0,201
claim-temporal-development-train-00705	1	0	2	69,145,45,151,92,3,206,182,21,64,16,123,86,40,14,182,202,212,117,38,59,74,152,116,99,201,137,25,134,49,96,212,141,173,109,185	2,4,0.0255,0,60;0,4,0.0155,0,81;0,1,0.1325,0,121;1,4,0.8075,3,70;2,3,0.9195,0,207;2,4,0.2235,0,116
claim-temporal-development-train-00706	6	3	0	212,88,155,25,109,84,68,168,1,176,69,149,75,138,20,131,45,199,211,11,21,121,181,59,148,141,35,101,163,52,117,163,44,207,113,93	0,1,0.8185,0,97;0,1,0.8175,0,146;3,1,0.9445,0,60;2,2,0.1005,0,180;4,3,0.3385,0,69;0,1,0.4345,0,55
claim-temporal-development-train-00707	10	0	0	128,40,161,69,45,136,64,106,52,117,105,94,165,213,17,145,149,13,134,60,196,21,85,36,113,153,177,5,170,27,159,173,75,186,144,92	4,3,0.3545,0,101;2,2,0.0895,0,177;3,2,0.0745,0,161;2,3,0.9225,1,127;8,0,0.3085,0,194;7,4,0.0395,3,90
claim-temporal-development-train-00708	6	0	1	172,110,20,187,49,59,93,128,183,69,68,75,89,8,145,170,21,135,141,10,150,45,138,102,169,171,156,25,194,42,117,115,85,215,39,181	7,0,0.9655,0,151;0,5,0.4595,0,11;0,1,0.8945,0,10;2,3,0.2415,0,183;5,4,0.7155,0,216;7,5,0.4015,0,221
claim-temporal-development-train-00709	0	3	2	93,39,178,20,69,21,4,164,28,12,78,191,139,185,191,58,117,124,110,89,181,148,132,50,151,44,99,166,47,215,212,141,64,83,114,196	3,2,0.9265,0,237;3,5,0.8705,2,208;1,0,0.0965,0,228;5,1,0.2835,0,150;2,4,0.4055,0,33;3,2,0.6785,0,218
claim-temporal-development-train-00710	8	0	1	134,30,185,86,201,78,12,21,55,195,145,117,37,61,106,43,89,4,93,150,116,144,184,100,210,67,69,45,173,184,136,20,182,201,123,173	3,2,0.9995,0,78;5,3,0.7785,0,56;6,3,0.7325,0,145;5,4,0.2905,0,116;3,0,0.9465,0,253;2,4,0.0135,3,186
claim-temporal-development-train-00711	8	2	1	14,139,170,156,78,69,38,147,169,93,193,191,91,21,100,6,45,141,66,113,16,150,83,161,117,124,62,31,40,189,158,110,132,54,191,158	5,4,0.0365,0,137;6,4,0.0135,0,202;5,4,0.4335,0,236;5,1,0.6105,0,159;3,4,0.2245,0,228;3,2,0.7695,0,69
claim-temporal-development-train-00712	10	3	1	90,117,133,44,141,172,176,150,140,153,66,21,106,105,26,153,93,76,116,172,189,83,125,205,53,16,3,39,69,60,148,45,10,174,166,155	2,0,0.1455,0,128;1,5,0.9275,0,235;4,2,0.5015,0,228;3,1,0.4535,0,38;8,0,0.8055,0,105;4,3,0.9425,0,46
claim-temporal-development-train-00713	7	0	2	175,215,192,45,8,32,93,117,39,215,11,112,127,141,92,106,205,215,61,177,134,145,74,153,68,40,16,72,189,21,140,105,151,169,52,87	7,1,0.1165,0,59;7,5,0.1035,0,251;3,3,0.8225,3,28;1,5,0.9615,0,118;8,0,0.1385,0,193;6,4,0.8185,0,207
claim-temporal-development-train-00714	0	3	0	86,153,52,195,149,88,26,69,163,107,180,42,10,213,141,148,154,139,38,117,6,169,77,21,45,170,63,204,124,66,93,185,131,16,103,114	5,0,0.1795,0,145;1,4,0.5435,0,14;3,5,0.5995,0,213;4,4,0.0125,0,69;6,1,0.4635,0,32;3,1,0.6135,0,2
claim-temporal-development-train-00715	10	3	2	5,36,40,181,172,135,157,140,54,180,18,148,76,179,91,141,117,69,24,105,63,129,45,207,200,188,14,30,166,83,65,93,183,106,151,114	4,4,0.4015,3,140;5,2,0.1415,0,216;5,5,0.3985,0,66;3,1,0.7085,0,242;8,0,0.4485,0,179;8,5,0.9365,0,160
claim-temporal-development-train-00716	10	3	2	171,19,30,43,112,13,107,63,86,173,22,178,185,3,93,173,205,199,39,57,141,69,160,159,151,103,88,130,45,208,121,117,148,80,67,137	2,3,0.6195,1,226;5,5,0.6965,0,191;8,5,0.6225,0,129;7,4,0.0955,0,180;6,1,0.1155,0,112;0,0,0.2895,0,42
claim-temporal-development-train-00717	5	2	1	69,66,93,90,31,79,199,192,21,173,40,147,8,98,16,117,132,196,121,159,110,53,187,195,144,45,139,37,60,113,172,15,86,195,150,201	7,5,0.1785,0,241;6,3,0.1945,0,67;4,2,0.5535,0,108;6,4,0.5415,0,184;1,4,0.2395,0,176;0,2,0.6695,3,46
claim-temporal-development-train-00718	1	0	2	45,75,93,123,199,117,103,145,168,180,164,42,61,91,51,139,113,141,151,189,84,168,158,69,37,194,110,11,133,6,32,24,66,156,17,214	5,1,0.3075,3,51;7,3,0.5215,0,69;2,3,0.4785,0,113;2,2,0.7615,0,67;6,4,0.3545,0,228;2,3,0.7605,0,109
claim-temporal-development-train-00719	2	1	2	8,110,178,151,187,116,44,100,117,69,10,60,160,79,204,50,47,136,146,21,165,93,135,35,17,128,210,91,193,198,26,190,172,68,141,83	7,0,0.3425,0,103;1,1,0.8525,2,161;1,2,0.9975,0,0;6,1,0.6445,0,227;3,4,0.8555,0,211;7,5,0.0445,0,48
claim-temporal-development-train-00720	1	2	1	132,190,10,197,69,160,9,27,147,157,110,45,115,91,53,127,214,62,203,117,17,84,40,24,93,99,165,211,67,139,150,154,35,192,141,75	8,0,0.3085,3,58;2,1,0.0065,0,77;4,4,0.7105,0,65;2,2,0.6185,0,61;2,4,0.7615,0,73;6,2,0.6185,0,111
claim-temporal-development-train-00721	10	3	0	157,149,201,10,193,21,164,3,200,138,188,55,143,81,133,148,108,34,112,40,62,32,45,93,84,16,212,124,100,72,90,215,157,173,64,117	2,0,0.0905,0,202;7,0,0.0115,0,100;6,4,0.1925,3,126;8,2,0.5635,0,11;3,2,0.1865,0,160;3,3,0.4115,2,182
claim-temporal-development-train-00722	0	3	0	193,117,134,16,44,202,98,115,34,149,154,124,153,29,66,184,206,138,61,45,148,84,5,81,49,91,141,93,214,12,158,160,158,69,109,21	4,2,0.1035,0,45;4,0,0.8155,0,21;0,3,0.5085,0,106;8,2,0.6145,0,77;1,3,0.7565,0,125;3,4,0.5675,0,158
claim-temporal-development-train-00723	4	1	0	146,45,167,69,213,93,74,28,100,186,142,42,39,159,23,171,149,176,112,88,18,57,210,121,85,10,2,163,183,59,110,117,134,139,160,66	1,0,0.5995,2,61;3,5,0.5265,0,83;8,1,0.4225,0,9;1,3,0.0895,0,136;3,4,0.0265,0,172;0,4,0.6705,1,231
claim-temporal-development-train-00724	7	2	1	170,118,147,90,116,16,21,40,13,63,184,137,214,123,98,45,130,65,204,106,35,143,69,175,2,189,201,206,86,93,53,150,74,212,215,28	1,3,0.1205,0,169;3,1,0.0205,0,70;4,5,0.2125,0,153;1,4,0.5465,0,17;1,0,0.8445,1,2;2,0,0.3635,2,194
claim-temporal-development-train-00725	1	2	1	197,214,61,210,153,87,127,99,170,196,186,117,12,200,140,45,88,93,175,17,106,144,147,49,65,115,131,150,38,72,8,43,78,27,21,189	7,2,0.3655,0,168;2,4,0.6635,0,247;0,3,0.2415,3,111;5,5,0.0875,0,206;2,0,0.6455,0,169;6,1,0.9435,3,92
claim-temporal-development-train-00726	6	3	0	186,99,148,63,24,149,34,137,128,69,167,79,110,160,132,67,49,41,3,141,186,16,160,84,112,214,93,163,182,10,201,88,117,47,27,184	2,0,0.1035,3,101;2,0,0.3125,2,194;0,5,0.6645,0,75;6,2,0.1535,0,191;2,4,0.0665,0,86;7,2,0.2455,0,83
claim-temporal-development-train-00727	8	2	1	152,89,73,182,141,10,44,154,84,45,59,5,67,36,147,186,103,54,139,94,212,150,156,199,112,181,22,133,25,69,160,165,117,18,126,107	4,0,0.4735,1,19;0,2,0.8505,0,253;5,1,0.7065,0,187;0,2,0.3885,1,180;6,1,0.1155,0,206;5,3,0.6795,0,108
claim-temporal-development-train-00728	1	3	1	115,13,92,31,170,186,133,69,185,43,45,21,58,141,150,74,50,215,152,102,123,109,117,37,93,163,210,16,82,139,208,64,2,189,173,148	1,3,0.0955,0,6;6,3,0.6265,0,193;1,0,0.0355,0,245;1,0,0.9495,0,101;5,3,0.6065,0,150;2,3,0.7475,0,213
claim-temporal-development-train-00729	9	0	0	26,166,129,171,138,44,141,94,209,171,145,103,45,211,113,8,182,130,19,13,21,83,76,174,162,149,88,56,110,192,117,36,69,177,64,61	7,3,0.7995,0,191;1,2,0.8125,0,131;7,3,0.1825,0,203;3,1,0.0085,1,8;6,4,0.3205,0,228;8,0,0.5705,0,103
claim-temporal-development-train-00730	1	2	2	98,186,59,69,92,205,87,129,51,37,93,16,31,45,134,201,109,10,3,43,159,75,190,202,193,21,193,137,67,117,147,176,151,141,163,113	2,0,0.0565,0,165;6,3,0.7285,0,26;2,1,0.7375,0,78;2,5,0.8325,0,105;1,3,0.2355,0,90;8,4,0.2595,0,83
claim-temporal-development-train-00731	1	3	1	150,41,97,157,172,61,174,73,183,135,83,107,141,140,69,25,64,213,10,113,148,45,123,88,169,186,94,17,38,3,53,117,21,199,177,189	2,0,0.3625,0,35;0,4,0.3605,0,43;4,3,0.0685,0,170;0,1,0.0155,1,150;0,1,0.3685,0,246;2,5,0.9195,0,188
claim-temporal-development-train-00732	1	0	2	60,176,116,145,69,188,171,82,90,40,172,14,101,124,134,21,151,170,167,75,35,117,163,185,141,96,18,171,136,3,45,183,68,106,50,26	2,4,0.5975,0,221;1,1,0.1305,0,177;1,2,0.8425,0,80;2,0,0.5865,3,77;4,0,0.9305,0,252;3,4,0.1335,0,46
claim-temporal-development-train-00733	7	0	1	76,20,84,69,161,122,36,45,33,56,150,12,189,139,40,204,59,141,166,1,190,65,203,105,210,96,135,117,145,91,116,205,172,210,23,106	0,2,0.9865,2,117;8,2,0.0945,0,86;7,1,0.3595,0,17;3,2,0.6635,3,214;8,0,0.9615,0,233;1,5,0.7225,0,184
claim-temporal-development-train-00734	10	3	2	203,15,199,116,97,192,92,85,32,40,135,141,199,48,106,23,148,58,67,18,196,151,1,129,120,136,51,171,81,69,154,158,93,163,35,168	0,5,0.5585,2,255;7,1,0.1595,3,220;2,0,0.6965,0,157;8,3,0.8895,0,12;0,0,0.9915,3,119;8,5,0.0145,0,85
claim-temporal-development-train-00735	10	2	1	37,91,10,63,176,21,42,141,86,111,30,135,190,17,80,71,1,180,126,202,66,147,114,182,199,101,179,93,137,117,46,166,186,150,183,57	0,0,0.3265,0,240;5,3,0.4285,1,99;8,5,0.4825,2,80;7,4,0.6375,0,99;4,5,0.5785,0,247;5,5,0.2415,0,201
claim-temporal-development-train-00736	6	2	0	80,139,142,93,36,63,69,88,147,123,13,106,42,215,51,87,181,133,166,213,153,186,99,20,185,196,117,45,29,155,149,1,176,21,67,112	0,3,0.8045,0,111;4,2,0.5315,0,94;2,5,0.6655,0,106;7,5,0.0495,0,54;2,0,0.1405,0,161;2,3,0.7435,1,73
claim-temporal-development-train-00737	5	2	0	140,66,205,141,72,147,189,135,81,208,192,127,8,211,210,20,165,115,99,117,10,41,37,88,199,93,193,21,108,32,86,56,149,211,45,63	7,0,0.9865,0,229;7,3,0.3005,0,29;7,5,0.4015,3,202;8,4,0.1055,0,247;2,2,0.6085,0,44;6,5,0.8855,0,176
claim-temporal-development-train-00738	1	0	0	187,145,89,141,200,100,112,93,204,78,28,69,196,66,15,46,61,190,149,163,140,134,51,22,117,19,82,1,106,40,123,169,175,34,178,203	0,5,0.6515,1,150;3,0,0.0115,1,133;2,3,0.5615,0,29;5,0,0.2655,0,78;3,0,0.1465,0,200;2,4,0.8765,0,67
claim-temporal-development-train-00739	0	3	1	201,86,65,150,69,96,100,41,21,3,35,117,148,194,127,63,201,161,169,111,141,179,74,209,45,114,10,215,28,171,206,90,136,53,20,132	2,0,0.8285,0,90;3,1,0.2705,0,53;4,5,0.2995,0,189;1,4,0.4435,3,207;3,5,0.5695,0,18;6,2,0.1245,0,179
claim-temporal-development-train-00740	10	3	2	151,171,93,28,195,181,35,171,86,5,124,210,41,148,173,21,112,99,90,183,140,131,51,69,171,202,13,77,58,211,141,107,67,120,16,48	4,3,0.1505,0,123;3,1,0.2985,3,58;2,0,0.6375,0,11;4,4,0.5485,0,152;2,1,0.1495,3,5;3,1,0.8425,0,81
claim-temporal-development-train-00741	8	3	0	22,58,11,174,119,65,135,200,140,179,126,54,198,102,169,39,82,40,45,77,197,113,32,205,93,148,106,18,149,7,164,203,141,90,69,201	6,1,0.4985,1,53;7,5,0.1425,0,25;5,0,0.2275,0,230;4,0,0.5895,0,241;5,0,0.3035,2,158;5,5,0.9615,0,85
claim-temporal-development-train-00742	1	2	0	196,117,143,147,27,21,103,177,210,75,177,86,45,93,114,135,90,169,4,181,181,183,121,41,70,10,189,61,20,139,67,34,110,51,149,195	3,0,0.9845,0,130;2,0,0.2015,0,99;2,3,0.7305,1,177;2,4,0.4455,0,78;6,4,0.5785,0,232;0,5,0.7535,2,237
claim-temporal-development-train-00743	5	2	0	109,35,74,103,209,2,147,21,72,121,65,88,86,163,180,57,208,131,193,117,138,141,161,26,114,154,160,16,185,93,58,45,153,40,149,11	1,1,0.0885,0,207;1,1,0.0885,0,79;8,0,0.2855,3,112;1,4,0.0125,0,255;6,3,0.5365,0,4;0,1,0.4865,0,241
claim-temporal-development-train-00744	6	2	2	151,84,20,195,53,123,108,37,112,69,202,120,42,190,66,63,139,89,134,157,45,14,102,147,144,197,162,206,75,181,1,93,170,28,181,21	0,4,0.8055,0,202;3,3,0.5445,0,248;4,5,0.4395,0,45;2,2,0.2225,0,164;5,2,0.1595,3,18;2,4,0.7365,3,42
claim-temporal-development-train-00745	9	2	1	66,14,93,199,137,40,117,74,106,19,28,204,130,8,176,167,196,21,57,35,147,90,69,129,45,166,60,150,144,157,84,112,164,198,98,208	7,4,0.6545,0,101;3,1,0.1115,0,61;8,2,0.4075,0,60;1,2,0.5505,0,244;1,0,0.0825,0,32;8,0,0.3985,3,207
claim-temporal-development-train-00746	10	2	1	164,123,193,198,67,69,106,112,30,141,189,58,176,100,147,87,11,140,45,41,117,23,211,156,206,55,93,178,90,16,130,81,37,150,178,2	1,1,0.0175,2,140;5,3,0.2185,0,54;6,0,0.6355,0,95;8,5,0.5075,0,56;3,0,0.0255,0,31;2,0,0.9085,0,173
claim-temporal-development-train-00747	10	2	0	47,167,186,90,69,107,168,35,22,136,9,132,77,149,63,161,189,114,117,43,125,18,162,147,153,93,64,105,85,186,28,141,14,156,53,159	8,4,0.4025,1,240;3,1,0.6305,2,41;4,5,0.1865,0,20;4,3,0.5305,0,34;8,1,0.4925,0,220;4,2,0.1255,0,9
claim-temporal-development-train-00748	0	3	2	125,12,45,197,51,157,177,37,113,4,85,21,173,69,76,99,148,117,199,91,172,28,42,141,108,62,151,192,65,170,136,93,17,132,189,168	3,2,0.2905,0,199;3,3,0.5925,0,241;2,4,0.2315,0,17;3,3,0.7095,0,199;2,2,0.2835,0,43;4,2,0.0955,0,87
claim-temporal-development-train-00749	5	2	2	69,163,81,21,153,93,164,59,37,45,209,1,141,88,41,84,160,109,51,117,179,171,160,136,28,151,128,65,113,14,197,130,147,100,204,19	0,4,0.7515,0,190;3,3,0.3155,0,63;2,1,0.3115,0,133;8,2,0.1985,0,128;3,3,0.3775,0,214;7,0,0.1945,0,198
claim-temporal-development-train-00750	10	3	1	11,158,173,61,198,141,64,69,163,163,93,74,185,110,27,34,213,134,2,117,203,112,193,140,57,16,148,82,129,168,45,100,41,150,88,21	1,1,0.1265,0,114;2,0,0.2775,0,141;8,3,0.1715,0,183;1,0,0.0005,0,177;3,4,0.1385,0,158;8,4,0.9825,0,67
claim-temporal-development-train-00751	5	2	0	107,117,141,173,1,10,63,75,67,133,149,147,93,52,152,69,190,209,101,43,206,84,168,18,215,140,34,114,32,124,172,197,45,22,180,89	0,0,0.5915,1,182;7,0,0.7665,0,68;3,5,0.7035,0,216;2,2,0.2735,0,24;4,1,0.4705,0,220;3,3,0.9665,0,253
claim-temporal-development-train-00752	10	2	1	210,130,71,140,190,171,86,170,116,128,5,147,56,163,184,74,111,93,150,65,181,88,117,205,100,43,21,29,20,141,159,36,13,45,60,215	4,3,0.9995,0,252;4,2,0.7575,0,54;7,2,0.3565,2,87;1,4,0.0995,0,184;3,5,0.8045,0,132;7,0,0.8945,0,155
claim-temporal-development-train-00753	9	2	0	52,41,61,24,33,158,69,104,197,93,34,88,75,213,1,85,184,141,115,158,64,140,122,161,183,108,131,117,147,179,177,45,18,149,197,15	0,5,0.5165,3,81;8,0,0.3375,0,234;3,3,0.1055,0,173;2,3,0.0865,0,24;7,2,0.6765,0,222;1,1,0.8945,0,246
claim-temporal-development-train-00754	1	3	1	44,213,88,45,117,153,13,76,141,3,105,59,150,212,148,84,163,96,136,108,210,30,57,168,212,35,113,69,165,159,133,21,121,68,167,18	2,3,0.5065,0,17;5,1,0.9475,0,76;8,1,0.8965,0,121;3,2,0.0785,3,58;8,2,0.2205,0,40;0,3,0.0675,0,163
claim-temporal-development-train-00755	8	3	2	181,52,30,12,148,117,178,98,200,75,132,89,124,72,153,38,171,178,40,18,162,113,153,180,151,93,21,136,62,45,177,141,65,6,108,86	5,2,0.5695,0,71;5,4,0.1845,0,23;3,4,0.2705,3,120;2,4,0.2815,0,67;1,2,0.2345,0,135;3,2,0.1545,0,62
claim-temporal-development-train-00756	6	1	1	189,10,61,150,41,161,141,69,146,45,167,134,122,185,196,173,108,180,49,100,119,21,8,66,181,86,138,25,78,165,38,89,112,195,17,93	7,0,0.2775,0,133;0,4,0.2845,0,118;0,3,0.5695,0,87;5,4,0.2225,0,251;3,2,0.1965,2,146;1,4,0.4885,0,110
claim-temporal-development-train-00757	5	2	0	69,15,198,141,129,20,191,64,113,131,149,172,76,93,212,137,207,117,88,181,147,4,61,45,21,100,201,86,42,108,32,191,34,177,51,186	3,5,0.9565,0,77;7,0,0.4075,0,2;2,3,0.1765,0,239;3,4,0.1615,0,41;3,2,0.3105,0,173;8,1,0.2605,0,72
claim-temporal-development-train-00758	1	3	2	68,176,74,134,63,69,16,93,115,42,162,4,184,195,84,92,51,99,117,142,164,35,181,188,148,14,151,46,109,136,157,210,121,188,28,21	3,4,0.1935,0,246;3,1,0.5665,1,61;2,5,0.9715,0,33;1,2,0.9855,0,44;2,3,0.6045,0,220;0,4,0.1875,1,65
claim-temporal-development-train-00759	1	3	0	141,6,61,176,45,202,196,92,56,43,93,194,149,125,11,118,170,185,113,31,130,86,148,18,69,37,205,162,205,140,66,152,75,111,24,104	5,1,0.4985,3,171;6,3,0.7395,0,251;7,3,0.4165,0,228;2,4,0.8015,0,195;7,5,0.3935,1,113;4,0,0.8975,0,67
claim-temporal-development-train-00760	0	3	1	9,35,209,21,115,120,175,89,69,42,11,108,180,62,173,76,205,133,148,16,211,124,93,85,208,207,27,100,201,50,136,150,65,158,47,142	8,1,0.1765,0,189;2,1,0.5305,2,238;1,4,0.3465,0,169;3,3,0.3555,0,237;3,2,0.7365,3,40;3,3,0.1735,1,231
claim-temporal-development-train-00761	9	3	2	175,69,148,166,43,50,21,151,131,96,8,59,137,77,170,161,64,196,142,26,38,182,190,162,110,20,88,45,98,175,126,14,158,86,117,113	7,4,0.9375,0,176;1,4,0.7735,0,180;1,1,0.0545,0,30;4,4,0.0635,3,194;1,4,0.3315,0,7;5,1,0.2955,1,133
claim-temporal-development-train-00762	1	3	2	63,160,189,15,210,101,92,134,139,186,30,19,112,161,47,117,157,36,65,69,123,7,191,94,161,141,83,151,171,79,50,201,111,42,23,148	6,5,0.7135,2,40;5,2,0.5875,2,146;1,5,0.2965,0,145;6,1,0.8805,1,149;4,5,0.0845,0,110;2,4,0.6155,0,191
claim-temporal-development-train-00763	5	1	1	88,197,93,141,150,57,211,146,179,138,157,58,21,187,103,41,74,110,202,12,166,116,158,35,28,64,191,117,16,130,87,70,45,127,189,6	5,2,0.0405,0,149;3,1,0.2685,0,191;8,0,0.1285,1,103;1,5,0.0285,0,109;6,4,0.8075,0,20;6,0,0.5245,0,73
claim-temporal-development-train-00764	1	2	2	170,34,118,21,11,67,100,113,157,209,136,177,147,45,144,30,59,56,90,151,85,110,74,131,164,152,185,40,160,3,20,69,96,123,168,172	2,1,0.9625,0,178;5,0,0.0145,0,181;7,1,0.6435,0,229;1,3,0.4165,3,38;3,4,0.2745,1,59;2,1,0.1755,3,105
claim-temporal-development-train-00765	10	2	2	204,67,210,189,181,172,151,106,104,40,5,18,15,141,136,196,126,93,130,69,45,147,80,113,120,34,21,88,56,195,86,215,172,26,61,162	4,5,0.4305,0,15;1,0,0.0515,0,100;7,3,0.7305,0,73;7,4,0.1425,0,46;7,0,0.2065,3,40;5,0,0.0535,0,19
claim-temporal-development-train-00766	5	2	2	45,15,191,141,155,106,152,132,62,117,42,83,154,51,69,67,39,212,80,28,151,215,103,198,112,16,152,21,9,127,147,209,93,136,169,88	8,5,0.1475,0,107;3,5,0.5205,0,208;2,4,0.7945,0,187;7,1,0.1515,0,33;6,0,0.0035,0,223;6,2,0.0375,0,50
claim-temporal-development-train-00767	1	3	1	166,44,164,75,21,27,148,37,5,163,13,188,209,97,117,65,189,58,56,84,131,16,69,90,94,141,123,45,113,110,152,215,138,173,206,150	4,3,0.1945,0,245;2,3,0.9455,0,9;7,0,0.3105,0,35;2,2,0.4055,1,62;0,4,0.2795,0,3;2,1,0.4905,0,209
claim-temporal-development-train-00768	6	0	1	178,131,23,195,108,137,49,141,166,145,169,44,14,83,150,115,96,152,166,28,63,68,45,76,156,209,121,103,69,39,118,92,19,157,172,1	0,4,0.7635,2,188;3,5,0.9965,0,136;0,5,0.8155,0,240;3,1,0.9645,3,55;6,2,0.6775,1,57;0,1,0.2635,0,217
claim-temporal-development-train-00769	10	3	0	142,173,149,29,184,113,6,103,21,66,160,80,50,109,85,20,175,117,63,37,45,191,211,15,201,92,194,136,94,44,148,125,134,154,208,69	5,5,0.8305,0,195;4,3,0.9185,0,202;1,5,0.4405,0,174;7,3,0.9045,1,156;6,3,0.3255,0,147;4,4,0.1085,1,194
claim-temporal-development-train-00770	1	3	1	48,19,148,179,161,63,49,65,69,21,141,38,28,150,93,203,131,44,197,92,207,184,97,186,116,125,120,180,3,136,79,169,84,107,13,205	2,3,0.7425,0,173;3,4,0.9015,3,127;0,5,0.3255,0,16;6,2,0.9615,0,139;0,1,0.8025,3,137;4,1,0.1605,0,22
claim-temporal-development-train-00771	0	3	1	148,107,98,87,52,69,167,21,211,177,118,114,210,39,28,140,150,122,40,141,19,167,130,187,93,91,14,66,76,195,212,2,45,188,62,167	1,4,0.7245,0,46;3,5,0.0265,0,85;3,4,0.5145,0,158;3,5,0.7645,0,112;1,1,0.4665,1,96;1,0,0.9095,0,92
claim-temporal-development-train-00772	2	0	0	64,158,177,53,126,177,190,187,174,78,109,140,62,33,2,132,43,185,90,145,20,45,96,10,200,197,157,149,69,87,99,143,21,117,35,112	1,0,0.9565,0,131;8,1,0.6125,0,75;4,4,0.1275,0,73;5,5,0.5945,3,83;2,3,0.0005,0,176;5,2,0.9365,2,25
claim-temporal-development-train-00773	7	3	1	141,64,93,45,14,50,71,83,132,111,182,205,174,205,100,148,58,154,136,6,206,28,119,90,150,74,114,40,174,22,34,123,194,20,173,214	5,4,0.8515,1,88;3,0,0.0835,0,144;1,0,0.0315,2,24;1,1,0.4615,0,45;3,5,0.5555,2,229;2,2,0.1965,0,124
claim-temporal-development-train-00774	1	2	2	39,91,29,177,110,46,122,93,159,157,140,41,3,144,152,210,168,100,198,147,21,112,60,130,18,159,117,15,64,82,51,76,202,211,69,151	2,5,0.5375,0,125;4,5,0.3195,1,78;2,2,0.1785,0,32;3,0,0.7485,0,220;3,4,0.1885,0,137;1,0,0.9995,3,105
claim-temporal-development-train-00775	0	3	0	90,37,196,98,128,112,135,28,149,180,10,45,178,81,71,159,167,143,51,148,65,60,174,120,3,180,93,139,16,83,154,21,206,42,199,106	2,0,0.0605,0,141;3,3,0.4955,0,171;2,2,0.3085,2,198;8,1,0.4305,0,183;1,0,0.1095,3,8;7,5,0.7595,2,156
claim-temporal-development-train-00776	2	2	0	149,84,70,67,212,200,93,198,49,89,39,4,60,205,141,215,204,167,44,117,198,114,177,27,130,21,12,46,20,124,81,198,111,147,102,136	3,2,0.8605,0,209;2,5,0.8425,1,209;0,2,0.7835,1,55;8,2,0.3315,0,89;5,5,0.4355,0,35;3,0,0.1275,0,174
claim-temporal-development-train-00777	10	2	1	29,141,69,182,150,59,178,66,92,50,4,105,196,177,41,208,93,82,183,21,109,13,132,78,174,126,18,176,117,116,137,156,177,45,147,39	3,3,0.5165,0,124;4,5,0.3835,0,175;1,1,0.5515,0,208;5,0,0.8665,0,15;8,3,0.9335,0,197;5,2,0.3895,0,246
claim-temporal-development-train-00778	2	0	0	158,195,189,113,210,153,111,28,160,66,149,78,128,141,91,60,132,117,36,184,208,45,2,139,14,145,100,18,201,87,57,69,43,172,93,21	1,4,0.5605,0,250;3,2,0.6115,0,223;8,2,0.4935,0,167;5,5,0.7955,0,187;3,5,0.2015,0,32;7,2,0.6685,0,45
claim-temporal-development-train-00779	0	3	1	115,197,89,197,150,33,118,165,111,21,134,210,41,4,121,87,51,15,35,206,20,69,45,62,81,93,66,213,164,148,152,137,200,199,104,141	3,5,0.9965,0,43;8,1,0.3575,0,251;2,4,0.5925,0,100;8,5,0.3155,0,199;7,5,0.6295,1,120;0,4,0.3895,0,49
claim-temporal-development-train-00780	1	2	0	7,111,207,99,21,130,177,89,179,70,161,147,138,93,126,60,38,26,158,45,156,189,114,15,173,117,149,75,184,67,173,83,41,51,17,143	6,5,0.2395,0,206;1,4,0.3175,0,200;2,2,0.6675,1,130;2,1,0.2785,0,33;2,5,0.5965,0,103;5,0,0.5685,2,121
claim-temporal-development-train-00781	0	3	2	121,141,100,52,201,185,18,62,43,151,206,69,214,88,110,166,68,1,148,210,117,39,206,85,27,21,164,179,45,135,15,156,74,116,94,138	0,5,0.5605,0,94;2,5,0.6055,0,227;3,4,0.8325,0,26;1,3,0.0135,1,3;3,4,0.8355,0,107;0,5,0.5265,0,228
claim-temporal-development-train-00782	10	3	1	189,186,152,100,5,162,169,213,198,69,10,20,118,148,122,39,150,90,111,137,45,135,141,26,50,59,40,81,93,165,112,65,21,87,153,186	4,0,0.9635,0,220;1,5,0.1585,0,233;1,1,0.2935,0,217;8,5,0.4855,0,118;3,5,0.0025,1,221;1,5,0.3875,0,84
claim-temporal-development-train-00783	4	1	2	177,45,176,85,164,11,174,198,173,21,143,175,93,114,80,100,89,106,9,127,139,52,132,146,69,183,33,177,117,155,39,40,65,18,62,151	8,1,0.5115,0,171;8,5,0.0825,0,20;3,4,0.2475,0,92;7,3,0.3505,0,104;3,0,0.5545,0,31;6,2,0.6525,2,220
claim-temporal-development-train-00784	7	2	0	107,182,176,69,129,189,21,181,62,117,40,86,50,93,190,45,35,115,143,16,88,183,15,167,105,147,81,68,135,4,33,149,172,138,175,207	3,5,0.0555,0,34;8,1,0.0375,0,67;1,4,0.8715,0,91;8,4,0.0315,0,102;8,1,0.6895,0,25;8,5,0.4315,2,37
claim-temporal-development-train-00785	9	0	0	159,177,173,23,13,4,26,49,170,95,145,186,104,196,69,133,61,45,39,66,158,89,136,42,20,143,109,192,209,114,149,173,117,125,83,81	3,3,0.9675,2,141;1,5,0.4245,0,135;0,3,0.5125,0,63;8,1,0.3565,2,214;7,3,0.4285,0,108;4,3,0.0125,2,155
claim-temporal-development-train-00786	10	1	1	125,187,141,213,150,146,68,34,45,7,209,130,112,212,90,81,181,29,16,83,107,139,197,93,21,15,103,192,197,62,117,185,52,193,72,43	6,5,0.1035,0,86;4,0,0.7085,0,100;3,4,0.8095,3,77;8,1,0.5495,0,11;6,1,0.0635,0,234;4,0,0.7095,0,25
claim-temporal-development-train-00787	6	2	0	169,117,69,141,149,187,12,89,199,40,123,18,68,171,147,96,157,196,192,104,49,21,63,33,4,135,210,109,154,76,161,87,45,34,116,136	3,2,0.4395,0,122;8,0,0.1195,0,104;0,5,0.8705,0,25;3,5,0.2355,3,55;7,3,0.9065,0,221;2,5,0.0745,0,137
claim-temporal-development-train-00788	2	0	1	31,174,191,65,88,83,177,165,107,8,163,100,206,18,93,142,116,36,59,153,69,76,145,45,50,117,132,150,136,11,124,42,197,161,157,21	7,1,0.4765,0,5;6,2,0.5195,0,132;1,1,0.2595,0,40;3,1,0.0775,0,108;3,1,0.9605,0,64;3,2,0.1465,1,139
claim-temporal-development-train-00789	9	3	2	45,43,2,21,93,58,192,148,192,204,20,151,37,115,128,131,178,82,106,155,139,152,117,69,88,141,204,209,32,208,56,65,194,76,12,102	1,2,0.9605,0,216;7,3,0.6725,0,81;7,0,0.2715,0,150;3,0,0.0325,0,139;5,0,0.6555,0,232;7,1,0.7915,0,200
claim-temporal-development-train-00790	1	0	2	61,156,193,215,171,123,117,93,40,145,193,197,141,161,102,69,90,17,81,64,140,3,29,45,21,10,35,151,57,155,110,135,84,208,112,179	2,0,0.2505,0,220;4,1,0.1445,0,202;8,3,0.0475,0,248;8,2,0.5895,0,170;5,4,0.1415,0,227;2,5,0.8295,0,41
claim-temporal-development-train-00791	3	0	2	145,4,111,167,62,168,193,74,177,151,112,158,190,37,64,129,143,93,183,13,86,48,97,135,18,88,190,41,69,117,171,161,21,27,52,138	3,3,0.4075,0,116;2,3,0.3585,3,155;3,4,0.0625,0,241;1,4,0.1565,0,167;0,5,0.0425,0,140;8,5,0.5895,2,55
claim-temporal-development-train-00792	10	3	2	63,110,169,160,117,40,92,137,200,45,151,98,214,193,215,51,28,125,215,7,81,164,69,15,141,115,65,20,191,132,173,93,85,22,34,148	6,5,0.9145,1,117;3,0,0.0475,0,9;2,5,0.2925,0,155;8,3,0.8975,0,34;1,4,0.7935,0,224;4,2,0.2405,0,247
claim-temporal-development-train-00793	10	0	1	105,129,14,84,150,114,117,200,39,132,164,201,106,59,65,159,81,198,69,181,170,18,21,6,180,145,48,202,214,32,141,41,93,92,138,57	5,4,0.4805,0,110;7,5,0.2135,3,22;8,1,0.2695,0,218;8,2,0.9405,0,70;8,0,0.5525,0,186;8,2,0.4065,0,104
claim-temporal-development-train-00794	8	3	1	44,214,197,117,191,133,78,11,52,72,177,82,215,114,30,169,143,91,124,211,2,21,63,161,157,20,137,68,150,202,93,101,39,148,45,108	1,1,0.8985,0,140;5,5,0.9475,0,166;3,5,0.8505,3,111;5,0,0.6325,0,149;4,2,0.4705,0,105;3,3,0.2185,2,212
claim-temporal-development-train-00795	4	1	2	62,195,156,126,112,42,211,69,88,198,146,193,12,117,74,202,33,19,45,52,86,108,176,173,68,21,93,36,4,151,130,141,100,193,137,186	3,2,0.6605,0,90;8,2,0.5995,0,184;3,4,0.8245,0,171;1,4,0.0015,0,206;3,2,0.0175,0,200;5,0,0.3475,0,251
claim-temporal-development-train-00796	10	0	2	21,45,10,195,158,135,192,142,112,157,175,145,118,185,69,100,139,127,29,92,61,106,198,35,160,53,187,93,151,169,40,17,82,64,3,81	2,0,0.3205,0,103;4,1,0.0975,0,206;4,3,0.1835,0,135;8,0,0.8655,0,35;3,0,0.0755,1,187;6,5,0.6925,1,191
claim-temporal-development-train-00797	0	3	0	159,97,206,88,206,208,112,28,54,86,175,69,205,16,148,3,80,64,186,180,37,134,142,61,149,138,117,43,45,153,21,124,157,96,13,109	2,3,0.1825,0,98;3,3,0.7985,0,86;5,3,0.1095,0,170;7,4,0.1645,3,46;0,3,0.1725,0,79;3,4,0.5005,1,133
claim-temporal-development-train-00798	10	2	2	58,163,93,34,203,151,68,45,69,103,21,115,9,198,161,195,13,186,88,117,160,106,73,152,56,33,85,200,131,126,180,137,147,19,44,141	8,3,0.7575,0,154;8,0,0.8795,0,9;7,0,0.8745,0,117;0,3,0.0875,0,232;6,0,0.6255,0,117;5,1,0.3065,0,147
claim-temporal-development-train-00799	9	0	0	196,213,159,32,108,117,76,10,140,51,127,145,20,91,141,44,149,163,191,172,155,45,37,87,113,65,134,170,93,205,7,21,105,180,63,69	6,0,0.8015,0,47;7,3,0.8135,0,180;2,5,0.3735,0,252;3,5,0.6365,0,165;8,2,0.2765,0,58;6,4,0.9295,0,153
claim-temporal-development-train-00800	8	0	1	192,56,169,145,79,176,69,99,212,21,62,157,40,162,116,118,12,16,45,126,107,182,89,84,196,150,140,135,64,34,207,28,141,3,95,204	2,2,0.0955,0,78;3,0,0.1165,0,227;7,4,0.1895,0,121;6,2,0.3315,2,115;2,1,0.9275,1,247;5,5,0.8295,0,148
claim-temporal-development-train-00801	9	1	0	44,167,93,80,16,83,28,146,167,4,149,212,112,48,137,53,66,121,110,141,154,117,190,130,69,37,59,181,164,11,101,170,21,190,175,92	3,1,0.1325,0,168;3,3,0.8705,3,226;4,1,0.4595,0,249;7,1,0.9455,0,236;4,4,0.0425,0,132;0,0,0.2625,0,211
claim-temporal-development-train-00802	0	3	2	21,141,206,174,156,136,207,183,121,69,165,38,164,117,52,93,11,90,116,78,166,151,100,148,44,132,2,66,82,20,62,107,33,45,195,176	1,1,0.9405,0,223;8,4,0.9275,0,91;3,4,0.5305,0,137;5,0,0.4205,0,240;3,1,0.9385,0,216;0,2,0.0945,0,37
claim-temporal-development-train-00803	9	2	0	58,42,21,2,155,214,87,206,202,14,193,124,102,204,204,45,113,147,109,39,69,194,149,53,65,200,93,29,74,137,19,117,132,141,169,89	1,4,0.6065,0,146;4,5,0.4135,0,196;4,0,0.2345,0,40;1,5,0.2235,0,185;5,3,0.2655,0,184;3,2,0.3795,0,215
claim-temporal-development-train-00804	7	0	1	124,169,117,69,13,145,114,187,89,154,109,49,161,34,167,141,45,19,22,27,165,138,175,132,98,75,200,96,159,4,150,62,43,159,67,86	3,3,0.6005,1,249;2,0,0.6585,0,92;0,4,0.7715,0,54;2,4,0.3325,3,170;1,3,0.5335,0,42;3,2,0.4225,0,168
claim-temporal-development-train-00805	1	3	0	180,17,99,38,53,64,149,148,174,90,8,115,205,130,197,126,136,93,26,83,144,175,63,183,43,21,14,78,111,45,202,212,117,72,178,181	7,4,0.2325,0,52;1,4,0.7735,0,190;4,5,0.1285,3,18;5,1,0.4015,0,178;2,5,0.6185,0,20;5,0,0.1465,3,143
claim-temporal-development-train-00806	5	2	1	207,65,208,45,127,57,171,214,21,172,166,105,93,150,7,190,20,76,42,113,189,91,147,34,131,108,117,137,63,28,141,87,170,69,11,179	6,1,0.8575,0,112;3,0,0.5765,0,63;8,5,0.3485,0,221;3,5,0.6035,0,110;8,2,0.3275,0,91;6,1,0.3885,0,71
claim-temporal-development-train-00807	9	0	0	205,205,141,93,78,4,16,215,149,37,13,117,98,41,49,164,178,131,84,64,138,110,21,63,115,121,173,71,191,196,32,172,204,145,45,88	3,3,0.1785,0,145;7,3,0.3535,0,194;0,5,0.1705,2,150;5,2,0.1095,0,248;1,4,0.7795,0,82;0,1,0.5395,0,79
claim-temporal-development-train-00808	7	3	0	99,213,205,187,29,38,149,215,176,135,40,12,152,51,69,180,110,117,17,60,215,141,148,84,74,164,88,136,124,64,93,188,2,45,21,112	1,2,0.2095,0,178;4,4,0.0365,0,98;2,2,0.0675,0,50;1,2,0.0895,0,151;2,4,0.0735,0,125;3,5,0.0705,0,14
claim-temporal-development-train-00809	5	2	1	150,189,27,192,184,71,49,81,96,136,172,141,116,134,90,66,10,100,147,16,188,179,197,107,117,124,211,152,38,83,45,21,197,40,61,5	4,0,0.0705,0,127;2,4,0.1175,0,73;0,3,0.5725,2,1;8,1,0.5245,3,119;3,1,0.9185,0,141;3,4,0.1535,0,21
claim-temporal-development-train-00810	10	2	2	147,210,65,197,193,141,179,28,108,19,34,14,191,117,126,50,46,21,202,151,137,103,93,77,212,155,133,158,152,69,91,59,87,42,115,3	2,4,0.7155,0,102;3,0,0.5925,1,194;1,1,0.2225,0,39;4,5,0.6325,0,154;6,2,0.7285,0,174;5,3,0.2335,0,252
claim-temporal-development-train-00811	1	3	2	14,164,107,170,205,3,68,140,196,132,48,157,76,19,98,59,86,69,117,37,91,157,204,171,151,21,30,112,95,141,148,156,57,40,122,170	2,4,0.7165,0,184;5,3,0.1335,3,48;8,1,0.8605,0,211;3,4,0.7475,2,22;1,1,0.1635,0,222;1,2,0.9295,0,169
claim-temporal-development-train-00812	10	2	2	137,129,204,36,141,204,111,33,13,93,18,69,112,43,197,1,91,134,151,59,21,98,193,117,57,187,76,178,196,68,45,86,208,147,194,184	0,3,0.4265,0,204;8,2,0.7315,0,169;8,1,0.8215,0,98;3,4,0.6575,0,168;1,5,0.1485,0,183;8,4,0.2145,0,157
claim-temporal-development-train-00813	1	2	0	61,66,190,193,54,17,147,198,176,110,89,117,27,158,21,39,138,93,102,4,141,83,196,69,45,114,130,158,76,149,159,123,207,194,14,44	3,4,0.3705,0,171;2,5,0.8945,0,124;5,3,0.5505,0,190;3,1,0.3095,0,243;5,4,0.5665,0,176;2,0,0.4485,0,93
claim-temporal-development-train-00814	9	0	0	93,197,119,69,113,57,201,111,153,149,81,88,123,157,1,201,45,24,141,136,87,164,200,99,62,26,203,12,43,188,64,135,34,20,171,145	0,2,0.9615,3,210;1,0,0.6745,0,4;8,4,0.0915,0,117;8,5,0.1785,0,19;2,5,0.2025,2,123;2,5,0.0445,0,163
claim-temporal-development-train-00815	6	2	2	38,43,132,157,138,209,59,207,99,48,64,176,168,15,70,16,3,202,115,147,151,189,90,82,119,76,141,191,152,52,109,21,211,93,29,121	2,5,0.1285,0,46;4,4,0.6125,3,243;3,1,0.0245,1,233;3,0,0.5945,0,141;2,3,0.7155,2,253;0,2,0.5885,0,169
claim-temporal-development-train-00816	9	0	2	182,36,161,15,76,8,141,92,51,137,99,47,145,169,69,188,27,117,134,170,209,195,67,62,94,112,82,108,152,186,44,151,121,175,20,21	7,5,0.8585,0,59;2,2,0.9435,2,190;2,4,0.6865,0,28;3,0,0.8865,1,159;2,2,0.1615,0,98;0,4,0.3395,0,34
claim-temporal-development-train-00817	2	1	1	69,137,36,141,203,89,115,215,132,13,171,45,161,111,17,102,65,189,118,21,150,58,175,26,210,146,43,83,198,57,181,156,95,121,4,77	3,3,0.2795,0,248;1,2,0.6895,0,92;8,0,0.2835,0,213;4,1,0.2995,2,181;5,5,0.7675,1,127;0,2,0.3485,0,147
claim-temporal-development-train-00818	9	2	0	157,79,164,117,212,28,206,159,8,186,135,93,113,51,40,90,141,82,138,36,14,193,19,45,175,149,129,108,147,68,103,21,59,181,185,69	7,4,0.6765,0,0;3,2,0.0505,0,48;2,1,0.9485,0,108;6,0,0.5885,0,171;6,2,0.3235,0,148;8,5,0.4305,0,228
claim-temporal-development-train-00819	10	3	2	148,93,195,111,26,123,41,159,163,154,57,112,100,151,192,18,45,66,88,193,117,211,21,34,69,9,61,139,135,186,142,10,85,182,202,76	8,0,0.4375,0,109;1,0,0.2455,0,58;8,3,0.4825,0,189;3,3,0.0045,0,192;3,5,0.0065,0,252;2,5,0.7215,1,186
claim-temporal-development-train-00820	1	0	1	51,172,150,18,106,27,158,6,188,170,69,145,164,136,214,58,133,89,161,67,100,82,80,45,117,38,198,124,205,187,141,12,113,43,21,93	5,2,0.5585,0,133;2,4,0.7305,0,131;2,0,0.7615,0,106;7,0,0.3365,0,210;3,0,0.3075,0,167;3,3,0.0555,0,79
claim-temporal-development-train-00821	6	2	1	49,207,161,21,130,93,69,214,194,208,77,45,92,62,150,98,184,186,8,111,138,67,187,147,42,113,84,127,32,191,195,20,12,141,119,34	7,2,0.8645,0,179;7,0,0.5325,0,118;0,4,0.6185,0,222;4,2,0.9755,0,204;1,5,0.2335,2,38;6,0,0.5245,0,84
claim-temporal-development-train-00822	1	2	2	69,93,132,170,64,137,41,87,33,17,196,107,154,113,39,11,196,129,102,45,157,151,161,142,175,174,91,202,118,58,21,53,75,147,157,4	3,1,0.3455,0,217;8,5,0.3095,0,2;4,0,0.1765,0,242;2,5,0.7745,0,42;5,1,0.2825,1,205;8,2,0.3845,1,180
claim-temporal-development-train-00823	6	3	0	112,40,211,137,13,149,148,179,18,155,117,132,28,63,141,66,92,110,85,211,168,45,34,208,195,49,123,69,7,195,22,73,200,93,97,187	6,3,0.4165,1,47;3,0,0.0235,0,186;0,5,0.4395,0,189;0,3,0.9435,0,109;0,4,0.0855,0,68;2,2,0.2855,0,169
claim-temporal-development-train-00824	3	0	2	208,136,26,141,185,117,50,91,63,9,111,200,41,66,21,77,100,203,170,201,18,207,145,114,128,212,11,151,173,82,93,47,35,133,190,69	8,1,0.5855,0,22;1,1,0.3015,2,224;1,5,0.4765,0,173;4,0,0.6785,0,146;3,5,0.4135,0,229;7,3,0.0915,0,91
claim-temporal-development-train-00825	3	0	0	107,65,212,69,114,188,176,187,36,60,117,141,93,77,123,33,177,88,208,55,41,14,177,4,193,178,172,149,82,104,18,21,48,135,136,145	3,4,0.4725,0,52;8,2,0.3405,3,148;6,2,0.2485,0,187;4,0,0.1145,0,67;7,1,0.5415,0,20;2,5,0.0445,0,27
claim-temporal-development-train-00826	2	0	1	82,54,58,26,21,159,141,99,182,112,107,189,191,145,76,16,117,89,41,13,179,210,150,130,138,46,172,39,162,67,4,168,125,184,93,69	3,3,0.1555,0,142;1,5,0.3495,1,96;5,0,0.6875,0,144;3,0,0.3845,0,175;2,1,0.1275,0,123;4,0,0.4565,0,250
claim-temporal-development-train-00827	9	2	2	38,117,184,177,58,88,165,8,104,13,137,180,147,50,199,152,17,154,134,72,166,209,194,65,44,32,110,125,45,23,141,80,94,82,112,151	7,3,0.2235,2,241;7,4,0.8155,0,122;1,0,0.2305,3,174;7,0,0.1235,1,203;7,4,0.0775,0,34;4,4,0.3875,0,240
claim-temporal-development-train-00828	5	2	2	103,204,84,164,112,117,69,111,21,36,93,193,181,58,56,147,45,166,64,133,186,170,175,141,171,40,17,171,13,136,7,126,29,76,91,151	6,3,0.3885,0,22;4,2,0.0815,0,28;7,0,0.1125,0,226;3,2,0.7785,0,1;6,5,0.0515,0,100;5,3,0.1875,0,146
claim-temporal-development-train-00829	1	0	0	44,52,71,141,205,94,86,174,76,149,117,68,177,180,18,110,140,12,134,214,21,45,210,58,28,114,103,174,197,145,210,206,3,123,37,89	2,2,0.5545,0,47;3,3,0.9615,0,73;3,0,0.9775,2,73;3,4,0.2685,1,228;6,4,0.5325,0,118;2,4,0.8805,0,15
claim-temporal-development-train-00830	10	3	2	19,112,7,183,43,22,64,69,183,141,151,132,77,10,181,215,93,117,109,90,174,191,148,39,47,176,205,136,170,31,51,179,84,62,99,124	6,0,0.6375,1,4;6,5,0.6065,2,146;2,4,0.0505,0,252;4,2,0.5985,0,72;2,3,0.0725,0,41;3,2,0.1095,0,228
claim-temporal-development-train-00831	7	1	2	93,38,157,60,115,48,166,50,82,104,179,202,195,146,180,118,16,190,107,28,209,14,129,21,66,90,74,151,141,176,180,130,70,8,40,137	7,4,0.0605,0,140;3,4,0.0355,3,130;1,2,0.4085,1,112;1,0,0.4015,0,205;7,1,0.6575,1,16;8,0,0.2645,0,186
claim-temporal-development-train-00832	10	2	0	85,156,199,117,200,175,62,18,122,98,144,46,112,14,43,77,69,159,64,91,25,140,24,147,198,93,193,165,111,167,149,35,3,132,173,49	2,4,0.4555,3,119;0,1,0.7025,1,231;0,4,0.1785,0,18;4,3,0.7925,0,172;1,5,0.1175,0,18;1,2,0.8735,3,194
claim-temporal-development-train-00833	5	2	0	141,96,73,169,69,34,40,52,199,17,21,30,82,10,119,45,207,205,92,205,105,110,174,7,123,147,134,184,202,202,112,62,140,66,149,202	6,0,0.2135,0,245;5,0,0.1305,0,12;3,4,0.4335,0,15;0,0,0.8775,3,190;8,4,0.0875,2,44;2,4,0.9535,0,29
claim-temporal-development-train-00834	8	2	0	191,54,78,93,66,92,7,14,21,161,16,46,179,110,156,211,149,147,140,35,99,142,199,30,117,209,87,112,173,69,129,130,163,40,164,61	6,4,0.1115,0,239;5,1,0.0435,1,27;5,3,0.5765,0,65;5,5,0.9475,0,202;2,4,0.0005,0,152;8,0,0.9775,1,59
claim-temporal-development-train-00835	1	0	1	145,136,32,40,123,67,211,89,85,115,168,81,150,47,204,141,135,182,190,99,160,173,3,21,111,58,18,56,93,69,170,200,117,15,39,206	2,5,0.4065,0,125;7,5,0.1325,2,120;7,0,0.6455,0,121;8,3,0.3105,0,48;2,5,0.7245,0,69;2,5,0.0705,0,190
claim-temporal-development-train-00836	4	1	0	85,88,21,53,47,149,128,146,29,180,205,195,109,79,117,100,179,214,141,39,184,135,69,195,185,2,17,171,93,136,202,43,13,62,113,65	1,3,0.3035,0,208;4,5,0.6575,2,97;4,4,0.3105,0,116;6,3,0.1645,0,244;3,3,0.2935,0,186;7,5,0.0775,0,255
claim-temporal-development-train-00837	6	0	2	27,20,74,141,62,152,108,179,208,93,151,42,183,57,47,21,117,114,179,213,156,187,65,156,136,12,121,1,36,134,101,92,164,82,71,145	0,2,0.9115,0,119;2,2,0.5165,2,220;8,4,0.2825,2,39;1,0,0.9745,0,197;4,2,0.5135,0,67;0,4,0.0965,0,171
claim-temporal-development-train-00838	3	0	0	83,197,112,32,141,93,69,145,73,162,211,21,201,198,88,158,201,134,124,4,19,103,12,43,52,149,117,59,176,45,189,140,65,35,162,106	3,2,0.6395,0,87;7,1,0.7755,0,131;3,1,0.2815,0,218;0,1,0.1605,0,23;6,0,0.0885,0,96;3,4,0.9465,0,205
claim-temporal-development-train-00839	2	0	0	190,75,175,202,180,43,45,153,171,215,68,158,69,6,117,115,125,58,168,34,92,141,56,93,139,145,108,103,132,16,11,149,21,28,82,155	5,1,0.0725,0,153;3,0,0.7875,0,71;7,0,0.9795,0,77;2,0,0.9705,0,184;6,2,0.7335,0,37;4,2,0.7665,0,193
claim-temporal-development-train-00840	3	0	1	140,17,91,117,183,100,129,167,56,187,12,21,37,182,150,58,163,1,106,191,145,28,141,210,44,64,45,163,135,69,185,115,83,93,75,152	0,2,0.2235,0,121;3,3,0.9145,0,118;7,0,0.1385,0,42;2,1,0.7055,0,131;3,0,0.7895,0,200;8,5,0.8905,0,39
claim-temporal-development-train-00841	0	3	2	151,207,113,24,153,138,27,81,141,92,152,182,43,148,68,52,98,63,17,110,69,129,134,120,210,14,93,83,206,45,194,9,210,36,213,215	8,4,0.2185,3,130;2,2,0.6815,0,131;3,5,0.8975,0,89;8,1,0.8015,0,216;1,4,0.2385,3,88;8,4,0.5785,0,73
claim-temporal-development-train-00842	2	1	0	107,80,97,55,88,146,84,93,11,160,48,130,37,125,201,196,149,65,60,113,181,30,214,170,18,43,69,185,140,117,165,141,168,177,23,9	8,1,0.5055,2,171;5,3,0.6055,3,215;6,2,0.2425,0,178;7,2,0.0695,0,0;0,1,0.2985,0,128;4,0,0.9315,0,70
claim-temporal-development-train-00843	6	0	1	98,117,150,23,63,205,211,67,6,141,11,113,152,28,140,78,40,93,170,184,204,205,37,85,154,108,90,45,135,71,145,17,121,159,190,49	5,1,0.2525,2,242;3,3,0.1485,0,227;0,5,0.6875,2,126;5,3,0.5435,0,11;1,2,0.3635,0,252;0,5,0.8245,0,242
claim-temporal-development-train-00844	0	3	1	18,161,62,171,87,81,109,132,22,93,197,116,137,70,192,141,53,13,91,148,183,211,153,44,128,152,39,27,117,163,150,203,6,68,100,45	5,3,0.5455,1,74;2,5,0.8485,0,74;4,4,0.9165,1,255;8,5,0.6745,0,147;3,3,0.8165,0,78;7,2,0.3615,0,215
claim-temporal-development-train-00845	1	0	0	56,21,211,145,126,149,93,91,130,66,83,157,140,143,198,17,45,108,203,6,35,27,75,69,161,170,200,13,117,99,62,115,194,204,42,155	5,3,0.3535,0,22;2,1,0.5655,0,223;7,4,0.5075,0,8;2,1,0.6215,0,30;2,2,0.7895,0,250;5,0,0.8555,2,165
claim-temporal-development-train-00846	1	0	2	201,138,151,141,211,117,19,183,21,209,113,63,122,41,130,88,39,182,155,45,200,53,78,86,145,196,69,101,13,106,65,194,3,25,93,205	2,3,0.6805,0,110;0,5,0.2525,0,219;4,5,0.2165,0,215;5,4,0.0705,0,21;4,0,0.3965,0,15;1,0,0.5735,0,129
claim-temporal-development-train-00847	2	2	2	52,147,171,175,92,179,2,105,41,173,69,117,185,172,18,65,124,136,28,130,106,151,172,164,60,115,39,179,47,76,83,11,21,180,93,141	1,1,0.4495,0,30;3,5,0.2865,2,0;3,2,0.2985,0,8;3,1,0.8385,0,97;8,0,0.6345,0,66;3,0,0.0625,0,221
claim-temporal-development-train-00848	1	3	1	69,16,117,64,58,84,199,203,159,75,199,3,150,28,93,208,141,40,169,89,45,123,15,213,135,191,98,39,191,113,52,148,137,106,183,21	2,5,0.1785,0,157;3,5,0.0745,0,170;3,0,0.0505,0,157;2,2,0.2855,0,67;1,0,0.3155,0,140;2,5,0.2785,0,7
claim-temporal-development-train-00849	6	2	2	14,116,35,203,60,44,199,147,68,45,144,76,6,117,177,97,160,20,86,190,88,136,23,161,205,27,111,57,125,168,168,69,93,151,130,170	5,4,0.8535,2,213;2,1,0.9145,0,96;8,2,0.8605,0,6;3,4,0.1275,0,227;0,5,0.8565,0,117;4,0,0.1905,3,205
claim-temporal-development-train-00850	6	3	1	195,213,202,182,45,4,176,13,86,136,69,141,17,26,115,128,67,49,199,132,205,104,108,34,148,164,93,185,81,175,92,23,150,61,117,42	3,3,0.3975,2,226;1,0,0.4565,0,29;0,3,0.6215,0,88;8,4,0.8285,0,132;7,2,0.6505,0,218;7,2,0.1875,0,182
claim-temporal-development-train-00851	10	3	0	43,117,204,214,83,51,29,15,123,208,9,183,116,79,202,89,157,111,174,148,66,62,105,167,69,205,215,22,132,45,141,20,140,149,39,96	8,5,0.9475,1,62;4,5,0.6615,0,135;2,4,0.5995,0,178;6,1,0.2045,3,90;8,5,0.8195,0,255;2,2,0.9795,0,214
claim-temporal-development-train-00852	9	1	1	139,141,39,56,128,146,175,93,14,165,174,41,4,198,150,117,133,154,45,21,159,215,16,116,65,32,181,106,71,92,77,214,87,58,167,98	3,4,0.1325,0,189;7,5,0.2445,0,34;7,0,0.3165,2,194;4,5,0.9995,0,244;1,0,0.8195,0,150;7,3,0.6345,0,54
claim-temporal-development-train-00853	2	1	0	208,87,13,45,19,4,98,65,117,57,69,213,149,215,146,23,34,44,194,167,182,125,200,28,59,88,136,110,113,96,133,205,141,160,77,155	3,3,0.7765,2,138;3,0,0.9845,0,95;8,1,0.3945,0,118;4,5,0.1245,3,121;1,4,0.3115,0,111;4,3,0.1805,0,232
claim-temporal-development-train-00854	8	2	1	133,81,204,115,111,150,198,208,167,141,34,167,19,124,70,43,45,59,57,21,83,89,93,208,65,8,137,102,157,26,147,209,192,117,13,188	7,3,0.6685,0,253;1,0,0.7935,0,8;8,1,0.3465,1,175;8,1,0.3295,0,8;5,5,0.6695,0,187;3,3,0.2875,0,244
claim-temporal-development-train-00855	1	0	0	106,210,201,39,145,5,49,92,139,160,112,201,87,192,45,134,141,27,93,18,21,73,122,160,117,166,68,160,203,170,63,101,71,44,12,149	4,2,0.5505,0,223;2,5,0.8475,0,130;0,5,0.9945,2,151;0,5,0.9105,0,198;4,0,0.1415,0,216;1,4,0.6225,0,170
claim-temporal-development-train-00856	0	3	0	89,164,111,65,136,175,25,100,86,127,45,20,177,13,175,38,133,21,117,148,149,115,69,141,161,177,3,62,51,214,42,168,80,195,93,196	2,3,0.8415,0,238;0,4,0.4615,0,58;2,4,0.2745,0,244;7,4,0.2535,0,70;3,5,0.7575,0,59;6,3,0.1405,0,140
claim-temporal-development-train-00857	1	3	2	52,45,59,213,148,95,198,214,114,157,103,44,186,132,67,214,110,151,69,5,17,90,21,124,212,27,178,166,38,84,141,136,76,196,15,117	4,5,0.3735,0,215;2,4,0.9085,0,64;3,1,0.7535,0,189;3,2,0.5965,2,102;6,4,0.5785,0,72;3,2,0.0505,0,88
claim-temporal-development-train-00858	2	3	2	117,209,87,52,7,114,69,157,148,128,58,42,182,18,27,193,162,167,160,141,45,91,24,164,185,151,74,14,68,94,108,135,170,35,98,136	6,4,0.4245,3,115;2,1,0.5775,0,142;3,0,0.8885,0,181;1,5,0.6415,1,120;1,2,0.5275,0,7;7,5,0.1295,0,144
claim-temporal-development-train-00859	2	3	0	172,88,58,203,117,196,17,44,65,3,148,23,132,141,31,69,149,73,185,103,161,82,159,53,173,36,107,159,138,45,93,214,113,15,124,212	2,5,0.3565,2,137;6,2,0.8785,0,179;4,0,0.3345,0,244;0,0,0.0775,0,185;6,1,0.3325,0,91;3,2,0.5515,0,110
claim-temporal-development-train-00860	1	3	0	75,44,69,198,56,21,84,105,18,63,214,115,209,94,205,127,107,66,90,46,149,117,211,141,192,215,3,133,148,139,28,15,179,37,182,191	2,5,0.5035,0,164;3,3,0.9275,1,40;7,5,0.4675,0,62;2,2,0.4545,1,252;8,1,0.7375,0,147;6,3,0.7995,0,52
claim-temporal-development-train-00861	2	0	0	44,114,20,71,91,183,188,22,171,214,162,171,34,84,207,123,66,131,145,7,15,63,52,117,30,197,172,93,149,193,139,102,141,74,45,108	6,5,0.9625,1,22;5,0,0.9365,0,42;3,5,0.5855,2,73;1,2,0.6745,0,216;5,2,0.5435,0,143;2,1,0.7635,0,42
claim-temporal-development-train-00862	10	1	2	141,196,76,65,93,132,190,84,4,177,178,198,13,46,191,39,127,160,100,21,16,214,69,63,151,113,28,137,160,88,57,40,107,117,146,198	3,3,0.0215,0,235;3,5,0.0005,1,240;8,5,0.3605,0,124;3,2,0.0255,0,152;3,1,0.3245,0,152;6,2,0.2125,0,114
claim-temporal-development-train-00863	10	1	2	158,164,163,133,141,109,5,140,210,79,125,203,212,151,29,84,213,20,45,60,114,90,152,50,212,69,37,146,68,117,22,15,43,156,93,105	4,5,0.9835,1,151;4,3,0.7255,0,110;1,2,0.8505,0,224;6,2,0.5425,0,243;8,3,0.4315,0,78;4,3,0.9485,0,206
claim-temporal-development-train-00864	9	1	1	111,167,201,14,93,66,188,16,150,22,215,79,62,133,116,83,57,2,36,182,126,44,175,28,183,45,69,173,91,138,142,146,178,159,104,117	1,4,0.0485,1,34;3,2,0.8385,0,1;8,4,0.4465,0,162;6,1,0.6865,0,88;7,5,0.9025,0,195;5,3,0.4305,1,209
claim-temporal-development-train-00865	6	3	2	179,11,73,1,114,28,131,85,50,48,93,99,172,118,148,189,178,129,196,187,89,109,139,173,151,23,36,171,141,20,191,61,66,197,41,71	0,1,0.8235,2,157;3,2,0.2335,3,5;1,3,0.4185,2,169;0,3,0.3755,0,60;2,3,0.5025,1,236;8,1,0.7975,0,135
claim-temporal-development-train-00866	9	3	2	38,10,101,199,116,82,106,201,175,196,125,169,200,205,176,1,152,151,21,136,63,27,45,119,148,40,90,93,193,133,78,56,141,69,66,17	0,0,0.2145,0,39;2,4,0.1725,0,159;7,5,0.4115,0,201;5,0,0.4265,0,144;4,0,0.8935,2,102;4,3,0.0015,0,200
claim-temporal-development-train-00867	3	0	0	62,117,162,82,88,164,23,131,65,145,141,202,167,14,39,51,75,149,125,4,18,95,140,28,154,112,189,69,177,171,44,200,215,107,100,45	3,4,0.5955,2,76;3,5,0.9305,0,128;2,4,0.3545,0,176;2,0,0.1525,2,7;3,1,0.0735,0,42;4,1,0.8965,0,30
claim-temporal-development-train-00868	2	3	0	112,141,74,212,51,149,215,93,136,39,192,66,21,16,83,148,69,214,97,175,58,166,123,187,3,135,207,212,42,118,15,108,92,48,28,194	2,5,0.0265,0,136;3,5,0.4815,3,144;2,0,0.4495,0,32;1,1,0.9685,0,28;0,2,0.0585,1,116;2,5,0.1505,0,203
claim-temporal-development-train-00869	2	3	1	153,76,21,187,188,40,92,11,31,127,16,100,132,148,71,45,6,141,109,196,162,138,113,68,84,157,184,37,59,55,93,208,202,150,117,215	5,1,0.1465,0,34;6,3,0.0365,0,5;6,1,0.8945,2,80;3,2,0.9245,0,66;3,3,0.2755,0,238;6,2,0.5815,0,236
claim-temporal-development-train-00870	0	3	1	168,45,113,181,180,141,182,208,83,88,154,44,117,137,125,215,57,28,130,107,4,208,150,60,16,67,104,148,205,38,73,69,157,21,10,93	3,0,0.0515,0,76;3,4,0.8655,0,34;8,2,0.7815,0,35;0,1,0.1025,0,116;7,1,0.2035,0,38;4,0,0.3065,0,109
claim-temporal-development-train-00871	5	2	1	28,95,20,132,60,150,21,68,123,139,211,165,101,141,45,161,69,209,168,40,37,113,198,147,9,110,191,90,204,11,117,82,55,153,156,75	8,1,0.8965,0,203;3,3,0.1685,0,43;6,2,0.8715,0,96;2,0,0.5415,2,107;4,4,0.2285,0,255;2,2,0.7435,0,185
claim-temporal-development-train-00872	6	3	1	201,133,140,127,45,108,13,51,21,68,93,204,58,91,75,193,97,44,25,176,115,178,141,69,175,17,36,212,150,148,209,173,1,190,83,117	0,3,0.2045,0,247;0,2,0.8575,0,71;2,0,0.9855,0,152;2,1,0.6235,0,203;0,2,0.7585,0,34;6,3,0.9805,0,7
claim-temporal-development-train-00873	9	2	1	17,181,75,64,43,204,96,187,69,45,147,82,63,113,92,179,177,192,117,128,150,140,141,22,14,102,180,36,186,133,6,188,212,51,26,108	5,4,0.3845,1,219;1,2,0.6445,0,188;2,5,0.0805,0,107;2,0,0.8155,3,94;5,2,0.2105,0,8;7,3,0.8335,0,189
claim-temporal-development-train-00874	10	0	2	17,30,126,45,141,177,76,186,2,83,69,35,157,88,21,167,43,165,117,113,165,60,65,140,157,131,93,105,214,111,158,15,151,145,53,190	1,5,0.2855,0,16;5,1,0.6735,0,89;4,2,0.3525,0,143;3,1,0.0635,0,57;8,5,0.2345,0,182;5,1,0.9005,0,226
claim-temporal-development-train-00875	5	2	2	43,133,112,141,151,190,49,84,124,213,3,74,11,182,167,46,62,93,139,153,21,203,37,18,206,117,102,29,69,170,88,108,164,64,188,147	2,1,0.5145,0,254;4,3,0.6915,1,116;0,4,0.0725,0,130;1,2,0.1445,0,131;5,2,0.0445,0,161;3,3,0.6805,0,113
claim-temporal-development-train-00876	6	3	2	108,168,132,128,164,26,38,52,40,22,198,200,164,148,67,179,206,207,170,102,58,117,85,182,93,12,2,92,18,70,151,144,113,136,73,45	1,2,0.5025,1,215;1,4,0.0965,0,223;3,0,0.6175,1,72;0,3,0.8665,0,111;5,2,0.3115,0,21;7,2,0.1185,3,137
claim-temporal-development-train-00877	9	0	0	111,23,174,19,64,93,184,138,145,116,117,207,161,74,62,39,156,84,202,55,104,43,182,134,48,182,15,2,142,171,122,214,88,27,149,69	1,5,0.6095,2,39;2,5,0.6945,3,192;6,4,0.1235,0,169;1,2,0.1115,0,223;7,5,0.8195,0,233;1,4,0.5385,1,155
claim-temporal-development-train-00878	0	3	0	205,173,149,164,201,73,71,124,169,83,50,165,93,14,44,148,183,19,4,204,112,45,34,26,103,67,196,111,21,132,58,117,141,88,183,139	3,4,0.6945,0,68;1,0,0.8525,0,60;1,0,0.6655,2,249;0,1,0.1475,0,68;6,5,0.0445,0,110;3,2,0.7135,0,170
claim-temporal-development-train-00879	1	0	2	103,13,116,117,86,40,30,64,214,21,182,141,152,211,69,159,93,49,108,151,136,209,58,189,161,18,194,45,134,92,129,208,75,145,37,9	8,3,0.4245,0,222;5,3,0.1045,0,68;0,0,0.1405,0,121;2,4,0.9555,0,28;6,2,0.8975,0,127;8,4,0.0815,0,54
claim-temporal-development-train-00880	3	0	0	115,166,93,60,141,75,162,191,124,195,4,145,64,92,47,71,19,22,191,138,196,109,149,170,39,57,44,198,85,130,100,209,117,188,13,31	3,3,0.6075,1,203;6,5,0.9655,2,132;8,2,0.1575,2,131;2,3,0.8395,0,194;3,3,0.7755,0,91;3,0,0.4835,0,142
claim-temporal-development-train-00881	5	2	2	45,57,69,12,117,205,64,195,20,181,193,113,134,88,141,196,140,3,59,185,200,147,170,87,28,79,151,22,108,43,128,103,37,207,196,93	2,2,0.9185,1,30;3,3,0.6485,0,40;8,1,0.1535,0,118;6,5,0.1955,0,210;6,2,0.2745,0,155;7,4,0.8975,0,201
claim-temporal-development-train-00882	9	2	0	149,20,176,79,63,22,187,137,144,118,188,66,69,45,109,32,43,161,211,135,205,176,88,38,9,98,113,147,10,123,184,56,93,179,83,191	8,0,0.9155,1,157;7,4,0.7265,0,179;7,5,0.5105,0,10;6,1,0.1145,0,61;1,3,0.2165,1,207;2,5,0.2805,3,163
claim-temporal-development-train-00883	8	0	1	42,163,101,129,150,143,115,185,64,96,111,199,172,207,24,136,69,157,171,183,78,83,34,145,17,3,15,89,63,30,134,45,120,54,182,190	2,5,0.3985,3,56;5,0,0.5095,0,145;5,5,0.0745,0,210;5,1,0.2375,3,198;4,5,0.6505,3,144;8,4,0.0835,2,94
claim-temporal-development-train-00884	1	2	2	126,167,34,147,161,99,90,162,154,64,50,136,115,209,111,168,16,142,160,207,27,117,96,4,81,173,21,42,183,133,151,45,12,58,82,72	3,2,0.1895,0,235;2,0,0.4715,0,255;1,0,0.0325,3,224;8,0,0.5335,3,224;2,5,0.7145,0,171;5,3,0.0715,1,113
claim-temporal-development-train-00885	1	3	1	169,123,97,57,115,206,3,110,211,69,140,141,162,63,117,75,148,188,135,42,199,93,82,21,181,11,68,45,190,90,39,20,162,150,25,210	2,1,0.9045,0,158;0,5,0.4625,0,72;8,5,0.8225,0,45;2,0,0.4475,0,228;0,4,0.7505,0,18;2,5,0.9195,0,142
claim-temporal-development-train-00886	3	0	2	69,117,134,152,214,60,137,196,92,145,167,28,82,93,209,125,11,54,106,151,186,79,156,20,162,212,65,4,159,141,103,45,44,21,114,38	3,1,0.9015,0,75;3,4,0.9555,0,38;5,2,0.3625,0,141;6,0,0.8085,0,46;6,0,0.5735,0,186;4,4,0.3645,0,186
claim-temporal-development-train-00887	5	2	0	201,76,154,124,181,69,105,17,65,45,42,207,174,93,10,58,2,149,180,203,53,89,31,199,84,111,21,147,133,38,141,164,120,116,136,179	1,0,0.2355,0,61;6,4,0.5595,0,93;4,0,0.3945,0,226;3,2,0.2725,0,191;8,5,0.9455,3,166;3,3,0.1375,0,118
claim-temporal-development-train-00888	1	2	2	200,37,117,51,21,170,10,183,158,141,132,112,98,212,86,32,192,66,188,151,20,75,159,197,69,45,109,126,41,147,91,170,3,61,93,136	2,0,0.9455,0,186;7,3,0.2585,0,121;2,3,0.4595,0,184;2,4,0.7005,0,254;1,3,0.0895,0,63;5,2,0.1135,0,189
claim-temporal-development-train-00889	6	1	2	49,93,151,89,68,201,60,127,73,40,162,191,214,69,120,114,2,29,175,159,181,146,100,38,131,21,199,140,10,166,164,20,109,45,141,85	1,0,0.9145,0,16;4,4,0.1985,0,59;0,2,0.9275,0,176;0,3,0.3685,0,158;3,3,0.5475,3,188;6,1,0.9395,0,142
claim-temporal-development-train-00890	10	2	2	115,178,105,204,46,69,60,35,91,93,157,14,153,43,189,109,85,54,139,17,75,180,132,9,117,147,33,142,178,202,183,166,124,151,21,67	8,4,0.3265,0,116;8,1,0.6635,1,143;5,2,0.6855,0,121;2,3,0.6565,0,52;8,3,0.7285,0,161;3,2,0.6325,1,208
claim-temporal-development-train-00891	9	2	2	32,172,164,181,96,39,147,135,20,44,193,21,193,5,87,151,64,127,211,45,112,62,203,188,173,141,207,107,99,69,75,138,88,12,118,52	4,2,0.9605,0,26;7,5,0.9905,0,93;3,4,0.1075,0,116;2,5,0.0955,3,201;2,1,0.1485,1,98;6,5,0.5135,0,224
claim-temporal-development-train-00892	3	0	1	92,12,60,4,45,145,201,150,84,21,69,133,114,123,141,137,177,51,176,76,177,28,183,101,120,152,16,194,173,93,180,175,35,110,68,43	3,2,0.0395,0,16;3,1,0.6715,0,130;2,2,0.8405,0,100;3,2,0.8855,0,56;4,4,0.5735,3,229;2,3,0.3345,0,104
claim-temporal-development-train-00893	6	0	2	49,179,191,35,20,215,83,6,41,131,88,145,48,69,93,105,28,166,207,152,117,121,178,114,138,21,205,79,10,62,151,141,67,184,199,108	5,0,0.8885,0,136;3,1,0.2045,3,125;0,4,0.7535,0,171;6,1,0.1435,0,204;8,2,0.4675,0,161;0,1,0.5135,0,78
claim-temporal-development-train-00894	8	2	2	201,123,58,143,136,167,39,147,88,48,160,69,13,190,52,110,23,214,44,20,28,135,151,201,113,93,212,211,75,85,186,117,102,4,187,64	3,3,0.9675,2,138;3,5,0.9475,3,138;3,0,0.1105,0,210;2,3,0.1245,0,29;5,4,0.3465,0,185;2,5,0.0225,2,223
claim-temporal-development-train-00895	3	0	2	17,183,58,51,100,132,115,65,189,44,162,45,36,145,4,182,117,154,186,151,155,78,143,14,136,21,89,111,166,128,214,93,31,204,69,82	3,4,0.2535,0,160;6,2,0.9745,0,148;2,0,0.2645,0,169;5,0,0.3965,0,105;3,5,0.7965,0,159;7,2,0.1845,2,124
claim-temporal-development-train-00896	10	0	0	69,205,112,87,21,189,165,25,93,55,190,68,77,210,149,108,9,141,171,199,17,125,117,133,137,90,104,179,45,191,62,38,41,154,12,145	8,2,0.2475,0,156;0,4,0.2455,0,5;6,4,0.8185,0,251;4,5,0.5355,0,49;7,2,0.0695,0,106;4,3,0.3485,0,74
claim-temporal-development-train-00897	10	3	2	81,67,88,57,85,159,114,60,12,93,141,151,214,45,175,103,37,117,137,171,128,169,164,5,135,163,43,22,192,69,17,107,148,195,33,214	4,2,0.2605,1,141;8,3,0.7005,0,70;8,2,0.6975,0,238;8,3,0.0265,0,239;6,1,0.4475,0,176;7,5,0.2375,0,188
claim-temporal-development-train-00898	10	2	2	99,141,79,45,160,191,112,179,210,82,181,3,212,17,32,36,153,106,204,68,210,93,89,53,147,139,12,69,21,151,117,128,134,165,63,41	2,2,0.2775,0,19;7,2,0.2155,0,80;4,5,0.8445,0,87;6,0,0.3065,0,222;2,0,0.0095,0,87;7,4,0.6195,0,28
claim-temporal-development-train-00899	1	0	2	130,160,127,83,30,180,41,95,69,45,117,34,198,97,169,51,8,78,61,66,151,89,11,161,153,165,18,115,140,21,141,201,183,145,164,110	7,1,0.4515,0,14;5,0,0.2295,0,76;2,3,0.4665,0,25;5,1,0.2215,2,253;0,4,0.6775,0,176;6,0,0.8505,0,253
claim-temporal-development-train-00900	7	3	2	164,205,114,98,60,109,65,45,10,177,25,93,117,69,1,196,38,176,83,43,171,55,141,139,161,20,122,133,23,80,148,174,169,91,183,151	0,0,0.8055,2,118;0,4,0.6525,0,139;6,2,0.2895,0,71;7,1,0.6345,0,88;1,3,0.5715,0,24;1,3,0.7365,0,50
claim-temporal-development-train-00901	9	2	2	176,76,123,64,137,25,8,205,202,191,56,109,93,86,167,214,199,21,151,69,112,141,42,38,90,19,117,134,204,195,13,147,104,59,176,45	7,3,0.6555,0,124;0,4,0.5095,0,74;7,1,0.1565,0,179;3,4,0.4025,0,20;7,3,0.1925,0,224;2,4,0.3235,0,149
claim-temporal-development-train-00902	1	0	2	184,17,145,82,195,163,184,182,39,151,69,111,141,27,190,58,8,45,116,182,89,184,93,140,117,99,67,10,134,41,21,171,57,122,77,177	7,0,0.2745,0,231;2,5,0.3565,0,22;8,0,0.6275,0,195;4,0,0.3475,0,150;2,5,0.9935,0,38;1,4,0.9965,0,200
claim-temporal-development-train-00903	1	3	1	208,13,164,118,116,20,173,109,69,63,88,45,93,3,44,157,64,150,26,173,87,155,21,124,141,52,172,148,187,104,196,37,78,137,184,130	2,3,0.9315,0,214;1,3,0.9235,0,123;3,5,0.1085,0,17;5,5,0.1565,0,170;7,3,0.8405,1,186;3,0,0.2815,0,203
claim-temporal-development-train-00904	4	1	2	118,69,21,106,178,45,87,132,197,182,112,207,152,14,151,1,96,146,65,206,201,97,124,168,91,42,28,182,38,77,136,63,177,52,20,141	0,4,0.9705,0,190;3,4,0.4795,0,232;3,5,0.3515,0,243;4,5,0.7805,3,92;0,0,0.0475,1,125;3,2,0.0855,0,21
claim-temporal-development-train-00905	5	0	1	154,90,181,132,160,14,117,85,109,102,177,214,145,93,175,16,175,39,62,28,69,207,150,167,65,113,190,42,46,5,141,137,22,129,79,51	4,4,0.0315,1,5;3,5,0.4825,1,10;2,4,0.2045,0,125;6,3,0.5365,0,235;5,3,0.3265,0,235;8,2,0.2815,0,54
claim-temporal-development-train-00906	2	0	0	190,171,186,32,91,187,214,21,93,117,205,66,149,139,145,73,141,108,176,213,1,116,83,100,41,124,133,45,54,60,18,38,69,10,167,172	0,0,0.5155,0,19;7,4,0.2795,0,144;5,2,0.4425,0,153;0,1,0.7015,0,86;3,2,0.8025,0,124;3,3,0.7515,0,104
claim-temporal-development-train-00907	5	0	0	82,149,134,55,11,208,78,5,140,190,29,116,164,35,154,117,141,90,23,198,59,111,124,175,45,207,204,145,16,69,93,152,189,43,68,103	4,1,0.1445,2,251;4,1,0.6305,0,32;6,1,0.9915,0,154;5,0,0.4185,0,178;6,5,0.8255,0,48;3,4,0.9645,0,138
claim-temporal-development-train-00908	6	2	2	19,34,26,93,101,199,147,151,196,138,41,121,118,45,172,91,206,134,214,174,114,76,167,141,109,69,191,64,5,171,62,52,21,84,12,215	4,2,0.7665,0,38;1,0,0.3135,0,49;3,4,0.1995,0,114;3,2,0.7305,0,133;4,3,0.4965,1,170;0,4,0.4005,0,5
claim-temporal-development-train-00909	1	0	1	189,43,3,167,74,65,93,135,195,113,19,128,27,45,152,179,191,97,141,139,106,39,164,152,210,14,87,117,150,145,21,72,51,58,162,90	2,4,0.6535,0,122;2,5,0.6145,0,110;2,0,0.3995,3,11;1,5,0.4125,0,22;0,0,0.2955,0,173;7,5,0.7845,0,173
claim-temporal-development-train-00910	5	0	2	141,15,65,107,36,17,32,127,205,133,92,3,145,177,214,181,48,190,69,62,83,140,156,186,41,57,101,95,76,196,151,193,21,117,113,164	2,5,0.2335,0,25;7,2,0.2275,3,132;8,4,0.2325,0,86;3,1,0.9015,2,2;4,1,0.2755,0,72;6,3,0.9205,0,159
claim-temporal-development-train-00911	8	0	1	191,49,141,105,93,145,115,91,23,86,200,45,183,15,69,159,175,214,205,140,41,194,210,34,156,5,17,150,27,119,126,62,67,79,134,111	4,5,0.3825,2,105;2,0,0.3305,0,103;0,4,0.6515,0,218;6,4,0.6135,0,125;8,5,0.7885,2,159;5,4,0.9135,0,218
claim-temporal-development-train-00912	3	0	2	132,88,183,1,195,67,69,78,61,119,21,141,99,211,93,82,198,137,39,11,212,145,155,177,112,45,200,107,125,179,194,28,151,43,52,20	0,1,0.8225,0,143;3,5,0.6485,0,199;3,3,0.6125,0,185;5,0,0.0355,0,28;2,1,0.1675,2,36;4,2,0.3895,0,57
claim-temporal-development-train-00913	6	2	1	138,33,107,98,179,147,85,150,41,74,205,114,162,124,35,15,45,89,157,143,21,58,196,192,183,1,215,204,117,196,49,20,131,66,95,69	0,5,0.9235,0,183;8,1,0.3355,0,208;0,0,0.4115,0,234;1,3,0.3625,2,103;1,1,0.5175,0,101;3,1,0.5545,2,193
claim-temporal-development-train-00914	9	0	1	49,112,69,213,38,8,156,145,150,180,32,161,15,89,133,196,128,87,190,213,117,96,141,193,45,104,21,110,42,19,75,173,64,62,157,139	7,5,0.7205,0,233;7,4,0.4835,0,46;0,4,0.1285,0,220;2,5,0.3625,3,237;7,4,0.0625,0,150;7,3,0.7345,0,155
claim-temporal-development-train-00915	1	3	1	200,54,113,158,198,75,86,38,150,93,23,6,60,48,17,69,134,180,65,144,148,167,97,31,92,186,136,189,165,117,202,11,180,108,127,40	5,1,0.3535,2,235;6,4,0.0155,3,103;5,2,0.2715,0,196;2,4,0.9565,0,95;0,2,0.2255,0,32;6,4,0.1635,3,0
claim-temporal-development-train-00916	1	2	0	204,14,68,141,173,123,200,167,211,177,138,187,93,1,149,135,54,86,88,178,118,156,21,37,80,110,17,63,170,45,44,69,27,114,147,100	0,4,0.2365,0,78;2,3,0.9375,0,123;5,5,0.8155,0,40;7,4,0.1955,0,55;3,4,0.4725,1,205;2,5,0.4145,0,158
claim-temporal-development-train-00917	7	3	2	137,109,206,37,161,21,199,7,65,69,52,181,148,114,200,210,43,85,141,45,134,28,122,203,117,58,169,186,91,20,151,78,98,10,93,208	6,0,0.8125,0,48;3,3,0.6755,0,164;3,0,0.2765,0,226;5,3,0.7665,0,69;1,3,0.5635,0,108;1,4,0.2385,0,75
claim-temporal-development-train-00918	1	3	0	155,163,148,149,51,128,98,39,117,174,157,172,135,112,13,69,160,44,165,74,68,63,82,27,45,93,170,21,180,110,18,1,141,160,138,88	0,3,0.5365,0,24;2,5,0.8025,0,63;2,5,0.8075,0,135;1,0,0.0865,0,130;1,4,0.0795,0,176;7,5,0.4515,0,149
claim-temporal-development-train-00919	0	3	2	190,148,138,75,151,155,162,157,105,93,17,6,124,21,167,117,181,62,108,87,201,135,153,141,51,41,160,39,64,89,11,205,69,45,114,25	5,1,0.2655,0,24;0,5,0.2275,0,215;2,4,0.1125,0,176;2,5,0.2385,0,46;8,2,0.5585,0,146;3,5,0.5135,0,157
claim-temporal-development-train-00920	5	2	2	176,75,20,21,10,161,173,90,101,153,110,43,52,194,85,1,147,116,135,69,138,45,203,65,180,157,58,124,93,167,157,141,28,151,117,37	0,0,0.9365,0,161;3,3,0.6575,0,130;3,0,0.2665,0,232;2,3,0.5395,0,156;4,4,0.8535,0,52;3,5,0.4595,0,120
claim-temporal-development-train-00921	10	2	1	17,42,174,109,88,129,26,11,194,48,117,187,188,71,96,193,183,78,35,137,21,113,82,52,141,9,147,176,68,62,135,184,150,154,214,98	8,1,0.3355,0,164;1,1,0.4285,3,150;3,4,0.9475,2,113;5,0,0.1645,3,62;1,3,0.2315,0,16;8,5,0.2665,0,100
claim-temporal-development-train-00922	1	0	1	141,183,189,177,214,93,158,85,137,37,110,62,181,92,150,121,67,117,114,200,3,69,201,45,27,145,103,15,180,201,51,21,132,77,18,40	2,5,0.4695,0,172;2,3,0.0465,0,146;2,4,0.6605,0,8;4,3,0.9205,0,251;6,4,0.5095,0,178;0,2,0.2785,0,55
claim-temporal-development-train-00923	10	2	0	101,41,141,149,86,165,36,153,136,63,179,90,65,165,19,13,193,178,214,110,21,69,46,122,114,191,147,130,93,6,120,77,163,195,52,26	5,3,0.7005,0,160;1,2,0.3945,1,119;3,5,0.3555,0,127;4,4,0.5955,0,195;4,4,0.4595,3,238;1,0,0.0035,0,26
claim-temporal-development-train-00924	0	3	0	101,207,16,159,121,117,107,205,63,69,188,140,45,35,141,153,1,91,93,174,176,41,167,202,23,198,52,115,31,79,67,133,83,148,149,14	0,4,0.0615,2,176;6,1,0.3185,0,248;3,5,0.6665,0,86;6,1,0.7035,0,203;4,1,0.7485,0,202;0,3,0.8495,0,132
claim-temporal-development-train-00925	7	0	1	95,172,22,166,117,110,69,100,90,130,68,176,83,150,179,17,81,166,129,50,141,38,187,145,139,165,10,115,26,164,196,191,60,45,3,44	2,0,0.2515,1,228;1,4,0.9025,0,77;1,2,0.9955,0,129;8,1,0.4745,2,98;3,4,0.6535,0,103;8,0,0.7015,0,114
claim-temporal-development-train-00926	10	3	1	141,101,181,81,34,58,171,196,69,115,11,91,202,93,211,187,196,106,16,163,21,166,2,129,148,53,45,139,133,150,86,163,27,44,117,68	1,1,0.0995,0,247;2,0,0.9605,0,9;4,0,0.9545,0,219;8,4,0.6835,0,205;4,0,0.7775,0,175;8,3,0.6865,0,89
claim-temporal-development-train-00927	1	2	1	159,95,212,82,21,164,11,204,163,44,141,88,20,52,62,34,45,74,98,160,131,177,157,114,32,150,156,188,106,117,69,3,123,139,147,64	2,1,0.9335,0,28;7,0,0.8525,0,140;3,4,0.1015,0,89;1,0,0.1615,2,53;1,0,0.4125,0,157;2,1,0.6845,0,136
claim-temporal-development-train-00928	2	0	1	10,93,16,164,61,152,158,21,117,183,112,139,71,43,205,49,84,150,90,201,27,47,180,64,131,6,97,173,74,197,126,34,141,108,205,145	5,0,0.0255,0,192;2,0,0.6545,2,150;0,3,0.0605,2,36;1,2,0.5215,0,171;0,2,0.0795,0,43;5,1,0.7675,0,55
claim-temporal-development-train-00929	0	3	2	141,19,61,158,82,44,117,204,136,28,194,153,68,154,197,112,52,69,152,45,99,12,162,107,123,39,170,148,95,76,204,21,132,151,8,92	7,2,0.6225,0,37;3,5,0.8345,0,213;3,3,0.9725,0,189;3,0,0.9995,2,89;2,1,0.1415,0,178;2,2,0.1335,0,244
claim-temporal-development-train-00930	1	0	2	206,137,62,25,13,35,204,86,75,145,101,130,115,107,118,182,45,125,209,194,19,151,64,208,51,156,93,21,152,70,200,42,92,3,141,155	2,3,0.7095,0,220;0,1,0.4655,0,121;2,4,0.1835,1,79;2,4,0.8775,0,154;4,1,0.7125,1,174;4,0,0.3865,0,70
claim-temporal-development-train-00931	9	3	2	21,39,58,69,176,179,134,106,175,162,198,117,122,148,153,76,136,189,25,209,44,176,151,46,10,86,8,19,88,215,113,104,93,141,51,64	7,0,0.7375,0,164;0,5,0.9305,1,164;2,0,0.1815,0,41;3,4,0.0535,0,65;7,0,0.3285,0,247;1,4,0.0585,0,105
claim-temporal-development-train-00932	6	0	0	1,93,99,156,140,69,183,178,21,182,145,111,25,117,212,82,132,13,44,54,113,152,92,149,48,153,20,173,183,175,67,141,77,59,122,36	0,3,0.8095,0,185;0,2,0.9445,3,184;5,1,0.7765,0,91;4,0,0.9885,0,53;2,5,0.3065,0,34;1,2,0.8535,0,44
claim-temporal-development-train-00933	10	0	2	191,186,114,117,21,137,194,91,36,145,134,15,57,167,200,2,16,82,77,101,182,207,45,144,192,96,33,68,190,69,124,44,108,202,60,151	1,5,0.0925,0,5;8,2,0.8165,0,89;8,2,0.9795,0,233;4,0,0.7865,3,203;4,2,0.5705,0,103;3,4,0.2715,3,153
claim-temporal-development-train-00934	2	2	1	13,150,184,51,89,206,59,28,203,45,93,107,137,128,98,147,195,178,84,4,114,69,188,17,133,21,37,40,117,185,67,166,206,77,157,141	3,3,0.2035,0,48;3,3,0.0765,0,166;2,1,0.7725,0,132;4,2,0.2685,0,54;1,1,0.5855,0,172;7,3,0.2915,0,249
claim-temporal-development-train-00935	10	0	0	198,117,134,165,145,50,112,95,45,80,182,106,127,162,98,64,208,141,178,149,12,87,21,136,59,177,201,4,69,29,43,210,202,92,37,17	3,2,0.3045,0,160;4,3,0.7345,0,226;1,1,0.0045,0,47;7,5,0.8865,2,221;1,0,0.1775,0,156;6,4,0.0155,0,111
claim-temporal-development-train-00936	9	2	1	13,174,8,117,20,90,37,112,47,21,167,164,70,179,211,141,74,150,140,51,61,102,42,198,190,96,182,111,198,175,68,147,122,27,130,85	7,3,0.8615,0,67;2,3,0.5495,2,227;2,3,0.9135,1,86;1,3,0.5705,3,247;5,5,0.1265,0,92;1,0,0.8645,0,73
claim-temporal-development-train-00937	7	0	2	11,75,172,58,194,91,82,151,99,211,45,51,183,30,113,42,122,120,69,8,93,153,36,180,111,190,139,135,21,67,157,145,16,141,172,154	7,1,0.0835,0,208;5,2,0.4295,0,231;2,0,0.6235,0,172;2,0,0.7355,0,228;2,5,0.3325,3,244;1,5,0.7005,0,159
claim-temporal-development-train-00938	10	3	2	18,161,56,138,192,78,165,92,170,151,85,185,190,43,68,132,12,141,29,189,93,111,8,148,45,39,116,69,119,62,99,215,24,182,125,162	7,2,0.4045,3,192;4,5,0.7445,0,133;7,4,0.9655,0,69;5,3,0.9495,0,245;2,5,0.9655,2,194;4,2,0.4985,0,107
claim-temporal-development-train-00939	6	3	0	141,12,169,111,85,73,42,45,18,211,94,201,136,213,69,114,21,149,177,59,164,205,35,134,53,3,211,89,28,68,190,167,97,124,148,117	2,2,0.5535,0,45;3,1,0.4615,0,29;4,1,0.8745,0,106;0,3,0.2655,1,180;0,5,0.4465,0,53;3,4,0.0735,0,163
claim-temporal-development-train-00940	2	0	0	52,125,145,88,180,69,41,14,176,19,213,202,45,187,60,115,149,78,27,104,2,190,93,68,212,85,161,137,21,161,213,117,132,36,144,107	1,4,0.7455,0,209;2,2,0.3865,0,236;3,2,0.8875,0,28;5,3,0.1045,0,103;7,1,0.7225,0,76;4,2,0.2305,3,136
claim-temporal-development-train-00941	10	0	1	63,101,145,198,194,173,171,126,182,116,108,150,140,5,48,69,199,93,41,66,21,206,35,178,176,133,117,141,83,212,31,76,88,57,10,17	4,0,0.3065,0,41;6,1,0.2495,3,113;8,5,0.4545,0,129;3,1,0.0405,0,82;4,2,0.8235,0,12;5,3,0.8255,0,232
claim-temporal-development-train-00942	9	0	2	110,166,82,203,67,102,69,10,21,45,58,209,81,145,135,19,194,7,185,90,42,202,56,184,182,122,116,32,193,117,151,93,171,140,37,141	6,0,0.6395,0,224;7,3,0.4005,0,129;7,0,0.6195,0,12;8,0,0.4955,0,84;5,4,0.9765,0,34;1,5,0.9025,0,217
claim-temporal-development-train-00943	9	3	0	129,117,80,21,111,149,87,157,19,167,199,158,92,10,186,72,183,67,200,102,112,3,40,49,188,36,201,159,148,130,93,140,141,60,30,45	2,0,0.7685,0,67;5,2,0.0495,0,54;0,2,0.6865,3,95;7,5,0.9645,0,26;5,5,0.0325,0,167;8,0,0.8485,0,59
claim-temporal-development-train-00944	6	0	2	34,41,69,184,117,111,132,58,145,92,80,21,93,207,189,179,156,49,116,14,4,184,199,29,159,205,151,17,159,97,85,141,67,129,45,140	3,4,0.2355,0,103;4,0,0.3075,0,28;0,0,0.7565,0,152;7,3,0.8815,0,71;0,5,0.8605,0,97;8,2,0.8675,0,153
claim-temporal-development-train-00945	2	3	1	168,205,156,108,67,201,58,94,41,150,19,57,83,45,161,72,25,117,183,203,215,100,148,197,11,139,3,78,91,133,34,129,214,114,21,141	2,1,0.7145,0,49;0,0,0.3025,0,178;8,0,0.7625,3,96;5,1,0.6975,1,25;3,2,0.5385,0,131;8,3,0.7785,0,145
claim-temporal-development-train-00946	3	0	2	64,114,34,151,214,117,28,178,43,185,69,197,136,4,180,99,13,89,126,145,18,141,175,133,51,78,163,21,93,166,60,179,163,48,87,109	3,3,0.4845,0,49;3,0,0.6435,3,125;2,2,0.0485,0,255;5,5,0.3835,0,110;2,3,0.4095,0,229;5,3,0.1395,0,100
claim-temporal-development-train-00947	5	1	1	141,7,195,167,150,38,31,146,134,158,127,70,117,76,177,44,163,12,19,57,21,110,164,114,100,45,86,64,63,176,140,94,153,186,210,90	6,2,0.7595,0,214;6,4,0.8075,0,239;8,5,0.1505,1,132;3,4,0.4865,1,47;3,4,0.4015,0,202;6,4,0.8645,0,244
claim-temporal-development-train-00948	10	2	2	42,151,12,101,198,147,159,154,3,45,19,171,107,60,129,50,112,135,200,178,142,156,68,91,77,193,37,87,117,206,93,30,72,138,188,21	2,2,0.6055,0,9;5,3,0.5285,0,38;1,2,0.8195,3,105;4,5,0.7565,0,106;4,1,0.0405,0,131;8,5,0.5045,1,84
claim-temporal-development-train-00949	4	1	2	83,39,168,190,180,15,53,116,197,126,199,151,45,117,206,178,19,29,100,193,195,93,89,58,67,139,21,69,141,79,146,1,199,111,133,40	0,5,0.6195,0,154;4,5,0.1065,0,80;4,0,0.6555,0,221;6,1,0.2375,0,237;3,5,0.9085,0,82;5,3,0.6755,0,181
claim-temporal-development-train-00950	6	0	0	73,168,149,41,93,100,108,137,21,141,204,4,30,64,199,16,63,179,186,87,45,205,10,38,115,51,145,213,118,194,168,132,182,69,90,128	3,0,0.1715,0,185;5,4,0.3055,0,136;2,5,0.1135,0,0;0,5,0.5065,0,78;3,2,0.6335,1,42;7,2,0.2345,0,102
claim-temporal-development-train-00951	1	3	1	24,118,6,182,179,87,138,93,35,202,135,108,88,26,113,40,97,190,170,68,17,129,185,13,150,45,51,69,148,179,182,63,141,185,74,175	5,3,0.2805,3,225;1,1,0.1875,0,225;2,5,0.9585,0,197;1,5,0.0475,0,13;0,2,0.2455,1,59;8,5,0.5605,0,226
claim-temporal-development-train-00952	10	3	2	188,19,148,130,211,137,163,175,39,45,117,203,42,75,144,196,61,5,94,30,152,101,176,52,151,108,12,21,69,121,84,182,66,115,92,161	4,2,0.7355,0,175;5,5,0.5715,0,88;3,3,0.4665,0,210;2,2,0.9155,1,239;4,2,0.6445,0,173;0,0,0.3085,3,41
claim-temporal-development-train-00953	6	0	2	123,64,73,138,213,207,154,93,91,37,206,151,144,199,215,87,164,108,1,27,202,45,51,60,132,19,13,23,145,192,118,214,98,43,69,112	0,3,0.7225,2,161;2,3,0.6385,0,182;2,2,0.0845,0,98;0,5,0.6335,0,45;1,2,0.0765,1,213;2,2,0.4555,3,226
claim-temporal-development-train-00954	10	3	0	60,106,21,173,149,53,45,179,214,37,17,117,136,69,175,76,89,141,196,176,154,85,127,155,93,131,3,148,15,205,42,68,29,116,214,101	2,5,0.3345,0,14;4,3,0.5275,0,221;4,2,0.8595,0,51;3,3,0.3525,0,254;4,0,0.9205,0,188;6,1,0.1225,0,157
claim-temporal-development-train-00955	2	0	1	110,180,122,150,45,83,38,30,196,62,207,17,70,141,140,117,4,75,41,197,130,89,10,155,93,168,67,145,213,98,202,169,112,184,52,21	3,0,0.2695,0,89;5,4,0.3755,0,144;3,4,0.6285,1,2;2,1,0.2905,0,228;1,4,0.1335,0,236;1,0,0.9085,0,57
claim-temporal-development-train-00956	5	2	1	6,31,173,168,117,150,204,111,69,156,36,141,48,113,207,92,21,67,43,203,103,208,152,52,123,63,136,11,85,147,93,214,190,75,135,16	5,1,0.0455,0,241;6,2,0.7565,3,65;3,5,0.6835,0,16;2,3,0.9875,0,64;6,5,0.3925,0,200;2,5,0.0955,0,217
claim-temporal-development-train-00957	10	2	0	16,157,88,168,66,141,6,158,112,153,86,29,72,45,51,34,13,147,78,44,149,158,93,172,62,196,207,213,138,100,119,133,21,158,108,129	5,3,0.0015,0,175;4,0,0.9015,0,165;2,4,0.5755,3,63;5,4,0.0205,0,15;3,2,0.1095,2,147;8,3,0.4275,0,137
claim-temporal-development-train-00958	7	3	1	140,148,155,121,60,203,49,39,71,41,157,21,25,93,19,166,66,81,111,116,15,214,166,141,2,182,208,100,196,45,169,118,92,84,150,131	1,5,0.7285,0,202;0,5,0.3895,0,128;0,2,0.4645,2,132;8,2,0.8495,0,109;3,5,0.8285,1,41;0,1,0.9475,0,93
claim-temporal-development-train-00959	1	0	2	108,34,203,49,140,199,162,183,182,93,11,69,197,115,193,45,89,174,75,99,124,141,21,64,117,130,152,145,85,152,19,30,43,151,61,9	8,1,0.6785,0,40;5,0,0.6795,0,206;0,3,0.1275,0,45;2,3,0.2165,0,133;2,2,0.6525,0,105;3,0,0.9115,0,7
claim-temporal-development-train-00960	5	2	1	40,141,32,204,162,93,51,88,2,117,36,179,135,79,147,140,127,190,201,152,67,197,48,106,164,12,184,63,199,69,17,116,21,87,150,100	1,2,0.2725,0,161;7,2,0.0655,3,7;2,5,0.6475,0,18;6,5,0.1765,0,19;3,0,0.8725,0,187;6,5,0.9425,0,1
claim-temporal-development-train-00961	0	3	1	21,203,138,100,179,88,150,186,39,45,159,93,116,83,135,69,4,141,27,61,211,178,13,128,42,173,117,182,148,78,108,66,54,195,165,19	3,3,0.6775,0,158;2,5,0.4925,0,96;5,3,0.4695,0,142;5,1,0.0585,0,169;3,2,0.8865,0,127;7,5,0.5965,0,215
claim-temporal-development-train-00962	7	0	0	117,149,25,16,40,49,141,211,159,108,64,173,178,188,45,87,23,140,154,173,70,113,98,37,60,145,155,80,201,122,169,12,91,131,95,6	5,2,0.1835,2,200;0,3,0.1965,0,160;0,2,0.1035,1,83;7,5,0.6135,2,42;1,2,0.2665,0,221;1,1,0.9455,0,235
claim-temporal-development-train-00963	0	3	0	64,61,199,131,166,165,70,57,85,117,111,113,80,43,18,7,167,14,166,186,89,148,149,37,190,24,129,101,141,179,28,93,137,202,45,202	6,4,0.5255,3,31;3,3,0.6195,0,247;8,3,0.0515,1,63;7,3,0.3055,0,215;4,5,0.3075,0,136;8,1,0.2475,0,177
claim-temporal-development-train-00964	3	0	0	90,11,140,44,117,45,135,145,149,171,152,39,100,76,49,116,21,160,182,156,93,64,173,198,69,4,108,26,159,59,87,141,126,17,189,175	3,1,0.3235,0,11;1,5,0.8355,0,113;0,1,0.0735,0,27;3,5,0.5085,0,246;3,2,0.8895,0,132;5,5,0.8895,0,71
claim-temporal-development-train-00965	3	0	0	191,205,173,117,132,140,38,205,87,145,125,116,144,188,110,45,4,61,44,102,64,197,11,207,194,56,76,191,21,20,93,160,33,149,91,69	3,1,0.9605,0,57;8,4,0.8105,0,55;7,3,0.0445,0,76;3,5,0.6665,0,140;5,4,0.9515,0,235;4,2,0.8005,3,185
claim-temporal-development-train-00966	6	0	1	143,145,170,150,187,168,132,84,79,33,209,183,213,3,112,109,121,168,17,49,93,140,203,15,91,40,101,185,21,69,68,117,45,37,63,197	2,5,0.3265,0,122;8,3,0.1115,0,15;0,5,0.9515,0,63;6,2,0.6745,0,196;4,3,0.0575,0,142;0,2,0.8595,2,174
claim-temporal-development-train-00967	7	2	0	4,68,97,153,93,69,152,87,32,117,176,88,63,142,194,161,40,137,45,208,38,130,12,107,174,188,17,50,147,115,76,159,24,198,149,124	3,2,0.3645,3,207;7,4,0.1305,0,95;1,5,0.9345,0,84;3,5,0.0695,0,60;0,1,0.6415,0,75;3,0,0.2285,1,155
claim-temporal-development-train-00968	5	3	1	178,187,148,83,79,133,118,41,45,107,136,104,64,199,69,183,168,193,19,53,10,4,175,141,21,113,36,185,128,89,59,150,176,31,93,186	3,0,0.6115,0,17;6,2,0.2295,0,84;4,1,0.0625,0,223;6,1,0.2285,0,88;7,1,0.2755,1,166;7,3,0.0555,0,224
claim-temporal-development-train-00969	7	2	1	63,191,20,174,69,124,90,152,82,34,178,21,101,181,180,172,117,33,114,131,65,193,43,96,147,50,150,45,2,141,211,136,75,194,13,107	1,3,0.8905,0,117;8,0,0.6295,0,67;1,5,0.3475,0,75;2,0,0.4565,3,150;4,1,0.5965,0,215;3,1,0.0005,0,28
claim-temporal-development-train-00970	1	3	1	166,201,27,152,94,39,184,14,150,62,130,214,123,75,86,19,23,5,68,110,45,209,44,117,89,148,143,139,205,160,160,113,196,52,69,99	4,4,0.6095,2,4;2,5,0.8235,0,183;3,4,0.9715,0,224;2,4,0.2895,1,218;2,4,0.2255,0,100;2,0,0.6025,2,130
claim-temporal-development-train-00971	9	0	1	111,40,65,136,35,141,73,12,93,145,91,160,69,117,104,162,191,114,19,87,54,123,32,193,191,150,134,169,45,175,158,183,22,61,4,215	3,2,0.7545,1,212;7,1,0.0635,0,36;5,3,0.3035,0,122;0,5,0.6475,0,108;7,5,0.5425,0,159;2,4,0.0465,0,220
claim-temporal-development-train-00972	6	2	1	27,35,94,90,189,117,169,63,213,18,141,182,150,49,48,131,112,147,188,4,21,194,199,140,198,180,82,125,101,69,106,76,41,10,67,170	3,0,0.4455,0,97;2,1,0.3325,3,7;0,5,0.6865,0,240;3,0,0.5435,1,128;4,0,0.1975,0,76;4,1,0.9475,0,228
claim-temporal-development-train-00973	5	2	0	170,164,117,167,116,147,38,196,92,84,181,111,149,93,52,45,103,190,18,41,138,15,23,175,141,72,134,58,78,26,64,127,158,195,9,155	8,5,0.5045,2,79;1,4,0.3425,0,243;3,0,0.0915,3,41;5,2,0.8555,0,115;6,5,0.9735,0,29;6,4,0.4565,0,225
claim-temporal-development-train-00974	10	2	1	9,105,69,77,52,140,193,112,48,161,183,147,181,130,83,15,124,181,141,58,93,19,91,156,152,157,211,167,150,110,67,26,21,44,117,36	8,5,0.7745,0,2;1,2,0.9445,3,202;3,0,0.6725,0,100;4,1,0.7855,0,63;8,4,0.0145,0,125;3,0,0.8145,0,150
claim-temporal-development-train-00975	8	1	1	198,115,44,200,106,163,12,61,157,92,50,117,21,9,146,30,77,156,96,150,101,69,208,86,45,135,65,172,205,136,170,39,127,200,141,17	8,2,0.3225,0,136;5,5,0.9455,0,192;1,3,0.3355,0,115;4,4,0.8675,3,127;4,0,0.6425,0,170;6,5,0.1955,0,228
claim-temporal-development-train-00976	1	3	0	149,116,206,199,70,137,65,148,208,194,153,59,99,11,21,7,93,17,163,106,152,27,45,34,154,88,123,197,142,168,41,83,117,133,50,75	6,1,0.3975,0,77;2,0,0.3365,0,220;1,1,0.2265,1,106;2,1,0.1805,0,17;2,0,0.9745,0,94;2,3,0.3515,1,213
claim-temporal-development-train-00977	8	3	2	160,124,50,192,115,173,138,88,200,67,63,169,42,132,204,11,200,142,93,39,148,86,30,70,76,151,108,19,117,102,4,194,45,190,215,23	3,1,0.6525,2,2;5,5,0.5965,0,170;1,5,0.6405,1,80;3,4,0.1705,0,201;5,2,0.6685,0,220;3,2,0.4025,1,154
claim-temporal-development-train-00978	7	2	1	117,17,160,25,74,90,134,204,191,142,65,122,163,93,159,37,147,69,9,165,137,180,108,98,15,201,197,176,47,51,150,58,21,43,113,87	8,5,0.3215,0,247;0,3,0.7425,2,104;2,0,0.2295,0,140;1,5,0.5905,0,177;1,2,0.2975,0,174;1,4,0.3675,1,74
claim-temporal-development-train-00979	2	0	1	34,128,196,214,209,174,101,69,179,19,198,62,141,137,207,156,93,185,79,65,32,117,116,21,132,91,106,46,150,84,145,56,11,1,158,44	0,1,0.7695,0,212;7,0,0.9655,1,41;7,4,0.3685,0,145;6,2,0.6825,0,46;4,0,0.9635,0,206;7,2,0.3175,0,47
claim-temporal-development-train-00980	1	0	2	107,45,160,145,38,93,151,28,206,195,85,62,40,66,191,133,119,74,51,14,115,207,168,20,144,89,24,99,136,191,128,69,168,196,172,4	3,4,0.9125,3,214;3,4,0.1055,0,1;2,4,0.5545,0,118;1,3,0.2955,0,13;2,1,0.7555,2,16;7,3,0.1935,3,111
claim-temporal-development-train-00981	5	2	1	158,116,134,165,213,177,4,150,206,93,84,117,90,60,18,141,124,65,45,160,55,111,21,43,30,153,69,35,209,147,78,139,100,15,206,200	3,5,0.4575,0,130;5,1,0.7655,0,78;6,2,0.2855,0,27;5,2,0.4945,0,65;3,5,0.9445,0,78;3,4,0.7125,0,101
claim-temporal-development-train-00982	7	2	0	74,122,132,156,208,111,93,56,155,92,43,149,116,25,99,165,18,21,45,191,38,147,190,182,144,69,2,160,15,207,185,117,87,66,58,137	1,5,0.5795,0,220;0,4,0.6145,0,137;7,0,0.5605,0,206;1,5,0.9595,0,117;2,5,0.8115,0,90;1,2,0.2235,3,178
claim-temporal-development-train-00983	6	1	2	30,89,116,22,193,12,2,49,163,107,151,37,117,134,201,86,66,121,170,69,16,98,166,146,190,96,62,139,210,44,46,179,141,201,171,78	1,2,0.0115,1,187;5,3,0.9545,1,24;0,4,0.5325,0,23;5,4,0.2005,3,168;1,1,0.8555,0,40;0,4,0.7045,0,100
claim-temporal-development-train-00984	10	1	2	65,115,151,139,171,93,187,119,98,26,36,24,18,89,45,182,106,76,83,215,141,63,44,169,199,176,11,171,195,9,69,173,126,53,133,146	8,1,0.5345,3,161;1,2,0.8745,0,218;4,5,0.3525,0,43;3,1,0.2245,0,167;1,0,0.7815,2,63;5,3,0.7615,0,143
claim-temporal-development-train-00985	9	0	1	194,177,100,87,200,212,117,174,56,166,177,141,28,150,88,145,195,123,162,130,69,59,113,34,40,140,110,93,68,19,12,204,76,48,21,8	7,2,0.6175,0,39;3,0,0.0545,3,11;7,1,0.8365,0,62;3,5,0.0075,0,249;3,4,0.3905,0,231;2,0,0.9865,0,213
claim-temporal-development-train-00986	3	0	0	111,152,149,141,173,166,175,56,38,158,135,82,81,44,69,184,207,138,202,116,92,68,187,117,5,145,94,100,25,58,20,21,123,15,156,48	4,5,0.8615,0,150;0,4,0.9345,3,36;7,0,0.9295,0,160;8,0,0.9785,1,233;3,5,0.9505,0,113;2,5,0.4555,0,136
claim-temporal-development-train-00987	6	3	1	156,60,30,107,213,94,86,117,41,211,67,167,201,72,20,197,45,130,141,1,75,150,140,91,163,103,182,21,189,158,56,124,34,112,15,148	0,5,0.9975,0,72;5,0,0.3745,0,247;7,2,0.6675,3,111;2,4,0.6815,1,37;6,1,0.0885,0,228;3,0,0.8165,0,14
claim-temporal-development-train-00988	2	1	2	100,158,209,139,68,82,18,35,130,197,173,10,190,155,161,187,28,124,58,21,151,89,69,7,78,146,181,42,56,117,93,141,113,111,45,202	6,0,0.4375,0,137;3,1,0.5405,0,118;7,0,0.9905,0,75;5,0,0.2335,0,143;3,5,0.2325,0,120;3,0,0.6675,0,206
claim-temporal-development-train-00989	10	3	2	93,66,193,42,112,165,141,11,88,34,69,186,17,45,27,7,180,214,107,190,183,138,118,60,160,75,148,151,210,133,87,24,54,125,102,152	6,1,0.2785,3,91;2,0,0.4805,0,101;5,2,0.4995,0,55;2,5,0.1165,0,192;5,1,0.1795,1,105;4,3,0.5285,0,21
claim-temporal-development-train-00990	5	2	1	50,209,35,111,181,7,100,19,116,166,123,87,141,21,64,130,147,88,205,150,139,117,194,189,45,161,191,26,93,72,60,179,41,215,14,77	6,4,0.6515,0,62;1,1,0.2715,0,247;1,2,0.0345,3,79;4,5,0.1625,0,74;3,5,0.9455,0,46;2,0,0.6475,0,42
claim-temporal-development-train-00991	2	0	1	179,56,20,65,145,182,141,113,174,36,185,58,27,93,109,126,207,69,45,44,73,21,150,12,160,91,117,99,83,199,214,4,138,130,195,202	3,2,0.8675,0,34;2,2,0.8435,0,227;7,0,0.2125,0,235;0,1,0.6945,0,199;2,3,0.3525,0,122;5,0,0.4085,0,46
claim-temporal-development-train-00992	10	0	0	117,157,105,202,41,10,125,157,175,164,149,189,21,199,69,66,45,193,93,111,49,179,116,90,166,87,16,141,62,26,77,3,137,131,34,145	2,0,0.1445,0,41;1,0,0.3735,0,129;0,4,0.4535,0,97;4,5,0.4035,0,240;8,5,0.8495,0,21;4,1,0.3685,0,224
claim-temporal-development-train-00993	6	0	2	82,63,20,156,203,141,43,114,88,130,12,123,65,180,69,151,165,117,163,79,106,21,208,93,189,56,152,145,140,39,45,100,1,190,193,29	0,2,0.8155,0,34;4,5,0.7475,0,83;7,5,0.2215,0,163;6,0,0.1885,0,50;3,0,0.4555,0,113;2,0,0.9975,0,171
claim-temporal-development-train-00994	9	1	0	93,143,46,196,97,54,204,117,165,212,171,185,68,10,154,106,21,146,122,43,149,92,134,35,70,200,114,181,28,1,58,85,175,80,18,136	0,0,0.4445,0,26;3,1,0.6195,1,15;5,0,0.9245,1,52;7,3,0.9855,0,197;0,0,0.4655,0,132;1,4,0.0235,2,78
claim-temporal-development-train-00995	1	3	0	93,107,64,45,210,19,113,180,168,149,155,104,21,81,182,34,91,82,173,3,199,128,185,117,51,72,137,148,31,41,13,213,141,204,133,58	2,3,0.7275,0,147;6,0,0.2805,0,238;2,0,0.0945,3,179;8,0,0.6605,0,85;7,1,0.2205,0,122;7,3,0.3115,0,34
claim-temporal-development-train-00996	0	3	2	112,158,111,162,138,93,124,189,84,45,3,89,154,177,210,40,34,104,51,175,68,21,132,76,13,151,59,69,148,159,141,117,187,19,209,29	2,3,0.7465,0,67;4,0,0.0155,0,216;2,1,0.8665,0,57;3,2,0.3555,0,252;7,5,0.0105,0,179;3,2,0.4265,0,7
claim-temporal-development-train-00997	8	0	2	139,190,49,89,205,187,156,20,21,67,45,62,156,42,100,151,116,36,200,85,106,80,69,212,13,141,27,183,131,201,121,145,6,215,93,120	5,3,0.8945,0,124;2,2,0.4005,0,64;0,4,0.7995,0,32;7,3,0.2055,0,207;3,0,0.8465,3,231;0,1,0.6615,0,140
claim-temporal-development-train-00998	4	1	1	197,45,76,146,13,153,195,31,85,95,21,52,177,119,159,69,153,150,183,109,133,68,17,143,112,37,139,44,63,92,9,129,102,191,174,171	8,3,0.2485,0,196;6,3,0.9175,0,252;3,5,0.9285,0,220;3,3,0.9175,2,40;5,3,0.1045,2,219;8,3,0.6465,2,247
claim-temporal-development-train-00999	0	3	1	12,89,67,148,175,160,69,150,169,211,181,183,21,93,163,52,120,86,28,97,43,124,162,106,138,45,135,74,114,60,9,141,34,177,17,169	8,2,0.3855,0,215;3,0,0.7315,0,189;3,2,0.7175,0,22;1,4,0.2525,0,51;0,0,0.4485,3,236;3,5,0.5905,0,208
claim-temporal-development-train-01000	9	3	0	138,80,32,213,93,2,44,157,126,45,54,117,21,180,191,69,134,200,162,141,37,112,90,63,66,107,149,152,86,15,155,105,180,20,174,148	1,5,0.8145,0,176;7,3,0.9575,0,161;5,5,0.5145,0,188;7,4,0.5035,0,130;8,1,0.0005,0,137;5,4,0.4135,0,38
claim-temporal-development-train-01001	10	2	2	208,17,31,209,105,182,109,147,178,90,130,6,51,212,158,113,165,157,142,151,45,136,81,127,21,117,13,84,65,69,211,93,153,60,43,37	5,3,0.2845,0,87;6,3,0.6405,0,188;2,2,0.2445,0,18;8,2,0.4575,0,128;8,3,0.3795,0,210;6,0,0.1685,1,5
claim-temporal-development-train-01002	1	3	1	79,155,154,11,96,135,63,115,208,193,137,212,100,92,51,35,16,66,127,194,118,150,5,191,141,41,23,45,25,165,69,209,109,187,148,83	4,1,0.0875,2,89;0,1,0.3165,0,161;2,5,0.5555,0,31;6,1,0.8525,3,247;3,3,0.7705,1,8;6,5,0.2025,0,106
claim-temporal-development-train-01003	1	3	0	97,149,41,156,74,84,28,190,148,117,69,12,123,196,36,113,204,187,45,4,166,206,141,109,140,21,91,193,93,51,130,17,63,162,157,67	3,2,0.3745,0,198;3,2,0.2105,0,31;2,5,0.7735,0,95;1,2,0.7695,0,105;0,3,0.3455,0,9;2,0,0.8835,0,180
claim-temporal-development-train-01004	1	3	0	129,171,93,148,27,161,21,45,39,86,155,115,58,198,92,66,149,210,188,137,169,210,117,16,141,43,75,202,200,6,51,69,134,108,104,15	5,5,0.1625,0,250;2,5,0.6535,0,121;2,0,0.4245,0,46;2,4,0.8215,0,188;7,2,0.6645,0,78;8,4,0.2495,0,160
claim-temporal-development-train-01005	1	2	0	52,117,27,45,17,83,176,92,136,125,14,41,177,149,203,106,58,93,172,181,210,75,157,39,147,212,64,133,101,142,21,166,212,116,69,4	3,4,0.3225,0,251;2,5,0.2765,0,141;3,0,0.0325,0,191;2,1,0.9325,0,84;4,0,0.8195,0,123;4,3,0.0855,1,140
claim-temporal-development-train-01006	5	2	0	84,43,56,157,117,147,9,135,169,195,196,39,96,99,141,19,180,67,149,21,75,199,109,45,69,124,13,186,173,113,154,59,90,137,28,192	8,3,0.6615,0,56;3,5,0.6765,0,187;7,1,0.6375,0,45;2,2,0.5675,3,228;2,3,0.2525,0,59;3,5,0.3605,0,195
claim-temporal-development-train-01007	1	0	1	209,12,158,45,84,53,102,124,116,91,150,156,68,21,70,194,108,137,155,164,213,194,8,96,38,42,167,143,197,16,117,60,27,78,132,145	7,2,0.1795,0,17;2,4,0.4485,0,168;4,2,0.9405,1,127;5,2,0.6565,3,64;5,2,0.9295,0,45;3,2,0.3905,2,192
claim-temporal-development-train-01008	5	2	1	76,181,117,21,68,36,13,187,130,27,211,140,92,207,16,168,183,141,189,147,6,69,167,109,62,45,102,150,41,87,124,50,93,176,195,112	5,3,0.0005,0,129;2,2,0.2275,0,85;1,4,0.8975,0,225;3,5,0.8775,0,111;5,3,0.1575,0,46;3,0,0.9575,0,119
claim-temporal-development-train-01009	8	2	0	21,17,118,87,45,113,184,37,173,32,78,41,109,4,93,195,11,138,92,158,147,202,161,69,176,141,131,149,177,125,205,201,103,64,58,51	3,1,0.2075,0,57;7,3,0.3515,0,167;2,0,0.1215,0,194;5,5,0.8595,0,21;6,3,0.3995,1,185;4,1,0.5845,0,75
claim-temporal-development-train-01010	10	3	1	208,115,101,20,45,83,210,172,90,187,206,153,206,137,11,54,95,76,141,22,65,150,148,39,40,168,61,29,70,130,203,123,159,117,111,7	6,1,0.8395,1,27;4,5,0.0355,0,224;5,3,0.2605,1,168;3,1,0.4735,2,100;4,5,0.7125,0,65;2,0,0.3875,0,86
claim-temporal-development-train-01011	2	2	0	38,80,188,141,66,108,69,159,4,149,26,45,211,12,166,88,51,113,98,200,129,93,147,153,137,40,84,180,117,189,171,130,59,191,17,21	3,2,0.2965,0,68;1,4,0.1005,0,208;2,1,0.5125,0,90;7,2,0.1995,0,172;1,2,0.2045,0,52;8,0,0.2065,0,92
claim-temporal-development-train-01012	8	3	0	211,49,46,21,75,143,205,12,156,122,102,40,182,162,38,28,72,93,109,148,132,89,191,59,204,16,117,179,9,137,149,206,83,114,181,64	8,2,0.0695,0,103;3,4,0.0965,1,133;0,1,0.0265,3,204;2,1,0.2615,0,156;5,3,0.4965,0,250;1,2,0.2505,2,224
claim-temporal-development-train-01013	5	3	0	133,45,109,202,103,14,148,149,26,204,49,65,155,79,21,117,60,16,177,36,141,69,182,154,125,87,94,180,43,116,4,89,138,182,211,180	3,4,0.1275,0,168;1,2,0.7425,0,94;0,2,0.2105,0,111;6,5,0.2045,1,197;6,3,0.9275,0,250;4,3,0.4495,0,172
claim-temporal-development-train-01014	1	0	2	97,21,28,141,69,45,89,93,197,127,113,74,212,119,202,64,204,43,151,164,213,15,111,180,208,86,138,175,18,145,130,61,55,163,3,34	2,5,0.5295,0,64;3,0,0.7485,0,235;6,3,0.1945,0,100;1,4,0.2825,0,170;0,5,0.2885,2,45;6,0,0.5535,0,80
claim-temporal-development-train-01015	9	3	0	12,179,195,79,8,148,197,21,20,183,110,141,128,38,171,26,117,93,40,172,69,201,149,114,57,45,208,66,140,180,90,199,58,130,97,86	7,2,0.8335,0,104;1,4,0.1935,0,170;8,0,0.4765,0,86;6,4,0.5595,0,161;0,4,0.4135,0,195;7,0,0.9295,0,216
claim-temporal-development-train-01016	10	3	1	19,189,204,93,171,114,172,150,180,125,163,99,111,72,41,21,160,192,37,92,45,53,5,171,66,81,87,148,117,139,11,177,141,133,28,60	4,1,0.7185,0,69;3,3,0.3265,0,60;4,2,0.5115,3,166;8,5,0.8955,0,42;2,5,0.4135,0,74;4,3,0.6765,0,37
claim-temporal-development-train-01017	3	0	2	19,137,195,37,119,69,45,27,184,87,155,41,141,194,90,208,66,21,202,4,93,210,107,145,112,132,59,151,98,13,128,76,211,54,171,179	3,3,0.6075,0,137;2,3,0.3755,0,114;5,1,0.5575,0,185;3,5,0.5055,0,31;1,1,0.0995,2,21;7,2,0.2795,0,28
claim-temporal-development-train-01018	10	3	2	112,182,85,92,181,199,43,45,51,108,174,21,61,12,182,33,215,151,135,102,148,129,140,93,68,117,190,211,7,39,157,78,19,174,69,141	6,2,0.7685,0,62;8,5,0.6555,0,95;2,3,0.9845,0,43;5,3,0.8495,0,21;5,2,0.1005,0,88;8,5,0.9395,0,105
claim-temporal-development-train-01019	5	2	0	199,176,156,149,164,140,20,100,46,28,108,49,132,113,141,87,179,10,89,36,117,93,67,61,157,43,180,147,5,179,156,69,24,75,124,182	4,0,0.9175,3,52;3,2,0.6545,1,14;0,3,0.7935,0,49;2,5,0.2495,0,60;3,2,0.3955,0,47;3,2,0.9605,0,156
claim-temporal-development-train-01020	9	2	0	115,100,179,149,68,33,147,172,137,199,3,93,37,108,174,192,56,74,18,143,203,196,203,174,82,88,121,45,130,69,63,117,43,181,21,14	2,4,0.4585,0,42;8,3,0.7635,0,183;7,5,0.9355,0,215;1,0,0.1355,0,169;3,2,0.6495,0,86;0,0,0.3685,2,87
claim-temporal-development-train-01021	6	2	2	194,58,4,147,36,214,26,151,124,93,73,112,16,91,210,194,69,117,141,48,201,110,100,67,209,134,177,40,181,85,137,11,181,21,177,53	3,1,0.1605,0,171;1,2,0.1125,3,130;4,0,0.6195,0,149;0,3,0.6325,0,113;3,4,0.0955,0,132;3,4,0.3275,0,36
claim-temporal-development-train-01022	5	2	0	149,63,156,39,21,173,211,190,29,17,137,106,191,131,180,13,90,45,141,52,69,196,115,97,203,179,84,117,147,9,81,95,41,68,185,124	8,3,0.2895,0,110;4,5,0.2965,0,107;3,5,0.9815,0,149;8,2,0.5935,2,130;0,0,0.6395,0,44;3,1,0.3875,0,30
claim-temporal-development-train-01023	10	2	2	31,132,167,53,183,147,189,100,91,66,3,36,45,117,42,78,116,137,19,93,21,210,63,185,123,213,12,155,169,143,215,162,82,106,69,151	2,2,0.7505,0,174;6,2,0.4335,0,234;4,5,0.4265,0,236;5,0,0.7575,0,38;3,0,0.8845,0,217;2,2,0.2385,2,45
claim-temporal-development-train-01024	7	2	1	51,116,45,212,214,139,38,208,117,213,88,195,181,130,147,87,25,111,98,184,41,184,96,61,16,150,69,143,197,21,75,64,214,12,122,7	6,2,0.0635,0,3;0,4,0.2935,0,213;2,3,0.0335,0,223;2,5,0.0665,3,19;1,5,0.9665,0,14;1,0,0.7515,2,82
claim-temporal-development-train-01025	0	3	1	45,165,148,127,92,14,175,171,181,117,40,111,209,87,141,150,73,54,27,21,94,5,134,172,190,16,65,136,100,69,190,170,61,178,115,39	4,4,0.1665,0,117;2,5,0.1585,0,111;5,3,0.2625,0,74;0,5,0.9785,1,221;3,5,0.6655,0,70;6,4,0.0575,0,206
claim-temporal-development-train-01026	5	3	2	117,207,21,26,148,199,132,214,52,168,87,79,151,42,13,111,215,121,189,112,155,46,140,38,100,92,67,9,187,165,93,69,60,141,193,17	8,3,0.2195,0,248;1,4,0.4315,1,190;3,2,0.7135,0,180;6,5,0.8985,0,195;3,5,0.1245,0,179;0,2,0.9935,0,92
claim-temporal-development-train-01027	7	0	2	209,152,132,1,26,74,93,117,69,92,157,145,97,171,136,158,59,20,47,87,208,36,53,67,209,153,112,142,151,197,214,107,42,15,21,122	0,5,0.8505,0,4;1,2,0.5335,2,157;4,1,0.6555,0,84;1,5,0.9195,0,95;0,1,0.0015,0,222;1,2,0.0145,1,172
claim-temporal-development-train-01028	10	3	2	148,174,53,45,136,98,63,157,123,1,19,116,22,109,179,87,185,40,156,119,29,39,141,151,174,74,135,206,155,156,11,204,88,69,93,66	0,1,0.6075,1,20;4,5,0.1255,0,65;4,5,0.4085,0,213;1,5,0.1755,0,25;1,3,0.8415,2,218;2,5,0.0965,0,245
claim-temporal-development-train-01029	10	2	1	60,174,69,53,202,6,153,85,167,207,117,29,21,34,41,147,68,17,157,141,105,89,132,112,205,159,75,14,140,93,45,150,172,125,111,192	5,4,0.3355,0,51;4,0,0.2745,0,92;4,2,0.9725,0,25;2,3,0.2865,0,237;8,5,0.0725,0,144;4,2,0.8745,0,151
claim-temporal-development-train-01030	1	0	2	60,163,145,3,103,83,177,199,183,138,69,112,65,151,15,21,27,132,75,17,194,184,141,177,117,108,45,91,50,43,208,93,125,181,35,152	2,5,0.2685,0,10;2,1,0.7725,0,251;1,2,0.2695,0,116;2,1,0.7855,0,97;6,2,0.0685,0,239;4,2,0.4265,0,216
claim-temporal-development-train-01031	2	0	1	57,64,69,4,34,45,152,136,21,58,98,150,159,20,145,183,127,40,120,156,142,73,31,194,131,115,93,199,177,82,11,107,155,188,91,166	3,1,0.8275,0,181;6,0,0.0125,0,42;8,0,0.1665,0,216;0,0,0.6935,0,83;1,1,0.7225,3,23;6,1,0.1475,1,128
claim-temporal-development-train-01032	0	3	0	188,148,91,122,14,141,46,76,133,188,192,155,43,137,21,196,94,162,19,69,206,52,156,26,65,63,149,163,100,119,116,85,1,36,167,111	0,4,0.6395,0,38;1,2,0.6815,1,219;3,5,0.3445,0,12;3,3,0.6655,1,117;3,5,0.9805,2,135;1,3,0.2345,0,247
claim-temporal-development-train-01033	9	3	2	16,117,173,180,66,5,211,12,213,56,27,148,132,81,185,21,63,128,157,114,43,141,199,89,45,100,153,151,83,169,36,190,106,93,139,69	4,2,0.1275,0,17;2,2,0.7165,0,251;7,5,0.5595,0,234;8,1,0.3655,0,15;3,0,0.4495,0,85;7,2,0.6885,0,156
claim-temporal-development-train-01034	8	3	1	93,89,110,39,207,141,76,114,167,12,175,49,99,60,157,159,190,160,121,117,150,212,194,66,136,16,30,134,185,69,83,21,45,148,42,7	6,2,0.1735,0,83;5,5,0.5375,0,238;0,2,0.5775,0,244;3,1,0.2695,0,114;2,4,0.4805,0,241;0,4,0.0435,0,48
claim-temporal-development-train-01035	2	1	1	104,40,82,189,31,22,183,8,193,93,109,76,178,157,139,146,181,10,167,169,19,176,150,130,129,114,90,69,141,58,118,54,45,64,182,37	7,0,0.7005,1,166;6,3,0.0835,0,209;5,0,0.1865,0,197;3,0,0.5985,0,188;7,3,0.4555,1,147;8,0,0.6275,0,62
claim-temporal-development-train-01036	10	0	2	14,153,141,92,115,58,209,136,21,179,110,84,145,117,127,74,55,4,17,93,42,204,185,190,160,69,30,212,151,172,105,175,130,36,66,45	3,4,0.3645,0,255;5,2,0.4825,0,23;6,0,0.4275,0,178;1,2,0.8075,0,192;8,4,0.7315,0,18;6,0,0.1475,0,25
claim-temporal-development-train-01037	1	3	2	208,155,45,117,86,63,52,154,163,4,18,179,29,141,148,93,112,75,151,43,127,90,182,177,23,133,139,159,65,192,69,100,109,34,12,179	3,2,0.5495,2,214;4,0,0.6015,0,188;3,5,0.3725,0,120;2,4,0.4205,0,199;3,3,0.0655,0,220;6,3,0.7995,0,143
claim-temporal-development-train-01038	2	0	0	117,21,59,69,139,90,212,43,45,145,201,83,149,130,165,53,205,10,210,141,94,35,197,171,4,30,17,158,199,64,201,81,121,113,108,99	3,0,0.2105,0,17;5,1,0.7825,0,230;4,1,0.0955,0,36;8,1,0.4415,1,45;2,2,0.2285,0,141;0,0,0.6895,0,125
claim-temporal-development-train-01039	2	2	1	1,27,168,43,215,95,189,52,45,21,200,124,159,132,172,117,34,164,169,111,75,112,147,18,11,67,86,172,90,59,69,144,97,157,136,150	0,1,0.5855,0,110;2,0,0.7535,0,217;3,1,0.7385,0,24;2,4,0.4205,2,49;0,5,0.1875,0,227;3,2,0.1165,3,46
claim-temporal-development-train-01040	10	0	0	117,57,64,85,152,81,141,13,159,212,1,29,129,93,111,58,149,186,22,200,113,91,160,45,166,97,136,38,17,145,212,69,162,166,40,135	0,3,0.2845,1,93;4,4,0.0905,0,109;8,0,0.0565,0,180;8,3,0.6395,0,60;0,5,0.3445,0,206;8,5,0.1045,0,131
claim-temporal-development-train-01041	9	3	0	98,132,128,152,84,154,149,34,58,90,160,25,112,65,45,137,209,24,184,178,41,206,52,69,16,208,93,74,153,5,148,108,141,181,12,117	4,2,0.1115,3,109;0,0,0.3025,0,1;3,0,0.3215,0,52;1,2,0.5415,0,138;1,2,0.0005,0,93;7,2,0.2125,0,44
claim-temporal-development-train-01042	7	2	2	117,154,178,162,113,42,67,25,151,86,134,15,88,105,50,187,161,6,21,19,141,203,177,38,76,138,147,45,69,121,201,61,107,215,184,93	5,5,0.6745,0,219;0,4,0.5565,0,189;1,3,0.6265,0,28;3,4,0.1595,0,74;8,1,0.3145,0,246;0,4,0.4365,0,129
claim-temporal-development-train-01043	2	3	1	58,141,11,209,33,205,42,21,116,7,127,131,214,208,46,93,89,148,172,194,75,136,209,83,107,52,210,211,199,117,98,69,66,150,17,36	6,1,0.3885,0,219;8,2,0.5255,1,104;3,0,0.4745,0,89;2,1,0.2475,0,48;1,1,0.9195,0,183;6,1,0.1575,0,61
claim-temporal-development-train-01044	2	0	1	177,130,21,57,45,159,113,83,2,120,18,126,11,69,67,143,34,209,62,75,175,137,190,145,173,109,43,206,97,31,150,210,182,91,154,93	1,1,0.4845,0,248;6,0,0.6855,0,15;8,4,0.7055,0,82;2,1,0.6095,0,85;0,3,0.2255,3,196;5,0,0.2735,2,20
claim-temporal-development-train-01045	9	0	1	61,154,176,197,106,51,96,21,90,69,174,141,150,205,76,86,45,39,101,117,115,145,162,170,137,132,65,213,208,128,32,19,4,156,12,41	3,2,0.6165,0,97;7,5,0.3695,0,115;2,3,0.2005,0,146;3,4,0.5615,3,245;4,0,0.6015,0,172;7,2,0.2745,0,154
claim-temporal-development-train-01046	9	0	0	112,136,76,117,69,36,200,68,10,161,149,160,106,20,21,92,153,189,145,168,61,95,45,83,144,1,213,185,28,56,123,105,158,134,41,192	0,0,0.8005,0,246;3,2,0.3775,0,227;7,3,0.8915,0,149;3,1,0.8045,2,26;8,0,0.0435,0,28;2,4,0.1475,3,138
claim-temporal-development-train-01047	1	3	0	139,43,159,63,31,45,117,74,101,82,133,182,91,16,65,21,106,149,195,34,51,213,93,180,199,168,148,115,153,155,126,13,4,203,141,69	3,3,0.1325,0,132;6,0,0.7895,0,202;2,5,0.2345,0,78;1,0,0.6335,0,69;4,0,0.6925,0,169;5,3,0.7095,0,7
claim-temporal-development-train-01048	7	2	0	63,25,50,85,69,98,117,37,147,130,44,198,45,161,158,144,21,96,180,152,205,78,185,15,127,17,166,3,64,181,114,186,111,91,136,149	2,5,0.2865,0,21;0,3,0.9335,0,239;1,5,0.1885,0,58;5,3,0.6205,3,118;1,5,0.5795,0,9;6,0,0.1445,3,26
claim-temporal-development-train-01049	7	0	2	196,151,134,73,18,69,93,139,158,192,116,89,9,122,141,86,203,26,65,195,36,161,97,193,40,190,60,51,117,45,106,13,179,145,21,205	8,3,0.4265,0,213;1,2,0.1365,0,153;2,2,0.2675,0,147;0,4,0.3725,0,106;0,0,0.9235,0,111;1,4,0.6675,0,223
claim-temporal-development-train-01050	10	3	2	133,44,20,201,138,100,29,112,39,141,208,69,117,166,153,93,213,180,82,45,75,126,148,66,3,15,90,53,60,165,21,175,193,109,151,154	2,5,0.8565,0,48;4,5,0.9345,0,225;4,2,0.5025,0,134;2,0,0.5155,0,146;3,3,0.1795,0,107;5,3,0.4975,0,115
claim-temporal-development-train-01051	2	0	0	81,45,60,106,11,16,180,149,115,90,36,196,141,175,155,194,56,43,104,21,117,174,30,69,9,83,179,213,198,136,134,128,93,64,200,145	8,1,0.0825,0,70;5,2,0.6035,0,10;7,2,0.0805,0,224;8,1,0.5115,0,158;7,0,0.7925,0,143;7,4,0.1555,0,183
claim-temporal-development-train-01052	1	0	1	25,109,210,52,133,150,90,173,43,11,16,215,165,203,210,64,3,145,105,123,69,82,197,45,115,60,139,213,166,38,119,76,141,167,93,21	2,1,0.0435,0,56;0,4,0.6355,0,69;3,2,0.0425,0,98;3,0,0.5365,0,246;8,3,0.7085,2,198;2,3,0.6215,0,237
claim-temporal-development-train-01053	1	3	0	117,184,83,31,51,197,21,189,127,197,141,111,89,45,35,163,148,60,149,173,210,157,174,80,13,44,99,137,112,134,69,96,16,3,194,67	2,3,0.0695,0,56;6,1,0.9625,0,88;2,2,0.6615,0,129;7,1,0.3265,3,82;2,5,0.1305,0,31;6,4,0.2225,0,198
claim-temporal-development-train-01054	2	1	0	149,157,146,132,50,45,42,117,69,31,89,201,179,202,76,8,11,95,111,138,113,144,210,35,128,175,190,97,85,60,211,16,66,198,201,21	7,1,0.1525,0,113;6,1,0.5305,0,10;1,2,0.4705,0,76;3,3,0.2165,2,148;0,5,0.2625,0,112;7,2,0.5515,3,93
claim-temporal-development-train-01055	7	0	1	91,93,141,126,189,193,145,85,51,106,178,162,204,113,46,66,117,196,69,74,215,162,28,199,102,21,1,156,43,131,137,10,19,150,60,36	0,0,0.6365,0,218;3,2,0.6945,1,47;2,2,0.4205,0,201;1,3,0.7925,0,73;5,0,0.3805,0,19;5,1,0.3015,0,220
claim-temporal-development-train-01056	3	0	0	64,141,212,209,1,199,94,111,164,90,203,138,16,174,133,57,157,21,83,46,176,27,69,60,36,105,213,44,114,145,189,77,117,11,149,124	0,1,0.0785,0,16;2,2,0.9715,1,122;8,2,0.0855,0,39;4,1,0.4785,1,150;8,5,0.4555,0,99;3,3,0.5775,0,187
claim-temporal-development-train-01057	10	3	0	21,83,125,39,163,152,105,53,140,64,27,179,117,9,209,16,204,45,184,149,73,206,108,61,181,89,148,41,116,135,69,14,187,95,141,213	8,4,0.0215,0,109;2,5,0.3925,0,161;4,3,0.1435,0,245;0,1,0.3685,2,1;8,2,0.9575,0,149;4,5,0.8345,0,4
claim-temporal-development-train-01058	2	3	1	180,92,21,150,176,44,189,181,183,100,139,185,148,54,114,10,182,123,7,67,207,45,71,82,93,177,141,81,107,215,16,117,131,36,59,30	6,0,0.0675,0,187;5,2,0.8845,0,217;5,1,0.7695,2,247;8,0,0.8025,0,126;3,1,0.5005,0,141;2,1,0.6905,0,197
claim-temporal-development-train-01059	10	2	1	55,215,147,198,37,68,160,205,10,182,21,3,99,116,130,93,183,106,63,77,211,141,70,17,150,47,124,28,192,44,86,117,206,167,91,137	2,0,0.3775,0,126;3,3,0.9175,2,92;6,5,0.8135,1,130;4,4,0.6605,0,199;2,0,0.8655,0,51;3,0,0.2495,0,188
claim-temporal-development-train-01060	1	2	0	171,114,111,200,138,90,206,16,12,3,35,31,52,78,147,149,96,58,158,128,45,141,198,117,210,42,64,83,134,99,184,195,162,21,69,206	2,2,0.0695,0,50;6,1,0.5605,0,135;3,0,0.1405,0,222;5,1,0.4885,3,59;2,5,0.4715,0,202;7,4,0.4935,0,19
claim-temporal-development-train-01061	1	0	0	149,131,141,93,75,99,139,14,89,197,204,189,145,21,43,164,19,28,114,57,72,35,87,65,6,111,190,62,45,117,170,201,169,200,214,122	5,4,0.6585,0,82;3,1,0.6535,0,224;8,4,0.3455,3,141;2,5,0.3945,0,54;2,5,0.5185,0,234;1,1,0.6455,0,51
claim-temporal-development-train-01062	10	3	2	201,14,176,209,148,117,93,7,209,69,31,38,45,141,124,22,151,40,52,214,20,83,211,105,134,114,206,111,59,165,91,178,139,78,206,68	6,4,0.9965,1,70;6,4,0.0035,0,220;3,1,0.9505,0,212;5,1,0.7265,0,239;8,5,0.5965,0,31;3,4,0.7535,0,146
claim-temporal-development-train-01063	1	0	0	40,115,4,31,170,123,93,186,140,21,141,149,185,92,86,19,145,117,37,107,152,157,52,178,134,154,104,209,186,45,79,63,64,14,69,185	3,4,0.7175,0,235;6,3,0.1315,0,17;3,5,0.0885,0,138;6,4,0.8465,0,175;7,1,0.6855,0,204;2,4,0.9745,0,237
claim-temporal-development-train-01064	10	2	0	61,115,117,48,199,79,140,134,129,24,141,108,149,178,181,165,2,39,166,20,104,196,28,41,184,201,53,90,69,15,147,68,87,175,93,184	1,5,0.8415,3,122;3,5,0.3165,3,47;4,3,0.8045,0,188;6,5,0.5685,0,207;7,2,0.7225,0,143;8,4,0.9635,0,167
claim-temporal-development-train-01065	1	0	0	135,213,163,191,176,45,141,211,64,100,168,115,140,75,173,117,41,91,199,87,127,93,37,111,53,69,25,145,58,21,10,214,214,149,20,2	1,0,0.8345,0,98;0,3,0.3705,0,4;4,0,0.1975,0,59;2,5,0.6275,0,35;3,5,0.6675,0,153;6,5,0.8405,0,192
claim-temporal-development-train-01066	3	0	1	190,13,124,177,21,167,141,2,138,55,152,75,69,18,205,60,91,26,37,44,112,111,160,66,85,145,135,95,202,97,48,179,117,150,190,204	1,3,0.4785,0,248;1,3,0.8695,3,145;6,2,0.4335,0,0;2,3,0.6235,2,228;0,5,0.0265,0,63;3,5,0.5615,0,97
claim-temporal-development-train-01067	1	3	1	107,123,8,133,85,45,150,210,66,90,16,163,117,178,56,203,69,102,152,40,176,161,34,171,80,15,139,141,148,27,176,160,61,114,22,96	7,5,0.1005,1,47;2,0,0.0275,0,136;7,3,0.4165,0,104;7,3,0.5495,3,64;5,1,0.4785,0,21;2,3,0.6005,0,219
claim-temporal-development-train-01068	9	2	1	117,180,78,102,141,65,132,162,12,69,181,161,190,26,42,50,89,195,21,147,95,150,85,203,37,207,58,181,7,107,139,18,114,204,45,128	6,2,0.5905,0,95;1,3,0.4285,0,101;1,0,0.3995,0,147;5,3,0.3575,2,208;5,1,0.4915,0,183;7,2,0.7785,0,211
claim-temporal-development-train-01069	1	3	0	106,201,123,203,174,20,93,169,14,88,62,69,155,29,149,117,74,6,36,23,116,83,182,139,148,210,131,141,42,105,181,55,208,45,67,212	5,4,0.9815,2,205;4,2,0.4085,0,155;6,4,0.6995,0,81;1,1,0.0855,0,206;8,0,0.8905,0,139;2,1,0.6475,0,58
claim-temporal-development-train-01070	9	0	1	120,188,141,145,26,93,85,128,152,108,21,42,36,176,156,60,88,100,185,17,211,173,162,47,204,70,196,113,135,52,73,137,2,68,10,150	1,0,0.2215,0,123;1,2,0.5155,2,85;3,2,0.8405,1,235;0,3,0.0255,0,23;3,2,0.2675,3,52;7,5,0.2685,0,106
claim-temporal-development-train-01071	9	3	0	16,104,138,134,79,108,198,141,129,205,21,53,156,117,212,82,215,8,96,157,10,166,70,59,32,38,45,199,65,200,149,148,44,90,175,113	7,0,0.1555,0,22;7,4,0.8375,0,245;4,1,0.2765,1,15;6,0,0.5085,3,16;7,2,0.2805,0,101;8,4,0.5435,0,88
claim-temporal-development-train-01072	1	3	2	215,210,154,69,46,158,124,151,211,117,164,36,114,93,169,89,148,29,130,107,200,20,42,56,140,58,82,173,99,3,21,142,66,12,76,159	2,2,0.9405,0,148;4,2,0.4595,1,195;7,0,0.4015,0,218;3,0,0.3475,0,127;2,1,0.4325,0,254;3,0,0.9915,1,71
claim-temporal-development-train-01073	1	0	0	82,139,167,141,123,11,109,91,178,95,28,71,67,161,62,187,20,149,52,145,45,3,40,182,134,115,168,171,35,186,21,117,75,171,101,168	2,1,0.8555,0,82;3,1,0.0365,0,219;3,4,0.7265,2,226;2,0,0.7765,2,147;4,3,0.6325,0,39;2,4,0.6175,0,140
claim-temporal-development-train-01074	1	3	0	16,47,173,75,149,213,168,14,130,117,69,82,106,127,44,36,148,209,27,112,137,51,207,174,93,21,183,203,142,64,63,8,212,92,207,104	7,4,0.1595,0,241;2,2,0.9585,2,107;2,5,0.1485,0,42;2,0,0.8335,0,104;7,0,0.0605,0,78;6,0,0.2695,1,72
claim-temporal-development-train-01075	2	0	1	191,88,82,192,79,132,180,34,167,62,138,68,49,115,107,93,98,186,41,175,6,117,150,45,11,28,17,72,166,159,141,206,125,210,145,21	5,1,0.3715,0,112;3,0,0.3035,0,38;0,4,0.8525,3,117;6,0,0.1745,0,21;1,1,0.7505,0,145;4,2,0.5525,0,230
claim-temporal-development-train-01076	1	2	0	138,96,19,45,54,123,166,170,85,117,29,154,3,34,147,42,21,101,141,12,69,166,135,185,112,156,149,198,66,188,159,110,80,61,164,92	2,2,0.6325,0,87;4,0,0.5995,0,84;5,3,0.5645,0,228;7,3,0.8795,3,182;4,4,0.1735,0,67;2,5,0.5625,0,180
claim-temporal-development-train-01077	2	2	1	214,82,177,22,60,100,69,136,158,117,106,129,141,16,93,1,68,174,158,89,45,78,38,41,131,150,197,13,57,166,147,28,215,171,115,205	0,3,0.0725,1,86;3,4,0.2795,0,55;8,2,0.9185,0,94;5,0,0.2645,0,193;3,0,0.7095,0,104;8,1,0.1185,0,130
claim-temporal-development-train-01078	9	3	0	149,69,61,166,9,190,131,56,148,42,157,19,10,182,117,45,93,215,26,21,201,64,103,172,107,138,141,128,86,113,162,37,173,91,81,159	8,0,0.7235,0,67;1,3,0.5255,0,78;7,3,0.0155,0,38;8,4,0.6235,0,212;6,1,0.3015,0,162;7,1,0.5895,0,53
claim-temporal-development-train-01079	10	3	2	148,15,141,82,193,93,199,158,126,61,213,53,152,101,74,151,44,182,88,137,117,28,115,130,21,168,20,39,45,9,200,209,193,69,67,111	8,5,0.8525,0,210;3,5,0.8585,0,1;4,3,0.7665,0,214;1,0,0.0665,0,250;4,5,0.6285,0,47;5,0,0.2405,0,62
claim-temporal-development-train-01080	6	3	2	148,35,12,52,66,203,151,20,135,205,174,77,84,123,141,93,45,173,178,33,43,91,8,200,190,24,62,136,195,115,69,117,209,168,97,109	7,2,0.9385,3,240;8,1,0.6025,0,131;3,4,0.5955,0,56;4,2,0.7655,0,246;0,3,0.6905,0,19;2,5,0.1975,0,7
claim-temporal-development-train-01081	2	3	1	169,62,148,22,140,74,65,93,92,160,107,202,215,113,155,27,196,82,121,15,35,20,54,131,181,150,142,44,203,97,161,117,45,69,214,2	1,5,0.9055,1,185;2,1,0.8695,0,117;5,4,0.3265,0,61;1,0,0.9835,0,251;0,1,0.2555,0,159;0,1,0.8745,1,186
claim-temporal-development-train-01082	2	1	1	215,93,182,104,84,45,61,181,192,117,132,64,21,113,178,74,38,31,141,153,18,40,157,10,71,91,212,140,111,124,4,183,204,50,150,146	3,0,0.4855,0,61;6,4,0.1605,0,81;1,3,0.1875,2,215;1,2,0.7315,0,224;7,5,0.3945,0,224;3,2,0.8555,0,102
claim-temporal-development-train-01083	1	0	0	97,149,118,89,167,1,60,10,45,79,111,28,40,195,137,116,200,51,37,123,95,162,188,141,215,200,132,83,68,145,21,165,16,179,71,169	0,0,0.1765,0,204;3,3,0.1995,0,57;2,2,0.8745,2,207;6,1,0.3305,2,31;0,5,0.9185,1,58;2,2,0.3095,0,27
claim-temporal-development-train-01084	6	2	2	147,49,207,114,89,137,141,73,41,68,3,14,21,209,28,195,93,166,174,35,99,179,47,117,172,132,16,211,182,84,108,151,178,61,69,128	2,4,0.0905,0,193;3,1,0.3755,2,175;0,3,0.9285,0,254;0,2,0.3015,0,193;2,2,0.5075,0,218;7,2,0.2505,0,232
claim-temporal-development-train-01085	1	0	1	150,23,204,99,130,69,106,113,86,206,28,189,63,48,145,40,199,194,153,122,6,187,144,51,93,170,18,77,136,67,38,174,15,117,91,198	5,5,0.4365,2,120;3,4,0.0515,3,12;2,5,0.7275,0,254;4,4,0.6485,0,107;2,0,0.3315,0,138;1,0,0.1305,3,67
claim-temporal-development-train-01086	3	0	2	87,93,151,213,13,192,207,89,5,17,113,53,125,192,111,185,27,143,76,198,60,136,99,118,215,188,45,160,69,186,64,21,145,135,39,40	4,3,0.3145,0,125;2,5,0.1815,0,112;4,2,0.0885,0,63;3,5,0.3755,0,67;2,5,0.3535,1,209;4,5,0.0355,2,136
claim-temporal-development-train-01087	10	0	2	93,105,54,184,39,61,120,89,151,212,106,5,145,195,124,18,186,21,33,206,137,141,70,41,73,12,205,45,68,135,87,204,203,172,114,194	4,2,0.5655,0,226;8,5,0.3535,0,118;5,3,0.9815,1,8;0,5,0.2795,0,137;8,0,0.4405,3,170;3,5,0.2675,0,19
claim-temporal-development-train-01088	3	0	1	182,43,136,98,24,186,174,64,186,115,88,106,52,198,28,145,69,93,81,45,201,62,121,132,117,19,1,83,39,191,143,166,212,150,14,207	0,4,0.7125,3,63;3,5,0.7585,0,197;3,4,0.1525,0,141;8,1,0.0385,0,166;1,0,0.7955,0,101;0,2,0.0915,2,207
claim-temporal-development-train-01089	5	2	0	69,172,119,162,6,31,111,21,13,188,123,85,186,81,52,114,89,42,187,38,208,133,198,149,147,200,61,97,19,45,143,65,93,136,201,165	5,3,0.6875,0,111;6,4,0.4105,0,164;3,3,0.3275,0,70;8,3,0.2995,0,63;0,5,0.5675,2,70;2,3,0.0965,2,161
claim-temporal-development-train-01090	1	2	1	117,99,69,35,115,147,214,93,59,166,137,21,45,152,123,130,189,16,15,143,191,29,82,5,191,110,77,89,44,179,206,205,52,65,150,190	4,5,0.1115,0,133;4,1,0.8035,0,117;3,1,0.2915,0,24;4,0,0.2715,0,115;2,4,0.6825,0,22;2,0,0.2345,2,155
claim-temporal-development-train-01091	5	2	2	99,9,158,133,21,10,82,67,43,190,73,198,110,137,55,121,47,69,208,141,185,28,92,204,36,206,151,153,147,114,117,18,195,160,94,63	8,0,0.4665,0,138;3,2,0.7565,2,246;6,5,0.7525,0,202;0,0,0.8005,1,166;2,4,0.5285,0,239;0,3,0.3605,0,179
claim-temporal-development-train-01092	9	1	2	159,106,191,126,146,112,25,133,141,175,7,21,36,156,136,165,69,90,185,100,117,188,151,45,18,56,186,42,76,179,10,63,87,96,68,167	6,0,0.4975,0,241;0,2,0.4565,0,54;7,5,0.9125,0,187;3,5,0.4545,3,67;3,0,0.1775,0,251;5,3,0.0215,0,53
claim-temporal-development-train-01093	0	3	1	26,24,152,69,159,156,9,124,16,64,193,211,115,148,109,118,141,87,131,105,150,202,198,54,93,166,168,59,77,140,35,45,88,210,14,40	8,4,0.0905,3,166;1,1,0.1605,0,244;5,1,0.0025,0,28;4,5,0.1785,0,111;8,3,0.6905,1,54;3,1,0.8955,0,34
claim-temporal-development-train-01094	7	0	1	13,189,21,52,88,7,117,87,198,141,202,28,201,17,188,69,138,122,200,81,160,99,133,159,36,114,40,64,197,162,107,45,62,145,150,93	6,3,0.3295,0,23;3,2,0.1655,0,77;3,4,0.1215,0,54;8,5,0.1175,0,244;2,1,0.5625,0,165;1,3,0.4235,0,61
claim-temporal-development-train-01095	10	0	0	203,18,149,154,193,90,197,57,107,21,83,213,130,158,180,99,141,81,93,15,125,43,39,171,27,137,45,6,213,116,67,63,153,145,69,118	5,5,0.4755,0,81;2,5,0.6895,0,88;8,5,0.7925,0,88;8,1,0.4215,0,225;2,1,0.9575,1,245;4,0,0.2455,0,248
claim-temporal-development-train-01096	3	0	1	89,4,54,158,145,139,154,43,45,196,78,99,12,134,202,150,93,115,142,69,204,126,28,17,175,87,201,62,117,201,196,39,21,106,68,159	3,2,0.2975,0,233;3,5,0.6315,0,192;5,4,0.9615,0,160;5,5,0.3895,0,132;2,0,0.7595,0,20;5,4,0.7765,1,216
claim-temporal-development-train-01097	8	2	2	38,212,45,164,147,25,109,212,162,112,151,102,126,85,65,133,165,72,165,16,61,14,43,3,96,91,157,141,199,52,171,117,21,183,76,138	2,4,0.0925,0,68;0,4,0.7035,0,73;3,3,0.3395,3,76;3,3,0.7455,3,30;5,3,0.1195,0,215;5,3,0.4015,0,131
claim-temporal-development-train-01098	6	0	1	113,145,192,188,86,107,202,81,182,94,150,25,45,177,3,133,58,181,157,103,39,121,141,10,21,208,56,69,117,18,139,208,41,90,68,157	2,0,0.4095,0,42;0,5,0.2065,0,30;7,0,0.8485,0,178;8,4,0.5795,1,88;6,1,0.3855,0,41;0,3,0.7935,0,42
claim-temporal-development-train-01099	5	2	1	89,99,156,79,141,23,150,214,147,123,70,14,51,200,195,40,136,27,109,205,2,45,187,93,164,114,36,177,65,118,131,159,82,19,164,58	1,4,0.7595,2,142;2,2,0.1525,0,240;2,0,0.2665,1,173;6,0,0.2715,0,231;2,3,0.5935,1,76;2,1,0.1085,0,179
claim-temporal-development-train-01100	1	3	0	116,175,14,207,51,141,185,149,45,123,93,21,69,36,103,178,190,2,135,58,148,83,152,202,28,204,188,118,110,89,188,74,18,67,140,40	1,4,0.4735,0,114;3,2,0.0495,0,223;2,0,0.6735,0,217;1,1,0.3805,0,252;6,4,0.9405,1,195;2,5,0.9465,0,213
claim-temporal-development-train-01101	10	0	2	23,155,209,35,122,4,48,192,140,105,208,131,41,17,59,151,145,110,168,212,89,176,158,68,159,115,141,163,25,69,93,11,117,51,77,82	3,1,0.3185,2,220;0,1,0.3445,3,1;2,1,0.8535,0,123;4,0,0.3815,0,141;8,4,0.7495,0,19;1,1,0.9355,0,223
claim-temporal-development-train-01102	1	3	0	93,69,79,109,86,192,113,12,148,136,36,192,123,67,117,155,59,91,154,214,51,189,187,27,131,6,45,100,213,155,149,43,21,141,161,19	5,2,0.7155,0,24;2,2,0.7665,0,166;2,1,0.6765,0,245;6,4,0.6895,0,79;3,3,0.3535,0,11;2,1,0.1375,0,213
claim-temporal-development-train-01103	7	3	1	202,74,192,14,18,136,38,207,21,177,199,98,45,71,28,112,119,193,173,141,211,66,2,63,191,56,91,93,181,129,108,133,83,150,41,148	1,4,0.4415,0,4;3,4,0.3435,0,125;7,5,0.4695,2,56;1,1,0.6705,0,221;1,2,0.1765,2,175;8,3,0.0355,0,30
claim-temporal-development-train-01104	10	3	2	69,16,181,93,117,113,188,12,87,209,100,148,4,45,181,21,200,201,171,89,138,141,25,64,162,191,151,34,134,129,55,43,108,77,61,200	3,2,0.0115,0,209;0,0,0.7485,0,144;6,3,0.1705,0,222;4,5,0.3195,0,212;3,2,0.3385,0,223;8,4,0.4015,0,120
claim-temporal-development-train-01105	8	0	1	117,141,126,93,202,194,145,115,1,21,13,92,18,52,34,155,174,150,86,75,102,164,134,69,29,109,208,67,167,45,137,182,189,42,59,177	0,3,0.5635,0,212;4,0,0.5945,0,161;3,1,0.6305,0,89;2,4,0.8155,0,58;5,3,0.7775,0,4;5,4,0.2565,0,128
claim-temporal-development-train-01106	1	2	1	42,141,30,208,13,36,139,50,69,127,171,117,86,3,201,113,102,93,107,150,75,211,21,155,153,18,214,147,212,91,135,194,46,207,66,63	2,3,0.5985,0,152;5,2,0.4835,1,161;1,5,0.5775,0,178;2,4,0.6015,0,6;5,1,0.3325,0,230;6,5,0.6085,0,47
claim-temporal-development-train-01107	2	2	1	69,117,109,11,215,43,131,19,154,89,141,58,202,86,186,4,114,175,36,28,45,173,75,51,139,122,147,173,65,105,93,191,150,184,21,215	3,1,0.6705,0,233;3,2,0.7525,0,91;2,0,0.3095,0,98;2,4,0.3135,0,77;8,3,0.5685,0,145;1,1,0.7315,0,114
claim-temporal-development-train-01108	2	0	2	44,136,195,90,93,157,141,62,45,49,114,27,65,155,21,83,17,207,34,108,133,69,123,158,97,195,11,177,118,145,78,183,151,215,192,3	2,1,0.3065,0,127;2,0,0.9505,0,38;0,4,0.2165,0,71;5,1,0.5395,0,159;0,2,0.5495,1,134;2,3,0.0245,0,44
claim-temporal-development-train-01109	7	3	2	176,174,27,141,77,45,178,174,69,83,61,195,133,89,181,139,16,122,64,100,13,151,186,114,6,52,197,148,106,96,40,36,212,118,172,21	5,3,0.1555,0,243;2,2,0.1815,0,255;3,3,0.1455,0,216;4,1,0.2745,3,103;3,0,0.5615,1,167;1,3,0.6605,0,229
claim-temporal-development-train-01110	5	3	1	148,17,106,182,164,132,197,203,178,78,43,174,60,45,141,140,4,34,114,127,21,31,178,150,64,105,86,69,55,10,204,93,117,185,89,156	3,0,0.2645,0,169;6,0,0.6285,0,158;6,2,0.0785,0,11;5,4,0.3605,0,160;8,0,0.5045,0,76;6,2,0.9435,0,183
claim-temporal-development-train-01111	5	2	2	173,151,141,52,185,75,129,110,87,171,154,30,133,117,214,47,8,93,88,197,116,184,21,36,61,11,40,69,212,214,137,103,173,18,147,64	7,1,0.4155,0,72;5,2,0.1105,2,106;3,3,0.1805,0,222;2,5,0.0825,0,177;6,4,0.9585,0,89;8,3,0.2135,0,93
claim-temporal-development-train-01112	1	0	0	188,7,65,127,99,203,92,41,36,10,16,21,213,132,59,184,138,209,45,75,149,144,167,112,27,176,52,87,95,117,109,69,145,187,160,200	6,0,0.1105,0,236;2,2,0.2775,0,40;3,1,0.2145,0,194;2,5,0.8575,2,163;2,3,0.1685,0,54;6,2,0.5685,3,148
claim-temporal-development-train-01113	9	2	0	142,69,167,93,44,30,149,106,7,91,104,195,45,80,186,171,117,84,135,215,198,147,177,214,36,10,129,136,20,50,177,113,63,65,21,187	6,0,0.9415,0,220;5,2,0.8125,0,70;1,5,0.3715,0,11;7,2,0.6025,0,182;7,0,0.3495,0,240;8,5,0.1095,1,26
claim-temporal-development-train-01114	5	3	2	190,181,45,69,204,43,75,60,155,30,139,131,10,83,7,117,17,201,115,88,199,55,141,93,162,34,103,188,151,201,22,124,67,110,148,155	6,0,0.3385,1,46;5,0,0.6225,0,53;6,2,0.6215,0,131;2,1,0.0885,0,45;6,4,0.7905,0,54;3,1,0.6645,0,180
claim-temporal-development-train-01115	2	1	0	207,93,80,213,152,126,103,146,149,116,138,141,65,18,45,28,117,84,21,88,41,49,152,152,132,12,195,153,107,190,160,38,1,165,59,69	0,2,0.4665,0,27;3,4,0.3935,0,246;0,1,0.3215,0,8;7,2,0.0255,0,171;6,1,0.8745,0,185;5,2,0.5295,0,71
claim-temporal-development-train-01116	4	1	1	194,34,174,141,136,194,83,21,62,121,195,134,40,206,105,45,162,116,158,66,78,192,69,117,150,17,146,201,32,4,88,15,49,111,93,177	3,5,0.2915,0,227;7,0,0.1375,0,224;0,4,0.5965,0,188;5,1,0.0365,0,128;8,5,0.9655,0,148;0,4,0.1245,0,103
claim-temporal-development-train-01117	1	3	2	110,10,55,215,163,142,71,40,113,151,209,136,105,30,118,93,171,16,159,192,21,129,61,9,75,148,90,134,173,186,83,65,45,204,192,35	8,0,0.0215,0,63;5,1,0.0175,0,247;6,3,0.2195,2,101;2,1,0.5835,0,26;8,4,0.2195,1,90;8,4,0.0715,1,237
claim-temporal-development-train-01118	7	1	2	176,84,88,34,189,61,80,69,2,146,93,165,180,120,152,129,210,151,165,67,45,44,19,13,138,29,107,181,104,50,141,192,115,131,172,21	1,3,0.7175,0,67;4,0,0.9885,0,228;1,3,0.7515,0,168;7,2,0.0095,0,232;7,1,0.7225,3,228;8,1,0.4895,0,99
claim-temporal-development-train-01119	5	2	1	207,55,141,138,15,120,37,158,83,42,167,18,127,116,4,203,147,69,66,63,167,91,150,195,98,160,81,93,166,215,203,131,106,45,27,21	3,5,0.5785,0,47;2,3,0.4185,0,211;6,5,0.5835,0,1;8,1,0.6075,0,81;1,0,0.9745,3,239;6,1,0.4435,0,11
claim-temporal-development-train-01120	5	2	1	159,192,117,19,21,212,45,180,34,56,110,203,4,10,205,214,100,42,129,82,150,114,59,180,64,76,29,137,144,200,69,92,93,147,179,134	3,0,0.7135,0,55;4,0,0.5575,0,148;7,1,0.1385,0,100;3,0,0.8935,0,50;3,4,0.4205,0,199;8,4,0.3275,3,224
claim-temporal-development-train-01121	1	3	2	209,35,3,45,173,112,109,41,179,93,185,173,75,137,185,212,71,53,124,89,60,23,100,192,64,148,130,151,19,27,13,208,141,119,83,203	2,3,0.6565,2,51;2,1,0.2265,0,43;4,2,0.1495,2,110;2,1,0.3485,0,189;3,3,0.1105,2,135;3,0,0.2625,0,253
claim-temporal-development-train-01122	9	1	0	93,56,149,179,69,31,194,18,215,89,119,129,162,45,84,209,10,21,141,115,131,39,4,199,66,146,40,176,101,80,62,192,207,200,137,106	3,0,0.5305,0,145;6,5,0.0965,0,148;7,4,0.4225,0,17;7,2,0.3385,0,47;4,0,0.6845,2,227;8,1,0.3205,0,140
claim-temporal-development-train-01123	10	3	1	28,15,141,184,88,61,18,150,116,148,180,53,132,21,6,140,189,165,180,45,117,93,215,154,125,170,152,85,66,39,69,99,107,42,75,152	5,5,0.5215,0,255;3,5,0.4155,0,29;4,3,0.5875,0,11;2,3,0.0475,0,237;2,1,0.8065,0,130;4,2,0.8815,0,54
claim-temporal-development-train-01124	5	2	2	11,111,198,128,147,114,151,22,153,59,206,195,45,132,152,37,170,82,100,66,71,166,209,181,93,1,136,73,90,18,41,33,144,184,54,117	0,1,0.4635,1,84;8,3,0.2195,0,244;5,1,0.4445,2,203;0,0,0.5545,0,236;3,5,0.5765,0,133;7,2,0.1925,3,137
claim-temporal-development-train-01125	1	3	0	61,69,124,183,92,40,29,65,192,195,130,78,6,17,109,137,15,116,200,93,197,198,148,99,82,45,149,55,158,199,202,21,141,209,34,117	5,5,0.3305,0,44;4,0,0.0225,0,186;6,3,0.3175,0,188;5,0,0.9625,0,199;2,3,0.9035,0,240;3,0,0.2625,0,212
claim-temporal-development-train-01126	1	2	0	141,93,21,124,45,182,69,117,103,15,214,187,77,83,173,89,3,137,166,201,44,54,147,109,132,26,64,167,200,185,149,63,161,116,34,20	2,5,0.8775,0,236;1,0,0.8985,0,83;5,5,0.1985,0,44;4,1,0.3425,0,179;6,3,0.8385,0,172;3,2,0.3545,0,37
claim-temporal-development-train-01127	5	2	1	52,25,42,78,10,141,131,153,1,103,179,62,69,160,36,21,109,205,88,207,116,87,117,152,137,123,93,19,150,45,194,67,206,147,202,162	0,0,0.7495,0,242;0,2,0.4785,0,171;3,4,0.7565,0,2;5,5,0.1115,0,156;6,3,0.9965,0,22;2,1,0.2335,0,58
claim-temporal-development-train-01128	4	1	2	141,151,79,69,146,178,82,106,140,159,155,19,36,15,4,202,100,57,67,212,205,93,132,114,25,117,128,62,178,159,45,21,43,156,158,92	3,5,0.6925,0,46;0,2,0.6005,0,179;8,4,0.6375,0,182;6,0,0.8465,0,37;3,0,0.4985,0,172;7,2,0.8355,0,236
claim-temporal-development-train-01129	8	0	0	108,145,204,117,141,194,22,84,189,93,213,170,45,11,35,213,40,102,163,78,130,197,89,139,116,64,72,27,193,149,6,52,63,19,213,127	5,1,0.6885,1,84;2,1,0.0995,0,153;3,5,0.1115,3,205;5,2,0.3965,0,137;5,2,0.9625,0,109;6,0,0.7795,0,104
claim-temporal-development-train-01130	1	0	0	69,38,79,215,29,180,162,141,59,109,54,123,191,149,21,139,113,145,42,204,83,13,66,178,16,157,4,132,89,104,45,153,208,117,198,96	3,3,0.1885,0,187;4,4,0.5595,0,198;5,1,0.4195,0,3;6,1,0.2565,3,165;7,3,0.3465,0,183;2,2,0.7015,0,198
claim-temporal-development-train-01131	0	3	2	93,14,89,28,163,187,47,52,187,4,136,130,157,198,116,61,185,21,141,17,119,123,205,110,34,83,40,189,167,148,65,161,76,151,100,72	3,4,0.2885,0,76;3,0,0.0745,2,199;3,3,0.3215,3,253;3,1,0.2645,0,71;3,4,0.8325,2,68;2,0,0.1625,0,61
claim-temporal-development-train-01132	10	2	1	147,189,141,66,213,150,21,69,27,153,187,93,208,129,154,42,37,109,12,45,51,17,112,167,62,117,179,77,168,168,135,91,86,5,102,140	4,2,0.2605,0,175;2,3,0.4585,0,212;2,4,0.5505,0,214;4,4,0.7315,0,109;5,3,0.0265,0,224;8,5,0.8095,0,91
claim-temporal-development-train-01133	9	2	1	45,98,29,88,176,206,215,161,73,189,93,141,112,177,117,14,154,167,180,150,138,42,111,21,69,2,147,177,86,126,35,20,56,134,60,68	1,4,0.8035,0,209;4,1,0.4875,0,152;7,2,0.8485,0,68;0,4,0.0655,0,189;1,5,0.0165,0,75;5,4,0.5475,0,34
claim-temporal-development-train-01134	9	0	0	149,203,13,208,132,93,167,35,76,49,208,68,117,45,89,3,194,162,142,17,104,31,61,180,21,179,69,115,111,199,145,42,129,139,176,87	2,3,0.2785,0,225;6,1,0.4225,0,151;0,3,0.9175,0,87;3,5,0.3915,0,204;7,5,0.6225,0,119;8,2,0.6605,1,58
claim-temporal-development-train-01135	9	2	0	214,117,21,35,32,90,93,193,141,130,13,69,140,64,41,167,211,197,105,149,154,172,2,190,116,49,48,147,80,18,62,85,176,169,106,121	1,3,0.4085,0,104;7,1,0.2565,3,181;0,4,0.1025,0,215;7,3,0.4635,0,176;8,0,0.8375,0,21;0,0,0.9445,0,193
claim-temporal-development-train-01136	5	2	0	70,199,154,106,149,18,43,52,128,187,45,100,61,112,204,205,134,147,163,180,13,117,21,83,184,25,89,7,184,68,36,196,141,93,136,74	6,3,0.5985,0,248;0,2,0.6015,0,199;3,3,0.9855,1,58;1,1,0.3285,0,56;3,0,0.1845,0,157;7,4,0.0535,0,180
claim-temporal-development-train-01137	10	0	0	179,59,5,126,199,91,183,185,57,93,145,48,110,81,167,143,199,34,194,25,43,64,85,21,149,113,165,131,214,117,10,101,198,136,17,69	4,0,0.3175,0,38;0,0,0.6875,3,15;8,1,0.0635,0,149;8,3,0.6185,0,34;4,4,0.2405,0,122;5,1,0.1655,2,207
claim-temporal-development-train-01138	9	3	2	10,117,116,151,86,67,20,174,141,164,134,92,148,140,77,40,45,2,39,152,181,61,56,107,100,167,93,204,153,128,177,21,203,158,69,29	1,0,0.8355,0,196;4,5,0.1555,0,187;7,3,0.6945,0,206;4,4,0.8915,0,124;3,1,0.8105,0,172;7,4,0.9645,0,78
claim-temporal-development-train-01139	7	1	1	59,161,17,25,10,139,47,183,125,134,211,188,117,21,69,74,180,39,205,50,181,150,64,7,90,167,93,146,141,98,115,83,202,107,41,201	6,0,0.3785,0,250;0,5,0.2165,2,21;1,1,0.0745,0,0;1,1,0.5965,0,147;1,1,0.6735,0,219;4,4,0.6215,0,10
claim-temporal-development-train-01140	1	3	1	88,41,150,125,207,58,132,79,188,148,27,136,155,112,185,24,17,143,71,99,36,111,84,213,197,93,195,117,54,4,68,178,193,45,14,156	3,4,0.3075,3,89;2,2,0.3035,0,103;5,0,0.9695,2,125;6,2,0.0635,0,212;2,5,0.1945,0,170;4,2,0.1415,2,250
claim-temporal-development-train-01141	1	0	2	206,201,105,145,139,76,174,151,69,95,14,33,115,20,209,158,36,131,51,141,21,191,193,45,152,210,160,68,3,117,89,82,110,63,42,125	2,4,0.8705,0,156;8,2,0.4355,0,153;2,5,0.8485,0,210;3,0,0.3965,2,30;8,4,0.7145,0,69;4,1,0.6715,0,230
claim-temporal-development-train-01142	8	2	0	3,106,205,21,93,141,105,171,117,88,114,11,54,62,66,78,17,185,32,208,34,149,45,124,136,170,159,147,194,41,69,159,152,85,183,131	2,1,0.2495,0,37;7,0,0.3115,0,7;5,4,0.5415,0,196;5,3,0.1245,0,39;8,0,0.4145,0,124;3,1,0.0795,0,40
claim-temporal-development-train-01143	1	2	2	136,192,52,87,21,160,20,60,111,92,151,141,170,133,177,116,3,117,71,66,15,179,121,31,169,37,177,209,147,105,212,80,214,45,42,93	2,5,0.9505,0,225;6,3,0.5545,0,142;3,2,0.5995,2,140;7,5,0.9245,0,118;8,5,0.8705,0,42;0,3,0.1725,0,149
claim-temporal-development-train-01144	4	1	0	165,80,44,21,45,59,84,131,146,156,54,113,167,141,10,211,158,214,102,160,16,172,185,91,149,70,109,125,188,93,28,118,39,4,138,64	3,0,0.0845,0,11;3,5,0.9445,0,143;5,1,0.0235,1,228;7,2,0.6155,0,24;5,3,0.3755,1,247;4,1,0.5255,0,215
claim-temporal-development-train-01145	7	0	0	99,149,139,145,21,186,3,93,202,78,154,122,62,69,119,177,16,111,30,141,187,194,182,187,198,36,112,85,135,15,91,198,40,45,66,55	2,5,0.0835,0,152;5,2,0.1265,0,207;6,4,0.4435,0,34;5,3,0.6155,0,126;2,5,0.1145,2,151;1,5,0.7005,0,81
claim-temporal-development-train-01146	1	3	0	178,75,108,69,152,87,45,105,29,178,149,141,123,19,163,140,182,153,43,23,35,202,54,153,60,174,90,13,5,116,118,131,64,148,96,180	4,3,0.7175,2,206;4,1,0.6935,0,111;5,2,0.0555,0,68;2,5,0.4525,3,199;8,2,0.9565,1,173;2,1,0.9665,0,208
claim-temporal-development-train-01147	1	0	2	115,145,117,165,93,69,136,106,41,215,15,203,68,20,131,60,75,7,174,157,97,39,45,152,89,153,28,213,51,21,151,199,121,82,163,141	6,5,0.9295,0,47;3,5,0.2885,0,248;2,2,0.8565,0,177;2,0,0.3515,0,81;0,0,0.6125,0,111;0,1,0.1935,0,95
claim-temporal-development-train-01148	1	2	0	90,107,194,162,101,149,20,203,40,93,197,144,160,76,179,126,57,184,147,152,69,27,21,163,140,45,86,130,113,34,15,192,117,59,67,3	2,5,0.9955,0,46;2,0,0.1225,0,41;8,1,0.7415,0,66;3,4,0.4945,0,157;4,1,0.2495,0,73;5,0,0.9565,3,33
claim-temporal-development-train-01149	2	2	0	91,41,137,62,76,68,117,111,196,143,4,45,174,155,21,184,166,131,149,14,104,214,113,147,25,35,205,16,70,93,173,84,51,168,125,210	3,4,0.0225,0,173;0,1,0.3835,0,204;2,4,0.8255,1,183;3,2,0.7805,0,208;7,5,0.2885,0,120;4,1,0.3825,2,64
claim-temporal-development-train-01150	10	2	0	133,67,45,209,178,111,149,34,12,98,85,93,58,78,156,207,141,129,89,69,8,170,187,164,112,50,28,42,117,138,207,147,19,191,171,24	7,2,0.7505,3,227;3,0,0.4045,0,252;1,0,0.6725,0,158;5,3,0.3865,0,97;1,5,0.1915,0,198;8,3,0.5465,0,99
claim-temporal-development-train-01151	2	2	0	149,45,188,158,93,22,122,89,193,65,141,175,136,119,16,52,9,36,147,190,69,111,99,135,83,42,153,112,196,74,61,164,177,26,13,196	8,3,0.1005,1,60;1,2,0.5465,0,247;3,3,0.2655,0,221;1,1,0.3055,0,235;2,5,0.1465,2,10;1,5,0.0575,0,177
claim-temporal-development-train-01152	9	2	0	133,202,213,28,68,44,73,204,13,69,51,189,93,24,16,88,117,34,149,128,108,147,141,62,156,112,104,178,45,191,187,82,140,178,206,9	8,3,0.0095,3,65;3,0,0.9535,0,123;2,4,0.8395,0,245;0,0,0.0965,0,208;7,2,0.1815,0,254;7,3,0.8155,0,59
claim-temporal-development-train-01153	2	2	0	147,182,11,4,137,177,192,19,41,93,192,131,152,211,116,129,37,53,84,89,81,66,62,149,195,182,117,105,204,141,106,69,21,178,45,32	3,1,0.6155,0,219;7,3,0.3725,0,201;4,4,0.5925,0,33;8,2,0.2905,0,220;8,0,0.9075,0,153;8,1,0.3785,0,165
claim-temporal-development-train-01154	6	0	2	84,187,127,65,62,145,138,73,45,18,187,135,189,116,92,25,13,4,21,44,195,93,37,49,97,172,177,153,118,197,111,141,167,151,153,69	3,3,0.5725,0,56;0,3,0.8515,0,144;0,4,0.3115,0,130;0,2,0.8055,0,79;0,5,0.8675,1,162;6,5,0.4025,0,216
claim-temporal-development-train-01155	9	0	0	3,16,138,206,190,133,67,182,125,50,149,21,145,113,191,176,215,43,210,117,90,180,191,98,195,46,85,93,80,71,35,141,109,13,63,29	2,3,0.1345,0,215;4,1,0.7145,1,154;1,5,0.6175,2,184;7,3,0.4495,0,46;1,3,0.3535,0,100;4,3,0.5075,0,230
claim-temporal-development-train-01156	0	3	0	52,186,84,180,20,181,44,73,37,157,114,103,93,91,117,9,45,186,110,140,166,61,202,126,21,14,69,149,28,186,213,148,64,213,141,133	8,4,0.9175,0,103;3,3,0.9195,0,172;3,3,0.0855,0,128;0,2,0.6765,0,169;6,4,0.4615,0,98;5,3,0.8935,0,199
claim-temporal-development-train-01157	2	0	0	55,113,145,100,149,71,8,171,170,130,44,63,106,141,138,164,91,16,197,212,197,129,96,200,197,84,209,187,25,73,117,45,64,11,21,36	7,1,0.0075,0,213;0,2,0.8245,0,249;6,5,0.1305,2,4;0,2,0.6995,3,65;3,0,0.2495,0,95;8,0,0.5375,0,134
claim-temporal-development-train-01158	6	0	1	142,188,31,179,63,91,44,130,123,140,68,99,69,20,94,111,186,34,150,86,205,49,74,197,24,185,47,14,119,145,161,191,2,189,175,115	1,4,0.8265,3,178;6,0,0.8655,2,232;0,5,0.8485,0,87;1,4,0.7745,1,182;2,5,0.6375,2,111;2,0,0.8905,1,176
claim-temporal-development-train-01159	6	0	0	66,11,210,86,215,45,149,155,39,176,90,18,131,153,194,113,99,69,141,182,107,185,73,25,126,57,145,93,172,41,60,120,2,162,21,139	1,1,0.5225,0,117;0,5,0.3765,0,77;8,2,0.5225,0,221;0,4,0.5715,0,213;2,1,0.2635,3,199;5,1,0.6675,0,88
claim-temporal-development-train-01160	2	3	2	121,203,117,46,213,59,182,163,4,207,21,41,28,141,181,136,116,87,66,202,108,100,159,93,49,10,151,79,69,182,133,35,20,88,148,164	3,0,0.8945,0,226;3,1,0.3045,1,95;0,1,0.4505,0,69;6,5,0.0725,0,180;3,2,0.9935,0,69;0,3,0.1135,0,155
claim-temporal-development-train-01161	5	2	0	140,158,149,152,52,104,2,117,16,41,26,126,47,131,141,14,174,23,212,198,174,147,69,201,109,93,203,86,68,34,88,116,195,196,76,63	1,4,0.1235,2,105;1,0,0.2445,2,247;3,5,0.9045,0,24;3,4,0.0725,0,190;7,3,0.9675,0,109;5,1,0.8175,0,73
claim-temporal-development-train-01162	3	0	1	100,150,78,162,190,17,5,190,35,159,21,136,205,89,69,93,85,215,117,122,116,145,131,62,64,155,41,10,45,177,54,110,195,141,26,191	4,0,0.3715,0,225;1,1,0.3245,0,32;5,4,0.1835,0,230;5,3,0.2285,0,247;3,4,0.8465,0,204;1,1,0.1205,0,87
claim-temporal-development-train-01163	6	3	1	7,73,201,66,209,188,59,116,190,171,93,153,40,47,21,86,117,30,56,69,141,106,170,137,37,92,131,20,190,99,191,148,187,11,129,150	6,1,0.9565,0,29;5,3,0.1355,2,169;7,1,0.4065,0,58;0,4,0.8985,0,189;2,0,0.9975,0,111;8,1,0.2665,0,130
claim-temporal-development-train-01164	1	2	0	67,80,130,117,182,181,115,56,27,90,147,37,155,4,106,157,141,72,45,149,137,201,16,101,24,13,202,96,212,42,59,175,191,124,200,84	3,3,0.0235,3,56;2,3,0.5155,0,109;7,1,0.6085,3,151;7,2,0.4055,3,133;4,0,0.6225,0,252;3,0,0.2285,0,35
claim-temporal-development-train-01165	9	0	0	145,21,192,38,19,83,142,68,172,135,45,109,136,208,56,14,91,149,191,42,26,162,181,115,103,8,69,117,93,77,177,209,60,152,124,158	7,4,0.7515,0,97;1,4,0.5505,0,118;7,2,0.9255,0,75;4,1,0.6345,0,121;6,3,0.6895,0,114;3,5,0.0765,1,12
claim-temporal-development-train-01166	5	1	2	164,112,178,64,11,26,91,206,138,4,21,154,175,189,45,117,58,110,151,39,197,125,86,146,159,54,79,195,141,97,93,69,41,134,166,18	3,1,0.5585,0,148;1,5,0.2035,0,66;5,0,0.0465,0,206;6,4,0.7485,0,165;0,4,0.1995,0,229;4,4,0.5935,0,226
claim-temporal-development-train-01167	8	3	0	148,3,81,18,45,184,30,110,207,112,149,69,201,23,44,136,127,182,37,57,93,89,134,174,59,11,65,174,153,141,205,103,174,117,171,83	2,1,0.5325,2,81;5,3,0.8335,0,46;8,1,0.3655,0,194;8,1,0.2925,0,107;6,4,0.1905,0,175;6,4,0.0735,0,218
claim-temporal-development-train-01168	6	1	2	42,163,159,45,88,76,28,116,151,141,93,109,83,67,71,14,159,180,97,61,173,21,16,146,4,179,160,130,37,191,188,55,139,126,175,117	3,4,0.0935,0,110;3,3,0.5025,0,70;6,3,0.7065,2,144;3,1,0.1555,0,150;0,3,0.9315,0,129;5,0,0.7425,0,84
claim-temporal-development-train-01169	5	2	1	16,28,198,126,130,174,109,168,93,117,100,2,172,141,116,56,212,181,87,166,147,45,42,163,215,63,89,138,39,64,74,69,14,24,191,150	1,4,0.0665,3,185;3,5,0.5155,0,28;7,5,0.1105,0,45;1,5,0.2525,0,167;3,3,0.9015,0,222;5,0,0.4525,0,183
claim-temporal-development-train-01170	10	1	0	213,40,93,64,125,207,214,17,37,101,91,15,215,56,117,21,167,141,209,149,6,189,112,146,156,106,25,45,61,83,77,139,132,169,71,214	5,5,0.3755,0,97;0,3,0.0265,0,37;7,3,0.1855,2,24;4,1,0.7685,0,135;4,0,0.1495,0,39;4,2,0.7715,0,221
claim-temporal-development-train-01171	9	2	1	45,150,139,77,165,58,180,33,106,147,131,15,165,162,117,54,42,116,39,20,8,93,125,64,69,175,21,82,141,100,88,187,162,208,202,191	7,5,0.9425,0,117;8,5,0.4235,0,193;5,0,0.0685,0,123;4,0,0.1285,0,240;3,0,0.8715,0,106;4,1,0.6145,0,229
claim-temporal-development-train-01172	7	3	2	151,197,158,138,98,89,45,169,141,69,16,34,160,117,52,64,135,152,148,109,86,182,174,163,41,77,93,58,23,121,14,115,28,8,214,158	7,4,0.0885,2,105;3,0,0.2665,0,42;3,0,0.1555,0,45;4,4,0.2475,0,147;1,3,0.7695,0,182;0,5,0.5285,0,84
claim-temporal-development-train-01173	8	3	0	27,168,97,93,170,47,111,77,66,209,197,152,168,131,54,38,123,152,148,118,43,142,180,139,214,3,149,112,87,21,194,61,69,88,12,16	2,2,0.1405,0,146;2,4,0.6295,2,41;5,3,0.5275,0,208;4,5,0.1515,0,52;0,5,0.0655,1,159;2,1,0.7185,1,86
claim-temporal-development-train-01174	10	2	2	139,171,20,44,28,68,69,109,5,197,80,129,184,194,62,189,169,93,135,178,215,147,21,84,151,205,116,141,102,38,11,45,89,170,52,117	4,1,0.8925,0,106;3,4,0.8465,0,66;3,4,0.8085,0,153;7,2,0.2155,0,197;5,3,0.8935,0,38;8,5,0.7215,0,78
claim-temporal-development-train-01175	9	2	0	117,51,123,42,92,69,186,67,198,141,59,15,169,175,170,32,137,196,80,100,198,113,24,147,35,5,85,18,201,135,93,149,106,166,46,212	4,5,0.4895,3,183;7,1,0.4025,1,146;2,1,0.6155,0,97;7,3,0.9365,0,44;3,0,0.2945,0,30;2,5,0.3095,0,183
claim-temporal-development-train-01176	6	3	2	187,90,134,66,40,108,83,180,116,45,117,151,162,36,173,210,184,157,27,74,14,7,137,61,93,69,194,103,49,124,198,16,141,148,21,201	6,4,0.1465,0,59;2,2,0.0595,0,219;0,3,0.4765,0,196;1,1,0.4265,0,163;6,2,0.8665,0,72;3,4,0.2475,0,202
claim-temporal-development-train-01177	1	2	0	36,155,3,88,207,86,21,43,12,20,178,51,159,141,134,163,149,76,69,108,61,27,64,124,93,139,99,190,45,147,116,117,195,160,184,187	2,2,0.8905,0,116;2,2,0.6555,0,108;2,3,0.0425,0,36;3,4,0.1675,0,217;2,2,0.9415,0,63;3,4,0.7635,0,130
claim-temporal-development-train-01178	9	3	1	195,56,150,172,136,117,148,35,113,15,194,133,190,85,40,69,93,16,67,48,180,80,99,29,2,201,154,91,124,179,170,21,111,58,142,204	1,5,0.1525,0,167;4,1,0.0105,3,121;7,0,0.6645,0,94;7,3,0.7215,0,224;2,5,0.3355,0,143;3,3,0.0315,1,10
claim-temporal-development-train-01179	9	3	2	148,110,45,127,118,158,69,59,103,79,154,151,134,141,137,23,173,82,64,32,15,9,88,116,93,180,215,167,17,184,185,160,182,42,37,55	8,5,0.2965,2,15;7,3,0.5335,0,13;6,1,0.0175,0,139;6,0,0.0535,0,9;6,4,0.9715,1,137;6,4,0.2945,0,247
claim-temporal-development-train-01180	1	2	1	59,39,160,147,27,91,68,21,153,132,96,77,43,184,69,128,4,175,45,117,143,51,19,85,156,102,184,140,186,154,169,11,106,154,150,113	3,1,0.7365,0,231;2,5,0.7225,0,45;2,1,0.8665,0,19;4,3,0.6835,3,27;5,0,0.3045,0,244;7,2,0.8375,2,93
claim-temporal-development-train-01181	8	2	2	200,172,22,15,168,93,164,69,124,151,80,209,184,193,18,55,117,65,4,139,85,211,45,147,203,30,108,116,135,141,90,59,44,215,102,37	3,5,0.5225,1,99;5,3,0.8595,0,235;6,1,0.2905,0,175;7,3,0.5015,0,203;5,2,0.8235,0,23;3,5,0.7955,0,41
claim-temporal-development-train-01182	10	3	1	141,18,173,102,26,93,150,117,45,61,161,148,174,51,66,5,76,211,89,71,197,168,123,111,172,114,156,36,21,15,43,87,185,185,138,131	4,5,0.5885,0,47;1,2,0.6295,0,83;2,3,0.4165,2,171;3,5,0.2625,0,101;5,5,0.4945,0,235;2,1,0.5775,0,130
claim-temporal-development-train-01183	6	2	2	151,175,174,69,201,93,4,60,109,75,42,147,162,18,173,141,21,132,66,175,176,117,37,53,14,85,179,29,122,163,97,45,92,164,116,140	3,4,0.4225,0,110;4,3,0.4255,0,212;4,2,0.5275,0,195;2,3,0.9935,0,68;0,3,0.9595,0,30;1,2,0.9715,0,120
claim-temporal-development-train-01184	2	2	2	117,111,56,173,192,185,64,162,21,6,151,147,141,45,176,159,41,189,93,88,19,28,131,161,163,58,124,190,139,112,12,38,100,83,75,69	5,2,0.6705,0,230;3,4,0.3875,0,227;7,0,0.1475,0,250;2,1,0.0925,0,147;3,5,0.1685,0,179;3,1,0.6755,0,71
claim-temporal-development-train-01185	3	0	1	189,201,43,145,91,96,71,33,4,205,75,57,205,18,38,212,138,109,116,163,150,84,117,152,68,141,21,130,62,123,190,189,97,191,15,45	3,5,0.5015,0,30;8,4,0.7545,0,126;8,4,0.8795,2,165;2,2,0.6655,3,127;0,3,0.8635,0,43;2,0,0.5415,0,201
claim-temporal-development-train-01186	9	3	0	108,20,208,193,91,103,207,93,136,78,10,141,34,85,3,148,167,41,130,212,124,56,149,30,213,115,68,69,179,211,62,117,45,182,21,212	2,0,0.9565,0,247;5,0,0.2915,0,104;7,4,0.9955,0,194;5,3,0.7325,0,248;6,2,0.6695,0,107;3,0,0.1425,0,21
claim-temporal-development-train-01187	9	0	0	174,72,181,58,136,19,213,38,120,189,44,149,113,82,215,52,65,214,194,79,180,21,102,141,145,8,93,197,125,106,45,32,133,11,163,89	7,1,0.7625,0,11;7,4,0.8505,0,247;3,0,0.3295,3,96;6,0,0.3895,0,66;5,0,0.3415,3,16;4,3,0.1735,0,190
claim-temporal-development-train-01188	5	2	2	44,58,171,212,135,191,45,116,117,214,69,111,28,2,175,180,93,151,90,137,84,185,34,66,147,19,157,24,166,160,53,122,142,100,76,10	1,0,0.6945,3,247;3,0,0.9345,0,72;4,0,0.5815,0,65;3,2,0.5905,0,18;3,5,0.9625,0,203;1,5,0.3665,1,25
claim-temporal-development-train-01189	1	3	0	141,41,205,13,148,110,153,59,19,69,176,139,77,172,117,210,21,45,130,201,29,127,86,66,149,56,200,205,98,196,92,200,93,36,3,113	2,3,0.7245,0,37;4,2,0.2455,0,172;7,1,0.4805,0,106;4,4,0.9815,0,38;1,4,0.3305,0,49;6,0,0.7965,0,229
claim-temporal-development-train-01190	0	3	2	51,163,47,100,4,164,207,86,211,133,90,15,123,151,93,28,37,137,191,178,43,59,21,170,189,148,74,66,196,17,117,109,141,113,69,165	3,5,0.3275,0,75;3,3,0.7785,2,158;2,1,0.5085,0,177;1,4,0.5325,0,157;3,3,0.3115,0,62;2,3,0.2865,0,198
claim-temporal-development-train-01191	5	2	1	135,190,60,180,90,25,157,93,36,45,124,182,192,21,73,99,141,192,4,16,162,115,40,55,83,109,117,168,150,138,69,147,195,10,162,68	3,0,0.1635,0,38;0,2,0.1975,0,148;6,2,0.9425,0,50;0,1,0.4665,0,37;2,3,0.7415,0,240;3,5,0.4325,0,166
claim-temporal-development-train-01192	5	2	0	141,96,183,199,101,67,48,174,69,168,147,117,124,52,114,137,91,189,28,132,35,149,215,184,75,185,17,12,84,40,63,181,8,22,187,106	7,2,0.2355,1,57;3,1,0.1615,3,29;3,5,0.6385,0,40;2,2,0.7675,3,104;4,0,0.4045,0,160;3,2,0.3945,0,134
claim-temporal-development-train-01193	2	0	0	69,158,93,66,112,49,212,138,83,41,129,117,171,180,182,90,33,156,200,141,212,198,106,145,74,103,21,149,45,59,2,18,12,197,37,130	1,2,0.4765,0,152;8,3,0.2425,0,91;0,1,0.4385,0,147;1,1,0.4135,0,71;6,0,0.0745,0,12;8,0,0.5355,0,254
claim-temporal-development-train-01194	4	1	2	146,128,14,115,158,45,176,152,93,188,188,29,34,81,141,188,83,69,173,52,18,43,21,136,98,158,197,66,164,110,7,117,63,132,151,89	6,4,0.5145,0,191;4,0,0.7345,0,37;3,5,0.5905,0,75;8,1,0.3355,0,4;1,4,0.7165,0,184;7,2,0.0805,0,87
claim-temporal-development-train-01195	1	3	2	45,194,155,77,127,204,17,3,69,93,143,139,109,132,41,10,54,201,21,151,189,83,166,184,99,37,61,177,117,194,210,148,28,66,116,92	2,0,0.3045,0,155;3,3,0.2025,0,211;5,3,0.4085,0,36;4,1,0.9335,0,230;2,3,0.9345,0,192;6,2,0.6075,2,226
claim-temporal-development-train-01196	5	2	1	128,104,52,85,117,131,182,29,15,183,45,183,8,114,16,150,34,161,136,109,156,63,214,21,66,90,73,141,194,40,93,171,69,183,207,147	7,5,0.0115,0,164;4,0,0.1745,0,217;3,5,0.5175,0,184;0,3,0.5195,0,196;7,3,0.4855,0,56;7,1,0.0255,0,226
claim-temporal-development-train-01197	10	3	2	86,111,117,205,162,176,193,46,57,151,141,35,76,28,17,130,186,148,61,96,15,68,123,139,69,102,7,113,189,163,21,43,211,155,90,168	6,5,0.2945,0,64;3,1,0.6945,1,114;8,3,0.9445,0,230;3,4,0.4015,3,41;5,5,0.3655,0,142;2,0,0.7975,0,148
claim-temporal-development-train-01198	10	2	1	120,189,141,183,81,147,164,104,5,60,112,17,69,21,202,29,186,181,45,197,169,53,123,13,107,150,193,134,44,86,89,68,39,139,177,96	4,3,0.3845,0,190;4,5,0.8735,0,141;4,2,0.9905,0,136;8,4,0.2865,3,60;7,1,0.1255,3,147;2,4,0.6895,0,122
claim-temporal-development-train-01199	5	2	1	106,137,141,57,69,193,82,190,99,117,131,21,93,188,150,45,199,88,67,209,44,14,78,39,116,124,17,197,28,147,155,153,60,156,4,215	3,4,0.3915,0,47;3,5,0.9125,0,161;8,2,0.7865,0,10;5,0,0.0985,0,216;2,0,0.8715,0,74;3,1,0.2105,0,2
claim-temporal-development-train-01200	1	0	1	123,201,214,43,72,3,95,67,21,45,211,88,133,145,100,171,140,161,181,207,141,16,84,117,150,214,107,63,28,113,74,156,14,51,201,34	2,4,0.1275,0,148;3,0,0.7755,0,97;2,5,0.6115,3,96;1,2,0.0675,2,252;3,1,0.3055,0,177;2,3,0.8515,0,82
claim-temporal-development-train-01201	10	3	1	111,34,150,140,129,98,68,83,89,5,154,131,117,80,196,17,29,41,163,169,61,194,45,180,93,12,209,175,178,186,141,21,71,112,51,148	4,2,0.2975,0,251;4,0,0.2155,0,80;2,3,0.9905,2,27;7,1,0.2215,0,172;1,5,0.0745,0,241;8,1,0.8285,0,25
claim-temporal-development-train-01202	1	0	0	85,42,193,45,51,117,20,175,149,75,90,98,174,115,15,68,127,71,158,93,198,204,35,108,154,4,173,141,137,157,132,58,32,24,145,161	3,5,0.9925,3,221;7,1,0.4015,0,165;2,0,0.8885,2,177;2,3,0.5105,0,239;1,2,0.7615,0,103;6,2,0.3405,0,61
claim-temporal-development-train-01203	0	3	0	66,40,141,200,16,117,45,162,165,153,162,199,24,63,69,38,207,95,148,124,159,112,52,82,75,199,90,149,136,9,180,134,109,27,97,14	8,4,0.1885,3,234;2,4,0.0245,0,88;3,5,0.4785,0,188;2,0,0.4845,2,145;0,3,0.1175,0,197;3,4,0.0755,0,93
claim-temporal-development-train-01204	1	2	2	36,151,206,21,147,106,27,117,68,116,170,17,123,90,40,200,86,173,102,190,140,167,63,163,72,141,14,186,205,51,75,135,167,46,1,93	0,4,0.2425,0,36;2,2,0.1895,1,9;2,5,0.9125,3,227;2,4,0.5035,0,182;5,0,0.9325,0,105;2,5,0.8755,0,38
claim-temporal-development-train-01205	10	2	2	15,152,102,136,9,207,21,65,129,57,151,132,215,85,200,75,95,58,45,113,28,92,197,147,43,181,20,159,111,34,69,197,117,161,141,165	8,5,0.9515,0,60;3,0,0.7085,0,212;8,0,0.3965,0,233;2,3,0.8435,2,168;5,5,0.2025,0,120;8,2,0.0735,0,145
claim-temporal-development-train-01206	0	3	2	110,47,63,180,52,37,89,26,178,5,87,69,115,181,117,178,151,144,131,191,195,21,178,129,211,75,213,16,101,138,14,214,41,148,93,68	4,4,0.0105,0,56;1,3,0.3955,2,204;3,5,0.8145,0,189;2,5,0.2415,0,54;4,4,0.6455,0,217;8,1,0.4495,3,109
claim-temporal-development-train-01207	5	2	2	53,16,21,134,10,62,151,116,171,175,32,72,141,140,36,177,204,195,93,66,117,188,3,81,84,42,89,157,124,162,100,210,109,46,156,147	2,0,0.1425,0,113;7,2,0.4275,1,101;4,4,0.4865,3,163;8,2,0.3735,0,231;3,3,0.9905,0,244;3,4,0.9615,0,60
claim-temporal-development-train-01208	10	3	0	135,175,167,28,148,59,164,6,202,51,155,93,206,119,114,84,141,97,46,164,15,69,125,186,188,149,78,171,21,139,16,68,34,42,92,107	5,5,0.1205,0,167;3,0,0.5135,1,208;2,1,0.9755,0,155;5,2,0.9265,0,186;0,1,0.5505,2,34;4,5,0.6935,0,31
claim-temporal-development-train-01209	2	1	0	44,185,107,6,67,103,32,120,202,207,196,11,36,146,130,54,21,20,193,149,90,190,183,45,142,69,116,93,76,58,122,82,139,162,196,160	5,1,0.8505,0,30;7,2,0.9985,0,212;5,0,0.6695,0,210;3,0,0.5915,0,32;6,1,0.8685,3,154;1,0,0.7955,1,65
claim-temporal-development-train-01210	3	0	1	124,28,100,152,95,45,185,63,91,117,37,145,198,69,196,209,21,132,162,141,205,86,165,20,10,106,52,41,115,158,75,181,64,150,9,137	8,0,0.9435,0,101;3,3,0.2955,0,144;3,5,0.1365,0,101;2,4,0.7085,2,197;3,0,0.6995,0,153;3,2,0.3475,0,152
claim-temporal-development-train-01211	5	0	2	84,20,139,207,196,131,14,24,72,179,201,173,104,207,151,31,110,119,88,141,164,49,37,145,45,114,44,196,75,93,68,166,59,124,5,163	4,4,0.9835,3,8;6,3,0.9985,0,221;0,1,0.8415,3,79;2,2,0.0365,0,98;7,4,0.4195,2,34;3,1,0.7835,0,127
claim-temporal-development-train-01212	1	2	0	93,117,47,166,210,108,21,196,15,90,206,25,201,62,158,42,39,103,175,73,68,83,114,122,6,149,189,69,147,141,133,139,198,204,18,51	5,5,0.5265,0,216;0,5,0.4675,2,26;2,4,0.9865,0,163;0,1,0.5095,0,72;6,2,0.4545,0,209;1,3,0.6925,0,101
claim-temporal-development-train-01213	5	2	2	113,214,68,7,83,40,130,192,10,192,157,18,138,63,147,46,152,69,181,55,21,77,90,93,141,110,193,117,35,151,169,127,192,25,177,105	6,0,0.4475,0,79;0,1,0.0835,1,166;6,5,0.8465,0,105;4,1,0.5665,0,189;8,4,0.2615,0,47;6,0,0.5385,0,185
claim-temporal-development-train-01214	1	2	1	21,189,157,193,123,91,28,75,94,117,104,58,17,138,41,12,213,147,5,38,150,45,211,141,175,82,113,51,152,198,65,208,71,192,111,135	4,2,0.3245,0,238;3,4,0.3575,0,19;2,0,0.2925,2,217;2,0,0.7985,1,246;7,5,0.3565,0,12;2,5,0.5275,0,39
claim-temporal-development-train-01215	10	3	2	77,210,86,103,151,126,189,152,93,8,12,45,202,117,206,176,148,58,16,90,158,25,21,109,51,135,165,40,67,202,112,69,141,38,136,214	7,2,0.1935,0,201;0,4,0.1065,0,128;2,0,0.7765,0,245;4,4,0.4415,0,51;6,3,0.0465,0,180;5,5,0.1125,0,9
claim-temporal-development-train-01216	2	3	1	207,179,144,114,108,148,16,59,190,13,55,159,132,162,90,204,199,136,175,67,78,21,27,150,34,69,182,45,44,182,95,102,117,6,83,128	5,3,0.1135,0,164;2,0,0.9535,0,23;6,1,0.6815,0,56;5,1,0.4305,2,10;5,2,0.5245,0,174;7,2,0.1835,3,205
claim-temporal-development-train-01217	1	0	2	151,152,187,111,132,30,187,63,16,13,157,88,145,67,75,212,35,51,4,160,139,43,182,158,21,143,114,175,117,202,127,86,99,69,45,93	3,3,0.1955,0,240;5,1,0.6985,0,4;2,5,0.7805,0,216;2,4,0.1155,0,246;2,5,0.5195,0,69;6,2,0.6415,2,222
claim-temporal-development-train-01218	8	0	1	154,3,77,18,140,126,150,41,47,21,99,135,113,109,92,210,96,53,201,188,27,36,213,69,59,203,68,145,85,175,207,12,180,117,141,186	2,2,0.4185,0,23;2,2,0.3785,2,73;4,1,0.9965,0,12;4,3,0.8685,3,151;2,3,0.3495,0,55;5,5,0.9915,0,78
claim-temporal-development-train-01219	10	3	2	69,93,211,199,84,189,110,141,101,14,167,20,112,155,44,92,194,151,6,45,170,76,135,215,54,184,25,125,117,24,63,68,168,138,148,35	5,4,0.8725,3,172;0,1,0.9055,0,211;5,5,0.9815,0,89;3,2,0.9845,0,85;4,4,0.1735,0,74;4,5,0.5195,0,104
claim-temporal-development-train-01220	9	2	1	195,139,3,169,117,56,69,168,26,95,68,61,114,21,78,156,111,89,132,206,38,14,121,19,163,43,147,192,150,214,141,102,85,204,180,45	2,4,0.6485,0,244;1,4,0.6615,0,159;7,3,0.8115,0,67;5,3,0.3805,2,227;5,5,0.4155,0,112;0,2,0.6395,0,91
claim-temporal-development-train-01221	8	2	2	185,93,84,151,40,38,115,200,141,6,153,89,64,162,109,79,56,180,156,196,21,132,117,15,27,195,210,138,125,69,20,63,169,46,147,100	5,5,0.8405,0,161;2,4,0.1345,1,153;7,5,0.0365,0,47;6,2,0.3775,0,254;3,3,0.6895,0,223;4,2,0.5345,0,1
claim-temporal-development-train-01222	10	3	0	93,167,160,85,141,207,19,148,209,21,172,37,208,178,40,9,190,131,66,149,99,88,27,115,183,60,52,117,108,71,137,13,76,129,45,169	8,3,0.7715,0,73;2,3,0.0785,0,211;3,2,0.5185,2,219;3,3,0.0465,0,37;2,2,0.7925,0,41;8,1,0.3715,0,88
claim-temporal-development-train-01223	10	3	0	159,117,55,85,149,191,111,175,189,148,134,10,1,161,113,75,64,141,29,63,92,180,138,22,20,95,168,100,35,213,204,44,69,163,45,129	0,0,0.8335,1,105;4,1,0.9405,0,142;6,5,0.0475,0,7;2,3,0.8105,2,174;3,5,0.2045,0,165;8,4,0.4975,0,49
claim-temporal-development-train-01224	5	2	1	21,20,40,66,11,161,165,97,209,52,158,184,147,198,174,130,28,111,141,48,5,75,61,112,165,94,136,117,124,89,150,69,84,210,180,38	4,1,0.9655,0,47;3,4,0.0405,3,51;3,3,0.5085,0,206;2,2,0.2335,1,70;0,5,0.0475,0,135;3,0,0.1755,0,241
claim-temporal-development-train-01225	9	2	1	150,147,38,159,10,159,60,193,69,178,17,153,45,23,56,165,83,177,130,106,89,103,191,8,120,42,66,164,137,93,127,189,141,29,113,78	7,0,0.3315,2,216;4,4,0.4505,0,126;7,2,0.5795,0,99;5,1,0.2345,0,16;6,0,0.2305,3,160;6,0,0.2875,0,43
claim-temporal-development-train-01226	5	2	0	36,69,93,163,162,211,100,87,120,65,22,201,61,88,185,140,134,108,55,210,159,194,142,192,17,3,114,10,167,124,147,28,45,149,76,43	2,0,0.3495,1,204;3,2,0.7565,0,182;6,3,0.3235,0,153;3,5,0.0185,0,4;3,2,0.4575,3,30;3,4,0.8865,1,178
claim-temporal-development-train-01227	5	2	2	155,27,3,38,86,79,180,49,66,100,21,151,136,147,47,173,69,141,164,93,176,153,62,123,109,20,188,179,185,11,43,117,116,134,90,155	2,1,0.8235,0,3;2,4,0.7185,2,82;0,4,0.5715,0,21;6,4,0.5715,0,232;3,3,0.8685,0,226;2,4,0.1645,0,67
claim-temporal-development-train-01228	10	2	1	195,135,93,24,30,61,45,83,150,189,107,198,43,37,164,116,91,196,118,99,147,11,65,125,214,138,162,73,69,141,194,50,183,19,9,210	8,1,0.6215,3,188;5,3,0.6625,0,186;1,3,0.3125,0,57;0,1,0.6895,0,146;2,1,0.9155,1,88;4,5,0.5885,0,107
claim-temporal-development-train-01229	5	2	2	139,117,210,30,40,69,88,7,141,182,135,113,55,195,155,153,100,151,45,20,156,35,171,209,66,177,14,107,123,84,23,76,170,93,63,147	6,4,0.8005,2,130;5,1,0.0425,0,165;6,5,0.5895,0,9;3,2,0.1255,0,10;3,1,0.2135,0,234;2,5,0.7235,0,149
claim-temporal-development-train-01230	10	0	2	190,145,134,41,20,115,141,140,156,82,31,52,151,169,60,111,197,160,124,153,21,164,64,117,81,92,69,38,161,101,195,96,7,10,197,45	6,0,0.9705,0,60;6,4,0.2715,0,168;3,2,0.1815,0,160;8,0,0.9215,3,213;4,5,0.7125,0,254;3,4,0.8355,0,223
claim-temporal-development-train-01231	5	0	1	215,103,132,128,38,21,92,73,61,72,116,143,5,49,190,14,68,140,82,117,178,200,152,211,205,17,210,145,111,48,43,31,202,150,175,93	4,4,0.3295,0,28;6,4,0.6565,3,14;0,3,0.8525,3,141;0,0,0.9835,0,19;6,5,0.9145,0,17;7,2,0.9425,2,25
claim-temporal-development-train-01232	7	0	1	153,74,106,54,186,141,171,129,38,60,104,130,67,45,85,114,176,212,15,90,191,150,162,93,211,44,3,171,140,145,163,26,69,117,21,18	2,5,0.5605,0,198;1,4,0.8995,0,201;5,2,0.6305,0,44;1,3,0.4505,0,73;7,0,0.5595,0,134;8,0,0.9525,0,127
claim-temporal-development-train-01233	1	2	0	184,92,38,167,27,130,8,57,19,11,147,117,111,45,123,199,139,149,207,75,62,200,141,204,116,172,198,93,66,42,87,69,212,104,21,184	7,1,0.6775,0,247;2,4,0.4995,0,192;8,4,0.4955,0,45;2,5,0.8865,0,100;7,5,0.8925,0,250;2,0,0.6785,0,154
claim-temporal-development-train-01234	10	0	2	82,24,140,9,69,51,117,16,34,151,153,106,145,162,184,92,112,28,43,103,75,14,59,125,177,181,135,93,154,158,65,205,45,207,141,201	8,4,0.0135,3,221;3,0,0.7125,0,241;2,1,0.2745,0,117;2,0,0.8045,0,150;6,0,0.1175,0,173;4,5,0.9355,0,52
claim-temporal-development-train-01235	9	1	1	150,116,37,95,125,13,117,198,159,53,69,45,206,154,21,104,18,208,160,146,182,42,76,8,89,195,162,64,62,164,139,108,83,28,142,133	7,3,0.5555,0,177;3,3,0.5365,0,114;4,4,0.1505,0,232;3,1,0.3005,2,120;7,2,0.9205,0,45;4,3,0.7555,1,182
claim-temporal-development-train-01236	9	2	2	185,151,51,181,16,93,99,13,197,70,118,179,161,80,33,23,147,35,68,125,45,180,197,143,152,91,208,116,107,204,8,137,84,131,59,44	7,3,0.0275,2,68;8,1,0.9775,0,142;2,1,0.8535,1,111;7,2,0.6145,0,62;2,1,0.8165,1,117;4,1,0.2555,2,41
claim-temporal-development-train-01237	6	3	0	117,20,111,85,41,173,51,141,93,7,185,69,170,97,164,149,75,183,185,27,24,48,124,161,133,36,192,11,60,138,114,64,170,148,88,204	6,1,0.8985,3,114;2,2,0.2285,3,243;2,2,0.0075,0,21;2,3,0.1695,0,18;0,5,0.4565,0,57;3,3,0.5315,0,77
claim-temporal-development-train-01238	2	2	1	131,181,18,161,150,101,29,83,161,173,74,197,37,92,45,121,115,202,62,204,107,71,159,147,117,93,40,136,21,185,4,198,68,11,56,141	3,1,0.5375,0,31;4,3,0.0395,0,50;7,4,0.8885,2,71;1,1,0.8665,0,217;4,1,0.6275,0,101;0,1,0.1025,0,186
claim-temporal-development-train-01239	7	3	0	89,58,187,168,183,117,77,188,87,21,174,108,69,51,30,39,149,182,65,185,14,170,195,16,133,115,45,141,8,122,206,148,41,95,98,138	7,4,0.1735,0,128;5,5,0.3025,0,8;2,0,0.3355,0,136;4,5,0.3665,2,77;1,2,0.6875,0,231;1,3,0.5825,0,167
claim-temporal-development-train-01240	2	3	1	64,134,117,58,121,36,142,182,21,163,89,213,25,10,150,82,175,170,197,148,201,160,110,42,93,189,112,140,4,45,20,208,81,69,99,56	3,0,0.8285,0,145;0,2,0.5515,0,157;7,0,0.1505,0,24;8,0,0.3985,0,175;2,4,0.1705,0,228;0,4,0.9595,1,0
claim-temporal-development-train-01241	0	3	2	102,16,91,21,116,28,69,42,180,3,192,76,111,137,61,130,151,141,185,36,12,126,85,93,148,159,52,204,177,66,45,186,153,173,117,212	2,2,0.0515,0,100;3,2,0.5135,0,229;3,3,0.4645,0,113;3,3,0.7035,0,94;5,5,0.9505,0,123;5,0,0.2895,0,17
claim-temporal-development-train-01242	10	2	0	114,19,198,37,147,61,169,181,106,129,165,86,93,203,40,55,213,6,76,117,141,149,177,92,65,70,21,140,28,134,104,204,163,15,45,156	5,5,0.6465,0,172;3,3,0.1745,0,252;6,3,0.3245,1,175;3,4,0.8215,0,238;7,0,0.4145,0,31;8,4,0.8365,0,105
claim-temporal-development-train-01243	1	3	0	195,41,21,198,29,176,65,58,45,112,117,82,135,93,149,99,192,141,178,163,71,123,187,38,20,138,91,199,4,109,175,54,10,148,195,79	3,0,0.8335,0,106;4,4,0.2305,0,199;5,0,0.3045,2,13;6,0,0.6235,0,143;2,3,0.0745,0,139;2,5,0.5495,0,125
claim-temporal-development-train-01244	4	1	2	178,106,112,62,21,179,151,141,90,171,82,96,36,45,69,44,165,33,162,66,130,159,184,199,10,186,117,103,19,146,124,139,177,52,79,7	6,0,0.7635,0,189;8,2,0.8575,0,205;3,4,0.4305,0,63;6,0,0.5775,3,249;6,0,0.1405,0,234;3,0,0.7815,0,92
claim-temporal-development-train-01245	3	0	0	109,21,17,154,77,6,11,160,86,192,131,58,194,31,116,91,178,205,93,213,149,34,45,136,100,117,167,52,145,178,43,208,66,142,69,127	5,1,0.2305,0,215;6,0,0.6875,0,111;3,0,0.4855,0,204;4,4,0.7645,0,28;3,3,0.9275,0,46;6,1,0.1505,1,104
claim-temporal-development-train-01246	0	3	1	192,31,39,169,180,166,153,93,45,210,84,79,123,4,176,52,133,201,66,182,150,116,59,111,89,12,100,117,148,143,158,21,19,40,69,137	3,2,0.6345,0,171;6,5,0.0535,0,241;3,1,0.4775,0,59;6,2,0.3645,0,106;3,5,0.9455,0,41;2,3,0.2465,2,125
claim-temporal-development-train-01247	7	3	1	152,193,113,135,63,69,26,148,50,137,150,37,194,89,107,84,75,168,184,202,19,207,160,42,21,154,100,207,127,95,117,13,45,141,64,6	5,3,0.6985,0,179;1,3,0.4095,0,71;1,5,0.0065,0,121;2,2,0.3265,2,183;3,1,0.3555,0,185;6,5,0.2045,0,69
claim-temporal-development-train-01248	2	3	2	10,64,101,62,138,176,122,173,154,27,170,55,36,69,151,47,92,113,200,42,93,207,141,24,117,131,6,106,191,77,16,82,148,179,197,154	5,0,0.1585,3,242;2,2,0.5945,2,20;6,4,0.1145,0,181;4,0,0.8905,0,104;4,0,0.2365,0,193;1,1,0.4155,0,224
claim-temporal-development-train-01249	5	2	2	119,211,215,21,139,114,209,167,156,76,35,47,191,131,15,190,50,7,18,147,168,106,201,91,72,85,141,44,151,93,159,65,104,58,129,27	6,5,0.4795,0,116;2,1,0.8115,2,13;1,0,0.3435,3,240;3,3,0.7735,0,29;7,0,0.4285,2,9;8,1,0.6665,0,252
claim-temporal-development-train-01250	1	2	0	110,91,93,69,27,166,62,206,149,84,19,192,193,131,103,53,45,147,112,177,141,127,153,39,140,200,120,21,11,75,3,44,67,194,211,192	2,1,0.7085,0,30;2,5,0.8785,0,249;4,4,0.7155,0,195;2,2,0.6375,0,45;6,4,0.0485,3,82;6,1,0.8285,0,136
claim-temporal-development-train-01251	10	3	1	68,155,62,72,74,132,126,204,56,33,189,140,93,45,43,37,11,18,97,179,148,5,205,193,115,208,90,118,86,110,141,165,21,199,152,150	4,1,0.5775,0,52;8,3,0.7205,0,33;7,4,0.9155,3,47;1,4,0.5245,0,43;0,4,0.6595,1,191;5,2,0.8285,0,197
claim-temporal-development-train-01252	5	2	1	1,112,212,62,134,147,21,191,68,81,31,11,152,43,98,141,159,110,39,72,174,117,53,208,150,185,17,180,213,45,83,155,128,136,95,88	0,1,0.2955,0,230;6,5,0.6365,0,60;4,4,0.8285,3,160;8,1,0.0255,2,152;1,4,0.0435,0,34;7,4,0.0285,0,227
claim-temporal-development-train-01253	7	2	1	63,105,5,204,198,141,113,64,26,87,69,152,20,93,74,125,161,147,92,51,150,200,45,21,204,152,117,135,107,136,43,10,38,162,163,182	4,0,0.8305,0,215;1,4,0.7895,0,23;2,5,0.0905,0,82;1,5,0.9335,0,78;8,1,0.2605,0,148;4,5,0.0265,0,254
claim-temporal-development-train-01254	2	2	1	113,210,195,158,147,2,24,75,182,52,72,93,155,166,206,164,100,200,84,35,68,110,58,125,10,209,45,92,133,150,141,44,26,136,117,17	1,0,0.3675,3,173;1,1,0.8775,0,165;3,0,0.8145,3,120;2,2,0.8945,0,111;3,4,0.3175,0,141;4,3,0.1535,0,78
claim-temporal-development-train-01255	9	2	2	64,69,18,194,121,156,201,140,191,92,85,177,2,172,30,41,188,21,117,182,63,56,144,100,132,11,80,109,45,93,147,209,151,36,114,193	1,1,0.5665,0,68;5,2,0.3545,0,200;7,5,0.0745,0,62;7,3,0.9925,0,93;3,3,0.5435,0,112;0,2,0.8715,3,173
claim-temporal-development-train-01256	2	2	1	99,29,72,172,90,147,150,204,141,43,209,35,113,12,93,130,110,186,55,204,152,182,82,45,21,66,61,160,19,194,121,73,191,136,8,117	7,2,0.7715,0,19;4,1,0.6675,0,48;6,3,0.4925,3,149;0,0,0.5315,0,242;2,4,0.3835,0,108;0,0,0.0355,0,62
claim-temporal-development-train-01257	2	2	0	204,112,130,30,149,83,71,123,5,57,197,162,117,17,67,41,101,91,108,181,58,163,170,141,147,138,45,168,21,184,161,76,37,193,11,93	4,1,0.2565,0,129;5,3,0.3425,0,221;8,0,0.6695,2,139;3,1,0.7905,0,127;4,2,0.1825,0,20;2,0,0.5715,0,53
claim-temporal-development-train-01258	1	0	1	2,211,93,29,10,183,150,85,21,16,45,119,145,135,69,215,156,92,34,75,166,112,160,193,106,67,141,208,140,55,161,102,126,59,158,43	1,0,0.0345,0,100;4,0,0.6185,0,169;6,1,0.7445,0,151;2,3,0.8745,0,42;5,0,0.1765,2,115;5,5,0.8575,0,249
claim-temporal-development-train-01259	5	2	2	114,136,23,147,156,103,27,117,45,13,198,131,164,72,41,151,75,185,124,178,38,167,182,63,64,52,83,111,141,196,16,93,9,156,206,90	8,3,0.1845,2,45;2,4,0.2375,0,56;3,5,0.1205,3,89;2,1,0.5095,0,202;6,5,0.5285,0,34;3,1,0.0665,0,59
claim-temporal-development-train-01260	9	3	1	175,180,136,89,112,159,148,198,150,189,123,106,69,181,131,117,102,52,83,14,34,45,191,63,142,80,21,33,167,20,215,192,93,42,67,8	7,4,0.8695,0,16;8,0,0.4815,0,126;3,5,0.6515,0,218;7,1,0.2245,0,111;5,0,0.1965,0,0;2,1,0.0375,1,12
claim-temporal-development-train-01261	9	3	2	120,101,141,172,206,21,155,184,28,159,93,75,213,52,85,123,58,137,167,20,40,45,91,38,109,64,8,151,148,116,185,214,13,69,131,167	7,3,0.8155,0,243;3,4,0.0445,0,99;3,0,0.1085,0,27;2,3,0.6945,0,52;4,3,0.8305,3,52;2,1,0.3835,0,234
claim-temporal-development-train-01262	2	3	1	178,62,178,138,79,150,16,82,115,117,44,130,95,166,1,168,45,157,50,36,148,88,159,14,171,103,197,28,186,108,65,198,70,126,21,144	0,4,0.0955,0,75;3,2,0.9385,0,57;1,4,0.3095,1,119;6,0,0.1945,2,5;6,2,0.6905,0,121;5,0,0.4825,3,184
claim-temporal-development-train-01263	2	2	0	4,211,147,69,62,203,149,38,108,170,100,83,132,93,183,192,26,90,141,194,123,54,10,48,213,177,139,19,116,117,76,65,23,152,44,180	3,0,0.6345,2,169;1,4,0.8065,3,77;5,4,0.2875,0,64;3,1,0.5485,0,102;3,2,0.8975,0,182;2,2,0.6305,0,34
claim-temporal-development-train-01264	1	2	2	38,117,147,141,51,40,155,167,59,19,106,14,195,199,92,67,75,207,45,161,166,140,132,9,84,151,179,102,123,166,25,69,113,93,153,21	8,4,0.7095,0,35;0,4,0.1485,0,207;2,1,0.6855,0,130;2,2,0.8885,0,111;5,0,0.3215,0,87;2,2,0.8425,0,33
claim-temporal-development-train-01265	2	1	0	84,89,171,95,39,59,110,66,213,215,133,12,101,209,169,208,176,177,21,76,40,154,69,141,136,55,2,146,117,124,115,202,17,149,47,29	1,2,0.2305,0,5;4,5,0.1565,2,14;6,1,0.5415,0,159;3,2,0.3865,2,250;4,4,0.6715,0,36;3,3,0.1245,0,200
claim-temporal-development-train-01266	5	3	2	60,123,186,15,17,117,158,83,53,141,35,47,212,208,159,193,41,93,136,132,69,91,203,74,103,153,28,4,111,187,114,64,21,198,148,151	3,5,0.2545,0,116;3,1,0.2855,2,69;4,2,0.0785,0,27;1,1,0.6455,0,140;6,5,0.4915,0,34;2,2,0.1205,0,38
claim-temporal-development-train-01267	5	2	0	213,134,56,43,141,184,64,190,114,87,138,89,16,75,195,63,210,192,166,214,45,69,149,205,21,1,95,31,100,109,147,117,129,164,10,34	0,0,0.1685,0,201;6,0,0.7325,0,46;7,5,0.0095,0,103;2,5,0.2935,2,200;3,3,0.5165,0,96;8,4,0.4145,0,89
claim-temporal-development-train-01268	0	3	0	12,45,99,176,4,61,183,31,190,89,42,149,118,148,95,197,76,66,174,126,205,130,24,113,69,19,141,186,215,106,39,137,185,52,82,192	3,2,0.6015,3,205;6,5,0.5555,0,174;3,3,0.5715,0,70;3,0,0.2755,2,148;2,0,0.2595,1,108;5,0,0.2865,0,20
claim-temporal-development-train-01269	10	3	2	107,16,3,201,45,141,161,65,93,34,118,25,139,14,58,157,43,91,169,169,203,199,87,148,116,77,185,151,211,131,129,188,69,97,21,52	2,4,0.0805,0,52;0,0,0.6555,0,182;3,0,0.3605,0,122;4,5,0.7135,0,170;0,1,0.8075,1,218;8,1,0.6465,0,1
claim-temporal-development-train-01270	10	3	0	111,26,203,88,93,81,115,87,207,137,141,155,154,35,10,57,205,43,149,131,193,9,117,62,128,19,64,69,213,192,214,45,160,105,148,21	8,0,0.7665,0,252;1,1,0.7185,0,44;8,4,0.1795,0,254;8,5,0.1955,0,162;8,5,0.7215,0,76;7,1,0.3935,0,9
claim-temporal-development-train-01271	9	0	1	104,50,93,27,85,150,46,111,166,91,124,37,43,191,133,138,59,197,141,18,198,80,113,164,176,210,183,145,183,9,21,163,117,70,11,68	8,1,0.5945,0,178;2,3,0.6405,1,194;1,1,0.9885,1,130;7,3,0.7165,0,49;7,5,0.2385,0,236;3,3,0.4245,0,212
claim-temporal-development-train-01272	0	3	2	214,13,90,106,141,191,187,59,132,119,136,148,64,193,28,169,75,21,86,3,42,212,70,151,174,94,34,214,116,171,215,126,53,104,47,16	2,3,0.1475,0,172;3,0,0.4945,2,233;4,1,0.1265,1,89;2,4,0.5095,1,177;7,0,0.9055,2,93;5,2,0.0995,0,12
claim-temporal-development-train-01273	1	3	2	104,21,85,33,68,156,114,81,117,36,158,170,151,214,148,173,200,55,195,133,192,45,3,58,20,139,94,72,15,141,171,201,107,40,89,128	2,5,0.8905,0,118;8,2,0.0925,0,167;6,0,0.8435,3,125;8,3,0.2325,1,192;7,1,0.5175,0,240;7,3,0.7405,0,164
claim-temporal-development-train-01274	2	2	2	167,201,39,151,10,45,124,147,140,16,41,203,60,141,49,113,176,186,69,196,82,118,64,159,132,3,75,22,106,175,105,210,89,30,93,187	2,0,0.0385,1,18;5,5,0.2075,0,25;0,2,0.1585,0,54;2,0,0.3385,0,237;8,0,0.2615,1,11;3,2,0.8905,0,208
claim-temporal-development-train-01275	7	3	1	171,73,166,148,199,109,21,69,60,89,45,64,112,159,18,49,27,191,208,35,197,40,84,13,135,2,154,123,136,93,210,98,117,209,143,150	1,3,0.5845,0,242;2,1,0.0015,0,134;0,2,0.0185,0,211;0,2,0.3655,0,156;1,3,0.0255,0,75;2,5,0.0145,2,138
claim-temporal-development-train-01276	3	0	0	71,185,109,95,120,51,132,158,161,214,145,20,14,183,197,45,68,141,7,21,42,28,137,37,215,112,60,73,82,121,92,203,100,149,194,152	6,4,0.8155,0,189;3,3,0.5275,0,5;2,2,0.8135,2,140;0,0,0.9785,2,211;3,3,0.1725,3,92;0,2,0.3345,0,126
claim-temporal-development-train-01277	2	0	1	21,77,161,36,128,60,99,215,53,12,66,158,118,136,94,44,206,19,179,141,32,130,185,116,145,167,89,106,45,69,197,152,152,3,87,150	2,2,0.7255,0,218;7,2,0.8745,0,217;4,2,0.5785,0,51;4,5,0.2665,1,141;2,0,0.9675,1,150;7,0,0.0105,0,116
claim-temporal-development-train-01278	2	3	1	141,125,117,150,10,16,173,148,86,208,43,51,59,195,159,45,206,132,76,67,108,170,90,27,195,139,6,21,204,174,69,116,102,35,93,186	5,0,0.1805,0,255;2,1,0.6485,0,10;2,1,0.6475,0,73;3,4,0.4785,0,91;5,2,0.9355,0,193;4,2,0.7955,0,106
claim-temporal-development-train-01279	3	0	2	39,17,93,130,191,204,85,40,45,68,61,139,178,170,91,4,100,128,116,69,12,154,182,199,205,111,119,28,145,52,151,159,76,21,141,171	3,2,0.3185,0,190;3,5,0.1935,0,119;3,3,0.8655,0,59;3,3,0.6765,0,118;3,5,0.9375,2,44;7,0,0.7045,0,78
claim-temporal-development-train-01280	7	2	1	211,210,62,162,55,69,134,113,89,31,21,117,93,110,124,214,15,2,147,184,77,153,176,195,141,150,45,139,182,40,17,98,35,82,64,170	1,5,0.2065,0,36;6,1,0.0395,0,117;6,4,0.0455,0,231;4,0,0.2625,0,8;1,4,0.2995,0,46;3,4,0.7745,0,207
claim-temporal-development-train-01281	6	3	1	214,113,140,90,161,144,157,130,97,19,117,7,181,208,59,75,173,40,33,23,152,166,209,82,150,10,49,68,38,148,45,94,182,69,125,111	6,0,0.6745,2,248;8,4,0.0435,0,157;0,1,0.9875,0,208;2,0,0.5855,1,20;0,5,0.3915,0,25;4,0,0.9775,3,220
claim-temporal-development-train-01282	9	2	0	176,88,21,196,8,180,149,168,153,60,69,123,141,33,175,37,45,55,84,93,112,193,199,192,11,117,204,80,64,19,40,99,109,147,130,138	7,1,0.7945,0,238;8,3,0.1655,0,80;6,2,0.1125,0,224;7,2,0.1985,0,251;2,3,0.1345,0,51;2,0,0.4635,0,216
claim-temporal-development-train-01283	3	0	0	3,89,139,11,179,21,134,30,76,190,107,43,99,17,39,172,212,124,193,141,187,195,113,117,60,199,166,93,149,69,145,202,83,65,45,51	2,1,0.3655,0,146;5,5,0.6635,0,49;2,2,0.3695,0,16;3,1,0.3495,0,10;2,1,0.3005,0,9;3,4,0.7765,0,237
claim-temporal-development-train-01284	2	2	0	131,118,99,18,195,93,116,180,197,172,32,176,83,4,179,44,35,46,178,142,122,89,137,69,206,210,147,53,60,80,107,149,21,64,11,214	3,1,0.4555,0,246;7,1,0.9635,1,21;4,2,0.1465,0,206;7,1,0.3175,0,216;2,1,0.9205,1,207;1,1,0.3895,1,91
claim-temporal-development-train-01285	7	2	2	17,112,15,126,136,147,29,55,93,159,105,163,37,40,151,174,64,189,213,84,117,21,45,181,89,183,77,111,214,143,2,130,162,69,59,194	1,5,0.3175,0,245;4,3,0.1855,0,165;6,1,0.1985,0,40;4,2,0.3275,0,207;8,5,0.0115,0,43;5,0,0.1255,2,192
claim-temporal-development-train-01286	0	3	2	187,155,87,47,211,34,183,52,113,107,151,213,137,165,203,194,199,27,13,117,81,40,124,100,21,90,61,141,130,160,4,17,148,69,93,65	3,3,0.2245,0,174;2,0,0.1045,2,230;3,3,0.2875,0,162;8,5,0.5645,0,75;3,1,0.3365,0,232;3,0,0.2705,0,80
claim-temporal-development-train-01287	7	1	1	152,170,24,130,155,37,195,68,69,192,50,113,173,141,208,100,176,45,146,31,42,180,93,80,138,110,20,13,61,121,150,117,85,89,6,173	5,3,0.9475,3,230;6,3,0.5395,0,23;1,3,0.9605,0,143;7,3,0.3465,0,161;3,4,0.3825,0,208;0,0,0.5615,0,147
claim-temporal-development-train-01288	1	0	1	145,186,19,75,110,193,3,185,197,114,199,99,201,21,174,66,140,150,91,33,51,14,42,37,141,178,190,130,93,82,164,119,45,63,122,69	2,4,0.6395,0,136;8,3,0.5435,0,177;2,5,0.4865,0,120;2,0,0.7835,0,143;2,4,0.4055,2,32;1,0,0.8585,0,79
claim-temporal-development-train-01289	5	2	2	210,174,32,202,130,45,113,51,36,84,141,117,215,58,64,100,202,74,200,4,147,18,172,14,204,69,205,124,88,151,208,109,24,136,93,41	3,4,0.4445,3,31;7,2,0.2255,0,214;2,0,0.0715,0,242;1,2,0.0895,0,129;3,3,0.3815,0,2;3,0,0.1205,0,79
claim-temporal-development-train-01290	9	1	0	203,76,66,146,120,138,188,63,211,130,186,18,1,45,121,200,69,14,50,32,190,86,91,149,109,197,21,101,193,141,187,115,154,42,37,93	0,4,0.4215,0,97;7,3,0.4455,0,144;1,5,0.5055,0,4;3,4,0.6805,0,201;4,3,0.7285,3,202;0,0,0.4355,0,236
claim-temporal-development-train-01291	10	2	2	117,21,12,79,161,1,26,152,110,45,69,38,105,87,114,59,173,139,196,125,170,93,52,169,42,206,64,135,184,195,188,147,151,92,20,141	0,2,0.9405,0,100;1,4,0.4145,0,206;3,1,0.1865,0,152;6,5,0.8165,0,49;8,4,0.4685,0,125;4,5,0.7615,0,16
claim-temporal-development-train-01292	1	2	2	215,108,191,198,51,196,88,141,69,99,3,153,40,195,28,147,151,112,68,136,117,164,13,127,58,77,21,191,82,36,19,181,93,198,132,45	2,3,0.6925,0,70;3,2,0.1485,0,182;2,0,0.8205,0,204;4,0,0.0485,0,102;2,2,0.0455,0,214;6,2,0.0635,0,162
claim-temporal-development-train-01293	8	2	1	165,80,185,95,168,21,110,44,180,160,18,139,15,38,188,101,32,67,135,147,69,58,209,117,211,188,114,50,82,89,45,144,150,6,166,124	5,5,0.5995,0,136;7,4,0.8135,0,97;1,0,0.7485,0,189;7,0,0.3915,2,125;4,4,0.4585,0,199;3,5,0.6785,3,241
claim-temporal-development-train-01294	5	2	1	108,187,1,21,117,190,93,207,115,69,186,126,31,85,38,58,198,184,133,139,141,150,66,92,165,56,16,211,100,13,211,45,215,44,80,147	0,3,0.1275,0,151;6,4,0.9895,0,178;7,0,0.5825,0,166;7,3,0.9735,0,185;3,2,0.6185,0,80;5,3,0.7605,0,134
claim-temporal-development-train-01295	7	0	2	157,2,119,89,125,41,82,186,11,50,130,69,67,99,202,192,45,190,212,136,93,197,113,27,58,38,142,203,185,19,198,74,108,21,151,145	1,1,0.6585,0,75;2,4,0.3395,0,75;1,0,0.6005,0,225;1,0,0.3375,0,68;2,2,0.3215,2,34;4,0,0.1245,1,217
claim-temporal-development-train-01296	2	0	1	38,29,130,141,112,140,153,44,10,199,150,84,160,74,179,58,165,125,67,205,163,56,70,93,194,100,203,8,21,48,108,91,117,17,145,201	7,0,0.3235,0,26;4,4,0.9415,3,159;7,0,0.6125,1,117;1,2,0.6715,0,177;3,2,0.1015,0,236;4,0,0.8415,0,52
claim-temporal-development-train-01297	9	0	0	116,21,39,145,187,210,128,69,6,43,63,26,80,20,152,193,99,174,204,64,92,205,12,119,93,86,196,166,109,47,141,132,149,138,52,157	5,2,0.9695,0,165;1,5,0.7805,2,52;3,5,0.1195,0,157;7,4,0.8795,0,187;2,3,0.9885,2,6;7,2,0.4365,0,186
claim-temporal-development-train-01298	3	0	2	181,88,158,128,43,131,201,34,177,111,166,93,24,117,45,66,170,11,145,18,208,73,151,63,83,28,140,52,141,165,158,100,69,8,208,112	7,1,0.4955,3,241;3,0,0.7355,0,145;3,5,0.4615,0,220;0,1,0.1035,0,225;3,5,0.1585,0,83;7,1,0.8015,0,167
claim-temporal-development-train-01299	10	0	2	213,89,113,69,145,163,25,117,177,163,65,158,141,94,196,43,135,151,21,73,139,54,61,128,46,13,37,204,106,18,84,168,99,5,167,157	4,3,0.5725,0,138;0,3,0.7315,1,110;5,3,0.2765,0,39;0,2,0.3615,1,100;2,0,0.3805,0,218;7,5,0.7965,0,172
claim-temporal-development-train-01300	3	0	1	141,67,174,89,129,28,161,43,106,19,96,15,138,79,132,117,112,45,69,160,21,156,215,192,202,150,211,37,50,185,3,60,101,193,145,84	2,5,0.6585,0,206;3,3,0.6845,0,46;1,2,0.6995,0,39;6,2,0.3155,3,48;4,0,0.0435,0,62;8,2,0.4905,0,115
claim-temporal-development-train-01301	9	0	1	24,150,205,34,189,167,140,178,163,8,104,10,65,29,210,111,59,52,112,133,80,40,93,145,160,69,89,210,197,122,87,45,18,141,155,117	7,0,0.4495,3,124;4,0,0.0605,0,33;3,1,0.3025,0,48;7,5,0.2135,0,97;7,5,0.1535,0,200;1,3,0.9205,0,130
claim-temporal-development-train-01302	7	3	2	171,165,164,182,203,65,82,112,107,169,19,117,154,54,58,28,69,38,45,211,75,152,2,151,93,21,134,137,41,13,141,101,206,92,125,148	1,3,0.6445,0,208;3,4,0.2535,0,140;5,0,0.2975,0,18;2,0,0.8635,0,214;4,1,0.0655,0,114;4,4,0.2655,0,146
claim-temporal-development-train-01303	10	0	0	117,183,93,134,39,90,145,69,100,65,164,3,45,190,81,44,16,112,85,212,106,182,186,121,140,211,33,60,172,149,211,21,10,164,141,51	2,0,0.1425,0,42;8,5,0.8785,0,142;2,2,0.3605,0,56;8,3,0.5205,0,60;3,0,0.1725,0,136;0,4,0.9995,0,174
claim-temporal-development-train-01304	2	0	0	40,178,205,160,27,77,69,183,205,115,174,16,108,15,141,176,95,4,102,208,195,58,39,132,55,82,91,145,117,23,66,45,124,149,193,136	3,5,0.0435,2,95;2,5,0.0925,0,182;6,0,0.4925,0,194;4,0,0.6315,2,37;5,2,0.6415,0,65;3,2,0.1095,0,174
claim-temporal-development-train-01305	6	3	1	16,212,165,166,148,123,192,25,156,89,108,101,63,13,82,69,55,130,65,8,24,155,76,211,93,150,37,42,215,139,141,113,164,117,169,45	7,3,0.1625,3,98;0,3,0.4995,0,205;6,5,0.2305,0,220;3,0,0.3505,0,8;4,2,0.2755,0,24;2,0,0.6755,0,142
claim-temporal-development-train-01306	2	1	0	179,132,108,206,43,113,168,154,82,69,12,141,117,1,203,19,177,173,190,35,93,29,149,200,59,100,49,89,78,146,139,208,46,122,68,21	0,2,0.6215,0,75;4,1,0.7975,1,86;0,1,0.8695,0,73;5,0,0.2975,0,191;3,2,0.2825,0,57;1,2,0.7425,0,76
claim-temporal-development-train-01307	2	0	2	93,11,151,160,122,163,21,83,170,1,180,179,88,42,138,67,60,52,105,28,117,20,47,141,209,145,159,107,35,113,69,208,81,194,130,172	0,1,0.8335,0,163;3,1,0.4825,2,111;3,2,0.7925,0,74;8,1,0.1715,0,14;8,1,0.2615,0,71;1,0,0.4285,0,160
claim-temporal-development-train-01308	8	0	2	34,110,137,93,141,92,69,175,178,20,166,24,161,199,32,132,196,52,6,121,118,114,58,87,78,151,183,13,45,66,153,145,98,44,181,173	5,3,0.8895,3,94;7,0,0.9985,0,247;3,0,0.4835,0,160;5,5,0.8245,0,13;1,4,0.4485,1,136;0,2,0.2925,0,7
claim-temporal-development-train-01309	6	1	2	54,192,146,103,189,87,201,45,138,173,117,43,178,115,34,18,170,151,13,1,32,21,187,89,59,134,211,77,169,93,64,121,175,108,70,141	0,3,0.4105,0,211;7,0,0.7095,0,194;5,1,0.0295,1,53;4,5,0.3475,0,54;6,2,0.7945,0,95;0,4,0.4975,0,169
claim-temporal-development-train-01310	4	1	0	84,195,35,141,22,133,214,69,58,33,116,64,208,43,137,11,45,111,149,52,169,19,5,157,192,179,206,146,76,89,168,100,124,169,93,120	4,1,0.7185,1,125;8,1,0.7405,0,120;3,0,0.1315,0,17;3,2,0.3655,0,0;3,5,0.9795,3,37;3,3,0.3495,0,115
claim-temporal-development-train-01311	5	2	0	76,149,51,123,36,11,143,153,182,89,25,66,132,139,100,181,156,48,18,59,42,93,21,196,82,106,114,171,117,147,210,7,72,198,212,189	6,1,0.5335,0,8;0,2,0.4825,3,200;2,1,0.5935,3,95;3,0,0.2995,0,155;3,0,0.4955,0,155;2,2,0.6225,2,207
claim-temporal-development-train-01312	10	1	2	69,207,191,21,16,50,111,125,92,141,115,203,198,93,61,45,36,167,156,151,82,140,213,146,15,212,44,175,135,78,117,68,102,8,28,189	7,5,0.1885,0,144;3,2,0.9735,0,51;1,3,0.9405,0,39;5,0,0.8265,0,39;5,5,0.6525,0,90;4,5,0.8655,0,73
claim-temporal-development-train-01313	1	2	1	13,3,137,40,112,63,176,176,68,147,190,194,129,76,45,35,89,21,51,28,110,214,193,117,210,202,104,196,203,84,93,130,16,69,144,150	2,3,0.1325,0,236;3,1,0.0825,0,108;2,5,0.9575,0,120;3,2,0.3485,0,109;7,4,0.0615,0,211;8,0,0.2355,3,35
claim-temporal-development-train-01314	1	2	1	93,88,175,193,43,116,123,140,61,72,213,190,35,108,66,82,133,3,207,99,119,33,18,174,147,186,21,75,141,48,52,164,150,156,15,186	2,5,0.4515,0,153;8,1,0.6065,3,112;3,3,0.5265,3,54;2,0,0.1495,0,209;2,2,0.9115,2,104;2,3,0.8705,0,126
claim-temporal-development-train-01315	2	3	1	99,39,45,175,40,25,137,109,64,208,112,141,158,12,150,17,84,176,6,154,62,117,22,93,123,158,177,193,91,193,130,69,210,148,76,57	5,2,0.3285,1,229;0,5,0.1085,0,195;8,4,0.1575,0,134;3,2,0.7135,0,62;2,3,0.0855,0,166;2,0,0.3415,0,59
claim-temporal-development-train-01316	1	0	1	79,93,213,128,160,195,206,143,196,19,44,69,196,88,3,174,55,150,188,145,65,35,113,104,110,140,21,85,27,180,15,135,118,162,46,63	2,5,0.6165,0,121;2,1,0.9275,1,40;6,5,0.2545,0,97;6,3,0.1415,0,22;7,4,0.3455,1,232;7,5,0.9555,2,122
claim-temporal-development-train-01317	2	0	0	112,159,20,149,22,49,43,181,34,138,145,189,183,93,32,64,172,111,14,117,130,69,142,157,165,91,125,183,176,198,100,45,83,60,76,3	2,4,0.8665,1,173;7,0,0.7955,0,86;0,2,0.0175,0,29;3,1,0.7055,0,248;3,5,0.1395,0,187;4,0,0.4165,1,89
claim-temporal-development-train-01318	5	0	0	70,68,88,107,45,130,32,76,178,178,40,121,207,18,141,113,175,13,198,21,117,145,82,7,37,154,171,136,93,182,162,60,51,103,149,202	6,3,0.4215,0,26;7,3,0.0355,0,104;2,2,0.8875,1,169;3,0,0.0935,0,80;6,1,0.2185,0,235;0,0,0.1835,0,193
claim-temporal-development-train-01319	2	2	1	93,69,14,52,212,109,153,60,162,45,159,22,3,215,17,82,150,170,37,147,163,209,141,119,207,132,30,40,77,191,129,139,92,67,100,114	2,4,0.3755,1,19;5,3,0.1555,0,141;3,2,0.6415,0,242;4,0,0.8725,0,52;3,3,0.4845,2,232;8,2,0.6525,0,100
claim-temporal-development-train-01320	9	2	2	93,151,82,117,12,179,181,22,17,174,90,106,205,133,31,140,56,78,60,69,199,116,189,175,9,147,204,171,66,128,141,41,45,98,163,34	8,2,0.3005,1,108;6,0,0.2335,0,173;7,2,0.4805,0,19;5,0,0.5505,0,59;1,0,0.9345,0,1;7,3,0.8695,0,96
claim-temporal-development-train-01321	10	3	2	55,176,12,211,19,167,151,87,141,211,108,6,168,160,173,135,113,42,64,117,60,125,36,93,194,78,139,69,101,92,21,193,148,25,165,45	5,2,0.6315,0,111;0,2,0.5815,0,147;6,2,0.0005,0,16;5,5,0.9805,0,162;4,2,0.2545,0,55;4,5,0.7605,0,55
claim-temporal-development-train-01322	2	2	0	212,61,117,11,73,84,93,141,52,29,176,195,130,21,91,147,206,195,100,198,149,160,18,138,169,6,34,40,66,71,171,116,45,108,127,155	5,1,0.5015,0,116;4,0,0.1305,0,32;3,3,0.4085,2,25;0,2,0.7825,0,49;3,2,0.9575,0,226;6,0,0.5185,0,115
claim-temporal-development-train-01323	5	2	1	175,140,23,37,85,187,59,76,15,115,147,150,179,206,187,171,106,20,132,45,54,9,69,93,196,101,89,127,211,68,120,33,181,141,157,44	8,5,0.9495,2,200;8,3,0.9415,0,155;5,1,0.8695,0,203;3,3,0.3845,0,74;4,0,0.7325,3,189;6,2,0.9205,0,154
claim-temporal-development-train-01324	4	1	1	28,187,95,45,98,70,21,161,140,204,66,146,34,89,117,209,194,112,109,125,211,63,52,161,20,4,74,150,85,44,133,15,203,156,189,141	3,5,0.8425,0,79;3,0,0.8945,0,216;3,5,0.4655,1,197;1,3,0.2725,2,178;1,3,0.0525,0,211;4,3,0.9285,0,94
claim-temporal-development-train-01325	8	3	0	102,185,130,35,149,128,5,176,45,205,40,214,111,189,139,10,75,66,69,17,88,116,59,141,196,27,93,117,21,177,202,148,180,82,185,57	4,0,0.3295,0,153;2,1,0.0735,0,110;8,1,0.5175,0,115;2,0,0.1275,0,9;5,5,0.9835,0,193;7,0,0.6285,0,66
claim-temporal-development-train-01326	8	2	2	6,55,147,68,59,137,181,161,105,20,141,181,167,114,82,209,95,162,129,33,120,151,44,21,133,156,13,90,75,166,199,157,69,37,106,47	5,3,0.8215,0,121;8,3,0.9405,2,251;6,1,0.9735,0,37;2,0,0.5645,2,225;8,0,0.4675,3,41;8,3,0.2495,0,137
claim-temporal-development-train-01327	1	3	0	131,149,117,99,90,148,184,186,205,64,1,15,163,45,205,59,82,93,189,160,23,40,57,183,125,115,109,141,25,206,140,193,36,69,17,76	0,5,0.2915,2,68;0,2,0.0295,0,24;8,1,0.1295,0,245;3,0,0.4575,0,131;2,3,0.7745,0,189;4,1,0.8135,0,252
claim-temporal-development-train-01328	8	0	0	92,170,159,52,149,188,160,33,21,175,106,18,141,64,34,12,2,189,41,60,214,183,130,117,173,100,78,69,45,145,137,189,87,93,116,127	1,2,0.4835,0,149;8,0,0.3855,0,103;3,2,0.1515,0,37;5,5,0.9075,0,14;3,0,0.9785,0,230;6,0,0.3285,0,236
claim-temporal-development-train-01329	5	3	1	72,55,45,153,150,13,199,158,152,104,117,201,190,136,7,198,205,132,90,113,109,81,183,84,31,128,59,141,65,93,21,148,17,35,193,43	6,3,0.2195,0,147;6,1,0.6985,0,192;6,1,0.2375,3,208;8,2,0.4485,0,45;7,3,0.2405,0,88;7,2,0.0685,0,142
claim-temporal-development-train-01330	0	3	0	197,176,140,149,144,180,21,37,45,76,117,203,132,69,87,18,160,30,115,43,93,99,205,174,59,182,192,91,148,67,51,15,107,122,171,8	7,5,0.4755,0,145;5,3,0.7845,0,158;2,1,0.7875,0,166;3,5,0.6365,0,110;2,1,0.6635,0,85;1,2,0.8205,3,191
claim-temporal-development-train-01331	6	0	0	120,1,176,93,190,123,194,17,171,21,40,142,134,214,157,46,183,205,69,49,105,39,25,91,137,165,63,84,186,68,14,75,145,116,149,110	0,4,0.2385,0,169;0,5,0.0295,1,207;0,5,0.9045,0,40;2,2,0.6325,0,241;8,4,0.8465,3,49;2,4,0.2115,1,102
claim-temporal-development-train-01332	3	0	2	69,171,145,60,119,128,28,56,213,13,85,22,197,170,100,153,137,141,45,2,151,195,211,155,114,110,19,135,66,43,93,153,76,89,165,38	1,3,0.6405,1,126;3,4,0.7075,0,228;7,2,0.4175,0,92;3,3,0.3125,0,14;3,4,0.4155,2,94;7,5,0.3675,0,79
claim-temporal-development-train-01333	2	0	2	167,156,183,98,14,68,200,90,9,34,17,57,75,117,198,59,211,21,143,69,134,136,210,93,84,195,108,45,129,162,114,151,199,27,44,145	8,4,0.2465,0,146;2,0,0.9215,0,133;8,1,0.8415,0,12;2,2,0.4465,0,183;1,2,0.5225,0,230;8,4,0.0385,2,43
claim-temporal-development-train-01334	8	3	0	136,40,120,71,14,196,6,114,91,149,84,58,39,93,102,163,213,54,199,166,198,18,133,192,164,68,28,108,79,190,148,212,126,21,45,144	5,4,0.4415,0,180;3,5,0.0195,0,55;5,0,0.9555,2,36;6,2,0.7855,0,132;5,2,0.5365,3,255;5,3,0.0315,3,106
claim-temporal-development-train-01335	8	1	1	41,21,193,152,155,93,58,153,45,76,141,37,13,184,92,18,161,161,139,126,146,98,116,150,203,111,134,70,6,185,82,31,52,188,67,118	5,3,0.4975,0,61;6,3,0.3975,0,215;3,0,0.7205,1,215;3,0,0.9615,0,245;1,5,0.8185,1,192;5,4,0.6875,0,6
claim-temporal-development-train-01336	2	3	0	111,41,4,64,28,129,69,194,174,92,165,131,201,74,193,155,112,149,45,93,148,11,82,103,35,176,167,187,54,117,17,141,59,175,23,136	3,1,0.2425,2,49;3,1,0.3395,0,120;5,1,0.1765,0,91;1,0,0.8395,0,252;6,5,0.1565,0,46;8,1,0.0915,0,59
claim-temporal-development-train-01337	1	0	1	145,21,185,127,167,87,168,119,27,89,204,2,203,78,199,150,190,63,12,38,64,69,138,52,141,93,193,211,112,183,44,130,108,100,45,16	1,2,0.1335,0,11;2,4,0.8055,0,107;3,5,0.0795,0,211;5,5,0.3115,0,35;3,2,0.0795,2,94;6,0,0.4845,0,92
claim-temporal-development-train-01338	8	2	2	195,56,154,85,189,93,201,47,123,113,58,31,206,78,24,103,151,44,192,155,2,202,92,213,64,147,106,16,14,139,156,133,141,34,69,120	1,4,0.0555,3,40;6,0,0.9685,2,99;7,0,0.0675,0,25;5,3,0.8945,0,98;6,0,0.3135,3,48;2,3,0.7515,0,14
claim-temporal-development-train-01339	5	2	2	199,151,147,93,200,22,99,40,76,106,45,64,203,198,114,133,187,175,141,56,69,82,162,36,127,58,32,192,140,4,13,117,90,152,183,20	3,3,0.8295,1,65;7,2,0.1205,0,58;7,0,0.0905,0,105;3,0,0.4275,0,92;2,0,0.5255,0,123;6,3,0.8205,0,198
claim-temporal-development-train-01340	1	0	0	15,149,3,177,153,173,172,21,40,116,117,58,141,99,172,212,135,65,90,93,17,173,53,127,81,47,33,167,69,111,140,145,161,37,198,87	2,5,0.2965,0,93;8,3,0.1005,2,65;4,0,0.2515,0,114;8,5,0.4245,0,161;2,5,0.9115,0,75;6,5,0.8165,0,25
claim-temporal-development-train-01341	1	2	0	152,141,21,25,75,62,197,147,173,156,83,120,109,50,112,41,130,121,204,13,45,69,66,93,149,16,137,4,175,91,197,167,168,35,215,104	3,3,0.1645,0,118;0,1,0.2265,0,200;1,4,0.5515,0,178;2,1,0.7985,0,193;7,3,0.0135,3,49;0,0,0.2885,0,228
claim-temporal-development-train-01342	1	2	2	43,27,107,79,1,17,140,151,14,98,170,49,194,210,35,21,141,133,171,158,115,62,123,69,84,173,169,147,193,154,45,163,90,118,95,67	0,4,0.3435,0,60;2,1,0.7495,0,146;0,4,0.7695,0,87;6,2,0.5585,2,243;1,1,0.7955,1,99;2,3,0.8725,0,183
claim-temporal-development-train-01343	6	2	2	80,165,38,152,94,83,171,214,51,203,21,165,11,208,68,147,203,71,182,99,16,122,130,58,45,116,151,25,88,140,9,44,106,141,185,117	8,1,0.1915,0,11;0,4,0.9705,0,159;2,0,0.9865,2,90;7,1,0.0135,1,124;2,0,0.8475,0,125;1,0,0.9795,0,65
claim-temporal-development-train-01344	1	0	2	180,195,41,93,159,197,39,21,60,117,3,64,88,182,193,211,13,55,109,116,46,157,121,31,133,103,83,19,199,143,69,136,151,75,196,145	2,3,0.6855,0,93;6,5,0.3625,1,67;6,2,0.1675,0,13;2,1,0.0615,0,93;6,3,0.9895,0,185;0,3,0.0175,2,57
claim-temporal-development-train-01345	8	1	2	120,215,36,173,69,143,115,198,151,93,186,212,64,212,201,131,10,30,146,165,97,50,17,210,45,42,85,79,4,61,173,128,140,88,108,21	3,0,0.3985,0,2;5,2,0.4145,0,94;1,3,0.1525,0,210;6,3,0.1475,0,17;0,2,0.6815,3,100;7,1,0.9325,2,138
claim-temporal-development-train-01346	7	0	1	65,117,39,121,150,91,161,213,212,42,2,116,58,49,130,193,194,141,145,15,93,20,159,189,48,136,108,187,21,85,201,192,71,104,73,32	1,5,0.8285,0,228;7,5,0.4995,3,201;0,0,0.3955,2,92;0,3,0.7745,0,235;7,2,0.9045,0,90;0,0,0.0745,0,61
claim-temporal-development-train-01347	2	0	0	81,11,111,50,70,100,92,82,179,40,145,137,21,167,190,133,93,149,187,45,192,19,123,174,35,67,184,114,32,144,192,177,119,61,1,165	0,1,0.6585,0,191;7,1,0.1335,0,181;1,3,0.7875,1,221;8,0,0.8225,0,113;3,5,0.5635,2,183;2,3,0.2465,3,134
claim-temporal-development-train-01348	0	3	2	99,18,164,169,12,64,54,4,194,69,91,112,122,132,29,151,140,38,212,201,117,175,62,178,87,107,141,182,44,45,93,161,148,76,21,211	3,2,0.4275,0,230;4,4,0.8885,0,128;5,4,0.0715,0,52;3,5,0.7005,0,69;2,1,0.1885,0,95;1,2,0.9415,0,150
claim-temporal-development-train-01349	2	2	0	132,4,55,166,155,160,153,69,153,107,141,12,153,149,123,117,38,45,172,33,58,90,113,147,76,158,18,84,196,97,93,210,21,136,66,40	3,2,0.5785,0,65;8,4,0.0425,0,172;6,0,0.5825,0,169;3,2,0.5995,0,104;0,1,0.2885,0,209;2,2,0.1505,0,49
claim-temporal-development-train-01350	9	2	1	162,38,69,211,21,170,170,113,59,118,140,147,154,207,64,210,12,5,103,157,33,130,91,129,85,45,165,150,214,107,41,54,93,141,80,17	4,2,0.2815,0,133;8,4,0.2635,0,147;5,1,0.1975,0,54;7,3,0.7385,0,111;6,1,0.3905,1,54;8,0,0.9925,0,183
claim-temporal-development-train-01351	1	3	1	117,148,152,21,115,111,50,86,185,92,44,150,35,153,140,77,61,195,132,184,185,45,14,161,182,123,96,99,69,32,64,161,4,143,205,16	3,4,0.1865,0,100;7,1,0.8205,0,131;1,3,0.0795,0,42;4,4,0.8805,3,65;2,5,0.7585,0,184;2,2,0.9035,2,97
claim-temporal-development-train-01352	5	2	0	205,92,121,68,108,207,172,163,149,52,12,137,35,69,133,194,184,215,27,116,63,144,18,168,193,40,169,103,21,4,147,119,93,73,83,45	3,2,0.4155,0,159;2,1,0.0375,0,79;3,5,0.9595,0,225;0,1,0.8955,0,148;6,2,0.9475,2,153;0,3,0.2935,3,57
claim-temporal-development-train-01353	6	1	2	47,168,140,21,26,52,19,112,160,117,165,129,141,72,104,146,170,132,215,83,36,187,176,81,93,165,188,63,15,208,67,89,151,1,40,106	0,5,0.6495,0,132;1,2,0.0015,2,219;3,5,0.7075,3,117;8,1,0.3785,0,85;7,0,0.1495,0,157;8,2,0.8245,0,28
claim-temporal-development-train-01354	1	2	0	153,204,130,38,69,90,2,201,65,18,152,83,149,188,10,107,189,21,45,42,51,189,147,191,159,119,26,75,63,139,114,99,171,93,141,122	1,0,0.4415,0,168;1,4,0.5055,0,121;2,5,0.2425,0,93;2,1,0.5325,0,104;2,1,0.5635,2,39;1,0,0.7775,0,62
claim-temporal-development-train-01355	1	2	2	92,140,178,198,147,31,87,59,195,113,132,93,158,117,203,141,41,57,99,107,3,67,151,69,153,14,121,169,17,164,75,21,38,169,167,45	2,4,0.3035,0,175;6,4,0.3345,0,52;8,1,0.6165,0,238;2,5,0.9995,0,169;2,1,0.3045,0,88;0,2,0.9595,0,156
claim-temporal-development-train-01356	5	2	1	45,27,124,147,163,89,150,4,182,131,21,159,117,82,12,156,113,139,175,20,56,64,98,185,179,94,110,74,38,42,58,177,141,192,205,69	3,2,0.8515,0,207;2,4,0.4945,0,100;7,0,0.0625,0,192;1,0,0.3615,1,42;1,4,0.2975,0,136;3,1,0.7625,0,68
claim-temporal-development-train-01357	10	3	0	69,21,45,27,156,102,63,168,205,117,184,112,83,203,94,153,75,11,53,110,148,41,89,149,208,5,141,202,37,17,137,124,67,174,132,166	4,1,0.2355,0,70;2,3,0.3595,0,61;4,5,0.7675,0,151;2,1,0.2535,1,173;5,4,0.1085,0,23;3,2,0.3645,0,73
claim-temporal-development-train-01358	3	0	0	170,99,37,71,21,215,43,96,13,145,140,212,162,186,4,68,75,84,27,106,208,141,91,117,18,45,124,53,149,61,157,131,172,199,114,198	3,3,0.5165,0,173;2,3,0.7815,0,192;4,3,0.8095,2,174;2,2,0.7225,3,214;2,0,0.4015,0,190;3,1,0.9295,0,86
claim-temporal-development-train-01359	10	0	1	36,17,69,208,80,200,118,113,122,59,93,104,145,6,150,67,174,88,21,157,136,174,186,57,84,195,183,40,141,13,28,134,110,180,165,45	5,3,0.2615,0,15;3,2,0.0045,0,193;8,1,0.6285,0,152;7,2,0.0795,0,232;7,4,0.2755,1,168;1,4,0.0485,0,216
claim-temporal-development-train-01360	6	3	1	121,111,194,45,36,93,65,98,20,141,187,150,208,112,134,163,89,200,31,24,40,80,87,160,12,148,160,188,9,206,71,138,117,174,51,60	8,2,0.8725,3,176;6,2,0.0205,0,177;2,2,0.3795,2,224;7,5,0.2795,0,141;1,5,0.0495,0,230;0,4,0.5215,0,25
claim-temporal-development-train-01361	10	2	1	147,178,76,124,117,58,137,134,155,190,69,182,56,215,45,165,44,86,188,214,142,105,205,110,115,17,33,66,198,21,88,150,38,13,94,3	2,3,0.3785,0,198;8,4,0.9755,0,219;7,0,0.4755,0,248;3,4,0.0155,1,77;8,4,0.6515,0,232;3,4,0.3965,1,210
claim-temporal-development-train-01362	7	3	0	93,15,26,209,196,45,178,37,105,107,67,22,140,44,117,49,163,149,173,84,187,59,8,91,130,123,213,141,17,69,167,112,79,170,148,213	7,5,0.3315,1,37;1,3,0.8015,0,84;0,1,0.7185,0,66;6,2,0.7315,0,159;8,1,0.1715,0,60;2,0,0.8395,0,16
claim-temporal-development-train-01363	1	3	2	173,81,130,199,123,99,214,27,90,137,18,194,45,148,112,86,22,208,43,60,181,151,181,11,6,117,192,56,195,69,64,37,141,203,93,107	5,1,0.5465,1,113;2,3,0.6255,0,195;7,2,0.0905,0,191;8,4,0.4255,0,60;2,1,0.1605,0,144;2,0,0.2785,0,51
claim-temporal-development-train-01364	1	0	1	117,190,150,21,132,15,145,194,19,61,25,200,184,69,171,108,123,73,154,91,141,140,161,36,42,45,53,161,164,115,65,93,82,99,208,7	6,5,0.7785,0,53;0,2,0.5555,0,52;4,3,0.2695,0,147;0,0,0.7065,0,184;2,2,0.6835,0,211;2,2,0.9615,0,22
claim-temporal-development-train-01365	2	0	1	162,4,50,189,171,196,14,47,103,16,23,150,167,66,196,69,141,131,41,83,37,140,166,73,195,116,172,107,26,124,93,207,120,60,145,92	3,4,0.1065,2,57;1,3,0.2095,2,247;1,2,0.5885,0,224;0,1,0.9905,0,49;6,1,0.9045,3,70;3,1,0.9875,0,28
claim-temporal-development-train-01366	2	0	1	67,198,100,124,117,138,134,69,9,32,111,183,83,19,42,60,144,92,34,204,93,11,162,153,150,170,57,163,164,181,113,81,145,21,45,156	8,1,0.6635,0,51;7,0,0.4505,0,249;8,2,0.6075,0,242;8,1,0.9955,0,20;3,5,0.3145,0,76;3,4,0.5475,3,232
claim-temporal-development-train-01367	6	0	2	46,158,65,186,194,54,14,145,40,130,185,35,169,141,164,20,202,1,21,27,187,195,151,112,111,81,100,95,82,127,185,61,137,69,91,117	0,4,0.8455,0,151;2,1,0.1655,1,221;5,3,0.3715,0,87;8,0,0.6355,2,62;3,5,0.0165,0,94;6,0,0.2375,0,246
claim-temporal-development-train-01368	5	2	2	21,84,28,131,165,147,45,158,117,214,67,69,115,52,180,163,61,123,106,155,88,104,7,39,181,93,151,159,79,201,12,41,17,139,199,141	6,2,0.3525,0,156;3,5,0.3775,0,230;3,3,0.6685,0,184;6,2,0.0325,0,158;7,0,0.7415,0,135;2,1,0.6325,0,75
claim-temporal-development-train-01369	2	0	2	186,64,151,19,160,100,56,138,21,84,145,166,124,188,195,93,43,27,204,10,154,130,141,162,195,74,117,58,45,113,69,9,155,38,92,107	8,0,0.7885,0,100;2,4,0.7255,0,184;7,0,0.0725,0,246;1,2,0.9145,0,242;3,1,0.2455,0,76;3,0,0.4115,0,71
claim-temporal-development-train-01370	5	3	0	164,112,153,11,140,69,126,83,55,186,197,21,142,34,200,157,20,196,107,210,148,42,206,1,117,67,88,97,28,212,93,45,62,135,149,76	0,1,0.9015,0,223;3,0,0.4465,0,93;6,4,0.7655,0,17;3,1,0.0225,0,89;0,1,0.1345,0,35;5,5,0.8135,1,16
claim-temporal-development-train-01371	0	3	2	184,169,93,42,22,99,124,61,148,113,138,108,170,212,18,151,192,117,75,133,32,152,3,156,45,141,203,88,196,52,69,86,10,201,64,38	2,0,0.4695,1,101;7,4,0.4025,0,219;3,3,0.1685,0,231;2,4,0.1295,0,121;2,2,0.2915,0,231;3,3,0.5105,0,108
claim-temporal-development-train-01372	3	0	0	187,100,162,210,40,91,112,87,117,134,106,171,54,175,65,207,3,141,211,145,37,58,11,211,209,18,139,21,29,69,126,192,149,93,76,45	2,1,0.5095,0,175;4,3,0.0295,0,194;5,0,0.3725,0,85;3,5,0.6475,0,204;3,0,0.1675,0,225;5,4,0.7565,0,254
claim-temporal-development-train-01373	7	2	1	208,113,39,45,117,203,193,12,192,61,86,122,143,21,16,108,43,69,188,49,93,147,73,150,26,98,66,176,209,88,137,191,167,3,197,134	2,2,0.1825,0,64;1,5,0.6905,0,17;0,3,0.5805,0,108;0,4,0.0175,0,136;1,2,0.3945,0,12;1,4,0.2395,2,237
claim-temporal-development-train-01374	1	0	0	149,21,173,99,90,141,111,45,43,203,162,145,159,15,93,27,52,189,87,62,34,139,78,194,4,133,167,152,112,123,69,175,194,16,117,67	3,5,0.0955,0,76;2,0,0.6035,0,112;3,4,0.7225,0,36;5,5,0.5765,0,192;2,5,0.0985,0,248;2,3,0.6895,0,29
claim-temporal-development-train-01375	6	3	1	119,42,21,69,163,112,78,161,63,166,165,136,45,175,148,180,7,141,124,202,163,132,14,157,83,17,90,25,190,100,93,108,150,65,34,49	6,4,0.3285,0,94;0,0,0.4835,0,71;0,5,0.3665,0,206;5,1,0.4245,0,207;3,2,0.1855,2,152;3,2,0.1105,0,146
claim-temporal-development-train-01376	3	0	2	164,85,135,202,18,186,59,195,114,6,209,107,64,153,69,124,145,35,89,173,76,22,200,139,117,151,55,93,45,32,99,42,141,167,212,15	5,5,0.4475,1,251;7,1,0.5295,0,143;6,1,0.1765,0,134;3,3,0.2815,0,185;2,1,0.5975,0,199;3,5,0.6465,0,214
claim-temporal-development-train-01377	1	0	0	81,69,145,18,165,51,120,58,170,93,41,86,160,159,194,134,140,106,25,21,89,123,45,206,164,160,65,141,14,149,35,2,200,116,181,100	1,4,0.5305,0,88;0,1,0.3765,0,40;2,0,0.2195,0,52;8,4,0.2275,0,160;3,0,0.9935,3,7;2,4,0.9315,0,17
claim-temporal-development-train-01378	10	2	1	114,194,130,22,138,42,52,142,12,197,173,157,69,91,27,45,174,117,18,59,178,176,87,192,81,161,150,124,182,110,147,68,35,93,5,104	4,2,0.5355,1,93;2,1,0.5625,0,35;3,1,0.9485,0,112;8,5,0.6415,0,232;7,4,0.4005,0,27;3,0,0.5795,1,186
claim-temporal-development-train-01379	3	0	0	149,21,45,80,91,117,175,27,93,69,124,135,158,193,164,49,196,179,64,178,169,141,19,181,140,58,97,35,5,176,10,43,112,145,87,111	4,0,0.6215,0,140;2,1,0.7035,0,189;0,0,0.1115,0,90;7,5,0.7455,0,109;0,5,0.0875,0,94;3,5,0.9325,0,247
claim-temporal-development-train-01380	5	2	2	133,170,212,21,45,84,136,99,169,166,44,75,20,117,151,154,13,52,92,59,37,159,69,180,121,109,115,147,190,203,4,32,141,93,166,64	3,3,0.8865,0,52;7,3,0.8505,0,183;3,1,0.1165,0,95;2,2,0.8085,0,206;2,3,0.6035,0,135;0,3,0.1195,0,61
claim-temporal-development-train-01381	2	0	0	56,21,186,144,91,68,193,117,161,123,3,198,194,149,105,37,84,20,109,73,10,69,93,160,187,48,145,179,59,139,212,166,115,135,28,41	2,0,0.9125,0,45;3,3,0.3695,3,171;7,1,0.9345,0,23;0,2,0.6275,0,31;8,3,0.7965,0,102;2,5,0.6435,3,67
claim-temporal-development-train-01382	10	2	2	143,196,4,195,133,158,147,81,117,21,110,113,211,137,208,32,211,19,93,215,43,101,188,61,194,151,92,86,50,124,176,35,66,45,12,69	3,2,0.6155,0,5;7,1,0.6925,0,57;1,3,0.5905,0,199;8,4,0.8975,0,8;4,4,0.3755,0,28;3,3,0.3375,2,5
claim-temporal-development-train-01383	3	0	0	73,91,214,142,121,115,198,15,66,40,99,207,139,117,45,178,29,197,38,4,94,69,17,21,196,149,167,194,145,83,161,106,57,135,206,58	3,5,0.2035,0,10;4,4,0.1245,0,130;8,0,0.4645,0,196;0,1,0.6335,1,218;2,0,0.6755,0,34;0,5,0.6715,1,157
claim-temporal-development-train-01384	2	3	0	111,156,64,45,190,83,199,113,3,69,12,162,40,61,141,52,205,171,122,93,25,105,140,148,130,37,161,76,149,117,92,17,200,205,21,215	2,2,0.2695,0,90;0,3,0.0105,0,220;3,3,0.1245,0,91;3,1,0.9535,0,85;8,5,0.3805,0,36;1,0,0.8045,0,27
claim-temporal-development-train-01385	8	2	2	151,170,110,141,43,117,51,134,63,97,45,69,200,90,76,6,198,28,34,195,213,128,202,147,112,18,159,21,165,206,13,211,140,66,95,86	5,3,0.5925,0,45;3,0,0.7425,0,195;2,5,0.4065,0,195;3,4,0.4925,2,193;0,4,0.1775,0,142;7,4,0.9805,0,166
claim-temporal-development-train-01386	2	2	2	137,107,69,192,83,36,147,41,12,157,141,81,112,185,93,190,205,162,21,182,119,3,26,60,151,161,68,55,203,89,45,131,16,204,125,100	2,2,0.0605,0,111;1,2,0.3365,0,113;6,2,0.9285,0,220;8,1,0.2695,0,0;3,1,0.0665,2,38;4,1,0.2925,0,215
claim-temporal-development-train-01387	6	3	1	137,180,158,204,177,150,39,45,131,11,153,42,69,20,64,128,93,21,154,197,206,104,111,61,148,25,197,112,117,6,141,81,87,91,55,212	5,1,0.8325,0,72;0,5,0.5525,0,132;6,3,0.1895,0,12;8,5,0.6905,0,103;7,5,0.1455,0,161;7,1,0.3245,0,164
claim-temporal-development-train-01388	3	0	2	166,46,52,43,187,136,93,12,102,130,151,182,110,36,145,117,18,124,69,195,26,84,65,143,183,153,189,89,194,75,116,62,21,197,4,208	3,2,0.5635,0,119;1,2,0.6075,1,104;3,4,0.2725,0,158;2,2,0.3045,0,210;5,4,0.9845,0,8;3,0,0.1215,2,250
claim-temporal-development-train-01389	8	3	2	183,131,79,124,210,168,110,138,16,27,148,207,14,69,189,42,66,45,168,102,117,86,34,89,93,59,186,53,24,114,6,164,141,214,210,151	5,4,0.0955,3,45;2,0,0.5845,0,164;4,1,0.5865,0,108;6,4,0.2615,0,32;5,4,0.5115,0,35;3,1,0.4395,0,235
claim-temporal-development-train-01390	9	0	1	45,141,108,50,93,188,37,8,112,164,63,21,40,69,193,197,66,166,117,20,211,27,214,133,150,168,145,87,138,163,11,202,123,77,104,90	7,1,0.8605,0,228;2,3,0.0605,0,160;1,5,0.4545,0,255;4,5,0.4865,0,72;7,2,0.1155,0,158;2,3,0.5665,0,233
claim-temporal-development-train-01391	8	1	1	198,6,38,102,93,181,183,28,150,45,92,69,163,139,64,113,146,86,44,141,111,205,10,133,159,21,80,20,49,175,121,117,62,188,212,187	5,0,0.8135,0,35;3,4,0.8635,0,64;0,4,0.1545,0,245;7,4,0.8745,0,94;5,5,0.2955,0,117;0,3,0.6815,0,25
claim-temporal-development-train-01392	10	0	2	139,141,177,90,49,163,38,109,21,181,117,47,115,153,145,15,69,3,95,18,65,175,134,81,125,42,186,151,171,179,162,211,26,101,60,87	2,5,0.5745,0,40;1,4,0.5875,2,90;0,2,0.2215,0,109;8,5,0.5525,2,251;4,3,0.6815,0,117;4,4,0.6625,0,147
claim-temporal-development-train-01393	5	3	0	20,27,169,203,63,205,148,198,158,86,81,154,89,159,133,10,141,124,55,162,149,1,117,21,114,136,93,106,69,100,157,186,67,35,46,40	0,0,0.9645,0,230;2,1,0.1915,1,79;6,5,0.6835,0,86;8,4,0.3255,0,62;3,0,0.5195,0,254;3,3,0.0235,0,199
claim-temporal-development-train-01394	9	2	1	21,89,106,84,174,117,81,70,12,147,141,156,132,155,112,170,179,100,58,150,45,194,42,2,138,37,203,32,94,123,57,67,165,208,199,17	1,2,0.3755,0,226;7,3,0.4975,0,175;8,0,0.7855,1,146;8,2,0.2335,1,51;3,0,0.0125,0,17;2,2,0.4495,0,104
claim-temporal-development-train-01395	10	0	2	151,213,57,175,11,134,141,116,123,68,179,183,90,215,201,106,95,2,161,86,69,76,104,211,28,138,145,19,21,183,206,120,63,36,45,40	1,1,0.6665,0,158;3,2,0.1185,0,62;8,5,0.8185,0,238;3,4,0.4435,2,219;7,0,0.8435,3,71;2,4,0.5475,0,7
claim-temporal-development-train-01396	4	1	1	21,95,185,117,180,69,44,91,181,139,190,86,159,115,146,53,179,97,9,67,45,124,35,210,135,150,141,28,12,108,61,78,207,159,190,19	8,2,0.6495,0,95;3,1,0.8175,0,141;4,3,0.7795,0,227;5,4,0.6045,2,94;0,2,0.6245,0,165;3,5,0.7455,0,130
claim-temporal-development-train-01397	5	2	1	150,27,79,169,189,36,92,198,147,4,154,205,49,181,93,21,115,160,17,141,48,117,178,87,204,69,106,136,129,134,13,44,64,62,212,98	3,3,0.2595,0,194;2,2,0.8645,3,24;0,4,0.0215,0,50;6,5,0.8005,0,193;1,0,0.6615,0,127;8,4,0.0305,0,194
claim-temporal-development-train-01398	1	2	2	182,69,211,202,135,179,137,192,67,141,178,89,117,61,83,147,93,3,211,151,74,13,179,23,18,41,51,155,39,113,109,33,97,126,158,45	2,3,0.5305,2,245;8,5,0.2775,0,238;2,3,0.7415,0,211;1,1,0.3635,0,103;0,3,0.2985,0,9;5,5,0.3035,0,219
claim-temporal-development-train-01399	1	2	2	173,133,49,107,40,117,168,139,153,174,72,18,214,8,21,123,141,93,28,113,204,162,36,45,83,151,159,59,198,88,101,75,67,147,213,11	7,1,0.5025,0,227;3,2,0.1295,0,88;0,1,0.7385,3,37;2,1,0.1605,0,194;4,1,0.3595,0,55;2,3,0.7885,0,188
claim-temporal-development-train-01400	5	2	1	84,136,21,76,54,38,176,209,154,93,157,114,18,181,71,156,63,141,64,150,185,201,44,194,100,134,30,109,176,122,90,11,9,117,147,45	8,1,0.4685,0,24;5,4,0.8445,0,185;5,5,0.0045,2,215;3,2,0.4955,0,246;3,3,0.5105,0,104;1,4,0.0995,0,210
claim-temporal-development-train-01401	3	0	2	155,129,55,178,112,93,108,6,163,152,35,101,11,137,184,90,26,87,21,151,143,18,145,165,42,133,118,179,45,60,65,196,69,76,163,174	5,1,0.5085,0,68;1,1,0.5665,0,188;6,2,0.2485,0,28;3,5,0.5445,0,18;4,2,0.1045,1,193;8,3,0.2535,2,95
claim-temporal-development-train-01402	10	3	1	132,163,143,80,21,89,160,47,86,150,63,114,170,9,68,207,37,109,71,20,26,184,148,158,117,44,188,139,55,96,98,125,190,158,13,179	8,3,0.8905,0,131;1,3,0.9195,2,133;6,5,0.9345,2,15;7,4,0.3045,3,104;1,3,0.4385,0,71;4,2,0.7565,2,203
claim-temporal-development-train-01403	2	1	1	212,176,58,210,100,146,12,202,174,205,88,36,29,185,21,47,56,20,112,69,117,67,85,76,130,44,181,111,4,141,124,201,139,93,190,150	3,2,0.9955,0,56;4,2,0.8095,2,102;7,0,0.7165,0,175;3,3,0.1165,0,115;3,5,0.1855,0,97;3,0,0.6375,0,157
claim-temporal-development-train-01404	1	0	2	172,90,31,48,212,121,99,111,157,52,207,74,141,161,36,145,83,164,40,17,151,21,200,117,140,116,62,131,169,181,206,14,93,68,72,3	2,4,0.2635,0,120;6,2,0.1385,3,110;3,4,0.9695,3,173;1,1,0.5435,0,233;2,5,0.9885,0,34;0,1,0.8455,0,236
claim-temporal-development-train-01405	0	3	0	139,176,84,69,67,37,135,15,106,45,75,209,32,91,210,148,197,105,21,4,123,114,149,117,166,213,208,96,40,19,52,164,141,61,214,212	3,5,0.6585,0,53;7,3,0.0015,0,116;3,3,0.6505,0,186;2,2,0.6435,3,181;8,0,0.5675,0,108;2,5,0.7045,0,20
claim-temporal-development-train-01406	9	1	1	120,42,183,69,140,83,15,166,168,209,20,8,186,188,97,150,212,53,21,31,77,62,93,110,170,39,208,141,112,146,153,64,45,89,128,130	7,5,0.9355,0,198;6,5,0.5355,0,220;4,4,0.0865,0,62;4,1,0.2905,0,65;0,4,0.0925,3,31;7,0,0.9675,0,41
claim-temporal-development-train-01407	5	2	1	175,175,130,109,42,23,69,91,65,35,179,83,124,194,117,94,11,169,201,50,61,18,188,140,141,205,73,170,48,199,150,30,100,147,113,4	3,1,0.4715,2,131;5,1,0.4345,3,195;1,3,0.2965,0,226;0,1,0.6545,1,163;3,3,0.2065,0,153;3,0,0.8375,0,62
claim-temporal-development-train-01408	8	0	1	175,131,162,175,73,163,90,69,17,84,180,68,47,35,107,93,54,145,10,113,127,119,142,44,136,29,191,105,61,161,183,150,200,21,186,2	1,0,0.3615,0,0;4,1,0.9075,2,84;5,3,0.9475,0,195;0,2,0.5905,0,124;8,1,0.2625,2,41;6,1,0.0045,1,124
claim-temporal-development-train-01409	5	2	1	21,186,45,42,13,59,93,76,185,179,137,84,124,89,117,69,65,207,51,38,176,156,7,107,141,195,174,18,150,132,30,99,147,206,112,215	6,3,0.4695,0,82;5,4,0.4805,0,6;2,1,0.3305,0,220;3,2,0.2095,0,89;2,1,0.0615,0,188;3,2,0.2565,0,181
claim-temporal-development-train-01410	3	0	0	102,140,16,41,35,124,78,4,153,59,209,45,199,153,141,29,193,185,93,204,153,152,10,149,117,106,54,21,181,89,67,145,134,69,87,115	3,0,0.0635,0,240;4,1,0.3765,0,133;5,1,0.6495,0,16;5,5,0.2685,0,79;5,0,0.7655,0,11;3,4,0.8675,0,48
claim-temporal-development-train-01411	3	0	2	135,172,211,111,159,206,176,140,168,69,113,117,141,145,64,60,21,45,20,36,81,151,99,10,93,124,42,29,162,82,57,175,193,209,88,3	2,0,0.9315,0,3;4,2,0.4425,0,216;8,2,0.0175,0,201;8,0,0.1505,0,21;2,5,0.2435,0,90;3,5,0.9085,0,89
claim-temporal-development-train-01412	8	3	2	61,110,175,83,194,209,151,56,129,70,21,64,138,19,141,148,8,94,130,189,113,196,37,42,203,117,12,183,101,30,201,90,81,45,171,160	7,2,0.7925,0,162;5,3,0.5825,0,111;7,3,0.0225,1,135;8,1,0.4925,1,145;4,4,0.3555,0,178;8,0,0.5725,0,170
claim-temporal-development-train-01413	0	3	0	76,68,148,103,134,92,199,127,141,174,204,140,111,93,162,203,69,58,12,197,52,43,149,117,163,16,171,116,28,204,5,86,45,162,37,21	4,2,0.0005,0,96;3,3,0.6455,0,128;3,0,0.9305,0,144;3,4,0.8445,0,1;6,5,0.9315,0,56;6,4,0.9165,0,17
claim-temporal-development-train-01414	5	2	1	65,177,21,45,132,91,156,57,196,34,191,16,3,192,142,166,200,69,110,82,42,75,11,93,31,115,100,150,176,124,117,58,205,165,137,147	2,1,0.1705,0,114;6,0,0.4515,0,55;8,0,0.2115,0,179;2,0,0.6955,0,105;3,4,0.7875,0,12;3,2,0.3615,1,199
claim-temporal-development-train-01415	1	0	1	114,188,211,182,21,141,83,69,150,172,135,153,117,79,59,91,15,94,39,129,109,140,99,179,188,18,155,186,7,42,45,25,67,145,195,50	6,5,0.5905,0,90;0,5,0.5635,0,104;1,1,0.7275,0,201;6,1,0.7065,1,21;2,3,0.4235,0,151;8,5,0.8895,0,45
claim-temporal-development-train-01416	1	3	1	150,39,9,41,183,205,167,212,154,122,18,141,10,21,148,91,207,69,136,96,205,111,132,28,197,173,79,118,86,98,47,62,65,157,112,51	8,0,0.4495,0,37;3,5,0.2405,2,13;2,4,0.2735,0,14;6,4,0.7435,3,210;1,5,0.0585,1,25;1,2,0.0125,0,198
claim-temporal-development-train-01417	6	0	1	29,93,142,202,200,64,92,198,150,135,208,197,58,69,114,7,21,214,198,73,118,145,123,136,16,171,82,12,52,201,39,109,45,40,99,186	6,2,0.1755,0,35;4,5,0.0805,0,68;3,0,0.0885,0,121;0,0,0.8415,0,118;2,3,0.5985,1,122;2,5,0.0795,1,111
claim-temporal-development-train-01418	2	2	2	212,98,136,45,90,115,121,161,84,39,141,179,65,40,195,108,52,27,147,63,93,162,24,198,209,132,186,69,157,20,5,15,166,117,151,78	4,5,0.9975,3,130;2,5,0.0275,0,201;3,5,0.2745,0,224;5,2,0.5815,0,113;1,2,0.6505,0,230;0,2,0.0775,0,40
claim-temporal-development-train-01419	2	0	2	151,169,74,82,36,115,108,160,163,209,93,50,10,162,145,61,64,100,3,128,130,117,191,142,31,136,189,195,43,198,91,183,69,22,46,19	2,0,0.7635,1,128;6,2,0.6835,1,238;1,3,0.1845,0,163;1,0,0.6895,0,134;3,2,0.7855,0,55;7,0,0.0675,1,232
claim-temporal-development-train-01420	2	2	0	23,203,100,207,128,39,177,117,162,74,131,176,11,42,147,203,45,107,2,16,149,182,161,69,141,212,82,66,60,180,90,52,140,33,93,113	1,1,0.0275,2,154;8,5,0.5745,0,35;3,2,0.4865,0,183;1,0,0.5625,0,99;3,1,0.3315,0,168;7,1,0.8105,0,163
claim-temporal-development-train-01421	1	2	1	168,52,150,37,20,62,115,109,117,89,99,24,15,141,65,42,93,198,167,71,187,9,28,152,80,138,191,174,174,173,186,47,133,86,122,147	8,5,0.9965,3,38;3,3,0.5135,2,159;3,4,0.2385,2,186;7,4,0.3595,0,223;2,3,0.7905,0,192;1,3,0.4885,0,84
claim-temporal-development-train-01422	10	2	1	75,198,21,60,141,117,69,189,64,83,201,111,203,206,132,127,215,93,44,52,19,137,15,45,160,92,150,115,9,38,147,103,176,33,175,213	8,5,0.6035,0,156;8,4,0.9495,0,98;3,2,0.1055,0,57;2,1,0.9395,0,185;6,5,0.7115,0,217;6,2,0.3005,0,171
claim-temporal-development-train-01423	9	2	2	180,106,21,32,11,171,170,117,86,5,151,99,137,206,175,143,88,45,80,69,183,40,93,204,207,147,56,174,61,116,18,214,131,38,125,68	4,1,0.5465,0,36;7,4,0.0165,0,85;7,3,0.9095,0,100;7,4,0.1955,0,181;2,0,0.9395,0,32;4,1,0.3485,2,159
claim-temporal-development-train-01424	1	3	0	141,153,177,15,129,113,199,64,175,17,149,167,117,21,157,93,3,109,135,45,79,136,87,34,105,195,162,212,41,197,91,62,55,31,148,69	2,5,0.2535,0,161;6,0,0.3315,0,152;6,4,0.1015,0,255;6,5,0.7675,0,71;8,3,0.2075,0,25;8,5,0.1055,0,163
claim-temporal-development-train-01425	0	3	0	69,166,96,192,117,131,161,34,76,42,89,102,57,15,27,155,182,141,112,139,59,123,4,195,21,210,163,66,148,211,149,189,84,45,20,110	3,5,0.9875,0,41;2,0,0.4125,0,87;8,1,0.5085,0,130;3,2,0.2735,3,246;5,4,0.0455,0,13;2,1,0.7495,0,82
claim-temporal-development-train-01426	7	3	2	38,93,124,148,42,151,16,21,133,70,89,63,112,194,65,152,141,212,183,46,107,100,201,84,57,181,10,118,159,136,180,171,5,33,201,74	4,0,0.0875,0,202;8,4,0.5365,1,6;8,5,0.3615,1,191;1,2,0.2805,0,81;3,1,0.0905,1,168;3,3,0.0045,0,19
claim-temporal-development-train-01427	8	2	0	124,86,64,157,78,115,117,25,161,111,154,42,21,102,15,177,60,91,175,51,194,17,177,69,93,141,140,182,147,149,9,39,133,188,185,45	8,5,0.3765,0,39;0,5,0.4635,0,50;2,2,0.1285,0,139;5,4,0.7325,0,16;5,5,0.6345,0,150;3,3,0.8065,0,244
claim-temporal-development-train-01428	5	2	0	198,149,120,97,72,173,167,20,22,11,45,64,142,155,159,171,79,184,93,115,27,152,147,34,191,90,2,138,86,51,108,173,131,123,63,41	1,1,0.8795,1,91;2,0,0.2845,0,9;2,5,0.0555,3,175;6,4,0.5175,0,126;0,2,0.7075,3,108;2,1,0.4385,1,39
claim-temporal-development-train-01429	0	3	1	141,88,163,215,64,93,78,120,138,182,34,115,133,52,209,21,26,17,164,69,14,195,158,40,124,1,212,148,109,86,45,150,61,186,100,187	0,4,0.3665,0,119;1,0,0.0605,0,108;3,3,0.0495,0,210;5,4,0.1435,0,2;3,3,0.7995,3,56;3,3,0.4755,0,58
claim-temporal-development-train-01430	0	3	2	93,38,141,58,19,25,162,167,207,41,114,92,82,151,3,21,73,173,66,14,183,109,204,130,45,117,164,148,57,124,69,139,206,100,171,211	2,4,0.7345,0,144;0,4,0.2285,0,114;8,0,0.5165,0,44;0,0,0.8715,0,195;3,3,0.5245,0,90;3,0,0.6835,0,72
claim-temporal-development-train-01431	10	0	1	67,69,61,215,7,21,207,97,16,157,117,189,166,93,170,215,82,183,29,75,201,45,211,108,11,124,57,141,145,36,137,112,150,88,135,42	6,1,0.0055,0,90;4,2,0.4795,0,162;8,3,0.7475,0,221;2,0,0.1315,0,18;0,2,0.1185,0,104;3,5,0.2205,0,151
claim-temporal-development-train-01432	6	2	1	198,132,141,193,63,197,4,183,34,193,49,42,28,95,162,107,74,206,91,11,150,192,117,194,100,125,69,147,67,113,136,19,47,85,172,23	3,1,0.7065,2,154;3,0,0.5195,2,102;0,5,0.6325,0,244;1,3,0.7895,2,242;3,1,0.2725,0,220;4,2,0.0935,0,58
claim-temporal-development-train-01433	10	0	0	153,91,193,174,95,43,209,142,53,17,166,46,121,13,6,110,69,211,133,117,140,197,113,38,31,158,66,21,85,145,167,149,213,63,76,98	5,3,0.3045,0,219;6,4,0.6375,1,219;4,5,0.4625,0,88;3,3,0.7015,2,112;1,4,0.3605,0,19;0,3,0.9765,1,79
claim-temporal-development-train-01434	8	2	2	102,133,178,31,181,65,45,58,151,11,159,178,69,42,214,84,76,9,94,138,113,91,126,141,57,21,110,117,34,177,197,147,203,193,19,178	8,1,0.7435,0,174;6,0,0.5565,0,196;8,0,0.3215,0,1;3,2,0.6335,1,0;5,4,0.3805,0,164;5,3,0.5235,0,198
claim-temporal-development-train-01435	7	0	1	180,141,93,178,59,150,5,204,189,115,14,34,21,140,27,122,99,214,45,160,66,81,40,90,86,145,184,120,154,56,106,214,211,71,133,17	4,4,0.3665,0,114;2,0,0.0795,0,246;7,1,0.5255,2,175;8,4,0.5795,0,210;2,0,0.6995,3,175;1,3,0.8655,0,118
claim-temporal-development-train-01436	10	1	2	151,101,93,130,18,110,193,141,113,139,21,52,159,209,127,45,90,163,14,9,64,69,195,83,78,60,34,211,32,146,43,177,205,206,155,119	8,4,0.4875,0,237;7,0,0.7485,0,133;3,2,0.0095,0,62;5,1,0.4695,0,74;4,4,0.3755,2,246;6,0,0.6185,0,223
claim-temporal-development-train-01437	1	2	1	67,174,42,83,172,59,212,202,69,12,210,88,150,29,119,94,81,53,147,192,215,211,107,139,202,19,5,116,135,100,213,141,35,123,21,45	4,2,0.7605,0,163;4,1,0.4675,0,189;4,1,0.6305,0,137;8,1,0.1785,1,168;3,1,0.9215,2,219;2,5,0.6775,0,150
claim-temporal-development-train-01438	6	3	1	196,187,14,83,114,167,110,28,21,57,213,150,200,135,152,67,40,92,93,185,210,141,48,100,159,140,35,69,16,148,121,60,3,76,201,120	2,4,0.1455,0,201;3,1,0.1595,3,241;8,2,0.6755,0,78;3,1,0.8645,0,82;3,4,0.5595,3,11;0,5,0.8905,0,204
claim-temporal-development-train-01439	7	3	0	108,192,186,191,93,214,71,20,126,90,13,105,74,55,28,141,21,62,183,131,34,66,87,173,118,148,171,40,192,173,139,114,45,161,2,149	1,3,0.9695,0,130;3,0,0.1655,0,215;6,4,0.4585,2,209;1,5,0.4025,0,208;8,2,0.5685,1,95;5,1,0.6955,0,87
claim-temporal-development-train-01440	5	2	2	141,153,152,209,138,34,152,151,84,120,7,147,198,200,79,90,52,195,161,106,130,125,11,45,94,22,99,18,112,33,61,42,68,210,208,69	6,1,0.4555,1,77;8,0,0.4195,0,63;3,3,0.8815,0,64;6,2,0.5685,1,54;2,0,0.1465,3,226;4,0,0.5265,0,79
claim-temporal-development-train-01441	2	2	0	171,65,115,41,60,82,49,79,21,186,92,149,139,214,164,204,178,175,175,154,147,16,117,14,45,141,32,130,93,4,213,69,126,34,106,100	3,4,0.0795,0,142;7,0,0.3755,0,160;0,2,0.2955,0,134;6,0,0.8295,0,115;3,0,0.7295,0,167;5,0,0.7615,0,213
claim-temporal-development-train-01442	0	3	0	77,141,19,154,39,114,27,45,105,52,12,131,87,4,117,40,21,93,71,154,63,136,110,205,214,174,168,174,88,149,67,148,200,195,125,154	3,2,0.7645,0,0;2,5,0.1565,0,51;3,5,0.7205,2,187;4,5,0.0615,0,145;8,4,0.5445,0,131;4,1,0.1175,0,13
claim-temporal-development-train-01443	4	1	0	57,146,141,68,63,181,45,41,190,159,181,129,91,93,69,80,116,21,12,156,100,175,131,17,172,211,34,182,179,1,28,85,149,117,136,111	0,2,0.3665,0,103;3,0,0.3895,0,8;8,5,0.8565,0,174;7,3,0.7615,0,142;3,5,0.8345,0,95;8,1,0.1415,0,54
claim-temporal-development-train-01444	3	0	0	98,39,64,141,59,204,176,75,192,92,117,196,124,149,194,164,50,130,107,177,93,7,114,138,45,42,166,180,28,145,12,21,19,193,69,86	6,2,0.7245,0,205;3,5,0.5665,0,224;1,1,0.0125,0,168;2,4,0.9355,0,163;1,1,0.4455,0,96;3,0,0.4935,0,3
claim-temporal-development-train-01445	1	3	1	168,34,2,19,99,150,62,212,96,194,148,163,27,155,161,141,127,24,14,137,90,175,106,152,53,69,65,80,196,208,130,112,85,43,45,117	1,4,0.6175,3,31;2,0,0.7655,0,43;4,4,0.2685,0,233;7,3,0.4055,3,60;2,0,0.1575,0,191;6,0,0.2165,0,67
claim-temporal-development-train-01446	0	3	0	89,81,142,84,93,38,154,66,211,138,72,55,130,4,206,60,19,28,208,117,107,41,181,116,45,162,148,11,149,21,152,100,185,129,156,166	3,1,0.7935,0,213;3,4,0.3505,0,226;6,2,0.5035,3,239;8,2,0.3425,0,162;3,1,0.8025,0,94;8,0,0.5995,1,141
claim-temporal-development-train-01447	0	3	2	16,93,168,73,138,148,192,196,191,151,40,49,59,87,110,124,65,181,89,117,7,141,45,99,69,116,171,39,168,21,13,212,199,133,33,180	6,3,0.0155,0,2;8,5,0.0685,0,154;0,1,0.3345,0,78;0,5,0.2795,0,149;2,4,0.8165,0,0;3,3,0.5045,0,143
claim-temporal-development-train-01448	1	0	0	114,38,28,144,92,172,1,158,19,158,45,180,93,191,165,57,21,66,14,172,60,138,117,131,171,149,202,181,69,126,86,103,109,75,145,41	0,4,0.7025,0,234;3,4,0.3405,0,114;8,2,0.5405,0,10;2,4,0.9875,0,141;6,3,0.5895,0,199;5,1,0.4945,3,76
claim-temporal-development-train-01449	0	3	0	208,93,50,64,117,136,11,203,113,178,4,19,127,207,86,91,149,203,189,102,160,69,182,134,152,42,148,110,59,141,197,45,28,21,37,79	3,1,0.6875,0,3;3,3,0.5715,0,253;1,1,0.0345,0,184;6,4,0.7765,0,204;5,4,0.2725,0,127;6,4,0.0435,0,0
claim-temporal-development-train-01450	5	3	0	21,149,67,45,7,209,38,118,164,141,148,128,69,113,88,93,205,62,152,135,84,11,31,207,196,44,155,55,75,103,155,161,17,137,179,111	6,1,0.3935,0,144;6,4,0.9505,0,72;6,4,0.7505,0,189;2,2,0.0575,0,48;6,5,0.2995,1,2;7,5,0.3315,0,248
claim-temporal-development-train-01451	1	2	0	41,83,97,192,112,109,80,158,12,52,135,60,93,185,68,208,197,160,8,69,123,28,170,36,45,140,19,149,174,117,147,141,180,21,89,199	7,2,0.7825,0,82;3,2,0.2155,0,135;3,2,0.9235,0,135;7,1,0.3315,0,170;0,3,0.0005,0,46;2,5,0.8825,0,202
claim-temporal-development-train-01452	1	0	2	126,13,45,55,17,110,151,187,117,185,114,177,185,78,197,60,86,203,190,3,215,71,64,36,99,199,44,145,141,140,21,32,131,165,89,95	2,3,0.2545,0,2;7,2,0.8475,0,46;6,2,0.0325,2,32;5,4,0.2185,2,38;2,4,0.5695,0,29;5,1,0.8705,0,128
claim-temporal-development-train-01453	1	2	1	5,48,213,178,122,195,51,99,35,21,178,93,150,62,18,64,113,163,196,199,159,138,147,111,72,43,79,132,154,144,117,82,33,92,215,11	4,1,0.5965,0,18;8,1,0.6605,3,22;2,4,0.1845,3,234;6,0,0.8365,0,117;2,5,0.2505,0,228;1,2,0.5805,3,150
claim-temporal-development-train-01454	7	2	2	98,197,39,93,174,132,201,19,76,189,166,178,116,42,182,21,87,45,10,138,69,187,49,110,117,128,151,197,147,89,9,66,161,27,143,60	8,0,0.6535,0,202;2,5,0.4025,0,26;0,2,0.5175,0,180;3,5,0.2775,0,164;1,4,0.8345,0,117;7,2,0.4345,2,235
claim-temporal-development-train-01455	10	0	1	75,62,203,121,88,12,69,168,191,190,150,39,145,105,155,155,28,45,164,116,117,132,136,5,215,109,41,21,82,195,49,141,211,93,65,19	4,2,0.6825,0,75;3,5,0.2705,0,77;0,4,0.3945,0,154;2,0,0.1685,0,205;8,3,0.8305,0,83;0,2,0.1965,0,78
claim-temporal-development-train-01456	5	2	1	83,38,28,103,41,45,187,192,21,6,147,150,188,131,10,171,141,76,175,18,71,66,93,116,53,189,157,138,90,157,61,125,117,203,107,164	5,0,0.5925,0,170;3,4,0.2895,0,116;4,3,0.4835,2,195;3,1,0.5045,0,36;6,1,0.9865,0,132;4,1,0.4075,0,12
claim-temporal-development-train-01457	9	0	1	69,164,182,31,91,34,14,85,80,161,41,117,150,45,177,173,159,64,145,3,50,19,21,62,175,128,114,197,193,108,134,207,141,93,137,98	2,4,0.7235,0,114;6,0,0.2395,0,218;1,4,0.1595,0,119;7,3,0.6855,0,193;1,2,0.4795,0,55;7,4,0.3015,0,181
claim-temporal-development-train-01458	2	3	0	112,190,203,149,33,170,34,93,7,76,148,48,24,196,183,65,121,15,130,55,90,105,158,143,59,42,136,69,83,189,120,111,16,158,188,176	6,5,0.1105,3,177;8,0,0.5815,3,85;6,1,0.2185,0,195;3,1,0.5825,0,179;8,5,0.0685,3,76;0,0,0.1505,2,22
claim-temporal-development-train-01459	6	1	2	59,141,190,117,82,164,121,21,93,68,134,25,92,151,159,140,45,37,77,69,185,113,199,98,7,161,184,146,204,40,197,16,54,210,106,10	6,0,0.0905,0,36;0,3,0.0085,0,29;5,1,0.8075,0,177;4,0,0.9515,0,48;1,0,0.3715,0,182;0,4,0.9335,0,129
claim-temporal-development-train-01460	2	0	0	35,21,132,191,206,149,66,141,60,20,69,95,28,45,91,191,44,54,140,126,204,7,145,214,107,207,117,82,176,176,81,214,12,116,101,206	6,2,0.9865,0,74;3,1,0.8975,0,167;5,2,0.5815,0,199;8,0,0.7865,2,150;4,1,0.8125,0,152;5,2,0.9175,0,97
claim-temporal-development-train-01461	6	0	2	51,137,44,210,192,9,91,155,68,13,117,181,99,145,123,192,131,155,107,21,169,63,30,93,18,208,34,70,87,141,151,190,46,189,112,73	8,3,0.5355,0,39;5,0,0.9195,1,106;2,5,0.9985,1,37;0,5,0.7685,0,155;2,1,0.0625,0,5;2,1,0.3745,0,255
claim-temporal-development-train-01462	2	2	0	133,50,72,156,166,141,147,93,161,210,106,211,13,34,122,28,100,192,83,209,16,42,21,191,46,90,76,7,214,66,149,117,138,192,115,63	6,3,0.1655,0,6;3,0,0.4515,1,19;1,5,0.5155,3,45;3,1,0.5095,0,82;3,0,0.7225,0,162;1,3,0.4255,0,141
claim-temporal-development-train-01463	5	1	0	79,136,45,203,100,109,124,35,183,65,183,4,93,19,58,146,31,153,156,168,156,194,135,196,89,162,85,10,69,141,117,52,44,21,112,149	3,0,0.6955,0,94;6,1,0.9405,0,252;3,0,0.3615,0,201;6,3,0.3065,0,68;3,3,0.1515,0,114;3,5,0.1885,0,255
claim-temporal-development-train-01464	1	3	0	41,156,7,134,51,139,73,21,85,124,176,192,89,182,197,141,149,111,102,214,180,115,38,17,95,25,178,48,67,177,69,15,61,120,162,148	6,5,0.3765,0,203;0,4,0.2345,3,66;2,3,0.6325,0,201;0,3,0.3695,2,116;5,5,0.7505,3,125;3,4,0.6135,0,168
claim-temporal-development-train-01465	9	2	0	37,59,164,153,52,77,42,149,15,141,94,158,91,207,107,156,66,87,194,114,70,199,29,153,18,128,24,138,117,133,147,5,184,45,206,99	4,5,0.4175,3,218;4,3,0.4365,0,234;3,1,0.4755,1,217;4,5,0.6885,1,65;2,1,0.4725,0,96;7,3,0.4125,0,83
claim-temporal-development-train-01466	5	2	2	195,76,178,95,69,21,168,140,201,116,39,4,157,83,169,197,15,151,18,133,98,52,65,45,31,147,197,160,109,44,59,214,89,141,117,122	3,5,0.5785,0,96;6,5,0.9705,0,166;3,1,0.2045,0,38;3,1,0.3035,2,88;1,3,0.8375,0,242;1,3,0.9335,0,189
claim-temporal-development-train-01467	10	3	2	156,212,90,141,36,137,69,57,11,94,123,173,45,108,63,194,193,131,27,171,40,185,204,19,148,84,3,198,67,102,73,117,151,21,113,163	2,1,0.7235,0,121;2,2,0.0165,0,26;8,5,0.7155,0,81;0,2,0.5255,1,230;5,2,0.3785,0,203;2,1,0.2635,0,167
claim-temporal-development-train-01468	2	1	1	146,201,117,157,59,102,116,20,207,45,141,93,184,150,56,132,68,83,25,196,90,106,35,136,168,43,22,15,189,77,69,166,157,127,9,201	8,5,0.9375,1,204;0,1,0.6235,0,232;7,1,0.8225,0,225;4,1,0.4505,0,107;5,0,0.8755,0,152;6,2,0.0115,0,234
claim-temporal-development-train-01469	6	3	1	117,150,141,181,189,20,181,43,135,148,90,36,175,107,165,4,200,93,63,102,193,74,54,154,121,113,64,27,47,83,183,193,21,69,10,139	3,0,0.9515,0,206;2,2,0.7375,2,128;5,5,0.0905,0,205;1,1,0.4075,0,96;5,1,0.3135,0,157;0,5,0.6005,0,114
claim-temporal-development-train-01470	10	0	2	145,108,10,141,82,153,68,20,179,202,29,182,45,131,119,6,21,88,138,42,94,203,123,60,51,163,209,151,173,77,175,103,39,116,71,198	5,0,0.9385,0,6;4,5,0.5205,0,149;2,2,0.9475,2,182;4,0,0.0885,1,20;6,2,0.9475,2,253;2,1,0.5085,0,160
claim-temporal-development-train-01471	3	0	0	13,100,87,212,69,139,78,66,181,135,198,141,145,208,17,116,88,124,149,52,208,185,156,41,202,93,117,21,38,210,45,4,109,61,208,27	3,3,0.2425,0,242;2,4,0.2725,0,56;3,3,0.4845,0,191;5,5,0.1545,0,62;3,3,0.9765,0,167;3,5,0.7155,0,223
claim-temporal-development-train-01472	10	0	2	129,17,203,4,145,207,141,87,81,203,26,66,155,69,21,189,117,89,54,179,157,137,210,130,14,45,41,59,93,179,203,151,38,106,99,114	3,4,0.3435,0,108;1,4,0.3395,0,166;5,1,0.4105,0,124;8,5,0.3385,0,152;2,0,0.4755,0,169;8,0,0.3905,0,254
claim-temporal-development-train-01473	5	3	0	62,194,17,148,210,143,14,124,21,100,197,183,45,91,130,154,93,72,137,33,79,41,56,118,182,39,185,170,149,108,87,186,6,114,172,67	5,4,0.3595,0,5;8,5,0.3735,0,93;7,4,0.7635,3,50;6,5,0.7145,0,217;3,2,0.5245,1,115;3,0,0.3935,2,85
claim-temporal-development-train-01474	9	3	0	44,69,195,149,138,93,117,163,16,177,92,61,177,134,148,66,109,57,21,153,168,208,141,121,12,47,104,39,75,187,116,26,2,86,162,204	1,2,0.0605,0,160;1,5,0.9525,2,44;8,3,0.5335,0,194;2,4,0.8615,0,177;7,3,0.8085,0,123;0,4,0.5775,0,192
claim-temporal-development-train-01475	1	3	1	117,10,51,90,165,185,21,61,212,115,18,68,140,148,156,190,45,150,69,39,174,83,41,153,93,109,158,73,144,105,3,122,164,195,26,134	2,0,0.5665,0,149;1,5,0.3685,0,102;2,3,0.8765,0,97;0,1,0.5945,0,127;8,3,0.6315,0,196;1,4,0.8075,3,185
claim-temporal-development-train-01476	0	3	1	90,37,198,117,164,178,16,171,188,176,45,132,64,8,150,14,95,55,160,141,40,100,181,71,31,116,82,124,136,58,162,21,75,148,107,153	7,4,0.1355,0,248;6,3,0.0065,0,183;6,0,0.0005,2,248;2,0,0.4235,2,154;3,1,0.8095,0,254;3,2,0.0105,0,127
claim-temporal-development-train-01477	7	3	0	185,53,211,200,93,15,183,74,105,41,134,66,137,193,16,178,117,115,87,9,21,198,110,62,190,92,30,46,149,205,126,71,164,144,148,39	8,5,0.0905,0,203;5,5,0.2685,1,28;4,4,0.5165,2,124;1,5,0.9405,0,22;8,4,0.7055,0,73;5,4,0.3415,3,229
claim-temporal-development-train-01478	2	3	0	117,8,10,183,156,81,185,25,69,205,193,68,187,45,132,141,98,122,35,140,85,108,189,186,113,165,149,195,44,93,60,92,52,21,148,18	7,0,0.5745,0,195;0,1,0.8595,0,4;3,2,0.9815,0,247;8,3,0.8985,0,207;1,2,0.3735,0,128;1,2,0.9795,0,40
claim-temporal-development-train-01479	5	2	2	140,60,66,114,194,151,147,84,55,73,93,141,208,194,204,135,186,165,3,210,24,27,117,69,12,110,45,212,198,124,170,100,37,16,43,88	2,2,0.0535,3,198;2,3,0.6405,0,234;6,2,0.5975,0,206;0,2,0.0255,0,166;3,4,0.5755,0,7;3,5,0.9205,0,242
claim-temporal-development-train-01480	9	2	0	166,80,211,197,49,93,61,40,7,26,45,90,69,14,136,174,18,111,86,64,113,21,36,149,117,181,204,208,135,147,123,195,101,199,141,209	6,4,0.4715,0,137;1,2,0.1425,0,205;0,3,0.0145,0,163;7,4,0.4155,0,13;4,5,0.2075,0,106;2,5,0.0945,0,5
claim-temporal-development-train-01481	10	3	2	151,191,78,180,111,113,167,7,90,69,139,21,167,188,179,117,82,93,67,63,31,141,35,148,102,41,45,51,125,133,16,172,213,183,14,189	6,4,0.1685,0,31;6,1,0.3045,0,131;2,5,0.7555,0,66;5,0,0.4835,0,112;5,5,0.2655,0,189;4,3,0.7865,0,62
claim-temporal-development-train-01482	6	3	0	100,75,61,117,96,156,164,132,69,201,45,109,67,149,21,112,41,205,202,13,20,49,9,168,205,195,148,32,87,121,157,89,34,141,178,140	8,3,0.8215,0,247;7,0,0.2375,0,144;0,3,0.6045,0,14;2,5,0.3575,3,200;3,3,0.1915,0,62;0,2,0.8055,0,61
claim-temporal-development-train-01483	0	2	0	214,132,202,136,119,76,20,47,28,62,149,9,24,39,200,174,127,174,43,101,198,87,69,56,179,141,177,147,205,163,112,12,64,88,94,109	8,2,0.8235,3,133;3,5,0.7725,2,197;7,4,0.1915,0,162;3,5,0.0795,1,186;4,3,0.1215,2,157;6,2,0.1335,0,140
claim-temporal-development-train-01484	3	0	2	145,133,141,39,124,43,117,69,104,163,151,114,161,88,68,211,16,210,214,50,171,45,181,84,168,58,80,93,198,13,138,27,107,213,24,5	4,3,0.0575,3,12;2,5,0.6975,0,37;1,0,0.9835,0,83;7,2,0.0565,0,81;7,1,0.4365,0,63;3,3,0.5525,0,3
claim-temporal-development-train-01485	2	3	2	91,151,6,51,169,112,213,108,208,173,83,61,98,123,205,178,139,173,19,79,161,152,45,21,35,43,117,130,141,93,12,200,70,148,28,64	5,2,0.7405,0,95;3,1,0.7745,0,53;2,3,0.0065,1,52;6,1,0.6045,0,189;1,2,0.0365,0,90;2,0,0.6715,0,7
claim-temporal-development-train-01486	1	2	0	59,176,64,155,72,111,206,88,87,181,141,76,47,99,42,138,50,167,211,11,124,164,28,117,20,113,199,149,2,190,131,39,21,147,93,161	1,1,0.9405,0,94;3,5,0.5295,2,76;1,1,0.0705,3,186;3,5,0.1725,0,34;2,5,0.2555,0,119;3,1,0.4925,0,170
claim-temporal-development-train-01487	9	0	2	45,127,135,172,56,23,171,11,104,17,180,175,69,117,93,145,41,185,109,39,25,77,188,136,67,115,207,63,166,151,184,193,90,86,1,141	0,1,0.2175,2,89;0,5,0.2175,0,134;7,5,0.7055,0,111;4,4,0.4165,0,25;7,3,0.6065,0,111;6,5,0.0425,0,107
claim-temporal-development-train-01488	7	0	2	45,136,184,20,70,126,90,74,151,25,37,8,93,56,185,84,114,206,21,105,185,130,190,175,43,107,189,11,211,117,62,67,145,189,189,141	7,1,0.8985,0,165;0,3,0.7335,0,192;7,4,0.7275,1,31;1,2,0.5545,0,96;8,1,0.5485,0,129;5,0,0.0595,0,39
claim-temporal-development-train-01489	8	2	1	136,147,188,64,158,121,103,41,130,50,14,114,196,204,21,166,36,31,150,86,213,69,3,196,78,17,92,200,159,169,45,118,141,93,106,62	2,4,0.3015,0,182;6,2,0.2505,0,10;1,4,0.1305,0,231;5,4,0.8345,0,198;6,0,0.4025,1,127;0,0,0.1405,0,84
claim-temporal-development-train-01490	9	1	2	111,117,68,151,187,141,176,186,93,61,146,41,92,86,168,163,21,165,13,133,172,28,7,54,19,80,136,176,160,38,103,112,125,156,72,45	6,3,0.6845,0,12;3,4,0.2295,0,123;5,3,0.8055,3,119;7,4,0.9215,0,187;6,5,0.0775,0,155;4,3,0.1445,0,241
claim-temporal-development-train-01491	1	2	0	133,187,30,141,108,149,81,41,21,65,136,39,9,162,16,70,55,169,124,46,117,159,156,115,99,10,61,83,172,147,93,179,196,158,163,89	8,0,0.0565,0,207;5,5,0.3245,1,170;6,3,0.3745,1,235;8,1,0.2465,0,44;2,2,0.7955,0,87;3,3,0.0795,0,194
claim-temporal-development-train-01492	4	1	2	211,128,151,210,18,4,195,43,69,200,74,60,89,174,154,39,138,141,93,113,47,169,21,67,33,203,82,57,15,109,118,100,134,175,165,146	3,5,0.5315,0,225;8,5,0.7255,2,118;8,2,0.6905,0,33;1,0,0.2625,0,247;3,3,0.3735,1,166;7,4,0.5085,0,21
claim-temporal-development-train-01493	9	3	0	191,128,204,212,212,180,60,42,84,195,90,50,148,34,114,3,74,120,12,135,172,141,106,93,149,46,21,187,69,66,138,192,105,29,16,176	2,2,0.0595,0,143;4,0,0.5635,1,48;1,2,0.4515,0,251;1,2,0.5885,0,25;8,0,0.5995,3,138;7,5,0.4975,0,193
claim-temporal-development-train-01494	1	3	0	149,196,130,85,67,148,69,117,21,3,45,154,39,136,54,103,15,59,121,93,202,185,113,213,88,173,176,142,42,80,106,176,184,20,30,179	2,5,0.9785,0,109;5,5,0.5925,0,168;5,1,0.6475,0,24;7,3,0.1555,0,0;6,0,0.3365,0,132;0,0,0.1725,1,55
claim-temporal-development-train-01495	1	3	0	198,53,116,93,133,106,39,123,155,4,141,75,176,148,64,62,69,153,99,177,86,33,149,159,42,180,46,90,209,21,10,117,157,137,18,164	3,0,0.5425,0,96;8,5,0.5865,1,143;4,4,0.0695,0,193;2,4,0.4595,0,134;2,0,0.8235,0,128;2,3,0.2125,0,117
claim-temporal-development-train-01496	7	0	1	112,37,101,122,62,171,192,201,26,3,82,70,145,141,11,43,172,64,212,138,134,161,21,150,109,153,93,74,51,203,45,213,18,204,117,90	2,1,0.5945,0,253;1,3,0.7175,0,78;2,4,0.1905,1,47;1,0,0.5525,0,87;4,3,0.1255,0,36;1,4,0.5235,0,196
claim-temporal-development-train-01497	2	0	2	202,174,198,60,45,86,213,42,121,88,98,117,167,7,206,17,81,69,21,11,132,93,151,108,68,156,145,141,28,163,114,191,201,140,52,35	6,1,0.3875,0,175;3,1,0.5945,0,29;3,2,0.8545,0,44;8,4,0.1965,0,12;1,2,0.5725,0,226;0,2,0.8655,0,40
claim-temporal-development-train-01498	10	3	2	92,191,141,45,4,71,67,62,10,108,188,117,171,115,160,136,170,134,151,124,186,205,148,34,103,28,52,210,203,77,40,18,21,186,93,86	3,0,0.4805,0,198;3,0,0.1645,0,196;3,4,0.7005,2,89;4,4,0.8465,0,95;6,2,0.6035,0,44;3,4,0.1285,0,241
claim-temporal-development-train-01499	10	1	1	133,178,178,181,199,73,12,116,21,146,119,5,180,129,182,45,175,93,169,150,97,137,36,53,197,141,16,89,69,67,44,82,61,109,29,170	4,2,0.1995,0,62;4,2,0.8775,0,153;4,3,0.7835,0,133;0,0,0.3945,0,49;0,3,0.9825,2,193;8,3,0.2055,0,166
claim-temporal-development-train-01500	0	3	0	205,141,43,161,4,21,52,129,38,166,94,117,165,106,148,183,133,19,62,195,172,74,69,27,11,67,114,184,149,83,175,140,92,181,99,45	3,1,0.6685,0,62;2,4,0.6405,0,163;3,4,0.6695,0,103;1,1,0.9965,1,197;2,0,0.4045,0,117;8,3,0.8155,0,56
claim-temporal-development-train-01501	6	2	1	118,214,208,18,203,14,51,211,103,91,21,111,141,87,164,137,37,147,116,45,212,1,213,40,27,69,125,131,59,150,186,80,65,214,96,187	0,4,0.5475,0,41;2,3,0.0305,0,137;2,1,0.2545,0,161;7,5,0.6075,3,178;6,5,0.8145,1,157;4,1,0.2765,0,174
claim-temporal-development-train-01502	6	0	2	168,199,37,97,143,215,93,132,188,117,13,199,199,64,115,77,108,84,211,145,140,26,91,51,8,165,45,40,21,17,69,151,157,156,129,61	7,3,0.2095,0,70;1,3,0.1905,0,6;2,3,0.0655,0,163;4,2,0.6235,0,92;0,2,0.6455,0,110;8,2,0.8595,2,246
claim-temporal-development-train-01503	6	3	0	117,201,107,153,210,136,34,126,31,41,85,93,130,49,11,215,45,59,99,69,4,167,181,73,187,149,200,112,143,17,207,24,148,170,92,66	3,1,0.3085,3,209;6,0,0.2085,0,59;0,1,0.4685,0,10;0,3,0.9295,0,13;2,1,0.0645,0,248;5,0,0.1985,2,235
claim-temporal-development-train-01504	9	0	1	208,178,91,93,80,169,141,138,103,161,209,51,29,180,40,169,107,11,59,21,112,156,34,150,157,196,20,117,3,145,72,68,133,128,45,85	2,1,0.8285,0,243;4,0,0.0295,0,26;2,1,0.8545,3,19;7,3,0.6125,0,166;6,1,0.1005,0,95;7,3,0.4205,0,72
claim-temporal-development-train-01505	5	2	0	141,45,186,69,18,23,180,208,110,147,126,113,44,36,201,153,198,83,31,93,52,149,10,165,134,163,90,197,105,187,62,9,117,140,67,77	8,0,0.4235,2,249;6,2,0.9235,0,150;3,4,0.6715,0,25;4,1,0.5125,0,14;8,4,0.2725,0,135;5,4,0.8285,0,120
claim-temporal-development-train-01506	0	3	1	75,71,212,45,176,84,148,193,170,99,132,194,62,10,109,44,68,141,207,90,117,164,191,183,127,113,38,20,4,28,21,136,52,186,150,96	3,0,0.9275,0,64;3,4,0.8955,0,152;3,4,0.9055,2,215;2,2,0.4005,3,154;2,3,0.2155,0,164;6,2,0.0495,0,142
claim-temporal-development-train-01507	5	1	0	113,103,30,69,52,117,187,16,136,111,35,9,173,128,61,159,196,45,84,166,22,77,93,210,91,200,149,15,177,40,131,143,195,146,64,180	8,5,0.1155,1,44;5,1,0.0465,0,249;3,3,0.0025,0,245;4,2,0.7405,0,150;6,5,0.2615,0,146;7,1,0.1535,2,113
claim-temporal-development-train-01508	1	2	0	41,36,58,67,126,27,153,154,192,72,78,14,93,194,141,134,99,87,111,3,115,45,117,21,91,20,164,183,140,147,149,155,211,55,214,157	2,4,0.9665,0,101;2,2,0.2435,0,59;6,0,0.6585,3,227;5,5,0.6765,0,147;2,5,0.6105,0,42;5,4,0.8325,0,139
claim-temporal-development-train-01509	7	3	0	10,45,214,181,55,161,138,183,44,214,114,59,166,105,34,25,68,20,93,76,69,122,194,170,110,117,88,200,85,184,148,141,133,4,149,23	3,0,0.9125,2,135;0,0,0.8325,0,204;6,1,0.9845,0,193;3,3,0.0935,0,49;8,4,0.4775,0,90;1,3,0.4965,0,56
claim-temporal-development-train-01510	8	2	1	12,40,198,83,58,173,135,28,6,69,96,172,177,139,188,190,88,112,48,126,78,147,117,150,21,51,66,201,141,20,105,185,35,179,202,106	5,2,0.8375,0,21;3,1,0.1815,3,49;2,0,0.4475,0,17;5,1,0.1335,3,246;8,0,0.0665,0,131;5,5,0.6585,0,217
claim-temporal-development-train-01511	1	0	1	202,82,81,37,21,118,45,150,27,51,204,179,141,176,91,69,101,137,193,107,17,41,65,61,93,184,179,172,13,124,145,3,209,115,134,189	2,3,0.3135,0,195;2,3,0.3275,0,15;2,3,0.2675,0,29;8,0,0.7905,0,131;4,1,0.6775,1,27;3,4,0.3405,0,61
claim-temporal-development-train-01512	6	0	1	190,36,201,117,121,192,116,145,140,21,200,69,77,141,5,207,186,67,93,83,150,184,50,152,92,153,58,47,199,12,26,107,99,20,41,135	4,2,0.8345,0,195;1,2,0.3545,2,13;1,0,0.6955,0,48;4,1,0.9545,0,233;2,1,0.9975,0,15;0,5,0.9405,0,177
claim-temporal-development-train-01513	9	2	1	42,45,210,180,162,7,135,182,182,159,58,101,214,108,36,82,202,118,16,139,51,13,33,21,174,183,93,147,76,64,128,141,116,69,89,150	6,3,0.0675,0,33;8,2,0.5155,0,198;2,0,0.0875,0,154;3,0,0.2735,0,119;4,2,0.8125,1,38;7,5,0.7655,0,136
claim-temporal-development-train-01514	1	2	2	117,164,45,116,151,67,167,205,147,162,39,108,40,138,69,87,29,93,2,21,89,195,141,155,75,195,99,195,60,18,133,50,155,126,12,157	1,2,0.5795,0,0;4,5,0.0345,0,106;1,2,0.6915,0,172;2,5,0.3075,0,217;2,2,0.9125,0,144;5,3,0.4305,0,143
claim-temporal-development-train-01515	1	2	1	87,177,21,152,191,147,106,130,166,61,64,69,192,14,27,45,37,116,75,40,9,127,186,117,141,19,176,49,92,169,150,154,93,137,188,100	8,4,0.6215,0,189;2,3,0.1155,0,21;0,3,0.1305,0,58;2,5,0.8135,0,23;3,0,0.9635,0,24;6,0,0.3145,0,153
claim-temporal-development-train-01516	5	2	1	34,90,117,171,30,176,86,141,109,176,103,211,197,60,69,80,164,133,168,65,124,209,96,137,17,43,50,147,7,45,162,205,15,115,150,21	6,5,0.2665,0,166;5,0,0.7785,0,196;1,2,0.2535,0,240;7,4,0.4305,3,126;6,3,0.7845,0,22;3,3,0.2805,0,34
claim-temporal-development-train-01517	9	0	2	62,12,113,135,141,154,20,75,46,128,170,172,69,153,2,93,25,145,86,174,97,152,34,21,91,108,43,154,54,117,64,167,138,151,162,212	1,2,0.8755,0,174;0,0,0.7415,1,3;5,4,0.1635,0,89;2,4,0.7905,0,205;0,2,0.2595,0,62;7,5,0.4315,0,16
claim-temporal-development-train-01518	5	2	1	83,41,169,150,99,19,92,110,76,26,182,178,172,61,117,186,141,155,15,47,135,183,93,147,69,112,191,51,9,36,127,21,64,177,139,161	8,5,0.7105,0,186;1,2,0.2035,2,50;2,3,0.0125,0,150;3,1,0.9965,0,145;2,4,0.0315,0,98;6,5,0.6425,0,221
claim-temporal-development-train-01519	1	3	2	205,51,173,112,89,21,69,213,93,183,117,142,186,123,20,170,15,148,40,63,39,137,107,82,76,214,45,68,133,104,153,199,155,151,28,3	2,5,0.8725,0,211;3,5,0.0925,0,12;2,5,0.8565,0,194;3,0,0.2005,0,241;7,1,0.1725,0,46;2,3,0.2055,1,17
claim-temporal-development-train-01520	1	2	1	175,67,35,69,147,30,198,82,176,202,117,191,129,19,51,104,115,156,45,109,134,136,80,42,61,209,11,96,205,92,141,150,194,3,21,193	2,1,0.6605,0,229;5,1,0.4885,0,44;2,3,0.7215,0,47;7,0,0.9635,3,71;7,3,0.6785,0,23;8,4,0.1565,0,151
claim-temporal-development-train-01521	2	0	0	6,145,176,39,183,149,67,203,26,190,48,195,130,125,20,106,198,56,43,93,11,117,58,78,139,141,102,86,194,162,116,213,70,21,208,88	5,1,0.8655,0,68;1,5,0.7765,3,243;7,0,0.7355,1,94;5,4,0.1975,0,121;5,0,0.8415,0,160;4,0,0.7675,0,238
claim-temporal-development-train-01522	4	1	2	173,2,193,136,69,146,132,156,98,112,58,93,43,28,21,111,89,39,55,192,17,205,141,152,151,66,124,45,117,186,156,85,172,15,209,76	1,5,0.3255,0,72;3,5,0.7205,0,38;6,0,0.4365,0,153;3,3,0.3565,0,186;1,5,0.1535,0,210;3,2,0.1085,0,120
claim-temporal-development-train-01523	6	2	0	59,207,153,74,117,166,12,177,45,160,147,21,97,42,159,69,95,67,4,54,134,90,183,16,125,141,166,149,115,28,169,137,178,36,84,111	3,2,0.1775,0,190;3,2,0.4045,0,108;5,1,0.7765,0,98;1,2,0.4545,2,95;0,5,0.7325,0,86;4,4,0.3225,0,108
claim-temporal-development-train-01524	4	1	1	45,135,119,175,4,108,18,100,34,21,198,69,141,209,172,13,116,29,198,204,42,83,60,66,146,77,172,52,150,204,129,89,93,202,163,136	3,3,0.5115,0,81;4,0,0.4655,0,242;3,2,0.5655,0,168;4,1,0.3255,0,14;3,2,0.8075,2,61;8,5,0.0465,0,178
claim-temporal-development-train-01525	4	1	0	64,164,198,4,149,111,93,215,10,55,138,146,19,84,28,135,204,92,156,62,43,175,141,39,69,185,21,186,48,160,167,104,117,124,113,73	3,0,0.6145,0,128;3,5,0.7315,3,161;6,4,0.1655,0,132;0,2,0.8225,0,19;7,5,0.2415,0,6;3,5,0.4445,0,105
claim-temporal-development-train-01526	8	2	0	100,109,205,81,10,194,141,152,117,69,87,48,21,88,133,126,35,56,195,165,16,147,112,188,65,4,157,139,183,43,59,93,207,215,149,28	3,0,0.0595,0,77;3,1,0.7865,3,92;7,1,0.2975,0,2;8,5,0.1245,0,197;3,3,0.1835,0,138;5,3,0.7445,0,213
claim-temporal-development-train-01527	2	3	1	132,3,51,59,213,21,187,150,44,106,45,162,15,92,139,195,17,161,33,124,78,148,178,103,170,84,165,93,141,117,180,67,189,69,113,34	2,5,0.3585,0,171;8,0,0.8045,0,169;2,1,0.7055,0,95;5,2,0.8655,0,176;6,0,0.2275,0,145;3,2,0.7085,0,6
claim-temporal-development-train-01528	9	0	0	179,14,175,67,9,136,117,132,149,122,112,69,87,145,172,108,32,45,22,50,63,198,163,43,93,178,141,35,167,79,191,99,17,163,89,177	8,4,0.2515,1,199;7,1,0.7005,0,111;1,5,0.7515,0,91;6,5,0.3125,0,137;2,2,0.1355,0,167;1,2,0.0805,0,15
claim-temporal-development-train-01529	2	3	1	140,31,117,150,54,169,207,69,21,176,4,214,34,90,17,84,141,164,170,104,67,157,93,123,107,76,115,44,132,10,45,148,204,178,197,62	3,0,0.2185,0,106;6,0,0.8255,0,93;5,4,0.6545,0,138;3,2,0.5375,0,61;7,1,0.7635,0,238;2,2,0.8705,0,211
claim-temporal-development-train-01530	2	0	2	167,84,19,48,75,164,106,12,145,156,127,151,69,198,36,191,159,187,104,42,139,65,52,21,8,27,63,92,198,114,117,141,93,156,130,189	7,2,0.6535,0,60;2,2,0.5405,3,135;3,5,0.2345,0,4;2,2,0.8275,0,234;7,0,0.5505,0,203;6,0,0.7845,0,36
claim-temporal-development-train-01531	5	3	2	102,117,90,12,19,6,111,170,131,154,93,64,45,196,175,85,42,164,61,148,208,215,140,23,27,34,213,151,69,79,141,126,178,193,112,51	5,2,0.7335,2,25;2,0,0.4415,0,218;2,3,0.0015,0,180;6,3,0.5635,0,7;5,5,0.0725,0,18;5,1,0.8455,0,213
claim-temporal-development-train-01532	1	3	2	17,133,141,179,111,148,199,192,204,152,25,24,36,69,64,54,209,151,60,174,164,14,93,198,46,139,104,123,91,115,43,169,86,81,3,120	2,4,0.3905,3,155;0,2,0.6775,1,0;5,2,0.1645,0,217;8,4,0.7865,0,199;7,5,0.7175,3,233;2,3,0.7505,0,166
claim-temporal-development-train-01533	5	2	2	185,135,90,167,127,53,117,215,202,202,76,21,166,64,147,99,61,7,45,137,151,87,179,19,111,15,215,206,141,27,204,69,93,113,37,43	6,5,0.7395,0,80;2,3,0.6985,0,71;4,3,0.1255,0,22;3,5,0.5245,0,244;2,5,0.2995,0,244;6,5,0.3175,0,155
claim-temporal-development-train-01534	6	2	1	81,164,156,107,32,190,50,64,100,44,138,141,63,92,200,170,20,112,215,197,147,21,35,13,1,208,152,95,84,69,150,119,45,125,130,174	0,3,0.9615,0,138;7,1,0.9475,0,93;1,5,0.1935,0,27;8,2,0.8045,2,210;3,1,0.1735,2,55;4,0,0.4565,0,55
claim-temporal-development-train-01535	6	0	2	94,191,75,108,189,114,194,68,62,35,138,92,54,178,135,141,203,173,161,100,186,69,13,163,121,176,151,45,145,117,29,17,87,21,42,2	1,3,0.2415,0,14;4,1,0.4415,0,153;5,4,0.8635,0,183;2,5,0.8665,1,99;3,2,0.4605,0,138;0,5,0.5295,0,75
claim-temporal-development-train-01536	3	0	0	91,60,141,66,191,109,163,117,192,124,178,52,174,160,161,45,82,153,205,16,137,145,69,27,202,76,4,149,93,135,113,42,21,100,14,37	3,4,0.1735,0,54;2,3,0.5875,0,10;3,2,0.4405,0,144;3,0,0.6125,0,242;3,3,0.2135,0,10;3,5,0.3095,0,103
claim-temporal-development-train-01537	8	2	2	151,132,173,147,116,23,63,45,54,188,195,188,102,89,201,82,137,176,205,110,143,5,20,121,117,35,188,95,43,154,200,66,75,28,69,13	4,3,0.8435,2,168;3,1,0.7175,0,145;5,5,0.4105,0,91;2,0,0.2785,2,7;5,4,0.8895,0,61;0,2,0.3975,2,106
claim-temporal-development-train-01538	1	0	1	119,66,168,177,98,116,41,134,96,191,145,15,82,150,17,127,162,51,110,158,21,190,69,205,6,34,76,195,90,179,137,191,141,29,48,62	5,5,0.3335,0,190;4,0,0.3165,3,170;2,4,0.5365,0,232;3,0,0.4615,3,16;1,4,0.8615,2,47;6,4,0.2485,0,144
claim-temporal-development-train-01539	2	3	2	177,174,92,148,58,27,155,157,37,155,69,93,156,47,151,124,140,74,170,197,66,51,13,8,99,141,19,131,110,117,24,41,210,211,115,84	7,3,0.6865,3,40;2,3,0.2075,2,243;2,0,0.5925,0,97;1,2,0.9155,0,210;2,4,0.7285,0,246;3,1,0.8335,0,111
claim-temporal-development-train-01540	5	3	0	157,21,16,69,192,90,116,179,141,138,149,212,48,10,66,36,214,124,102,148,40,133,55,87,80,109,187,5,158,31,63,118,196,187,168,95	4,0,0.0595,0,19;6,2,0.1335,3,187;6,5,0.5655,0,129;7,5,0.5065,2,83;5,3,0.8925,1,65;3,3,0.4465,0,202
claim-temporal-development-train-01541	3	0	1	77,190,150,116,96,40,83,117,99,161,141,62,187,67,15,52,131,185,69,209,169,200,92,45,5,138,30,176,16,124,168,145,39,110,21,157	4,5,0.1975,0,16;5,5,0.0415,0,47;3,4,0.7925,0,4;4,1,0.8025,3,220;2,4,0.9755,0,143;3,1,0.4735,0,46
claim-temporal-development-train-01542	9	0	1	78,21,84,104,196,17,212,210,198,111,215,93,69,140,141,202,150,45,15,6,41,26,206,173,128,57,89,145,157,58,134,117,37,202,114,65	5,5,0.2555,0,22;1,3,0.3425,0,85;8,0,0.3585,0,33;5,2,0.2515,0,245;7,5,0.4915,0,83;7,4,0.8565,0,35
claim-temporal-development-train-01543	5	2	1	195,176,211,110,133,162,47,35,93,11,147,66,117,5,17,124,157,141,51,99,92,187,77,203,115,85,59,211,150,69,140,42,31,22,215,177	4,1,0.3595,1,79;6,1,0.4185,2,66;2,1,0.5525,0,99;4,3,0.9925,0,25;2,4,0.7495,0,125;3,3,0.9295,0,223
claim-temporal-development-train-01544	1	2	1	181,87,81,161,147,27,176,187,36,3,109,49,94,187,21,65,45,150,139,11,169,99,129,89,153,115,69,63,17,133,117,172,179,210,44,143	2,1,0.2725,0,221;2,2,0.9675,0,232;0,5,0.2645,0,90;8,5,0.2455,1,173;2,3,0.6455,0,23;8,3,0.7955,2,233
claim-temporal-development-train-01545	5	2	1	110,136,153,48,124,188,147,184,39,13,18,213,204,100,69,93,117,209,76,141,211,190,62,92,57,114,43,206,27,150,4,133,65,21,196,86	3,3,0.5415,0,2;2,5,0.7225,3,221;8,4,0.2945,0,179;3,4,0.9635,0,53;3,4,0.4255,0,172;3,3,0.1255,0,71
claim-temporal-development-train-01546	1	0	1	86,143,27,62,117,157,213,169,13,185,106,126,47,21,158,153,210,51,38,152,150,103,145,69,96,114,43,88,76,17,139,6,65,132,165,211	5,3,0.2815,0,23;2,4,0.7935,2,152;2,4,0.3955,0,217;3,4,0.0545,3,119;6,0,0.4955,0,175;5,2,0.6555,2,183
claim-temporal-development-train-01547	9	2	2	194,122,81,147,131,35,65,45,114,151,162,69,93,157,204,170,21,43,181,166,168,26,210,106,83,137,57,88,182,61,13,8,103,117,141,17	7,3,0.2535,0,14;1,1,0.6035,0,250;8,3,0.3615,0,179;8,1,0.1195,0,226;6,0,0.4775,0,208;1,1,0.3535,0,237
claim-temporal-development-train-01548	9	2	0	202,117,21,147,90,81,69,19,56,188,196,149,84,95,44,113,11,138,37,167,109,143,130,65,98,58,45,158,164,160,210,194,152,32,122,9	8,1,0.6255,0,51;7,3,0.9095,0,74;7,0,0.3835,0,49;8,2,0.5115,2,233;1,3,0.3815,0,84;1,0,0.5125,2,232
claim-temporal-development-train-01549	6	0	0	117,73,164,93,112,172,135,129,167,208,32,87,65,214,145,141,200,108,198,45,3,99,13,195,17,149,69,90,21,173,140,49,41,62,183,34	2,3,0.3985,0,47;7,0,0.3815,0,198;0,4,0.2725,0,136;0,5,0.4345,0,171;2,2,0.1505,0,32;8,5,0.9825,0,202
claim-temporal-development-train-01550	6	2	2	66,141,117,169,175,36,33,87,55,151,187,58,168,207,106,45,130,93,89,69,40,73,189,1,10,162,213,18,153,21,112,205,99,136,126,147	0,0,0.4985,0,112;8,2,0.1115,0,13;6,0,0.5055,0,0;0,5,0.2825,0,131;2,0,0.1895,0,1;5,0,0.0725,0,159
claim-temporal-development-train-01551	5	2	1	36,163,68,123,77,162,69,14,165,179,147,210,150,26,114,98,89,21,20,136,162,40,119,211,169,106,141,63,82,93,5,163,166,52,133,45	4,4,0.8695,0,135;1,2,0.1145,0,186;3,5,0.8245,0,51;4,0,0.2325,0,184;1,0,0.4655,2,89;2,3,0.0935,0,222
claim-temporal-development-train-01552	2	1	0	209,112,4,141,130,23,45,146,200,139,40,67,93,203,117,88,180,182,153,204,11,26,35,84,104,16,110,149,58,125,202,57,74,69,191,175	3,1,0.0695,2,138;1,1,0.1625,0,227;8,0,0.7015,0,223;1,2,0.0845,0,100;7,4,0.0245,0,203;4,0,0.6925,0,80
claim-temporal-development-train-01553	10	2	2	183,159,113,6,33,140,44,159,17,163,24,59,104,134,128,10,69,83,45,204,93,119,77,107,144,171,39,64,53,167,90,151,160,147,182,199	5,0,0.2685,3,244;8,5,0.9255,0,36;4,1,0.1705,0,218;4,1,0.4455,0,145;7,1,0.2725,2,81;7,4,0.8605,3,74
claim-temporal-development-train-01554	5	2	2	130,117,186,147,90,78,45,205,52,151,64,12,110,191,175,193,39,41,18,136,69,116,153,5,58,24,162,173,82,141,122,96,103,174,28,184	4,2,0.4685,3,85;3,5,0.3135,0,26;3,0,0.1635,0,16;5,0,0.5335,3,229;6,4,0.9985,0,95;1,0,0.0975,0,158
claim-temporal-development-train-01555	2	3	2	10,166,4,185,165,172,135,69,184,148,129,47,56,176,118,89,100,212,37,21,136,86,116,151,76,95,108,29,202,58,203,19,176,66,141,43	3,0,0.6085,0,196;4,3,0.6175,2,66;7,0,0.4205,0,88;3,4,0.2135,2,34;3,2,0.9185,1,218;8,5,0.1795,0,235
claim-temporal-development-train-01556	2	2	0	178,147,197,18,11,69,81,108,93,21,36,196,149,183,196,61,54,90,137,117,115,41,2,27,208,172,193,100,122,64,87,131,141,202,215,45	1,1,0.4325,0,170;2,2,0.2585,0,139;5,3,0.1155,0,228;8,5,0.5375,0,53;3,2,0.6045,0,211;1,1,0.2645,0,183
claim-temporal-development-train-01557	10	2	2	108,194,61,42,89,2,68,151,35,130,198,139,117,28,143,214,176,13,53,171,99,177,112,21,82,178,173,17,122,183,93,147,69,45,76,204	1,3,0.3625,0,160;3,1,0.4515,0,91;4,3,0.9975,0,131;3,0,0.3875,0,196;2,2,0.0095,0,227;1,0,0.7795,2,13
claim-temporal-development-train-01558	7	2	2	168,214,51,179,147,76,44,184,98,62,203,119,87,151,122,175,164,204,202,17,140,31,135,69,198,1,38,91,116,21,47,11,107,141,64,93	0,1,0.2905,0,243;6,4,0.8515,2,75;2,4,0.1985,0,135;3,5,0.6315,0,14;1,1,0.8285,2,44;1,5,0.8535,0,229
claim-temporal-development-train-01559	8	0	1	87,57,214,200,93,45,145,40,140,58,202,169,69,32,197,150,141,194,175,3,135,99,15,17,80,108,156,66,90,116,21,184,126,36,120,207	2,5,0.3835,0,22;7,2,0.0775,0,187;8,0,0.4215,0,232;7,5,0.4855,0,136;2,2,0.8315,3,157;5,5,0.9935,0,184
claim-temporal-development-train-01560	4	1	2	146,93,141,136,195,17,130,151,213,122,21,184,177,38,31,171,48,42,154,84,117,115,92,57,63,194,64,100,180,77,13,7,186,69,111,198	6,3,0.3425,0,118;6,4,0.4505,3,126;8,5,0.1415,0,239;4,2,0.9125,0,209;3,5,0.6505,0,80;1,0,0.1605,0,141
claim-temporal-development-train-01561	9	3	1	152,188,133,106,148,90,198,4,39,179,124,21,16,95,114,117,203,46,27,62,56,69,175,200,137,41,203,13,101,68,150,205,158,143,73,85	3,3,0.0655,0,43;2,5,0.2455,1,20;7,4,0.9905,0,152;0,3,0.5925,2,248;4,0,0.4295,0,209;3,3,0.3455,2,210
claim-temporal-development-train-01562	1	0	1	156,175,31,181,108,46,152,196,54,58,137,38,68,150,70,102,123,145,40,92,85,3,94,14,152,75,153,17,141,135,112,118,155,171,21,170	2,4,0.3265,0,63;6,4,0.1235,1,59;5,0,0.8775,1,79;2,3,0.8645,1,191;5,2,0.0575,1,206;2,5,0.3535,0,93
claim-temporal-development-train-01563	7	1	1	165,207,35,159,78,32,16,211,137,111,146,105,161,66,144,159,187,10,63,43,211,46,134,90,69,122,114,179,8,96,150,175,83,21,50,117	7,0,0.0095,0,53;7,1,0.7565,1,156;1,5,0.4295,0,220;5,1,0.5525,3,23;8,5,0.4635,0,184;1,4,0.2315,3,114
claim-temporal-development-train-01564	10	0	1	54,194,29,182,34,136,119,145,169,196,79,91,114,142,86,201,21,158,69,67,61,172,124,134,207,97,41,45,153,93,111,150,165,5,14,19	4,4,0.7495,0,72;4,0,0.3045,0,58;5,3,0.7785,0,44;6,4,0.7855,0,175;0,5,0.4635,2,60;3,4,0.1355,1,199
claim-temporal-development-train-01565	6	3	2	148,75,206,10,160,89,120,134,143,44,188,93,151,39,66,45,184,156,140,201,206,21,103,54,185,69,25,82,112,20,158,198,122,3,111,58	2,0,0.9995,0,185;0,5,0.8395,0,52;5,0,0.5875,0,74;2,0,0.3245,0,134;6,5,0.0145,3,165;1,4,0.9695,2,175
claim-temporal-development-train-01566	3	0	2	59,93,78,153,183,69,124,11,191,42,65,27,183,184,16,154,145,83,52,138,133,113,1,151,141,108,188,104,167,165,21,214,117,89,38,45	0,1,0.0135,0,236;2,4,0.4605,0,19;3,1,0.3495,0,131;5,1,0.3205,0,126;7,2,0.3435,0,173;3,3,0.4035,0,11
claim-temporal-development-train-01567	3	0	0	140,89,118,145,149,188,166,198,135,27,111,195,34,194,99,80,16,47,61,93,210,141,68,21,196,215,123,114,52,2,15,156,69,184,42,86	1,5,0.1215,0,168;2,0,0.4545,2,189;3,3,0.8085,0,105;7,4,0.2075,0,81;2,5,0.4225,1,122;2,5,0.8975,0,43
claim-temporal-development-train-01568	10	0	2	93,110,27,19,45,169,69,113,34,86,212,130,213,169,173,156,215,104,151,138,5,52,89,62,122,117,14,43,196,145,179,21,65,79,143,167	4,4,0.6745,0,249;2,0,0.6705,0,62;3,4,0.3595,0,77;6,4,0.2115,0,219;7,4,0.2715,0,16;1,0,0.4735,2,119
claim-temporal-development-train-01569	1	2	2	183,86,164,45,191,14,204,207,75,99,117,61,159,38,40,132,165,19,64,197,50,160,214,138,116,151,147,22,32,124,110,70,91,4,93,141	3,4,0.7495,1,109;7,4,0.1825,0,130;1,3,0.1575,1,82;2,4,0.7445,0,142;2,4,0.9255,0,130;3,2,0.5695,0,9
claim-temporal-development-train-01570	7	3	2	141,176,171,2,197,151,124,34,68,61,69,191,84,133,148,44,14,182,92,93,78,30,209,117,204,20,21,161,175,45,115,171,98,111,51,140	1,4,0.9345,0,235;5,0,0.8855,0,164;2,3,0.8085,0,66;5,2,0.8435,0,161;1,5,0.6725,0,39;3,3,0.8295,0,197
claim-temporal-development-train-01571	10	0	0	153,15,187,97,16,34,199,27,78,63,83,42,133,57,167,90,149,117,174,136,4,21,93,47,212,162,127,141,114,164,160,69,145,68,106,190	3,5,0.0455,0,103;2,0,0.5565,2,162;8,5,0.8005,0,107;5,1,0.4955,0,221;0,0,0.5855,0,196;6,3,0.1675,0,18
claim-temporal-development-train-01572	6	3	2	197,62,175,4,165,93,110,165,51,182,43,137,20,117,92,11,211,132,73,100,45,87,142,180,125,68,69,39,30,113,151,177,201,22,158,148	3,1,0.9085,1,165;5,5,0.6315,0,244;2,4,0.8025,0,122;0,5,0.8705,0,218;3,4,0.3285,0,126;4,2,0.3235,1,203
claim-temporal-development-train-01573	9	0	0	69,208,123,191,100,15,113,169,107,51,191,45,138,64,38,132,176,75,8,117,21,152,19,41,172,141,200,197,84,149,93,91,32,59,179,145	7,5,0.6095,0,238;7,4,0.2825,0,247;2,1,0.0965,0,167;2,2,0.7455,0,7;3,1,0.2175,0,238;2,2,0.5245,0,89
claim-temporal-development-train-01574	2	0	1	207,18,69,41,176,21,137,178,104,135,141,150,214,58,185,167,50,3,214,190,28,45,94,11,73,106,86,67,91,161,121,145,113,117,187,36	2,1,0.4525,0,15;3,2,0.3415,0,249;1,0,0.6865,0,131;0,4,0.7755,1,167;7,0,0.2925,0,94;0,5,0.2785,0,165
claim-temporal-development-train-01575	4	1	1	50,80,100,62,18,176,117,71,212,48,112,93,34,5,141,177,185,157,82,91,124,31,138,146,166,22,207,42,183,111,205,134,15,203,150,67	4,5,0.5975,1,212;6,0,0.4155,3,179;1,4,0.7485,2,147;7,0,0.7325,0,138;3,5,0.1755,0,10;3,4,0.5075,0,8
claim-temporal-development-train-01576	1	3	1	125,114,109,203,93,52,27,150,132,195,189,183,148,18,39,43,139,141,101,69,207,59,45,21,66,196,197,12,119,157,200,81,85,6,195,89	5,2,0.5315,0,78;2,5,0.6895,0,153;3,1,0.5805,0,243;8,3,0.2405,0,232;4,3,0.4885,2,235;4,2,0.6665,0,58
claim-temporal-development-train-01577	10	1	1	89,117,63,207,199,54,139,1,177,135,164,111,21,196,166,105,146,206,11,141,65,178,80,190,189,93,129,150,37,19,113,71,40,82,30,45	0,1,0.6115,0,78;5,3,0.1475,0,203;5,5,0.2725,2,51;7,0,0.2395,0,12;8,5,0.2775,0,228;8,5,0.7245,0,149
claim-temporal-development-train-01578	0	3	2	80,50,135,96,195,139,207,141,69,15,39,181,86,30,59,40,9,18,160,207,45,148,67,166,205,100,169,106,164,114,211,92,117,124,21,151	8,5,0.4815,0,129;5,5,0.0365,0,175;1,1,0.6005,0,90;7,4,0.8965,3,252;3,0,0.4845,0,113;3,5,0.7925,0,198
claim-temporal-development-train-01579	10	3	1	38,187,51,174,43,113,179,29,21,93,193,14,117,103,62,165,150,204,17,88,67,189,82,71,190,148,107,126,6,204,136,135,208,142,76,45	5,4,0.3435,0,244;4,4,0.6885,0,54;2,4,0.7855,2,155;3,0,0.0295,0,30;6,1,0.3065,0,191;5,5,0.0275,1,20
claim-temporal-development-train-01580	10	2	2	213,69,75,130,153,174,141,114,213,199,110,123,93,45,2,177,44,33,181,138,21,117,90,193,12,34,59,167,151,51,147,16,105,64,185,82	1,2,0.0015,0,22;8,0,0.8965,0,92;2,1,0.0705,0,141;2,0,0.4685,0,100;8,4,0.5125,0,21;2,0,0.5145,0,138
claim-temporal-development-train-01581	2	0	1	145,68,215,189,92,77,177,93,163,177,36,62,190,116,48,117,2,150,169,171,18,21,124,141,108,13,100,43,130,83,69,190,191,25,57,139	1,3,0.5765,0,245;0,2,0.6485,3,110;8,4,0.9955,0,165;4,1,0.9655,0,75;3,2,0.8075,0,116;3,0,0.6235,0,60
claim-temporal-development-train-01582	10	2	2	202,156,5,111,33,173,211,60,19,117,11,197,197,151,56,164,93,99,125,45,87,115,67,40,167,136,81,147,141,130,90,72,193,171,38,21	4,1,0.6205,0,157;8,4,0.1755,0,138;7,2,0.7025,3,226;8,5,0.4475,0,207;2,5,0.6115,0,27;4,0,0.0695,0,192
claim-temporal-development-train-01583	5	0	1	20,60,15,215,46,168,21,188,135,44,35,169,103,196,68,69,54,150,7,92,178,93,78,112,141,145,84,27,110,202,170,136,119,170,189,127	6,5,0.8745,0,121;2,1,0.8265,1,169;5,2,0.8995,0,85;5,2,0.8495,0,2;6,4,0.1615,2,203;6,5,0.0665,0,58
claim-temporal-development-train-01584	1	0	1	163,110,169,37,20,99,45,213,153,117,158,125,208,133,26,83,21,40,93,15,76,145,71,137,154,60,152,56,89,150,141,3,193,159,64,113	2,5,0.8465,0,30;1,3,0.0375,0,169;7,2,0.0325,2,212;3,1,0.3105,0,98;2,4,0.3255,0,225;4,3,0.2475,0,128
claim-temporal-development-train-01585	3	0	2	160,170,19,141,151,205,113,10,130,117,87,145,21,56,156,209,138,211,76,65,71,63,3,91,177,102,159,36,93,45,106,164,198,128,30,42	2,0,0.7395,0,26;5,2,0.4735,0,98;7,5,0.2575,2,161;3,5,0.7885,0,209;5,0,0.3985,0,175;7,0,0.4445,0,240
claim-temporal-development-train-01586	3	0	2	19,93,153,203,37,135,21,52,211,116,91,124,108,83,76,141,213,169,117,155,152,101,145,63,138,42,26,176,9,64,48,183,198,69,10,151	8,0,0.6305,0,20;1,3,0.4855,3,66;3,5,0.0635,0,48;3,1,0.7005,0,61;4,2,0.8645,0,158;3,5,0.4705,0,174
claim-temporal-development-train-01587	2	2	1	130,8,197,67,16,69,190,154,150,204,137,36,86,51,176,21,100,107,58,143,180,117,168,81,147,116,156,47,125,27,14,157,93,170,43,88	7,4,0.0615,0,28;2,2,0.7785,2,88;2,0,0.7625,0,252;8,4,0.1145,0,196;3,1,0.8095,0,86;4,0,0.2725,2,132
claim-temporal-development-train-01588	5	2	0	149,199,194,93,204,76,137,21,192,91,106,117,66,172,41,195,193,147,156,50,71,128,152,162,29,58,45,105,143,36,10,114,87,2,131,17	1,0,0.2235,0,132;4,2,0.2085,0,94;1,0,0.4665,2,227;3,5,0.6305,0,75;8,0,0.5995,0,214;7,1,0.3775,2,223
claim-temporal-development-train-01589	2	1	1	150,180,6,191,89,52,175,155,43,68,132,17,107,200,141,138,163,32,10,183,45,60,82,200,105,146,37,184,117,93,21,113,76,126,69,198	5,0,0.3345,0,195;7,3,0.6935,0,29;3,2,0.9125,0,113;3,0,0.2435,0,135;8,1,0.2735,0,192;5,2,0.5185,0,243
claim-temporal-development-train-01590	7	0	2	83,189,126,145,49,162,15,19,2,185,111,158,92,141,134,208,26,93,58,114,21,69,195,67,178,76,41,101,172,117,191,37,153,139,45,151	1,5,0.6155,0,146;1,3,0.3725,0,18;0,0,0.7645,0,128;3,1,0.9795,0,189;4,5,0.4475,0,115;5,4,0.6485,0,65
claim-temporal-development-train-01591	5	0	2	14,78,85,145,61,65,6,103,151,158,175,22,111,134,39,117,157,179,43,45,31,213,69,93,167,185,89,193,136,198,52,16,124,167,141,113	5,4,0.0775,1,156;6,5,0.6975,0,114;3,3,0.3615,0,185;5,3,0.2135,0,0;6,5,0.2815,0,45;3,4,0.0815,0,150
claim-temporal-development-train-01592	6	2	2	71,61,48,176,67,114,141,136,99,188,93,34,147,27,110,42,91,73,117,195,172,212,21,151,162,180,19,53,129,6,132,185,212,170,87,13	5,3,0.7455,0,189;2,0,0.4345,3,250;4,3,0.7645,2,45;0,5,0.7665,0,181;2,4,0.5415,0,201;8,2,0.0265,0,9
claim-temporal-development-train-01593	4	1	0	125,104,12,146,188,205,149,17,112,170,60,93,28,45,52,141,117,92,5,35,21,200,87,176,198,65,69,76,133,181,140,41,110,184,202,178	4,2,0.3725,0,123;3,1,0.2165,0,98;3,2,0.2265,0,137;3,5,0.8995,0,31;7,4,0.0005,0,91;4,3,0.8045,0,56
claim-temporal-development-train-01594	9	3	1	128,78,150,101,198,13,169,84,21,30,115,37,183,200,50,69,214,134,167,17,107,148,96,62,66,141,7,140,185,117,45,43,201,197,152,92	6,3,0.2275,0,234;5,3,0.6475,0,105;1,4,0.5075,0,137;5,2,0.8245,3,142;4,1,0.7615,0,253;7,4,0.8445,0,1
claim-temporal-development-train-01595	6	3	2	14,200,108,117,193,112,189,56,175,170,148,59,45,136,123,9,156,35,82,25,155,98,21,91,74,93,17,207,199,64,141,135,69,151,42,169	8,4,0.3255,0,76;0,1,0.5855,0,148;7,1,0.1465,0,134;1,0,0.7465,0,117;1,2,0.1855,0,193;2,5,0.0115,0,244
claim-temporal-development-train-01596	2	0	0	135,4,145,212,69,172,68,52,124,192,170,17,93,91,110,162,192,15,99,74,83,140,164,24,119,112,45,60,192,34,44,149,199,194,142,32	3,5,0.2835,3,164;7,0,0.8905,0,14;3,2,0.9355,0,52;1,1,0.6635,0,230;2,4,0.1635,2,191;3,5,0.8415,1,237
claim-temporal-development-train-01597	6	3	1	81,110,167,135,207,60,45,205,120,13,34,4,21,65,42,18,148,69,170,207,115,215,137,215,93,49,209,87,97,204,173,88,29,150,121,141	3,3,0.5745,0,106;4,0,0.4595,0,107;0,2,0.3525,0,55;8,5,0.0085,0,160;0,4,0.7085,3,123;0,5,0.3915,0,133
claim-temporal-development-train-01598	5	0	1	178,141,50,207,107,97,191,213,29,185,69,152,59,207,65,17,145,86,91,195,112,42,177,14,34,200,137,21,79,45,134,93,150,9,117,123	8,4,0.2695,0,135;4,0,0.5865,0,120;1,1,0.2005,0,177;6,4,0.6155,0,105;0,1,0.0115,0,117;2,4,0.2635,0,104
claim-temporal-development-train-01599	5	2	2	33,40,181,97,9,157,138,203,167,191,124,183,61,151,24,11,89,147,117,134,164,171,17,141,46,39,51,93,67,78,108,70,172,84,156,112	8,1,0.3085,3,25;8,5,0.0095,1,69;2,3,0.6445,1,10;5,2,0.2895,0,21;0,2,0.1505,0,169;3,4,0.5015,0,53
claim-temporal-development-train-01600	8	2	2	118,171,151,15,121,30,104,93,139,204,204,147,165,69,89,45,64,134,16,112,21,185,158,107,37,210,84,7,58,169,43,74,141,171,174,51	6,5,0.0715,0,195;5,3,0.7415,0,92;2,0,0.1555,0,238;1,2,0.2225,0,242;7,1,0.1905,1,165;0,4,0.7445,0,82
claim-temporal-development-train-01601	2	1	0	60,211,130,161,136,146,69,160,86,117,45,67,166,52,214,16,36,125,161,141,167,100,92,106,24,78,199,93,203,15,149,4,43,183,32,114	3,5,0.1735,3,142;7,2,0.6045,0,153;3,2,0.7795,0,194;5,4,0.9365,0,86;3,0,0.5855,0,179;4,0,0.1575,0,251
claim-temporal-development-train-01602	3	0	1	165,176,21,44,27,145,69,176,128,131,52,115,110,14,197,93,174,118,76,9,59,191,201,155,45,141,150,83,171,19,136,186,38,104,67,91	8,4,0.7925,0,164;2,4,0.9135,0,9;3,1,0.7435,0,161;3,1,0.7505,0,221;7,4,0.6255,1,246;7,1,0.1165,0,119
claim-temporal-development-train-01603	2	3	1	117,192,1,25,45,21,182,194,17,166,189,59,69,54,83,188,41,130,168,123,141,107,68,201,93,75,148,150,12,104,114,195,89,139,212,34	0,2,0.3465,0,26;0,0,0.3735,0,241;5,1,0.9625,0,106;2,1,0.2565,0,229;7,1,0.4885,0,253;2,0,0.7655,0,173
claim-temporal-development-train-01604	5	0	2	196,141,162,45,108,112,37,140,168,145,93,195,151,119,69,197,12,127,88,51,135,207,99,40,85,26,211,6,58,77,21,18,208,197,157,65	5,2,0.4145,0,76;1,3,0.1355,0,189;2,0,0.3645,0,183;4,3,0.0745,0,74;2,2,0.1585,2,155;6,5,0.9385,0,49
claim-temporal-development-train-01605	3	0	1	139,215,42,77,21,181,18,106,45,27,50,105,72,150,91,133,185,141,93,7,124,179,67,37,205,182,118,188,186,213,61,12,162,112,84,145	6,2,0.4735,0,88;2,3,0.5055,0,62;1,3,0.6515,3,223;4,2,0.6375,0,40;8,0,0.0565,1,136;3,3,0.6925,0,47
claim-temporal-development-train-01606	1	0	2	51,21,109,186,10,160,165,93,171,105,67,88,82,123,45,133,145,140,204,189,164,117,141,169,19,180,42,39,151,58,69,2,27,81,113,167	1,0,0.6125,0,112;2,5,0.4735,0,153;2,0,0.7055,0,241;8,0,0.0415,0,186;8,3,0.2445,0,160;2,3,0.9595,0,197
claim-temporal-development-train-01607	5	1	2	190,151,174,112,45,1,44,146,164,93,55,141,21,117,190,69,183,134,136,196,26,124,68,63,165,103,91,166,83,20,173,35,77,14,110,161	0,4,0.8545,0,210;1,1,0.9705,0,151;6,5,0.9625,0,51;4,1,0.7055,0,96;6,4,0.0205,0,188;3,4,0.1325,0,190
claim-temporal-development-train-01608	9	2	2	208,133,141,91,45,115,213,69,117,52,191,32,96,185,110,61,66,159,147,186,20,140,177,199,6,44,11,22,156,182,84,102,39,122,76,151	5,1,0.9305,1,27;7,5,0.8645,0,11;3,3,0.4555,0,230;3,2,0.6145,3,11;5,4,0.7365,0,153;1,3,0.9535,0,185
claim-temporal-development-train-01609	6	3	2	163,117,19,184,151,178,112,129,43,73,10,141,46,136,177,93,60,69,186,185,64,188,37,110,52,98,29,187,1,82,88,160,21,134,148,162	0,0,0.6755,0,112;4,3,0.7055,1,254;3,2,0.0895,0,210;0,0,0.1455,0,125;1,4,0.1855,0,7;8,4,0.0505,0,71
claim-temporal-development-train-01610	3	0	1	191,214,64,62,45,162,69,3,138,131,127,113,76,108,90,180,35,141,204,21,87,10,93,145,186,41,215,33,100,117,51,16,196,150,190,171	2,0,0.1805,0,111;8,1,0.2645,0,213;2,4,0.0535,0,254;3,5,0.5935,0,133;3,2,0.3915,0,34;6,1,0.5145,0,149
claim-temporal-development-train-01611	2	2	2	128,199,97,185,132,195,29,168,87,54,36,42,200,3,12,195,140,107,19,81,147,89,200,115,21,117,93,60,69,151,48,193,172,67,141,192	2,2,0.6855,0,115;4,2,0.5465,3,192;5,2,0.7515,0,124;8,5,0.2005,0,33;0,1,0.7845,0,189;7,2,0.9505,0,218
claim-temporal-development-train-01612	10	1	2	137,77,32,59,5,151,21,64,114,214,209,164,199,143,203,55,41,11,107,130,167,72,93,146,196,90,210,20,118,48,121,208,83,185,97,35	4,1,0.8855,0,115;7,1,0.2325,3,218;6,1,0.1525,3,195;4,1,0.5885,0,23;0,1,0.5725,1,110;0,0,0.2795,2,134
claim-temporal-development-train-01613	6	0	1	138,93,55,195,168,38,170,204,132,45,150,117,12,207,163,65,92,9,40,23,179,73,194,202,69,145,107,142,112,16,58,122,83,167,30,98	8,2,0.1895,2,33;5,4,0.0915,0,111;6,0,0.3845,0,117;0,1,0.8345,0,188;1,1,0.0425,0,57;1,2,0.5195,1,189
claim-temporal-development-train-01614	7	1	2	31,54,194,45,21,69,122,16,93,179,146,80,43,214,64,83,114,215,152,135,108,180,140,213,6,59,88,38,151,165,141,98,14,119,213,211	5,4,0.1625,0,100;6,4,0.6605,0,138;5,1,0.1255,0,166;7,1,0.1625,0,123;1,2,0.5175,2,18;1,5,0.8205,0,178
claim-temporal-development-train-01615	1	3	1	168,188,32,51,10,188,119,195,42,130,1,106,141,113,38,75,65,93,174,148,18,99,87,157,63,136,209,189,45,150,192,69,21,89,127,181	0,0,0.4125,0,248;7,4,0.4135,0,111;2,5,0.2595,0,192;2,5,0.2885,0,179;2,0,0.2875,2,42;6,0,0.1025,0,69
claim-temporal-development-train-01616	8	2	2	1,21,39,26,133,117,111,102,172,93,209,16,189,59,45,142,10,152,40,147,116,79,151,83,124,157,69,188,154,137,160,88,194,66,49,163	0,0,0.1645,0,149;1,5,0.1845,0,197;0,1,0.5765,0,151;6,1,0.1945,0,169;5,5,0.8355,0,55;3,3,0.3655,1,184
claim-temporal-development-train-01617	10	3	1	166,93,179,10,102,77,139,117,70,173,106,129,130,168,141,21,148,203,35,59,115,199,206,87,4,45,190,176,19,205,150,68,29,91,42,55	3,0,0.7195,0,61;4,1,0.4385,0,131;6,1,0.8095,1,97;4,5,0.7995,0,0;5,0,0.6175,0,239;8,0,0.6005,0,199
claim-temporal-development-train-01618	1	2	0	197,48,35,71,143,14,117,184,185,52,17,149,198,196,91,156,86,21,28,133,193,160,3,58,139,195,75,65,122,93,152,147,107,103,115,44	2,4,0.2525,0,3;3,1,0.9315,3,195;3,0,0.2515,2,23;2,4,0.6115,0,102;6,1,0.6465,0,223;1,3,0.6085,2,230
claim-temporal-development-train-01619	10	3	2	36,186,93,166,161,42,86,69,133,113,29,45,129,90,175,148,24,139,167,59,53,141,152,162,76,151,11,190,207,68,117,100,177,108,5,18	4,1,0.4215,3,60;4,2,0.5765,0,117;4,1,0.9245,0,156;3,4,0.5495,0,46;3,2,0.2425,0,244;8,3,0.6915,0,142
claim-temporal-development-train-01620	7	0	2	166,108,130,215,141,179,161,163,44,34,16,145,21,207,89,98,68,45,138,63,115,50,117,125,13,73,151,158,72,206,87,93,33,3,210,202	2,3,0.1755,0,176;8,0,0.8755,0,222;1,5,0.8345,3,13;0,5,0.2665,0,103;1,2,0.6265,0,41;4,0,0.4975,0,127
claim-temporal-development-train-01621	1	3	2	96,184,69,151,102,158,148,137,92,75,12,158,21,119,27,199,68,109,9,44,16,141,155,45,164,82,38,165,170,112,176,154,130,53,59,128	8,2,0.0495,0,243;2,4,0.9945,0,56;4,1,0.8655,0,178;2,0,0.9315,3,61;5,3,0.0315,2,5;7,0,0.2585,0,45
claim-temporal-development-train-01622	10	2	1	93,45,9,12,186,131,182,179,82,32,81,154,40,20,34,126,189,105,112,191,141,147,117,65,203,140,69,61,21,109,162,150,173,201,92,56	8,2,0.9715,0,143;7,0,0.0335,0,229;7,3,0.3455,0,197;8,0,0.8825,0,145;8,3,0.1915,0,47;5,1,0.8845,0,250
claim-temporal-development-train-01623	6	1	0	58,146,93,68,141,7,18,174,101,36,45,25,212,176,163,117,15,86,155,197,157,170,70,129,134,57,155,73,92,110,202,149,137,21,115,44	6,5,0.4555,0,154;0,2,0.8375,0,219;8,0,0.9745,1,32;0,4,0.9655,0,210;4,4,0.6075,0,161;8,4,0.3945,0,55
claim-temporal-development-train-01624	2	2	0	45,196,96,208,21,213,60,89,122,1,69,149,14,43,141,117,64,37,205,205,154,54,181,29,78,199,115,100,212,83,214,130,140,108,147,16	0,4,0.0165,0,107;4,3,0.7455,0,192;5,2,0.0865,0,241;5,1,0.3835,3,71;3,2,0.7265,0,204;1,0,0.8525,0,15
claim-temporal-development-train-01625	2	2	1	108,92,126,158,206,43,68,16,95,147,26,59,53,158,190,69,12,7,85,150,116,133,202,141,117,200,182,45,210,34,103,79,181,23,136,187	6,2,0.0365,2,205;1,0,0.6335,0,82;4,1,0.8675,0,228;6,3,0.8885,2,163;6,2,0.8665,0,201;5,3,0.0285,0,221
claim-temporal-development-train-01626	5	2	2	55,158,93,102,87,12,65,185,147,28,88,62,186,157,45,161,70,151,39,106,214,208,4,141,172,18,115,41,21,117,131,136,128,209,172,80	3,2,0.5315,0,189;3,5,0.3535,0,64;6,4,0.3575,1,129;7,5,0.0855,0,189;5,0,0.7275,0,154;7,1,0.1495,0,129
claim-temporal-development-train-01627	2	0	0	93,74,141,21,60,161,41,138,16,82,69,117,145,90,107,168,116,133,8,196,193,53,207,34,27,122,170,66,200,105,169,13,45,182,204,149	7,3,0.0355,0,45;2,0,0.3715,0,62;4,2,0.5015,0,157;1,0,0.4175,0,218;8,1,0.8305,0,131;1,3,0.5375,0,38
claim-temporal-development-train-01628	7	0	2	35,137,130,180,174,89,48,123,213,16,100,29,68,94,3,187,167,81,61,23,12,42,69,108,50,145,191,117,175,151,85,213,198,143,113,161	2,2,0.0865,2,88;4,1,0.5625,3,70;1,3,0.9195,0,121;8,3,0.3925,1,1;3,2,0.2095,0,131;2,0,0.3525,2,249
claim-temporal-development-train-01629	8	0	1	6,145,150,89,58,141,196,21,72,34,137,52,173,131,44,214,123,211,33,20,117,93,103,200,73,82,66,196,174,115,161,157,106,179,45,14	5,4,0.9195,0,187;8,0,0.9595,0,73;3,0,0.5605,3,134;0,0,0.3265,0,12;6,0,0.6415,0,221;2,1,0.2985,0,150
claim-temporal-development-train-01630	5	2	0	204,191,66,100,152,93,134,39,19,40,136,63,106,205,13,79,124,182,175,181,141,147,214,117,88,184,23,1,69,84,149,52,116,173,45,33	0,3,0.7805,2,78;8,5,0.1845,0,67;3,5,0.5925,0,11;6,2,0.1575,0,67;3,0,0.9865,0,223;3,4,0.1375,0,45
claim-temporal-development-train-01631	8	0	0	149,89,93,114,180,180,120,136,152,212,80,35,47,132,69,182,43,82,143,24,145,101,165,186,111,62,20,12,169,9,54,208,125,32,198,65	8,2,0.9375,3,75;7,1,0.6745,2,229;5,4,0.2135,0,132;7,0,0.3875,0,67;4,5,0.5575,3,55;4,2,0.0545,2,156
claim-temporal-development-train-01632	1	0	1	92,153,150,112,16,44,107,136,198,98,69,79,45,215,186,154,128,64,58,21,203,165,163,85,157,141,27,145,117,4,186,132,10,38,93,53	3,0,0.0155,0,252;2,4,0.8855,0,200;4,0,0.1475,0,221;6,3,0.9815,0,176;1,1,0.1625,0,44;7,2,0.0235,0,220
claim-temporal-development-train-01633	8	2	0	61,116,193,32,12,80,4,117,122,106,40,189,189,149,158,101,140,147,45,209,93,195,87,37,131,89,16,195,192,141,69,194,68,54,21,183	3,2,0.0135,0,70;7,3,0.0595,0,64;5,3,0.9805,0,3;7,5,0.2655,0,228;4,0,0.8095,0,235;1,1,0.9325,0,168
claim-temporal-development-train-01634	5	0	1	16,186,176,193,8,52,135,166,69,205,45,15,141,103,67,181,40,199,115,150,145,170,62,111,88,21,78,160,93,83,39,162,117,127,139,30	7,5,0.1985,0,196;5,5,0.1825,0,70;3,4,0.7115,0,60;5,1,0.1715,0,246;6,5,0.7585,0,79;6,5,0.7615,0,249
claim-temporal-development-train-01635	7	2	2	45,147,44,122,185,63,213,179,132,76,167,141,106,182,84,139,16,69,66,117,33,94,4,208,22,177,169,159,39,88,115,50,13,163,151,99	3,3,0.1555,1,163;8,5,0.8145,0,114;1,5,0.5855,0,162;3,2,0.0705,1,186;2,0,0.7535,0,89;1,2,0.6625,0,130
claim-temporal-development-train-01636	10	0	2	82,195,141,134,112,110,151,98,93,169,145,181,28,90,184,15,9,208,69,77,60,21,202,17,45,124,64,154,207,181,39,118,137,53,40,187	8,5,0.3915,0,108;3,5,0.0835,0,74;4,2,0.0695,0,103;4,0,0.5715,0,187;1,4,0.0305,1,61;3,4,0.3055,0,218
claim-temporal-development-train-01637	2	3	2	69,159,158,205,148,81,16,93,92,141,100,160,189,30,109,45,68,163,195,83,162,21,34,191,121,131,116,12,138,117,40,53,60,171,151,1	0,2,0.0305,0,19;5,0,0.1955,0,27;4,2,0.9775,0,238;8,1,0.9355,0,89;3,3,0.9565,0,225;0,1,0.4005,0,148
claim-temporal-development-train-01638	5	2	2	128,117,178,100,48,25,87,175,3,21,151,60,69,170,93,92,75,175,183,116,37,210,12,134,57,17,41,141,109,66,147,138,170,214,212,176	2,2,0.3365,0,238;0,3,0.3695,3,82;8,2,0.4345,0,85;2,5,0.9635,0,54;3,3,0.8995,0,148;7,4,0.5375,0,129
claim-temporal-development-train-01639	0	3	0	212,173,30,69,117,128,148,162,163,53,75,16,21,190,175,171,35,141,130,90,185,136,43,66,10,94,111,84,45,149,185,8,63,210,100,116	7,0,0.1125,0,205;5,1,0.7075,0,65;4,5,0.5335,0,35;2,2,0.5495,1,128;3,5,0.9735,0,1;7,0,0.1455,0,147
claim-temporal-development-train-01640	5	2	1	197,114,60,200,150,93,208,152,81,181,10,39,31,4,138,51,90,179,189,45,101,176,123,141,117,17,70,44,21,147,192,209,67,131,84,106	3,0,0.3215,0,158;6,5,0.9885,0,31;2,2,0.7025,1,185;8,2,0.4245,0,29;4,0,0.5835,0,105;2,1,0.4305,0,107
claim-temporal-development-train-01641	4	1	2	67,89,174,141,69,108,129,82,181,136,115,197,117,182,151,170,63,45,52,97,146,19,21,133,34,93,201,25,79,10,198,165,164,166,9,43	8,0,0.6465,0,109;0,0,0.7115,0,141;3,5,0.7385,0,200;6,0,0.2325,0,140;0,2,0.7605,0,129;8,3,0.1215,0,140
claim-temporal-development-train-01642	6	2	1	39,210,133,67,181,109,40,181,174,197,81,117,189,25,114,168,45,17,124,21,138,56,97,211,87,5,11,141,177,150,69,207,59,147,92,94	4,1,0.3985,0,230;0,5,0.0465,0,49;7,1,0.6635,0,155;8,5,0.8035,1,5;0,3,0.5265,0,109;3,3,0.5145,0,108
claim-temporal-development-train-01643	9	0	0	40,142,111,113,93,104,202,77,132,7,197,61,14,171,45,71,215,183,21,208,145,191,209,19,162,65,190,39,90,149,140,52,29,117,129,84	6,4,0.6825,0,153;4,5,0.0715,0,233;3,3,0.2095,2,208;4,2,0.5565,0,42;7,5,0.3915,0,104;8,2,0.9535,1,132
claim-temporal-development-train-01644	2	3	0	84,38,51,47,154,173,192,58,12,143,103,1,108,113,69,65,77,210,17,28,21,94,160,203,138,189,203,90,120,202,121,149,130,148,41,204	0,2,0.3545,0,36;3,4,0.3425,2,198;2,0,0.3555,0,234;4,2,0.5205,1,70;6,2,0.2835,3,43;0,0,0.4335,2,98
claim-temporal-development-train-01645	9	0	1	138,162,182,141,130,79,12,170,45,91,59,97,163,24,43,185,69,193,110,64,32,18,124,39,54,207,196,150,214,5,85,117,95,154,113,145	4,2,0.4295,3,9;7,5,0.7815,0,175;5,1,0.0155,0,134;6,3,0.7705,2,154;0,4,0.3895,0,193;3,0,0.5475,0,211
claim-temporal-development-train-01646	10	1	2	204,54,77,19,13,112,69,93,61,129,159,180,33,199,205,117,1,151,139,146,22,141,104,36,41,177,87,45,132,66,91,200,210,165,107,179	0,3,0.6325,1,136;8,2,0.3035,0,115;5,3,0.4045,0,182;4,5,0.6935,0,250;7,1,0.1765,0,22;8,2,0.6565,0,187
claim-temporal-development-train-01647	4	1	0	16,28,6,12,117,132,103,172,207,146,116,90,93,179,21,106,165,179,171,143,69,39,68,61,176,45,163,44,73,206,149,140,127,87,160,57	5,2,0.1145,0,58;3,5,0.9945,0,224;8,3,0.8615,0,41;0,5,0.5525,0,64;6,0,0.9945,0,205;6,2,0.9865,2,18
claim-temporal-development-train-01648	8	2	2	22,151,10,162,154,28,84,100,117,95,141,126,36,64,91,46,204,199,165,177,109,198,41,185,63,2,203,20,164,77,138,112,57,147,135,71	1,0,0.8345,1,231;3,2,0.3065,1,156;8,5,0.1685,2,196;4,2,0.6695,2,104;3,3,0.1375,0,210;5,5,0.5135,0,36
claim-temporal-development-train-01649	9	1	0	93,85,178,88,167,28,62,112,107,159,10,35,67,149,133,56,181,129,41,6,48,69,180,141,19,103,170,146,21,120,172,160,166,137,162,80	5,0,0.6215,0,206;3,1,0.2145,3,18;7,4,0.7015,0,46;7,3,0.0225,0,104;6,1,0.1175,3,222;8,3,0.3175,0,243
claim-temporal-development-train-01650	10	0	2	92,117,143,184,114,93,77,34,13,182,99,132,29,43,151,69,110,86,45,66,184,145,180,54,177,206,139,63,21,155,211,205,185,17,8,124	7,3,0.2765,0,135;4,0,0.7405,0,20;5,5,0.4735,0,50;4,4,0.8395,0,95;2,4,0.4775,0,140;3,2,0.6245,2,22
claim-temporal-development-train-01651	2	3	1	115,117,21,148,164,40,124,75,150,101,154,109,210,64,183,138,26,39,132,59,93,90,141,82,195,3,57,198,45,200,69,185,167,20,183,12	2,2,0.9665,0,124;1,5,0.0175,0,119;8,1,0.1335,0,237;2,0,0.5405,0,18;4,3,0.6045,0,24;3,2,0.5915,0,240
claim-temporal-development-train-01652	2	2	0	132,7,26,206,121,75,181,56,34,89,192,141,105,147,106,138,116,185,64,40,82,172,45,117,185,69,21,211,93,149,20,11,168,195,60,205	6,1,0.9795,0,2;1,0,0.0305,0,127;7,2,0.1595,0,46;2,0,0.3205,0,232;8,0,0.9315,0,32;0,2,0.5215,0,212
claim-temporal-development-train-01653	10	3	2	34,8,213,77,161,69,101,114,198,148,141,136,93,21,186,211,91,180,11,179,82,57,125,106,158,68,18,153,62,32,117,135,45,164,42,151	7,1,0.4545,0,150;7,0,0.5385,0,9;8,4,0.8865,0,87;4,0,0.6625,0,44;4,0,0.4355,0,65;4,5,0.1435,0,148
claim-temporal-development-train-01654	9	0	1	113,172,145,139,43,199,60,48,185,141,10,38,90,107,77,118,189,17,192,2,105,67,150,56,209,21,196,209,133,158,84,128,69,32,93,160	1,0,0.3685,0,158;7,4,0.6065,3,101;7,2,0.6495,0,201;4,2,0.4815,0,39;8,1,0.3975,1,141;7,3,0.6855,0,178
claim-temporal-development-train-01655	3	0	2	169,108,3,38,136,151,90,114,83,213,28,49,69,21,121,99,13,43,172,45,143,93,65,164,76,135,165,145,63,161,193,208,207,16,185,117	2,3,0.1495,0,144;3,4,0.7125,0,169;0,5,0.3975,0,161;3,1,0.5365,0,215;2,2,0.5625,0,137;0,5,0.0365,2,13
claim-temporal-development-train-01656	9	3	0	140,67,148,32,171,49,169,1,175,83,21,141,91,12,109,193,76,120,180,69,212,45,162,18,215,188,122,93,195,62,39,149,99,42,135,114	0,2,0.5285,0,230;7,5,0.5945,0,176;0,4,0.6355,0,242;3,1,0.7525,0,212;2,3,0.4395,3,225;1,5,0.9615,0,213
claim-temporal-development-train-01657	5	2	1	157,19,142,177,180,28,150,176,93,129,203,214,21,137,45,35,159,213,58,67,167,69,55,147,84,99,108,131,198,4,117,42,112,14,92,74	3,4,0.7755,0,227;3,1,0.4935,0,146;6,0,0.6155,0,76;1,2,0.8595,0,237;2,2,0.1835,0,216;8,1,0.3785,1,174
claim-temporal-development-train-01658	1	3	1	40,211,20,148,95,33,117,65,150,99,36,190,141,127,50,92,22,183,209,76,184,5,165,108,113,86,47,160,58,172,182,10,134,137,156,69	4,0,0.9825,1,19;8,2,0.0065,2,178;1,0,0.3845,0,75;3,4,0.9075,2,21;2,2,0.2235,0,75;6,4,0.3245,0,112
claim-temporal-development-train-01659	2	0	0	26,60,106,69,53,115,199,214,169,141,200,10,96,152,127,167,117,130,89,149,35,204,68,145,166,104,43,75,24,140,191,45,83,188,9,16	8,0,0.1715,3,215;1,1,0.7585,0,231;4,2,0.9565,0,51;2,1,0.2195,3,226;7,0,0.7775,0,51;6,0,0.8065,0,227
claim-temporal-development-train-01660	6	2	2	172,18,28,129,196,69,166,186,41,60,106,191,67,1,175,204,144,84,73,180,21,210,93,38,161,48,137,14,117,99,89,147,135,151,115,49	0,4,0.5145,0,152;3,4,0.3865,3,117;0,2,0.7515,0,175;0,2,0.3855,0,29;2,0,0.7125,0,26;8,5,0.2155,3,24
claim-temporal-development-train-01661	10	3	2	108,141,84,17,105,210,116,179,69,45,148,40,32,15,22,38,128,89,181,117,131,137,167,168,151,3,168,187,203,59,212,93,57,78,66,186	2,5,0.3705,1,9;7,4,0.1425,0,227;8,1,0.4935,0,233;5,2,0.3785,0,95;8,2,0.9255,0,178;7,1,0.3665,0,57
claim-temporal-development-train-01662	7	0	0	131,97,69,212,40,45,106,196,141,21,93,15,26,181,121,35,195,118,16,91,59,67,140,205,52,85,74,183,198,212,145,149,169,114,8,179	7,5,0.0585,0,248;1,1,0.0665,0,55;3,1,0.6255,0,131;1,3,0.7935,0,84;0,0,0.5395,1,32;0,1,0.8225,0,228
claim-temporal-development-train-01663	5	2	1	69,100,131,45,52,39,90,215,191,207,202,138,93,207,202,147,141,159,183,75,150,40,118,83,66,21,17,3,124,30,201,110,11,62,113,208	2,1,0.2075,0,136;5,5,0.1305,0,226;3,4,0.5655,0,136;2,1,0.4865,0,99;3,4,0.2545,1,216;3,1,0.4355,0,58
claim-temporal-development-train-01664	9	1	2	117,162,10,96,9,16,152,21,32,83,151,130,88,34,113,64,184,107,74,210,104,152,59,142,43,196,69,146,197,211,140,200,45,49,121,192	8,0,0.0895,0,205;7,0,0.6265,0,78;0,1,0.1255,0,56;1,1,0.1885,3,211;7,1,0.2615,0,17;0,0,0.9355,1,19
claim-temporal-development-train-01665	8	1	1	132,136,114,191,62,21,93,100,210,69,146,162,17,50,213,117,39,180,84,12,169,191,193,44,171,122,92,150,68,141,78,110,45,201,30,7	6,2,0.2085,0,18;5,5,0.8135,0,19;1,4,0.9355,0,89;5,2,0.9085,0,52;3,4,0.4625,0,25;1,2,0.1545,0,176
claim-temporal-development-train-01666	10	3	2	138,151,192,113,64,181,211,92,144,93,58,75,45,170,168,101,35,5,69,19,174,51,164,31,132,82,199,209,13,21,120,184,148,41,111,126	4,3,0.7175,0,53;6,1,0.2365,0,45;2,0,0.1365,0,71;2,0,0.9775,0,239;4,5,0.3935,3,44;5,2,0.4035,3,147
claim-temporal-development-train-01667	6	3	1	41,58,103,181,174,69,51,154,197,183,13,117,28,106,212,150,141,34,87,193,47,205,21,1,18,77,139,112,93,181,132,148,129,187,88,68	0,3,0.4605,0,6;3,0,0.3245,2,39;2,0,0.8805,0,161;4,5,0.0895,0,27;6,0,0.1945,0,6;8,2,0.6325,0,207
claim-temporal-development-train-01668	10	0	2	127,195,45,171,27,94,114,101,206,40,145,23,54,179,92,174,175,79,164,64,154,130,110,37,174,16,139,69,141,177,87,151,6,117,15,60	5,5,0.0315,2,93;2,3,0.1205,0,127;5,2,0.1195,0,173;6,5,0.9015,1,55;4,4,0.5705,0,22;6,0,0.7465,0,207
claim-temporal-development-train-01669	9	1	1	87,197,76,146,114,179,197,188,153,32,137,66,16,107,150,13,126,131,45,170,69,44,58,117,181,142,21,93,49,39,190,100,153,4,207,88	3,3,0.1515,0,136;7,5,0.9545,0,189;0,0,0.5545,0,1;3,5,0.1455,0,134;3,1,0.5775,0,142;5,1,0.3065,1,66
claim-temporal-development-train-01670	7	2	2	26,51,121,140,36,207,161,110,93,114,13,45,151,165,192,44,74,65,98,141,208,19,87,91,180,21,60,1,69,117,202,200,205,135,147,179	0,3,0.6635,0,194;1,2,0.8045,0,204;2,2,0.2325,0,15;1,5,0.7835,0,147;1,4,0.5945,0,41;0,5,0.8275,0,234
claim-temporal-development-train-01671	2	0	1	36,138,130,114,204,86,212,16,23,65,203,141,108,184,3,93,71,41,160,28,166,74,129,199,10,210,45,58,117,89,150,54,145,179,103,152	2,0,0.1945,2,83;3,2,0.3435,0,51;5,0,0.3375,2,190;1,4,0.2895,0,10;6,2,0.4635,0,243;8,0,0.5065,0,46
claim-temporal-development-train-01672	2	2	1	184,147,13,105,87,88,6,204,74,150,207,141,117,113,41,154,139,153,108,173,192,35,27,188,130,173,21,45,51,94,67,69,163,60,16,124	5,3,0.1655,0,165;2,1,0.2605,0,38;2,2,0.7935,0,97;1,5,0.0045,1,215;8,2,0.2735,0,245;3,0,0.7545,0,138
claim-temporal-development-train-01673	3	0	2	173,162,78,117,86,21,163,145,35,137,51,41,210,161,67,105,214,196,4,26,13,62,151,96,189,48,114,127,69,107,135,169,18,186,141,92	3,3,0.4825,0,88;1,1,0.2285,3,63;2,4,0.7245,0,82;5,4,0.9385,3,9;8,1,0.5155,0,14;6,5,0.2975,0,96
claim-temporal-development-train-01674	3	0	0	21,93,41,76,84,194,175,51,201,71,136,156,14,62,156,145,144,16,117,35,6,153,113,149,100,111,124,210,133,190,204,67,28,91,161,48	5,4,0.0555,0,213;3,1,0.2595,3,158;2,4,0.6245,2,212;3,2,0.6785,0,81;3,5,0.2425,0,198;3,3,0.0935,3,186
claim-temporal-development-train-01675	1	2	2	45,111,62,188,199,27,113,201,69,140,201,64,93,21,12,97,147,82,38,92,78,117,143,50,17,207,166,44,170,130,123,202,3,197,151,200	2,2,0.3515,0,32;2,4,0.8435,0,245;1,4,0.0885,0,251;5,0,0.9505,0,224;0,5,0.2855,0,225;2,0,0.9045,2,147
claim-temporal-development-train-01676	9	3	0	33,101,192,113,91,148,201,87,200,200,149,44,141,167,196,56,128,18,173,34,93,192,167,134,45,191,77,11,63,3,107,139,69,24,65,118	2,1,0.5925,3,182;8,0,0.8175,0,250;7,5,0.3015,0,9;4,5,0.6765,0,141;4,1,0.2485,1,163;7,4,0.6215,0,9
claim-temporal-development-train-01677	2	3	0	214,42,193,29,89,20,141,79,53,148,174,162,177,149,112,117,45,69,182,155,185,58,111,11,93,123,98,166,21,8,137,134,202,36,84,67	7,1,0.8635,0,240;4,2,0.4215,0,99;4,0,0.6735,0,167;6,2,0.3475,0,236;1,5,0.1985,0,157;2,4,0.3395,0,237
claim-temporal-development-train-01678	0	3	0	61,67,148,2,153,45,113,130,124,21,159,20,167,99,149,93,37,141,202,43,170,28,182,212,109,76,189,86,195,91,51,69,170,117,137,15	1,5,0.8745,0,189;3,3,0.7495,0,219;2,3,0.7685,0,37;3,4,0.6685,0,89;2,3,0.3985,0,79;3,0,0.3055,0,44
claim-temporal-development-train-01679	9	3	1	21,52,121,141,185,148,139,154,27,164,215,63,103,42,8,159,84,206,75,95,64,110,45,19,114,36,168,71,88,117,173,176,130,150,181,15	7,5,0.6525,0,101;2,2,0.4665,0,91;3,5,0.1655,2,44;2,2,0.0665,2,230;6,4,0.5095,0,25;0,0,0.6145,0,149
claim-temporal-development-train-01680	5	3	2	208,45,134,209,185,14,92,213,117,127,87,183,66,151,156,116,2,17,140,36,52,179,33,196,58,21,105,79,144,43,148,93,108,178,69,192	1,4,0.2815,0,51;8,2,0.7185,0,194;3,0,0.4245,0,188;6,5,0.8735,0,2;8,2,0.8665,0,20;6,4,0.8125,3,20
claim-temporal-development-train-01681	3	0	1	108,184,114,183,67,18,69,132,129,73,42,179,38,21,166,162,142,63,195,173,118,150,86,12,45,137,28,96,175,89,210,102,211,4,145,56	3,2,0.5425,0,40;3,4,0.4275,0,225;7,5,0.7605,0,245;0,4,0.2495,3,160;5,2,0.5485,1,181;8,2,0.2065,1,154
claim-temporal-development-train-01682	3	0	2	183,140,108,90,30,50,161,65,124,185,117,76,59,141,43,34,45,86,206,153,93,10,69,168,199,202,19,9,151,103,21,133,114,145,197,179	8,0,0.6345,0,196;5,0,0.6045,0,174;1,1,0.3905,0,126;3,4,0.5975,0,166;6,2,0.4445,0,195;3,3,0.9185,0,139
claim-temporal-development-train-01683	6	0	1	39,112,130,93,73,145,44,194,46,83,209,97,27,90,124,4,190,69,214,197,49,140,162,117,144,21,108,150,210,198,13,194,18,67,180,62	3,3,0.5405,0,187;2,5,0.8035,1,19;0,4,0.6765,0,196;0,1,0.4495,0,115;0,2,0.1435,0,232;3,0,0.9595,3,239
claim-temporal-development-train-01684	1	0	1	167,141,57,209,137,103,183,85,192,40,17,37,212,21,150,1,111,75,130,215,28,69,200,125,169,210,63,145,67,45,153,117,116,93,10,91	0,0,0.3255,0,193;3,3,0.0405,0,136;8,5,0.6325,0,246;2,3,0.6755,0,180;6,5,0.8285,0,224;4,0,0.3245,0,106
claim-temporal-development-train-01685	1	2	0	45,111,83,127,60,21,193,149,117,201,191,158,164,112,135,49,94,89,13,147,29,139,141,97,158,76,38,43,158,71,177,19,202,68,202,3	2,3,0.6345,0,210;4,4,0.6755,0,61;0,2,0.9295,2,224;3,1,0.3645,1,91;0,5,0.1315,0,153;6,5,0.6105,0,229
claim-temporal-development-train-01686	5	3	0	84,136,69,64,62,21,5,188,42,120,110,197,47,125,148,93,79,39,91,141,99,214,13,162,202,201,173,215,16,31,134,154,149,160,52,116	4,3,0.0895,0,77;6,5,0.5685,2,122;3,4,0.1935,0,44;6,2,0.7095,0,4;2,4,0.8655,3,116;4,4,0.1515,0,250
claim-temporal-development-train-01687	8	3	0	163,174,171,18,181,69,88,173,43,188,140,148,55,177,45,130,149,83,21,63,110,119,168,37,116,6,30,65,10,98,75,141,154,121,190,93	5,0,0.5195,0,243;5,3,0.6635,0,102;6,5,0.3055,0,110;2,1,0.0855,0,36;1,4,0.9805,2,176;0,0,0.8645,0,125
claim-temporal-development-train-01688	2	0	2	113,45,83,50,203,117,12,171,179,200,109,141,175,6,98,59,169,198,93,42,71,151,19,184,137,176,134,65,145,79,123,171,28,36,92,21	5,2,0.7545,0,23;3,2,0.4545,0,40;1,1,0.2725,2,124;6,1,0.9405,0,153;1,3,0.3685,0,19;2,4,0.3925,0,49
claim-temporal-development-train-01689	5	2	0	188,13,19,89,117,45,78,54,38,69,58,156,131,65,207,198,149,95,164,97,44,147,186,3,121,139,156,21,199,110,170,28,141,114,82,160	2,3,0.6325,0,12;3,4,0.9615,0,240;5,0,0.2235,0,245;5,0,0.2215,2,233;0,4,0.4735,0,80;0,1,0.6705,0,125
claim-temporal-development-train-01690	5	3	2	51,215,211,87,79,159,46,27,58,38,112,99,40,10,16,117,132,24,69,144,209,199,161,151,108,148,136,180,89,129,162,214,65,8,163,93	7,0,0.0565,3,22;2,4,0.0395,1,129;2,0,0.2955,0,5;6,5,0.3025,0,93;2,2,0.1515,0,112;8,2,0.0805,3,67
claim-temporal-development-train-01691	2	0	2	145,49,43,193,34,151,166,212,115,204,99,16,204,108,158,140,1,156,15,28,169,154,90,131,124,68,76,93,141,84,117,69,45,184,60,24	0,5,0.1125,3,252;3,0,0.7055,0,70;0,2,0.8795,0,44;3,2,0.4755,0,149;2,2,0.6435,0,42;3,1,0.9995,0,149
claim-temporal-development-train-01692	10	3	0	21,3,31,65,93,153,153,100,164,149,134,69,107,115,19,198,140,58,11,188,48,173,161,92,86,117,77,148,165,42,51,125,159,141,163,37	2,1,0.6215,0,108;6,3,0.5165,3,98;2,0,0.3365,0,18;4,4,0.8965,0,137;3,1,0.7105,0,5;4,4,0.9385,0,85
claim-temporal-development-train-01693	9	2	0	119,80,155,89,157,113,176,14,110,173,67,154,4,149,93,21,137,99,147,143,69,45,123,211,157,32,63,83,38,198,17,42,53,214,153,131	3,4,0.2595,0,194;7,4,0.5805,0,243;4,5,0.6845,0,95;7,1,0.2135,0,91;2,4,0.3705,2,22;2,1,0.3605,2,63
claim-temporal-development-train-01694	1	3	1	117,82,94,68,171,69,16,141,51,154,88,40,45,99,123,150,159,21,136,113,196,37,173,4,199,131,148,191,62,200,183,108,73,157,13,26	3,3,0.0025,0,191;1,3,0.1695,0,238;2,4,0.8665,0,164;0,0,0.1865,1,235;2,2,0.3515,0,247;2,1,0.0515,0,91
claim-temporal-development-train-01695	7	1	1	65,157,208,92,33,181,20,112,164,73,172,121,86,117,93,109,207,132,42,166,14,59,146,45,69,150,199,136,2,39,98,21,57,160,141,208	1,4,0.9025,0,36;8,5,0.5485,0,116;8,1,0.2625,0,72;0,4,0.8615,0,203;1,3,0.1325,0,77;0,2,0.1085,0,129
claim-temporal-development-train-01696	6	3	0	195,37,199,61,117,31,22,16,96,183,107,149,67,208,132,189,158,154,43,46,89,190,148,160,129,144,112,5,75,103,49,140,197,10,85,69	4,0,0.1885,1,99;6,3,0.6405,1,208;0,3,0.7515,0,240;2,3,0.3145,3,141;6,1,0.0025,0,142;8,2,0.9785,3,202
claim-temporal-development-train-01697	1	0	1	21,123,139,75,215,28,145,134,93,92,191,194,69,171,100,195,116,3,20,181,14,197,85,65,150,193,45,141,106,44,36,196,196,117,63,55	2,4,0.9415,0,72;3,2,0.8015,0,179;6,5,0.3215,0,71;2,3,0.9845,0,170;3,0,0.9515,0,112;2,4,0.7215,0,92
claim-temporal-development-train-01698	1	0	1	75,93,200,17,83,212,131,136,117,12,159,59,150,29,45,99,204,40,188,194,68,5,124,92,69,56,214,38,187,141,109,113,21,145,181,186	4,2,0.3765,0,225;4,4,0.0305,0,10;7,1,0.9225,0,101;2,1,0.8845,0,237;2,3,0.3605,0,22;3,1,0.1235,0,127
claim-temporal-development-train-01699	10	2	0	32,68,21,163,91,18,170,139,172,185,130,40,115,61,6,45,107,149,39,77,184,118,93,160,196,186,147,10,69,85,123,141,54,210,172,103	5,0,0.4825,0,95;7,5,0.1135,0,160;5,3,0.8625,0,243;4,3,0.6615,0,204;6,1,0.7045,1,55;2,0,0.7295,0,171
claim-temporal-development-train-01700	10	2	1	117,192,17,152,43,128,101,159,158,33,108,147,58,93,68,131,164,167,37,79,114,84,57,137,10,88,210,158,185,141,168,150,1,69,45,23	0,0,0.2615,2,219;8,3,0.6255,0,109;8,0,0.9645,0,176;6,2,0.1455,0,129;4,2,0.4455,0,89;7,1,0.3545,0,45
claim-temporal-development-train-01701	7	3	1	19,171,209,93,184,162,108,26,201,2,55,117,144,131,116,69,47,74,37,99,124,197,59,184,148,43,14,21,137,83,92,157,166,172,64,150	1,4,0.7455,0,128;1,3,0.7985,2,147;6,1,0.0005,0,65;1,1,0.8485,0,33;2,2,0.9235,0,240;3,1,0.2155,3,157
claim-temporal-development-train-01702	5	2	0	112,129,167,41,6,165,212,149,55,18,76,180,69,107,21,172,136,62,86,131,27,147,67,11,93,187,169,156,117,89,98,45,176,141,35,205	5,1,0.5015,0,61;2,1,0.3225,0,139;6,4,0.6165,0,153;3,4,0.2165,0,242;1,1,0.1385,0,137;8,1,0.0845,0,26
claim-temporal-development-train-01703	0	3	2	61,137,21,52,64,173,113,69,156,124,203,153,133,90,189,35,93,42,213,82,203,102,117,10,45,151,162,76,141,174,2,198,148,18,110,28	1,0,0.5575,0,127;3,1,0.5525,0,48;3,3,0.1125,0,215;3,0,0.5395,0,53;5,4,0.3735,0,204;3,3,0.2325,0,133
claim-temporal-development-train-01704	10	1	0	131,45,110,69,73,67,175,53,211,202,193,188,60,101,144,7,193,21,36,30,182,116,93,159,117,198,138,82,160,124,146,20,44,10,149,89	6,0,0.8825,0,86;5,2,0.9065,0,183;4,2,0.7975,0,142;0,0,0.2315,0,180;4,4,0.9975,0,253;3,1,0.5915,3,163
claim-temporal-development-train-01705	2	0	1	205,40,109,112,100,119,190,89,60,54,45,26,164,129,93,73,133,150,34,141,21,189,18,181,7,137,178,155,69,157,86,12,145,204,210,67	6,2,0.4045,0,39;1,0,0.0135,0,237;5,2,0.6625,0,30;0,4,0.3115,0,250;3,3,0.0195,2,246;8,3,0.3905,0,83
claim-temporal-development-train-01706	7	2	1	41,190,17,69,150,45,93,117,62,158,21,204,188,211,176,51,92,97,74,140,141,4,132,147,35,189,66,11,172,126,107,197,112,33,171,85	3,1,0.2255,0,242;8,1,0.2655,0,99;2,4,0.4355,0,135;1,3,0.8965,0,255;0,1,0.0665,0,97;5,2,0.8495,0,92
claim-temporal-development-train-01707	7	3	2	161,69,50,88,111,122,40,186,20,2,39,137,13,58,93,87,105,21,148,116,117,207,141,76,45,130,151,66,210,212,195,207,28,200,212,205	1,3,0.8365,0,68;3,5,0.1105,0,117;1,0,0.4785,0,166;3,5,0.0865,0,17;8,5,0.9545,0,186;1,0,0.3275,0,112
claim-temporal-development-train-01708	10	3	2	16,206,152,47,53,76,105,63,194,175,71,141,122,12,91,148,115,37,117,83,6,68,176,96,214,151,160,109,136,21,130,154,41,160,32,205	5,2,0.0435,0,135;7,3,0.2685,2,227;4,5,0.9135,2,109;3,1,0.7865,3,13;8,3,0.7585,0,92;1,0,0.1945,0,9
claim-temporal-development-train-01709	7	3	2	158,69,151,141,203,53,23,13,193,43,17,181,65,74,26,3,164,196,110,140,100,126,117,187,148,134,63,91,209,37,85,114,187,45,93,212	2,3,0.3335,2,216;1,3,0.7075,0,192;4,5,0.2285,0,64;1,3,0.6625,0,232;3,4,0.5945,0,146;5,4,0.9025,0,42
claim-temporal-development-train-01710	6	1	0	141,25,62,162,35,192,171,212,114,134,73,69,215,117,178,87,8,55,121,24,175,97,66,137,203,160,196,92,45,146,106,43,149,19,93,15	7,5,0.7545,3,76;0,1,0.6955,0,61;6,4,0.4715,0,106;0,5,0.8055,0,246;0,0,0.5675,0,1;0,4,0.3765,0,18
claim-temporal-development-train-01711	6	3	1	124,74,58,15,203,52,198,103,109,70,144,133,93,175,25,117,161,165,164,4,188,193,139,22,38,68,82,150,45,160,148,113,88,42,16,182	3,5,0.0295,1,138;0,4,0.5515,0,184;3,0,0.9265,1,107;1,0,0.0625,0,121;6,3,0.2735,0,164;3,3,0.6545,3,99
claim-temporal-development-train-01712	9	3	1	141,213,179,5,187,150,12,154,203,45,131,30,92,211,213,139,44,67,159,96,104,128,84,111,49,167,76,148,117,208,116,38,21,18,60,70	4,2,0.5555,0,44;5,4,0.9925,0,81;0,2,0.6105,1,25;3,2,0.9205,3,103;7,5,0.8345,0,30;7,1,0.7455,0,114
claim-temporal-development-train-01713	9	2	1	67,159,156,167,116,63,117,9,213,41,91,32,153,16,141,21,179,50,176,150,152,10,93,82,147,99,201,38,110,137,80,121,211,131,69,45	8,0,0.0315,0,15;7,4,0.3635,0,66;1,5,0.7735,0,23;7,0,0.6935,0,120;2,4,0.9355,0,180;0,1,0.2525,0,216
claim-temporal-development-train-01714	2	3	2	100,41,138,112,88,117,129,93,203,169,199,83,1,131,172,45,12,175,173,51,201,21,18,192,59,177,151,163,148,111,38,141,73,30,69,65	0,2,0.4095,0,234;5,4,0.3175,0,117;2,1,0.3015,0,18;0,1,0.0515,0,254;3,5,0.0785,0,123;8,1,0.5815,0,54
claim-temporal-development-train-01715	10	3	0	182,93,31,215,196,20,167,174,2,208,117,149,122,161,102,109,69,45,77,131,184,148,12,116,64,155,141,44,92,196,21,36,51,59,86,136	1,2,0.8985,0,188;6,2,0.8525,0,152;2,1,0.1135,0,30;4,4,0.8845,0,39;5,3,0.9585,0,175;1,1,0.1065,0,223
claim-temporal-development-train-01716	10	0	2	42,196,198,185,153,158,76,95,21,152,143,189,32,15,120,107,159,47,59,89,64,85,5,69,213,52,100,145,192,17,35,140,115,151,130,123	4,5,0.2345,0,235;7,1,0.4275,2,27;3,1,0.1155,0,187;3,3,0.2825,2,173;3,1,0.6645,3,2;2,0,0.9845,2,65
claim-temporal-development-train-01717	0	3	2	117,47,52,69,99,86,73,215,189,25,90,158,66,42,140,181,10,130,22,143,148,151,93,214,18,62,34,113,201,8,204,170,178,121,108,162	7,0,0.5045,1,150;0,0,0.4775,2,54;3,4,0.5795,0,178;0,4,0.4295,0,42;2,2,0.2605,0,128;0,0,0.9455,2,75
claim-temporal-development-train-01718	9	3	0	169,149,173,122,39,134,148,93,27,185,80,183,90,197,4,11,203,52,157,69,21,112,144,110,184,153,16,137,208,117,60,40,100,45,66,85	3,1,0.0745,0,109;2,5,0.1525,0,230;3,2,0.5735,0,221;7,3,0.4355,0,206;3,4,0.0725,0,93;1,4,0.2775,3,34
claim-temporal-development-train-01719	1	0	1	169,145,110,167,141,153,43,92,21,17,15,200,87,113,150,157,59,176,124,131,37,69,117,64,96,78,211,201,181,27,1,136,102,45,53,215	0,5,0.2445,0,54;2,3,0.6955,0,9;4,1,0.0155,0,51;5,5,0.8365,3,53;5,4,0.2195,0,20;3,1,0.1495,0,122
claim-temporal-development-train-01720	10	3	0	162,202,172,36,87,93,88,60,186,16,76,158,13,140,117,114,69,160,4,135,45,192,21,124,202,40,204,66,111,148,52,105,27,144,149,214	3,3,0.0655,0,111;2,2,0.0975,0,14;3,2,0.4265,0,228;3,5,0.1995,0,192;8,5,0.5615,0,161;3,5,0.8705,3,230
claim-temporal-development-train-01721	5	0	0	91,154,94,16,67,171,109,86,4,149,62,74,132,214,42,11,116,141,127,48,157,196,211,181,145,34,27,140,189,201,212,55,117,69,21,101	3,1,0.0685,0,50;2,0,0.4385,3,37;6,4,0.7675,0,172;1,4,0.7655,1,3;4,3,0.8885,0,29;6,2,0.9275,0,6
claim-temporal-development-train-01722	2	2	0	113,41,129,147,194,149,139,192,199,194,66,193,165,11,195,69,76,21,36,19,33,93,3,45,141,86,213,131,117,203,163,50,111,97,60,90	2,1,0.6795,0,169;8,2,0.2365,0,238;1,2,0.4615,0,77;3,4,0.5815,0,118;0,5,0.2955,0,49;8,1,0.7425,0,52
claim-temporal-development-train-01723	9	0	0	181,93,27,173,69,98,21,165,66,144,156,158,132,158,200,149,10,74,208,215,40,8,60,45,106,82,16,117,145,39,139,115,56,125,189,91	7,0,0.0065,0,44;2,5,0.1085,0,179;7,2,0.5615,0,60;1,0,0.6745,0,104;1,0,0.6835,0,95;4,2,0.6215,3,25
claim-temporal-development-train-01724	10	0	0	66,195,87,40,116,198,145,155,93,38,45,161,132,90,77,186,21,149,123,162,3,17,144,162,29,201,108,69,140,11,174,105,57,63,117,189	2,1,0.3345,0,77;4,4,0.1985,0,215;8,5,0.4595,0,229;4,5,0.4955,0,254;8,2,0.8705,0,69;2,2,0.9105,3,135
claim-temporal-development-train-01725	9	0	2	141,137,100,16,94,43,89,115,151,207,38,87,160,209,119,61,124,56,134,169,191,185,14,145,178,67,107,21,69,78,45,167,7,29,168,194	6,4,0.1405,0,130;4,4,0.6335,0,70;7,3,0.7065,0,161;5,5,0.2895,1,223;3,1,0.6075,2,126;3,4,0.3925,0,37
claim-temporal-development-train-01726	6	3	1	17,15,189,67,136,41,92,214,1,45,167,130,159,141,150,39,114,211,28,58,102,109,192,176,77,21,148,180,49,201,119,69,84,121,195,93	0,5,0.3175,0,230;3,5,0.2605,0,148;0,0,0.6865,0,135;4,2,0.8485,0,4;5,3,0.5905,2,152;0,0,0.1605,0,131
claim-temporal-development-train-01727	5	2	2	123,85,161,159,30,66,52,186,8,109,136,151,103,113,45,171,61,18,195,141,132,163,36,147,193,117,44,69,197,15,21,79,187,89,93,207	7,5,0.4355,0,245;5,2,0.9355,0,91;3,3,0.4515,0,99;6,3,0.3245,0,204;6,3,0.2535,0,214;2,2,0.1085,0,231
claim-temporal-development-train-01728	6	0	0	19,50,42,180,145,170,156,92,67,31,161,205,87,121,169,21,214,69,108,190,135,45,39,117,141,165,14,104,197,1,113,137,81,149,93,61	0,4,0.7065,0,219;6,5,0.4845,0,63;1,3,0.7995,0,1;8,5,0.9255,0,52;7,2,0.3955,0,171;0,5,0.2995,0,134
claim-temporal-development-train-01729	10	2	2	110,38,131,45,205,117,166,147,21,94,76,59,193,115,69,193,141,20,10,171,105,151,40,173,82,189,153,52,66,2,28,209,160,136,88,127	1,0,0.8615,0,56;3,4,0.0185,0,36;3,1,0.5195,0,167;3,0,0.1815,1,253;8,4,0.6635,0,187;6,1,0.0195,0,4
claim-temporal-development-train-01730	4	1	0	149,131,76,38,204,117,14,187,89,167,6,175,125,146,86,154,21,156,112,32,177,200,69,93,111,63,164,142,139,43,45,17,67,104,52,172	5,4,0.2485,0,8;7,4,0.7335,0,54;3,5,0.6645,0,192;3,4,0.2435,0,232;7,5,0.0255,0,27;4,1,0.6845,1,237
claim-temporal-development-train-01731	1	2	0	209,105,162,81,37,181,176,147,62,117,111,114,41,69,2,68,12,141,197,154,93,149,153,51,121,22,19,25,174,137,172,45,133,84,154,90	1,2,0.6905,1,22;0,3,0.3425,0,148;2,4,0.8675,0,220;8,2,0.5465,0,3;8,5,0.5375,0,36;0,3,0.3915,0,188
claim-temporal-development-train-01732	1	0	2	51,41,90,151,81,213,38,33,181,21,93,69,160,138,84,99,68,19,14,215,191,135,3,141,107,163,145,180,114,60,45,195,152,127,194,117	2,4,0.7645,0,120;8,4,0.2475,0,220;2,2,0.8015,0,151;8,2,0.4915,0,184;2,1,0.5385,0,250;6,5,0.4985,0,29
claim-temporal-development-train-01733	8	0	1	93,165,201,121,166,54,21,215,68,183,76,201,113,139,145,130,109,193,39,182,69,63,154,117,86,141,173,100,32,41,9,16,88,13,45,150	8,3,0.0195,0,125;7,5,0.3355,0,146;5,5,0.9905,0,50;3,4,0.1675,0,22;3,3,0.3155,0,165;0,0,0.6445,0,122
claim-temporal-development-train-01734	9	3	1	21,93,138,61,87,211,4,165,14,111,64,45,34,150,200,130,69,203,152,141,173,92,178,122,57,79,203,116,163,19,196,104,30,148,44,117	3,4,0.7805,0,225;5,0,0.9405,0,22;8,3,0.0115,0,97;6,5,0.9905,0,74;7,5,0.8445,0,122;1,0,0.5145,0,157
claim-temporal-development-train-01735	1	2	2	45,91,64,27,181,84,117,137,61,93,13,189,163,161,124,79,180,209,114,55,130,72,99,109,40,141,37,147,183,195,151,18,179,195,9,21	8,3,0.4095,0,222;2,3,0.1145,0,109;6,3,0.0885,3,32;6,2,0.6905,0,13;2,3,0.5935,0,110;3,0,0.2095,0,87
claim-temporal-development-train-01736	1	0	0	154,69,132,208,143,129,14,110,205,193,170,149,99,38,41,179,45,75,17,64,116,162,21,90,59,117,57,25,82,2,137,155,167,211,93,145	1,4,0.3525,0,129;0,4,0.2365,0,209;8,1,0.0995,0,166;2,0,0.5345,0,181;2,4,0.9055,0,7;8,2,0.3255,2,80
claim-temporal-development-train-01737	0	3	1	133,69,190,109,29,51,36,179,21,93,9,202,84,41,15,58,150,191,169,201,45,124,189,92,141,117,202,192,115,64,98,148,138,76,152,17	8,5,0.2515,0,102;4,2,0.2065,0,183;2,0,0.1285,0,207;3,2,0.9485,0,141;1,3,0.7985,0,75;3,3,0.5975,0,250
claim-temporal-development-train-01738	10	0	1	59,162,128,201,93,150,105,163,111,188,13,83,131,117,116,77,144,193,91,194,69,199,210,45,41,49,21,145,39,32,66,5,201,140,19,164	4,3,0.7915,0,62;7,5,0.3215,0,163;0,1,0.4955,0,182;4,1,0.7975,0,159;8,5,0.9325,0,35;7,1,0.8675,3,71
claim-temporal-development-train-01739	7	0	2	102,155,187,38,24,88,141,205,172,67,42,140,60,76,108,45,56,133,122,167,17,183,156,117,25,87,210,115,70,211,151,13,145,94,3,182	2,3,0.3865,3,37;0,4,0.4175,0,177;7,2,0.7895,1,160;3,5,0.1295,1,140;5,2,0.6395,0,115;1,3,0.8415,0,250
claim-temporal-development-train-01740	9	2	2	130,104,181,69,93,177,87,205,111,39,68,116,74,184,189,21,139,92,203,171,117,51,184,59,9,124,205,40,11,141,45,151,16,173,32,147	8,1,0.1645,0,211;7,5,0.1885,0,179;2,1,0.9125,0,160;1,5,0.9205,0,198;7,5,0.8025,0,71;3,0,0.7695,0,222
claim-temporal-development-train-01741	10	2	0	61,78,168,185,87,112,185,21,110,201,49,165,35,137,9,32,66,69,93,45,18,89,149,183,161,40,215,103,144,171,147,123,117,169,134,15	8,5,0.4325,0,194;7,1,0.0385,0,58;0,3,0.4365,0,26;5,5,0.3135,0,3;6,4,0.0825,0,245;2,4,0.3405,3,111
claim-temporal-development-train-01742	5	2	0	124,37,63,157,211,198,186,12,106,100,69,206,141,45,18,184,88,21,115,8,139,64,160,149,153,93,75,153,179,85,131,44,51,28,147,118	7,2,0.5655,0,114;3,3,0.9295,0,71;2,5,0.0405,0,36;2,3,0.1915,0,53;3,0,0.7065,1,244;3,1,0.7185,0,125
claim-temporal-development-train-01743	6	1	2	188,160,10,111,37,67,45,117,132,169,89,166,21,195,41,72,115,97,176,61,143,146,93,56,87,127,28,184,74,168,139,151,16,2,159,203	1,0,0.0845,0,65;3,3,0.3525,0,15;7,3,0.6235,3,94;1,5,0.3265,0,201;0,5,0.7815,0,62;6,2,0.7255,2,226
claim-temporal-development-train-01744	8	0	2	14,180,100,32,168,58,42,54,189,145,86,135,108,151,143,215,117,74,136,213,69,37,181,17,187,47,179,171,196,88,124,68,112,96,22,5	4,4,0.3125,1,18;7,3,0.5885,2,8;5,0,0.9495,0,7;1,4,0.0585,3,174;3,2,0.1825,0,243;3,5,0.0755,2,158
claim-temporal-development-train-01745	2	3	2	21,135,75,206,12,117,83,141,148,136,129,175,191,114,169,3,45,98,159,184,107,151,172,93,194,65,183,36,49,168,59,18,92,69,41,28	2,2,0.4505,0,249;3,2,0.3115,0,183;0,1,0.2485,0,190;2,1,0.8445,0,102;1,1,0.5245,0,249;8,5,0.1795,0,211
claim-temporal-development-train-01746	3	0	0	77,149,145,91,165,117,142,130,209,154,107,97,137,14,156,21,26,34,87,195,61,210,45,93,129,179,51,67,195,180,40,20,113,71,4,181	3,4,0.9035,0,201;1,0,0.1345,0,89;2,3,0.6625,2,100;4,5,0.6465,0,29;0,1,0.2185,0,173;8,0,0.2075,1,54
claim-temporal-development-train-01747	6	2	0	100,149,40,174,84,200,21,159,195,26,138,3,169,196,180,107,13,69,94,177,147,35,118,48,68,131,141,53,81,113,212,121,17,60,89,198	2,3,0.3245,0,157;1,1,0.1475,3,185;4,2,0.8655,0,127;8,2,0.3405,1,195;3,1,0.3705,1,84;0,1,0.4885,0,210
claim-temporal-development-train-01748	10	0	2	6,209,10,60,46,67,155,93,124,44,151,114,206,110,20,212,117,145,28,84,138,189,133,144,35,21,76,178,105,170,69,88,182,206,189,49	5,0,0.9795,0,133;3,1,0.9475,1,94;0,2,0.6535,0,47;3,2,0.1745,0,10;8,4,0.5355,0,192;3,3,0.4245,3,168
claim-temporal-development-train-01749	8	0	1	160,141,46,201,134,60,117,156,19,69,83,114,93,201,49,6,15,64,136,89,37,150,40,98,169,155,128,21,145,160,203,25,178,107,73,192	5,5,0.7825,0,3;0,3,0.0915,1,227;0,2,0.0165,0,179;0,1,0.3815,0,33;1,1,0.4845,0,254;7,4,0.1445,0,192
claim-temporal-development-train-01750	0	3	2	183,195,18,46,183,165,11,193,114,28,52,123,24,152,117,173,157,90,141,100,82,169,66,76,106,162,9,43,61,35,94,151,136,134,69,148	8,1,0.5895,3,172;3,1,0.6415,1,206;3,3,0.5835,0,177;3,0,0.5395,1,9;3,0,0.5405,0,38;2,4,0.0005,0,68
claim-temporal-development-train-01751	5	1	0	191,189,17,41,149,193,7,97,79,160,86,138,92,15,58,132,71,210,65,191,113,146,57,162,106,154,183,45,21,38,189,117,93,122,141,30	6,5,0.3555,0,69;5,4,0.3365,0,91;8,0,0.3395,2,153;6,4,0.9215,0,109;0,0,0.3175,0,16;1,2,0.4265,0,237
claim-temporal-development-train-01752	9	3	0	202,67,128,148,93,175,88,195,21,180,177,61,141,38,71,149,99,85,44,46,204,76,195,56,169,114,2,161,208,107,135,117,28,12,16,139	1,2,0.1885,0,89;3,4,0.8425,1,188;7,3,0.7415,2,178;3,3,0.1275,0,104;2,1,0.5165,0,104;7,5,0.6635,0,206
claim-temporal-development-train-01753	1	0	0	19,21,45,210,3,175,80,11,112,207,174,138,66,133,117,94,34,89,109,149,157,145,183,124,195,42,157,100,32,198,83,144,58,194,70,51	2,1,0.6905,0,24;7,0,0.5975,0,96;2,0,0.4865,1,229;7,1,0.2815,1,124;3,3,0.0845,0,167;3,3,0.5725,3,250
claim-temporal-development-train-01754	1	0	2	18,178,117,7,176,202,128,81,21,176,106,130,51,41,67,83,12,27,139,167,113,213,210,186,207,62,99,93,151,213,69,35,45,143,89,145	6,2,0.5645,0,23;2,1,0.3415,0,132;2,4,0.6535,0,126;8,1,0.3795,0,170;2,0,0.3435,0,89;7,0,0.6605,2,145
claim-temporal-development-train-01755	5	0	0	141,31,93,187,84,190,24,145,181,149,116,128,106,158,60,90,44,37,136,68,168,117,205,72,45,173,134,18,104,15,197,168,54,178,79,4	3,5,0.4455,3,57;6,3,0.8735,0,177;5,2,0.8965,3,117;6,2,0.4485,0,169;7,0,0.8145,0,104;7,4,0.0965,0,178
claim-temporal-development-train-01756	1	2	2	51,45,133,184,137,75,194,191,195,91,109,6,18,87,117,157,64,59,23,126,147,141,197,186,39,158,93,179,12,69,113,151,99,44,27,166	5,2,0.5335,2,204;2,5,0.8535,0,155;2,1,0.1395,0,28;2,5,0.6395,0,138;2,3,0.3705,0,10;5,3,0.2445,0,233
claim-temporal-development-train-01757	6	2	0	73,39,69,147,97,12,139,3,91,202,186,67,87,17,202,44,135,202,93,211,29,183,110,117,55,121,149,114,166,176,179,141,193,45,21,61	2,2,0.3055,0,170;4,5,0.8365,0,230;6,3,0.7385,0,199;0,5,0.6125,0,167;0,4,0.4735,0,250;0,5,0.6405,0,19
claim-temporal-development-train-01758	7	2	2	20,209,209,117,123,28,138,60,214,155,98,68,151,213,10,116,173,4,45,40,197,35,141,180,132,69,111,180,93,77,147,158,82,92,21,55	3,0,0.8245,0,141;3,1,0.0145,0,138;6,2,0.9255,0,214;4,0,0.9325,0,100;1,5,0.8645,0,21;2,2,0.5205,0,221
claim-temporal-development-train-01759	5	2	1	179,180,183,210,2,55,21,211,13,16,183,108,131,45,90,211,147,41,69,68,124,204,103,180,137,58,150,93,112,213,75,117,39,141,25,82	1,3,0.0725,0,211;0,5,0.3905,0,144;6,0,0.8435,0,94;2,0,0.5255,0,107;6,2,0.0505,0,78;3,1,0.2475,0,131
claim-temporal-development-train-01760	2	3	0	85,47,68,171,206,197,21,127,78,93,17,148,70,213,88,132,175,149,117,103,171,44,204,50,63,5,183,111,27,39,10,204,165,141,137,112	4,0,0.2855,0,20;2,5,0.8455,2,90;1,5,0.8955,1,48;5,3,0.1525,0,242;6,5,0.1515,0,15;6,2,0.2725,0,38
claim-temporal-development-train-01761	1	2	1	160,22,28,171,164,46,75,165,138,16,50,156,88,112,111,203,150,34,130,161,68,13,82,1,189,215,141,99,153,123,120,71,59,44,147,93	0,3,0.1475,1,10;3,0,0.9265,1,17;1,1,0.9695,2,55;2,0,0.0475,0,185;2,5,0.0875,3,159;2,0,0.5385,0,81
claim-temporal-development-train-01762	7	1	2	206,69,198,177,21,109,132,167,29,81,105,42,160,151,146,50,129,17,46,117,68,37,136,182,10,154,89,93,115,141,82,161,182,2,199,61	1,0,0.3145,0,81;4,3,0.5425,1,118;1,3,0.9895,0,195;8,0,0.3135,0,5;8,3,0.7465,0,104;8,2,0.1995,0,19
claim-temporal-development-train-01763	2	3	0	9,94,208,127,19,91,165,43,83,67,69,100,144,167,79,11,186,21,106,167,63,148,45,36,133,27,136,117,206,176,198,170,149,50,178,116	8,1,0.7675,0,30;2,2,0.6695,0,27;1,5,0.7995,0,251;6,1,0.7055,1,70;3,0,0.9415,0,13;6,3,0.0505,3,150
claim-temporal-development-train-01764	1	0	2	113,122,151,21,90,77,102,68,60,69,93,5,82,111,44,183,17,210,179,132,163,138,11,45,141,27,213,54,117,39,207,205,207,158,188,145	4,1,0.2305,0,85;2,5,0.9175,0,44;5,2,0.9385,0,81;4,0,0.5265,0,1;5,5,0.2865,0,165;1,2,0.4205,0,107
claim-temporal-development-train-01765	10	0	2	113,117,141,58,49,45,40,214,140,26,171,158,190,88,172,135,3,85,204,174,125,178,78,145,97,151,13,95,172,70,21,109,38,215,19,66	2,3,0.7905,0,232;1,4,0.1625,0,117;0,0,0.4465,1,128;5,3,0.0995,2,36;0,3,0.2555,0,115;4,5,0.8865,0,129
claim-temporal-development-train-01766	7	3	1	183,35,114,194,196,150,50,2,185,106,198,78,21,88,148,141,163,117,184,133,45,69,87,93,102,124,176,11,205,19,61,140,42,182,30,68	1,1,0.6825,0,164;5,1,0.4455,0,157;1,3,0.9115,0,67;5,5,0.1655,0,130;5,0,0.5385,0,215;3,3,0.9545,0,219
claim-temporal-development-train-01767	9	3	0	177,143,76,191,123,21,64,203,114,41,99,175,84,184,69,37,30,182,13,92,178,172,93,60,45,110,154,148,8,135,187,20,149,139,119,54	7,3,0.9415,0,81;5,3,0.2125,0,186;5,2,0.1415,0,160;3,2,0.9625,0,251;2,4,0.4375,2,61;2,5,0.7825,2,132
claim-temporal-development-train-01768	1	0	1	215,72,183,87,204,145,202,134,12,107,45,68,36,89,93,60,41,21,168,183,4,75,30,168,99,117,16,51,150,142,210,205,115,122,139,178	3,2,0.0225,0,6;5,2,0.2215,0,16;2,2,0.9515,3,99;2,5,0.3405,0,246;2,1,0.6145,0,49;1,4,0.6725,1,165
claim-temporal-development-train-01769	6	3	1	157,121,159,39,118,141,157,106,136,9,189,83,69,12,181,45,65,25,17,42,93,130,204,150,178,52,182,58,77,148,181,113,21,99,202,92	8,2,0.2675,0,18;0,5,0.5735,0,226;3,0,0.3465,0,127;4,1,0.8825,0,78;2,0,0.2515,1,94;0,0,0.1995,0,129
claim-temporal-development-train-01770	2	2	0	76,11,88,114,155,31,209,9,106,19,57,155,130,147,21,141,46,71,42,82,185,165,117,198,169,149,125,93,190,166,137,64,183,62,37,105	8,1,0.6915,0,113;6,3,0.4005,1,217;8,4,0.1095,2,36;3,0,0.1065,0,127;8,0,0.5425,0,76;4,0,0.2765,0,209
claim-temporal-development-train-01771	10	2	2	194,45,57,43,151,174,1,147,88,18,108,141,204,131,198,59,169,121,66,207,29,117,100,116,154,69,37,22,76,83,178,93,210,13,138,211	0,3,0.5685,1,50;4,3,0.7245,0,210;8,1,0.4795,0,29;3,1,0.1035,0,29;3,2,0.8875,0,151;0,1,0.5425,0,5
claim-temporal-development-train-01772	2	2	0	63,56,66,13,179,88,166,175,93,141,149,153,200,212,21,116,85,180,41,131,117,147,38,139,100,211,48,209,72,16,79,121,213,106,32,7	6,3,0.1155,0,208;7,4,0.3195,3,189;7,5,0.5175,3,83;6,3,0.0155,0,134;3,0,0.8985,0,231;0,1,0.6805,0,219
claim-temporal-development-train-01773	1	0	2	4,55,154,10,166,21,65,110,69,199,175,154,123,27,90,115,95,145,99,137,45,188,141,132,20,157,201,63,204,85,151,117,189,43,37,75	3,0,0.8065,0,202;2,3,0.6785,0,151;6,5,0.2675,0,45;2,3,0.4145,2,192;2,4,0.6335,0,22;2,2,0.2575,0,131
claim-temporal-development-train-01774	8	0	0	41,96,110,18,117,60,170,134,4,91,162,26,141,102,126,185,156,173,52,145,86,21,45,153,11,136,79,67,116,198,35,72,205,179,198,149	3,1,0.5475,0,14;1,1,0.3255,0,44;3,2,0.6145,3,88;6,4,0.7345,3,31;5,4,0.9385,0,88;5,4,0.0055,0,123
claim-temporal-development-train-01775	1	2	2	15,201,113,40,167,75,16,195,64,147,136,212,5,57,141,131,200,128,151,93,117,46,21,29,98,84,37,106,188,212,169,92,157,69,203,58	4,5,0.1195,0,0;4,3,0.1695,1,250;8,0,0.0625,0,156;2,2,0.9545,0,46;1,0,0.3795,0,56;7,1,0.1125,0,226
claim-temporal-development-train-01776	3	0	0	21,149,163,100,191,50,157,210,117,159,41,136,64,209,7,86,26,121,15,163,115,93,36,63,91,17,200,145,143,77,158,156,110,132,72,45	6,5,0.3305,0,146;1,2,0.2475,0,18;1,5,0.0015,3,66;4,4,0.7485,0,166;3,4,0.7345,0,95;0,2,0.1285,2,51
claim-temporal-development-train-01777	10	0	0	154,29,172,145,53,66,21,141,204,196,135,35,113,181,77,11,45,98,122,96,136,173,19,89,117,192,149,2,200,212,62,110,42,82,69,180	1,1,0.7625,0,181;4,1,0.5945,0,64;4,4,0.4695,0,21;4,0,0.2395,3,131;1,4,0.3815,0,36;1,5,0.1495,0,129
claim-temporal-development-train-01778	9	0	2	139,117,145,80,7,32,175,169,93,109,21,49,42,17,175,45,63,113,162,183,67,102,153,205,35,141,163,197,69,86,92,15,151,130,126,212	6,5,0.3675,0,107;7,1,0.4925,0,3;0,5,0.6995,0,118;7,4,0.9695,0,250;5,3,0.3635,0,224;5,0,0.6285,0,22
claim-temporal-development-train-01779	5	2	0	7,147,156,65,130,199,136,168,149,58,128,181,42,27,111,189,197,75,39,100,51,177,69,156,159,45,113,21,13,89,93,143,204,83,20,117	6,3,0.8095,0,65;2,5,0.5105,0,104;2,0,0.3265,0,140;2,1,0.3905,0,220;3,5,0.3155,0,42;7,0,0.1255,2,51
claim-temporal-development-train-01780	8	0	1	90,108,53,200,104,18,28,117,138,182,69,15,38,211,187,78,145,44,93,200,213,6,141,150,189,86,175,199,187,67,61,21,134,121,113,45	5,5,0.5885,0,44;3,4,0.9715,0,206;4,3,0.6545,0,79;5,4,0.4635,0,73;7,2,0.3765,0,213;0,4,0.4275,0,136
claim-temporal-development-train-01781	4	1	2	14,76,214,104,199,66,93,193,106,82,188,52,30,45,69,21,177,90,7,141,146,151,132,116,206,17,117,63,136,125,187,182,156,43,166,39	6,4,0.2885,0,111;5,5,0.7995,0,14;3,5,0.4735,0,182;3,0,0.5875,0,8;7,0,0.8985,0,121;4,2,0.0685,0,224
claim-temporal-development-train-01782	7	0	1	150,117,21,107,69,18,203,121,93,26,105,161,193,45,88,185,39,66,206,208,145,114,133,14,76,163,44,56,139,59,7,184,213,142,158,86	6,4,0.5375,0,56;1,5,0.9075,0,109;7,1,0.5585,0,74;3,4,0.0935,0,110;8,1,0.5015,0,72;0,3,0.7595,1,2
claim-temporal-development-train-01783	1	2	1	152,214,157,213,45,120,21,161,28,112,150,40,62,173,69,102,147,131,124,161,15,106,64,93,207,83,141,161,88,49,75,37,136,19,154,3	2,5,0.6395,0,200;3,3,0.0065,0,21;0,4,0.1595,0,231;2,1,0.0215,0,144;5,0,0.1785,3,109;3,1,0.1765,0,121
claim-temporal-development-train-01784	2	3	1	205,75,57,93,97,208,141,69,108,115,43,14,195,21,68,117,59,16,136,191,166,150,185,189,92,4,160,179,123,132,82,48,148,25,179,34	3,4,0.1595,0,171;0,0,0.6385,3,171;8,1,0.9225,0,22;2,0,0.9185,0,170;0,2,0.6775,0,254;2,2,0.0665,0,171
claim-temporal-development-train-01785	6	0	2	11,145,69,133,151,182,57,35,93,209,141,21,4,88,165,212,176,213,17,188,117,106,33,186,58,121,45,99,115,87,138,43,75,64,208,202	3,1,0.2615,0,5;8,1,0.7385,0,29;8,0,0.0935,0,83;2,5,0.0085,0,213;2,0,0.6045,0,187;0,3,0.5885,0,240
claim-temporal-development-train-01786	10	3	2	140,204,76,109,43,205,209,151,148,69,86,30,13,213,203,61,141,178,54,117,128,211,5,93,113,21,167,105,132,38,47,19,183,88,186,68	4,3,0.7105,0,198;5,4,0.6865,2,114;5,3,0.9605,0,42;3,4,0.1405,0,21;8,3,0.2245,0,116;7,2,0.9405,0,124
claim-temporal-development-train-01787	9	3	0	93,128,154,88,200,20,87,138,110,166,29,207,61,21,64,184,115,81,11,162,130,163,51,141,99,38,119,2,149,181,199,41,209,46,69,148	1,1,0.9565,0,205;4,4,0.3855,1,75;2,3,0.0435,0,92;8,5,0.1635,0,60;2,4,0.7635,2,36;7,0,0.5635,0,253
claim-temporal-development-train-01788	1	0	2	88,165,208,93,198,106,87,193,58,77,130,118,181,26,116,14,21,99,69,3,65,128,208,152,152,48,40,39,183,141,52,137,151,18,153,145	2,4,0.4685,0,57;1,5,0.1725,3,248;3,0,0.3395,0,139;4,5,0.0595,0,144;2,0,0.8725,1,166;7,0,0.2325,0,80
claim-temporal-development-train-01789	7	0	2	197,141,77,209,171,106,137,16,117,145,69,188,35,175,197,91,52,83,103,134,6,21,26,151,64,61,44,45,114,152,204,171,12,189,122,93	5,2,0.0615,0,136;1,1,0.8135,0,183;3,3,0.0435,0,89;4,1,0.6455,0,115;6,0,0.4405,0,172;1,4,0.3845,0,30
claim-temporal-development-train-01790	9	2	0	163,64,133,38,140,202,162,149,167,22,141,158,16,117,3,160,13,147,90,74,180,59,45,181,44,32,93,82,113,70,121,109,175,57,166,99	2,3,0.1975,1,218;7,4,0.8605,0,106;8,1,0.0505,1,236;1,0,0.5465,0,56;2,3,0.3345,0,221;0,3,0.8665,0,0
claim-temporal-development-train-01791	6	2	0	97,171,65,20,93,10,85,200,45,113,193,131,204,25,77,195,41,126,183,147,92,117,70,191,107,175,52,193,62,136,6,158,141,149,35,21	5,0,0.9945,0,82;0,1,0.3015,0,160;3,4,0.3445,1,118;4,3,0.9665,0,249;0,1,0.3545,0,87;5,1,0.0425,0,211
claim-temporal-development-train-01792	2	2	0	159,165,45,122,27,149,147,187,141,36,78,85,198,135,18,101,53,160,167,44,114,163,179,2,93,23,137,108,89,156,12,191,59,69,66,117	1,2,0.5945,2,100;2,2,0.9085,0,141;4,1,0.5445,0,175;5,3,0.2935,0,106;4,2,0.4645,0,151;1,5,0.3875,0,221
claim-temporal-development-train-01793	1	3	0	39,81,211,66,102,171,60,107,215,71,54,96,171,133,159,148,42,139,83,198,158,123,117,152,90,113,29,174,141,166,16,45,11,7,21,149	6,1,0.1305,0,235;4,5,0.4075,0,15;5,2,0.5085,2,155;8,1,0.5305,3,255;5,1,0.3085,0,126;2,3,0.6015,0,135
claim-temporal-development-train-01794	2	0	1	163,29,141,67,59,116,122,69,188,150,165,19,104,35,55,199,45,137,145,80,177,117,164,132,12,84,189,185,21,210,93,107,40,91,212,7	6,2,0.6315,0,60;4,1,0.0985,0,92;6,1,0.7805,0,24;7,2,0.7645,0,217;7,1,0.9665,0,155;1,2,0.3725,0,230
claim-temporal-development-train-01795	10	0	2	212,201,141,125,176,21,188,60,39,187,117,194,93,14,65,45,19,139,92,54,69,151,192,98,7,30,75,135,165,108,197,173,82,42,112,145	6,4,0.7345,0,62;5,5,0.4495,0,38;5,2,0.3205,0,60;2,0,0.9555,0,62;1,2,0.0885,0,84;4,5,0.7925,0,189
claim-temporal-development-train-01796	10	0	1	84,45,21,34,123,161,143,17,164,66,89,110,97,177,157,175,153,11,140,207,69,175,135,95,145,4,53,43,200,27,117,112,63,150,73,176	3,1,0.3395,0,149;2,0,0.7645,0,80;4,5,0.4095,0,8;0,2,0.2375,2,69;0,4,0.1855,0,18;2,5,0.9695,2,92
claim-temporal-development-train-01797	2	3	1	153,44,9,141,58,21,107,83,194,185,138,205,207,160,167,69,186,148,35,29,90,188,52,100,114,129,132,17,11,214,93,150,45,75,67,118	8,1,0.2245,0,59;4,1,0.8825,0,129;3,0,0.6495,0,236;2,1,0.5725,0,128;3,1,0.5205,1,182;8,2,0.4175,0,189
claim-temporal-development-train-01798	10	1	1	116,208,125,172,179,168,141,52,83,91,11,150,135,166,64,109,104,31,162,120,6,207,80,69,43,60,199,93,215,146,17,35,139,45,21,182	5,1,0.2975,0,237;6,1,0.6025,0,213;3,2,0.1425,0,233;7,1,0.7185,0,169;7,3,0.8485,3,182;4,5,0.7285,0,245
claim-temporal-development-train-01799	0	3	0	178,202,149,6,37,117,171,148,52,64,204,21,81,175,162,109,28,130,100,48,69,11,141,159,161,19,41,61,85,173,115,92,190,138,93,121	5,1,0.7685,0,106;3,3,0.2985,3,47;3,3,0.0435,0,22;8,3,0.8345,0,26;3,3,0.6545,0,51;0,0,0.5815,0,235
claim-temporal-development-train-01800	1	2	2	195,43,172,115,117,53,27,159,87,191,208,139,99,203,201,75,93,158,147,167,17,130,21,38,71,108,68,207,123,3,14,88,46,151,141,62	2,4,0.3015,0,95;2,4,0.6495,1,16;4,4,0.8055,2,177;2,5,0.0355,0,198;2,2,0.6815,0,37;2,0,0.6855,0,102
claim-temporal-development-train-01801	0	3	0	132,163,40,149,32,194,114,141,69,93,14,171,213,148,183,119,110,21,182,98,38,61,202,86,185,45,75,92,202,127,56,140,20,4,68,204	3,4,0.8735,0,235;7,4,0.0085,0,103;7,3,0.8375,0,161;2,4,0.8045,0,224;1,4,0.4635,2,72;6,2,0.9525,0,197
claim-temporal-development-train-01802	2	0	1	22,83,58,150,100,137,135,73,141,45,115,212,203,172,8,215,19,11,43,124,145,209,89,208,57,29,188,93,117,69,36,159,191,212,66,106	7,1,0.7435,1,240;4,2,0.6205,0,140;8,0,0.4675,0,172;0,1,0.3735,0,172;3,0,0.7225,0,229;3,5,0.3625,0,28
claim-temporal-development-train-01803	10	3	2	14,117,178,159,21,207,45,126,33,170,93,212,188,101,140,111,4,91,76,71,151,60,179,16,141,116,39,131,83,163,42,207,50,148,64,197	3,4,0.0005,0,193;8,5,0.5735,0,123;1,2,0.1035,2,124;3,1,0.6855,0,26;4,5,0.9655,0,227;5,1,0.8285,0,189
claim-temporal-development-train-01804	6	0	2	141,90,182,204,71,117,17,179,59,170,151,176,204,87,54,12,21,145,153,66,109,9,133,153,44,170,93,45,25,76,137,129,35,208,114,97	8,2,0.2695,0,128;0,1,0.9685,0,22;5,1,0.4065,2,169;3,5,0.4505,0,27;0,3,0.4695,0,21;8,3,0.3455,0,38
claim-temporal-development-train-01805	2	2	2	209,172,124,14,177,141,16,116,76,93,197,60,91,106,27,179,56,65,162,40,21,195,180,151,117,132,206,39,147,45,3,69,82,213,99,140	2,4,0.1905,0,71;2,5,0.1835,0,87;7,2,0.2005,0,170;3,0,0.6595,0,137;2,0,0.8675,0,101;3,2,0.9205,0,221
claim-temporal-development-train-01806	9	0	1	108,60,174,150,37,99,145,95,134,10,118,188,83,189,203,176,67,113,16,153,159,128,193,139,90,185,202,1,75,141,45,70,57,28,41,21	0,0,0.0535,0,158;3,3,0.3715,0,60;8,2,0.7215,1,103;2,1,0.5905,2,205;2,2,0.3705,1,239;7,4,0.6235,0,129
claim-temporal-development-train-01807	9	1	1	117,108,103,114,11,194,173,156,178,42,150,93,60,37,87,67,181,19,69,212,168,45,186,22,1,141,92,54,146,28,129,80,139,133,152,177	0,1,0.6065,1,112;3,3,0.4975,0,22;5,2,0.7535,0,161;7,5,0.8655,0,215;6,2,0.5575,0,37;8,3,0.7845,0,31
claim-temporal-development-train-01808	5	2	2	51,153,187,124,172,134,44,78,151,12,190,153,66,94,91,147,38,3,195,167,198,99,137,141,106,72,19,176,120,46,202,87,32,23,59,112	2,2,0.6585,2,66;7,4,0.8925,1,145;2,1,0.4535,3,34;5,5,0.7055,1,18;2,0,0.0815,3,79;3,4,0.2685,0,33
claim-temporal-development-train-01809	1	3	2	141,151,207,161,81,4,156,71,55,41,137,175,87,97,123,207,18,148,23,89,116,133,66,184,184,161,27,11,182,171,39,47,119,110,95,58	3,1,0.4425,2,39;2,5,0.3745,2,122;6,0,0.4675,2,178;8,5,0.3025,2,225;0,4,0.8155,2,206;2,3,0.3745,0,65
claim-temporal-development-train-01810	6	1	0	149,1,18,111,68,155,154,114,88,164,53,178,137,79,163,197,11,176,62,43,21,93,46,33,176,85,117,122,178,158,71,146,39,101,133,141	0,1,0.5115,0,123;8,5,0.7155,1,198;4,4,0.8915,2,47;6,3,0.1945,0,226;4,5,0.5635,0,171;1,3,0.3605,0,149
claim-temporal-development-train-01811	3	0	2	107,37,144,180,28,60,12,66,139,181,202,172,212,71,23,180,99,151,117,20,93,45,44,113,83,181,6,92,176,130,53,169,180,145,124,75	5,2,0.8325,2,174;3,3,0.9395,0,38;4,2,0.5395,2,126;2,1,0.9305,0,53;2,1,0.3625,0,0;3,0,0.7945,3,20
claim-temporal-development-train-01812	3	0	2	20,107,145,134,63,197,101,157,115,127,172,91,21,51,180,41,141,214,190,33,76,200,151,93,117,48,87,191,184,36,15,6,68,138,69,196	5,5,0.9105,0,190;8,2,0.3245,3,12;2,5,0.8525,0,197;3,5,0.6145,0,218;4,1,0.6605,0,148;6,4,0.5655,0,92
claim-temporal-development-train-01813	2	0	0	71,19,136,80,67,141,149,155,30,117,2,170,204,152,41,145,59,113,45,123,178,174,188,110,196,162,24,131,165,15,50,93,89,100,83,35	1,5,0.7435,3,232;5,1,0.3425,0,245;1,1,0.7605,2,250;7,1,0.3195,0,249;3,4,0.3755,0,152;2,1,0.0465,0,74
claim-temporal-development-train-01814	6	0	0	161,197,21,69,84,39,109,101,179,180,14,45,182,50,63,125,116,142,134,65,92,73,145,149,16,206,208,93,117,1,136,164,163,41,30,181	0,4,0.0115,0,162;5,5,0.3925,0,51;1,5,0.2855,0,237;0,2,0.8225,0,134;4,3,0.9325,0,109;4,4,0.1865,1,10
claim-temporal-development-train-01815	5	2	2	101,151,186,147,183,69,90,131,15,59,76,45,125,50,208,162,168,34,208,142,205,23,3,107,17,193,180,27,138,93,85,117,65,175,44,112	2,5,0.2955,2,78;2,0,0.8945,0,84;1,1,0.3135,0,116;3,3,0.4435,0,202;4,1,0.0055,0,103;4,1,0.5315,1,161
claim-temporal-development-train-01816	10	3	2	118,21,154,53,59,136,42,127,37,131,73,89,156,103,85,159,183,201,173,33,195,12,169,93,106,45,151,67,69,201,199,5,141,115,148,16	4,2,0.0275,0,209;8,3,0.5625,0,234;4,1,0.7025,0,187;0,3,0.2105,0,149;6,0,0.7875,1,63;6,1,0.0235,0,162
claim-temporal-development-train-01817	7	2	2	136,131,207,117,17,204,82,27,63,213,187,69,179,92,68,37,185,14,44,147,8,100,50,48,78,189,184,141,93,173,21,200,121,114,151,108	7,4,0.2975,0,218;2,3,0.8275,3,110;1,5,0.8905,0,105;5,0,0.8325,0,218;3,2,0.4695,0,35;0,1,0.0565,0,56
claim-temporal-development-train-01818	3	0	0	209,180,211,117,139,93,13,24,164,166,157,34,149,195,18,4,114,126,63,200,71,26,65,100,144,91,40,76,169,111,55,195,45,145,131,86	3,3,0.5345,3,72;1,0,0.0275,0,35;6,5,0.3465,2,12;3,4,0.7105,0,219;3,5,0.4175,0,119;5,1,0.6695,3,147
claim-temporal-development-train-01819	10	0	0	5,40,141,180,67,176,208,117,93,161,69,89,197,21,16,168,111,212,39,85,45,78,62,149,138,214,123,57,145,12,164,182,112,131,103,32	4,2,0.1575,0,245;7,5,0.0635,0,34;8,4,0.7955,0,89;5,3,0.2795,0,47;6,5,0.1135,0,113;2,1,0.4855,0,172
claim-temporal-development-train-01820	7	0	1	85,162,61,41,192,112,37,136,135,53,89,172,142,26,45,117,19,150,74,12,167,124,170,205,154,156,21,67,102,193,71,109,93,153,145,6	5,2,0.7935,0,163;1,3,0.3565,0,197;4,3,0.7785,2,104;1,3,0.2185,0,66;5,3,0.1175,0,234;3,5,0.0265,1,111
claim-temporal-development-train-01821	0	3	0	108,52,28,138,45,17,132,21,148,112,157,156,69,182,157,156,63,127,103,83,152,81,38,119,141,12,9,42,152,180,184,68,89,93,186,149	8,2,0.3095,0,203;3,4,0.4715,0,111;3,5,0.9675,0,230;8,1,0.3705,0,47;6,2,0.1265,2,118;6,2,0.5335,0,201
claim-temporal-development-train-01822	7	3	1	99,57,110,197,198,61,137,1,148,67,93,141,21,18,11,214,150,45,154,200,167,189,26,42,69,88,173,37,112,169,75,118,210,133,82,124	0,1,0.4015,0,29;1,3,0.5265,0,63;8,3,0.6825,0,245;2,0,0.1015,0,44;2,4,0.1915,1,241;3,3,0.2775,0,155
claim-temporal-development-train-01823	5	2	2	13,76,54,105,163,110,198,142,182,30,113,125,82,147,154,60,175,137,35,69,117,21,195,206,182,45,4,178,151,135,18,41,92,68,93,167	3,3,0.5405,0,39;5,1,0.3415,0,253;5,2,0.9645,0,7;3,0,0.9985,0,8;8,4,0.3355,0,47;4,5,0.2835,1,223
claim-temporal-development-train-01824	7	2	0	88,169,176,100,202,93,183,69,34,112,9,126,21,154,31,87,160,131,15,50,186,165,43,17,149,45,156,68,140,117,110,147,63,157,75,141	8,5,0.2105,0,97;6,0,0.6255,0,52;1,5,0.8285,0,136;2,5,0.0585,0,139;3,4,0.1775,0,142;5,1,0.8395,0,8
claim-temporal-development-train-01825	5	2	0	120,109,164,57,78,137,129,60,4,115,69,173,13,149,174,31,195,88,87,143,104,42,147,45,21,18,135,154,181,65,166,167,37,171,213,93	3,3,0.5155,0,162;6,3,0.4965,0,106;8,2,0.2725,0,179;5,5,0.0595,0,252;7,3,0.7185,3,60;8,5,0.3635,2,170
claim-temporal-development-train-01826	5	2	2	69,93,43,19,215,117,91,181,152,34,134,66,155,45,141,7,151,190,53,21,60,111,78,165,125,198,12,103,139,114,211,83,169,27,208,147	6,2,0.7735,0,49;2,0,0.6305,0,51;4,2,0.5255,0,244;5,1,0.6905,0,142;6,5,0.4055,0,242;4,4,0.7995,0,151
claim-temporal-development-train-01827	0	3	1	76,203,148,172,69,25,138,120,43,68,154,18,201,63,130,21,185,192,198,178,141,195,187,150,99,93,10,116,125,106,47,83,52,3,91,36	2,0,0.4685,0,2;0,2,0.7865,2,96;3,5,0.9905,0,136;3,1,0.7075,0,146;2,0,0.8535,3,70;4,0,0.4545,0,155
claim-temporal-development-train-01828	2	3	2	117,45,62,148,17,151,108,131,82,140,200,172,124,92,21,40,179,8,69,169,165,74,197,174,141,191,67,187,93,101,12,51,114,210,25,34	7,2,0.3365,0,95;0,0,0.1115,0,185;2,4,0.7915,0,29;1,0,0.8415,0,79;4,2,0.5135,0,59;3,1,0.9675,0,205
claim-temporal-development-train-01829	5	2	1	167,109,184,141,182,92,186,17,69,168,181,8,130,66,45,28,128,22,150,39,161,79,52,138,166,117,147,115,99,44,85,11,58,93,185,191	7,1,0.2175,1,250;3,5,0.8885,0,247;3,0,0.4365,0,245;6,3,0.8615,0,93;2,3,0.6655,0,120;7,0,0.5935,0,211
claim-temporal-development-train-01830	10	2	2	203,130,11,114,205,172,21,168,62,127,174,57,34,179,17,117,45,140,40,27,75,151,179,4,69,172,106,147,67,199,83,141,90,100,94,205	3,1,0.3465,0,140;2,0,0.1155,0,2;8,4,0.7065,0,153;2,1,0.5055,1,213;3,0,0.5475,0,204;6,0,0.8305,0,170
claim-temporal-development-train-01831	6	0	1	21,20,112,150,36,85,99,54,69,158,92,152,207,141,145,27,60,171,40,124,200,117,201,152,93,155,45,6,107,139,65,180,73,14,132,183	5,4,0.9595,0,16;2,2,0.1375,0,243;5,2,0.2155,0,95;0,3,0.9665,0,90;2,1,0.1395,0,183;3,2,0.7875,0,41
claim-temporal-development-train-01832	9	0	2	143,82,45,182,113,26,151,43,181,156,178,128,98,170,171,109,36,145,117,134,4,163,162,139,68,19,89,63,177,21,11,75,213,56,93,69	3,1,0.7085,0,91;1,2,0.7945,0,6;7,5,0.9125,0,194;2,0,0.2875,0,24;1,3,0.3965,0,86;7,4,0.6955,2,2
claim-temporal-development-train-01833	5	2	0	22,86,36,69,149,28,117,166,188,91,47,183,41,177,61,127,116,147,137,175,141,79,202,171,106,165,93,162,1,105,10,177,51,134,65,17	0,0,0.3295,1,102;3,2,0.2495,2,114;2,3,0.2815,0,167;6,4,0.6215,0,224;8,0,0.9485,0,57;6,4,0.3835,0,95
claim-temporal-development-train-01834	0	3	0	148,185,44,10,64,101,160,89,76,153,45,34,168,207,141,200,173,176,201,138,58,109,21,149,117,20,51,69,29,134,124,4,84,93,113,186	3,0,0.8415,0,190;4,0,0.9135,0,59;2,0,0.1315,0,94;3,2,0.2915,0,115;4,3,0.3295,0,112;3,4,0.4725,0,173
claim-temporal-development-train-01835	1	2	1	58,171,136,109,213,77,18,12,147,210,95,193,197,121,141,102,21,190,27,119,150,83,171,91,43,45,169,3,67,211,133,159,53,112,38,69	2,2,0.4355,0,84;2,4,0.6125,0,21;4,0,0.6035,0,4;4,1,0.7345,2,89;5,3,0.1455,2,196;0,3,0.0725,0,172
claim-temporal-development-train-01836	6	2	2	23,134,196,10,38,40,151,158,178,153,26,120,7,116,93,90,73,64,174,51,159,69,45,16,105,147,86,203,161,141,63,199,154,108,123,137	6,0,0.0765,2,38;1,4,0.1505,0,108;2,5,0.1535,0,57;0,4,0.5725,0,124;8,2,0.9865,3,90;2,4,0.2635,0,19
claim-temporal-development-train-01837	9	1	0	8,69,60,146,117,149,35,42,12,109,140,17,152,152,206,22,128,74,141,53,93,187,88,47,175,135,156,101,160,33,181,165,112,67,154,82	7,2,0.3295,1,47;8,1,0.4005,2,50;4,2,0.7845,0,18;1,0,0.0405,0,209;4,3,0.0475,0,155;7,5,0.8705,0,22
claim-temporal-development-train-01838	1	2	1	89,165,85,36,150,123,16,104,47,132,174,57,30,141,210,163,11,71,95,176,74,58,42,3,168,197,21,65,114,117,106,196,159,137,160,147	2,1,0.0415,0,241;5,2,0.5575,2,135;8,0,0.3665,2,226;1,3,0.2535,2,216;7,0,0.4465,0,8;2,2,0.2715,0,199
claim-temporal-development-train-01839	10	0	0	117,67,43,176,93,125,138,169,13,58,186,82,141,207,161,31,145,89,34,153,134,149,69,51,17,116,80,7,209,111,202,101,45,21,190,167	6,3,0.3265,0,57;6,0,0.6785,0,201;2,0,0.7155,0,92;7,0,0.2305,0,18;4,5,0.8765,0,60;4,4,0.4375,0,238
claim-temporal-development-train-01840	0	3	2	113,61,210,202,134,117,100,28,148,3,139,203,123,65,178,69,151,56,15,35,143,86,204,44,197,18,45,153,21,199,164,81,111,91,159,93	2,5,0.4735,0,192;3,1,0.8935,0,225;7,3,0.2925,0,161;8,4,0.6005,0,78;3,5,0.2295,0,102;2,4,0.6505,2,4
claim-temporal-development-train-01841	10	2	1	34,81,150,211,100,72,16,21,147,206,42,139,133,63,201,141,93,88,117,13,201,200,57,45,173,125,210,157,66,9,28,201,113,210,83,106	8,3,0.1385,0,91;3,0,0.5685,0,43;8,5,0.4915,3,219;8,1,0.0535,0,181;3,0,0.3485,0,48;4,3,0.6035,0,139
claim-temporal-development-train-01842	0	3	0	121,141,156,69,21,93,138,76,116,164,182,212,19,11,205,189,7,108,40,45,67,51,171,213,154,62,211,103,85,91,39,148,149,117,135,31	6,1,0.7215,0,83;6,5,0.0385,0,252;2,4,0.7155,0,220;3,3,0.6925,0,56;6,2,0.9815,0,191;0,5,0.4045,0,92
claim-temporal-development-train-01843	2	2	2	2,71,93,138,117,166,201,204,141,121,108,99,21,32,152,116,212,45,163,63,54,213,43,147,35,151,158,76,84,134,92,193,16,200,15,68	1,5,0.1145,0,2;7,1,0.6485,0,119;5,5,0.8335,2,88;3,2,0.8065,0,213;2,2,0.8675,0,141;0,4,0.4655,0,1
claim-temporal-development-train-01844	6	1	0	172,84,132,45,156,200,155,124,67,194,110,146,141,98,139,40,19,118,93,69,28,49,89,173,193,62,113,161,149,5,21,172,35,190,81,15	4,5,0.7135,0,237;3,1,0.1685,0,122;0,4,0.6815,0,233;8,2,0.3105,0,29;1,4,0.2225,1,73;3,2,0.6725,0,196
claim-temporal-development-train-01845	5	2	1	57,44,112,21,141,196,10,206,74,136,45,69,147,209,178,92,199,104,203,124,204,93,158,182,150,204,107,68,134,38,62,83,117,9,18,31	8,0,0.5115,0,183;6,4,0.8285,0,86;8,4,0.9415,0,152;1,1,0.8255,0,242;7,1,0.1855,0,188;3,4,0.0805,0,143
claim-temporal-development-train-01846	5	2	1	160,47,203,28,94,124,14,180,164,179,150,76,147,54,205,202,117,139,161,98,86,165,36,20,43,143,69,106,115,204,67,4,21,135,90,62	3,4,0.8035,0,28;3,2,0.7845,2,208;5,4,0.7495,0,160;3,4,0.5855,1,203;1,0,0.6805,0,212;3,5,0.6135,2,222
claim-temporal-development-train-01847	9	3	1	64,182,141,86,36,162,121,164,185,156,2,45,26,192,89,56,158,116,73,117,165,17,185,40,93,150,13,104,148,132,21,137,198,70,109,60	1,3,0.2425,0,57;1,2,0.1725,0,252;7,2,0.0315,1,33;0,4,0.3095,0,193;7,3,0.9175,0,166;0,2,0.2935,0,76
claim-temporal-development-train-01848	6	0	2	139,106,145,83,17,115,208,208,117,99,55,187,73,69,189,133,93,191,158,124,14,65,44,186,141,92,203,25,63,208,151,6,45,21,39,203	5,4,0.2105,0,194;0,5,0.8165,0,121;6,5,0.3765,0,116;0,1,0.9845,0,219;2,0,0.7805,0,184;3,3,0.6575,0,51
claim-temporal-development-train-01849	0	3	0	148,21,40,53,119,99,93,87,197,76,45,65,162,141,69,156,115,92,122,136,208,176,131,203,17,39,33,5,149,207,59,11,210,109,161,204	4,1,0.2025,0,235;8,5,0.1265,0,192;4,1,0.3105,0,6;3,5,0.9565,0,73;2,3,0.6905,2,23;1,1,0.1855,0,211
claim-temporal-development-train-01850	3	0	0	159,176,44,61,195,173,76,138,69,28,141,86,125,118,113,191,21,45,51,35,93,19,90,176,110,104,171,67,196,149,191,2,12,170,145,134	1,2,0.6285,0,143;3,1,0.8185,0,114;2,3,0.6745,0,99;3,4,0.5285,0,55;7,4,0.3915,1,204;4,4,0.4695,0,178
claim-temporal-development-train-01851	4	1	0	87,204,174,15,69,207,141,61,74,203,42,29,173,191,21,106,169,114,138,20,57,100,146,206,45,135,91,149,93,190,163,124,34,65,117,4	3,5,0.9605,0,138;4,0,0.5225,0,100;8,3,0.2605,0,73;1,5,0.6355,0,167;3,0,0.5955,0,97;3,5,0.5705,0,211
claim-temporal-development-train-01852	1	0	1	89,93,136,51,106,60,188,20,132,145,183,103,43,69,206,33,189,48,205,118,123,21,210,3,154,208,193,14,150,208,85,112,141,75,37,65	2,4,0.8525,0,80;8,3,0.6645,3,170;2,2,0.2935,0,241;2,3,0.3465,0,216;6,0,0.0395,1,92;2,2,0.1375,0,58
claim-temporal-development-train-01853	5	2	1	141,68,45,139,69,147,20,51,172,89,202,166,135,166,27,37,108,63,114,21,74,170,120,213,154,85,196,181,150,44,124,194,4,12,104,93	3,2,0.8555,0,142;2,3,0.9795,0,90;2,5,0.9665,0,161;1,3,0.2245,0,118;7,2,0.5225,3,82;3,5,0.7645,0,249
claim-temporal-development-train-01854	4	1	1	41,20,45,97,150,170,146,206,115,199,203,56,82,165,121,21,4,93,72,73,25,61,15,159,35,185,152,181,90,152,141,139,68,106,133,119	3,5,0.8445,0,43;0,1,0.3765,0,18;7,3,0.8085,3,50;0,0,0.4565,0,131;0,0,0.7995,2,69;0,3,0.6925,0,255
claim-temporal-development-train-01855	5	3	0	156,130,164,107,114,178,148,67,71,40,50,45,117,38,187,180,19,73,59,141,149,137,100,174,13,123,161,88,7,29,21,84,181,196,162,93	6,3,0.6775,0,52;4,4,0.1365,0,250;1,1,0.6745,2,143;0,2,0.0945,0,57;3,1,0.5905,0,249;2,0,0.2615,0,112
claim-temporal-development-train-01856	9	0	2	57,14,67,134,161,180,3,144,122,192,168,24,208,93,114,34,203,27,17,69,163,151,88,44,104,60,109,75,145,46,140,117,82,174,184,180	2,4,0.3785,3,10;2,0,0.9315,1,163;8,2,0.7085,0,61;2,0,0.1845,0,144;7,3,0.4585,0,15;1,4,0.9965,3,207
claim-temporal-development-train-01857	1	2	0	117,111,210,11,59,138,194,195,34,169,162,125,73,149,30,82,158,159,190,19,115,147,99,169,93,92,68,143,44,21,162,45,132,4,69,52	3,1,0.6015,0,0;5,0,0.9325,0,135;3,1,0.8355,0,248;0,0,0.8225,0,237;2,5,0.6785,0,61;4,2,0.5945,2,54
claim-temporal-development-train-01858	0	3	0	52,158,79,111,114,197,69,11,211,82,125,136,177,32,149,63,135,199,21,66,3,141,117,43,92,38,20,182,152,45,197,93,105,213,148,208	2,1,0.8385,0,178;7,4,0.6905,0,238;3,5,0.5295,0,127;6,0,0.9315,0,239;8,5,0.5555,0,15;4,5,0.1585,0,56
claim-temporal-development-train-01859	7	0	1	19,13,115,167,132,169,57,190,21,187,45,59,98,173,9,168,37,140,212,69,91,42,173,145,83,109,196,25,124,117,66,73,96,198,141,150	8,3,0.7885,0,79;0,3,0.4705,0,238;8,1,0.4525,0,53;0,1,0.6555,3,96;1,3,0.7915,0,145;3,2,0.8245,0,65
claim-temporal-development-train-01860	2	2	1	95,199,11,107,37,147,186,161,134,9,199,65,103,58,116,117,150,154,40,174,18,69,183,47,73,129,88,164,139,21,143,168,87,28,213,54	8,1,0.5425,0,174;3,3,0.0445,2,223;5,0,0.3245,0,130;0,5,0.0305,2,239;6,1,0.8685,0,131;8,4,0.6395,2,148
claim-temporal-development-train-01861	9	3	0	211,205,36,170,79,8,148,123,187,133,193,59,85,203,23,108,14,56,101,197,93,31,195,69,141,117,113,137,177,68,149,44,48,88,19,159	7,4,0.6555,2,152;6,2,0.8535,3,242;7,1,0.9915,0,228;6,3,0.0695,0,17;4,2,0.3665,0,10;2,3,0.3585,0,249
claim-temporal-development-train-01862	6	3	0	204,189,93,3,45,136,116,117,188,76,49,66,13,102,107,87,171,173,17,141,197,149,198,39,62,29,89,122,156,209,192,148,22,41,134,69	2,3,0.2705,1,98;4,5,0.2065,0,177;0,4,0.5405,0,196;3,5,0.3945,0,61;5,1,0.8655,0,148;1,4,0.0855,0,121
claim-temporal-development-train-01863	1	0	0	36,22,181,130,179,68,124,42,142,45,211,88,149,58,138,167,77,14,173,189,145,83,69,117,1,205,51,115,27,186,100,18,106,163,95,198	0,4,0.5745,1,208;2,2,0.4405,0,1;2,0,0.9485,0,186;4,1,0.0785,2,106;3,0,0.6455,0,81;3,0,0.4565,1,113
claim-temporal-development-train-01864	1	0	1	172,10,210,117,85,173,21,56,141,203,180,104,5,205,45,116,37,66,137,125,92,180,168,145,150,201,131,106,18,95,69,27,77,44,60,204	4,0,0.4685,0,223;2,3,0.9005,0,176;7,2,0.4665,0,43;4,3,0.8175,2,112;7,0,0.8075,0,117;4,1,0.2265,0,196
claim-temporal-development-train-01865	5	0	2	68,58,178,93,100,145,160,132,50,110,151,29,120,173,12,114,79,22,207,127,1,137,90,20,36,83,155,197,142,206,164,204,41,178,70,46	0,2,0.8735,1,66;4,2,0.3415,1,252;1,0,0.8015,1,232;6,1,0.5025,0,182;3,4,0.4525,3,150;6,2,0.2635,1,229
claim-temporal-development-train-01866	6	3	1	80,93,88,160,102,148,121,83,50,205,117,171,180,45,141,202,111,17,186,186,113,21,35,155,69,14,64,33,196,1,150,41,63,137,190,134	0,4,0.3285,0,23;8,1,0.2265,0,151;1,5,0.1095,0,27;7,1,0.0865,0,113;5,5,0.3935,0,173;0,4,0.3495,0,78
claim-temporal-development-train-01867	6	0	2	130,171,206,209,44,201,158,126,207,58,168,145,51,93,113,175,108,10,117,97,5,45,136,157,141,83,20,21,39,76,65,151,69,182,25,89	4,0,0.9025,0,198;0,5,0.9655,0,105;2,0,0.3375,0,90;3,1,0.2775,0,80;0,2,0.2615,0,9;5,0,0.0715,0,182
claim-temporal-development-train-01868	1	2	1	215,182,41,155,199,75,141,172,191,11,139,67,50,58,93,123,133,116,69,21,5,46,108,165,88,17,83,150,34,28,164,187,147,181,104,118	4,1,0.2195,0,126;3,0,0.3825,1,252;1,0,0.7715,0,36;2,1,0.0405,0,34;7,2,0.8265,1,144;2,3,0.6165,0,210
claim-temporal-development-train-01869	1	0	1	19,69,199,191,66,200,150,78,135,91,212,28,175,145,139,51,111,21,193,45,6,189,123,141,93,112,117,36,165,195,168,59,82,42,105,15	5,5,0.7705,0,12;3,2,0.4895,0,146;2,1,0.5115,0,230;5,0,0.6525,0,91;8,5,0.1645,0,77;2,5,0.6795,0,111
claim-temporal-development-train-01870	1	3	0	177,83,15,149,173,103,141,159,117,75,37,50,60,45,65,107,207,8,19,148,204,188,132,21,205,136,163,44,69,90,114,215,201,27,93,127	7,5,0.6285,0,49;2,3,0.9425,0,193;1,2,0.2245,0,167;2,1,0.4445,0,35;6,1,0.4105,0,135;6,2,0.0475,0,171
claim-temporal-development-train-01871	10	1	2	177,127,80,96,9,30,140,19,59,182,120,69,57,21,37,151,173,40,100,131,112,141,65,196,84,156,12,111,188,174,182,146,45,92,212,170	8,2,0.7205,0,48;5,3,0.0165,0,156;8,1,0.3775,0,212;7,2,0.8585,3,182;3,5,0.0715,3,68;6,1,0.9645,0,94
claim-temporal-development-train-01872	5	2	0	11,45,143,214,149,137,113,193,1,63,147,183,64,72,42,117,131,181,108,93,125,198,159,198,91,39,16,105,214,209,21,28,52,197,87,77	0,1,0.0135,0,220;3,5,0.4525,0,142;3,5,0.1405,3,142;4,5,0.6065,0,250;8,2,0.2815,0,255;4,1,0.2275,2,42
claim-temporal-development-train-01873	9	3	2	151,34,24,93,141,102,45,17,120,107,155,89,148,128,201,40,182,51,82,169,67,156,58,209,178,70,10,3,32,140,115,213,155,130,167,80	2,0,0.3935,3,207;7,0,0.1925,0,187;2,0,0.6815,1,117;7,0,0.3265,0,213;5,1,0.7145,3,73;7,0,0.9195,0,100
claim-temporal-development-train-01874	8	3	1	107,183,192,35,64,140,148,61,19,199,5,120,156,32,157,57,126,150,194,105,115,11,42,154,91,75,206,69,86,135,141,93,152,24,158,47	4,1,0.6905,3,242;7,1,0.5825,2,164;8,3,0.0925,0,28;2,4,0.7015,0,203;8,1,0.7015,3,94;5,5,0.9435,0,86
claim-temporal-development-train-01875	9	1	0	11,137,44,21,149,48,135,195,54,31,70,39,90,186,64,20,84,200,182,59,159,105,112,141,2,177,174,80,187,110,120,93,128,202,146,212	1,1,0.8985,0,102;6,5,0.8355,3,231;5,1,0.1675,1,118;7,2,0.4195,0,244;8,4,0.1395,3,110;7,5,0.2255,0,220
claim-temporal-development-train-01876	2	2	1	109,162,187,68,125,74,166,51,199,139,89,34,21,45,93,150,213,58,6,178,43,147,174,119,155,27,100,87,10,141,20,69,184,131,113,200	5,0,0.9375,0,59;2,0,0.6845,0,26;2,0,0.9025,0,26;1,5,0.3765,0,80;3,3,0.2965,2,4;4,1,0.7095,0,145
claim-temporal-development-train-01877	6	1	2	11,170,21,34,45,182,141,146,69,132,61,204,136,74,173,125,116,208,209,9,175,97,111,157,117,93,64,88,175,151,87,56,188,43,26,19	8,1,0.7485,0,241;1,0,0.6395,0,244;7,3,0.1315,0,4;1,5,0.0205,0,58;0,5,0.9135,0,166;4,2,0.0705,0,237
claim-temporal-development-train-01878	1	2	2	75,178,137,90,20,43,52,39,102,27,111,4,190,129,117,86,60,23,201,197,143,172,152,66,112,15,151,153,208,147,132,168,178,71,93,48	3,5,0.8685,2,226;2,5,0.7505,3,143;3,2,0.5825,2,177;2,4,0.5045,0,146;5,5,0.0525,0,203;8,2,0.3655,2,213
claim-temporal-development-train-01879	10	0	0	86,28,43,101,62,14,69,203,204,45,214,197,65,132,178,89,5,174,34,57,125,213,149,117,185,93,161,188,113,78,145,111,142,21,139,20	4,4,0.9695,0,175;3,0,0.7555,0,114;8,4,0.3265,0,117;5,4,0.3415,0,204;4,5,0.2045,0,204;4,2,0.7125,1,172
claim-temporal-development-train-01880	6	3	2	134,179,87,55,173,190,47,117,11,141,174,102,201,212,189,35,116,93,90,29,197,125,21,19,151,5,137,69,148,43,109,163,73,197,63,64	4,1,0.7155,0,174;4,1,0.6075,2,2;6,5,0.0845,0,19;0,5,0.4335,0,156;5,3,0.8515,0,79;4,4,0.2315,0,88
claim-temporal-development-train-01881	10	0	0	185,165,200,45,119,18,93,86,14,6,74,21,41,167,127,186,134,116,214,106,149,33,136,57,90,145,195,101,60,184,141,161,38,69,67,207	5,4,0.4855,0,204;8,4,0.3985,0,197;8,2,0.6575,0,70;1,4,0.5535,0,209;4,0,0.8845,2,27;6,4,0.1655,0,227
claim-temporal-development-train-01882	7	0	1	142,88,83,161,155,14,18,150,102,93,131,81,66,124,171,50,31,187,153,170,63,193,5,45,139,145,112,38,69,40,117,155,195,111,213,22	4,4,0.5965,1,132;6,4,0.0375,0,178;1,5,0.5835,0,41;8,1,0.1075,0,103;5,5,0.1585,0,238;3,1,0.7235,1,41
claim-temporal-development-train-01883	9	0	1	161,40,60,136,28,21,150,182,80,20,167,173,144,93,112,107,89,70,169,160,85,187,48,2,38,145,124,164,64,102,11,55,183,119,132,173	1,1,0.9285,0,83;3,4,0.1845,3,84;6,2,0.0015,1,130;7,3,0.2655,0,227;5,1,0.1485,2,237;3,2,0.0875,3,227
claim-temporal-development-train-01884	3	0	2	14,41,151,64,193,145,117,130,212,189,136,152,114,32,163,55,190,69,93,89,75,36,141,16,60,175,9,185,110,168,100,123,21,45,86,176	8,4,0.1285,0,19;7,2,0.2945,0,121;6,2,0.0395,0,98;2,4,0.3015,0,27;3,4,0.4345,0,244;2,0,0.0055,0,56
claim-temporal-development-train-01885	1	3	0	64,45,51,20,31,200,14,188,149,3,40,94,208,205,87,112,139,133,104,71,123,88,192,148,117,58,34,110,197,194,23,75,214,185,190,141	2,4,0.8375,2,55;6,0,0.1125,0,240;2,0,0.0635,2,2;2,5,0.1795,1,224;7,4,0.0955,0,31;2,3,0.6395,0,136
claim-temporal-development-train-01886	9	3	1	117,115,68,89,12,215,87,197,136,172,8,148,39,21,167,53,201,207,133,45,108,186,79,69,141,20,185,122,150,167,199,104,41,28,61,93	7,2,0.8435,0,251;3,5,0.3755,0,172;4,3,0.9825,0,198;6,5,0.2275,0,73;7,2,0.7365,0,119;1,3,0.1835,0,154
claim-temporal-development-train-01887	6	1	0	69,141,65,15,77,100,88,44,19,9,63,39,53,25,198,162,161,149,93,125,189,184,175,201,117,106,199,84,45,146,136,112,156,214,135,21	8,5,0.6195,0,225;0,5,0.8025,0,191;4,5,0.3005,0,120;4,2,0.1755,0,165;3,0,0.0695,0,25;4,5,0.0235,0,65
claim-temporal-development-train-01888	2	2	0	64,149,87,81,184,112,196,36,69,141,124,99,44,45,202,132,54,33,106,93,117,60,181,10,19,163,2,158,21,202,193,140,200,147,89,193	1,0,0.7955,0,49;8,2,0.9205,0,157;5,2,0.0905,0,132;8,5,0.3215,0,59;2,0,0.1245,0,68;3,2,0.8215,0,68
claim-temporal-development-train-01889	10	3	1	112,148,188,203,93,177,184,76,122,180,29,139,110,69,58,150,84,45,16,141,117,178,102,155,132,39,43,23,53,89,214,68,10,190,206,5	4,0,0.1635,2,232;4,5,0.6025,0,119;4,0,0.9955,0,56;3,2,0.3945,0,114;5,4,0.0735,0,74;1,2,0.7485,0,255
claim-temporal-development-train-01890	5	2	2	69,61,189,192,139,68,75,203,151,205,93,112,42,133,102,171,193,108,85,179,18,122,184,117,38,92,45,147,11,7,21,52,188,25,160,141	6,1,0.4285,0,225;0,4,0.4715,0,76;3,3,0.9575,0,83;2,3,0.9295,0,159;5,2,0.0465,0,160;1,3,0.6995,0,251
claim-temporal-development-train-01891	6	3	1	91,214,148,1,161,116,185,192,134,188,190,203,25,45,18,76,143,12,150,209,212,43,21,85,57,38,70,124,110,62,93,139,117,191,67,102	0,2,0.4705,0,232;0,4,0.7445,0,181;8,4,0.6385,1,40;3,3,0.7665,0,192;5,4,0.9415,0,127;3,4,0.7665,2,105
claim-temporal-development-train-01892	2	2	1	116,12,102,170,93,154,131,117,188,141,138,45,18,147,108,40,84,33,35,21,5,80,190,69,54,150,127,194,58,64,209,166,92,173,212,163	4,2,0.5455,0,23;8,1,0.1715,0,43;5,0,0.0135,0,235;7,2,0.8985,0,56;5,2,0.8425,0,55;6,1,0.4115,0,19
claim-temporal-development-train-01893	10	3	2	154,40,67,3,167,96,35,210,195,133,60,141,45,90,86,18,101,211,76,117,156,111,50,21,28,151,201,165,128,72,148,164,211,12,115,138	2,2,0.5975,0,214;3,1,0.1905,0,253;1,2,0.7015,3,90;3,4,0.4825,3,37;4,5,0.6355,0,150;7,3,0.5585,0,75
claim-temporal-development-train-01894	7	2	0	4,166,180,214,64,38,111,79,126,88,180,138,49,41,86,63,209,149,213,22,157,176,70,45,93,18,147,15,119,26,115,133,164,177,99,142	3,5,0.5795,1,90;1,4,0.2495,0,0;0,5,0.1265,1,180;6,4,0.0925,0,245;2,5,0.6905,2,48;5,3,0.5765,1,120
claim-temporal-development-train-01895	5	0	1	136,19,69,50,193,108,165,38,7,66,175,21,58,84,113,75,41,166,126,93,119,15,150,141,198,165,131,210,215,26,89,160,145,211,99,45	6,5,0.6035,0,68;1,4,0.3825,0,50;1,0,0.4295,0,92;2,2,0.2445,0,77;2,2,0.2315,2,52;5,1,0.1835,0,223
claim-temporal-development-train-01896	1	2	2	10,169,21,69,96,88,211,151,196,152,198,159,160,140,126,16,39,131,193,160,215,67,45,77,5,113,120,51,142,40,147,97,87,110,31,60	4,0,0.0425,0,235;6,5,0.1745,0,144;2,2,0.7335,0,33;4,5,0.1165,3,149;0,4,0.2905,3,252;5,1,0.8425,1,66
claim-temporal-development-train-01897	7	1	2	93,151,112,167,134,173,21,30,140,172,141,16,204,146,74,34,45,122,193,49,181,9,157,58,69,67,201,44,12,165,89,159,111,83,117,103	8,2,0.1525,0,55;5,0,0.9485,0,79;0,0,0.7625,0,150;1,1,0.3805,0,51;6,5,0.0115,0,26;1,4,0.9215,0,111
claim-temporal-development-train-01898	3	0	1	26,46,67,132,162,43,4,21,70,108,140,118,101,186,91,198,203,169,129,75,145,150,141,114,210,18,183,85,12,189,178,58,36,179,56,93	3,2,0.5375,0,174;1,2,0.6945,1,167;7,0,0.6115,1,30;2,3,0.6215,0,156;4,2,0.5235,1,33;8,2,0.9165,0,166
claim-temporal-development-train-01899	7	1	2	168,195,21,28,2,35,92,172,141,113,10,165,64,41,177,151,146,122,138,208,93,98,158,69,117,56,82,110,200,134,189,17,45,61,215,79	1,0,0.2735,0,234;3,1,0.2195,0,29;7,3,0.0855,0,6;6,0,0.8615,0,218;1,4,0.2375,0,176;1,4,0.5865,0,75
claim-temporal-development-train-01900	2	3	1	72,36,199,159,58,150,41,115,193,45,134,21,165,49,121,82,106,88,141,148,81,201,160,105,185,215,67,136,174,9,19,117,190,11,25,96	8,1,0.7125,0,132;0,2,0.2315,0,190;0,0,0.6185,3,200;8,0,0.0125,3,235;8,0,0.7365,0,142;0,4,0.1315,0,227
claim-temporal-development-train-01901	4	1	0	195,117,133,175,52,170,45,2,165,125,83,109,211,92,187,188,21,149,93,18,68,146,63,25,138,141,69,154,41,76,100,114,39,172,212,15	1,5,0.5445,0,93;0,5,0.2465,0,177;3,5,0.8125,0,73;3,1,0.9365,0,208;3,3,0.4115,0,135;4,3,0.5805,0,250
claim-temporal-development-train-01902	5	2	2	82,77,213,116,69,207,117,64,52,201,30,45,159,166,100,206,135,40,58,141,164,35,19,93,129,111,15,151,147,23,3,183,210,164,89,137	2,5,0.7645,2,84;5,1,0.0825,0,162;3,0,0.0835,0,19;4,0,0.2365,0,89;3,5,0.9175,0,85;8,5,0.2785,0,88
claim-temporal-development-train-01903	2	3	1	25,184,136,169,59,17,181,88,42,9,194,121,141,36,200,196,69,150,21,185,45,117,171,74,206,84,15,68,213,132,116,51,94,102,148,107	8,5,0.2165,0,141;0,2,0.4435,0,218;2,1,0.8475,0,96;1,2,0.1635,1,171;5,1,0.9175,0,9;0,2,0.0745,0,231
claim-temporal-development-train-01904	4	1	0	195,62,5,40,90,30,146,45,82,141,128,69,163,112,131,37,137,182,177,162,20,21,117,152,186,93,14,149,98,52,165,77,207,107,67,158	4,4,0.9985,0,171;5,3,0.0155,0,88;3,4,0.7175,0,253;4,0,0.4695,0,200;1,1,0.1555,0,228;7,1,0.3705,0,74
claim-temporal-development-train-01905	2	0	0	26,175,211,91,200,131,42,211,14,66,19,84,8,149,109,36,45,22,124,101,54,170,117,185,198,112,176,58,136,93,78,143,69,208,181,145	7,4,0.6985,1,36;1,2,0.4915,0,126;5,0,0.5735,0,159;5,2,0.6105,0,167;4,3,0.1385,0,123;3,1,0.1595,2,177
claim-temporal-development-train-01906	9	0	0	157,59,22,141,149,113,212,203,196,110,172,93,69,32,73,10,134,88,138,35,87,123,18,44,196,175,67,49,191,117,145,104,3,205,159,45	2,0,0.4295,1,193;7,1,0.9085,0,113;0,1,0.7285,0,132;0,5,0.1465,0,240;7,4,0.2405,0,50;2,4,0.5885,0,204
claim-temporal-development-train-01907	5	2	0	141,87,149,152,140,66,50,95,110,14,69,147,61,3,191,117,124,193,116,40,76,171,154,197,28,89,38,173,134,183,101,161,21,17,189,45	2,4,0.3125,0,106;3,4,0.0575,0,208;1,3,0.4565,0,184;3,5,0.3765,2,152;4,4,0.9645,0,141;3,4,0.8915,0,38
claim-temporal-development-train-01908	1	3	0	131,45,142,63,87,10,34,172,27,192,167,181,23,178,206,93,107,99,215,202,50,16,148,6,92,41,157,175,124,149,117,69,67,112,75,138	5,0,0.1235,2,148;2,0,0.3825,0,71;1,5,0.6205,0,34;2,5,0.9415,0,168;2,1,0.1825,0,60;3,1,0.5685,1,3
claim-temporal-development-train-01909	2	0	0	89,68,33,169,13,174,45,119,175,129,141,43,54,183,161,99,93,149,139,163,69,112,145,76,174,59,17,36,157,24,83,204,108,131,8,177	7,3,0.2635,3,247;8,2,0.6225,0,121;5,1,0.8815,0,225;3,1,0.2365,0,43;2,2,0.0475,2,172;8,1,0.7085,0,153
claim-temporal-development-train-01910	1	0	1	105,72,189,155,19,65,135,145,15,117,150,123,115,93,174,141,37,5,89,196,80,137,44,162,56,107,177,32,175,48,215,82,60,201,23,178	4,5,0.6575,2,13;7,3,0.9435,3,24;7,2,0.3815,3,64;7,0,0.2045,0,129;8,1,0.6625,0,233;2,5,0.3845,0,105
claim-temporal-development-train-01911	1	2	1	116,107,3,155,73,167,89,87,136,68,205,181,170,134,12,199,45,18,96,99,117,141,27,183,59,171,39,150,122,57,43,161,69,202,147,21	2,2,0.5615,0,135;2,5,0.7735,0,135;8,1,0.9655,0,160;0,5,0.3075,3,196;2,1,0.9575,0,113;1,4,0.0395,0,62
claim-temporal-development-train-01912	7	3	1	139,64,69,192,184,156,101,116,150,203,177,83,167,88,183,117,21,45,208,2,55,130,41,181,127,80,19,141,96,15,27,39,148,106,185,58	1,5,0.7465,0,214;2,5,0.3965,0,215;6,0,0.1845,0,212;7,1,0.1185,3,112;4,0,0.9125,0,174;6,0,0.7685,0,99
claim-temporal-development-train-01913	2	3	1	19,93,190,88,164,140,148,150,77,198,25,123,86,195,155,117,201,60,104,211,185,41,177,132,211,34,141,21,12,107,69,45,115,65,8,50	7,2,0.6885,0,86;0,0,0.3635,0,166;1,2,0.2885,0,185;4,4,0.0115,0,46;7,1,0.7535,0,116;2,2,0.8725,0,227
claim-temporal-development-train-01914	1	0	2	69,93,151,51,110,9,10,133,44,21,153,189,119,141,61,90,18,46,183,207,65,114,101,123,136,187,26,145,160,75,178,39,86,181,202,187	8,0,0.4145,0,38;1,5,0.9955,1,134;2,3,0.3825,0,252;2,4,0.5655,0,73;4,4,0.4565,2,221;2,3,0.0075,0,35
claim-temporal-development-train-01915	7	3	1	18,113,207,39,45,10,68,91,44,105,202,158,93,9,84,120,63,21,125,171,69,134,49,148,111,213,79,150,152,165,26,200,138,169,142,160	8,0,0.5575,0,27;1,5,0.8965,0,63;0,5,0.8375,0,58;6,2,0.6075,0,82;8,5,0.2645,3,59;4,4,0.5365,1,236
claim-temporal-development-train-01916	8	0	2	102,30,155,59,47,145,151,214,192,114,11,20,69,117,42,132,86,165,202,3,21,164,109,153,80,155,183,91,182,39,125,67,143,56,93,137	2,1,0.9555,0,14;5,5,0.4115,2,248;7,1,0.7935,0,194;7,4,0.7755,0,24;5,3,0.5085,0,148;4,2,0.3255,2,40
claim-temporal-development-train-01917	5	0	0	93,24,80,113,172,109,141,57,88,29,45,179,159,103,137,127,18,170,158,37,213,118,145,72,158,7,167,162,60,66,40,13,132,165,149,83	6,3,0.5545,3,93;4,3,0.0395,0,110;8,2,0.4595,3,86;7,1,0.1365,0,22;6,3,0.2045,1,241;6,2,0.2935,0,82
claim-temporal-development-train-01918	7	1	1	82,113,93,14,154,167,40,50,195,120,38,122,184,108,28,209,209,102,150,133,177,190,89,74,21,146,153,139,141,65,69,45,20,63,186,1	0,4,0.9415,0,64;3,4,0.1965,0,203;1,5,0.3365,0,247;1,0,0.3555,0,43;5,2,0.3675,3,156;1,3,0.6795,0,245
claim-temporal-development-train-01919	9	2	2	28,162,107,132,90,21,187,208,2,63,214,128,44,117,154,13,80,84,183,174,147,140,198,151,56,190,181,100,93,45,69,141,66,39,113,20	1,3,0.9675,0,187;3,5,0.9795,0,25;7,5,0.4745,0,185;7,2,0.4315,0,182;3,1,0.2765,0,121;7,2,0.9255,0,234
claim-temporal-development-train-01920	5	2	0	65,95,140,81,149,53,88,69,114,86,147,21,110,206,171,25,172,3,13,61,187,173,178,141,100,133,124,18,44,34,176,117,45,155,214,214	2,3,0.4585,0,222;0,0,0.9625,0,59;4,3,0.2025,0,143;8,4,0.1095,2,71;3,4,0.5865,0,208;3,3,0.9795,0,42
claim-temporal-development-train-01921	5	2	0	28,45,136,159,69,60,57,97,86,18,43,93,189,213,190,172,118,3,65,91,38,111,13,204,79,114,131,141,21,147,190,126,178,149,208,193	2,3,0.4165,0,8;3,4,0.6795,0,176;8,2,0.3615,0,154;6,4,0.7555,0,10;0,5,0.4695,1,212;5,1,0.0025,0,14
claim-temporal-development-train-01922	5	1	1	199,171,34,6,130,21,20,207,50,63,200,137,42,154,90,113,13,146,168,79,119,69,150,184,141,97,201,127,67,158,168,85,26,93,108,46	5,3,0.8705,0,159;1,0,0.4765,1,178;1,5,0.6975,0,44;6,3,0.5575,0,96;0,2,0.2685,2,165;6,0,0.2785,0,79
claim-temporal-development-train-01923	1	3	0	130,159,21,152,201,149,101,117,69,92,141,93,20,109,36,10,156,160,204,6,136,148,169,167,122,116,84,63,45,192,186,51,67,27,41,77	5,0,0.8495,0,167;2,2,0.3975,0,144;2,5,0.7045,0,70;4,2,0.9685,0,1;4,3,0.8265,0,98;1,0,0.1085,0,158
claim-temporal-development-train-01924	5	2	1	115,39,92,154,136,206,111,141,54,40,147,69,176,163,154,190,60,201,183,202,82,68,129,117,76,18,27,93,100,156,132,7,48,21,150,15	6,5,0.5145,0,112;2,5,0.1955,3,155;5,2,0.9065,0,199;3,0,0.9745,0,10;3,5,0.7645,0,127;8,2,0.1175,0,204
claim-temporal-development-train-01925	5	2	1	187,44,58,147,180,20,13,91,86,52,21,79,28,175,131,93,196,150,45,119,69,128,211,161,6,108,36,164,142,103,175,116,189,137,212,65	5,3,0.9185,0,182;3,2,0.8855,0,179;3,0,0.2885,0,157;6,4,0.7055,0,235;6,2,0.9505,2,193;7,1,0.2565,1,98
claim-temporal-development-train-01926	1	0	0	192,20,65,30,108,175,141,195,173,145,69,93,55,192,45,59,82,3,195,12,203,168,99,21,90,149,182,117,132,140,75,124,43,167,116,39	2,2,0.8245,0,223;5,5,0.7115,0,7;6,1,0.2845,0,30;2,0,0.5245,0,222;2,2,0.8545,0,242;3,2,0.9685,0,63
claim-temporal-development-train-01927	5	2	0	170,156,15,115,142,134,173,105,149,63,94,89,147,85,39,186,202,152,168,137,65,106,128,17,69,43,209,6,27,117,46,80,21,192,52,170	5,5,0.3385,0,228;2,5,0.7675,1,143;3,5,0.3695,0,120;7,3,0.2915,1,221;8,0,0.6875,0,162;7,4,0.3525,1,134
claim-temporal-development-train-01928	10	3	2	45,64,131,192,15,201,63,93,84,125,151,136,43,99,110,148,120,30,157,49,175,23,185,71,195,34,191,141,91,192,77,18,114,161,9,155	8,5,0.4125,2,235;5,0,0.7285,0,176;0,5,0.0775,2,253;4,2,0.7935,0,88;2,4,0.5285,3,17;4,1,0.1275,0,72
claim-temporal-development-train-01929	1	0	0	157,66,167,75,155,31,21,153,99,141,41,20,193,93,59,39,2,89,201,130,178,190,86,115,145,57,136,177,111,117,128,45,69,214,149,13	1,3,0.9545,0,117;6,5,0.3345,0,15;8,1,0.4345,0,212;2,4,0.2845,0,73;2,5,0.6015,0,177;7,0,0.1985,0,237
claim-temporal-development-train-01930	2	1	1	150,215,80,117,135,9,49,146,40,158,107,12,45,60,201,137,94,129,21,104,17,141,91,155,159,182,114,39,214,211,84,69,68,157,180,25	8,2,0.2885,0,189;0,5,0.0075,0,153;0,2,0.9785,0,14;7,2,0.7985,1,0;7,1,0.5935,0,226;8,5,0.3445,0,235
claim-temporal-development-train-01931	0	3	0	16,15,70,138,40,154,68,174,211,149,171,135,179,26,180,102,108,117,215,76,148,46,123,88,185,61,83,8,93,112,144,53,194,157,34,24	7,5,0.1245,3,250;1,0,0.1925,1,24;4,3,0.9725,1,190;3,1,0.0695,0,219;5,2,0.1585,0,113;2,5,0.5405,3,155
claim-temporal-development-train-01932	1	3	0	11,28,176,44,196,196,86,140,141,53,212,176,101,200,72,117,149,186,59,88,169,123,148,93,194,34,46,64,135,4,21,206,80,20,108,112	3,1,0.9695,0,133;3,0,0.9995,1,110;4,1,0.0845,3,245;7,4,0.1945,0,29;4,2,0.1225,0,129;2,5,0.9855,0,194
claim-temporal-development-train-01933	7	0	2	96,188,2,12,97,171,132,36,27,207,145,50,67,151,115,194,58,196,75,21,170,123,89,18,182,107,200,117,69,178,207,139,144,83,42,45	1,2,0.4495,0,81;2,2,0.5255,0,106;1,0,0.6865,0,52;2,1,0.3455,3,242;0,1,0.7235,0,120;2,2,0.6275,3,62
claim-temporal-development-train-01934	1	2	0	45,169,111,130,186,99,37,116,168,69,117,193,169,17,147,198,149,44,2,125,84,21,165,93,138,187,52,10,88,73,62,66,26,141,156,177	1,0,0.3165,0,156;1,3,0.9465,0,106;3,4,0.5695,0,215;0,2,0.0685,0,4;2,5,0.8265,0,187;4,0,0.5695,0,4
claim-temporal-development-train-01935	6	0	2	18,141,81,202,66,28,132,45,12,182,63,87,21,199,49,104,136,39,109,89,190,40,3,125,170,117,169,152,93,69,113,209,151,209,172,145	2,2,0.4165,0,10;3,5,0.0385,0,173;0,5,0.5345,0,169;8,5,0.2085,0,231;7,3,0.2375,0,132;4,2,0.0075,0,77
claim-temporal-development-train-01936	5	2	1	130,92,93,124,147,105,79,21,215,20,60,178,57,197,193,5,68,150,115,182,196,165,37,141,69,44,87,118,14,200,157,45,164,109,31,137	4,4,0.9545,0,149;6,3,0.9905,0,96;8,2,0.9535,0,170;6,5,0.8165,0,68;8,3,0.7235,1,172;3,0,0.2225,0,120
claim-temporal-development-train-01937	5	2	0	128,117,69,90,84,206,93,116,163,172,74,10,111,19,6,173,166,198,140,149,27,100,163,63,51,175,200,64,45,215,21,141,131,43,37,147	5,0,0.6025,0,149;2,3,0.6245,0,169;2,5,0.1875,0,192;1,2,0.5365,0,151;3,5,0.8025,0,33;7,1,0.8475,0,190
claim-temporal-development-train-01938	1	3	1	201,82,69,75,32,148,185,206,139,53,67,109,39,118,123,141,116,135,24,164,190,99,41,60,11,196,204,150,45,17,154,185,164,91,1,96	0,1,0.3715,3,141;7,5,0.3065,0,89;4,2,0.6115,0,87;2,0,0.6415,3,47;2,3,0.9455,1,1;2,5,0.6295,0,177
claim-temporal-development-train-01939	10	0	2	110,172,90,186,69,35,99,145,187,61,160,113,189,93,205,14,178,21,50,127,176,118,81,86,141,175,44,28,65,171,151,1,16,132,45,136	0,4,0.0555,0,89;3,1,0.9955,0,236;1,3,0.3825,0,26;8,4,0.4545,0,234;2,4,0.2785,1,56;6,2,0.0565,0,249
claim-temporal-development-train-01940	10	0	0	67,145,34,69,155,83,138,57,108,165,214,130,210,163,175,76,149,210,117,61,17,88,215,157,93,112,3,45,42,13,24,123,100,154,25,141	2,3,0.3225,3,61;0,0,0.4495,0,71;8,3,0.7275,0,33;3,1,0.0435,0,0;3,2,0.1875,0,192;2,0,0.4335,0,202
claim-temporal-development-train-01941	5	2	0	141,93,4,52,99,162,37,17,44,147,135,78,121,117,66,176,190,69,116,178,45,183,89,199,109,197,149,21,206,199,13,61,30,137,85,167	3,3,0.2545,0,201;5,3,0.9785,0,246;3,3,0.5055,0,97;5,3,0.3065,0,42;2,3,0.9085,0,234;0,5,0.3555,0,109
claim-temporal-development-train-01942	10	3	1	135,85,163,148,68,58,192,118,43,154,47,105,115,150,160,123,169,93,182,201,20,81,90,69,50,31,39,9,111,190,13,139,208,208,141,21	8,3,0.9335,0,19;6,5,0.6125,2,203;1,0,0.9935,0,11;8,3,0.5455,0,174;8,5,0.7175,1,56;2,5,0.6605,0,155
claim-temporal-development-train-01943	10	3	2	162,129,142,80,130,200,24,206,137,190,12,180,61,37,117,93,113,151,196,88,41,57,86,27,111,69,161,4,168,68,148,45,183,155,18,99	3,2,0.5645,3,235;2,3,0.2375,0,24;8,3,0.9445,0,169;7,4,0.1395,0,161;2,5,0.2175,0,4;8,0,0.3205,1,175
claim-temporal-development-train-01944	5	1	1	89,127,205,162,173,176,117,47,141,83,59,116,28,21,17,215,11,69,108,43,73,135,36,146,66,5,165,195,156,150,105,52,169,138,206,93	4,1,0.3355,0,124;3,2,0.7595,2,6;3,1,0.5755,0,132;0,1,0.2255,0,64;8,2,0.9625,0,94;6,5,0.5475,0,3
claim-temporal-development-train-01945	10	2	2	171,86,5,117,201,127,45,93,200,68,169,26,194,37,18,214,136,41,21,213,73,191,151,92,12,202,115,63,69,134,57,104,141,109,147,206	4,2,0.5305,0,140;1,3,0.2705,0,156;8,5,0.8645,0,164;0,4,0.9655,0,73;7,3,0.6685,0,73;6,4,0.1225,0,163
claim-temporal-development-train-01946	9	2	2	194,109,161,76,104,14,191,45,117,204,20,211,69,36,151,147,55,93,164,143,159,159,137,207,8,124,116,63,135,21,66,41,85,26,178,88	7,4,0.8845,0,24;1,2,0.3465,0,97;6,5,0.4825,0,113;3,3,0.0505,0,220;7,3,0.8355,0,61;3,5,0.3715,2,94
claim-temporal-development-train-01947	10	2	2	85,160,124,211,152,119,182,200,93,169,21,184,45,158,151,141,89,105,58,67,10,29,78,135,37,199,140,44,107,69,154,19,57,112,147,5	4,0,0.6185,0,202;4,3,0.8945,0,62;8,0,0.7645,0,108;5,3,0.3515,0,220;8,1,0.0185,2,33;3,5,0.8885,0,237
claim-temporal-development-train-01948	1	3	1	194,21,41,3,137,53,203,182,75,150,69,58,188,188,153,195,45,13,91,141,101,107,19,86,168,38,27,113,64,148,93,207,117,132,125,197	2,3,0.7505,0,182;2,4,0.3585,0,211;4,0,0.1915,0,100;2,4,0.7655,0,59;4,1,0.2685,0,162;4,2,0.3635,0,50
claim-temporal-development-train-01949	4	1	0	149,112,117,200,198,69,66,109,176,164,31,124,164,35,212,58,181,104,45,81,83,93,92,131,4,205,52,138,141,21,206,18,15,146,156,41	3,5,0.5215,0,237;6,1,0.2705,0,167;3,0,0.4935,0,100;8,1,0.8555,0,217;7,3,0.1855,0,21;3,1,0.5235,0,7
claim-temporal-development-train-01950	1	3	2	114,161,121,201,109,42,33,179,165,210,51,144,70,97,20,64,117,158,37,80,136,168,86,88,13,132,21,205,197,93,63,201,48,3,148,151	2,3,0.8995,0,73;8,3,0.5685,3,40;2,5,0.1265,1,165;7,4,0.1625,0,71;0,3,0.4965,0,93;0,2,0.0225,3,205
claim-temporal-development-train-01951	1	0	0	92,149,17,41,135,96,67,171,141,53,171,170,189,112,177,195,35,212,3,31,129,136,184,111,145,58,183,157,69,13,21,45,117,83,75,100	2,3,0.2725,0,102;6,1,0.2465,0,46;4,0,0.7965,0,172;2,1,0.8665,3,239;3,5,0.1775,0,30;8,5,0.0285,0,163
claim-temporal-development-train-01952	3	0	1	166,152,27,192,89,190,190,64,13,113,93,35,101,45,144,167,53,40,117,108,145,150,138,181,80,194,63,85,21,133,171,125,72,166,20,4	3,3,0.8245,0,211;2,1,0.0915,0,32;4,5,0.1315,3,100;7,3,0.3385,0,157;4,2,0.2625,0,74;4,3,0.5725,3,82
claim-temporal-development-train-01953	10	0	2	129,180,109,163,21,134,53,42,62,180,140,162,209,67,10,74,85,117,112,178,196,2,192,93,198,154,88,144,16,29,69,145,47,39,151,102	1,0,0.1325,0,60;4,5,0.5225,2,114;4,4,0.6365,0,189;1,3,0.0555,0,34;5,3,0.0905,0,220;8,4,0.8165,3,4
claim-temporal-development-train-01954	9	1	1	69,42,119,93,199,109,167,162,177,116,141,78,45,32,182,58,211,66,210,181,24,49,10,125,209,153,104,84,20,91,37,140,146,150,131,8	7,0,0.8255,3,246;7,3,0.5255,0,71;0,0,0.5065,0,238;5,2,0.7965,0,129;7,3,0.8435,2,147;4,1,0.8635,0,167
claim-temporal-development-train-01955	9	3	1	13,85,188,21,207,89,20,43,7,177,56,75,131,36,136,67,183,59,45,152,122,180,156,25,111,104,117,174,95,196,181,69,142,115,150,148	6,3,0.8055,0,210;0,2,0.7265,0,68;7,1,0.7265,0,14;2,3,0.2525,2,68;7,5,0.6395,0,139;1,1,0.1785,1,142
claim-temporal-development-train-01956	1	0	1	129,211,71,43,132,136,88,204,37,65,96,197,174,186,45,117,31,99,185,84,2,116,20,180,58,167,142,167,145,202,80,21,109,150,57,14	1,4,0.8515,0,194;6,3,0.7895,0,182;8,0,0.3095,2,95;7,2,0.0575,3,44;2,3,0.9155,0,102;8,2,0.1105,1,19
claim-temporal-development-train-01957	6	2	0	86,135,147,118,25,139,12,160,5,52,45,71,187,91,149,115,68,164,61,160,141,96,207,21,108,121,75,102,188,36,193,168,16,198,200,41	4,2,0.0515,0,179;0,2,0.3345,0,38;3,3,0.8485,2,212;2,4,0.6005,3,143;5,2,0.6605,1,70;0,5,0.7225,0,161
claim-temporal-development-train-01958	1	0	1	69,115,208,91,12,175,150,183,210,99,145,41,106,17,155,75,7,93,134,160,156,144,49,35,21,66,63,85,180,45,212,121,138,185,117,32	6,2,0.2045,0,88;7,1,0.3765,0,101;0,5,0.5375,0,176;2,3,0.6805,0,53;2,0,0.6275,0,74;0,4,0.5985,3,61
claim-temporal-development-train-01959	4	1	2	127,180,13,45,39,157,21,191,76,146,18,106,69,141,119,82,8,153,134,30,152,156,88,176,41,67,103,52,63,151,198,140,113,93,201,200	7,3,0.4915,0,52;5,5,0.3015,0,20;3,5,0.6935,0,37;3,0,0.1265,0,65;6,0,0.3705,2,9;6,4,0.8055,0,12
claim-temporal-development-train-01960	1	0	1	13,141,69,140,115,105,153,145,39,62,86,45,92,167,31,8,159,119,93,42,212,123,150,152,132,188,157,187,201,81,110,20,206,52,66,22	7,3,0.9735,1,224;6,5,0.4395,0,69;3,4,0.4725,0,149;8,4,0.8095,0,235;8,4,0.7625,2,250;2,2,0.9335,0,59
claim-temporal-development-train-01961	0	3	1	60,16,115,141,148,10,70,156,215,76,177,104,3,199,123,106,160,21,164,44,45,211,176,211,35,92,117,130,93,64,28,85,52,210,137,150	2,0,0.1185,0,92;3,1,0.8665,0,178;3,2,0.1305,1,252;3,3,0.8565,0,61;7,0,0.7745,0,123;2,0,0.2505,0,193
claim-temporal-development-train-01962	6	2	1	48,35,76,166,170,193,198,27,192,137,63,44,157,135,21,116,106,199,185,120,168,71,20,150,1,124,93,14,147,174,87,104,144,67,50,89	0,4,0.9335,0,240;2,1,0.9975,3,52;1,5,0.7125,2,176;3,5,0.2155,0,120;7,0,0.9455,3,81;3,5,0.2325,3,69
claim-temporal-development-train-01963	2	0	1	141,93,84,190,97,67,73,139,32,45,188,166,166,116,10,183,107,41,117,189,123,2,36,132,69,171,168,90,55,145,158,60,203,150,16,21	1,0,0.1355,0,14;7,2,0.2115,0,48;6,2,0.7715,0,228;0,2,0.4625,0,75;0,1,0.9555,0,155;2,2,0.6515,0,0
claim-temporal-development-train-01964	6	3	1	214,148,129,69,140,21,188,83,44,48,181,111,38,209,13,100,63,133,150,198,68,195,112,27,141,49,93,185,176,17,80,118,3,90,162,156	2,3,0.2665,0,219;2,4,0.9855,3,157;0,5,0.9335,0,185;7,1,0.5835,0,185;3,5,0.1795,1,135;8,3,0.8845,0,26
claim-temporal-development-train-01965	9	3	2	99,189,151,59,132,94,168,168,88,83,183,128,115,186,69,24,67,41,148,19,14,37,136,172,162,48,117,196,176,141,4,28,192,56,106,75	3,4,0.7865,3,126;3,3,0.3375,3,103;7,1,0.6225,0,107;2,1,0.1495,1,71;2,0,0.6845,0,191;7,2,0.1355,0,233
claim-temporal-development-train-01966	2	3	0	132,171,95,190,60,11,204,38,68,101,187,21,69,141,149,42,107,162,121,86,152,92,208,49,148,136,199,47,73,8,116,119,193,27,20,154	7,1,0.8875,0,83;2,4,0.5275,2,16;0,2,0.8545,0,71;0,4,0.8215,2,145;4,1,0.9395,2,107;0,2,0.1685,0,162
claim-temporal-development-train-01967	7	2	1	109,180,89,112,21,180,69,212,205,58,172,136,147,117,50,45,15,37,26,1,209,132,171,150,141,16,202,93,164,75,169,82,66,42,125,100	0,5,0.1555,0,95;1,3,0.4505,0,206;1,0,0.5255,0,52;2,0,0.3585,0,150;3,3,0.1045,0,40;4,2,0.1715,0,55
claim-temporal-development-train-01968	8	0	0	64,6,126,167,48,22,185,179,117,79,28,43,134,92,145,82,109,20,170,140,12,149,59,96,52,153,69,104,198,141,115,187,177,215,205,39	5,2,0.9475,1,162;3,5,0.7415,3,229;3,1,0.1165,0,160;6,0,0.9975,3,21;7,3,0.6215,0,82;5,4,0.9215,0,143
claim-temporal-development-train-01969	1	0	2	212,167,75,131,90,4,123,87,44,138,93,11,164,106,174,103,24,205,33,66,52,20,208,160,120,141,180,69,36,48,151,62,182,145,113,206	3,1,0.9965,3,92;8,2,0.9895,3,108;3,4,0.5815,0,152;2,5,0.4185,0,212;6,0,0.3715,3,212;2,1,0.5785,0,37
claim-temporal-development-train-01970	6	1	1	82,118,190,107,175,212,199,43,121,53,141,152,76,65,174,69,100,38,19,188,150,11,9,45,24,60,138,130,93,157,169,168,146,92,25,116	8,1,0.6525,3,208;0,4,0.7495,0,215;4,2,0.3055,0,73;3,0,0.9595,0,73;3,1,0.9845,1,210;0,0,0.4115,0,77
claim-temporal-development-train-01971	10	2	2	34,134,174,93,141,90,125,106,113,69,151,214,210,51,117,170,58,75,139,152,147,158,67,24,152,212,82,45,43,12,211,28,101,20,3,198	2,2,0.9545,3,137;3,0,0.6625,0,46;2,0,0.6755,0,118;2,0,0.4855,0,199;4,0,0.3305,0,196;4,4,0.7775,0,136
claim-temporal-development-train-01972	2	1	0	9,146,185,132,100,45,164,206,93,52,77,149,164,65,91,69,119,163,141,23,62,125,17,138,84,202,28,192,192,36,44,194,210,13,114,111	8,3,0.3085,2,123;3,2,0.8715,0,82;3,4,0.2735,0,50;4,2,0.7525,0,63;3,5,0.5605,2,18;4,2,0.4985,0,250
claim-temporal-development-train-01973	9	2	0	62,26,18,136,107,8,192,53,189,147,160,89,13,117,93,103,82,21,187,128,149,37,144,66,184,133,80,191,195,208,42,112,203,45,161,69	7,3,0.4915,0,203;1,3,0.5675,0,227;4,4,0.4115,0,66;7,0,0.2515,0,124;6,1,0.1785,0,107;7,3,0.1285,3,197
claim-temporal-development-train-01974	1	0	2	141,81,86,11,196,164,68,41,161,106,127,3,39,165,96,117,138,161,135,69,97,151,201,19,22,186,45,193,188,145,89,115,27,169,61,51	2,1,0.6525,1,118;2,5,0.2665,0,154;2,3,0.9925,0,91;8,4,0.2935,3,110;0,0,0.6135,0,119;6,5,0.5025,0,190
claim-temporal-development-train-01975	1	3	1	60,11,27,148,197,188,154,43,138,91,7,77,117,102,160,39,19,53,144,69,173,45,168,115,106,126,130,68,180,150,215,172,93,24,83,167	6,1,0.7135,3,150;2,5,0.6785,0,11;4,2,0.9185,0,119;4,1,0.6565,0,153;5,0,0.6275,0,121;5,0,0.5395,3,241
claim-temporal-development-train-01976	2	2	0	154,93,87,109,201,2,112,161,100,122,35,21,91,169,178,67,188,147,149,182,59,131,27,187,159,140,118,52,17,71,10,77,182,45,43,141	1,0,0.2225,0,116;2,1,0.6075,0,253;3,1,0.6195,2,255;4,5,0.6145,0,187;3,3,0.1295,1,111;1,1,0.8295,0,138
claim-temporal-development-train-01977	0	3	1	56,178,117,123,92,76,210,155,152,28,144,110,134,192,9,69,86,173,154,43,19,148,21,93,46,37,150,114,66,194,166,136,163,60,10,102	8,0,0.6235,0,156;3,3,0.7395,1,45;7,2,0.4005,0,148;3,4,0.9385,0,17;5,4,0.4435,0,189;2,4,0.1695,3,205
claim-temporal-development-train-01978	2	0	0	152,143,35,1,196,107,45,93,16,69,140,133,113,173,50,204,41,117,186,76,82,212,98,22,121,189,68,28,179,15,201,149,58,145,91,203	0,5,0.0915,1,84;3,1,0.2365,0,33;1,0,0.9565,0,254;3,0,0.7465,0,77;1,1,0.2965,0,201;0,3,0.9445,2,117
claim-temporal-development-train-01979	5	2	2	133,83,75,21,201,199,162,38,27,53,189,106,184,63,45,202,92,141,147,113,103,41,93,127,117,194,212,69,7,179,14,154,151,64,19,140	6,4,0.6825,0,246;2,4,0.3725,0,180;4,5,0.0585,0,25;2,1,0.8265,0,4;6,0,0.2685,0,129;6,3,0.9895,0,221
claim-temporal-development-train-01980	6	3	0	149,148,41,183,93,13,184,64,117,134,195,84,45,8,34,175,81,98,140,163,199,188,89,141,28,61,121,55,154,179,106,69,116,21,16,152	7,3,0.1465,0,45;3,0,0.2455,0,48;6,3,0.0645,0,56;8,2,0.2075,0,127;1,0,0.9675,0,184;0,4,0.8355,0,127
claim-temporal-development-train-01981	4	1	1	13,21,93,45,141,201,199,83,150,138,146,191,55,130,72,109,9,173,210,100,179,90,160,28,61,171,199,80,193,37,117,64,115,128,42,18	8,3,0.4125,0,111;3,3,0.5065,0,63;6,3,0.0475,3,211;7,1,0.5405,0,60;3,3,0.6785,0,236;7,0,0.5615,0,221
claim-temporal-development-train-01982	8	0	2	93,89,12,81,69,145,196,43,3,207,20,57,182,30,87,107,63,160,97,151,199,39,45,64,177,185,115,140,189,144,21,193,201,118,134,129	2,2,0.9785,0,213;5,5,0.6295,0,147;8,5,0.1265,0,110;8,5,0.2475,0,216;0,1,0.7535,1,65;8,4,0.8045,3,245
claim-temporal-development-train-01983	10	1	2	126,98,170,93,146,164,45,81,141,215,115,43,69,34,173,59,14,137,130,211,175,20,21,202,117,28,214,108,202,68,7,151,49,90,214,87	6,4,0.8505,0,254;3,0,0.7755,0,201;0,1,0.9005,0,71;8,5,0.5995,0,45;1,2,0.6895,0,113;5,0,0.2905,0,221
claim-temporal-development-train-01984	7	2	1	87,147,124,171,150,28,50,17,141,154,115,61,182,75,195,208,67,169,23,107,161,43,104,9,36,88,157,93,45,131,12,136,189,183,117,69	8,2,0.3175,2,202;3,2,0.7205,0,212;1,3,0.7975,0,173;2,5,0.0065,0,235;7,1,0.6725,0,73;3,1,0.0195,0,57
claim-temporal-development-train-01985	9	0	1	113,69,39,207,128,40,204,145,49,194,18,133,189,162,93,28,111,80,176,13,2,196,100,120,61,141,179,162,198,45,21,85,137,64,150,90	1,3,0.5685,0,225;3,5,0.0235,0,167;0,3,0.0395,0,211;7,3,0.5625,0,139;3,5,0.2295,3,173;7,3,0.2015,0,100
claim-temporal-development-train-01986	9	2	0	9,84,214,194,44,50,202,215,160,147,19,163,141,45,111,134,153,96,66,81,171,58,69,176,117,104,115,153,125,37,137,92,30,149,21,13	8,3,0.7995,0,238;5,3,0.9715,0,245;1,0,0.5855,0,38;8,2,0.9515,3,44;7,5,0.7135,0,12;4,4,0.2765,0,159
claim-temporal-development-train-01987	10	0	2	52,196,199,17,209,84,135,93,184,109,40,105,185,21,12,89,113,60,185,69,159,117,47,75,126,30,162,143,36,136,162,64,145,8,151,187	7,2,0.3785,0,81;5,2,0.1625,2,78;3,2,0.1655,0,83;2,2,0.2315,0,154;8,3,0.3395,0,199;5,5,0.0265,2,72
claim-temporal-development-train-01988	1	3	2	40,131,61,166,83,93,207,152,171,187,117,148,151,111,100,67,3,165,45,205,112,71,160,20,121,39,12,88,21,51,172,27,141,140,77,171	2,2,0.9195,0,215;2,5,0.1525,0,221;2,3,0.7395,2,3;4,1,0.1545,0,185;3,5,0.0595,0,254;0,1,0.9405,0,31
claim-temporal-development-train-01989	5	2	0	45,194,116,117,141,155,96,82,4,159,103,38,149,191,122,207,91,62,69,111,21,147,68,209,76,20,154,12,43,134,50,28,213,136,184,195	3,2,0.8385,0,245;3,4,0.6945,0,105;1,4,0.9215,0,44;3,0,0.6585,3,145;6,5,0.8945,0,125;1,4,0.1885,0,189
claim-temporal-development-train-01990	5	0	1	150,113,203,94,173,11,92,213,21,105,120,45,34,156,162,203,141,42,196,65,107,4,184,77,208,52,145,133,127,138,26,62,87,16,72,190	3,1,0.1225,0,201;1,0,0.5755,0,108;3,4,0.3815,3,32;4,5,0.8995,1,220;8,1,0.2805,3,116;6,3,0.4635,0,1
claim-temporal-development-train-01991	2	3	0	24,114,139,102,166,123,53,149,132,16,154,40,141,37,159,186,65,80,15,182,89,158,29,161,159,85,60,45,4,148,173,108,93,117,69,207	3,5,0.1225,3,185;4,3,0.1465,0,14;4,2,0.2405,0,103;7,3,0.2755,0,105;5,2,0.5555,0,108;2,2,0.6765,0,90
claim-temporal-development-train-01992	4	1	0	180,141,212,37,64,32,2,87,20,93,154,162,117,60,174,214,97,22,48,146,90,115,202,69,201,194,124,131,149,156,50,41,11,108,140,76	1,1,0.9545,1,179;7,3,0.3705,3,147;1,2,0.1915,0,225;3,5,0.4785,0,174;0,2,0.6535,0,236;3,1,0.8825,0,7
claim-temporal-development-train-01993	1	3	0	174,185,34,208,41,80,47,172,141,21,201,67,190,5,96,13,98,69,139,148,60,160,135,111,149,53,173,170,84,32,112,117,214,123,89,19	4,3,0.7285,0,135;7,0,0.3765,2,71;4,2,0.7885,0,246;7,2,0.3825,3,189;1,5,0.1855,0,130;2,5,0.7655,0,159
claim-temporal-development-train-01994	6	2	2	65,88,156,23,35,10,129,160,141,43,31,3,140,69,93,151,180,83,75,62,147,51,97,132,154,177,210,117,45,115,203,111,177,182,204,16	2,0,0.1945,2,242;6,1,0.7065,0,171;2,4,0.2055,0,212;2,1,0.0175,0,71;0,5,0.6195,0,146;8,2,0.8155,0,32
claim-temporal-development-train-01995	5	2	2	185,171,45,209,10,141,17,43,197,90,202,60,147,130,162,117,35,151,66,55,170,2,100,164,107,212,137,21,79,181,87,115,93,33,69,125	1,0,0.3675,0,4;8,1,0.7575,0,161;6,2,0.5185,0,143;6,5,0.4135,0,245;3,1,0.6945,0,67;4,0,0.2485,0,7
claim-temporal-development-train-01996	0	3	1	139,66,205,101,195,150,62,202,115,93,69,158,207,199,20,169,148,21,45,198,83,1,92,75,109,52,133,143,43,207,28,10,34,117,182,127	0,0,0.8965,0,251;3,0,0.7945,0,17;3,4,0.5895,0,120;2,1,0.9235,0,20;4,3,0.7035,0,12;6,3,0.7325,2,46
claim-temporal-development-train-01997	3	0	0	184,67,129,138,76,44,86,175,69,117,21,166,169,27,62,91,109,149,182,198,9,115,47,18,52,39,141,184,191,165,14,178,130,145,96,100	8,4,0.5695,0,148;2,5,0.8485,2,125;3,4,0.7525,0,122;3,4,0.7325,3,77;3,3,0.7215,0,210;8,0,0.5555,0,241
claim-temporal-development-train-01998	1	2	2	130,100,83,201,215,184,40,93,75,156,169,138,60,21,18,91,117,147,128,143,45,201,64,30,69,151,198,3,14,112,108,54,214,181,36,183	2,4,0.4755,0,85;5,2,0.1505,0,122;5,2,0.0935,0,253;2,1,0.7485,0,90;3,2,0.1155,0,6;7,0,0.5895,2,244
claim-temporal-development-train-01999	1	0	1	35,183,107,183,63,23,14,93,211,92,53,141,169,33,168,197,64,137,99,150,189,69,112,145,2,130,209,124,42,117,75,20,84,45,181,177	1,4,0.8995,2,100;8,1,0.4945,0,143;4,5,0.1185,0,55;2,2,0.8895,0,49;2,1,0.1955,0,176;3,0,0.3195,0,161
claim-temporal-development-train-02000	5	2	2	151,41,68,120,21,179,92,56,86,27,210,169,61,201,81,212,175,93,127,17,70,37,211,7,175,12,140,147,133,181,111,114,186,141,45,100	6,2,0.2515,0,50;2,3,0.2395,0,32;7,3,0.9975,1,236;8,4,0.8135,0,74;3,5,0.5015,3,230;6,3,0.8125,0,190
claim-temporal-development-train-02001	8	0	2	21,113,82,79,6,138,154,141,134,93,126,145,151,165,175,65,176,27,193,62,212,40,207,153,92,174,117,69,36,196,55,10,45,20,102,108	5,0,0.9575,0,8;2,2,0.1705,0,208;6,4,0.2465,0,120;6,0,0.9245,0,50;5,2,0.3465,0,220;5,4,0.5735,0,71
claim-temporal-development-train-02002	8	2	0	51,64,119,212,153,30,85,98,110,155,140,10,197,69,211,22,141,37,114,132,81,16,43,205,149,183,170,199,122,58,92,45,147,95,4,199	3,0,0.1645,1,49;5,3,0.7515,0,172;2,0,0.0605,0,155;8,3,0.9735,2,62;1,4,0.5195,2,231;1,2,0.9845,0,255
claim-temporal-development-train-02003	5	2	0	55,162,157,15,117,67,69,92,31,141,214,198,174,114,134,93,183,213,42,173,77,58,4,16,209,45,100,82,147,149,183,107,126,137,21,37	3,5,0.1655,0,214;6,3,0.4205,0,101;6,0,0.6345,0,163;4,0,0.9855,0,59;3,1,0.5725,0,244;5,4,0.2385,0,108
claim-temporal-development-train-02004	5	0	1	84,114,163,100,76,150,145,168,52,207,161,117,26,47,190,93,21,141,131,186,13,64,90,7,72,201,20,41,169,205,123,136,155,35,106,60	6,3,0.8345,0,225;1,1,0.2135,2,146;3,2,0.0965,3,223;3,2,0.5885,0,142;3,0,0.4245,0,7;2,1,0.1365,0,144
claim-temporal-development-train-02005	5	2	2	199,48,23,178,119,99,74,38,130,28,188,94,194,141,201,91,116,147,2,198,128,159,163,110,69,13,140,209,55,151,42,82,60,170,19,67	1,3,0.6165,2,0;3,4,0.4795,3,80;6,2,0.6435,0,117;1,0,0.6765,1,231;2,4,0.8975,2,5;7,0,0.8885,0,118
claim-temporal-development-train-02006	5	2	1	65,96,44,14,215,135,214,128,114,153,150,21,59,147,172,45,39,201,176,197,18,155,139,7,92,214,76,28,82,199,100,69,141,107,117,52	6,4,0.5905,0,195;3,5,0.9935,0,250;3,1,0.2935,0,1;3,0,0.9675,3,154;3,1,0.5495,0,201;7,5,0.7645,0,191
claim-temporal-development-train-02007	10	3	1	40,75,64,90,107,115,117,93,82,152,175,105,163,56,34,131,148,181,122,205,141,69,58,15,164,215,45,33,150,19,173,21,5,206,140,203	4,5,0.7305,0,247;8,0,0.1615,0,211;7,0,0.0685,0,112;2,0,0.5205,0,97;8,1,0.6065,0,70;1,1,0.8655,0,8
claim-temporal-development-train-02008	7	2	0	21,14,63,82,45,90,50,69,192,26,134,202,157,8,110,158,173,74,34,128,147,157,210,162,16,185,99,167,142,117,138,149,40,67,93,115	7,4,0.1395,0,163;1,0,0.1095,0,54;1,5,0.6145,0,217;1,0,0.5685,0,118;2,4,0.6135,0,242;7,4,0.4665,1,160
claim-temporal-development-train-02009	10	3	2	141,154,29,206,108,5,53,210,199,74,206,119,164,68,136,170,211,101,124,21,131,45,91,86,69,151,58,18,185,93,155,38,42,148,115,11	4,1,0.4955,0,54;4,4,0.5795,0,0;4,0,0.9225,0,244;1,4,0.7525,0,229;4,2,0.6315,2,161;3,1,0.1315,0,120
claim-temporal-development-train-02010	6	0	1	91,197,66,3,150,117,72,45,206,175,204,36,145,78,213,59,174,199,29,179,141,210,55,17,97,44,139,107,93,205,121,13,135,83,113,21	2,3,0.3395,0,235;4,2,0.8545,0,182;6,1,0.4905,3,157;5,1,0.6525,0,24;0,1,0.3405,0,119;0,5,0.6135,0,57
claim-temporal-development-train-02011	0	3	0	4,132,56,77,181,195,82,207,170,189,152,113,149,38,62,141,88,126,28,104,93,64,190,148,45,188,163,18,186,109,21,41,69,118,136,12	3,2,0.4395,0,56;3,4,0.3285,0,38;7,4,0.0515,0,143;4,0,0.0505,0,89;7,3,0.2325,1,242;5,2,0.0425,0,148
claim-temporal-development-train-02012	1	0	0	113,41,75,67,204,152,166,99,183,141,35,109,21,19,203,149,155,207,154,92,8,199,33,131,62,45,14,70,139,117,84,145,125,172,93,52	7,4,0.6185,0,29;8,1,0.2395,0,222;3,4,0.6025,1,168;2,2,0.8165,0,179;2,3,0.2455,0,89;4,1,0.7005,0,166
claim-temporal-development-train-02013	2	0	1	52,69,93,24,31,116,41,67,84,38,45,118,106,174,150,194,165,136,145,202,182,90,78,195,8,135,205,141,17,15,184,124,188,59,101,166	7,5,0.3725,3,58;6,4,0.3685,0,120;3,1,0.7235,0,212;5,2,0.5655,0,50;4,0,0.9195,1,104;3,5,0.1025,0,106
claim-temporal-development-train-02014	1	2	0	51,196,214,208,133,195,66,159,179,21,127,38,93,75,90,20,167,3,177,61,202,142,147,72,114,45,85,168,44,106,117,149,14,25,140,104	2,4,0.9795,0,71;0,4,0.9685,0,189;2,3,0.5995,3,90;2,3,0.5365,0,153;7,0,0.4385,0,113;6,3,0.9965,1,138
claim-temporal-development-train-02015	10	2	1	107,136,44,174,45,93,97,125,187,131,188,69,117,21,168,53,92,198,194,36,87,191,19,169,60,12,141,147,210,193,81,150,115,68,33,8	7,2,0.7645,0,250;8,2,0.9795,0,211;4,2,0.9495,0,165;8,5,0.9605,0,252;0,1,0.6485,0,19;4,1,0.0365,0,34
claim-temporal-development-train-02016	2	2	2	96,34,125,141,21,187,194,117,63,52,168,108,212,151,212,45,19,130,154,80,140,152,84,147,104,208,3,29,68,189,43,72,12,88,175,113	2,2,0.7405,0,9;4,0,0.7625,0,128;3,5,0.8495,3,78;7,2,0.1755,3,208;7,2,0.2585,0,89;4,0,0.8955,0,156
claim-temporal-development-train-02017	3	0	1	188,186,138,135,99,150,68,116,167,85,69,13,21,25,175,45,110,141,56,63,124,19,197,3,76,186,192,93,88,205,117,161,197,41,145,35	2,3,0.7185,0,81;0,1,0.2135,0,75;7,5,0.8805,0,34;3,3,0.0125,0,20;2,4,0.8295,0,204;3,5,0.5235,0,158
claim-temporal-development-train-02018	2	1	0	149,112,69,187,101,43,76,187,163,137,37,25,130,159,19,202,92,205,67,161,58,122,93,156,7,45,21,155,117,211,110,82,54,146,12,141	6,2,0.7935,0,17;0,3,0.6135,0,161;5,0,0.6325,0,195;3,0,0.9965,0,96;4,4,0.0665,0,255;1,0,0.3425,0,185
claim-temporal-development-train-02019	9	2	1	143,16,147,36,45,69,117,153,114,189,74,93,167,12,154,64,203,150,157,157,42,82,91,185,169,202,56,140,59,97,125,21,2,106,32,131	1,2,0.1755,0,202;7,2,0.5365,0,154;7,1,0.1615,0,231;1,0,0.7975,0,113;0,0,0.4155,0,157;4,1,0.9485,2,93
claim-temporal-development-train-02020	3	0	2	96,29,200,171,18,63,131,74,165,10,21,85,36,68,151,44,116,107,51,172,197,45,195,88,210,117,145,211,164,2,124,69,141,187,100,138	1,0,0.4215,0,142;4,2,0.9025,0,82;2,5,0.9435,0,167;1,3,0.1635,3,3;3,1,0.8545,0,146;3,1,0.5365,0,159
claim-temporal-development-train-02021	10	0	1	84,37,45,93,5,114,190,215,109,69,100,145,90,122,57,189,137,81,67,190,197,117,142,134,200,43,174,18,150,21,186,27,196,13,59,157	4,3,0.5735,0,148;2,3,0.6645,0,58;8,1,0.6835,0,85;8,2,0.5165,0,209;3,3,0.4065,0,127;1,4,0.2415,1,218
claim-temporal-development-train-02022	9	0	2	4,152,13,194,140,133,80,209,151,182,59,17,65,115,157,85,211,205,29,195,92,99,51,172,42,142,70,117,21,93,107,45,145,39,128,207	3,3,0.2905,0,236;4,5,0.4285,0,133;2,1,0.3235,1,231;7,3,0.8255,0,255;2,1,0.6595,0,158;7,3,0.9875,1,213
claim-temporal-development-train-02023	5	2	2	208,155,6,202,127,18,44,147,92,116,11,28,38,21,79,141,93,140,151,203,45,65,170,195,117,133,189,102,162,69,106,198,82,166,51,63	5,1,0.4035,0,155;3,4,0.9325,0,180;2,5,0.3675,0,205;6,0,0.8845,0,34;5,0,0.8825,0,71;6,3,0.9445,0,208
claim-temporal-development-train-02024	5	2	2	6,45,153,55,129,117,199,43,93,203,131,21,143,58,18,168,211,111,69,179,206,92,215,214,31,105,75,113,137,38,66,151,153,147,83,14	5,4,0.4975,0,241;6,4,0.7595,0,137;6,0,0.5685,0,154;2,1,0.8735,0,103;8,5,0.3135,0,70;8,1,0.3375,2,90
claim-temporal-development-train-02025	1	0	2	145,107,24,44,174,209,202,170,68,141,19,69,102,10,179,51,169,88,95,34,168,213,86,134,192,151,117,200,29,63,76,45,122,140,116,1	0,0,0.6635,3,246;4,0,0.9685,0,122;2,5,0.9855,0,86;3,4,0.0555,2,195;5,1,0.9905,0,28;1,4,0.9095,0,227
claim-temporal-development-train-02026	6	3	1	141,136,17,210,150,212,93,117,169,134,152,44,50,97,30,109,35,64,88,203,155,190,69,148,127,1,74,10,183,83,58,200,212,112,47,21	0,0,0.3585,0,114;5,1,0.9415,2,37;1,0,0.1345,0,182;1,1,0.0715,0,215;0,3,0.0145,0,142;6,4,0.0255,0,168
claim-temporal-development-train-02027	1	3	1	58,141,86,115,180,69,42,50,45,200,18,117,67,135,171,29,123,208,188,99,21,171,170,209,106,140,90,150,178,148,210,14,73,37,93,5	4,4,0.5375,0,229;4,3,0.5595,0,251;1,0,0.7155,0,66;0,4,0.4815,0,166;2,0,0.7135,0,189;2,5,0.9165,0,161
claim-temporal-development-train-02028	1	2	0	149,192,140,13,40,84,46,198,147,95,113,98,190,27,3,194,213,73,22,71,39,131,198,141,207,173,117,64,152,61,206,109,18,52,123,92	2,3,0.4325,1,186;2,5,0.1155,1,26;3,3,0.1615,2,103;0,2,0.8405,2,27;1,3,0.2405,0,215;2,1,0.8905,0,82
claim-temporal-development-train-02029	10	0	1	202,98,111,213,119,15,50,115,144,89,35,82,9,69,132,44,63,67,150,20,145,124,165,171,177,152,93,81,27,198,139,21,205,214,45,155	8,5,0.9995,0,193;2,1,0.9085,0,252;1,5,0.7845,0,248;8,0,0.3365,0,171;1,5,0.7665,2,233;3,2,0.7285,3,94
claim-temporal-development-train-02030	1	3	0	117,149,69,114,21,91,27,110,148,101,207,213,93,10,45,134,190,3,204,141,179,51,188,86,43,172,139,190,123,81,67,167,160,17,58,38	2,0,0.3755,0,8;2,4,0.6415,0,176;2,0,0.7965,0,248;8,4,0.6395,0,94;4,4,0.5205,0,212;2,4,0.6975,0,87
claim-temporal-development-train-02031	9	2	0	49,8,136,149,214,123,195,59,69,116,196,160,133,154,160,119,106,27,195,85,74,88,208,93,152,103,41,35,13,147,183,21,65,141,48,17	7,3,0.3395,0,230;2,1,0.2075,3,231;0,1,0.3005,0,203;1,3,0.0985,0,0;6,0,0.8245,2,151;2,3,0.0805,0,145
claim-temporal-development-train-02032	1	2	1	21,56,130,147,38,181,63,189,150,210,3,123,45,141,33,85,136,117,158,95,114,160,199,160,64,180,69,198,103,18,79,91,179,13,41,107	2,3,0.4275,0,156;8,4,0.2665,0,28;7,5,0.0425,0,81;6,3,0.7835,2,14;6,1,0.5315,0,39;2,0,0.1245,0,153
claim-temporal-development-train-02033	2	0	0	10,66,24,59,34,215,114,97,173,171,209,93,91,69,155,33,51,19,169,133,84,123,41,145,136,48,149,4,141,205,107,76,162,164,117,209	3,0,0.7055,3,71;8,0,0.3325,3,17;2,1,0.5605,0,210;3,2,0.6065,0,5;0,1,0.5785,0,206;2,3,0.0995,0,237
claim-temporal-development-train-02034	3	0	1	69,127,144,134,83,105,15,38,66,189,4,57,201,189,93,117,60,150,196,18,184,164,182,91,205,179,81,163,21,45,31,112,145,40,106,136	3,5,0.4865,0,91;6,4,0.0225,0,114;8,2,0.5285,0,179;8,1,0.6165,0,234;8,0,0.0565,0,198;6,4,0.1885,3,127
claim-temporal-development-train-02035	3	0	2	79,179,89,31,13,110,69,116,190,192,141,190,18,203,84,176,93,44,24,67,1,119,158,47,197,36,181,151,140,63,214,54,135,104,124,145	0,3,0.5285,3,216;6,2,0.9945,2,201;5,5,0.7455,0,44;6,2,0.2705,0,129;7,4,0.8175,2,111;3,5,0.8395,0,245
claim-temporal-development-train-02036	2	1	2	17,4,53,151,45,15,176,146,132,66,73,21,103,214,96,108,90,138,69,209,189,158,122,117,188,82,191,189,44,36,114,63,141,32,194,214	3,5,0.2795,0,206;7,2,0.9515,0,54;4,5,0.5665,0,219;0,0,0.5475,3,55;6,2,0.4845,0,175;1,2,0.5595,0,204
claim-temporal-development-train-02037	8	0	2	89,67,134,151,21,85,81,165,99,28,63,52,184,194,156,116,128,184,141,177,42,188,13,109,137,93,178,6,45,157,145,20,37,72,118,188	5,3,0.8015,0,25;3,3,0.5925,0,5;3,5,0.7605,3,21;8,3,0.2455,0,124;2,3,0.8125,1,216;7,4,0.3715,0,130
claim-temporal-development-train-02038	3	0	2	211,71,200,176,151,215,44,28,112,145,101,108,140,94,163,117,38,132,59,141,177,5,65,45,21,84,14,76,127,57,206,157,152,193,90,17	4,4,0.2955,0,50;3,4,0.9105,0,7;8,1,0.3445,2,163;3,2,0.5895,1,181;4,2,0.1995,0,34;6,2,0.9025,0,9
claim-temporal-development-train-02039	6	3	1	203,6,86,11,188,141,58,22,148,137,68,117,126,20,180,93,173,38,150,73,40,45,106,113,51,212,154,161,30,186,131,182,163,91,98,69	5,1,0.8265,1,208;5,4,0.0385,0,182;2,0,0.8305,0,216;0,4,0.7965,0,4;1,0,0.2205,0,9;5,1,0.2395,0,20
claim-temporal-development-train-02040	6	0	0	121,61,209,166,17,85,132,145,69,117,40,64,14,209,2,91,50,98,115,141,93,211,190,149,33,21,205,39,194,107,154,210,73,45,139,198	1,4,0.3965,0,82;8,5,0.1555,0,243;1,3,0.0175,0,8;0,3,0.7725,0,218;1,1,0.6725,0,153;0,2,0.6195,0,207
claim-temporal-development-train-02041	8	1	1	76,138,41,93,188,67,89,69,58,54,141,172,127,209,199,20,190,105,146,45,21,28,82,117,150,185,185,6,34,132,14,177,106,182,185,112	5,4,0.8695,0,179;3,0,0.3495,0,164;5,0,0.7975,0,137;3,0,0.3305,0,94;8,0,0.0815,0,56;6,2,0.4915,0,212
claim-temporal-development-train-02042	9	2	0	180,211,212,153,14,63,21,103,160,64,42,120,116,93,203,85,90,71,186,196,45,3,183,132,16,32,149,79,147,39,110,141,51,180,125,139	2,4,0.1735,0,246;7,5,0.5295,0,204;2,5,0.0095,2,214;6,3,0.4705,0,236;6,4,0.9935,3,83;4,2,0.7285,0,0
claim-temporal-development-train-02043	0	3	0	69,160,169,114,58,105,149,173,203,120,200,47,85,182,188,4,36,132,198,140,30,215,141,92,108,18,148,187,77,14,95,65,56,21,124,40	3,4,0.4035,0,207;5,2,0.1585,2,101;7,0,0.3325,0,106;4,3,0.9025,2,140;8,2,0.4325,3,141;3,2,0.8635,0,167
claim-temporal-development-train-02044	10	1	2	108,36,174,176,33,209,183,77,196,102,177,144,113,129,117,62,69,135,90,57,200,177,44,16,84,151,45,23,1,177,146,12,64,93,175,140	0,2,0.1225,2,81;8,2,0.9465,0,56;8,4,0.1005,0,147;4,2,0.4575,0,19;5,2,0.2545,0,18;8,5,0.9485,3,254
claim-temporal-development-train-02045	6	0	1	93,115,3,68,97,171,192,205,44,145,174,13,162,141,189,78,126,58,38,117,21,45,166,16,69,195,51,106,133,91,25,160,83,150,139,156	2,3,0.1855,0,179;0,4,0.9235,0,114;2,0,0.9715,0,10;5,1,0.6165,0,239;0,0,0.7365,0,146;5,3,0.7535,0,180
claim-temporal-development-train-02046	1	2	1	140,176,4,51,117,21,81,16,114,42,39,153,27,89,60,13,130,108,141,164,97,177,124,72,93,164,45,203,147,150,186,191,85,189,192,66	3,3,0.1585,0,119;2,5,0.5725,0,68;2,2,0.4375,3,250;8,3,0.2105,0,170;0,2,0.5165,0,112;3,0,0.9115,0,51
claim-temporal-development-train-02047	5	2	1	150,140,40,114,58,193,97,26,4,93,198,92,70,153,163,20,124,21,211,204,53,38,135,147,117,187,107,189,141,66,74,45,87,13,160,153	3,3,0.8365,0,86;1,4,0.1315,0,170;4,0,0.5595,1,155;1,5,0.9805,0,3;0,1,0.5765,0,197;3,5,0.9025,0,16
