evidence-tabular-train-00000	6	0	0	73,112,84,161,156,22,131,165,117,69,62,122,5,92,42,214,67,145,177,49,175,106,176,17,184,141,93,33,11,45,169,149,103,137,37,166	4,1,0.3105,1,93;8,3,0.4865,0,32;0,4,0.6785,0,81;0,2,0.9035,0,36;6,0,0.1325,0,130;1,1,0.2945,0,249
evidence-tabular-train-00001	8	3	2	30,125,170,51,61,98,151,148,64,20,85,176,131,37,117,73,12,210,3,106,192,204,45,93,206,209,114,141,186,69,175,89,43,138,156,21	2,2,0.9255,0,156;5,3,0.7175,0,87;2,3,0.0445,0,96;0,3,0.3575,0,144;1,0,0.4365,0,64;4,1,0.5365,0,19
evidence-tabular-train-00002	5	2	0	191,147,153,76,44,116,183,134,21,68,99,8,149,59,82,51,39,69,139,117,204,92,122,162,19,45,141,93,154,210,28,161,155,199,106,11	7,1,0.7645,0,139;3,5,0.8455,0,208;2,1,0.9865,0,180;3,0,0.8145,0,87;2,0,0.8185,0,253;1,4,0.6155,0,36
evidence-tabular-train-00003	10	2	0	91,177,65,171,3,13,87,140,62,141,101,81,157,34,162,111,147,129,130,172,117,210,93,44,49,149,45,201,113,208,21,17,202,26,69,183	2,3,0.2295,0,79;1,0,0.9165,0,34;0,4,0.2705,0,98;8,5,0.6535,0,10;4,5,0.3235,0,65;8,0,0.8055,0,94
evidence-tabular-train-00004	1	1	1	100,146,27,198,201,117,200,80,141,41,5,91,191,69,112,127,39,140,111,45,11,66,177,17,131,24,150,95,174,54,86,204,210,194,177,59	4,1,0.2305,3,52;2,5,0.3595,0,111;5,1,0.5685,0,18;7,4,0.7395,2,62;3,5,0.0485,0,50;6,1,0.8125,0,198
evidence-tabular-train-00005	8	1	0	6,166,138,107,89,210,117,135,208,53,179,129,18,174,13,28,202,36,115,67,179,167,58,40,103,21,168,69,45,154,142,93,86,149,74,146	5,3,0.4325,0,63;3,2,0.0695,0,4;4,0,0.7215,0,240;1,4,0.3455,0,203;6,1,0.7235,0,118;8,5,0.5805,1,152
evidence-tabular-train-00006	1	2	0	147,88,172,114,93,19,204,46,12,141,184,125,51,136,184,61,3,21,202,111,205,31,36,79,132,68,201,98,205,167,86,43,69,165,117,149	2,2,0.7085,0,52;6,2,0.6935,1,91;2,3,0.9445,0,98;6,4,0.0225,0,84;1,5,0.4055,0,188;4,2,0.0565,0,192
evidence-tabular-train-00007	8	3	1	157,41,121,19,78,117,148,171,137,130,177,29,69,105,93,14,49,21,6,115,150,169,141,162,83,188,61,168,200,195,90,108,64,198,37,48	5,4,0.6735,0,136;4,3,0.2325,3,243;0,3,0.1685,0,175;5,1,0.4675,0,200;8,2,0.7475,0,125;0,0,0.2955,0,24
evidence-tabular-train-00008	1	3	2	21,133,57,16,195,187,42,83,124,154,4,190,158,112,117,190,64,167,35,69,141,179,45,111,75,92,60,212,11,148,27,136,96,151,180,99	3,1,0.1325,0,174;2,1,0.4185,0,251;8,2,0.0935,0,45;2,1,0.9955,3,105;2,5,0.0005,0,115;3,3,0.1165,0,197
evidence-tabular-train-00009	0	3	0	195,34,148,176,12,161,80,215,93,126,149,213,165,114,33,159,140,69,68,117,141,3,23,48,100,130,157,62,16,52,44,157,86,88,108,189	2,2,0.1025,2,213;8,0,0.8465,3,65;3,4,0.8105,0,55;7,4,0.0785,0,223;3,2,0.4445,0,103;5,0,0.8975,0,9
evidence-tabular-train-00010	0	3	1	27,139,160,200,186,23,143,67,148,71,86,93,59,164,211,90,150,124,132,182,182,5,20,102,54,153,202,114,14,106,117,187,35,47,44,76	4,4,0.9825,2,19;2,1,0.8795,2,220;5,1,0.6945,2,102;3,4,0.4305,0,176;5,0,0.4945,0,112;3,2,0.6795,2,138
evidence-tabular-train-00011	1	1	1	210,103,186,197,69,21,107,14,199,123,200,95,37,150,78,86,173,43,117,138,141,90,9,64,154,113,204,134,31,146,47,59,57,191,178,17	8,4,0.2195,0,122;6,3,0.6245,2,126;8,1,0.0075,0,48;5,4,0.5825,2,216;6,1,0.2315,0,233;2,4,0.4955,0,39
evidence-tabular-train-00012	9	0	2	32,69,78,62,104,181,193,207,13,115,107,119,54,2,189,159,84,65,21,133,88,43,128,34,194,145,45,198,198,139,151,179,141,184,93,20	1,3,0.8555,0,201;7,0,0.7995,0,89;5,4,0.2945,0,75;5,2,0.0405,0,240;7,1,0.7875,2,164;7,3,0.7765,0,49
evidence-tabular-train-00013	1	2	2	210,37,72,141,198,185,123,30,137,87,109,178,207,24,16,64,62,157,96,54,131,14,147,98,161,151,45,115,212,89,153,190,7,118,75,40	6,4,0.0605,3,28;5,3,0.1745,0,136;5,4,0.1975,3,184;2,5,0.3085,3,7;1,3,0.7495,1,227;2,1,0.2095,0,186
evidence-tabular-train-00014	5	1	0	136,64,167,15,53,141,146,93,174,160,21,77,153,178,43,37,202,167,109,69,4,103,88,202,115,62,133,199,47,17,31,176,149,123,117,86	3,5,0.2115,0,46;6,3,0.6135,2,124;4,4,0.1325,0,254;4,4,0.1435,0,134;6,3,0.7245,0,180;2,3,0.0985,0,253
evidence-tabular-train-00015	5	2	1	188,82,107,137,188,45,130,52,150,4,91,147,212,59,115,117,77,15,18,42,21,203,69,31,64,98,158,162,35,141,171,153,95,193,128,172	3,5,0.4875,0,103;6,1,0.4025,0,224;3,1,0.1425,0,73;4,0,0.6555,2,119;1,1,0.6725,0,206;7,0,0.3545,0,242
evidence-tabular-train-00016	10	3	2	58,148,155,81,193,151,51,48,198,26,213,164,87,107,39,139,17,21,65,190,141,93,131,69,117,121,203,12,42,97,204,115,199,190,92,6	5,2,0.2255,0,227;1,5,0.4125,3,112;2,0,0.2885,0,128;8,5,0.8825,0,92;0,1,0.7715,0,221;0,1,0.6435,0,119
evidence-tabular-train-00017	6	1	1	210,62,11,67,89,99,190,117,143,87,17,94,21,212,33,150,135,173,4,49,45,176,211,139,77,108,69,40,169,34,122,146,208,194,112,215	3,1,0.2575,0,150;8,0,0.0455,0,72;0,4,0.7545,0,187;4,5,0.2845,1,1;2,2,0.0335,0,85;1,5,0.6115,2,192
evidence-tabular-train-00018	9	2	1	110,174,168,69,104,147,36,18,128,61,141,212,200,55,92,82,26,93,156,23,44,156,45,132,200,120,64,150,207,8,157,140,170,15,79,113	7,5,0.5585,2,88;1,2,0.8095,0,1;6,3,0.0035,0,15;6,0,0.8465,0,4;7,4,0.3195,3,236;7,2,0.8615,0,227
evidence-tabular-train-00019	10	0	2	125,141,158,117,133,88,180,184,94,186,11,171,54,108,165,9,98,40,116,20,151,160,87,205,137,176,58,65,45,73,69,35,204,21,33,145	8,1,0.8555,0,204;8,1,0.0635,0,101;5,0,0.2255,0,39;0,5,0.1405,1,108;1,2,0.9525,0,217;4,3,0.2845,0,229
evidence-tabular-train-00020	6	3	1	106,138,206,66,81,148,61,159,88,105,20,84,189,40,69,45,196,176,32,36,130,21,55,174,141,15,195,1,123,117,166,161,150,199,93,114	0,5,0.9405,0,139;7,2,0.1545,0,2;6,3,0.5785,0,195;8,2,0.0365,0,21;8,0,0.4845,0,10;2,0,0.4775,0,227
evidence-tabular-train-00021	2	3	1	67,186,113,69,40,139,175,10,117,128,100,141,132,25,45,171,93,58,190,106,84,148,57,157,184,16,21,37,150,79,89,172,153,2,188,178	1,0,0.0445,0,220;0,3,0.0645,0,164;8,0,0.7165,0,156;6,2,0.3915,0,18;3,0,0.3585,0,26;7,2,0.7245,0,219
evidence-tabular-train-00022	9	3	2	153,99,191,76,85,21,207,108,14,138,203,112,32,64,38,96,122,60,200,151,165,200,69,91,8,45,207,213,52,43,170,141,117,20,148,130	7,4,0.9395,0,52;7,4,0.7065,0,16;3,2,0.1505,0,139;3,3,0.7385,3,155;2,2,0.0085,0,82;1,0,0.4325,0,91
evidence-tabular-train-00023	9	2	1	23,62,210,147,166,181,144,38,112,119,186,29,177,8,93,131,56,194,83,136,208,107,76,152,45,184,67,42,89,12,17,150,123,175,103,69	7,2,0.2655,2,140;4,4,0.5945,0,166;7,4,0.6255,0,31;3,1,0.2715,0,180;6,1,0.1285,2,50;2,1,0.1815,3,16
evidence-tabular-train-00024	1	3	0	213,149,95,41,131,122,138,170,90,45,191,69,103,117,27,175,61,144,66,148,18,84,154,35,3,12,21,80,197,113,54,181,152,212,111,164	2,2,0.5725,0,139;2,1,0.3515,0,2;5,3,0.5005,0,97;7,2,0.5645,2,132;6,5,0.3885,0,175;1,1,0.4795,3,162
evidence-tabular-train-00025	8	3	1	65,93,119,205,169,24,148,58,38,78,139,15,150,110,171,4,179,180,70,91,177,85,121,214,207,99,45,42,28,53,154,163,17,144,133,112	3,5,0.3745,3,89;3,4,0.4975,0,224;4,0,0.3905,1,231;5,3,0.7075,0,217;2,4,0.0565,2,4;0,3,0.6615,3,208
evidence-tabular-train-00026	4	1	0	20,178,57,117,45,172,22,42,146,34,90,69,206,30,14,138,185,76,178,9,157,85,99,200,141,149,93,108,61,66,167,132,165,154,115,123	8,4,0.9165,1,141;5,0,0.4635,0,101;8,3,0.4485,0,226;3,3,0.5425,0,21;2,2,0.7645,0,30;2,2,0.4345,0,120
evidence-tabular-train-00027	1	0	2	165,57,203,64,69,60,160,3,136,99,20,208,37,162,158,117,132,83,172,47,196,78,106,143,90,41,26,212,114,181,145,12,21,151,128,93	2,2,0.9555,0,219;1,3,0.3875,2,57;8,2,0.1795,0,161;5,1,0.5355,0,141;2,0,0.5055,0,156;7,2,0.0155,2,56
evidence-tabular-train-00028	9	3	1	32,50,42,211,128,204,117,141,112,64,194,34,184,74,93,108,70,134,89,16,102,85,21,160,63,150,173,177,5,172,10,204,190,139,148,45	4,0,0.0895,0,63;7,0,0.5385,0,196;1,5,0.0785,1,114;1,3,0.2905,0,237;5,2,0.1375,0,33;7,4,0.7765,0,13
evidence-tabular-train-00029	10	1	1	208,88,102,68,117,42,141,140,69,202,61,28,129,203,168,183,2,150,21,130,110,93,86,57,20,15,176,77,185,174,146,113,174,48,36,207	1,5,0.9555,0,103;3,2,0.4875,3,137;8,3,0.9125,0,129;4,4,0.1965,0,141;5,4,0.2875,0,226;8,0,0.9875,0,46
evidence-tabular-train-00030	6	2	1	16,60,76,185,69,21,43,123,153,137,68,106,116,199,49,4,164,92,147,184,150,160,14,159,25,117,187,100,172,93,45,142,85,165,133,37	3,4,0.1005,0,71;0,3,0.7495,0,228;0,2,0.9685,0,249;3,3,0.9675,0,108;3,0,0.8395,0,118;2,3,0.2545,1,144
evidence-tabular-train-00031	8	2	1	80,92,72,45,37,141,117,16,198,84,125,195,30,130,192,93,56,58,162,147,198,187,150,67,21,102,194,2,110,138,194,42,174,15,172,114	1,5,0.0645,0,51;5,3,0.4755,0,163;7,0,0.6105,3,129;7,2,0.9205,0,76;5,4,0.5005,0,112;4,0,0.4805,0,109
evidence-tabular-train-00032	9	2	1	141,69,99,170,93,192,56,40,13,133,114,90,106,136,82,117,123,45,24,36,180,147,4,160,27,63,150,68,194,214,190,19,214,159,76,213	3,3,0.6235,3,126;2,2,0.1195,0,131;7,5,0.9945,0,120;3,0,0.4695,0,199;2,0,0.5495,0,206;2,3,0.1155,0,120
evidence-tabular-train-00033	2	1	1	60,160,69,137,179,91,95,146,150,44,33,175,174,45,124,117,97,210,10,36,198,177,161,110,179,115,83,51,155,68,21,141,20,131,75,9	8,0,0.8935,0,131;8,2,0.8855,0,119;2,2,0.9065,0,222;2,1,0.6305,2,20;0,4,0.6545,0,146;3,1,0.3645,0,221
evidence-tabular-train-00034	8	1	0	146,94,211,141,101,194,30,68,69,160,149,123,39,202,140,165,112,90,201,133,6,21,153,106,178,117,212,86,19,59,52,45,13,43,76,204	5,3,0.7515,0,130;5,5,0.7515,0,45;3,1,0.8955,0,237;3,4,0.5265,1,65;4,0,0.1255,0,130;2,3,0.8925,0,114
evidence-tabular-train-00035	5	3	1	201,74,173,45,135,200,21,136,148,7,177,167,51,150,116,157,40,164,33,18,68,85,141,93,11,98,212,60,199,119,89,127,163,110,35,71	6,1,0.5925,0,191;8,1,0.0225,0,21;2,2,0.8815,2,78;1,3,0.3945,0,36;1,4,0.9705,2,0;6,5,0.1545,0,70
evidence-tabular-train-00036	6	0	0	45,215,115,132,162,21,152,38,154,70,62,177,122,105,213,120,93,141,111,16,85,165,65,44,57,90,13,149,145,166,25,185,193,140,77,8	7,3,0.0835,0,21;0,4,0.8075,0,76;8,4,0.2845,1,29;4,3,0.5065,0,141;8,5,0.6765,3,64;1,2,0.8705,0,71
evidence-tabular-train-00037	8	1	1	189,206,112,169,117,4,52,158,39,141,89,183,140,69,99,201,146,16,201,93,81,163,110,13,40,193,159,68,31,126,24,47,150,59,133,87	3,3,0.1745,3,8;6,5,0.1885,2,160;3,1,0.8765,0,161;8,5,0.3105,0,123;2,4,0.1515,0,70;5,3,0.9225,0,218
evidence-tabular-train-00038	8	3	0	194,186,148,139,212,126,45,183,21,135,82,77,215,43,108,28,72,11,67,193,100,141,17,36,88,117,55,112,190,149,201,197,198,5,93,61	4,1,0.3165,0,145;3,2,0.6685,0,202;6,3,0.6025,3,89;4,0,0.1905,0,131;3,2,0.1885,0,133;5,5,0.7365,0,229
evidence-tabular-train-00039	7	1	2	45,41,55,152,39,146,87,151,22,12,168,2,205,78,205,61,199,171,19,101,26,72,172,136,66,133,115,95,106,194,171,88,123,117,141,206	1,2,0.7215,1,122;1,5,0.3005,0,184;6,3,0.4665,3,248;5,5,0.1425,2,224;4,0,0.7205,0,118;2,3,0.0565,0,154
evidence-tabular-train-00040	2	2	1	141,93,161,10,39,86,57,150,136,162,115,9,202,117,132,45,88,33,157,76,108,164,153,65,128,147,69,153,18,40,21,192,61,175,100,182	8,0,0.5975,0,247;8,5,0.0325,0,221;8,3,0.2885,0,173;3,4,0.1375,0,52;3,2,0.7365,0,0;7,2,0.0075,0,145
evidence-tabular-train-00041	6	2	0	13,36,200,45,69,84,149,157,168,80,107,154,68,141,147,154,215,27,113,49,132,41,63,18,21,93,98,138,4,171,122,215,119,88,170,179	3,3,0.4035,0,152;2,2,0.2155,0,194;0,5,0.9545,0,200;7,2,0.0265,0,155;1,1,0.3545,2,156;1,2,0.5335,0,172
evidence-tabular-train-00042	1	1	1	139,167,45,198,141,15,21,117,150,204,44,161,129,165,93,19,186,88,26,36,113,146,83,77,134,51,3,62,158,65,103,69,106,164,204,193	2,5,0.7265,0,4;1,2,0.8165,0,206;2,4,0.3975,0,62;4,1,0.0245,0,163;6,0,0.2275,0,122;8,4,0.7535,0,129
evidence-tabular-train-00043	10	3	1	117,212,150,20,214,80,60,93,43,143,175,69,101,204,85,187,64,157,51,89,148,39,139,45,130,4,115,29,11,22,179,106,163,207,121,203	3,1,0.9485,1,202;4,5,0.6775,0,222;2,2,0.0425,0,197;7,3,0.3605,0,208;4,0,0.6615,0,248;0,0,0.7875,2,27
evidence-tabular-train-00044	0	3	1	11,37,74,58,166,150,99,68,18,141,183,140,169,117,93,113,153,175,148,86,69,133,49,124,170,43,186,169,45,9,188,110,33,172,90,21	8,1,0.4015,0,194;8,3,0.6325,0,152;0,0,0.8795,0,115;1,4,0.5035,0,44;2,4,0.2125,0,164;3,3,0.9275,0,247
evidence-tabular-train-00045	1	0	2	171,212,75,140,10,129,27,142,158,164,145,113,36,151,21,111,197,215,16,51,154,92,133,1,180,83,58,43,202,93,98,65,45,215,117,69	0,0,0.0065,0,99;2,2,0.6535,0,86;2,0,0.3715,0,92;2,1,0.8175,0,73;1,5,0.2305,0,161;8,3,0.8125,1,4
evidence-tabular-train-00046	1	2	2	93,215,46,174,140,162,62,15,147,124,152,39,3,205,21,69,26,130,112,86,108,154,151,66,91,177,103,182,41,179,51,117,79,141,171,17	2,5,0.2515,0,212;1,5,0.2605,1,74;2,4,0.5445,0,10;6,4,0.6325,0,244;6,2,0.1325,0,113;3,0,0.9585,0,238
evidence-tabular-train-00047	2	1	0	207,149,214,90,35,117,141,21,45,65,160,207,58,183,159,93,211,27,76,200,69,17,7,40,13,210,213,101,84,128,138,132,108,113,146,57	6,3,0.2095,0,86;2,1,0.1005,0,102;8,0,0.2145,0,53;3,2,0.5585,0,199;4,2,0.2245,0,64;7,2,0.5545,0,15
evidence-tabular-train-00048	9	3	2	192,10,154,69,57,20,82,74,148,134,91,122,45,183,183,43,191,151,94,143,117,167,21,59,35,65,28,116,177,6,137,111,104,188,177,156	5,0,0.8635,0,124;3,1,0.7895,0,74;8,1,0.2245,0,203;1,0,0.7615,1,162;7,5,0.8035,0,225;1,4,0.3745,2,137
evidence-tabular-train-00049	6	1	1	134,66,59,25,100,15,76,174,136,157,1,146,141,69,45,118,21,111,175,114,150,188,160,44,184,53,152,93,83,174,129,196,88,165,36,17	0,5,0.3755,0,119;0,2,0.9425,0,167;4,1,0.5645,0,193;3,1,0.1115,0,43;3,5,0.5025,1,182;8,4,0.1235,0,172
evidence-tabular-train-00050	1	0	0	143,18,203,91,203,206,149,145,137,75,93,27,127,198,67,192,59,43,36,134,117,116,45,195,86,176,166,8,167,111,201,10,105,69,49,21	7,0,0.5215,0,204;2,2,0.6075,0,207;0,1,0.6915,0,144;2,4,0.7165,0,14;8,5,0.8075,0,80;6,4,0.3425,2,89
evidence-tabular-train-00051	1	1	1	40,32,19,75,100,21,141,152,204,93,173,155,3,39,146,150,69,55,173,208,108,162,122,215,169,117,153,14,132,136,86,45,114,62,66,92	2,4,0.7125,0,110;7,5,0.0955,0,55;6,4,0.5535,0,48;2,4,0.8045,0,238;3,2,0.5275,0,191;1,2,0.1785,0,9
evidence-tabular-train-00052	7	2	2	186,202,122,7,115,69,205,64,147,59,187,186,100,89,177,49,106,141,165,140,199,46,41,93,83,184,21,17,151,10,178,76,28,117,34,135	6,0,0.2495,0,115;3,0,0.2965,1,165;0,1,0.0225,0,50;3,1,0.3085,0,231;3,0,0.7445,0,94;1,5,0.8425,0,123
evidence-tabular-train-00053	10	1	1	90,163,203,19,34,152,51,109,146,167,140,121,150,81,202,21,45,170,208,116,144,72,134,82,11,61,64,93,27,6,117,153,197,203,41,101	5,1,0.7645,0,221;2,0,0.2535,0,243;2,3,0.1535,3,221;8,0,0.5305,0,74;4,3,0.8375,0,239;0,4,0.9145,3,26
evidence-tabular-train-00054	8	2	0	25,90,109,116,171,66,187,131,140,149,60,165,21,197,83,73,17,102,42,93,141,211,188,70,117,8,147,198,178,12,38,128,49,45,189,189	7,2,0.3665,0,229;0,4,0.4245,0,31;0,2,0.4035,1,49;0,1,0.5565,0,68;5,3,0.9155,0,217;7,1,0.8845,0,119
evidence-tabular-train-00055	1	1	0	189,184,183,16,193,31,160,117,21,85,109,198,142,68,187,51,95,138,209,76,43,15,113,149,89,123,2,100,45,39,155,130,202,69,146,62	1,5,0.0095,0,197;6,5,0.7525,0,204;2,4,0.8725,0,35;3,3,0.2825,2,142;3,3,0.2695,0,190;2,0,0.4915,1,203
evidence-tabular-train-00056	1	3	0	60,21,113,11,153,168,31,93,42,69,155,212,152,19,141,119,131,193,52,195,45,39,65,138,149,128,148,111,73,84,189,3,192,105,200,88	2,1,0.6425,0,11;6,5,0.4655,0,248;3,2,0.2795,0,107;0,2,0.0985,0,37;8,5,0.2895,2,177;7,1,0.4885,0,162
evidence-tabular-train-00057	10	2	2	173,64,69,38,83,214,141,21,204,78,128,133,52,114,187,194,7,105,151,214,198,91,27,60,109,203,41,136,14,117,17,45,147,95,183,195	6,4,0.2955,0,14;2,4,0.2365,0,19;3,2,0.0525,0,150;5,1,0.6875,2,69;8,3,0.4835,0,29;7,3,0.0475,0,254
evidence-tabular-train-00058	2	1	2	82,39,126,181,156,146,211,93,140,117,3,108,89,69,142,151,193,66,45,13,182,58,177,198,56,40,168,133,21,28,188,80,99,16,113,169	2,3,0.1935,0,112;3,5,0.0935,0,9;7,0,0.4625,0,44;7,0,0.3615,0,67;2,2,0.2035,0,126;5,3,0.9105,1,118
evidence-tabular-train-00059	10	2	2	157,69,175,209,169,147,134,175,60,84,21,45,64,25,173,123,5,178,80,101,151,52,138,110,15,179,172,93,90,34,191,141,117,41,114,20	4,5,0.9445,0,254;0,0,0.2395,0,58;3,2,0.0215,0,98;7,2,0.5375,0,144;4,4,0.4605,0,178;2,4,0.4895,0,179
evidence-tabular-train-00060	8	0	1	85,67,126,53,182,139,177,26,41,187,141,21,108,17,202,5,45,205,117,12,194,174,133,37,201,70,61,180,145,113,93,91,75,150,102,164	4,2,0.2595,0,65;1,3,0.3245,0,42;4,3,0.7105,1,145;2,3,0.7845,0,197;5,2,0.3375,0,63;5,3,0.6115,0,225
evidence-tabular-train-00061	9	3	0	22,159,187,141,101,199,113,69,137,26,191,120,85,81,45,209,213,173,149,18,93,110,42,11,164,60,89,126,212,65,130,39,6,205,56,148	5,1,0.5395,1,96;1,5,0.4235,0,210;7,2,0.2755,0,80;8,3,0.2455,0,28;4,4,0.3615,3,98;5,0,0.2925,0,63
evidence-tabular-train-00062	5	2	2	34,214,141,167,45,44,116,87,159,59,21,12,69,117,215,100,80,160,64,16,32,8,199,131,173,163,147,185,178,139,124,109,93,91,151,51	7,2,0.1155,0,208;7,0,0.8925,0,81;2,1,0.1935,0,169;7,5,0.6825,0,244;3,3,0.9245,0,26;3,1,0.6645,0,110
evidence-tabular-train-00063	8	3	0	75,54,197,89,156,68,149,100,95,141,209,27,170,178,45,157,131,19,9,21,148,14,107,116,39,117,157,193,179,82,69,63,128,189,40,136	8,4,0.7225,0,5;2,5,0.1895,0,189;5,5,0.8185,0,160;2,0,0.2385,2,113;3,1,0.8795,0,97;7,1,0.1555,0,163
evidence-tabular-train-00064	0	3	2	162,151,168,45,42,81,83,115,70,66,202,55,130,39,93,211,168,21,148,89,172,192,139,117,180,3,208,141,210,63,97,16,124,14,108,28	2,4,0.0435,0,218;3,5,0.5165,0,192;6,5,0.5135,1,252;8,1,0.2575,0,35;0,2,0.6835,0,158;3,0,0.7125,0,223
evidence-tabular-train-00065	1	0	1	138,141,13,68,113,51,150,2,206,125,117,196,202,45,108,82,198,93,23,69,165,135,43,207,166,182,16,159,39,91,177,78,27,101,145,63	1,3,0.0405,2,62;2,5,0.7775,0,102;2,5,0.8775,0,171;5,0,0.6285,0,173;4,2,0.2975,0,2;4,5,0.4755,0,161
evidence-tabular-train-00066	1	1	1	36,75,176,59,173,117,198,23,160,88,45,20,146,201,114,69,82,40,132,111,136,126,195,141,210,93,215,2,150,25,99,193,10,51,68,178	1,0,0.9115,2,146;0,2,0.0245,0,123;2,1,0.8395,0,123;2,0,0.1305,0,113;2,5,0.5595,0,151;5,2,0.0085,0,32
evidence-tabular-train-00067	1	2	1	84,158,136,207,156,48,36,200,187,113,117,11,208,21,109,62,141,214,43,150,181,130,51,92,30,147,152,7,68,69,193,75,103,93,124,18	6,1,0.4275,0,28;5,2,0.7015,3,66;2,4,0.9495,0,5;2,2,0.9755,0,198;6,3,0.3525,0,50;3,0,0.0565,0,115
evidence-tabular-train-00068	1	3	0	166,187,183,13,43,116,32,60,93,133,64,136,198,21,121,196,201,39,99,166,88,117,55,76,84,148,110,164,20,149,3,141,178,45,186,69	2,3,0.9215,0,122;7,5,0.7815,0,103;6,2,0.0115,0,49;3,2,0.1675,0,95;2,4,0.8295,0,251;0,3,0.1645,0,44
evidence-tabular-train-00069	1	3	2	61,163,19,210,166,106,81,175,151,126,68,99,136,171,144,12,36,87,148,173,196,51,93,46,21,118,187,44,133,7,69,189,115,26,89,186	6,2,0.6335,0,193;1,2,0.8885,1,10;2,3,0.8095,0,184;8,5,0.2085,0,52;2,0,0.7995,1,74;5,3,0.1915,3,44
evidence-tabular-train-00070	6	3	1	148,212,127,117,111,97,76,179,150,130,19,185,93,193,86,34,188,43,158,69,116,182,136,13,166,58,21,89,26,211,51,45,177,5,64,141	4,3,0.6895,0,80;1,0,0.7705,0,199;2,0,0.0475,0,101;3,4,0.3515,0,216;0,5,0.8765,0,82;6,0,0.1795,0,123
evidence-tabular-train-00071	6	1	0	146,16,135,58,67,190,182,85,89,117,45,189,215,136,107,95,207,142,32,156,178,171,215,13,97,40,116,52,77,72,34,149,185,6,124,21	5,3,0.1385,0,194;7,0,0.0185,0,63;3,0,0.7985,3,203;4,3,0.2275,2,39;0,1,0.8285,0,22;3,5,0.1235,1,95
evidence-tabular-train-00072	2	1	0	152,96,102,124,149,7,206,167,108,115,204,41,200,83,13,55,66,90,177,70,141,38,193,130,180,60,17,146,45,26,117,168,76,137,21,171	6,3,0.2075,0,116;1,4,0.3605,0,122;6,2,0.5325,1,3;3,1,0.4575,3,113;5,2,0.7605,0,157;3,0,0.3705,0,50
evidence-tabular-train-00073	0	3	1	198,176,158,117,28,106,10,154,124,116,53,160,20,213,73,69,181,150,93,139,89,105,148,166,168,40,82,135,166,4,67,62,36,47,21,141	3,0,0.9415,0,222;3,2,0.1545,2,116;4,4,0.6715,0,220;0,0,0.2565,0,212;8,0,0.8565,0,129;3,5,0.7635,0,164
evidence-tabular-train-00074	10	0	2	99,27,215,68,74,6,110,43,117,185,156,151,202,192,114,87,21,185,132,69,93,141,89,39,138,199,145,54,175,47,15,16,129,174,170,59	5,5,0.1955,0,248;2,5,0.7805,2,225;5,1,0.9725,0,232;1,5,0.2265,0,15;2,4,0.5965,0,173;8,2,0.4425,0,237
evidence-tabular-train-00075	0	3	0	21,127,138,179,14,1,211,52,100,94,45,131,89,69,154,157,58,116,38,79,19,141,117,110,40,191,177,83,67,196,157,161,185,29,149,148	0,4,0.6805,0,244;4,4,0.0485,0,207;3,0,0.7585,0,248;6,1,0.2315,1,241;3,4,0.9225,0,123;6,1,0.5155,0,192
evidence-tabular-train-00076	1	3	2	86,214,31,67,99,116,39,193,148,131,21,181,10,141,42,8,17,69,89,213,47,181,176,49,195,117,162,139,201,93,173,151,111,63,124,75	7,0,0.3635,0,231;6,5,0.4395,2,134;0,5,0.6565,0,255;2,4,0.2295,0,132;2,5,0.9475,0,69;3,1,0.7105,0,206
evidence-tabular-train-00077	1	1	0	41,19,92,142,68,190,149,3,27,176,202,199,165,38,93,21,77,115,45,82,124,52,202,63,11,131,189,152,70,137,117,109,98,203,146,181	2,1,0.7465,0,240;2,4,0.3395,0,179;3,5,0.9215,1,28;4,0,0.9795,0,79;1,3,0.6995,0,0;3,1,0.3245,1,128
evidence-tabular-train-00078	1	0	1	135,21,175,160,145,123,197,93,99,207,11,68,137,77,150,183,86,45,111,120,20,29,141,69,51,188,6,194,197,210,42,59,89,112,36,176	5,1,0.9385,0,18;4,2,0.4825,0,31;2,1,0.9465,0,251;4,4,0.3175,0,122;2,5,0.0735,3,160;2,5,0.2905,0,109
evidence-tabular-train-00079	1	3	2	151,26,148,117,179,138,35,52,199,82,21,132,109,123,215,45,13,16,152,69,94,202,58,163,209,141,112,64,81,40,210,186,88,9,100,160	8,3,0.0775,0,20;1,1,0.1865,0,229;3,0,0.1835,0,133;8,0,0.1705,1,228;3,3,0.0045,0,195;2,2,0.4865,0,28
evidence-tabular-train-00080	7	2	2	141,98,116,136,130,125,186,10,8,151,153,167,147,195,27,56,79,162,187,67,159,190,175,20,22,117,69,89,176,86,34,45,108,58,93,43	7,0,0.8295,1,30;2,0,0.7915,0,33;7,0,0.7565,0,107;6,4,0.3305,0,156;1,2,0.8585,0,254;4,0,0.0425,0,172
evidence-tabular-train-00081	6	0	0	34,187,175,109,101,25,123,116,78,138,201,207,61,182,10,178,21,7,93,69,183,42,89,16,149,66,45,170,131,171,141,49,145,117,83,176	6,0,0.1655,0,201;0,0,0.4655,0,198;0,3,0.4835,0,51;5,1,0.3365,0,136;4,3,0.9975,0,167;2,1,0.4385,0,140
evidence-tabular-train-00082	10	2	0	67,132,35,147,91,19,61,168,209,157,136,113,7,22,77,44,117,209,30,141,82,123,97,191,93,45,149,163,206,178,167,57,12,108,69,194	6,2,0.7305,1,210;5,1,0.8615,0,68;8,3,0.6165,0,234;4,0,0.7665,0,62;0,2,0.2175,0,7;2,2,0.0985,0,202
evidence-tabular-train-00083	4	1	1	93,21,27,40,83,146,165,135,144,59,193,12,117,71,126,49,45,102,5,214,178,157,113,156,150,177,76,16,136,190,34,110,90,198,199,66	4,2,0.1865,0,213;2,0,0.0635,0,84;0,1,0.5975,2,37;3,1,0.4905,0,1;5,4,0.3865,0,67;5,5,0.0115,3,123
evidence-tabular-train-00084	0	3	0	117,195,165,68,13,76,40,148,205,100,86,69,108,149,126,60,3,141,27,39,193,206,131,161,136,115,21,45,185,92,166,20,93,52,185,202	2,3,0.9325,0,215;2,5,0.0825,0,46;3,2,0.8305,0,82;3,4,0.8215,0,231;3,2,0.7615,0,16;5,1,0.1965,0,106
evidence-tabular-train-00085	5	2	2	37,151,52,42,175,123,21,141,17,177,208,197,174,26,109,99,161,90,209,137,78,175,131,13,69,67,114,45,158,63,169,93,8,147,117,85	7,3,0.3575,0,27;1,3,0.4735,0,163;3,5,0.7095,0,146;5,3,0.5965,0,135;2,3,0.5175,0,254;2,1,0.3665,0,72
evidence-tabular-train-00086	6	2	2	45,61,116,91,84,15,71,20,147,185,200,29,8,168,132,97,202,153,151,117,43,21,203,199,34,80,141,190,156,126,67,201,137,53,111,95	7,5,0.8505,0,5;4,0,0.6455,0,26;4,3,0.7665,2,217;7,2,0.7045,2,31;0,5,0.9085,0,155;5,2,0.2125,0,50
evidence-tabular-train-00087	2	1	1	64,141,214,207,202,33,134,71,169,169,117,57,153,146,18,204,83,196,7,60,100,91,10,45,35,93,150,113,192,107,44,166,127,136,74,21	6,0,0.5645,0,243;8,1,0.8265,0,196;8,2,0.0475,2,243;1,1,0.6375,0,59;3,1,0.3765,0,63;6,4,0.0215,0,193
evidence-tabular-train-00088	1	1	0	152,22,137,141,117,14,59,110,123,146,132,149,34,192,112,155,66,3,160,178,89,212,181,18,206,77,69,164,93,99,41,25,51,87,176,46	2,4,0.5905,1,116;0,0,0.3905,1,111;2,1,0.5975,0,240;4,5,0.3055,0,111;2,4,0.1805,0,170;2,2,0.2155,0,38
evidence-tabular-train-00089	1	2	0	79,51,20,38,147,69,122,100,184,106,114,21,14,139,180,93,203,92,68,30,149,213,82,45,61,212,2,201,117,41,170,133,143,204,212,176	1,4,0.8395,0,202;5,4,0.2905,0,155;2,3,0.9195,0,132;6,0,0.9755,0,251;3,0,0.4405,0,191;1,3,0.7525,2,147
evidence-tabular-train-00090	0	3	0	6,167,184,121,63,92,109,148,154,69,45,21,52,174,160,207,36,182,149,152,41,15,66,130,83,141,99,80,203,18,140,33,211,112,117,93	5,5,0.4905,0,4;8,2,0.3985,0,50;3,5,0.5035,0,12;7,1,0.8235,0,92;2,3,0.0945,0,73;0,0,0.9085,0,232
evidence-tabular-train-00091	9	3	1	69,110,34,45,92,8,205,150,56,185,122,156,63,115,67,196,10,184,143,21,117,204,173,148,41,81,27,93,135,17,172,97,138,209,85,192	7,0,0.2845,0,230;2,0,0.2315,0,228;7,5,0.7555,0,78;8,3,0.8455,0,110;0,4,0.6705,0,103;1,5,0.4815,2,216
evidence-tabular-train-00092	2	3	0	158,126,74,82,120,149,111,189,42,148,97,194,60,65,27,114,35,20,21,91,157,56,195,144,6,174,10,45,168,137,93,214,166,69,211,133	5,0,0.9715,0,222;2,1,0.5995,0,204;7,2,0.3445,0,112;1,0,0.7975,0,164;0,5,0.4185,3,52;5,3,0.3145,3,84
evidence-tabular-train-00093	2	1	1	92,106,40,18,146,207,140,45,124,181,69,150,35,28,141,207,200,194,86,24,61,3,165,117,113,105,96,13,55,79,132,64,214,183,203,167	2,3,0.5825,3,148;3,1,0.0225,0,95;6,3,0.1425,0,99;6,4,0.9125,3,253;8,0,0.3515,0,239;3,2,0.9735,0,55
evidence-tabular-train-00094	5	2	0	85,166,55,76,196,105,211,24,154,170,45,27,141,89,43,60,137,69,147,153,93,188,67,149,130,19,36,187,4,120,111,115,122,159,207,12	3,2,0.7145,3,190;2,2,0.7565,0,143;6,2,0.7845,0,101;3,3,0.2505,0,156;8,5,0.7185,3,3;1,0,0.2265,0,115
evidence-tabular-train-00095	5	2	0	79,163,149,60,55,90,173,10,34,210,204,175,141,40,99,147,45,191,21,124,158,93,174,16,82,110,117,115,4,214,132,139,69,190,68,27	3,0,0.1065,0,104;2,0,0.0185,0,70;6,2,0.8405,0,153;6,0,0.5995,0,150;2,4,0.7925,0,122;3,2,0.6995,0,10
evidence-tabular-train-00096	6	3	2	123,131,141,93,20,1,45,136,112,117,151,92,172,206,34,204,176,29,107,40,15,148,21,191,104,83,213,192,206,197,191,68,58,69,73,55	0,5,0.9105,0,213;4,0,0.1545,0,114;6,0,0.8895,0,239;0,1,0.9465,0,40;7,1,0.0625,0,49;2,1,0.0945,0,70
evidence-tabular-train-00097	9	0	1	189,51,145,45,25,42,92,193,64,144,84,93,80,150,197,185,206,99,34,186,213,106,135,122,112,195,117,63,161,21,173,2,12,69,18,136	1,2,0.5505,0,83;0,0,0.4375,0,110;2,5,0.0915,0,161;7,2,0.9475,0,82;2,0,0.0205,0,113;1,5,0.0405,3,2
evidence-tabular-train-00098	1	2	0	66,77,117,171,69,205,195,147,61,3,149,182,198,21,28,134,184,45,110,113,191,121,40,35,141,10,181,137,51,90,18,84,170,102,199,93	2,0,0.5835,0,25;3,1,0.1305,0,49;2,3,0.5155,0,148;4,2,0.5425,0,36;5,4,0.2095,0,41;0,4,0.3005,0,179
evidence-tabular-train-00099	5	2	2	59,56,34,132,117,136,85,113,103,154,124,43,92,15,184,180,155,170,81,189,155,47,72,4,181,96,16,147,26,182,151,173,141,21,66,111	3,5,0.0205,0,183;1,0,0.7395,2,90;7,1,0.5235,3,228;8,3,0.8905,3,20;6,5,0.2635,0,33;3,2,0.1425,0,150
evidence-tabular-train-00100	5	1	1	146,181,152,127,58,153,208,45,9,50,21,141,164,116,117,138,150,27,14,193,157,186,133,92,96,185,68,76,19,106,69,205,101,40,85,35	8,4,0.6555,0,38;2,1,0.1285,0,137;1,0,0.9525,0,136;3,3,0.8765,3,225;4,0,0.8565,0,131;6,3,0.4325,0,240
evidence-tabular-train-00101	1	2	2	110,117,156,21,64,151,214,123,8,201,42,56,134,35,96,28,162,99,45,190,195,69,201,63,16,14,180,138,141,189,85,112,91,213,77,147	7,4,0.1075,0,188;3,1,0.4805,0,237;7,5,0.1495,0,90;4,3,0.6555,3,128;2,4,0.0325,0,79;2,4,0.5165,0,0
evidence-tabular-train-00102	9	1	0	167,86,45,200,184,146,68,110,93,126,5,58,24,139,177,51,163,69,34,141,42,80,105,91,149,201,15,120,113,181,17,180,33,130,202,192	4,5,0.3745,3,105;8,0,0.4835,0,231;2,0,0.8675,0,27;7,4,0.7755,0,8;8,4,0.2045,3,6;5,0,0.7985,0,41
evidence-tabular-train-00103	1	3	2	94,177,43,172,194,38,202,190,154,148,73,113,100,196,82,10,192,151,65,62,16,21,141,117,57,91,106,124,184,69,182,8,27,136,130,45	7,0,0.0595,0,175;2,4,0.7275,0,149;8,4,0.2935,0,110;0,0,0.7085,1,108;3,0,0.3185,0,114;3,0,0.1245,0,75
evidence-tabular-train-00104	5	2	2	7,63,201,76,214,25,15,19,110,133,34,114,190,41,52,69,152,117,140,21,99,183,152,147,68,158,141,90,121,213,204,184,151,82,93,45	6,5,0.6875,0,109;0,0,0.2835,0,142;3,5,0.9805,0,68;3,0,0.4295,0,123;2,4,0.4665,0,227;0,3,0.9795,0,188
evidence-tabular-train-00105	1	3	2	10,16,45,174,75,201,131,89,117,203,148,56,101,5,115,83,93,137,124,212,173,67,188,141,27,41,163,108,164,177,151,39,187,58,69,24	4,0,0.0455,3,170;2,5,0.3415,0,1;7,0,0.7505,0,27;2,1,0.2725,0,131;4,2,0.7835,0,82;3,1,0.3335,0,249
evidence-tabular-train-00106	5	2	1	98,141,84,15,58,36,71,139,184,67,80,95,4,186,168,130,21,168,20,53,112,153,41,187,120,125,201,192,181,47,91,167,147,150,106,26	3,5,0.9595,0,139;1,2,0.2465,2,212;4,0,0.7865,2,8;7,2,0.6865,2,243;1,0,0.0735,3,175;4,0,0.6915,0,39
evidence-tabular-train-00107	10	2	0	45,55,106,33,182,132,141,88,69,205,5,104,179,183,169,189,21,34,64,147,15,17,173,41,117,128,112,209,149,84,63,171,81,93,136,189	4,5,0.2445,0,144;8,0,0.2115,0,101;6,5,0.1055,0,69;8,2,0.0935,0,149;7,0,0.0795,0,245;7,2,0.1785,0,46
evidence-tabular-train-00108	10	1	2	181,117,20,129,151,32,21,171,201,163,181,146,166,141,44,110,113,182,77,67,174,155,137,131,52,91,12,208,35,5,69,84,47,99,60,93	4,2,0.9075,0,126;7,1,0.9455,2,161;3,2,0.7015,0,234;4,2,0.7965,0,220;2,4,0.2775,0,69;8,1,0.3995,0,246
evidence-tabular-train-00109	7	1	2	34,117,153,78,16,141,8,139,62,169,30,97,50,94,15,134,82,194,146,178,165,196,45,68,90,113,69,205,121,178,21,42,193,151,190,108	7,5,0.0295,0,221;5,0,0.4195,0,30;1,4,0.8905,0,228;5,0,0.5825,1,221;0,2,0.3105,0,150;0,4,0.6535,0,128
evidence-tabular-train-00110	6	3	1	1,43,183,34,152,21,141,111,138,93,45,99,69,68,176,112,62,196,196,10,87,178,54,130,124,150,170,148,190,17,73,92,162,117,171,31	0,0,0.2395,0,215;6,0,0.6235,0,171;5,4,0.8675,0,131;0,5,0.9085,0,187;2,5,0.0655,0,42;3,0,0.4465,0,167
evidence-tabular-train-00111	4	1	1	38,142,69,14,179,66,30,134,88,106,4,74,165,172,206,137,117,180,99,186,58,19,51,171,93,203,112,123,40,196,21,84,146,46,150,200	3,4,0.7265,0,92;5,4,0.0395,1,71;2,0,0.4195,0,231;1,2,0.1125,0,23;2,0,0.1775,0,114;2,4,0.2625,1,182
evidence-tabular-train-00112	6	1	1	205,207,212,63,150,139,190,143,3,126,178,154,109,135,99,49,115,45,68,198,146,79,31,21,69,118,93,180,86,36,40,89,19,15,211,203	2,5,0.7295,0,147;6,2,0.0995,0,94;0,5,0.8115,0,223;6,4,0.3465,0,128;2,3,0.7035,1,150;5,5,0.6045,2,64
evidence-tabular-train-00113	9	2	1	131,174,144,213,212,21,41,158,90,73,109,16,64,38,171,104,52,213,211,93,172,82,138,45,156,58,147,182,69,123,13,27,150,117,113,5	4,3,0.0625,0,248;2,4,0.2735,0,41;3,0,0.0995,0,157;0,0,0.5275,0,35;7,3,0.2775,0,34;2,1,0.5245,3,171
evidence-tabular-train-00114	10	3	2	52,132,69,15,34,92,21,85,141,16,43,189,93,122,66,138,114,148,184,6,110,105,173,197,29,117,185,58,151,78,167,204,169,211,45,215	5,5,0.0695,0,66;4,0,0.6105,0,228;3,0,0.4385,0,245;5,3,0.8735,0,112;8,4,0.4575,0,50;1,2,0.4835,0,11
evidence-tabular-train-00115	1	3	0	214,93,84,149,17,27,92,72,160,44,110,141,3,36,54,99,199,137,21,126,197,135,59,67,204,175,198,182,45,13,188,113,76,148,177,117	2,3,0.2935,0,236;2,2,0.8545,0,172;5,1,0.6655,3,242;3,2,0.9725,0,174;2,4,0.2175,0,194;5,5,0.3635,0,210
evidence-tabular-train-00116	10	2	2	151,40,140,207,144,166,5,27,78,176,110,134,83,51,173,95,147,153,196,19,177,118,124,69,67,15,60,205,34,98,207,91,21,45,199,113	4,5,0.6155,0,21;2,0,0.0585,0,16;2,2,0.7765,0,221;5,1,0.7445,2,125;1,4,0.2295,1,211;3,4,0.8805,3,107
evidence-tabular-train-00117	8	1	1	87,50,207,17,111,90,69,46,193,117,178,21,162,36,93,146,167,113,30,126,161,131,203,143,98,9,68,78,59,12,215,165,44,150,138,205	8,2,0.2025,0,120;5,2,0.9345,1,85;1,1,0.9175,0,210;5,5,0.5435,0,97;1,5,0.2885,0,31;5,1,0.5605,2,255
evidence-tabular-train-00118	6	3	1	93,129,77,5,176,159,132,152,21,141,150,42,90,193,111,112,148,45,174,66,32,17,69,83,179,208,204,99,117,213,14,39,179,63,136,49	4,4,0.2545,0,204;7,5,0.4855,0,175;0,5,0.4335,0,209;4,1,0.5235,0,31;2,5,0.0855,0,251;8,2,0.0035,0,5
evidence-tabular-train-00119	10	2	0	175,36,129,158,48,88,176,147,156,93,57,207,112,41,101,16,117,72,79,63,180,5,84,140,181,132,27,21,67,149,204,188,107,13,141,168	4,3,0.0285,0,218;2,2,0.3365,3,241;8,5,0.6475,3,136;6,2,0.1785,0,168;4,1,0.0065,0,134;8,2,0.8605,0,58
evidence-tabular-train-00120	4	1	2	141,207,199,136,151,34,109,187,69,9,93,27,114,90,122,14,43,184,19,169,86,146,68,58,100,209,175,181,52,202,117,22,77,130,48,214	8,4,0.6815,1,11;2,0,0.6715,3,188;3,0,0.8285,0,97;4,4,0.4175,0,55;3,3,0.4815,0,168;1,0,0.1365,0,5
evidence-tabular-train-00121	10	3	0	106,5,14,115,166,195,203,137,144,50,37,99,88,196,17,161,64,134,42,191,93,119,208,195,149,21,148,86,162,123,80,69,60,25,48,179	4,4,0.2615,0,60;0,3,0.5885,3,255;1,2,0.1045,0,218;7,4,0.1575,0,157;2,0,0.6835,2,35;2,4,0.2885,3,188
evidence-tabular-train-00122	2	1	0	105,186,134,11,76,20,141,137,193,28,40,90,127,37,82,51,21,146,156,108,93,48,154,210,60,69,158,117,149,182,160,66,208,4,112,154	3,1,0.9505,0,253;3,3,0.1765,3,24;2,2,0.4785,0,188;3,0,0.5765,0,42;8,2,0.1935,0,187;6,4,0.2485,0,201
evidence-tabular-train-00123	7	3	1	168,98,148,56,206,161,141,203,88,117,134,47,139,17,152,170,77,200,189,26,122,69,186,93,11,62,21,41,67,150,1,166,109,38,114,83	0,1,0.2215,0,74;1,4,0.3425,2,157;7,4,0.7975,0,228;4,1,0.0205,0,180;1,3,0.5945,0,115;1,4,0.7145,0,230
evidence-tabular-train-00124	8	2	0	188,43,147,30,131,85,61,51,69,179,169,90,192,121,114,149,74,37,17,187,21,199,45,141,197,11,117,211,106,136,208,64,94,3,191,100	2,1,0.3985,0,200;5,3,0.7385,0,145;2,3,0.1705,0,140;1,3,0.5575,1,192;3,0,0.5095,0,78;0,1,0.0715,0,186
evidence-tabular-train-00125	1	1	2	184,71,109,130,92,15,45,86,178,35,79,151,175,3,43,192,61,117,93,97,186,113,50,160,168,184,28,21,146,121,18,66,140,177,141,203	2,5,0.5575,0,52;3,1,0.7145,0,22;1,3,0.4255,2,155;6,4,0.9905,0,57;0,3,0.3545,0,173;0,0,0.8015,0,245
evidence-tabular-train-00126	9	2	0	183,135,115,45,137,49,42,141,197,21,28,207,8,72,15,147,81,188,204,149,84,18,59,96,215,128,65,202,102,37,111,193,204,89,153,118	7,5,0.5975,0,65;3,3,0.5675,0,21;0,1,0.3385,3,26;8,2,0.2505,3,10;5,5,0.7705,1,218;7,5,0.2775,0,122
evidence-tabular-train-00127	10	1	1	69,165,137,9,101,76,200,117,174,179,111,156,157,83,134,20,183,179,65,93,150,90,45,36,23,199,114,27,141,12,59,125,146,178,52,41	8,2,0.9475,2,5;2,2,0.2145,0,107;3,1,0.3885,0,178;3,1,0.5755,0,94;4,5,0.5535,0,100;4,4,0.3955,0,240
evidence-tabular-train-00128	5	3	0	36,45,156,192,169,86,176,98,68,78,5,139,200,134,57,25,19,201,93,149,23,117,110,92,41,13,60,163,160,141,127,148,215,69,114,205	4,3,0.6225,2,187;0,2,0.2675,0,45;8,2,0.9515,0,232;5,4,0.8495,0,217;1,4,0.4075,0,71;6,4,0.7445,0,83
evidence-tabular-train-00129	5	2	1	48,69,21,14,103,27,115,176,42,194,121,172,16,68,215,90,192,160,60,152,54,188,79,147,137,208,109,117,150,93,39,6,185,135,142,85	5,4,0.1415,0,201;2,5,0.4075,3,194;5,2,0.8945,0,54;6,3,0.4455,0,112;6,3,0.6595,0,213;0,5,0.2515,1,213
evidence-tabular-train-00130	10	1	2	133,207,213,68,141,187,129,60,160,104,139,46,69,167,41,3,112,191,210,55,77,86,151,146,93,197,160,35,90,32,107,22,117,206,10,16	2,0,0.1295,1,190;7,1,0.2175,1,240;6,2,0.9415,0,33;4,4,0.5115,0,192;7,1,0.0975,0,165;8,3,0.7385,0,176
evidence-tabular-train-00131	0	3	0	149,115,66,89,52,187,34,98,108,83,148,135,28,117,61,140,124,207,13,76,191,213,44,162,2,175,195,24,16,46,154,93,205,141,69,190	1,3,0.1555,3,17;3,0,0.9515,1,89;3,3,0.4115,0,61;3,1,0.2835,0,87;1,2,0.6535,0,77;3,5,0.8245,0,39
evidence-tabular-train-00132	8	1	0	113,42,118,91,71,193,149,173,83,45,194,163,63,141,171,52,6,103,187,170,76,160,146,126,210,107,65,93,203,133,37,19,12,140,25,21	5,2,0.6515,0,36;0,3,0.4495,0,166;3,5,0.2135,2,198;3,1,0.7575,0,58;6,1,0.3355,1,181;5,3,0.9405,0,249
evidence-tabular-train-00133	0	3	0	154,84,93,114,16,111,32,186,153,35,185,191,124,133,117,187,208,148,44,21,12,69,89,182,58,149,141,67,53,8,178,76,45,136,100,200	7,2,0.1625,0,12;7,1,0.8645,0,226;4,0,0.7795,0,163;3,2,0.3975,0,220;3,5,0.5285,0,51;3,3,0.1675,0,122
evidence-tabular-train-00134	1	3	1	75,27,137,39,212,109,92,13,148,163,124,211,96,131,141,70,102,199,194,1,58,45,212,22,51,84,172,200,116,64,18,163,43,120,150,212	0,3,0.5715,1,237;2,5,0.7595,0,135;2,0,0.0905,1,107;2,2,0.9945,3,203;5,3,0.8005,3,170;3,1,0.3905,0,6
evidence-tabular-train-00135	0	3	2	157,136,45,99,117,141,39,157,206,87,123,115,69,67,96,111,190,11,199,52,151,20,89,81,148,133,25,172,210,173,171,2,213,41,62,21	1,1,0.8195,0,105;0,5,0.3205,0,239;3,4,0.7405,0,28;8,5,0.2045,3,88;2,5,0.6795,0,186;2,3,0.1735,0,80
evidence-tabular-train-00136	1	3	2	21,117,151,40,186,65,130,141,89,213,148,77,201,12,69,210,55,123,99,205,184,110,137,178,184,202,47,29,115,17,36,209,59,82,7,93	6,2,0.2865,0,121;4,2,0.1715,2,133;6,1,0.3595,0,139;4,0,0.3855,0,110;2,4,0.7335,0,110;2,0,0.3465,0,86
evidence-tabular-train-00137	4	1	1	107,36,88,185,150,130,179,4,165,117,13,20,209,69,75,32,100,141,185,181,94,67,121,63,146,45,213,159,112,57,82,190,21,162,138,42	3,3,0.8005,0,229;7,2,0.5075,0,171;8,5,0.6225,0,228;2,0,0.1175,1,13;3,1,0.1175,0,91;0,0,0.4635,0,143
evidence-tabular-train-00138	7	3	0	121,8,192,115,173,117,81,140,178,13,186,93,131,158,149,16,100,215,194,143,85,208,34,182,26,45,108,24,63,43,209,88,50,148,67,69	7,3,0.1945,3,42;1,0,0.7975,0,11;1,5,0.7125,0,76;8,3,0.0855,0,52;3,2,0.7555,0,56;0,1,0.9585,2,102
evidence-tabular-train-00139	10	3	2	171,41,205,117,133,179,166,148,100,19,170,9,83,177,46,34,109,151,93,69,129,31,136,10,67,174,77,91,60,177,24,141,192,57,113,159	8,0,0.6315,3,12;6,0,0.2725,1,131;8,2,0.7335,0,237;4,1,0.6985,0,84;3,3,0.3735,0,230;8,3,0.1935,0,48
evidence-tabular-train-00140	9	0	0	1,132,106,113,21,88,156,18,11,149,58,69,182,171,35,73,104,203,44,171,158,82,57,32,197,93,126,136,67,172,45,145,117,160,178,141	0,1,0.5005,0,136;7,1,0.9175,0,18;8,0,0.6335,0,212;0,0,0.0675,0,66;7,0,0.2355,0,204;5,2,0.1445,0,229
evidence-tabular-train-00141	10	0	2	140,211,151,201,128,193,109,145,20,115,41,130,53,85,13,103,141,215,207,117,69,80,202,209,66,178,46,35,168,214,21,63,93,92,5,30	4,3,0.9865,0,56;5,1,0.2245,1,204;4,5,0.4075,0,17;7,3,0.8275,0,188;6,3,0.6715,0,141;7,0,0.9305,0,171
evidence-tabular-train-00142	6	2	2	86,160,110,169,117,41,215,5,200,115,21,93,179,68,69,183,203,97,60,28,144,162,138,127,203,15,45,54,151,39,147,90,214,73,18,133	4,5,0.4705,0,159;3,5,0.2625,0,119;5,2,0.9755,0,192;0,4,0.5365,0,109;0,4,0.7765,0,169;6,3,0.5475,3,67
evidence-tabular-train-00143	6	0	0	152,121,184,90,65,149,9,42,145,179,117,71,97,17,141,61,203,212,32,205,75,177,170,163,22,36,12,45,137,159,84,93,116,55,135,108	8,2,0.3275,1,246;7,2,0.5265,0,95;6,3,0.2335,2,1;2,2,0.4735,0,56;0,2,0.8735,0,98;0,5,0.2235,0,204
evidence-tabular-train-00144	7	1	1	30,43,187,59,175,45,103,141,114,3,153,146,140,110,93,20,150,211,21,201,15,122,38,89,49,83,178,181,135,120,66,69,195,195,169,73	2,5,0.8045,0,143;5,4,0.7345,0,164;0,1,0.5715,0,235;0,1,0.2665,0,102;6,4,0.5945,3,58;1,5,0.8705,0,216
evidence-tabular-train-00145	4	1	2	213,109,146,123,131,39,174,2,86,26,42,139,151,47,168,93,12,69,62,176,24,50,176,170,17,160,209,88,210,114,117,100,68,73,154,141	1,2,0.3545,3,137;1,5,0.4575,2,105;1,4,0.9965,0,84;0,4,0.1885,0,12;3,3,0.4145,0,83;2,1,0.7815,0,214
evidence-tabular-train-00146	10	1	1	12,20,129,55,44,34,183,141,205,93,150,135,21,105,91,69,160,180,199,168,64,84,137,114,32,5,58,74,146,212,164,117,108,45,169,186	4,2,0.8295,0,249;7,0,0.8465,0,188;6,0,0.1965,0,141;1,2,0.6915,0,162;8,2,0.5585,0,224;8,5,0.3365,0,118
evidence-tabular-train-00147	10	3	1	61,21,207,130,105,176,17,153,45,86,110,158,141,35,4,150,187,163,136,67,117,192,148,166,125,29,54,69,191,95,113,193,42,89,74,12	3,2,0.3765,0,195;4,1,0.5665,0,148;5,3,0.6225,0,136;1,4,0.2255,2,78;8,4,0.3435,0,226;4,0,0.0205,0,28
evidence-tabular-train-00148	8	3	1	166,152,102,13,29,42,150,141,148,95,88,123,115,199,69,198,165,34,109,139,21,183,175,77,16,159,85,117,66,134,59,1,56,48,205,166	0,3,0.1655,0,255;4,0,0.5515,3,202;7,1,0.4715,0,43;4,3,0.1215,2,241;5,3,0.7415,0,132;2,4,0.7355,0,82
evidence-tabular-train-00149	5	1	0	158,146,141,113,28,130,13,108,60,167,186,196,91,191,162,79,179,19,138,52,174,21,4,47,39,87,117,40,125,93,171,149,64,157,102,69	3,3,0.6385,0,219;3,5,0.0455,2,207;3,2,0.1145,0,115;6,5,0.6185,0,48;5,2,0.2465,0,62;4,0,0.5375,0,20
evidence-tabular-train-00150	1	0	0	158,149,71,145,113,37,40,82,99,205,111,93,192,117,67,45,141,7,59,209,157,20,206,91,51,130,78,170,125,139,27,14,177,168,198,21	6,4,0.9905,0,189;2,3,0.1045,0,199;2,1,0.6555,2,55;5,0,0.7005,0,112;2,5,0.2065,0,94;4,0,0.6355,0,167
evidence-tabular-train-00151	7	2	1	14,1,141,131,204,116,123,21,95,155,156,45,160,60,196,89,52,147,184,37,150,204,69,176,188,86,189,117,111,79,30,98,42,17,137,68	0,4,0.2995,0,247;5,3,0.4495,0,212;3,2,0.8555,0,219;6,4,0.3955,2,68;1,5,0.8945,0,166;2,1,0.3035,0,128
evidence-tabular-train-00152	5	2	0	85,131,113,69,59,124,14,89,168,31,73,117,65,108,3,205,140,54,21,35,181,103,141,158,17,195,172,45,42,211,193,160,93,149,147,185	2,4,0.3425,0,82;6,1,0.5825,0,145;5,1,0.2015,0,123;0,3,0.2215,0,52;6,2,0.3355,0,3;3,1,0.9475,0,29
evidence-tabular-train-00153	5	2	0	17,33,141,59,135,101,106,162,40,69,14,196,49,149,178,93,167,207,116,91,200,36,23,205,120,175,66,1,85,139,154,75,45,124,160,147	0,4,0.2165,2,230;8,2,0.1455,0,1;0,1,0.4625,0,152;2,3,0.6015,0,114;4,0,0.9585,3,79;3,5,0.7715,0,211
evidence-tabular-train-00154	1	3	1	119,148,161,11,33,156,192,64,22,150,43,134,116,57,107,152,38,6,166,95,206,141,140,123,69,84,188,45,99,74,195,168,59,88,17,177	5,1,0.3585,1,179;8,4,0.6055,0,182;8,1,0.0375,0,201;1,2,0.0485,2,217;2,1,0.8795,2,40;2,4,0.8895,0,253
evidence-tabular-train-00155	4	1	2	18,63,162,69,178,139,45,52,133,44,108,38,80,114,103,141,146,123,190,165,151,168,10,92,95,68,163,156,117,26,198,4,23,208,191,82	3,0,0.5825,2,216;1,4,0.8135,0,101;3,5,0.8085,0,199;7,0,0.8305,2,115;6,2,0.4425,0,35;2,3,0.6525,0,167
evidence-tabular-train-00156	2	1	1	170,179,84,150,121,203,164,34,76,18,177,104,141,212,130,60,47,116,3,154,106,146,211,31,41,118,11,92,69,93,206,180,21,67,140,57	2,1,0.4065,0,189;6,0,0.2475,2,154;8,2,0.6015,0,137;3,2,0.8775,0,71;7,0,0.9545,1,238;0,0,0.8555,0,143
evidence-tabular-train-00157	1	2	0	55,199,104,141,125,41,169,12,138,67,59,174,154,92,117,106,69,37,147,154,133,186,46,84,21,210,153,210,31,76,3,116,18,167,95,149	2,2,0.5905,0,39;6,3,0.3725,1,82;6,1,0.7035,0,78;3,2,0.8935,2,115;7,0,0.8935,0,157;4,3,0.5205,0,72
evidence-tabular-train-00158	1	1	2	143,162,74,82,27,109,146,114,206,123,14,39,69,172,93,21,41,89,204,198,99,54,161,68,168,137,200,58,1,45,172,133,151,117,19,166	0,4,0.7945,0,194;2,5,0.3425,0,172;5,0,0.8865,0,32;1,0,0.2015,0,183;2,3,0.5585,0,170;2,3,0.3285,2,131
evidence-tabular-train-00159	6	1	2	44,184,121,77,91,69,141,6,117,93,197,146,103,214,212,168,155,32,35,135,45,59,21,109,11,17,211,214,53,84,115,175,67,138,151,176	5,1,0.3595,0,255;7,1,0.8165,0,169;4,1,0.7745,0,61;4,2,0.6485,0,49;6,3,0.6555,0,253;0,5,0.5385,0,18
evidence-tabular-train-00160	9	1	0	171,32,139,52,205,113,90,146,45,85,197,117,187,17,143,132,39,43,160,58,99,175,199,205,93,69,21,191,127,8,149,13,78,66,214,106	7,3,0.2395,0,179;7,5,0.6755,0,71;3,0,0.5595,0,47;5,3,0.5795,0,162;2,0,0.2945,0,24;6,2,0.6635,2,171
evidence-tabular-train-00161	1	3	0	39,141,89,149,14,211,95,140,5,63,118,109,208,191,161,185,80,82,68,131,123,103,169,17,148,175,72,48,24,116,50,30,176,166,205,42	4,4,0.3045,3,124;5,5,0.5555,3,199;1,5,0.8545,3,82;7,0,0.2995,2,225;6,3,0.8895,1,131;2,1,0.8215,0,163
evidence-tabular-train-00162	5	1	0	177,51,14,215,62,97,211,149,76,82,64,24,192,45,176,136,146,90,96,173,190,143,9,111,133,18,69,31,200,174,34,117,165,112,123,44	8,4,0.4055,3,95;6,0,0.8745,0,174;2,4,0.1595,0,161;3,0,0.4255,3,118;0,5,0.1165,0,22;2,3,0.0285,2,255
evidence-tabular-train-00163	0	3	2	87,152,76,41,19,148,92,54,151,97,128,12,211,181,133,8,157,115,45,141,28,161,70,109,93,23,183,66,117,62,158,36,139,213,164,208	7,2,0.7705,2,51;3,2,0.3795,0,170;5,4,0.5615,1,208;3,5,0.9555,0,53;0,3,0.6605,0,27;7,3,0.6745,0,109
evidence-tabular-train-00164	10	2	2	6,38,134,202,27,186,151,71,124,65,144,188,154,176,147,87,57,77,93,18,177,112,117,184,60,41,138,21,92,189,11,162,107,100,180,45	5,1,0.5675,0,7;2,4,0.3685,0,8;8,2,0.2195,2,113;4,5,0.9965,0,218;3,1,0.0445,0,0;3,4,0.5275,3,141
evidence-tabular-train-00165	0	3	2	117,151,191,64,127,69,53,62,21,148,180,38,13,92,200,106,116,8,44,76,82,45,160,180,28,141,194,17,137,179,101,153,205,93,135,171	7,3,0.3135,0,219;3,4,0.9465,0,243;4,4,0.0135,0,137;3,0,0.8985,0,250;4,0,0.8495,0,38;6,5,0.3645,0,1
evidence-tabular-train-00166	5	2	2	43,180,82,192,69,111,165,30,51,156,203,90,151,147,141,171,36,93,21,140,45,117,10,65,60,203,115,75,133,213,123,7,100,177,190,18	6,0,0.4625,0,34;5,2,0.6525,0,60;2,2,0.3785,0,41;2,0,0.4585,0,70;3,5,0.6825,0,76;2,3,0.8415,0,211
evidence-tabular-train-00167	1	0	2	19,202,130,156,66,182,42,36,27,151,127,207,74,114,209,184,140,99,59,93,212,117,84,145,69,15,141,197,195,3,109,45,88,185,21,49	2,5,0.7725,0,131;2,2,0.4765,0,3;0,1,0.4305,0,25;1,2,0.0325,0,246;2,3,0.5335,0,1;6,0,0.9875,0,108
evidence-tabular-train-00168	1	3	1	72,13,127,54,135,27,109,45,212,150,162,117,64,206,21,200,140,3,143,112,153,84,148,198,191,204,93,35,102,152,18,165,58,91,44,75	2,3,0.4715,0,234;2,1,0.9025,0,139;5,0,0.0735,3,134;2,2,0.7225,0,181;5,3,0.0745,0,42;6,5,0.9655,2,30
evidence-tabular-train-00169	6	0	1	192,194,14,70,186,25,103,128,213,89,152,150,5,145,39,138,206,42,189,81,117,51,93,208,22,132,141,45,113,58,107,87,173,65,162,18	4,4,0.5865,1,199;0,5,0.5415,0,241;2,0,0.2395,1,207;8,5,0.3025,0,16;6,1,0.3715,0,191;7,2,0.4235,0,122
evidence-tabular-train-00170	9	2	2	6,43,139,151,190,79,147,50,170,207,131,114,187,154,16,102,183,118,171,141,126,45,70,67,157,211,21,39,215,111,85,12,93,90,32,58	5,2,0.1495,0,81;7,5,0.6485,0,77;1,0,0.6935,1,55;6,3,0.4755,0,112;5,5,0.5405,1,120;5,1,0.6075,0,154
evidence-tabular-train-00171	2	2	2	177,108,90,141,73,204,58,131,8,147,40,112,45,140,117,93,34,101,211,51,187,69,171,126,160,151,68,12,163,207,17,21,187,32,84,170	7,2,0.2305,0,46;7,0,0.0685,0,238;2,0,0.8055,0,208;0,2,0.4965,0,91;4,2,0.0035,0,236;5,1,0.8315,0,76
evidence-tabular-train-00172	2	2	1	204,45,165,92,99,115,140,108,210,20,174,141,57,147,11,5,152,182,131,62,150,192,179,67,85,95,69,124,36,21,117,183,157,27,43,75	4,1,0.9915,0,2;2,2,0.6545,0,52;8,4,0.6925,0,88;2,3,0.8785,2,122;2,2,0.6715,0,22;3,1,0.8585,0,179
evidence-tabular-train-00173	9	3	0	183,69,22,158,106,137,59,17,148,13,96,160,115,171,82,32,100,134,120,74,9,166,141,53,42,66,190,45,149,209,35,172,211,188,127,88	8,3,0.3855,1,148;7,1,0.5045,0,151;4,1,0.4305,0,43;1,0,0.0915,3,235;3,0,0.7985,3,115;6,4,0.3935,0,60
evidence-tabular-train-00174	1	1	2	45,5,203,40,172,81,67,21,60,151,179,100,176,206,135,26,123,106,83,69,206,14,18,201,165,138,141,115,51,146,92,93,196,37,185,117	4,4,0.4385,0,76;1,3,0.1535,0,186;2,2,0.6305,0,81;8,1,0.9905,0,137;3,0,0.6695,0,131;2,5,0.5005,0,7
evidence-tabular-train-00175	9	3	1	56,166,203,41,100,203,182,89,16,117,34,199,94,133,66,32,76,211,106,9,148,85,152,69,144,165,45,150,125,114,21,10,62,136,197,204	8,0,0.0545,0,238;7,0,0.3565,0,196;7,4,0.4835,0,157;3,3,0.2775,1,197;3,0,0.4095,0,213;4,3,0.0215,3,230
evidence-tabular-train-00176	5	2	1	150,215,67,173,39,163,130,71,138,147,208,108,21,194,171,52,93,48,122,41,85,214,117,177,59,6,16,10,90,212,32,114,102,186,79,141	5,0,0.0595,0,182;7,5,0.3375,3,62;3,1,0.7305,2,30;6,3,0.5965,0,216;5,2,0.5875,0,151;1,0,0.4475,0,239
evidence-tabular-train-00177	2	3	1	86,49,113,194,74,197,2,21,11,155,43,126,148,69,141,205,213,16,209,117,201,93,136,89,36,133,99,172,150,106,28,59,199,45,65,201	1,1,0.1115,0,167;3,2,0.7855,0,69;0,1,0.3305,0,50;1,4,0.3145,0,201;2,0,0.2885,0,214;5,3,0.1435,0,189
evidence-tabular-train-00178	7	0	1	189,197,150,172,79,211,126,45,166,145,152,89,22,66,9,114,138,170,200,161,50,26,93,69,141,61,132,42,117,15,201,20,108,103,34,82	8,5,0.8695,1,39;1,0,0.4515,0,130;1,3,0.5385,0,156;6,0,0.3625,0,62;6,2,0.5515,0,178;5,2,0.4975,0,136
evidence-tabular-train-00179	5	2	2	86,109,137,207,7,142,114,215,133,45,204,91,38,12,72,151,18,64,182,93,147,62,21,188,28,187,43,198,212,73,127,157,101,120,57,196	6,2,0.5845,0,149;3,4,0.7525,0,213;8,4,0.0285,3,66;0,4,0.6865,0,163;4,3,0.5935,3,200;6,3,0.2155,1,115
evidence-tabular-train-00180	8	3	1	109,194,82,75,27,72,66,132,57,150,102,89,39,198,140,16,159,21,121,163,45,168,114,93,117,215,215,4,141,161,40,10,148,191,60,172	3,0,0.1495,0,90;2,5,0.0525,0,158;8,2,0.4085,3,71;2,0,0.2205,0,241;5,3,0.5415,0,179;0,2,0.8915,0,57
evidence-tabular-train-00181	8	3	2	151,191,206,38,33,148,194,86,180,21,95,54,104,164,20,203,61,144,168,173,47,140,123,110,116,156,161,4,117,79,132,69,11,91,66,43	3,1,0.8635,0,50;8,4,0.6225,2,91;5,3,0.4575,0,206;6,4,0.7865,2,77;7,4,0.9845,0,99;2,2,0.8555,3,241
evidence-tabular-train-00182	6	3	0	153,157,198,9,69,170,130,30,16,142,115,149,117,65,11,53,138,214,40,188,129,190,199,77,60,111,158,21,148,93,97,163,38,90,45,85	8,1,0.1055,0,9;5,4,0.1355,0,206;4,2,0.3705,0,72;4,3,0.4935,0,93;0,5,0.7095,0,239;8,0,0.5715,1,234
evidence-tabular-train-00183	10	2	1	93,118,154,81,21,87,147,11,69,134,138,4,198,124,155,150,40,109,201,167,89,188,57,45,208,18,31,206,101,65,61,154,200,142,114,39	3,1,0.5525,0,217;6,5,0.1065,0,37;8,3,0.3485,0,232;8,5,0.3055,0,233;4,3,0.5615,1,8;3,4,0.4695,1,130
evidence-tabular-train-00184	5	1	1	85,215,132,92,98,72,146,2,178,182,16,128,21,35,50,143,112,138,150,14,189,185,172,93,154,109,44,195,25,63,117,198,79,46,67,190	1,4,0.1135,0,203;0,1,0.8555,1,52;1,5,0.6025,3,111;6,3,0.9935,0,14;1,3,0.0325,0,191;7,2,0.5775,2,253
evidence-tabular-train-00185	2	2	1	150,41,35,45,188,193,13,81,60,69,144,89,4,106,100,138,147,23,25,208,163,117,212,116,54,157,126,19,134,65,193,93,185,191,182,86	3,3,0.7475,2,58;0,1,0.3225,0,138;5,2,0.3925,0,208;8,4,0.3975,0,88;3,0,0.9585,0,176;5,4,0.5695,3,188
evidence-tabular-train-00186	2	3	2	195,171,49,93,159,64,41,164,5,13,69,131,113,19,27,138,124,180,153,102,38,74,189,62,191,213,177,141,84,151,117,45,92,148,106,23	4,3,0.7855,2,77;2,4,0.3875,0,12;0,4,0.1405,0,43;1,2,0.9865,0,242;5,0,0.2945,0,60;3,1,0.5505,0,193
evidence-tabular-train-00187	2	2	2	215,107,204,136,35,112,182,189,44,62,196,189,66,105,191,152,49,12,202,91,27,124,19,80,133,21,69,151,119,82,4,141,93,45,182,147	3,2,0.6635,0,47;2,1,0.8715,0,79;0,4,0.5255,0,37;7,0,0.7935,0,58;8,1,0.1865,2,240;3,3,0.1455,0,62
evidence-tabular-train-00188	2	1	2	72,185,117,68,132,144,55,138,34,41,81,167,108,16,98,21,206,146,27,204,204,190,151,93,3,125,62,215,91,82,208,207,15,113,157,45	2,5,0.1995,0,121;2,0,0.2325,0,224;6,4,0.9725,3,129;8,0,0.7985,0,77;1,2,0.3505,0,246;4,2,0.5145,3,231
evidence-tabular-train-00189	8	3	1	180,152,30,35,192,102,150,187,168,178,61,93,69,111,154,53,117,22,116,148,160,12,74,67,127,84,92,41,2,136,20,141,184,130,164,45	1,2,0.8845,1,0;5,1,0.2305,0,2;4,3,0.6525,0,240;1,2,0.9505,0,172;5,5,0.8015,0,184;6,0,0.1295,0,149
evidence-tabular-train-00190	1	3	1	188,50,117,150,141,31,148,199,213,139,154,15,182,44,184,17,75,170,93,84,69,164,58,116,68,101,123,21,45,88,194,109,3,35,173,130	2,5,0.3085,0,224;6,1,0.9915,0,42;1,0,0.9275,0,33;2,2,0.0105,0,77;4,3,0.8665,0,17;2,0,0.7265,0,75
evidence-tabular-train-00191	6	1	2	146,113,117,212,69,22,108,194,99,204,186,29,91,188,34,151,61,15,43,137,169,85,48,93,16,141,73,162,197,2,206,132,49,191,65,123	1,5,0.1585,1,72;4,0,0.6205,3,200;0,3,0.2205,0,169;0,3,0.6175,0,10;2,2,0.2315,0,44;2,2,0.3375,0,43
evidence-tabular-train-00192	9	2	1	11,150,96,114,186,68,136,153,135,123,90,196,191,18,191,144,37,111,117,165,205,79,43,56,194,169,6,147,104,83,21,29,69,62,213,45	5,1,0.4565,0,113;4,3,0.6045,0,66;7,4,0.8535,0,211;6,1,0.5925,3,39;7,5,0.5475,0,198;2,5,0.1045,3,99
evidence-tabular-train-00193	8	1	0	167,160,141,82,167,117,52,193,134,45,153,149,6,15,38,32,173,69,166,21,211,211,63,18,136,42,93,74,109,126,146,114,67,211,91,102	5,5,0.5065,0,75;7,4,0.4975,0,129;3,5,0.7375,0,23;1,0,0.7555,0,128;5,3,0.5215,0,246;5,4,0.1595,0,175
evidence-tabular-train-00194	9	2	2	118,171,136,25,37,202,21,11,69,205,68,151,100,16,170,147,76,131,9,175,180,92,196,45,113,82,142,109,61,158,93,42,188,123,56,182	8,1,0.0025,0,50;0,3,0.4725,0,4;7,3,0.8565,0,48;3,0,0.8835,0,182;3,3,0.3695,1,138;2,1,0.0685,1,205
evidence-tabular-train-00195	0	3	2	45,102,34,148,192,33,71,204,16,76,168,107,112,42,161,151,208,190,139,92,123,206,84,13,133,200,3,60,93,68,117,213,190,141,21,53	2,3,0.0205,0,96;8,0,0.4495,0,197;4,2,0.9575,2,222;3,2,0.8665,0,182;5,1,0.0395,0,114;2,3,0.6545,0,6
evidence-tabular-train-00196	1	2	1	25,117,141,69,130,164,63,92,68,166,86,21,147,18,79,167,150,112,175,45,99,178,139,106,175,42,15,183,124,3,37,51,93,186,214,215	2,5,0.5905,0,208;0,3,0.4285,0,186;2,5,0.9225,0,55;6,4,0.8845,0,13;2,0,0.1425,0,250;3,0,0.7235,0,56
evidence-tabular-train-00197	9	1	0	139,17,63,67,146,22,69,91,93,210,73,101,128,183,176,84,141,110,132,149,115,50,14,30,117,175,186,44,193,45,211,180,207,214,34,6	5,4,0.2785,1,39;5,0,0.9015,0,4;1,5,0.7895,0,81;0,2,0.6375,0,164;4,4,0.6535,0,94;7,2,0.7245,0,231
evidence-tabular-train-00198	1	1	1	16,146,137,15,193,39,178,210,210,150,78,66,179,117,83,141,123,208,190,43,51,204,106,33,45,176,63,153,133,115,21,4,94,69,97,91	3,5,0.1195,0,39;8,5,0.6975,0,163;2,5,0.4965,0,153;5,1,0.6375,1,36;0,0,0.7115,0,226;2,3,0.2055,0,109
evidence-tabular-train-00199	10	3	1	49,178,1,134,92,148,45,41,141,35,139,12,93,158,150,114,181,98,72,77,110,190,21,211,198,160,84,28,67,182,129,164,61,118,153,17	0,2,0.3885,0,128;3,1,0.2045,0,38;0,3,0.6555,3,112;4,2,0.8325,0,161;1,4,0.4505,1,69;8,4,0.7685,0,86
evidence-tabular-train-00200	6	0	0	99,93,92,187,128,163,163,143,34,201,112,145,13,149,191,25,215,69,82,162,45,3,64,16,61,177,21,183,44,51,118,111,185,77,138,134	2,3,0.0625,0,74;0,0,0.8755,0,72;2,3,0.0945,0,51;4,0,0.8275,0,200;2,5,0.0375,1,196;7,4,0.4095,2,216
evidence-tabular-train-00201	1	0	1	134,87,154,208,215,36,207,3,180,15,93,69,55,188,108,68,89,26,141,98,179,80,48,16,21,181,117,115,60,176,43,165,150,138,145,123	2,5,0.0655,0,162;1,2,0.6445,3,239;6,2,0.8135,0,69;7,5,0.2315,0,104;1,2,0.7925,0,202;2,4,0.5375,0,2
evidence-tabular-train-00202	10	3	1	45,39,173,138,63,49,173,181,150,96,92,69,109,141,21,169,19,183,9,115,68,212,101,79,12,214,200,43,134,117,210,148,29,83,129,188	8,2,0.7075,0,82;4,5,0.6015,0,57;0,5,0.8615,0,71;6,1,0.9575,3,206;4,3,0.6155,0,70;8,4,0.5295,0,224
evidence-tabular-train-00203	6	2	1	42,116,132,101,162,170,20,45,50,60,10,21,165,187,117,88,200,93,68,185,5,25,136,108,191,71,141,159,147,36,123,85,171,150,208,78	4,0,0.8805,0,83;0,2,0.4995,0,2;1,2,0.9135,2,125;5,3,0.1315,0,105;4,2,0.9585,0,199;2,2,0.1135,0,2
evidence-tabular-train-00204	0	3	2	136,131,69,201,182,143,151,29,88,36,76,41,125,15,3,177,114,67,106,46,21,175,191,169,166,19,82,93,156,184,117,52,153,102,148,62	2,5,0.7395,0,93;4,2,0.2345,1,89;3,4,0.6795,0,228;3,0,0.0215,0,136;5,0,0.4445,0,118;4,1,0.0415,2,164
evidence-tabular-train-00205	1	2	0	190,63,149,88,193,96,206,137,69,16,21,198,12,51,73,141,115,147,101,211,108,128,215,48,5,211,208,130,44,117,66,84,178,33,34,163	4,2,0.0215,0,25;8,0,0.8585,3,76;2,5,0.4195,0,246;0,2,0.0875,3,209;4,2,0.7975,0,210;7,0,0.2485,0,73
evidence-tabular-train-00206	9	2	0	163,163,180,132,21,141,59,190,67,39,93,215,69,206,80,90,10,7,32,51,20,166,45,206,86,40,117,112,109,193,172,149,98,122,147,136	6,0,0.8005,0,56;7,5,0.1475,0,164;2,1,0.7005,0,137;7,4,0.5605,0,71;1,3,0.1725,0,170;1,2,0.0365,0,124
evidence-tabular-train-00207	5	2	2	155,23,170,80,171,84,195,144,45,147,62,132,15,71,100,92,16,110,28,153,117,4,204,188,140,191,55,210,151,93,37,68,125,40,170,115	3,5,0.1205,2,123;3,3,0.1905,0,121;6,4,0.8995,2,131;7,2,0.8315,0,171;3,4,0.7065,0,140;4,2,0.9335,3,201
evidence-tabular-train-00208	6	2	1	137,160,13,184,147,175,131,47,203,28,77,41,93,122,141,178,150,110,53,24,185,4,190,64,36,70,85,61,88,117,116,185,185,20,97,207	3,3,0.8445,3,190;3,2,0.3385,2,117;4,3,0.1445,1,130;4,3,0.0515,0,84;0,4,0.8435,0,212;1,1,0.3665,0,90
evidence-tabular-train-00209	10	3	0	174,93,20,27,130,190,149,115,160,44,203,206,141,60,65,105,197,70,45,136,21,158,123,89,10,110,83,5,117,35,77,49,175,148,189,162	4,0,0.9075,0,120;2,1,0.9775,0,236;0,2,0.3385,1,204;4,1,0.3205,0,138;8,4,0.7695,0,205;2,0,0.0025,0,99
evidence-tabular-train-00210	9	3	0	212,65,119,92,98,28,134,45,21,14,148,42,56,155,128,8,140,69,167,195,112,183,176,149,63,211,142,210,82,181,106,35,19,182,75,93	7,4,0.6055,0,242;3,1,0.4045,0,9;7,5,0.2865,0,153;2,0,0.9665,0,157;1,0,0.0715,2,210;7,4,0.9295,1,150
evidence-tabular-train-00211	7	3	0	109,93,68,201,149,28,187,158,57,141,90,83,60,203,135,215,120,175,22,14,45,122,19,37,182,69,172,3,76,192,148,215,101,40,114,139	2,4,0.6835,1,40;3,3,0.1055,0,172;8,2,0.9885,0,61;3,1,0.4825,0,89;4,3,0.5845,3,169;1,5,0.7905,0,153
evidence-tabular-train-00212	5	2	0	24,136,60,131,38,15,69,141,155,204,106,28,114,193,160,100,8,53,40,87,76,123,149,16,48,209,166,181,93,168,65,162,147,118,163,92	7,5,0.1235,3,196;3,4,0.1865,3,190;4,2,0.2965,0,179;3,5,0.9865,0,248;3,0,0.5945,1,216;2,1,0.0435,0,107
evidence-tabular-train-00213	5	2	0	61,149,18,210,54,101,147,122,138,200,153,117,87,141,135,194,166,76,206,65,108,93,112,45,5,14,215,37,69,195,40,210,195,21,29,90	4,4,0.4645,0,152;4,3,0.1665,0,67;5,3,0.3065,0,28;3,5,0.4675,0,229;4,2,0.1205,0,100;1,5,0.5555,0,191
evidence-tabular-train-00214	1	0	1	82,162,33,45,178,90,117,79,108,121,69,195,184,214,137,39,170,194,150,177,145,105,57,21,17,14,205,133,67,3,113,58,40,177,141,93	2,4,0.3815,0,178;8,5,0.0985,0,113;8,0,0.6965,0,132;6,0,0.5455,0,95;8,2,0.2395,0,230;0,3,0.2105,0,213
evidence-tabular-train-00215	10	1	2	151,177,136,81,191,184,22,44,211,68,128,13,212,158,119,134,141,212,106,208,45,212,7,16,57,166,63,85,146,33,101,91,69,93,35,114	6,3,0.0545,1,115;8,1,0.8035,0,201;8,5,0.9465,0,211;8,3,0.7115,0,108;4,0,0.4535,2,76;7,4,0.1445,0,186
evidence-tabular-train-00216	4	1	1	168,44,93,106,182,16,99,69,21,32,135,203,117,202,161,60,180,173,74,159,49,88,141,65,36,124,140,159,83,45,113,146,15,150,171,4	3,5,0.1695,0,194;7,2,0.9265,0,159;0,2,0.2655,0,191;1,1,0.0375,0,135;2,0,0.3045,0,211;3,5,0.9645,0,29
evidence-tabular-train-00217	6	3	1	172,69,117,182,18,25,7,207,214,21,66,137,162,123,135,88,143,191,45,186,150,97,84,148,37,76,12,180,49,42,112,93,174,60,155,108	6,2,0.4725,0,3;0,3,0.4835,0,228;0,2,0.5355,0,17;3,2,0.1025,0,157;0,2,0.1515,0,223;2,5,0.2865,2,42
evidence-tabular-train-00218	6	0	1	176,87,121,117,93,38,167,31,88,75,163,179,64,21,17,201,72,140,40,57,175,98,132,45,150,154,114,173,141,189,107,145,214,10,6,59	5,0,0.3745,0,149;6,4,0.0325,0,21;8,1,0.0665,3,226;2,5,0.0775,0,38;1,1,0.5965,0,195;0,2,0.8335,0,211
evidence-tabular-train-00219	4	1	1	36,50,141,12,200,44,91,106,85,205,28,21,93,193,183,158,197,3,99,166,178,139,68,132,146,45,117,17,76,72,128,116,194,62,185,150	2,2,0.3645,0,33;3,2,0.9935,0,44;1,4,0.9355,3,105;3,3,0.7485,0,214;2,0,0.8905,0,81;7,2,0.7705,0,41
evidence-tabular-train-00220	1	2	2	95,80,147,141,99,208,67,204,137,191,188,121,186,210,113,15,214,183,7,69,91,110,45,54,39,42,27,87,62,151,134,21,19,117,197,167	6,5,0.6245,0,196;2,5,0.4865,0,36;5,4,0.6465,0,5;7,5,0.6275,2,60;2,4,0.3065,0,185;0,4,0.3165,0,16
evidence-tabular-train-00221	0	3	0	181,95,7,148,141,34,162,117,138,164,134,26,43,100,56,156,164,110,149,196,199,17,60,156,123,69,86,90,45,79,115,11,68,21,201,198	6,1,0.3255,0,154;1,0,0.7385,0,206;7,2,0.9365,0,159;6,4,0.4165,2,167;3,4,0.7835,0,14;2,4,0.4445,0,7
evidence-tabular-train-00222	9	2	2	21,37,112,26,195,141,161,193,69,52,99,8,130,168,117,18,164,172,43,45,209,188,192,13,87,151,93,147,138,89,111,75,153,128,63,65	7,3,0.5315,0,33;1,3,0.6145,0,17;3,5,0.3775,0,200;2,5,0.3785,0,231;2,5,0.1045,0,208;7,0,0.4855,0,35
evidence-tabular-train-00223	5	0	0	117,89,133,69,58,16,108,167,114,31,141,66,173,122,149,170,42,80,175,98,187,21,11,3,136,163,145,93,45,183,38,155,50,82,198,184	2,1,0.0485,0,44;6,4,0.5155,0,49;1,0,0.4425,0,72;7,0,0.2105,0,199;1,2,0.5755,0,55;1,3,0.0905,0,36
evidence-tabular-train-00224	8	0	0	157,62,78,90,162,145,3,43,85,24,141,55,39,215,121,160,182,157,130,136,197,11,48,97,20,202,119,192,149,27,93,69,212,109,112,64	2,1,0.9825,3,61;2,5,0.7025,3,88;6,4,0.0845,0,198;5,3,0.5015,0,10;0,3,0.0755,2,245;0,0,0.1535,0,248
evidence-tabular-train-00225	2	3	1	108,188,31,86,185,76,207,176,19,148,164,121,136,34,8,175,184,58,93,69,112,10,21,49,185,41,214,88,66,45,171,150,105,132,141,117	7,0,0.6945,0,66;6,0,0.2075,0,160;0,0,0.4865,0,99;3,4,0.1455,0,174;8,2,0.0895,0,144;0,2,0.1795,0,205
evidence-tabular-train-00226	5	2	0	147,196,52,95,68,175,78,45,35,82,108,163,149,16,100,25,178,116,192,69,40,204,137,130,157,117,198,124,7,62,141,89,23,164,12,200	6,2,0.1065,2,205;0,1,0.1755,0,181;3,4,0.8805,0,246;5,0,0.2285,2,66;3,2,0.9315,0,238;3,0,0.2665,0,29
evidence-tabular-train-00227	1	2	0	21,44,154,149,75,93,173,123,67,14,117,187,186,19,63,147,152,5,132,28,45,181,39,155,136,142,99,152,89,188,83,69,161,111,51,114	4,4,0.7635,0,141;3,5,0.9325,0,111;2,5,0.6975,0,111;2,1,0.2125,0,204;2,5,0.4255,0,251;2,2,0.0795,1,84
evidence-tabular-train-00228	2	3	2	123,11,113,106,70,41,3,36,177,59,100,151,51,191,20,83,143,158,195,117,65,29,89,148,21,93,187,167,138,74,168,45,196,178,189,133	2,1,0.9225,0,187;4,2,0.2215,0,81;2,1,0.2515,1,137;1,1,0.3675,0,171;3,0,0.2595,0,51;2,3,0.4465,2,42
evidence-tabular-train-00229	2	2	1	21,210,141,147,110,204,38,163,168,82,155,126,175,181,117,81,17,25,113,90,135,158,203,9,158,45,49,69,136,150,59,68,93,100,11,40	8,1,0.3885,0,191;0,4,0.1705,0,203;0,1,0.8705,0,4;8,0,0.5655,0,236;3,4,0.3905,0,239;5,5,0.0145,0,168
evidence-tabular-train-00230	6	3	0	89,39,115,157,117,182,43,106,167,164,141,47,11,139,176,209,133,8,93,149,17,121,69,21,148,213,102,49,31,76,156,155,65,175,59,84	7,1,0.2585,0,180;6,5,0.7695,2,154;0,1,0.3005,0,64;3,2,0.2915,0,90;5,0,0.6985,0,201;0,3,0.6505,0,166
evidence-tabular-train-00231	5	2	1	199,213,84,124,69,141,4,197,52,137,21,92,179,25,166,45,74,35,12,95,107,180,66,62,208,162,102,133,40,213,117,113,17,168,150,147	3,2,0.2375,0,186;0,1,0.0195,0,167;3,4,0.4135,0,81;1,2,0.9315,2,89;5,1,0.3005,0,96;3,3,0.3535,0,41
evidence-tabular-train-00232	10	1	0	158,81,21,136,146,99,70,67,19,118,195,107,207,173,30,84,93,114,197,129,92,141,42,39,149,206,180,155,9,62,52,47,133,154,173,15	8,5,0.7495,0,31;5,5,0.4545,2,75;3,4,0.7815,1,247;8,2,0.8435,0,32;2,1,0.5955,1,22;8,3,0.0515,0,94
evidence-tabular-train-00233	8	0	2	22,160,58,111,98,85,78,117,181,92,41,192,140,93,192,151,17,179,201,64,14,131,27,3,152,145,37,55,143,45,69,113,201,203,156,123	2,4,0.2135,1,214;2,3,0.2245,0,159;6,0,0.1205,0,11;5,3,0.8635,0,244;1,5,0.2415,0,209;2,1,0.8175,2,192
evidence-tabular-train-00234	4	1	2	110,168,211,20,156,194,34,112,141,151,45,122,117,146,52,163,21,185,33,99,68,88,93,61,157,210,191,137,41,11,1,206,69,76,133,87	0,1,0.9815,0,50;8,0,0.2215,0,243;3,3,0.9405,0,158;3,5,0.1085,0,87;2,4,0.0895,0,18;1,3,0.2425,0,248
evidence-tabular-train-00235	5	2	0	77,52,69,119,21,27,210,197,36,212,203,183,66,112,45,129,99,177,138,149,93,6,141,178,153,82,62,41,19,147,89,190,134,110,13,207	5,3,0.6355,0,9;2,2,0.3845,0,127;3,4,0.4345,0,229;4,0,0.2045,0,193;2,4,0.0555,2,23;8,4,0.5105,0,219
evidence-tabular-train-00236	1	3	2	91,182,114,93,151,83,108,124,186,69,99,184,30,76,207,62,166,132,202,117,12,67,165,5,152,136,21,38,174,45,55,148,141,215,17,41	4,2,0.2545,0,186;5,4,0.2285,0,242;6,4,0.7625,0,187;3,1,0.6775,0,47;2,2,0.4085,0,255;3,2,0.1235,0,240
evidence-tabular-train-00237	4	1	2	146,86,176,44,114,17,26,154,111,21,61,199,69,151,141,187,118,195,48,52,6,209,88,104,158,12,174,137,131,93,68,127,38,179,81,214	5,2,0.2465,0,86;1,4,0.9895,3,58;3,3,0.9035,0,218;8,4,0.0075,0,75;7,5,0.4045,1,40;6,1,0.3565,0,209
evidence-tabular-train-00238	0	3	1	66,121,131,169,117,102,69,209,137,51,169,79,159,45,210,148,20,43,35,172,60,21,92,108,4,112,202,164,209,141,93,87,28,150,15,173	3,5,0.9425,0,209;3,1,0.7135,0,187;2,2,0.5855,0,131;6,5,0.9535,0,240;5,2,0.0675,0,12;0,1,0.3275,0,26
evidence-tabular-train-00239	5	3	1	142,134,140,154,117,188,29,55,46,125,150,86,43,192,105,63,77,91,148,18,199,201,39,201,174,69,21,173,96,178,11,181,64,113,107,7	6,1,0.4355,0,189;4,5,0.7975,1,95;6,5,0.1425,0,59;4,4,0.7465,3,128;8,1,0.2725,0,139;4,4,0.9735,1,93
evidence-tabular-train-00240	6	3	1	190,190,15,109,73,90,177,124,21,69,19,93,9,133,116,25,183,188,100,39,198,53,62,152,67,84,150,136,176,141,206,152,148,42,117,45	8,5,0.6445,0,129;0,5,0.5145,0,147;4,4,0.7875,0,9;0,2,0.4575,0,105;3,3,0.9705,0,106;3,3,0.1845,0,92
evidence-tabular-train-00241	9	1	2	168,194,86,164,134,110,81,151,18,146,193,37,127,160,165,197,45,144,88,117,164,137,43,68,63,28,69,98,21,175,15,56,192,1,114,93	0,5,0.5845,0,50;3,3,0.7695,0,164;7,5,0.8145,0,56;8,4,0.0865,0,181;1,4,0.5285,0,226;6,4,0.3935,3,226
evidence-tabular-train-00242	1	1	1	155,136,69,66,109,13,207,163,93,174,215,52,47,187,133,212,91,150,28,215,213,146,35,173,117,102,75,23,2,19,44,115,85,58,141,123	1,3,0.7345,2,231;3,1,0.9245,2,120;3,0,0.4095,0,83;2,3,0.6975,0,100;5,3,0.6545,0,109;2,3,0.1305,0,165
evidence-tabular-train-00243	6	2	2	134,112,22,152,69,65,13,185,100,58,174,74,109,205,147,162,36,40,93,121,52,198,199,117,25,18,140,45,203,88,164,151,85,205,141,6	5,3,0.5855,1,98;0,2,0.1185,0,109;3,0,0.2835,0,250;1,3,0.1595,0,57;3,3,0.0745,0,252;0,4,0.8755,0,39
evidence-tabular-train-00244	1	2	1	19,147,113,138,200,15,45,117,162,65,93,85,60,79,132,90,3,153,35,107,165,28,177,186,123,40,150,69,164,201,200,21,141,55,198,100	2,5,0.6635,0,55;3,1,0.0255,0,143;6,2,0.3545,0,81;6,3,0.4945,0,212;3,1,0.2525,0,51;2,2,0.4595,0,219
evidence-tabular-train-00245	1	1	1	40,150,214,6,58,54,172,99,11,158,114,172,128,35,69,140,75,29,117,107,146,87,46,66,21,214,141,160,131,18,160,183,158,93,153,89	5,1,0.4765,0,25;4,1,0.0055,1,55;5,0,0.5615,0,255;2,5,0.3805,0,203;2,1,0.5145,0,140;7,1,0.8305,0,38
evidence-tabular-train-00246	10	2	1	13,18,138,92,62,86,183,172,64,147,134,112,125,153,99,21,29,69,45,190,169,119,108,185,173,211,215,167,5,141,38,150,94,77,50,42	4,3,0.5825,0,53;4,4,0.4725,0,249;1,4,0.1355,0,76;4,4,0.9455,1,111;2,2,0.0875,2,104;4,4,0.5745,0,161
evidence-tabular-train-00247	4	1	2	136,69,182,128,117,213,85,60,65,215,184,52,100,213,192,181,93,33,115,10,151,38,189,17,181,92,107,45,146,23,144,211,76,133,5,40	4,0,0.3545,2,251;8,4,0.0005,0,91;3,2,0.3425,0,101;3,3,0.8385,0,209;3,1,0.6125,0,188;7,3,0.1835,3,46
evidence-tabular-train-00248	1	0	0	206,163,43,2,145,89,71,136,191,86,144,149,74,158,215,57,153,26,116,196,67,185,45,127,21,93,197,99,110,62,35,117,185,130,18,11	1,1,0.5985,0,15;1,1,0.7625,0,200;8,4,0.6375,2,101;1,4,0.2815,0,201;2,4,0.8305,0,164;6,0,0.1845,3,65
evidence-tabular-train-00249	5	2	0	112,11,69,182,52,141,130,147,209,82,187,90,94,177,190,45,21,106,3,68,117,19,28,213,149,201,62,167,125,195,36,43,137,76,179,99	2,1,0.6445,0,21;3,2,0.6725,0,183;3,4,0.9925,0,60;3,0,0.4695,1,62;2,0,0.1505,0,182;4,0,0.3485,0,97
evidence-tabular-train-00250	2	3	0	82,138,108,173,113,149,69,182,159,17,64,22,204,90,190,76,63,124,44,118,25,153,171,5,101,148,15,141,35,205,199,93,163,131,45,49	4,5,0.3355,1,65;0,1,0.9015,0,206;0,5,0.0735,0,253;3,0,0.4485,0,146;4,2,0.2975,1,39;3,1,0.5445,0,137
evidence-tabular-train-00251	2	1	0	141,179,115,180,65,52,180,146,74,169,184,87,12,214,180,117,21,162,47,121,89,153,42,149,20,99,160,72,107,140,95,134,30,4,58,34	3,2,0.9865,0,235;5,0,0.5655,2,170;3,0,0.2025,3,76;1,5,0.2705,2,119;2,1,0.7165,0,141;0,4,0.9265,0,24
evidence-tabular-train-00252	9	1	2	146,168,141,48,179,88,64,40,18,21,63,117,32,163,86,137,113,78,187,151,197,104,110,152,52,167,159,69,2,93,12,194,36,121,157,130	1,2,0.4265,0,28;7,2,0.0145,3,178;3,5,0.1925,0,150;5,4,0.1225,0,39;7,4,0.2965,0,65;0,0,0.2015,0,86
evidence-tabular-train-00253	10	3	2	95,167,165,92,26,191,65,80,43,171,114,38,49,139,105,157,148,189,117,195,176,3,10,125,135,45,21,165,63,69,108,16,141,210,84,151	2,0,0.1225,0,84;1,4,0.7635,0,83;0,5,0.3715,0,13;7,2,0.9375,2,220;8,2,0.4895,0,229;4,5,0.7745,0,188
evidence-tabular-train-00254	2	2	1	21,205,50,212,36,117,44,210,205,140,163,125,142,93,205,206,20,77,69,28,4,106,89,58,11,178,64,150,112,147,178,131,84,199,45,97	3,1,0.9365,0,151;3,2,0.8165,0,232;1,0,0.0235,0,191;4,2,0.2845,0,214;0,0,0.0315,0,3;4,1,0.8405,1,150
evidence-tabular-train-00255	1	3	2	55,161,84,32,183,117,107,65,136,90,141,132,104,40,163,204,7,75,19,23,173,148,157,151,125,69,115,174,11,162,45,62,199,38,93,157	6,1,0.6215,2,163;7,4,0.1205,0,174;6,4,0.2115,0,252;2,2,0.5715,0,255;7,1,0.7435,0,203;4,2,0.0595,0,121
evidence-tabular-train-00256	0	3	1	72,91,148,117,194,60,191,21,12,75,200,66,202,124,112,93,178,101,45,165,141,41,83,2,150,34,164,140,134,178,18,55,27,170,107,206	1,2,0.4905,0,74;2,0,0.2725,0,90;6,2,0.4755,3,240;2,1,0.6425,0,40;4,1,0.1895,0,48;3,4,0.9865,0,230
evidence-tabular-train-00257	10	2	2	50,106,21,172,191,125,30,141,116,82,17,202,164,197,135,37,103,182,181,67,43,10,147,165,181,93,151,58,203,69,140,91,80,48,1,117	0,0,0.2305,0,192;5,3,0.7225,3,77;1,0,0.7505,0,73;7,0,0.6995,0,144;6,0,0.8085,0,69;4,5,0.8405,0,242
evidence-tabular-train-00258	2	2	0	61,211,83,53,141,111,185,149,4,100,21,65,93,147,81,43,11,28,132,172,197,185,179,205,202,213,38,163,113,69,117,18,126,90,45,139	3,1,0.5085,0,153;3,4,0.7795,0,210;4,3,0.3625,0,211;8,1,0.5045,0,214;3,5,0.2245,0,57;5,2,0.6865,0,165
evidence-tabular-train-00259	10	2	2	66,104,87,53,184,142,91,21,58,117,113,196,36,4,93,133,188,45,25,111,140,176,167,215,12,182,69,44,124,188,151,77,17,147,186,183	3,2,0.2425,0,209;0,2,0.9235,0,223;4,0,0.4485,0,169;4,5,0.7265,0,176;7,5,0.3605,0,28;3,3,0.9595,1,241
evidence-tabular-train-00260	1	3	2	109,174,193,45,69,86,159,35,21,191,116,131,68,91,197,94,165,186,173,58,151,117,203,129,78,26,53,137,180,3,14,41,148,19,141,99	2,4,0.6145,0,56;1,1,0.2715,0,122;4,0,0.8765,0,5;5,4,0.7595,1,116;2,3,0.8785,0,159;8,1,0.3405,0,211
evidence-tabular-train-00261	5	2	2	135,210,140,113,141,151,175,91,27,37,51,207,194,185,93,65,207,16,176,109,214,173,45,127,4,101,84,78,21,117,171,147,60,69,13,41	3,3,0.1165,0,246;2,3,0.2075,0,246;2,2,0.2565,0,127;5,2,0.7305,0,161;4,3,0.3105,0,79;6,5,0.9425,0,215
evidence-tabular-train-00262	6	2	2	134,147,93,210,84,211,53,17,69,63,68,4,115,210,212,212,89,137,109,180,117,45,171,24,38,97,25,183,44,215,11,151,81,159,141,125	3,1,0.3275,3,139;0,4,0.8535,0,4;4,5,0.9555,0,239;8,2,0.3255,0,214;0,3,0.6975,0,54;4,4,0.3585,0,249
evidence-tabular-train-00263	8	2	1	136,114,26,38,117,102,83,174,52,155,147,163,166,21,11,42,17,150,125,189,75,133,156,141,93,155,69,66,206,91,109,4,58,46,212,177	3,1,0.2505,0,218;1,4,0.4815,1,13;3,0,0.5495,0,116;2,1,0.6565,0,67;5,3,0.4095,0,90;4,3,0.1555,0,163
evidence-tabular-train-00264	5	2	0	86,149,40,91,204,106,45,93,153,112,136,64,21,152,201,147,117,69,202,17,131,31,11,157,158,58,100,126,213,51,184,9,143,169,37,76	8,1,0.2565,0,150;6,3,0.1985,0,195;2,0,0.0445,0,112;3,4,0.6235,0,127;3,0,0.1995,0,14;5,1,0.0795,2,174
evidence-tabular-train-00265	2	2	2	49,123,89,151,19,62,32,185,165,141,158,214,207,45,12,65,116,42,132,117,93,83,106,35,159,76,3,101,22,163,155,209,140,147,69,181	2,2,0.7595,1,118;7,1,0.4125,0,221;0,4,0.2725,0,51;3,1,0.3005,0,128;4,0,0.9265,0,20;2,2,0.8445,0,161
evidence-tabular-train-00266	9	2	1	54,116,169,211,11,21,82,117,127,45,211,130,27,41,157,89,60,171,150,172,66,93,81,37,109,186,155,147,141,138,19,157,69,2,199,104	1,1,0.7685,0,183;2,3,0.3975,0,227;5,2,0.5865,0,22;8,0,0.3785,0,135;7,3,0.8615,0,72;6,0,0.5815,0,7
evidence-tabular-train-00267	10	2	2	73,21,109,159,203,51,16,27,11,211,132,117,129,93,141,41,157,69,114,174,159,191,151,46,62,159,147,83,8,138,101,89,194,67,38,175	7,1,0.1575,0,161;2,4,0.2065,1,62;2,4,0.6715,0,164;0,1,0.3915,0,105;4,3,0.5325,0,249;8,2,0.5315,0,82
evidence-tabular-train-00268	7	1	2	115,132,48,94,87,69,169,62,56,146,21,161,111,140,17,122,152,119,65,6,141,188,41,11,166,152,196,204,27,98,203,77,151,88,37,152	5,1,0.2485,0,105;2,3,0.2315,3,192;7,4,0.2125,0,202;4,5,0.1455,1,44;1,5,0.6135,2,90;1,2,0.9105,0,13
evidence-tabular-train-00269	1	3	1	140,193,34,169,142,130,109,75,170,66,188,82,62,113,150,157,117,89,192,148,93,104,187,51,211,28,69,213,45,21,43,122,14,179,5,16	4,4,0.1795,0,91;3,0,0.6245,0,47;2,4,0.4895,0,182;2,0,0.3885,0,149;7,3,0.2675,0,189;1,0,0.8475,1,59
evidence-tabular-train-00270	9	3	0	127,149,206,111,21,211,174,141,159,45,117,181,69,56,4,60,212,148,215,11,77,93,115,92,33,140,166,18,38,183,104,209,64,86,40,132	3,1,0.4445,0,126;8,4,0.0625,0,253;7,2,0.1615,0,12;4,4,0.9995,0,132;7,5,0.6845,0,122;6,2,0.9795,0,64
evidence-tabular-train-00271	6	3	0	133,152,200,69,109,198,35,76,16,42,188,205,149,10,58,113,9,24,138,141,67,148,191,45,156,84,93,51,187,90,25,194,121,117,97,170	8,0,0.0965,3,7;0,1,0.4365,0,159;2,0,0.7705,0,109;3,2,0.4155,0,100;0,3,0.3235,0,143;0,3,0.4005,0,111
evidence-tabular-train-00272	10	2	1	169,39,173,60,116,147,138,188,183,214,96,142,68,45,179,123,107,42,17,29,6,197,117,135,150,84,99,21,197,14,69,53,91,171,185,80	5,4,0.3905,0,104;4,5,0.5735,0,150;4,2,0.8895,0,176;7,2,0.7755,3,82;2,1,0.8495,0,43;2,5,0.4515,1,82
evidence-tabular-train-00273	10	0	0	193,92,123,131,18,107,145,27,62,117,195,57,95,23,45,177,40,149,159,140,211,69,80,103,35,68,184,113,13,175,3,144,173,182,86,184	2,3,0.4285,2,53;2,1,0.0485,0,169;8,4,0.8495,0,253;7,4,0.8185,2,238;6,1,0.2055,0,196;2,1,0.8665,3,54
evidence-tabular-train-00274	1	2	0	75,84,98,149,205,192,61,136,14,190,66,69,164,45,147,28,3,17,91,51,153,176,209,174,160,123,185,133,44,21,36,144,117,93,111,114	2,4,0.2625,0,20;3,2,0.8625,0,132;2,3,0.5785,0,43;2,2,0.7275,0,76;1,5,0.4365,0,66;2,3,0.1455,3,188
evidence-tabular-train-00275	4	1	2	139,84,52,180,104,146,193,187,157,66,41,112,189,79,158,185,45,88,14,93,130,126,3,109,28,199,69,62,144,21,192,117,19,171,151,35	2,4,0.7965,0,192;3,1,0.3135,0,103;3,4,0.4575,0,189;6,2,0.1465,0,75;7,3,0.0825,0,90;5,0,0.6545,3,148
evidence-tabular-train-00276	2	3	2	68,207,178,112,45,76,179,123,69,95,136,43,183,21,207,17,134,28,118,58,183,1,151,157,90,148,105,35,191,207,142,12,109,51,82,175	0,2,0.2975,0,198;3,1,0.7445,0,255;2,0,0.9525,0,148;3,0,0.5625,2,73;8,3,0.1675,1,17;2,4,0.0905,1,129
evidence-tabular-train-00277	5	2	2	28,214,197,89,100,151,123,178,153,66,21,117,69,166,44,45,189,83,63,20,186,13,93,133,4,162,51,114,187,175,78,141,39,106,147,136	3,3,0.8125,0,158;3,5,0.9775,0,91;2,5,0.4955,0,235;5,1,0.2845,0,86;3,0,0.5245,0,250;2,3,0.0005,0,118
evidence-tabular-train-00278	8	1	1	187,13,60,128,187,92,41,208,113,45,119,141,176,165,21,78,146,204,94,150,138,104,69,176,166,37,180,68,108,30,52,134,154,18,84,6	5,3,0.4345,0,81;5,3,0.2955,0,238;3,2,0.9395,0,226;5,2,0.8515,1,153;7,2,0.2895,2,121;7,4,0.5195,0,177
evidence-tabular-train-00279	0	3	1	153,3,194,191,174,201,41,51,150,76,190,118,67,90,69,11,19,26,131,45,137,87,159,195,106,127,141,155,99,114,93,154,61,21,148,35	2,1,0.7845,0,104;1,1,0.3545,0,38;2,3,0.7505,0,103;3,5,0.4855,0,27;2,0,0.4365,1,185;6,1,0.2475,0,141
evidence-tabular-train-00280	1	0	1	137,145,141,45,119,69,93,98,64,111,166,150,209,206,35,153,162,80,91,83,179,25,12,112,160,43,134,56,3,123,190,62,18,158,196,21	2,2,0.4295,0,85;0,1,0.6925,0,252;7,4,0.0295,0,80;7,1,0.7095,0,129;1,5,0.0225,2,43;2,4,0.3655,0,176
evidence-tabular-train-00281	9	0	0	166,69,188,188,65,110,123,50,90,116,79,154,102,117,44,197,176,186,32,45,87,137,96,141,19,12,5,189,187,21,62,149,34,169,145,132	4,2,0.6295,0,46;7,0,0.9885,0,97;1,4,0.3335,0,88;6,5,0.4705,3,54;5,4,0.8015,0,108;2,2,0.2465,0,127
evidence-tabular-train-00282	10	1	2	126,12,207,29,135,69,45,187,117,174,107,67,21,115,173,43,86,53,100,166,146,59,16,93,151,155,75,4,169,142,89,162,140,192,37,164	3,2,0.0885,0,248;4,3,0.7495,0,198;4,1,0.6445,0,10;2,4,0.3695,0,82;3,1,0.6195,0,56;5,5,0.8205,1,82
evidence-tabular-train-00283	6	1	1	121,75,150,10,120,177,91,130,41,3,62,141,64,45,188,21,211,161,140,186,84,115,170,165,146,163,198,34,25,100,107,16,69,52,95,168	2,0,0.1095,0,211;0,0,0.2995,0,246;3,4,0.1215,0,166;2,2,0.6945,2,106;3,1,0.6285,3,73;0,0,0.9875,0,183
evidence-tabular-train-00284	0	3	0	69,198,67,137,109,148,128,14,181,93,207,99,182,92,59,117,24,82,132,40,207,197,32,113,8,45,78,17,149,38,180,182,172,176,141,52	7,4,0.2815,3,67;7,4,0.0255,0,62;3,1,0.7615,0,43;5,0,0.8475,0,181;2,3,0.3335,0,114;7,2,0.3215,0,197
evidence-tabular-train-00285	9	2	2	211,114,75,3,61,36,42,171,88,32,178,53,141,128,99,111,93,16,177,147,10,167,87,209,67,21,139,163,45,69,117,151,203,156,134,177	2,0,0.0665,0,4;7,2,0.5695,0,5;4,3,0.7315,0,166;2,5,0.0505,0,31;2,5,0.5815,0,119;7,4,0.6135,0,181
evidence-tabular-train-00286	5	2	2	52,136,111,200,93,147,193,166,45,42,75,28,199,160,141,39,130,61,17,85,174,92,199,125,113,151,100,117,186,69,21,207,13,4,203,65	3,3,0.2345,0,200;3,5,0.4825,0,206;3,3,0.2765,0,192;2,3,0.9915,0,223;3,5,0.3975,0,16;4,0,0.0675,0,111
evidence-tabular-train-00287	1	2	1	35,42,208,136,202,150,93,183,194,147,130,21,69,121,18,92,86,31,47,200,153,49,99,207,152,117,3,116,10,78,208,63,66,182,141,111	2,0,0.5055,0,47;6,1,0.4085,2,162;0,5,0.5435,0,199;5,4,0.8785,0,99;2,5,0.8115,0,199;0,0,0.1795,0,156
evidence-tabular-train-00288	0	3	0	179,63,9,123,120,149,35,185,15,138,142,93,76,114,198,187,57,133,45,110,201,18,181,101,87,148,178,70,26,21,187,42,92,173,201,64	8,5,0.5815,0,28;1,1,0.5435,0,28;8,5,0.1285,1,206;3,5,0.8675,0,105;4,4,0.5115,3,63;2,3,0.5535,1,42
evidence-tabular-train-00289	1	1	0	16,75,35,57,196,27,114,42,134,6,143,138,117,192,91,165,149,193,45,67,146,197,87,93,124,180,208,201,99,111,21,14,209,60,206,69	5,4,0.0525,0,150;2,1,0.5025,0,33;8,2,0.6285,0,210;2,5,0.7265,0,5;2,5,0.4315,0,227;3,4,0.4425,2,42
evidence-tabular-train-00290	4	1	0	128,84,175,60,159,52,177,191,4,146,139,21,28,203,149,99,116,109,43,14,69,95,170,17,119,173,133,64,74,187,38,172,180,142,90,47	3,4,0.3095,0,42;3,4,0.6835,2,197;3,2,0.1045,0,220;1,2,0.5425,2,119;2,3,0.9735,2,203;7,3,0.6295,1,175
evidence-tabular-train-00291	5	2	2	107,141,196,168,14,176,21,132,75,36,116,165,94,147,69,82,57,124,155,43,151,186,92,140,155,117,19,213,163,32,45,100,64,58,3,188	2,4,0.7965,0,46;7,2,0.7145,0,202;8,0,0.1015,0,13;2,0,0.9445,1,72;3,1,0.9335,0,248;3,2,0.9565,0,235
evidence-tabular-train-00292	1	2	2	116,4,130,94,90,51,21,191,97,169,81,16,117,69,44,141,65,27,45,175,106,195,34,156,59,127,147,137,84,184,10,167,151,189,168,168	3,0,0.0955,0,146;2,0,0.8675,0,126;2,1,0.2635,0,113;8,2,0.4255,1,7;0,0,0.9165,0,209;6,0,0.3665,0,36
evidence-tabular-train-00293	5	1	2	188,11,21,106,49,69,118,146,59,184,166,190,181,43,47,172,35,7,92,20,104,129,151,186,131,162,207,141,136,153,93,79,114,82,29,67	6,1,0.8565,0,141;4,1,0.7715,2,88;0,1,0.6215,0,123;6,0,0.9935,0,24;7,0,0.5715,1,155;8,1,0.1515,0,104
evidence-tabular-train-00294	10	0	2	55,138,58,86,151,189,20,157,45,117,211,66,145,205,21,133,42,141,14,106,80,98,93,29,213,167,195,39,70,91,182,161,5,128,209,113	4,4,0.9815,0,233;4,5,0.4155,0,150;6,0,0.5015,1,119;7,4,0.6895,0,229;1,0,0.2835,0,94;7,3,0.5925,0,251
evidence-tabular-train-00295	10	3	0	133,190,176,149,69,185,112,4,99,125,74,45,209,92,205,86,215,117,38,62,190,172,203,148,190,66,21,140,93,141,111,17,30,14,54,41	3,4,0.2955,0,59;5,4,0.2205,0,213;5,4,0.5335,0,180;1,4,0.8755,0,10;2,5,0.0885,0,14;4,3,0.8945,0,216
evidence-tabular-train-00296	2	1	0	154,171,112,5,177,159,158,177,194,206,86,17,132,69,45,146,93,136,12,64,182,63,117,110,21,88,161,99,141,52,35,28,75,44,149,121	4,2,0.2325,0,10;3,1,0.9915,0,89;3,5,0.0275,0,81;2,4,0.0665,0,12;2,4,0.1375,0,76;0,2,0.1405,0,44
evidence-tabular-train-00297	2	2	1	171,17,90,83,21,184,2,214,46,141,67,124,60,203,117,12,30,81,139,211,158,37,147,206,131,52,93,158,190,150,201,97,112,69,41,110	1,2,0.2875,0,41;5,3,0.3395,1,234;3,2,0.7325,0,226;8,1,0.5305,0,168;0,4,0.1875,0,31;3,1,0.6805,0,24
evidence-tabular-train-00298	5	2	2	43,202,45,87,65,93,31,173,79,131,147,213,12,69,196,124,166,141,21,107,174,35,103,205,4,117,60,152,90,115,138,184,151,16,49,167	3,2,0.0745,0,196;6,1,0.6945,0,240;0,2,0.3195,0,139;6,5,0.4435,0,2;6,1,0.6615,0,205;3,1,0.5165,0,48
evidence-tabular-train-00299	5	2	1	171,28,117,13,58,169,174,164,93,113,147,155,9,194,78,84,183,110,124,139,51,36,163,141,162,48,21,18,64,172,69,88,100,150,134,41	8,3,0.5905,0,175;3,2,0.2935,3,46;2,0,0.0075,0,127;5,2,0.0115,0,230;3,4,0.2525,0,156;3,4,0.6795,0,206
evidence-tabular-train-00300	6	3	0	101,69,62,85,17,8,149,199,190,67,178,206,153,133,141,148,158,199,158,114,12,31,117,88,47,204,39,52,44,93,21,139,187,111,76,121	7,2,0.2365,0,174;6,5,0.8885,2,145;3,4,0.6615,0,110;3,3,0.1955,0,220;4,5,0.4865,0,146;0,3,0.7235,0,39
evidence-tabular-train-00301	1	2	2	112,110,71,134,177,181,55,78,189,3,207,63,65,38,147,45,141,169,161,151,33,12,20,93,189,123,167,21,40,101,171,140,86,117,92,157	2,2,0.8695,0,22;8,4,0.1725,0,247;6,5,0.2645,2,107;5,4,0.8695,0,145;4,4,0.0685,0,184;2,4,0.9325,0,43
evidence-tabular-train-00302	2	3	0	30,123,214,44,36,137,79,15,117,86,24,215,67,141,101,170,132,197,190,154,177,148,93,52,114,88,106,47,149,18,171,194,69,7,59,208	6,5,0.5125,3,150;5,2,0.9795,2,104;3,1,0.7325,0,144;6,4,0.1975,0,102;4,0,0.4595,0,140;2,2,0.2495,0,189
evidence-tabular-train-00303	1	1	0	119,91,137,130,184,203,21,146,197,115,18,65,58,42,155,104,160,15,80,45,164,51,31,86,213,141,69,93,159,3,149,36,196,166,109,127	2,5,0.4825,0,116;6,2,0.4565,0,146;2,0,0.2655,0,153;7,4,0.6895,0,138;7,3,0.7955,2,198;6,0,0.3825,0,180
evidence-tabular-train-00304	4	1	2	201,160,114,75,136,69,126,130,206,100,141,33,4,151,51,119,62,21,166,184,45,67,146,43,93,14,82,90,187,206,17,36,108,173,169,156	3,4,0.3035,0,116;8,2,0.7615,0,211;2,4,0.6835,0,188;2,0,0.4445,0,100;3,2,0.4275,2,149;5,0,0.0865,0,197
evidence-tabular-train-00305	7	3	2	116,51,68,87,148,166,207,136,34,44,156,18,141,71,124,93,78,158,117,204,174,154,28,156,132,154,210,111,5,10,98,21,62,88,45,151	4,0,0.4765,0,12;3,0,0.9215,0,32;2,4,0.8405,2,239;5,5,0.1435,0,255;1,5,0.8775,0,125;3,2,0.1005,0,244
evidence-tabular-train-00306	0	3	1	171,69,37,86,4,94,117,192,52,211,92,148,65,30,45,150,158,163,187,157,116,108,100,131,75,58,207,139,213,121,10,157,18,21,143,44	3,0,0.5235,0,190;5,3,0.9065,0,142;3,0,0.3775,0,98;2,4,0.8375,1,211;3,2,0.8855,0,189;0,1,0.7535,2,169
evidence-tabular-train-00307	6	2	0	104,120,178,176,18,135,34,167,174,141,109,12,62,156,72,121,213,40,1,112,30,156,82,67,24,149,207,140,80,46,147,95,173,191,88,57	0,2,0.4295,3,67;5,0,0.1325,1,28;8,4,0.7265,3,60;7,0,0.0765,2,32;7,3,0.1205,3,85;0,5,0.8065,0,193
evidence-tabular-train-00308	10	2	1	189,66,91,178,4,147,150,138,126,120,132,199,35,102,93,178,158,40,143,184,20,63,72,77,197,173,169,198,52,13,22,87,47,116,108,25	3,3,0.9745,1,4;0,1,0.0665,2,112;3,5,0.4185,3,96;4,5,0.6255,0,33;5,2,0.9815,3,253;5,2,0.5495,2,21
evidence-tabular-train-00309	10	3	2	45,7,21,69,66,33,75,174,106,133,148,157,103,14,117,161,151,140,211,91,85,93,195,42,129,17,115,141,171,36,52,61,174,214,155,198	6,4,0.3535,0,251;8,2,0.4765,0,39;3,3,0.4015,0,35;2,3,0.7705,0,19;6,0,0.6185,0,133;8,3,0.9505,0,29
evidence-tabular-train-00310	9	3	1	112,196,128,45,57,107,117,169,87,181,27,71,135,175,192,21,34,138,3,210,164,95,66,40,80,195,169,19,99,92,12,60,148,190,141,150	2,2,0.7635,0,132;2,0,0.0305,0,39;8,2,0.5685,2,232;7,5,0.8385,2,150;2,1,0.1335,0,169;7,5,0.4215,0,99
evidence-tabular-train-00311	5	2	1	113,82,74,108,201,10,127,158,93,45,183,19,1,51,141,181,91,150,22,97,206,164,117,67,207,213,25,44,69,133,211,138,35,62,147,152	0,0,0.6315,1,219;0,1,0.9795,0,39;2,4,0.7025,0,89;1,0,0.7765,0,69;0,2,0.3615,0,114;6,3,0.4845,0,33
evidence-tabular-train-00312	1	3	0	178,28,21,123,156,35,58,49,7,131,45,18,148,149,194,159,75,115,164,180,175,203,43,92,185,110,10,120,140,67,192,70,86,93,141,103	6,0,0.4335,0,149;3,1,0.6195,0,59;0,0,0.7155,1,98;2,4,0.8425,0,98;6,4,0.7105,3,106;2,1,0.8865,0,206
evidence-tabular-train-00313	10	2	2	181,11,45,93,99,141,211,44,36,29,187,21,155,131,156,139,107,83,158,3,62,206,57,183,193,19,147,69,114,151,65,121,120,79,167,92	2,1,0.7585,0,221;4,2,0.9365,0,214;8,4,0.3515,0,139;6,1,0.9725,0,28;2,1,0.4135,3,213;0,1,0.7745,0,182
evidence-tabular-train-00314	10	3	2	128,194,141,69,18,212,52,45,94,113,89,189,205,117,101,166,192,131,164,64,140,60,3,148,151,111,79,199,31,85,179,164,21,40,36,11	2,1,0.4185,0,171;6,2,0.0985,0,114;3,2,0.0985,0,40;6,3,0.3405,1,242;4,5,0.2425,0,157;7,1,0.8275,0,33
evidence-tabular-train-00315	10	0	1	182,21,14,48,198,93,144,40,173,145,114,61,165,82,92,154,210,126,69,211,75,167,29,18,139,185,36,57,117,99,109,68,196,5,130,150	4,4,0.5565,0,167;4,2,0.0235,3,127;8,3,0.9885,0,187;2,0,0.9885,0,39;2,3,0.4025,0,113;5,0,0.7655,3,126
evidence-tabular-train-00316	1	1	0	60,214,21,181,164,56,129,141,4,116,210,72,197,187,42,196,14,118,81,104,136,68,84,16,93,149,134,45,27,35,146,89,212,108,183,156	3,4,0.1705,0,229;2,1,0.5315,0,174;7,2,0.8635,3,56;8,2,0.2105,0,14;7,2,0.9565,1,38;8,4,0.0365,0,93
evidence-tabular-train-00317	1	0	2	98,55,173,6,113,84,11,123,208,141,214,182,194,88,93,196,190,40,17,79,45,21,174,151,117,145,200,32,60,139,109,71,68,132,34,188	5,1,0.2395,0,107;7,0,0.1455,0,25;6,2,0.8435,2,61;6,2,0.1315,0,232;1,3,0.3695,0,10;2,2,0.7215,0,155
evidence-tabular-train-00318	1	3	0	81,171,207,175,110,10,200,88,23,70,58,120,115,140,93,84,149,167,123,45,36,135,104,201,172,141,64,148,7,196,31,51,44,166,159,17	6,0,0.3695,2,222;6,2,0.9885,0,10;2,0,0.1065,1,149;8,2,0.1095,0,33;7,4,0.6955,3,217;2,5,0.9935,0,20
evidence-tabular-train-00319	1	1	0	94,118,4,140,16,158,42,100,27,58,91,191,168,149,170,45,196,21,51,73,65,157,87,141,123,69,208,37,134,146,11,207,111,168,182,115	3,1,0.0225,0,50;2,3,0.4785,0,248;2,0,0.2225,0,26;0,5,0.6635,1,98;3,5,0.7875,1,132;2,4,0.8255,0,118
evidence-tabular-train-00320	5	3	0	168,115,83,138,58,110,162,65,207,45,153,172,51,32,121,12,196,92,174,69,103,93,155,213,141,117,79,149,148,156,41,132,21,9,37,20	8,2,0.8315,0,211;7,3,0.3215,0,144;2,0,0.2345,0,219;6,1,0.8215,0,227;6,4,0.7605,0,41;0,2,0.5545,0,152
evidence-tabular-train-00321	1	3	2	100,85,58,189,57,42,68,69,184,3,74,19,48,39,171,110,134,93,112,175,141,162,148,182,15,28,157,123,118,21,193,159,92,189,137,151	2,5,0.6435,0,154;3,5,0.4765,3,42;8,0,0.9505,0,101;1,3,0.9965,0,205;3,4,0.1005,1,239;2,4,0.2385,0,84
evidence-tabular-train-00322	9	2	2	78,27,189,174,18,117,153,193,128,138,65,103,180,141,188,23,174,151,70,51,34,115,42,62,6,187,106,211,10,90,215,147,134,93,45,83	5,0,0.4015,2,84;2,0,0.4645,0,254;2,4,0.2235,1,252;5,1,0.4875,0,208;6,0,0.7115,0,196;7,4,0.5415,0,194
evidence-tabular-train-00323	9	2	0	163,45,137,171,147,98,39,69,117,85,181,40,149,59,107,17,8,54,168,65,92,164,130,155,12,157,204,21,176,126,155,116,28,81,141,94	7,2,0.3715,0,237;3,5,0.1795,0,246;5,1,0.3195,0,71;8,3,0.9765,1,74;1,1,0.8915,0,138;5,0,0.2515,0,108
evidence-tabular-train-00324	0	3	0	9,28,149,50,58,185,187,155,116,93,184,148,187,109,45,20,184,78,34,122,203,210,131,43,117,140,100,141,90,21,67,207,210,69,13,82	8,3,0.8145,0,151;3,0,0.7815,0,226;1,0,0.7335,0,67;5,0,0.5565,0,42;3,3,0.9665,0,159;1,1,0.8935,0,49
evidence-tabular-train-00325	9	3	0	90,152,161,68,185,118,188,38,93,51,153,128,116,60,165,161,139,9,178,165,83,21,148,73,44,149,14,168,71,30,17,97,133,141,106,45	8,4,0.3965,0,251;5,4,0.9675,0,13;2,2,0.8765,2,18;0,1,0.5425,0,153;0,0,0.8765,1,185;7,3,0.6485,0,82
evidence-tabular-train-00326	1	0	1	206,192,10,145,150,117,21,205,32,93,42,106,57,160,169,87,158,59,208,69,36,135,105,183,144,154,136,127,75,64,2,45,90,17,112,200	1,0,0.3155,0,204;7,2,0.4875,0,128;8,1,0.0675,0,107;2,5,0.4115,0,164;8,0,0.0525,0,183;6,5,0.0925,3,162
evidence-tabular-train-00327	4	1	0	149,90,69,39,141,192,204,62,21,2,87,47,146,174,93,196,138,171,43,66,76,189,191,57,119,128,104,192,159,134,115,17,108,161,31,15	1,5,0.2895,0,187;6,5,0.7575,2,3;8,4,0.4575,0,110;3,5,0.4565,0,183;7,2,0.7655,2,167;7,4,0.4945,0,146
evidence-tabular-train-00328	8	3	0	78,114,11,30,60,195,179,164,93,193,53,92,172,140,69,126,43,45,141,132,18,67,185,206,108,177,173,21,86,99,117,148,1,36,149,206	0,1,0.4105,0,166;5,2,0.7605,0,39;4,2,0.7725,0,205;5,4,0.9115,0,118;2,2,0.5005,0,238;5,2,0.8715,0,249
evidence-tabular-train-00329	9	3	0	181,173,104,114,148,183,44,91,106,16,188,181,206,34,60,93,141,70,117,6,207,136,189,84,73,123,66,45,132,55,21,182,32,192,149,15	5,5,0.0595,0,172;7,0,0.9265,0,38;6,2,0.5995,1,98;0,2,0.6385,0,168;7,0,0.5485,0,69;2,2,0.1465,0,191
evidence-tabular-train-00330	8	2	0	125,19,174,67,149,192,141,41,163,6,107,205,75,69,102,204,33,136,21,45,34,147,117,93,195,58,202,15,49,184,92,132,82,173,116,205	5,5,0.7615,0,179;8,0,0.3915,0,39;0,0,0.7465,0,47;2,0,0.8635,0,41;5,1,0.8735,0,68;4,2,0.1115,0,212
evidence-tabular-train-00331	6	3	1	63,209,10,18,34,42,192,45,128,93,85,136,162,4,141,168,212,150,118,55,212,148,90,21,106,67,31,163,73,71,105,115,155,135,166,175	3,0,0.5105,0,239;6,0,0.4095,0,81;6,5,0.7975,2,79;0,3,0.4735,0,230;8,0,0.7185,1,209;7,5,0.0965,0,221
evidence-tabular-train-00332	5	2	1	183,117,60,191,200,65,150,183,76,85,51,137,172,189,185,91,13,44,157,100,27,93,135,110,23,69,45,147,3,185,37,125,112,141,17,177	2,3,0.2925,2,23;2,3,0.9685,0,54;2,2,0.3885,0,165;3,3,0.7295,0,3;3,4,0.1505,0,212;4,5,0.3935,0,8
evidence-tabular-train-00333	9	3	0	195,141,88,45,149,110,191,117,20,113,137,189,166,100,44,148,21,132,178,14,188,37,167,67,32,129,178,205,191,93,70,61,74,3,83,49	2,4,0.8425,0,181;7,3,0.9285,0,35;0,3,0.7215,1,198;1,1,0.1925,0,159;3,4,0.3235,0,135;8,2,0.2985,0,228
evidence-tabular-train-00334	4	1	1	70,138,21,82,65,98,106,188,196,132,173,182,146,63,51,12,141,114,3,91,129,39,188,154,182,45,80,150,28,205,42,20,117,95,186,178	2,2,0.8685,0,156;3,5,0.5735,0,44;2,5,0.3215,1,151;7,0,0.6405,2,20;1,0,0.5895,0,131;8,2,0.5625,0,89
evidence-tabular-train-00335	5	3	2	191,109,114,81,199,158,38,21,189,117,71,44,86,134,211,136,127,186,12,162,93,50,60,91,201,177,17,151,6,141,25,46,66,103,200,148	5,2,0.2565,0,72;0,4,0.8295,1,56;1,2,0.4425,2,104;8,4,0.6355,0,71;6,3,0.4905,0,87;6,4,0.0195,0,172
evidence-tabular-train-00336	10	1	2	79,146,124,187,188,114,186,203,100,208,40,136,117,151,27,53,45,16,194,39,191,21,6,95,62,211,67,10,160,91,130,108,195,69,141,85	5,0,0.1865,0,43;2,5,0.0185,0,238;4,4,0.7805,0,94;6,3,0.6105,2,182;3,2,0.5285,0,153;3,0,0.0545,0,72
evidence-tabular-train-00337	2	1	1	107,63,211,93,78,156,150,159,28,3,116,117,84,132,172,199,45,141,55,176,172,139,193,38,10,66,69,104,184,44,146,92,21,125,18,179	2,0,0.5235,0,171;3,4,0.9265,0,197;6,5,0.5145,0,253;5,2,0.9055,0,16;7,1,0.8655,0,170;4,2,0.7135,0,163
evidence-tabular-train-00338	8	2	2	50,126,147,96,204,117,210,157,178,141,9,21,173,151,76,68,60,109,185,102,19,196,134,156,140,88,190,69,40,189,82,13,36,45,115,33	8,3,0.6225,0,134;8,2,0.1505,0,17;1,2,0.9205,0,138;3,0,0.1715,3,47;5,3,0.7335,0,100;5,4,0.9935,0,229
evidence-tabular-train-00339	9	3	1	158,212,69,52,184,42,3,150,60,64,21,90,141,126,148,111,167,212,215,47,165,14,115,93,29,117,165,174,104,75,136,135,82,19,35,185	2,4,0.7895,0,121;4,1,0.4625,2,188;3,2,0.0395,0,99;2,0,0.4495,0,248;7,5,0.6265,0,6;5,5,0.1865,0,145
evidence-tabular-train-00340	4	1	0	134,209,174,46,87,214,118,70,93,168,140,149,14,181,36,210,8,201,90,81,116,19,107,67,124,61,28,169,146,171,41,53,162,99,21,141	7,4,0.7095,0,210;3,2,0.3385,1,152;4,3,0.6545,1,145;8,5,0.4385,0,233;2,1,0.9975,1,35;3,4,0.8355,0,167
evidence-tabular-train-00341	2	3	1	140,127,4,202,86,142,154,134,99,150,195,154,69,173,67,77,153,119,52,108,59,198,116,88,45,213,22,34,41,148,93,191,18,14,181,26	3,4,0.5815,1,156;1,0,0.2265,0,41;3,1,0.6775,0,124;4,4,0.0935,0,187;2,2,0.8985,2,8;6,4,0.9745,1,5
evidence-tabular-train-00342	8	3	2	194,39,151,126,116,197,184,23,81,152,1,52,97,141,64,93,159,117,207,204,58,16,148,111,131,30,207,179,12,83,44,140,92,167,45,69	0,2,0.0555,2,234;5,5,0.9055,0,94;3,0,0.0415,0,215;8,1,0.9575,0,90;0,5,0.9295,0,176;5,1,0.9275,0,9
evidence-tabular-train-00343	1	3	0	107,53,183,94,182,59,35,19,117,184,158,42,74,157,137,3,149,116,148,209,45,67,191,141,105,29,123,21,200,85,15,156,69,89,132,158	2,5,0.6005,0,172;4,1,0.4325,0,62;4,1,0.7205,0,38;1,3,0.2585,1,23;8,1,0.8775,0,247;2,2,0.2915,0,245
evidence-tabular-train-00344	1	3	0	208,200,69,166,51,182,61,115,27,45,14,197,141,149,38,44,1,210,148,82,166,136,181,99,120,123,16,88,108,77,93,208,134,21,210,65	0,4,0.0515,0,58;2,4,0.8445,0,90;2,3,0.3985,0,110;4,0,0.1215,0,191;2,2,0.7125,3,111;2,4,0.0545,0,146
evidence-tabular-train-00345	10	1	2	192,14,157,136,165,171,112,87,183,65,198,2,37,98,44,45,58,106,77,141,168,126,117,160,50,166,146,93,71,21,17,135,180,32,92,151	1,4,0.2495,0,242;7,3,0.8225,0,75;1,0,0.3555,2,243;4,5,0.9065,0,3;1,0,0.1645,0,15;5,5,0.1825,0,236
evidence-tabular-train-00346	6	2	2	113,3,121,212,133,93,30,210,142,37,81,151,69,45,105,168,158,212,196,62,181,90,147,19,119,41,108,82,11,183,49,136,198,21,67,188	2,1,0.7285,0,192;5,3,0.2815,0,239;0,4,0.6115,0,105;8,0,0.5385,0,203;8,2,0.2425,2,202;0,3,0.0205,1,207
evidence-tabular-train-00347	7	3	1	88,197,26,78,108,132,138,87,117,49,148,150,93,141,121,16,166,15,6,177,154,199,98,200,66,182,45,114,43,190,69,181,198,60,21,36	5,5,0.1555,0,0;1,2,0.6615,0,115;0,2,0.5015,0,156;5,5,0.1275,0,137;1,2,0.4725,0,189;0,2,0.5165,0,105
evidence-tabular-train-00348	10	1	2	21,93,11,174,73,151,188,20,158,132,48,197,71,55,146,164,5,117,126,175,105,68,82,162,27,210,191,63,39,161,137,40,90,108,115,141	4,1,0.8415,0,83;2,5,0.1085,3,206;6,5,0.8255,2,251;0,0,0.5745,0,0;8,2,0.6055,0,60;5,2,0.3255,0,142
evidence-tabular-train-00349	4	1	1	160,93,189,198,208,92,73,146,170,58,43,3,206,20,137,38,116,52,21,141,150,100,69,45,197,13,133,197,27,185,190,64,110,86,124,117	2,3,0.9255,0,62;2,4,0.6045,0,42;3,0,0.0665,0,65;0,4,0.9955,0,88;3,4,0.8445,0,8;3,3,0.2105,0,38
evidence-tabular-train-00350	2	1	1	77,152,27,210,195,93,116,18,44,51,146,141,174,71,131,152,117,140,215,13,90,61,150,21,167,34,100,108,8,65,204,124,86,45,207,160	7,3,0.5415,0,118;2,0,0.9355,0,36;2,3,0.2485,2,22;4,4,0.5865,0,180;3,2,0.9185,0,152;3,1,0.9155,0,174
evidence-tabular-train-00351	1	2	0	149,104,141,69,42,155,20,139,131,206,5,37,21,91,124,109,176,93,117,185,45,147,61,152,201,211,114,65,27,75,164,156,202,85,14,56	4,4,0.9695,0,63;2,3,0.4455,0,130;7,3,0.2585,0,179;2,3,0.6895,0,51;7,3,0.4635,0,138;3,1,0.6905,0,17
evidence-tabular-train-00352	1	1	1	9,59,92,202,95,146,108,18,99,203,178,45,117,156,177,27,188,128,39,143,135,136,43,21,178,75,150,55,191,155,84,113,65,196,11,69	8,1,0.4305,0,215;2,5,0.6895,0,56;6,1,0.3365,0,219;2,2,0.8075,2,25;2,2,0.2535,0,77;7,5,0.0925,2,229
evidence-tabular-train-00353	6	2	0	107,207,38,198,52,58,69,18,116,174,177,105,149,5,25,117,210,198,65,208,127,137,157,142,93,147,152,21,45,87,88,78,11,190,42,132	4,1,0.5895,0,97;0,4,0.5095,0,109;3,0,0.3045,0,13;5,5,0.1225,0,55;8,1,0.8585,0,28;6,2,0.2745,1,252
evidence-tabular-train-00354	6	1	2	30,153,51,20,45,139,209,168,197,37,68,59,85,72,110,170,194,14,1,151,112,88,43,156,129,141,73,146,21,93,199,189,131,99,154,117	0,4,0.8115,0,119;5,3,0.6765,0,61;2,1,0.9745,3,29;0,3,0.0985,0,124;2,4,0.1245,0,127;8,1,0.6165,0,101
evidence-tabular-train-00355	4	1	1	45,69,21,2,51,43,60,117,91,185,15,64,141,111,185,197,195,189,122,114,76,28,138,16,146,150,200,101,181,93,84,167,155,197,39,133	1,5,0.1905,0,99;3,5,0.7905,0,80;2,2,0.1325,0,44;3,2,0.7165,0,203;4,5,0.4865,0,147;1,3,0.5585,0,37
evidence-tabular-train-00356	10	2	2	21,141,25,151,18,84,147,35,139,45,75,135,197,100,9,205,94,69,12,197,117,209,110,153,153,209,53,112,44,152,186,191,66,62,124,91	8,2,0.4835,0,36;0,1,0.9435,0,69;4,4,0.4615,0,205;2,2,0.7925,1,3;3,4,0.0485,0,55;3,5,0.6455,0,189
evidence-tabular-train-00357	0	3	0	162,18,27,152,183,117,148,36,141,51,103,168,179,149,41,212,21,124,93,133,70,190,160,138,88,191,75,45,106,15,86,7,59,159,65,112	6,5,0.5035,0,224;2,2,0.2115,0,6;2,1,0.3105,1,34;2,4,0.0405,0,251;6,0,0.1495,0,180;3,3,0.5375,0,70
evidence-tabular-train-00358	2	1	1	204,18,117,141,215,83,159,124,67,146,193,174,11,150,21,52,140,169,39,43,179,158,99,167,113,212,96,89,132,30,107,78,3,45,59,72	2,1,0.4885,0,53;5,5,0.7945,0,27;3,1,0.7675,3,235;5,1,0.2085,3,164;2,1,0.2855,0,118;3,2,0.8575,0,184
evidence-tabular-train-00359	5	2	0	22,172,43,84,125,117,58,53,75,93,168,91,31,110,171,3,205,212,174,161,168,64,71,10,147,137,133,149,161,152,16,141,34,116,100,46	2,0,0.1745,1,160;6,0,0.6255,1,189;4,0,0.0895,2,125;2,2,0.6485,0,88;3,4,0.8565,0,49;4,3,0.3985,0,171
evidence-tabular-train-00360	2	2	0	88,172,173,21,215,213,117,204,65,149,45,114,32,131,210,43,165,69,63,52,123,20,107,1,165,81,104,34,186,93,141,12,83,147,137,159	0,2,0.8335,0,247;7,0,0.7415,0,64;3,5,0.2435,0,206;8,1,0.0605,0,110;7,1,0.5795,0,252;2,1,0.3355,0,42
evidence-tabular-train-00361	5	2	1	156,86,34,200,103,147,74,141,69,28,93,214,124,110,23,196,18,45,131,66,115,91,191,156,40,13,178,183,150,63,117,158,3,52,195,138	2,3,0.4745,2,131;3,0,0.0425,0,191;3,5,0.4935,0,98;1,4,0.6125,0,48;6,4,0.7445,0,9;3,1,0.4045,0,221
evidence-tabular-train-00362	5	2	0	21,88,205,149,75,10,141,121,64,212,175,214,158,51,188,44,38,154,120,134,138,61,3,103,45,19,147,165,83,154,69,31,96,115,193,110	2,0,0.7755,0,136;6,4,0.8855,0,84;2,3,0.0175,0,254;2,1,0.0905,3,139;6,4,0.7035,3,8;0,4,0.5645,0,212
evidence-tabular-train-00363	2	1	1	21,93,10,87,144,44,197,69,150,18,133,146,170,124,174,101,50,167,74,192,157,88,183,137,118,60,182,45,35,4,66,110,190,28,160,115	3,0,0.5595,0,216;3,1,0.8505,0,189;1,2,0.5665,0,232;1,5,0.0095,0,226;4,4,0.6245,1,124;3,3,0.2575,3,75
evidence-tabular-train-00364	6	1	2	10,64,9,38,50,196,112,121,152,77,40,90,93,176,58,151,16,21,181,138,187,174,184,108,100,170,31,205,84,141,117,146,171,69,45,131	8,0,0.1015,0,180;6,4,0.1495,0,234;1,0,0.0825,0,40;4,2,0.4295,0,39;3,2,0.0115,0,147;0,1,0.4465,0,193
evidence-tabular-train-00365	10	3	2	81,131,119,97,109,201,21,12,69,18,199,68,63,155,195,151,185,42,141,169,27,86,45,208,137,166,93,201,57,165,148,36,125,8,90,114	7,2,0.5555,0,3;2,2,0.5395,0,147;8,5,0.9445,0,62;8,4,0.4035,0,35;0,3,0.5855,2,238;4,1,0.2875,0,32
evidence-tabular-train-00366	6	3	2	34,74,198,111,164,121,166,65,115,17,212,95,52,69,42,117,151,134,58,32,4,205,148,97,178,191,90,84,12,21,140,163,154,45,141,156	3,2,0.2555,0,138;7,0,0.4545,0,31;3,0,0.2855,0,70;1,2,0.4045,2,251;0,5,0.7325,0,47;0,4,0.8335,0,246
evidence-tabular-train-00367	8	1	2	54,110,113,161,4,21,41,69,11,202,79,83,144,124,151,188,146,130,205,37,117,137,45,92,93,18,190,104,203,177,159,192,202,63,65,26	3,1,0.5985,0,165;1,3,0.3875,0,157;5,5,0.2455,0,208;6,1,0.9675,0,86;7,4,0.2665,0,60;3,0,0.2855,3,220
evidence-tabular-train-00368	8	3	2	190,158,64,78,133,189,17,37,201,44,117,28,21,93,12,151,109,148,52,102,115,4,205,138,62,128,141,89,175,45,197,168,85,69,211,169	3,2,0.2565,0,25;3,3,0.8845,0,186;3,4,0.0745,0,171;5,3,0.2725,0,226;5,3,0.7345,0,155;7,3,0.4455,0,161
evidence-tabular-train-00369	6	3	0	133,141,195,199,202,209,1,37,191,107,10,193,92,122,64,45,69,21,204,118,44,196,149,61,76,148,210,105,138,25,93,51,86,18,114,158	0,0,0.4005,0,73;0,3,0.8235,0,82;2,3,0.0855,0,85;3,4,0.9645,0,53;8,1,0.5375,1,255;1,3,0.5445,0,236
evidence-tabular-train-00370	7	0	0	141,74,35,48,63,113,121,191,145,96,166,153,16,166,21,105,198,15,69,118,138,87,8,31,88,149,50,208,190,68,155,107,43,194,133,169	7,5,0.1745,0,171;6,1,0.7905,3,78;1,5,0.9035,0,216;1,5,0.0435,3,85;8,1,0.2655,1,161;0,3,0.4315,0,29
evidence-tabular-train-00371	10	2	2	132,117,141,86,155,152,109,38,166,179,147,93,155,45,115,91,193,44,137,98,21,52,17,204,121,151,201,189,30,63,81,166,71,67,7,14	6,4,0.2105,0,218;5,4,0.8245,0,1;3,5,0.6045,2,236;8,4,0.6555,0,168;1,3,0.7695,0,12;0,2,0.3465,0,202
evidence-tabular-train-00372	1	2	2	119,188,147,56,110,140,205,178,10,193,22,36,3,89,85,42,64,33,103,186,160,141,45,62,94,151,19,135,123,160,161,77,113,72,210,215	2,0,0.6855,1,218;8,2,0.5095,0,94;7,4,0.1595,3,226;4,3,0.2935,1,144;6,4,0.2965,2,70;2,5,0.9605,0,110
evidence-tabular-train-00373	8	3	1	184,76,41,36,130,162,54,136,190,21,161,99,69,200,85,46,201,93,61,150,14,148,68,141,207,116,88,7,123,107,29,117,17,197,154,159	6,4,0.3425,0,69;4,2,0.2325,1,204;5,3,0.9605,0,25;3,3,0.1925,0,234;2,1,0.8155,0,55;2,0,0.0305,0,194
evidence-tabular-train-00374	5	2	0	174,202,69,22,211,138,36,191,177,45,62,134,198,26,121,104,149,76,41,183,114,107,154,87,14,92,52,141,3,147,17,169,117,93,68,165	2,4,0.3165,1,71;1,2,0.2105,0,200;3,4,0.9905,0,203;3,5,0.8975,0,194;7,1,0.5115,0,38;0,4,0.5145,0,82
evidence-tabular-train-00375	9	1	0	114,99,200,11,46,146,126,175,162,209,204,57,28,8,80,106,44,141,68,69,161,202,152,21,134,119,90,19,179,185,85,58,138,93,39,149	7,1,0.6135,0,13;3,5,0.9495,1,48;8,0,0.8505,0,200;7,3,0.5035,0,202;2,0,0.4125,2,244;5,4,0.4115,0,84
evidence-tabular-train-00376	1	3	0	65,160,180,206,21,5,90,97,149,129,82,77,193,117,59,176,16,45,69,93,159,165,156,178,41,141,137,148,113,12,189,27,39,51,130,111	4,2,0.0305,0,51;2,5,0.3245,0,77;2,1,0.3225,0,118;4,0,0.4425,0,176;0,5,0.2395,0,217;8,0,0.3265,0,80
evidence-tabular-train-00377	10	1	0	179,13,140,135,77,176,149,54,110,68,93,205,33,88,43,62,1,156,126,86,191,45,71,172,173,161,112,143,172,37,201,17,119,105,146,24	0,3,0.3965,3,201;8,3,0.7965,0,33;5,4,0.9265,2,66;4,4,0.0975,0,166;8,4,0.1075,2,19;5,5,0.9535,2,194
evidence-tabular-train-00378	8	3	1	162,69,93,3,150,39,21,17,207,133,30,172,136,191,106,129,117,45,59,156,169,143,67,202,75,211,88,43,85,56,104,204,196,12,115,148	2,2,0.3645,0,52;5,5,0.7675,0,64;7,1,0.6065,0,172;2,3,0.0185,0,127;7,0,0.7645,0,74;8,3,0.1505,2,251
evidence-tabular-train-00379	10	3	1	178,33,5,124,171,201,93,63,90,45,160,162,141,75,68,117,130,191,44,188,150,148,16,86,164,105,39,137,111,188,116,162,10,21,69,56	4,0,0.1765,0,35;8,5,0.8565,0,14;7,5,0.8955,0,198;2,4,0.4375,0,223;8,5,0.9705,0,158;3,0,0.3365,0,83
evidence-tabular-train-00380	1	1	1	166,22,27,60,161,187,69,165,92,94,108,1,127,202,64,202,152,206,83,132,141,113,146,117,150,51,73,44,154,170,19,98,12,45,38,138	0,2,0.7365,1,72;2,4,0.8085,0,158;2,2,0.1535,0,90;0,1,0.8675,1,110;1,2,0.3535,0,50;6,2,0.4395,0,62
evidence-tabular-train-00381	6	2	1	51,203,133,115,90,207,10,162,74,21,109,150,69,25,43,141,45,104,5,185,68,125,63,87,94,171,147,37,156,186,184,206,138,117,20,173	4,0,0.9645,0,112;0,3,0.7875,0,36;2,5,0.9165,0,116;1,5,0.5475,1,171;7,3,0.6365,0,252;4,3,0.5815,0,141
evidence-tabular-train-00382	8	2	1	187,92,196,150,210,58,208,69,178,9,41,132,21,37,171,147,119,141,78,14,18,27,136,49,103,109,116,177,129,185,162,93,45,67,210,87	8,4,0.5845,0,221;2,3,0.2945,0,13;0,0,0.7595,0,224;5,5,0.8345,0,194;6,3,0.8245,2,234;8,2,0.1435,0,50
evidence-tabular-train-00383	2	2	0	86,205,58,64,174,197,161,69,103,42,137,17,134,177,106,76,35,147,89,117,214,1,149,21,114,30,12,171,45,152,128,143,93,201,51,152	0,2,0.3225,0,229;5,1,0.4965,0,51;2,0,0.1885,0,76;3,4,0.2485,0,183;6,0,0.5305,0,34;7,4,0.3595,2,175
evidence-tabular-train-00384	10	3	0	169,170,132,34,17,122,94,177,105,53,65,117,4,62,88,141,45,44,11,21,139,69,114,33,84,206,149,193,195,208,176,111,148,208,80,201	3,1,0.2325,0,220;8,0,0.8095,0,145;4,4,0.3145,0,16;7,2,0.0215,1,110;8,5,0.4505,0,183;1,2,0.6665,0,28
evidence-tabular-train-00385	5	2	1	93,215,198,136,47,182,84,76,154,150,128,152,172,89,40,107,29,5,17,24,159,114,141,100,69,39,118,65,215,147,52,188,200,62,130,14	4,4,0.3245,3,38;4,5,0.1215,2,184;3,4,0.2335,0,255;3,2,0.2865,0,74;3,1,0.5895,1,72;7,0,0.1015,0,150
evidence-tabular-train-00386	1	3	1	212,117,90,137,47,99,28,59,158,213,51,14,148,158,36,2,207,18,150,123,172,110,41,115,87,209,21,141,81,134,195,93,182,215,66,72	1,4,0.4475,0,54;3,2,0.3505,2,1;2,1,0.5045,3,236;8,5,0.5315,0,31;2,4,0.6755,0,107;2,4,0.3975,0,174
evidence-tabular-train-00387	10	1	0	103,203,180,45,106,152,92,4,117,51,94,38,14,69,213,82,42,168,29,124,209,116,172,146,141,64,176,17,24,61,77,158,211,133,149,136	3,4,0.2525,3,175;4,4,0.5835,0,10;2,3,0.1715,0,146;4,0,0.8365,1,10;6,0,0.8055,0,35;3,3,0.1535,0,246
evidence-tabular-train-00388	4	1	2	151,187,126,111,93,39,136,193,15,53,69,28,188,21,76,146,134,189,212,141,114,18,99,44,65,120,156,183,4,85,212,160,45,90,61,162	3,5,0.4115,0,91;3,5,0.9595,0,30;4,3,0.2015,0,49;3,3,0.5145,0,147;2,5,0.4995,3,249;5,4,0.0055,0,78
evidence-tabular-train-00389	1	3	1	141,182,179,3,63,93,176,150,172,148,51,105,168,21,77,69,87,131,138,40,110,193,38,11,117,185,45,207,193,124,18,88,65,25,194,114	2,1,0.4885,0,205;0,4,0.0765,0,217;2,5,0.2825,0,217;4,5,0.1385,0,124;8,4,0.4465,0,191;3,1,0.5995,0,177
evidence-tabular-train-00390	5	2	2	31,124,93,117,114,65,147,99,45,154,201,184,87,52,141,179,59,37,69,5,107,197,90,181,75,131,157,200,18,13,21,152,151,137,207,44	4,3,0.5105,0,214;6,3,0.8395,0,16;3,1,0.2475,0,150;2,5,0.4335,0,28;2,1,0.5715,0,225;3,1,0.2755,0,53
evidence-tabular-train-00391	10	1	1	57,141,85,155,17,205,69,42,66,117,171,89,60,47,171,97,24,125,112,169,182,80,184,140,206,94,133,146,155,13,32,107,6,38,150,213	5,3,0.3585,3,249;7,4,0.4895,2,231;8,2,0.4915,0,33;7,3,0.2825,1,3;0,1,0.1115,0,87;4,3,0.9865,0,19
evidence-tabular-train-00392	1	0	2	63,156,84,127,151,205,142,174,104,145,180,92,192,117,93,197,137,203,40,11,26,75,69,18,51,175,131,35,156,2,66,45,187,107,114,21	1,1,0.5935,0,70;1,1,0.1675,0,2;2,5,0.4355,0,24;2,2,0.8695,0,130;7,1,0.5635,0,207;6,1,0.2705,1,34
evidence-tabular-train-00393	6	2	2	19,69,213,37,173,215,113,63,3,182,182,45,134,179,211,41,139,87,141,205,154,30,147,151,93,77,122,21,212,117,49,108,67,89,99,13	2,3,0.6145,0,122;5,3,0.3735,0,82;0,5,0.7845,0,242;4,5,0.2825,0,209;2,2,0.3775,0,111;1,4,0.7685,0,164
evidence-tabular-train-00394	4	1	2	45,144,17,4,209,108,21,166,194,124,93,113,117,97,131,90,65,146,15,170,140,204,35,159,205,210,206,166,75,28,40,51,60,151,83,69	3,5,0.2435,0,59;3,1,0.1165,0,3;2,2,0.2105,0,134;2,1,0.4015,0,101;0,2,0.2775,0,154;3,1,0.8555,3,185
evidence-tabular-train-00395	5	1	2	7,156,40,38,48,93,184,52,159,67,202,76,137,179,186,69,185,134,194,20,193,106,15,30,127,98,117,141,151,21,112,146,86,60,91,211	6,5,0.8495,0,52;5,4,0.1485,3,197;3,2,0.6315,0,157;3,4,0.6605,0,141;1,0,0.1605,0,69;6,4,0.2035,0,189
evidence-tabular-train-00396	6	2	0	117,35,114,203,202,58,182,41,28,182,159,64,168,201,166,121,45,93,213,6,109,149,11,135,139,97,84,70,21,214,88,143,52,147,18,80	5,1,0.5725,0,6;3,1,0.3505,0,218;3,0,0.0685,1,91;7,2,0.0485,0,135;0,3,0.4055,0,122;0,5,0.7935,2,118
evidence-tabular-train-00397	4	1	2	130,41,96,65,179,186,187,51,3,45,165,84,124,69,136,20,151,105,141,21,194,39,78,183,109,59,92,158,12,28,117,114,169,159,179,146	2,2,0.9755,0,220;3,5,0.2865,0,109;2,1,0.3635,0,211;5,2,0.8125,3,63;8,3,0.5235,0,177;3,0,0.0675,0,157
evidence-tabular-train-00398	0	3	2	47,4,151,152,195,161,42,198,126,21,141,168,97,13,109,70,89,189,205,20,137,185,52,95,38,130,61,115,148,32,87,67,117,77,205,213	3,3,0.8085,0,131;7,4,0.5345,2,22;3,3,0.6165,1,110;4,5,0.3265,2,19;0,3,0.7855,0,72;5,0,0.2275,0,227
evidence-tabular-train-00399	7	0	1	210,162,209,152,111,153,66,17,22,96,62,121,32,88,69,133,196,87,150,15,40,45,141,191,196,193,34,73,49,6,98,117,171,116,139,145	5,5,0.2285,1,6;7,0,0.0195,0,254;0,4,0.4425,0,58;0,5,0.0595,3,180;1,5,0.9645,0,133;0,3,0.6745,0,165
evidence-tabular-train-00400	1	3	0	75,92,69,193,16,138,135,54,35,161,154,106,83,93,58,174,149,210,156,113,44,117,67,194,10,176,148,2,45,122,192,184,141,24,27,103	1,0,0.1065,3,84;2,1,0.8755,0,183;5,0,0.6745,0,156;2,1,0.8165,0,249;6,0,0.2445,0,249;1,5,0.4765,0,18
evidence-tabular-train-00401	0	3	1	11,112,156,106,69,42,88,203,158,28,205,4,161,210,122,99,134,23,141,150,18,117,60,83,194,137,76,35,202,95,66,163,52,45,148,179	3,1,0.4465,2,172;3,1,0.4745,0,74;3,2,0.4755,0,150;3,1,0.0215,2,178;2,0,0.1315,0,153;1,4,0.2875,0,144
evidence-tabular-train-00402	5	1	0	141,133,113,82,100,205,20,24,69,63,172,127,93,200,139,64,27,149,157,38,209,117,90,40,107,4,208,45,161,146,15,54,76,169,213,162	3,5,0.8395,3,84;2,4,0.1245,0,135;5,5,0.0705,0,72;3,0,0.5235,0,73;3,1,0.3515,0,127;6,3,0.6305,0,48
evidence-tabular-train-00403	8	3	1	132,102,116,63,148,169,11,180,91,159,141,41,18,150,86,182,205,28,117,160,190,55,5,122,111,45,75,152,172,93,137,21,69,35,65,172	4,1,0.4635,0,62;3,1,0.2755,0,226;6,5,0.2895,0,251;2,4,0.6075,0,239;5,5,0.9925,0,199;1,2,0.2225,0,66
evidence-tabular-train-00404	0	3	2	15,110,197,174,173,99,206,9,151,34,135,196,16,148,69,199,117,139,124,93,141,204,31,21,65,58,84,79,92,47,158,182,112,154,57,44	8,5,0.0335,0,220;6,0,0.8395,2,157;8,0,0.2675,0,17;6,2,0.9915,0,112;2,4,0.1945,0,212;3,5,0.7075,0,198
evidence-tabular-train-00405	6	3	0	139,19,187,203,113,45,212,63,54,6,64,83,178,131,198,148,166,69,81,88,161,108,208,14,21,200,142,93,121,185,99,117,38,25,43,149	5,4,0.6125,0,227;0,4,0.6695,0,135;5,5,0.0435,0,97;8,1,0.0425,0,135;2,2,0.2945,0,82;0,1,0.7835,1,216
evidence-tabular-train-00406	6	1	1	117,202,132,156,3,43,84,97,138,93,178,159,10,92,51,114,150,77,17,195,122,169,175,154,21,146,45,69,108,58,68,39,208,141,165,25	2,0,0.2705,0,224;0,5,0.7845,0,239;2,0,0.8175,0,211;4,2,0.8525,0,110;0,2,0.4245,0,91;1,2,0.4615,0,71
evidence-tabular-train-00407	1	2	1	185,42,139,117,202,197,45,147,82,3,106,162,21,93,38,132,203,58,27,150,124,162,215,200,90,162,14,74,57,69,114,141,101,163,20,64	2,4,0.8325,0,116;2,4,0.5715,0,186;8,0,0.1875,0,233;1,0,0.5315,0,211;4,0,0.4675,0,109;3,2,0.6415,0,28
evidence-tabular-train-00408	7	0	2	117,107,165,5,65,33,151,179,113,16,87,69,162,14,206,153,135,61,171,173,42,90,103,93,161,141,54,21,163,79,145,122,175,140,45,34	4,4,0.1035,0,12;8,0,0.4275,0,50;5,3,0.3985,0,53;6,5,0.5945,0,193;6,1,0.3085,0,57;1,5,0.8585,0,112
evidence-tabular-train-00409	10	1	1	113,89,98,183,21,85,195,59,45,13,107,5,154,38,214,173,180,133,136,28,65,52,191,117,69,152,124,93,150,18,169,153,80,141,40,146	4,3,0.4825,0,120;3,4,0.0935,0,100;3,1,0.3485,0,151;7,3,0.3875,0,168;1,1,0.3195,0,142;3,3,0.1715,0,41
evidence-tabular-train-00410	10	1	2	20,143,151,212,122,152,56,154,101,45,30,83,186,12,113,189,201,162,63,90,7,117,139,69,94,166,75,43,176,133,21,146,111,196,35,65	6,2,0.9805,0,133;5,1,0.6145,0,190;7,5,0.2585,0,29;2,1,0.5265,1,124;4,5,0.3415,0,228;1,3,0.6745,2,165
evidence-tabular-train-00411	1	2	0	183,121,13,113,138,212,74,39,90,177,45,96,179,147,184,60,64,100,193,179,159,3,27,23,117,56,106,142,135,154,19,149,84,69,41,188	2,3,0.6105,2,90;2,5,0.2515,0,199;7,2,0.0405,0,136;1,2,0.4445,3,155;3,0,0.3595,0,226;0,5,0.5755,1,202
evidence-tabular-train-00412	10	1	2	42,53,68,172,3,109,39,135,155,208,29,166,191,18,21,117,191,14,93,114,123,152,146,98,160,59,75,82,160,91,151,144,69,45,198,140	2,4,0.5445,0,169;4,5,0.4395,0,151;4,1,0.8725,0,93;2,0,0.6315,0,125;1,3,0.4635,0,246;2,5,0.9755,3,212
evidence-tabular-train-00413	5	2	1	190,21,177,150,171,55,38,177,100,87,73,93,141,211,64,60,117,69,28,213,136,40,147,202,107,135,121,114,4,170,197,45,19,14,88,179	3,4,0.6705,0,99;3,4,0.1725,0,234;6,2,0.1905,0,94;0,5,0.0535,0,3;3,1,0.4505,0,42;0,5,0.1355,0,102
evidence-tabular-train-00414	1	3	2	117,88,34,142,69,157,121,130,185,148,116,110,3,12,93,51,75,196,151,214,60,18,154,87,44,167,137,66,161,21,45,103,164,169,158,32	2,2,0.5375,0,50;7,0,0.8405,0,144;2,2,0.4715,0,75;2,5,0.1015,0,73;6,4,0.8745,0,148;0,0,0.3515,1,88
evidence-tabular-train-00415	9	2	0	184,206,32,114,67,166,203,140,93,3,49,141,69,81,201,39,147,173,45,14,118,186,149,128,42,175,92,21,60,18,154,214,133,83,109,98	2,4,0.5575,0,76;7,5,0.5595,0,24;0,2,0.6875,0,5;8,1,0.9175,0,251;1,3,0.5685,1,154;7,3,0.9025,0,56
evidence-tabular-train-00416	10	1	1	34,141,27,5,146,15,197,106,69,189,114,75,101,117,91,128,66,190,21,130,166,45,93,214,177,53,172,44,166,61,168,150,138,85,197,19	4,5,0.7655,0,116;2,0,0.8945,0,154;4,3,0.4265,0,160;2,3,0.6485,0,149;4,0,0.4175,0,225;7,0,0.4795,0,172
evidence-tabular-train-00417	1	0	1	129,199,208,212,27,102,45,21,111,139,150,157,145,69,8,85,170,214,11,93,159,179,114,65,74,37,117,59,51,16,177,44,141,134,89,199	7,1,0.0955,0,109;2,3,0.8445,0,188;2,1,0.3565,0,167;1,3,0.2195,0,12;5,5,0.4505,0,244;8,4,0.7225,0,101
evidence-tabular-train-00418	5	2	2	79,86,147,44,5,157,114,91,195,201,117,69,138,153,187,37,64,187,162,21,11,192,45,28,51,160,124,151,134,93,143,170,107,59,19,101	4,1,0.7195,0,91;3,3,0.9525,0,3;2,1,0.0375,0,43;6,4,0.7065,0,233;4,1,0.4105,0,248;3,4,0.4915,2,225
evidence-tabular-train-00419	5	2	1	90,147,62,106,150,191,38,76,199,94,102,157,69,215,21,40,140,3,45,28,13,167,181,141,192,181,117,65,113,199,86,53,133,184,124,17	2,3,0.3135,0,213;3,4,0.1465,0,26;4,4,0.3785,0,98;3,4,0.5465,1,84;5,0,0.2575,0,89;3,3,0.9965,0,182
evidence-tabular-train-00420	5	2	1	93,102,88,130,69,147,150,204,80,166,117,110,83,124,28,55,43,156,169,157,180,60,178,66,36,141,112,187,152,16,15,6,21,214,137,45	5,5,0.1295,0,110;3,2,0.7325,0,101;6,2,0.5205,0,101;7,1,0.1545,0,81;5,4,0.0715,0,98;3,0,0.2495,0,129
evidence-tabular-train-00421	1	2	2	151,62,85,144,191,117,164,54,180,17,40,108,133,9,184,32,128,21,192,101,112,36,136,159,66,90,45,10,147,156,75,172,156,180,93,69	8,0,0.3145,0,224;7,2,0.1325,0,92;5,4,0.5885,0,217;2,3,0.5675,0,14;4,2,0.1115,0,69;7,3,0.0465,3,151
evidence-tabular-train-00422	1	2	0	52,161,45,114,141,192,185,85,58,15,93,6,128,43,149,140,188,91,30,130,120,178,105,19,109,75,64,153,174,200,181,69,147,198,38,22	5,5,0.6325,1,193;5,4,0.7785,0,251;3,0,0.1275,0,89;2,3,0.6695,0,89;8,3,0.4475,3,229;7,0,0.9945,0,121
evidence-tabular-train-00423	2	1	1	24,106,180,47,150,88,201,114,178,141,8,154,84,195,180,27,66,124,93,213,60,117,204,73,183,37,140,50,132,12,99,69,146,17,159,40	7,2,0.2605,3,211;2,3,0.0055,2,240;1,2,0.5425,0,31;0,2,0.1425,0,72;2,0,0.4025,0,152;3,2,0.8665,0,98
evidence-tabular-train-00424	5	1	1	14,150,161,112,161,69,63,107,90,142,79,146,117,157,137,21,169,210,170,85,93,45,159,102,65,43,50,34,28,16,202,3,132,212,128,202	2,4,0.1885,0,79;3,0,0.7205,0,93;1,5,0.3445,0,145;6,3,0.5885,0,6;5,1,0.1725,0,241;7,2,0.3075,1,32
evidence-tabular-train-00425	5	3	0	92,39,102,45,133,115,204,214,139,214,83,208,176,21,126,69,111,156,66,7,79,198,169,41,165,211,51,141,149,93,31,59,18,117,15,148	6,5,0.4045,0,72;6,5,0.3385,0,238;2,1,0.5975,0,147;6,1,0.8345,0,84;5,5,0.6635,0,91;5,3,0.6465,0,33
evidence-tabular-train-00426	2	1	0	58,117,128,182,182,21,138,83,196,10,146,93,51,28,16,167,45,153,69,162,91,163,8,116,43,168,167,141,101,184,65,106,75,132,149,36	7,0,0.0925,0,183;3,2,0.7665,0,179;2,0,0.3105,0,154;2,1,0.7935,0,201;4,0,0.8025,0,162;7,2,0.5375,0,222
evidence-tabular-train-00427	7	2	2	69,53,193,140,39,14,2,19,59,42,151,117,82,91,211,26,198,185,212,123,75,21,93,172,112,143,97,68,186,45,211,147,110,212,135,200	1,4,0.6215,0,204;1,5,0.4115,0,57;4,1,0.8595,0,174;2,0,0.7505,0,204;0,4,0.1785,0,196;2,5,0.8255,2,33
evidence-tabular-train-00428	2	3	0	12,178,45,123,69,148,169,196,116,141,16,174,132,88,176,67,117,52,149,21,101,153,77,137,93,159,41,60,153,28,3,82,156,181,107,35	2,2,0.0885,0,201;3,1,0.2325,0,197;3,2,0.7645,0,254;4,0,0.0755,0,164;4,1,0.9175,0,61;2,2,0.3055,0,44
evidence-tabular-train-00429	8	3	1	75,30,115,156,148,93,92,199,62,182,21,38,135,198,150,84,141,136,64,102,10,117,159,20,210,202,108,191,43,52,207,124,3,201,45,69	2,0,0.9235,0,121;5,4,0.6595,0,208;3,4,0.1975,0,105;2,2,0.8105,0,104;5,2,0.6465,0,144;3,5,0.1025,0,250
evidence-tabular-train-00430	8	2	2	37,147,69,166,60,110,199,104,192,130,157,161,77,21,68,51,1,158,82,10,141,151,167,19,45,140,93,174,30,43,181,128,202,90,117,113	0,0,0.6735,0,107;5,3,0.7345,0,127;2,2,0.9465,0,241;4,0,0.4175,0,143;7,4,0.3615,0,253;7,0,0.8775,0,212
evidence-tabular-train-00431	7	1	2	185,121,2,208,95,60,137,117,92,151,164,114,141,45,21,185,15,25,204,131,87,146,43,36,107,53,174,69,153,68,168,201,74,20,103,170	1,5,0.9485,0,100;0,2,0.7785,0,240;4,2,0.9605,0,195;1,5,0.9655,2,21;6,1,0.4995,0,185;0,1,0.3665,0,115
evidence-tabular-train-00432	9	0	1	45,36,212,80,133,6,165,106,206,69,175,63,161,138,182,150,177,10,21,105,116,92,19,141,68,128,42,145,93,180,53,193,31,197,86,117	5,0,0.6555,0,224;6,2,0.4215,0,227;4,5,0.9145,0,177;7,4,0.9095,0,132;8,0,0.8255,0,110;7,3,0.5975,0,26
evidence-tabular-train-00433	10	0	0	45,168,53,164,31,99,188,14,192,135,34,169,122,143,106,175,177,41,139,112,188,182,92,3,117,68,94,24,69,152,18,77,83,145,149,63	2,4,0.4905,3,143;6,0,0.3195,0,106;4,5,0.9485,0,212;4,1,0.9585,1,209;2,0,0.0245,0,227;1,5,0.7055,2,114
evidence-tabular-train-00434	1	2	2	135,98,176,18,204,117,167,55,45,61,199,24,168,123,15,116,92,207,84,138,147,67,44,93,212,196,200,108,30,74,3,36,164,151,141,69	2,5,0.5275,3,205;5,2,0.9595,0,95;6,3,0.6855,0,124;1,2,0.8045,0,202;1,2,0.8475,0,82;2,5,0.5745,0,15
evidence-tabular-train-00435	10	2	1	179,153,42,15,150,200,161,211,125,55,3,139,36,81,182,33,71,67,213,173,143,147,93,45,60,18,135,117,101,208,91,179,108,24,112,84	2,5,0.5015,3,14;8,2,0.5495,0,145;6,2,0.6425,2,153;8,2,0.6465,0,141;4,2,0.0785,0,86;4,5,0.6585,2,107
evidence-tabular-train-00436	10	3	1	21,148,114,33,163,59,89,186,93,125,14,105,67,2,150,134,179,191,69,16,141,47,119,161,139,52,82,155,37,212,160,195,41,110,73,177	1,4,0.0555,0,77;8,3,0.2985,2,160;3,1,0.6635,0,99;0,0,0.2305,0,203;8,4,0.5025,2,97;4,4,0.6075,0,116
evidence-tabular-train-00437	8	1	1	141,170,41,12,68,192,89,164,193,21,167,63,38,135,52,150,210,17,79,116,94,72,110,29,137,47,9,146,203,121,102,202,162,87,183,117	8,2,0.3985,0,116;4,4,0.3135,2,254;3,5,0.9075,3,250;6,5,0.2275,1,4;5,4,0.9685,0,250;0,5,0.3195,0,246
evidence-tabular-train-00438	10	3	2	38,211,45,112,152,61,20,148,55,33,198,111,65,166,11,9,121,21,212,73,168,151,85,192,171,131,42,88,136,69,173,93,142,105,185,117	8,1,0.9875,0,203;8,4,0.4185,0,98;6,3,0.2165,0,79;0,3,0.0205,0,4;8,5,0.0565,0,240;0,1,0.0375,1,159
evidence-tabular-train-00439	9	0	0	145,141,40,136,101,149,91,106,45,170,58,182,188,38,8,10,154,93,66,69,116,24,83,132,49,194,157,126,80,159,214,29,173,118,19,159	7,0,0.6495,3,55;4,4,0.0625,0,249;0,0,0.4885,0,61;7,1,0.7065,0,39;4,0,0.9875,1,253;5,2,0.0305,0,113
evidence-tabular-train-00440	9	1	0	149,10,9,162,212,67,200,146,117,69,40,45,183,106,113,196,84,192,136,58,38,56,89,100,21,141,158,196,168,132,172,17,26,77,127,94	8,0,0.2145,0,226;1,4,0.1835,0,32;7,0,0.6715,0,144;4,2,0.3485,1,93;3,0,0.2695,0,24;6,2,0.0125,0,235
evidence-tabular-train-00441	2	2	1	93,170,69,21,59,179,109,147,113,160,161,153,132,45,16,150,141,67,89,140,169,79,3,100,215,181,40,177,37,11,129,194,118,30,83,50	2,1,0.1905,0,81;5,3,0.1985,0,229;1,1,0.6745,0,32;6,1,0.2975,0,76;3,3,0.3475,1,141;8,2,0.9745,0,115
evidence-tabular-train-00442	1	3	2	26,144,11,138,75,171,185,174,58,110,41,213,68,102,191,151,204,21,19,117,148,184,198,54,168,85,93,92,45,37,134,122,9,72,112,189	8,1,0.7855,0,71;1,3,0.3585,0,129;5,0,0.8725,3,107;2,3,0.8305,0,123;5,4,0.1505,0,142;1,4,0.5955,3,153
evidence-tabular-train-00443	4	1	2	41,52,117,93,59,159,86,151,184,141,130,146,29,193,45,67,11,115,186,184,175,211,173,189,110,75,127,89,157,137,19,100,69,21,34,7	6,1,0.6105,0,157;4,0,0.3055,0,156;3,1,0.7875,0,106;2,4,0.2525,0,209;3,4,0.7045,0,77;6,0,0.2375,0,86
evidence-tabular-train-00444	1	1	0	16,141,117,93,101,139,35,210,173,88,162,69,122,51,155,3,160,149,146,14,168,73,45,166,33,211,61,113,111,87,130,24,68,41,180,208	2,4,0.0285,3,119;8,1,0.3705,0,52;2,3,0.8125,0,160;0,5,0.1895,0,168;4,5,0.2905,0,200;1,0,0.7185,0,107
evidence-tabular-train-00445	2	0	1	186,101,136,209,90,193,60,21,44,117,17,113,208,82,69,93,174,145,80,107,11,150,121,167,67,130,184,141,56,160,184,36,8,176,45,29	7,1,0.2495,0,99;4,2,0.9855,0,134;7,2,0.7135,0,250;7,0,0.4455,0,147;4,1,0.3005,0,229;0,0,0.0005,0,61
evidence-tabular-train-00446	10	0	2	125,141,80,181,183,14,192,89,116,8,53,180,22,38,186,158,42,131,199,30,167,151,194,140,18,174,64,119,84,72,48,109,93,104,145,63	7,4,0.5945,1,143;5,4,0.5515,3,198;4,5,0.1045,3,24;7,2,0.2335,0,72;7,3,0.9165,2,7;4,1,0.8005,0,31
evidence-tabular-train-00447	10	0	0	157,14,145,157,92,41,63,138,5,177,64,149,96,45,113,82,185,195,194,117,165,107,70,21,144,20,51,163,173,74,131,34,121,102,162,27	4,4,0.8365,0,90;2,0,0.3025,0,52;2,5,0.1915,1,104;1,0,0.8585,3,138;5,1,0.3795,0,233;0,1,0.4625,3,45
evidence-tabular-train-00448	0	3	1	213,91,148,7,166,177,201,39,105,138,29,111,69,135,45,84,150,158,113,21,173,54,65,124,207,17,41,75,12,117,59,160,93,202,166,141	6,2,0.3135,0,181;4,5,0.2955,0,30;5,1,0.3885,0,215;2,2,0.7005,0,73;8,5,0.2365,0,254;3,5,0.5875,0,93
evidence-tabular-train-00449	0	3	0	76,63,212,161,106,51,208,48,141,128,162,83,170,4,69,215,41,92,137,18,21,32,96,148,135,149,99,114,195,35,64,14,117,171,159,177	3,4,0.4175,0,219;7,1,0.3775,3,152;2,5,0.0585,0,228;3,1,0.9645,3,87;2,0,0.4815,0,55;7,5,0.3245,0,60
evidence-tabular-train-00450	7	2	0	215,192,124,62,33,211,93,147,149,22,91,203,176,69,168,139,131,82,107,200,117,68,1,50,202,142,36,13,209,76,45,102,16,43,173,112	0,3,0.1625,1,32;8,2,0.6555,0,224;1,4,0.8095,0,237;3,0,0.6955,0,199;5,1,0.0115,0,1;3,1,0.7815,1,244
evidence-tabular-train-00451	1	3	0	41,196,65,87,148,16,45,59,188,3,36,106,90,211,149,93,130,180,159,175,117,136,187,75,174,161,127,21,103,141,33,167,55,10,112,69	2,0,0.0075,0,125;8,2,0.2815,0,153;6,1,0.2765,0,32;2,5,0.4095,0,31;6,0,0.0685,0,211;6,0,0.1275,0,167
evidence-tabular-train-00452	8	2	1	12,92,197,116,44,45,133,80,118,26,93,138,84,210,60,71,51,1,163,201,126,141,102,207,185,170,204,17,21,184,147,159,106,150,35,66	0,2,0.3935,0,169;1,1,0.9575,0,141;2,2,0.5535,2,213;7,2,0.9445,0,6;5,0,0.8435,1,21;5,3,0.5055,0,11
evidence-tabular-train-00453	9	3	0	134,93,148,128,140,178,183,62,2,45,51,42,179,116,33,71,104,17,74,84,11,89,141,192,21,167,37,208,174,207,119,108,191,68,149,161	1,1,0.2215,0,184;8,3,0.4845,0,195;2,4,0.8175,2,93;1,2,0.3765,0,34;7,2,0.9135,2,226;7,4,0.8825,0,99
evidence-tabular-train-00454	5	2	0	170,66,15,138,92,21,93,62,141,114,149,19,215,214,45,204,85,117,100,187,211,175,31,121,36,147,4,190,44,69,175,197,134,81,54,111	3,5,0.6485,0,186;6,2,0.9955,0,65;5,4,0.4875,0,108;8,3,0.8735,0,183;3,5,0.4115,0,246;0,4,0.5385,0,131
evidence-tabular-train-00455	10	2	2	202,93,166,28,123,131,136,21,113,147,45,57,106,180,156,61,152,190,83,201,35,143,18,9,176,117,66,13,97,215,92,40,69,159,79,151	8,3,0.5565,0,173;3,1,0.1665,0,152;8,3,0.5505,0,229;6,1,0.8195,0,144;0,0,0.2135,0,135;2,1,0.1005,2,12
evidence-tabular-train-00456	10	3	0	76,41,131,93,116,45,185,59,14,39,211,168,82,138,122,197,149,148,33,90,71,211,180,8,21,54,68,117,18,207,191,105,172,109,144,200	7,4,0.4105,0,176;8,5,0.2845,0,65;5,1,0.8415,2,57;3,0,0.5945,0,72;8,3,0.8215,0,82;1,1,0.5335,3,62
evidence-tabular-train-00457	6	1	1	206,201,82,40,121,94,172,117,207,12,138,152,17,81,45,3,160,32,99,72,141,34,110,208,150,60,194,88,67,146,55,134,21,191,183,113	2,2,0.2545,0,85;7,0,0.1595,0,137;6,2,0.7375,3,15;8,0,0.0145,1,10;2,4,0.2685,0,219;0,4,0.4875,0,124
evidence-tabular-train-00458	7	1	2	45,69,122,151,37,146,42,170,212,16,140,1,197,215,115,90,214,22,108,82,117,11,104,26,163,65,208,141,178,55,59,75,133,165,208,93	0,1,0.0355,1,74;1,3,0.5275,0,11;6,1,0.2165,0,79;2,0,0.5355,0,161;7,2,0.6035,0,207;1,3,0.9005,0,72
evidence-tabular-train-00459	8	1	1	187,170,139,41,21,102,7,45,56,141,68,78,193,113,154,117,107,93,87,150,212,167,185,37,200,31,91,207,146,10,63,17,126,172,72,133	6,0,0.3155,0,105;6,3,0.2445,0,86;7,5,0.8945,3,93;5,5,0.7265,0,220;5,1,0.3845,0,6;5,3,0.7455,0,77
evidence-tabular-train-00460	5	2	1	43,150,94,179,20,139,212,99,117,37,22,171,63,28,190,82,71,90,75,179,142,45,114,147,1,15,65,106,201,190,122,133,174,53,213,181	0,5,0.9855,1,110;3,3,0.6145,0,137;4,5,0.3585,2,46;2,0,0.5835,1,179;2,0,0.4865,0,244;1,3,0.6885,1,254
evidence-tabular-train-00461	6	2	1	99,121,141,89,43,150,21,113,192,38,53,147,186,32,135,93,166,2,15,117,68,160,17,201,63,139,155,107,85,168,161,80,69,187,45,174	1,5,0.3575,0,184;7,4,0.6625,0,10;4,5,0.9115,0,160;7,3,0.2875,0,163;2,1,0.3075,0,140;0,5,0.6215,0,224
evidence-tabular-train-00462	10	1	2	199,71,189,133,120,179,35,151,14,54,110,129,156,187,215,27,44,21,83,89,142,100,136,78,198,9,45,93,19,112,180,176,146,61,168,65	8,4,0.6655,0,91;2,1,0.8355,0,112;5,3,0.3635,2,38;5,1,0.2295,0,12;3,4,0.0475,3,173;8,3,0.0785,1,121
evidence-tabular-train-00463	6	2	0	20,84,68,121,90,110,30,58,3,141,117,169,198,45,23,165,194,213,174,35,112,50,74,183,187,149,138,147,215,15,156,133,41,101,93,71	2,5,0.9725,2,43;5,1,0.2785,0,125;1,0,0.8245,2,174;1,2,0.4045,0,226;4,4,0.0985,0,223;0,3,0.4095,0,25
evidence-tabular-train-00464	4	1	2	83,69,117,151,208,64,30,77,4,93,45,210,190,88,132,126,60,141,11,198,164,199,43,191,196,100,114,136,35,21,212,111,165,49,146,19	3,1,0.7515,0,219;5,1,0.7205,0,205;0,2,0.1485,0,29;4,1,0.0015,0,254;3,5,0.4005,0,118;5,2,0.1455,0,42
evidence-tabular-train-00465	9	2	0	211,156,192,51,112,68,93,86,149,34,92,109,21,147,45,169,74,9,128,97,26,41,172,171,154,215,69,135,140,175,155,62,117,20,11,141	8,1,0.8525,0,237;1,0,0.3145,0,93;2,4,0.9285,0,179;1,4,0.9335,0,226;0,3,0.1445,0,242;7,5,0.8305,0,30
evidence-tabular-train-00466	1	2	2	13,141,183,93,42,131,151,117,208,191,184,45,69,183,205,92,160,20,136,126,84,101,162,147,21,39,65,116,27,108,52,61,210,214,75,2	1,3,0.9465,0,92;2,5,0.5775,0,12;3,3,0.3675,0,102;2,2,0.9025,0,32;4,2,0.8045,0,195;5,1,0.0835,0,104
evidence-tabular-train-00467	5	2	1	215,187,21,115,110,12,141,133,103,147,127,158,31,174,150,54,61,92,170,6,164,81,86,48,42,162,140,20,94,176,69,165,68,117,34,205	5,2,0.8025,0,96;6,0,0.4975,3,91;5,3,0.8165,0,164;8,4,0.9525,1,104;6,4,0.6145,0,46;6,3,0.9335,0,138
evidence-tabular-train-00468	9	2	0	117,57,179,62,15,179,17,45,195,93,133,42,149,113,147,181,184,156,67,82,72,137,168,126,37,21,200,109,141,89,201,32,76,105,208,1	0,5,0.3815,0,118;7,3,0.5675,0,93;8,4,0.6875,3,65;3,0,0.3465,0,133;8,3,0.2095,0,156;5,3,0.3675,0,155
evidence-tabular-train-00469	9	2	1	140,106,196,176,175,34,142,93,50,71,203,123,65,43,201,62,159,203,213,11,48,147,112,89,27,192,8,79,82,117,17,152,130,97,150,21	7,1,0.2775,0,199;2,0,0.7655,3,157;1,4,0.3625,2,166;6,0,0.2715,0,238;0,0,0.1755,0,124;2,0,0.9765,1,68
evidence-tabular-train-00470	1	2	2	17,89,165,42,162,193,117,82,27,45,67,188,179,175,151,59,53,172,1,73,214,128,10,95,147,159,137,116,180,21,72,106,135,37,99,142	0,0,0.3615,0,137;2,3,0.5265,0,66;4,1,0.7865,3,204;0,0,0.2395,2,196;2,0,0.9045,0,66;7,5,0.2355,1,69
evidence-tabular-train-00471	8	1	2	117,183,85,37,126,102,171,54,203,141,146,211,162,93,1,40,134,140,151,80,114,182,157,58,69,19,206,27,187,106,45,15,23,66,90,192	0,5,0.7245,2,213;2,3,0.0125,0,39;5,0,0.4055,0,16;7,3,0.5895,0,164;5,0,0.5735,0,6;5,4,0.9185,0,241
evidence-tabular-train-00472	9	2	0	114,186,14,117,149,45,153,40,109,138,23,70,19,154,36,159,123,98,213,132,52,93,28,61,68,86,203,147,4,80,185,181,142,194,170,89	3,4,0.6925,2,213;3,2,0.1865,0,80;3,3,0.8095,1,90;7,4,0.3175,0,13;1,3,0.4525,0,109;2,2,0.4805,1,213
evidence-tabular-train-00473	1	3	2	204,123,109,19,151,64,24,93,117,155,48,84,186,50,148,69,157,112,139,62,98,169,173,15,29,196,194,35,131,159,89,4,141,196,44,75	3,5,0.7685,3,196;4,1,0.8715,3,65;1,4,0.0065,0,25;2,2,0.2295,0,200;1,3,0.0925,0,218;2,1,0.6345,0,48
evidence-tabular-train-00474	1	3	1	16,44,205,79,69,11,203,214,180,211,173,141,148,23,7,106,131,28,93,123,155,153,140,150,100,115,49,67,120,186,183,39,88,84,58,47	6,1,0.0925,2,111;3,5,0.8965,2,80;0,0,0.6795,0,118;6,2,0.0555,0,49;3,0,0.7605,3,208;2,1,0.9775,0,65
evidence-tabular-train-00475	1	2	1	79,167,110,204,172,15,44,29,150,61,113,88,172,141,93,198,66,69,8,51,207,21,182,134,19,38,99,165,117,147,179,178,83,45,122,137	7,5,0.6455,0,36;4,4,0.8695,0,125;2,3,0.5975,0,122;6,1,0.1605,0,38;2,4,0.3735,0,112;1,4,0.3805,0,84
evidence-tabular-train-00476	7	3	1	172,179,43,205,58,18,36,141,10,21,100,116,88,83,150,4,212,27,148,80,68,117,69,135,204,196,106,138,45,202,162,122,210,214,93,50	3,0,0.5125,0,123;2,2,0.6235,0,130;1,0,0.9855,0,105;7,1,0.1055,0,234;3,0,0.9715,0,110;1,5,0.5835,0,116
evidence-tabular-train-00477	5	2	1	205,45,28,13,152,43,63,4,70,129,147,196,89,172,142,21,181,99,110,132,179,212,38,186,116,18,67,93,136,199,75,84,54,198,150,117	3,3,0.4775,0,180;3,4,0.7545,0,95;5,5,0.7475,1,167;2,2,0.2025,0,15;2,4,0.9005,0,48;8,2,0.0365,1,171
evidence-tabular-train-00478	5	2	2	161,34,141,208,75,7,189,136,112,83,56,72,108,44,151,99,21,128,152,65,194,153,211,134,12,58,88,172,117,177,19,147,93,45,28,171	6,2,0.6405,0,68;3,0,0.9765,0,104;7,0,0.3915,3,238;2,1,0.1875,0,137;2,2,0.0675,0,125;7,4,0.1095,0,39
evidence-tabular-train-00479	9	3	0	149,199,128,82,110,22,172,66,190,44,93,35,74,148,72,187,158,56,141,195,16,45,104,13,32,137,116,200,91,178,194,117,8,63,200,132	7,3,0.1255,1,154;7,1,0.8585,0,43;7,5,0.5775,3,100;1,0,0.7615,0,84;7,4,0.8475,0,52;7,2,0.2925,0,6
evidence-tabular-train-00480	5	2	2	117,21,84,64,181,127,163,147,131,26,93,192,103,63,196,141,10,116,151,56,88,198,40,76,37,2,48,203,17,69,136,111,160,159,183,202	1,0,0.3945,0,188;1,3,0.0345,3,239;7,5,0.1025,0,170;3,2,0.1685,0,30;6,5,0.9425,0,232;6,1,0.0715,0,231
evidence-tabular-train-00481	7	2	2	36,116,64,151,80,166,158,203,197,95,130,123,169,141,26,21,185,69,157,84,110,117,153,147,16,98,54,45,207,4,139,161,41,15,89,59	3,5,0.0465,0,90;1,2,0.2995,0,243;5,1,0.0455,0,231;7,2,0.2775,2,21;1,4,0.8085,0,47;2,0,0.6955,0,234
evidence-tabular-train-00482	10	0	2	69,169,115,151,141,27,45,92,145,174,95,165,171,182,122,67,63,57,131,212,101,18,85,21,140,80,186,185,3,117,111,189,44,170,37,11	2,1,0.4055,0,184;2,3,0.9425,0,213;8,5,0.7325,0,25;7,3,0.8585,2,75;4,5,0.6935,0,180;1,1,0.8975,0,153
evidence-tabular-train-00483	1	2	2	147,73,153,135,191,200,207,40,123,139,21,37,119,151,200,68,14,53,97,89,93,176,70,202,19,212,162,186,3,142,115,45,82,62,106,30	2,4,0.6095,0,210;5,3,0.1635,0,148;4,4,0.8015,1,136;0,0,0.2485,0,229;0,0,0.6695,2,129;2,5,0.6715,1,232
evidence-tabular-train-00484	0	3	1	117,135,86,106,161,20,143,22,59,153,191,175,188,54,213,64,69,150,176,148,9,95,122,31,139,12,92,100,45,154,167,37,188,112,40,79	8,2,0.9755,1,214;6,3,0.1505,0,142;5,1,0.1175,0,28;6,4,0.8285,2,53;3,0,0.0845,0,237;1,5,0.7995,2,11
evidence-tabular-train-00485	0	3	0	199,168,93,109,65,14,207,211,177,122,201,41,19,117,135,91,115,141,45,149,174,148,27,61,176,179,39,4,21,100,74,163,137,69,86,55	3,4,0.7275,0,80;2,5,0.3795,0,130;6,3,0.3605,0,53;1,4,0.6355,0,188;3,3,0.7885,0,105;1,5,0.3935,0,98
evidence-tabular-train-00486	10	0	2	57,16,131,137,88,69,212,179,6,37,144,145,112,125,208,214,151,211,167,168,27,15,176,171,93,201,43,47,110,65,63,21,73,86,99,117	5,5,0.1685,0,130;2,3,0.6935,2,100;8,5,0.3095,0,81;0,4,0.1765,0,17;2,4,0.1085,0,71;4,1,0.2985,3,163
evidence-tabular-train-00487	10	3	1	148,53,58,69,93,139,6,133,68,141,153,12,42,92,198,153,150,45,160,122,105,117,86,157,38,156,192,212,169,108,179,20,33,73,21,114	5,2,0.8325,0,40;8,4,0.5745,0,10;4,0,0.8555,0,235;0,4,0.9615,0,49;8,2,0.4435,0,150;1,3,0.7975,0,228
evidence-tabular-train-00488	7	1	2	4,31,190,90,153,34,202,133,198,146,66,40,141,69,14,116,138,198,23,119,51,16,162,212,86,151,97,159,181,60,160,94,75,122,45,109	3,4,0.0335,2,177;6,0,0.0905,0,194;2,2,0.5625,0,165;2,4,0.4265,1,164;0,3,0.8215,2,107;1,3,0.5355,0,221
evidence-tabular-train-00489	2	2	0	142,71,166,210,213,95,17,202,180,117,198,165,131,115,137,163,36,149,108,171,153,89,147,121,62,1,43,65,51,79,83,23,97,28,10,45	0,0,0.3635,2,31;3,2,0.7255,0,133;2,4,0.2725,2,167;6,1,0.2655,2,101;0,2,0.6465,0,72;0,1,0.2525,1,42
evidence-tabular-train-00490	6	1	0	21,90,196,188,149,193,1,106,125,69,78,117,184,93,20,61,213,116,102,35,153,41,199,130,45,153,141,64,174,85,138,54,209,146,29,14	0,4,0.9175,0,110;4,1,0.2605,0,118;5,3,0.1705,0,248;5,3,0.5975,0,219;5,0,0.9435,0,163;4,0,0.5175,0,44
evidence-tabular-train-00491	9	3	0	192,113,154,117,21,172,39,2,196,141,137,83,80,181,149,167,55,106,132,129,13,103,32,176,148,180,44,191,71,92,65,47,59,16,93,153	1,3,0.0655,0,110;7,5,0.9925,2,160;6,1,0.2435,2,106;7,1,0.9385,0,124;6,0,0.3695,0,224;8,2,0.3545,0,18
evidence-tabular-train-00492	0	3	2	118,153,51,10,38,156,138,76,178,45,61,187,93,151,148,17,133,25,101,165,189,125,65,69,92,23,158,87,159,3,188,42,188,108,141,114	2,0,0.3195,2,237;0,4,0.4775,0,193;2,3,0.2235,0,168;3,5,0.8865,0,185;4,2,0.5145,1,119;4,3,0.4625,0,178
evidence-tabular-train-00493	1	0	0	3,206,138,41,79,165,145,93,162,141,165,34,149,101,167,45,14,153,91,198,61,135,189,117,114,67,18,129,31,110,191,51,85,69,192,21	2,4,0.4215,0,156;6,0,0.2185,0,31;2,3,0.7405,0,93;6,3,0.6005,0,124;4,4,0.5295,0,19;8,5,0.5885,0,200
evidence-tabular-train-00494	9	0	0	168,8,182,134,69,93,149,144,35,197,104,122,73,197,117,50,44,45,114,188,192,209,29,15,17,145,107,58,136,173,85,64,90,160,21,191	7,5,0.3945,0,207;4,1,0.9075,0,159;1,0,0.1265,0,62;0,3,0.5565,0,77;7,1,0.4665,0,3;1,4,0.0555,3,218
evidence-tabular-train-00495	2	3	1	130,154,124,93,148,150,213,138,166,141,42,90,14,154,116,36,16,64,209,45,8,159,171,117,53,82,193,27,195,69,168,107,58,103,81,24	7,4,0.1135,3,15;2,2,0.4025,0,207;4,0,0.0535,0,84;8,0,0.4345,0,184;6,1,0.9845,0,61;3,0,0.5235,0,190
evidence-tabular-train-00496	4	1	1	197,45,150,110,100,203,198,69,30,21,146,176,65,126,152,43,212,117,185,140,4,62,113,19,83,88,51,132,14,185,213,141,36,93,78,170	3,4,0.6115,0,112;5,2,0.6825,0,56;2,4,0.3235,0,36;5,1,0.1655,0,155;3,4,0.3135,0,187;5,2,0.9675,0,73
evidence-tabular-train-00497	5	2	0	44,138,34,114,69,103,117,149,156,179,3,57,147,133,156,144,32,182,81,154,68,201,21,210,48,176,214,203,110,87,129,88,11,95,58,16	2,1,0.1185,0,213;7,0,0.9125,3,6;8,0,0.8305,0,172;8,5,0.0845,2,36;6,4,0.5685,0,17;8,3,0.4905,3,91
evidence-tabular-train-00498	2	3	2	199,115,52,10,82,153,117,5,88,151,79,40,192,21,103,18,135,166,107,179,182,68,209,148,58,194,125,214,36,45,143,139,28,93,182,69	4,0,0.4815,0,180;3,2,0.1855,0,185;3,0,0.9755,0,61;6,0,0.1865,0,224;6,1,0.7775,0,93;4,5,0.7425,2,114
evidence-tabular-train-00499	7	2	1	72,45,127,196,101,56,64,135,153,150,163,40,117,21,92,140,60,110,93,85,194,182,7,187,74,213,39,147,187,11,114,18,30,171,215,144	6,1,0.5145,0,192;5,5,0.0225,0,82;7,2,0.0745,3,169;1,3,0.9005,0,143;4,4,0.4635,0,97;6,5,0.8515,3,33
evidence-tabular-train-00500	8	2	1	66,87,63,147,179,129,138,104,9,69,21,170,150,45,179,54,141,179,132,181,200,117,75,173,38,107,41,168,90,14,17,214,30,113,93,207	8,4,0.3165,0,193;5,4,0.2615,0,74;5,5,0.5675,0,215;2,5,0.4275,0,51;7,1,0.2425,0,6;8,2,0.4755,0,93
evidence-tabular-train-00501	7	1	0	103,39,109,19,143,165,40,63,168,124,135,207,163,158,69,68,140,176,162,50,155,27,88,117,115,96,163,12,146,87,4,48,21,149,201,78	3,2,0.7285,0,247;2,5,0.1885,3,167;1,5,0.9935,0,55;5,5,0.0055,3,144;6,3,0.7085,0,116;3,5,0.8465,2,55
evidence-tabular-train-00502	5	0	0	67,111,149,69,159,191,213,15,84,98,119,7,115,191,214,90,201,43,94,53,131,192,145,144,33,215,21,75,128,201,58,20,37,139,155,46	6,5,0.8735,0,216;8,3,0.7785,1,137;4,0,0.6575,0,120;2,2,0.4675,1,105;1,5,0.6135,2,80;7,1,0.7675,3,191
evidence-tabular-train-00503	5	3	2	103,65,151,183,45,198,213,9,36,21,31,15,87,75,213,134,44,91,139,18,197,148,72,127,111,115,141,63,196,201,93,169,167,178,52,117	8,5,0.5835,0,57;6,2,0.9635,0,32;3,5,0.2905,3,160;2,5,0.7005,0,175;6,5,0.6485,0,143;6,4,0.6485,0,24
evidence-tabular-train-00504	1	2	1	75,88,39,42,56,163,65,117,172,27,168,11,113,178,201,17,86,98,141,125,93,210,69,147,136,21,192,172,8,45,63,206,212,150,111,133	7,1,0.3605,0,186;2,5,0.5315,0,91;7,5,0.3315,0,98;2,4,0.1695,0,87;1,5,0.3085,0,193;4,3,0.1795,0,209
evidence-tabular-train-00505	5	2	0	193,149,69,66,60,163,117,123,28,89,110,114,141,52,214,4,87,138,12,21,170,99,131,191,174,41,34,45,76,154,201,147,189,16,93,153	3,2,0.1115,0,18;3,0,0.3845,0,221;3,2,0.4465,0,226;3,5,0.3585,0,244;2,4,0.4745,0,253;2,1,0.4945,0,124
evidence-tabular-train-00506	7	3	0	72,15,175,124,174,148,173,86,21,132,27,93,49,48,182,105,65,139,159,153,16,144,40,5,108,34,115,92,74,149,193,213,62,178,184,117	4,5,0.1735,0,126;2,0,0.0175,3,134;0,4,0.3065,3,134;1,4,0.8115,0,20;8,2,0.6005,0,254;3,2,0.6375,3,65
evidence-tabular-train-00507	1	2	1	40,189,115,63,196,199,111,186,69,150,52,208,174,131,93,99,19,181,139,21,74,37,15,166,83,92,64,127,196,6,45,147,117,26,141,181	5,5,0.6645,0,68;1,3,0.1395,0,183;3,5,0.1375,0,138;1,1,0.9635,0,23;2,5,0.7165,0,181;6,1,0.7945,0,197
evidence-tabular-train-00508	10	1	0	93,117,84,22,200,174,77,158,4,153,105,136,109,35,44,159,69,32,51,149,212,155,153,141,121,45,59,133,12,146,65,116,173,20,89,205	3,2,0.8885,1,217;7,1,0.9375,0,14;2,1,0.2735,0,25;4,2,0.3285,0,150;8,3,0.9295,0,225;0,3,0.1175,0,84
evidence-tabular-train-00509	9	3	0	80,137,64,45,106,148,156,114,149,22,20,87,9,168,41,169,141,124,89,61,117,134,99,211,69,163,155,183,49,208,214,25,190,36,12,93	8,2,0.9465,1,219;0,2,0.3225,0,235;0,3,0.0185,0,187;7,5,0.3885,0,225;2,0,0.4025,0,212;3,4,0.2485,0,253
evidence-tabular-train-00510	10	1	1	16,150,40,190,69,21,154,208,65,169,201,168,171,206,27,13,139,141,100,215,77,134,113,62,45,57,146,84,129,93,36,185,117,107,89,5	4,3,0.0095,0,146;2,2,0.1655,0,66;8,4,0.3215,0,101;4,2,0.3845,0,165;3,1,0.3155,0,125;8,4,0.6105,0,141
evidence-tabular-train-00511	7	3	1	170,135,83,117,21,148,69,200,136,195,204,4,41,197,144,159,45,150,112,155,88,109,179,34,64,128,93,56,99,168,26,193,77,58,13,16	3,3,0.0285,0,250;1,0,0.3025,0,73;7,0,0.0755,0,102;4,1,0.1915,0,199;2,3,0.0125,0,145;7,5,0.0405,3,150
evidence-tabular-train-00512	0	3	0	199,71,214,41,117,141,45,100,85,54,113,171,205,89,148,13,31,63,187,123,162,149,208,16,68,136,77,38,4,201,203,131,93,22,110,178	3,3,0.1165,1,37;6,4,0.3875,0,183;5,5,0.8845,2,212;4,3,0.3565,0,71;3,4,0.2875,0,3;2,1,0.0745,0,54
evidence-tabular-train-00513	2	3	1	12,186,150,148,66,62,167,18,51,102,117,154,40,167,162,165,141,159,106,35,4,176,180,33,93,158,81,116,45,70,84,124,137,21,90,130	3,2,0.4705,0,222;8,1,0.0005,0,97;2,4,0.5195,1,31;8,2,0.4805,0,110;5,0,0.9375,0,98;3,0,0.2075,0,54
evidence-tabular-train-00514	2	1	0	180,4,133,10,201,45,117,49,190,93,86,191,104,212,159,17,124,69,37,149,198,136,40,141,60,169,88,21,146,81,214,106,68,194,116,26	3,0,0.2795,0,117;1,3,0.0495,0,130;0,2,0.8065,0,86;8,4,0.0135,0,103;7,0,0.9735,0,10;3,3,0.0655,0,138
evidence-tabular-train-00515	2	2	1	84,172,207,182,69,147,180,114,150,41,60,21,100,45,28,19,93,90,106,65,124,180,38,12,140,203,201,144,200,131,158,185,117,54,6,75	5,2,0.6375,0,116;3,4,0.3705,0,37;5,2,0.2695,0,76;2,2,0.5735,0,142;3,0,0.5395,0,84;3,1,0.9615,3,105
evidence-tabular-train-00516	9	3	2	68,78,151,155,109,137,16,177,57,48,171,83,117,113,142,167,127,32,190,197,21,8,131,163,148,104,11,88,93,211,179,72,163,34,60,42	7,1,0.1645,0,193;7,0,0.4625,3,203;8,2,0.8735,3,66;5,1,0.1975,0,113;7,3,0.3665,0,66;6,1,0.2005,1,9
evidence-tabular-train-00517	6	0	1	214,211,49,135,162,83,61,15,73,213,138,153,40,207,114,3,69,106,158,68,93,45,128,141,38,172,150,88,183,155,145,102,24,17,31,117	2,5,0.3965,3,86;6,4,0.1345,0,123;0,3,0.8855,0,138;0,1,0.0765,0,6;5,0,0.5135,0,104;7,5,0.5325,0,192
evidence-tabular-train-00518	5	2	1	5,107,214,198,64,45,55,28,164,135,117,23,190,137,150,17,127,210,193,35,63,82,172,141,104,15,75,44,160,91,147,182,93,114,69,210	4,5,0.2605,2,139;3,1,0.8905,0,64;6,5,0.1795,0,24;2,0,0.6625,0,60;7,1,0.4155,0,223;6,5,0.3005,0,219
evidence-tabular-train-00519	2	0	2	170,185,117,83,170,208,161,151,141,69,191,113,98,130,94,34,2,30,123,145,107,65,21,189,41,17,89,138,45,79,12,159,54,207,178,58	1,2,0.2305,0,12;5,0,0.2515,0,139;5,0,0.2315,0,126;6,1,0.3995,1,229;1,1,0.2725,0,160;2,0,0.4535,0,222
evidence-tabular-train-00520	9	3	0	190,75,32,69,148,43,68,62,186,116,207,125,50,149,38,10,180,90,161,142,154,139,161,175,102,168,117,135,21,201,45,93,18,82,3,106	2,0,0.5335,0,132;7,4,0.7515,0,75;1,4,0.9765,0,76;2,0,0.4885,0,179;5,0,0.8395,0,244;4,5,0.7685,1,10
evidence-tabular-train-00521	9	3	1	214,93,8,45,148,21,161,191,98,114,56,43,141,64,162,215,188,175,133,35,185,111,123,20,140,27,11,85,119,59,178,174,150,80,92,69	7,1,0.8195,0,204;2,1,0.7475,0,167;7,1,0.0955,0,112;7,3,0.8365,0,178;1,5,0.4345,2,145;2,3,0.9475,0,71
evidence-tabular-train-00522	5	2	2	199,135,200,24,147,7,178,127,51,62,45,155,141,69,187,139,197,187,107,101,90,74,29,151,10,179,16,210,157,38,94,84,117,64,112,44	6,0,0.0425,3,1;4,4,0.9185,0,189;2,4,0.0345,0,69;1,2,0.4315,1,143;4,1,0.1385,0,105;6,5,0.7415,0,130
evidence-tabular-train-00523	1	1	1	195,117,3,196,109,82,92,51,150,21,215,215,76,138,67,212,43,154,146,141,195,37,14,191,97,157,114,60,69,166,31,122,19,93,45,133	2,4,0.6665,0,54;6,3,0.7175,0,47;2,2,0.6095,0,71;3,0,0.8155,0,70;0,3,0.4495,0,251;1,3,0.4745,0,171
evidence-tabular-train-00524	2	1	2	69,130,90,93,100,12,194,60,215,67,73,4,126,84,187,43,114,201,146,204,21,54,151,162,170,107,117,138,33,39,159,192,45,18,162,141	3,2,0.4705,0,253;8,5,0.6495,0,200;5,2,0.7645,0,24;0,2,0.5925,0,89;3,1,0.4895,0,132;5,0,0.5705,0,101
evidence-tabular-train-00525	2	3	0	21,45,96,178,87,64,118,138,205,115,35,100,16,13,149,157,193,111,69,215,124,159,211,209,148,33,196,131,199,141,76,41,91,63,50,4	3,3,0.1355,0,202;8,1,0.3395,0,110;1,5,0.1655,0,5;3,5,0.7395,3,251;3,5,0.7835,1,202;3,1,0.5885,0,90
evidence-tabular-train-00526	1	3	2	40,65,162,26,136,88,199,85,151,180,13,4,55,152,69,185,20,116,61,45,190,23,148,93,177,126,109,211,117,188,166,76,99,35,130,143	3,3,0.9565,2,64;1,1,0.1405,0,230;6,3,0.3535,0,41;3,3,0.0205,0,4;2,3,0.8185,0,144;5,0,0.0645,2,64
evidence-tabular-train-00527	10	3	2	174,125,133,206,162,45,215,117,105,177,36,17,93,137,63,21,161,73,193,13,52,40,141,68,92,115,157,69,27,151,148,201,110,6,193,84	5,3,0.3405,0,214;2,2,0.0195,0,188;3,5,0.9555,0,75;0,2,0.8375,0,138;8,4,0.7505,0,114;4,3,0.3595,0,64
evidence-tabular-train-00528	2	3	0	168,20,28,8,68,148,142,104,43,125,69,118,80,59,140,204,177,184,165,50,163,182,23,203,214,82,114,130,12,45,91,149,93,35,200,110	7,2,0.8565,2,161;3,1,0.6655,0,117;1,1,0.8725,0,32;7,0,0.7165,0,174;7,4,0.5365,1,75;4,0,0.9565,1,60
evidence-tabular-train-00529	2	2	0	108,198,139,141,37,178,166,100,199,20,45,200,153,69,65,28,113,134,211,147,149,21,40,95,86,117,179,188,11,5,88,59,160,52,76,129	4,1,0.9715,0,159;3,3,0.1055,0,116;3,1,0.3245,0,153;3,4,0.0405,2,66;3,2,0.3945,0,136;8,4,0.7295,0,231
evidence-tabular-train-00530	5	2	2	32,147,16,164,175,113,12,75,55,212,62,107,134,46,191,67,166,117,40,125,168,84,140,39,184,206,167,69,141,151,6,21,92,214,98,93	5,2,0.0075,0,181;7,5,0.1885,1,111;6,4,0.7225,0,96;2,2,0.8135,0,41;1,1,0.3505,0,193;4,4,0.9735,0,128
evidence-tabular-train-00531	1	1	1	163,64,20,146,59,156,72,11,141,102,51,154,93,183,35,86,208,197,92,41,200,2,183,150,189,79,113,30,117,135,22,48,137,188,123,108	1,1,0.9895,1,173;5,1,0.2585,3,242;2,1,0.0705,3,1;6,4,0.9935,0,241;5,2,0.2675,0,225;2,5,0.3655,0,232
evidence-tabular-train-00532	6	2	2	104,133,169,167,141,69,116,213,121,89,178,106,84,180,52,21,43,147,139,155,201,34,14,61,28,180,77,16,64,117,163,181,2,45,151,94	1,4,0.0025,0,252;3,0,0.7145,0,102;3,3,0.0495,0,70;4,2,0.2635,1,16;7,0,0.8865,0,222;0,3,0.7125,0,103
evidence-tabular-train-00533	0	3	0	188,11,74,84,17,5,40,30,195,116,124,211,96,192,51,91,191,214,138,215,23,66,198,135,106,104,141,117,149,48,148,39,60,163,191,72	4,1,0.3835,2,9;5,5,0.1275,3,66;2,2,0.5845,3,149;1,2,0.7565,3,217;7,0,0.9785,0,241;3,5,0.4025,0,1
evidence-tabular-train-00534	7	2	2	10,101,21,50,165,112,139,79,121,26,93,9,151,17,118,162,147,165,207,66,157,88,199,69,211,84,203,111,41,48,160,38,141,59,130,157	8,0,0.3655,0,96;1,4,0.2275,3,27;1,1,0.4315,0,215;6,2,0.0085,0,40;4,5,0.0975,1,97;0,0,0.7155,0,17
evidence-tabular-train-00535	7	0	1	61,85,129,133,145,202,111,137,50,6,74,178,183,211,113,117,150,16,191,91,35,204,21,11,179,184,97,68,29,69,171,93,201,142,43,45	5,1,0.0175,0,106;4,1,0.6255,0,116;1,3,0.9085,0,96;1,3,0.6355,0,229;0,5,0.3745,0,76;8,3,0.2255,1,157
evidence-tabular-train-00536	8	1	0	165,210,175,188,78,16,158,51,211,207,93,86,149,140,69,203,121,13,65,2,21,118,43,59,146,112,110,203,98,36,91,45,205,26,132,144	1,3,0.1345,0,140;1,2,0.7885,0,18;2,1,0.2505,0,179;5,4,0.6135,0,32;1,4,0.0285,1,205;0,2,0.8225,3,91
evidence-tabular-train-00537	10	2	2	183,83,138,11,183,170,69,75,144,19,147,151,5,183,29,135,52,124,93,116,120,161,58,37,110,168,21,105,88,45,41,212,185,197,67,198	4,1,0.7985,0,132;4,3,0.3875,0,0;3,0,0.6045,0,102;2,1,0.0975,0,175;8,4,0.9965,3,47;3,5,0.4965,3,76
evidence-tabular-train-00538	5	2	1	150,99,141,170,18,76,163,21,124,131,48,41,62,10,147,153,36,161,66,178,69,215,93,90,115,110,159,7,52,137,29,117,191,195,176,85	6,0,0.5745,0,106;4,2,0.3825,3,48;3,4,0.5895,0,27;3,3,0.4095,0,102;2,4,0.6485,0,108;3,1,0.3935,0,112
evidence-tabular-train-00539	8	2	0	56,161,44,138,37,142,30,6,21,149,93,215,110,130,212,116,167,159,69,180,203,186,67,189,77,86,102,166,123,20,117,45,91,58,147,11	5,1,0.8925,0,242;5,3,0.9855,0,109;7,0,0.6415,0,164;4,4,0.6295,0,164;5,4,0.8185,0,11;2,0,0.5545,1,19
evidence-tabular-train-00540	6	0	0	1,91,62,107,99,188,93,117,86,73,113,40,149,21,45,141,11,170,189,173,55,65,196,154,130,172,214,69,201,145,27,140,34,211,19,123	0,1,0.7545,0,249;2,0,0.1545,0,112;6,4,0.2955,0,213;0,4,0.6435,0,215;2,1,0.3955,0,124;2,0,0.9405,0,100
evidence-tabular-train-00541	7	3	0	155,149,69,161,172,123,196,76,66,12,47,30,109,112,174,61,179,167,38,50,141,120,41,130,148,85,21,99,2,188,139,93,155,88,19,169	1,2,0.7715,0,139;5,4,0.2305,2,152;1,3,0.5845,0,50;3,3,0.0895,0,105;2,3,0.0305,3,129;2,0,0.6385,0,241
evidence-tabular-train-00542	5	2	0	37,212,185,149,152,59,82,45,174,28,132,165,164,16,51,174,142,69,211,113,65,170,139,13,78,4,41,92,95,119,106,105,24,177,147,121	3,3,0.0105,3,166;3,3,0.2555,0,136;2,1,0.3825,0,13;5,0,0.9525,2,48;8,0,0.3375,2,222;0,2,0.6795,1,34
evidence-tabular-train-00543	9	2	1	42,122,178,132,92,150,32,215,114,64,153,93,194,59,45,141,166,136,11,106,99,3,198,69,203,55,185,117,147,37,75,22,82,19,191,213	2,1,0.7535,1,94;7,3,0.4575,0,130;6,1,0.1195,0,12;2,0,0.8355,0,207;2,0,0.5975,0,33;1,2,0.1445,0,100
evidence-tabular-train-00544	9	2	0	158,16,45,93,36,67,26,51,41,89,69,5,21,109,210,134,104,61,187,147,12,136,84,129,115,76,160,165,214,149,196,181,153,155,117,141	4,2,0.1725,0,195;1,2,0.2285,0,86;2,3,0.6215,0,19;3,2,0.2065,0,146;7,3,0.6555,0,90;8,4,0.1875,0,86
evidence-tabular-train-00545	10	1	2	40,21,5,30,61,133,100,174,117,93,69,13,187,174,151,164,45,50,209,36,126,81,143,67,86,213,178,92,115,18,164,139,161,179,146,108	4,3,0.4765,0,91;5,2,0.1065,0,252;1,3,0.7935,0,213;8,4,0.8705,0,119;3,2,0.7585,0,133;5,3,0.7725,2,125
evidence-tabular-train-00546	10	2	2	190,135,167,7,92,125,93,45,38,104,169,210,77,169,203,198,137,67,21,106,176,41,151,69,59,54,12,141,153,117,28,18,147,83,166,114	6,2,0.4055,0,225;3,4,0.2245,0,72;5,1,0.7115,0,172;4,1,0.8295,0,251;7,0,0.5295,0,22;4,5,0.2065,0,119
evidence-tabular-train-00547	6	2	1	7,14,23,130,65,117,181,50,25,139,97,150,17,215,43,71,45,170,147,198,141,184,93,156,88,61,197,111,86,190,177,121,75,34,170,114	6,4,0.3305,2,233;0,0,0.7475,0,36;1,3,0.3715,2,125;2,4,0.1785,0,51;0,5,0.4025,0,32;0,0,0.6465,0,245
evidence-tabular-train-00548	6	1	0	107,85,185,200,166,156,149,124,76,197,1,45,195,142,14,89,25,117,65,53,187,60,36,69,100,93,44,114,21,169,159,146,135,138,153,20	0,4,0.8905,0,78;0,2,0.9635,0,54;4,2,0.3445,0,232;3,3,0.3935,0,18;3,1,0.5255,0,29;3,5,0.4295,1,202
evidence-tabular-train-00549	5	3	0	193,170,161,149,74,153,180,47,10,69,179,65,211,130,17,148,206,36,27,154,84,93,52,40,4,127,141,90,23,117,110,137,114,174,58,103	3,0,0.2775,2,121;2,2,0.0475,2,102;3,0,0.2255,0,17;1,2,0.4485,0,162;6,4,0.4955,0,188;6,0,0.2405,0,158
evidence-tabular-train-00550	9	1	0	61,109,10,203,43,21,64,49,203,71,45,141,153,4,159,16,39,167,100,136,93,124,113,146,135,191,92,84,211,32,149,77,193,117,204,153	3,0,0.1385,0,88;7,5,0.6095,0,84;0,3,0.1125,2,42;4,2,0.9235,0,26;3,3,0.3985,0,75;3,5,0.1905,0,186
evidence-tabular-train-00551	0	3	1	181,89,167,158,125,73,35,110,138,41,114,170,193,141,210,193,93,200,130,47,166,6,68,117,29,69,20,165,150,82,148,99,52,12,21,63	5,2,0.9875,0,255;4,1,0.2185,2,247;3,5,0.8915,0,48;0,0,0.3895,0,170;2,4,0.4655,0,218;4,0,0.4325,0,247
evidence-tabular-train-00552	0	3	0	117,189,8,68,181,148,45,140,75,169,21,90,188,125,180,85,69,179,149,37,40,132,185,100,93,110,26,175,195,12,17,141,115,60,169,54	7,2,0.2685,0,244;1,3,0.0575,0,40;5,2,0.9885,0,235;2,3,0.5895,0,222;3,4,0.7685,0,52;4,2,0.8935,0,254
evidence-tabular-train-00553	10	3	1	126,45,110,157,169,99,200,35,62,132,181,21,55,18,176,74,25,141,150,42,117,209,72,152,9,148,204,172,68,15,93,89,86,156,116,139	8,5,0.5665,0,206;0,1,0.5315,0,134;6,4,0.8155,3,135;1,4,0.3005,0,43;2,4,0.8875,0,121;5,2,0.6895,0,217
evidence-tabular-train-00554	1	3	0	141,185,202,38,113,198,182,213,45,43,55,149,134,85,3,88,178,60,106,123,21,13,211,136,117,153,158,17,27,188,65,93,69,78,99,148	2,3,0.2705,0,62;2,4,0.7315,0,90;6,2,0.3575,0,195;5,3,0.0745,0,210;2,0,0.2425,0,91;2,4,0.1265,0,65
evidence-tabular-train-00555	1	1	1	44,205,27,150,91,198,64,77,112,93,69,189,45,9,132,141,22,98,63,109,197,121,136,10,170,20,213,117,146,52,36,172,173,83,157,199	8,0,0.9415,1,51;2,2,0.8245,0,92;3,5,0.0265,0,126;4,1,0.7125,0,94;1,3,0.1045,0,90;0,2,0.0925,0,14
evidence-tabular-train-00556	5	2	2	163,170,11,69,107,7,139,200,20,88,45,35,113,40,118,195,169,141,84,98,65,147,186,21,58,124,93,134,52,198,151,76,29,208,211,157	6,1,0.9945,0,102;4,1,0.0385,0,95;3,0,0.3775,0,181;3,2,0.0485,0,202;1,1,0.2095,1,199;3,4,0.6905,0,137
evidence-tabular-train-00557	1	1	1	3,195,108,53,140,32,99,84,115,176,199,179,66,146,62,117,22,192,204,92,18,161,45,154,71,141,12,93,42,123,150,38,132,73,196,194	2,2,0.5465,1,203;7,4,0.4495,0,119;4,4,0.4625,2,219;0,2,0.8135,0,189;2,2,0.7435,0,106;2,2,0.9485,0,233
evidence-tabular-train-00558	0	3	2	151,119,47,89,7,124,58,55,157,205,42,130,190,141,113,21,87,26,157,104,170,201,93,76,199,71,148,17,191,199,68,15,210,136,38,111	6,5,0.2505,0,216;1,4,0.4125,2,38;6,0,0.8915,2,25;3,5,0.2725,0,26;7,5,0.3065,2,148;3,0,0.0475,0,191
evidence-tabular-train-00559	8	1	2	91,69,52,154,114,19,141,77,146,214,151,137,205,94,98,164,208,86,110,64,26,62,166,40,126,210,118,172,10,37,178,45,161,133,3,21	2,0,0.7585,0,38;1,3,0.1885,0,142;3,4,0.0235,0,88;4,4,0.6955,1,169;1,4,0.4665,1,131;5,3,0.3425,0,182
evidence-tabular-train-00560	2	1	1	131,180,150,30,116,168,9,69,93,197,208,127,40,63,75,65,140,211,35,103,91,195,157,20,191,146,111,45,21,118,183,82,206,12,54,141	8,2,0.8375,0,157;5,1,0.1195,0,145;5,5,0.3885,0,28;2,0,0.6275,0,143;6,5,0.9665,1,235;6,1,0.8285,0,245
evidence-tabular-train-00561	0	3	2	8,158,20,141,148,12,41,89,201,64,58,25,38,208,117,114,24,133,151,182,100,215,93,155,74,109,85,126,175,138,69,45,187,196,180,49	7,2,0.8265,3,191;0,4,0.3935,0,30;0,0,0.0745,0,110;1,3,0.2035,0,112;3,3,0.4635,0,73;5,3,0.5075,0,81
evidence-tabular-train-00562	7	1	1	110,141,150,45,53,117,101,74,116,134,169,189,146,137,65,63,182,93,43,21,69,165,170,26,91,12,185,196,39,199,17,171,85,168,128,3	2,2,0.2375,0,103;1,5,0.6995,0,186;4,5,0.2965,0,143;1,3,0.6275,0,78;4,4,0.8235,0,255;7,4,0.2275,0,204
evidence-tabular-train-00563	2	3	1	141,3,109,210,176,18,53,34,69,167,117,150,153,148,32,91,162,129,178,11,210,208,79,45,93,113,21,134,138,160,59,194,84,100,44,68	2,1,0.4095,0,62;7,0,0.8665,0,129;4,1,0.8825,0,132;6,2,0.6315,0,123;3,3,0.2735,0,11;8,4,0.4905,0,71
evidence-tabular-train-00564	4	1	2	116,141,23,151,20,117,59,135,15,211,136,201,45,84,76,146,214,3,209,92,213,69,28,38,56,64,203,163,126,110,93,164,98,176,167,43	2,5,0.9355,2,177;3,4,0.6375,0,165;7,1,0.0165,0,74;3,2,0.8575,0,175;1,4,0.8665,0,206;5,5,0.0405,0,157
evidence-tabular-train-00565	5	3	1	32,93,212,63,205,185,14,199,207,40,124,141,115,137,21,148,65,39,133,16,78,69,156,97,120,150,6,159,45,196,86,88,55,189,155,110	5,4,0.1775,0,252;7,5,0.0405,0,134;6,5,0.3965,0,237;5,4,0.1445,0,146;0,4,0.6955,3,138;3,3,0.2275,0,39
evidence-tabular-train-00566	2	2	1	65,141,92,112,71,136,63,121,170,182,198,24,147,10,180,178,167,107,45,207,150,168,119,78,52,133,156,29,184,83,3,43,35,93,103,20	2,0,0.8535,3,5;4,1,0.7195,0,105;3,5,0.2875,2,7;5,1,0.8995,0,53;6,1,0.1305,2,232;0,3,0.0185,0,184
evidence-tabular-train-00567	2	3	2	49,34,117,214,140,46,100,193,28,153,148,194,82,23,14,212,96,106,192,71,74,125,151,5,89,162,206,19,41,162,143,133,59,184,113,64	4,4,0.7305,2,36;3,0,0.2035,1,20;0,1,0.1385,2,159;1,0,0.2135,3,244;3,0,0.2135,0,68;4,3,0.9615,2,142
evidence-tabular-train-00568	1	3	0	123,51,148,210,79,112,93,18,117,193,90,160,141,69,189,163,111,15,153,47,36,21,33,67,104,157,174,61,163,214,139,85,149,44,7,132	6,5,0.4005,0,95;8,2,0.8125,2,185;2,3,0.6535,0,180;6,3,0.4195,0,183;7,5,0.1585,0,21;2,2,0.7325,0,31
evidence-tabular-train-00569	6	0	1	103,45,87,42,69,123,81,12,166,181,21,143,211,158,91,160,184,96,109,2,25,189,130,150,112,66,156,173,181,16,136,117,39,145,51,59	1,2,0.1035,0,166;0,5,0.4085,0,157;2,1,0.5185,0,5;8,5,0.7115,3,218;6,3,0.0795,0,149;2,0,0.1505,2,153
evidence-tabular-train-00570	1	3	1	93,182,83,43,164,193,76,177,148,6,18,21,150,194,91,45,51,122,141,170,61,69,12,185,137,100,27,160,130,36,163,68,112,152,117,109	5,2,0.4015,0,13;2,2,0.6035,0,125;2,3,0.9005,0,142;3,1,0.7055,0,176;3,3,0.0985,0,110;1,0,0.2725,0,150
evidence-tabular-train-00571	4	1	1	146,43,121,199,163,168,99,36,150,60,160,165,154,18,170,75,197,96,84,4,21,141,13,45,203,117,137,69,51,33,206,88,113,109,132,65	3,3,0.5105,0,40;8,2,0.6505,0,33;2,2,0.2135,0,39;2,2,0.1545,3,131;2,3,0.2055,0,58;0,2,0.3055,0,71
evidence-tabular-train-00572	1	1	0	50,160,135,40,175,78,174,175,176,89,160,67,156,93,149,122,69,38,146,4,117,99,184,48,23,211,18,114,10,82,111,59,184,141,30,139	3,0,0.4795,2,130;5,4,0.0205,3,163;1,1,0.7035,0,5;5,0,0.2855,0,236;2,5,0.4045,0,20;1,5,0.6055,0,222
evidence-tabular-train-00573	10	0	1	44,101,168,69,117,31,141,59,150,176,165,180,37,168,192,176,169,109,145,14,5,203,21,93,128,161,75,114,53,140,20,84,45,89,65,132	4,4,0.8505,0,92;6,3,0.9415,0,228;4,1,0.2145,0,157;2,2,0.3415,0,199;4,3,0.5825,0,114;7,2,0.8405,0,141
evidence-tabular-train-00574	9	1	0	92,141,133,115,209,80,57,42,93,202,212,202,206,21,117,202,173,12,60,45,149,64,103,162,146,111,3,169,137,129,84,34,26,17,176,69	2,2,0.2445,0,95;1,0,0.5355,0,240;8,2,0.1535,0,109;7,2,0.8565,0,50;6,5,0.7895,0,225;8,3,0.3345,0,217
evidence-tabular-train-00575	7	1	0	199,15,182,21,149,64,89,97,36,75,117,146,42,161,18,141,26,138,127,162,50,93,130,60,69,162,45,208,157,87,2,163,194,116,193,106	1,5,0.4595,0,20;1,2,0.5685,0,178;1,2,0.0785,0,88;2,5,0.3295,0,152;0,0,0.8935,0,176;6,0,0.5545,0,157
evidence-tabular-train-00576	5	2	1	141,18,204,2,86,98,45,201,132,195,21,147,203,183,40,169,113,68,163,137,11,93,92,34,161,122,117,150,59,106,69,51,167,79,27,212	1,1,0.5035,0,244;2,0,0.0875,0,231;2,1,0.9205,0,91;6,4,0.9435,0,235;1,0,0.3935,0,108;1,2,0.3615,0,88
evidence-tabular-train-00577	7	0	2	66,138,130,82,151,19,143,69,94,145,21,206,45,36,75,111,189,212,98,89,126,156,117,115,194,26,174,58,183,13,180,188,55,42,179,5	4,3,0.7895,0,180;1,2,0.5705,0,233;6,0,0.5485,0,17;2,0,0.2605,1,223;1,5,0.6305,0,188;5,0,0.4335,2,188
evidence-tabular-train-00578	1	2	0	147,193,115,106,139,207,93,42,155,193,117,154,99,37,132,76,172,54,210,211,45,149,91,58,194,193,84,21,16,27,141,4,12,129,69,64	3,2,0.0115,0,147;2,3,0.5745,0,136;5,0,0.0315,0,214;3,2,0.6805,0,12;2,0,0.7105,0,1;8,2,0.7065,0,29
evidence-tabular-train-00579	5	1	1	108,134,33,69,100,176,213,21,118,94,150,76,7,204,171,50,39,116,60,82,195,47,40,141,146,197,210,90,193,65,19,12,123,175,196,136	6,2,0.7145,0,57;8,5,0.1965,2,170;1,2,0.2515,0,12;3,0,0.5375,1,93;3,2,0.8495,1,10;2,4,0.0585,0,43
evidence-tabular-train-00580	0	3	2	178,114,173,21,66,187,111,209,139,18,14,200,52,161,86,69,41,132,63,45,208,127,151,161,89,104,148,76,141,9,27,167,117,93,34,186	8,4,0.4665,0,252;2,0,0.2115,0,134;3,5,0.5865,0,249;3,4,0.2665,0,239;7,5,0.4115,0,246;6,2,0.7875,0,2
evidence-tabular-train-00581	10	3	2	116,210,202,65,45,7,20,148,107,166,52,119,97,13,93,205,191,62,186,37,151,133,40,29,83,214,156,144,69,156,137,77,24,91,164,124	6,3,0.9685,3,57;4,3,0.1985,0,84;3,4,0.3585,0,159;4,1,0.6245,0,164;0,1,0.9365,2,110;3,3,0.2465,3,8
evidence-tabular-train-00582	9	0	2	62,85,187,145,44,136,16,45,209,93,152,151,167,202,7,102,215,21,141,117,32,198,92,129,159,73,112,198,56,71,109,39,66,132,210,15	6,5,0.1815,0,3;7,5,0.9985,0,136;7,4,0.5125,2,200;0,3,0.9975,0,35;5,3,0.0485,0,58;8,2,0.1845,0,184
evidence-tabular-train-00583	1	1	0	7,35,137,117,129,142,51,135,10,18,89,93,201,45,103,214,167,161,200,149,161,153,68,69,84,27,116,111,61,77,206,197,21,153,146,41	6,0,0.4185,0,110;2,1,0.2805,0,10;2,3,0.9485,0,138;4,2,0.3455,0,238;6,5,0.8175,0,70;8,5,0.2155,1,200
evidence-tabular-train-00584	5	2	2	136,64,17,14,213,108,40,45,117,164,103,191,7,166,180,58,151,34,133,86,153,161,93,147,141,89,116,75,204,123,27,70,202,21,184,51	6,4,0.3835,0,40;2,0,0.1295,0,214;2,0,0.0055,1,107;2,4,0.3215,0,97;6,2,0.8825,0,58;2,3,0.1205,0,112
evidence-tabular-train-00585	10	1	0	16,137,133,21,93,184,141,206,12,69,57,45,29,204,63,116,80,42,195,4,85,179,176,67,190,117,172,89,111,157,105,146,149,128,180,36	3,2,0.0505,0,142;4,2,0.5585,0,24;8,5,0.6295,0,62;7,3,0.2015,0,204;8,5,0.9715,0,191;7,3,0.3835,0,14
evidence-tabular-train-00586	5	3	2	160,207,21,45,107,175,151,204,102,61,17,2,138,133,88,171,93,190,169,79,207,67,69,148,112,192,83,37,56,141,31,124,154,117,44,12	1,2,0.3905,0,11;6,3,0.8115,0,14;7,3,0.6885,0,92;6,1,0.1725,0,75;5,1,0.0995,0,188;3,3,0.5785,0,151
evidence-tabular-train-00587	9	3	0	43,23,95,101,69,17,149,14,54,163,9,160,34,148,86,205,32,154,58,115,124,79,160,45,140,90,135,189,107,212,212,67,120,162,142,180	8,4,0.3555,2,145;7,0,0.6385,0,246;5,0,0.7555,0,216;6,4,0.5055,2,145;4,1,0.7205,3,206;3,5,0.9965,1,95
evidence-tabular-train-00588	9	3	0	45,70,141,197,191,169,204,16,39,117,23,149,4,207,169,42,88,182,128,81,115,138,32,180,59,148,93,135,13,56,105,86,67,155,107,186	3,3,0.1045,2,231;7,5,0.5675,0,137;7,1,0.6115,1,223;8,4,0.0395,0,39;8,1,0.6405,0,189;7,5,0.4715,0,113
evidence-tabular-train-00589	10	2	2	129,160,113,43,211,157,100,35,110,196,21,212,170,93,91,6,78,65,133,175,147,27,69,182,18,13,140,214,45,141,60,49,151,117,83,203	5,3,0.5345,0,76;2,1,0.7785,0,64;0,2,0.2805,0,3;5,1,0.7675,0,228;3,4,0.3265,0,125;8,3,0.9605,0,120
evidence-tabular-train-00590	7	2	1	176,69,144,150,209,35,21,93,65,32,200,91,74,117,176,41,214,109,17,171,51,184,183,190,45,15,124,3,59,98,168,114,147,139,83,133	2,5,0.2205,0,8;7,1,0.2555,0,96;2,1,0.3575,0,251;1,1,0.6195,0,243;1,3,0.5245,0,194;3,3,0.6885,3,40
evidence-tabular-train-00591	1	2	1	161,21,19,205,137,67,182,27,38,41,89,108,168,176,133,96,52,69,76,58,147,182,165,84,117,105,128,45,150,192,115,204,14,203,3,141	2,4,0.7065,0,250;2,4,0.3005,0,246;3,0,0.6695,0,26;3,2,0.2665,3,51;8,2,0.7375,0,115;7,3,0.2865,0,93
evidence-tabular-train-00592	1	2	1	19,184,46,21,208,83,99,71,168,38,89,141,183,193,50,110,93,182,173,123,40,75,113,59,131,25,6,147,150,192,117,64,138,11,187,202	5,1,0.6275,0,171;0,4,0.0255,1,242;1,1,0.0955,2,194;2,1,0.3035,0,110;2,4,0.3365,0,47;2,1,0.4745,0,94
evidence-tabular-train-00593	2	3	1	112,179,131,60,92,95,67,45,140,200,160,2,11,125,195,193,21,37,142,213,200,169,69,107,19,158,119,148,75,53,99,41,150,206,27,84	1,1,0.6305,0,205;2,3,0.3095,0,108;4,2,0.6405,0,114;2,2,0.8705,2,132;2,1,0.1165,2,171;4,1,0.8045,1,34
evidence-tabular-train-00594	1	2	2	21,181,159,69,147,25,51,167,172,68,96,76,114,43,117,61,19,45,130,211,160,5,137,161,89,87,121,141,107,187,13,151,36,169,102,164	4,3,0.7865,0,47;0,2,0.7585,0,105;2,3,0.9675,0,72;3,5,0.3265,3,177;5,1,0.5165,0,60;0,0,0.3405,0,185
evidence-tabular-train-00595	2	2	0	191,59,205,36,115,210,147,106,102,184,117,69,182,193,141,187,126,26,139,131,64,200,10,18,80,88,21,95,182,47,149,7,51,42,168,87	6,0,0.5105,0,223;1,2,0.4565,2,15;2,1,0.0655,0,150;7,5,0.1845,2,46;5,0,0.6535,0,23;5,1,0.6355,0,51
evidence-tabular-train-00596	9	2	0	93,140,182,2,185,61,165,141,194,135,160,17,174,32,113,86,81,56,39,65,213,89,208,69,109,15,117,147,149,21,177,47,128,99,42,189	1,5,0.3715,0,53;7,5,0.4725,2,107;7,3,0.2435,0,123;8,4,0.2275,0,222;2,3,0.3175,0,193;7,5,0.8945,0,252
evidence-tabular-train-00597	10	2	1	21,122,150,141,198,68,37,9,17,163,206,147,175,11,53,169,69,94,91,139,131,108,195,117,45,113,61,158,195,81,43,180,186,33,102,83	8,1,0.3005,0,146;8,3,0.6665,0,117;4,3,0.8195,0,113;8,1,0.6375,1,67;5,2,0.3025,0,186;1,1,0.7765,0,186
evidence-tabular-train-00598	9	1	1	16,166,3,40,212,179,129,182,88,150,178,177,56,137,144,146,110,170,45,37,69,117,77,168,13,183,63,27,83,68,113,132,99,186,24,93	2,3,0.0155,3,247;2,3,0.1645,0,63;7,5,0.9185,0,227;4,1,0.0185,0,149;2,4,0.2575,0,73;8,2,0.3725,3,17
evidence-tabular-train-00599	2	1	1	187,66,134,197,138,141,76,45,57,150,93,189,162,146,206,111,28,82,179,187,156,35,126,191,113,11,92,195,58,117,69,97,21,41,2,17	1,1,0.3365,0,206;3,1,0.2265,0,70;8,0,0.5385,0,29;3,0,0.9935,0,4;0,5,0.2755,0,158;5,4,0.5425,0,170
evidence-tabular-train-00600	10	1	0	192,83,111,21,37,124,74,117,15,99,212,20,197,49,9,149,133,178,60,187,146,165,137,40,93,89,142,162,69,199,64,48,213,28,112,214	8,5,0.9525,0,87;3,3,0.1315,3,252;0,2,0.0775,0,93;1,1,0.3075,0,47;2,5,0.1345,0,255;3,3,0.2585,1,230
evidence-tabular-train-00601	1	2	2	19,159,164,151,79,69,169,215,21,86,33,45,121,43,65,136,103,51,89,182,158,3,15,114,38,172,189,183,147,141,153,59,117,110,130,93	2,5,0.7545,0,66;8,4,0.6615,0,178;2,1,0.2325,0,159;6,4,0.3465,0,14;6,4,0.4175,0,206;0,0,0.0485,0,78
evidence-tabular-train-00602	6	0	1	184,117,24,93,97,139,49,87,141,40,75,150,17,63,209,180,123,210,45,13,66,29,184,187,36,132,145,213,115,176,174,109,69,170,90,9	8,3,0.3725,3,44;4,2,0.1095,0,141;0,5,0.4165,0,63;2,5,0.5285,0,210;0,3,0.6125,0,93;2,2,0.7655,0,89
evidence-tabular-train-00603	6	0	2	23,11,55,20,43,45,152,126,106,105,161,39,136,210,133,197,160,207,70,204,93,59,151,117,25,115,213,77,92,83,3,145,184,141,197,66	2,1,0.9635,2,191;0,5,0.6655,0,181;6,1,0.5925,1,118;4,1,0.9005,0,19;8,0,0.6155,0,129;5,3,0.1315,0,149
evidence-tabular-train-00604	1	1	0	82,182,210,207,172,44,60,140,70,162,80,3,116,184,107,19,196,24,48,133,52,15,117,193,99,37,141,195,31,178,127,68,91,93,146,149	2,5,0.7515,3,89;6,3,0.9175,3,138;3,2,0.9925,1,59;7,0,0.7755,0,13;2,1,0.9285,0,105;6,3,0.8825,0,179
evidence-tabular-train-00605	8	2	0	190,112,211,33,106,186,48,212,53,37,99,153,147,19,87,162,208,133,137,78,156,176,23,89,40,125,58,69,2,11,93,118,144,149,178,66	1,1,0.6995,2,18;8,3,0.0675,3,11;4,0,0.4165,0,122;5,5,0.3225,0,181;2,0,0.0165,1,127;4,3,0.2235,3,62
evidence-tabular-train-00606	7	2	2	6,111,147,181,59,151,50,30,21,159,69,67,104,130,125,181,45,75,179,198,190,112,136,141,181,37,181,16,12,157,88,200,84,117,40,93	5,2,0.1705,0,228;5,3,0.1595,0,137;1,1,0.6575,0,139;2,2,0.0235,0,194;7,5,0.0245,0,245;4,0,0.0085,0,198
evidence-tabular-train-00607	10	3	1	182,100,154,40,178,184,201,17,191,46,120,77,87,141,15,110,28,68,35,93,140,165,159,21,88,1,150,124,114,57,148,184,160,63,134,69	0,5,0.3055,0,61;3,1,0.1885,1,170;8,5,0.8525,0,17;4,5,0.0005,0,65;3,4,0.5355,3,238;3,4,0.8505,0,192
evidence-tabular-train-00608	5	0	2	64,215,162,3,14,93,129,117,207,207,45,77,60,166,154,134,161,40,203,85,164,103,33,88,196,145,49,16,143,115,151,21,35,111,136,69	2,4,0.0925,0,254;8,1,0.1345,0,78;0,2,0.0865,0,249;4,3,0.0115,0,41;6,5,0.7775,0,194;8,4,0.0695,2,205
evidence-tabular-train-00609	5	2	1	45,118,121,152,40,183,135,87,153,150,66,106,176,16,204,147,171,140,33,69,116,172,141,21,171,52,165,91,38,98,209,93,8,12,60,76	7,2,0.1465,0,34;8,4,0.0635,0,4;3,2,0.4395,0,242;3,5,0.7975,0,28;1,0,0.8805,1,160;0,5,0.9445,0,95
evidence-tabular-train-00610	8	3	1	14,150,166,36,111,103,158,194,43,66,92,130,205,61,167,93,80,32,211,156,209,57,177,86,45,6,138,116,148,69,21,141,20,120,161,126	5,4,0.8215,0,235;7,2,0.6405,0,162;8,3,0.4885,0,217;7,4,0.9675,0,152;6,5,0.9555,3,70;5,0,0.5675,0,14
evidence-tabular-train-00611	1	1	1	161,123,62,44,99,131,156,107,56,172,6,158,163,77,139,167,88,38,141,11,112,163,146,64,69,93,87,27,117,150,17,206,48,180,155,21	5,1,0.2995,0,193;2,4,0.8855,3,66;7,4,0.0205,0,181;4,5,0.0855,0,235;2,1,0.0315,0,70;2,1,0.6605,0,26
evidence-tabular-train-00612	2	2	1	147,6,42,21,204,12,83,127,182,181,48,61,136,113,103,31,195,205,35,19,71,67,117,92,183,93,174,49,132,186,193,150,109,210,73,141	5,2,0.6015,0,215;6,1,0.4915,3,233;0,3,0.6475,2,10;0,1,0.8125,0,184;6,3,0.2895,0,225;6,2,0.0175,0,80
evidence-tabular-train-00613	10	2	0	62,199,112,1,45,132,97,141,57,117,164,205,177,208,205,166,12,186,21,84,89,149,33,166,69,123,67,37,147,19,214,93,111,138,43,78	0,2,0.7925,0,83;8,3,0.7345,0,86;8,4,0.6205,0,109;5,2,0.3925,0,29;0,5,0.0385,0,160;2,2,0.5305,0,26
evidence-tabular-train-00614	1	0	2	117,102,64,209,107,96,207,92,151,198,213,155,197,123,141,140,145,112,21,81,209,83,130,63,27,184,16,54,45,35,40,69,13,180,3,177	2,3,0.1705,0,237;2,1,0.1305,0,231;5,5,0.0995,0,198;8,1,0.9565,3,115;5,1,0.0225,0,182;2,0,0.8545,0,223
evidence-tabular-train-00615	1	0	0	145,29,193,154,141,168,192,202,103,45,199,114,118,159,11,72,8,122,133,66,180,138,90,57,107,75,20,149,42,162,93,21,87,39,63,206	7,1,0.8235,0,228;4,5,0.4135,0,95;8,5,0.5645,3,204;2,5,0.4755,0,157;6,1,0.4545,1,4;1,3,0.4255,0,235
evidence-tabular-train-00616	7	2	0	182,178,21,124,168,92,177,38,95,31,195,83,62,179,97,149,160,19,40,80,2,196,111,13,113,147,136,54,69,45,117,141,172,131,199,65	1,3,0.6095,0,147;6,4,0.1285,0,51;5,4,0.3675,0,146;7,1,0.8935,2,72;0,5,0.3035,0,132;3,1,0.1885,0,139
evidence-tabular-train-00617	5	2	0	41,13,71,135,33,149,109,197,90,99,171,147,166,81,124,194,53,175,115,21,139,141,20,205,45,64,82,205,193,94,186,61,117,165,8,35	7,3,0.9735,0,162;8,1,0.3575,0,173;4,3,0.1315,2,139;8,0,0.4125,1,134;2,3,0.6275,0,72;3,5,0.6595,0,217
evidence-tabular-train-00618	10	1	0	149,101,155,139,143,47,134,203,184,192,179,83,196,21,53,170,17,125,43,192,146,93,211,117,39,68,69,31,116,88,106,8,81,63,211,10	7,0,0.2415,0,209;6,5,0.7165,2,139;4,5,0.9625,0,251;8,1,0.0175,0,140;4,0,0.8035,0,14;4,4,0.6515,2,199
evidence-tabular-train-00619	1	3	1	6,135,144,182,148,180,215,20,161,83,79,11,138,62,52,27,118,213,184,44,93,64,150,196,45,103,37,109,124,193,155,115,90,23,195,70	5,1,0.9925,2,241;2,3,0.9815,0,145;3,4,0.0735,1,86;6,1,0.5565,0,21;6,3,0.7045,1,48;3,5,0.5435,3,56
evidence-tabular-train-00620	9	1	0	171,66,8,138,84,91,187,213,166,154,35,41,14,131,79,45,178,69,118,169,52,213,58,97,146,108,149,177,93,21,29,141,20,112,121,197	7,4,0.9825,0,239;4,1,0.3195,0,136;3,0,0.5035,0,185;6,2,0.7415,0,228;0,2,0.0135,1,234;0,1,0.4515,0,37
evidence-tabular-train-00621	7	3	2	69,74,138,211,42,183,126,22,7,45,175,171,105,177,114,134,195,162,39,93,141,162,64,91,151,59,15,108,148,16,117,173,52,26,191,82	6,5,0.1995,1,177;1,5,0.4265,0,116;3,1,0.0165,0,4;1,0,0.6685,0,29;8,2,0.5705,0,221;5,4,0.5545,0,115
evidence-tabular-train-00622	4	1	0	97,169,149,83,197,18,28,126,146,205,69,202,93,63,134,24,43,52,215,80,112,45,92,154,141,190,117,202,65,108,182,175,12,2,137,34	1,2,0.4825,3,13;3,0,0.6045,0,203;3,5,0.3995,0,239;7,1,0.8575,0,223;0,2,0.1885,0,203;5,4,0.2015,0,43
evidence-tabular-train-00623	4	1	0	21,69,64,73,117,169,16,43,134,149,176,155,164,58,187,7,97,27,49,93,45,88,198,124,166,39,177,11,204,184,146,85,139,110,116,141	6,1,0.0715,0,38;2,5,0.6365,0,155;0,0,0.1325,0,247;0,3,0.1915,0,22;0,4,0.8915,0,227;3,4,0.6165,0,37
evidence-tabular-train-00624	4	1	0	19,149,1,212,129,191,69,62,39,51,108,82,146,117,188,28,141,204,114,45,138,153,95,161,76,90,207,42,99,15,134,206,169,211,21,67	0,5,0.6615,0,47;3,5,0.4925,0,13;2,4,0.6185,0,182;3,0,0.5175,2,226;2,2,0.5185,0,100;8,4,0.4855,0,219
evidence-tabular-train-00625	1	1	1	69,8,202,75,170,121,93,166,206,185,58,54,143,111,21,39,12,135,205,100,45,20,182,138,150,181,25,64,146,193,117,42,113,87,177,90	7,2,0.9365,0,69;0,5,0.4075,0,21;5,0,0.1025,0,64;2,5,0.5685,0,64;3,5,0.3475,0,189;0,5,0.4015,2,246
evidence-tabular-train-00626	1	1	0	162,94,157,215,75,146,42,202,135,3,115,149,36,111,45,68,136,141,203,69,17,122,22,158,98,61,183,27,92,215,12,163,154,87,51,117	2,2,0.2165,1,17;2,2,0.4375,0,98;2,3,0.9805,0,29;2,5,0.8335,1,185;1,5,0.6285,0,33;1,5,0.1335,0,237
evidence-tabular-train-00627	9	3	1	57,141,199,69,17,12,194,119,211,99,158,26,23,91,159,133,182,204,93,58,3,139,148,196,182,66,40,46,77,115,85,202,150,107,38,128	2,2,0.2315,2,72;1,4,0.1695,1,32;8,0,0.4405,0,97;4,3,0.7025,0,167;2,1,0.7575,2,202;7,3,0.6795,0,135
evidence-tabular-train-00628	1	2	1	3,117,88,210,84,167,78,141,27,51,212,12,134,140,154,156,147,68,38,203,43,154,21,126,93,69,45,150,59,116,107,176,210,174,19,97	2,2,0.6075,0,113;2,4,0.6055,0,64;2,1,0.8635,0,179;5,2,0.0455,0,214;0,1,0.9285,0,129;5,4,0.9765,0,167
evidence-tabular-train-00629	10	2	2	59,117,18,84,67,138,142,184,194,133,157,190,27,21,111,69,92,151,99,9,40,45,174,113,36,96,129,147,208,204,53,181,197,12,80,207	8,2,0.4355,0,202;2,2,0.1105,0,134;4,1,0.7705,0,226;7,2,0.9525,3,164;2,5,0.3635,0,86;8,3,0.5425,1,233
evidence-tabular-train-00630	5	2	0	147,180,93,140,141,66,58,153,3,45,215,194,83,167,124,202,14,157,107,56,116,135,21,44,92,205,69,30,34,80,98,201,20,119,177,149	2,4,0.9915,0,229;5,0,0.8125,0,21;7,0,0.4535,0,89;7,1,0.8065,0,17;1,1,0.9725,2,245;3,5,0.8975,0,135
evidence-tabular-train-00631	10	0	0	167,48,18,42,179,199,213,102,57,114,139,133,145,155,10,25,80,87,37,144,69,149,61,166,21,159,93,67,3,120,125,165,88,189,106,206	2,0,0.5425,0,248;0,3,0.5955,3,15;8,3,0.7995,0,195;7,5,0.0925,0,248;5,0,0.5755,3,201;4,3,0.7115,3,65
evidence-tabular-train-00632	5	1	1	133,204,37,174,195,161,47,146,79,64,139,207,10,43,90,93,22,202,189,119,7,166,69,27,161,142,85,63,150,18,97,106,159,123,112,52	6,0,0.4305,1,136;2,3,0.7745,2,229;3,5,0.1395,0,52;6,3,0.4875,0,102;0,0,0.0815,2,102;2,3,0.6065,1,204
evidence-tabular-train-00633	5	2	2	78,91,69,21,141,153,208,168,68,55,28,105,159,147,189,167,192,205,117,153,63,135,109,46,124,151,139,44,112,86,35,20,93,189,15,2	1,5,0.9045,0,172;3,1,0.9495,1,29;6,5,0.9805,0,242;5,4,0.7895,0,131;8,3,0.1635,0,39;3,5,0.6475,0,172
evidence-tabular-train-00634	1	0	2	3,45,18,62,83,113,78,141,208,197,164,198,151,178,173,14,21,27,203,135,145,110,162,105,91,136,93,43,203,64,53,169,34,69,117,121	2,4,0.5935,0,56;2,0,0.7195,0,219;4,4,0.1885,0,210;5,1,0.6785,0,120;8,4,0.2125,0,210;0,5,0.1955,0,203
evidence-tabular-train-00635	1	3	1	24,18,169,69,192,51,1,75,42,192,12,35,215,110,105,169,113,45,140,213,92,66,60,123,197,168,150,32,130,148,86,94,117,141,193,157	0,2,0.5045,3,137;7,1,0.5165,0,214;2,2,0.5195,0,113;2,4,0.9095,1,233;8,4,0.2115,0,171;2,0,0.9085,0,50
evidence-tabular-train-00636	4	1	2	17,146,21,62,114,189,117,167,69,140,174,86,171,45,100,32,75,207,153,3,90,34,135,178,153,151,66,15,52,123,180,41,143,93,110,180	2,5,0.2595,0,179;7,0,0.2315,0,241;3,4,0.5625,0,100;2,4,0.4385,0,219;3,4,0.4125,0,150;2,5,0.8085,2,75
evidence-tabular-train-00637	8	1	2	133,117,141,88,62,114,26,165,69,36,212,162,77,124,19,93,160,6,164,185,45,102,15,54,64,21,83,208,106,185,140,164,151,44,200,146	5,5,0.6055,0,36;1,2,0.8495,0,197;5,4,0.1235,0,39;4,1,0.0245,0,138;5,0,0.4365,0,90;3,3,0.9515,0,213
evidence-tabular-train-00638	2	0	0	198,113,21,65,203,91,179,126,82,101,189,40,130,187,152,199,141,45,34,78,201,145,106,3,14,214,137,93,117,152,16,149,59,56,69,27	2,4,0.0005,0,186;2,0,0.0585,0,101;7,1,0.2225,0,159;5,0,0.6125,0,52;4,0,0.3975,0,36;5,0,0.3025,0,29
evidence-tabular-train-00639	9	0	0	192,38,109,198,105,153,141,182,159,77,21,188,14,121,93,61,87,138,8,154,145,114,131,45,65,149,44,159,69,117,195,32,92,185,51,19	7,4,0.7445,0,124;7,4,0.9875,0,97;2,3,0.3815,0,78;4,5,0.8755,0,35;8,3,0.5655,0,218;0,1,0.4215,0,160
evidence-tabular-train-00640	6	1	1	3,112,172,134,39,150,166,49,181,117,108,21,88,63,137,18,204,213,83,146,11,47,44,141,69,168,79,213,173,103,121,26,155,66,186,93	2,1,0.4965,0,49;1,5,0.8525,2,16;0,5,0.4745,0,46;6,1,0.1595,0,213;6,2,0.0685,0,174;0,4,0.2415,0,181
evidence-tabular-train-00641	6	1	2	213,21,68,146,201,25,51,60,124,184,154,137,93,117,70,74,11,130,164,84,206,39,113,194,199,8,107,90,103,151,19,44,45,210,205,141	7,1,0.6755,0,165;0,5,0.9385,0,148;2,2,0.9445,1,224;1,2,0.5045,0,157;6,1,0.3785,0,186;3,0,0.2825,0,60
evidence-tabular-train-00642	8	2	1	79,123,40,95,39,176,64,136,101,160,161,114,69,117,53,6,62,82,147,141,45,27,195,173,91,150,13,185,19,167,130,106,209,154,21,172	5,3,0.7585,0,151;2,5,0.0965,0,113;4,4,0.0795,0,148;6,0,0.7345,2,172;4,0,0.5275,0,167;2,0,0.1395,0,54
evidence-tabular-train-00643	1	1	2	93,114,189,207,92,161,207,31,17,122,71,44,79,2,21,108,166,36,58,153,139,208,209,146,117,141,99,51,205,14,210,151,82,130,68,45	1,4,0.3865,0,94;6,2,0.9855,0,189;2,0,0.9425,2,153;6,0,0.8205,0,65;2,2,0.5815,0,28;1,0,0.6435,0,121
evidence-tabular-train-00644	5	2	1	185,16,141,139,202,134,127,84,43,203,68,1,103,30,169,201,111,91,177,190,59,93,21,69,80,36,117,198,15,150,45,52,163,147,115,154	0,5,0.1855,0,145;5,2,0.7105,0,153;3,1,0.9455,0,83;7,2,0.6395,0,253;6,5,0.7635,0,195;6,4,0.6375,0,70
evidence-tabular-train-00645	1	3	2	45,195,12,54,101,137,141,209,32,85,115,37,183,23,17,152,93,178,193,123,69,214,68,151,163,148,177,110,133,58,91,9,75,214,117,43	8,2,0.3525,2,122;7,3,0.6705,0,128;5,0,0.9075,0,206;2,3,0.6365,0,65;4,4,0.6405,0,105;2,3,0.2335,0,167
evidence-tabular-train-00646	4	1	2	13,17,90,107,170,201,21,81,3,198,58,141,175,155,45,116,130,93,38,159,137,65,197,172,178,52,124,146,71,117,187,87,41,28,151,99	2,3,0.2865,0,123;3,4,0.2015,0,201;3,0,0.3285,2,99;8,5,0.4275,0,125;2,1,0.9645,0,34;3,0,0.2675,0,133
evidence-tabular-train-00647	1	1	0	173,198,136,98,212,141,86,171,193,57,90,107,93,13,146,74,154,117,45,209,27,152,113,68,42,17,59,123,3,21,38,149,135,202,201,69	2,3,0.2985,0,173;2,4,0.5555,0,104;8,1,0.9365,0,131;1,4,0.5965,0,115;1,1,0.3705,0,221;2,5,0.0665,0,100
evidence-tabular-train-00648	8	2	1	141,213,154,69,150,45,37,18,25,136,21,102,111,117,114,133,60,182,54,189,182,164,196,5,156,93,160,75,14,89,127,147,84,162,67,42	4,4,0.4645,0,214;0,3,0.5545,0,191;5,2,0.7325,0,183;2,2,0.2115,0,55;5,5,0.4955,0,255;6,3,0.0375,0,206
evidence-tabular-train-00649	2	1	0	137,10,214,63,93,116,16,212,57,146,108,72,98,149,33,166,76,141,41,7,83,185,64,196,117,174,129,45,133,212,34,90,187,21,191,175	6,0,0.0985,0,105;8,0,0.2115,0,138;8,5,0.0565,3,116;3,1,0.5195,0,110;1,2,0.9375,0,208;8,3,0.3005,0,206
evidence-tabular-train-00650	10	1	1	113,57,87,136,12,110,128,164,92,4,211,199,143,27,178,78,105,200,117,165,191,188,39,60,68,93,192,45,146,155,21,16,69,43,150,131	3,2,0.1495,0,194;2,5,0.7605,0,171;8,2,0.8115,0,9;5,5,0.9345,0,168;8,4,0.3195,0,4;7,1,0.0965,2,180
evidence-tabular-train-00651	0	3	2	206,52,173,85,1,148,151,93,90,12,154,117,38,114,45,31,165,139,164,63,98,124,69,78,134,21,20,165,153,206,200,161,66,40,141,111	0,2,0.8075,0,44;6,4,0.1325,0,81;3,5,0.5235,0,239;5,3,0.5175,0,89;1,5,0.4945,0,94;3,4,0.6465,0,137
evidence-tabular-train-00652	1	1	1	117,110,135,209,127,175,141,13,68,137,115,19,99,36,93,150,21,177,62,75,178,86,3,88,45,146,154,31,69,205,49,203,186,42,154,187	2,3,0.7335,0,153;6,2,0.5025,0,255;0,4,0.8505,0,43;2,4,0.1675,0,246;2,4,0.7965,0,125;6,5,0.2115,0,147
evidence-tabular-train-00653	5	3	2	211,148,178,181,10,93,46,35,209,63,69,117,180,204,44,121,176,21,55,66,162,85,162,140,175,115,88,104,29,4,142,109,134,151,16,74	3,0,0.1635,0,82;4,1,0.9765,1,141;6,5,0.4075,0,157;1,3,0.0695,0,203;7,3,0.6705,0,70;0,4,0.9355,1,197
evidence-tabular-train-00654	1	2	2	147,193,117,132,140,69,43,188,91,99,10,45,21,34,6,27,52,180,85,73,16,151,203,207,116,198,124,172,191,66,167,94,109,58,190,142	5,0,0.0475,0,95;2,0,0.6685,0,163;3,0,0.4655,0,213;0,3,0.6205,1,83;2,3,0.8695,0,78;3,2,0.9745,1,244
evidence-tabular-train-00655	9	2	0	156,90,147,69,197,175,125,20,87,149,54,141,201,102,190,45,80,64,162,93,198,24,14,39,111,59,138,156,117,133,186,113,8,40,33,175	7,4,0.8605,3,46;8,5,0.1395,0,218;5,1,0.1665,0,254;7,5,0.4335,0,84;5,5,0.2855,0,176;4,3,0.5965,0,198
evidence-tabular-train-00656	4	1	2	210,60,117,197,146,209,114,21,64,151,195,100,4,52,14,83,168,40,138,109,38,195,88,16,25,168,179,192,205,132,45,93,69,127,76,142	3,4,0.0565,0,100;0,4,0.0835,0,213;3,2,0.0255,0,212;3,1,0.0075,0,81;3,3,0.5075,0,25;6,2,0.5885,1,193
evidence-tabular-train-00657	5	2	1	131,45,14,107,28,137,120,60,150,55,169,214,113,66,204,143,124,80,43,92,193,171,189,205,6,173,99,93,194,69,82,147,195,16,36,21	5,4,0.1795,0,192;3,2,0.6935,0,142;6,2,0.4355,0,187;7,0,0.8025,0,113;2,1,0.3615,3,18;3,1,0.3785,2,96
evidence-tabular-train-00658	9	2	0	211,91,45,202,147,141,43,115,33,68,21,173,175,83,109,177,14,19,207,214,117,171,149,129,69,130,50,166,138,58,209,104,77,35,8,93	7,4,0.6285,0,179;8,1,0.7435,0,255;1,0,0.8785,0,14;4,1,0.6085,0,126;7,3,0.7115,0,180;8,0,0.4245,0,225
evidence-tabular-train-00659	8	1	2	179,15,153,184,113,128,186,70,132,138,6,51,108,100,26,146,175,89,162,197,166,45,118,77,83,19,63,151,141,66,41,21,96,203,175,39	5,5,0.7025,0,42;1,5,0.2115,0,221;2,5,0.5285,1,136;4,1,0.3635,3,205;3,2,0.3645,1,73;7,2,0.5815,0,149
evidence-tabular-train-00660	0	3	2	84,168,73,39,67,158,28,205,184,90,51,151,93,212,21,196,103,138,17,45,141,58,12,41,118,165,2,116,108,198,133,193,124,148,72,187	1,2,0.2825,0,228;3,5,0.3215,0,80;2,0,0.6965,3,220;0,2,0.5285,0,108;6,2,0.8495,1,244;3,3,0.5785,0,160
evidence-tabular-train-00661	8	3	2	173,64,21,78,30,199,93,211,41,85,198,202,109,136,185,13,161,112,91,135,121,6,59,55,211,117,148,39,188,17,45,100,198,151,141,69	5,3,0.3805,0,2;5,5,0.2425,0,164;6,1,0.1645,0,139;5,3,0.6155,0,152;3,3,0.1115,0,253;0,5,0.1755,0,99
evidence-tabular-train-00662	1	0	0	41,27,125,54,181,45,58,176,149,165,20,67,165,75,117,93,15,169,177,69,34,145,133,3,170,91,186,22,141,98,180,113,83,138,172,110	2,5,0.9115,1,4;2,0,0.2205,0,134;5,0,0.7915,0,63;2,1,0.7585,0,4;1,4,0.3865,0,83;4,3,0.4415,0,94
evidence-tabular-train-00663	9	3	2	34,113,66,133,155,153,214,151,7,160,19,22,69,93,148,201,107,56,164,59,45,169,42,84,90,128,138,141,163,100,201,117,161,26,15,77	6,5,0.6545,1,126;1,0,0.5965,0,74;7,1,0.4685,0,9;4,2,0.4575,0,39;3,1,0.3635,0,191;7,3,0.5795,0,178
evidence-tabular-train-00664	2	2	0	45,6,137,206,164,19,149,117,21,189,135,30,191,51,10,206,200,124,147,112,154,108,98,92,64,73,42,87,141,168,36,163,72,95,60,171	5,0,0.6355,0,17;5,2,0.4945,0,78;2,2,0.1945,3,61;0,5,0.8745,2,128;1,2,0.1895,0,243;3,5,0.3285,0,222
evidence-tabular-train-00665	5	2	0	34,147,125,141,45,209,86,13,161,93,52,40,173,182,109,117,113,63,69,163,172,21,76,97,66,88,157,31,137,132,193,212,9,164,16,149	8,3,0.1395,0,54;6,0,0.0515,0,175;3,5,0.4955,0,135;3,4,0.1295,0,69;0,3,0.3915,0,222;4,2,0.2705,0,246
evidence-tabular-train-00666	10	2	2	22,33,54,174,105,3,45,208,116,10,38,86,156,44,147,72,196,173,75,124,177,193,93,151,117,108,138,67,180,185,153,141,130,18,60,88	2,0,0.5585,1,68;8,4,0.9545,0,250;5,2,0.6225,3,167;2,4,0.1425,0,185;8,2,0.9185,0,185;3,0,0.4335,0,44
evidence-tabular-train-00667	4	1	1	159,66,169,69,52,171,158,214,73,93,83,114,19,90,127,117,203,141,38,14,27,150,109,21,9,105,136,59,133,195,164,210,45,146,156,44	8,4,0.6795,0,9;2,4,0.8875,0,77;3,1,0.4895,0,58;0,1,0.5415,0,173;8,3,0.4465,0,9;6,3,0.0855,0,99
evidence-tabular-train-00668	0	3	0	116,21,103,179,107,13,87,6,93,166,162,172,48,148,89,63,140,76,181,179,162,33,159,20,124,149,41,141,53,65,214,35,120,170,131,69	5,3,0.9425,0,90;8,1,0.2195,3,71;4,5,0.3965,0,140;3,5,0.3485,0,130;6,1,0.8155,3,81;3,1,0.9005,0,227
evidence-tabular-train-00669	10	2	1	14,214,20,177,117,150,83,214,205,43,163,33,115,62,93,182,6,147,75,208,141,208,45,69,111,131,125,37,160,55,92,175,138,64,100,21	5,4,0.9195,0,244;8,3,0.7835,0,40;6,4,0.0295,0,39;2,1,0.8535,0,21;3,5,0.6815,0,87;4,1,0.4395,0,254
evidence-tabular-train-00670	5	3	2	120,148,165,16,40,213,128,21,64,161,136,72,13,142,36,93,28,91,113,110,197,189,210,61,203,79,101,52,151,7,164,209,82,181,131,45	6,3,0.1855,0,82;3,2,0.0905,0,112;3,3,0.0805,3,72;6,0,0.7695,0,205;4,4,0.2265,3,33;7,1,0.0325,1,24
evidence-tabular-train-00671	4	1	2	137,151,167,107,114,45,36,93,191,204,17,89,66,51,125,14,80,21,9,100,213,29,153,141,87,171,213,41,117,61,69,146,179,168,159,130	8,4,0.2165,0,19;4,2,0.2155,0,98;2,3,0.5875,0,26;7,5,0.3355,0,16;3,1,0.4565,0,178;4,0,0.3485,0,159
evidence-tabular-train-00672	0	3	0	149,170,76,139,6,93,22,71,141,89,56,28,12,168,19,181,101,152,148,45,188,129,208,130,106,84,119,38,205,61,200,181,116,44,201,67	5,2,0.6965,1,42;3,4,0.8285,0,139;7,3,0.6305,2,228;3,2,0.2295,0,167;4,0,0.8485,2,106;8,0,0.7435,0,42
evidence-tabular-train-00673	5	2	1	29,100,4,14,147,65,83,34,172,185,18,196,111,136,130,124,89,213,196,54,183,94,75,176,41,162,117,71,141,45,21,115,160,150,162,60	3,4,0.5855,0,94;4,0,0.2065,0,143;5,2,0.3245,2,95;2,1,0.2345,1,220;3,5,0.6615,0,142;3,0,0.1945,0,3
evidence-tabular-train-00674	5	2	1	124,45,17,199,60,176,150,40,190,73,147,110,10,35,55,64,206,91,203,202,117,69,8,162,162,100,136,21,208,116,187,143,82,32,94,132	7,0,0.2695,0,53;7,1,0.1485,0,68;6,2,0.1355,0,95;0,0,0.7305,1,138;3,4,0.8355,0,211;3,2,0.0645,2,128
evidence-tabular-train-00675	0	3	0	141,42,85,71,109,15,199,121,197,16,196,90,3,93,80,113,52,155,197,38,65,59,148,173,149,99,162,21,133,207,28,117,184,157,45,139	2,5,0.1115,0,107;3,4,0.5225,0,132;3,1,0.2585,2,137;7,3,0.5795,0,92;2,3,0.2445,0,216;0,3,0.7895,0,36
evidence-tabular-train-00676	10	2	1	141,120,68,43,57,156,69,167,208,139,76,215,178,125,165,168,166,150,45,195,62,174,132,86,147,10,90,116,33,36,107,98,21,93,18,3	2,0,0.4675,0,172;8,2,0.6165,0,157;8,4,0.8075,0,170;3,4,0.4815,0,162;1,1,0.8875,3,141;4,2,0.6885,0,67
evidence-tabular-train-00677	2	2	2	12,213,35,122,52,164,188,90,189,141,23,93,69,16,204,175,156,137,167,151,28,40,60,65,130,82,147,209,117,100,112,5,199,74,110,45	4,2,0.0285,2,229;3,1,0.1465,0,45;3,2,0.3265,0,211;1,0,0.4445,0,71;3,4,0.0555,0,201;1,0,0.3125,0,104
evidence-tabular-train-00678	10	2	2	168,69,29,50,154,194,151,147,21,173,89,136,43,214,141,117,105,195,3,13,129,36,64,79,177,113,133,153,205,45,162,86,93,107,17,61	2,3,0.3585,0,135;4,2,0.6285,0,160;1,3,0.1765,0,129;6,4,0.2375,0,18;8,1,0.3475,0,12;8,3,0.0255,0,209
evidence-tabular-train-00679	0	3	1	35,179,168,65,100,115,172,110,178,210,122,199,87,137,11,89,51,20,133,69,215,41,178,117,188,21,45,27,6,148,141,150,93,157,62,76	5,1,0.9215,0,251;2,1,0.3365,0,67;2,4,0.2985,0,166;3,5,0.3185,0,218;3,4,0.7115,0,251;1,3,0.2925,0,94
evidence-tabular-train-00680	10	2	2	156,16,147,75,93,139,69,151,44,56,45,117,163,39,113,97,152,210,29,163,7,15,123,66,155,159,23,203,213,141,59,88,84,162,106,130	6,5,0.1095,2,13;4,5,0.8525,0,11;7,1,0.5235,0,29;2,2,0.0685,0,70;0,0,0.2645,0,74;2,0,0.6165,0,110
evidence-tabular-train-00681	9	2	1	94,117,147,179,98,21,157,60,194,203,81,13,82,150,166,141,17,9,28,69,204,92,189,131,66,137,188,38,190,56,112,45,42,202,128,107	8,3,0.2305,0,210;3,4,0.4535,0,66;7,2,0.5785,0,163;8,0,0.8775,1,152;1,1,0.0685,0,177;7,1,0.2905,0,85
evidence-tabular-train-00682	1	3	0	204,174,123,20,144,173,44,108,155,148,76,67,36,22,30,91,117,132,95,180,115,171,167,3,57,85,161,46,184,166,136,99,60,149,69,13	2,3,0.9035,1,37;5,2,0.8375,1,108;8,2,0.6815,0,106;3,3,0.7065,2,11;2,2,0.7725,0,62;2,2,0.1315,3,16
evidence-tabular-train-00683	8	1	2	95,30,151,45,170,198,117,104,34,141,194,52,139,19,122,199,43,169,172,64,73,21,86,115,146,130,58,69,91,182,6,196,108,15,211,212	5,5,0.7905,0,223;5,0,0.7495,0,190;3,0,0.1395,0,50;0,4,0.7595,2,2;7,2,0.6305,0,159;1,0,0.6765,0,17
evidence-tabular-train-00684	8	1	1	194,69,158,192,58,153,19,35,139,79,131,113,53,64,186,15,46,146,162,111,195,27,125,117,41,6,152,141,21,160,94,150,102,87,92,213	5,5,0.7725,0,86;2,1,0.2985,1,37;4,0,0.1365,0,48;6,5,0.9125,1,130;5,5,0.2795,0,53;4,1,0.6465,0,113
evidence-tabular-train-00685	6	3	0	50,163,124,156,6,187,109,21,190,58,148,97,139,172,75,114,149,142,135,117,11,82,34,69,65,208,209,208,16,190,45,27,91,42,174,93	5,1,0.1415,0,26;2,0,0.4185,0,95;1,0,0.2225,0,67;2,0,0.6755,0,239;0,3,0.5455,0,65;3,5,0.6175,1,137
evidence-tabular-train-00686	5	0	0	12,45,201,87,204,101,110,197,197,79,200,197,5,170,153,37,59,177,18,149,144,115,145,136,135,54,26,24,93,125,117,69,64,158,90,44	4,2,0.4045,3,115;1,3,0.9235,0,227;5,1,0.1245,0,58;6,5,0.4405,0,159;4,4,0.7545,0,139;4,5,0.0655,3,103
evidence-tabular-train-00687	4	1	0	107,112,160,182,92,99,18,83,140,118,93,124,179,36,184,53,165,149,4,13,62,22,152,135,141,40,67,77,69,160,146,152,188,26,196,46	3,3,0.4905,1,201;1,2,0.0365,1,109;4,4,0.7935,0,220;4,1,0.9575,0,31;2,1,0.0085,1,162;3,5,0.8965,0,114
evidence-tabular-train-00688	1	3	2	69,159,13,41,119,138,97,66,211,86,74,209,115,135,17,148,160,9,123,61,209,173,141,172,92,37,49,160,151,167,181,95,45,107,27,21	8,3,0.3085,0,243;2,3,0.3405,0,211;0,3,0.4015,0,221;1,4,0.8935,2,172;0,1,0.7815,2,130;2,5,0.5955,0,102
evidence-tabular-train-00689	0	3	2	17,59,111,72,117,182,197,45,113,193,200,31,133,40,121,141,92,167,83,93,163,213,151,12,168,174,50,36,193,136,148,68,21,100,77,4	3,2,0.3075,0,252;6,2,0.1795,0,21;1,1,0.9765,3,114;4,1,0.9215,0,15;3,5,0.3185,0,43;0,3,0.0925,0,247
evidence-tabular-train-00690	4	1	0	116,129,21,177,13,93,25,209,64,4,37,196,19,117,49,208,176,138,100,146,74,196,142,72,200,149,172,40,206,132,46,111,84,62,204,88	3,3,0.7985,0,72;0,3,0.1005,1,100;0,4,0.1315,3,125;1,2,0.1755,0,89;3,5,0.8825,0,227;8,2,0.4015,1,72
evidence-tabular-train-00691	1	3	2	112,179,170,194,93,151,171,192,156,90,135,170,148,16,215,173,27,51,21,10,43,141,128,58,45,109,8,77,99,118,136,69,82,208,34,65	7,0,0.0755,0,189;2,0,0.6935,0,96;2,0,0.2875,0,12;4,0,0.5685,0,88;2,3,0.1385,1,141;7,5,0.0875,0,20
evidence-tabular-train-00692	6	1	0	103,45,141,61,49,133,166,136,10,113,118,129,168,66,206,206,9,215,18,40,162,175,83,36,146,93,21,210,89,80,179,27,212,108,149,69	8,0,0.5585,0,246;2,2,0.1135,0,57;0,3,0.4555,0,197;7,1,0.3975,0,193;6,2,0.3655,1,136;8,3,0.1115,0,180
evidence-tabular-train-00693	9	3	0	142,39,80,117,93,27,155,45,131,123,209,116,97,90,210,136,106,209,11,86,62,18,212,169,64,21,69,173,8,162,56,149,40,158,212,148	7,1,0.5595,0,218;2,5,0.0075,0,89;7,4,0.1135,0,253;7,4,0.4445,0,247;0,0,0.9925,0,172;2,1,0.1935,1,166
evidence-tabular-train-00694	10	2	2	141,155,152,90,43,133,69,32,45,86,81,172,21,191,93,3,195,66,173,137,117,100,147,58,213,125,115,163,38,18,151,201,215,110,10,53	2,0,0.4795,0,203;7,4,0.6195,0,186;4,0,0.4145,0,22;8,4,0.4035,0,105;3,4,0.6155,0,78;4,3,0.2345,0,33
evidence-tabular-train-00695	2	1	2	215,100,17,87,58,158,69,45,151,146,192,158,107,117,11,183,50,165,191,114,1,130,28,21,66,192,94,142,89,137,76,186,43,34,126,214	0,1,0.2845,0,14;3,0,0.7305,0,196;1,0,0.4025,0,108;3,5,0.3655,1,182;3,1,0.4625,0,123;5,0,0.3735,1,76
evidence-tabular-train-00696	9	1	0	8,69,200,149,200,99,86,21,183,154,66,34,164,41,57,186,117,136,20,141,75,45,134,25,112,146,90,61,152,185,171,127,172,13,93,107	7,3,0.9025,0,33;0,0,0.2285,0,187;8,3,0.4745,0,85;2,4,0.4805,0,9;2,1,0.0645,0,146;6,4,0.0815,0,241
evidence-tabular-train-00697	8	1	0	164,133,157,174,189,140,88,87,50,19,176,98,114,155,107,10,45,119,9,173,96,205,71,33,62,176,21,146,126,149,35,76,141,191,44,65	8,0,0.6965,0,139;8,1,0.9195,0,211;1,4,0.2105,2,23;3,5,0.1335,3,197;1,1,0.5785,2,131;5,3,0.8935,0,81
evidence-tabular-train-00698	6	1	1	186,88,15,159,120,155,38,109,206,115,192,60,17,67,153,176,146,124,164,31,48,101,21,49,141,93,131,184,85,69,5,179,41,140,74,150	4,5,0.2725,0,199;6,4,0.2285,3,48;0,2,0.7735,0,158;1,3,0.0935,0,48;4,3,0.7185,3,86;3,1,0.8265,0,206
evidence-tabular-train-00699	8	1	2	19,6,146,158,191,170,97,117,27,45,21,185,60,126,113,151,141,43,111,136,210,84,54,165,69,194,195,214,132,93,10,92,78,66,198,38	5,0,0.7455,0,11;2,4,0.7055,0,72;5,2,0.5345,0,36;5,2,0.9575,0,145;0,5,0.2625,0,113;5,2,0.0765,0,212
evidence-tabular-train-00700	0	3	0	69,213,40,20,140,85,117,14,203,21,4,132,210,113,93,141,148,37,50,195,173,208,73,33,206,45,160,124,59,66,108,91,209,208,102,149	3,4,0.8785,0,64;8,3,0.1365,0,101;1,1,0.4535,0,227;0,3,0.7735,0,222;5,2,0.2445,0,28;3,2,0.8005,0,172
evidence-tabular-train-00701	5	2	2	59,87,171,21,98,12,185,68,174,141,110,184,140,156,94,147,38,117,45,16,124,164,190,151,115,52,133,188,30,5,69,78,195,89,40,162	4,2,0.0345,0,88;5,4,0.1975,0,212;3,1,0.9405,0,232;5,5,0.3115,1,21;1,4,0.6295,0,208;3,3,0.9445,0,66
evidence-tabular-train-00702	10	3	1	128,5,69,91,29,198,98,44,201,206,62,56,18,15,133,119,156,22,210,45,114,150,196,212,198,84,93,188,136,148,197,64,81,143,111,34	4,5,0.5755,1,174;4,0,0.8865,0,155;7,4,0.0005,0,218;8,2,0.7825,0,200;1,5,0.4125,2,16;7,3,0.1495,2,98
evidence-tabular-train-00703	6	1	1	100,146,68,213,93,74,121,4,62,150,182,35,88,156,51,196,40,214,141,210,195,86,140,106,175,118,29,14,19,161,45,157,21,115,135,69	3,4,0.6505,0,244;4,1,0.0255,0,216;2,4,0.8875,0,135;1,4,0.1165,0,131;3,0,0.6975,1,172;0,5,0.9875,0,137
evidence-tabular-train-00704	5	2	0	215,67,141,204,176,89,149,100,30,36,147,15,47,136,109,114,129,172,207,158,22,131,117,169,44,78,82,167,176,9,185,69,93,19,62,52	8,5,0.7915,1,83;5,2,0.8665,2,174;3,4,0.6795,0,18;5,0,0.3615,0,53;3,3,0.5255,0,253;8,1,0.0975,0,23
evidence-tabular-train-00705	2	2	0	147,112,36,117,52,141,60,68,167,46,152,164,16,96,4,14,160,21,196,87,129,199,69,149,180,79,109,134,88,136,185,29,42,100,199,202	3,4,0.0355,0,235;4,2,0.4005,1,102;3,2,0.9345,0,1;6,5,0.0705,3,247;3,3,0.0845,0,192;8,4,0.0365,0,224
evidence-tabular-train-00706	5	1	2	131,28,194,169,146,57,44,208,123,48,163,180,137,86,93,114,160,77,18,2,69,193,152,10,64,89,141,108,151,21,186,103,199,117,35,63	1,0,0.4605,0,168;3,1,0.9455,3,213;8,5,0.1885,0,217;4,4,0.2675,0,109;6,2,0.5365,0,25;2,1,0.2735,0,252
evidence-tabular-train-00707	6	2	0	61,21,119,86,149,100,1,109,90,180,115,196,29,45,66,138,14,174,189,214,69,185,35,16,76,213,147,168,95,51,165,141,135,41,121,197	0,4,0.0935,0,131;4,1,0.2235,0,97;2,3,0.4945,0,151;3,4,0.4995,2,46;3,3,0.7405,2,169;0,5,0.4945,0,63
evidence-tabular-train-00708	1	1	2	14,186,68,139,118,37,175,189,144,83,146,159,103,18,156,181,160,165,165,93,209,151,21,115,41,3,51,45,69,25,135,109,90,59,73,123	2,4,0.4215,0,30;0,3,0.2585,0,71;2,1,0.9325,0,23;0,1,0.5195,0,144;6,3,0.7955,1,159;2,5,0.6475,3,248
evidence-tabular-train-00709	10	3	1	163,140,12,135,125,180,148,43,85,108,158,118,209,100,69,81,161,18,55,92,163,67,34,203,3,93,27,141,21,115,209,207,45,150,59,195	2,2,0.4895,0,170;2,0,0.6775,0,59;6,1,0.6395,0,160;8,3,0.9705,0,244;3,2,0.6155,1,236;4,5,0.8385,0,231
evidence-tabular-train-00710	5	2	2	194,167,123,38,3,181,151,93,24,112,202,137,14,141,68,99,117,18,57,111,40,210,165,69,199,168,147,48,76,130,172,172,62,92,86,27	2,4,0.4475,3,246;2,4,0.0105,3,96;8,4,0.8395,0,73;3,4,0.9165,0,12;2,5,0.1435,0,34;2,0,0.2115,0,254
evidence-tabular-train-00711	5	2	2	196,38,199,57,111,124,147,189,162,45,170,151,29,183,74,21,139,119,93,62,197,68,12,202,97,89,141,210,82,3,20,40,71,188,135,115	2,2,0.8155,0,124;4,4,0.0435,0,163;8,4,0.8145,2,84;1,0,0.2085,0,196;0,5,0.7825,2,150;3,5,0.6435,0,104
evidence-tabular-train-00712	6	3	2	51,93,210,91,131,141,148,194,100,21,121,86,109,11,205,117,151,69,5,197,36,73,158,159,139,171,59,67,48,27,19,209,178,44,114,154	4,1,0.6105,0,37;2,2,0.9845,3,174;2,1,0.7195,0,31;0,4,0.6735,0,132;3,3,0.5095,0,217;0,1,0.7715,0,112
evidence-tabular-train-00713	8	2	1	58,93,188,137,199,166,175,198,91,70,192,50,19,22,84,108,116,102,35,78,141,41,117,45,190,147,131,208,33,150,128,179,64,168,13,8	7,3,0.7105,1,98;8,1,0.3635,0,191;1,0,0.1155,1,170;5,2,0.7235,0,192;5,2,0.9485,0,223;7,1,0.3685,0,130
evidence-tabular-train-00714	7	3	0	45,93,185,73,161,17,36,141,21,209,148,169,27,103,70,200,135,83,40,113,139,149,91,212,58,106,122,14,4,198,67,158,51,177,117,167	3,4,0.2335,0,208;2,2,0.0625,0,20;2,0,0.7975,1,56;0,1,0.6235,0,65;6,0,0.3795,0,44;1,5,0.7185,0,244
evidence-tabular-train-00715	9	0	1	145,117,131,193,115,21,43,49,172,202,17,93,188,45,38,139,66,92,122,143,104,150,201,168,7,171,197,11,187,111,205,86,58,79,69,32	6,1,0.2025,0,197;7,4,0.7855,0,246;0,0,0.4035,0,251;6,4,0.9315,0,59;7,5,0.7355,0,34;1,1,0.7975,2,177
evidence-tabular-train-00716	1	1	1	117,175,194,104,110,64,53,208,208,146,126,138,84,163,21,44,199,70,188,79,142,132,150,89,171,160,10,62,17,34,112,1,45,27,205,93	0,0,0.3195,0,173;2,0,0.8375,0,165;4,4,0.0615,1,203;6,2,0.3715,0,108;7,4,0.0935,0,140;5,2,0.5925,1,224
evidence-tabular-train-00717	6	1	0	158,211,183,156,182,146,189,149,56,21,64,18,137,178,195,61,93,85,73,41,69,118,90,100,27,153,48,130,170,34,121,10,106,114,141,7	6,0,0.4415,0,158;2,0,0.3075,3,166;7,3,0.0635,0,186;0,3,0.4555,0,255;3,0,0.5495,1,205;0,0,0.3325,0,178
evidence-tabular-train-00718	2	1	2	197,159,42,21,95,195,164,49,137,175,33,106,103,168,186,86,18,114,68,151,91,117,146,60,121,45,158,34,4,80,69,15,164,141,215,132	3,5,0.5915,0,224;8,0,0.4565,0,152;0,2,0.9655,0,196;7,4,0.6415,2,178;6,0,0.4675,0,82;0,2,0.2625,0,165
evidence-tabular-train-00719	9	3	2	130,41,205,2,139,64,69,33,141,93,122,182,34,104,148,83,52,19,80,208,116,189,22,109,192,63,167,196,89,151,163,184,168,117,45,11	1,1,0.7635,1,8;8,0,0.3465,0,173;3,5,0.1055,0,138;7,1,0.2695,0,38;7,3,0.9235,0,242;1,0,0.7265,0,7
evidence-tabular-train-00720	10	2	2	123,44,84,114,48,198,96,207,159,161,49,12,151,168,189,66,206,88,137,17,28,192,1,147,141,188,105,36,21,158,60,72,132,117,111,74	0,2,0.2425,0,67;3,2,0.8395,3,199;0,2,0.4435,3,213;1,2,0.1705,3,12;8,5,0.4665,0,77;2,2,0.3875,0,200
evidence-tabular-train-00721	5	3	1	88,106,15,94,150,209,81,7,125,171,117,52,215,18,44,213,114,85,141,21,171,131,163,176,48,33,138,97,194,69,193,39,62,64,185,148	6,5,0.5725,0,71;8,5,0.9175,3,85;3,4,0.1905,0,67;8,3,0.0805,1,32;0,0,0.4935,0,34;4,1,0.5335,0,225
evidence-tabular-train-00722	0	3	0	191,106,89,149,141,28,215,140,174,3,10,69,148,154,121,37,153,116,43,181,51,45,21,67,174,117,154,132,80,20,105,83,157,59,211,93	2,0,0.8515,0,75;3,3,0.7925,0,74;2,1,0.7495,0,176;7,1,0.2815,0,102;8,0,0.8595,0,79;0,2,0.9205,0,103
evidence-tabular-train-00723	1	3	1	167,176,64,150,108,3,191,78,99,148,28,56,21,40,187,212,181,118,114,60,193,164,34,13,173,128,45,17,69,133,93,88,155,83,136,141	2,3,0.3665,0,40;3,0,0.0705,0,147;7,2,0.0315,0,238;5,1,0.0345,0,50;2,2,0.4875,1,32;7,3,0.1905,0,88
evidence-tabular-train-00724	5	3	0	19,138,45,156,117,113,52,89,40,14,149,148,159,132,152,170,196,198,110,124,78,65,93,87,206,39,7,69,210,154,21,28,101,60,199,144	6,4,0.7255,0,190;3,5,0.1415,0,122;3,2,0.2265,0,50;5,5,0.3115,0,42;4,4,0.3845,0,74;3,2,0.4255,3,196
evidence-tabular-train-00725	5	3	2	104,20,51,203,177,65,63,136,109,148,185,155,167,72,214,93,79,115,31,209,155,117,130,170,45,21,125,151,6,44,39,141,89,86,159,10	5,0,0.8545,0,72;6,5,0.8475,0,77;2,5,0.3255,3,75;6,4,0.3955,0,163;7,3,0.7685,0,148;4,0,0.0425,0,160
evidence-tabular-train-00726	1	0	1	185,87,13,88,67,150,179,183,53,202,194,210,98,145,138,21,135,79,17,157,110,7,213,93,58,69,37,112,123,32,43,45,155,141,117,188	6,3,0.2745,0,52;7,3,0.6385,0,147;4,0,0.6845,0,159;6,5,0.0335,0,88;1,4,0.1375,0,232;2,5,0.4405,0,156
evidence-tabular-train-00727	5	2	1	61,98,193,34,187,51,7,207,204,139,18,29,40,193,147,108,166,157,45,93,115,173,21,117,141,65,13,69,193,129,91,150,86,130,211,77	6,3,0.5335,0,113;4,0,0.0795,0,226;2,3,0.2255,0,24;4,4,0.6175,0,149;1,2,0.7695,0,107;8,0,0.7875,0,76
evidence-tabular-train-00728	5	0	1	36,65,17,145,93,167,134,189,33,111,154,189,197,102,201,7,53,79,179,15,158,141,150,86,120,45,69,112,211,58,215,122,92,41,139,21	6,5,0.2895,0,20;8,2,0.2205,0,120;4,0,0.2925,0,228;6,4,0.8755,0,228;5,5,0.0385,3,161;1,4,0.7715,0,123
evidence-tabular-train-00729	8	1	1	183,104,55,21,17,75,124,174,6,93,195,69,153,150,45,131,15,195,209,152,117,207,136,37,82,146,112,40,60,27,89,204,193,107,141,64	5,5,0.2645,0,82;2,3,0.0575,0,49;6,2,0.0505,0,19;2,0,0.2585,0,144;7,1,0.1915,0,163;3,1,0.0455,0,126
evidence-tabular-train-00730	1	2	1	115,176,66,167,21,167,183,15,79,93,119,40,87,190,45,106,5,69,27,180,130,123,17,187,152,137,150,60,39,97,51,141,213,88,147,203	4,5,0.2515,0,250;2,5,0.0785,0,30;2,2,0.5525,0,81;6,5,0.1275,0,30;0,0,0.7715,2,218;2,0,0.3535,0,106
evidence-tabular-train-00731	4	1	0	87,115,138,4,141,18,54,156,37,117,124,44,178,66,15,72,171,171,195,152,107,146,78,99,63,30,162,172,88,93,149,183,190,21,132,45	3,5,0.5725,0,54;5,3,0.9265,0,20;5,5,0.5555,3,207;5,5,0.1705,0,211;2,1,0.7455,0,128;3,2,0.4655,0,198
evidence-tabular-train-00732	1	1	1	34,117,45,132,141,189,65,88,93,69,185,169,73,42,140,83,28,204,99,126,23,198,150,115,15,1,164,146,212,51,59,111,20,191,198,176	0,5,0.8305,2,205;3,0,0.5775,0,48;2,1,0.3065,0,138;0,1,0.0445,0,175;2,5,0.6135,0,202;5,2,0.8385,0,17
evidence-tabular-train-00733	4	1	0	45,27,38,207,189,14,59,185,21,70,170,154,149,133,82,110,141,92,175,128,76,101,113,18,212,189,51,155,146,42,93,136,66,117,203,4	3,4,0.5965,0,145;2,4,0.5405,0,117;2,1,0.5545,1,217;3,0,0.9965,0,81;4,4,0.2695,0,47;7,3,0.0845,0,37
evidence-tabular-train-00734	4	1	1	27,21,113,57,123,93,199,37,180,139,73,59,169,141,171,187,82,4,69,20,204,154,146,13,171,100,118,203,150,134,202,91,67,40,110,45	3,3,0.8785,0,45;2,3,0.0585,0,117;8,1,0.7575,0,69;0,0,0.7675,0,6;3,4,0.2135,1,38;2,4,0.6615,0,42
evidence-tabular-train-00735	2	1	0	193,117,132,149,44,10,93,160,111,185,203,54,154,72,91,83,141,76,101,66,18,146,21,140,123,177,186,47,58,200,36,175,9,28,152,114	8,0,0.5665,0,98;3,2,0.8015,2,177;5,0,0.4875,3,219;3,1,0.7215,0,198;4,5,0.4435,0,85;2,2,0.8025,0,139
evidence-tabular-train-00736	7	1	0	215,2,45,29,93,88,51,78,34,111,61,207,115,141,146,44,119,206,85,170,162,124,21,105,65,197,149,174,13,185,20,159,137,69,191,133	1,3,0.9255,0,194;4,0,0.8935,0,168;2,3,0.2955,0,198;5,3,0.1725,0,152;8,5,0.6965,2,228;3,3,0.3915,0,143
evidence-tabular-train-00737	9	0	2	138,21,19,159,69,40,145,86,165,130,91,13,35,106,8,142,114,188,191,67,214,45,95,170,104,117,205,203,128,200,58,151,75,207,55,27	7,3,0.7785,0,110;2,1,0.1755,0,231;6,0,0.7865,0,153;2,4,0.7595,2,165;7,0,0.4295,0,163;7,0,0.5695,1,14
evidence-tabular-train-00738	10	3	1	140,86,117,116,14,141,166,93,194,88,193,148,212,32,20,77,69,134,177,38,47,197,67,24,150,211,107,59,44,204,101,188,212,129,54,3	2,4,0.9675,3,118;7,4,0.8595,2,180;5,1,0.6515,0,105;4,4,0.1285,0,65;4,1,0.9295,0,197;8,4,0.8865,0,141
evidence-tabular-train-00739	5	2	1	106,45,95,44,37,121,91,97,202,188,140,156,118,28,168,80,150,141,147,21,116,7,19,133,168,14,171,200,82,68,187,59,164,69,155,49	6,4,0.7595,0,48;3,3,0.9165,0,176;0,1,0.9695,0,137;7,0,0.7395,2,207;0,0,0.9455,1,225;0,3,0.8695,0,234
evidence-tabular-train-00740	7	2	0	9,48,167,84,69,188,186,67,142,44,134,147,168,88,127,163,117,27,107,36,154,17,50,114,193,149,207,21,138,74,93,204,190,13,63,100	8,3,0.3355,0,79;2,2,0.9835,3,98;1,5,0.6065,0,110;1,2,0.0265,0,227;3,1,0.5705,0,186;6,4,0.4325,1,87
evidence-tabular-train-00741	8	2	2	194,21,69,194,20,204,141,115,29,111,48,207,139,93,147,151,177,186,7,132,66,44,117,92,159,81,123,180,35,63,102,86,13,213,56,214	6,3,0.9575,0,54;4,1,0.9395,3,70;7,5,0.4815,0,112;8,4,0.9015,0,55;5,5,0.6615,0,1;2,2,0.7325,0,241
evidence-tabular-train-00742	8	2	1	67,150,133,178,178,59,181,116,75,117,45,127,141,3,88,10,183,111,172,164,136,54,158,147,22,19,102,69,165,93,84,40,158,157,37,32	2,0,0.7555,1,128;7,3,0.1315,0,131;5,1,0.7835,0,190;2,2,0.0955,0,49;5,5,0.8385,0,145;6,3,0.1725,0,38
evidence-tabular-train-00743	5	2	0	16,197,149,40,196,99,153,168,139,156,110,194,62,117,88,7,30,73,65,135,45,96,49,192,10,36,71,162,147,141,164,124,86,190,113,21	6,0,0.1485,0,51;5,2,0.0495,0,237;0,4,0.2445,2,247;0,4,0.0445,3,160;2,4,0.2895,0,9;3,5,0.7195,0,121
evidence-tabular-train-00744	2	3	2	159,25,160,105,117,13,76,215,4,179,143,42,167,58,148,69,66,21,196,186,138,182,155,121,56,130,83,114,93,151,45,19,88,190,36,107	3,3,0.7085,0,51;0,2,0.5935,0,169;7,0,0.5465,0,118;3,1,0.1125,0,41;8,1,0.4235,0,45;0,0,0.5205,2,152
evidence-tabular-train-00745	0	3	1	117,83,2,50,127,202,115,100,148,62,24,90,17,76,69,34,179,30,142,208,152,110,176,43,45,178,183,132,140,184,152,14,184,66,93,150	1,4,0.2745,3,220;5,0,0.6615,0,160;1,4,0.4505,0,223;3,1,0.5865,0,10;3,4,0.7085,0,35;6,2,0.9355,1,69
evidence-tabular-train-00746	1	1	2	93,146,204,51,44,3,178,92,136,160,160,195,87,210,112,45,206,124,108,12,66,135,181,119,151,69,75,100,36,32,190,20,141,22,60,163	2,2,0.9885,1,99;7,2,0.8605,0,182;2,2,0.5855,0,233;2,5,0.9675,0,232;3,2,0.1175,2,114;3,5,0.1185,0,123
evidence-tabular-train-00747	5	2	1	210,100,150,12,147,165,41,36,175,5,50,22,74,185,160,131,69,123,45,65,93,113,117,154,140,20,110,190,171,141,82,160,90,63,182,31	4,2,0.8285,1,214;6,2,0.2745,0,243;1,5,0.3195,0,6;1,0,0.5805,0,88;3,4,0.2985,0,205;2,1,0.8805,0,2
evidence-tabular-train-00748	10	3	2	135,110,45,148,63,151,33,158,69,204,21,208,37,44,54,100,141,152,129,79,210,117,67,1,15,20,210,164,89,180,84,163,137,115,93,204	0,5,0.9335,0,119;8,3,0.8405,0,237;5,5,0.7355,0,162;6,2,0.2255,0,222;3,4,0.7725,0,39;8,5,0.2775,0,7
evidence-tabular-train-00749	2	2	0	92,51,178,69,132,40,188,106,185,98,45,112,93,141,140,59,36,24,210,31,117,214,75,122,65,201,147,19,209,11,4,149,155,178,82,195	3,1,0.6775,3,244;6,2,0.1245,0,120;2,1,0.2275,0,121;2,0,0.9725,0,56;1,0,0.1695,0,70;1,2,0.9085,0,105
evidence-tabular-train-00750	6	2	0	93,3,10,149,155,190,194,90,18,111,43,130,147,27,45,49,138,69,117,197,159,74,66,115,87,157,63,186,178,197,36,169,21,97,141,128	2,0,0.4355,0,163;2,2,0.6165,0,159;0,5,0.5405,0,59;1,5,0.5355,0,229;0,5,0.6885,0,163;7,0,0.4405,0,2
evidence-tabular-train-00751	5	2	1	117,91,186,28,7,99,150,177,40,138,182,141,22,61,48,51,65,38,214,111,115,203,127,76,17,14,69,147,157,187,93,214,207,175,133,87	6,4,0.3175,1,222;3,4,0.0275,3,162;2,3,0.3675,0,129;3,5,0.7265,0,6;2,5,0.7105,0,29;6,3,0.4585,0,225
evidence-tabular-train-00752	10	3	1	167,54,4,21,133,196,91,209,27,148,48,97,198,141,17,125,150,167,191,11,93,169,140,68,69,35,43,77,156,187,85,109,112,200,61,117	3,1,0.2955,0,215;2,1,0.6955,3,11;5,3,0.8355,0,155;4,3,0.7835,0,23;0,3,0.1435,0,106;4,3,0.8965,0,40
evidence-tabular-train-00753	1	2	0	34,171,99,51,45,28,118,122,109,131,149,10,141,213,69,40,89,3,75,198,68,21,86,18,114,95,196,153,60,183,174,184,172,147,166,137	2,0,0.4255,0,92;3,0,0.0655,0,245;2,2,0.9485,0,40;2,4,0.3035,2,149;2,3,0.5095,1,170;1,1,0.3255,0,45
evidence-tabular-train-00754	5	2	2	45,55,5,68,153,84,91,117,139,166,107,114,147,203,29,215,204,63,187,190,16,196,77,93,21,214,151,34,11,128,144,132,44,174,69,104	4,1,0.0335,0,137;4,0,0.9165,0,174;6,5,0.8395,0,214;4,2,0.7695,0,55;7,1,0.5605,0,88;7,2,0.7885,3,207
evidence-tabular-train-00755	7	2	1	174,123,34,117,61,177,150,202,50,65,76,147,104,19,165,2,159,42,69,209,90,29,45,106,95,132,114,21,85,141,163,14,136,159,181,210	1,4,0.6205,0,191;4,0,0.4135,0,16;1,3,0.3355,0,90;3,3,0.5845,2,126;7,0,0.4445,0,127;2,2,0.0625,0,109
evidence-tabular-train-00756	5	2	2	164,138,124,117,166,147,204,24,45,211,135,208,20,159,210,41,80,97,12,195,4,88,112,85,151,201,141,66,170,69,111,61,94,53,36,25	3,2,0.9415,3,28;0,2,0.3355,0,33;4,3,0.4055,0,148;7,3,0.0935,1,23;0,5,0.1235,0,185;3,5,0.4315,0,186
evidence-tabular-train-00757	10	2	1	65,22,9,168,59,88,138,101,150,75,160,174,83,36,110,117,17,198,143,51,134,32,113,205,184,96,10,165,147,180,128,201,45,40,69,160	8,0,0.3775,1,94;7,2,0.1115,0,140;2,1,0.3405,0,135;2,1,0.1925,3,170;4,4,0.2725,0,254;7,4,0.5095,2,50
evidence-tabular-train-00758	5	2	2	46,76,41,24,52,91,128,108,59,113,202,9,100,147,65,194,200,165,162,208,117,134,13,142,191,151,93,83,69,140,171,38,28,164,18,197	8,3,0.4105,3,192;3,4,0.2725,1,133;3,1,0.3695,0,34;3,1,0.7945,0,14;3,2,0.3855,0,41;7,4,0.8465,1,82
evidence-tabular-train-00759	2	3	0	12,58,111,67,164,149,211,93,49,117,124,191,82,45,132,200,214,148,138,91,35,25,24,43,16,103,115,163,207,191,69,75,199,6,141,161	5,2,0.1475,3,193;0,1,0.7995,0,149;0,0,0.6935,0,94;2,0,0.6195,0,112;6,5,0.7955,0,247;3,2,0.4635,0,244
evidence-tabular-train-00760	10	2	0	165,172,21,147,115,149,19,69,63,88,190,94,46,137,200,34,117,201,84,101,109,66,128,214,12,80,168,171,130,30,141,44,189,209,53,7	6,2,0.7635,0,206;5,0,0.8715,1,13;4,5,0.5215,0,161;7,2,0.1155,1,133;4,3,0.6505,0,204;7,0,0.3545,0,199
evidence-tabular-train-00761	4	1	1	130,25,196,125,141,44,198,1,150,21,146,36,93,82,172,47,116,117,161,169,111,202,54,17,100,215,69,63,15,184,88,73,68,187,137,199	0,5,0.3055,0,163;0,2,0.9875,2,127;5,5,0.9155,0,213;0,0,0.0495,0,120;3,5,0.9695,0,45;4,0,0.3925,0,158
evidence-tabular-train-00762	2	3	0	117,4,112,156,153,91,130,16,96,69,178,148,199,80,204,54,14,109,191,149,21,141,195,41,82,200,103,176,59,38,128,68,26,46,140,161	3,4,0.1215,0,45;1,4,0.3685,1,235;5,1,0.9485,0,34;7,0,0.6755,3,251;6,3,0.1925,0,144;7,0,0.9615,0,239
evidence-tabular-train-00763	8	2	1	73,98,118,202,4,106,139,167,147,62,200,202,43,209,207,64,37,174,88,130,45,30,82,16,158,50,160,141,150,201,116,10,69,24,93,124	3,0,0.0155,3,56;5,3,0.7915,0,165;1,4,0.0425,0,231;0,0,0.1315,0,4;1,0,0.8895,1,103;3,0,0.7285,0,88
evidence-tabular-train-00764	0	3	1	199,136,150,143,45,165,39,81,65,188,93,204,122,148,187,179,210,12,157,109,28,3,170,98,113,44,52,117,16,59,83,70,92,133,21,168	2,2,0.1215,0,174;3,5,0.9335,0,96;3,1,0.3505,1,90;8,1,0.8605,0,113;1,3,0.2935,0,146;1,3,0.1195,2,95
evidence-tabular-train-00765	1	2	2	7,178,75,99,164,16,193,82,117,27,203,21,200,164,42,130,182,90,126,141,12,186,116,147,38,111,93,51,67,45,136,59,169,163,69,151	6,2,0.0415,0,55;2,4,0.5005,0,100;2,1,0.7865,0,47;2,0,0.4475,0,188;2,5,0.9995,0,203;5,0,0.0315,0,218
evidence-tabular-train-00766	5	2	0	39,31,106,122,190,210,117,164,192,179,87,40,182,5,78,62,136,69,19,191,91,103,21,113,173,141,168,134,12,67,52,149,147,165,93,45	4,2,0.6625,0,183;6,5,0.0185,0,195;3,4,0.7205,0,188;5,5,0.7485,0,147;6,0,0.3025,0,131;1,4,0.0075,0,5
evidence-tabular-train-00767	4	1	2	110,76,63,188,193,84,93,138,124,28,4,16,151,164,146,208,21,170,134,67,160,178,205,100,45,204,35,92,44,70,11,156,141,114,117,53	3,1,0.1855,0,100;3,1,0.9685,0,5;4,5,0.7775,1,248;3,2,0.8715,0,213;3,4,0.4175,0,110;3,4,0.4345,0,31
evidence-tabular-train-00768	1	1	2	106,214,155,25,41,140,166,99,134,4,16,116,45,121,146,160,183,61,90,69,21,86,204,12,174,79,67,117,93,151,51,202,189,141,39,208	3,2,0.1465,0,196;0,5,0.2695,0,211;2,3,0.7235,0,36;6,4,0.4815,0,232;2,0,0.9175,0,131;0,4,0.8035,0,175
evidence-tabular-train-00769	10	0	1	93,73,115,136,109,40,185,177,160,56,69,105,45,91,160,135,159,196,159,33,34,125,141,145,84,161,19,117,174,21,59,68,208,11,150,9	8,1,0.7745,0,93;8,0,0.0625,0,125;7,1,0.9095,0,225;0,2,0.7985,0,163;8,3,0.6255,0,10;4,5,0.1375,0,241
evidence-tabular-train-00770	10	3	0	117,91,134,148,64,21,213,161,6,125,39,184,180,185,45,173,204,86,60,170,138,153,141,197,149,55,110,102,44,15,81,33,69,95,18,112	5,5,0.5835,0,120;8,5,0.9015,0,191;6,2,0.0075,0,217;8,4,0.6385,2,147;5,4,0.0445,0,206;4,4,0.4815,0,133
evidence-tabular-train-00771	9	0	1	21,200,172,93,35,104,137,110,189,115,152,64,45,33,204,197,122,158,78,71,89,58,51,5,145,44,201,117,16,12,82,181,141,150,168,134	4,2,0.1735,0,44;8,1,0.9615,0,224;2,0,0.1925,2,75;5,0,0.2745,0,139;7,4,0.6765,0,132;1,4,0.2835,0,94
evidence-tabular-train-00772	8	2	2	209,154,139,42,100,45,186,38,69,93,165,123,170,147,30,151,198,194,106,177,88,58,22,87,131,117,10,52,68,142,204,112,75,192,16,1	0,0,0.0085,1,201;5,4,0.5965,0,64;3,0,0.8265,0,177;2,5,0.1615,0,240;3,0,0.0835,0,196;2,1,0.6765,1,95
evidence-tabular-train-00773	8	1	1	3,136,21,150,163,44,116,146,178,45,119,210,194,13,36,122,85,111,199,91,78,141,132,93,194,59,100,185,54,65,69,212,163,17,25,189	2,3,0.3455,0,201;0,2,0.9775,0,203;5,1,0.3095,0,23;5,3,0.7505,0,10;3,5,0.8965,2,149;1,2,0.0885,0,208
evidence-tabular-train-00774	1	3	0	80,190,56,39,45,10,148,114,66,93,162,43,21,82,19,134,101,125,139,8,117,106,153,210,90,215,212,149,206,167,205,62,141,183,27,72	7,0,0.7875,0,251;2,5,0.7925,0,180;7,4,0.4695,3,86;7,0,0.4595,0,238;4,0,0.4565,0,176;4,4,0.6515,0,216
evidence-tabular-train-00775	4	1	1	17,124,198,146,109,191,21,63,45,142,55,43,93,136,172,183,160,117,150,64,88,132,190,204,85,39,162,81,28,182,114,4,103,195,69,10	3,0,0.2865,0,44;3,5,0.6855,0,239;6,5,0.1145,0,26;8,3,0.1295,0,137;6,3,0.5745,0,163;3,2,0.1085,1,17
evidence-tabular-train-00776	5	0	1	177,35,136,69,129,156,174,43,162,145,171,117,82,113,67,162,17,81,165,142,24,90,201,3,150,157,107,93,103,46,14,63,133,185,55,27	2,4,0.2155,3,170;2,1,0.7075,1,104;6,5,0.6205,0,103;8,0,0.4785,0,50;6,1,0.3795,0,250;8,3,0.1105,1,233
evidence-tabular-train-00777	8	3	2	214,63,148,135,89,39,176,104,106,16,27,118,199,209,85,213,123,141,160,151,194,45,78,136,50,213,68,22,171,15,113,70,8,40,200,93	7,5,0.0715,1,52;2,5,0.0875,0,135;1,5,0.8925,1,167;5,3,0.3935,0,245;7,0,0.3385,1,26;2,5,0.1075,0,243
evidence-tabular-train-00778	5	2	2	93,31,199,117,35,140,4,133,147,166,42,89,209,86,51,67,156,159,75,210,18,170,69,106,169,21,141,45,100,15,192,58,114,124,215,151	3,5,0.4965,0,190;6,1,0.4145,0,163;2,0,0.7005,0,33;2,4,0.3255,0,97;3,0,0.4975,0,245;3,3,0.9755,0,9
evidence-tabular-train-00779	6	3	0	74,61,165,90,194,165,195,148,109,149,161,204,93,115,122,21,184,143,138,66,47,198,51,82,133,196,97,25,188,1,19,34,117,14,69,42	0,4,0.6775,0,102;0,0,0.5535,2,75;2,3,0.5305,0,250;1,0,0.4395,0,154;0,3,0.6315,0,156;1,3,0.5205,2,104
evidence-tabular-train-00780	1	2	1	193,165,23,165,112,205,109,197,202,38,69,132,141,62,150,43,178,147,45,8,68,140,205,86,93,51,27,117,100,169,14,124,78,19,154,91	7,4,0.7395,2,76;2,4,0.6465,0,212;2,4,0.9815,0,89;5,4,0.6835,0,225;3,3,0.0385,0,112;3,2,0.9645,0,186
evidence-tabular-train-00781	6	0	1	188,73,181,86,209,93,117,97,182,130,129,150,137,51,191,201,8,211,59,116,180,154,141,152,36,110,90,43,45,21,69,19,26,14,68,145	7,4,0.6605,0,160;1,2,0.7595,0,8;2,1,0.8515,0,187;0,4,0.5825,0,243;0,4,0.9745,0,200;8,0,0.3795,0,207
evidence-tabular-train-00782	0	3	2	190,95,25,182,73,83,101,181,50,170,111,45,69,202,140,10,67,114,158,166,124,141,151,21,44,4,117,63,167,19,88,207,35,135,148,200	3,0,0.7345,0,110;0,1,0.9485,0,201;1,5,0.7825,0,5;0,1,0.1735,2,249;4,5,0.4525,0,17;3,5,0.9825,0,47
evidence-tabular-train-00783	6	0	1	1,123,175,196,84,179,150,135,14,20,45,43,188,88,145,53,63,21,206,213,113,98,117,192,69,80,159,144,137,67,93,30,108,196,194,39	0,4,0.9075,0,164;5,5,0.7925,0,158;4,5,0.6285,0,216;7,2,0.0705,0,12;1,2,0.3815,0,40;2,5,0.3635,3,37
evidence-tabular-train-00784	2	1	1	141,139,23,52,172,73,26,40,60,160,37,115,161,45,119,10,212,166,111,167,67,69,84,100,150,146,127,159,192,19,92,9,188,178,133,93	8,0,0.6045,2,2;1,3,0.1475,0,62;3,2,0.7185,0,102;0,2,0.9615,0,118;3,5,0.6805,2,245;6,3,0.7655,0,43
evidence-tabular-train-00785	1	3	1	86,204,141,30,156,100,35,150,51,119,124,46,148,12,3,130,177,155,154,157,92,158,116,139,68,69,78,163,41,17,206,212,107,22,94,62	2,2,0.3785,1,41;5,1,0.2995,1,57;2,4,0.8235,0,105;5,4,0.8195,1,228;3,1,0.9425,2,146;3,0,0.7845,0,99
evidence-tabular-train-00786	8	1	2	160,64,173,146,151,60,93,69,4,14,191,214,44,16,202,117,99,89,153,142,207,182,163,135,165,86,78,138,123,45,106,21,49,39,115,30	3,4,0.1755,0,219;5,5,0.9045,0,173;0,2,0.1745,0,153;5,4,0.2875,0,62;2,0,0.6425,0,57;2,5,0.5075,1,36
evidence-tabular-train-00787	1	1	1	188,112,45,186,123,51,111,100,186,150,33,44,80,166,60,183,93,164,188,14,188,17,133,137,3,38,66,91,146,23,152,117,141,211,69,84	2,4,0.2025,2,191;8,4,0.8785,0,213;2,2,0.5635,0,218;7,2,0.6185,0,168;3,5,0.0125,0,223;2,3,0.3385,0,17
evidence-tabular-train-00788	1	3	1	15,24,75,187,60,71,148,17,197,35,195,192,93,133,57,108,82,150,99,141,214,114,140,7,196,45,66,203,42,177,123,117,168,214,91,26	6,5,0.3885,3,36;1,1,0.5445,0,186;8,2,0.5595,2,115;2,0,0.7205,0,45;2,2,0.5355,0,202;2,3,0.9205,0,19
evidence-tabular-train-00789	0	3	1	89,16,202,45,187,73,50,115,196,41,141,34,181,12,124,213,210,85,175,93,69,215,138,2,119,21,67,33,59,111,99,135,150,175,206,148	1,2,0.1085,0,142;8,0,0.2245,0,250;1,1,0.7575,0,86;0,3,0.2245,0,230;2,5,0.6825,2,189;3,5,0.5065,0,150
evidence-tabular-train-00790	8	1	2	137,154,143,124,68,61,153,132,21,194,146,164,158,202,4,117,75,160,17,41,29,165,204,37,114,170,151,86,45,91,54,107,103,93,69,11	3,1,0.3565,0,234;4,3,0.3665,0,22;5,3,0.8325,0,143;2,4,0.7065,0,86;6,1,0.4565,0,211;3,2,0.2225,2,37
evidence-tabular-train-00791	5	2	0	163,29,40,149,154,59,21,9,181,38,176,210,12,45,160,64,20,131,152,129,115,140,117,93,76,110,69,198,100,87,50,188,142,90,205,147	8,2,0.9145,0,23;4,4,0.1705,0,226;1,1,0.0735,0,22;3,5,0.5095,0,185;3,4,0.6895,0,92;8,1,0.8255,1,25
evidence-tabular-train-00792	6	1	1	195,101,120,146,203,170,85,206,112,213,4,158,12,66,93,136,208,45,21,26,194,16,150,89,81,177,124,62,49,34,190,41,144,111,130,69	3,2,0.1135,0,60;1,0,0.2505,0,87;0,4,0.5215,0,191;8,3,0.3575,0,72;4,5,0.1975,3,179;3,0,0.0865,3,27
evidence-tabular-train-00793	10	1	0	87,32,66,38,81,56,105,157,192,184,154,158,110,146,45,117,19,115,5,69,177,132,141,211,139,121,191,155,60,40,149,22,93,11,198,89	4,1,0.7125,1,113;7,4,0.1025,0,53;7,2,0.4695,0,239;8,5,0.3445,0,226;8,4,0.7935,0,24;0,2,0.7815,0,56
evidence-tabular-train-00794	1	1	0	10,109,8,206,171,32,99,144,184,45,124,183,182,44,182,74,35,134,137,89,50,146,159,85,200,149,117,93,115,21,69,206,64,63,16,191	7,0,0.1295,0,103;7,1,0.8065,0,110;1,5,0.1895,0,144;1,3,0.3265,0,86;2,3,0.7065,0,105;3,4,0.3105,3,46
evidence-tabular-train-00795	6	3	0	155,87,131,165,99,65,148,40,194,210,203,79,141,193,117,45,113,37,95,171,14,108,149,18,72,154,196,28,1,137,49,92,21,124,214,58	0,4,0.5075,0,229;3,3,0.1085,0,102;0,0,0.3005,3,129;6,5,0.8435,2,222;2,2,0.2115,0,91;3,1,0.2185,0,230
evidence-tabular-train-00796	2	2	0	117,58,38,113,13,176,107,24,169,149,191,65,57,160,94,155,33,41,86,190,186,5,69,19,100,194,183,123,45,130,140,76,147,142,213,89	4,3,0.7605,3,3;8,4,0.3785,0,45;8,0,0.3785,0,102;3,4,0.3785,1,184;3,1,0.2545,0,41;2,0,0.8275,1,8
evidence-tabular-train-00797	2	1	2	198,27,91,202,60,45,167,158,151,203,82,131,140,15,193,93,177,102,110,40,22,141,5,126,67,39,175,69,19,146,76,117,113,192,52,158	4,5,0.6725,1,110;2,5,0.0305,0,246;3,2,0.6245,0,44;3,0,0.6745,0,142;5,4,0.2615,0,45;5,1,0.9025,0,252
evidence-tabular-train-00798	6	2	1	194,142,194,69,64,20,25,111,51,88,24,76,36,176,113,103,147,84,181,189,45,195,159,128,4,184,150,117,95,155,132,139,44,200,14,59	3,4,0.8195,3,244;0,2,0.9585,0,12;2,1,0.1365,0,132;3,2,0.1855,2,64;6,5,0.2225,0,87;7,2,0.7135,1,163
evidence-tabular-train-00799	2	3	2	37,57,141,148,117,155,22,193,193,93,131,89,28,75,17,11,140,192,198,107,62,115,102,206,151,185,46,184,212,72,43,122,64,181,3,83	2,1,0.3775,1,95;3,3,0.7165,1,233;8,4,0.1185,3,200;2,1,0.2785,0,42;5,1,0.6365,0,138;1,1,0.8045,0,130
evidence-tabular-train-00800	5	2	0	183,180,115,36,190,176,160,20,31,156,80,142,44,84,179,45,69,180,93,92,135,213,121,66,14,21,2,147,59,117,52,100,156,149,109,139	1,4,0.8495,0,236;6,2,0.9355,0,98;3,1,0.5615,0,241;7,2,0.9055,0,39;3,3,0.6335,0,222;0,5,0.6375,1,197
evidence-tabular-train-00801	10	3	2	169,72,148,141,170,128,42,166,209,48,67,210,83,100,135,20,52,77,60,92,21,5,30,137,177,39,170,190,15,193,112,151,214,93,107,117	4,5,0.9135,0,69;5,5,0.4095,3,143;3,2,0.7205,3,113;4,1,0.9805,0,170;3,1,0.1295,0,84;7,5,0.3215,0,209
evidence-tabular-train-00802	5	2	1	106,16,93,13,44,4,215,143,207,24,174,128,79,45,200,207,117,100,36,82,185,115,150,179,90,66,191,140,63,179,147,31,57,180,130,70	3,3,0.0535,3,118;6,2,0.8055,0,177;8,5,0.5205,1,15;6,0,0.5865,0,52;3,0,0.6605,0,75;7,0,0.9525,2,213
evidence-tabular-train-00803	8	3	2	135,186,157,24,83,36,69,151,111,93,66,5,43,165,15,100,45,162,80,49,184,141,171,205,89,177,204,128,113,117,58,30,148,181,137,17	4,5,0.3145,3,253;5,2,0.6845,0,195;0,0,0.4975,0,189;7,1,0.3145,0,148;3,5,0.3155,0,249;7,5,0.3695,0,138
evidence-tabular-train-00804	9	2	1	21,157,12,93,106,16,72,204,4,117,80,85,105,192,59,28,188,190,34,150,122,131,64,147,212,44,89,50,161,115,202,177,144,45,139,152	3,2,0.0075,0,219;3,0,0.9585,0,208;1,1,0.1355,3,209;7,3,0.3615,0,12;8,0,0.7135,0,239;1,1,0.7255,3,218
evidence-tabular-train-00805	10	3	1	69,102,117,29,93,144,1,35,173,153,197,60,10,187,201,150,81,214,134,214,55,40,110,138,156,90,16,148,197,21,116,126,85,66,45,180	0,0,0.0845,0,196;4,1,0.0825,0,23;6,2,0.5775,0,57;8,3,0.4785,0,133;5,4,0.8345,0,16;5,4,0.4365,3,135
evidence-tabular-train-00806	1	0	2	183,13,141,190,46,81,207,90,50,139,99,62,93,35,113,2,211,157,180,40,27,197,108,117,69,145,160,133,64,151,188,16,21,123,154,84	1,3,0.1845,0,47;2,1,0.1075,1,20;1,4,0.1505,0,205;8,2,0.5435,0,70;2,2,0.3175,0,86;2,3,0.6055,0,53
evidence-tabular-train-00807	2	3	1	141,180,84,21,182,150,177,17,64,128,202,62,27,93,119,187,212,97,69,12,176,139,194,45,148,4,210,114,75,44,111,53,131,214,36,89	3,2,0.3085,0,253;2,2,0.8365,0,134;4,4,0.0355,0,46;2,2,0.3025,0,87;0,5,0.4105,2,79;7,1,0.7905,0,185
evidence-tabular-train-00808	6	3	1	99,86,121,112,179,181,55,47,190,188,68,196,117,3,14,90,130,16,155,187,21,73,43,150,164,107,203,148,153,60,34,136,28,141,69,93	2,4,0.1895,0,180;3,0,0.7115,2,14;6,2,0.9025,0,207;0,4,0.5975,0,183;2,1,0.0395,0,137;0,0,0.1415,0,175
evidence-tabular-train-00809	8	3	1	185,21,117,106,3,153,148,150,90,188,86,78,160,102,214,46,130,43,53,124,39,68,10,196,182,141,70,178,61,112,17,177,25,93,185,139	2,0,0.2615,0,94;0,5,0.6435,1,199;4,3,0.8135,1,192;5,4,0.5455,0,147;5,0,0.0475,0,117;3,0,0.7195,0,17
evidence-tabular-train-00810	6	1	0	8,116,36,215,178,41,68,210,45,191,123,26,213,199,149,109,90,196,10,76,141,85,163,94,21,201,212,18,55,117,146,97,135,70,61,137	7,0,0.4555,0,137;1,2,0.3725,0,211;6,3,0.8035,1,183;3,3,0.4015,1,7;0,3,0.9705,0,132;2,5,0.3185,0,136
evidence-tabular-train-00811	9	3	1	109,143,13,39,19,25,133,155,104,69,46,156,155,117,148,189,21,152,42,201,115,89,138,183,9,125,194,150,49,85,177,65,181,60,74,93	8,3,0.6265,0,235;0,5,0.5865,1,164;0,2,0.3265,0,238;1,3,0.2645,0,98;7,3,0.6675,0,84;4,3,0.5505,2,146
evidence-tabular-train-00812	2	1	1	67,202,59,106,57,204,38,21,48,91,3,40,170,214,142,16,194,94,29,176,69,187,146,135,162,166,97,139,74,124,117,210,13,87,116,150	2,3,0.1325,0,64;4,4,0.0605,3,39;8,1,0.6555,0,181;1,5,0.7195,1,72;0,0,0.8665,0,62;3,5,0.7865,1,219
evidence-tabular-train-00813	10	2	2	161,165,132,93,189,44,163,45,84,210,200,10,56,17,141,78,21,193,196,69,58,147,106,102,204,88,137,117,151,159,67,39,33,3,127,112	2,0,0.3525,0,228;8,5,0.9035,0,6;7,0,0.7195,0,224;5,2,0.1345,0,48;5,0,0.1445,0,184;6,2,0.2695,0,22
evidence-tabular-train-00814	2	2	2	147,112,117,34,151,21,131,27,11,107,44,64,156,139,93,127,69,45,5,191,74,20,103,194,172,191,141,58,184,195,82,52,185,182,191,92	4,1,0.9955,0,92;2,0,0.9275,0,198;3,0,0.1055,0,98;1,0,0.8255,0,50;6,1,0.0445,0,45;6,1,0.6125,0,243
evidence-tabular-train-00815	1	1	0	154,69,93,140,180,146,41,176,23,84,100,129,91,166,51,185,13,189,196,111,45,59,79,162,67,135,112,39,149,5,211,120,143,32,159,17	4,3,0.2415,2,179;7,5,0.2165,0,130;2,1,0.7925,0,6;6,2,0.6485,0,206;3,5,0.0775,3,215;8,5,0.9255,2,250
evidence-tabular-train-00816	1	3	1	141,171,112,122,69,197,102,42,200,24,63,208,27,140,184,7,38,150,180,189,148,20,155,85,56,81,45,117,64,130,111,11,93,166,89,167	6,1,0.8025,3,62;2,4,0.5255,0,47;7,5,0.0005,0,130;8,3,0.2895,0,34;5,5,0.0745,0,34;1,0,0.9155,0,145
evidence-tabular-train-00817	1	1	1	93,92,18,125,45,174,130,185,67,197,60,142,206,150,15,21,72,167,139,114,109,32,77,171,87,117,3,57,214,180,34,198,146,41,98,203	2,5,0.4525,0,90;7,0,0.2625,0,16;8,2,0.7485,3,205;4,5,0.9805,0,190;1,3,0.4845,0,212;4,0,0.6025,1,146
evidence-tabular-train-00818	9	1	1	88,170,137,196,195,117,150,18,157,85,141,112,56,205,71,146,23,65,168,35,158,177,10,45,100,1,81,128,202,25,203,93,108,132,40,59	0,0,0.4565,2,196;0,1,0.0195,0,183;7,1,0.2945,2,83;8,3,0.1315,0,126;3,2,0.0015,0,115;7,2,0.3865,0,94
evidence-tabular-train-00819	6	3	2	11,7,87,136,173,210,135,72,67,20,155,148,89,205,189,187,117,73,41,109,93,104,141,29,112,151,185,167,45,123,57,21,62,214,36,213	6,1,0.9815,0,135;4,2,0.2605,0,42;8,4,0.6265,3,212;0,5,0.2765,0,245;7,3,0.1975,0,241;2,5,0.0725,0,84
evidence-tabular-train-00820	2	1	2	151,113,18,193,84,136,40,141,180,155,198,12,103,121,92,208,45,158,130,201,110,117,65,93,21,58,76,5,146,28,52,203,214,203,69,35	4,2,0.4235,0,70;3,1,0.1535,0,167;3,0,0.3065,0,11;3,2,0.9775,0,235;6,4,0.3455,0,130;0,0,0.0175,0,158
evidence-tabular-train-00821	5	2	2	138,71,179,114,162,93,200,105,203,110,58,76,37,30,64,198,203,147,120,132,41,7,91,193,18,45,141,180,206,14,50,85,126,21,151,158	6,4,0.4665,0,120;5,3,0.3665,0,14;1,0,0.0875,2,145;3,3,0.7655,0,253;8,4,0.4475,3,66;5,2,0.4615,0,232
evidence-tabular-train-00822	4	1	1	111,198,69,150,54,93,205,117,65,136,159,21,86,207,141,207,7,146,11,77,115,62,191,123,100,171,167,179,42,34,45,188,31,132,91,20	6,1,0.9205,0,125;6,0,0.4125,0,151;5,4,0.2585,0,72;4,4,0.7175,0,10;3,5,0.7305,0,210;2,2,0.1625,0,69
evidence-tabular-train-00823	10	0	2	130,69,172,208,12,174,192,178,44,113,66,189,141,53,163,102,158,136,83,46,191,117,19,5,111,145,34,73,33,93,21,172,62,151,121,90	4,2,0.7435,0,196;8,0,0.8305,1,82;4,4,0.4725,0,79;0,1,0.5015,0,102;5,5,0.3685,0,199;0,0,0.1335,0,225
evidence-tabular-train-00824	9	2	0	113,205,159,69,52,38,41,21,128,31,182,157,141,133,66,99,147,140,93,10,202,90,45,169,63,19,117,8,80,186,86,190,149,180,108,185	7,0,0.7645,0,113;6,4,0.3425,0,109;3,5,0.5155,0,167;7,4,0.4105,0,62;2,2,0.3605,0,108;7,3,0.9765,0,107
evidence-tabular-train-00825	8	0	1	117,215,150,14,86,103,145,78,204,21,130,92,38,9,166,45,139,107,195,164,192,126,62,69,201,65,51,93,194,17,141,112,170,32,41,155	8,4,0.2935,0,144;7,4,0.2835,0,156;2,4,0.3575,0,234;5,4,0.8245,0,188;6,1,0.0265,0,223;5,0,0.7615,0,188
evidence-tabular-train-00826	1	1	1	152,212,123,175,8,106,146,114,18,202,74,140,30,190,213,10,198,34,96,133,144,97,40,69,212,51,176,66,45,119,201,84,150,91,24,62	7,0,0.5355,3,167;5,0,0.1355,0,249;2,4,0.5345,0,17;1,2,0.7445,3,43;0,0,0.5965,2,218;2,3,0.8175,3,230
evidence-tabular-train-00827	2	3	0	148,143,136,88,126,21,20,104,34,29,191,149,43,186,11,134,84,69,93,202,207,201,115,118,186,68,108,45,162,157,156,6,51,58,190,79	5,1,0.8935,0,165;4,0,0.7985,0,93;2,0,0.9185,0,83;6,2,0.0915,0,39;7,2,0.6515,1,146;5,4,0.1515,2,230
evidence-tabular-train-00828	9	2	1	87,40,169,113,29,162,90,3,153,35,93,167,127,106,60,176,104,195,173,20,65,138,80,179,13,21,150,47,165,131,206,144,69,147,52,117	2,3,0.9675,0,113;4,1,0.1655,2,233;3,2,0.3435,0,84;7,5,0.4285,0,218;7,0,0.2835,0,120;6,1,0.5935,3,44
evidence-tabular-train-00829	6	1	2	82,193,131,160,107,92,141,40,200,146,69,193,51,61,93,181,202,38,45,19,21,176,121,29,117,207,100,81,179,115,181,140,1,151,14,68	0,4,0.6585,0,110;4,4,0.0795,0,68;2,3,0.8375,0,241;8,0,0.8045,0,51;3,1,0.7865,0,107;0,1,0.8195,0,148
evidence-tabular-train-00830	8	1	0	20,51,117,6,139,181,126,116,146,66,28,206,39,149,166,171,184,93,82,213,45,14,40,156,214,69,21,73,134,141,91,61,157,106,97,172	5,4,0.9375,0,175;3,5,0.1465,0,28;2,3,0.5305,0,173;0,0,0.6115,0,66;0,0,0.8895,0,150;5,4,0.7685,0,176
evidence-tabular-train-00831	1	3	1	142,206,180,124,156,131,113,87,203,91,106,138,64,1,213,58,93,209,69,157,75,97,17,173,10,21,40,38,32,148,204,50,176,150,45,117	0,0,0.3995,0,136;7,4,0.0335,0,159;1,0,0.0525,0,116;2,5,0.6985,0,5;0,0,0.2175,0,203;3,1,0.4045,1,66
evidence-tabular-train-00832	9	0	1	163,93,164,173,80,87,58,200,145,141,5,38,188,69,13,137,26,108,201,43,105,117,167,115,131,45,168,21,208,214,19,50,126,150,91,65	4,3,0.7565,0,220;1,4,0.7915,0,23;1,0,0.2885,0,205;7,5,0.6335,0,128;8,2,0.6495,0,152;5,1,0.2335,0,234
evidence-tabular-train-00833	0	3	2	167,152,54,90,191,130,148,151,162,87,40,155,35,112,108,58,105,45,69,66,4,169,155,120,15,21,213,122,20,28,93,168,141,76,165,140	3,5,0.9705,0,93;3,1,0.0275,0,118;5,0,0.4375,0,231;3,5,0.4595,0,243;8,2,0.0325,3,31;1,0,0.9105,0,249
evidence-tabular-train-00834	6	2	2	158,21,141,39,127,188,86,97,215,117,76,93,209,43,69,25,195,174,147,151,207,90,137,55,111,45,116,193,4,203,60,16,202,10,66,135	3,0,0.1155,0,28;0,5,0.7875,0,39;6,2,0.4575,0,177;3,4,0.5125,0,217;0,5,0.9795,0,181;6,5,0.2105,0,58
evidence-tabular-train-00835	10	1	1	157,125,93,190,113,140,45,18,88,106,170,204,131,85,22,68,73,117,98,189,211,29,52,146,11,171,42,196,37,155,7,69,141,60,150,166	6,1,0.5285,1,92;4,3,0.4865,0,30;3,2,0.8175,0,142;0,3,0.1225,0,150;1,0,0.3105,0,157;4,1,0.9845,0,243
evidence-tabular-train-00836	1	1	1	199,45,121,170,141,150,160,146,160,111,50,75,86,190,3,65,133,91,29,161,60,139,154,41,39,184,21,153,20,183,97,112,117,69,14,93	2,4,0.8575,0,186;4,5,0.3155,0,107;1,2,0.2845,0,215;2,4,0.7205,0,210;0,5,0.0985,0,223;0,3,0.6565,0,115
evidence-tabular-train-00837	4	1	1	138,11,79,116,175,43,69,150,60,110,157,128,6,130,117,66,197,51,186,210,211,36,146,181,24,141,92,100,28,84,184,95,159,159,19,45	5,1,0.7505,3,238;3,2,0.7065,0,154;2,2,0.4805,0,56;6,2,0.8815,2,224;3,4,0.9885,0,155;7,0,0.5705,0,42
evidence-tabular-train-00838	9	1	1	207,166,157,208,206,193,82,146,44,139,99,2,10,212,150,159,129,174,112,106,75,141,72,91,117,135,94,45,20,189,50,38,32,21,64,59	1,0,0.8115,0,228;7,4,0.8035,0,41;1,1,0.0095,3,250;2,0,0.6535,1,22;2,0,0.1475,0,244;8,5,0.7115,0,245
evidence-tabular-train-00839	0	3	0	141,149,64,4,176,132,21,148,112,170,207,138,91,111,20,47,40,63,194,35,29,129,168,50,183,212,202,163,117,154,87,69,75,14,103,93	3,4,0.8295,0,127;4,1,0.0115,2,13;1,5,0.1005,0,197;2,5,0.6855,0,249;6,5,0.1155,0,172;8,2,0.4255,0,108
evidence-tabular-train-00840	10	3	0	194,205,15,209,180,148,93,77,141,48,28,155,41,66,171,24,209,149,39,7,114,55,90,101,213,129,106,181,117,133,87,69,206,137,17,58	6,5,0.3575,3,47;3,5,0.2135,3,191;6,0,0.5415,0,220;4,5,0.4565,0,219;4,0,0.4695,0,253;8,3,0.2535,0,215
evidence-tabular-train-00841	10	3	1	135,142,159,81,28,181,181,150,69,184,45,166,164,148,39,159,41,53,58,66,175,10,117,93,110,16,137,180,91,21,161,4,105,83,115,126	3,0,0.1085,0,43;3,5,0.2615,0,232;4,0,0.5135,0,79;8,1,0.6765,0,72;8,4,0.6095,0,84;5,5,0.2085,1,251
evidence-tabular-train-00842	1	3	1	105,58,51,215,141,209,137,111,85,117,35,89,127,173,173,79,148,93,207,154,165,69,210,186,18,45,44,68,186,21,3,135,116,26,150,12	2,2,0.5645,0,251;1,1,0.9635,0,215;2,0,0.8865,0,102;6,3,0.2315,0,203;8,5,0.8175,0,61;6,5,0.3275,0,214
evidence-tabular-train-00843	9	1	0	21,128,97,201,139,196,83,195,119,2,149,45,188,74,211,166,60,201,141,115,210,14,39,67,158,43,132,55,29,174,17,71,93,108,146,88	1,4,0.3835,0,251;4,5,0.7535,0,44;6,2,0.7445,2,248;1,1,0.0515,0,9;0,2,0.6445,2,123;7,2,0.6815,0,201
evidence-tabular-train-00844	10	3	2	45,141,68,93,22,40,117,126,183,116,195,211,164,106,199,3,134,148,192,57,25,87,89,151,138,17,162,69,80,162,60,10,38,185,100,183	2,0,0.3175,1,208;0,4,0.0475,0,97;8,2,0.9945,0,81;7,5,0.3545,0,184;3,0,0.9275,0,231;5,4,0.4935,0,62
evidence-tabular-train-00845	5	2	1	26,88,84,42,52,36,99,173,136,61,169,45,174,141,12,185,113,147,69,4,166,202,171,17,173,66,117,159,132,127,78,22,107,93,166,150	3,2,0.2985,1,239;1,2,0.5435,0,215;3,3,0.5465,0,27;5,2,0.1005,0,147;2,1,0.3325,0,97;6,2,0.1525,0,59
evidence-tabular-train-00846	4	1	1	215,83,115,60,117,73,136,169,10,64,174,146,150,21,165,128,109,195,105,197,35,132,141,27,57,175,69,206,3,17,44,90,168,163,45,93	2,0,0.2935,0,36;2,1,0.8655,0,197;8,2,0.0585,0,34;0,1,0.5855,0,8;8,3,0.6755,0,181;7,2,0.1435,0,84
evidence-tabular-train-00847	8	1	0	21,186,89,86,201,15,111,114,58,30,175,45,174,43,149,163,66,39,169,4,152,197,193,199,93,74,16,141,146,97,71,52,138,122,120,132	3,5,0.1795,0,98;5,5,0.6525,0,144;3,0,0.4785,2,53;1,4,0.2135,0,252;0,5,0.5825,3,87;1,2,0.4585,0,109
evidence-tabular-train-00848	1	3	0	75,50,67,22,149,69,37,19,170,87,158,114,92,204,141,40,28,186,131,107,3,128,203,195,117,45,62,174,98,136,11,148,93,156,156,166	2,1,0.7255,1,244;3,3,0.1675,0,39;1,4,0.6145,0,115;2,5,0.8345,0,62;1,1,0.5275,0,182;7,1,0.1815,0,212
evidence-tabular-train-00849	7	1	1	40,108,204,179,98,89,157,113,21,75,28,141,34,213,61,194,137,150,93,146,10,45,3,157,169,82,65,133,122,57,167,152,69,214,117,18	2,0,0.5745,0,150;3,0,0.1135,0,180;8,3,0.3135,0,142;2,0,0.3245,0,55;1,2,0.2875,0,110;1,3,0.2495,0,158
evidence-tabular-train-00850	9	2	2	93,117,108,65,15,130,98,29,116,124,136,59,184,8,19,198,147,199,202,192,162,90,142,77,151,82,155,205,36,176,55,197,21,45,41,69	7,5,0.7935,0,120;4,2,0.3345,0,195;6,1,0.2275,0,112;4,0,0.5595,0,155;1,2,0.9885,0,122;3,0,0.0795,1,16
evidence-tabular-train-00851	7	2	1	68,189,185,51,21,45,165,115,202,161,150,59,93,107,69,133,191,17,84,38,74,147,42,13,102,185,92,26,153,8,164,141,120,129,137,181	7,3,0.2955,0,154;1,4,0.4615,0,82;2,1,0.8395,0,229;1,2,0.8265,0,139;5,1,0.6235,3,83;8,3,0.2395,0,236
evidence-tabular-train-00852	6	1	2	81,34,152,214,137,89,69,50,111,124,10,42,188,45,180,60,17,21,151,189,183,141,4,117,28,178,97,132,67,95,163,164,114,83,165,146	3,0,0.2455,0,123;3,0,0.5655,0,251;1,2,0.6665,0,199;8,1,0.2775,2,127;0,5,0.4225,0,61;3,2,0.3855,0,189
evidence-tabular-train-00853	1	1	1	65,35,196,45,41,185,189,150,164,111,114,100,129,131,21,72,141,181,19,31,155,3,52,146,88,120,93,74,61,200,214,173,136,15,85,184	2,5,0.7395,0,21;6,1,0.2135,0,211;3,3,0.3315,3,71;1,3,0.1695,0,72;3,5,0.5015,3,3;8,1,0.0055,0,88
evidence-tabular-train-00854	9	0	0	145,107,158,93,102,32,160,197,89,114,45,56,212,170,84,39,185,125,117,42,161,5,165,60,69,19,14,138,22,141,78,205,173,67,131,149	4,4,0.6245,1,238;7,5,0.5345,0,161;7,2,0.6215,0,239;5,2,0.3775,0,67;5,1,0.5235,0,217;4,1,0.5205,0,252
evidence-tabular-train-00855	9	3	0	47,78,114,136,191,176,180,191,149,68,56,69,63,117,214,148,141,158,6,28,157,190,186,110,21,19,12,36,127,104,174,41,94,82,131,90	5,2,0.7395,0,71;3,2,0.3985,2,190;7,5,0.8165,0,212;5,0,0.4065,1,31;7,4,0.4465,0,14;6,1,0.0995,0,126
evidence-tabular-train-00856	5	1	1	141,65,13,7,196,209,215,83,117,89,41,18,146,209,196,205,113,25,69,132,163,136,45,53,129,21,150,154,100,108,76,59,161,96,154,39	6,3,0.5055,0,41;0,5,0.2615,0,238;4,1,0.2015,0,10;3,1,0.3985,3,100;3,2,0.3095,0,213;8,2,0.1285,0,162
evidence-tabular-train-00857	4	1	0	66,92,202,3,149,21,121,76,17,69,146,181,85,204,166,100,42,137,62,93,179,110,132,52,197,27,200,157,116,14,119,141,170,45,36,173	2,4,0.2715,0,135;2,2,0.5565,0,132;3,4,0.4735,0,116;3,3,0.8505,0,207;3,4,0.9195,2,187;0,2,0.3335,0,145
evidence-tabular-train-00858	8	2	2	109,21,44,82,93,141,139,151,211,6,211,207,124,208,90,210,81,174,20,63,39,51,159,29,132,184,15,113,46,210,65,147,166,70,117,105	5,5,0.8065,0,37;4,5,0.9055,1,161;2,5,0.2915,1,244;8,0,0.4165,0,214;8,3,0.2055,0,206;3,2,0.6755,0,23
evidence-tabular-train-00859	1	3	1	134,115,180,32,180,148,150,21,192,18,69,41,118,3,213,191,212,77,140,39,125,45,93,55,12,88,59,100,207,196,108,83,200,210,66,144	2,2,0.5615,0,81;7,5,0.2175,0,115;6,1,0.4095,0,14;4,1,0.0155,0,0;3,2,0.7165,1,100;4,4,0.9185,3,240
evidence-tabular-train-00860	1	3	1	176,29,52,208,185,36,44,100,16,21,153,87,110,112,155,208,45,90,58,75,150,209,177,148,93,196,68,204,11,8,122,141,139,117,134,69	7,1,0.1825,0,108;4,2,0.9445,0,87;3,0,0.8015,0,160;2,5,0.4315,0,175;3,4,0.0175,0,145;1,4,0.6135,0,122
evidence-tabular-train-00861	7	1	1	10,82,200,45,26,114,93,150,139,69,204,21,211,152,34,80,214,103,120,108,122,65,206,213,162,60,8,50,18,172,88,184,133,43,146,141	7,0,0.5405,0,190;1,0,0.7295,0,104;1,2,0.2515,0,7;7,0,0.1175,0,0;6,2,0.4535,3,82;1,3,0.6585,0,213
evidence-tabular-train-00862	9	1	2	186,69,179,59,115,45,172,44,160,189,32,106,131,151,153,38,14,137,215,8,180,82,93,160,129,119,66,146,91,141,16,73,103,195,53,21	7,4,0.1175,0,187;7,4,0.9425,0,109;4,1,0.5285,0,118;0,0,0.7565,0,175;6,0,0.7295,2,18;8,1,0.2955,0,63
evidence-tabular-train-00863	1	3	0	154,212,88,141,148,28,135,55,156,182,123,59,152,45,21,102,110,69,149,203,138,161,112,83,10,191,41,18,199,119,37,95,160,8,68,79	7,0,0.5845,0,76;3,3,0.3915,0,222;6,1,0.9615,0,48;6,1,0.1275,2,201;5,4,0.0235,2,186;2,5,0.5675,0,144
evidence-tabular-train-00864	9	2	2	182,121,45,131,39,20,215,93,11,3,101,141,160,181,82,139,107,153,78,23,91,192,55,183,58,171,117,151,67,200,32,198,43,71,114,147	2,1,0.9835,2,83;7,5,0.7675,0,167;6,0,0.7875,2,120;5,0,0.7615,0,170;4,1,0.4365,0,108;0,1,0.6725,0,147
evidence-tabular-train-00865	0	3	0	199,21,35,209,124,84,136,48,141,198,203,32,4,57,173,20,180,11,64,131,62,149,69,117,81,156,114,100,43,109,194,93,197,148,152,90	3,1,0.8815,0,33;7,1,0.7255,3,95;8,4,0.0145,0,41;8,2,0.4595,0,150;3,3,0.5095,0,77;3,1,0.1975,0,58
evidence-tabular-train-00866	9	2	0	45,140,69,59,111,93,8,214,142,149,133,189,20,171,163,15,173,38,80,40,115,98,163,82,65,205,88,54,21,169,147,121,175,156,25,117	7,5,0.8635,0,168;0,4,0.0285,0,221;5,1,0.2645,0,204;7,0,0.0735,0,35;1,5,0.7355,0,184;0,3,0.9795,1,55
evidence-tabular-train-00867	6	0	2	141,157,10,68,36,114,69,33,189,17,117,209,93,3,151,59,73,186,208,169,46,207,110,49,42,21,138,90,83,145,125,179,209,104,164,131	2,0,0.3125,0,79;8,2,0.4825,1,36;0,1,0.8575,0,87;0,1,0.4185,0,242;7,4,0.4655,0,240;4,1,0.4145,0,167
evidence-tabular-train-00868	5	2	0	61,90,158,166,130,125,100,183,69,31,45,14,78,4,112,206,162,93,44,84,19,51,108,21,141,185,167,139,196,147,149,119,67,153,162,34	3,4,0.6255,0,91;6,0,0.8245,0,39;2,3,0.7645,0,85;5,2,0.4575,0,55;3,2,0.1955,2,46;4,0,0.7405,0,117
evidence-tabular-train-00869	2	2	1	166,100,132,174,88,159,117,150,6,124,59,28,165,141,69,11,108,93,136,21,80,42,45,196,68,187,36,160,175,180,84,197,147,18,113,51	5,1,0.4605,0,173;3,2,0.4285,0,173;2,1,0.8955,0,77;7,2,0.0455,0,172;3,2,0.3425,0,227;3,2,0.0365,0,162
evidence-tabular-train-00870	10	1	2	131,73,27,214,199,192,116,214,141,21,136,154,18,58,167,51,180,151,64,104,45,126,40,157,94,36,108,69,117,15,9,172,83,90,146,210	8,5,0.5185,0,24;2,2,0.0225,0,64;2,0,0.1445,0,205;0,1,0.5365,1,77;7,2,0.9935,0,156;5,1,0.1215,0,112
evidence-tabular-train-00871	1	3	1	199,51,3,161,69,148,87,48,93,123,65,141,34,153,100,195,176,91,107,114,155,174,44,63,139,202,21,31,150,165,73,155,133,117,12,19	2,2,0.7625,0,233;6,0,0.9575,3,36;2,5,0.2515,0,58;0,5,0.6345,0,1;3,1,0.4445,0,72;2,3,0.6655,0,172
evidence-tabular-train-00872	10	1	0	146,177,149,172,181,194,34,126,112,183,5,93,72,120,140,56,81,206,143,170,182,107,18,40,68,135,97,86,175,24,25,152,12,45,91,62	4,2,0.4825,3,139;0,0,0.0865,0,254;7,4,0.9295,3,212;8,4,0.7985,0,29;0,1,0.1735,3,88;5,5,0.9415,2,115
evidence-tabular-train-00873	1	3	2	139,205,201,206,148,151,18,74,194,160,123,202,108,14,93,187,115,117,51,99,202,64,24,91,8,35,87,28,205,215,69,141,132,59,45,44	7,4,0.4745,3,136;3,1,0.8555,0,223;2,1,0.1065,0,238;1,5,0.6875,0,57;2,2,0.7205,0,17;2,2,0.6445,0,222
evidence-tabular-train-00874	10	2	0	58,211,84,109,124,132,166,55,144,147,93,105,114,156,140,30,158,181,77,117,36,43,69,66,14,45,149,90,24,20,215,206,191,160,177,1	0,4,0.8175,3,28;5,2,0.7445,0,96;6,0,0.4745,0,30;4,2,0.4655,0,220;8,3,0.4095,0,72;3,2,0.8225,3,201
evidence-tabular-train-00875	10	2	2	139,87,19,92,38,147,117,202,200,132,64,93,197,63,157,107,28,199,46,141,152,196,151,2,184,115,69,21,81,105,44,53,213,10,124,183	1,0,0.6345,0,87;3,4,0.9105,1,96;4,5,0.1055,0,243;8,5,0.8655,0,56;8,1,0.7445,0,215;3,2,0.6695,0,152
evidence-tabular-train-00876	2	1	1	71,65,167,190,150,141,31,146,47,201,49,43,93,182,76,63,22,173,12,168,8,20,133,123,35,120,136,98,189,214,82,107,153,91,182,113	7,2,0.9005,1,41;6,1,0.6705,2,125;0,5,0.3925,2,31;3,0,0.7835,0,220;1,1,0.2075,3,20;2,3,0.0575,0,10
evidence-tabular-train-00877	4	1	1	129,60,115,171,194,187,21,93,75,28,100,141,67,45,157,35,69,41,146,52,91,3,173,199,107,150,117,184,134,215,153,82,139,20,12,170	2,2,0.8315,0,82;3,1,0.3815,0,100;3,2,0.7725,0,16;2,0,0.6055,0,206;3,1,0.6785,0,230;8,4,0.6615,0,29
evidence-tabular-train-00878	10	3	1	192,182,65,44,208,93,192,17,187,128,26,153,88,109,77,157,148,134,137,141,187,117,4,59,45,205,24,49,14,83,116,35,105,69,155,150	3,4,0.2745,3,28;1,1,0.9715,0,137;0,1,0.3275,0,96;4,1,0.1805,0,198;8,3,0.8925,0,14;7,4,0.2685,0,89
evidence-tabular-train-00879	9	3	1	61,128,155,114,92,150,28,212,80,196,189,159,215,37,4,65,213,108,41,165,85,21,12,148,69,98,132,18,52,93,164,140,45,141,185,117	3,2,0.4505,0,237;3,3,0.2295,0,94;3,3,0.3335,0,131;7,3,0.9335,0,18;1,2,0.5945,0,101;7,2,0.8705,0,21
evidence-tabular-train-00880	4	1	2	212,53,100,211,210,120,61,70,207,4,41,140,198,151,17,162,106,28,125,45,146,11,89,142,214,152,194,85,208,76,34,113,23,93,67,134	3,1,0.2855,2,81;3,0,0.2835,0,249;4,3,0.6405,1,196;3,3,0.2885,0,48;3,0,0.3965,3,131;4,4,0.9755,1,153
evidence-tabular-train-00881	8	2	1	169,131,112,167,207,121,14,103,180,183,21,202,110,18,64,59,69,150,158,6,87,55,167,93,136,147,201,215,141,28,45,40,37,117,78,90	5,4,0.4505,0,109;3,3,0.1175,0,12;6,1,0.0175,0,179;5,5,0.4085,0,33;6,4,0.0185,0,62;0,1,0.1665,0,83
evidence-tabular-train-00882	1	0	0	3,91,149,174,117,136,53,35,75,177,122,60,105,130,93,69,144,10,45,161,155,185,166,30,86,19,190,23,152,106,115,187,192,43,66,145	2,0,0.7205,2,185;5,1,0.6575,0,72;4,2,0.4625,0,199;2,4,0.7115,0,146;8,0,0.7515,0,105;1,0,0.1105,3,127
evidence-tabular-train-00883	1	3	1	48,3,211,148,150,189,40,174,21,204,68,27,140,36,15,115,54,89,61,117,69,75,212,144,86,200,157,121,106,134,105,159,93,189,212,19	2,5,0.6285,0,216;2,2,0.1475,3,140;5,3,0.9345,0,231;2,4,0.2515,0,151;8,0,0.6715,0,25;0,4,0.9205,3,91
evidence-tabular-train-00884	10	2	1	21,71,63,166,165,10,117,191,3,43,215,102,141,203,19,31,110,194,87,90,35,51,203,155,147,45,65,134,81,180,139,129,150,191,115,93	2,0,0.6465,0,102;6,1,0.6705,0,71;2,5,0.2925,2,132;8,5,0.5365,0,151;5,4,0.7435,0,103;8,4,0.6785,0,102
evidence-tabular-train-00885	4	1	1	73,69,130,191,45,14,164,18,161,23,98,83,154,28,192,138,117,146,57,88,157,150,190,39,112,142,106,58,159,6,156,162,44,93,123,68	5,4,0.5365,2,194;3,5,0.8355,0,143;8,0,0.8265,0,15;0,1,0.0925,0,69;1,0,0.0095,0,139;2,0,0.5045,1,61
evidence-tabular-train-00886	5	1	0	187,21,170,158,141,69,61,2,17,45,117,196,140,65,180,15,126,153,42,74,82,35,146,109,54,190,93,116,88,172,149,199,103,167,134,25	1,5,0.2135,0,199;0,1,0.4605,0,37;5,3,0.2155,0,153;1,0,0.0915,0,236;6,3,0.9855,0,146;5,4,0.9645,0,110
evidence-tabular-train-00887	10	1	0	93,65,59,105,114,87,204,207,199,125,21,108,39,168,159,165,69,45,6,13,146,118,88,29,130,137,57,181,73,202,149,177,197,141,17,41	5,3,0.3335,0,198;4,5,0.3645,0,123;8,1,0.2465,0,3;0,5,0.1015,0,199;8,2,0.5965,1,71;4,0,0.3475,0,187
evidence-tabular-train-00888	0	0	1	47,67,43,187,120,79,181,136,10,109,156,88,1,71,141,184,30,23,95,135,165,113,61,150,36,87,192,145,166,98,201,153,51,125,164,16	0,0,0.0755,2,121;5,2,0.7025,2,155;2,3,0.6255,2,156;6,5,0.1925,2,93;1,3,0.3415,3,34;4,5,0.1015,0,98
evidence-tabular-train-00889	9	3	2	140,109,15,25,188,148,93,128,152,46,52,196,91,141,190,80,69,68,82,2,101,62,174,39,171,132,17,162,151,178,43,21,116,198,117,154	1,5,0.3205,0,50;0,5,0.7155,1,67;3,4,0.9685,0,111;7,0,0.6135,0,10;4,3,0.8725,0,29;7,2,0.8635,0,26
evidence-tabular-train-00890	7	1	1	25,195,87,175,206,176,48,69,39,76,141,192,150,21,116,93,2,167,19,106,117,137,61,186,11,180,132,88,200,52,43,122,105,146,64,212	1,1,0.6245,0,84;0,5,0.6275,3,240;3,3,0.1395,0,224;3,5,0.0615,0,21;8,0,0.9205,0,27;1,2,0.3865,0,240
evidence-tabular-train-00891	5	3	1	192,89,138,16,177,21,133,106,150,167,167,57,59,67,13,172,148,31,45,210,117,1,77,69,113,165,175,102,206,94,86,42,144,39,123,206	0,3,0.0545,0,255;6,5,0.5415,0,144;8,1,0.7865,0,120;4,4,0.3725,1,6;5,0,0.2785,0,174;2,3,0.5895,3,38
evidence-tabular-train-00892	5	2	2	89,155,211,45,185,15,136,117,65,202,53,18,147,100,63,206,170,214,132,93,43,72,75,116,35,110,25,4,151,21,159,178,85,141,123,205	3,5,0.5885,0,123;0,1,0.6515,0,199;4,5,0.2545,3,44;2,3,0.3365,0,89;3,4,0.8895,0,178;2,2,0.1465,0,240
evidence-tabular-train-00893	7	3	2	148,93,182,21,191,207,126,151,69,29,99,210,89,10,112,1,142,157,38,117,166,45,139,194,166,65,63,107,19,176,134,82,40,81,152,50	0,0,0.6755,0,240;4,4,0.1465,0,211;1,5,0.2405,0,19;8,0,0.3945,0,65;2,1,0.0495,0,225;5,4,0.6105,1,188
evidence-tabular-train-00894	5	1	1	174,21,179,164,126,37,68,104,137,109,78,45,57,146,120,115,194,58,17,91,132,85,141,94,43,174,6,150,31,169,215,198,164,11,176,69	5,1,0.3945,0,103;6,3,0.6485,0,243;8,0,0.8095,0,145;5,3,0.7355,1,78;7,3,0.7465,3,181;5,2,0.3885,0,252
evidence-tabular-train-00895	10	2	1	90,157,165,207,103,54,147,209,69,87,16,39,59,201,177,140,124,209,93,109,183,8,42,212,21,133,171,45,141,150,78,33,65,114,119,15	7,5,0.0825,0,142;8,5,0.4615,0,182;5,1,0.3185,0,197;5,5,0.4525,0,146;6,3,0.4745,2,125;3,3,0.8935,0,102
evidence-tabular-train-00896	5	1	0	121,97,84,163,69,161,195,91,117,12,112,17,137,35,45,3,55,96,30,21,75,67,181,199,149,42,199,111,190,146,170,133,213,141,155,63	2,2,0.2675,0,183;5,1,0.4655,0,247;6,5,0.7875,0,31;2,2,0.7575,3,180;0,5,0.0565,0,236;0,3,0.3085,0,58
evidence-tabular-train-00897	10	2	0	93,29,45,116,185,191,105,67,141,15,156,188,194,124,3,117,130,215,58,147,164,201,83,39,80,213,21,149,42,16,111,88,56,184,71,137	2,5,0.0675,0,48;4,5,0.4515,0,172;7,0,0.7535,2,252;7,1,0.0605,0,144;8,5,0.8365,0,241;3,0,0.2565,0,205
evidence-tabular-train-00898	7	1	1	21,210,91,182,40,117,192,16,69,133,81,150,160,93,129,212,210,196,37,50,113,3,211,141,108,146,32,202,15,102,196,82,68,138,45,63	2,5,0.1615,0,170;7,3,0.1515,0,201;1,5,0.8115,0,71;8,0,0.6915,0,97;5,2,0.2195,0,11;8,3,0.4085,0,36
evidence-tabular-train-00899	10	3	2	45,185,179,93,131,69,107,3,179,90,139,184,148,126,151,33,141,38,23,18,77,209,51,184,117,199,65,62,159,86,15,158,41,211,97,114	2,5,0.4245,2,245;8,4,0.3595,0,174;2,4,0.2565,0,55;4,4,0.4285,0,236;0,1,0.4765,0,122;5,1,0.7065,0,134
evidence-tabular-train-00900	5	1	1	90,69,45,110,130,163,43,141,103,155,6,160,33,212,54,166,93,139,34,206,177,117,112,202,146,59,124,15,18,203,173,85,66,79,23,150	5,5,0.4265,2,214;8,0,0.7805,0,185;5,1,0.5285,0,100;6,3,0.5595,0,128;6,4,0.0995,0,6;3,0,0.7315,0,143
evidence-tabular-train-00901	2	2	2	151,28,66,190,163,89,138,211,141,124,116,12,110,59,42,170,155,147,201,86,35,69,19,157,103,8,175,78,174,119,21,133,47,93,49,200	7,2,0.7055,0,75;3,1,0.4545,2,220;0,1,0.4795,0,168;5,4,0.2145,0,115;6,4,0.9995,2,248;3,3,0.4355,0,179
evidence-tabular-train-00902	1	2	0	19,141,135,161,85,193,93,203,155,113,57,124,97,21,117,208,3,169,40,62,38,92,184,153,185,11,107,137,149,147,75,66,158,27,69,45	2,1,0.7375,0,79;2,4,0.0605,0,140;8,4,0.5755,0,35;2,3,0.9405,0,109;0,1,0.3615,0,203;3,5,0.3765,0,71
evidence-tabular-train-00903	0	3	0	149,76,153,54,21,82,119,36,210,116,196,210,130,209,43,162,3,174,93,90,139,190,68,109,12,28,181,104,69,122,62,141,180,18,148,45	2,2,0.5995,0,182;3,2,0.6685,0,173;5,4,0.9615,0,115;3,0,0.4175,0,255;7,3,0.8055,2,183;1,0,0.6545,0,26
evidence-tabular-train-00904	5	2	1	155,34,83,197,4,69,202,113,66,122,19,91,98,62,173,45,150,117,141,147,28,43,190,21,93,52,204,137,76,201,107,211,12,188,133,174	3,2,0.7625,0,178;3,0,0.7105,0,174;3,4,0.5775,0,220;3,1,0.7815,0,166;1,1,0.2305,0,26;1,3,0.2845,0,252
evidence-tabular-train-00905	1	1	1	62,19,47,135,36,141,207,44,179,140,150,198,123,178,80,33,15,185,51,21,83,64,108,91,174,153,115,153,206,69,93,146,117,174,104,9	8,5,0.6455,0,157;8,2,0.8345,2,159;2,4,0.0575,0,153;7,1,0.6305,0,104;7,2,0.6575,0,61;2,5,0.9145,0,255
evidence-tabular-train-00906	5	2	1	127,138,40,166,47,21,52,210,177,157,182,12,84,147,29,150,208,141,4,61,177,117,19,74,108,214,68,69,135,96,116,171,101,89,200,36	3,2,0.7065,0,107;4,2,0.0555,2,100;3,3,0.9025,0,174;1,2,0.2955,3,114;4,2,0.8355,0,119;6,5,0.4385,0,133
evidence-tabular-train-00907	8	3	1	51,21,2,28,187,164,215,141,70,48,205,17,39,176,99,140,68,148,177,212,171,14,63,86,150,178,124,130,93,78,91,115,106,119,43,171	1,4,0.3605,0,86;3,5,0.6315,3,0;2,5,0.8325,1,41;5,4,0.6535,0,18;2,0,0.6935,2,171;3,0,0.8205,0,38
evidence-tabular-train-00908	1	0	2	164,3,144,215,83,37,137,159,127,18,135,40,107,151,152,113,45,11,175,199,90,215,26,64,99,51,173,21,200,60,200,70,77,95,145,117	2,1,0.5565,0,187;1,3,0.1805,0,5;2,2,0.0435,1,169;4,1,0.5845,2,116;2,1,0.3485,0,158;6,5,0.3475,3,168
evidence-tabular-train-00909	5	2	2	66,81,172,158,34,190,177,157,21,93,151,174,3,104,13,205,112,52,141,176,175,147,117,63,106,86,131,31,45,16,121,41,89,69,163,136	2,3,0.0725,0,231;6,0,0.3235,0,130;3,5,0.4865,0,248;8,4,0.3015,0,44;7,0,0.1185,0,234;0,1,0.1115,0,159
evidence-tabular-train-00910	1	1	1	93,115,56,20,82,141,79,62,160,21,209,43,135,99,164,170,173,39,199,136,71,1,187,117,45,150,64,32,203,203,111,197,123,11,146,92	0,1,0.8115,0,177;7,5,0.7925,0,247;7,4,0.1605,2,110;6,0,0.9485,0,199;2,5,0.6055,0,178;2,5,0.1365,0,194
evidence-tabular-train-00911	5	2	1	39,69,93,28,114,172,6,59,166,89,200,185,182,123,171,14,117,107,150,210,67,74,45,131,168,105,139,84,141,165,147,211,44,23,56,20	5,4,0.8745,2,199;3,5,0.8195,0,90;7,1,0.7115,0,114;1,2,0.2345,0,51;8,1,0.5585,0,41;2,1,0.7635,0,123
evidence-tabular-train-00912	4	1	2	151,141,45,114,76,34,102,134,31,207,146,195,69,117,186,4,182,187,20,42,50,171,108,93,204,184,14,21,175,126,63,136,86,64,88,188	3,4,0.8645,0,147;6,0,0.4665,0,174;1,5,0.0165,0,206;3,4,0.1705,0,166;5,2,0.5005,0,128;5,4,0.0525,0,223
evidence-tabular-train-00913	7	3	2	141,125,14,151,69,64,157,202,157,116,178,215,86,134,165,38,148,52,137,152,99,79,26,119,88,19,197,183,45,24,61,3,165,111,43,96	2,4,0.6645,3,163;1,4,0.7045,0,134;3,3,0.0025,0,255;6,4,0.0155,3,38;2,5,0.8825,2,154;4,4,0.3185,0,162
evidence-tabular-train-00914	10	2	1	164,69,137,141,98,195,197,135,45,161,189,73,21,42,17,184,122,106,66,168,30,117,3,63,84,158,113,165,93,53,158,150,147,89,15,36	2,5,0.3205,0,72;5,2,0.5395,0,174;4,5,0.4805,0,73;0,2,0.2895,0,189;1,0,0.3315,0,185;1,5,0.2195,0,111
evidence-tabular-train-00915	10	3	1	153,21,148,69,39,32,112,100,168,135,11,65,150,91,125,44,188,85,140,47,192,81,62,16,3,93,55,181,119,207,204,110,142,198,183,162	2,1,0.0785,0,81;7,5,0.8675,2,148;6,4,0.2465,0,211;8,3,0.7365,0,159;3,4,0.1795,2,98;4,5,0.8295,1,70
evidence-tabular-train-00916	6	2	1	109,147,153,156,23,166,141,64,140,48,204,69,176,41,73,17,93,191,193,128,170,28,97,90,11,117,157,114,35,171,83,150,4,131,53,62	3,1,0.3945,2,116;3,1,0.3265,3,32;4,4,0.0405,0,42;0,1,0.5575,0,210;0,3,0.4655,0,187;7,1,0.9335,0,74
evidence-tabular-train-00917	1	0	0	30,10,195,117,161,193,66,207,134,156,141,149,84,93,166,61,90,51,194,115,123,17,102,21,69,210,185,165,43,77,9,136,145,45,106,35	8,0,0.2725,0,182;5,1,0.6695,0,75;2,3,0.5885,0,59;4,2,0.4855,0,12;5,0,0.6975,0,142;2,4,0.0445,0,104
evidence-tabular-train-00918	1	2	1	21,108,170,154,69,190,20,45,65,53,168,115,150,13,74,85,33,3,137,203,123,183,100,93,195,132,188,117,165,92,147,141,203,63,35,41	2,3,0.9455,0,234;8,1,0.3515,0,62;4,5,0.2235,0,130;1,3,0.9155,0,168;3,2,0.6485,0,70;2,2,0.2775,0,23
evidence-tabular-train-00919	9	3	2	148,86,44,59,178,173,191,151,165,119,127,38,198,201,93,167,88,213,108,46,56,69,15,31,3,115,67,74,137,159,18,162,134,102,23,141	2,5,0.5445,2,34;6,4,0.8435,1,173;7,1,0.7925,0,37;1,4,0.1385,0,193;5,2,0.6425,2,24;6,4,0.2055,0,250
evidence-tabular-train-00920	6	2	0	23,67,147,171,62,69,162,124,191,31,3,44,91,86,207,188,136,102,213,171,81,149,20,210,35,144,93,117,115,132,15,45,49,170,108,152	2,5,0.9095,2,195;6,1,0.9685,0,36;0,4,0.6645,0,227;8,4,0.6585,0,81;5,2,0.7725,0,145;3,2,0.1815,3,216
evidence-tabular-train-00921	6	2	0	210,17,10,194,194,87,137,72,34,73,40,100,113,45,134,90,93,181,170,157,149,202,52,68,141,147,117,8,210,107,123,21,28,191,172,62	7,0,0.2395,0,165;3,0,0.1635,0,223;3,4,0.9365,3,243;0,5,0.4955,0,147;3,1,0.3625,0,235;2,4,0.2915,0,125
evidence-tabular-train-00922	5	2	2	90,107,39,147,112,93,64,80,210,182,141,130,126,4,199,71,184,117,151,194,185,165,49,168,28,99,163,11,41,45,136,20,170,59,21,86	3,1,0.9975,0,181;3,5,0.2055,0,185;0,1,0.1245,2,141;7,4,0.5735,0,220;2,1,0.1755,0,245;5,0,0.1475,0,72
evidence-tabular-train-00923	9	1	0	74,92,57,8,212,171,107,98,146,21,195,140,198,42,126,14,37,197,141,113,149,20,181,86,69,131,173,162,117,62,95,65,47,174,209,32	7,4,0.8965,0,62;7,3,0.4665,2,126;8,4,0.2095,0,2;1,4,0.8745,2,34;1,1,0.3645,0,240;5,1,0.9385,0,179
evidence-tabular-train-00924	5	1	2	199,21,202,87,133,137,115,213,103,67,156,173,156,95,89,56,18,9,69,151,40,166,59,39,141,154,204,117,127,75,146,210,10,45,111,27	8,0,0.4575,0,109;2,5,0.0705,0,72;7,1,0.7355,0,95;2,5,0.2975,2,110;6,5,0.6695,0,24;6,3,0.3895,0,233
evidence-tabular-train-00925	1	1	0	17,138,61,32,196,75,68,179,179,197,51,146,177,45,3,180,149,82,179,109,93,69,210,214,100,91,133,35,112,21,42,141,164,124,117,10	2,0,0.2315,0,220;7,1,0.5735,0,7;2,3,0.9205,0,44;2,0,0.7925,0,192;3,3,0.1365,0,136;3,3,0.5505,0,161
evidence-tabular-train-00926	1	3	0	141,99,122,160,186,65,45,10,87,43,148,176,27,4,185,149,140,200,214,70,120,37,113,21,164,76,202,95,89,20,169,57,214,132,111,62	3,0,0.9395,0,21;2,3,0.6785,0,120;8,4,0.2035,1,169;3,5,0.3435,2,3;2,5,0.2895,3,255;1,2,0.9295,0,141
evidence-tabular-train-00927	1	3	0	207,117,27,43,100,194,187,37,148,89,10,54,123,168,21,130,45,186,86,136,160,75,18,180,215,4,149,159,181,67,141,106,69,63,113,93	3,0,0.5345,0,104;2,3,0.7005,0,214;5,5,0.6965,0,238;2,4,0.3145,0,55;3,0,0.3885,0,183;2,0,0.1025,0,129
evidence-tabular-train-00928	8	2	1	69,192,154,108,90,80,198,84,15,45,124,176,21,8,43,199,62,133,147,93,150,163,158,16,97,65,176,30,34,204,136,112,142,54,118,195	7,5,0.1435,0,8;5,0,0.6485,0,227;5,4,0.2265,0,160;7,2,0.5575,0,92;0,2,0.1925,1,157;3,3,0.1555,1,65
evidence-tabular-train-00929	7	3	1	110,214,93,215,173,178,140,69,53,86,156,92,59,114,141,198,21,75,29,2,157,117,122,179,34,148,45,19,97,67,12,150,153,134,189,43	1,2,0.6695,0,183;4,0,0.7815,0,206;4,1,0.7565,0,90;2,4,0.9535,0,70;0,4,0.4195,0,238;1,4,0.8685,0,59
evidence-tabular-train-00930	8	1	2	54,62,110,4,171,100,177,41,132,114,197,117,68,38,151,194,189,128,207,181,45,16,209,88,146,141,13,139,85,93,69,25,193,73,21,152	3,3,0.1235,0,85;0,4,0.2735,0,139;5,4,0.9615,0,145;0,3,0.1345,0,191;3,4,0.5125,0,15;7,2,0.7615,0,143
evidence-tabular-train-00931	5	2	2	112,21,151,83,130,192,177,75,89,69,196,195,122,107,48,68,34,141,60,147,93,44,104,186,20,27,195,203,117,7,51,204,165,14,205,140	6,4,0.9305,0,225;2,0,0.8985,3,24;2,2,0.8245,0,240;2,1,0.2165,0,63;7,1,0.0195,0,31;1,0,0.9085,0,133
evidence-tabular-train-00932	6	3	2	115,98,28,162,49,129,14,214,201,182,176,68,93,148,73,132,45,6,180,16,151,69,181,41,86,165,137,172,88,35,21,61,117,192,108,141	5,4,0.1585,0,191;3,1,0.3645,0,73;0,3,0.8575,0,175;0,4,0.0865,0,125;1,2,0.6875,0,158;8,2,0.2505,0,164
evidence-tabular-train-00933	5	3	1	6,137,182,190,150,79,92,133,208,93,21,45,67,152,34,199,169,85,58,148,208,121,141,44,99,164,212,107,17,30,14,117,190,56,113,69	5,4,0.3775,0,132;5,0,0.8765,0,189;7,0,0.6315,0,19;6,3,0.8775,0,193;2,1,0.2755,0,66;0,3,0.2685,0,108
evidence-tabular-train-00934	1	1	2	153,151,21,69,19,117,188,15,155,136,68,188,141,45,127,34,3,189,167,187,88,51,134,99,79,61,85,165,93,171,146,110,203,41,28,116	2,5,0.7955,0,92;3,0,0.3975,0,228;2,3,0.9195,0,36;6,3,0.0095,0,199;2,4,0.9975,0,128;6,4,0.0115,0,173
evidence-tabular-train-00935	5	2	0	36,174,197,64,143,149,116,52,21,94,18,173,45,147,107,187,4,88,130,29,117,180,166,197,69,41,210,124,202,176,100,85,59,13,76,139	3,3,0.5915,0,248;4,2,0.2145,0,36;3,1,0.0985,0,239;3,3,0.0535,1,167;3,1,0.9085,0,29;3,0,0.7425,2,218
evidence-tabular-train-00936	4	1	1	64,150,117,188,57,91,45,204,141,170,82,62,21,138,69,177,116,39,111,93,12,124,182,4,33,152,44,184,203,146,133,77,195,16,182,97	3,2,0.1185,0,92;8,5,0.8695,0,188;8,4,0.1405,0,160;4,0,0.6295,0,39;0,5,0.9515,0,63;3,3,0.5905,0,37
evidence-tabular-train-00937	10	3	1	43,160,39,75,148,213,141,165,45,181,89,4,117,164,69,200,109,54,203,10,21,63,18,83,93,33,177,135,123,155,150,166,113,97,67,137	3,0,0.4865,0,177;8,5,0.6095,0,165;5,5,0.7595,0,26;2,1,0.3025,0,177;0,3,0.2225,0,20;2,5,0.3895,0,163
evidence-tabular-train-00938	4	1	2	139,44,133,17,51,117,112,14,72,76,85,110,21,146,141,38,171,90,100,151,124,194,195,168,4,32,175,159,170,204,65,60,95,175,46,209	3,4,0.3565,0,186;7,4,0.8995,1,70;2,2,0.3875,3,246;3,3,0.4735,2,249;3,4,0.1545,0,42;3,3,0.7605,0,79
evidence-tabular-train-00939	8	1	1	204,136,180,69,109,146,65,98,3,77,158,179,177,30,45,112,190,154,21,209,168,94,90,41,14,123,61,150,141,179,134,120,36,84,54,17	2,4,0.2425,0,111;5,2,0.3105,0,194;5,3,0.2165,0,52;4,2,0.5485,1,141;1,3,0.1595,3,43;2,4,0.0575,0,30
evidence-tabular-train-00940	10	3	1	101,2,125,117,168,148,177,139,141,110,28,150,116,54,213,206,15,85,45,35,41,58,173,21,75,179,17,168,177,69,160,89,94,135,68,153	1,5,0.3065,0,207;3,1,0.2405,0,18;5,0,0.8235,0,141;2,3,0.2915,1,160;4,4,0.9665,0,190;4,5,0.6795,0,138
evidence-tabular-train-00941	1	2	2	151,198,131,107,207,43,147,27,45,16,90,83,186,55,70,112,204,93,10,210,64,104,127,187,21,211,63,141,201,117,138,172,37,170,8,75	7,0,0.1355,0,115;2,3,0.6285,0,30;6,5,0.1415,1,70;2,1,0.5895,0,85;7,1,0.1065,0,203;6,1,0.5875,0,187
evidence-tabular-train-00942	7	3	2	202,122,16,69,151,116,48,192,85,34,190,172,1,209,95,68,42,58,134,211,27,57,81,148,117,103,21,175,12,139,182,180,107,193,141,92	0,2,0.1655,0,41;2,0,0.5515,3,245;8,0,0.9545,0,106;8,3,0.8795,2,71;6,1,0.9985,0,115;1,4,0.6195,0,239
evidence-tabular-train-00943	1	3	2	17,69,141,45,154,154,88,107,99,117,39,68,151,41,51,169,165,8,200,76,62,172,177,21,183,15,126,113,131,137,28,211,93,82,154,148	7,5,0.3545,0,19;3,5,0.2575,0,156;2,4,0.8465,0,164;3,0,0.1415,0,22;2,1,0.3425,0,170;5,1,0.3795,0,94
evidence-tabular-train-00944	10	2	2	193,133,173,39,86,117,33,44,59,183,159,91,155,151,45,68,20,142,125,55,75,21,182,114,106,104,69,138,207,185,147,5,93,169,209,12	4,2,0.9785,0,42;8,5,0.8525,0,191;6,1,0.9275,0,187;2,4,0.6375,0,150;7,0,0.5625,0,163;4,3,0.5545,1,61
evidence-tabular-train-00945	0	3	1	139,141,156,64,19,162,110,201,148,168,133,85,2,21,160,115,124,50,38,117,41,63,12,90,158,158,158,212,94,48,28,150,76,100,69,193	1,2,0.7055,0,27;3,4,0.3825,3,161;1,5,0.1305,0,251;3,3,0.5635,1,27;3,4,0.7455,0,100;3,3,0.6595,0,230
evidence-tabular-train-00946	2	3	0	140,103,81,93,148,155,49,108,43,209,69,66,20,58,156,130,117,116,85,11,213,189,28,92,24,149,175,45,186,203,141,2,153,197,126,35	1,1,0.8285,3,91;3,1,0.6395,0,113;0,0,0.4105,0,35;8,3,0.8415,0,112;6,2,0.8595,0,39;5,0,0.8985,0,27
evidence-tabular-train-00947	1	3	2	141,161,208,148,69,177,180,133,84,178,51,100,112,41,28,59,3,151,136,35,108,93,18,21,15,47,215,156,64,118,155,88,129,76,167,172	2,5,0.5655,0,237;3,1,0.3585,2,183;2,1,0.0315,0,85;3,2,0.1705,0,214;3,2,0.1735,1,241;8,3,0.1385,0,13
evidence-tabular-train-00948	5	2	0	75,206,190,34,117,45,195,147,69,170,82,91,130,211,21,15,108,116,40,141,154,51,33,4,149,20,176,126,176,58,93,139,99,213,186,64	3,5,0.9665,0,204;8,0,0.0955,0,26;2,0,0.1725,0,182;2,0,0.6945,0,103;2,2,0.9235,0,127;5,0,0.7935,0,49
evidence-tabular-train-00949	5	2	2	210,141,127,188,109,100,70,151,212,117,147,162,62,93,89,195,114,31,139,134,211,188,20,23,210,45,159,73,36,84,5,42,53,67,10,196	4,0,0.8605,2,65;6,2,0.4175,0,170;4,4,0.6745,1,49;0,2,0.2325,0,224;3,3,0.4855,0,145;6,4,0.6405,0,208
evidence-tabular-train-00950	1	3	0	160,141,16,189,74,106,89,185,93,24,138,30,207,174,58,65,34,2,189,157,69,177,161,116,45,117,148,149,99,13,40,52,130,87,178,123	1,3,0.1875,3,106;5,0,0.1315,0,197;3,0,0.3515,0,106;1,5,0.3065,0,25;2,0,0.8335,0,186;2,0,0.4015,0,61
evidence-tabular-train-00951	4	1	1	157,21,75,197,162,13,195,69,26,39,18,213,83,154,107,169,99,45,4,91,58,65,146,43,150,211,210,54,141,137,93,115,122,169,132,117	3,3,0.4155,0,176;1,5,0.7675,0,208;5,0,0.3915,0,185;2,1,0.7625,0,112;2,1,0.6235,0,22;1,2,0.2185,0,143
evidence-tabular-train-00952	5	2	0	80,147,139,52,141,91,124,210,4,62,69,213,155,82,131,108,175,149,45,99,23,36,20,117,171,193,15,41,188,166,163,27,93,116,68,204	3,5,0.8635,2,223;2,2,0.2625,0,193;3,4,0.8485,0,229;7,0,0.6925,0,250;2,2,0.8625,0,98;3,1,0.6735,0,243
evidence-tabular-train-00953	9	2	0	86,152,137,38,121,179,119,149,114,66,32,212,200,108,74,63,69,21,93,45,18,176,205,133,169,170,142,147,92,13,105,190,56,214,7,42	6,3,0.5385,0,14;7,4,0.4925,0,238;7,5,0.4785,0,242;1,4,0.9705,0,223;8,2,0.4315,2,182;0,3,0.3175,1,156
evidence-tabular-train-00954	10	1	2	28,14,124,77,175,117,151,199,18,93,69,180,57,115,157,41,186,5,187,90,85,106,21,146,38,184,193,67,143,97,45,61,214,139,132,171	4,4,0.5135,0,122;3,4,0.3815,0,229;8,3,0.7915,0,12;4,3,0.4645,0,134;0,0,0.6245,0,100;3,2,0.7175,2,1
evidence-tabular-train-00955	5	1	2	93,19,189,31,170,59,146,127,205,43,74,192,141,69,117,183,116,135,154,49,202,104,89,158,193,36,138,13,7,108,82,21,45,194,151,67	6,3,0.7175,0,3;6,2,0.6625,0,194;0,1,0.6125,0,226;1,0,0.2775,0,68;7,2,0.8625,0,54;6,5,0.5025,0,87
evidence-tabular-train-00956	10	3	1	114,57,61,158,140,100,12,169,124,26,179,161,173,141,24,86,37,5,44,150,67,106,81,173,181,17,90,161,181,69,45,148,164,132,93,117	4,2,0.2685,3,248;1,3,0.8105,0,61;8,3,0.7795,0,63;8,4,0.5275,0,113;3,0,0.4605,0,154;3,2,0.9065,0,149
evidence-tabular-train-00957	8	3	0	170,130,92,143,128,140,2,43,162,13,213,83,23,181,199,108,67,181,81,157,169,45,189,117,63,35,103,182,149,69,19,54,27,95,114,148	1,3,0.7505,2,68;2,1,0.6275,0,154;5,5,0.7995,0,124;8,1,0.8335,2,164;6,2,0.4295,0,30;7,0,0.9505,2,228
evidence-tabular-train-00958	2	1	0	30,59,180,79,41,21,206,51,200,91,198,178,20,2,209,69,122,115,101,130,149,84,137,165,117,93,141,201,47,210,159,39,146,65,108,12	1,2,0.8655,0,46;5,5,0.2875,2,161;2,1,0.3585,0,223;6,2,0.6755,0,114;4,2,0.6815,0,180;1,0,0.3695,0,80
evidence-tabular-train-00959	1	1	0	21,60,146,198,117,152,12,177,130,89,200,113,141,20,29,67,137,171,167,123,196,152,49,47,208,149,34,83,44,109,69,174,3,97,96,75	2,2,0.9645,0,32;4,0,0.9685,2,221;0,2,0.6945,0,45;2,1,0.2215,3,64;0,3,0.2915,0,98;2,0,0.2805,0,192
evidence-tabular-train-00960	8	1	1	146,150,50,210,190,37,107,168,11,144,58,182,100,121,169,203,67,138,43,180,78,157,20,32,154,117,90,207,69,23,93,87,9,114,133,45	8,1,0.8605,2,66;7,3,0.6375,0,95;1,0,0.7665,0,211;5,5,0.5435,0,60;3,1,0.4485,0,114;0,3,0.5665,3,97
evidence-tabular-train-00961	1	2	0	158,147,45,141,52,140,187,42,84,99,117,111,159,193,199,2,62,213,38,72,160,185,149,90,13,192,16,93,213,25,65,114,73,21,134,129	1,3,0.1165,0,191;0,4,0.4365,0,91;3,4,0.2665,3,123;0,2,0.4105,0,61;2,5,0.4585,0,115;8,4,0.9865,0,46
evidence-tabular-train-00962	9	0	1	104,159,207,20,39,135,188,165,111,92,184,150,70,122,158,24,211,27,8,117,178,66,50,45,41,81,145,202,58,87,161,116,93,10,139,141	7,0,0.9185,3,72;2,5,0.3315,0,74;1,0,0.5975,1,197;8,5,0.9665,0,199;7,5,0.9655,0,31;1,5,0.6445,0,147
evidence-tabular-train-00963	1	0	1	54,33,75,132,158,153,183,21,69,3,34,83,141,64,45,164,158,176,150,117,126,63,154,167,145,176,111,99,137,93,112,90,183,40,20,15	2,5,0.9235,0,7;8,0,0.0365,0,211;5,5,0.0535,0,173;2,1,0.4315,0,53;2,5,0.0435,0,199;5,2,0.2655,0,99
evidence-tabular-train-00964	4	1	0	7,27,117,141,45,210,14,149,109,93,69,174,189,21,67,146,63,213,104,76,84,179,38,17,170,155,140,124,52,135,89,43,171,115,211,177	6,4,0.3795,0,173;2,4,0.6045,0,62;3,5,0.6185,0,72;3,2,0.3835,0,109;7,3,0.7945,0,104;3,5,0.8025,0,207
evidence-tabular-train-00965	2	2	0	40,107,178,209,147,190,33,11,117,200,141,65,162,18,164,172,88,2,136,21,103,93,53,37,69,189,173,114,82,134,126,149,215,62,47,80	1,1,0.5215,0,84;8,3,0.1735,2,35;4,4,0.2055,0,201;7,0,0.1445,0,97;6,1,0.4075,0,113;5,4,0.1825,0,165
evidence-tabular-train-00966	9	0	0	193,58,29,117,11,64,70,82,89,132,145,190,109,45,180,1,189,137,141,149,195,170,153,203,22,196,114,41,104,37,122,51,202,20,93,77	0,1,0.9225,1,128;4,3,0.2415,0,217;2,0,0.1375,1,135;4,0,0.3785,0,247;7,3,0.5535,0,11;1,2,0.2245,0,111
evidence-tabular-train-00967	2	2	0	132,78,58,128,113,21,55,155,179,155,29,137,190,36,4,172,192,91,117,200,86,149,16,13,110,147,157,69,45,163,141,212,42,94,102,65	3,3,0.1625,0,108;4,2,0.4135,0,210;6,0,0.3055,0,247;5,4,0.6255,1,157;5,4,0.3475,0,45;7,2,0.2735,0,125
evidence-tabular-train-00968	10	2	0	29,178,147,21,71,91,77,194,196,20,203,12,149,62,45,55,198,153,141,193,156,192,85,44,183,93,140,115,123,102,108,117,1,132,37,67	0,2,0.8355,0,231;4,3,0.9145,0,107;6,4,0.7185,2,215;4,3,0.6845,0,44;5,2,0.7795,0,176;2,2,0.9915,0,15
evidence-tabular-train-00969	5	2	0	49,76,86,175,156,7,160,138,117,43,169,190,157,91,58,108,170,123,133,147,153,47,105,12,194,141,93,176,64,21,37,112,69,33,149,17	6,2,0.3025,0,105;8,3,0.7645,2,203;0,0,0.0015,0,138;3,4,0.6985,0,4;8,2,0.0895,0,178;2,3,0.5735,0,200
evidence-tabular-train-00970	8	3	1	15,168,90,48,214,78,3,170,198,197,20,126,198,134,107,163,28,54,83,116,39,140,118,68,148,93,186,59,215,178,44,141,150,69,21,101	2,5,0.8865,0,25;3,5,0.9845,3,255;5,1,0.9325,0,144;5,1,0.4245,0,36;4,1,0.9405,1,224;5,4,0.9325,0,201
evidence-tabular-train-00971	9	0	0	80,198,85,145,196,191,205,32,206,113,17,117,69,14,207,169,42,21,107,93,54,35,157,149,158,91,141,45,125,139,103,2,65,133,193,63	1,4,0.2375,0,13;7,1,0.5875,0,170;5,5,0.2135,0,214;7,3,0.7765,0,11;6,1,0.2815,0,152;4,3,0.6675,0,68
evidence-tabular-train-00972	2	2	1	28,208,99,93,186,150,198,15,152,45,181,190,60,69,68,117,171,107,113,147,35,51,1,84,17,136,21,133,144,209,161,76,92,41,123,152	0,5,0.3075,0,192;3,1,0.2495,0,228;2,2,0.9225,0,50;3,2,0.8505,0,118;2,1,0.3115,0,163;2,3,0.1585,3,203
evidence-tabular-train-00973	0	3	1	160,67,137,177,24,6,102,213,186,14,148,77,38,69,192,129,45,117,141,94,150,158,174,28,212,179,91,17,58,44,83,201,107,112,57,135	5,4,0.2835,3,50;3,4,0.8425,0,203;8,0,0.6605,0,197;4,1,0.7555,1,250;5,1,0.0575,0,177;8,5,0.2345,0,95
evidence-tabular-train-00974	4	1	0	173,170,174,42,141,19,184,9,146,159,34,59,105,87,207,171,28,69,156,149,93,24,90,177,76,47,67,56,117,114,169,133,137,11,110,122	8,1,0.6535,3,247;3,0,0.5685,2,8;7,1,0.6125,0,35;3,5,0.4745,0,208;8,4,0.5015,0,48;1,3,0.3075,0,88
evidence-tabular-train-00975	5	2	0	39,92,111,117,69,87,45,75,93,144,183,116,147,172,52,152,138,160,149,133,19,10,100,183,1,61,152,153,207,21,122,25,43,166,199,67	0,0,0.7715,0,52;0,5,0.6765,0,123;3,3,0.6095,0,75;2,5,0.9105,0,176;3,5,0.8495,0,87;1,3,0.5765,3,128
evidence-tabular-train-00976	5	3	1	79,165,106,89,44,161,20,45,54,86,161,196,198,190,68,31,60,115,37,140,98,24,1,117,193,132,142,69,150,10,190,148,124,94,170,202	0,0,0.8825,3,86;6,3,0.9495,0,1;5,2,0.9685,0,186;6,4,0.2075,1,49;1,0,0.7715,0,83;3,2,0.8405,1,237
evidence-tabular-train-00977	0	3	1	14,47,195,161,21,115,34,3,155,206,60,176,160,124,118,57,28,198,187,135,43,18,72,65,150,104,165,152,93,91,148,141,79,82,137,106	2,4,0.4515,0,148;3,0,0.6955,2,53;8,2,0.2195,3,38;6,0,0.7805,0,143;7,0,0.6615,1,217;3,5,0.3805,0,112
evidence-tabular-train-00978	1	1	1	58,125,65,208,21,41,140,150,117,146,80,13,152,205,69,166,143,93,18,26,116,52,99,200,134,45,171,164,159,92,178,106,84,3,35,179	2,3,0.4925,0,187;1,1,0.3925,0,6;3,0,0.3635,0,74;7,2,0.8625,0,215;2,0,0.9545,0,16;4,4,0.8925,2,136
evidence-tabular-train-00979	9	3	1	198,143,181,20,32,148,150,185,52,104,40,205,23,11,203,135,115,65,128,45,195,109,62,90,71,138,82,199,93,38,117,177,183,80,197,7	6,1,0.9495,2,48;7,4,0.1505,0,99;3,4,0.3595,2,44;7,0,0.4575,0,104;7,3,0.6115,0,31;7,5,0.4415,2,255
evidence-tabular-train-00980	10	1	1	48,184,18,146,175,127,196,144,190,21,44,69,113,155,130,5,165,150,77,59,94,52,139,163,203,38,27,196,117,66,107,89,168,15,82,98	4,5,0.4885,0,174;2,4,0.9825,3,89;3,1,0.4765,0,74;4,0,0.2495,1,135;1,1,0.3745,0,249;6,0,0.7215,3,76
evidence-tabular-train-00981	10	0	0	164,131,170,31,113,99,34,183,68,5,195,61,45,91,145,137,108,23,152,85,43,209,17,165,129,55,119,93,207,149,170,71,160,77,141,10	4,0,0.3685,2,252;6,0,0.6425,0,16;6,3,0.8735,2,29;4,3,0.6915,0,171;2,2,0.3125,2,209;8,1,0.2795,0,192
evidence-tabular-train-00982	7	2	1	21,108,129,90,201,115,165,28,19,215,83,66,2,93,45,214,206,141,165,188,36,138,49,147,150,15,74,156,135,40,120,103,69,201,154,60	1,5,0.7365,0,160;3,2,0.0715,0,246;0,2,0.5395,0,80;1,1,0.5975,0,54;6,2,0.7815,3,155;8,5,0.4925,0,125
evidence-tabular-train-00983	5	3	1	165,136,215,194,142,4,188,64,21,91,41,158,204,111,93,32,10,150,148,116,60,79,39,177,172,69,174,133,18,117,45,196,101,128,87,50	3,0,0.4135,0,222;7,5,0.2285,0,153;1,2,0.1825,0,252;6,5,0.6185,0,206;4,5,0.8845,0,187;7,3,0.0295,1,178
evidence-tabular-train-00984	10	2	2	111,90,28,151,139,45,69,40,117,168,210,160,116,16,105,75,51,58,21,157,131,87,10,8,93,155,141,172,187,199,65,124,213,38,147,186	7,0,0.0845,0,194;3,4,0.1685,0,161;2,0,0.3875,0,35;2,5,0.5995,0,191;8,5,0.8975,0,5;3,1,0.6555,0,117
evidence-tabular-train-00985	2	2	0	190,92,113,149,107,147,190,21,84,186,131,195,48,70,202,188,141,31,1,182,56,117,155,140,191,63,41,68,20,10,168,126,100,79,37,93	0,0,0.8425,0,46;6,3,0.3025,3,91;7,5,0.9145,1,52;6,2,0.9065,0,16;3,1,0.3545,0,22;5,1,0.9385,0,3
evidence-tabular-train-00986	2	0	2	11,151,197,46,59,212,167,107,169,156,137,51,93,145,115,141,41,21,17,102,190,64,184,130,172,92,82,37,69,170,192,80,117,123,5,27	4,1,0.2995,0,204;2,3,0.2995,1,120;2,1,0.0805,0,182;7,0,0.9175,0,225;5,1,0.6855,0,176;2,0,0.2595,0,51
evidence-tabular-train-00987	10	2	2	117,151,65,26,208,108,184,215,16,112,62,167,94,69,173,24,11,214,125,198,48,141,139,186,147,83,39,205,135,55,76,88,41,152,1,102	0,1,0.0785,3,225;1,5,0.3925,3,133;6,4,0.2195,0,177;3,1,0.1895,1,238;5,2,0.0005,0,86;4,5,0.7375,0,67
evidence-tabular-train-00988	8	0	2	126,67,27,185,21,93,75,163,84,180,69,51,7,140,115,104,11,208,193,157,20,111,151,133,168,207,209,215,92,145,141,45,37,58,41,117	6,1,0.8695,0,79;2,3,0.2895,0,118;2,0,0.6745,0,129;2,2,0.9665,0,111;7,5,0.6345,0,100;5,3,0.9695,0,90
evidence-tabular-train-00989	1	3	1	108,150,179,117,42,141,148,73,21,196,93,114,69,45,140,16,86,99,132,160,91,4,185,199,178,67,123,213,177,51,61,10,165,25,38,194	3,0,0.1345,0,242;0,4,0.4805,0,147;2,3,0.6935,0,114;0,4,0.7915,0,130;2,2,0.5255,0,105;2,2,0.8265,0,65
evidence-tabular-train-00990	8	0	0	66,189,165,21,190,160,3,96,145,45,125,16,44,63,134,79,87,190,110,141,34,149,191,119,198,178,69,137,26,54,14,114,160,163,91,104	2,4,0.0565,0,89;1,0,0.9255,0,116;5,5,0.4745,0,135;6,5,0.7815,3,138;7,4,0.4215,2,122;4,4,0.2335,0,0
evidence-tabular-train-00991	2	3	0	200,21,210,153,90,149,196,182,201,105,148,36,123,30,60,137,141,189,131,84,73,93,41,168,117,106,16,12,45,116,68,162,69,201,3,54	2,2,0.1865,0,219;5,2,0.2475,0,36;5,2,0.8945,0,84;0,2,0.5985,0,44;8,0,0.9195,0,171;2,1,0.3615,0,136
evidence-tabular-train-00992	5	2	0	91,136,54,175,112,76,169,26,131,149,182,4,147,62,69,215,44,176,141,110,156,117,204,93,97,182,184,21,19,185,127,45,12,35,87,65	3,2,0.7515,0,102;1,1,0.9885,0,8;5,4,0.2295,0,171;3,5,0.6225,0,248;0,4,0.1405,0,235;6,1,0.0255,0,165
evidence-tabular-train-00993	0	3	0	96,155,61,2,212,66,44,69,92,207,148,194,177,45,108,102,149,75,123,56,39,214,28,179,141,135,24,196,213,139,86,117,115,11,158,19	1,1,0.6835,3,117;3,5,0.8935,0,241;7,3,0.4405,0,195;2,4,0.8485,3,108;5,2,0.7505,0,240;2,5,0.7685,0,165
evidence-tabular-train-00994	5	2	0	93,92,7,54,123,26,182,14,165,136,46,69,191,67,43,82,81,119,156,116,111,60,18,133,201,174,149,143,102,211,147,172,38,21,178,194	6,4,0.4925,0,29;1,4,0.6215,1,239;5,2,0.7695,0,37;8,0,0.9875,0,120;5,5,0.8525,2,197;2,3,0.1205,2,10
evidence-tabular-train-00995	0	1	1	52,150,76,191,21,117,166,87,16,15,180,139,135,92,169,112,144,214,64,47,44,128,97,156,108,59,32,38,95,158,203,146,9,69,166,184	8,5,0.1875,0,244;7,4,0.8685,2,128;3,1,0.0235,0,33;3,5,0.9685,2,218;0,2,0.1915,0,29;7,5,0.6715,3,3
evidence-tabular-train-00996	1	3	2	125,79,28,118,34,198,108,85,174,140,154,116,158,215,151,44,6,91,15,163,213,48,194,148,131,154,21,67,100,61,51,69,95,200,17,141	5,5,0.3615,0,164;3,0,0.9605,3,84;2,3,0.6105,0,38;6,3,0.7495,2,22;3,2,0.9675,1,50;4,1,0.9785,0,90
evidence-tabular-train-00997	7	1	2	117,196,59,45,207,156,69,108,20,82,2,202,143,36,205,12,64,136,146,93,180,123,114,21,151,205,134,97,42,163,165,56,25,74,189,89	1,2,0.8035,0,106;0,2,0.4395,0,201;7,1,0.0685,0,87;1,0,0.2575,0,39;0,2,0.5245,0,233;2,4,0.1355,2,243
evidence-tabular-train-00998	9	3	2	32,114,80,195,59,39,200,20,96,154,49,106,83,126,98,136,182,44,162,151,21,117,89,47,142,64,174,182,148,201,170,8,133,69,198,15	7,5,0.9965,0,231;7,5,0.9305,2,226;0,1,0.1335,0,214;7,1,0.3535,3,5;1,0,0.4115,0,132;5,3,0.1215,1,76
evidence-tabular-train-00999	0	3	2	153,212,21,192,151,115,103,118,35,9,196,106,48,76,178,18,69,29,87,134,139,42,188,11,93,58,195,126,67,173,187,184,148,144,90,52	8,1,0.5165,0,196;4,1,0.5145,3,240;3,0,0.6285,0,142;3,5,0.5515,0,131;6,0,0.7745,1,18;5,4,0.6075,3,232
evidence-tabular-train-01000	1	3	2	50,177,139,163,93,165,111,148,69,159,116,209,199,193,172,88,75,14,42,123,99,37,64,59,32,21,143,86,117,133,4,165,19,212,151,45	3,4,0.7485,0,78;7,3,0.4815,0,165;1,1,0.1365,0,212;2,4,0.0045,0,146;2,5,0.8375,0,148;2,3,0.6815,2,244
evidence-tabular-train-01001	4	1	1	146,105,3,16,42,186,209,120,176,91,168,69,187,143,212,137,21,15,203,45,51,36,64,63,135,150,107,82,185,204,124,112,93,199,76,28	2,5,0.0735,0,21;3,2,0.5555,0,86;2,5,0.0045,0,19;3,0,0.6855,0,54;8,1,0.1375,3,151;3,5,0.3925,2,245
evidence-tabular-train-01002	1	2	1	134,86,93,15,21,138,37,150,169,74,65,122,115,45,90,100,194,3,156,51,147,19,205,61,175,69,166,159,166,141,117,158,107,190,30,41	2,5,0.6935,0,240;5,3,0.2435,0,61;2,3,0.2155,0,254;1,4,0.4745,0,54;3,1,0.6715,0,151;1,4,0.4255,0,97
evidence-tabular-train-01003	6	3	1	40,214,141,136,189,39,69,158,49,210,83,45,92,107,66,127,157,191,135,76,150,93,21,11,113,18,101,206,117,148,162,8,163,152,62,28	7,1,0.5085,0,208;3,5,0.1565,0,245;0,4,0.5935,0,197;3,1,0.8935,0,151;4,1,0.2365,0,42;6,5,0.1305,0,113
evidence-tabular-train-01004	6	2	2	162,11,4,31,147,186,183,112,131,48,93,37,87,16,119,21,89,64,128,40,138,187,152,55,178,210,213,151,105,69,107,207,141,73,60,156	3,1,0.1695,0,18;6,3,0.0185,3,167;6,2,0.0395,0,112;0,5,0.3625,0,138;8,1,0.1985,2,55;7,1,0.5625,0,27
evidence-tabular-train-01005	2	3	1	178,75,85,32,150,129,65,101,20,21,89,49,159,137,201,179,116,58,117,193,158,93,45,196,36,202,164,211,141,133,11,43,3,69,148,108	2,1,0.8135,0,81;7,2,0.6115,0,94;0,0,0.3205,0,218;2,3,0.3465,0,141;4,2,0.9325,0,2;8,3,0.2475,0,12
evidence-tabular-train-01006	1	3	2	121,142,21,177,37,85,166,130,117,62,31,69,172,99,166,3,108,181,139,203,46,76,16,212,115,96,151,42,206,14,148,189,67,55,170,88	2,4,0.0335,0,58;6,3,0.4505,1,160;6,4,0.7385,0,195;3,3,0.0405,3,67;2,2,0.7395,0,64;0,0,0.6675,1,169
evidence-tabular-train-01007	8	3	0	69,135,206,42,158,21,207,115,15,206,156,26,156,200,103,148,149,107,165,141,185,93,136,50,124,6,35,92,17,87,117,78,68,61,45,164	5,5,0.2335,0,1;1,1,0.4425,0,248;1,3,0.9075,0,91;5,5,0.9245,0,152;6,1,0.7355,0,199;3,5,0.0605,0,255
evidence-tabular-train-01008	10	2	1	204,140,17,57,106,69,162,45,21,42,91,117,35,12,86,161,185,116,68,202,7,164,200,61,174,211,133,28,141,81,125,100,93,190,147,150	6,2,0.3165,0,9;3,1,0.5445,0,199;8,3,0.9205,0,102;8,4,0.6335,0,205;3,0,0.9045,0,116;4,3,0.8825,0,204
evidence-tabular-train-01009	1	3	1	116,199,69,191,93,43,168,18,99,45,170,141,136,184,89,51,35,191,21,117,148,14,133,194,150,121,181,76,85,65,171,31,169,2,110,63	1,4,0.4375,0,25;6,1,0.7335,0,190;2,5,0.2405,0,213;3,3,0.3475,0,188;2,4,0.8995,0,53;0,3,0.0435,0,13
evidence-tabular-train-01010	1	0	0	93,48,194,60,135,13,149,181,21,41,138,3,117,88,198,208,68,183,123,172,35,143,85,170,77,19,188,69,145,98,200,26,108,191,51,112	2,3,0.6245,0,61;1,1,0.2665,3,189;2,2,0.9035,0,54;4,3,0.1105,0,30;1,2,0.0775,0,147;2,5,0.4035,2,5
evidence-tabular-train-01011	1	2	1	62,190,158,152,43,15,136,110,20,195,38,176,51,199,117,147,93,89,65,150,183,209,21,101,45,129,156,135,182,113,73,141,71,27,82,3	2,5,0.9245,0,97;2,4,0.7225,0,197;2,4,0.3055,2,166;0,0,0.2835,0,45;4,4,0.3055,0,204;8,5,0.0805,0,114
evidence-tabular-train-01012	1	1	1	210,123,73,176,194,132,43,105,212,120,86,157,3,150,69,198,140,146,26,189,89,211,17,35,187,176,45,65,21,62,94,113,49,141,11,110	2,1,0.3775,0,219;1,1,0.6915,0,119;0,4,0.2315,0,5;0,4,0.2885,1,233;8,4,0.2915,3,131;2,2,0.8875,0,74
evidence-tabular-train-01013	1	3	2	42,21,68,188,175,151,109,37,189,137,175,119,199,185,69,16,77,51,202,101,4,26,83,15,210,113,45,128,183,148,93,154,61,133,92,141	3,5,0.1275,0,112;1,3,0.4125,0,186;2,3,0.8215,0,9;4,1,0.9505,0,41;4,3,0.3585,2,64;7,3,0.2745,0,43
evidence-tabular-train-01014	6	1	1	198,12,176,166,119,49,111,115,17,100,45,67,174,76,196,134,38,126,209,179,93,205,63,150,182,139,141,21,40,29,146,83,91,195,6,69	5,2,0.3505,0,13;4,4,0.1275,0,131;0,5,0.6885,0,204;3,1,0.6455,0,234;3,5,0.7065,2,109;5,4,0.7235,0,155
evidence-tabular-train-01015	9	3	0	171,173,116,149,117,108,130,39,80,21,48,90,99,56,69,197,186,148,187,82,123,153,11,17,162,138,167,6,28,93,63,65,43,183,160,144	5,1,0.2375,0,243;3,5,0.6145,3,177;7,5,0.3425,0,120;7,0,0.5595,0,98;2,2,0.9775,0,183;2,0,0.5555,3,181
evidence-tabular-train-01016	2	3	2	90,155,141,211,130,50,151,27,93,104,137,59,187,22,126,162,173,82,75,212,168,69,148,8,66,10,41,112,117,109,45,17,205,183,154,35	7,0,0.3065,1,171;2,1,0.3905,0,187;1,1,0.5705,0,86;2,0,0.4205,0,17;7,3,0.0485,0,49;5,0,0.2445,0,62
evidence-tabular-train-01017	7	2	0	130,45,117,186,196,34,74,141,183,57,10,92,190,201,67,149,16,32,111,185,61,124,69,188,116,137,84,93,98,3,154,147,176,170,21,40	2,0,0.1545,0,141;7,0,0.1065,0,247;8,3,0.7565,0,42;1,2,0.8705,0,27;1,5,0.9645,0,138;3,0,0.2655,0,207
evidence-tabular-train-01018	0	3	0	103,75,165,89,174,178,152,110,83,190,149,155,69,93,117,52,116,21,124,207,148,1,60,43,141,172,48,183,20,15,25,200,36,68,133,137	0,5,0.9085,0,208;0,2,0.7005,3,82;3,2,0.8845,0,186;2,1,0.3995,0,164;6,4,0.8365,0,153;3,3,0.3695,0,167
evidence-tabular-train-01019	10	3	1	115,155,140,69,86,64,111,60,81,39,153,124,132,193,141,49,8,47,150,183,193,14,30,148,117,191,19,21,157,40,190,92,93,101,181,161	7,4,0.7585,0,166;5,5,0.0685,2,60;0,2,0.1725,0,88;8,4,0.9415,0,220;4,5,0.7145,0,94;3,2,0.9965,0,60
evidence-tabular-train-01020	10	1	1	93,203,150,213,170,90,117,177,48,35,27,130,162,174,146,105,121,140,115,9,144,108,184,62,66,178,76,178,21,56,181,13,82,69,40,19	8,3,0.6245,0,46;2,1,0.0965,3,203;7,4,0.5485,0,157;3,0,0.4555,0,101;8,2,0.7535,0,254;0,0,0.9805,3,43
evidence-tabular-train-01021	9	2	0	8,21,64,92,186,190,125,20,100,76,26,94,87,190,149,159,44,108,71,131,47,37,191,183,15,117,208,203,153,161,56,113,147,141,138,58	7,5,0.9995,0,53;1,3,0.8915,2,181;7,0,0.0335,2,113;3,5,0.9585,1,222;3,2,0.3425,0,61;4,1,0.5435,0,247
evidence-tabular-train-01022	10	1	1	117,209,214,13,172,40,4,199,130,60,16,71,160,180,39,208,111,50,85,94,101,32,150,21,137,65,76,45,115,154,90,141,177,128,188,146	3,3,0.0415,0,131;7,5,0.1905,0,217;1,2,0.2875,2,24;3,3,0.5295,1,71;4,5,0.7455,0,110;7,0,0.2605,0,80
evidence-tabular-train-01023	9	3	2	201,170,87,110,188,148,93,55,114,136,100,15,117,141,28,16,92,23,160,196,133,80,4,186,177,37,178,65,47,69,125,58,175,151,44,156	3,5,0.1485,2,58;3,3,0.8575,2,180;6,0,0.3405,0,95;7,5,0.9075,0,59;3,4,0.5485,0,209;4,3,0.0425,0,181
evidence-tabular-train-01024	1	1	1	211,41,67,73,38,139,45,99,117,167,14,108,169,113,150,20,92,184,177,121,3,131,162,192,146,28,58,186,155,93,190,143,21,50,84,69	2,4,0.8765,0,104;3,4,0.3365,0,141;1,0,0.7975,0,49;0,2,0.9925,0,162;2,2,0.3925,0,55;0,1,0.6035,2,43
evidence-tabular-train-01025	10	2	0	133,147,117,51,190,202,89,162,95,149,37,33,205,66,12,182,169,4,127,71,82,198,45,114,199,143,16,21,43,199,63,97,78,108,197,140	3,2,0.1015,0,170;8,3,0.7435,0,34;2,5,0.4745,2,232;5,0,0.2035,2,212;0,2,0.4395,0,67;6,3,0.8275,2,108
evidence-tabular-train-01026	7	2	2	93,115,196,214,108,122,2,19,75,100,21,198,61,69,199,43,14,158,139,37,169,154,151,48,29,160,87,135,186,88,120,55,144,196,147,65	1,4,0.6555,0,111;4,3,0.6235,3,85;6,3,0.3045,0,85;2,5,0.0255,0,229;3,2,0.7175,3,119;1,5,0.7665,3,151
evidence-tabular-train-01027	4	1	0	117,64,179,28,110,167,99,36,115,159,123,12,149,56,133,21,211,78,141,45,158,156,90,2,61,197,157,206,146,136,86,93,19,69,167,42	1,2,0.7765,0,62;3,2,0.4985,0,7;7,3,0.0365,0,17;5,4,0.4405,0,199;2,4,0.7155,0,198;2,3,0.0135,0,194
evidence-tabular-train-01028	2	1	0	109,130,138,72,172,82,67,41,21,170,124,39,159,160,93,14,173,120,158,149,45,141,182,16,57,204,30,112,205,172,3,92,59,146,97,80	2,4,0.1915,0,37;5,5,0.2575,0,31;8,1,0.7415,3,100;7,0,0.9115,0,218;0,3,0.0335,3,232;3,0,0.4995,0,182
evidence-tabular-train-01029	5	2	1	161,180,106,141,35,182,102,28,124,163,135,5,205,150,203,68,59,156,115,45,69,147,42,19,189,21,51,89,212,84,93,138,117,187,76,15	4,5,0.7105,0,73;3,1,0.4325,0,11;2,1,0.9365,0,54;3,2,0.2365,0,222;5,0,0.6045,0,100;3,5,0.5935,0,13
evidence-tabular-train-01030	5	2	0	25,191,186,212,66,169,87,24,143,201,100,93,108,45,91,147,43,193,140,201,54,2,149,117,215,19,35,59,71,197,114,184,11,134,76,123	1,1,0.6235,3,228;0,1,0.7235,0,253;5,1,0.4605,2,124;3,5,0.7875,0,59;3,2,0.5035,0,66;2,4,0.9165,2,145
evidence-tabular-train-01031	2	1	2	146,66,206,112,141,168,200,89,108,34,186,3,21,25,42,56,117,151,193,204,12,207,126,45,76,69,84,17,139,132,98,60,204,93,179,210	2,2,0.3705,0,158;0,0,0.5605,0,38;7,2,0.5075,0,203;3,2,0.3605,0,202;1,2,0.0405,0,52;5,2,0.7945,0,81
evidence-tabular-train-01032	8	2	1	10,160,147,16,92,39,68,72,43,150,78,134,83,179,164,51,9,168,114,21,199,59,171,120,194,28,99,48,93,108,142,124,161,136,183,200	8,0,0.0285,0,228;3,5,0.6485,3,182;2,1,0.9935,3,36;5,1,0.8815,0,126;2,2,0.4165,3,118;3,4,0.0595,1,254
evidence-tabular-train-01033	8	3	1	59,202,160,117,158,66,24,133,178,80,113,209,39,148,141,93,170,69,85,123,30,49,140,91,150,15,44,193,103,16,5,179,196,45,108,171	4,5,0.0335,3,130;5,5,0.9525,0,161;0,1,0.5695,0,146;7,3,0.6065,0,3;6,2,0.2965,0,75;2,3,0.8675,0,130
evidence-tabular-train-01034	6	3	2	36,115,203,167,205,44,187,199,21,4,141,59,176,19,158,123,66,110,91,148,117,86,207,15,97,93,33,157,45,50,168,151,137,134,69,73	3,5,0.6575,0,119;8,2,0.8775,0,228;1,1,0.5915,0,74;0,4,0.7685,0,90;0,4,0.7285,0,173;2,4,0.2545,0,72
evidence-tabular-train-01035	1	2	0	121,178,210,187,170,160,90,113,18,7,147,197,131,37,40,21,141,96,149,117,190,180,69,75,67,60,45,82,14,105,31,157,214,140,106,51	6,4,0.5345,0,214;6,3,0.1025,0,87;2,2,0.7545,0,54;2,0,0.4385,3,117;8,0,0.2685,0,226;0,1,0.9185,0,252
evidence-tabular-train-01036	1	2	1	34,193,193,134,191,17,57,76,63,82,121,171,172,150,41,179,93,88,117,138,207,115,110,69,28,45,64,147,9,10,166,189,21,99,157,141	8,0,0.2265,0,215;3,0,0.3305,0,11;8,5,0.1645,0,254;3,0,0.1625,0,129;2,4,0.6895,0,25;0,4,0.5445,0,15
evidence-tabular-train-01037	2	2	2	18,155,179,90,21,116,151,200,4,194,156,59,45,25,110,104,65,170,126,69,36,144,11,147,197,83,138,130,203,54,162,75,93,195,44,117	3,1,0.4135,0,169;0,2,0.8715,0,195;5,1,0.2435,0,203;2,1,0.5515,0,61;7,4,0.9455,0,249;5,0,0.5865,3,162
evidence-tabular-train-01038	10	1	2	117,168,171,37,57,112,205,17,195,163,151,21,90,1,27,87,141,200,93,81,133,40,197,45,99,172,162,127,15,139,108,146,69,192,67,60	0,5,0.2405,0,0;2,3,0.0395,0,140;8,2,0.7315,0,8;8,5,0.5445,0,172;2,2,0.1665,0,144;6,3,0.6035,0,174
evidence-tabular-train-01039	5	2	2	147,209,164,114,73,21,158,60,83,190,162,164,108,42,117,4,151,45,203,103,66,138,17,213,27,34,213,159,15,92,72,134,124,95,143,55	3,5,0.2995,0,32;2,0,0.5455,0,102;6,2,0.4695,3,46;0,1,0.9825,2,22;6,2,0.5945,0,64;3,4,0.4335,2,113
evidence-tabular-train-01040	0	3	2	141,76,28,10,69,47,138,180,129,40,36,215,204,207,189,17,92,98,51,196,177,161,167,148,116,65,93,117,107,4,193,21,133,58,87,151	3,0,0.2625,0,121;3,2,0.1395,2,9;2,0,0.2215,0,116;3,5,0.8475,0,111;1,1,0.8175,0,36;8,3,0.4835,0,114
evidence-tabular-train-01041	4	1	2	15,194,21,192,141,124,133,85,117,146,188,109,136,203,37,93,207,197,151,19,76,55,206,215,102,33,3,43,45,114,174,69,66,164,92,63	2,5,0.7115,0,156;8,3,0.7385,0,177;6,5,0.4435,0,228;3,3,0.8035,0,157;5,3,0.4245,0,95;3,3,0.0865,0,151
evidence-tabular-train-01042	1	3	2	108,37,83,117,207,148,140,21,158,112,174,179,56,10,151,96,104,45,67,189,129,18,134,204,201,42,215,2,27,152,143,63,72,160,73,90	1,0,0.5875,0,85;2,3,0.5625,0,39;7,5,0.6475,3,47;0,1,0.4745,3,66;7,2,0.0405,0,130;8,4,0.8525,2,66
evidence-tabular-train-01043	2	3	1	42,93,8,189,79,68,92,141,113,148,49,82,17,185,200,207,169,71,10,134,179,187,140,32,111,168,172,58,150,100,117,36,125,45,21,161	7,0,0.2805,0,207;7,2,0.4145,0,99;0,0,0.9095,2,203;6,0,0.9725,0,173;3,5,0.3905,0,128;4,4,0.8875,0,97
evidence-tabular-train-01044	5	2	1	147,167,211,60,70,88,97,168,43,31,65,179,188,17,129,141,45,81,137,49,86,175,150,107,194,184,10,114,38,119,186,206,135,21,94,9	8,0,0.3295,0,144;6,4,0.6005,0,162;0,2,0.3945,1,214;8,4,0.1025,1,243;0,1,0.4005,2,250;8,5,0.2435,0,46
evidence-tabular-train-01045	2	3	0	21,93,206,187,35,112,122,84,29,97,69,180,204,137,159,111,92,16,143,76,130,148,149,210,45,54,119,164,194,62,4,67,173,190,11,42	3,1,0.0495,0,9;4,1,0.4805,0,255;5,4,0.6645,0,126;3,2,0.8515,0,28;0,5,0.0785,2,21;1,0,0.3465,2,237
evidence-tabular-train-01046	9	3	0	65,156,91,16,35,188,174,148,11,51,80,61,131,136,31,162,21,111,141,166,152,149,43,104,72,117,46,174,178,85,196,112,125,93,7,163	6,1,0.0105,0,67;6,1,0.7135,1,250;2,3,0.2275,3,34;7,3,0.7335,0,240;7,5,0.0875,0,69;4,1,0.1095,0,88
evidence-tabular-train-01047	1	2	2	84,162,24,182,99,163,214,16,147,94,181,173,140,206,183,163,47,155,81,117,151,114,90,130,37,123,141,111,54,64,27,62,69,3,10,41	2,0,0.0325,3,13;2,3,0.3225,2,18;5,4,0.0685,0,203;8,2,0.4515,1,142;2,5,0.5555,0,170;2,0,0.9395,0,162
evidence-tabular-train-01048	5	2	1	82,45,117,33,106,100,115,124,139,23,37,91,93,43,133,79,193,63,65,8,172,214,168,15,150,168,176,176,214,165,147,20,179,141,69,54	7,5,0.8775,2,163;8,3,0.6995,0,101;5,5,0.3875,0,82;6,0,0.6785,0,70;3,0,0.7465,0,241;3,3,0.7685,0,49
evidence-tabular-train-01049	2	2	2	58,154,45,64,28,187,151,6,127,69,94,11,215,214,21,214,79,19,97,87,181,56,141,42,88,137,171,114,108,189,147,214,36,118,130,175	5,1,0.6915,0,37;3,2,0.4915,0,100;7,0,0.0235,0,11;6,5,0.0115,1,241;0,2,0.5525,1,205;6,0,0.2385,0,147
evidence-tabular-train-01050	2	2	1	153,209,44,72,93,11,53,45,80,187,107,158,21,62,37,140,116,82,28,117,150,141,147,188,128,178,8,215,211,65,132,165,17,188,97,88	7,1,0.3915,0,182;3,3,0.8585,0,23;4,4,0.3665,3,43;7,0,0.1745,0,230;0,1,0.9115,0,89;7,2,0.8125,0,147
evidence-tabular-train-01051	1	1	0	192,16,198,114,141,62,93,78,192,171,118,50,66,160,176,146,84,33,149,45,205,35,133,92,11,110,137,212,196,173,123,40,22,69,100,4	3,1,0.0125,1,99;8,1,0.1615,0,202;1,4,0.5025,0,221;5,2,0.8755,0,95;3,4,0.5805,1,138;2,3,0.2545,0,112
evidence-tabular-train-01052	10	0	2	143,93,203,160,9,135,175,192,87,68,88,45,26,151,21,117,51,195,139,123,63,104,107,198,173,72,41,207,112,212,192,34,145,78,14,20	8,4,0.9065,0,110;1,0,0.3725,0,96;2,5,0.8605,3,73;5,5,0.1135,0,215;7,1,0.0965,0,98;2,5,0.6635,2,16
evidence-tabular-train-01053	1	1	2	93,173,69,141,161,117,193,207,163,172,99,134,13,45,31,88,64,1,114,85,63,151,207,146,206,42,49,21,35,137,121,17,193,110,213,78	0,3,0.3055,0,132;6,1,0.5215,0,244;0,5,0.1585,0,217;5,3,0.0305,0,40;2,4,0.5355,0,28;0,4,0.3035,0,110
evidence-tabular-train-01054	5	0	0	177,16,87,110,69,161,137,160,130,36,145,21,55,73,126,116,213,204,149,63,159,9,93,25,166,68,181,13,204,40,45,143,89,118,105,187	8,3,0.1185,0,175;0,2,0.0055,0,137;6,5,0.8345,0,137;0,5,0.3515,0,93;8,4,0.9685,1,79;5,0,0.3175,2,143
evidence-tabular-train-01055	7	2	2	209,106,179,21,117,16,173,45,141,35,12,114,210,151,93,87,90,189,184,147,67,178,26,136,74,158,122,60,1,99,163,52,157,130,40,69	0,2,0.1945,0,118;1,1,0.1205,0,196;3,2,0.7745,0,145;1,5,0.5925,0,59;2,0,0.4355,0,40;1,0,0.1075,0,100
evidence-tabular-train-01056	9	0	1	107,92,131,208,11,80,168,114,61,212,141,50,211,145,69,93,193,64,5,127,212,178,45,21,86,177,18,117,202,41,25,168,140,99,37,150	4,1,0.5965,0,118;0,3,0.3495,0,102;1,3,0.1375,0,6;7,4,0.9715,0,70;2,1,0.5215,0,186;6,1,0.8625,0,49
evidence-tabular-train-01057	6	3	0	141,201,16,173,10,2,135,194,69,38,149,200,121,74,94,117,56,21,59,176,66,45,148,82,88,212,155,97,161,111,210,210,27,136,43,115	1,0,0.1695,0,72;2,4,0.6355,0,133;7,1,0.4955,0,32;1,0,0.0645,1,12;0,5,0.6415,0,205;0,5,0.0065,0,86
evidence-tabular-train-01058	4	1	1	27,13,159,196,81,34,107,4,130,66,20,175,210,177,58,188,21,146,85,69,45,93,122,162,104,50,150,137,141,43,158,118,112,179,90,172	3,3,0.8515,0,101;2,0,0.7295,0,172;1,0,0.4525,0,161;8,3,0.4395,0,38;7,1,0.0185,1,59;1,0,0.3065,0,98
evidence-tabular-train-01059	8	3	1	210,32,21,97,43,45,17,135,54,165,166,58,112,120,109,136,215,34,150,207,199,92,141,14,69,87,167,124,78,93,164,169,65,148,1,172	0,4,0.2945,0,19;7,0,0.6015,0,199;5,0,0.2135,0,19;5,5,0.8495,0,138;0,3,0.1225,3,167;3,5,0.0405,0,52
evidence-tabular-train-01060	5	2	1	176,204,150,100,128,76,28,4,193,59,69,107,206,12,117,207,46,165,84,52,22,147,137,182,39,141,112,93,134,20,174,65,156,42,165,91	3,2,0.8295,1,31;3,5,0.5085,1,126;3,1,0.2275,0,29;3,2,0.7385,0,135;3,1,0.0885,0,111;7,4,0.2195,0,83
evidence-tabular-train-01061	2	2	2	76,113,209,60,195,12,45,96,197,87,191,21,4,20,69,128,195,44,67,143,179,130,147,38,193,102,193,89,106,208,29,140,187,117,52,151	3,2,0.8805,0,65;4,4,0.9305,0,117;3,2,0.6735,0,200;3,5,0.2275,3,66;5,0,0.2125,0,29;7,0,0.8205,2,241
evidence-tabular-train-01062	1	1	1	73,3,21,191,34,71,115,208,146,108,45,170,17,60,65,33,88,129,174,178,13,150,120,193,102,43,168,197,141,139,87,177,52,130,93,197	2,3,0.2905,0,150;8,0,0.6495,0,32;3,2,0.3105,2,196;0,5,0.0405,0,99;5,2,0.7145,3,155;8,0,0.7775,0,113
evidence-tabular-train-01063	6	1	2	69,40,73,85,171,38,52,177,48,117,127,212,139,6,209,163,116,62,156,161,173,135,13,93,33,212,68,141,17,90,146,215,97,109,151,21	5,3,0.3625,0,131;8,4,0.0495,3,188;3,4,0.9545,0,43;0,3,0.4535,0,11;0,3,0.8875,0,35;6,5,0.6775,0,224
evidence-tabular-train-01064	9	2	0	82,172,20,97,45,42,117,58,200,162,74,112,13,147,158,69,91,149,21,8,164,176,28,96,141,140,160,35,212,190,51,133,157,66,122,111	7,3,0.9315,0,202;3,1,0.5305,0,44;2,0,0.5965,0,139;1,0,0.7255,3,135;0,5,0.0085,0,91;1,3,0.8585,0,144
evidence-tabular-train-01065	0	3	0	16,69,169,195,31,117,12,182,179,128,75,44,134,100,148,46,115,91,180,86,109,58,149,21,137,184,198,64,93,5,211,141,192,186,38,57	4,2,0.1795,0,151;6,4,0.8995,1,10;8,0,0.1005,0,10;2,4,0.7395,0,218;3,3,0.6905,0,154;7,4,0.2465,0,13
evidence-tabular-train-01066	6	1	0	152,142,170,149,193,140,58,7,212,85,203,109,195,93,128,195,23,88,67,100,184,80,178,70,130,113,42,12,18,117,146,25,38,45,165,49	6,2,0.5435,2,220;0,4,0.4685,0,137;0,0,0.7575,1,37;7,3,0.0785,0,143;3,3,0.2495,0,105;7,0,0.9855,1,60
evidence-tabular-train-01067	10	0	1	154,145,141,64,212,150,93,140,55,70,79,42,201,88,59,161,101,17,134,188,48,33,171,9,117,215,111,129,113,161,173,86,192,37,24,11	8,1,0.2525,3,88;8,3,0.5265,3,95;6,1,0.0045,1,207;6,4,0.0405,0,179;4,5,0.2405,0,153;8,4,0.9755,0,19
evidence-tabular-train-01068	10	3	2	35,192,208,151,117,25,176,172,208,124,45,142,208,183,107,94,134,71,105,15,75,41,183,209,64,139,5,61,86,52,88,192,114,21,148,20	4,5,0.8895,0,215;0,1,0.3215,0,191;3,3,0.0975,2,146;2,4,0.1305,1,13;8,1,0.5495,0,62;3,4,0.6875,1,59
evidence-tabular-train-01069	10	0	2	137,151,145,12,45,106,112,21,99,85,158,30,190,44,2,17,134,93,183,77,206,92,49,175,119,68,183,141,155,196,128,39,186,69,60,187	1,2,0.2885,0,209;5,5,0.8745,0,240;0,2,0.8995,0,47;4,3,0.9365,0,78;2,0,0.1035,2,152;7,4,0.3355,0,226
evidence-tabular-train-01070	5	2	1	166,65,89,147,142,6,172,129,82,27,106,150,211,14,187,69,38,202,195,93,22,42,117,184,211,99,116,17,61,192,131,207,52,76,139,45	5,4,0.3385,1,254;2,4,0.4115,0,100;3,3,0.2875,0,225;3,0,0.3645,0,249;2,0,0.9265,0,3;8,1,0.6505,1,183
evidence-tabular-train-01071	0	3	1	11,135,21,93,169,45,141,211,188,55,111,61,82,148,188,89,128,41,117,113,195,80,150,34,1,198,170,17,164,28,137,100,65,198,166,69	0,1,0.2415,0,2;3,0,0.2545,0,250;6,3,0.3665,0,58;7,0,0.3945,0,163;3,5,0.3295,0,53;7,5,0.3265,0,136
evidence-tabular-train-01072	2	0	0	178,36,33,23,68,40,53,99,115,168,96,141,134,7,79,214,209,149,83,160,14,214,45,211,169,172,92,137,17,117,60,128,145,69,200,108	6,4,0.2095,2,22;8,2,0.1935,0,224;4,2,0.9755,0,224;6,1,0.8805,3,120;2,2,0.6045,0,188;7,4,0.3895,0,24
evidence-tabular-train-01073	5	2	1	86,39,183,45,176,71,123,102,177,42,31,106,187,17,178,114,179,154,3,137,21,91,150,81,197,147,93,193,207,117,52,65,14,135,141,61	2,4,0.3195,0,204;6,5,0.5685,0,33;3,3,0.3225,2,137;8,4,0.7325,0,166;5,0,0.5925,0,236;2,5,0.2585,0,57
evidence-tabular-train-01074	9	3	0	148,41,108,16,130,177,45,138,185,214,194,104,21,178,39,52,68,197,201,197,149,69,93,91,81,59,114,117,32,158,141,86,6,123,11,213	5,1,0.1765,0,125;7,5,0.2675,0,151;3,1,0.8665,0,91;8,4,0.7855,0,133;7,2,0.5345,0,154;2,0,0.4115,0,116
evidence-tabular-train-01075	5	1	1	164,15,93,82,158,114,176,183,42,69,51,152,16,201,120,213,133,35,179,91,140,127,26,146,150,45,110,64,4,193,188,58,100,21,74,141	3,5,0.1805,0,52;1,1,0.5045,0,114;2,0,0.0905,0,80;1,0,0.7485,0,254;3,4,0.4155,3,86;6,3,0.8045,0,132
evidence-tabular-train-01076	5	2	1	181,90,28,100,175,133,67,150,4,45,36,116,69,43,19,141,57,21,158,147,161,136,128,10,84,180,164,212,157,162,187,111,93,117,79,61	3,0,0.6485,0,178;3,2,0.6315,0,69;8,3,0.7105,0,143;6,2,0.4445,0,201;3,5,0.9975,0,228;7,3,0.0445,0,103
evidence-tabular-train-01077	2	1	0	88,42,102,180,18,62,188,2,170,117,178,160,141,69,36,116,28,206,129,158,171,50,146,149,107,130,75,93,14,140,168,24,45,67,86,191	1,4,0.5455,3,123;3,2,0.4385,0,119;1,4,0.6315,0,34;2,4,0.1315,0,141;5,1,0.8715,0,23;8,0,0.8095,0,67
evidence-tabular-train-01078	5	2	2	115,128,54,164,139,64,63,93,69,135,142,182,176,174,10,118,182,21,151,207,182,86,28,147,44,20,2,88,178,166,45,98,38,108,76,209	1,0,0.9275,0,169;3,4,0.8765,0,170;5,5,0.1675,0,123;3,4,0.1515,0,170;1,2,0.6595,1,116;7,5,0.7815,1,241
evidence-tabular-train-01079	8	2	0	160,190,11,21,42,210,30,45,67,39,142,97,164,147,191,204,80,139,179,20,95,62,4,117,113,53,69,194,191,127,110,134,149,177,89,82	3,1,0.8335,0,226;5,5,0.5765,0,87;4,4,0.7035,0,48;7,0,0.2665,2,116;0,4,0.3155,0,81;6,4,0.7415,1,253
evidence-tabular-train-01080	5	2	2	30,136,117,80,192,63,110,151,93,169,10,100,169,188,65,3,45,115,174,55,41,129,135,21,160,147,90,167,82,174,190,142,20,199,71,38	2,0,0.8635,0,100;5,4,0.3575,0,239;6,5,0.2545,2,250;7,0,0.4655,0,16;3,4,0.6385,0,172;8,5,0.0925,1,100
evidence-tabular-train-01081	6	3	0	69,117,65,138,141,198,45,121,112,40,21,213,132,11,184,162,160,148,61,108,164,196,7,102,88,75,57,37,206,93,84,187,16,178,32,149	6,1,0.1695,0,22;7,3,0.1705,0,157;8,3,0.3915,0,33;2,2,0.1705,0,65;5,2,0.1945,0,241;0,2,0.4585,0,109
evidence-tabular-train-01082	4	1	2	51,180,120,21,204,69,32,66,141,155,146,37,194,107,45,84,60,129,168,151,116,40,198,104,215,90,15,93,192,156,17,138,4,81,130,161	3,5,0.2885,0,250;7,3,0.0375,0,194;2,2,0.4285,0,99;8,2,0.5305,0,55;7,1,0.9765,3,166;8,0,0.4825,0,6
evidence-tabular-train-01083	10	1	0	95,183,78,124,37,186,142,45,146,162,192,91,13,116,136,43,19,181,29,21,68,58,131,212,211,149,155,106,117,172,200,105,5,84,69,51	4,3,0.7365,0,155;4,3,0.7245,0,71;2,0,0.8355,0,70;5,2,0.6085,2,114;8,0,0.9385,0,154;3,1,0.0365,1,85
evidence-tabular-train-01084	1	1	1	75,163,16,43,138,110,58,146,118,66,207,26,116,87,48,191,134,150,98,52,89,14,21,93,164,192,141,8,37,187,205,125,165,155,69,168	7,4,0.0515,0,156;1,3,0.7275,3,213;3,0,0.5365,0,229;2,5,0.2235,0,79;1,4,0.9695,1,111;4,4,0.4915,0,135
evidence-tabular-train-01085	5	1	2	41,200,25,35,23,58,68,3,82,17,126,93,151,186,114,212,111,179,92,117,12,81,138,152,160,51,69,48,130,141,178,146,177,200,211,103	2,2,0.2375,2,217;0,1,0.3665,3,163;2,0,0.8325,0,155;8,0,0.9885,0,90;6,5,0.4335,0,182;5,0,0.4745,0,183
evidence-tabular-train-01086	0	3	2	154,42,202,87,158,137,4,21,194,16,134,70,37,142,109,127,45,175,73,159,151,49,153,63,105,148,119,93,14,88,174,153,64,113,28,200	3,4,0.1855,0,228;3,3,0.4325,0,248;0,5,0.1965,1,251;0,5,0.1785,0,135;8,3,0.3495,2,207;6,4,0.3105,1,73
evidence-tabular-train-01087	5	2	2	14,196,177,52,21,85,88,154,7,107,28,70,93,38,153,156,141,63,75,215,189,199,137,113,20,101,147,121,151,40,171,182,132,117,67,45	6,4,0.9225,0,82;3,4,0.1075,0,78;3,5,0.6455,1,93;2,3,0.0395,0,96;4,1,0.2705,0,2;0,2,0.2765,0,196
evidence-tabular-train-01088	1	1	1	50,180,99,21,122,80,119,158,64,112,197,46,3,167,177,150,140,93,109,13,18,155,135,34,69,185,192,206,28,87,61,142,89,43,146,171	2,3,0.4555,0,120;3,0,0.6785,1,188;1,3,0.0775,0,139;7,5,0.3175,0,68;2,3,0.1635,2,134;1,5,0.9955,1,252
evidence-tabular-train-01089	7	2	0	191,85,48,112,110,200,68,36,138,52,135,90,195,74,201,188,117,201,147,18,123,62,27,142,11,40,149,188,3,180,101,171,154,93,71,21	2,1,0.5205,0,182;2,2,0.0005,3,251;3,4,0.9785,2,103;1,3,0.5165,0,196;4,4,0.0785,0,53;2,5,0.5755,1,78
evidence-tabular-train-01090	5	2	2	4,20,117,93,14,45,186,136,210,215,90,106,141,21,83,133,160,151,165,75,63,147,42,69,170,152,67,153,172,154,39,113,122,101,53,28	3,4,0.9045,0,43;3,5,0.5705,0,125;4,5,0.7285,0,198;2,1,0.4885,0,236;4,0,0.3025,0,149;1,3,0.1575,0,93
evidence-tabular-train-01091	1	2	2	201,141,40,21,190,48,88,195,117,11,65,207,62,82,36,51,113,130,147,139,203,151,16,188,93,99,73,28,208,161,4,185,126,69,110,195	3,1,0.0775,0,208;3,2,0.0265,3,159;2,4,0.3315,0,128;0,0,0.0305,0,82;2,4,0.3665,0,130;5,0,0.6605,0,79
evidence-tabular-train-01092	9	2	0	75,37,206,119,115,184,199,141,193,108,201,93,99,21,8,149,69,18,207,133,59,154,186,64,15,52,160,45,25,175,83,89,147,140,42,122	7,5,0.4765,0,211;0,3,0.5725,0,109;3,1,0.1825,0,92;2,1,0.2795,0,239;2,2,0.6035,2,67;1,3,0.8975,0,53
evidence-tabular-train-01093	1	3	0	42,119,130,51,148,88,182,99,196,123,45,141,3,23,110,36,203,172,66,14,83,158,20,138,163,93,158,176,173,29,61,116,77,149,179,69	2,4,0.8225,2,38;4,2,0.5425,0,185;2,3,0.4685,0,187;4,1,0.1255,0,121;2,4,0.9665,2,182;2,0,0.5285,0,131
evidence-tabular-train-01094	2	0	1	16,49,48,93,68,185,1,21,60,81,42,112,141,14,35,155,91,199,156,69,173,198,117,191,131,104,27,213,129,84,179,106,172,145,150,138	0,4,0.1025,0,49;2,1,0.5545,3,99;0,2,0.8265,0,141;8,2,0.6905,0,33;7,0,0.0305,0,31;8,1,0.4475,0,17
evidence-tabular-train-01095	1	3	2	28,59,69,215,114,186,3,148,141,50,151,165,119,88,35,155,186,93,102,137,177,45,73,21,133,84,18,64,122,202,183,15,109,196,41,175	2,5,0.4845,0,203;3,1,0.2565,0,174;1,1,0.0445,0,226;0,2,0.0615,0,115;5,3,0.4925,2,93;1,3,0.3695,0,200
evidence-tabular-train-01096	2	1	2	80,21,92,144,7,93,165,196,12,47,151,106,17,158,58,31,172,41,212,179,38,162,69,66,135,139,115,100,84,169,129,146,50,117,161,190	6,2,0.2515,0,222;6,4,0.2975,2,66;1,0,0.5865,0,209;7,2,0.9315,0,198;3,0,0.6115,0,236;8,5,0.6775,3,217
evidence-tabular-train-01097	1	2	1	194,99,168,140,187,17,51,78,115,199,21,150,196,41,134,204,69,107,89,147,86,48,187,33,129,65,38,154,11,142,160,117,58,9,177,93	8,1,0.2835,0,188;8,4,0.2395,3,209;2,0,0.3835,0,233;5,4,0.3485,0,56;2,1,0.7695,0,4;8,4,0.9455,1,75
evidence-tabular-train-01098	1	3	1	171,13,140,68,96,63,158,92,118,175,81,116,211,162,131,1,121,205,175,152,40,16,141,106,35,208,69,102,150,197,51,28,148,82,45,21	0,3,0.1415,0,151;3,1,0.1565,0,222;2,5,0.9895,0,167;8,0,0.9325,3,241;5,0,0.9555,1,29;0,1,0.8995,0,98
evidence-tabular-train-01099	9	3	1	212,72,62,100,32,38,140,142,190,106,154,161,166,56,14,21,117,20,132,43,171,65,45,2,150,199,197,81,175,82,93,153,115,148,91,124	1,4,0.9545,0,225;7,4,0.6865,0,229;7,4,0.2385,3,12;8,0,0.6265,0,124;3,0,0.6425,0,212;3,2,0.9725,1,169
evidence-tabular-train-01100	7	0	1	150,65,211,50,122,69,187,213,21,62,9,111,167,193,97,36,117,175,93,83,75,145,90,162,138,112,11,16,189,33,45,209,135,44,188,141	8,1,0.0885,0,116;8,2,0.9185,0,133;1,4,0.3725,0,225;2,1,0.5315,0,76;0,5,0.0355,0,103;1,5,0.5845,0,197
evidence-tabular-train-01101	1	1	2	64,27,40,16,69,49,76,171,112,141,9,159,165,58,134,46,157,177,117,161,162,151,13,140,96,123,146,97,183,87,91,214,197,110,21,38	8,3,0.1405,0,223;2,4,0.0805,1,102;0,0,0.0825,0,30;3,5,0.7485,3,87;0,4,0.1545,0,171;2,4,0.8815,0,216
evidence-tabular-train-01102	0	3	0	178,119,215,107,76,45,58,93,116,92,157,1,86,142,154,148,37,152,20,98,23,26,40,162,158,180,133,54,167,149,136,123,69,13,173,65	0,3,0.8745,2,51;1,3,0.1665,0,176;5,0,0.2285,0,220;3,4,0.9605,0,106;1,1,0.8815,2,245;2,3,0.0975,1,238
evidence-tabular-train-01103	4	1	0	21,141,111,146,31,152,61,77,177,93,211,18,124,162,140,64,40,113,133,88,52,35,204,69,163,209,149,6,86,45,176,192,13,176,102,117	5,3,0.4125,0,251;6,1,0.1285,0,143;3,3,0.0975,0,210;4,4,0.0665,0,134;5,5,0.3235,0,129;3,3,0.9045,0,38
evidence-tabular-train-01104	9	1	1	209,192,112,37,168,154,196,68,150,121,56,108,146,189,60,141,89,131,77,117,31,96,186,199,69,48,11,40,3,16,140,201,169,87,21,100	2,1,0.1175,0,6;6,3,0.0435,3,169;7,2,0.9845,0,99;4,5,0.2815,3,135;3,2,0.0605,0,229;0,1,0.9485,0,47
evidence-tabular-train-01105	2	1	2	158,32,19,93,138,154,213,103,110,213,89,146,201,59,36,6,132,141,193,124,198,21,211,67,72,83,205,52,201,115,12,45,41,151,73,117	5,2,0.6555,0,46;7,2,0.3755,0,17;3,1,0.7725,3,106;0,1,0.3445,0,208;6,4,0.6585,0,43;3,2,0.5235,0,129
evidence-tabular-train-01106	1	1	0	215,117,193,103,21,41,174,18,91,149,109,196,157,69,80,7,86,112,94,64,45,60,27,136,146,203,142,126,177,10,34,134,51,164,159,153	6,0,0.5205,0,31;2,0,0.2075,0,229;2,2,0.1435,0,223;7,4,0.6895,1,140;6,3,0.0065,0,107;5,4,0.0975,1,67
evidence-tabular-train-01107	10	1	2	129,151,141,95,19,198,174,82,146,71,13,47,99,36,140,191,22,41,115,173,153,1,51,76,133,61,187,29,119,174,89,174,154,106,66,212	0,3,0.6095,1,175;4,2,0.2815,2,173;2,3,0.4715,2,70;3,0,0.2865,2,136;2,0,0.6325,2,109;8,3,0.8475,0,44
evidence-tabular-train-01108	0	3	1	156,37,112,40,80,9,124,187,87,175,27,105,13,203,160,214,45,55,141,150,60,209,89,134,94,109,21,158,148,71,117,17,153,202,64,138	8,3,0.2115,0,245;2,3,0.1425,0,246;6,2,0.1255,2,2;7,5,0.2985,1,146;8,3,0.1715,0,187;3,4,0.5085,0,131
evidence-tabular-train-01109	2	3	1	91,45,173,19,123,195,27,54,150,11,111,36,84,95,142,69,98,112,74,21,210,200,172,4,117,59,134,140,208,174,180,167,40,148,209,66	3,1,0.6095,0,92;2,2,0.1485,0,208;5,1,0.4995,0,175;1,2,0.7175,2,219;1,5,0.0915,0,252;2,4,0.8105,1,0
evidence-tabular-train-01110	5	2	2	107,79,157,147,17,120,66,42,69,48,198,14,198,133,126,204,154,162,141,83,90,62,7,178,156,151,27,103,196,136,54,36,21,114,93,178	6,4,0.3545,0,91;2,2,0.5465,3,123;5,4,0.5035,0,98;6,1,0.5905,0,211;6,1,0.4555,3,70;5,3,0.0095,0,159
evidence-tabular-train-01111	5	1	1	181,93,90,82,193,117,61,99,69,130,34,184,65,4,172,113,141,202,80,138,126,179,28,178,166,159,55,150,170,40,146,45,106,12,16,21	3,2,0.1095,0,118;3,0,0.0125,0,213;6,3,0.2375,0,243;7,0,0.4105,0,131;2,0,0.3185,0,148;5,0,0.5295,0,200
evidence-tabular-train-01112	10	1	1	183,108,69,191,42,190,21,85,195,146,129,90,57,214,99,169,5,184,18,33,117,114,203,182,45,138,37,75,66,141,134,150,63,94,14,188	4,4,0.5255,0,125;8,3,0.4345,0,19;8,5,0.5945,0,231;2,3,0.4645,1,104;2,2,0.4785,0,210;8,4,0.4225,0,121
evidence-tabular-train-01113	9	1	2	136,61,197,69,162,151,51,24,117,173,167,65,104,29,36,93,89,17,123,82,48,3,157,141,114,41,134,168,159,198,110,215,75,13,192,146	2,3,0.2075,3,224;4,2,0.3195,3,54;2,3,0.2935,0,171;2,0,0.2045,0,195;7,4,0.5795,0,221;2,4,0.1415,0,90
evidence-tabular-train-01114	6	1	1	111,163,141,198,146,131,156,37,209,75,14,203,45,43,119,66,69,193,154,20,89,63,21,139,156,115,53,100,28,93,86,152,129,173,1,150	0,4,0.9575,0,220;3,3,0.6235,0,120;4,5,0.5755,0,104;2,4,0.3525,0,169;3,5,0.6455,2,154;8,1,0.6075,0,161
evidence-tabular-train-01115	2	2	0	41,187,192,117,179,213,140,194,65,77,114,55,83,124,131,31,91,155,210,213,58,45,176,5,36,109,12,21,93,147,141,98,152,18,72,149	4,2,0.5495,0,242;6,2,0.2135,0,98;6,0,0.3235,3,62;4,1,0.6945,0,149;1,3,0.4495,0,72;3,1,0.9795,0,238
evidence-tabular-train-01116	6	2	1	107,114,44,130,163,69,141,139,48,75,201,195,198,53,121,66,88,176,13,117,147,62,150,93,86,192,19,21,27,100,160,34,191,159,1,209	0,3,0.6715,0,26;2,0,0.8375,3,138;4,4,0.4785,0,157;2,4,0.1755,0,4;3,1,0.5885,0,105;0,0,0.7795,0,168
evidence-tabular-train-01117	9	3	2	53,23,37,128,112,141,78,27,148,206,18,68,163,198,61,96,133,9,70,166,41,103,45,11,117,188,187,213,138,91,87,197,180,110,151,212	8,1,0.4265,2,254;2,3,0.2525,0,47;4,3,0.8405,1,117;5,5,0.6185,3,139;6,4,0.1035,0,151;7,3,0.4065,0,166
evidence-tabular-train-01118	0	3	1	164,211,12,84,52,18,158,69,25,80,93,61,3,207,150,90,67,161,21,170,201,107,123,155,148,141,132,139,38,97,116,186,40,118,45,196	2,2,0.5575,0,213;0,4,0.0175,0,173;3,3,0.7135,0,227;7,2,0.4455,0,140;0,1,0.8975,1,49;2,2,0.7945,0,186
evidence-tabular-train-01119	0	3	1	61,21,116,189,15,40,142,4,169,198,210,128,37,98,84,135,150,69,108,117,78,139,20,66,90,93,164,26,49,148,167,214,45,162,173,192	3,5,0.9055,0,22;1,3,0.0405,0,115;0,3,0.5095,0,110;5,2,0.5325,0,77;1,2,0.8775,0,175;7,5,0.6745,1,186
evidence-tabular-train-01120	1	1	2	35,93,49,4,136,133,211,48,141,166,152,164,165,117,92,184,21,159,205,60,161,105,85,75,175,114,17,151,146,42,66,33,111,124,10,69	3,0,0.3115,0,32;8,1,0.5075,3,40;0,2,0.4895,0,113;2,3,0.8225,0,238;8,5,0.5905,0,32;3,3,0.1095,0,209
evidence-tabular-train-01121	9	0	0	66,149,155,26,117,141,45,78,11,69,212,101,44,37,9,93,212,179,173,22,128,55,177,180,91,206,193,137,188,20,145,107,130,87,58,116	8,1,0.9935,1,48;1,3,0.9235,0,181;6,0,0.5035,0,94;5,5,0.6495,0,147;4,1,0.9605,0,162;7,0,0.2365,0,33
evidence-tabular-train-01122	8	3	2	210,53,164,198,173,112,148,69,58,17,98,139,119,30,45,208,10,215,42,64,107,158,132,21,89,151,198,142,37,74,93,210,124,3,86,159	2,0,0.3815,0,52;5,3,0.5225,0,158;4,0,0.1395,0,239;1,4,0.2495,0,121;1,1,0.1535,2,64;3,2,0.6465,1,166
evidence-tabular-train-01123	10	1	1	36,181,1,154,198,92,93,101,45,78,139,72,208,40,117,55,150,65,58,116,21,14,195,87,18,130,123,111,209,27,141,146,187,193,199,179	0,4,0.5955,0,133;2,2,0.1145,0,192;6,0,0.2985,3,168;5,5,0.8475,0,190;4,5,0.8865,0,69;2,0,0.6885,0,46
evidence-tabular-train-01124	6	2	2	212,21,59,147,186,196,135,11,28,75,184,100,112,110,121,182,213,91,35,93,57,161,117,41,138,45,166,185,17,151,69,3,141,195,84,65	2,1,0.3015,0,150;3,1,0.2245,0,10;8,1,0.2225,0,137;2,2,0.6995,0,91;3,4,0.0035,0,49;0,5,0.5045,0,34
evidence-tabular-train-01125	2	2	0	149,36,171,64,45,63,79,103,21,160,147,200,182,141,55,169,25,126,2,189,184,181,17,84,69,117,132,211,14,167,88,41,96,136,116,107	1,4,0.3295,0,49;0,2,0.2515,0,224;6,5,0.0805,0,246;6,2,0.1045,3,108;6,1,0.8835,0,221;5,2,0.1655,0,0
evidence-tabular-train-01126	8	3	2	130,187,210,151,17,186,93,117,52,2,15,30,183,153,92,115,156,148,39,128,63,212,155,44,97,84,141,77,68,106,22,152,70,137,45,169	1,5,0.2875,1,252;5,5,0.9725,0,131;3,5,0.8155,1,84;4,2,0.8275,0,116;0,0,0.6215,0,206;7,0,0.2955,0,27
evidence-tabular-train-01127	1	1	0	202,69,194,184,130,203,103,124,45,137,35,149,154,84,198,27,18,93,160,92,195,156,194,43,21,75,67,117,63,108,141,1,113,146,53,15	0,5,0.4695,0,164;2,1,0.6595,0,105;4,5,0.7655,0,193;2,2,0.9005,0,242;6,2,0.2925,0,90;3,0,0.3085,0,200
evidence-tabular-train-01128	7	3	2	83,165,106,69,195,76,171,123,93,41,2,68,148,172,167,151,21,170,131,34,31,113,139,180,179,143,206,10,63,117,101,45,50,17,89,178	1,0,0.2405,0,226;6,0,0.2605,0,141;1,5,0.8805,0,201;3,1,0.3575,0,129;4,0,0.3195,0,115;2,1,0.6825,2,167
evidence-tabular-train-01129	10	0	2	179,180,69,141,19,86,55,121,30,58,145,93,151,79,45,132,13,99,21,5,175,203,112,111,164,193,65,35,40,215,187,136,89,117,167,162	4,3,0.7825,0,218;5,1,0.1055,0,122;6,0,0.3635,0,94;6,4,0.2855,0,99;2,5,0.0735,0,108;0,2,0.1305,0,86
evidence-tabular-train-01130	2	2	2	41,124,110,100,192,151,93,175,18,12,64,117,74,58,175,1,27,52,141,200,169,113,130,164,172,89,147,34,69,45,164,138,159,21,86,213	0,2,0.4825,0,226;2,0,0.2935,0,6;3,0,0.0385,0,220;1,4,0.2575,0,150;3,4,0.3555,0,162;3,0,0.5345,0,125
evidence-tabular-train-01131	5	2	1	150,21,195,18,92,12,40,147,125,200,207,166,66,56,27,110,136,189,169,45,103,82,164,93,144,5,36,135,59,200,77,114,69,162,117,209	4,2,0.5055,0,4;2,2,0.1115,0,169;7,1,0.4245,0,177;4,0,0.8075,0,199;6,4,0.4325,0,69;4,5,0.0415,3,241
evidence-tabular-train-01132	8	0	1	104,115,44,133,117,108,11,141,69,150,45,91,129,168,37,171,213,18,66,58,49,1,82,179,30,168,207,93,137,213,180,206,79,145,154,21	0,1,0.5995,0,203;5,3,0.9165,0,153;0,0,0.5045,0,178;6,0,0.6385,0,169;7,2,0.6935,0,117;8,3,0.2255,0,119
evidence-tabular-train-01133	2	1	2	24,116,14,189,208,42,74,151,58,93,209,66,6,69,92,199,45,194,194,34,166,144,166,132,176,28,106,52,117,124,84,136,179,146,102,19	5,4,0.6875,3,76;3,0,0.5565,0,50;3,0,0.5205,0,55;1,2,0.9795,0,68;5,0,0.9455,0,87;3,2,0.1515,3,84
evidence-tabular-train-01134	6	3	2	114,213,65,69,92,77,148,137,185,122,3,154,60,24,86,152,10,54,168,120,163,141,132,108,151,169,20,192,25,44,99,93,45,193,36,170	2,0,0.9165,3,83;0,2,0.8245,0,207;5,2,0.3095,0,101;4,4,0.8265,0,241;2,2,0.5185,3,169;1,2,0.2965,0,182
evidence-tabular-train-01135	10	3	1	104,45,93,186,213,190,10,150,200,79,124,214,194,83,88,163,21,57,134,17,168,111,141,62,166,30,118,1,154,38,67,112,148,69,42,138	0,0,0.2625,0,37;5,4,0.4435,0,41;8,4,0.7335,0,116;6,1,0.1605,0,73;7,5,0.0555,1,26;3,4,0.4195,0,45
evidence-tabular-train-01136	1	1	0	116,69,134,21,167,156,74,27,36,168,20,48,146,86,61,65,181,121,141,159,3,95,12,149,153,117,136,200,54,101,187,212,108,89,43,199	2,2,0.9705,0,114;2,2,0.7085,3,36;5,3,0.3465,0,104;1,4,0.3485,2,80;4,2,0.8515,0,56;0,4,0.0965,0,219
evidence-tabular-train-01137	10	0	1	33,203,21,154,107,49,43,69,132,86,117,45,81,93,150,141,173,145,190,65,207,163,126,2,90,161,114,169,154,137,36,162,61,101,19,15	1,5,0.6745,0,68;8,2,0.6745,0,63;0,3,0.3525,0,35;8,4,0.4295,0,64;4,1,0.5335,0,182;5,2,0.2745,0,13
evidence-tabular-train-01138	0	3	1	5,124,18,61,69,85,14,207,107,117,176,77,22,133,207,104,212,33,199,47,191,203,150,198,40,96,173,91,51,39,148,115,68,175,141,138	4,4,0.4735,1,167;8,5,0.0715,2,63;2,3,0.9925,0,5;4,3,0.7205,3,212;7,1,0.7255,0,235;3,3,0.5355,0,224
evidence-tabular-train-01139	1	2	1	169,21,61,178,138,150,144,207,117,209,166,96,134,81,69,172,37,160,97,89,45,51,17,109,40,9,87,114,125,68,11,31,159,190,173,147	8,1,0.2925,0,173;6,3,0.0505,0,17;2,3,0.9375,0,81;8,5,0.2815,3,158;0,3,0.4725,0,45;4,4,0.4075,3,45
evidence-tabular-train-01140	7	2	2	65,30,89,73,34,215,13,98,192,178,7,95,58,46,156,141,117,17,154,109,196,51,121,160,151,147,155,136,21,134,41,69,159,203,83,116	6,3,0.2945,0,103;5,0,0.3425,1,64;2,0,0.2915,0,225;0,1,0.3815,2,176;1,3,0.8535,0,202;0,4,0.0205,0,128
evidence-tabular-train-01141	6	1	1	138,62,32,154,82,65,187,49,91,43,193,168,94,17,36,117,125,167,184,71,79,45,8,150,152,114,146,21,186,135,156,111,10,169,97,141	7,0,0.3555,0,113;7,2,0.6385,0,123;0,4,0.3695,2,0;6,0,0.6255,1,123;0,5,0.5945,0,20;4,5,0.4365,0,175
evidence-tabular-train-01142	5	2	2	112,45,167,176,4,117,205,21,53,155,155,177,65,168,187,39,109,31,94,71,101,41,124,198,85,139,91,11,147,18,61,141,211,151,133,81	3,1,0.5275,0,30;6,5,0.2195,0,138;4,3,0.3835,2,85;8,3,0.7035,1,39;4,3,0.0935,0,164;3,3,0.7745,0,138
evidence-tabular-train-01143	1	2	1	30,98,69,128,181,162,88,58,133,195,208,137,207,51,142,18,106,147,86,113,192,46,200,21,66,150,75,178,37,44,13,3,213,192,117,93	2,3,0.4695,0,10;5,3,0.9735,1,91;2,0,0.4975,0,84;2,4,0.1585,0,32;1,0,0.2705,0,188;7,3,0.3325,1,134
evidence-tabular-train-01144	7	3	2	214,59,64,16,130,53,139,164,101,46,114,212,141,91,177,10,41,2,74,106,191,85,151,148,117,93,190,69,21,27,123,155,187,35,178,204	1,0,0.0125,0,178;2,1,0.2935,1,139;4,1,0.1735,0,241;1,3,0.7795,0,6;4,0,0.5645,0,68;2,0,0.6915,0,121
evidence-tabular-train-01145	6	3	0	208,88,188,38,69,204,195,206,141,134,124,155,183,6,75,49,95,21,115,47,29,105,117,178,16,60,156,148,41,68,13,85,149,196,136,110	5,3,0.0945,0,96;4,4,0.3455,2,59;0,2,0.9765,0,169;2,3,0.1855,2,13;8,4,0.7115,0,122;3,4,0.1925,0,198
evidence-tabular-train-01146	5	2	2	117,159,93,76,137,21,51,33,204,157,144,116,4,20,170,151,64,48,147,41,183,90,11,178,69,34,104,63,168,173,132,200,209,121,84,110	3,1,0.8705,0,213;8,0,0.3905,3,242;2,5,0.0385,0,29;3,2,0.4865,0,238;7,4,0.9635,0,52;0,2,0.2835,3,233
evidence-tabular-train-01147	2	2	1	95,53,137,10,147,117,132,35,126,90,105,195,202,5,107,28,43,158,18,59,21,141,86,191,112,69,77,65,175,190,214,175,47,150,167,184	4,0,0.4225,0,122;3,1,0.6545,2,168;4,1,0.3115,0,231;4,4,0.4525,2,137;8,1,0.1065,0,213;5,2,0.3775,0,66
evidence-tabular-train-01148	1	2	0	213,140,35,21,196,124,144,117,147,134,93,105,65,86,90,108,12,188,149,40,45,18,200,61,4,157,27,177,212,113,199,69,57,75,208,190	3,2,0.4625,0,37;2,1,0.0915,0,44;8,3,0.2775,0,133;2,4,0.5735,0,14;8,2,0.2345,0,215;3,4,0.9915,3,225
evidence-tabular-train-01149	6	1	2	185,68,141,139,19,196,73,8,72,105,179,36,176,92,190,28,151,203,41,21,58,112,204,93,52,45,215,10,212,117,146,123,86,133,111,206	7,0,0.7435,0,230;3,2,0.3195,0,108;3,0,0.8925,3,171;0,4,0.8485,0,254;8,5,0.1235,0,210;2,3,0.6285,0,120
evidence-tabular-train-01150	6	2	0	153,113,20,131,1,21,99,199,40,212,147,52,205,86,69,213,93,90,187,124,66,209,73,154,149,38,32,179,195,117,141,13,61,139,106,45	0,3,0.9905,0,59;7,4,0.0535,0,81;3,3,0.5355,0,231;0,4,0.4455,0,45;2,0,0.3225,0,167;3,1,0.6585,0,67
evidence-tabular-train-01151	5	1	1	152,140,50,194,86,31,194,66,202,6,192,117,71,169,113,19,92,61,93,23,44,97,202,167,131,146,10,38,150,169,141,45,81,122,202,109	5,0,0.7385,2,70;6,4,0.8515,0,132;1,3,0.5405,2,155;8,4,0.8695,0,250;0,3,0.3885,0,170;1,1,0.8905,0,222
evidence-tabular-train-01152	1	2	2	140,122,61,42,154,93,188,15,82,210,151,141,27,20,52,171,147,36,104,193,134,66,73,90,159,21,196,174,69,119,45,109,3,164,115,200	2,5,0.9495,0,202;2,2,0.5795,0,18;3,3,0.4425,0,85;0,0,0.4975,0,82;7,3,0.7275,2,188;1,4,0.8655,0,21
evidence-tabular-train-01153	1	1	2	45,69,134,141,21,166,164,195,106,52,140,93,89,146,184,118,169,207,62,14,100,6,123,87,157,113,19,164,41,196,38,25,151,79,64,214	5,4,0.7855,0,125;0,4,0.3155,0,49;3,4,0.1775,0,220;6,5,0.3045,0,99;3,0,0.3925,1,65;2,4,0.8845,0,164
evidence-tabular-train-01154	1	2	1	185,173,154,111,57,21,93,28,197,152,46,88,9,39,61,17,66,123,205,83,141,200,112,14,160,69,164,42,180,75,150,135,147,104,117,140	8,4,0.2595,0,41;3,5,0.4125,1,29;8,3,0.4405,0,183;2,1,0.1145,0,213;7,5,0.0025,0,17;2,5,0.9275,0,36
evidence-tabular-train-01155	8	1	0	170,69,200,146,210,83,41,124,24,54,136,149,32,11,109,2,17,204,141,119,134,199,47,75,193,101,68,61,35,116,93,198,201,208,88,157	1,1,0.2685,3,162;7,1,0.2035,2,94;5,3,0.8225,0,226;2,1,0.0105,0,121;4,3,0.8265,2,251;3,4,0.0535,0,94
evidence-tabular-train-01156	4	1	0	139,129,39,3,52,141,107,91,130,76,21,193,182,146,191,209,149,16,43,189,82,45,69,10,93,33,207,59,187,66,117,116,156,97,156,199	2,0,0.1305,0,79;8,5,0.7535,0,56;3,1,0.5285,0,24;3,0,0.7035,0,127;0,1,0.8245,0,215;8,0,0.7855,0,235
evidence-tabular-train-01157	4	1	0	88,26,69,64,104,171,133,146,83,152,80,112,193,49,4,208,93,117,37,136,121,41,14,20,184,60,198,109,187,213,21,45,160,153,141,149	3,4,0.8365,0,77;1,3,0.2635,0,180;0,2,0.1485,0,134;7,1,0.1285,0,186;7,3,0.0175,0,157;0,3,0.1435,0,185
evidence-tabular-train-01158	5	2	1	21,168,71,141,171,19,89,150,37,10,147,138,194,177,28,60,161,81,42,178,166,84,115,192,45,117,168,208,4,106,51,93,64,100,121,134	3,0,0.7565,0,133;3,3,0.5215,0,186;2,2,0.1405,2,220;8,2,0.2645,0,28;3,0,0.7025,0,84;0,4,0.5585,0,245
evidence-tabular-train-01159	4	1	1	61,146,194,86,75,131,112,117,170,15,153,190,158,174,88,49,123,140,66,106,37,69,21,168,93,40,178,100,202,150,19,158,45,4,144,33	3,5,0.7915,0,89;8,3,0.1255,0,57;0,3,0.5845,0,208;2,4,0.0795,0,78;3,0,0.1035,0,171;2,1,0.9015,3,123
evidence-tabular-train-01160	7	2	1	70,147,46,65,76,114,153,174,37,96,5,109,126,14,156,29,152,136,153,180,150,117,42,86,91,23,189,141,167,98,132,17,51,154,185,61	4,4,0.2985,2,206;4,3,0.5995,1,208;2,3,0.3395,1,52;3,4,0.7855,3,50;1,3,0.5345,0,100;5,2,0.1775,0,142
evidence-tabular-train-01161	4	1	0	112,69,141,146,149,117,176,86,45,180,135,138,205,165,173,60,107,206,190,76,8,91,93,177,55,21,64,28,170,43,97,199,123,18,15,36	7,5,0.5565,0,155;3,2,0.7505,0,60;6,2,0.1355,0,152;3,4,0.7945,0,135;0,1,0.1525,0,108;2,5,0.4845,0,143
evidence-tabular-train-01162	8	1	1	146,155,90,140,43,21,4,111,201,215,87,176,32,117,155,65,169,16,116,157,56,76,45,69,189,14,162,141,131,102,93,62,36,197,123,150	3,4,0.0285,0,113;7,2,0.7785,0,201;7,4,0.2235,0,147;3,5,0.5025,0,99;5,5,0.9125,0,2;2,1,0.8205,0,21
evidence-tabular-train-01163	10	1	0	169,182,51,128,33,136,38,108,206,101,4,142,206,78,169,146,149,64,14,84,193,114,59,42,134,120,198,192,45,69,23,170,91,164,20,93	3,4,0.9505,2,4;8,4,0.4765,0,109;2,1,0.1295,0,92;5,2,0.7295,0,164;4,2,0.4875,3,80;7,4,0.0545,1,220
evidence-tabular-train-01164	0	3	0	36,136,192,40,141,170,213,148,112,5,152,88,21,28,102,85,93,149,52,117,130,121,59,177,187,16,45,81,66,14,193,69,205,183,108,182	4,4,0.1945,0,225;3,2,0.1085,0,46;3,1,0.4495,0,116;8,3,0.0475,0,37;5,2,0.0775,0,125;0,0,0.0855,0,56
evidence-tabular-train-01165	2	2	1	108,167,160,117,42,69,21,200,129,13,95,45,147,52,141,100,137,82,113,200,63,178,195,16,134,5,92,215,33,64,205,195,173,34,76,150	4,3,0.0365,0,164;8,0,0.4455,0,42;3,5,0.0395,0,230;3,0,0.9555,2,123;3,2,0.2165,0,35;8,4,0.3295,0,133
evidence-tabular-train-01166	5	1	0	127,61,20,159,4,135,39,194,10,88,146,21,64,144,215,69,155,140,31,102,187,76,45,117,211,214,44,149,57,87,106,163,93,113,164,162	3,0,0.8695,0,210;6,5,0.9575,0,28;8,3,0.1355,0,101;3,5,0.1005,0,201;5,0,0.3125,0,11;6,5,0.8465,3,16
evidence-tabular-train-01167	1	2	0	111,74,21,213,138,123,66,85,32,200,14,169,198,204,153,36,149,147,204,198,117,115,141,206,41,93,45,99,61,1,180,69,88,52,17,131	0,4,0.3535,0,72;7,2,0.3555,0,156;3,3,0.4225,0,103;1,3,0.1405,0,113;2,5,0.7705,0,176;2,1,0.5755,0,98
evidence-tabular-train-01168	10	3	2	93,178,75,148,69,21,9,43,195,170,87,117,18,27,111,196,88,39,126,175,56,65,151,12,155,135,45,141,159,139,164,183,101,63,113,186	8,2,0.4605,0,9;2,5,0.7065,0,200;7,5,0.2795,0,206;2,5,0.1285,0,127;4,5,0.2655,0,241;5,5,0.7005,0,221
evidence-tabular-train-01169	9	2	0	170,44,63,153,97,108,66,75,50,117,128,11,45,165,133,165,163,190,30,147,116,83,141,91,201,21,211,183,93,37,69,8,193,17,138,149	7,1,0.3725,0,220;5,3,0.9095,0,101;1,5,0.4835,0,24;2,1,0.7235,0,225;0,2,0.8485,0,209;7,3,0.4825,0,201
evidence-tabular-train-01170	1	3	1	159,93,165,164,144,162,156,13,9,108,60,75,31,140,92,173,176,43,113,66,51,150,22,167,99,48,153,132,181,148,36,128,69,86,18,117	8,3,0.5115,1,49;6,2,0.7715,3,29;2,2,0.5075,0,77;2,4,0.9635,0,161;2,2,0.2185,0,125;7,2,0.9545,3,228
evidence-tabular-train-01171	1	3	2	26,153,87,65,121,51,45,179,112,104,10,108,151,177,158,62,132,4,202,148,69,17,34,88,117,21,93,194,74,42,174,144,152,210,185,140	3,0,0.2825,0,34;1,0,0.4965,0,39;2,4,0.3105,0,130;1,5,0.0115,0,170;7,2,0.1875,0,144;0,2,0.9065,3,255
evidence-tabular-train-01172	8	0	2	116,162,7,29,175,179,145,45,59,90,65,211,118,140,144,21,132,17,93,101,158,151,107,201,12,35,41,69,183,171,125,159,170,78,86,57	6,2,0.2845,0,205;4,1,0.2105,0,89;8,1,0.3555,0,14;5,4,0.5305,0,118;4,1,0.9875,1,36;4,2,0.8945,3,89
evidence-tabular-train-01173	9	0	2	167,40,115,105,130,80,107,12,16,213,33,152,8,45,93,196,121,164,197,175,64,61,69,145,21,142,37,140,86,57,151,90,120,156,186,209	7,2,0.0745,0,113;8,3,0.1935,0,6;8,3,0.1025,0,147;7,4,0.4815,0,13;8,1,0.7515,3,176;0,0,0.8975,1,173
evidence-tabular-train-01174	6	2	1	166,20,117,113,177,69,40,208,150,93,90,11,158,123,97,31,167,147,49,68,132,193,47,36,62,174,78,3,172,157,23,144,87,108,138,153	2,1,0.9945,2,44;6,2,0.1765,2,235;0,4,0.8005,0,207;5,5,0.4535,0,190;0,2,0.2205,0,85;2,2,0.4105,3,43
evidence-tabular-train-01175	10	2	2	166,5,88,13,59,147,213,116,97,39,141,20,54,167,199,132,120,76,203,109,45,201,93,151,122,174,140,30,21,83,208,175,69,68,43,187	4,3,0.9875,0,13;5,5,0.7295,0,139;5,1,0.9255,0,104;3,1,0.1655,0,210;0,3,0.8205,3,157;1,2,0.8045,0,111
evidence-tabular-train-01176	6	2	2	178,201,147,127,114,66,167,70,165,141,30,19,1,42,140,151,89,192,131,98,161,173,48,169,53,117,78,39,13,21,95,204,199,106,86,62	0,3,0.7125,0,132;5,5,0.5955,3,66;4,4,0.5235,1,75;5,4,0.3555,2,248;1,0,0.5975,0,86;6,1,0.8915,0,15
evidence-tabular-train-01177	0	3	2	67,21,59,39,112,141,183,194,74,43,70,106,14,98,132,138,175,20,4,56,25,162,206,148,209,151,198,90,157,129,178,205,85,48,117,94	3,4,0.9765,0,105;0,5,0.7085,3,85;7,1,0.7115,1,32;1,3,0.5415,1,212;1,0,0.1465,0,112;8,2,0.4325,0,73
evidence-tabular-train-01178	10	3	1	160,21,207,169,66,148,194,95,201,92,183,20,113,58,121,10,37,75,43,210,150,203,56,136,9,141,192,29,135,106,45,101,202,117,83,69	8,0,0.8245,0,93;4,3,0.7605,0,85;7,0,0.4335,0,199;2,1,0.9395,2,186;4,0,0.3505,0,30;0,5,0.1095,0,231
evidence-tabular-train-01179	8	3	2	199,84,151,21,141,117,183,135,164,52,214,111,126,12,45,17,61,196,41,156,89,215,148,102,198,138,66,35,75,71,9,115,93,194,30,213	8,2,0.3515,0,223;5,1,0.2505,0,197;3,3,0.4445,2,118;2,2,0.2595,0,25;5,5,0.7965,0,31;5,5,0.5735,0,195
evidence-tabular-train-01180	0	3	0	157,37,17,9,149,117,45,68,114,30,158,76,141,179,135,87,93,21,60,104,199,162,90,195,148,129,157,136,57,69,14,203,200,212,43,107	8,4,0.2475,0,148;5,3,0.7785,0,4;8,2,0.8225,0,115;3,5,0.5155,0,41;7,1,0.5775,0,102;8,5,0.1285,0,41
evidence-tabular-train-01181	5	2	1	117,92,114,107,53,38,188,214,69,45,10,168,30,93,164,133,203,136,85,66,178,17,123,158,22,147,141,160,175,105,43,184,58,150,2,76	1,0,0.3425,1,4;5,4,0.7265,0,18;4,0,0.5025,0,144;3,3,0.9615,0,216;8,1,0.5885,0,227;2,3,0.0695,0,92
evidence-tabular-train-01182	1	1	1	173,137,141,107,68,213,93,116,21,99,117,150,76,5,173,83,27,204,89,186,213,135,55,45,192,39,183,42,129,146,69,179,11,18,59,190	4,1,0.4595,0,247;2,5,0.5635,0,166;6,1,0.9255,0,251;3,1,0.2085,0,69;2,1,0.9415,0,112;8,5,0.3015,0,21
evidence-tabular-train-01183	4	1	0	69,44,188,20,152,109,92,159,36,75,137,149,156,83,67,121,115,8,117,146,162,53,100,21,141,61,208,10,176,168,32,94,48,215,201,133	7,0,0.8935,0,191;7,2,0.8385,3,16;4,3,0.7055,0,232;2,1,0.8295,1,177;3,3,0.7615,0,192;0,3,0.3185,0,143
evidence-tabular-train-01184	10	2	2	166,69,147,102,39,151,91,93,79,115,170,130,183,178,63,86,11,18,174,21,141,128,111,1,197,158,48,66,187,40,57,176,118,29,140,187	0,1,0.4415,0,62;4,5,0.0165,3,205;8,5,0.4105,0,63;6,4,0.7685,0,10;5,5,0.7455,1,171;7,0,0.8215,0,27
evidence-tabular-train-01185	10	1	2	128,69,50,183,14,17,78,93,208,28,137,202,101,43,169,146,88,35,130,21,179,109,184,208,48,194,143,151,195,83,68,215,5,62,117,115	4,4,0.2675,0,135;3,1,0.6265,3,110;1,4,0.9285,0,26;5,1,0.0725,0,245;4,3,0.7435,0,55;7,0,0.3045,2,219
evidence-tabular-train-01186	1	2	0	190,159,45,69,206,81,93,147,13,200,205,109,214,117,180,4,21,149,59,115,16,205,141,35,132,140,193,40,66,33,152,91,57,83,99,129	3,3,0.0375,0,18;8,1,0.1485,0,23;8,1,0.5065,0,97;8,1,0.7465,0,97;2,3,0.7615,0,34;8,2,0.9275,0,23
evidence-tabular-train-01187	9	3	2	90,141,10,148,180,115,32,128,60,167,174,73,208,166,94,85,42,69,21,205,133,117,151,57,204,190,140,103,36,168,16,158,4,45,67,109	3,0,0.1115,0,75;7,2,0.5115,0,150;8,2,0.7215,0,56;0,3,0.4265,1,64;6,3,0.7175,0,139;7,3,0.8295,0,201
evidence-tabular-train-01188	2	0	0	199,176,9,165,131,86,141,145,208,92,199,185,11,59,140,172,122,103,207,33,19,81,181,116,149,93,47,54,117,42,106,37,68,21,158,69	8,1,0.6125,0,156;8,3,0.4055,2,28;5,1,0.9255,0,244;8,4,0.9975,0,235;6,0,0.9535,0,62;1,1,0.9185,0,53
evidence-tabular-train-01189	0	3	1	64,41,21,1,117,25,155,150,121,133,16,136,76,208,177,112,86,69,55,91,202,109,10,214,37,171,100,144,181,163,45,60,170,206,148,93	0,0,0.1735,0,142;0,3,0.3625,0,164;6,2,0.1475,0,30;3,4,0.6685,0,215;3,3,0.0215,0,124;0,3,0.0825,3,49
evidence-tabular-train-01190	10	1	2	158,194,19,126,206,82,186,117,28,21,139,57,8,100,13,80,156,151,146,186,69,63,154,66,141,45,44,88,135,93,200,34,107,186,113,164	7,3,0.7785,0,70;3,0,0.9645,0,13;8,5,0.4445,0,122;7,0,0.0245,0,116;3,1,0.3465,0,15;5,5,0.6365,0,245
evidence-tabular-train-01191	9	3	2	66,86,32,35,79,69,208,107,89,102,93,60,45,196,202,1,151,141,117,195,21,153,122,199,214,159,131,18,155,112,140,154,148,41,13,56	0,3,0.4135,0,244;7,1,0.2685,0,232;7,2,0.4185,0,118;6,4,0.2105,0,249;5,1,0.0295,0,158;1,1,0.8865,0,1
evidence-tabular-train-01192	5	0	1	145,64,106,71,45,201,11,32,41,154,19,177,141,35,119,104,113,90,61,150,178,82,3,21,205,159,94,215,202,80,139,203,56,134,127,212	2,1,0.6605,0,40;7,1,0.3455,0,107;7,3,0.0725,2,75;7,0,0.4185,1,18;7,0,0.3775,2,26;6,4,0.6215,0,181
evidence-tabular-train-01193	10	1	1	32,68,21,190,53,62,45,101,150,206,93,7,154,189,10,137,159,82,126,146,69,164,168,73,162,117,109,43,159,153,141,115,134,39,90,20	6,0,0.8395,0,23;7,5,0.6505,0,135;4,4,0.9075,0,150;0,0,0.5045,0,181;4,3,0.6965,0,203;5,4,0.3415,0,216
evidence-tabular-train-01194	1	3	1	45,194,106,69,99,85,176,126,199,139,179,14,191,89,94,65,185,62,158,135,21,75,160,18,51,117,26,148,114,142,35,44,150,207,5,180	4,4,0.5275,0,56;1,1,0.8405,0,188;2,4,0.3905,0,239;2,3,0.2225,1,174;2,0,0.5855,0,131;5,5,0.6445,1,254
evidence-tabular-train-01195	10	2	1	137,20,70,67,165,45,83,49,36,154,102,150,201,118,159,61,147,23,123,77,89,206,93,106,194,206,143,40,131,189,10,113,8,185,205,26	7,0,0.8855,2,239;1,2,0.1195,0,164;0,3,0.6485,1,223;4,1,0.2645,0,22;5,0,0.2195,1,110;2,1,0.3075,2,101
evidence-tabular-train-01196	9	1	0	193,117,50,32,171,180,159,136,36,67,107,21,186,130,95,17,59,165,113,103,76,172,149,3,141,146,87,14,70,92,45,42,191,126,171,180	2,4,0.2145,0,86;7,2,0.4995,0,139;1,1,0.6315,1,85;3,5,0.8665,2,72;6,1,0.2205,0,89;5,0,0.0725,0,98
evidence-tabular-train-01197	2	1	0	22,16,132,82,117,206,52,91,8,66,146,127,206,159,59,114,171,74,69,38,40,28,160,105,141,179,173,213,13,139,192,45,184,93,149,110	7,3,0.0465,1,88;3,4,0.0655,0,171;3,1,0.4065,0,174;1,0,0.6725,0,92;8,4,0.5505,0,240;6,2,0.6125,0,195
evidence-tabular-train-01198	0	3	2	48,140,11,168,126,93,151,164,148,4,21,42,17,37,63,199,141,182,195,204,107,69,79,212,67,130,116,82,173,102,92,117,32,52,160,163	3,1,0.3025,0,120;7,3,0.4365,3,25;3,5,0.6635,0,217;6,0,0.9745,0,204;5,1,0.9835,0,42;5,0,0.8935,0,242
evidence-tabular-train-01199	10	1	1	158,1,141,165,45,201,160,114,150,36,194,197,212,93,146,136,18,24,89,50,77,59,131,105,33,211,120,111,64,128,162,87,69,44,187,11	0,1,0.4055,3,13;8,2,0.8935,0,111;1,1,0.1615,0,154;4,5,0.3655,0,132;8,5,0.5745,3,147;7,1,0.1135,0,205
evidence-tabular-train-01200	10	2	2	16,62,214,184,167,179,147,1,117,143,105,136,115,45,53,133,92,151,82,93,15,44,34,182,178,68,164,123,32,108,163,69,189,76,177,21	0,5,0.0665,0,212;7,0,0.9505,0,192;4,4,0.9055,0,107;3,0,0.8485,0,105;8,2,0.7665,0,55;2,3,0.0325,2,169
evidence-tabular-train-01201	5	1	1	117,205,90,192,146,193,49,114,141,109,74,158,42,203,139,62,34,93,203,65,69,207,124,192,192,45,202,131,103,16,21,150,84,27,8,12	7,2,0.1905,0,88;2,0,0.4495,0,67;0,4,0.3475,0,138;1,2,0.4545,0,175;6,3,0.4155,0,141;3,1,0.6445,0,154
evidence-tabular-train-01202	10	3	2	81,138,104,93,188,154,90,36,196,123,182,188,45,159,141,6,16,204,57,65,28,22,114,119,190,151,110,44,132,148,14,63,192,69,180,86	5,4,0.0165,1,3;3,2,0.9205,0,14;8,5,0.2835,0,33;8,4,0.5655,0,173;7,4,0.4725,2,20;2,2,0.4725,0,157
evidence-tabular-train-01203	7	2	0	147,69,17,93,203,149,116,85,129,61,52,156,65,212,89,160,136,200,77,206,48,109,141,131,175,159,188,3,13,41,215,98,27,117,23,37	2,3,0.3715,2,218;2,3,0.3655,3,71;3,3,0.3735,0,181;4,3,0.3805,0,35;1,3,0.8555,0,39;8,1,0.0705,0,226
evidence-tabular-train-01204	10	0	1	123,42,60,13,93,69,169,66,21,82,109,45,205,113,30,157,90,175,5,171,105,153,132,194,57,141,20,137,153,117,211,145,194,150,35,78	4,3,0.9795,0,126;5,1,0.5845,0,126;8,2,0.5835,0,24;5,0,0.4685,0,90;8,3,0.3685,0,89;2,2,0.3715,0,174
evidence-tabular-train-01205	9	1	0	143,45,149,162,8,51,59,20,125,146,104,87,197,41,67,155,15,133,188,106,189,34,90,136,27,93,21,172,204,171,76,163,116,117,72,191	7,5,0.8445,0,180;2,0,0.2565,0,246;2,1,0.7475,3,158;3,5,0.5315,0,182;7,0,0.8755,0,95;4,3,0.1205,2,247
evidence-tabular-train-01206	10	2	2	199,151,29,157,93,66,141,60,134,57,168,193,138,114,9,117,152,36,206,12,147,86,21,110,45,74,206,188,98,89,41,152,69,159,128,19	8,2,0.7905,0,11;4,2,0.3335,0,59;8,2,0.5215,0,19;1,4,0.2315,0,49;1,4,0.4295,0,153;7,4,0.4955,0,161
evidence-tabular-train-01207	5	2	0	23,16,175,152,141,66,154,133,60,83,40,195,4,88,93,191,112,34,76,199,149,140,107,15,105,124,183,117,160,69,51,45,29,175,147,196	3,5,0.0625,2,221;4,0,0.0425,0,250;2,2,0.5035,0,87;3,1,0.1825,0,100;8,1,0.1415,0,244;3,3,0.9415,0,232
evidence-tabular-train-01208	10	3	2	143,67,134,148,184,10,115,213,93,192,108,53,69,169,28,151,167,118,129,16,84,36,89,42,78,8,47,140,21,63,200,175,193,186,158,99	7,0,0.0005,0,232;3,2,0.4845,2,153;4,5,0.6725,0,224;5,2,0.3605,0,231;2,2,0.6465,1,224;8,4,0.9625,2,75
evidence-tabular-train-01209	2	3	1	141,50,168,115,150,177,75,131,63,148,84,106,208,69,10,193,192,92,203,67,164,124,120,35,138,152,18,93,45,33,44,21,99,158,203,9	8,0,0.4395,0,57;8,1,0.9695,0,107;1,5,0.6405,0,221;2,2,0.8845,0,251;2,0,0.7915,3,212;3,1,0.4495,0,127
evidence-tabular-train-01210	2	2	0	212,45,190,171,166,86,183,101,111,167,72,49,19,91,76,11,21,215,179,147,116,141,138,27,117,41,149,130,65,35,2,93,126,63,166,176	1,1,0.7155,0,165;2,1,0.3885,0,151;0,5,0.2115,3,211;3,4,0.7635,0,167;4,5,0.8025,0,152;5,0,0.4655,0,0
evidence-tabular-train-01211	5	2	0	19,134,10,141,152,28,104,91,49,178,137,110,213,210,117,147,204,36,44,70,7,177,124,45,63,21,67,149,213,180,115,75,87,186,176,93	6,0,0.7505,0,23;3,2,0.8875,0,118;0,5,0.6145,1,43;2,5,0.6045,0,85;7,4,0.7545,0,142;3,4,0.3465,0,250
evidence-tabular-train-01212	10	3	1	101,45,138,52,171,172,64,133,37,113,63,29,85,158,148,21,166,69,19,129,203,179,4,91,161,150,111,196,77,117,10,96,141,44,195,166	3,0,0.7435,0,14;4,3,0.9535,0,13;3,5,0.0245,0,112;4,3,0.6075,3,10;4,5,0.3865,0,34;8,3,0.5685,0,149
evidence-tabular-train-01213	4	1	1	196,93,150,45,159,61,179,44,117,76,135,88,186,69,52,109,16,21,183,112,173,146,164,39,99,201,196,13,1,28,139,142,128,200,68,83	0,3,0.0525,0,86;3,5,0.9145,0,241;3,3,0.9065,0,12;3,1,0.0725,0,3;2,3,0.0045,0,114;7,5,0.7985,1,190
evidence-tabular-train-01214	1	1	0	72,149,19,117,99,8,141,58,203,165,213,87,35,116,23,186,93,136,40,31,204,111,171,213,74,92,146,167,135,204,67,11,124,181,45,49	7,1,0.6885,2,174;6,1,0.0915,0,94;0,0,0.6515,3,61;1,5,0.8255,0,172;2,5,0.8055,0,22;3,5,0.1465,0,197
evidence-tabular-train-01215	1	2	1	198,200,100,27,83,21,3,214,96,113,44,90,186,126,62,156,154,45,69,56,202,147,141,150,14,205,67,108,174,39,79,16,133,117,140,190	2,4,0.0315,0,211;2,5,0.9815,0,99;7,4,0.7275,0,199;6,1,0.4425,3,117;3,2,0.3985,0,15;5,3,0.8505,0,35
evidence-tabular-train-01216	10	3	2	135,9,43,199,93,140,202,141,117,151,27,181,191,169,19,114,181,73,82,148,215,51,165,12,62,69,21,181,210,64,45,36,100,106,129,90	8,2,0.7905,0,244;2,2,0.7595,0,119;2,4,0.0475,0,111;0,0,0.4695,0,169;3,0,0.4535,0,78;8,5,0.9795,0,55
evidence-tabular-train-01217	0	3	2	189,139,117,187,15,4,44,18,78,179,171,91,210,122,96,32,51,58,132,196,21,181,106,69,34,67,154,86,148,45,141,151,113,154,100,181	3,5,0.5825,0,12;7,0,0.9215,0,66;2,0,0.6405,0,148;5,4,0.6925,3,65;3,0,0.2905,0,181;1,2,0.7175,0,198
evidence-tabular-train-01218	4	1	2	135,128,156,99,21,117,116,174,87,154,60,146,73,67,17,157,28,203,3,182,172,136,14,69,52,45,141,168,111,201,91,36,165,93,42,151	2,4,0.2075,0,252;3,2,0.4565,0,151;3,2,0.7195,0,225;0,5,0.6875,0,218;2,5,0.8115,0,101;7,5,0.1835,0,18
evidence-tabular-train-01219	8	1	2	213,146,122,179,116,178,156,49,45,141,34,205,179,76,90,176,151,19,41,84,171,175,60,102,93,65,166,10,6,21,131,69,30,136,117,111	5,0,0.7945,0,102;5,0,0.2735,0,154;0,2,0.2425,0,247;3,2,0.4815,0,30;5,5,0.8755,0,140;1,1,0.0385,0,212
evidence-tabular-train-01220	0	3	0	205,33,100,46,193,93,53,200,108,157,84,169,149,72,131,76,209,139,175,17,35,12,5,65,117,91,23,148,61,202,113,123,141,189,43,159	4,2,0.3665,2,107;8,1,0.7825,1,8;4,3,0.3675,3,200;3,2,0.6525,0,2;3,2,0.3285,0,181;2,1,0.6045,0,135
evidence-tabular-train-01221	10	0	2	145,199,15,106,186,18,185,67,90,187,144,193,43,85,27,162,184,151,9,177,69,34,94,21,99,112,136,45,201,51,215,132,120,129,62,80	8,5,0.5685,0,13;2,0,0.7175,0,127;2,4,0.7385,0,86;7,3,0.5035,1,144;2,0,0.1995,3,206;8,2,0.0285,3,60
evidence-tabular-train-01222	2	2	1	112,93,69,190,187,129,17,150,43,2,132,195,75,21,59,10,201,141,57,170,171,87,64,110,100,170,140,202,117,45,25,36,147,88,169,171	1,0,0.2135,0,70;0,2,0.6445,0,99;8,1,0.0605,0,221;2,5,0.0265,0,184;3,4,0.0445,0,56;8,2,0.9455,0,155
evidence-tabular-train-01223	1	2	2	63,93,120,189,12,132,21,151,92,100,172,155,194,136,163,18,42,141,38,187,167,147,52,166,87,67,113,69,27,194,109,162,124,45,75,5	4,2,0.4085,0,147;2,4,0.4665,0,162;3,5,0.6575,0,74;2,5,0.9205,0,52;3,3,0.2205,3,82;3,2,0.0585,0,58
evidence-tabular-train-01224	6	2	0	134,66,44,208,93,137,106,73,92,149,58,18,104,171,197,51,161,123,13,23,120,45,69,9,152,214,141,25,116,215,155,147,205,37,200,87	8,3,0.5095,2,43;0,3,0.8965,0,22;2,0,0.5495,0,1;0,5,0.8675,0,211;7,0,0.9325,3,71;2,4,0.3475,0,34
evidence-tabular-train-01225	1	2	0	58,21,1,132,20,215,108,32,208,75,54,69,188,139,93,149,68,90,100,14,45,87,187,153,211,189,147,113,117,37,207,40,177,210,141,129	0,4,0.8105,0,118;7,3,0.0845,0,198;5,0,0.8095,0,175;2,5,0.5455,0,200;3,2,0.2955,0,223;8,2,0.6045,0,250
evidence-tabular-train-01226	6	1	0	183,173,37,78,85,203,175,67,61,93,196,187,25,21,89,12,174,138,115,124,2,141,166,131,146,45,49,117,149,213,152,102,41,108,69,17	1,2,0.3315,0,26;0,3,0.2345,0,112;0,3,0.6315,0,80;5,3,0.2505,0,221;5,2,0.7965,0,229;3,1,0.5735,0,238
evidence-tabular-train-01227	1	3	0	85,201,133,143,66,92,51,162,75,212,215,179,45,173,21,33,169,108,16,42,198,37,113,198,148,93,123,11,69,61,140,149,99,8,117,156	7,1,0.1065,0,254;8,3,0.5995,0,23;2,3,0.5765,0,60;2,3,0.9085,0,250;2,2,0.3705,0,28;2,3,0.9205,2,234
evidence-tabular-train-01228	0	3	2	16,141,168,62,123,158,179,85,198,69,45,206,90,136,76,214,51,11,93,40,194,107,5,115,160,64,213,103,148,117,21,29,37,135,206,151	4,1,0.0475,0,247;4,3,0.1415,0,174;2,4,0.0945,0,184;3,3,0.4345,0,42;6,1,0.7515,0,36;2,5,0.1765,0,156
evidence-tabular-train-01229	7	2	2	117,157,61,134,87,143,28,186,69,154,106,50,140,67,115,199,159,21,48,98,3,34,11,189,198,19,181,205,124,91,147,41,158,95,76,151	2,1,0.7165,0,105;3,0,0.2495,3,251;1,3,0.6175,0,119;3,5,0.7335,2,248;1,0,0.7465,0,237;3,4,0.9775,2,21
evidence-tabular-train-01230	10	3	2	45,135,65,158,151,21,73,69,141,148,160,156,54,85,163,156,38,108,205,15,138,152,101,2,29,89,93,117,17,116,61,42,185,192,173,129	1,5,0.3145,0,113;4,4,0.5565,0,32;5,3,0.2175,0,178;0,3,0.2525,0,71;4,2,0.8885,0,21;8,5,0.4655,0,25
evidence-tabular-train-01231	0	3	1	128,141,161,116,40,106,47,69,19,205,202,136,148,161,190,131,52,210,84,60,191,93,150,66,179,34,29,180,76,100,179,117,4,14,23,88	3,4,0.7505,2,113;4,0,0.0025,2,181;3,2,0.5995,0,141;3,2,0.1055,0,253;3,0,0.9265,0,152;7,1,0.1775,0,35
evidence-tabular-train-01232	5	2	1	65,129,69,214,93,176,49,202,39,28,79,5,44,150,13,147,113,82,139,117,162,177,62,205,21,134,45,163,215,141,163,88,181,106,17,99	4,3,0.3595,0,50;3,5,0.8985,0,229;0,4,0.3795,0,88;6,0,0.1785,0,107;2,0,0.2775,0,247;8,4,0.6805,0,2
evidence-tabular-train-01233	1	1	1	7,75,43,181,65,58,10,51,141,204,131,152,120,150,83,180,34,25,195,93,190,45,181,18,101,140,21,199,92,108,173,160,123,146,71,115	6,0,0.4965,0,95;0,0,0.7335,0,15;2,0,0.3995,2,65;2,1,0.8525,0,253;4,2,0.6635,3,74;2,1,0.9585,0,254
evidence-tabular-train-01234	1	1	0	196,27,132,191,24,4,93,39,107,63,189,140,101,115,159,57,83,64,196,149,165,162,141,211,89,206,45,16,122,70,117,43,75,14,146,199	3,4,0.0605,3,10;2,5,0.6725,0,194;8,5,0.1545,1,254;2,1,0.3735,0,106;4,1,0.7545,0,230;1,2,0.9945,0,52
evidence-tabular-train-01235	6	3	0	158,121,171,190,19,112,45,198,141,21,201,200,87,110,93,14,148,164,117,36,210,71,59,65,51,185,1,184,131,73,136,90,31,99,40,149	0,4,0.7465,0,90;6,2,0.1845,0,18;2,1,0.2005,2,79;0,5,0.4355,0,85;2,4,0.0735,0,10;0,1,0.0225,0,250
evidence-tabular-train-01236	10	2	2	124,89,82,116,201,134,77,93,141,108,170,181,151,169,10,21,117,136,44,32,2,192,186,45,190,202,69,66,16,184,60,34,57,175,101,147	1,0,0.0075,0,62;7,0,0.8135,0,193;8,2,0.4985,0,163;4,0,0.3235,0,81;4,2,0.8335,0,138;3,4,0.1485,0,32
evidence-tabular-train-01237	6	1	2	14,207,151,131,69,18,101,211,113,63,29,77,68,45,166,158,109,91,96,141,156,37,86,118,6,172,44,208,190,21,146,199,136,122,213,49	5,4,0.4415,0,150;4,3,0.8825,0,199;0,5,0.9695,0,48;4,4,0.7375,3,227;4,3,0.2505,1,230;1,1,0.1065,0,123
evidence-tabular-train-01238	1	2	2	93,10,59,18,170,172,69,27,84,117,35,210,90,147,202,79,140,116,192,141,52,45,99,209,151,201,41,21,185,131,123,168,109,2,66,203	1,0,0.4985,0,28;2,1,0.3655,0,36;3,1,0.4685,0,242;6,2,0.5175,0,98;2,3,0.9585,0,246;2,1,0.9095,0,211
evidence-tabular-train-01239	7	1	1	193,18,181,50,140,47,210,150,4,112,43,213,68,31,10,146,37,73,84,127,99,61,167,172,92,158,141,22,69,210,132,181,120,107,203,96	3,0,0.5835,1,176;6,3,0.7735,2,122;1,3,0.8585,0,248;0,2,0.9845,3,56;2,1,0.1355,3,32;6,2,0.8165,0,217
evidence-tabular-train-01240	1	3	0	57,156,15,157,155,156,138,89,204,149,72,114,190,205,86,18,117,6,45,44,131,148,21,76,195,27,93,35,58,195,99,178,64,141,109,124	5,5,0.4285,0,142;2,1,0.9785,0,64;8,0,0.0335,3,248;3,4,0.3805,0,144;2,3,0.5805,0,95;3,1,0.4665,0,62
evidence-tabular-train-01241	4	1	0	181,107,113,206,122,181,15,169,93,16,52,34,198,176,62,139,135,81,182,21,187,66,141,3,45,69,102,146,29,91,149,117,41,192,189,85	2,5,0.0305,0,176;4,0,0.2945,0,170;3,4,0.4155,0,70;8,3,0.6505,0,167;5,1,0.3535,0,11;1,5,0.6575,0,24
evidence-tabular-train-01242	1	2	1	158,176,215,150,13,117,157,87,46,138,156,89,181,93,110,38,152,4,182,128,70,41,99,199,171,141,65,115,59,27,74,16,130,52,21,147	3,3,0.0705,0,186;2,4,0.2795,1,93;3,1,0.3635,1,0;1,5,0.3485,0,220;2,4,0.6155,0,82;7,0,0.4745,0,101
evidence-tabular-train-01243	1	1	1	158,150,57,198,98,161,46,146,166,4,141,21,123,117,84,135,116,152,68,156,153,38,138,44,88,12,160,93,71,78,184,212,19,109,32,61	3,2,0.7055,0,57;7,4,0.9605,1,29;8,3,0.9165,2,165;5,2,0.0325,0,184;1,3,0.8015,0,28;2,5,0.4085,0,175
evidence-tabular-train-01244	7	3	1	2,74,141,55,154,168,140,11,208,91,100,170,64,47,189,43,159,82,148,114,131,122,93,163,193,39,60,161,150,19,117,197,110,21,69,27	1,1,0.7555,0,246;2,5,0.7365,2,194;6,2,0.1405,0,8;1,0,0.7155,0,238;3,4,0.5025,0,153;1,1,0.9295,0,99
evidence-tabular-train-01245	8	3	2	166,117,128,109,151,66,3,170,76,201,102,35,10,43,168,148,142,83,70,134,91,61,136,205,55,19,21,45,162,202,31,165,193,114,93,182	2,0,0.6405,0,171;6,1,0.6625,0,227;6,3,0.4845,1,109;3,1,0.6885,0,32;5,3,0.4345,0,84;7,4,0.0745,1,117
evidence-tabular-train-01246	6	1	0	79,162,207,68,17,86,149,162,15,101,21,37,45,208,155,124,137,117,193,206,31,69,110,114,177,7,146,49,91,62,96,130,141,186,182,40	6,5,0.2255,0,45;6,3,0.1385,0,211;0,4,0.8305,0,201;6,4,0.6315,3,15;4,4,0.4425,0,4;3,0,0.3765,0,226
evidence-tabular-train-01247	6	1	1	21,150,209,201,153,117,211,101,12,127,73,93,84,69,91,41,6,110,45,20,189,68,183,61,141,30,38,175,131,146,159,137,49,164,113,202	5,2,0.9135,0,244;5,4,0.2395,0,58;0,3,0.8315,0,90;0,2,0.7965,0,40;4,4,0.2085,0,49;6,1,0.3205,0,8
evidence-tabular-train-01248	6	3	2	69,90,148,205,195,141,199,193,204,181,34,151,42,65,200,138,188,131,21,110,97,74,82,28,51,93,58,45,16,116,124,188,162,12,7,117	6,2,0.0495,0,80;3,0,0.5365,0,241;2,0,0.2285,0,102;1,0,0.5615,0,208;0,4,0.9545,0,177;3,1,0.4295,0,47
evidence-tabular-train-01249	7	1	2	25,151,113,210,133,21,55,100,166,122,159,179,190,69,20,146,138,165,118,95,205,10,161,82,186,90,74,39,107,64,43,141,48,60,194,6	5,0,0.9725,0,20;0,5,0.7935,3,70;6,2,0.0595,0,185;1,0,0.5615,2,144;3,1,0.2935,1,218;1,3,0.4145,0,0
evidence-tabular-train-01250	1	3	2	109,200,141,69,94,206,117,182,197,151,176,131,68,61,112,76,4,123,41,90,28,153,178,14,84,148,153,35,179,104,45,140,16,209,51,21	3,4,0.0435,0,46;3,1,0.2905,0,117;2,3,0.9135,0,223;3,2,0.4845,1,28;7,3,0.1705,0,89;2,1,0.9335,0,141
evidence-tabular-train-01251	6	0	1	136,33,59,21,210,1,196,86,91,93,162,15,69,51,156,208,141,211,45,116,35,117,108,64,201,121,40,145,103,150,77,131,182,215,20,213	0,5,0.9045,0,57;8,1,0.0645,0,101;2,1,0.0005,0,47;4,4,0.7365,0,206;6,2,0.8785,0,106;0,1,0.1315,0,2
evidence-tabular-train-01252	4	1	2	166,112,93,130,109,28,53,90,182,179,24,16,201,15,156,209,99,151,3,66,206,146,215,117,69,156,61,45,38,123,141,83,43,136,76,201	2,5,0.0495,3,161;3,4,0.7365,0,92;4,3,0.5175,0,71;3,1,0.5305,0,129;2,3,0.1655,0,148;2,0,0.0285,0,193
evidence-tabular-train-01253	2	3	0	69,40,99,141,45,179,108,201,58,211,5,210,93,168,148,173,203,19,54,137,29,35,190,124,114,170,10,149,134,167,77,64,83,21,92,119	4,0,0.7845,0,38;4,1,0.1535,0,119;5,0,0.0695,0,130;4,1,0.8215,0,43;2,2,0.5115,2,190;3,4,0.2125,0,238
evidence-tabular-train-01254	10	1	2	151,83,153,146,88,16,181,67,204,161,36,70,155,8,44,11,141,33,139,80,171,186,201,125,132,111,117,203,59,45,52,188,93,112,21,104	7,1,0.1395,0,133;8,2,0.9385,0,15;3,1,0.7495,1,243;7,1,0.0845,0,129;7,5,0.1525,0,151;4,2,0.7415,0,150
evidence-tabular-train-01255	9	0	1	103,106,18,196,61,145,189,173,10,35,187,183,134,150,81,21,69,206,56,163,93,66,42,112,143,126,140,45,192,84,204,88,9,117,210,26	8,0,0.5145,0,134;1,1,0.4445,0,6;7,3,0.4625,0,167;8,2,0.1345,0,173;6,0,0.0485,0,63;5,4,0.9205,2,234
evidence-tabular-train-01256	1	2	2	61,89,29,183,45,98,51,44,123,137,179,154,170,9,172,117,10,19,133,93,206,141,75,206,21,115,106,66,69,147,189,151,37,82,210,178	8,0,0.6825,0,249;4,3,0.8115,0,232;2,3,0.5595,0,41;2,0,0.3755,0,114;1,0,0.7915,0,239;2,3,0.2105,0,92
evidence-tabular-train-01257	2	1	2	38,114,137,45,157,126,100,8,93,178,208,169,89,106,117,58,50,75,154,163,132,21,151,146,11,209,72,41,175,144,33,82,66,20,195,204	7,1,0.8695,0,92;8,4,0.3225,0,228;1,0,0.4705,3,109;2,0,0.3325,0,60;3,0,0.5635,0,17;5,2,0.3165,3,158
evidence-tabular-train-01258	1	3	2	11,84,204,208,67,142,22,191,42,117,93,122,209,148,202,182,18,35,62,55,91,99,194,204,167,134,138,111,74,151,5,45,188,28,69,114	4,1,0.5275,1,246;3,1,0.5875,0,38;6,4,0.6195,0,217;1,2,0.7225,0,12;2,5,0.5795,0,18;1,4,0.5205,1,247
evidence-tabular-train-01259	1	1	1	176,170,27,146,170,58,42,92,69,110,118,175,112,169,123,173,39,51,211,141,16,85,45,102,196,9,137,15,21,93,180,64,78,150,153,134	8,5,0.1055,0,41;2,5,0.5195,0,151;2,0,0.1915,0,236;5,3,0.8445,0,117;5,4,0.1225,1,164;2,4,0.3695,0,44
evidence-tabular-train-01260	9	3	1	117,127,113,39,100,93,193,141,80,14,22,169,33,89,9,50,58,164,108,148,180,205,134,45,19,87,158,202,69,172,207,136,64,159,41,150	8,4,0.7395,1,3;8,5,0.2315,0,89;1,0,0.0145,0,26;7,5,0.2675,0,104;3,2,0.3635,0,235;6,4,0.1725,0,185
evidence-tabular-train-01261	1	1	2	181,195,192,173,123,25,146,154,141,109,137,151,93,21,54,117,41,19,159,75,134,87,196,178,212,7,69,45,62,100,38,13,68,90,114,171	6,3,0.6515,0,149;0,4,0.2525,0,139;5,4,0.9485,0,248;2,5,0.5395,0,142;3,3,0.4205,0,54;2,4,0.3205,0,163
evidence-tabular-train-01262	6	1	0	21,3,115,161,211,16,88,35,196,130,158,41,11,59,67,127,196,146,183,110,199,117,143,45,52,97,149,84,157,185,33,156,93,76,139,69	2,1,0.1455,0,234;8,1,0.2555,0,46;3,1,0.7535,0,246;3,2,0.1575,0,189;0,4,0.7015,0,119;6,0,0.7215,2,208
evidence-tabular-train-01263	10	2	0	43,63,21,149,190,102,53,34,81,160,215,65,210,13,47,213,133,27,92,210,153,87,69,210,117,112,3,141,125,139,106,95,17,184,147,162	2,3,0.2015,0,73;2,0,0.7975,2,235;4,5,0.2665,0,224;8,5,0.8745,2,59;5,0,0.0065,0,99;4,3,0.7185,0,91
evidence-tabular-train-01264	10	1	2	112,81,58,33,103,206,141,11,69,45,88,129,64,162,146,37,166,131,198,117,21,93,5,161,136,203,111,49,184,170,177,85,171,40,151,17	4,1,0.3225,0,115;8,3,0.1415,0,203;0,0,0.1315,0,128;8,3,0.0555,0,141;6,5,0.0315,0,231;8,1,0.0185,0,232
evidence-tabular-train-01265	5	1	0	146,29,9,87,141,190,157,89,93,17,14,108,174,139,212,69,116,149,127,45,44,166,182,165,153,102,49,34,166,195,133,65,63,21,76,118	8,4,0.3785,0,98;4,0,0.9815,0,146;0,5,0.3595,0,120;3,5,0.3255,0,199;5,2,0.8495,1,250;6,3,0.6675,0,23
evidence-tabular-train-01266	1	0	2	44,145,141,92,34,69,23,128,75,17,185,208,199,132,6,116,204,65,87,138,118,177,99,106,176,178,214,151,32,59,14,190,51,93,45,167	5,4,0.2995,2,18;7,0,0.9035,0,62;2,1,0.2245,0,127;2,5,0.8515,0,104;2,0,0.8345,1,207;7,2,0.4455,0,203
evidence-tabular-train-01267	1	0	0	185,141,67,58,90,49,138,123,105,78,215,16,45,179,93,14,83,42,149,2,69,203,196,187,131,39,177,175,155,171,21,109,117,27,114,145	1,4,0.1995,0,50;2,5,0.5795,0,207;0,0,0.7295,0,41;5,1,0.5155,0,167;8,3,0.4385,0,121;2,1,0.5215,0,188
evidence-tabular-train-01268	9	2	1	179,180,154,93,147,167,28,42,12,24,111,195,162,5,60,214,184,143,150,71,80,91,101,34,153,85,131,18,120,124,65,54,45,116,194,136	4,2,0.4335,3,108;3,0,0.4805,0,174;5,2,0.3085,2,107;7,3,0.6675,0,96;4,5,0.8225,3,174;3,1,0.1215,2,118
evidence-tabular-train-01269	1	0	0	145,43,93,5,187,117,164,31,99,130,149,208,53,111,128,143,59,116,137,45,152,70,214,85,80,171,19,36,213,181,154,65,10,91,21,178	4,0,0.6685,0,77;6,2,0.7625,0,35;4,1,0.3055,1,100;7,3,0.6515,0,120;2,5,0.9435,0,75;7,0,0.2795,2,24
evidence-tabular-train-01270	2	3	1	90,176,144,162,165,133,93,83,169,72,150,139,117,35,205,44,152,10,68,148,76,152,98,33,192,179,113,21,126,110,9,213,45,57,20,58	8,0,0.9065,0,3;8,1,0.8475,0,93;8,0,0.8435,3,188;3,1,0.4305,0,32;1,4,0.2415,0,159;5,3,0.6765,3,18
evidence-tabular-train-01271	8	1	1	100,204,61,107,93,120,126,189,215,44,134,4,48,69,90,198,77,113,37,161,146,83,20,14,138,150,157,65,141,24,55,27,152,188,161,177	3,4,0.8475,3,49;2,3,0.8445,3,220;6,3,0.2035,0,4;4,1,0.5355,0,11;3,1,0.2865,3,151;5,4,0.4685,0,151
evidence-tabular-train-01272	2	3	1	212,141,10,140,86,26,157,206,150,106,69,35,93,173,193,51,60,124,79,132,101,5,163,68,163,113,188,90,117,21,19,148,42,194,45,199	4,0,0.7985,0,215;1,1,0.5835,0,225;2,2,0.9865,0,232;6,4,0.4325,0,15;4,0,0.2595,0,115;3,2,0.9445,0,218
evidence-tabular-train-01273	9	1	2	175,198,133,146,75,8,93,43,158,195,15,49,211,69,151,85,190,101,20,38,117,137,202,198,25,106,89,211,45,58,141,116,167,127,68,21	7,5,0.9865,0,53;0,4,0.7015,0,137;0,0,0.9385,0,168;2,3,0.3855,0,178;4,0,0.9385,0,152;6,3,0.3535,0,196
evidence-tabular-train-01274	5	2	0	112,89,52,149,134,28,62,35,198,210,81,93,187,163,202,110,154,21,16,117,141,158,164,139,102,213,12,69,40,169,64,45,127,86,147,4	3,2,0.0675,0,84;3,1,0.0025,0,232;3,4,0.0415,0,216;8,4,0.2625,0,138;5,4,0.1565,0,137;6,4,0.7185,0,85
evidence-tabular-train-01275	5	2	0	45,67,13,3,156,92,127,44,28,166,130,206,113,16,204,21,159,59,49,69,149,39,193,80,147,155,141,170,137,109,168,93,101,202,86,117	2,3,0.0675,0,167;3,5,0.8845,0,94;0,1,0.7415,0,127;7,4,0.8575,0,228;4,3,0.2175,0,165;6,0,0.2315,0,17
evidence-tabular-train-01276	10	3	2	157,144,113,166,20,126,131,156,87,5,74,21,186,59,36,72,41,49,187,45,192,117,93,153,28,88,136,197,109,102,65,12,178,148,194,151	4,2,0.9085,0,218;3,2,0.3585,0,185;0,1,0.2285,3,71;1,5,0.1175,0,128;5,3,0.2385,0,214;5,1,0.0335,3,206
evidence-tabular-train-01277	1	3	0	59,42,11,49,193,148,123,85,165,81,24,135,141,197,181,149,202,89,116,16,45,138,27,201,160,106,160,119,93,102,168,5,158,64,71,34	4,1,0.0805,3,149;2,0,0.4005,0,148;0,1,0.0455,2,170;8,3,0.2595,0,84;5,0,0.9515,2,195;2,5,0.4315,0,182
evidence-tabular-train-01278	2	2	1	117,41,93,82,91,163,206,56,69,150,207,156,165,97,115,163,147,132,106,164,207,155,36,141,124,9,21,12,68,76,208,62,140,20,27,46	8,2,0.8605,0,25;2,2,0.2165,1,163;7,4,0.8155,0,39;3,0,0.6575,0,155;0,0,0.6165,0,26;3,2,0.9095,0,77
evidence-tabular-train-01279	1	2	0	214,89,126,141,3,11,95,58,140,167,52,114,200,21,46,197,207,192,134,149,191,35,99,69,117,66,79,111,17,194,28,87,147,40,212,206	2,1,0.3565,0,192;3,1,0.1155,1,29;3,0,0.4115,0,184;6,5,0.3485,2,108;2,5,0.4265,0,255;5,4,0.8235,0,179
evidence-tabular-train-01280	5	2	1	55,117,21,35,11,64,6,62,159,184,153,72,170,31,83,109,103,45,150,200,131,139,180,198,123,19,201,202,147,90,44,187,93,75,114,141	5,1,0.6225,0,53;6,1,0.9655,0,10;6,4,0.1665,3,188;2,1,0.4595,0,156;6,3,0.5925,0,89;2,1,0.6295,0,125
evidence-tabular-train-01281	5	2	2	69,151,85,119,198,48,195,194,105,37,204,60,16,163,111,28,68,147,12,115,189,42,140,131,1,92,93,182,141,54,188,200,125,21,79,154	0,2,0.0465,0,249;3,3,0.4255,3,128;5,2,0.8025,0,127;6,3,0.9595,0,91;8,5,0.7335,2,139;4,1,0.8465,0,164
evidence-tabular-train-01282	7	2	1	158,81,136,2,150,45,40,190,209,12,191,203,141,106,21,171,17,64,94,179,27,123,190,57,117,132,71,85,59,147,98,173,113,39,91,206	1,2,0.3495,0,11;2,5,0.1665,0,39;8,1,0.1275,2,91;8,3,0.7925,1,92;1,0,0.2095,0,180;2,2,0.1395,0,55
evidence-tabular-train-01283	8	1	2	141,88,174,110,6,165,18,153,58,93,151,117,161,45,137,56,183,114,67,188,21,41,146,34,30,104,134,82,13,198,77,162,124,203,160,69	5,3,0.4175,0,152;5,0,0.2925,0,62;7,0,0.6435,0,115;4,0,0.1405,0,234;7,4,0.4505,0,74;3,4,0.2635,0,117
evidence-tabular-train-01284	4	1	0	143,207,81,21,71,137,179,4,13,40,66,82,207,107,17,55,100,214,146,188,182,166,93,193,34,198,90,118,159,149,112,122,29,59,45,132	3,3,0.2715,0,235;4,0,0.0615,0,166;6,1,0.5205,2,48;8,0,0.5045,0,239;3,1,0.1305,1,105;1,2,0.2295,2,80
evidence-tabular-train-01285	0	3	2	97,167,179,17,148,42,87,63,211,190,141,93,21,135,114,181,45,203,72,91,163,81,49,151,161,68,128,12,184,138,106,199,117,1,39,28	0,2,0.2915,0,12;3,5,0.5145,0,227;0,5,0.9455,3,100;8,5,0.7095,0,149;0,0,0.4195,0,133;7,5,0.4695,0,71
evidence-tabular-train-01286	2	2	1	150,3,147,117,184,21,69,132,10,77,66,161,60,158,44,159,141,176,108,176,186,32,115,36,136,55,93,45,16,91,208,99,182,84,175,124	2,0,0.0165,0,92;7,2,0.9505,0,61;6,2,0.4645,0,26;4,2,0.7275,0,77;2,2,0.6415,0,227;3,2,0.0105,0,169
evidence-tabular-train-01287	2	2	1	57,184,26,158,44,141,69,2,193,117,186,138,21,147,171,93,59,75,18,67,98,37,87,210,167,112,48,214,131,89,188,190,150,11,108,126	1,1,0.5315,0,242;1,3,0.8225,3,185;8,1,0.7285,0,15;2,5,0.3115,0,122;1,2,0.0855,0,192;5,1,0.4115,0,58
evidence-tabular-train-01288	10	2	0	177,147,189,140,42,118,163,204,58,133,183,29,191,101,93,16,1,69,54,155,92,12,184,194,79,82,112,21,149,37,179,45,144,64,123,106	0,2,0.1385,0,227;4,3,0.5025,0,76;5,0,0.1715,0,111;6,0,0.8335,0,101;4,0,0.0035,1,73;2,3,0.8805,3,137
evidence-tabular-train-01289	2	1	0	208,39,45,121,146,203,72,167,149,90,186,19,75,161,6,181,118,130,199,155,109,93,174,140,40,84,62,12,172,53,21,112,141,28,64,100	5,2,0.6305,0,147;3,5,0.0135,0,78;4,4,0.0935,3,165;2,2,0.5395,0,101;3,3,0.1035,1,115;0,0,0.8065,0,193
evidence-tabular-train-01290	0	3	0	93,212,141,117,170,109,148,45,200,160,139,92,34,52,69,21,10,188,20,204,76,66,44,99,159,153,27,115,7,83,203,149,61,174,129,134	6,0,0.8985,0,103;2,0,0.9045,0,138;3,3,0.5945,0,250;3,1,0.9655,0,8;2,3,0.7905,0,140;8,4,0.7595,0,218
evidence-tabular-train-01291	0	3	0	13,31,100,176,125,173,21,69,45,52,4,58,204,108,148,215,90,177,68,93,141,137,149,82,116,215,162,17,182,179,163,35,117,73,134,40	3,3,0.2355,0,239;6,1,0.0785,0,97;3,0,0.9355,0,129;0,0,0.4495,0,244;3,2,0.9325,0,90;4,4,0.2375,0,207
evidence-tabular-train-01292	0	3	0	203,186,123,210,141,117,21,148,45,185,169,69,134,10,155,28,140,58,179,92,149,112,20,42,67,73,161,93,35,108,186,199,85,99,4,54	3,0,0.8545,0,246;3,1,0.5735,0,196;5,0,0.7925,0,233;0,3,0.9405,0,154;2,2,0.1155,0,105;2,4,0.9795,0,143
evidence-tabular-train-01293	1	2	0	20,69,93,21,204,133,2,157,137,172,123,31,88,77,181,45,11,50,99,44,165,161,149,36,170,113,141,179,117,59,65,106,87,193,212,147	1,1,0.8895,0,148;6,2,0.8225,0,62;1,1,0.2855,0,243;4,5,0.1685,0,231;2,0,0.3145,0,137;2,3,0.3745,0,87
evidence-tabular-train-01294	2	1	2	108,169,146,211,177,88,141,153,69,65,151,45,160,80,21,113,140,132,128,5,158,117,152,61,42,36,204,20,86,28,52,97,11,96,193,195	4,1,0.9725,0,86;3,2,0.5655,0,204;3,3,0.3775,0,101;7,4,0.1855,3,26;0,2,0.2515,0,105;7,2,0.8695,0,6
evidence-tabular-train-01295	1	1	1	146,17,137,109,75,26,44,13,215,69,207,60,203,141,4,104,113,49,85,66,207,150,181,175,133,127,210,34,89,200,45,21,199,93,180,117	3,3,0.2935,0,33;1,0,0.9055,0,113;0,2,0.5405,0,240;2,3,0.2965,0,29;7,3,0.3085,0,141;6,3,0.3635,0,66
evidence-tabular-train-01296	4	1	0	10,8,135,149,165,35,63,161,33,86,93,92,207,54,105,45,17,141,153,180,146,209,117,137,65,21,173,160,113,108,159,69,76,127,41,206	7,0,0.3155,0,139;8,1,0.3345,0,109;5,5,0.3275,0,76;3,4,0.9565,0,68;8,2,0.3995,0,233;6,5,0.2565,0,121
evidence-tabular-train-01297	6	0	0	196,178,213,102,192,131,33,19,89,198,93,170,44,112,141,5,63,137,171,194,47,23,64,87,69,117,149,145,11,73,215,111,129,51,36,209	4,1,0.6675,2,15;8,2,0.9795,2,1;2,5,0.0565,0,166;0,5,0.2215,0,44;5,5,0.1275,0,127;8,1,0.3245,0,202
evidence-tabular-train-01298	0	3	2	66,140,199,45,148,77,114,4,86,211,32,90,124,100,18,93,171,133,14,200,177,35,111,61,141,212,21,44,191,151,196,176,69,49,117,162	3,4,0.4655,0,239;7,1,0.9465,0,17;0,3,0.5805,0,225;4,4,0.5345,0,144;3,5,0.5885,0,98;3,3,0.9075,0,12
evidence-tabular-train-01299	5	1	0	78,10,157,44,88,214,2,110,160,132,58,210,21,195,19,31,117,126,197,146,70,164,100,45,203,204,37,49,141,186,115,93,84,149,67,138	1,0,0.7175,0,192;6,3,0.9295,0,205;0,0,0.6065,1,146;5,2,0.1255,0,101;3,4,0.6505,0,112;5,2,0.5545,0,81
evidence-tabular-train-01300	6	3	2	125,18,69,21,109,136,97,151,215,74,45,93,134,209,178,52,167,87,42,184,157,180,35,63,192,66,13,117,199,114,148,9,142,154,89,25	8,3,0.4375,0,18;0,1,0.5425,0,3;3,5,0.5145,0,75;1,5,0.3535,0,110;0,3,0.4115,0,228;4,4,0.1305,1,68
evidence-tabular-train-01301	10	2	1	91,39,45,172,171,147,203,65,197,150,28,20,164,21,3,162,62,152,189,12,181,78,56,93,114,43,69,140,98,87,161,141,135,129,107,117	2,2,0.8815,0,213;3,5,0.6955,0,230;7,4,0.2165,0,198;5,5,0.7985,0,169;1,1,0.4335,0,160;8,5,0.9975,0,162
evidence-tabular-train-01302	8	2	1	121,177,45,14,195,80,142,152,173,117,110,137,2,147,20,82,93,175,92,69,206,150,179,130,166,191,112,37,101,42,176,61,30,21,53,65	1,4,0.9115,0,229;5,3,0.5075,0,42;4,3,0.3395,0,94;7,0,0.9165,0,228;4,4,0.0835,0,0;0,0,0.2285,1,90
evidence-tabular-train-01303	1	1	1	209,63,91,43,138,123,167,76,12,93,19,168,173,183,6,117,45,99,212,71,107,146,68,31,84,131,56,21,204,150,183,178,116,39,192,141	5,2,0.6295,0,168;6,5,0.6475,0,114;7,5,0.9045,2,23;3,2,0.6905,0,122;2,1,0.8655,0,93;2,1,0.4245,0,33
evidence-tabular-train-01304	6	3	0	93,81,182,36,132,198,23,58,153,156,26,43,88,69,45,97,148,180,68,87,3,153,117,168,208,111,51,141,155,121,115,17,15,138,149,185	2,5,0.2225,2,2;1,2,0.7435,0,38;2,0,0.8125,0,21;8,5,0.0685,0,129;0,5,0.6395,0,227;0,2,0.4235,0,8
evidence-tabular-train-01305	7	3	2	173,137,107,26,64,21,183,148,151,120,105,16,91,63,172,45,37,114,6,215,78,190,42,56,179,69,130,123,182,166,176,93,85,158,10,141	5,0,0.1725,0,27;1,3,0.4845,0,124;7,5,0.0005,0,222;5,3,0.6255,0,80;8,1,0.4845,3,61;2,0,0.3035,0,59
evidence-tabular-train-01306	8	3	2	45,115,174,193,172,21,141,214,198,88,30,131,58,117,148,78,51,9,65,10,102,69,93,151,124,18,111,168,140,34,173,42,169,87,168,215	8,0,0.5935,0,66;5,0,0.5195,0,12;2,0,0.2945,0,116;5,5,0.0375,0,167;5,5,0.7475,0,71;3,1,0.9565,0,182
evidence-tabular-train-01307	1	1	2	93,181,35,45,210,214,117,141,170,15,172,161,196,174,44,90,110,140,69,135,64,102,21,60,123,1,27,203,112,17,85,56,176,151,76,146	0,5,0.3455,0,201;2,1,0.8705,0,20;7,2,0.0305,0,41;3,3,0.5785,0,100;5,4,0.1565,0,190;2,5,0.9325,0,185
evidence-tabular-train-01308	7	1	2	116,93,69,7,31,157,215,169,159,64,146,90,151,45,12,206,194,97,141,37,85,126,108,159,74,63,44,21,206,117,16,174,139,207,130,56	6,2,0.1135,0,155;6,3,0.8365,0,226;7,5,0.1705,0,119;1,3,0.4365,0,207;0,2,0.8415,0,121;5,0,0.7105,0,15
evidence-tabular-train-01309	1	0	0	97,84,153,3,141,111,116,118,129,69,13,50,92,21,145,33,149,188,165,42,34,202,186,159,17,206,200,93,68,78,166,135,137,48,189,62	2,3,0.2505,0,109;8,0,0.4825,3,140;1,4,0.8855,0,172;5,2,0.8565,0,75;0,5,0.8945,1,206;8,5,0.3345,0,210
evidence-tabular-train-01310	9	3	1	184,3,62,105,115,43,150,16,37,148,88,139,117,128,141,154,209,69,211,107,93,185,21,25,207,66,79,14,45,190,135,187,82,187,170,55	2,4,0.0605,0,254;0,3,0.7055,0,147;6,4,0.4245,0,232;6,0,0.0965,0,144;8,1,0.7375,0,58;7,5,0.6085,0,86
evidence-tabular-train-01311	9	3	0	148,69,96,117,115,178,202,183,101,75,184,198,27,36,85,43,128,20,92,149,206,133,155,58,8,141,51,13,199,106,178,194,45,136,21,68	7,3,0.9735,0,178;2,2,0.6855,0,103;2,0,0.9725,0,17;2,3,0.9265,3,13;4,0,0.6625,0,61;7,3,0.1645,0,160
evidence-tabular-train-01312	9	1	0	160,106,128,214,10,62,19,83,67,146,181,138,158,93,44,141,149,79,174,132,21,199,56,45,112,102,161,89,31,164,2,38,153,69,155,117	1,0,0.7435,0,59;6,4,0.9335,0,206;7,4,0.6995,0,62;6,1,0.3165,0,180;5,0,0.0275,0,163;7,2,0.4685,0,213
evidence-tabular-train-01313	7	2	2	117,45,158,88,64,189,75,177,140,40,49,59,115,101,93,133,167,69,209,181,122,21,163,212,151,107,82,2,160,17,13,168,38,33,147,142	1,3,0.2305,0,24;8,4,0.0345,0,5;0,1,0.1505,0,175;2,0,0.0915,0,149;4,1,0.7425,0,206;1,3,0.9575,1,59
evidence-tabular-train-01314	5	2	1	45,202,117,44,55,106,150,35,101,193,21,84,33,124,180,69,147,141,4,65,156,137,112,198,73,215,59,157,14,132,209,169,91,154,95,20	3,4,0.9335,0,58;8,1,0.8945,0,66;6,1,0.3835,0,7;0,2,0.6775,2,160;4,0,0.1745,0,77;3,2,0.2005,0,4
evidence-tabular-train-01315	2	2	0	89,108,165,69,130,129,194,198,21,116,64,169,16,100,93,30,139,45,141,215,167,194,44,85,5,147,78,190,178,34,117,149,157,62,13,53	4,3,0.1035,0,144;5,0,0.9035,0,61;4,4,0.1665,0,243;5,3,0.3595,0,232;3,2,0.8805,0,49;8,0,0.7055,0,140
evidence-tabular-train-01316	10	3	1	153,105,82,150,16,179,45,183,189,22,190,112,117,88,148,61,12,125,51,107,40,5,170,35,204,182,64,79,158,134,93,69,179,141,30,137	4,2,0.0975,1,236;5,1,0.0245,0,231;2,3,0.0145,0,193;6,0,0.1225,0,233;8,1,0.1855,0,34;4,4,0.3745,0,204
evidence-tabular-train-01317	10	1	1	154,34,45,69,74,125,139,13,146,97,23,181,214,135,89,116,119,63,180,150,44,83,168,20,66,94,57,189,25,141,154,4,208,163,106,210	3,3,0.9445,2,26;0,0,0.8785,0,81;8,5,0.5395,0,112;1,1,0.3215,1,131;0,0,0.8285,2,51;4,5,0.7885,0,134
evidence-tabular-train-01318	5	3	0	82,183,39,95,97,40,203,69,157,148,109,141,51,27,202,153,157,138,215,117,6,181,48,21,133,58,154,89,208,127,14,64,114,149,19,79	5,4,0.6865,0,5;2,5,0.0725,3,221;2,0,0.1655,0,137;6,0,0.2635,2,190;0,3,0.4565,0,18;6,3,0.4135,0,50
evidence-tabular-train-01319	4	1	2	187,84,133,180,94,173,63,1,163,76,52,44,67,21,38,69,186,28,17,168,167,151,208,146,191,117,203,100,128,113,141,45,136,88,106,13	0,3,0.2865,0,26;3,4,0.8945,0,250;3,5,0.7015,0,221;3,2,0.1135,1,159;3,0,0.3835,0,75;7,3,0.0225,0,47
evidence-tabular-train-01320	1	3	0	62,184,41,90,125,53,107,188,45,114,117,194,65,197,140,104,69,31,21,166,141,18,174,135,149,207,14,148,93,189,3,173,84,39,78,180	2,4,0.4175,0,31;6,5,0.3095,0,108;4,4,0.3205,0,160;5,2,0.5605,0,160;7,1,0.4865,0,107;4,5,0.9995,0,45
evidence-tabular-train-01321	9	1	1	172,146,47,163,191,176,183,88,196,14,44,108,175,173,123,29,105,94,75,63,18,179,50,133,150,82,21,112,165,35,117,66,69,139,141,8	7,4,0.4035,0,134;4,1,0.8315,2,203;1,5,0.5735,0,97;2,0,0.0505,1,180;8,2,0.0195,0,110;2,3,0.6585,0,13
evidence-tabular-train-01322	9	1	2	93,159,155,117,74,101,166,40,32,126,214,192,92,106,215,183,61,45,138,82,209,114,183,186,69,15,143,36,8,151,146,135,21,65,54,18	7,5,0.5685,0,155;7,2,0.0715,0,169;5,3,0.3595,0,79;1,0,0.9175,0,140;4,0,0.4025,0,50;5,5,0.4065,2,201
evidence-tabular-train-01323	1	2	0	109,215,147,57,75,174,149,165,30,69,93,215,117,64,42,37,3,213,61,141,15,114,99,86,165,122,21,92,134,168,196,20,136,184,45,172	2,5,0.8665,0,175;5,3,0.4025,0,75;8,3,0.1715,0,249;2,4,0.9515,0,187;2,3,0.5005,0,81;1,4,0.1655,0,234
evidence-tabular-train-01324	5	2	2	134,5,100,40,13,39,116,194,204,141,75,31,109,156,210,147,50,83,58,214,138,158,156,117,178,69,93,123,19,89,66,195,187,151,21,47	4,3,0.7195,0,29;6,5,0.0505,2,197;1,0,0.4395,0,57;2,1,0.2125,0,36;3,3,0.8875,0,219;2,4,0.4855,0,7
evidence-tabular-train-01325	8	2	1	88,69,210,5,142,136,150,211,93,25,117,152,111,171,196,86,68,54,42,104,147,113,61,152,165,73,170,158,12,122,47,165,133,21,38,20	4,2,0.8555,0,82;0,4,0.5225,2,15;5,3,0.9345,0,182;0,4,0.1865,0,55;7,5,0.2635,0,237;1,3,0.0425,1,81
evidence-tabular-train-01326	1	3	2	159,204,159,141,117,134,123,31,190,108,51,101,88,137,148,21,199,39,115,182,45,64,93,158,174,151,70,44,73,11,82,19,3,198,61,170	2,1,0.6275,0,187;6,5,0.8015,0,172;2,3,0.0345,1,186;0,0,0.1195,0,215;4,2,0.7175,0,225;2,4,0.3935,0,51
evidence-tabular-train-01327	1	0	0	188,96,189,87,45,181,149,13,183,50,159,61,201,133,163,176,212,34,123,91,68,21,208,145,141,20,113,107,2,103,42,72,30,138,117,75	1,3,0.8605,0,20;5,0,0.5125,0,81;1,3,0.8645,3,82;2,5,0.7505,3,132;6,1,0.3015,0,247;2,3,0.5885,0,110
evidence-tabular-train-01328	5	0	0	106,196,68,79,173,208,46,173,42,125,10,99,87,91,187,165,141,145,29,62,169,139,16,149,24,116,34,94,131,8,55,69,178,189,184,117	7,0,0.1865,3,106;4,0,0.4165,1,72;6,4,0.8475,0,56;6,5,0.6685,1,48;2,0,0.8515,0,203;4,1,0.6975,0,143
evidence-tabular-train-01329	5	2	1	160,130,19,147,212,189,103,86,215,76,126,150,215,141,93,9,65,175,89,155,167,117,39,63,157,43,69,165,110,25,51,116,10,45,21,139	8,0,0.7815,0,8;0,5,0.7185,0,253;2,5,0.2165,0,28;3,4,0.3015,0,53;6,4,0.9995,0,26;5,0,0.7545,0,10
evidence-tabular-train-01330	8	0	2	156,204,119,6,193,181,93,68,73,38,180,111,63,69,42,151,138,184,133,206,141,199,48,20,145,121,21,92,156,54,98,26,15,113,82,204	5,5,0.8355,0,221;1,4,0.4025,3,25;5,5,0.9465,0,82;0,0,0.8595,0,225;1,5,0.2475,2,51;0,3,0.4045,0,51
evidence-tabular-train-01331	10	3	2	22,89,209,43,203,209,133,65,29,120,80,192,148,115,205,61,93,15,45,208,18,159,56,139,151,155,83,141,69,125,109,2,39,158,169,99	1,5,0.4435,1,96;4,5,0.6715,0,200;7,3,0.2825,0,44;7,1,0.2545,0,24;2,3,0.6015,3,138;4,3,0.6645,0,212
evidence-tabular-train-01332	5	2	1	18,169,72,171,194,147,13,173,150,4,25,53,37,141,166,74,163,93,91,84,182,140,157,68,99,63,46,199,106,115,126,162,42,130,21,117	3,3,0.4475,0,191;0,3,0.4815,1,157;4,5,0.8305,3,11;1,2,0.6235,0,121;2,0,0.6905,0,84;5,0,0.9665,0,191
evidence-tabular-train-01333	8	1	2	137,146,143,208,194,90,168,200,21,104,32,129,76,68,135,169,151,3,110,215,166,93,177,54,203,114,85,37,69,62,165,45,117,14,20,43	2,4,0.9635,0,80;7,3,0.6575,0,105;5,4,0.8845,0,233;3,3,0.5895,0,139;7,4,0.4035,0,47;8,5,0.2835,2,39
evidence-tabular-train-01334	5	3	0	136,181,109,176,31,1,212,182,123,60,24,38,148,19,104,133,157,52,167,114,155,12,43,45,198,77,210,64,182,69,88,93,87,149,141,119	0,2,0.6295,3,228;6,4,0.6335,0,41;3,2,0.1575,0,211;4,5,0.1975,0,122;7,3,0.5365,2,238;2,3,0.1645,0,244
evidence-tabular-train-01335	10	3	0	32,69,48,23,148,36,149,117,171,53,188,10,61,128,185,89,67,169,135,176,215,156,19,106,4,144,112,203,213,185,93,87,136,100,75,44	3,0,0.7925,2,60;7,2,0.9385,3,76;4,3,0.6885,0,136;2,5,0.3485,0,27;3,0,0.1285,0,245;7,5,0.1955,3,153
evidence-tabular-train-01336	4	1	1	213,45,146,158,126,112,29,170,166,150,154,141,159,157,132,137,57,93,99,117,172,19,34,110,195,164,81,15,69,41,21,92,58,67,85,4	3,5,0.6815,0,106;4,0,0.2685,0,227;8,0,0.6285,0,54;8,3,0.9595,0,96;2,4,0.1015,0,94;5,2,0.2935,0,38
evidence-tabular-train-01337	5	2	2	191,69,85,108,151,114,27,68,80,19,171,139,51,94,39,88,105,189,6,14,160,21,124,133,117,41,160,61,141,152,197,201,204,47,147,165	5,4,0.6285,0,31;2,5,0.3785,2,198;2,3,0.9345,0,248;7,3,0.0315,1,115;8,2,0.5215,0,147;3,3,0.7995,0,94
evidence-tabular-train-01338	10	3	2	53,59,148,205,85,166,141,26,135,151,46,4,88,210,21,193,212,97,66,117,168,129,69,76,93,194,164,10,18,213,37,107,43,138,114,190	3,0,0.5175,0,242;1,3,0.6075,1,46;4,1,0.4585,0,61;3,3,0.1025,0,5;0,1,0.4145,0,248;8,5,0.4025,0,203
evidence-tabular-train-01339	1	3	0	205,172,174,67,95,34,194,148,42,4,31,164,12,16,209,184,61,106,21,125,54,203,215,82,69,99,149,116,137,130,155,45,141,92,76,117	3,2,0.1725,0,18;6,0,0.4075,0,51;5,3,0.6115,0,152;3,0,0.9455,2,1;2,0,0.8795,0,7;4,0,0.3645,0,72
evidence-tabular-train-01340	8	3	2	191,84,193,151,104,141,62,184,69,73,38,114,157,140,13,169,157,7,40,110,179,17,93,45,52,215,155,21,64,164,132,117,29,126,148,92	6,3,0.3225,0,237;4,4,0.1795,0,48;3,4,0.1805,0,50;0,2,0.9355,0,84;7,4,0.5585,0,95;5,2,0.9915,0,15
evidence-tabular-train-01341	5	2	0	193,127,14,69,192,117,16,110,115,27,159,133,23,93,160,170,104,213,40,141,185,198,8,158,37,50,92,170,48,147,149,60,68,86,140,76	7,4,0.1025,2,160;2,3,0.0975,3,45;1,2,0.9695,0,197;3,4,0.8165,0,179;7,4,0.6375,0,11;6,3,0.9935,0,96
evidence-tabular-train-01342	4	1	0	184,86,81,173,141,188,91,109,66,100,140,146,133,161,117,69,191,43,112,12,149,21,185,184,192,36,52,28,16,184,9,94,45,197,123,63	8,2,0.1135,0,52;3,2,0.7015,0,143;3,5,0.5315,0,184;8,4,0.7775,1,162;3,3,0.1395,0,98;2,3,0.8695,0,31
evidence-tabular-train-01343	10	0	0	2,69,190,141,200,16,62,53,92,107,27,41,45,81,21,112,87,210,211,202,117,138,170,122,149,102,186,169,14,93,35,145,168,132,66,192	1,4,0.0165,0,52;2,1,0.2405,0,25;4,4,0.5045,0,73;8,5,0.8805,0,134;5,1,0.0265,0,157;1,2,0.4985,0,211
evidence-tabular-train-01344	10	1	2	177,28,214,48,151,15,125,186,117,88,21,59,41,131,64,146,16,214,93,171,159,87,80,166,163,104,137,71,158,3,206,37,111,52,112,141	2,5,0.0715,0,157;3,3,0.2685,3,1;3,1,0.1745,2,250;7,5,0.1415,0,245;7,5,0.0185,0,91;4,1,0.2815,0,240
evidence-tabular-train-01345	6	1	2	110,77,93,25,139,188,60,91,16,112,182,117,122,194,175,65,146,130,142,169,184,151,86,102,164,45,21,8,192,208,39,12,43,190,69,52	7,2,0.0995,0,184;0,5,0.6185,0,25;3,2,0.3705,0,126;4,4,0.6815,0,178;5,4,0.0605,0,187;1,0,0.7985,1,162
evidence-tabular-train-01346	2	3	2	35,18,45,175,141,62,202,166,92,65,11,22,115,52,211,28,117,2,72,100,203,121,211,44,93,163,130,83,154,189,107,151,148,177,75,139	1,1,0.4385,1,200;3,1,0.9035,0,18;3,4,0.3255,3,205;2,1,0.9185,0,12;3,1,0.6305,0,22;0,0,0.6685,0,198
evidence-tabular-train-01347	7	3	1	202,154,127,130,148,4,50,88,150,141,62,20,66,212,190,38,45,161,160,115,195,69,22,83,209,75,117,30,193,163,12,93,97,106,43,140	3,2,0.8375,1,137;5,4,0.7915,0,184;1,4,0.4155,0,124;2,1,0.1975,0,248;0,0,0.7645,0,126;6,0,0.8535,0,3
evidence-tabular-train-01348	9	3	1	129,137,211,102,148,56,110,69,166,61,16,141,21,93,86,12,76,201,42,171,36,179,27,205,7,45,113,119,88,67,135,196,187,150,184,162	6,2,0.1315,0,125;2,2,0.4065,0,32;7,3,0.7655,0,17;3,4,0.1555,0,38;5,4,0.2015,2,206;8,5,0.3095,0,208
evidence-tabular-train-01349	6	3	2	208,1,34,183,108,69,141,163,160,123,151,209,88,20,189,66,85,62,50,114,173,45,15,21,165,103,93,193,130,117,196,140,76,30,44,148	0,5,0.8605,0,79;5,0,0.9415,0,161;1,4,0.5305,0,3;3,3,0.0405,0,55;6,2,0.4515,0,102;2,0,0.8855,0,65
evidence-tabular-train-01350	10	1	1	146,203,44,85,60,79,131,93,203,116,32,154,21,138,45,3,101,53,111,155,69,153,155,193,117,198,90,19,144,150,35,156,124,162,13,66	2,3,0.7345,0,114;7,1,0.8515,0,11;4,2,0.4995,0,213;6,3,0.5005,0,54;4,5,0.9875,0,99;3,1,0.4375,3,167
evidence-tabular-train-01351	10	0	0	117,149,194,208,16,145,139,14,113,205,207,171,209,68,93,108,37,141,33,45,69,42,57,196,60,123,130,5,185,21,211,178,80,88,87,99	4,4,0.0285,0,176;8,3,0.5345,0,111;8,2,0.8715,0,205;7,5,0.0235,0,119;2,2,0.3315,0,232;2,0,0.7135,0,47
evidence-tabular-train-01352	1	2	1	34,130,58,93,207,150,10,89,21,160,209,137,155,56,171,123,85,116,79,193,66,200,147,47,110,141,187,19,28,42,155,172,99,117,4,69	3,0,0.7495,0,180;3,0,0.5055,2,16;7,0,0.5205,0,134;6,3,0.2835,0,211;2,4,0.9965,0,40;2,0,0.3115,0,241
evidence-tabular-train-01353	9	1	0	89,31,133,199,37,193,146,149,82,17,75,14,204,164,136,117,190,93,196,69,48,168,8,42,215,141,103,127,21,183,182,59,64,107,51,113	7,4,0.3325,0,193;6,3,0.4735,3,239;2,1,0.1845,0,173;2,0,0.2225,0,249;6,1,0.2965,0,248;6,3,0.0795,0,255
evidence-tabular-train-01354	1	0	2	97,184,119,162,41,61,84,92,127,141,51,93,114,14,30,69,151,190,162,163,108,37,64,21,165,8,131,18,75,212,137,45,183,183,161,145	7,4,0.5765,0,121;5,3,0.2875,0,245;2,3,0.0455,0,121;2,2,0.9775,0,55;0,2,0.5805,2,59;6,1,0.2605,0,66
evidence-tabular-train-01355	6	3	0	74,152,93,193,115,108,137,21,190,201,149,177,169,166,83,207,1,133,121,206,210,45,65,69,19,143,101,117,40,15,52,39,88,58,27,148	0,5,0.7975,0,226;2,5,0.0235,0,151;3,0,0.3075,0,179;1,1,0.0165,0,218;4,2,0.6035,0,161;0,3,0.2655,2,139
evidence-tabular-train-01356	10	3	2	171,133,25,109,148,192,137,166,172,4,151,117,69,116,16,21,93,125,181,166,57,141,87,193,15,45,100,62,88,177,67,77,164,41,185,35	3,5,0.1125,0,168;0,1,0.2385,0,130;8,4,0.6425,0,55;4,5,0.1695,0,209;3,3,0.8975,0,20;4,3,0.3275,0,195
evidence-tabular-train-01357	10	1	2	213,4,136,69,21,80,156,19,93,131,99,106,117,185,208,123,141,46,151,200,32,53,198,115,36,68,42,168,190,84,146,61,10,92,166,215	3,0,0.7305,0,175;7,2,0.5305,1,226;4,3,0.9425,0,221;7,2,0.8505,0,22;2,0,0.6825,0,106;2,1,0.1805,0,214
evidence-tabular-train-01358	1	1	0	154,136,27,44,85,131,172,179,149,146,3,14,89,50,80,128,107,172,187,64,175,69,117,141,206,112,194,45,19,196,63,93,21,35,170,98	2,4,0.6735,0,53;2,1,0.8105,0,165;1,5,0.1185,0,98;7,3,0.2685,0,174;1,1,0.0375,0,197;7,1,0.0435,0,113
evidence-tabular-train-01359	1	0	0	68,93,162,97,45,116,204,69,145,207,82,51,170,80,176,63,117,137,199,176,21,141,92,27,34,44,168,161,135,6,190,17,10,110,125,149	5,0,0.2235,0,82;2,0,0.9705,0,32;2,5,0.9325,0,204;7,0,0.9115,0,188;0,4,0.9515,0,43;4,5,0.2425,0,129
evidence-tabular-train-01360	0	3	1	61,153,19,141,173,32,108,133,93,6,211,52,194,47,89,138,99,38,150,113,41,175,69,68,73,14,122,181,21,162,161,148,168,86,198,117	5,4,0.7975,0,199;7,4,0.2155,2,222;3,3,0.8865,0,55;0,4,0.3495,0,167;2,2,0.2785,0,223;1,3,0.5445,0,128
evidence-tabular-train-01361	7	1	2	66,36,125,48,113,11,199,212,62,107,182,79,69,89,195,117,201,99,141,146,3,151,21,137,43,186,30,18,93,182,133,50,209,167,189,84	2,1,0.4785,0,110;5,2,0.6675,3,239;1,4,0.5595,0,219;6,2,0.2375,0,143;2,1,0.2135,0,114;4,3,0.3915,0,21
evidence-tabular-train-01362	2	2	1	40,50,211,206,159,113,141,147,45,75,67,88,37,69,150,203,165,85,27,137,213,17,117,13,157,93,4,24,195,60,195,170,101,107,127,130	3,3,0.2975,3,252;2,3,0.1705,0,68;1,2,0.6285,0,37;2,3,0.1735,0,150;4,1,0.2555,0,66;6,0,0.2955,0,11
evidence-tabular-train-01363	2	1	2	211,200,69,21,151,95,67,162,117,84,141,14,108,180,45,33,146,162,204,17,176,37,116,97,42,180,132,153,90,1,75,182,122,52,137,60	0,4,0.3225,0,231;8,3,0.4595,0,84;3,2,0.7565,0,211;2,2,0.5745,2,57;0,2,0.9495,0,207;1,2,0.2775,0,164
evidence-tabular-train-01364	0	3	2	68,160,162,186,135,69,107,45,52,196,17,42,173,191,148,86,143,212,151,21,60,38,27,173,172,119,94,10,102,136,92,73,116,180,126,4	3,0,0.2775,0,164;2,4,0.5995,0,73;3,2,0.9905,0,173;0,4,0.9925,1,108;5,1,0.9145,2,130;5,5,0.0535,2,52
evidence-tabular-train-01365	5	2	0	121,69,4,109,212,208,141,138,159,100,21,19,117,36,166,166,157,132,49,149,15,85,206,45,188,184,76,207,88,96,61,113,65,147,41,32	3,5,0.6935,0,59;7,2,0.2575,0,243;0,3,0.3455,0,255;3,3,0.0285,3,31;3,3,0.3275,0,73;0,2,0.5335,0,144
evidence-tabular-train-01366	9	3	1	201,180,117,182,75,65,13,44,82,39,60,123,150,136,52,17,5,168,195,109,69,157,206,141,45,148,131,99,93,90,215,165,32,21,115,191	4,3,0.2885,0,115;7,5,0.9235,0,8;3,2,0.3245,0,141;2,0,0.5055,0,79;2,3,0.6655,0,39;2,1,0.0555,0,230
evidence-tabular-train-01367	10	2	2	117,46,69,141,151,76,153,34,116,93,187,205,43,101,132,66,20,147,158,58,23,163,170,177,184,86,162,51,91,160,27,136,10,4,128,109	3,0,0.9975,2,187;2,0,0.6075,1,180;2,0,0.5345,0,229;3,4,0.7815,0,171;4,3,0.8935,0,201;7,2,0.1725,0,47
evidence-tabular-train-01368	6	3	0	110,215,102,45,43,165,57,134,17,65,35,121,172,10,200,60,148,201,159,94,78,25,152,69,3,201,116,179,91,21,117,149,188,141,140,85	2,0,0.3865,0,69;0,1,0.7765,0,136;8,2,0.3755,0,86;5,3,0.6465,1,140;5,4,0.9965,0,47;0,4,0.9385,0,122
evidence-tabular-train-01369	5	2	2	133,106,112,19,172,125,210,28,7,136,52,64,92,21,168,157,177,104,147,93,156,45,195,151,167,162,15,159,141,58,81,42,83,71,117,39	6,5,0.7705,0,203;3,5,0.5545,0,93;3,0,0.1655,2,116;8,1,0.8735,0,145;7,0,0.1835,0,138;4,3,0.0115,0,0
evidence-tabular-train-01370	5	2	1	90,200,85,122,21,7,106,69,55,104,180,117,154,141,172,11,135,155,19,194,139,76,181,166,60,27,189,65,115,147,36,150,93,201,40,45	6,1,0.6815,0,137;2,2,0.0285,0,81;6,2,0.3825,0,69;3,3,0.5435,0,247;7,0,0.7515,0,42;1,5,0.6425,0,60
evidence-tabular-train-01371	8	3	2	140,43,171,34,166,84,93,148,151,184,141,104,165,15,62,114,32,88,202,54,170,67,205,21,117,8,108,195,76,69,16,182,45,123,134,189	7,5,0.0535,0,112;7,0,0.6775,0,218;5,4,0.6115,0,155;3,2,0.0655,0,211;7,2,0.5405,0,227;2,4,0.9475,0,219
evidence-tabular-train-01372	1	2	0	188,159,37,144,6,89,123,147,211,156,24,205,114,133,99,58,65,69,79,207,56,164,14,95,137,27,111,149,45,188,83,181,117,18,41,195	5,4,0.5325,3,252;2,3,0.3785,0,30;7,0,0.3685,0,38;6,1,0.3975,2,245;2,5,0.4605,0,197;2,3,0.2925,3,168
evidence-tabular-train-01373	1	1	1	185,21,140,146,158,14,75,98,126,46,163,66,194,197,117,131,18,107,206,198,93,69,164,92,44,6,57,113,164,85,28,39,182,59,150,142	5,4,0.4925,0,154;3,5,0.9915,1,174;8,1,0.4565,0,12;2,3,0.8355,0,40;1,1,0.3265,0,178;5,1,0.8755,1,162
evidence-tabular-train-01374	5	2	2	179,4,170,207,132,170,44,109,45,139,34,151,64,192,90,93,129,18,82,141,62,21,69,31,81,120,98,170,182,15,147,56,187,113,185,180	3,5,0.5465,0,122;6,0,0.8675,0,248;7,4,0.0635,0,162;8,0,0.4245,0,81;1,3,0.2005,3,179;8,2,0.7885,0,213
evidence-tabular-train-01375	7	2	2	103,124,1,160,65,169,52,170,79,117,154,141,21,201,205,85,60,208,147,18,26,116,151,130,69,39,13,89,108,177,43,157,136,45,190,93	0,3,0.4455,0,60;1,5,0.7235,0,134;3,2,0.2635,0,31;6,3,0.2955,0,172;6,2,0.8465,0,200;3,0,0.0165,0,200
evidence-tabular-train-01376	1	3	1	43,109,59,143,140,148,212,51,93,131,69,28,10,20,87,202,179,128,175,21,36,91,4,45,204,150,182,116,75,103,64,182,176,155,117,211	3,0,0.9675,0,220;3,2,0.7365,0,23;2,1,0.1075,0,201;2,5,0.7435,0,137;6,3,0.8825,0,9;7,1,0.9785,2,219
evidence-tabular-train-01377	8	0	0	22,78,93,85,197,113,92,46,10,71,119,145,202,141,108,26,160,172,16,66,202,185,55,202,149,204,139,38,44,103,134,121,63,185,5,163	4,0,0.0225,1,94;1,4,0.9725,1,45;6,5,0.4515,2,135;5,3,0.9095,0,50;6,2,0.2285,2,206;0,4,0.6035,0,255
evidence-tabular-train-01378	9	3	2	93,168,12,155,142,135,167,117,63,166,99,112,186,109,45,86,36,169,148,151,44,125,139,56,8,20,191,176,68,190,77,89,188,69,29,23	7,2,0.9905,2,26;4,2,0.9105,0,200;7,5,0.9325,0,37;4,4,0.3195,0,172;2,3,0.1745,0,67;4,5,0.6925,1,165
evidence-tabular-train-01379	5	2	1	72,184,77,169,121,45,215,38,93,117,150,147,20,159,28,156,141,131,113,160,41,54,86,14,4,196,159,58,156,98,108,67,137,21,171,89	3,4,0.9145,0,155;3,4,0.3695,0,2;5,0,0.7285,3,124;4,4,0.2215,0,100;1,2,0.3535,0,98;0,1,0.2075,0,142
evidence-tabular-train-01380	4	1	1	213,59,193,187,115,175,96,52,196,69,123,16,196,117,88,202,100,150,208,10,131,76,210,32,87,9,110,66,158,41,141,136,21,38,45,146	8,0,0.1525,0,119;7,4,0.3225,0,110;3,1,0.4155,0,229;3,5,0.1985,3,186;3,4,0.7085,0,100;2,1,0.0985,0,131
evidence-tabular-train-01381	7	1	0	74,40,190,93,186,191,21,146,16,68,29,62,182,86,152,161,91,123,34,97,141,198,45,10,130,109,113,71,165,154,140,3,149,174,120,55	2,0,0.0945,0,11;4,0,0.0145,0,57;6,4,0.9095,2,59;1,4,0.7565,0,171;0,3,0.2465,3,6;2,0,0.9675,0,82
evidence-tabular-train-01382	1	2	1	58,93,192,110,74,160,82,112,178,192,134,34,69,212,68,137,14,22,204,206,147,27,198,97,49,123,44,8,45,199,117,91,19,150,157,141	7,4,0.6705,1,189;2,0,0.8145,0,170;0,0,0.8605,0,197;1,0,0.7975,0,96;0,4,0.1555,0,80;2,4,0.3405,0,172
evidence-tabular-train-01383	1	3	2	49,110,112,62,42,91,171,14,206,169,185,9,215,85,93,65,176,99,72,142,39,128,75,148,31,133,160,139,154,117,21,170,167,151,20,45	8,4,0.9445,0,80;6,5,0.4485,0,206;0,4,0.2185,3,39;2,3,0.7945,0,91;2,4,0.1285,0,125;7,3,0.7725,1,122
evidence-tabular-train-01384	1	2	0	27,69,91,36,184,175,121,75,207,191,68,50,14,58,111,188,166,117,23,141,201,181,175,42,45,147,136,18,149,85,93,113,101,215,4,134	3,4,0.5655,2,181;2,2,0.4145,0,186;1,0,0.8405,0,64;2,3,0.7295,0,17;4,5,0.2215,0,98;0,4,0.0965,0,245
evidence-tabular-train-01385	1	2	2	61,89,27,36,93,97,41,69,123,164,108,18,147,116,3,138,75,15,215,215,21,196,141,207,56,45,204,205,159,86,178,133,151,174,67,117	2,5,0.5245,0,47;2,2,0.2805,0,63;7,3,0.7235,0,51;2,4,0.2255,0,40;0,2,0.8385,0,200;2,3,0.5005,0,35
evidence-tabular-train-01386	1	1	0	178,62,51,206,194,79,45,141,178,126,85,130,39,44,90,103,214,110,208,137,5,215,27,117,95,21,17,168,149,71,115,193,13,68,146,177	4,3,0.2335,0,180;2,5,0.8385,0,214;2,4,0.9175,2,26;6,3,0.5485,2,166;6,4,0.7505,0,101;5,0,0.3905,0,11
evidence-tabular-train-01387	6	2	1	85,121,195,42,29,139,164,165,185,150,21,133,79,95,4,147,100,200,162,195,141,36,54,91,177,13,165,112,69,190,45,109,19,62,118,68	3,3,0.7785,0,43;4,2,0.5735,0,178;5,4,0.9285,0,18;6,3,0.6195,2,51;3,3,0.1535,1,184;0,3,0.6235,0,200
evidence-tabular-train-01388	10	0	2	86,179,196,118,141,129,163,139,93,110,54,32,36,184,186,211,64,151,90,172,45,69,98,186,20,58,175,21,135,145,41,112,13,81,181,8	7,3,0.8515,0,225;7,2,0.3095,0,205;5,0,0.0325,0,128;8,4,0.5575,0,253;1,4,0.1235,1,40;8,5,0.7975,0,49
evidence-tabular-train-01389	0	3	2	65,45,189,116,57,58,3,204,21,151,190,148,208,117,36,134,109,28,160,158,19,14,155,162,69,100,41,178,138,124,77,82,141,93,89,159	2,4,0.6925,0,142;3,2,0.2845,0,253;8,0,0.2115,0,5;4,0,0.3415,0,121;3,3,0.8705,0,90;3,4,0.5415,0,68
evidence-tabular-train-01390	5	3	1	66,44,150,148,188,23,69,137,141,37,58,209,31,152,9,93,166,45,90,169,117,166,113,82,125,179,50,17,200,110,133,209,10,213,75,103	8,0,0.3485,2,67;6,3,0.9405,0,33;1,0,0.4445,0,154;2,0,0.5555,0,202;6,4,0.2925,0,194;4,3,0.2915,0,226
evidence-tabular-train-01391	10	2	1	69,188,61,27,127,141,205,137,20,150,5,157,91,45,162,38,147,119,21,76,206,163,44,107,212,195,15,95,86,178,100,131,54,112,211,65	4,5,0.8655,0,198;2,4,0.9725,0,249;5,3,0.3765,0,166;3,4,0.7165,2,61;3,1,0.1825,2,129;6,1,0.3645,0,223
evidence-tabular-train-01392	10	2	2	42,158,192,90,147,17,201,175,69,77,123,37,4,25,13,179,111,199,155,68,21,166,47,135,56,161,85,119,211,151,115,93,98,58,141,137	3,3,0.2425,0,56;0,3,0.4565,2,0;7,0,0.8505,0,15;4,3,0.5285,0,117;1,5,0.6515,2,132;2,5,0.3915,0,99
evidence-tabular-train-01393	5	2	2	156,123,153,13,95,115,25,21,4,164,189,136,44,108,99,84,196,167,59,45,141,213,64,20,89,166,131,77,147,36,119,72,194,53,185,151	3,3,0.9775,0,126;0,2,0.8975,0,62;4,1,0.1655,3,77;4,2,0.3095,2,71;2,2,0.6895,2,139;2,1,0.0045,0,132
evidence-tabular-train-01394	5	3	1	141,45,136,185,193,148,32,133,150,103,161,173,17,51,186,39,71,115,15,187,182,126,79,60,197,40,181,83,64,21,89,117,189,109,2,93	1,5,0.3795,0,59;7,5,0.0475,0,167;2,2,0.0625,2,151;6,1,0.3275,0,4;6,3,0.7205,0,0;5,3,0.1445,0,52
evidence-tabular-train-01395	2	2	1	103,34,84,12,119,113,1,21,30,50,90,144,174,64,164,45,93,129,137,165,69,75,177,59,173,176,107,150,41,156,213,147,203,19,195,130	0,2,0.7545,0,104;5,0,0.3105,0,2;1,1,0.0635,0,213;2,2,0.4625,0,144;6,1,0.3645,2,171;8,0,0.2345,3,135
evidence-tabular-train-01396	1	0	2	93,210,208,155,152,69,87,39,207,16,98,33,151,201,66,5,119,206,123,45,109,116,133,168,145,155,61,14,141,43,49,139,24,92,75,189	4,4,0.1375,3,216;8,5,0.6325,0,242;0,3,0.4205,0,228;2,5,0.9365,0,20;1,3,0.9625,2,24;2,3,0.7905,0,78
evidence-tabular-train-01397	9	1	2	162,124,45,68,141,108,146,117,112,2,196,162,193,12,130,82,151,154,69,215,32,100,61,186,21,152,93,159,89,77,42,18,138,50,39,210	1,2,0.4825,0,100;7,5,0.4475,0,236;1,3,0.9445,0,194;4,0,0.2605,0,36;3,2,0.0285,0,186;3,0,0.5725,0,89
evidence-tabular-train-01398	5	1	2	180,68,6,40,151,183,49,36,137,200,146,92,11,129,86,25,69,112,163,104,201,178,20,196,176,214,132,207,62,117,21,110,47,141,79,93	5,1,0.8105,0,183;0,2,0.1125,2,53;0,4,0.9895,0,14;6,4,0.8435,0,253;7,4,0.1975,0,44;8,2,0.3245,0,31
evidence-tabular-train-01399	7	0	1	110,68,35,15,62,180,69,141,153,50,113,27,43,215,91,176,120,1,45,19,103,145,21,122,83,150,93,168,75,133,187,189,138,172,178,206	0,5,0.6795,0,212;2,1,0.6005,0,38;1,4,0.9865,0,87;2,1,0.7715,0,110;6,4,0.3415,3,79;1,3,0.5655,0,148
evidence-tabular-train-01400	10	1	2	122,89,83,169,162,146,106,27,102,69,93,62,80,151,163,169,4,140,181,202,35,46,194,117,215,141,20,21,68,210,57,112,11,197,42,131	3,1,0.9285,0,43;2,1,0.5275,1,249;8,4,0.8745,0,40;7,1,0.3725,0,103;5,0,0.0085,0,103;1,1,0.8855,0,206
evidence-tabular-train-01401	5	2	2	19,160,147,172,135,151,84,37,141,117,45,182,15,208,124,192,69,192,182,93,155,57,62,169,184,42,31,21,66,88,110,99,138,116,1,73	0,5,0.7215,0,158;6,3,0.4385,0,177;8,4,0.5355,0,71;0,2,0.0405,0,207;2,4,0.9255,0,167;3,5,0.5895,0,143
evidence-tabular-train-01402	2	1	0	11,20,122,199,149,67,72,140,86,93,42,177,141,45,62,109,49,206,155,92,6,146,214,180,26,202,112,100,76,180,34,199,117,131,188,21	5,1,0.9915,0,36;1,0,0.4905,0,135;0,4,0.6325,3,12;3,4,0.8385,0,112;3,3,0.1265,0,55;1,1,0.8275,0,224
evidence-tabular-train-01403	10	1	2	35,207,197,50,65,41,45,93,157,107,182,207,69,32,132,151,211,87,199,21,175,9,105,77,121,137,62,14,141,199,90,18,146,118,164,115	8,4,0.4105,0,138;7,1,0.2185,0,85;1,4,0.2595,0,212;4,5,0.5025,0,189;8,1,0.7175,1,235;0,2,0.3275,0,203
evidence-tabular-train-01404	5	2	1	150,114,78,147,111,21,163,63,189,91,18,42,191,173,72,133,50,93,2,36,212,11,195,141,153,45,184,195,124,208,100,85,66,27,138,120	1,1,0.5235,0,126;2,2,0.4895,0,182;1,5,0.4755,3,243;5,3,0.7005,0,26;3,5,0.5365,3,183;3,3,0.4005,0,113
evidence-tabular-train-01405	7	3	1	178,50,1,163,171,69,38,210,65,166,89,201,164,123,150,63,15,93,45,201,98,138,32,75,176,44,141,148,117,109,134,21,18,83,116,209	0,5,0.5605,0,11;7,4,0.8595,0,15;1,5,0.2285,0,80;2,1,0.3955,0,38;1,3,0.9935,0,145;2,4,0.5675,0,236
evidence-tabular-train-01406	1	3	2	64,116,137,159,77,92,207,99,18,85,95,45,59,151,117,141,208,110,163,214,121,42,27,168,168,148,69,39,170,54,202,11,209,21,132,4	3,1,0.4615,0,151;2,5,0.4925,0,60;5,1,0.1425,0,176;4,3,0.9035,2,90;2,4,0.9765,0,76;0,2,0.2855,0,98
evidence-tabular-train-01407	2	3	1	115,76,14,89,187,108,39,162,148,102,206,139,40,16,127,21,58,162,143,67,93,85,192,5,51,150,152,28,160,133,117,159,188,202,69,47	4,4,0.1725,0,168;3,5,0.0735,2,41;2,0,0.7765,0,5;3,3,0.2055,0,75;5,2,0.6645,0,127;6,3,0.6235,2,163
evidence-tabular-train-01408	1	1	1	135,117,21,199,92,150,188,3,214,60,39,115,126,193,166,146,107,141,95,79,155,13,203,99,48,86,188,64,196,137,209,32,69,44,18,55	2,3,0.4545,0,205;7,5,0.8475,3,196;6,2,0.1025,0,165;6,4,0.9435,2,167;2,1,0.6065,0,212;5,5,0.3115,0,183
evidence-tabular-train-01409	1	1	2	36,45,192,134,208,203,93,75,17,141,6,170,27,206,55,151,215,89,117,111,146,11,178,87,69,66,212,198,21,123,43,114,137,197,62,99	5,1,0.3005,0,70;2,2,0.6165,0,173;6,4,0.4765,0,192;2,5,0.3355,0,65;2,5,0.4715,0,191;2,4,0.2795,0,209
evidence-tabular-train-01410	5	1	1	146,44,88,31,205,45,67,18,117,21,116,157,6,150,184,205,82,127,141,51,196,195,59,104,93,69,14,34,135,153,107,76,160,190,197,138	5,4,0.5945,0,165;6,0,0.9785,0,140;2,1,0.7805,0,100;3,0,0.0315,0,218;7,1,0.8665,0,43;6,5,0.5155,0,104
evidence-tabular-train-01411	5	2	2	193,69,13,21,154,66,25,191,162,147,49,92,151,141,189,209,93,46,78,35,20,117,154,122,138,116,131,43,214,211,63,85,4,100,197,108	3,3,0.9185,0,139;0,1,0.6615,1,9;0,5,0.5575,0,80;5,3,0.8185,0,18;3,2,0.8855,0,122;1,1,0.4625,0,145
evidence-tabular-train-01412	5	2	2	140,113,206,93,52,167,83,69,180,21,206,8,16,97,45,159,131,147,28,91,11,190,66,62,40,117,158,154,167,151,75,129,159,106,141,38	7,1,0.0435,0,189;3,4,0.0035,0,242;3,4,0.5125,0,32;2,1,0.7485,0,154;0,0,0.3575,0,156;8,1,0.9135,0,75
evidence-tabular-train-01413	10	2	2	89,82,15,208,40,97,191,46,137,175,63,21,38,135,113,181,107,117,210,192,25,18,170,178,68,187,203,147,77,71,5,141,151,51,93,127	4,5,0.4175,0,138;0,4,0.0655,1,10;2,5,0.9855,2,128;4,0,0.3885,0,231;0,1,0.2345,0,147;6,5,0.3975,0,231
evidence-tabular-train-01414	0	3	2	139,210,93,210,115,170,44,199,167,13,163,5,151,45,117,141,88,166,124,52,148,31,110,87,18,66,104,63,80,187,181,69,180,130,38,21	4,3,0.4405,0,190;6,4,0.9495,0,28;3,5,0.4085,0,176;7,5,0.0335,0,102;7,4,0.6145,0,10;3,0,0.7735,0,245
evidence-tabular-train-01415	9	0	0	140,15,16,190,204,183,77,90,149,29,109,155,135,154,56,61,69,41,21,105,198,174,122,82,7,39,118,179,93,45,177,65,116,152,145,141	6,5,0.0595,0,129;4,5,0.2805,0,143;7,3,0.3705,0,84;4,0,0.4645,0,169;8,3,0.8765,1,185;1,5,0.9115,0,128
evidence-tabular-train-01416	1	3	1	21,148,212,116,110,63,182,212,65,69,137,89,85,45,95,150,163,131,49,79,2,200,36,20,141,27,178,187,117,185,99,154,11,122,41,193	1,1,0.9395,0,165;2,2,0.3695,0,35;0,5,0.3355,0,227;6,3,0.3115,2,203;2,4,0.9695,0,77;1,1,0.3165,0,27
evidence-tabular-train-01417	5	2	2	199,168,72,141,52,139,63,21,133,93,122,26,45,91,108,35,116,64,160,162,160,214,41,211,165,203,117,13,4,169,151,99,82,18,76,147	3,3,0.4015,0,165;1,1,0.3705,0,60;3,5,0.0225,3,194;3,0,0.6705,0,76;2,2,0.9765,0,65;1,3,0.6715,0,128
evidence-tabular-train-01418	0	3	1	114,92,63,104,76,199,124,52,205,215,117,93,68,134,70,180,31,141,21,162,209,107,35,2,176,214,198,150,192,40,148,138,12,19,45,86	1,2,0.6945,0,45;6,1,0.1955,0,86;3,5,0.8525,1,194;3,4,0.8855,0,190;7,1,0.4265,0,244;3,4,0.5765,0,190
evidence-tabular-train-01419	9	3	0	148,105,194,92,182,117,20,8,197,46,128,200,34,183,83,149,69,135,64,58,139,74,211,202,211,108,54,161,43,21,141,93,11,116,157,33	7,1,0.8195,0,17;8,0,0.7955,1,28;5,0,0.1965,0,102;1,1,0.8915,0,41;8,2,0.9415,0,169;7,5,0.6185,0,110
evidence-tabular-train-01420	6	2	1	82,192,17,29,121,93,105,206,117,110,141,181,2,163,51,39,147,40,155,152,115,14,72,64,92,176,21,205,59,150,138,45,135,76,175,189	1,4,0.3885,0,190;4,5,0.0715,0,191;2,1,0.1235,3,122;3,0,0.9515,0,187;8,4,0.7375,0,230;0,5,0.4525,0,30
evidence-tabular-train-01421	5	2	1	180,153,140,199,93,190,100,150,141,46,20,158,123,131,13,193,78,92,178,170,52,117,40,68,21,86,26,116,69,2,109,164,209,59,37,147	1,3,0.8675,0,70;1,3,0.1125,1,168;3,1,0.8705,0,42;5,4,0.9755,0,61;3,3,0.8105,0,193;2,1,0.9125,0,244
evidence-tabular-train-01422	5	1	0	71,40,13,18,62,86,66,170,45,108,134,36,49,149,80,93,185,102,112,179,180,21,30,117,143,206,170,123,197,7,91,186,178,146,138,168	6,3,0.5735,0,12;5,2,0.1345,0,79;0,4,0.4385,2,8;7,4,0.7225,0,104;5,2,0.1665,0,172;2,4,0.4645,2,151
evidence-tabular-train-01423	10	2	2	11,147,156,82,196,5,205,93,119,17,192,202,141,75,90,98,62,208,45,109,175,112,33,125,178,64,22,194,138,51,71,196,36,151,131,43	4,1,0.3155,1,213;8,2,0.7145,0,31;2,4,0.1985,2,226;2,0,0.5145,0,36;1,3,0.0445,2,88;4,1,0.4585,0,150
evidence-tabular-train-01424	0	3	2	91,37,166,174,148,12,142,87,93,17,52,199,48,140,125,197,33,68,166,42,99,75,60,166,69,191,203,113,151,133,9,119,213,108,195,21	8,2,0.2075,0,96;8,3,0.5025,3,224;3,2,0.9475,0,183;2,5,0.6445,0,240;2,2,0.3955,2,48;4,3,0.9595,1,53
evidence-tabular-train-01425	1	1	0	60,10,21,92,122,40,186,178,183,70,206,163,37,181,117,141,106,202,114,149,48,7,97,139,146,75,17,86,27,132,52,67,93,163,183,175	6,0,0.2835,0,54;2,3,0.0535,3,95;3,2,0.6185,1,144;2,4,0.8515,0,94;0,0,0.5835,0,217;1,2,0.6155,0,248
evidence-tabular-train-01426	6	2	0	181,66,52,117,123,11,110,170,147,197,213,171,138,149,40,204,59,72,76,178,96,142,203,38,131,21,16,46,88,84,203,29,97,116,214,9	8,1,0.1005,0,73;4,4,0.1545,1,22;3,1,0.5045,3,149;3,2,0.1855,3,144;0,4,0.8585,0,129;2,1,0.4355,1,252
evidence-tabular-train-01427	1	1	2	179,76,58,3,136,93,151,113,141,107,55,146,42,208,154,186,135,181,27,64,163,164,187,172,100,178,119,85,21,10,39,88,45,69,129,20	2,0,0.8285,0,111;2,5,0.4405,0,246;6,0,0.0985,0,112;3,3,0.1415,0,56;3,1,0.3185,2,210;8,5,0.0775,0,90
evidence-tabular-train-01428	10	1	2	90,168,160,117,43,170,106,167,31,69,16,192,76,61,13,146,182,45,53,102,113,96,170,4,139,151,22,143,199,66,200,205,37,85,129,134	3,3,0.0765,1,66;6,3,0.7735,0,224;4,3,0.4505,0,53;3,3,0.4815,3,163;5,0,0.2925,0,124;8,4,0.6535,2,147
evidence-tabular-train-01429	9	1	2	21,201,87,141,88,113,20,8,108,151,59,202,173,182,182,183,76,34,124,173,191,117,167,70,48,146,136,11,212,67,96,33,134,42,56,104	7,1,0.9675,0,235;8,0,0.5935,3,18;7,1,0.6125,1,166;3,5,0.1055,3,221;7,2,0.3045,0,162;3,4,0.1135,0,27
evidence-tabular-train-01430	10	3	2	148,84,178,65,37,75,139,126,43,162,141,69,21,6,117,101,151,11,92,165,205,200,93,54,110,193,60,132,20,169,33,169,163,45,169,113	5,1,0.8805,0,247;8,3,0.7855,0,131;5,2,0.3235,0,143;2,2,0.9675,0,112;4,4,0.3155,0,225;5,2,0.7455,0,160
evidence-tabular-train-01431	2	2	1	26,169,69,169,196,98,7,58,177,170,35,95,121,174,45,136,159,165,92,150,68,106,16,84,134,208,44,10,119,186,144,21,147,73,54,115	6,0,0.1865,0,113;1,1,0.9795,0,200;5,0,0.9675,0,232;0,2,0.8805,2,22;1,0,0.7805,2,38;0,4,0.1795,3,239
evidence-tabular-train-01432	8	3	1	38,19,126,107,117,30,93,143,71,21,175,80,178,131,171,203,202,209,138,58,45,148,100,181,88,85,65,11,42,198,202,150,113,7,174,56	6,1,0.7965,0,175;5,4,0.5665,0,129;7,0,0.3945,2,64;7,3,0.1065,0,154;3,1,0.2855,0,220;5,1,0.5185,2,222
evidence-tabular-train-01433	9	3	2	88,29,64,40,184,141,192,113,53,39,61,135,151,45,70,117,82,101,197,128,111,148,4,93,186,179,168,155,21,17,75,12,164,209,140,207	3,2,0.3505,0,251;4,5,0.0795,0,88;4,3,0.1205,1,115;2,0,0.0115,0,75;4,5,0.3745,0,200;7,5,0.8305,0,214
evidence-tabular-train-01434	10	3	1	45,21,101,163,192,4,40,85,19,119,65,113,57,168,163,108,150,136,175,193,81,69,215,13,93,182,132,123,35,90,27,193,60,163,141,148	3,3,0.6905,0,27;2,1,0.1005,0,158;8,2,0.3615,0,188;8,3,0.4235,0,234;4,2,0.3185,2,3;2,2,0.0105,0,195
evidence-tabular-train-01435	0	3	1	214,12,148,5,166,48,162,21,180,100,117,75,31,90,129,66,108,17,44,114,130,61,140,173,150,175,69,86,34,93,209,206,163,211,50,141	4,2,0.3465,0,238;6,0,0.9285,3,197;1,3,0.4985,0,93;2,4,0.4045,0,116;3,2,0.4615,0,169;8,0,0.9475,0,13
evidence-tabular-train-01436	2	3	0	69,192,10,45,210,8,34,215,126,210,108,141,117,138,116,161,57,149,100,180,171,44,65,92,21,197,78,154,82,201,135,60,148,28,93,18	7,0,0.4965,0,199;3,0,0.8675,0,199;8,2,0.2885,0,52;5,0,0.9665,0,94;3,2,0.8025,0,210;5,5,0.4995,0,56
evidence-tabular-train-01437	5	2	2	74,197,109,210,40,124,59,112,162,97,213,163,91,15,147,50,117,46,38,83,26,162,18,186,151,7,140,93,68,21,141,179,205,134,189,69	6,5,0.4535,0,136;1,4,0.0805,1,200;1,1,0.8055,0,192;1,1,0.6125,0,90;0,3,0.0895,0,232;3,4,0.9675,0,95
evidence-tabular-train-01438	10	3	0	132,64,125,141,63,82,107,42,69,149,22,36,148,93,153,176,189,100,120,78,88,186,15,190,155,166,56,48,206,190,113,6,18,138,162,30	5,5,0.5045,1,150;5,2,0.5805,3,16;7,5,0.0915,0,95;5,0,0.1455,0,110;3,1,0.3395,3,182;4,2,0.5915,0,84
evidence-tabular-train-01439	5	2	0	8,107,58,143,45,65,89,138,133,17,42,182,87,156,105,37,149,94,173,21,185,191,31,160,73,117,198,203,147,168,69,121,15,49,115,187	7,5,0.2345,0,120;6,3,0.4945,0,3;0,0,0.3885,0,118;0,5,0.3905,1,141;8,1,0.7985,0,147;0,3,0.4445,2,64
evidence-tabular-train-01440	5	2	1	113,15,143,100,163,206,88,108,131,4,150,139,154,69,93,147,44,21,83,170,18,57,76,191,215,117,36,160,47,186,128,198,59,68,211,33	3,5,0.5895,0,84;8,2,0.8085,2,103;8,1,0.9935,0,80;3,1,0.1235,0,79;3,2,0.3645,0,255;7,1,0.6835,2,112
evidence-tabular-train-01441	9	2	2	26,89,155,151,115,85,65,8,180,134,147,106,124,117,21,34,199,163,77,20,155,141,14,93,184,45,137,105,51,182,157,58,42,156,69,209	7,4,0.9795,0,143;1,0,0.4015,0,27;2,0,0.2775,0,236;4,3,0.3125,0,66;8,0,0.6835,0,227;3,4,0.2585,0,168
evidence-tabular-train-01442	5	2	2	118,152,18,122,76,85,66,1,160,13,93,147,163,23,178,130,44,138,203,112,168,178,151,165,189,69,179,100,91,143,35,58,108,45,33,50	0,3,0.5945,2,102;8,1,0.9205,0,17;1,0,0.4545,0,246;3,3,0.6875,0,80;3,2,0.1305,1,242;1,0,0.4535,2,112
evidence-tabular-train-01443	1	1	0	102,30,201,200,159,19,131,193,175,3,112,163,110,21,65,69,60,141,165,181,37,88,149,45,146,79,199,195,123,138,93,44,51,119,84,11	2,1,0.6105,0,39;5,3,0.9645,0,229;2,2,0.2625,0,88;6,2,0.0625,0,208;5,4,0.0025,2,70;2,1,0.5645,0,174
evidence-tabular-train-01444	2	3	2	192,93,35,69,110,68,58,164,171,188,155,117,151,51,45,90,175,134,148,201,21,83,79,29,4,137,195,123,19,191,114,206,141,12,41,97	3,2,0.6655,0,171;4,1,0.2445,0,241;2,0,0.9145,0,146;6,1,0.4025,0,114;0,4,0.4745,0,190;2,4,0.3205,0,125
evidence-tabular-train-01445	7	2	2	82,202,45,92,115,73,21,147,180,69,163,151,99,59,126,132,13,2,27,196,52,36,199,108,94,179,120,20,153,172,158,68,171,44,137,144	1,3,0.8435,0,126;2,2,0.9925,0,20;3,1,0.8855,0,129;0,0,0.8145,1,242;2,2,0.6675,3,65;5,2,0.2315,3,137
evidence-tabular-train-01446	10	2	1	62,179,4,199,186,37,82,132,117,107,41,105,200,29,175,166,93,203,150,45,188,16,141,66,15,21,113,57,147,137,69,76,187,124,88,154	3,5,0.1655,0,107;4,3,0.2985,0,70;8,4,0.4375,0,165;3,0,0.0075,0,49;8,1,0.3165,0,240;3,2,0.3725,0,179
evidence-tabular-train-01447	0	3	1	17,45,180,93,124,60,43,183,4,15,148,192,85,37,106,205,141,28,150,112,90,117,66,203,75,191,189,21,205,135,69,196,98,152,51,137	3,5,0.2815,0,31;3,3,0.7855,0,141;2,2,0.5525,0,43;2,3,0.5115,0,158;1,0,0.0475,0,253;3,5,0.2785,0,2
evidence-tabular-train-01448	9	2	0	21,157,62,184,119,163,185,87,65,69,35,149,134,128,147,104,116,5,140,16,208,57,202,110,141,45,193,92,33,163,94,210,13,79,40,180	4,3,0.0805,0,133;8,1,0.0555,0,214;8,4,0.3035,0,4;6,5,0.8115,1,235;7,4,0.9675,2,85;7,4,0.8625,0,104
evidence-tabular-train-01449	5	2	2	88,93,147,86,61,194,166,180,169,17,126,136,185,67,21,6,206,161,197,43,186,116,54,151,142,45,119,70,208,39,75,28,133,107,12,100	5,2,0.3295,0,173;3,5,0.6145,0,152;5,3,0.7825,1,27;2,4,0.1645,0,145;3,1,0.8715,2,160;5,3,0.1825,1,138
evidence-tabular-train-01450	1	1	0	90,55,66,45,97,157,214,123,83,167,146,201,149,77,69,171,108,39,20,134,117,141,93,62,21,165,180,112,139,166,212,26,44,10,3,177	2,0,0.9315,0,201;1,5,0.8665,0,89;6,4,0.5075,0,173;4,1,0.4955,0,38;0,2,0.0505,0,2;2,4,0.7165,0,1
evidence-tabular-train-01451	6	3	2	198,134,49,79,121,43,22,156,141,69,109,82,205,59,117,182,137,67,89,171,113,178,203,148,16,196,93,158,29,45,105,35,182,151,11,9	8,1,0.0225,1,109;4,1,0.6885,0,100;0,1,0.6785,0,208;6,0,0.2565,0,54;8,3,0.3975,0,143;0,4,0.2425,0,59
evidence-tabular-train-01452	4	1	1	203,40,175,105,60,69,146,51,172,159,121,28,144,116,172,212,117,3,68,18,14,85,135,21,38,45,136,93,161,150,92,169,179,111,76,206	2,4,0.4205,0,119;3,4,0.1475,0,231;2,2,0.9055,0,156;3,3,0.8155,0,28;8,5,0.8665,0,73;0,5,0.1385,3,109
evidence-tabular-train-01453	1	1	0	165,109,124,69,202,144,184,44,93,81,174,31,21,11,51,3,211,116,149,38,130,159,167,66,98,201,146,83,62,188,138,92,183,117,18,47	2,1,0.4005,0,28;6,4,0.9535,2,43;2,4,0.5125,0,1;8,1,0.8355,0,44;1,3,0.9655,0,152;3,0,0.5925,3,164
evidence-tabular-train-01454	2	2	0	69,158,45,207,21,13,159,58,16,131,102,208,156,118,139,147,6,141,57,110,64,156,149,93,124,188,89,187,44,33,114,34,76,215,86,204	5,3,0.0545,0,201;8,0,0.8595,0,118;8,0,0.0005,0,201;3,4,0.2365,0,215;5,4,0.5325,1,124;3,1,0.6125,0,230
evidence-tabular-train-01455	9	3	1	148,119,189,123,21,61,69,8,19,196,150,212,162,38,157,112,186,207,68,14,41,210,141,191,110,99,26,45,85,130,138,81,56,93,204,89	7,4,0.6825,0,90;1,4,0.3015,0,21;7,3,0.9245,0,36;8,3,0.3815,0,126;2,4,0.0315,2,167;2,0,0.4365,0,11
evidence-tabular-train-01456	7	2	1	117,133,188,6,181,168,64,55,17,70,40,116,94,212,206,58,75,12,123,172,186,48,111,89,202,150,186,98,141,147,21,39,25,86,136,186	5,2,0.3685,0,218;0,5,0.0885,3,250;6,0,0.0515,1,139;2,4,0.2025,1,32;1,5,0.9515,0,1;2,3,0.0475,0,59
evidence-tabular-train-01457	10	0	1	109,57,208,186,99,167,45,126,202,141,67,131,25,115,182,153,91,150,86,178,186,93,120,69,154,9,74,38,42,13,205,60,19,21,139,145	8,3,0.6085,0,164;0,4,0.4975,0,23;8,2,0.7365,0,81;1,4,0.7325,0,253;2,3,0.6795,3,150;5,1,0.7155,0,236
evidence-tabular-train-01458	4	1	1	4,75,192,43,68,93,192,210,69,62,146,56,150,106,86,11,134,117,21,98,39,45,158,173,124,181,155,20,142,92,28,169,116,182,136,195	3,1,0.9005,0,246;3,5,0.6195,0,230;7,4,0.9705,0,63;2,4,0.9095,0,62;1,0,0.9315,0,47;3,4,0.1905,1,234
evidence-tabular-train-01459	2	1	2	17,110,43,58,199,69,130,76,127,104,3,33,146,65,142,114,162,172,171,164,91,138,22,36,93,155,178,120,45,212,83,56,187,151,195,14	2,4,0.2345,1,216;8,2,0.6485,0,41;7,0,0.2915,0,163;3,1,0.6545,0,71;7,4,0.4515,3,175;6,0,0.5225,1,150
evidence-tabular-train-01460	10	1	2	24,84,39,146,182,13,113,66,8,152,73,202,100,178,93,117,91,164,45,128,54,169,60,132,18,151,33,140,69,215,162,108,195,144,42,172	7,3,0.5065,3,228;8,5,0.4915,0,214;5,2,0.4475,0,141;0,2,0.7985,0,193;3,2,0.3785,0,184;7,2,0.8855,3,115
evidence-tabular-train-01461	9	2	0	50,147,43,8,137,183,15,130,175,91,45,105,108,153,117,37,141,115,123,183,58,166,154,188,178,93,197,80,65,69,162,149,21,84,30,18	7,5,0.5785,0,229;5,3,0.7715,0,58;1,0,0.3015,0,255;7,2,0.7015,0,173;8,2,0.6495,0,121;2,0,0.3695,0,210
evidence-tabular-train-01462	5	3	2	137,59,99,21,144,106,167,31,213,131,57,164,93,79,66,72,37,151,177,170,158,159,125,177,89,148,163,2,45,112,117,19,44,83,189,13	1,3,0.6745,0,45;6,3,0.8235,0,210;8,1,0.5385,3,125;6,1,0.2955,0,173;2,0,0.1115,0,185;4,1,0.2575,3,184
evidence-tabular-train-01463	10	1	2	205,146,89,53,60,151,7,141,165,104,112,69,135,119,21,45,179,32,180,67,39,44,93,14,86,191,192,181,167,109,169,16,138,75,173,125	6,4,0.1735,0,122;7,5,0.9165,0,71;4,2,0.7915,0,69;2,4,0.2475,0,202;7,3,0.1385,2,220;4,5,0.4865,0,225
evidence-tabular-train-01464	1	3	1	155,139,201,43,21,152,27,148,167,211,197,115,98,13,47,134,63,182,88,117,75,35,83,201,51,127,175,18,186,150,95,110,66,141,4,69	3,3,0.4025,0,20;2,1,0.7335,2,41;2,5,0.5575,0,36;2,1,0.1135,2,173;1,4,0.6945,0,209;6,4,0.6215,0,191
evidence-tabular-train-01465	6	1	2	110,69,93,58,186,64,41,10,136,161,141,117,114,189,134,21,50,151,45,20,155,152,90,38,200,85,97,28,146,79,201,1,121,165,188,197	0,0,0.9825,0,127;3,4,0.2135,0,74;1,0,0.0235,0,163;6,3,0.5695,0,188;0,4,0.5225,0,144;0,4,0.0935,0,230
evidence-tabular-train-01466	0	3	0	69,136,93,21,198,124,111,189,205,1,201,45,115,200,38,117,32,20,193,131,66,141,153,44,61,83,90,12,149,172,148,214,163,100,55,73	0,2,0.8465,0,233;7,4,0.8745,0,104;6,3,0.4235,0,195;0,1,0.5705,0,221;3,5,0.7465,0,208;3,1,0.1805,0,148
evidence-tabular-train-01467	5	1	1	12,22,93,180,69,141,45,215,31,201,146,177,139,164,83,67,76,106,44,53,35,150,117,59,177,191,115,90,164,133,17,196,9,182,99,127	8,2,0.3195,1,80;6,1,0.8985,0,117;4,1,0.7185,0,63;3,1,0.4905,0,57;2,0,0.6315,0,173;6,3,0.7415,0,199
evidence-tabular-train-01468	9	1	1	136,113,40,117,165,156,213,18,48,212,154,91,196,39,27,188,58,93,143,177,8,199,73,105,121,146,49,174,21,66,86,150,15,69,132,110	7,5,0.5975,0,243;2,5,0.1185,3,193;0,0,0.4965,0,147;0,4,0.6125,0,117;8,4,0.2025,0,239;0,2,0.0495,2,124
evidence-tabular-train-01469	10	1	1	185,112,137,54,186,167,82,152,146,93,109,119,63,199,124,99,33,21,150,42,210,88,69,10,167,67,208,133,4,19,173,45,77,166,141,39	3,0,0.6185,0,137;8,5,0.5995,0,248;5,5,0.6635,0,124;4,0,0.0245,0,183;2,3,0.0565,2,86;3,3,0.2725,0,187
evidence-tabular-train-01470	4	1	0	18,79,165,173,117,136,14,187,149,172,194,55,37,93,146,21,66,82,158,133,29,69,4,44,181,163,113,100,183,141,107,88,46,189,121,61	3,4,0.5715,0,155;4,3,0.9395,1,2;6,3,0.5685,0,162;6,0,0.1165,0,168;3,1,0.2265,0,135;0,3,0.1705,0,211
evidence-tabular-train-01471	9	2	1	200,137,141,96,61,172,117,69,150,82,9,193,205,108,187,104,34,209,14,79,90,162,124,201,24,196,67,201,50,33,16,48,115,43,130,147	8,4,0.0275,3,244;8,0,0.6245,3,72;1,3,0.6035,0,118;6,0,0.5675,3,133;7,2,0.6175,0,181;3,0,0.3105,0,123
evidence-tabular-train-01472	2	2	1	147,209,88,141,35,11,176,153,21,17,59,93,84,171,100,4,181,175,124,136,69,204,176,77,150,68,50,27,162,199,40,114,119,111,45,135	3,1,0.2755,0,128;2,1,0.1965,0,138;1,1,0.8375,0,141;4,2,0.0715,0,46;3,5,0.4375,2,158;3,5,0.1045,0,142
evidence-tabular-train-01473	1	3	0	130,15,110,93,82,35,69,148,3,63,179,27,65,149,163,48,186,141,51,136,194,88,163,170,76,117,101,129,209,157,213,113,17,21,205,40	2,5,0.3375,0,216;2,1,0.1195,3,44;2,5,0.2665,0,66;3,0,0.0535,0,58;4,4,0.3865,0,6;8,0,0.1165,0,41
evidence-tabular-train-01474	5	2	2	195,4,117,51,133,151,197,199,10,45,147,22,41,19,27,116,100,108,140,93,66,154,174,180,76,182,58,38,91,208,123,87,69,160,141,165	3,0,0.6195,1,56;2,4,0.3195,0,137;2,0,0.5915,0,218;3,5,0.6995,0,223;3,2,0.8935,0,21;2,3,0.8395,0,70
evidence-tabular-train-01475	10	2	1	201,150,178,39,158,211,48,135,124,178,201,53,89,11,69,84,208,9,116,68,101,179,109,147,117,140,76,31,40,209,174,19,96,21,141,60	8,1,0.6365,0,62;6,5,0.1665,3,158;4,2,0.9945,0,232;3,2,0.3835,3,91;4,3,0.9675,0,45;3,5,0.9265,0,73
evidence-tabular-train-01476	5	1	2	40,36,28,68,116,82,103,126,17,1,209,151,208,136,206,181,135,94,169,164,45,51,110,21,72,141,146,13,89,117,205,58,179,211,77,186	0,3,0.2345,0,18;3,2,0.1625,0,252;2,0,0.9615,3,43;4,0,0.2305,1,244;6,4,0.8955,0,72;5,5,0.0625,0,200
evidence-tabular-train-01477	5	2	1	34,20,147,88,197,126,175,79,68,171,69,150,170,119,114,201,55,93,141,107,10,179,171,62,99,213,131,137,6,45,33,213,155,86,23,43	5,0,0.9305,2,231;8,0,0.6785,0,55;6,4,0.8505,0,232;6,4,0.1455,0,141;2,1,0.4235,2,14;5,1,0.3135,0,138
evidence-tabular-train-01478	2	1	2	38,13,146,27,70,117,158,151,152,190,78,132,89,40,116,21,197,19,108,124,172,190,204,96,210,87,141,62,1,162,99,138,66,45,49,202	0,3,0.7905,0,253;2,4,0.0975,0,219;0,4,0.5025,1,22;5,5,0.2895,3,255;2,2,0.9795,0,7;3,2,0.5865,0,242
evidence-tabular-train-01479	5	2	1	44,165,32,150,16,100,154,76,114,125,82,88,181,107,194,51,117,63,34,156,65,213,23,93,69,5,156,140,177,207,134,142,45,147,206,10	4,0,0.0675,2,101;7,0,0.8885,0,254;2,5,0.3245,0,53;3,0,0.0455,0,106;3,1,0.5925,0,95;4,4,0.9095,1,129
evidence-tabular-train-01480	4	1	0	53,90,93,215,197,132,164,42,19,58,176,65,207,140,45,82,28,141,69,116,13,167,99,21,200,106,78,3,212,152,146,149,121,153,117,39	2,3,0.6385,0,223;3,5,0.5955,0,168;4,0,0.2955,0,144;5,0,0.5505,0,76;2,0,0.8465,0,117;0,2,0.8185,0,36
evidence-tabular-train-01481	8	2	2	30,78,111,52,37,213,206,44,141,210,12,162,99,93,71,185,140,147,204,91,3,118,17,63,45,206,183,134,21,151,127,179,82,116,64,179	2,2,0.2475,0,1;5,3,0.9385,0,177;3,5,0.0815,2,59;5,0,0.7715,0,10;2,5,0.8135,1,222;6,4,0.8745,0,202
evidence-tabular-train-01482	0	3	2	130,193,45,38,3,151,28,141,105,90,183,14,21,69,75,148,87,117,55,200,68,111,59,201,166,93,16,139,210,188,172,124,195,167,113,43	2,4,0.0605,0,206;3,4,0.6995,0,112;6,1,0.8065,0,213;2,5,0.4425,0,19;8,5,0.3295,0,212;3,0,0.6245,0,211
evidence-tabular-train-01483	10	0	1	29,181,131,202,145,103,113,82,44,89,150,94,166,173,21,68,16,156,8,174,57,140,117,39,75,109,209,141,69,165,178,58,126,45,164,15	7,5,0.0385,0,84;4,5,0.8085,0,101;8,0,0.9815,0,87;2,0,0.3945,1,79;6,3,0.3295,0,20;5,1,0.9245,0,100
evidence-tabular-train-01484	10	1	1	209,64,186,115,146,46,213,37,111,54,183,6,69,21,212,150,141,198,118,75,135,140,170,181,82,170,44,28,61,188,89,13,17,98,93,125	5,3,0.2625,0,167;3,3,0.8335,1,182;5,3,0.1585,0,87;2,0,0.2465,0,41;1,5,0.7325,1,44;4,5,0.8605,0,152
evidence-tabular-train-01485	10	2	2	45,21,168,141,171,156,19,127,209,2,179,117,42,197,130,116,167,202,91,34,12,189,87,105,77,51,208,147,138,27,151,69,65,93,59,109	1,2,0.7885,0,240;2,0,0.4025,0,174;2,1,0.2285,0,117;4,5,0.7415,0,244;8,3,0.9365,0,185;6,0,0.4215,0,27
evidence-tabular-train-01486	4	1	1	120,150,132,51,141,189,25,116,70,19,66,87,157,157,103,109,207,91,76,185,45,140,21,41,4,129,59,36,165,146,208,94,200,194,13,200	3,3,0.7075,0,54;0,2,0.2315,0,149;2,1,0.5165,1,75;3,5,0.6105,1,164;6,3,0.8675,3,71;8,2,0.8135,0,228
evidence-tabular-train-01487	4	1	1	69,146,171,179,109,124,61,81,42,64,150,194,140,152,157,205,93,154,100,11,161,45,192,135,162,35,116,17,89,21,30,141,86,2,117,57	1,1,0.3065,0,78;5,1,0.5035,0,110;8,3,0.0795,0,120;8,4,0.2435,0,4;3,3,0.9405,0,190;3,5,0.9615,0,207
evidence-tabular-train-01488	9	1	0	146,115,204,199,205,1,63,191,161,131,15,104,179,179,149,86,117,80,202,139,21,27,20,141,43,110,36,67,194,124,203,93,49,90,45,71	0,5,0.8875,0,170;2,2,0.6235,0,68;0,5,0.6655,2,203;7,4,0.4765,0,217;7,4,0.7995,0,202;3,1,0.7525,0,103
evidence-tabular-train-01489	9	2	0	158,38,67,187,17,175,56,215,73,98,162,82,45,119,106,116,9,157,147,40,143,69,210,138,28,13,149,132,122,88,60,21,95,172,206,172	8,3,0.3195,0,175;3,4,0.1975,0,236;7,2,0.7055,0,224;0,0,0.0255,2,197;1,0,0.9385,2,190;1,2,0.5285,2,198
evidence-tabular-train-01490	7	0	2	186,130,145,116,196,151,93,167,202,65,121,106,45,97,37,43,178,62,211,69,202,210,30,50,201,21,84,2,141,139,12,215,75,20,117,88	1,2,0.9775,0,47;5,3,0.6785,0,54;1,4,0.3995,0,39;2,2,0.1385,0,121;0,0,0.9475,0,171;0,0,0.6055,0,165
evidence-tabular-train-01491	7	0	2	93,44,180,62,190,166,182,198,3,66,86,210,136,144,129,117,23,208,108,163,69,10,135,145,45,98,207,27,92,114,57,34,18,184,151,74	2,0,0.4755,2,162;2,0,0.9185,0,225;8,4,0.5165,0,25;1,4,0.9865,0,160;1,2,0.4415,0,248;8,5,0.1525,3,100
evidence-tabular-train-01492	1	2	0	78,149,99,205,12,136,35,166,161,88,57,82,141,93,113,26,205,208,108,200,187,162,19,179,134,21,159,117,67,7,69,45,61,42,147,129	6,2,0.7655,0,95;1,1,0.5675,0,28;8,3,0.6755,0,106;5,0,0.0925,0,112;2,2,0.3565,0,163;8,4,0.0335,0,211
evidence-tabular-train-01493	7	1	1	165,163,106,146,116,150,142,183,86,117,99,187,140,196,57,211,32,123,209,5,167,74,71,61,65,35,21,17,45,10,93,41,180,91,134,203	4,0,0.2955,0,22;7,1,0.3065,0,158;8,3,0.2385,2,212;1,4,0.7955,0,204;2,0,0.8885,0,74;2,4,0.8325,1,105
evidence-tabular-train-01494	8	1	2	124,210,196,157,192,3,21,91,71,176,141,201,16,102,110,61,157,134,34,114,117,86,74,30,210,93,49,139,42,146,12,67,151,45,176,171	2,2,0.1515,0,180;5,0,0.5915,0,39;0,3,0.6825,2,173;1,4,0.7455,0,94;5,4,0.4515,0,151;3,4,0.7175,0,238
evidence-tabular-train-01495	1	3	0	34,107,82,156,148,117,7,15,48,207,190,100,166,33,181,69,184,138,93,159,141,51,41,20,205,67,192,21,133,63,215,112,89,123,79,149	6,5,0.9975,0,227;8,0,0.2825,3,46;2,5,0.6325,0,147;6,0,0.2095,0,108;3,1,0.0535,0,217;2,3,0.5695,0,72
evidence-tabular-train-01496	10	2	0	5,93,89,141,87,117,100,136,149,177,190,56,77,27,185,193,21,42,12,130,198,170,69,213,179,106,122,112,67,155,46,20,147,36,215,59	4,2,0.8935,0,135;2,2,0.5635,1,32;7,1,0.6625,0,248;4,5,0.2725,0,95;3,0,0.0545,0,153;1,0,0.0145,0,72
evidence-tabular-train-01497	1	0	0	98,89,193,131,75,199,200,141,93,65,86,3,60,51,34,40,173,195,187,118,17,69,112,145,121,30,137,12,204,45,155,21,170,109,149,193	2,2,0.2445,0,175;5,0,0.1155,0,203;2,2,0.2205,0,146;2,4,0.2705,0,175;1,3,0.1725,1,95;0,1,0.3295,0,197
evidence-tabular-train-01498	6	3	0	21,149,20,93,141,69,53,148,27,199,40,45,38,65,197,92,1,75,13,172,138,210,117,111,59,177,131,84,116,122,192,179,162,158,175,105	0,3,0.9405,0,118;2,4,0.0915,0,58;4,1,0.2075,0,248;2,2,0.8445,0,168;8,5,0.9745,0,239;1,1,0.4195,0,36
evidence-tabular-train-01499	2	1	1	4,194,206,141,108,116,135,21,206,162,88,41,196,138,172,58,51,32,196,177,45,150,18,117,95,78,69,125,207,210,12,82,146,104,65,36	3,2,0.5035,0,49;7,2,0.2845,0,17;2,0,0.3895,0,85;5,0,0.0625,2,233;7,2,0.8945,0,70;4,5,0.5595,0,53
evidence-tabular-train-01500	4	1	2	208,192,117,151,135,146,92,203,190,18,62,153,200,175,144,123,113,109,38,215,65,21,45,96,15,196,4,81,28,188,72,43,136,101,50,84	3,5,0.4145,0,175;3,4,0.7715,0,255;1,4,0.2885,3,103;8,2,0.9935,3,250;4,3,0.3145,0,118;2,5,0.1705,3,150
evidence-tabular-train-01501	1	3	0	140,50,208,75,7,62,38,93,164,168,85,18,123,69,178,32,67,45,134,117,100,143,112,148,21,108,14,149,172,41,153,89,180,206,198,177	6,4,0.5235,0,61;7,4,0.2355,0,9;1,4,0.6145,0,199;2,3,0.2895,0,222;3,2,0.0685,0,5;2,4,0.9775,2,120
evidence-tabular-train-01502	1	1	0	187,137,45,141,7,34,172,201,31,43,149,146,58,134,159,21,66,51,123,69,187,15,76,154,197,209,90,93,100,205,20,109,85,112,117,183	6,5,0.9825,0,136;6,0,0.6885,0,134;2,0,0.5635,0,8;3,3,0.5175,0,231;3,3,0.0035,0,166;2,4,0.3785,0,245
evidence-tabular-train-01503	5	2	0	45,107,66,69,201,164,139,17,34,167,93,135,21,11,33,127,181,44,117,200,7,147,115,51,76,181,61,141,149,184,90,154,189,172,83,102	6,1,0.2945,0,40;8,0,0.8805,0,195;2,3,0.4215,0,15;3,1,0.4985,0,152;5,1,0.6435,0,94;6,5,0.6425,0,146
evidence-tabular-train-01504	1	3	0	104,36,163,85,149,45,75,20,117,89,180,198,134,41,214,180,57,8,127,24,93,137,59,11,72,141,107,200,148,113,184,160,33,203,160,65	7,1,0.9085,3,23;8,2,0.3685,0,199;8,1,0.2105,3,128;2,3,0.2915,0,37;7,1,0.3575,0,23;6,4,0.2325,0,38
evidence-tabular-train-01505	8	3	2	151,208,28,208,130,69,197,93,209,210,35,85,45,184,92,148,65,141,42,63,100,19,107,181,51,213,14,21,140,113,117,123,153,1,189,78	0,4,0.6865,0,46;3,1,0.5475,0,125;2,5,0.2625,0,10;5,3,0.9645,0,212;3,1,0.2685,0,64;2,0,0.8095,0,116
evidence-tabular-train-01506	8	3	2	68,33,164,51,134,106,6,69,179,196,144,78,124,151,213,195,101,183,148,12,37,199,21,202,93,17,40,210,90,178,45,117,87,138,116,59	5,2,0.3305,0,150;8,3,0.0915,0,184;2,1,0.9815,0,196;5,5,0.5405,0,63;4,0,0.9995,0,82;3,4,0.5285,3,189
evidence-tabular-train-01507	4	1	2	65,21,82,53,116,152,141,111,140,151,100,153,81,146,91,60,214,15,93,171,117,29,7,194,133,70,209,46,19,42,129,167,37,175,206,178	6,5,0.6775,0,194;4,3,0.5045,1,101;4,2,0.2195,1,114;8,0,0.6725,0,97;3,5,0.8825,0,203;8,3,0.9595,0,152
evidence-tabular-train-01508	6	2	0	210,131,107,37,186,53,93,45,147,101,141,136,188,73,31,86,169,92,43,11,123,60,194,72,186,176,4,117,16,21,155,164,149,168,64,115	3,1,0.1075,0,78;6,3,0.7895,0,238;4,2,0.1795,3,230;0,4,0.9715,0,178;4,1,0.6675,0,71;2,1,0.1275,0,105
evidence-tabular-train-01509	10	3	1	197,109,99,150,21,113,64,93,215,139,87,35,131,129,11,120,186,192,199,69,81,8,57,214,208,215,20,198,62,213,143,148,92,45,28,42	7,1,0.8005,0,170;3,1,0.5835,0,134;8,4,0.0445,0,174;8,5,0.9865,0,50;2,3,0.2795,3,215;8,1,0.7465,2,38
evidence-tabular-train-01510	10	3	2	153,172,205,164,24,44,27,102,113,84,180,199,64,3,213,45,77,49,180,141,15,148,212,19,93,59,151,202,110,138,69,117,122,89,130,34	2,5,0.7435,3,85;2,0,0.8715,0,247;0,1,0.1975,0,46;4,2,0.3295,0,243;5,4,0.3595,0,211;1,0,0.4915,0,178
evidence-tabular-train-01511	1	1	2	108,141,45,95,177,56,130,63,15,180,151,6,64,116,123,170,69,89,44,38,200,157,99,75,140,180,187,22,85,117,163,200,146,19,26,182	5,5,0.6295,1,31;1,4,0.9905,0,228;7,5,0.0945,0,217;2,3,0.3295,2,34;2,2,0.8945,0,35;2,0,0.8595,0,138
evidence-tabular-train-01512	9	1	0	116,69,117,45,14,194,128,209,64,59,92,146,206,99,95,40,21,211,149,85,34,141,76,20,192,108,161,56,171,187,165,27,182,8,137,133	7,4,0.9625,0,225;2,0,0.1335,0,74;7,1,0.0005,0,154;3,3,0.9515,2,181;2,2,0.9525,0,75;7,3,0.2005,0,183
evidence-tabular-train-01513	10	1	0	69,35,16,130,94,21,15,25,176,136,115,105,85,41,175,208,64,211,127,169,167,78,160,2,45,149,207,163,117,141,146,89,62,110,54,178	1,5,0.0215,0,62;0,1,0.3955,0,143;5,4,0.0295,0,151;5,3,0.2405,1,138;8,4,0.6365,0,19;6,0,0.1735,0,64
evidence-tabular-train-01514	1	0	0	82,64,153,69,5,152,187,37,103,174,20,109,45,122,133,158,88,191,22,41,141,205,149,13,159,117,114,27,78,93,164,184,58,136,145,53	4,3,0.8435,1,244;2,3,0.3335,0,193;4,0,0.0315,0,66;5,0,0.1915,0,119;6,3,0.5705,0,113;1,3,0.0665,0,233
evidence-tabular-train-01515	9	2	2	185,112,189,3,29,80,15,151,56,48,40,85,176,106,191,36,196,132,90,69,96,137,124,147,143,100,178,62,117,17,202,21,181,175,67,158	2,5,0.3435,0,205;4,2,0.0745,3,40;7,4,0.7115,0,63;7,3,0.4365,3,81;3,0,0.0685,0,127;3,2,0.2015,2,191
evidence-tabular-train-01516	1	2	1	174,147,167,39,135,156,41,45,115,106,199,88,10,65,17,141,27,75,4,94,150,193,175,83,202,173,69,59,52,117,162,136,121,21,167,97	3,0,0.2115,0,126;2,5,0.2065,0,43;3,1,0.2475,0,166;2,1,0.0865,1,112;0,0,0.7345,0,78;0,5,0.0585,0,252
evidence-tabular-train-01517	10	2	2	134,111,99,124,147,93,63,82,139,46,69,57,18,41,14,25,141,158,213,161,151,167,159,163,190,88,3,153,118,215,68,23,39,115,191,78	2,4,0.4305,2,72;0,5,0.3295,1,33;8,5,0.8445,0,149;5,0,0.1895,0,192;2,5,0.7175,1,90;3,4,0.7345,0,57
evidence-tabular-train-01518	8	1	2	151,83,208,185,167,52,40,61,45,94,80,33,21,69,65,203,141,137,2,172,19,128,214,168,111,14,88,202,162,184,102,36,132,115,117,146	1,4,0.7055,0,162;8,2,0.1255,0,128;3,3,0.3275,0,89;7,1,0.0565,1,211;5,5,0.6805,0,249;7,2,0.3495,0,215
evidence-tabular-train-01519	9	3	1	52,7,172,214,69,59,93,115,134,148,159,39,209,141,19,99,150,44,111,128,157,196,179,178,136,158,21,45,32,90,13,85,67,117,159,80	6,3,0.7465,0,63;7,5,0.9065,0,106;3,1,0.7445,0,15;7,3,0.4445,0,181;2,5,0.6095,0,170;7,4,0.0945,0,125
evidence-tabular-train-01520	9	0	2	21,14,113,169,86,48,139,96,197,151,25,117,121,177,50,37,40,186,204,166,99,63,166,194,90,20,8,106,164,75,132,69,145,180,67,141	7,4,0.8105,0,208;0,3,0.1225,3,54;1,5,0.6145,0,199;2,4,0.4675,3,131;2,0,0.2755,0,218;0,2,0.6745,0,128
evidence-tabular-train-01521	5	2	0	87,109,69,209,147,43,195,157,12,189,193,53,121,17,195,139,59,28,76,141,64,112,23,215,93,90,198,189,117,38,100,169,133,149,45,2	1,2,0.2535,2,233;3,4,0.6765,0,74;4,1,0.1255,0,92;3,5,0.4875,0,224;3,3,0.1045,0,12;0,3,0.6205,0,84
evidence-tabular-train-01522	5	2	2	76,141,21,151,85,138,192,19,63,152,134,159,93,88,37,215,117,25,190,113,155,164,65,45,106,4,52,200,128,69,40,187,105,155,147,11	3,1,0.7405,0,47;0,3,0.1755,0,243;3,5,0.2675,0,168;3,3,0.1275,0,220;8,0,0.3665,0,17;7,4,0.4675,0,76
evidence-tabular-train-01523	4	1	1	165,67,187,200,92,76,21,11,140,105,208,26,195,213,208,211,51,2,45,108,69,117,16,198,93,146,39,121,133,87,41,141,115,60,150,200	1,1,0.1795,0,129;1,5,0.3115,0,252;2,2,0.6715,0,72;3,5,0.9565,0,233;8,2,0.6785,0,191;0,3,0.9845,0,231
evidence-tabular-train-01524	5	2	2	205,206,151,38,183,78,110,147,83,213,3,163,43,70,45,103,91,139,214,116,117,21,210,29,14,93,127,130,61,141,188,19,53,157,203,65	2,4,0.7215,0,26;4,4,0.7995,0,244;4,3,0.2945,1,69;5,1,0.6775,0,26;6,4,0.9045,0,24;6,0,0.7945,0,194
evidence-tabular-train-01525	7	1	1	98,69,183,183,146,113,117,200,45,110,21,89,1,83,184,190,141,130,93,190,67,207,35,61,79,15,42,124,158,20,184,50,194,138,33,150	0,5,0.8315,0,54;8,1,0.4075,0,180;1,3,0.6985,0,123;6,1,0.2405,0,40;1,4,0.3995,0,102;3,0,0.4655,0,183
evidence-tabular-train-01526	9	3	2	8,93,191,55,184,69,135,148,188,171,32,121,92,102,197,74,137,109,157,113,38,151,58,166,45,142,14,87,189,64,152,117,162,21,20,44	7,4,0.9285,0,237;7,4,0.8915,0,255;6,0,0.0555,0,248;1,5,0.9675,0,105;5,3,0.3265,0,169;0,5,0.2135,1,29
evidence-tabular-train-01527	1	1	2	86,126,3,108,56,39,115,23,189,44,209,102,60,146,198,151,194,141,137,72,168,119,132,166,90,192,74,189,93,66,17,45,10,174,210,27	2,0,0.3945,2,168;2,5,0.9415,0,230;7,2,0.4395,3,168;1,4,0.5035,0,100;5,2,0.6025,2,194;5,2,0.2145,0,65
evidence-tabular-train-01528	10	3	0	165,109,212,149,88,139,198,45,164,98,211,148,141,121,71,37,195,93,131,49,118,62,194,160,20,66,10,214,85,116,21,81,179,33,42,3	2,0,0.8555,0,151;8,3,0.4485,0,181;0,4,0.5555,2,158;8,3,0.0435,0,100;1,3,0.8225,1,192;0,1,0.7585,0,126
evidence-tabular-train-01529	5	1	0	212,55,149,215,146,93,20,144,125,10,1,137,23,208,188,69,116,47,164,156,85,168,37,27,117,64,110,131,103,208,62,80,89,41,154,204	0,0,0.9345,2,234;2,3,0.3495,2,65;6,4,0.1245,0,17;7,3,0.3085,0,70;6,4,0.8835,0,80;4,1,0.3205,3,102
evidence-tabular-train-01530	1	3	2	55,139,194,18,99,130,27,117,10,170,37,24,94,151,124,63,43,65,114,179,208,141,108,179,69,87,212,196,45,6,181,208,92,148,73,173	5,0,0.4455,3,73;2,3,0.6635,0,8;6,5,0.3655,0,16;0,5,0.8365,1,161;2,2,0.4415,0,163;3,0,0.7705,0,194
evidence-tabular-train-01531	1	2	2	95,160,139,47,151,19,214,67,14,215,77,21,158,3,123,175,175,134,141,209,109,44,105,147,60,85,192,27,185,69,119,206,112,37,91,51	2,4,0.6615,0,251;2,3,0.8255,2,149;2,2,0.7325,0,142;4,3,0.7095,2,233;8,3,0.1595,2,75;2,4,0.6305,0,251
evidence-tabular-train-01532	9	2	0	22,210,137,108,16,119,154,181,67,73,32,13,134,124,206,5,187,149,45,59,181,38,69,43,144,206,102,204,93,82,147,190,50,89,191,112	4,3,0.1445,1,62;7,4,0.7125,0,170;1,1,0.6385,0,126;0,0,0.3935,0,117;5,2,0.1725,2,136;3,4,0.2855,3,41
evidence-tabular-train-01533	1	0	1	150,123,134,141,14,86,67,172,45,156,193,63,206,117,97,201,199,108,192,115,81,212,18,92,26,44,145,51,190,21,69,139,93,158,2,38	1,4,0.5055,0,197;1,4,0.9135,0,55;2,5,0.7755,0,111;8,4,0.8385,0,185;0,2,0.6435,0,41;2,4,0.7995,0,225
evidence-tabular-train-01534	5	2	1	155,83,72,89,124,7,202,131,189,40,99,113,198,158,141,119,21,180,160,147,186,205,45,93,107,52,18,31,37,14,75,60,138,174,150,67	6,4,0.4365,0,20;6,3,0.0095,0,1;3,2,0.6025,3,77;2,1,0.3605,0,195;2,1,0.2675,2,30;3,1,0.5145,0,231
evidence-tabular-train-01535	9	3	1	159,132,139,40,105,34,89,45,190,62,167,93,201,150,26,79,115,17,49,185,21,117,108,167,196,69,128,148,87,141,8,193,191,11,65,169	7,1,0.3435,0,235;1,0,0.1615,0,53;0,4,0.2325,0,189;6,5,0.3305,0,198;8,2,0.7495,0,140;7,2,0.7215,0,54
evidence-tabular-train-01536	1	3	0	167,211,69,123,50,78,117,138,181,88,159,109,193,155,133,63,99,65,149,94,38,9,148,42,162,21,213,33,86,141,112,169,17,13,45,176	8,3,0.2325,0,40;8,4,0.4725,0,166;1,5,0.2085,0,151;5,4,0.1205,1,212;2,3,0.1275,0,147;2,3,0.4095,0,102
evidence-tabular-train-01537	0	3	0	175,69,172,67,45,19,86,139,191,158,173,125,210,61,76,117,143,27,169,109,149,38,13,54,21,91,3,169,193,113,148,93,134,200,100,44	2,3,0.7155,0,120;2,4,0.8595,0,211;5,3,0.6965,0,54;3,4,0.7175,0,137;3,3,0.3155,0,34;4,4,0.7305,2,57
evidence-tabular-train-01538	8	3	1	95,154,38,207,104,21,163,43,150,190,215,171,52,11,208,161,88,58,117,110,128,76,30,177,65,45,84,132,69,141,180,139,6,114,148,17	5,1,0.3495,0,241;5,4,0.7935,0,107;3,0,0.2415,0,214;3,2,0.1075,2,25;7,4,0.5695,0,74;7,2,0.7135,0,192
evidence-tabular-train-01539	9	0	2	10,145,74,63,204,40,171,47,133,88,204,34,141,173,19,151,198,171,195,25,5,53,21,104,93,137,117,165,64,116,192,84,110,125,178,69	4,0,0.6535,0,254;0,0,0.0975,2,254;4,5,0.0545,0,125;1,2,0.0635,0,57;7,4,0.9415,0,24;4,3,0.2095,0,55
evidence-tabular-train-01540	9	0	0	30,48,145,19,211,21,35,1,130,138,167,56,67,93,204,69,102,201,91,112,83,78,152,170,111,199,42,196,185,214,125,117,149,141,61,12	0,2,0.6015,0,201;5,1,0.5795,3,161;7,3,0.7535,0,52;5,1,0.6615,0,135;5,5,0.0075,0,88;4,0,0.5305,0,90
evidence-tabular-train-01541	1	1	1	5,133,89,120,46,146,136,181,87,213,26,124,200,215,150,69,191,17,61,143,67,203,204,94,38,187,15,186,76,110,21,51,99,201,112,41	4,5,0.2355,0,121;1,4,0.2935,1,119;2,3,0.6785,0,52;3,5,0.2225,1,85;2,4,0.1815,3,104;3,3,0.1985,2,124
evidence-tabular-train-01542	8	2	1	206,91,78,50,99,180,34,140,174,214,214,147,45,141,69,130,113,43,93,28,162,117,150,16,190,170,60,110,180,8,179,11,65,128,87,21	7,1,0.1955,0,133;3,0,0.7095,0,144;1,2,0.3435,0,224;5,5,0.6125,0,7;2,4,0.3255,0,11;7,0,0.9715,0,229
evidence-tabular-train-01543	10	3	2	193,106,84,112,213,89,76,133,66,61,18,140,206,151,43,129,204,212,37,118,208,164,93,53,162,157,141,29,9,15,69,103,165,148,45,21	8,5,0.4515,0,159;4,3,0.7955,0,8;4,3,0.5005,0,34;3,2,0.2585,0,19;6,0,0.1485,1,211;8,3,0.9865,0,58
evidence-tabular-train-01544	5	2	1	3,59,160,69,84,100,164,44,28,172,206,161,78,117,133,36,21,193,141,12,124,90,64,139,114,106,150,193,52,178,96,45,147,172,191,17	2,2,0.3635,0,71;3,2,0.8595,0,88;3,1,0.1845,0,214;5,2,0.5645,3,212;3,0,0.5175,0,97;3,3,0.7735,0,1
evidence-tabular-train-01545	7	2	2	49,59,196,93,87,133,193,151,34,13,160,160,16,175,67,106,205,81,179,112,117,192,122,141,3,199,33,137,100,147,72,45,43,88,21,195	2,3,0.1225,0,116;8,0,0.6235,0,237;0,1,0.7905,3,138;8,5,0.1425,0,11;3,0,0.1465,0,204;1,3,0.3215,0,83
evidence-tabular-train-01546	0	3	2	171,57,215,69,80,159,152,65,35,168,21,190,132,42,207,90,14,215,86,118,4,151,28,142,124,93,138,176,58,45,114,19,206,148,107,99	3,4,0.6135,0,35;3,1,0.4435,0,114;8,0,0.3295,0,71;7,4,0.4925,0,105;2,1,0.4675,1,71;3,2,0.5315,1,85
evidence-tabular-train-01547	9	1	0	199,117,56,42,160,93,153,16,21,149,146,63,212,67,108,156,79,169,32,166,104,39,69,45,85,11,141,137,156,4,134,170,170,116,92,124	3,1,0.0185,0,34;7,5,0.5475,0,199;7,5,0.6545,0,91;6,3,0.8835,0,203;7,2,0.9375,0,253;3,4,0.3815,0,184
evidence-tabular-train-01548	2	1	1	195,56,209,174,21,90,33,176,185,139,35,129,106,69,45,82,68,130,194,116,158,58,93,41,10,141,117,156,102,9,164,146,18,180,150,76	8,0,0.4875,0,243;8,1,0.3455,0,133;7,0,0.8215,0,34;3,0,0.4405,0,83;5,0,0.8955,0,192;8,0,0.6905,0,238
evidence-tabular-train-01549	2	3	2	206,208,69,112,142,178,157,148,33,89,124,61,110,65,21,84,52,77,35,117,199,151,203,2,20,93,167,103,40,204,206,45,131,10,158,136	1,0,0.9825,0,34;8,1,0.1685,0,240;3,3,0.3805,0,209;4,2,0.3525,0,136;6,4,0.1725,0,112;3,1,0.0185,1,250
evidence-tabular-train-01550	7	1	2	107,38,69,84,128,16,161,169,93,141,103,151,89,179,44,132,138,11,21,155,146,117,78,50,158,181,203,27,4,202,45,169,63,68,112,207	3,1,0.0515,0,162;2,4,0.8085,0,137;1,5,0.8245,0,121;5,2,0.3425,0,247;6,1,0.1005,0,69;7,2,0.4195,0,209
evidence-tabular-train-01551	9	1	0	214,3,160,49,183,70,149,117,109,116,96,141,210,41,84,191,135,66,154,75,12,88,35,205,204,19,32,146,21,186,105,138,178,63,122,45	2,2,0.7405,0,82;7,1,0.2195,0,254;0,5,0.4385,1,168;2,2,0.1395,3,246;8,3,0.9295,0,79;1,5,0.5395,0,229
evidence-tabular-train-01552	5	1	1	158,205,16,210,202,45,157,64,122,198,2,132,117,87,106,69,92,140,116,141,11,187,35,146,79,203,215,93,58,172,100,32,21,150,50,41	1,1,0.1805,0,234;7,1,0.2775,0,144;1,0,0.0595,0,170;6,5,0.8325,0,106;3,0,0.8235,0,250;1,2,0.9385,0,148
evidence-tabular-train-01553	1	1	2	69,85,151,203,154,23,190,58,176,94,91,64,55,140,175,208,123,100,153,146,184,118,41,202,189,31,13,110,3,114,141,80,19,45,131,39	2,3,0.6155,2,252;6,5,0.2965,0,168;6,0,0.1465,0,62;7,3,0.6315,1,55;3,4,0.5705,1,20;2,1,0.8405,0,107
evidence-tabular-train-01554	1	1	0	196,18,27,193,121,115,175,211,5,11,185,93,207,149,22,45,67,50,146,75,43,170,214,69,61,152,211,136,85,109,118,36,89,141,132,102	4,1,0.5735,1,70;2,2,0.6395,0,196;1,3,0.7125,0,173;2,3,0.2125,0,142;5,3,0.7255,1,105;0,2,0.0595,0,113
evidence-tabular-train-01555	1	1	0	45,41,27,91,22,39,182,59,19,136,141,6,84,93,146,166,176,119,55,172,179,211,67,109,149,129,204,164,173,69,201,105,81,116,10,133	5,0,0.7055,1,181;2,5,0.3655,0,89;6,1,0.7375,0,204;8,2,0.6745,0,10;8,3,0.9585,2,250;8,3,0.0435,0,57
evidence-tabular-train-01556	6	1	2	152,143,35,11,105,116,71,168,21,51,151,203,110,174,95,76,66,138,131,41,19,126,1,63,46,204,178,163,146,87,160,119,88,28,199,191	0,1,0.6005,0,170;3,1,0.3685,1,115;2,5,0.4885,2,11;3,5,0.1095,2,89;8,4,0.8295,2,147;5,1,0.4975,2,6
evidence-tabular-train-01557	10	0	2	195,77,198,188,140,25,16,69,8,91,152,62,208,21,64,132,85,108,169,45,127,57,97,112,161,183,151,117,145,163,93,40,191,10,39,144	7,0,0.0545,0,156;0,5,0.1525,0,76;8,4,0.0285,0,128;4,3,0.6065,0,43;0,2,0.0065,0,168;6,2,0.8785,3,54
evidence-tabular-train-01558	6	3	1	148,55,159,25,85,4,206,41,163,38,136,78,90,96,70,101,160,153,128,66,61,161,15,172,22,45,143,168,207,16,112,109,117,131,150,179	3,5,0.1235,1,97;0,4,0.3005,0,19;6,3,0.5035,1,179;5,3,0.4915,3,128;4,3,0.0035,0,54;7,1,0.0445,2,251
evidence-tabular-train-01559	5	2	0	22,159,207,84,28,45,149,40,7,170,112,69,52,199,66,18,93,75,124,35,138,172,58,196,141,117,153,199,106,212,134,13,100,147,92,156	6,3,0.5345,1,224;3,1,0.0695,0,162;3,0,0.5595,0,25;2,2,0.9525,0,232;3,0,0.0145,0,250;3,4,0.4405,0,89
evidence-tabular-train-01560	5	2	1	113,162,195,66,147,85,134,106,89,167,19,13,34,7,200,150,101,152,80,178,43,52,93,58,21,117,139,212,29,167,207,123,202,141,45,69	6,3,0.7075,0,190;4,0,0.6475,0,135;3,0,0.4955,0,6;7,3,0.2505,0,232;4,0,0.2495,0,249;2,4,0.7435,0,245
evidence-tabular-train-01561	10	0	1	67,106,20,197,11,5,71,212,86,59,101,37,40,171,156,127,93,51,197,137,117,22,184,179,193,130,47,114,77,29,141,90,214,172,150,145	4,1,0.9565,1,128;4,3,0.1685,2,254;2,1,0.6175,2,243;4,4,0.5805,0,0;4,0,0.4215,0,71;6,0,0.2275,0,241
evidence-tabular-train-01562	8	3	1	44,60,69,131,82,157,148,77,123,93,92,21,97,136,204,67,107,192,45,206,182,141,164,6,19,33,211,112,54,150,182,34,203,168,119,12	5,2,0.7805,0,177;8,0,0.9495,0,218;5,2,0.7895,0,30;4,0,0.8265,0,54;0,1,0.1745,2,164;2,1,0.0905,0,70
evidence-tabular-train-01563	2	1	1	136,40,174,133,50,93,64,106,72,5,176,15,19,117,150,35,203,206,180,176,33,116,153,45,173,91,61,23,75,97,174,124,82,146,164,141	4,5,0.6485,2,174;8,1,0.0455,0,136;1,3,0.1475,3,190;2,0,0.6245,0,172;0,0,0.9145,0,183;3,3,0.0375,0,240
evidence-tabular-train-01564	10	2	1	10,147,155,193,88,53,196,201,85,45,150,214,117,183,125,108,62,132,2,65,36,93,102,159,137,161,29,115,141,210,18,69,78,44,21,181	1,0,0.5405,0,169;4,2,0.9295,0,24;4,4,0.2075,0,129;5,3,0.0055,0,249;5,2,0.6155,0,35;4,2,0.3065,0,0
evidence-tabular-train-01565	6	3	2	50,17,148,10,3,22,93,66,144,151,97,110,69,163,185,76,183,88,25,137,117,206,213,201,121,166,161,58,83,208,39,135,116,163,45,44	2,0,0.2805,1,169;0,5,0.9915,0,135;1,0,0.4995,0,123;3,1,0.0525,0,121;0,4,0.8875,0,11;0,5,0.3215,3,46
evidence-tabular-train-01566	9	0	2	180,162,151,26,185,1,181,201,188,145,43,87,127,177,153,93,133,197,141,104,116,36,69,117,78,16,68,21,137,89,108,61,56,10,191,45	0,0,0.1915,0,34;1,2,0.7285,0,7;7,3,0.8355,0,37;5,5,0.3925,0,214;7,2,0.9445,0,73;6,3,0.2725,0,105
evidence-tabular-train-01567	1	2	0	109,120,163,212,37,68,201,63,168,99,185,135,44,27,21,84,141,126,69,96,45,115,50,149,198,91,175,159,7,18,77,14,195,139,168,147	6,4,0.4505,0,171;2,3,0.9935,0,43;1,5,0.8965,0,229;4,2,0.6445,3,103;2,3,0.7385,3,218;5,5,0.7945,0,99
evidence-tabular-train-01568	6	3	2	93,122,190,17,92,113,5,169,212,63,28,151,46,139,15,199,69,49,152,119,148,36,206,134,110,21,166,68,187,99,80,41,199,141,167,85	4,5,0.3325,0,233;3,2,0.3955,1,125;0,5,0.8865,0,151;7,3,0.9335,0,150;2,4,0.3705,2,148;1,4,0.7085,0,135
evidence-tabular-train-01569	1	3	2	75,25,47,41,107,124,184,194,192,189,51,61,65,20,135,103,21,137,185,3,148,83,117,15,167,141,115,209,182,162,160,93,36,90,69,151	2,5,0.8965,0,171;0,2,0.3175,2,48;2,3,0.2555,0,146;2,1,0.4205,0,40;6,1,0.7785,0,167;3,5,0.3565,0,125
evidence-tabular-train-01570	10	2	0	149,215,140,11,214,119,77,44,209,85,50,160,131,205,144,68,89,112,58,45,175,17,99,173,207,93,72,106,7,177,160,21,147,122,35,33	6,1,0.2925,0,226;8,1,0.9085,0,162;1,0,0.9715,3,78;4,3,0.2495,0,15;2,0,0.0085,2,80;1,1,0.8635,3,81
evidence-tabular-train-01571	10	2	1	45,129,114,33,166,85,103,69,206,68,194,147,161,177,164,1,73,108,133,117,44,89,18,150,11,141,201,50,138,37,62,93,176,160,164,21	0,1,0.5525,0,226;8,3,0.8105,0,137;1,4,0.9335,0,247;0,3,0.2015,0,40;6,2,0.4445,0,168;8,3,0.4675,0,238
evidence-tabular-train-01572	5	2	2	100,138,15,39,77,2,124,179,31,117,147,69,19,52,171,165,189,191,86,151,21,93,112,65,41,92,130,45,210,61,173,156,189,173,110,141	1,5,0.6705,0,167;6,5,0.2495,0,102;3,3,0.2705,0,97;4,4,0.9065,0,69;3,4,0.1785,0,71;3,0,0.4205,0,5
evidence-tabular-train-01573	5	2	0	93,18,90,206,100,79,28,204,57,41,63,197,69,45,117,123,202,181,149,141,37,131,166,21,116,65,187,147,136,3,83,152,12,109,158,211	2,2,0.5075,0,248;3,3,0.2335,0,105;8,5,0.3055,0,63;6,1,0.4735,0,214;3,3,0.8955,0,149;2,1,0.1785,0,230
evidence-tabular-train-01574	7	1	2	45,93,112,104,209,133,137,108,214,159,66,3,146,124,15,43,21,61,215,209,50,174,151,203,37,117,90,26,77,69,141,205,20,153,199,83	2,5,0.9735,0,87;1,3,0.6465,0,48;1,3,0.4675,0,186;4,1,0.5175,0,140;7,2,0.1585,0,208;3,3,0.3785,0,104
evidence-tabular-train-01575	7	1	1	119,81,43,156,36,197,177,21,82,45,184,141,146,150,69,19,101,174,131,27,6,157,182,140,89,50,61,114,93,192,172,181,124,107,15,68	5,5,0.6255,0,86;2,2,0.6915,0,179;1,3,0.9965,0,80;8,0,0.2865,0,230;4,1,0.5465,2,174;3,1,0.9955,0,240
evidence-tabular-train-01576	10	0	0	159,57,191,198,90,117,21,97,208,43,16,67,127,69,168,153,61,145,7,36,15,140,77,170,144,158,185,29,84,185,93,149,114,45,106,133	6,5,0.1695,0,225;4,2,0.6535,0,52;8,3,0.6615,0,29;4,2,0.4485,0,185;0,0,0.4375,0,61;6,3,0.9725,3,128
evidence-tabular-train-01577	9	2	2	74,93,186,8,209,209,193,111,201,117,201,16,34,185,123,45,141,69,85,113,56,101,151,40,189,62,11,90,185,33,134,68,21,136,195,147	7,1,0.1275,0,125;8,0,0.0625,0,241;7,4,0.8265,0,110;1,3,0.4215,0,130;4,5,0.3015,0,168;2,4,0.1145,0,70
evidence-tabular-train-01578	9	1	1	173,141,19,185,199,71,112,128,155,87,46,21,138,171,39,184,146,109,93,150,26,68,175,180,59,117,174,185,49,1,99,40,89,75,15,135	0,5,0.7415,0,238;1,5,0.0605,1,14;0,1,0.8035,2,217;2,5,0.3215,0,19;2,3,0.1755,0,163;7,5,0.5405,0,160
evidence-tabular-train-01579	10	0	2	108,133,98,214,166,117,21,204,92,69,197,145,17,175,85,81,168,116,95,59,175,44,141,208,39,151,158,126,139,161,29,66,51,11,3,45	2,1,0.2125,0,33;4,5,0.9065,0,79;2,1,0.4665,0,252;8,3,0.9905,2,58;1,2,0.9845,0,221;5,3,0.6305,0,205
evidence-tabular-train-01580	5	2	2	184,141,7,214,21,98,86,183,93,205,18,66,147,124,45,60,152,52,31,167,71,135,40,118,170,139,76,186,178,12,173,111,88,151,37,116	6,2,0.5675,0,74;6,3,0.1635,0,193;3,2,0.4305,2,206;3,4,0.0055,0,151;1,5,0.8495,1,129;3,5,0.7085,0,139
evidence-tabular-train-01581	4	1	2	113,151,10,81,86,43,137,46,141,21,3,175,129,69,108,182,52,117,169,177,171,18,188,34,215,96,65,213,30,146,159,134,99,170,62,91	2,0,0.4585,0,249;5,0,0.6565,1,82;3,4,0.2365,0,244;8,4,0.7875,3,70;2,2,0.3085,0,236;8,4,0.3725,0,29
evidence-tabular-train-01582	10	1	2	9,183,68,75,204,141,45,130,40,117,157,175,192,88,34,31,177,98,155,200,124,53,106,192,21,59,14,140,69,115,85,156,93,17,151,146	8,4,0.2715,0,120;6,0,0.0525,0,158;4,1,0.9305,0,41;2,3,0.0825,0,28;1,0,0.7965,0,118;3,0,0.9755,0,171
evidence-tabular-train-01583	10	1	2	186,94,84,41,117,180,214,6,13,139,141,133,200,214,146,125,109,21,61,88,46,64,196,151,193,73,33,51,113,159,189,19,173,69,99,37	5,3,0.6165,0,5;8,3,0.2775,1,99;2,3,0.0585,0,67;0,2,0.0485,1,123;2,3,0.3795,0,190;4,3,0.7105,0,3
evidence-tabular-train-01584	1	1	0	9,125,144,86,182,146,185,137,91,207,34,110,69,200,98,33,67,149,51,20,11,169,117,45,178,60,21,210,95,42,115,132,157,78,196,153	8,1,0.8775,0,180;8,0,0.4645,0,170;2,2,0.7985,0,114;5,4,0.7445,2,37;1,4,0.6235,0,27;4,2,0.3765,3,162
evidence-tabular-train-01585	2	3	1	143,176,150,20,86,109,202,42,130,68,124,119,21,152,11,45,59,166,100,181,162,138,197,52,4,27,116,148,90,205,69,169,78,94,180,36	3,1,0.8005,0,237;2,2,0.4375,0,75;3,1,0.9085,0,79;5,4,0.5775,1,35;3,3,0.8285,2,216;3,0,0.4715,2,250
evidence-tabular-train-01586	2	3	0	188,91,126,84,24,192,44,175,149,64,119,9,208,107,36,28,176,20,180,80,141,54,179,130,59,104,11,45,93,112,70,138,162,166,148,215	8,1,0.9945,3,244;3,2,0.9175,0,33;5,1,0.1425,1,63;7,2,0.7795,0,144;7,1,0.0045,2,13;5,0,0.4225,0,102
evidence-tabular-train-01587	2	2	1	67,57,210,112,202,26,43,21,134,181,45,92,12,69,167,159,150,118,178,76,6,142,103,59,93,164,183,197,139,147,110,126,196,38,84,19	5,2,0.6205,0,125;1,4,0.7955,0,68;8,1,0.7245,0,43;3,2,0.9465,0,249;6,4,0.0535,1,191;5,4,0.6295,1,222
evidence-tabular-train-01588	1	2	0	203,171,187,90,5,20,99,139,208,149,52,147,152,36,113,11,27,44,93,110,48,208,61,65,196,130,21,141,124,75,85,178,72,117,156,178	4,1,0.9075,0,242;2,2,0.9675,3,223;3,3,0.2595,3,211;2,3,0.5655,0,21;2,4,0.3955,0,137;3,0,0.7515,0,191
evidence-tabular-train-01589	6	3	0	42,50,37,148,121,215,69,74,212,203,191,2,178,133,139,117,107,167,63,26,45,165,86,64,116,161,22,17,15,141,169,97,149,93,88,206	1,5,0.2065,1,73;1,3,0.5305,0,152;1,5,0.1905,0,244;1,4,0.1235,0,142;0,1,0.8315,0,138;0,3,0.7725,0,125
evidence-tabular-train-01590	0	3	0	174,50,66,3,109,177,156,174,117,140,75,45,155,25,20,148,160,100,206,90,93,21,176,69,11,44,113,149,170,34,58,166,124,82,133,141	2,1,0.9675,0,181;0,0,0.8195,0,147;1,0,0.4855,0,209;2,0,0.5615,0,63;3,3,0.3105,0,219;3,3,0.8005,0,135
evidence-tabular-train-01591	2	2	0	113,201,65,132,149,43,141,205,93,4,137,99,166,29,55,121,69,185,207,84,36,117,106,45,196,205,147,207,21,158,196,60,12,18,75,89	3,2,0.5745,0,144;4,2,0.7315,0,29;6,2,0.3175,0,191;2,2,0.2625,0,236;2,0,0.2835,0,52;0,2,0.2475,0,31
evidence-tabular-train-01592	10	0	2	101,9,89,82,107,195,181,209,54,175,141,116,117,21,184,194,38,17,133,25,145,151,14,78,127,166,96,168,63,67,45,69,203,43,178,139	8,4,0.3835,0,154;0,4,0.7755,0,46;5,5,0.7675,0,196;5,0,0.2695,3,248;4,1,0.9425,0,101;6,3,0.6675,0,159
evidence-tabular-train-01593	9	1	0	112,79,7,171,139,117,146,27,199,168,134,69,87,15,184,102,93,46,124,63,201,212,88,106,43,203,169,21,66,37,56,19,192,152,141,149	6,5,0.6575,0,1;2,3,0.7135,1,55;7,5,0.5145,0,44;6,5,0.1975,0,52;5,0,0.0245,0,195;3,4,0.7915,0,27
evidence-tabular-train-01594	1	3	2	3,112,170,210,148,184,37,68,132,47,142,82,123,44,151,93,55,69,20,214,75,90,21,193,101,139,214,31,109,162,173,62,188,203,117,15	2,5,0.9465,0,100;6,3,0.9935,2,101;6,4,0.8385,0,50;2,0,0.5485,0,150;4,3,0.0705,0,94;2,2,0.6925,1,156
evidence-tabular-train-01595	2	1	0	21,107,100,45,208,194,132,69,139,112,125,64,141,169,149,117,42,146,55,169,14,36,175,16,62,208,94,191,28,208,86,196,208,80,90,7	6,4,0.0275,0,69;3,2,0.4085,0,203;6,4,0.0735,0,68;7,4,0.4145,1,158;3,1,0.1765,0,57;4,2,0.6145,0,97
evidence-tabular-train-01596	8	3	0	93,64,101,117,152,41,23,140,156,203,160,6,59,19,84,198,169,163,134,14,80,126,141,45,27,203,192,69,35,89,148,114,149,51,110,175	5,4,0.7485,2,118;2,1,0.2855,0,221;2,1,0.1975,0,162;7,2,0.2205,0,24;4,4,0.4765,0,180;5,4,0.9185,0,150
evidence-tabular-train-01597	8	1	1	214,141,172,204,211,67,20,205,3,204,121,117,188,13,26,78,69,85,23,146,139,39,166,186,43,102,60,94,116,150,91,45,109,130,178,56	2,3,0.9765,2,197;1,5,0.7815,0,240;7,2,0.6595,0,222;5,3,0.7765,1,248;5,3,0.9995,0,96;0,0,0.7055,0,255
evidence-tabular-train-01598	8	3	2	148,157,117,63,54,28,172,154,92,100,116,19,130,155,125,21,69,173,214,44,199,137,15,80,151,141,203,34,109,93,65,45,180,6,87,170	5,5,0.6155,0,103;3,0,0.9735,0,43;5,5,0.2945,0,88;7,5,0.9215,0,188;3,3,0.9805,0,164;4,0,0.2745,0,163
evidence-tabular-train-01599	6	0	2	113,21,166,121,83,13,45,162,111,90,79,63,139,42,101,141,67,172,157,145,1,130,117,151,213,202,156,69,26,18,178,51,93,168,181,36	0,3,0.5015,0,2;1,2,0.5845,0,3;2,5,0.6725,0,41;6,1,0.5355,0,171;4,5,0.2875,0,182;0,0,0.7525,0,20
evidence-tabular-train-01600	0	3	0	66,28,21,69,93,42,140,47,117,168,141,115,175,62,52,208,148,135,89,17,179,199,149,186,192,100,108,11,74,125,196,84,39,169,211,1	0,1,0.2805,0,84;3,5,0.5865,2,229;3,4,0.4255,0,31;1,2,0.2195,0,32;3,2,0.6145,0,246;4,5,0.8055,0,64
evidence-tabular-train-01601	0	3	2	206,171,185,134,45,151,2,69,21,60,148,89,159,93,85,65,165,211,153,141,117,40,111,14,17,139,124,35,189,163,99,76,185,51,112,27	1,4,0.3455,0,110;2,1,0.1635,0,179;2,2,0.2075,0,187;3,3,0.2135,0,216;2,5,0.1045,0,41;3,4,0.7215,0,70
evidence-tabular-train-01602	10	2	2	95,83,21,73,116,33,14,18,59,169,43,57,181,194,101,89,68,147,197,110,117,199,2,151,141,193,137,123,200,207,133,69,195,45,174,36	1,4,0.4785,0,141;8,2,0.7305,0,216;8,1,0.9075,0,180;0,1,0.2425,2,86;4,4,0.9995,0,202;2,3,0.3765,0,198
evidence-tabular-train-01603	10	1	0	114,207,169,42,90,118,26,126,65,87,184,9,210,183,152,13,59,111,45,166,17,93,180,197,146,69,77,53,134,138,100,21,142,39,149,202	8,3,0.3275,0,50;1,5,0.5355,0,61;4,1,0.2995,0,166;4,5,0.4735,0,236;3,5,0.4255,1,156;5,4,0.4645,1,217
evidence-tabular-train-01604	6	0	0	53,192,139,155,92,141,117,177,179,193,194,184,121,161,66,36,87,145,1,48,60,21,108,69,158,30,20,79,149,93,15,98,134,43,116,199	0,5,0.8075,0,55;5,2,0.7505,3,93;4,2,0.4685,0,207;6,5,0.9255,0,106;1,2,0.8745,0,153;0,4,0.6495,0,90
evidence-tabular-train-01605	0	3	2	51,195,169,180,115,89,205,189,198,110,29,35,160,99,45,76,174,144,162,85,4,121,148,93,151,68,10,72,117,22,42,171,137,133,59,17	3,0,0.2185,1,169;4,1,0.4905,0,150;2,1,0.9385,3,76;3,3,0.2675,0,130;2,4,0.6355,0,25;0,3,0.2475,3,228
evidence-tabular-train-01606	4	1	1	197,103,207,107,43,150,37,28,53,45,67,213,81,63,117,207,4,93,192,126,88,69,20,197,10,143,21,205,156,185,146,83,134,170,139,115	3,0,0.8585,0,47;3,3,0.7195,0,79;4,5,0.6445,0,125;8,1,0.1415,0,154;6,1,0.6535,0,219;5,4,0.7305,2,58
evidence-tabular-train-01607	5	2	0	157,134,141,92,18,93,147,82,54,64,109,166,4,21,204,172,124,62,209,188,41,45,75,137,169,164,100,29,14,175,69,176,149,112,117,34	3,4,0.4925,0,184;4,0,0.3485,0,95;5,4,0.0145,0,17;2,0,0.8795,0,61;3,3,0.0785,0,239;3,4,0.2485,0,19
evidence-tabular-train-01608	1	0	0	173,149,37,119,194,13,79,45,170,135,163,107,195,180,31,99,54,136,88,66,3,141,129,93,198,145,82,203,115,21,19,42,59,69,154,194	2,3,0.7445,0,192;6,3,0.5415,0,20;5,1,0.4775,0,140;6,0,0.0555,0,120;2,1,0.7735,2,236;8,5,0.1605,0,204
evidence-tabular-train-01609	8	2	1	3,156,22,178,27,197,147,129,69,43,150,11,199,138,102,117,200,115,66,131,198,34,108,90,83,48,93,215,61,212,18,141,81,170,192,54	2,1,0.4215,1,101;2,0,0.6615,3,37;5,3,0.4745,0,219;8,1,0.4025,0,244;5,2,0.6335,0,244;8,1,0.5865,0,248
evidence-tabular-train-01610	6	1	0	54,149,197,117,139,93,191,141,19,187,115,188,199,41,121,76,90,34,12,28,69,21,152,1,65,45,62,195,146,106,189,135,174,100,208,84	0,2,0.6115,0,13;3,0,0.2445,0,103;5,4,0.3245,0,173;3,2,0.4075,0,162;3,0,0.6735,0,204;0,5,0.7405,0,26
evidence-tabular-train-01611	7	1	2	146,190,138,117,70,155,66,44,39,110,195,58,210,126,175,151,204,134,4,17,55,141,93,178,170,26,45,104,88,114,75,202,11,21,171,87	3,1,0.2035,0,178;1,5,0.9075,0,178;6,0,0.4935,1,251;2,5,0.0845,0,135;7,4,0.5675,0,130;5,4,0.5495,0,209
evidence-tabular-train-01612	0	3	2	99,108,168,148,117,188,151,81,41,173,124,18,86,209,140,133,90,93,206,67,186,141,115,21,10,71,57,3,180,156,211,45,61,36,204,30	2,0,0.5175,0,223;5,2,0.2025,0,95;8,3,0.6305,2,240;8,4,0.5615,0,158;2,2,0.6935,0,246;3,3,0.9915,0,29
evidence-tabular-train-01613	10	1	1	29,140,62,115,89,99,150,74,68,6,187,21,39,132,126,72,146,11,154,182,53,156,45,170,19,164,94,160,117,141,111,203,208,84,43,170	5,1,0.7165,0,253;4,5,0.6365,0,14;4,4,0.8935,3,31;1,2,0.2375,1,113;2,5,0.7955,0,251;5,2,0.9625,0,119
evidence-tabular-train-01614	4	1	0	215,38,175,212,59,64,128,45,21,42,4,92,95,117,146,164,73,168,179,136,166,177,100,49,12,28,72,141,184,115,135,107,213,149,17,84	3,2,0.2315,0,36;3,4,0.5585,0,21;0,1,0.0815,3,226;0,2,0.8165,2,67;3,1,0.6775,0,65;7,5,0.1215,0,150
evidence-tabular-train-01615	1	2	2	62,186,112,20,69,27,14,159,182,87,137,171,117,110,151,21,3,93,42,161,77,52,214,154,97,124,163,141,64,45,212,38,134,88,152,147	2,4,0.8965,0,133;2,4,0.5655,0,168;3,4,0.0145,0,59;4,5,0.0225,0,141;0,4,0.0345,0,229;3,4,0.3805,0,103
evidence-tabular-train-01616	1	2	1	112,129,40,75,205,137,99,195,156,49,206,150,37,9,45,205,164,147,184,130,93,117,16,186,90,21,12,85,184,70,64,106,152,33,143,59	8,2,0.0995,0,14;8,3,0.0845,0,71;0,1,0.1825,1,220;2,3,0.5735,0,134;2,0,0.0695,0,163;8,0,0.2055,2,241
evidence-tabular-train-01617	9	3	0	139,193,117,54,159,166,92,188,125,20,21,34,64,111,175,104,194,84,148,169,93,135,114,46,213,69,10,40,197,162,149,58,4,141,29,76	3,0,0.8855,0,235;4,0,0.0395,1,38;5,0,0.1765,0,120;3,2,0.8925,0,159;7,5,0.5945,0,177;4,5,0.6565,0,68
evidence-tabular-train-01618	7	2	1	11,166,209,54,65,97,117,36,19,74,190,69,182,214,175,155,141,87,25,132,93,137,147,123,114,168,150,21,40,91,4,197,45,177,107,63	3,1,0.7165,0,119;0,2,0.0815,0,20;5,5,0.3865,0,119;1,5,0.7445,0,194;0,1,0.4155,0,201;2,2,0.3635,0,90
evidence-tabular-train-01619	2	0	0	80,166,149,158,60,66,191,177,142,106,22,130,212,69,140,9,35,205,215,123,57,187,116,41,45,156,97,17,10,84,175,145,91,96,27,117	8,0,0.2615,1,192;2,1,0.3415,0,35;8,2,0.5055,0,196;7,2,0.6545,3,116;0,0,0.8645,0,169;2,0,0.8795,1,206
evidence-tabular-train-01620	7	1	1	69,165,18,207,214,45,146,44,163,129,117,202,110,134,59,185,115,93,136,66,26,188,11,153,92,21,150,6,74,38,83,187,141,100,178,52	5,1,0.5665,0,190;1,4,0.8645,0,205;3,1,0.4985,0,230;1,1,0.9275,0,1;3,4,0.6795,0,147;8,4,0.1865,0,157
evidence-tabular-train-01621	1	2	2	191,96,164,177,27,215,126,196,138,12,115,19,48,203,68,84,185,79,107,151,69,97,89,172,51,147,118,141,4,21,206,41,61,187,130,34	3,2,0.6035,0,157;2,0,0.3575,3,157;2,3,0.9005,0,146;6,2,0.2775,3,48;0,1,0.6905,1,192;5,0,0.5195,0,194
evidence-tabular-train-01622	0	3	1	75,215,54,17,127,178,42,131,164,107,14,140,7,191,148,38,69,28,45,64,61,21,104,115,196,150,88,144,185,93,200,157,177,117,82,168	6,4,0.2705,0,162;3,4,0.4185,0,19;5,3,0.1155,0,247;2,0,0.1815,0,146;7,1,0.7785,0,203;6,1,0.9405,3,145
evidence-tabular-train-01623	1	2	0	3,86,178,38,149,61,42,203,172,154,140,45,134,177,165,191,93,209,123,106,12,79,114,30,176,50,66,92,18,141,117,22,147,105,179,69	2,2,0.4735,1,193;5,4,0.5725,0,113;1,3,0.5985,0,87;6,4,0.9175,0,155;8,0,0.4225,0,149;2,4,0.9655,0,168
evidence-tabular-train-01624	7	3	0	43,45,206,74,85,124,148,65,21,120,187,103,93,195,179,115,55,12,90,152,108,197,37,202,141,186,61,137,16,133,149,154,6,26,71,167	5,2,0.0885,0,128;1,3,0.7995,0,57;6,3,0.3635,2,86;1,3,0.5415,0,106;6,2,0.6965,3,101;3,3,0.3195,0,17
evidence-tabular-train-01625	7	3	0	83,18,152,122,157,184,59,207,89,69,99,57,93,189,148,119,45,186,21,11,139,36,149,185,64,214,141,108,42,209,178,3,25,135,80,112	2,1,0.5955,0,110;0,2,0.4565,0,234;8,1,0.1585,0,14;7,1,0.2785,0,15;2,2,0.1875,2,249;1,5,0.6465,0,143
evidence-tabular-train-01626	1	0	2	44,180,134,56,177,89,212,211,14,189,138,75,145,45,35,18,93,109,86,64,212,207,61,5,119,169,179,123,69,101,21,112,141,194,26,151	4,4,0.5545,0,243;1,1,0.9575,0,76;7,3,0.1985,0,35;2,4,0.3475,0,217;4,3,0.1755,2,245;2,4,0.4015,0,124
evidence-tabular-train-01627	6	3	1	58,93,170,117,199,67,121,113,42,91,25,51,10,150,97,84,73,35,214,21,110,184,194,148,3,45,164,140,144,162,176,69,134,157,20,211	2,0,0.9955,0,101;0,1,0.5055,0,100;2,0,0.6735,0,61;0,2,0.7245,0,25;0,4,0.2145,0,98;0,4,0.9715,3,204
evidence-tabular-train-01628	2	2	0	210,40,207,21,83,37,196,190,185,124,112,2,81,46,137,187,178,55,155,177,72,109,17,61,64,147,90,29,132,149,93,120,143,12,199,104	1,2,0.2025,0,24;4,3,0.0125,1,228;6,3,0.1565,3,101;8,1,0.5505,0,242;7,3,0.1265,3,37;3,2,0.3495,2,33
evidence-tabular-train-01629	10	2	0	3,74,117,134,10,167,21,149,139,84,60,57,101,209,200,42,208,169,35,67,158,45,141,110,171,172,173,147,19,116,123,94,164,88,69,29	2,0,0.7055,0,161;4,1,0.4745,0,211;8,2,0.7375,0,62;1,2,0.0225,1,12;4,4,0.9775,0,182;2,4,0.7805,0,234
evidence-tabular-train-01630	8	2	1	203,25,106,115,128,85,150,147,188,182,117,138,104,158,141,130,44,75,93,69,21,92,17,192,161,35,194,180,15,45,54,166,199,63,6,67	5,5,0.2655,0,205;0,1,0.8355,0,172;5,5,0.6875,0,244;2,3,0.9645,0,228;7,0,0.6195,0,47;7,0,0.4835,0,117
evidence-tabular-train-01631	4	1	2	36,93,214,122,109,4,117,169,112,141,169,12,158,43,85,146,205,59,178,164,45,20,29,21,52,151,205,65,167,140,104,134,91,69,76,155	3,2,0.9895,0,104;4,2,0.6985,0,45;3,1,0.3715,0,22;3,3,0.7705,0,194;7,3,0.0375,0,151;1,4,0.8605,0,71
evidence-tabular-train-01632	9	2	2	156,45,107,213,21,66,209,56,141,131,212,147,59,34,182,119,9,44,80,121,69,167,19,114,136,26,207,212,84,151,13,93,173,100,162,91	8,3,0.6815,0,54;1,0,0.9515,0,215;7,1,0.4015,0,174;7,2,0.6725,0,140;3,1,0.5545,2,38;0,1,0.1055,0,144
evidence-tabular-train-01633	5	1	1	137,84,63,105,69,109,146,28,66,191,206,125,150,208,16,93,167,42,192,193,74,215,90,112,165,134,21,15,194,142,212,4,55,117,45,36	3,5,0.1675,0,6;3,2,0.4485,0,127;6,5,0.4975,0,123;1,2,0.4945,0,100;8,3,0.1255,0,248;4,4,0.3465,1,163
evidence-tabular-train-01634	5	0	2	209,174,55,103,83,130,115,204,205,36,151,145,155,3,63,157,95,126,88,67,32,10,163,19,136,69,24,141,41,109,117,45,181,78,207,186	2,0,0.7165,3,125;7,2,0.2125,0,162;6,5,0.7915,0,119;5,1,0.1525,2,247;6,3,0.6085,0,25;5,0,0.1765,0,61
evidence-tabular-train-01635	5	3	1	88,40,112,13,148,76,174,213,32,170,50,189,99,169,35,182,84,7,170,134,200,211,60,66,118,93,150,141,129,171,18,70,136,21,108,45	6,3,0.5935,0,72;7,1,0.1025,0,212;1,2,0.4615,1,255;3,2,0.1845,0,65;2,2,0.1235,1,6;8,4,0.1095,0,99
evidence-tabular-train-01636	5	2	0	86,31,45,130,158,15,55,116,190,69,165,215,207,75,110,105,61,149,3,67,37,117,18,192,143,139,43,147,88,196,21,128,179,93,183,215	2,5,0.5965,0,59;6,3,0.7275,0,41;6,3,0.7145,0,238;2,4,0.0145,0,40;8,4,0.8185,0,70;7,0,0.7105,2,199
evidence-tabular-train-01637	1	3	2	95,112,100,55,160,27,45,44,183,165,176,174,16,62,9,148,21,124,91,213,12,86,76,109,67,140,171,141,131,118,157,35,162,151,203,69	8,2,0.0785,0,213;2,1,0.8455,0,14;6,4,0.6135,0,23;3,4,0.7325,2,195;3,3,0.1565,1,225;3,1,0.9825,0,41
evidence-tabular-train-01638	1	1	1	77,93,56,35,42,169,212,111,200,136,99,61,87,69,175,117,14,144,173,200,172,132,9,146,91,45,191,186,150,116,23,17,128,158,67,31	8,4,0.3935,2,80;6,1,0.4545,0,81;7,3,0.7165,0,124;4,5,0.6015,0,131;2,5,0.8265,0,147;7,2,0.0315,3,96
evidence-tabular-train-01639	2	2	1	188,118,179,178,11,58,147,100,137,207,45,36,123,8,131,66,82,175,213,88,74,93,191,17,141,150,154,41,70,112,106,164,54,165,23,28	7,1,0.2585,2,58;3,2,0.2095,0,58;5,0,0.5145,1,156;1,0,0.1465,0,198;3,0,0.0575,1,59;2,1,0.2355,0,181
evidence-tabular-train-01640	1	3	2	114,91,196,69,103,161,77,64,117,135,187,185,170,13,122,63,2,86,24,164,45,42,35,27,151,161,106,148,142,173,181,137,94,57,193,17	1,3,0.2735,3,148;2,1,0.5555,0,204;8,5,0.0395,0,95;4,4,0.6575,1,17;6,0,0.4445,0,237;1,5,0.3825,1,230
evidence-tabular-train-01641	5	2	2	99,87,194,178,112,134,69,202,61,12,54,189,93,184,137,151,33,7,191,163,141,19,21,195,34,107,127,88,178,117,43,66,147,175,75,45	6,2,0.7465,0,199;8,0,0.6375,0,171;5,3,0.5895,0,154;2,5,0.0655,0,152;2,1,0.0585,0,241;6,4,0.2215,0,179
evidence-tabular-train-01642	1	3	2	174,130,69,204,16,85,175,140,21,123,188,117,34,162,202,40,60,148,109,156,93,141,116,75,10,51,5,68,45,27,193,164,151,102,90,159	4,0,0.0225,0,136;2,0,0.0565,0,88;2,2,0.9175,0,23;2,3,0.4155,0,63;5,3,0.9775,0,141;2,0,0.9405,0,106
evidence-tabular-train-01643	2	1	2	79,199,59,180,10,206,202,191,18,106,202,84,152,43,146,72,93,113,176,132,51,21,32,98,45,124,9,92,151,139,37,66,158,141,117,159	8,0,0.4525,0,142;7,3,0.7795,0,177;2,1,0.4475,3,222;6,2,0.9315,0,203;1,0,0.3585,0,230;3,2,0.7945,0,80
evidence-tabular-train-01644	1	2	2	84,180,38,10,123,180,117,188,115,94,58,21,89,202,167,27,188,45,140,81,199,185,132,40,1,155,151,69,101,55,106,141,64,19,172,147	0,0,0.7375,0,71;2,4,0.0765,0,244;6,0,0.0255,0,80;8,2,0.2065,1,227;4,0,0.6375,0,44;2,2,0.9245,0,184
evidence-tabular-train-01645	0	3	1	29,43,185,150,106,21,92,69,188,65,50,148,134,114,141,172,172,209,76,117,45,7,172,58,105,17,123,153,199,86,35,10,136,198,93,192	6,0,0.3715,0,248;4,1,0.7495,0,66;1,0,0.3575,0,50;3,4,0.8995,0,106;8,0,0.5255,0,201;2,4,0.0655,0,59
evidence-tabular-train-01646	4	1	1	184,146,122,117,114,28,165,103,150,206,69,14,4,96,172,140,141,19,34,170,200,66,42,134,45,192,152,57,89,164,201,59,76,21,82,110	3,4,0.6685,0,176;3,0,0.4375,0,252;8,1,0.5025,0,149;3,0,0.2275,3,102;6,4,0.5665,0,99;1,4,0.9885,0,212
evidence-tabular-train-01647	1	1	2	173,185,63,123,213,102,6,135,16,106,87,42,170,79,151,173,45,21,117,36,167,13,90,189,69,28,185,211,137,94,51,66,115,141,146,186	5,3,0.0965,0,150;3,2,0.4005,0,122;2,5,0.5145,0,9;6,5,0.5425,1,27;5,0,0.6215,0,143;2,5,0.2915,0,124
evidence-tabular-train-01648	9	1	0	27,69,137,14,87,106,215,19,122,154,100,76,146,196,153,212,135,45,34,58,95,66,92,118,160,156,56,185,24,115,149,41,2,170,141,170	1,4,0.7995,3,227;2,0,0.2935,0,37;7,0,0.5465,0,6;3,5,0.9355,2,218;3,0,0.7175,1,167;1,5,0.3315,0,114
evidence-tabular-train-01649	1	1	2	143,115,122,45,191,158,70,146,152,151,215,44,158,138,160,62,103,173,88,38,93,162,154,132,27,68,81,6,109,85,21,118,10,19,180,56	5,0,0.6355,0,34;2,4,0.8395,0,155;7,4,0.9185,1,151;8,3,0.0585,0,102;6,3,0.7655,1,25;1,2,0.4255,2,26
evidence-tabular-train-01650	7	2	0	36,69,59,115,208,198,83,149,68,194,122,92,203,140,2,30,174,191,98,117,11,158,45,93,111,56,40,152,147,157,142,170,18,21,135,74	1,1,0.5885,0,153;5,2,0.0145,0,39;7,1,0.8485,0,155;1,1,0.8595,0,198;1,5,0.6505,0,242;1,5,0.9865,1,213
evidence-tabular-train-01651	1	0	2	21,141,214,84,134,174,75,89,66,47,13,69,55,113,205,41,63,139,99,197,151,19,193,117,215,3,27,36,210,93,210,145,108,212,197,123	2,3,0.7475,0,26;2,2,0.2095,2,79;6,5,0.4715,0,179;2,2,0.2465,0,18;2,2,0.2135,0,142;2,4,0.7355,0,174
evidence-tabular-train-01652	1	3	0	141,34,117,68,7,148,130,92,14,87,174,21,100,61,184,112,122,206,164,214,49,75,40,184,26,157,69,149,93,17,45,183,167,111,174,136	6,4,0.3115,0,171;1,0,0.1505,0,153;0,3,0.8785,0,70;2,5,0.8365,0,237;3,5,0.0605,0,175;1,0,0.0805,0,67
evidence-tabular-train-01653	2	1	2	117,189,93,195,123,169,99,132,71,144,108,21,179,68,17,188,210,163,40,213,52,27,91,45,2,13,192,137,59,114,76,200,39,146,151,84	1,3,0.2845,0,251;2,5,0.0255,0,142;3,1,0.8795,2,11;3,2,0.7295,0,166;2,2,0.4435,0,43;2,2,0.3125,3,45
evidence-tabular-train-01654	4	1	1	14,192,92,9,38,177,33,111,63,93,76,72,152,146,118,135,67,200,43,16,115,201,150,141,54,98,160,168,197,138,205,83,192,124,21,45	8,4,0.1535,0,151;8,4,0.6215,0,173;5,5,0.7215,3,71;3,1,0.9735,0,29;1,5,0.6655,1,200;3,5,0.4425,0,182
evidence-tabular-train-01655	4	1	1	125,91,164,209,202,67,115,207,100,2,166,84,150,196,109,21,167,165,15,200,19,133,69,35,146,93,76,139,45,40,51,141,117,58,189,31	1,5,0.6195,0,43;6,1,0.0465,0,151;2,0,0.7365,0,125;3,2,0.6065,0,133;3,3,0.7875,0,191;4,3,0.6825,0,26
evidence-tabular-train-01656	9	3	0	137,89,160,198,112,41,101,157,141,45,32,93,149,18,117,194,84,21,79,69,134,52,64,60,11,148,121,106,160,182,196,180,37,187,171,8	7,1,0.4345,0,24;7,3,0.3735,0,91;3,2,0.0145,0,13;6,2,0.2305,0,195;4,0,0.0295,0,188;0,4,0.2915,0,165
evidence-tabular-train-01657	2	3	1	189,60,197,206,4,81,148,175,130,188,53,93,37,213,40,185,68,195,171,101,27,92,156,18,150,141,110,82,140,112,69,21,11,45,118,123	3,1,0.5155,0,189;2,3,0.1455,0,87;4,2,0.9465,0,27;8,0,0.8765,0,211;4,4,0.0835,1,233;2,0,0.9005,0,165
evidence-tabular-train-01658	4	1	0	141,146,21,38,139,163,58,41,117,93,205,203,85,91,113,179,98,195,149,75,211,45,177,10,166,69,157,67,124,6,28,133,207,56,18,111	5,0,0.5885,0,244;3,4,0.3725,0,120;7,0,0.6315,0,153;2,3,0.7485,0,6;1,5,0.2565,0,198;3,3,0.7475,0,206
evidence-tabular-train-01659	8	3	1	150,4,137,31,62,119,65,158,116,13,184,93,208,22,141,124,69,132,213,56,78,196,45,41,18,205,148,169,34,109,105,86,208,167,92,190	3,3,0.4415,1,115;6,0,0.3435,0,202;7,4,0.3305,0,183;5,4,0.8305,0,206;8,3,0.9335,2,225;3,2,0.3205,0,138
evidence-tabular-train-01660	5	3	1	169,116,55,181,167,117,81,21,127,189,201,18,41,148,69,182,209,36,186,15,136,45,6,141,88,93,135,111,103,85,153,203,60,33,64,150	5,5,0.4635,0,214;8,2,0.2575,0,163;6,2,0.0845,0,74;8,3,0.1825,0,246;6,5,0.9485,0,115;6,5,0.0655,0,41
evidence-tabular-train-01661	1	2	0	143,14,155,75,60,91,137,185,17,198,197,117,21,212,128,65,149,215,29,93,130,83,49,106,192,153,181,69,147,39,45,154,3,116,100,40	2,4,0.3085,0,112;4,5,0.1455,0,208;0,2,0.2015,0,224;2,1,0.7895,0,213;3,0,0.8235,0,169;7,0,0.3865,2,119
evidence-tabular-train-01662	4	1	1	173,150,45,105,66,159,10,168,201,158,21,138,38,89,141,19,146,117,170,124,194,207,4,174,73,155,133,27,116,82,106,43,70,61,93,57	3,0,0.7965,0,224;2,4,0.6925,0,39;8,3,0.5145,1,248;0,0,0.2965,0,139;8,0,0.8745,0,43;3,3,0.5785,0,187
evidence-tabular-train-01663	1	1	1	94,113,21,42,177,136,11,117,183,146,82,45,190,27,91,175,39,98,180,193,141,211,167,69,150,78,60,123,210,4,160,132,110,67,20,55	3,1,0.9255,0,34;2,5,0.5105,0,160;6,2,0.6785,0,210;5,0,0.6355,1,195;1,4,0.2475,0,85;2,2,0.1645,0,158
evidence-tabular-train-01664	10	2	1	5,15,53,18,60,105,176,154,147,129,21,138,117,89,87,65,42,202,70,150,130,81,201,200,111,28,47,193,160,93,152,113,38,187,158,141	4,5,0.5095,0,98;3,4,0.5585,2,15;4,2,0.2375,1,67;8,5,0.3735,0,235;8,5,0.3385,0,142;8,0,0.4045,0,75
evidence-tabular-train-01665	1	1	1	116,3,45,156,93,179,184,198,124,214,40,99,197,150,136,62,91,196,172,69,75,15,118,130,110,32,21,82,19,39,57,156,146,65,142,184	2,5,0.7425,0,13;7,5,0.0445,0,11;8,4,0.3565,0,177;2,0,0.6825,0,72;2,4,0.8395,1,156;3,0,0.0655,1,139
evidence-tabular-train-01666	2	3	2	33,151,67,19,127,69,88,12,34,154,42,100,206,199,21,57,189,159,148,60,3,214,164,131,76,194,141,158,113,163,117,93,85,45,107,136	2,2,0.6885,0,251;8,0,0.4595,0,143;8,2,0.7115,0,86;3,3,0.1055,0,3;3,1,0.3155,0,227;6,1,0.0765,0,223
evidence-tabular-train-01667	8	1	0	86,102,111,93,139,69,141,19,21,210,90,45,114,179,67,117,205,146,134,191,201,149,210,42,62,190,170,154,39,126,54,206,6,10,27,77	5,0,0.7475,0,146;2,5,0.4915,0,155;5,4,0.7315,0,73;4,4,0.4245,0,35;5,5,0.5875,0,101;5,4,0.7065,0,126
evidence-tabular-train-01668	9	0	1	9,161,86,123,150,69,115,181,66,161,90,133,160,43,190,30,161,15,117,48,208,142,34,19,95,214,51,145,137,58,157,104,81,111,186,21	8,5,0.7905,0,235;5,0,0.6485,3,113;2,0,0.4545,0,73;8,4,0.4185,2,115;7,5,0.7595,0,47;2,3,0.2855,1,25
evidence-tabular-train-01669	9	3	0	117,13,97,45,82,80,194,170,148,171,182,195,70,88,198,96,200,43,20,9,171,141,116,60,24,188,110,28,56,139,133,211,128,38,67,149	8,3,0.9505,3,65;3,4,0.7525,0,126;7,2,0.6295,1,95;7,0,0.0785,3,27;0,4,0.8585,0,4;7,3,0.7615,0,47
evidence-tabular-train-01670	7	2	0	16,141,90,45,172,40,38,50,149,65,117,163,202,147,127,215,111,97,112,31,21,82,157,180,6,76,207,205,13,138,69,130,152,63,203,94	5,3,0.0565,0,204;6,4,0.0215,0,215;1,5,0.3495,0,188;3,0,0.4015,1,133;0,5,0.0835,0,222;6,0,0.5005,0,67
evidence-tabular-train-01671	10	1	2	93,124,179,146,108,141,213,135,103,37,206,91,113,199,206,180,47,85,10,136,68,69,3,77,20,31,153,168,21,119,41,53,196,61,162,151	2,0,0.8475,0,214;6,3,0.3855,2,238;4,3,0.9995,0,195;4,3,0.7605,0,202;6,2,0.2755,2,5;3,5,0.0425,0,57
evidence-tabular-train-01672	1	1	2	117,113,89,103,65,73,13,29,183,69,83,146,200,174,151,123,171,213,52,42,109,21,157,93,133,141,176,3,17,45,37,140,198,61,208,154	2,3,0.3165,0,0;4,3,0.5895,0,128;3,3,0.2145,0,105;0,1,0.2255,0,137;6,3,0.2775,0,61;2,3,0.8925,0,86
evidence-tabular-train-01673	0	3	0	65,149,45,158,61,117,11,4,187,114,111,69,93,187,168,36,100,124,75,197,148,182,83,44,196,137,168,132,50,21,202,209,20,142,27,90	3,1,0.9065,0,13;2,2,0.8475,0,30;1,3,0.2545,0,193;2,1,0.5195,0,46;3,5,0.4935,0,67;3,2,0.3495,1,167
evidence-tabular-train-01674	1	3	0	69,12,86,157,40,91,8,153,165,183,159,132,19,68,141,149,33,117,178,194,45,122,75,93,137,107,55,34,206,105,114,58,21,211,180,148	7,2,0.6475,0,79;8,0,0.1345,0,203;6,0,0.8345,0,253;2,4,0.6245,0,173;8,1,0.4925,0,223;1,2,0.3895,0,109
evidence-tabular-train-01675	9	0	2	40,84,159,18,145,208,117,45,151,142,161,8,182,37,130,170,104,88,21,152,12,203,64,125,59,69,158,93,74,140,30,189,109,50,114,193	7,2,0.5245,0,219;5,3,0.1415,0,232;1,1,0.0805,0,45;1,2,0.0215,0,74;7,3,0.5705,0,244;4,0,0.9105,1,103
evidence-tabular-train-01676	6	1	1	212,137,60,2,187,150,162,134,198,42,53,164,93,89,21,69,142,213,177,27,153,116,117,146,97,38,179,84,163,15,68,47,79,16,123,110	1,5,0.1765,0,69;2,4,0.4135,2,81;4,2,0.9975,0,139;6,2,0.2535,0,191;0,4,0.9445,0,82;2,4,0.2785,1,226
evidence-tabular-train-01677	9	0	2	155,102,111,86,14,184,27,158,45,112,117,160,214,161,7,36,161,125,51,16,43,208,174,155,67,141,134,22,80,63,72,91,93,145,151,138	6,4,0.1915,1,126;2,2,0.7035,0,188;2,5,0.7205,3,68;7,4,0.6095,0,198;5,5,0.0535,0,7;4,4,0.5055,0,192
evidence-tabular-train-01678	10	3	2	213,195,164,148,64,190,7,151,203,45,176,125,21,106,52,153,11,88,83,69,138,188,93,35,133,100,18,44,116,155,77,117,141,172,62,32	6,1,0.4625,0,110;7,1,0.8325,0,127;3,4,0.0115,0,199;4,1,0.1885,0,137;3,0,0.8905,0,169;4,3,0.5205,0,10
evidence-tabular-train-01679	4	1	2	1,195,99,160,151,13,69,23,141,52,146,31,117,61,175,89,111,121,93,68,45,113,16,132,44,177,84,185,204,207,177,156,75,138,35,182	0,3,0.1895,2,114;6,1,0.8135,0,179;3,3,0.9235,0,174;2,2,0.3795,0,195;2,5,0.3135,0,204;0,2,0.5125,0,59
evidence-tabular-train-01680	6	2	0	20,135,98,178,113,69,4,28,92,186,50,183,149,164,108,68,45,147,73,139,93,39,21,143,40,165,177,11,87,165,125,205,117,176,169,58	3,1,0.9725,0,156;3,5,0.0325,0,164;1,0,0.8765,0,58;0,5,0.9265,0,163;1,2,0.2995,0,132;4,5,0.7085,2,247
evidence-tabular-train-01681	9	1	0	165,42,146,3,128,199,100,108,29,69,94,182,13,116,34,21,171,184,170,91,140,84,154,45,58,178,141,81,135,56,168,117,18,65,149,167	2,3,0.4575,0,176;4,0,0.4815,0,19;7,0,0.3415,0,186;8,2,0.7315,1,125;3,2,0.8205,0,160;7,5,0.8765,0,204
evidence-tabular-train-01682	4	1	0	156,74,14,169,188,180,91,131,94,139,180,116,185,66,83,45,149,155,100,179,36,69,6,144,183,110,146,129,51,19,152,62,27,23,117,43	5,4,0.6455,2,242;2,2,0.7665,0,87;2,4,0.4785,0,203;1,1,0.6745,1,164;3,4,0.9265,0,77;8,1,0.7925,3,53
evidence-tabular-train-01683	8	3	2	196,78,123,213,3,45,170,87,117,59,136,90,148,21,65,134,37,161,114,26,14,156,16,141,108,204,175,151,71,166,40,98,213,202,93,52	2,4,0.1745,0,80;1,3,0.0075,0,93;3,1,0.3105,2,166;5,5,0.4705,0,93;1,2,0.4895,0,221;2,4,0.0455,0,106
evidence-tabular-train-01684	5	3	2	44,148,133,195,141,136,69,93,63,31,24,45,15,110,181,152,200,117,90,81,151,65,212,55,165,36,9,98,115,86,20,124,187,207,152,174	8,5,0.8545,3,133;6,2,0.8505,0,218;6,5,0.3215,0,65;8,4,0.5165,0,128;1,4,0.6905,0,253;3,3,0.1495,0,189
evidence-tabular-train-01685	2	2	0	93,147,167,41,49,90,36,108,65,5,213,61,12,69,83,141,126,79,157,21,30,199,197,17,100,204,114,202,117,199,137,194,171,149,135,45	4,2,0.3935,0,217;5,2,0.2545,0,129;0,3,0.2265,0,224;6,1,0.4485,0,126;3,2,0.5335,0,212;5,5,0.2875,0,19
evidence-tabular-train-01686	6	1	2	83,14,141,56,138,146,215,184,90,45,25,44,21,199,69,5,170,211,107,151,67,186,62,170,131,214,104,191,76,93,38,183,121,112,117,16	4,4,0.1335,0,165;0,4,0.8125,0,78;7,4,0.7045,0,170;3,1,0.4595,0,81;7,1,0.1675,0,223;0,1,0.5425,0,47
evidence-tabular-train-01687	5	2	2	61,78,153,213,44,166,96,162,116,31,103,205,147,21,124,69,133,212,16,155,9,39,107,136,151,88,141,177,54,205,84,160,47,14,64,117	8,4,0.1655,0,100;6,5,0.9245,2,112;5,3,0.0495,0,1;5,2,0.0105,3,70;6,1,0.9075,0,147;3,3,0.1605,0,6
evidence-tabular-train-01688	1	2	0	198,94,60,143,182,55,30,140,117,91,84,110,149,211,128,135,198,20,147,6,116,167,157,10,202,187,199,21,80,166,68,41,34,69,45,99	5,0,0.9175,0,125;5,0,0.3595,0,137;6,2,0.8525,0,243;7,2,0.6855,1,5;2,4,0.9075,0,175;7,5,0.8045,2,10
evidence-tabular-train-01689	7	2	1	122,109,93,185,24,195,54,27,208,7,141,138,73,135,206,202,68,15,100,195,147,210,47,37,117,197,84,42,59,17,150,195,173,89,71,114	6,5,0.3195,3,225;2,3,0.4905,2,241;5,1,0.9025,2,63;0,2,0.3825,0,238;3,3,0.5015,0,251;1,5,0.4355,0,202
evidence-tabular-train-01690	10	2	1	202,45,147,102,33,187,193,204,182,21,52,139,68,43,13,117,71,5,88,20,129,175,112,60,77,93,174,150,198,131,84,34,106,141,182,197	4,3,0.9725,0,36;8,0,0.7075,0,103;3,2,0.9475,2,116;4,2,0.1345,0,195;5,0,0.0655,0,232;8,1,0.7845,0,56
evidence-tabular-train-01691	6	2	1	51,70,64,40,150,147,19,198,45,170,3,25,182,167,135,191,193,58,144,36,138,182,84,117,109,213,169,93,105,166,73,11,128,91,23,112	2,1,0.6825,2,109;0,2,0.1145,0,127;2,0,0.0475,1,206;0,2,0.6555,0,160;8,3,0.0995,0,112;7,5,0.5615,3,146
evidence-tabular-train-01692	2	2	0	67,129,36,28,21,197,140,134,183,198,141,4,92,106,51,74,184,43,199,59,204,165,20,98,147,208,72,187,93,10,45,180,117,115,85,149	3,0,0.9775,0,69;3,2,0.7375,0,249;2,1,0.7885,3,213;1,3,0.8605,0,217;1,0,0.6765,0,177;8,4,0.8095,0,204
evidence-tabular-train-01693	7	2	2	204,69,180,93,48,141,62,151,81,44,126,117,132,102,139,202,30,182,2,68,17,214,24,50,164,85,215,88,10,153,213,204,39,112,147,108	1,0,0.3615,3,63;5,5,0.8115,3,228;1,4,0.8615,0,226;8,3,0.1825,0,90;5,2,0.1485,0,6;5,2,0.7505,0,78
evidence-tabular-train-01694	1	3	0	196,58,20,121,2,106,79,68,149,42,148,82,196,45,117,21,51,162,31,174,92,205,141,12,201,215,69,93,137,182,37,131,100,182,114,169	1,2,0.8755,0,55;6,3,0.5405,0,205;2,0,0.8685,0,2;6,0,0.9525,0,178;3,0,0.5575,0,214;0,1,0.3165,0,90
evidence-tabular-train-01695	7	2	2	11,91,74,170,48,87,152,64,114,4,137,61,53,162,141,93,186,108,214,176,133,35,27,21,123,151,99,17,43,184,117,165,69,147,178,154	3,1,0.2285,0,219;2,1,0.6995,3,12;4,3,0.0135,0,122;1,5,0.6755,0,151;2,2,0.5185,0,123;2,3,0.2025,0,121
evidence-tabular-train-01696	9	3	2	40,61,151,189,171,65,131,57,192,99,204,93,87,8,10,20,141,183,140,80,184,148,115,21,70,88,120,45,35,128,171,26,201,152,107,153	7,0,0.8055,0,187;1,1,0.1525,0,25;8,3,0.2095,1,222;7,5,0.1725,0,200;2,1,0.6775,3,162;7,1,0.8955,0,89
evidence-tabular-train-01697	10	1	1	2,190,53,108,117,141,86,178,26,150,146,78,93,113,178,183,132,69,21,60,16,172,67,162,88,39,13,129,157,213,103,177,43,190,140,45	1,3,0.1955,0,195;1,5,0.6105,0,111;4,2,0.7735,0,212;5,4,0.0775,0,60;6,2,0.3225,0,237;8,2,0.8985,0,11
evidence-tabular-train-01698	5	1	2	111,209,86,117,139,151,141,165,45,175,59,8,42,128,113,93,173,178,206,52,39,99,19,146,69,10,31,131,91,64,74,207,159,24,194,209	7,0,0.6735,3,44;6,5,0.4285,0,178;3,1,0.0645,0,200;1,4,0.6285,0,60;2,5,0.3865,0,135;7,1,0.7785,0,12
evidence-tabular-train-01699	10	0	2	21,154,151,189,128,140,5,82,38,141,117,210,157,15,67,103,130,207,155,115,31,186,61,75,18,45,166,53,90,41,72,145,173,93,172,107	4,5,0.4215,0,154;6,4,0.3625,0,181;4,3,0.6625,3,227;2,0,0.5645,0,105;6,1,0.6245,0,107;7,0,0.9745,0,34
evidence-tabular-train-01700	5	2	2	162,139,69,67,175,151,8,87,147,153,115,16,21,36,215,100,10,80,93,209,111,210,124,213,92,50,160,196,141,194,32,117,62,48,133,44	7,0,0.0215,0,253;7,2,0.8955,3,8;1,4,0.6505,0,7;7,5,0.9805,0,85;3,5,0.7225,0,14;3,3,0.7025,0,119
evidence-tabular-train-01701	10	2	2	129,106,81,194,120,130,156,69,202,191,206,201,187,147,6,86,200,21,60,52,16,39,93,136,92,203,151,33,42,67,12,188,141,115,45,102	5,2,0.0885,0,143;8,5,0.5285,0,168;3,2,0.6495,0,5;8,4,0.8275,0,34;5,0,0.6495,3,98;8,0,0.0005,0,165
evidence-tabular-train-01702	10	2	2	170,74,213,107,197,191,151,115,147,185,141,215,137,61,44,36,193,9,48,117,189,127,95,97,131,90,21,83,69,67,57,156,164,32,16,12	8,2,0.0305,0,188;7,2,0.9375,3,212;8,3,0.7995,0,90;1,1,0.5375,2,129;0,1,0.7545,0,36;6,1,0.2855,0,246
evidence-tabular-train-01703	2	1	2	141,61,18,186,207,172,48,43,173,195,202,178,3,139,64,34,152,105,23,107,130,28,211,83,94,117,113,73,151,50,146,69,127,12,201,90	2,2,0.4395,2,227;3,0,0.6105,3,182;1,3,0.1725,0,81;0,1,0.4085,1,212;8,1,0.2305,0,6;6,0,0.7665,0,135
evidence-tabular-train-01704	9	3	2	151,90,28,45,125,202,21,194,187,148,50,144,43,160,169,19,169,191,178,93,80,98,37,85,136,120,60,66,6,115,131,204,190,10,110,69	5,0,0.7625,0,159;3,3,0.6275,0,61;1,2,0.4155,0,102;7,3,0.5175,0,232;1,4,0.7295,3,193;4,1,0.1385,3,157
evidence-tabular-train-01705	9	2	0	156,179,177,127,4,71,149,28,94,84,140,45,131,90,204,155,36,117,170,204,66,76,11,114,42,22,16,164,55,109,104,63,155,147,198,141	3,1,0.1545,1,159;3,2,0.5785,0,191;6,5,0.5495,2,148;3,2,0.4375,1,147;7,3,0.4995,0,137;6,1,0.8835,0,79
evidence-tabular-train-01706	8	3	2	109,25,163,13,164,6,162,84,90,197,135,105,112,74,151,34,119,19,171,21,69,123,50,46,141,185,136,95,148,156,211,68,59,42,161,182	5,3,0.6725,0,146;0,0,0.4185,1,39;1,1,0.8625,0,24;1,2,0.4635,2,33;8,3,0.0835,2,153;2,5,0.0455,0,176
evidence-tabular-train-01707	2	0	1	42,75,107,14,160,49,132,192,204,35,89,59,127,162,210,136,113,163,9,145,169,86,45,104,150,21,18,141,68,96,166,26,117,152,69,200	8,4,0.5645,0,196;1,1,0.4535,0,237;0,1,0.9815,0,151;2,4,0.3905,3,111;7,1,0.3075,0,147;6,2,0.0535,0,83
evidence-tabular-train-01708	7	0	2	198,155,49,154,35,27,11,24,186,109,141,209,126,40,171,18,85,91,183,117,69,74,145,48,139,66,151,191,112,5,58,168,133,93,99,206	4,1,0.5985,3,133;2,1,0.0155,3,27;0,0,0.4395,0,145;1,3,0.7005,0,229;2,3,0.1635,0,245;5,3,0.6905,0,104
evidence-tabular-train-01709	9	2	1	147,4,11,114,130,80,198,192,152,93,17,85,34,122,214,140,107,27,21,159,64,61,150,192,104,169,190,52,117,213,144,92,45,186,69,44	3,1,0.2255,0,174;2,0,0.9485,0,3;3,3,0.1695,0,131;7,3,0.8985,0,11;7,1,0.5535,0,100;1,0,0.8515,3,83
evidence-tabular-train-01710	4	1	2	141,92,175,64,215,42,211,170,58,21,35,6,186,184,124,29,17,117,76,82,51,182,208,104,45,151,146,135,194,14,110,93,69,113,192,139	5,4,0.3745,0,18;4,1,0.4065,0,137;2,0,0.1875,0,132;3,0,0.9825,0,178;7,4,0.2375,0,121;3,5,0.6905,0,217
evidence-tabular-train-01711	2	1	2	199,211,156,205,126,191,12,37,130,176,43,185,146,4,25,63,138,65,107,206,20,55,141,83,182,76,69,93,116,99,45,151,89,117,21,213	3,2,0.9925,0,81;0,3,0.6445,0,41;6,5,0.3595,0,95;3,1,0.2025,0,242;2,1,0.8815,0,95;5,0,0.4415,0,97
evidence-tabular-train-01712	2	2	0	41,200,10,194,198,166,152,80,3,67,163,119,84,96,125,178,58,156,32,112,149,152,35,191,56,45,69,90,131,21,111,147,17,97,140,141	2,0,0.2745,0,52;7,1,0.2825,0,72;7,0,0.7685,0,107;7,2,0.5855,3,151;0,5,0.1595,2,195;4,1,0.8395,0,189
evidence-tabular-train-01713	0	3	1	87,139,76,141,188,190,45,51,35,11,148,21,17,168,123,205,204,93,59,114,171,108,172,28,117,196,66,185,69,8,91,182,150,42,134,105	7,1,0.3445,0,120;3,1,0.4805,0,201;2,1,0.4895,0,102;3,5,0.6015,0,247;8,2,0.4245,0,176;2,4,0.6175,0,149
evidence-tabular-train-01714	2	1	1	207,136,107,205,44,45,21,150,201,159,64,188,93,19,204,146,104,83,3,90,69,200,131,123,185,28,10,112,190,141,195,78,34,53,59,117	2,0,0.7145,0,155;3,0,0.8325,0,144;4,1,0.1415,0,218;5,1,0.5155,0,117;7,1,0.1485,0,118;2,1,0.1265,0,246
evidence-tabular-train-01715	7	3	0	73,49,115,191,162,174,182,149,164,133,69,144,164,162,10,137,45,21,107,59,123,92,39,2,148,191,42,66,17,97,178,93,82,26,155,118	1,0,0.2295,0,96;1,5,0.5545,0,139;0,1,0.5075,0,160;0,0,0.8085,0,0;0,1,0.6655,1,35;2,3,0.3205,3,167
evidence-tabular-train-01716	2	2	0	140,117,93,205,11,89,19,55,41,206,188,149,130,178,105,189,191,84,108,75,173,141,3,181,34,153,21,69,66,147,186,25,58,129,114,45	2,1,0.7245,0,100;0,0,0.3475,0,138;6,0,0.4485,0,86;2,2,0.2425,0,178;8,2,0.4165,0,179;8,0,0.9555,0,84
evidence-tabular-train-01717	5	0	1	102,79,39,18,108,170,70,43,56,64,117,63,45,141,86,163,159,184,155,145,92,191,31,171,21,114,167,209,150,122,138,14,93,201,135,5	4,4,0.4095,0,78;6,5,0.7725,0,190;7,5,0.1125,1,240;6,4,0.9035,0,32;5,2,0.4925,0,97;1,5,0.5185,0,60
evidence-tabular-train-01718	5	2	1	28,93,40,212,117,114,52,183,45,136,88,13,147,161,21,134,141,200,66,189,69,81,184,35,105,156,171,150,165,8,62,180,16,110,121,85	7,3,0.0695,0,227;3,1,0.1965,0,11;3,4,0.4565,0,158;8,3,0.0505,0,18;8,4,0.4845,0,176;0,4,0.0575,0,149
evidence-tabular-train-01719	5	2	1	165,111,117,28,38,65,170,90,183,210,21,55,130,123,116,178,141,58,195,45,186,82,93,14,208,150,78,213,140,167,69,18,100,41,3,147	2,4,0.5015,0,155;3,4,0.3995,0,228;6,0,0.2985,0,8;5,0,0.5305,0,78;3,5,0.8505,0,113;2,0,0.8385,0,8
evidence-tabular-train-01720	4	1	2	21,157,14,198,93,49,158,185,170,104,34,69,27,141,19,115,151,132,42,157,45,137,118,124,158,169,146,65,75,107,62,152,9,91,82,159	8,4,0.7425,0,176;2,0,0.4065,0,65;0,4,0.3105,0,185;2,0,0.6735,0,0;7,1,0.7435,1,11;3,2,0.2905,0,2
evidence-tabular-train-01721	9	1	0	191,3,48,130,93,185,39,92,117,123,64,196,116,180,21,153,20,146,84,173,183,104,43,149,10,62,30,111,141,206,198,175,69,80,138,57	2,0,0.9175,0,21;5,5,0.6245,3,169;8,4,0.0245,0,198;7,2,0.8315,0,94;7,5,0.9955,0,58;2,0,0.5335,0,32
evidence-tabular-train-01722	1	0	0	149,105,201,170,145,186,214,70,37,15,46,51,21,7,85,191,117,106,93,191,135,40,26,191,138,16,188,141,194,74,159,65,123,92,114,63	6,5,0.1035,0,132;1,3,0.0095,1,253;2,5,0.2575,1,172;1,3,0.8515,0,55;8,0,0.4115,0,154;2,5,0.4385,0,181
evidence-tabular-train-01723	10	1	2	172,162,151,129,139,40,29,146,141,19,166,21,214,39,117,9,93,10,114,86,66,154,50,135,76,173,60,99,196,69,165,89,162,169,47,106	8,0,0.6685,0,54;4,5,0.1995,2,183;1,2,0.4575,0,94;3,4,0.3805,0,212;2,0,0.5765,0,59;8,5,0.6615,0,75
evidence-tabular-train-01724	5	1	1	141,66,85,200,214,117,27,150,155,152,97,127,146,45,62,69,17,75,140,133,185,114,52,39,196,41,21,203,90,186,188,94,1,182,108,11	0,1,0.2035,0,227;2,5,0.2175,0,128;3,4,0.5825,0,58;2,3,0.4565,1,71;0,2,0.4635,0,3;6,3,0.9615,0,180
evidence-tabular-train-01725	1	3	0	184,198,45,133,202,34,168,123,33,93,164,18,149,42,111,167,59,117,138,67,162,56,23,79,69,148,187,167,112,82,141,1,11,88,99,201	0,1,0.5615,2,59;8,0,0.5425,0,145;7,1,0.6915,0,7;6,0,0.1815,0,87;2,5,0.1385,0,52;2,3,0.5865,0,235
evidence-tabular-train-01726	0	3	1	100,35,90,59,26,93,197,193,12,150,144,148,139,117,69,212,205,133,48,65,54,2,187,113,21,125,183,152,16,176,85,40,185,107,191,76	1,2,0.0605,0,200;1,1,0.0215,3,27;5,1,0.2155,0,149;3,3,0.5745,0,220;3,1,0.2225,0,255;4,3,0.7945,3,104
evidence-tabular-train-01727	10	2	0	6,200,109,86,158,199,193,33,68,45,56,60,135,203,39,141,91,115,93,117,70,76,161,149,21,203,18,105,121,10,147,180,208,176,140,43	5,0,0.5745,0,11;8,5,0.7295,0,92;7,2,0.8935,1,86;3,4,0.7425,0,1;8,3,0.6585,0,63;0,5,0.8325,0,86
evidence-tabular-train-01728	5	2	1	184,62,213,147,24,160,150,91,131,85,38,117,81,123,5,157,175,68,141,10,187,105,158,69,169,45,163,110,20,43,137,115,52,179,93,28	4,0,0.9525,3,67;3,4,0.7615,0,243;3,4,0.9885,0,109;8,3,0.6045,0,157;8,4,0.6725,0,233;2,1,0.3705,0,213
evidence-tabular-train-01729	2	1	1	167,72,214,163,134,201,13,76,213,67,157,100,47,36,136,127,83,23,90,142,157,44,93,106,52,6,114,32,61,150,146,158,193,117,19,201	5,3,0.6165,2,161;7,2,0.9455,2,110;3,3,0.6305,3,53;3,1,0.5295,0,227;3,0,0.4465,0,202;6,4,0.1715,1,234
evidence-tabular-train-01730	0	3	2	179,87,7,148,11,111,38,89,68,215,69,129,99,93,182,117,185,81,114,151,21,215,45,188,52,42,132,139,62,143,26,176,170,202,17,164	6,1,0.2555,0,147;1,4,0.4875,0,147;3,4,0.9045,0,96;8,5,0.2635,0,25;2,5,0.4535,0,96;8,2,0.6975,2,164
evidence-tabular-train-01731	5	2	2	35,86,204,7,62,115,65,136,69,134,26,45,141,21,51,13,117,214,191,210,202,195,163,40,103,107,147,208,151,79,89,20,210,157,124,93	6,3,0.8355,0,110;1,1,0.1475,0,129;2,4,0.2495,0,8;6,4,0.2515,0,138;6,1,0.6905,0,228;3,4,0.1255,0,132
evidence-tabular-train-01732	6	0	1	150,88,194,45,145,131,201,1,138,111,69,207,129,43,75,171,60,143,97,21,183,162,183,171,93,66,117,17,37,164,10,30,83,51,162,114	0,0,0.2615,0,128;5,3,0.7525,0,64;2,2,0.4055,0,213;2,1,0.1895,0,120;0,5,0.5465,0,227;8,1,0.4525,2,36
evidence-tabular-train-01733	1	3	0	177,19,117,66,58,115,91,134,109,45,156,102,83,167,137,38,78,182,95,161,201,144,3,32,207,69,149,183,181,126,40,21,14,148,52,158	2,4,0.7475,0,198;7,4,0.1505,0,34;3,0,0.5645,0,46;5,1,0.7515,2,219;5,3,0.6315,0,109;5,4,0.2225,3,236
evidence-tabular-train-01734	5	3	1	102,183,45,58,31,199,111,20,88,148,194,150,133,12,167,119,24,75,69,67,175,7,212,143,171,114,38,42,161,140,123,207,53,204,93,87	6,2,0.9185,3,111;6,4,0.4945,0,171;4,0,0.7025,0,221;2,5,0.1365,0,117;5,5,0.4835,2,87;2,3,0.9925,2,208
evidence-tabular-train-01735	10	1	2	76,36,214,21,25,102,41,92,119,59,66,207,188,184,151,183,69,10,113,135,17,155,125,177,45,83,139,141,168,9,146,107,52,175,192,93	8,0,0.2725,0,72;0,2,0.3755,0,35;3,1,0.4125,0,106;3,1,0.8115,0,15;5,1,0.2605,2,236;4,5,0.6595,0,12
evidence-tabular-train-01736	7	1	1	116,123,163,205,132,108,69,21,89,15,65,198,50,197,150,4,86,17,146,61,141,117,39,102,75,45,43,194,203,178,191,178,26,93,136,202	3,5,0.2805,0,212;1,5,0.6915,0,100;1,3,0.3745,0,118;2,4,0.2925,0,114;5,2,0.9725,0,138;2,2,0.0465,0,43
evidence-tabular-train-01737	5	2	1	162,213,150,210,132,93,117,193,214,24,67,127,11,72,174,188,52,45,196,100,141,208,4,75,147,163,61,40,33,138,106,34,116,88,85,18	3,1,0.5285,3,144;8,0,0.0395,0,23;3,3,0.6575,3,164;2,3,0.0435,0,70;3,0,0.8025,0,250;6,2,0.4785,0,84
evidence-tabular-train-01738	9	1	2	60,93,179,123,34,51,72,204,115,64,161,146,210,182,136,196,104,32,141,193,21,2,19,40,90,209,110,11,86,151,117,169,206,131,76,45	1,1,0.6215,0,20;7,0,0.0715,0,59;2,2,0.1355,3,163;3,4,0.4625,0,78;7,4,0.6525,0,156;2,1,0.0465,0,235
evidence-tabular-train-01739	4	1	1	192,74,84,138,116,90,132,165,63,199,178,28,146,180,18,45,172,129,21,42,152,97,159,93,141,109,51,11,69,117,3,150,65,38,204,172	2,1,0.4895,0,221;3,4,0.4465,0,95;2,5,0.3015,0,125;1,2,0.4245,0,210;0,3,0.9175,0,174;8,2,0.4215,0,149
evidence-tabular-train-01740	0	3	1	141,117,21,111,175,85,184,27,166,148,177,72,209,100,88,150,39,129,93,67,132,168,114,41,58,17,153,137,55,47,8,200,175,15,187,76	7,5,0.3895,0,71;2,5,0.3635,2,162;6,0,0.7345,3,76;3,3,0.0805,0,253;3,5,0.5695,0,5;8,2,0.2025,0,79
evidence-tabular-train-01741	1	1	1	87,27,175,99,146,186,89,182,120,6,23,199,197,135,164,69,139,81,15,214,36,43,68,20,51,128,110,150,61,178,115,165,47,187,141,93	5,5,0.9685,2,173;2,2,0.6615,2,221;2,3,0.8745,0,245;8,5,0.3935,0,61;2,4,0.7005,3,227;7,5,0.7095,0,92
evidence-tabular-train-01742	2	2	1	214,172,141,64,99,60,28,114,90,21,212,138,5,132,117,173,56,156,93,79,179,108,84,69,186,42,186,14,35,213,48,150,129,194,147,16	4,4,0.0915,0,18;3,1,0.5695,3,124;7,2,0.0555,0,25;6,2,0.5545,0,208;2,2,0.4065,0,76;8,2,0.4825,0,53
evidence-tabular-train-01743	10	3	0	148,177,115,129,141,69,65,52,59,19,166,149,118,77,152,34,21,111,207,28,187,93,10,211,208,45,103,90,83,44,162,7,133,162,157,140	6,0,0.6895,0,255;3,0,0.9365,0,241;3,1,0.3525,0,62;4,1,0.5455,0,90;6,5,0.7845,1,122;8,3,0.9605,0,237
evidence-tabular-train-01744	7	0	1	29,93,51,138,145,67,202,84,115,21,135,203,69,163,61,141,9,91,79,12,122,169,195,150,173,198,159,205,38,195,42,45,98,19,111,117	8,2,0.7255,0,220;4,4,0.4315,0,64;2,3,0.7565,0,137;6,2,0.6345,0,55;1,5,0.7925,0,165;1,5,0.5185,0,249
evidence-tabular-train-01745	5	2	1	76,46,86,214,214,201,92,42,66,110,141,159,150,4,213,186,193,201,147,26,93,173,15,191,123,63,137,20,114,120,70,35,24,135,50,98	3,5,0.9455,3,194;1,1,0.4745,1,84;1,5,0.5255,1,169;3,4,0.8385,0,148;1,4,0.5255,3,149;2,5,0.2365,0,175
evidence-tabular-train-01746	1	1	1	3,69,196,41,165,51,113,155,77,45,134,90,150,202,21,61,136,161,155,128,141,36,146,212,86,93,155,111,103,18,27,182,64,12,212,117	2,2,0.5095,0,48;2,2,0.2535,0,55;2,3,0.1325,0,157;4,4,0.4265,0,93;6,5,0.3755,0,62;7,4,0.1775,0,197
evidence-tabular-train-01747	7	1	2	84,205,152,40,158,121,206,203,93,146,15,141,2,181,200,213,76,120,27,59,91,45,113,36,20,69,21,205,151,140,99,134,108,55,194,67	1,5,0.8055,0,168;2,2,0.0255,0,234;6,1,0.6925,0,82;3,2,0.6985,0,68;2,2,0.2115,3,73;0,4,0.8755,0,29
evidence-tabular-train-01748	5	1	0	78,49,206,93,103,203,18,14,34,157,85,44,146,149,91,199,70,117,199,141,58,191,114,204,21,177,29,175,129,134,137,111,4,159,45,66	3,4,0.5305,0,81;4,0,0.8955,0,16;0,0,0.5295,1,19;5,3,0.6695,0,68;6,5,0.5115,0,199;8,4,0.3445,0,168
evidence-tabular-train-01749	10	2	1	66,193,45,85,11,75,88,138,135,147,69,117,111,35,128,191,214,17,199,142,43,21,112,176,26,150,163,187,99,53,7,209,62,93,178,172	6,1,0.2705,0,59;1,1,0.6075,0,109;4,4,0.4485,0,126;2,3,0.1255,0,89;2,5,0.1885,0,13;7,5,0.4525,1,114
evidence-tabular-train-01750	10	2	1	12,147,111,213,91,63,84,57,5,45,104,136,93,191,25,34,189,41,164,202,199,188,130,180,150,67,113,121,117,21,144,69,79,20,155,174	4,2,0.9135,0,96;0,0,0.3375,0,190;8,5,0.6475,0,66;6,2,0.7535,0,149;7,5,0.3365,0,78;0,0,0.1035,3,88
evidence-tabular-train-01751	1	1	0	136,35,196,71,24,117,185,77,99,33,88,195,149,197,13,134,58,126,52,5,142,189,191,40,109,183,146,208,114,179,16,45,85,65,157,94	4,3,0.1685,3,175;8,1,0.1215,0,15;3,0,0.2775,2,55;4,3,0.1805,1,203;2,3,0.5025,0,186;5,4,0.1315,1,60
evidence-tabular-train-01752	8	3	0	54,175,106,114,117,85,131,179,26,6,201,193,149,182,193,45,15,88,155,73,141,102,66,18,148,41,94,122,58,183,21,140,179,195,69,35	5,5,0.5825,0,193;1,1,0.3065,0,245;5,0,0.5755,0,136;0,3,0.1935,1,29;5,0,0.5545,0,122;1,1,0.9065,0,177
evidence-tabular-train-01753	10	2	0	135,152,159,52,168,45,138,147,110,119,88,93,205,208,86,121,115,38,58,42,103,21,79,176,70,188,197,144,169,149,33,13,155,65,16,3	2,3,0.1385,0,94;8,4,0.5185,0,47;3,0,0.2795,1,117;6,4,0.0965,0,120;6,4,0.6115,2,80;0,5,0.4045,3,111
evidence-tabular-train-01754	4	1	0	61,174,68,149,177,126,84,187,141,14,181,91,111,117,181,52,116,93,77,158,19,40,22,215,28,69,165,45,8,146,35,135,100,204,139,194	7,4,0.7545,1,90;3,1,0.1315,0,163;3,3,0.8935,0,73;4,2,0.7195,0,248;3,5,0.9665,0,51;5,5,0.7985,0,238
evidence-tabular-train-01755	6	1	0	66,38,45,197,200,130,205,93,193,141,5,115,21,72,137,111,73,52,10,16,209,188,162,90,172,149,206,26,128,40,97,59,193,85,146,117	4,0,0.1885,0,235;1,4,0.1355,0,231;3,1,0.4005,3,184;0,3,0.4165,0,157;0,5,0.7495,0,195;7,0,0.3495,0,21
evidence-tabular-train-01756	10	2	1	82,18,177,152,102,144,155,133,117,185,34,5,185,147,45,91,196,215,150,69,184,64,106,124,21,116,137,205,95,40,14,52,60,81,162,30	4,4,0.4215,0,234;5,0,0.1715,0,67;3,2,0.0275,0,176;8,0,0.7335,2,140;5,0,0.9915,0,163;3,3,0.2625,3,24
evidence-tabular-train-01757	5	1	2	212,175,146,110,47,89,36,130,21,129,182,41,169,1,69,155,87,103,182,29,116,209,11,137,93,117,212,76,189,49,141,151,201,19,66,58	0,1,0.7745,0,149;4,2,0.2225,2,84;0,0,0.5705,0,144;3,5,0.2695,0,233;6,4,0.8675,0,240;8,0,0.2165,0,231
evidence-tabular-train-01758	8	0	0	92,177,41,155,117,45,169,149,73,5,141,138,102,202,37,109,12,114,53,27,21,126,145,188,60,67,16,93,172,180,191,204,131,86,162,70	4,2,0.1015,0,162;2,3,0.3985,0,48;4,2,0.7225,1,111;0,4,0.9565,0,241;5,3,0.4285,0,246;5,1,0.5905,0,146
evidence-tabular-train-01759	6	0	2	193,59,155,103,115,69,136,45,15,86,199,162,93,3,57,25,42,77,17,151,171,175,177,133,119,92,204,109,121,65,208,145,38,212,141,21	2,5,0.3555,0,80;0,4,0.5195,0,0;8,1,0.3375,0,103;4,4,0.8045,0,193;6,3,0.6545,2,22;0,3,0.1155,0,68
evidence-tabular-train-01760	2	1	0	16,21,58,4,131,41,176,164,149,159,93,155,136,165,98,146,141,92,51,68,14,187,112,69,45,84,35,32,168,106,207,117,192,215,78,121	3,4,0.1655,0,92;7,1,0.3485,0,133;2,0,0.9515,0,101;5,2,0.9065,0,126;1,0,0.0645,0,220;0,1,0.0315,0,158
evidence-tabular-train-01761	1	1	1	206,51,42,138,35,117,150,103,200,31,64,108,198,200,17,173,132,59,70,115,194,21,192,93,153,45,7,10,141,146,92,176,83,214,123,75	6,0,0.3005,0,26;6,1,0.4135,0,41;2,1,0.0375,1,111;2,1,0.9215,0,91;6,2,0.7025,0,38;2,2,0.4035,0,9
evidence-tabular-train-01762	1	1	0	3,33,125,20,45,67,177,206,186,104,82,81,113,71,92,188,141,49,191,146,35,166,215,135,96,149,14,169,179,117,40,21,210,110,63,139	2,4,0.8695,0,89;8,1,0.0675,0,60;0,5,0.7295,2,224;8,0,0.8225,3,168;7,4,0.2765,0,98;4,5,0.6875,0,164
evidence-tabular-train-01763	8	2	1	33,127,48,61,35,114,6,196,106,24,147,203,86,136,93,54,198,73,117,170,141,40,167,12,134,67,88,199,179,195,150,17,104,165,180,69	5,2,0.2225,3,96;8,1,0.0775,3,227;5,3,0.6585,0,96;0,4,0.1235,0,9;7,0,0.4405,0,23;6,4,0.0965,0,255
evidence-tabular-train-01764	5	3	2	43,191,135,178,112,26,90,186,109,139,3,117,200,101,21,93,127,12,141,148,155,192,151,202,166,34,186,47,200,17,58,79,55,70,65,82	2,2,0.3845,0,52;1,0,0.7645,2,207;6,0,0.2735,1,35;6,0,0.5355,0,183;4,3,0.0855,0,36;6,5,0.6025,0,188
evidence-tabular-train-01765	6	2	0	208,40,147,3,68,139,107,48,49,149,210,101,93,132,201,17,144,58,69,113,73,127,156,28,86,117,23,36,182,157,211,154,199,184,13,90	2,3,0.3135,2,165;3,2,0.0325,3,6;0,0,0.9955,0,104;0,4,0.4365,0,92;4,1,0.3095,0,74;6,2,0.6715,3,74
evidence-tabular-train-01766	10	2	2	207,49,12,93,176,141,117,184,73,82,135,109,140,43,70,88,153,123,183,154,21,33,151,9,58,64,194,147,19,189,103,159,45,112,37,158	8,2,0.6815,0,202;8,3,0.7545,0,36;0,0,0.0895,1,164;0,0,0.1015,0,131;6,3,0.1095,0,164;2,5,0.9345,0,19
evidence-tabular-train-01767	0	3	2	200,77,182,139,60,131,110,8,215,39,30,68,71,45,168,43,117,167,158,151,19,11,179,141,214,88,148,116,51,100,24,171,124,213,83,93	7,1,0.6205,3,111;5,5,0.7425,0,131;2,2,0.8075,2,85;4,1,0.0175,0,74;3,4,0.9435,0,60;3,1,0.6465,0,164
evidence-tabular-train-01768	1	1	2	75,178,120,160,19,166,127,12,63,114,214,100,131,44,38,168,143,200,51,68,151,45,27,184,173,214,91,70,84,209,4,111,146,21,93,139	3,2,0.7865,0,50;2,4,0.8175,0,171;2,5,0.8195,1,135;2,2,0.6735,0,135;3,5,0.4565,3,91;6,1,0.7225,2,99
evidence-tabular-train-01769	1	1	0	168,117,176,16,174,90,198,141,48,149,28,123,146,138,78,54,64,34,200,132,166,23,201,169,96,100,69,208,10,108,204,87,59,113,4,43	3,0,0.0185,2,46;3,0,0.7115,3,25;5,1,0.1955,0,230;5,5,0.5585,3,189;3,2,0.3575,0,60;2,2,0.4445,0,79
evidence-tabular-train-01770	6	2	2	170,112,151,73,40,171,67,93,205,17,136,58,183,214,100,191,214,12,45,154,117,133,209,90,128,86,2,214,69,23,51,147,106,34,28,141	1,2,0.2735,2,69;3,0,0.0045,0,76;2,0,0.6745,0,73;0,4,0.5525,0,124;3,0,0.1285,0,152;7,3,0.1375,0,21
evidence-tabular-train-01771	10	0	0	99,203,1,204,145,75,117,209,67,139,141,10,43,46,83,90,183,170,129,110,63,135,24,172,16,113,173,168,93,34,212,69,184,54,33,149	0,0,0.0015,3,201;8,0,0.7625,1,159;5,5,0.6145,0,141;2,1,0.4205,0,237;2,4,0.2135,0,116;8,5,0.6535,0,193
evidence-tabular-train-01772	8	3	1	113,13,148,53,129,62,170,180,179,8,133,177,28,213,90,150,78,93,190,85,21,157,189,99,72,17,42,107,141,117,67,191,45,36,136,188	7,3,0.2935,0,91;3,2,0.5225,0,226;4,4,0.7835,3,191;5,3,0.4525,0,150;2,1,0.2485,0,48;8,3,0.0895,0,96
evidence-tabular-train-01773	8	3	2	35,178,151,115,60,119,137,83,157,25,141,202,52,6,156,164,66,45,111,41,103,128,212,21,205,189,13,69,133,19,73,92,199,200,148,96	5,3,0.6525,0,106;0,1,0.2425,0,246;3,2,0.5505,0,1;0,1,0.9025,3,78;6,5,0.6035,2,161;7,3,0.3245,0,118
evidence-tabular-train-01774	1	1	2	85,27,146,121,144,67,51,183,99,90,151,17,181,153,106,199,14,5,207,202,60,162,35,93,41,45,183,117,158,72,164,140,135,21,113,75	4,4,0.3465,0,46;2,1,0.3945,0,231;2,2,0.6785,3,139;2,3,0.5565,0,198;2,0,0.2035,0,143;0,5,0.9275,3,152
evidence-tabular-train-01775	8	2	0	138,8,30,113,10,135,173,141,183,16,174,126,193,157,84,24,43,117,88,62,99,81,195,69,36,158,45,93,68,155,147,49,111,202,149,212	7,0,0.1595,3,129;5,2,0.7025,0,131;0,4,0.9945,0,99;8,2,0.0745,0,191;2,5,0.2325,0,64;5,5,0.5625,0,36
evidence-tabular-train-01776	7	2	1	136,111,103,147,26,150,197,182,117,112,129,21,201,71,64,195,197,59,159,184,91,202,159,13,19,74,87,56,193,131,36,93,6,141,44,45	5,3,0.6335,0,82;1,2,0.8435,0,58;7,1,0.0255,2,9;1,5,0.6005,0,162;6,5,0.1405,0,104;8,1,0.1735,0,253
evidence-tabular-train-01777	1	2	0	116,194,138,31,141,118,165,80,51,38,21,104,164,3,161,45,201,106,15,215,16,85,124,194,90,156,95,157,69,178,130,61,41,147,149,67	2,5,0.0595,0,155;6,4,0.3595,0,62;2,3,0.7555,0,61;7,3,0.5085,2,110;7,0,0.8655,1,109;3,0,0.5165,0,39
evidence-tabular-train-01778	2	3	2	14,116,85,164,154,30,117,21,122,132,60,18,151,77,202,69,108,90,45,136,193,56,204,180,34,148,40,189,215,67,2,189,141,93,100,178	1,4,0.5565,0,156;5,0,0.0115,0,0;7,2,0.7445,0,53;4,3,0.5365,0,8;3,2,0.8925,0,34;1,2,0.1735,0,69
evidence-tabular-train-01779	2	2	1	215,184,130,166,82,51,104,45,36,120,61,212,79,163,147,170,207,29,138,3,110,70,128,115,143,90,10,157,20,186,67,93,21,43,150,183	2,0,0.9235,0,236;4,2,0.6125,0,186;2,3,0.7145,1,179;6,0,0.4915,0,218;7,4,0.7705,3,29;7,0,0.4615,2,252
evidence-tabular-train-01780	9	3	0	171,92,93,198,168,169,3,109,204,177,149,21,133,148,74,10,56,86,18,194,62,69,138,39,117,158,105,144,48,194,116,125,65,44,26,212	2,0,0.4995,0,112;1,5,0.8525,3,119;7,4,0.3855,0,79;1,4,0.9355,0,81;8,3,0.9225,0,175;4,3,0.5335,3,64
evidence-tabular-train-01781	1	0	1	73,179,91,18,196,191,110,82,45,59,15,135,145,117,8,175,153,64,103,150,192,170,123,38,208,197,172,51,72,139,93,29,21,141,113,43	7,5,0.5575,0,185;4,4,0.7175,0,94;2,1,0.0645,3,145;0,0,0.7465,0,251;6,4,0.3645,0,89;2,5,0.6465,0,78
evidence-tabular-train-01782	5	3	2	166,55,185,85,20,167,199,209,69,117,42,58,171,78,21,129,45,91,157,37,116,93,174,141,15,138,191,99,135,68,187,148,32,7,106,151	6,5,0.8515,0,94;7,3,0.4005,0,188;6,0,0.9965,0,117;5,3,0.6935,0,226;2,0,0.9385,0,108;8,5,0.4265,0,31
evidence-tabular-train-01783	6	3	1	19,117,152,9,35,138,150,33,160,86,69,148,179,21,49,107,101,144,134,45,14,90,205,187,115,67,75,122,93,213,200,63,213,199,44,168	8,4,0.7015,0,151;8,1,0.8595,0,74;0,5,0.7485,0,144;2,4,0.5125,0,9;4,1,0.7105,0,101;1,4,0.5925,3,44
evidence-tabular-train-01784	6	3	0	206,4,149,189,69,38,49,40,17,86,169,138,197,163,81,141,113,92,169,21,14,135,109,45,148,155,64,172,169,117,125,199,97,95,62,31	3,4,0.2375,0,88;6,4,0.0195,0,39;0,4,0.0875,0,237;8,4,0.8535,2,109;0,3,0.3485,0,207;4,5,0.4115,0,210
evidence-tabular-train-01785	2	3	0	66,27,21,148,174,174,187,17,196,195,118,94,73,149,11,69,105,34,189,59,116,213,43,45,54,173,4,166,107,141,131,139,128,86,92,160	3,1,0.3615,0,18;2,0,0.6735,0,92;5,1,0.4405,0,250;0,4,0.8945,1,100;8,1,0.9385,1,6;7,1,0.6055,0,174
evidence-tabular-train-01786	2	1	0	201,179,43,108,39,93,103,149,21,139,179,141,91,62,192,130,114,79,166,204,12,54,186,205,125,45,117,177,69,32,84,18,211,146,64,4	3,2,0.4975,0,253;7,5,0.6295,0,47;5,4,0.1735,0,255;6,2,0.6055,0,46;6,2,0.5845,0,59;4,0,0.7695,0,134
evidence-tabular-train-01787	9	2	0	212,182,68,133,213,69,40,149,93,214,90,86,179,140,176,81,45,184,117,124,147,27,188,108,21,194,36,190,63,19,7,143,56,116,101,13	6,3,0.7105,0,185;2,2,0.1605,0,116;7,5,0.9855,0,5;8,4,0.5955,0,84;4,2,0.8195,0,37;3,3,0.9685,2,0
evidence-tabular-train-01788	4	1	0	141,199,87,69,192,149,36,175,139,62,133,157,76,110,20,116,89,67,117,169,93,21,104,177,4,124,177,45,146,43,215,171,183,13,57,27	3,3,0.8165,0,241;2,2,0.6175,0,161;8,4,0.6585,0,135;3,5,0.2005,0,90;7,4,0.8155,0,236;3,3,0.6195,0,245
evidence-tabular-train-01789	2	1	2	83,58,53,100,21,77,207,177,151,93,195,116,174,188,2,64,36,106,211,43,69,146,133,187,16,10,136,47,89,33,141,201,117,165,190,121	1,0,0.1075,0,112;8,2,0.7265,2,94;4,0,0.0895,0,3;4,1,0.3135,0,124;3,0,0.8725,0,182;0,3,0.0065,0,192
evidence-tabular-train-01790	8	3	2	184,45,166,148,31,139,69,171,65,117,89,126,115,93,135,44,60,14,153,170,6,214,78,151,159,85,55,173,141,104,107,21,18,169,37,190	5,4,0.4765,0,251;6,3,0.9005,0,43;6,2,0.3995,0,48;5,3,0.2665,0,196;7,1,0.7665,0,5;5,5,0.6985,0,36
evidence-tabular-train-01791	0	3	2	160,53,37,161,45,62,165,170,151,111,95,182,190,141,115,82,120,90,156,148,187,64,79,131,12,69,28,43,21,9,136,123,215,153,20,101	8,2,0.8435,0,28;3,3,0.7435,0,39;4,4,0.1355,0,28;6,0,0.5765,2,189;4,5,0.6225,3,189;2,1,0.1165,0,22
evidence-tabular-train-01792	10	2	2	70,96,177,74,132,16,138,151,88,87,178,117,170,8,51,65,40,63,109,45,127,168,201,157,116,105,209,174,152,154,34,14,23,143,31,147	7,4,0.1545,2,235;6,0,0.1095,0,154;2,5,0.2095,1,140;1,5,0.1725,3,24;8,3,0.9765,0,179;6,2,0.5085,2,69
evidence-tabular-train-01793	10	2	1	62,113,147,93,202,49,192,140,24,175,131,126,15,3,207,100,36,196,106,87,195,150,81,92,179,179,117,69,141,184,40,45,202,64,28,17	2,5,0.2325,3,181;3,2,0.1335,0,73;0,4,0.0295,0,153;8,5,0.8905,0,212;3,0,0.2605,0,251;5,1,0.9655,0,6
evidence-tabular-train-01794	7	2	2	87,187,188,93,151,122,112,183,180,45,191,40,200,110,64,143,117,21,140,210,53,134,105,147,69,157,177,27,39,88,63,79,168,15,2,18	1,5,0.4925,0,99;2,5,0.0585,0,98;4,5,0.0085,0,68;6,5,0.0745,0,198;8,4,0.0635,0,223;1,4,0.9025,2,211
evidence-tabular-train-01795	5	2	0	10,170,207,4,149,45,192,192,141,69,80,88,166,102,38,136,147,185,93,111,16,31,165,122,82,213,22,130,52,115,186,67,63,117,40,161	3,0,0.1525,1,223;6,4,0.0675,0,97;3,5,0.6045,0,90;7,0,0.0685,0,68;5,5,0.7505,0,118;1,0,0.1655,0,251
evidence-tabular-train-01796	7	3	1	122,73,54,165,68,89,17,199,141,39,183,45,148,114,87,42,59,104,13,3,209,150,107,93,21,69,203,26,198,166,133,185,211,157,117,137	2,3,0.3735,0,123;1,5,0.5345,0,231;5,1,0.9845,0,122;0,5,0.3325,0,98;7,1,0.4965,0,66;1,3,0.3935,0,232
evidence-tabular-train-01797	1	3	1	45,3,213,150,164,91,182,74,44,100,165,93,70,162,111,133,11,166,148,157,194,68,116,123,85,39,21,190,141,18,140,59,54,117,203,27	2,1,0.5775,0,47;2,5,0.8165,0,170;5,1,0.9585,1,98;1,3,0.6885,0,201;3,5,0.8255,0,30;2,3,0.9465,0,232
evidence-tabular-train-01798	10	1	1	195,91,101,117,64,206,93,208,32,106,5,141,76,183,69,193,139,21,146,20,52,41,155,194,58,15,203,45,133,122,87,162,34,113,160,150	4,5,0.9985,0,36;7,0,0.2335,0,208;3,0,0.1855,0,15;3,5,0.6225,0,135;4,0,0.2425,0,5;1,3,0.7975,0,240
evidence-tabular-train-01799	6	1	0	146,68,162,110,209,85,1,187,117,72,41,125,137,197,178,131,182,98,15,61,45,209,149,164,93,141,20,115,37,21,78,56,89,28,162,177	0,5,0.9845,0,39;3,3,0.2235,0,161;7,3,0.9965,3,69;5,3,0.2965,0,227;1,4,0.6345,0,177;4,1,0.3055,0,1
evidence-tabular-train-01800	2	1	2	175,140,21,176,5,184,111,205,178,58,51,87,141,36,96,184,199,183,81,92,45,20,28,69,104,10,130,40,160,151,146,117,112,170,127,68	4,0,0.8965,0,233;3,2,0.1385,0,46;2,0,0.8045,0,0;8,5,0.8275,3,72;7,5,0.1805,0,247;6,0,0.9405,0,106
evidence-tabular-train-01801	10	2	1	111,141,117,170,69,147,62,202,116,175,74,168,124,136,193,35,176,21,150,187,135,53,87,43,68,45,184,95,101,28,90,8,11,192,215,18	7,1,0.5935,0,236;3,1,0.6425,0,126;4,4,0.9415,0,179;1,5,0.4685,2,92;4,5,0.8745,0,175;3,5,0.1505,0,121
evidence-tabular-train-01802	10	1	0	199,110,64,168,177,45,124,135,117,146,182,174,207,183,29,9,22,213,60,101,141,197,95,158,136,82,80,17,36,52,43,90,69,112,149,14	8,4,0.3375,1,223;4,2,0.7575,0,11;3,2,0.1445,0,104;7,0,0.4565,2,218;4,4,0.1035,0,89;3,5,0.0025,0,195
evidence-tabular-train-01803	6	3	1	25,116,63,153,7,121,70,12,213,64,43,141,91,195,182,118,138,204,150,19,74,38,191,93,184,24,106,86,213,104,55,187,148,135,214,45	6,2,0.6715,3,192;0,4,0.6315,0,50;6,5,0.1795,1,14;1,4,0.6195,0,3;7,0,0.9945,1,150;0,5,0.5955,0,189
evidence-tabular-train-01804	2	3	2	57,210,24,187,161,128,205,194,131,45,148,68,15,6,151,27,69,215,117,209,136,16,108,93,99,40,175,197,215,76,89,83,38,116,60,144	5,5,0.0105,3,10;2,4,0.0355,0,25;8,2,0.8685,0,132;3,1,0.3475,0,163;2,2,0.8315,0,129;7,1,0.0225,3,241
evidence-tabular-train-01805	8	2	2	45,40,60,110,167,56,184,69,161,13,114,194,181,206,75,126,117,90,22,192,64,38,210,147,27,141,93,151,200,215,138,9,135,19,102,85	8,3,0.7925,1,172;2,4,0.0105,0,112;7,2,0.1745,0,43;2,3,0.4605,0,71;5,4,0.5045,0,169;5,5,0.5525,0,3
evidence-tabular-train-01806	2	2	1	93,108,104,44,183,138,156,69,162,167,163,113,147,117,155,82,159,186,3,23,35,45,33,81,128,60,141,132,55,16,213,91,214,14,150,65	2,4,0.0205,2,115;8,1,0.9165,0,46;6,2,0.3015,0,202;8,0,0.6535,0,58;7,2,0.2145,0,29;7,2,0.5645,0,91
evidence-tabular-train-01807	2	1	0	200,114,14,205,215,124,17,65,107,141,201,76,208,43,149,69,45,21,7,178,146,152,198,117,91,34,162,84,139,131,100,50,93,27,61,185	6,4,0.2855,0,121;2,0,0.6555,0,74;1,3,0.2095,0,204;3,2,0.6715,0,107;3,1,0.4235,0,219;3,1,0.6605,0,138
evidence-tabular-train-01808	10	3	1	74,116,168,21,25,102,131,193,58,141,161,65,148,181,154,91,52,174,35,96,173,117,123,106,19,69,150,15,213,158,169,136,86,43,5,45	4,5,0.6635,0,21;0,1,0.7155,0,82;3,0,0.3185,0,21;1,4,0.7435,3,9;5,0,0.9095,0,144;2,1,0.1205,0,85
evidence-tabular-train-01809	9	2	0	13,44,16,86,202,106,65,161,100,75,128,26,137,112,91,39,176,173,155,147,172,149,176,63,4,69,21,117,96,209,141,190,132,202,47,50	3,3,0.0635,0,230;1,5,0.9355,2,76;1,5,0.3045,0,73;2,4,0.7475,3,176;3,0,0.1855,0,86;7,2,0.2465,0,238
evidence-tabular-train-01810	5	2	2	141,69,117,110,42,157,204,10,45,202,78,112,127,178,168,93,29,156,209,35,198,84,147,92,207,56,151,100,65,133,17,139,4,196,21,61	3,0,0.3595,0,218;4,1,0.5845,0,179;7,3,0.3435,0,232;5,2,0.9245,0,86;3,4,0.1245,0,15;6,3,0.7775,0,55
evidence-tabular-train-01811	4	1	0	134,185,21,179,69,27,203,204,142,138,47,17,109,4,146,82,121,15,41,160,52,65,116,181,117,169,204,149,186,175,93,79,99,88,63,34	3,5,0.3465,0,145;2,0,0.2965,2,193;3,5,0.3635,0,246;6,0,0.1485,0,175;2,3,0.8255,0,236;0,4,0.4445,1,47
evidence-tabular-train-01812	5	1	2	41,93,116,47,120,163,151,19,190,137,201,86,53,142,192,13,175,103,92,2,132,106,70,38,197,209,179,161,79,31,146,63,129,187,66,21	1,3,0.7135,0,72;6,4,0.3315,2,176;4,5,0.5195,1,96;6,4,0.9115,0,109;6,0,0.8355,3,161;8,2,0.3115,1,34
evidence-tabular-train-01813	0	3	1	28,20,214,21,128,140,116,100,184,69,211,148,41,179,64,11,111,37,117,195,92,3,52,150,85,154,154,94,45,142,77,132,61,205,175,210	2,1,0.8515,0,121;3,3,0.2435,0,58;3,3,0.0875,0,174;4,3,0.9785,1,245;3,5,0.9385,0,107;7,2,0.9885,1,238
evidence-tabular-train-01814	1	0	1	63,107,120,209,123,184,182,208,3,84,23,93,38,17,145,209,73,51,130,42,68,97,187,137,196,89,114,150,27,152,168,45,12,206,141,71	2,2,0.3615,2,107;2,4,0.4915,0,80;2,5,0.9375,2,236;0,2,0.2155,0,52;0,1,0.5125,3,51;2,0,0.3945,0,213
evidence-tabular-train-01815	10	3	0	141,15,209,80,140,59,38,109,133,199,41,54,116,184,21,200,171,18,45,94,162,155,117,169,148,176,28,9,101,149,92,125,83,69,195,67	8,5,0.4805,0,135;3,4,0.2765,0,155;5,1,0.6135,0,189;7,1,0.8905,1,206;4,3,0.8335,0,154;4,3,0.8015,0,12
evidence-tabular-train-01816	10	1	0	204,194,111,45,143,60,42,1,203,69,124,68,154,38,149,105,117,146,93,21,188,14,182,87,51,92,137,190,154,205,18,77,115,33,177,135	0,4,0.4965,0,196;8,4,0.4395,0,217;2,2,0.9575,0,101;4,5,0.9405,0,133;8,5,0.7435,0,6;3,5,0.3445,2,126
evidence-tabular-train-01817	2	2	0	69,5,195,93,89,11,191,205,149,200,63,102,117,141,42,139,45,52,210,65,199,16,147,159,186,79,112,107,25,122,84,131,173,21,36,155	4,1,0.0595,0,213;0,2,0.4435,0,119;3,5,0.2545,0,90;6,2,0.2675,0,95;5,1,0.0925,0,183;1,1,0.6555,0,148
evidence-tabular-train-01818	10	1	1	86,21,110,43,130,146,202,9,140,162,56,66,201,19,90,95,99,175,62,179,150,71,184,45,33,156,159,116,38,126,75,215,10,119,141,206	8,0,0.6795,0,220;8,4,0.6085,0,143;7,4,0.4815,2,59;2,4,0.5025,2,85;2,4,0.9715,2,5;5,0,0.8785,0,67
evidence-tabular-train-01819	5	2	2	28,162,37,112,79,12,52,189,1,41,214,203,195,63,182,21,131,70,120,90,140,196,45,147,66,122,151,212,104,207,18,206,109,141,93,87	0,2,0.4245,0,202;3,3,0.2275,0,240;3,5,0.4975,1,145;6,5,0.5895,0,28;7,3,0.1735,3,201;1,1,0.9875,0,24
evidence-tabular-train-01820	5	2	0	179,20,168,193,46,76,160,15,36,114,204,140,43,64,26,93,162,135,21,4,124,49,170,92,100,109,194,117,58,149,69,86,153,141,199,147	3,5,0.9565,0,188;1,2,0.7055,1,176;0,0,0.1565,0,188;3,4,0.9305,0,30;3,3,0.5155,0,119;3,5,0.8495,0,23
evidence-tabular-train-01821	1	3	2	55,63,194,169,40,143,168,3,92,67,20,117,45,11,176,140,207,201,185,199,93,148,21,131,80,82,202,112,100,125,155,111,151,70,29,38	2,1,0.9605,0,121;4,4,0.1235,0,122;6,5,0.7985,1,58;7,0,0.9045,0,202;3,5,0.0245,0,242;4,1,0.9715,2,88
evidence-tabular-train-01822	2	3	0	190,148,89,16,157,207,167,139,141,186,207,131,149,59,14,27,86,184,69,208,125,50,156,94,66,73,40,158,115,101,7,120,109,45,38,21	6,4,0.0485,0,231;2,4,0.0175,0,212;1,1,0.4665,0,197;0,4,0.2705,1,205;4,3,0.6355,3,127;4,1,0.6735,0,90
evidence-tabular-train-01823	6	1	1	111,69,195,150,4,45,146,52,175,65,135,141,21,117,12,98,184,210,121,189,60,83,33,41,165,140,182,91,37,168,153,75,16,179,113,94	3,2,0.0315,0,114;8,3,0.3305,0,141;3,2,0.2585,0,233;2,1,0.6505,1,169;1,5,0.2245,0,29;0,5,0.9645,0,196
evidence-tabular-train-01824	0	3	0	114,149,163,35,212,100,62,53,173,109,195,27,17,124,117,134,41,208,141,148,77,85,69,23,68,94,209,138,213,13,200,5,204,214,88,47	4,3,0.3005,2,121;2,1,0.3195,2,137;4,4,0.8355,0,100;4,3,0.0915,1,59;3,3,0.4895,0,236;3,4,0.4215,0,7
evidence-tabular-train-01825	10	2	2	97,18,199,154,141,69,205,27,200,161,45,58,56,112,38,119,151,15,125,41,166,133,95,91,67,22,175,147,87,77,137,106,8,158,204,166	7,5,0.4085,1,184;2,4,0.2195,0,126;7,0,0.6185,0,202;4,5,0.7995,2,168;0,0,0.1505,2,133;4,3,0.3915,0,206
evidence-tabular-train-01826	7	2	2	44,2,84,131,138,208,90,20,205,58,109,170,197,157,185,176,66,21,163,213,76,69,34,121,11,151,113,117,142,26,57,96,147,100,45,178	1,1,0.8715,0,138;1,0,0.9025,0,14;8,0,0.4065,0,15;3,2,0.4185,3,211;3,3,0.2875,0,195;0,1,0.4065,1,95
evidence-tabular-train-01827	1	1	2	41,191,151,45,99,14,146,121,93,65,197,182,3,189,191,177,167,141,38,54,108,69,81,139,86,130,90,21,159,182,31,161,58,117,116,20	2,4,0.9705,0,157;6,4,0.3065,0,17;5,0,0.3605,0,245;8,4,0.5515,0,221;2,2,0.8595,0,74;0,0,0.7475,0,217
evidence-tabular-train-01828	9	1	0	140,66,132,181,142,146,3,171,87,172,21,200,36,112,207,179,120,45,181,124,14,149,55,91,62,103,80,72,154,157,106,93,28,40,172,19	2,4,0.6165,0,85;3,2,0.0805,0,205;6,4,0.4955,3,104;7,5,0.7955,0,96;6,0,0.0025,3,118;3,2,0.9045,1,124
evidence-tabular-train-01829	6	3	0	182,149,42,93,45,49,206,21,139,201,192,166,62,67,37,202,134,105,90,17,70,148,141,82,106,168,187,117,12,116,127,25,175,204,4,75	3,2,0.2125,0,254;0,3,0.5555,0,26;0,4,0.7415,1,155;2,0,0.5455,0,213;8,0,0.8795,0,247;6,4,0.7645,0,167
evidence-tabular-train-01830	5	3	1	57,165,214,98,148,112,1,130,211,161,136,118,67,179,63,20,42,150,21,11,106,79,31,122,93,167,84,214,176,143,45,182,157,89,36,69	0,1,0.9205,0,65;6,2,0.5955,0,176;8,5,0.7185,0,223;6,2,0.3665,0,140;1,0,0.1545,1,252;1,0,0.0105,2,155
evidence-tabular-train-01831	9	3	2	34,131,203,44,189,93,45,21,69,117,138,204,178,186,161,151,107,8,201,98,65,54,13,209,31,205,190,20,60,113,86,144,148,76,122,92	7,3,0.8085,0,173;6,0,0.9785,0,24;5,2,0.3005,0,246;3,4,0.8305,0,28;1,1,0.3165,0,94;1,1,0.4935,3,153
evidence-tabular-train-01832	1	1	1	169,17,189,45,99,61,139,186,193,181,76,56,183,91,106,38,158,199,150,142,146,21,123,3,13,116,41,180,186,69,82,93,134,117,67,27	2,3,0.2525,0,233;2,4,0.2935,0,147;7,3,0.6345,0,173;3,0,0.6875,0,234;2,0,0.8375,0,200;2,4,0.6465,1,9
evidence-tabular-train-01833	1	2	0	44,21,61,103,9,93,27,67,83,130,36,140,90,157,191,147,107,14,141,211,189,207,165,171,173,201,128,49,20,45,149,71,116,77,174,119	8,4,0.9525,0,145;2,2,0.8175,0,189;0,3,0.7125,2,113;4,1,0.5065,0,252;6,1,0.9525,2,143;7,0,0.9895,0,48
evidence-tabular-train-01834	8	1	0	199,126,68,57,116,201,117,85,71,10,135,88,182,141,209,102,179,93,39,45,58,176,41,146,106,158,29,163,76,149,158,21,4,194,19,139	3,0,0.7525,0,18;4,5,0.3995,0,4;8,0,0.9255,2,170;3,3,0.0885,0,238;5,0,0.9575,0,178;5,5,0.6485,0,192
evidence-tabular-train-01835	4	1	2	99,136,68,168,93,69,125,75,63,131,47,27,84,36,110,194,4,178,18,186,186,119,141,146,52,12,114,206,199,212,195,92,44,151,21,186	3,2,0.5425,0,86;2,2,0.8985,2,4;3,5,0.9545,0,42;2,2,0.8515,0,203;2,4,0.5245,2,212;4,1,0.1015,0,19
evidence-tabular-train-01836	9	2	1	4,109,200,18,89,96,39,135,141,128,166,152,147,155,21,31,112,214,76,154,207,198,49,82,12,117,190,202,139,150,69,65,42,48,104,63	3,2,0.4515,0,56;6,5,0.4965,3,200;0,5,0.2205,0,26;3,0,0.2725,3,162;7,3,0.1565,0,134;7,5,0.7395,0,162
evidence-tabular-train-01837	2	0	0	21,160,58,201,13,202,137,45,175,78,93,30,116,215,7,117,104,177,34,43,145,106,91,69,17,125,186,149,84,141,171,130,204,66,51,210	6,3,0.2805,0,36;5,0,0.6495,0,25;2,0,0.4335,0,37;5,2,0.7965,0,62;7,0,0.9125,0,0;4,0,0.2175,0,140
evidence-tabular-train-01838	9	1	0	45,154,141,212,149,133,37,201,204,49,109,199,44,10,91,24,137,72,32,93,206,146,115,152,157,103,67,86,61,117,124,191,170,77,4,17	3,0,0.3255,3,53;7,3,0.8565,0,138;0,3,0.6025,3,208;4,4,0.6785,0,182;6,3,0.6145,0,135;3,3,0.3315,0,113
evidence-tabular-train-01839	1	1	2	45,99,36,172,64,15,93,178,49,141,151,91,43,111,63,85,132,185,146,117,208,197,124,158,75,27,1,193,165,191,113,136,16,166,69,23	0,5,0.1445,2,128;2,2,0.6135,0,251;0,5,0.1575,0,193;2,3,0.6475,0,102;2,5,0.3305,0,96;3,2,0.1675,0,55
evidence-tabular-train-01840	1	3	2	13,122,59,184,32,136,151,67,45,148,89,99,69,9,107,57,159,157,195,93,87,141,191,21,75,201,116,117,164,132,38,43,17,168,207,152	8,3,0.2055,0,79;7,4,0.7265,0,99;8,1,0.6155,0,29;2,5,0.2275,0,17;2,1,0.8585,0,252;1,2,0.0315,0,150
evidence-tabular-train-01841	1	2	1	93,208,45,100,122,116,199,38,7,60,141,169,65,11,21,150,51,183,186,199,118,90,183,106,72,43,20,83,137,77,27,182,207,135,147,205	6,1,0.9165,0,155;2,4,0.6355,0,125;2,2,0.3445,3,42;4,1,0.5045,0,33;3,0,0.8975,1,69;1,5,0.2635,0,182
evidence-tabular-train-01842	2	2	2	185,17,44,141,93,177,80,162,117,84,23,50,115,178,140,30,61,177,4,158,67,151,132,100,90,35,184,12,163,108,46,124,212,69,175,147	3,2,0.3665,2,14;5,1,0.8035,1,50;1,3,0.7565,0,147;7,2,0.5735,0,118;3,2,0.7575,0,51;3,2,0.9475,0,183
evidence-tabular-train-01843	1	3	2	45,178,124,111,174,59,117,11,116,69,92,132,43,208,144,17,52,66,84,151,75,161,167,136,167,32,162,148,194,99,21,5,185,39,96,152	4,1,0.3365,0,61;7,5,0.7295,0,65;3,1,0.5545,0,76;2,2,0.9745,3,88;2,5,0.8095,0,215;3,2,0.0025,3,174
evidence-tabular-train-01844	7	0	1	93,63,188,8,82,174,66,202,10,135,117,165,195,43,21,145,202,106,90,112,203,33,158,48,20,164,153,35,69,98,50,141,80,150,137,121	7,0,0.9495,0,8;8,1,0.6215,3,199;1,5,0.5425,0,142;7,0,0.4965,0,188;1,0,0.1135,0,219;0,5,0.2665,0,99
evidence-tabular-train-01845	2	0	1	83,125,166,165,98,186,142,35,112,21,117,42,139,66,145,134,197,10,200,88,75,70,96,26,3,154,50,169,60,192,160,150,159,20,45,108	2,0,0.9705,0,203;1,1,0.4805,0,68;1,2,0.5155,1,85;2,1,0.1015,3,60;1,2,0.0555,0,160;4,4,0.7295,1,233
evidence-tabular-train-01846	2	1	2	102,42,58,189,7,39,130,159,47,199,146,173,74,65,115,110,151,30,93,88,193,207,120,139,53,86,19,11,124,202,141,211,21,176,69,164	6,1,0.6855,0,70;5,5,0.4085,2,230;4,0,0.3995,0,254;1,4,0.0775,0,211;5,4,0.7505,3,43;3,0,0.7165,0,215
evidence-tabular-train-01847	5	3	1	150,114,93,212,45,195,109,129,157,6,203,52,75,195,82,130,67,207,21,69,190,88,148,40,16,117,103,14,60,205,138,33,36,168,203,144	5,4,0.0945,0,77;8,2,0.0605,0,122;3,2,0.7035,0,74;2,0,0.1875,0,197;6,3,0.4835,0,28;8,0,0.4765,3,125
evidence-tabular-train-01848	6	3	0	123,93,185,134,45,38,115,21,11,215,19,71,5,54,91,187,75,67,209,148,149,190,183,85,205,117,29,59,202,97,142,42,184,110,180,136	4,1,0.6275,0,255;4,4,0.5995,0,217;5,1,0.7645,2,231;2,3,0.6365,0,90;0,4,0.7475,0,81;2,4,0.1005,1,211
evidence-tabular-train-01849	8	2	2	160,174,195,88,114,140,107,117,165,167,56,76,132,186,30,212,141,37,44,151,126,12,202,83,147,69,21,156,17,153,95,99,45,58,3,66	2,2,0.2485,0,3;5,3,0.8425,0,17;7,0,0.4135,0,189;3,1,0.0635,2,58;2,1,0.5545,0,237;5,2,0.8265,0,40
evidence-tabular-train-01850	8	2	2	131,45,189,35,117,181,190,64,13,113,73,6,51,58,170,30,84,204,151,21,102,124,174,141,41,213,69,89,139,19,158,154,108,175,93,147	5,3,0.7125,0,134;5,1,0.2505,0,156;2,0,0.1585,0,30;0,2,0.3065,0,166;5,2,0.3445,0,216;3,1,0.6295,0,178
evidence-tabular-train-01851	0	3	0	172,93,141,50,78,109,100,87,7,171,140,183,41,180,16,131,71,39,61,115,190,14,117,65,47,32,183,168,148,126,213,88,149,24,168,189	6,4,0.0385,3,165;7,5,0.3615,2,222;1,3,0.2325,2,214;5,5,0.1285,0,48;3,3,0.6535,0,191;5,1,0.9915,0,254
evidence-tabular-train-01852	5	2	1	93,11,91,97,136,76,112,85,150,147,180,213,21,141,37,165,41,179,129,45,108,172,32,17,117,155,56,69,162,152,58,134,9,65,170,170	8,1,0.2165,0,129;7,3,0.3925,0,231;7,0,0.2135,0,21;3,3,0.7305,0,141;0,2,0.1935,0,139;8,4,0.0855,0,136
evidence-tabular-train-01853	10	3	1	17,154,177,150,137,38,181,12,208,74,195,148,44,92,3,180,29,126,21,141,184,57,93,86,174,69,45,109,208,68,112,202,134,117,102,60	2,2,0.3825,0,59;4,4,0.9485,0,236;8,2,0.8265,0,162;1,4,0.8115,0,177;5,3,0.0095,0,143;5,4,0.2365,0,240
evidence-tabular-train-01854	2	1	2	99,153,89,184,185,44,137,157,124,69,28,84,141,151,116,207,110,178,59,4,66,45,200,132,178,57,10,166,146,185,78,19,93,36,21,118	3,0,0.7465,0,242;3,2,0.9515,0,236;8,1,0.4185,0,232;5,2,0.2125,0,109;2,4,0.9665,1,2;3,2,0.3195,0,25
evidence-tabular-train-01855	0	3	2	62,122,161,75,135,31,93,203,100,71,11,108,68,177,45,86,141,17,151,34,21,117,51,114,211,168,92,148,167,202,137,174,153,8,41,161	7,1,0.3025,0,21;6,0,0.3125,0,69;2,4,0.9685,2,207;2,4,0.8435,0,114;3,2,0.4435,0,33;1,5,0.3205,0,196
evidence-tabular-train-01856	2	2	0	131,169,178,59,149,12,139,99,161,168,26,141,4,147,108,159,173,161,45,40,18,188,118,35,49,185,88,126,21,76,114,93,70,163,65,85	3,2,0.5835,0,156;1,1,0.1205,0,22;0,1,0.2455,1,3;3,3,0.1715,0,148;2,2,0.5185,1,111;5,1,0.6765,0,15
evidence-tabular-train-01857	1	2	0	43,20,21,108,202,58,130,141,37,1,105,51,149,119,12,27,67,199,166,172,208,89,213,69,93,138,129,85,115,192,169,76,45,211,163,147	0,2,0.8525,0,215;2,3,0.6605,0,34;2,0,0.7615,0,24;3,3,0.3085,0,86;8,2,0.6045,2,26;8,0,0.4945,0,112
evidence-tabular-train-01858	5	2	2	90,24,147,105,132,151,93,67,141,214,13,168,209,176,39,117,124,69,201,194,110,191,61,16,139,40,76,87,211,5,176,115,191,57,28,45	4,3,0.1765,3,53;3,5,0.0095,0,102;8,3,0.6035,0,23;3,5,0.4275,0,75;8,4,0.7325,0,172;3,2,0.7435,0,34
evidence-tabular-train-01859	7	1	1	90,12,39,146,99,138,49,128,109,158,45,198,207,150,21,9,161,207,117,18,196,59,179,65,113,168,93,74,85,71,142,210,43,185,26,130	8,2,0.5685,0,44;1,5,0.6995,0,14;0,1,0.3445,2,35;1,3,0.5385,0,207;2,3,0.2725,0,187;7,0,0.5795,1,156
evidence-tabular-train-01860	10	3	2	118,100,68,184,33,162,172,191,90,177,139,206,11,184,95,130,115,45,49,215,177,42,21,151,58,148,39,124,86,4,181,141,75,69,16,111	3,1,0.0925,0,201;8,5,0.4615,0,84;0,0,0.9675,0,46;2,4,0.4515,2,122;3,5,0.7745,1,206;3,0,0.7845,0,32
evidence-tabular-train-01861	4	1	1	179,51,122,2,44,183,153,142,106,82,138,28,182,97,165,16,150,117,14,64,62,146,45,69,215,116,38,172,135,76,92,21,211,210,166,96	1,4,0.1755,0,193;3,4,0.8965,0,211;2,4,0.0525,0,129;3,0,0.8565,3,90;0,0,0.8975,0,212;1,5,0.5305,1,77
evidence-tabular-train-01862	5	1	0	157,26,139,141,41,117,146,38,79,124,155,193,134,72,12,54,20,191,104,61,93,67,106,191,21,181,155,205,91,149,87,115,2,196,179,45	1,2,0.8555,0,1;1,4,0.3685,0,183;5,3,0.6855,3,215;6,5,0.7485,0,220;7,0,0.7545,0,166;3,4,0.6165,0,43
evidence-tabular-train-01863	5	2	2	16,21,137,123,198,69,102,199,93,40,144,117,208,158,196,2,164,147,109,55,90,37,197,154,151,161,31,81,45,112,11,131,59,82,68,203	1,1,0.1355,0,73;6,3,0.1355,0,118;6,1,0.9725,0,65;8,0,0.4265,0,186;5,3,0.0555,0,244;2,1,0.2685,3,52
evidence-tabular-train-01864	9	3	1	107,45,117,68,207,62,94,76,183,89,128,185,69,22,176,158,192,104,87,6,31,12,171,56,203,205,150,114,141,158,130,148,136,17,42,34	5,2,0.3515,1,158;6,0,0.5965,0,82;7,4,0.9315,0,108;3,5,0.3455,1,32;7,1,0.5925,0,175;7,0,0.1245,0,5
evidence-tabular-train-01865	9	3	1	119,198,168,94,173,167,66,32,8,90,182,115,148,59,72,125,41,80,49,141,15,195,37,165,45,21,207,150,136,106,203,134,164,103,84,20	7,5,0.8075,0,169;7,3,0.2925,0,7;0,1,0.4555,3,206;7,2,0.5375,1,172;6,0,0.6645,2,196;4,4,0.0845,0,87
evidence-tabular-train-01866	1	2	0	191,82,2,33,51,67,108,10,38,23,114,154,138,154,189,190,40,173,141,147,45,80,176,122,105,117,164,63,89,163,173,69,149,93,18,133	1,0,0.4775,2,8;8,4,0.1065,0,238;2,5,0.7345,0,235;7,0,0.2125,0,54;8,2,0.5585,0,232;1,3,0.4655,0,78
evidence-tabular-train-01867	1	3	0	89,51,183,43,45,114,184,137,213,64,149,117,194,110,75,188,38,121,162,99,21,63,148,142,93,16,3,69,187,27,133,10,199,197,83,160	2,0,0.1175,0,2;2,4,0.7445,0,157;2,5,0.1895,0,64;2,1,0.3885,0,77;2,4,0.4255,0,15;0,3,0.3225,1,29
evidence-tabular-train-01868	9	1	2	175,7,76,114,61,117,141,69,65,151,90,93,20,210,128,40,204,146,158,140,210,57,133,209,28,181,104,86,173,15,212,34,199,45,21,111	6,5,0.9095,0,72;3,0,0.0855,0,43;8,3,0.3265,0,222;3,4,0.5535,0,72;7,5,0.5605,0,33;7,3,0.8055,0,225
evidence-tabular-train-01869	5	0	1	93,31,182,44,12,150,143,89,186,112,145,138,123,155,117,64,193,102,38,214,190,61,7,212,197,45,177,80,69,51,19,131,85,21,111,202	6,2,0.6655,0,177;6,4,0.8615,0,160;2,3,0.1905,0,136;7,3,0.3405,0,186;5,5,0.1105,0,144;2,1,0.5655,2,105
evidence-tabular-train-01870	5	2	2	163,141,210,28,35,73,16,168,125,100,67,178,160,159,132,93,4,117,147,202,10,151,111,61,185,51,181,91,69,138,45,83,21,116,197,41	3,0,0.0805,0,83;3,1,0.3575,0,160;2,3,0.6155,0,109;0,1,0.6845,0,223;3,5,0.9555,0,1;4,2,0.5495,0,142
evidence-tabular-train-01871	8	2	1	46,126,139,34,18,111,182,53,78,166,158,105,183,44,4,92,10,21,147,117,113,185,150,135,141,94,58,184,177,66,158,86,32,72,164,200	3,0,0.4135,0,77;7,0,0.9385,1,76;4,0,0.4735,3,177;5,4,0.9825,1,43;8,5,0.3775,0,216;5,5,0.7535,0,2
evidence-tabular-train-01872	5	1	0	86,139,141,146,116,90,69,62,149,158,18,163,188,165,2,14,206,174,43,21,178,31,45,78,108,159,164,177,131,103,64,124,56,119,39,93	1,4,0.4105,0,138;6,5,0.7005,0,189;7,4,0.0395,0,104;5,4,0.5505,0,136;6,2,0.8515,2,48;3,1,0.7635,0,112
evidence-tabular-train-01873	4	1	0	45,37,189,88,146,139,101,131,108,62,21,28,117,113,149,69,176,94,141,200,169,43,189,173,186,85,124,163,192,164,79,3,52,10,67,17	2,0,0.2115,0,28;3,3,0.6235,0,235;3,4,0.6645,0,46;6,3,0.1665,1,171;4,2,0.3305,0,157;3,1,0.7775,0,127
evidence-tabular-train-01874	6	2	0	177,121,117,112,65,84,46,21,149,92,134,136,19,109,169,96,182,1,141,104,38,156,147,10,157,80,187,214,177,28,196,155,42,52,71,62	0,0,0.7485,0,102;3,4,0.5655,1,26;3,4,0.2665,2,167;7,2,0.8905,3,88;7,3,0.0835,0,66;0,4,0.0845,0,24
evidence-tabular-train-01875	6	1	0	95,40,206,208,50,24,117,156,199,45,80,34,97,137,116,69,190,187,203,146,143,86,29,178,110,123,65,172,61,10,131,88,149,18,9,187	8,0,0.5755,3,96;4,0,0.1325,0,163;1,3,0.2705,0,148;7,4,0.0335,2,238;0,4,0.9315,0,240;2,1,0.3625,2,212
evidence-tabular-train-01876	10	3	2	51,195,64,117,82,148,29,69,40,36,107,21,129,200,192,151,59,180,114,167,171,73,89,7,16,12,133,187,212,141,137,202,94,45,105,186	6,2,0.0155,0,180;4,2,0.0125,0,49;2,1,0.0445,0,167;0,0,0.2715,1,125;8,1,0.4705,0,123;8,3,0.3635,0,86
evidence-tabular-train-01877	1	1	0	3,10,41,149,130,72,152,68,59,128,205,208,37,16,96,152,146,207,115,181,27,77,45,167,141,103,89,106,117,140,49,22,184,82,176,189	2,0,0.0695,1,186;2,3,0.2045,0,109;0,1,0.8925,3,3;4,0,0.3495,3,185;6,0,0.6175,0,54;7,0,0.9055,0,212
evidence-tabular-train-01878	4	1	2	86,91,161,99,134,40,78,213,173,68,109,59,34,69,141,159,151,166,167,189,94,4,13,146,112,18,136,191,29,21,57,215,120,167,127,45	3,3,0.4265,0,190;4,0,0.0465,0,54;8,1,0.9835,0,113;5,4,0.6465,1,103;2,3,0.1265,3,185;6,4,0.0995,0,35
evidence-tabular-train-01879	1	2	1	170,123,147,47,90,189,51,29,67,3,150,21,93,69,37,181,117,169,184,131,196,208,199,166,196,137,112,18,12,75,99,141,87,59,42,109	2,2,0.4645,0,253;4,3,0.4865,2,137;2,1,0.6215,0,63;2,5,0.4785,0,55;2,3,0.1965,0,11;2,1,0.2905,0,62
evidence-tabular-train-01880	9	2	2	199,67,27,40,86,93,147,132,116,92,151,118,189,108,187,171,192,190,141,18,124,63,15,34,206,101,1,45,21,56,185,139,69,75,158,194	0,5,0.5695,0,59;2,0,0.1595,0,99;7,5,0.7325,0,222;2,4,0.8155,0,215;4,2,0.9625,1,11;3,2,0.6915,0,180
evidence-tabular-train-01881	2	1	1	85,18,69,195,45,183,185,150,91,64,154,115,129,170,135,166,108,93,203,156,117,143,29,58,146,97,57,140,76,165,35,14,188,21,6,43	5,4,0.4525,0,114;4,1,0.6435,0,195;8,0,0.0485,0,157;3,3,0.6345,0,93;0,2,0.6765,0,203;8,5,0.9235,2,86
evidence-tabular-train-01882	5	2	1	99,52,164,90,117,21,132,169,139,111,126,64,41,19,7,200,141,113,153,150,185,197,147,45,69,26,209,58,93,86,74,39,161,166,13,181	6,3,0.7465,0,191;1,5,0.3265,0,244;3,0,0.0775,0,247;1,4,0.5705,0,90;2,5,0.2615,0,230;5,2,0.6475,0,100
evidence-tabular-train-01883	9	0	0	167,79,93,16,34,128,42,70,111,139,134,13,114,68,102,49,211,145,118,188,30,62,178,3,141,83,45,91,21,207,202,200,211,214,149,165	2,3,0.1695,0,42;5,0,0.4705,0,111;0,4,0.9035,1,61;6,1,0.6725,0,9;5,5,0.5785,1,192;7,4,0.6415,0,139
evidence-tabular-train-01884	4	1	0	110,100,121,133,12,93,63,19,77,159,165,164,149,146,117,69,160,65,212,204,171,190,49,40,88,86,3,21,36,175,136,45,116,141,200,29	2,2,0.7205,0,131;4,2,0.0705,0,63;0,5,0.2225,0,218;4,4,0.1085,0,44;3,4,0.8755,0,122;0,3,0.0615,0,41
evidence-tabular-train-01885	1	0	2	3,203,208,136,196,163,128,15,117,34,33,46,160,74,109,17,93,83,21,89,133,59,141,101,159,167,151,161,44,68,145,69,51,114,187,204	2,5,0.2225,0,227;8,0,0.8375,1,123;2,1,0.9755,0,50;1,1,0.3545,0,155;4,3,0.4755,0,185;7,3,0.1635,0,104
evidence-tabular-train-01886	0	3	2	173,177,61,155,174,21,141,148,27,208,42,2,138,160,109,10,98,164,130,85,35,66,52,69,75,117,123,20,160,151,205,112,93,45,212,90	1,0,0.9365,0,52;2,1,0.4995,0,61;3,3,0.5045,0,254;2,3,0.4485,0,31;1,3,0.1155,0,139;2,0,0.4845,0,26
evidence-tabular-train-01887	10	1	1	136,144,207,117,21,78,45,29,19,153,110,157,212,60,34,195,164,72,160,89,97,171,123,65,13,112,134,146,160,154,56,87,9,40,93,150	8,3,0.7655,0,162;4,0,0.1305,0,16;7,2,0.2575,3,71;5,5,0.2065,0,129;0,4,0.1355,0,159;2,4,0.1735,3,59
evidence-tabular-train-01888	5	2	0	191,21,149,14,20,209,163,125,201,175,52,117,138,208,48,202,100,58,88,141,93,130,27,106,44,182,147,84,38,4,69,66,197,113,79,194	3,4,0.9835,0,98;2,4,0.9535,3,173;3,0,0.5505,0,7;6,2,0.1655,0,139;3,0,0.3055,0,5;4,0,0.5425,0,45
evidence-tabular-train-01889	1	0	0	123,173,140,8,141,149,196,111,43,15,205,117,174,68,29,45,71,73,93,99,63,145,133,200,169,82,116,202,21,197,38,57,182,184,92,19	7,5,0.7875,0,39;4,4,0.7295,0,107;8,5,0.8805,2,194;0,0,0.9445,0,235;2,5,0.8985,0,126;2,3,0.9415,0,181
evidence-tabular-train-01890	1	2	0	89,27,177,11,102,207,65,69,135,51,141,95,9,21,207,163,121,85,116,201,42,155,109,147,45,17,178,63,170,36,76,161,137,149,117,208	8,1,0.2335,0,82;2,2,0.4095,0,111;2,5,0.2005,0,164;3,3,0.2025,2,18;5,3,0.9725,0,30;0,5,0.3395,0,11
evidence-tabular-train-01891	5	2	1	69,137,29,147,181,196,106,64,83,12,181,215,203,100,4,129,19,79,41,63,34,56,193,115,47,142,150,212,133,198,160,92,215,21,93,117	3,2,0.7705,0,107;4,0,0.2845,2,147;7,5,0.1605,0,190;6,1,0.9895,0,29;3,0,0.6395,0,162;8,3,0.2445,1,230
evidence-tabular-train-01892	7	2	1	147,4,88,13,21,108,50,180,155,159,176,124,143,150,104,203,35,76,93,26,69,41,134,138,207,209,86,117,188,215,16,45,112,66,154,63	3,3,0.0155,0,60;1,1,0.3555,0,95;1,5,0.5665,0,174;3,4,0.0505,0,11;7,2,0.1995,0,80;3,4,0.5235,2,35
evidence-tabular-train-01893	2	1	1	10,194,106,182,82,138,129,113,71,203,2,141,45,41,93,146,39,66,18,90,117,161,154,79,130,60,28,52,177,165,165,21,157,150,172,97	1,0,0.5535,0,122;3,5,0.2705,0,47;3,2,0.4385,2,80;6,0,0.5885,0,69;0,0,0.2315,0,232;8,0,0.4685,0,21
evidence-tabular-train-01894	10	3	0	215,11,123,5,136,115,70,187,172,130,148,83,141,40,45,99,67,197,159,195,51,77,118,173,203,28,35,93,178,149,110,24,19,187,92,62	4,1,0.6705,3,37;3,1,0.1705,0,166;2,4,0.7035,1,1;4,1,0.9525,0,25;2,4,0.6225,1,142;2,0,0.1395,0,73
evidence-tabular-train-01895	6	2	1	156,21,150,141,152,163,101,58,42,212,86,154,45,106,198,168,54,67,31,134,93,113,177,69,34,136,90,10,147,197,73,17,185,8,117,125	7,0,0.2915,0,104;6,0,0.4005,0,16;5,0,0.7105,0,185;0,4,0.4405,0,8;4,0,0.3615,0,63;4,4,0.1435,0,30
evidence-tabular-train-01896	5	2	0	114,149,39,123,176,64,45,170,130,40,100,208,69,17,93,208,205,86,21,141,110,91,59,164,138,29,14,117,214,9,194,147,81,192,200,51	8,4,0.3175,0,129;4,5,0.0145,0,164;2,1,0.0065,0,136;8,4,0.7945,0,139;3,4,0.5625,0,220;2,0,0.4125,0,103
evidence-tabular-train-01897	5	2	0	124,38,139,177,91,45,180,79,197,182,191,61,143,72,10,31,98,157,43,82,204,21,158,117,147,107,164,135,18,1,149,93,52,114,64,212	0,0,0.4795,0,72;6,4,0.7655,0,13;3,3,0.1145,3,98;6,0,0.6805,0,243;1,1,0.4565,0,216;3,5,0.7155,2,233
evidence-tabular-train-01898	9	3	0	80,69,212,117,148,203,41,84,15,53,62,149,92,131,24,39,141,6,200,93,183,17,163,139,29,103,124,66,190,152,192,106,113,45,152,158	5,5,0.2785,3,182;4,5,0.3515,0,24;4,4,0.5315,0,206;7,2,0.9475,0,148;6,0,0.3655,0,102;3,1,0.6635,0,56
evidence-tabular-train-01899	2	2	0	93,124,105,68,139,164,160,28,14,149,159,44,201,141,115,21,176,36,117,56,168,81,147,61,16,198,5,84,215,132,72,45,111,91,204,167	4,4,0.0305,0,29;3,2,0.9965,0,233;7,3,0.8385,3,11;8,2,0.6665,0,215;8,5,0.6915,0,1;3,2,0.7065,0,6
evidence-tabular-train-01900	7	1	1	180,122,68,24,154,69,103,195,146,140,91,45,195,202,172,109,150,15,84,75,134,114,214,166,19,57,176,63,3,26,141,38,186,93,42,117	2,5,0.7995,3,184;1,4,0.5465,0,97;8,5,0.8025,0,167;2,2,0.6655,0,100;6,3,0.5205,0,233;1,4,0.8555,0,247
evidence-tabular-train-01901	2	2	2	106,147,138,73,22,130,4,20,65,163,170,153,113,165,153,151,125,141,178,98,188,118,86,45,176,189,44,32,57,88,93,60,183,69,11,35	3,1,0.8105,1,58;7,1,0.8775,0,180;8,2,0.2545,0,249;0,4,0.1245,0,49;1,0,0.2625,1,178;4,0,0.4685,0,208
evidence-tabular-train-01902	9	2	0	91,131,19,21,53,42,183,149,104,137,162,85,93,204,72,125,64,196,74,117,113,11,141,39,33,59,153,46,176,147,7,193,163,186,198,106	6,1,0.6845,0,182;8,5,0.5695,1,38;4,1,0.0695,3,116;1,3,0.6195,0,69;7,0,0.2525,0,58;4,1,0.3125,0,107
evidence-tabular-train-01903	7	2	1	42,66,189,150,113,213,133,153,141,85,153,202,4,63,117,26,39,74,125,198,147,163,17,15,105,69,45,152,23,55,200,108,93,178,89,140	3,5,0.3065,2,36;1,5,0.5265,0,52;6,5,0.5035,0,9;1,3,0.3385,0,26;8,2,0.3205,0,148;4,3,0.9615,0,21
evidence-tabular-train-01904	2	3	0	149,82,71,94,46,117,176,75,18,44,6,148,65,130,116,212,100,30,125,63,39,52,162,92,141,208,162,21,106,185,197,199,183,137,12,189	5,2,0.4475,0,149;5,5,0.9705,1,95;3,5,0.3835,2,45;2,0,0.8955,1,196;3,0,0.9595,0,127;4,0,0.2315,0,62
evidence-tabular-train-01905	10	3	2	29,120,196,141,151,59,110,112,86,91,190,180,121,81,6,23,171,54,200,69,48,93,136,202,189,214,193,148,194,97,67,16,15,34,44,134	5,5,0.1195,2,92;4,0,0.8395,3,82;5,1,0.7665,0,215;8,4,0.6275,0,43;0,4,0.1925,3,183;0,4,0.1085,0,174
evidence-tabular-train-01906	1	3	1	144,13,106,20,148,191,158,34,169,21,93,214,188,196,66,90,3,51,214,215,87,41,201,104,45,28,122,62,70,116,133,150,158,74,120,140	2,3,0.9155,0,196;3,0,0.2895,0,39;2,4,0.4545,1,141;1,5,0.5935,0,225;7,0,0.9055,3,46;1,3,0.9865,3,79
evidence-tabular-train-01907	6	2	1	169,35,130,206,147,85,69,126,77,181,64,54,45,176,171,174,25,141,120,58,21,140,93,19,11,150,1,107,112,88,172,179,170,42,208,100	0,1,0.7375,0,99;0,1,0.5755,0,17;5,0,0.1885,0,53;4,3,0.1965,0,234;3,1,0.1395,3,233;5,0,0.9185,0,152
evidence-tabular-train-01908	1	1	2	104,140,109,141,189,171,69,45,17,82,117,183,60,21,89,182,64,146,113,172,40,93,202,123,151,35,3,182,162,133,56,81,10,30,155,207	2,0,0.3935,0,137;5,1,0.1755,0,102;7,2,0.1845,0,136;8,0,0.3225,0,112;7,3,0.3215,0,46;2,3,0.9315,0,239
evidence-tabular-train-01909	10	3	1	21,161,141,195,185,138,45,62,182,98,44,70,73,16,39,15,114,148,160,162,118,88,53,8,127,150,153,135,65,153,206,29,181,94,85,110	7,5,0.1855,0,37;4,5,0.9705,0,76;4,4,0.2305,1,178;0,3,0.0055,1,27;1,4,0.4285,1,17;6,5,0.5275,0,30
evidence-tabular-train-01910	0	0	0	21,81,112,145,57,3,88,162,169,194,192,174,16,15,128,40,45,62,27,104,204,93,84,206,34,136,117,68,149,72,132,177,108,212,144,170	2,5,0.0525,0,74;2,0,0.1895,0,17;8,4,0.8365,3,13;8,2,0.1235,0,164;7,2,0.0375,0,243;7,2,0.0945,3,21
evidence-tabular-train-01911	1	3	1	135,170,87,114,8,75,121,21,117,207,150,63,148,56,38,92,165,108,144,210,93,180,103,67,154,44,169,69,45,212,16,11,25,156,137,193	7,1,0.1945,0,220;0,4,0.9325,0,138;7,5,0.6345,0,183;2,5,0.9355,0,190;6,2,0.5305,0,223;0,5,0.2445,3,97
evidence-tabular-train-01912	2	2	0	132,107,183,20,54,42,100,141,181,149,121,83,69,210,147,64,114,31,171,164,73,5,21,205,45,11,117,137,169,60,169,91,184,190,35,96	4,1,0.9655,0,130;6,1,0.5185,0,251;5,2,0.1085,0,59;0,1,0.6145,3,159;3,1,0.4135,0,252;0,2,0.2765,0,12
evidence-tabular-train-01913	9	0	2	151,109,96,209,84,140,32,117,37,60,145,65,80,203,180,41,21,178,207,128,45,99,215,14,2,112,69,89,170,141,19,210,132,199,54,194	1,4,0.6855,0,216;7,3,0.3225,0,82;5,2,0.2265,0,142;7,2,0.2265,3,169;2,3,0.0605,0,14;7,2,0.8485,0,196
evidence-tabular-train-01914	6	1	1	20,6,24,187,203,117,135,66,173,166,44,107,167,157,49,200,45,121,84,159,153,100,74,60,196,39,140,146,92,150,69,112,11,93,141,27	5,1,0.9185,3,38;2,5,0.9275,0,178;0,2,0.5735,0,67;1,2,0.8025,0,185;3,1,0.1745,0,232;0,5,0.9545,0,238
evidence-tabular-train-01915	2	2	0	149,21,45,69,93,163,208,188,116,99,122,208,68,141,117,163,161,38,60,170,147,175,177,33,215,82,88,52,19,2,74,10,134,138,106,40	1,0,0.7315,0,80;8,4,0.0325,0,165;3,2,0.8935,0,249;1,0,0.0865,0,133;2,0,0.9225,0,31;1,4,0.5455,0,115
evidence-tabular-train-01916	10	2	1	93,59,158,40,115,125,174,150,18,2,194,174,192,38,75,156,199,64,82,51,45,110,188,88,99,147,214,208,137,135,22,141,30,119,69,14	1,4,0.5635,1,182;5,4,0.0445,0,105;2,1,0.1725,0,52;2,0,0.1525,0,243;2,4,0.6745,2,233;4,5,0.2855,0,163
evidence-tabular-train-01917	1	3	0	90,99,53,13,84,121,19,177,166,109,137,179,44,69,115,93,203,195,133,148,45,203,74,191,23,141,66,7,34,158,186,27,59,149,157,117	6,3,0.6655,2,86;2,0,0.9665,0,155;4,1,0.4735,0,191;1,2,0.4955,0,240;2,3,0.6625,0,63;0,3,0.2325,0,227
evidence-tabular-train-01918	5	2	0	16,137,93,76,141,91,14,160,120,190,207,203,149,114,45,67,134,1,69,157,147,99,35,32,62,180,176,175,44,162,202,22,106,125,87,52	0,4,0.0765,1,105;7,1,0.8275,0,42;3,4,0.6585,0,116;3,5,0.7705,0,18;2,0,0.5545,3,219;4,4,0.2535,0,129
evidence-tabular-train-01919	5	3	0	174,21,103,117,114,69,148,48,86,149,65,37,16,183,124,14,81,184,43,110,89,182,3,167,55,136,93,153,133,187,141,26,185,61,174,165	2,4,0.0745,0,174;1,3,0.7215,3,70;6,3,0.3795,0,2;8,4,0.3815,0,167;6,4,0.4205,0,228;3,3,0.1345,0,33
evidence-tabular-train-01920	1	1	2	53,42,185,138,114,59,71,119,86,3,151,19,146,206,135,21,184,206,35,159,46,27,213,66,198,81,109,155,143,93,124,97,14,189,90,160	2,4,0.7525,0,184;2,1,0.4305,1,6;4,1,0.4535,2,67;8,4,0.5525,0,128;0,3,0.5445,2,70;3,5,0.4775,2,196
evidence-tabular-train-01921	10	3	1	66,98,45,7,179,85,93,207,32,148,159,117,124,17,63,15,172,138,43,141,53,189,207,165,180,77,21,150,35,131,69,89,106,114,198,188	6,5,0.2085,0,243;7,1,0.7425,0,13;4,5,0.4235,0,203;4,3,0.3255,0,255;1,0,0.4225,0,178;3,1,0.4665,0,216
evidence-tabular-train-01922	5	2	1	161,63,45,117,174,150,96,39,17,183,86,134,100,68,129,214,74,147,195,43,138,11,88,5,205,51,111,201,177,69,23,181,199,141,115,29	4,1,0.2265,2,112;4,5,0.7295,0,56;2,5,0.8205,0,30;1,4,0.1345,3,227;3,5,0.6765,0,68;8,4,0.5915,0,90
evidence-tabular-train-01923	10	3	0	93,3,126,186,149,119,47,112,137,55,148,25,91,40,141,103,201,69,156,214,86,190,134,11,60,201,200,65,186,19,22,37,193,81,110,166	2,1,0.7755,1,240;0,3,0.0265,2,192;6,2,0.3615,0,193;8,4,0.7925,0,242;6,4,0.0805,2,91;5,4,0.2695,0,185
evidence-tabular-train-01924	2	3	2	169,151,21,10,126,17,133,4,206,197,34,191,148,59,79,68,82,203,136,141,45,93,30,117,178,205,209,52,102,88,69,211,115,196,108,40	3,0,0.3565,0,94;5,0,0.0545,0,28;3,1,0.9825,0,15;6,0,0.0965,0,207;5,2,0.6395,0,110;5,3,0.0205,0,21
evidence-tabular-train-01925	1	1	0	51,136,191,28,210,159,90,69,15,42,68,85,146,164,94,206,106,16,104,149,143,63,125,76,135,180,21,189,167,36,3,45,179,117,113,198	2,5,0.1695,0,140;3,2,0.5145,0,60;2,5,0.8755,0,74;3,3,0.4005,1,70;7,0,0.3745,0,77;4,5,0.1675,2,95
evidence-tabular-train-01926	2	3	2	67,107,196,182,157,179,49,17,167,151,30,121,112,162,81,10,84,69,148,21,90,141,41,132,140,58,93,212,202,36,152,117,45,98,161,4	3,0,0.2075,0,91;5,2,0.3875,0,41;0,0,0.7995,0,235;8,2,0.5725,0,136;1,1,0.0345,0,255;0,2,0.8555,0,85
evidence-tabular-train-01927	10	3	0	42,69,21,182,166,174,183,193,164,30,93,10,209,149,37,148,143,2,177,106,17,90,140,121,82,79,209,177,45,133,53,117,100,61,112,66	1,0,0.2965,0,49;5,3,0.5865,0,43;4,3,0.5365,0,111;6,0,0.5225,0,207;3,0,0.0555,0,174;0,3,0.8155,2,211
evidence-tabular-train-01928	1	1	0	93,146,49,141,135,186,77,129,209,117,112,60,194,44,13,203,170,137,65,107,170,3,194,98,214,18,208,149,46,89,69,25,162,21,82,38	2,3,0.4185,0,236;0,4,0.9695,1,254;0,2,0.3855,0,194;4,0,0.3845,0,176;1,1,0.1745,0,129;8,5,0.2555,0,106
evidence-tabular-train-01929	5	2	1	45,141,204,168,16,68,117,150,86,203,91,63,155,25,206,38,147,133,69,124,164,5,12,78,52,208,101,159,136,155,107,170,40,116,21,93	4,2,0.0405,0,44;0,4,0.1355,0,205;3,5,0.9265,0,209;5,4,0.7995,0,70;4,1,0.9675,0,55;3,3,0.0025,0,140
evidence-tabular-train-01930	10	2	0	185,65,49,14,184,117,74,163,138,90,42,20,199,39,94,147,187,98,83,30,134,166,196,46,112,165,21,149,212,194,110,58,129,141,69,9	8,4,0.8565,0,60;5,5,0.4515,1,8;0,0,0.3045,0,107;1,1,0.4135,1,99;1,4,0.0025,0,81;8,4,0.4985,0,227
evidence-tabular-train-01931	0	3	0	4,112,137,49,99,69,19,117,90,183,93,215,45,83,156,198,123,142,64,13,33,148,42,205,63,74,172,158,21,149,39,107,214,132,167,209	3,3,0.7945,0,253;8,5,0.4995,0,52;0,5,0.1135,0,43;1,1,0.4605,0,182;2,1,0.0335,0,67;2,2,0.3635,1,75
evidence-tabular-train-01932	5	2	0	41,28,132,7,192,166,105,109,34,58,45,168,138,13,67,147,52,21,90,141,20,211,149,203,79,117,154,114,94,158,172,180,69,87,192,127	6,3,0.8165,0,235;3,0,0.3345,0,47;3,0,0.6825,0,46;6,5,0.4095,1,222;8,3,0.5545,0,245;6,2,0.4485,0,64
evidence-tabular-train-01933	6	2	1	110,54,45,117,19,113,1,81,147,96,206,137,165,191,121,175,85,41,141,34,167,12,62,89,191,157,30,150,134,177,104,196,70,154,66,21	0,2,0.7335,0,73;5,0,0.3265,0,173;5,4,0.5515,1,197;8,3,0.3505,3,45;7,4,0.2575,0,234;0,4,0.2365,0,158
evidence-tabular-train-01934	7	2	2	68,147,118,131,139,6,62,157,207,16,21,50,88,69,123,183,200,73,27,116,151,43,141,164,34,210,164,100,111,45,96,82,172,152,213,15	5,5,0.1485,0,252;2,0,0.7525,0,203;1,4,0.9255,0,112;0,0,0.1605,3,82;3,5,0.9435,1,98;2,1,0.6645,0,58
evidence-tabular-train-01935	5	3	1	23,93,150,81,45,91,201,162,133,66,189,16,38,141,191,183,181,58,113,106,99,162,174,9,40,11,127,27,69,148,140,156,55,197,117,82	8,1,0.1185,2,36;2,4,0.0695,0,231;6,0,0.5675,0,28;8,0,0.7325,0,39;2,0,0.3325,0,228;6,3,0.9405,0,54
evidence-tabular-train-01936	9	3	2	86,163,48,151,163,203,148,62,44,176,169,110,125,13,114,141,36,69,56,92,185,21,9,135,95,68,103,117,79,27,17,175,198,191,136,207	8,3,0.2425,0,29;2,2,0.8515,3,63;7,4,0.9905,0,99;6,4,0.8935,2,188;6,4,0.4615,0,232;4,5,0.0705,0,37
evidence-tabular-train-01937	2	2	1	30,41,193,117,85,21,10,210,63,1,36,131,90,141,194,194,54,173,147,65,140,173,107,150,101,157,45,159,76,93,113,121,69,197,168,18	0,0,0.5895,0,169;5,2,0.2445,0,112;5,5,0.3925,0,8;3,3,0.4855,0,244;4,1,0.2945,0,9;0,1,0.8795,0,42
evidence-tabular-train-01938	4	1	2	140,66,117,14,208,56,36,21,191,107,20,205,167,91,70,185,115,4,43,146,59,79,131,167,85,93,46,126,99,215,151,141,209,160,166,28	3,4,0.9405,0,187;3,2,0.6645,1,155;7,1,0.5195,1,229;6,3,0.6845,0,52;2,1,0.6205,0,32;5,1,0.8935,0,130
evidence-tabular-train-01939	9	0	2	22,202,113,128,82,75,196,198,7,187,59,155,168,39,151,145,110,131,93,45,138,65,99,20,90,141,57,204,161,191,43,32,12,203,117,69	6,2,0.9465,1,78;7,5,0.7715,0,27;8,1,0.3975,0,104;2,0,0.4645,0,189;2,4,0.2845,0,100;7,1,0.4675,0,207
evidence-tabular-train-01940	9	0	0	12,131,116,33,188,99,183,63,214,45,208,69,137,82,197,128,57,41,156,188,18,91,79,21,64,37,141,120,2,145,149,94,162,106,215,180	1,2,0.4835,0,159;8,3,0.3905,0,97;8,5,0.1895,0,70;6,0,0.7145,1,181;2,0,0.9305,3,81;7,1,0.2825,0,119
evidence-tabular-train-01941	1	0	0	21,202,86,116,111,141,68,162,93,99,27,39,75,160,167,7,92,129,149,215,15,196,136,154,158,42,51,69,45,61,17,135,117,145,161,165	6,5,0.2885,0,152;2,5,0.5765,0,108;2,3,0.8925,0,29;2,4,0.9285,0,250;2,5,0.9325,0,209;8,5,0.0585,0,143
evidence-tabular-train-01942	7	1	2	36,87,182,92,163,22,154,61,96,109,141,10,182,208,114,50,207,101,26,162,43,167,196,69,19,45,80,187,117,127,4,68,146,136,135,151	3,0,0.6085,1,112;1,2,0.7905,0,154;1,3,0.9885,0,170;7,5,0.8625,3,117;4,3,0.4965,0,102;6,5,0.0525,0,151
evidence-tabular-train-01943	1	1	1	48,84,28,187,146,20,101,44,51,67,9,69,150,58,108,75,118,141,182,210,90,113,137,123,182,134,35,213,93,198,22,182,14,210,164,209	8,4,0.8455,1,66;3,1,0.9585,3,121;2,0,0.7975,0,255;2,2,0.4095,0,30;4,2,0.3575,1,56;2,4,0.2035,0,33
evidence-tabular-train-01944	6	1	2	15,67,21,93,35,194,151,20,116,139,205,4,76,25,161,202,162,72,202,141,62,192,196,45,89,146,97,86,110,209,121,53,117,164,135,42	3,5,0.8895,0,36;0,1,0.4725,0,54;4,4,0.6815,3,75;3,4,0.3425,0,210;0,4,0.9985,0,218;0,5,0.6515,0,174
evidence-tabular-train-01945	9	1	0	109,87,32,114,146,16,203,135,178,183,129,207,167,136,21,200,93,154,161,66,15,44,102,89,45,58,6,74,39,70,141,149,184,117,56,185	5,5,0.0065,0,2;7,5,0.8465,0,88;7,0,0.5305,1,221;1,5,0.2655,0,104;5,3,0.5145,0,247;8,5,0.0995,0,147
evidence-tabular-train-01946	10	1	0	111,188,189,65,9,206,42,69,131,83,117,170,171,208,21,33,13,59,92,113,141,139,155,165,149,54,205,125,77,104,146,197,93,45,37,18	8,3,0.4645,0,66;8,3,0.5285,0,18;5,1,0.2515,0,40;4,1,0.9335,0,59;7,5,0.2005,0,233;4,1,0.7705,0,196
evidence-tabular-train-01947	1	3	1	207,24,158,139,110,170,157,154,93,199,99,129,135,168,62,207,74,85,68,2,14,211,156,150,40,52,16,36,141,89,117,28,148,116,72,45	1,4,0.0555,3,31;3,2,0.1445,0,68;3,4,0.9285,3,142;1,3,0.3695,0,28;2,4,0.8815,0,47;8,5,0.7675,0,24
evidence-tabular-train-01948	2	2	1	93,211,147,104,89,153,17,133,107,52,189,36,150,69,60,26,68,128,190,14,161,180,45,82,201,136,76,153,215,113,21,117,141,3,189,41	2,4,0.2115,0,238;1,2,0.3405,0,132;3,2,0.9535,0,139;3,0,0.3675,0,129;7,1,0.2305,0,139;7,3,0.0025,0,243
evidence-tabular-train-01949	5	2	0	153,141,172,13,133,187,147,86,55,18,60,198,149,22,207,34,139,28,92,129,8,117,44,76,184,204,93,110,45,100,69,162,64,207,114,180	7,3,0.4585,1,230;3,0,0.8815,0,51;6,2,0.0645,0,16;3,4,0.9065,0,90;3,4,0.4665,0,187;8,3,0.6285,0,112
evidence-tabular-train-01950	1	3	0	204,17,41,13,84,156,54,176,3,27,21,140,127,103,48,70,58,181,167,161,120,215,130,89,114,35,81,149,65,143,210,159,148,175,94,111	2,3,0.2105,0,238;2,1,0.2415,3,36;5,0,0.3625,1,217;8,2,0.2895,1,124;6,5,0.5705,3,118;6,0,0.9195,2,85
evidence-tabular-train-01951	2	2	0	70,20,12,149,105,155,169,132,168,45,190,213,65,126,40,55,93,60,1,208,210,27,117,155,35,21,116,89,189,82,110,141,147,140,172,75	0,2,0.9765,0,227;2,1,0.0265,0,180;6,2,0.3515,1,154;2,0,0.3665,0,203;8,4,0.8205,0,75;5,2,0.9115,0,104
evidence-tabular-train-01952	1	1	0	117,63,115,64,27,122,181,102,69,3,57,82,12,187,106,188,76,35,194,93,146,45,206,161,141,201,187,44,207,91,160,149,19,21,134,140	2,2,0.7015,0,114;2,1,0.8085,0,68;8,5,0.1615,0,147;3,0,0.6055,0,230;5,0,0.7305,0,194;1,4,0.9935,0,172
evidence-tabular-train-01953	8	1	2	134,102,91,80,198,119,174,20,21,111,66,69,84,49,160,159,146,116,126,214,12,7,93,192,152,203,151,140,37,27,141,153,157,48,42,59	6,2,0.8895,0,23;2,3,0.4835,3,84;0,1,0.4955,0,131;7,2,0.6115,0,246;5,5,0.8835,2,148;5,4,0.9135,0,6
evidence-tabular-train-01954	10	3	2	101,159,67,169,188,76,58,96,148,51,34,117,14,32,85,163,16,190,151,43,125,192,211,69,1,175,130,89,202,136,141,48,110,114,196,21	0,4,0.0825,0,39;7,0,0.6355,3,194;2,0,0.6145,0,182;3,3,0.2995,3,184;4,4,0.5735,0,170;4,0,0.1985,0,213
evidence-tabular-train-01955	10	2	2	101,181,82,41,131,182,5,92,117,125,184,178,65,136,147,45,93,62,151,16,112,70,196,183,141,49,193,180,34,197,109,27,21,166,81,11	4,1,0.0655,0,66;2,0,0.2695,0,23;0,4,0.2725,1,130;8,0,0.8875,0,150;4,3,0.1245,0,15;4,1,0.0225,0,17
evidence-tabular-train-01956	10	2	0	21,147,114,29,9,61,34,157,208,98,130,141,45,190,69,117,18,64,110,200,83,51,95,173,88,164,121,79,149,186,13,164,140,42,185,215	8,3,0.5955,0,94;4,0,0.4565,0,183;2,3,0.1595,0,206;6,1,0.0005,2,127;1,4,0.4585,0,64;0,0,0.8315,0,222
evidence-tabular-train-01957	5	2	2	176,210,31,157,203,133,123,147,151,114,43,62,117,45,105,50,22,15,89,160,155,137,180,69,6,108,141,38,161,66,76,96,194,211,17,82	5,5,0.2335,1,32;6,4,0.6085,0,179;1,4,0.5635,0,159;3,0,0.2935,3,237;8,2,0.4645,0,77;2,3,0.3145,0,48
evidence-tabular-train-01958	0	3	2	99,90,208,148,136,69,12,82,75,18,117,45,164,61,43,151,185,157,206,130,189,123,196,141,25,66,9,52,93,210,202,110,39,203,114,21	8,2,0.4385,0,95;0,5,0.6955,0,74;3,3,0.5235,0,79;2,0,0.5435,0,195;2,4,0.5645,0,111;2,0,0.0915,0,126
evidence-tabular-train-01959	0	3	0	208,157,163,141,29,133,159,107,148,71,89,124,80,176,149,93,51,5,15,155,45,35,189,18,64,63,137,41,192,154,99,114,117,191,86,23	4,5,0.5075,2,31;4,1,0.2035,0,8;2,5,0.1675,2,59;7,4,0.3685,0,239;2,1,0.5855,0,71;3,3,0.3375,0,203
evidence-tabular-train-01960	8	0	1	69,85,90,195,203,197,78,38,111,161,6,201,117,60,114,125,93,68,131,137,45,53,177,102,21,141,188,154,145,203,19,204,13,150,44,32	5,3,0.6965,0,73;7,4,0.8015,0,189;4,2,0.9895,0,107;5,3,0.4775,0,246;5,5,0.5775,0,158;4,1,0.3965,0,31
evidence-tabular-train-01961	0	3	1	82,198,54,27,90,169,117,19,139,99,72,132,41,170,75,68,196,215,148,141,162,45,21,172,207,59,150,190,213,8,38,124,93,107,14,114	7,4,0.6665,0,36;2,4,0.3075,0,185;5,1,0.9365,3,227;2,0,0.4735,0,74;2,1,0.5625,0,10;3,2,0.6055,0,141
evidence-tabular-train-01962	7	1	2	122,112,151,28,37,153,197,45,134,146,19,194,64,59,141,167,212,138,180,21,97,11,9,199,85,106,69,53,117,215,40,76,93,199,192,89	8,1,0.6815,0,222;3,3,0.1285,0,77;4,1,0.0005,0,206;3,3,0.2675,0,46;0,0,0.1395,0,168;1,4,0.4025,0,34
evidence-tabular-train-01963	10	0	0	7,60,116,30,13,188,135,149,141,164,139,45,125,211,145,156,21,87,34,93,198,106,69,173,19,89,120,67,105,81,54,168,214,174,41,155	6,3,0.7005,0,210;5,0,0.2915,0,192;5,2,0.7645,0,133;8,5,0.3415,0,228;8,0,0.9315,3,57;4,5,0.6425,0,64
evidence-tabular-train-01964	1	1	0	70,21,12,146,93,88,116,99,36,185,87,133,45,139,68,128,111,155,41,25,188,149,159,202,51,3,173,156,198,59,211,74,117,163,141,16	2,2,0.0725,0,233;0,2,0.2735,0,67;2,1,0.9535,1,224;1,5,0.0035,0,166;2,5,0.9785,0,183;7,3,0.7295,0,134
evidence-tabular-train-01965	9	1	2	56,212,68,80,12,132,105,38,179,69,6,151,45,215,120,197,215,113,23,43,137,200,141,146,20,93,123,191,90,27,58,184,159,87,179,108	5,2,0.9375,2,124;2,4,0.6595,0,140;7,0,0.8825,0,69;7,5,0.4955,0,45;8,2,0.2555,3,103;2,2,0.3225,0,115
evidence-tabular-train-01966	5	3	1	195,8,41,10,122,190,93,188,184,38,165,169,206,27,148,45,117,210,91,156,81,21,69,98,55,109,68,62,131,113,86,185,141,139,19,150	7,0,0.7855,0,236;2,4,0.2505,0,85;6,4,0.8725,0,26;8,4,0.6245,0,213;1,3,0.3985,0,96;1,1,0.6795,0,115
evidence-tabular-train-01967	1	1	2	123,133,49,179,191,67,205,175,191,78,10,209,215,141,151,107,138,69,32,41,202,62,182,93,98,116,119,39,199,89,45,18,82,146,21,6	5,0,0.5305,0,173;7,5,0.2435,0,15;0,4,0.6975,0,183;5,0,0.2955,0,175;1,1,0.9465,2,209;2,3,0.5695,0,106
evidence-tabular-train-01968	5	3	2	91,45,196,131,12,136,155,36,19,124,43,63,93,141,166,185,28,103,21,116,67,151,81,109,202,163,85,69,205,117,7,56,210,148,179,168	6,2,0.6375,0,7;3,2,0.7225,0,18;7,5,0.7225,0,242;8,3,0.6225,0,139;6,3,0.9045,0,104;3,1,0.1365,0,223
evidence-tabular-train-01969	1	1	0	210,188,31,59,119,167,17,133,109,140,45,82,146,44,126,36,141,177,3,112,57,180,93,184,64,168,13,183,149,92,69,153,80,163,21,102	2,3,0.2905,0,175;6,2,0.9705,0,116;8,1,0.1065,0,28;7,0,0.8525,0,143;5,3,0.1175,2,166;5,3,0.8315,0,71
evidence-tabular-train-01970	9	0	1	15,137,145,65,195,143,112,3,179,129,103,24,94,215,203,188,44,150,61,132,45,82,108,195,34,16,69,182,56,208,118,211,30,159,78,92	2,5,0.0095,3,182;5,0,0.9785,0,236;7,3,0.2955,0,113;5,0,0.8075,1,145;6,2,0.0025,1,235;8,2,0.2885,2,51
evidence-tabular-train-01971	9	3	0	136,207,214,93,172,193,148,188,117,67,202,13,141,92,132,188,69,36,111,54,20,27,2,186,60,149,178,75,127,104,21,116,45,85,43,159	1,3,0.9565,0,81;2,2,0.7835,0,97;5,2,0.7785,0,105;2,3,0.8265,0,243;7,5,0.9825,0,150;6,2,0.0415,0,112
evidence-tabular-train-01972	1	3	0	204,140,149,203,66,141,1,105,86,11,209,167,93,114,69,181,92,130,62,182,111,178,184,197,38,20,117,27,126,51,179,43,45,21,148,80	0,1,0.8725,0,36;2,4,0.6105,0,95;2,4,0.4665,0,231;7,4,0.9465,0,182;8,5,0.5545,0,234;5,0,0.8925,0,131
evidence-tabular-train-01973	9	2	0	147,183,124,203,172,136,141,186,188,69,67,110,132,117,116,196,178,80,89,3,56,35,11,47,204,93,104,31,24,20,61,83,43,172,149,170	2,1,0.8465,3,63;6,1,0.7835,2,252;7,3,0.7385,0,64;7,1,0.3995,0,107;7,4,0.9795,0,126;3,2,0.0495,0,255
evidence-tabular-train-01974	1	3	1	97,202,117,148,198,150,63,160,106,93,114,199,90,177,17,173,51,128,143,11,156,21,139,154,66,206,131,42,45,2,174,77,36,69,28,83	1,1,0.3295,0,240;3,2,0.4795,0,9;2,5,0.4495,0,173;4,1,0.5695,0,252;0,0,0.5325,0,245;7,1,0.7565,2,94
evidence-tabular-train-01975	1	3	1	42,116,93,210,91,21,108,140,55,75,192,68,148,196,35,193,11,87,6,60,69,46,192,121,117,199,211,167,29,150,157,16,214,141,132,99	5,1,0.0985,0,221;4,1,0.5205,1,185;6,2,0.9335,0,96;2,5,0.6185,0,36;2,2,0.8155,0,235;0,2,0.8755,0,219
evidence-tabular-train-01976	10	1	0	105,45,138,56,18,167,78,36,174,69,116,83,88,167,205,132,181,65,197,149,146,10,164,4,142,205,124,58,29,166,93,109,43,215,21,117	3,0,0.5115,0,120;4,2,0.6475,0,120;7,0,0.2185,0,199;5,1,0.1105,0,165;8,3,0.8695,0,102;3,2,0.4605,1,84
evidence-tabular-train-01977	9	3	0	26,133,107,96,157,206,85,211,8,113,201,14,124,100,44,179,175,66,45,90,141,149,205,176,59,203,72,36,139,20,117,165,57,21,74,148	7,4,0.8535,0,32;1,2,0.8455,0,215;8,1,0.5595,3,241;1,3,0.4335,3,118;3,1,0.2445,0,11;3,3,0.6745,0,53
evidence-tabular-train-01978	2	3	1	148,10,65,116,188,156,171,82,164,150,45,100,214,70,133,192,32,179,107,96,19,73,57,21,89,117,36,4,159,40,58,127,136,210,141,197	3,0,0.6775,0,181;7,2,0.0195,0,42;8,0,0.2645,1,119;0,0,0.2705,3,108;3,1,0.8415,0,83;6,3,0.1195,0,224
evidence-tabular-train-01979	2	3	0	123,160,65,149,143,60,80,148,134,45,12,69,84,91,113,200,57,5,197,40,212,165,37,155,139,117,93,21,166,177,100,18,175,109,29,169	4,2,0.4615,0,213;4,3,0.0135,0,144;8,2,0.2115,0,96;7,2,0.7305,0,85;3,3,0.2185,0,228;2,4,0.7685,2,131
evidence-tabular-train-01980	10	2	1	165,72,198,180,17,169,140,111,39,132,163,159,117,4,211,84,79,21,11,124,147,101,90,67,150,53,206,28,60,40,189,183,143,114,93,47	3,1,0.2785,0,212;3,5,0.1415,2,190;4,2,0.6095,3,65;6,2,0.5155,0,246;4,5,0.4185,0,106;3,2,0.9405,2,152
evidence-tabular-train-01981	2	1	1	194,37,176,96,67,208,159,25,117,90,17,40,195,105,23,141,114,13,136,4,133,45,161,146,85,76,150,106,185,58,52,129,161,69,159,165	3,3,0.2425,2,109;0,3,0.1715,0,49;3,0,0.6745,0,127;3,3,0.4355,3,97;8,0,0.5285,0,142;8,3,0.1935,0,212
evidence-tabular-train-01982	0	3	0	29,89,117,141,148,61,178,195,87,100,95,195,21,4,19,149,111,39,69,200,134,174,172,51,41,170,115,13,198,123,78,48,136,199,67,159	3,3,0.7465,0,175;4,5,0.3595,3,58;2,3,0.6175,0,83;5,5,0.2655,2,135;3,5,0.7935,0,45;2,4,0.1815,0,145
evidence-tabular-train-01983	1	0	0	186,121,170,53,45,21,149,85,137,99,208,169,192,141,14,42,90,177,1,145,69,68,109,208,75,25,199,165,203,18,93,114,130,117,58,35	0,4,0.5615,0,35;0,1,0.5605,0,1;4,0,0.8675,0,27;2,3,0.4675,0,114;2,3,0.4575,0,167;0,0,0.3745,0,192
evidence-tabular-train-01984	9	0	1	188,107,125,156,131,164,204,193,150,190,145,49,169,93,86,114,64,45,80,31,17,69,136,36,13,119,2,157,99,185,89,60,141,21,40,155	1,3,0.2035,0,30;6,2,0.0875,0,17;0,2,0.0335,0,142;7,4,0.3555,0,141;2,1,0.5955,2,229;4,1,0.0135,0,28
evidence-tabular-train-01985	2	1	2	185,197,151,45,144,167,112,63,70,26,40,97,50,7,93,89,82,169,117,187,124,36,213,68,181,174,208,130,16,136,21,146,76,182,110,10	6,0,0.0455,0,38;1,2,0.0885,0,50;1,5,0.8845,1,233;3,0,0.3415,0,136;0,4,0.0155,0,190;3,0,0.1635,3,182
evidence-tabular-train-01986	2	2	1	147,80,93,132,152,138,12,69,33,117,201,201,129,43,162,17,35,55,113,162,162,177,104,9,89,47,82,161,21,150,183,108,63,192,141,65	8,2,0.3455,0,91;8,1,0.6655,2,63;6,5,0.2035,0,122;7,0,0.2475,0,111;7,2,0.3025,0,4;8,2,0.4825,0,246
evidence-tabular-train-01987	5	2	2	56,134,200,74,151,116,61,210,117,4,45,111,41,147,89,123,67,32,188,103,192,190,20,189,138,188,86,161,34,24,93,205,185,141,72,14	3,4,0.8245,3,169;7,0,0.3725,0,103;7,3,0.7335,3,231;1,4,0.3825,0,80;6,5,0.8175,0,27;2,4,0.4935,0,170
evidence-tabular-train-01988	10	0	1	153,54,211,45,154,144,212,8,140,135,150,10,207,23,34,181,183,59,117,123,210,145,92,20,93,69,44,101,158,116,77,33,107,84,199,67	7,0,0.9035,2,0;8,0,0.9965,0,235;5,1,0.6475,0,176;4,2,0.8485,0,252;4,1,0.9565,0,77;2,5,0.8485,3,148
evidence-tabular-train-01989	1	0	1	150,44,93,60,25,65,165,107,7,141,158,171,34,91,182,190,21,117,75,57,134,18,12,127,101,167,85,200,138,179,45,69,176,145,112,164	6,2,0.5815,0,229;0,0,0.9045,0,240;8,2,0.3055,0,251;2,3,0.7965,0,166;4,1,0.1635,0,206;6,4,0.4575,0,184
evidence-tabular-train-01990	6	2	1	18,45,139,38,104,208,182,156,183,1,43,59,147,33,173,113,134,171,69,194,150,106,93,186,64,121,117,84,56,200,158,11,21,76,141,91	0,1,0.4245,0,171;8,4,0.6385,0,50;7,1,0.1155,0,1;3,2,0.7705,0,38;7,0,0.3525,0,199;0,4,0.6075,0,4
evidence-tabular-train-01991	7	0	2	120,164,106,77,174,191,136,63,26,175,132,151,96,1,212,21,64,181,91,37,45,125,102,182,114,181,53,84,69,183,11,141,145,152,18,43	0,1,0.4985,0,188;1,3,0.7975,0,205;4,5,0.1175,0,241;4,2,0.6015,3,190;5,0,0.5045,3,107;4,2,0.1995,0,62
evidence-tabular-train-01992	5	2	1	206,25,55,154,137,166,99,133,87,206,89,147,42,4,117,81,174,141,113,45,21,155,37,63,181,122,176,150,170,159,94,16,106,68,14,69	3,4,0.1265,0,229;0,3,0.5365,0,189;6,5,0.8315,0,150;8,5,0.3425,1,197;2,0,0.3175,0,99;1,3,0.3435,0,164
evidence-tabular-train-01993	7	0	1	117,48,114,215,21,189,173,93,98,92,64,130,17,178,83,59,138,145,38,203,199,168,210,156,51,13,41,69,80,143,122,111,25,150,3,181	2,3,0.3795,0,130;0,4,0.3225,3,103;2,1,0.1815,0,60;7,1,0.9275,0,152;1,5,0.4615,0,47;1,0,0.5655,2,158
evidence-tabular-train-01994	9	3	1	45,123,17,89,173,76,179,69,131,193,182,116,168,170,93,42,39,87,99,160,4,150,181,62,148,117,143,108,55,32,200,208,139,64,23,12	3,2,0.3025,2,179;7,5,0.4535,0,103;6,4,0.1265,0,144;3,5,0.3615,0,44;2,2,0.8675,0,176;2,1,0.7425,2,196
evidence-tabular-train-01995	9	2	2	171,111,160,33,45,90,165,49,80,132,156,119,211,85,125,93,67,37,140,5,211,116,100,18,213,69,60,175,151,22,182,147,206,12,40,141	4,2,0.5045,1,236;8,3,0.0085,0,33;0,2,0.7115,0,234;7,3,0.4215,0,5;3,5,0.9125,2,182;4,2,0.8645,0,144
evidence-tabular-train-01996	0	3	2	202,93,210,151,117,113,4,136,98,17,164,196,63,76,131,180,21,56,213,43,188,186,37,148,45,90,12,142,124,69,200,188,85,111,28,67	3,2,0.3405,0,152;3,3,0.7125,0,247;7,5,0.6265,0,184;3,3,0.5585,0,190;1,5,0.3745,0,108;3,1,0.1245,1,166
evidence-tabular-train-01997	9	1	0	136,208,32,105,106,208,12,93,205,210,67,135,154,45,58,74,190,39,21,90,84,112,44,215,17,9,141,146,195,69,165,149,117,121,51,184	8,2,0.3865,0,255;7,5,0.8655,0,22;2,0,0.6565,0,124;1,2,0.4675,0,146;8,0,0.0685,0,59;0,5,0.0425,0,165
evidence-tabular-train-01998	4	1	2	4,175,45,159,21,93,14,106,146,36,86,78,19,158,69,151,189,127,42,119,52,172,141,90,30,196,139,215,113,203,99,133,179,66,175,61	3,4,0.6365,0,165;5,2,0.5905,0,244;3,3,0.4705,0,0;5,4,0.5325,0,144;2,0,0.3915,2,212;6,3,0.6525,0,49
evidence-tabular-train-01999	5	1	0	133,104,149,187,206,42,45,184,117,11,112,146,21,194,17,124,141,67,69,155,75,110,89,174,206,93,55,136,176,6,31,189,82,39,195,60	5,1,0.3485,0,171;6,5,0.5975,0,132;6,2,0.7965,0,223;2,0,0.3995,0,215;7,4,0.0885,0,220;3,3,0.0495,0,184
evidence-tabular-train-02000	2	1	1	45,138,60,174,82,146,150,156,123,67,164,175,203,76,106,100,21,141,34,44,182,55,92,132,96,9,16,181,71,14,180,180,116,152,117,29	8,4,0.0055,0,214;4,0,0.8315,0,85;6,2,0.7745,2,189;3,0,0.9365,3,113;3,0,0.8145,0,132;2,2,0.5815,0,114
evidence-tabular-train-02001	0	3	2	11,100,64,31,45,186,209,111,9,123,177,88,69,85,171,114,37,151,164,174,130,136,93,17,80,21,179,148,142,52,117,210,60,193,162,41	8,1,0.3845,0,251;6,3,0.3465,0,116;3,2,0.1815,0,25;7,3,0.1865,0,130;3,5,0.5845,0,64;2,0,0.0595,1,251
evidence-tabular-train-02002	1	2	0	149,27,93,171,111,152,141,39,182,63,105,132,139,200,154,147,20,159,45,75,202,67,124,14,24,118,88,114,197,191,51,82,5,184,41,69	4,4,0.9385,3,74;2,5,0.3245,0,93;2,5,0.7165,0,197;2,0,0.1605,0,182;8,5,0.5865,1,129;3,2,0.7705,0,191
evidence-tabular-train-02003	2	1	1	69,108,37,113,181,171,163,158,118,128,64,97,215,30,150,191,12,132,161,73,183,180,83,193,44,46,93,58,21,18,90,146,141,50,3,139	2,2,0.4865,0,188;5,3,0.9755,1,99;1,0,0.1945,0,37;0,1,0.5485,0,115;0,2,0.3195,1,13;7,2,0.7495,0,153
evidence-tabular-train-02004	9	2	0	164,161,86,208,55,154,147,168,127,64,16,74,93,206,25,156,130,61,215,89,13,69,137,104,117,203,141,114,106,21,149,7,38,40,183,45	6,3,0.1095,0,193;0,4,0.1585,0,31;6,3,0.1975,0,87;1,4,0.3345,0,221;7,0,0.5175,0,224;6,0,0.3915,0,123
evidence-tabular-train-02005	10	2	1	70,110,196,198,77,39,45,141,158,139,150,64,173,176,63,20,132,117,11,188,89,127,40,114,147,204,172,22,205,4,83,93,52,101,31,196	3,1,0.8265,1,206;6,5,0.1635,0,223;3,5,0.0895,1,227;4,1,0.3945,0,238;4,4,0.4525,0,246;6,2,0.6385,0,182
evidence-tabular-train-02006	5	2	1	60,50,12,183,153,108,45,150,42,69,191,141,157,211,117,132,24,93,196,68,99,6,173,90,116,154,86,137,18,122,28,75,147,173,165,37	5,2,0.4905,3,65;3,3,0.5625,0,138;1,2,0.9475,0,171;2,4,0.4615,0,244;2,2,0.8905,0,222;1,2,0.3835,0,110
evidence-tabular-train-02007	5	2	2	76,93,69,60,103,41,38,82,112,26,132,7,147,21,156,180,201,111,10,195,203,161,124,184,91,45,187,167,51,67,141,18,117,140,151,164	6,0,0.4935,0,195;1,4,0.2045,0,138;2,2,0.7045,0,4;3,0,0.7025,0,252;6,5,0.1915,0,25;3,2,0.8995,0,18
evidence-tabular-train-02008	1	2	1	133,45,138,86,147,123,192,200,116,214,161,153,160,14,150,178,110,42,38,69,89,172,120,64,31,21,55,3,168,194,93,61,74,101,144,18	2,4,0.4795,0,105;6,4,0.4465,0,220;6,3,0.0475,0,238;1,4,0.3625,0,237;4,4,0.8345,3,201;2,3,0.5645,3,44
evidence-tabular-train-02009	5	2	2	115,208,106,93,62,147,133,66,163,88,49,123,28,42,169,45,20,83,2,179,69,100,151,39,161,74,138,170,193,117,14,213,164,141,21,205	1,4,0.8095,0,151;3,5,0.4195,0,56;0,4,0.5725,0,220;1,1,0.1135,0,139;3,0,0.7665,0,167;2,3,0.5835,0,106
evidence-tabular-train-02010	1	2	2	107,99,59,50,200,93,87,188,38,21,27,187,135,42,147,65,199,48,141,121,3,71,15,202,20,182,88,188,116,211,151,117,190,73,171,138	2,5,0.8215,0,62;2,4,0.4415,3,75;1,1,0.3055,2,156;0,5,0.1535,0,51;2,1,0.8015,0,251;0,5,0.5885,0,228
evidence-tabular-train-02011	10	1	1	93,140,63,64,189,55,35,192,134,45,110,159,116,101,91,146,14,188,141,3,150,201,69,173,20,200,194,75,83,23,118,41,170,125,32,202	2,4,0.9105,2,238;7,1,0.2185,0,1;6,5,0.0395,0,186;2,1,0.7695,0,27;4,4,0.9635,1,183;4,4,0.9475,0,137
evidence-tabular-train-02012	7	1	2	83,137,163,195,141,191,46,90,42,184,158,31,146,190,21,97,208,162,13,189,37,20,67,109,125,117,186,93,69,59,52,114,131,79,2,151	1,3,0.8175,0,200;6,3,0.4255,1,106;3,1,0.7935,0,174;6,1,0.4895,0,92;0,3,0.5815,0,22;4,1,0.3765,0,135
evidence-tabular-train-02013	10	0	0	82,161,141,77,145,149,171,64,205,157,108,182,164,118,15,62,20,69,89,49,30,21,140,184,131,34,45,168,209,112,104,9,192,42,93,126	8,5,0.8425,0,182;5,0,0.5705,0,20;0,4,0.1495,0,188;4,0,0.2985,0,178;7,2,0.1375,1,193;5,1,0.9825,0,212
evidence-tabular-train-02014	1	0	2	35,168,161,43,20,3,111,180,156,46,62,30,132,89,215,139,196,166,64,145,188,13,49,123,21,117,196,103,78,141,183,69,86,115,151,93	2,3,0.9505,0,34;5,1,0.6985,1,248;0,4,0.1645,0,211;5,4,0.3335,0,132;6,5,0.6365,0,112;2,2,0.7995,0,168
evidence-tabular-train-02015	1	3	1	157,21,196,132,42,187,170,69,116,45,92,137,84,77,141,60,198,107,205,64,99,122,150,13,93,117,55,176,4,39,17,148,156,214,27,158	3,3,0.2005,0,131;2,5,0.4475,0,44;6,2,0.1705,0,211;4,2,0.8915,0,49;2,1,0.8445,0,26;1,2,0.2905,0,166
evidence-tabular-train-02016	10	2	1	176,112,197,35,83,92,120,211,137,57,29,176,199,69,66,141,124,5,45,81,207,132,169,198,212,147,111,96,21,100,19,166,42,62,150,12	4,2,0.6515,0,35;4,1,0.5885,0,175;8,4,0.5625,0,121;8,1,0.8985,3,143;3,5,0.1835,3,139;3,2,0.2155,0,71
evidence-tabular-train-02017	7	0	1	201,182,184,93,74,193,17,11,40,140,2,70,207,87,208,195,141,135,65,90,60,111,21,150,105,117,202,192,45,114,53,30,197,122,38,145	1,1,0.3725,0,75;5,4,0.1665,0,36;4,2,0.3255,1,155;1,5,0.4215,0,133;8,5,0.4865,0,221;1,5,0.9575,0,24
evidence-tabular-train-02018	10	2	2	69,21,34,61,204,16,103,157,49,115,91,193,13,180,209,158,43,93,147,136,33,81,203,151,48,3,141,181,118,109,121,181,64,135,82,201	2,3,0.1345,0,57;8,0,0.7735,3,10;0,3,0.1695,0,101;8,0,0.7145,0,181;6,3,0.6825,1,85;0,5,0.0985,0,218
evidence-tabular-train-02019	2	3	0	211,186,212,17,193,158,91,149,69,28,179,154,112,62,23,7,109,15,130,121,141,54,45,37,65,208,191,104,83,167,148,138,40,117,93,76	6,5,0.3825,2,64;3,3,0.1605,0,144;5,4,0.3705,0,69;3,1,0.7355,0,240;7,3,0.0075,0,30;0,0,0.4205,0,210
evidence-tabular-train-02020	10	2	1	130,121,92,69,67,160,141,63,78,93,210,193,147,44,170,21,45,119,102,181,57,85,193,136,106,15,150,153,27,37,167,112,16,212,6,156	5,5,0.0195,0,24;2,3,0.9125,0,156;8,5,0.7025,0,38;5,3,0.8825,0,69;5,0,0.0765,2,222;0,0,0.1775,0,203
evidence-tabular-train-02021	9	3	0	67,80,141,45,178,69,91,149,99,211,200,61,139,206,195,198,111,119,158,21,2,40,15,86,56,31,116,34,128,201,148,202,95,183,131,20	1,5,0.8095,0,133;6,0,0.0275,0,243;7,3,0.7395,0,2;7,4,0.7295,2,190;2,5,0.9595,2,70;7,1,0.7175,0,58
evidence-tabular-train-02022	1	3	2	60,138,65,141,200,85,21,109,14,151,36,52,80,192,93,135,174,3,196,160,159,100,209,91,191,123,69,188,148,113,213,45,29,19,42,120	2,4,0.6935,0,232;4,2,0.5695,0,54;3,2,0.2255,0,189;7,3,0.7255,0,220;3,3,0.3445,3,108;2,5,0.4115,0,210
evidence-tabular-train-02023	10	0	1	215,20,72,167,58,64,150,192,21,116,142,189,95,11,121,191,27,75,145,136,134,40,9,92,101,36,117,48,174,177,162,156,51,107,83,155	8,1,0.9365,0,45;2,2,0.1905,3,239;2,0,0.1835,3,159;2,1,0.8675,2,35;4,1,0.9445,0,153;0,4,0.0705,1,169
evidence-tabular-train-02024	6	3	1	42,178,148,207,201,82,67,191,45,179,129,62,104,113,11,19,88,150,76,213,141,34,167,130,93,137,30,21,109,69,186,206,6,49,119,192	5,1,0.6645,0,104;5,0,0.4045,0,102;0,4,0.6355,0,233;3,0,0.1165,0,91;7,3,0.3205,2,46;8,0,0.3935,0,69
evidence-tabular-train-02025	1	3	0	153,200,137,184,182,99,54,63,117,28,92,93,113,84,208,41,149,123,174,69,180,34,148,77,197,45,134,106,205,11,141,181,4,16,64,21	3,1,0.1215,0,40;3,0,0.2145,0,50;5,5,0.1785,0,203;4,2,0.9955,0,161;2,0,0.3825,0,247;2,4,0.2635,0,60
evidence-tabular-train-02026	2	1	2	196,109,161,185,133,33,60,151,198,45,163,101,146,125,143,200,117,93,113,34,212,69,206,199,91,67,207,10,21,84,140,1,80,16,52,42	0,0,0.0005,0,57;8,0,0.4155,0,211;3,2,0.6455,0,123;7,2,0.7705,0,159;4,3,0.3445,0,187;4,3,0.9285,2,74
evidence-tabular-train-02027	5	2	2	207,14,205,40,137,47,75,7,141,183,39,154,92,70,151,20,204,158,51,164,83,133,209,172,21,66,117,147,215,111,101,60,116,31,93,124	6,4,0.9745,0,177;6,5,0.0735,2,100;2,2,0.5545,1,66;2,1,0.9805,0,194;4,5,0.8805,0,116;3,3,0.3015,0,33
evidence-tabular-train-02028	1	2	0	149,114,39,176,56,127,45,33,190,21,193,84,141,193,147,201,20,93,117,207,3,207,140,179,90,69,169,110,134,97,77,15,44,66,154,63	2,5,0.9275,0,19;8,5,0.9385,0,230;7,5,0.5555,0,98;4,2,0.5845,0,125;0,4,0.5965,0,239;6,4,0.9225,0,194
evidence-tabular-train-02029	1	3	2	175,88,11,138,7,23,77,176,164,86,141,196,35,60,203,148,130,27,212,108,157,117,151,69,211,44,45,112,123,54,172,20,93,171,101,66	6,1,0.9225,2,250;2,1,0.8785,0,7;5,2,0.4535,0,107;4,4,0.1025,0,229;4,2,0.0895,0,82;2,0,0.5545,0,53
evidence-tabular-train-02030	5	0	1	108,16,161,88,179,87,116,67,30,53,59,161,154,35,202,172,141,41,161,145,165,93,23,80,70,157,138,133,15,117,199,46,97,3,127,150	2,5,0.0185,2,159;5,1,0.2895,1,228;4,1,0.7885,1,159;7,5,0.1135,0,142;0,2,0.9445,0,246;6,3,0.5305,0,241
evidence-tabular-train-02031	10	1	1	55,17,153,150,69,77,210,146,105,126,133,138,194,161,117,90,162,141,21,161,65,60,114,10,107,93,83,200,165,42,1,204,212,36,28,48	0,0,0.3655,0,228;3,2,0.4745,3,188;6,2,0.2545,0,85;4,1,0.4645,0,125;8,1,0.5175,0,235;5,3,0.5365,0,208
evidence-tabular-train-02032	8	2	1	150,185,21,27,44,64,1,62,156,170,136,87,152,204,147,19,177,69,188,121,111,51,93,141,117,132,46,112,14,91,105,78,176,190,189,38	0,4,0.7185,0,245;2,4,0.9755,1,233;2,4,0.1075,0,153;5,5,0.6865,0,78;8,5,0.1375,0,129;0,2,0.0875,0,101
evidence-tabular-train-02033	1	1	0	153,149,108,21,146,93,27,3,49,117,190,161,112,86,75,17,44,210,45,58,123,176,134,181,39,70,67,138,185,142,182,152,104,11,89,171	2,1,0.2335,0,20;2,5,0.9285,0,216;0,0,0.6045,1,211;2,4,0.2595,0,71;7,2,0.0455,0,202;2,4,0.4635,1,150
evidence-tabular-train-02034	4	1	2	126,133,34,13,144,61,201,114,57,24,86,207,75,117,100,167,196,179,198,25,164,42,65,90,138,93,19,69,198,178,151,47,197,146,107,3	2,3,0.6175,3,220;0,0,0.5995,2,23;8,3,0.3645,0,10;2,4,0.5455,0,162;3,1,0.5975,0,42;5,3,0.4985,3,253
evidence-tabular-train-02035	2	3	2	19,169,11,44,100,112,48,90,127,160,209,23,36,31,64,4,178,151,189,69,137,93,162,82,141,50,179,63,212,131,205,167,109,148,117,76	3,1,0.7815,2,250;6,2,0.9725,3,101;1,5,0.0125,0,41;3,0,0.4625,0,134;3,3,0.0605,0,199;6,1,0.2875,0,70
evidence-tabular-train-02036	10	1	0	57,134,139,177,187,149,19,188,141,25,77,36,6,215,63,69,68,45,173,21,117,156,42,93,83,14,89,163,211,105,163,146,110,159,128,114	5,4,0.7625,0,116;0,2,0.5755,0,48;8,5,0.9475,0,4;4,1,0.3875,0,154;8,4,0.5475,0,78;7,4,0.7075,0,222
evidence-tabular-train-02037	8	3	1	188,91,85,119,45,52,11,123,113,150,60,39,155,78,96,44,191,130,69,68,171,100,211,110,168,153,30,21,157,141,3,16,212,148,191,140	2,1,0.0395,0,172;5,5,0.8295,0,184;3,2,0.8455,0,199;5,3,0.6005,3,91;3,4,0.2275,2,126;2,0,0.9845,0,226
evidence-tabular-train-02038	9	1	2	141,163,172,89,113,182,137,108,155,117,194,189,151,84,174,93,50,157,97,21,8,43,37,67,182,28,69,18,79,131,207,62,13,146,123,46	7,3,0.5205,0,69;3,3,0.6775,1,107;1,4,0.7945,0,162;6,2,0.2735,0,196;0,2,0.2505,0,224;2,1,0.3895,0,99
evidence-tabular-train-02039	1	1	2	177,117,207,211,128,7,130,151,108,45,91,168,68,146,97,27,20,115,163,214,75,13,58,93,84,137,37,21,55,215,191,43,155,69,141,196	6,3,0.9325,0,73;2,3,0.6175,0,42;6,0,0.8325,0,157;2,2,0.7355,0,100;0,2,0.6265,0,185;7,0,0.3905,0,254
evidence-tabular-train-02040	1	1	1	26,178,19,4,81,95,51,72,88,129,84,150,115,190,164,136,212,42,117,133,99,215,38,215,21,67,11,45,175,146,60,144,204,212,109,159	3,1,0.6205,0,61;1,4,0.5225,0,15;2,2,0.7395,3,100;8,2,0.0955,2,174;2,3,0.6895,0,83;8,3,0.1595,3,143
evidence-tabular-train-02041	0	3	1	58,28,214,174,39,121,157,162,213,137,11,82,148,208,214,131,19,93,69,43,213,76,150,109,23,113,9,155,98,65,142,92,120,55,45,173	8,1,0.6025,2,37;3,5,0.6895,0,97;6,0,0.2245,0,72;3,0,0.9365,0,43;1,3,0.2625,3,53;0,1,0.2745,1,171
evidence-tabular-train-02042	6	2	0	170,147,143,204,64,77,133,21,149,43,51,45,187,194,108,93,100,17,204,173,91,87,139,129,34,117,115,215,174,13,61,29,69,181,1,175	0,3,0.3165,0,84;4,0,0.6805,0,104;2,3,0.1315,0,46;4,5,0.6425,0,58;3,2,0.6645,0,84;8,3,0.6585,2,239
evidence-tabular-train-02043	1	2	1	10,21,185,200,75,139,189,72,198,45,130,144,161,117,110,173,51,150,193,85,203,66,27,155,97,93,20,39,157,59,43,147,123,89,8,116	7,0,0.8365,0,253;2,5,0.6005,0,15;2,1,0.5335,3,232;2,3,0.2665,0,39;0,4,0.8675,0,93;2,0,0.6105,3,102
evidence-tabular-train-02044	9	2	1	165,63,70,174,207,18,93,88,66,21,39,147,11,144,85,113,119,150,79,32,211,171,56,192,4,130,108,104,137,43,153,198,176,161,45,121	3,1,0.5685,0,24;7,5,0.6565,0,240;7,5,0.4205,1,162;6,3,0.1935,0,108;7,2,0.2565,2,82;0,0,0.2455,3,104
evidence-tabular-train-02045	1	1	0	108,130,194,117,67,186,85,17,189,29,43,21,175,184,51,202,143,114,176,149,204,5,195,169,90,93,75,69,146,138,34,45,98,124,15,63	4,5,0.2325,0,67;4,0,0.6555,0,15;2,5,0.7815,0,15;2,3,0.5805,0,79;1,2,0.4785,0,125;3,0,0.4715,2,225
evidence-tabular-train-02046	1	2	0	123,144,149,184,90,190,115,186,164,73,64,136,38,58,25,41,51,45,165,69,198,99,147,171,2,12,161,20,86,21,180,111,117,135,199,93	1,2,0.9515,0,56;0,4,0.3635,0,179;2,0,0.1285,0,173;0,4,0.4625,0,190;2,5,0.6325,0,123;2,5,0.1725,3,241
evidence-tabular-train-02047	4	1	2	209,169,180,62,31,140,146,34,114,4,111,151,87,177,67,20,48,192,175,211,209,93,141,129,75,44,104,193,12,21,92,57,194,69,117,132	3,2,0.9035,0,114;6,0,0.8795,3,154;8,4,0.7545,0,29;2,5,0.9045,0,120;7,5,0.5865,0,62;8,2,0.9215,0,33
