evidence-temporal-train-00000	1	3	1	73,45,92,68,96,174,177,24,141,106,117,198,7,213,39,17,167,168,63,10,136,200,167,115,203,70,135,86,56,150,124,211,42,148,99,27	6,0,0.2395,3,30;2,5,0.5415,0,9;7,5,0.8235,1,143;0,4,0.9255,3,156;2,0,0.7445,0,219;3,5,0.1095,0,202
evidence-temporal-train-00001	2	0	0	52,59,160,118,158,161,155,75,112,137,176,145,135,156,67,1,17,205,88,196,12,93,35,69,149,27,109,122,158,23,45,41,83,101,141,182	0,2,0.3505,2,147;2,1,0.3305,0,97;3,1,0.6315,0,152;2,1,0.1165,0,243;4,3,0.0365,1,14;1,5,0.3565,0,213
evidence-temporal-train-00002	1	1	2	205,138,186,58,112,12,99,202,123,77,163,157,193,36,21,197,107,117,209,45,42,17,141,134,210,66,53,32,93,206,88,86,2,146,69,151	1,2,0.2975,0,99;7,2,0.5455,0,244;4,0,0.4165,0,110;4,4,0.0075,0,139;2,1,0.0935,0,114;2,4,0.4535,0,178
evidence-temporal-train-00003	10	2	2	65,56,38,93,141,82,169,8,129,21,80,139,153,117,27,172,135,47,107,16,112,98,12,151,161,153,203,43,147,71,92,186,155,63,164,168	7,2,0.0725,0,140;2,4,0.6425,2,251;7,5,0.3695,2,197;7,0,0.8745,0,60;1,1,0.1175,0,107;8,5,0.7295,0,153
evidence-temporal-train-00004	7	0	0	63,133,138,190,114,93,191,167,49,69,64,4,178,108,187,76,21,117,141,207,82,14,102,191,35,149,26,16,145,45,173,194,122,205,40,91	3,4,0.0385,0,30;1,1,0.0345,0,148;0,5,0.0635,0,108;3,0,0.7795,0,47;5,2,0.5725,0,160;1,3,0.4925,0,250
evidence-temporal-train-00005	2	2	1	96,157,40,21,105,33,11,66,35,114,205,150,60,75,188,141,136,156,69,45,54,215,156,3,135,19,157,160,90,126,147,111,86,214,167,118	2,1,0.7525,0,232;8,1,0.0945,0,103;5,2,0.5225,0,32;2,4,0.5895,3,36;8,5,0.4245,1,135;5,5,0.1765,0,134
evidence-temporal-train-00006	1	3	0	65,166,60,194,175,131,161,22,148,45,117,43,77,37,115,69,141,194,201,138,82,20,93,172,212,9,99,15,124,106,27,51,149,88,160,165	8,5,0.9115,1,73;2,3,0.7565,0,147;2,2,0.2445,0,242;4,0,0.1955,0,41;2,0,0.6235,0,134;3,1,0.5085,0,37
evidence-temporal-train-00007	10	2	1	117,56,102,68,138,20,21,62,125,91,208,93,203,111,34,195,82,2,141,45,214,190,201,168,192,70,133,147,177,13,189,42,30,150,75,114	1,3,0.8625,0,41;5,0,0.5515,0,234;7,4,0.9555,1,131;2,0,0.6895,0,120;5,5,0.4975,0,80;4,3,0.4905,0,241
evidence-temporal-train-00008	1	2	2	117,3,59,21,183,99,79,154,69,151,147,207,45,96,91,35,84,195,131,123,13,19,201,179,181,49,68,141,40,107,140,28,162,116,209,186	2,3,0.7165,0,216;3,1,0.0695,0,189;0,1,0.9645,0,50;6,2,0.6025,3,76;2,1,0.8745,0,141;2,1,0.8875,0,124
evidence-temporal-train-00009	10	1	0	93,205,125,141,200,117,173,159,65,89,87,196,146,159,10,111,77,172,55,20,21,149,45,159,172,105,112,139,35,70,132,1,40,159,31,61	0,0,0.9745,0,232;6,1,0.1525,0,219;6,3,0.3255,1,8;4,5,0.3095,0,171;8,5,0.0205,0,62;4,2,0.7655,0,222
evidence-temporal-train-00010	5	2	2	151,184,38,69,184,117,93,202,103,113,157,32,178,131,41,85,111,75,124,45,60,136,154,174,160,4,21,52,141,147,160,20,65,11,187,90	3,1,0.8875,0,13;7,4,0.3425,0,38;3,2,0.3765,0,78;2,3,0.5325,0,164;6,5,0.3545,0,56;3,1,0.0355,0,44
evidence-temporal-train-00011	0	3	0	45,143,139,76,170,37,66,30,148,197,55,196,113,120,164,21,69,213,169,192,129,191,177,93,62,41,84,213,18,106,130,149,6,14,97,92	5,4,0.4905,0,139;5,3,0.2715,0,32;6,4,0.5705,0,102;3,2,0.8755,0,234;0,0,0.2825,3,54;8,0,0.7725,2,58
evidence-temporal-train-00012	8	1	2	6,85,65,104,128,146,79,160,187,166,151,13,133,55,197,189,142,112,94,193,21,45,117,187,18,186,38,41,33,108,139,152,89,69,167,58	5,3,0.4645,0,0;8,4,0.3855,0,178;6,0,0.3285,0,83;6,3,0.3565,1,27;7,2,0.0075,0,37;7,3,0.7485,1,46
evidence-temporal-train-00013	9	2	1	24,187,92,38,66,3,209,141,45,76,19,72,199,195,214,93,164,150,58,182,50,13,100,32,82,125,41,108,136,112,147,212,166,180,131,117	2,3,0.7405,3,218;7,4,0.2345,0,70;1,0,0.5855,3,214;3,0,0.9455,0,31;3,2,0.1655,0,29;4,1,0.0575,0,182
evidence-temporal-train-00014	8	1	2	151,69,103,197,112,6,34,174,66,177,176,125,84,120,164,185,78,54,17,146,192,46,136,21,111,197,135,200,93,27,60,44,141,12,180,88	5,2,0.3785,0,19;2,0,0.9905,1,7;5,2,0.4255,0,183;5,2,0.0745,0,189;6,5,0.0965,3,144;4,5,0.0105,0,226
evidence-temporal-train-00015	1	2	0	175,5,202,93,114,102,70,172,27,173,24,111,76,52,64,214,136,196,38,133,58,89,118,87,175,157,185,141,147,164,44,45,149,13,128,19	4,3,0.7395,3,36;2,4,0.9385,0,234;3,0,0.0055,1,29;3,5,0.2385,0,215;5,5,0.5115,1,153;7,3,0.1295,0,186
evidence-temporal-train-00016	1	2	2	179,34,198,65,166,59,45,117,168,169,42,196,17,110,139,121,180,5,31,69,209,99,21,84,131,81,168,88,161,51,141,151,147,115,15,96	4,5,0.2425,0,239;6,0,0.5025,0,161;2,1,0.2275,0,194;8,2,0.1305,3,129;2,4,0.7995,0,117;0,1,0.6865,0,214
evidence-temporal-train-00017	1	0	0	123,40,138,34,149,98,189,187,74,109,85,69,141,67,170,62,145,167,197,92,118,3,194,191,156,21,93,14,184,17,112,160,46,25,134,49	2,4,0.2085,0,254;0,0,0.0035,1,141;0,4,0.7035,0,20;1,3,0.9925,0,207;1,3,0.1135,1,110;2,4,0.5745,0,51
evidence-temporal-train-00018	1	0	0	136,153,90,209,99,145,40,62,69,65,183,27,189,50,116,108,149,141,164,163,83,157,93,11,160,211,35,45,117,124,74,131,9,22,157,18	8,1,0.4805,1,70;2,1,0.1205,0,30;1,4,0.2165,0,74;1,1,0.4215,0,122;2,2,0.8865,0,173;3,1,0.0825,0,149
evidence-temporal-train-00019	9	2	0	213,85,213,18,207,154,40,138,149,131,205,11,29,177,45,117,166,212,154,63,111,69,39,56,214,93,77,92,113,67,4,124,21,143,147,105	3,1,0.5985,0,138;4,5,0.0975,0,175;7,5,0.6665,0,191;4,3,0.9355,0,84;8,5,0.2265,0,146;3,1,0.4685,2,164
evidence-temporal-train-00020	1	3	2	115,75,213,31,148,45,168,154,134,155,69,172,11,208,35,66,21,170,166,151,19,101,185,124,173,137,57,84,92,141,62,93,3,106,40,117	2,1,0.6175,0,123;6,1,0.0475,0,83;8,4,0.4755,0,78;2,2,0.8135,0,139;4,0,0.6825,0,198;3,4,0.3235,0,9
evidence-temporal-train-00021	2	0	1	36,113,155,207,171,44,193,69,137,84,30,187,12,117,16,81,182,93,109,97,130,195,60,4,66,195,150,127,187,145,165,50,141,91,21,45	3,2,0.1185,0,73;5,2,0.8365,0,173;1,2,0.4725,0,178;8,2,0.6405,0,204;0,3,0.3175,0,230;6,0,0.2455,0,90
evidence-temporal-train-00022	6	1	0	125,211,69,18,115,155,87,149,91,101,196,2,188,51,45,93,117,73,63,193,41,144,106,146,155,139,23,65,11,190,154,31,134,37,176,159	1,1,0.5565,2,143;6,3,0.2545,0,27;2,5,0.2815,0,227;0,5,0.7195,0,44;4,0,0.7615,0,243;4,4,0.7935,3,244
evidence-temporal-train-00023	1	2	0	191,111,194,84,213,69,51,125,209,93,194,157,88,40,117,134,2,149,147,45,21,63,156,186,189,141,11,140,66,35,75,99,28,114,17,212	1,1,0.2175,0,168;3,1,0.1475,0,9;2,5,0.4285,0,49;2,2,0.0885,0,104;2,5,0.4535,0,195;4,4,0.9855,0,223
evidence-temporal-train-00024	8	3	1	45,30,16,59,39,114,53,93,198,175,154,74,148,137,124,150,173,203,69,180,184,1,200,119,144,42,188,195,86,106,135,104,89,13,21,68	0,3,0.0495,0,165;5,5,0.4045,0,77;4,1,0.8715,0,162;1,4,0.2325,0,145;7,0,0.5575,2,28;3,5,0.2615,3,211
evidence-temporal-train-00025	1	3	2	43,148,209,63,36,142,178,71,23,2,116,29,68,89,156,99,126,135,179,117,206,15,196,195,50,158,18,109,75,82,45,93,138,177,151,211	1,5,0.4815,2,199;4,2,0.6805,0,102;1,5,0.9785,2,98;2,0,0.3645,0,210;2,3,0.9155,0,50;5,5,0.4175,1,10
evidence-temporal-train-00026	1	1	1	67,83,130,44,141,89,21,36,164,47,17,171,99,150,114,205,146,169,210,123,117,14,54,70,138,108,183,179,9,29,75,187,206,93,178,58	8,4,0.3545,0,85;4,2,0.8325,2,77;5,0,0.7155,1,124;2,1,0.3225,0,243;2,2,0.4655,0,245;2,0,0.5765,0,192
evidence-temporal-train-00027	5	3	1	46,93,114,69,203,104,32,161,106,189,194,168,156,150,55,148,181,43,12,88,35,118,20,4,194,139,65,141,166,84,128,22,130,158,74,62	3,2,0.8985,1,132;7,1,0.6065,1,181;6,4,0.3155,0,89;1,2,0.1855,0,162;7,0,0.4385,1,187;7,0,0.7885,0,189
evidence-temporal-train-00028	7	0	2	69,85,112,128,133,1,136,28,14,21,182,117,90,18,110,215,34,202,68,174,151,202,50,76,45,40,93,204,105,62,185,145,141,172,156,210	0,4,0.4135,0,156;3,0,0.0895,0,254;1,4,0.9885,0,204;3,3,0.4495,0,8;8,4,0.1255,0,213;7,3,0.0005,0,172
evidence-temporal-train-00029	1	2	0	176,200,10,69,3,21,201,68,43,106,99,147,51,208,45,157,188,37,83,162,189,88,59,124,117,149,165,78,160,96,139,19,141,114,130,25	2,0,0.6055,0,156;0,3,0.7285,0,86;2,1,0.8775,0,201;5,1,0.1505,3,171;2,0,0.4775,0,56;3,0,0.6425,0,180
evidence-temporal-train-00030	7	3	2	110,71,44,16,195,13,21,25,122,117,196,171,177,97,49,159,156,58,148,203,137,79,163,116,82,37,135,91,181,46,180,64,9,96,151,141	8,3,0.0045,0,49;0,3,0.8695,1,107;0,0,0.0805,2,199;6,0,0.7135,3,127;0,4,0.8115,0,126;1,5,0.2845,0,101
evidence-temporal-train-00031	1	2	2	147,75,26,136,14,212,90,126,55,141,198,99,72,16,202,164,176,110,159,156,3,61,172,208,45,130,37,114,93,67,21,213,117,87,151,42	2,4,0.0395,0,151;1,3,0.5615,0,199;6,3,0.6585,3,14;2,5,0.4105,0,246;2,4,0.4685,0,232;5,0,0.1395,0,156
evidence-temporal-train-00032	10	2	1	91,62,87,118,111,172,4,198,215,150,180,147,139,188,11,77,37,198,102,170,112,93,29,182,21,56,45,68,141,128,43,130,69,16,206,189	3,1,0.0575,0,16;4,3,0.6385,0,225;7,4,0.8835,0,107;4,5,0.7385,0,52;5,5,0.0005,1,2;7,0,0.6815,0,198
evidence-temporal-train-00033	10	0	1	107,208,58,145,68,102,150,39,29,113,89,44,21,93,140,134,143,45,158,4,152,205,81,10,179,180,173,56,117,197,71,184,19,86,124,169	3,0,0.7955,0,160;4,5,0.9065,0,232;7,0,0.9095,2,25;8,4,0.3885,0,164;5,1,0.3405,0,143;3,4,0.8535,2,216
evidence-temporal-train-00034	2	0	2	114,100,173,161,145,151,28,51,7,144,45,137,130,60,20,92,199,111,21,128,119,157,83,35,43,178,68,69,78,167,11,194,168,152,93,169	6,1,0.8865,0,200;3,1,0.7925,0,129;2,2,0.8785,0,242;5,1,0.9145,0,193;3,5,0.4965,2,146;7,0,0.2945,3,7
evidence-temporal-train-00035	1	0	0	178,174,137,145,74,16,43,45,133,157,95,72,117,203,21,13,55,114,62,38,92,141,195,26,199,86,65,149,1,99,206,122,189,168,170,109	0,3,0.1215,0,178;1,4,0.7485,0,91;6,4,0.2545,3,176;1,4,0.9545,2,15;2,3,0.5865,0,85;1,3,0.3105,0,32
evidence-temporal-train-00036	0	3	0	149,171,91,18,159,118,141,107,134,21,154,103,167,205,158,93,44,37,63,73,4,168,148,45,123,69,204,139,113,10,171,64,85,51,28,196	3,0,0.5825,0,104;3,3,0.8215,0,197;2,5,0.1085,0,105;0,3,0.6145,0,117;6,1,0.2465,1,238;2,4,0.7375,0,122
evidence-temporal-train-00037	2	3	2	106,165,66,56,138,134,28,199,142,43,127,197,20,117,34,159,161,100,58,69,91,116,151,148,15,211,48,152,214,23,163,6,93,82,73,179	5,5,0.8085,2,222;3,0,0.7045,3,154;7,0,0.4345,0,68;0,0,0.7095,0,97;3,0,0.9715,0,22;6,4,0.4795,1,18
evidence-temporal-train-00038	6	1	1	16,69,207,44,209,187,21,68,143,93,38,113,214,49,119,63,12,208,79,170,45,192,107,121,150,203,136,97,132,89,203,3,178,146,29,86	2,2,0.1575,0,27;4,4,0.8415,0,170;0,5,0.9515,0,1;6,4,0.3765,0,14;0,1,0.2605,2,169;0,2,0.1375,2,78
evidence-temporal-train-00039	1	0	1	150,66,74,201,117,63,145,182,194,69,136,180,141,173,51,178,122,41,211,21,104,19,96,45,113,27,130,212,2,91,107,15,85,34,159,177	1,5,0.6735,0,141;2,0,0.3045,0,39;2,5,0.4165,0,124;1,3,0.6025,3,46;7,1,0.3695,0,222;1,0,0.1765,0,187
evidence-temporal-train-00040	7	0	1	15,213,26,16,94,22,204,116,132,196,62,5,117,90,42,141,45,159,99,106,64,181,126,69,155,145,189,82,51,201,150,137,212,153,76,38	4,5,0.0705,1,162;1,4,0.4545,0,212;2,4,0.1635,0,185;3,0,0.5315,1,17;2,0,0.9205,0,8;5,2,0.3245,0,50
evidence-temporal-train-00041	1	1	1	174,66,59,109,114,203,130,193,141,125,150,95,55,85,159,25,75,69,188,1,21,17,99,138,35,13,189,153,42,88,146,209,179,45,162,117	0,3,0.3255,0,154;0,1,0.5765,0,168;6,1,0.4555,0,204;2,3,0.0625,2,112;2,3,0.4765,0,197;4,0,0.4685,0,142
evidence-temporal-train-00042	5	2	1	80,38,90,4,191,135,60,118,147,150,45,129,198,190,158,155,196,199,12,107,185,100,21,214,139,28,69,87,41,96,18,51,65,142,116,159	3,2,0.4225,0,80;3,4,0.3135,0,72;2,2,0.3135,0,254;7,5,0.5055,3,193;3,1,0.8035,1,253;8,5,0.6285,1,75
evidence-temporal-train-00043	10	0	1	169,131,204,120,16,92,48,36,126,111,30,14,65,172,170,112,44,172,161,59,87,21,49,150,137,77,145,184,4,142,93,156,105,194,72,163	3,4,0.0325,0,41;5,2,0.8005,3,199;0,1,0.3055,3,176;4,5,0.9755,0,134;8,5,0.1025,3,167;5,1,0.2445,1,93
evidence-temporal-train-00044	9	1	0	191,8,91,62,116,141,201,93,135,69,152,184,37,29,123,204,21,204,54,137,83,13,81,117,182,174,191,146,194,44,18,66,107,103,45,149	7,3,0.5905,0,151;4,3,0.8355,0,132;5,4,0.5375,0,207;8,1,0.6205,0,138;6,1,0.8895,0,159;2,5,0.2535,0,173
evidence-temporal-train-00045	8	0	1	150,178,94,113,145,120,76,106,30,4,36,104,209,200,21,45,55,143,63,204,64,161,13,198,136,83,17,189,132,204,169,88,155,122,44,70	3,3,0.2365,0,148;5,2,0.9775,0,149;6,5,0.0565,1,24;3,1,0.0375,1,206;7,0,0.2135,3,153;1,2,0.1945,2,170
evidence-temporal-train-00046	1	3	1	184,148,154,117,10,190,116,175,21,18,172,137,51,203,93,174,141,107,66,26,39,82,160,41,105,88,60,127,69,48,135,200,150,3,163,75	2,0,0.5355,0,37;1,5,0.2365,3,245;2,2,0.4075,0,114;2,0,0.0205,0,205;8,1,0.8565,0,133;6,5,0.2975,0,25
evidence-temporal-train-00047	6	1	0	146,159,101,45,67,21,126,25,19,34,136,11,93,183,158,205,201,108,171,196,152,73,61,90,85,5,156,40,116,194,51,117,141,130,69,149	4,1,0.7315,0,174;0,0,0.1785,0,66;2,3,0.7415,0,14;0,3,0.5575,0,115;4,2,0.8255,0,10;5,0,0.0775,0,195
evidence-temporal-train-00048	1	0	0	188,191,45,8,66,52,145,82,185,171,123,27,100,90,118,21,18,74,42,149,115,60,15,69,93,174,135,187,156,209,39,214,141,184,106,140	7,5,0.5455,0,227;2,5,0.5855,0,201;3,2,0.5525,0,242;1,0,0.5095,0,232;3,0,0.7895,1,143;2,5,0.9975,0,76
evidence-temporal-train-00049	5	2	2	69,158,117,51,90,62,155,28,194,45,41,106,93,156,21,97,83,10,151,193,131,76,124,20,68,137,197,167,147,9,173,143,208,204,38,114	8,0,0.8745,0,246;3,4,0.3145,0,212;2,4,0.8585,0,181;3,1,0.5065,0,5;0,0,0.5415,0,169;3,1,0.2435,2,62
evidence-temporal-train-00050	9	0	2	45,56,41,136,93,179,117,32,132,158,145,21,17,115,183,182,103,123,207,141,209,155,106,63,198,6,86,39,190,151,179,65,69,11,76,91	5,1,0.3635,0,251;7,5,0.2725,0,89;7,5,0.2665,0,5;3,4,0.7515,0,179;6,0,0.6535,0,23;2,2,0.1695,0,13
evidence-temporal-train-00051	5	2	2	142,13,7,117,58,200,186,147,123,20,24,46,29,130,39,214,51,153,202,151,74,157,109,69,136,93,169,66,103,167,41,85,195,198,114,88	6,3,0.8865,3,226;4,5,0.2475,1,20;2,0,0.5715,0,216;1,3,0.1815,0,158;6,3,0.5565,0,120;2,0,0.1065,1,212
evidence-temporal-train-00052	5	2	2	214,45,112,141,209,147,117,66,211,137,15,189,103,107,18,58,93,158,76,124,82,69,187,35,41,212,151,167,27,133,159,21,7,53,193,90	6,5,0.4595,0,164;2,1,0.2625,0,242;4,0,0.4065,0,80;3,0,0.4275,0,237;6,1,0.0405,0,224;3,3,0.2695,0,23
evidence-temporal-train-00053	9	2	0	117,49,69,90,139,203,116,10,104,176,17,123,1,78,147,168,85,62,21,110,149,158,68,30,169,34,95,45,41,187,171,185,130,154,213,141	0,0,0.3425,0,123;5,0,0.3275,0,179;0,4,0.9435,0,141;5,3,0.4965,2,121;7,4,0.9835,0,20;2,0,0.7575,0,237
evidence-temporal-train-00054	8	2	0	21,183,13,112,54,45,107,69,93,67,123,89,42,140,28,17,6,118,205,147,143,168,79,184,98,209,62,158,149,35,155,163,86,134,153,175	5,3,0.3465,0,33;3,1,0.4925,0,73;5,4,0.7355,0,58;6,4,0.2705,0,1;1,1,0.0475,1,130;2,4,0.9745,2,152
evidence-temporal-train-00055	9	2	2	135,93,68,139,39,151,17,43,124,196,90,111,45,215,166,50,114,207,5,147,209,189,173,15,141,202,32,79,117,83,174,208,24,104,69,60	4,5,0.3265,3,227;7,5,0.7815,0,198;1,2,0.8805,0,209;6,1,0.5825,0,177;7,5,0.5395,0,73;3,5,0.7415,0,146
evidence-temporal-train-00056	9	2	1	202,33,69,191,161,118,99,108,17,141,166,205,189,9,133,68,84,192,147,45,21,128,116,10,52,35,173,150,89,93,158,77,41,176,140,59	8,0,0.3595,0,227;8,1,0.2715,0,93;3,1,0.8405,0,51;4,2,0.3935,0,82;2,2,0.8925,1,147;7,3,0.9825,0,246
evidence-temporal-train-00057	3	0	2	61,198,33,211,134,145,100,4,15,166,52,141,185,121,205,39,117,71,45,66,188,19,185,136,205,85,112,151,110,40,21,196,73,89,183,93	3,5,0.7355,0,119;8,5,0.0255,0,102;3,3,0.4295,2,31;0,3,0.3555,0,255;3,4,0.1295,0,112;0,4,0.0495,0,63
evidence-temporal-train-00058	1	3	2	163,69,95,159,39,171,133,208,15,173,141,211,21,123,42,85,76,114,18,209,140,178,45,154,92,68,117,26,211,51,109,148,9,99,151,58	8,5,0.5715,0,231;1,5,0.4105,0,182;2,0,0.9745,0,115;3,3,0.9765,2,87;2,3,0.5845,0,53;2,3,0.9335,0,100
evidence-temporal-train-00059	3	0	1	67,93,28,189,197,60,196,119,43,135,202,150,113,86,174,45,185,16,175,51,21,145,37,10,6,141,178,174,129,78,88,137,107,100,199,69	5,0,0.1025,0,73;3,3,0.7275,0,137;2,2,0.7025,0,77;5,4,0.0705,0,182;3,1,0.2845,2,193;8,5,0.3865,0,163
evidence-temporal-train-00060	3	0	1	177,64,43,196,87,117,69,124,93,38,59,88,192,49,210,106,171,25,160,135,145,48,113,207,18,138,15,75,150,21,99,4,197,174,141,205	3,5,0.4135,0,26;0,4,0.7025,3,133;0,1,0.1145,0,210;2,5,0.0655,0,124;2,0,0.2955,0,162;3,5,0.5805,0,32
evidence-temporal-train-00061	3	0	1	185,128,171,155,187,145,100,209,187,21,177,108,69,84,37,3,81,41,164,11,163,45,64,136,141,150,117,193,61,131,54,27,115,89,20,93	2,1,0.9365,0,139;2,3,0.2605,0,93;5,3,0.0665,0,203;8,2,0.3585,0,202;3,2,0.6645,0,202;7,1,0.0595,0,49
evidence-temporal-train-00062	5	2	2	6,190,188,206,95,79,203,45,112,139,204,22,83,61,11,28,68,159,198,163,106,101,55,151,117,147,162,134,69,39,141,125,43,16,183,92	5,1,0.1775,1,183;3,5,0.7575,0,103;6,3,0.9555,0,248;6,1,0.8535,2,186;4,0,0.0815,0,98;4,4,0.6005,0,63
evidence-temporal-train-00063	1	1	2	139,35,32,51,130,98,61,96,185,146,117,90,179,87,21,207,10,158,151,5,18,178,45,107,196,40,167,68,116,190,74,69,203,176,141,125	4,0,0.4145,0,66;7,1,0.1205,0,121;2,3,0.8535,0,222;1,5,0.5645,3,189;1,1,0.9315,0,29;4,0,0.7585,0,22
evidence-temporal-train-00064	6	0	1	200,191,94,44,115,100,78,65,111,89,25,193,188,23,58,138,10,209,159,150,132,211,70,45,145,157,20,82,155,127,119,52,141,198,38,5	4,0,0.8785,2,3;0,4,0.9175,0,158;3,0,0.3495,1,170;5,0,0.3125,1,74;3,5,0.6395,2,198;6,2,0.4435,0,223
evidence-temporal-train-00065	10	2	1	147,72,135,167,59,114,167,93,211,68,178,162,41,37,11,211,21,123,77,50,84,3,192,117,180,150,106,48,142,16,104,176,92,138,28,156	2,1,0.1515,0,22;3,3,0.3845,3,191;1,1,0.9225,3,194;4,2,0.8145,0,152;7,0,0.4025,0,101;2,5,0.5555,1,158
evidence-temporal-train-00066	10	3	0	149,57,62,160,176,20,41,178,100,148,200,112,66,11,203,89,69,176,117,108,130,121,203,85,24,166,208,79,144,157,38,32,47,4,95,136	3,1,0.8165,3,113;7,4,0.3605,2,54;8,4,0.4535,0,169;6,3,0.2945,2,224;3,2,0.1425,0,149;0,0,0.1245,3,168
evidence-temporal-train-00067	10	0	2	214,141,169,42,56,151,70,21,128,75,111,5,135,45,113,136,60,204,117,33,92,35,198,66,211,191,93,86,15,172,102,195,214,145,156,17	4,5,0.3335,0,108;8,1,0.5365,0,109;7,2,0.5335,1,172;2,4,0.9005,0,222;5,5,0.2125,0,188;7,5,0.1025,0,165
evidence-temporal-train-00068	5	2	2	194,215,147,87,61,39,91,93,18,152,99,15,33,196,169,161,46,170,54,164,69,21,197,141,117,41,152,124,132,138,76,151,110,64,112,1	0,5,0.5565,0,243;8,5,0.3215,1,167;5,3,0.0215,0,165;3,5,0.6985,0,84;2,4,0.0845,0,73;3,2,0.5385,0,250
evidence-temporal-train-00069	2	0	2	117,174,40,109,123,6,112,207,73,200,105,88,45,87,198,151,185,59,25,49,179,69,94,145,21,204,205,12,154,165,137,17,65,130,141,35	5,2,0.2975,0,165;0,1,0.0125,0,134;0,1,0.2135,0,27;0,5,0.1835,1,3;8,3,0.0065,0,84;2,0,0.3045,0,111
evidence-temporal-train-00070	3	0	2	202,145,171,21,143,193,165,68,83,90,44,69,93,77,34,207,151,134,30,155,19,117,167,123,59,51,105,45,111,13,159,136,4,200,178,113	3,3,0.7045,0,71;5,0,0.9965,0,251;2,1,0.8155,0,131;4,1,0.5485,0,219;8,5,0.3475,0,111;2,4,0.1745,2,137
evidence-temporal-train-00071	2	0	2	151,84,90,107,184,136,169,45,169,64,21,100,155,117,207,141,1,145,135,74,208,41,163,61,70,12,36,93,152,19,167,50,114,124,31,155	0,2,0.7465,0,205;6,2,0.2895,0,4;1,3,0.0315,1,191;1,2,0.5165,0,36;3,1,0.4015,0,158;3,5,0.1285,0,208
evidence-temporal-train-00072	10	3	2	85,129,67,63,178,189,215,148,157,15,139,115,43,101,168,205,175,34,74,151,3,88,30,157,45,132,21,117,141,49,95,69,109,19,210,188	2,5,0.6995,0,192;5,0,0.6735,0,145;0,5,0.6905,0,145;1,3,0.0775,2,211;4,3,0.7295,0,202;8,2,0.6465,0,64
evidence-temporal-train-00073	5	0	1	108,4,190,105,194,17,135,186,209,83,150,121,45,39,178,21,162,193,160,42,145,112,93,89,10,62,163,71,31,74,65,201,117,53,139,141	3,0,0.3865,0,163;6,5,0.4335,0,205;4,4,0.2935,2,253;1,1,0.2885,0,228;8,2,0.1585,0,186;0,5,0.6285,0,77
evidence-temporal-train-00074	1	0	0	177,185,192,20,149,69,136,115,104,145,179,64,81,109,196,43,132,156,12,201,59,215,144,170,45,52,117,34,82,195,3,91,129,93,21,27	2,2,0.9425,0,158;2,0,0.7705,0,177;3,1,0.1405,0,57;8,0,0.6835,0,130;7,3,0.6925,0,156;8,2,0.1165,3,141
evidence-temporal-train-00075	10	2	1	45,4,86,60,137,185,205,99,150,36,131,93,163,157,184,120,29,147,51,19,113,65,169,44,21,125,208,70,92,141,168,13,198,110,77,202	3,3,0.6895,0,81;4,2,0.8715,0,37;2,2,0.3175,1,126;4,4,0.9535,0,178;2,4,0.3115,3,34;4,1,0.2095,0,104
evidence-temporal-train-00076	1	2	0	210,59,123,24,69,108,131,174,30,51,87,116,89,95,137,45,198,3,164,99,76,14,39,208,40,16,117,194,147,213,149,65,199,214,141,163	2,4,0.1045,3,41;5,5,0.0495,0,152;2,1,0.2735,0,162;3,5,0.3315,2,211;2,2,0.8395,0,154;2,1,0.3255,0,35
evidence-temporal-train-00077	6	2	2	31,210,24,93,137,100,7,152,90,61,76,183,158,133,48,13,108,116,68,43,128,163,142,194,151,17,117,157,214,196,199,49,37,147,83,69	6,3,0.2025,3,143;6,3,0.7645,3,185;0,3,0.8935,0,54;3,1,0.5805,0,75;3,2,0.9415,0,191;7,3,0.2195,1,229
evidence-temporal-train-00078	10	3	2	49,86,207,12,20,123,105,58,151,116,76,133,186,195,21,109,25,93,172,156,152,206,139,117,148,69,88,187,201,65,43,45,214,141,38,4	3,2,0.9045,0,110;0,4,0.6255,0,115;0,0,0.2405,0,190;3,4,0.1455,0,173;8,3,0.8685,0,137;2,3,0.7355,0,75
evidence-temporal-train-00079	3	0	0	68,206,19,50,113,178,21,172,145,149,48,136,107,34,87,90,69,141,175,76,62,4,127,178,42,185,14,185,154,181,99,93,135,180,27,117	3,4,0.7155,0,185;2,0,0.4735,3,12;1,4,0.9155,0,210;3,5,0.5585,0,15;2,1,0.2435,0,230;6,5,0.0995,0,181
evidence-temporal-train-00080	2	2	0	141,117,12,213,114,134,90,7,121,82,40,215,39,153,165,137,58,45,107,149,20,214,21,93,72,25,172,64,187,193,147,75,51,102,215,187	6,2,0.8785,0,57;0,5,0.0165,0,46;2,0,0.1185,3,74;2,0,0.4665,0,137;5,1,0.5055,0,180;0,4,0.2275,0,220
evidence-temporal-train-00081	1	3	1	40,123,21,27,80,134,150,155,189,57,164,144,171,7,191,136,60,18,193,93,45,206,66,11,83,174,115,36,117,215,210,90,110,148,69,99	6,1,0.4165,0,40;2,2,0.1295,0,128;8,2,0.4985,0,49;7,1,0.4695,0,252;2,4,0.7915,0,141;2,4,0.0045,3,144
evidence-temporal-train-00082	1	2	2	179,151,136,147,159,181,45,11,209,93,41,75,90,68,69,30,212,141,204,107,173,50,214,59,21,135,113,3,97,34,203,123,168,87,117,17	2,1,0.3985,0,29;5,0,0.2365,0,144;1,1,0.9295,0,78;2,5,0.4775,0,31;0,1,0.2095,0,196;2,5,0.1605,0,229
evidence-temporal-train-00083	5	2	1	108,66,147,124,69,41,93,150,21,13,196,35,164,171,45,209,55,157,200,6,28,183,141,60,211,116,138,20,84,97,118,131,165,80,88,171	5,3,0.9775,0,253;3,1,0.2315,0,125;6,2,0.4745,0,24;7,2,0.0675,0,33;0,2,0.9655,1,182;3,1,0.4275,0,128
evidence-temporal-train-00084	10	1	2	166,48,187,115,129,92,18,42,64,3,118,50,22,39,181,81,166,10,106,151,99,93,214,136,82,146,32,206,171,130,194,59,141,206,206,72	2,0,0.5985,1,159;7,5,0.5075,3,255;1,1,0.0245,3,68;8,0,0.9515,0,34;2,0,0.7395,1,4;8,0,0.0565,0,189
evidence-temporal-train-00085	1	0	1	145,93,27,116,193,167,84,21,43,58,202,81,187,154,205,70,109,51,12,196,103,65,45,16,150,4,202,126,120,186,131,39,141,136,90,163	3,2,0.1725,0,179;2,5,0.7055,0,186;2,0,0.2635,1,71;8,2,0.5665,0,64;6,3,0.8435,3,147;5,1,0.0855,0,189
evidence-temporal-train-00086	8	3	1	66,41,62,117,126,17,79,84,148,138,92,175,212,45,97,11,176,115,188,141,150,170,38,54,180,69,8,21,110,165,207,130,154,210,33,93	7,1,0.2655,0,67;8,4,0.3855,0,136;5,4,0.5985,0,237;6,2,0.8715,0,221;0,4,0.7385,0,60;5,0,0.4055,0,188
evidence-temporal-train-00087	1	1	0	158,45,141,152,69,104,44,153,89,38,82,17,130,140,77,192,123,12,163,118,21,106,55,58,93,27,5,191,146,203,178,202,65,114,149,181	4,2,0.2755,0,65;2,4,0.9825,0,160;6,0,0.2735,0,100;4,0,0.3635,0,187;7,0,0.5525,1,161;2,0,0.8915,0,169
evidence-temporal-train-00088	0	3	1	123,52,95,210,152,157,45,169,161,29,141,12,148,42,92,100,150,199,111,139,130,85,117,152,69,73,34,17,114,210,202,64,21,5,165,59	4,2,0.2665,0,94;4,0,0.5055,0,92;3,1,0.1565,0,235;0,3,0.9185,2,93;3,5,0.4355,0,239;2,0,0.6115,0,82
evidence-temporal-train-00089	6	2	1	171,67,186,133,82,49,108,160,21,25,17,15,122,150,141,37,208,169,102,178,179,112,118,147,81,69,58,2,43,136,89,93,155,169,45,189	1,5,0.3005,0,211;0,3,0.7715,0,111;0,0,0.6655,0,176;8,0,0.2275,0,210;5,2,0.0915,1,11;1,3,0.0415,0,121
evidence-temporal-train-00090	5	2	2	92,79,48,69,213,32,87,151,3,44,117,93,113,17,208,12,184,104,137,57,124,68,161,21,187,130,178,60,39,207,111,141,160,161,160,147	2,2,0.3225,0,96;7,5,0.8835,3,255;8,2,0.9595,0,20;6,5,0.8235,0,251;7,5,0.3395,0,21;3,0,0.3785,0,150
evidence-temporal-train-00091	0	3	1	2,93,52,186,70,154,90,108,181,75,84,45,31,148,188,115,120,185,141,16,133,167,211,150,195,21,37,40,15,124,68,158,204,139,100,58	1,5,0.0125,0,173;6,3,0.0595,0,58;3,0,0.9925,1,57;2,2,0.4365,0,248;3,2,0.6795,3,190;3,3,0.7845,0,86
evidence-temporal-train-00092	1	3	1	27,123,45,106,35,150,205,196,11,112,84,102,69,141,117,65,156,89,16,154,8,148,210,139,44,56,62,173,198,76,96,134,24,208,173,163	7,1,0.1805,3,90;2,1,0.8665,0,91;7,4,0.3775,0,47;3,2,0.3385,3,141;5,0,0.1605,0,217;2,4,0.6505,0,198
evidence-temporal-train-00093	2	2	2	204,187,10,83,203,45,37,33,184,195,151,93,203,142,18,50,99,147,60,135,117,68,122,171,41,69,78,106,21,137,112,200,207,161,3,92	2,0,0.5965,0,38;8,3,0.3175,0,77;1,2,0.8085,0,122;5,1,0.8165,0,67;2,0,0.1085,0,6;1,5,0.2865,1,11
evidence-temporal-train-00094	1	0	0	210,42,69,29,23,133,203,19,139,103,181,6,49,166,144,196,115,164,64,93,120,191,86,45,145,149,92,170,75,38,199,173,63,106,14,121	5,4,0.7975,2,76;4,4,0.4895,0,159;0,5,0.1755,0,33;2,4,0.9305,0,197;6,0,0.7875,3,69;0,3,0.7685,3,76
evidence-temporal-train-00095	5	0	2	31,171,41,69,164,57,16,82,176,184,145,172,77,111,21,61,207,113,3,135,206,141,93,45,169,151,122,117,65,213,15,91,209,39,103,136	2,5,0.0655,0,68;6,5,0.2175,0,218;8,3,0.3605,0,35;4,0,0.7595,0,40;6,5,0.2245,0,220;1,5,0.1025,0,153
evidence-temporal-train-00096	8	2	1	135,44,37,78,123,147,115,19,56,117,87,170,23,198,177,15,150,171,138,6,102,47,190,141,90,171,93,63,108,205,25,69,67,215,179,203	5,5,0.6035,2,18;0,3,0.9855,2,149;7,5,0.6345,0,243;5,5,0.5095,0,238;5,2,0.7655,0,108;2,5,0.4595,0,113
evidence-temporal-train-00097	2	2	1	68,21,16,106,49,177,103,130,215,43,80,35,125,198,186,213,112,70,61,179,45,159,93,215,190,136,189,82,91,141,6,15,147,150,33,117	5,5,0.0615,0,235;8,1,0.6445,0,53;0,3,0.9445,1,27;7,0,0.7645,0,42;6,0,0.1515,0,129;4,0,0.0215,0,22
evidence-temporal-train-00098	2	0	1	69,130,117,12,93,91,164,191,114,18,100,194,140,39,107,150,8,58,141,168,41,51,201,28,159,185,80,206,188,145,64,48,21,127,172,83	7,2,0.4085,0,42;3,5,0.3005,3,138;2,0,0.0435,0,132;7,1,0.7405,0,231;3,1,0.5315,0,10;6,0,0.9045,0,78
evidence-temporal-train-00099	9	2	1	181,161,182,93,112,199,86,49,110,192,58,14,207,30,147,69,20,185,117,215,122,88,21,150,42,76,45,152,8,35,66,139,177,141,132,101	7,4,0.9205,0,188;5,1,0.5965,0,150;0,0,0.4765,0,78;3,4,0.0005,0,46;4,4,0.1775,0,199;1,2,0.7255,0,6
evidence-temporal-train-00100	8	3	1	206,140,180,45,37,196,102,134,69,18,54,144,111,21,156,203,155,165,40,87,4,148,61,117,204,14,29,123,152,150,88,113,81,93,158,66	3,4,0.5055,0,170;4,3,0.0655,0,101;5,3,0.5495,0,68;8,5,0.1845,0,51;5,5,0.2355,0,65;2,4,0.8275,3,128
evidence-temporal-train-00101	5	2	1	170,112,98,154,11,183,117,196,36,197,51,89,43,69,150,45,93,179,147,20,138,85,59,21,210,67,210,141,76,175,168,5,109,31,123,132	4,1,0.9875,0,112;6,2,0.7375,0,72;2,1,0.7995,0,12;3,3,0.3285,0,183;1,3,0.1035,0,223;2,2,0.5585,0,33
evidence-temporal-train-00102	9	2	1	110,45,70,80,152,210,192,141,166,126,65,27,170,155,101,58,202,92,93,138,38,17,86,21,131,2,41,159,118,113,12,150,205,55,147,201	1,2,0.3395,0,253;2,4,0.3995,0,117;6,0,0.3305,1,61;7,4,0.9645,0,235;4,4,0.3625,1,219;5,1,0.5195,0,20
evidence-temporal-train-00103	2	0	1	130,208,182,200,108,100,60,176,117,145,176,20,94,6,69,12,215,34,115,160,150,154,47,51,65,88,181,32,76,41,144,179,21,123,138,83	5,2,0.8845,0,141;7,0,0.3715,2,130;2,2,0.2095,0,232;3,1,0.0905,1,30;3,2,0.7905,0,25;2,0,0.4515,3,31
evidence-temporal-train-00104	7	3	1	54,137,111,150,205,91,123,166,105,86,166,154,148,39,17,69,3,174,45,142,131,113,14,154,62,117,74,21,41,64,205,162,191,30,93,160	2,4,0.2565,0,10;5,5,0.3635,0,102;5,4,0.1225,0,236;1,4,0.7395,0,123;8,5,0.2165,0,148;2,1,0.2375,1,232
evidence-temporal-train-00105	1	3	2	204,84,206,99,109,182,21,213,67,148,31,141,212,45,205,69,62,151,93,170,16,4,205,54,123,76,114,44,134,194,117,170,38,14,136,88	3,4,0.1245,0,92;6,4,0.9635,0,252;5,4,0.7705,0,93;3,2,0.1705,0,198;2,3,0.4825,0,104;2,4,0.0005,0,176
evidence-temporal-train-00106	2	2	0	30,46,108,113,21,53,12,69,60,199,19,191,136,160,68,183,159,141,93,3,78,42,88,37,130,205,175,117,123,87,147,175,101,174,149,166	2,2,0.7735,0,232;5,3,0.5525,1,185;4,2,0.8025,0,240;5,5,0.1805,0,141;4,2,0.2975,0,148;2,0,0.1635,0,1
evidence-temporal-train-00107	9	0	2	211,25,5,163,38,104,88,66,165,82,200,214,205,116,145,141,111,178,134,93,185,161,63,117,71,11,73,45,151,137,124,42,21,199,53,18	4,1,0.4605,0,211;0,4,0.5465,0,182;4,5,0.4675,2,178;0,0,0.0505,0,14;7,5,0.9385,0,3;3,4,0.3595,0,175
evidence-temporal-train-00108	9	3	1	130,166,28,93,126,108,136,199,143,166,163,70,187,5,89,45,148,37,104,115,14,59,205,191,65,16,21,189,83,74,184,150,182,51,40,117	4,4,0.0555,0,163;3,3,0.1295,0,229;2,1,0.2015,1,66;1,1,0.2425,0,81;7,2,0.7785,0,224;5,0,0.0355,2,36
evidence-temporal-train-00109	1	3	2	58,208,51,68,118,17,151,141,93,10,89,124,97,163,41,8,200,180,35,148,165,75,130,165,114,107,140,46,69,27,215,211,189,87,206,21	7,0,0.2765,0,52;2,1,0.2775,1,23;2,0,0.9845,0,171;2,5,0.3935,0,199;0,1,0.5045,1,210;3,0,0.9715,0,54
evidence-temporal-train-00110	1	1	0	16,93,9,43,98,37,146,208,194,85,149,202,164,187,133,123,67,13,32,106,141,75,114,62,89,188,21,155,45,117,137,158,197,55,69,204	8,3,0.0565,0,202;7,3,0.6575,0,236;6,4,0.6305,0,106;2,3,0.3325,0,72;1,0,0.5135,0,231;2,3,0.2505,0,6
evidence-temporal-train-00111	6	2	0	149,203,117,125,36,114,165,89,165,192,207,173,26,141,21,4,155,45,16,93,76,97,41,58,147,189,194,52,135,12,72,86,111,140,67,213	3,2,0.1985,0,243;1,2,0.2765,0,168;3,0,0.7115,3,150;3,4,0.2955,0,221;0,5,0.4715,0,66;4,5,0.9585,0,16
evidence-temporal-train-00112	3	0	1	195,206,150,189,124,145,39,117,200,100,110,17,65,21,88,200,200,200,43,141,3,214,83,10,176,57,133,140,93,157,69,45,28,78,113,63	2,0,0.2185,0,225;3,5,0.6765,0,108;8,5,0.2395,0,43;5,1,0.0775,0,35;3,4,0.2145,0,49;3,3,0.8485,0,202
evidence-temporal-train-00113	9	3	0	189,35,130,142,183,104,60,182,75,177,110,33,115,89,42,159,24,149,139,122,48,20,193,8,117,206,72,66,148,185,52,82,209,13,93,192	7,3,0.8895,3,29;8,1,0.5305,3,145;3,2,0.5245,3,32;2,0,0.2095,0,181;7,4,0.6965,0,79;1,0,0.6775,1,254
evidence-temporal-train-00114	1	0	0	51,171,64,179,171,149,21,7,156,145,123,107,174,11,118,209,177,167,178,93,18,112,72,92,44,61,45,74,99,139,167,86,29,141,36,134	6,1,0.4635,0,92;4,2,0.9585,0,90;2,3,0.1145,3,235;1,4,0.9625,0,252;2,1,0.0235,1,94;2,4,0.6795,0,180
evidence-temporal-train-00115	3	0	0	16,111,100,215,214,42,25,144,116,149,45,156,87,117,21,123,93,145,173,67,58,154,8,172,36,191,136,198,167,81,131,51,176,92,71,15	7,5,0.0375,0,107;0,2,0.5165,0,92;2,0,0.7615,2,84;8,5,0.9075,0,120;3,5,0.9505,0,132;2,1,0.0895,3,37
evidence-temporal-train-00116	2	0	0	38,145,45,157,122,86,28,207,67,63,93,157,50,43,21,204,191,180,141,137,117,18,132,149,69,153,3,12,107,116,172,81,195,168,89,102	2,2,0.5665,0,132;3,4,0.7465,0,184;1,5,0.7225,0,196;8,4,0.2335,0,131;5,1,0.9375,0,121;1,2,0.3105,0,59
evidence-temporal-train-00117	2	2	0	108,131,43,169,147,169,95,5,91,10,153,113,170,206,169,20,191,205,153,54,137,21,124,30,58,75,149,69,65,37,100,171,141,82,117,47	4,0,0.9825,0,77;5,3,0.7305,2,37;5,0,0.3145,0,19;2,0,0.7335,2,250;3,2,0.3695,0,50;3,1,0.2725,0,76
evidence-temporal-train-00118	10	3	2	112,37,203,69,167,66,151,73,40,16,117,23,100,200,53,141,140,175,181,88,148,107,4,25,179,184,63,204,132,96,125,45,13,167,87,171	3,3,0.0605,2,11;0,3,0.1585,0,29;4,5,0.5695,0,101;0,5,0.0415,3,31;3,1,0.1295,0,142;4,2,0.8055,0,226
evidence-temporal-train-00119	10	0	2	36,162,13,191,151,137,205,198,159,18,21,59,54,85,79,64,117,9,100,106,40,174,145,70,141,179,186,207,93,132,153,114,30,45,129,92	8,3,0.4635,0,5;5,2,0.0685,0,16;5,1,0.1375,1,253;6,3,0.8305,0,39;3,0,0.4495,0,54;8,2,0.3265,0,246
evidence-temporal-train-00120	1	3	1	115,63,92,125,117,20,93,134,38,3,27,65,78,100,150,43,148,45,15,204,21,51,168,69,83,140,215,183,180,109,143,168,167,174,210,167	2,5,0.9245,0,95;2,4,0.6535,0,99;2,5,0.2995,0,217;5,1,0.8385,0,245;3,3,0.6765,0,44;4,4,0.9375,2,38
evidence-temporal-train-00121	9	0	2	170,80,14,45,59,7,135,165,168,151,181,140,206,16,69,114,82,179,141,202,128,91,93,100,38,29,204,41,21,213,120,145,111,66,206,50	6,4,0.1475,0,158;4,4,0.3245,0,93;1,1,0.4635,0,233;7,0,0.7115,0,144;3,5,0.4915,3,175;7,5,0.9325,0,12
evidence-temporal-train-00122	9	3	1	143,84,158,32,97,69,177,166,112,4,148,211,64,53,150,77,152,162,171,88,189,37,58,198,93,123,108,42,17,138,12,117,45,185,21,131	3,2,0.3515,0,83;7,3,0.5925,0,74;4,0,0.0765,0,187;4,2,0.0625,0,248;0,2,0.0415,0,8;2,1,0.5305,2,5
evidence-temporal-train-00123	5	2	1	66,78,103,28,21,177,45,211,92,10,214,51,170,42,163,150,113,69,111,134,153,213,164,3,124,117,141,19,82,93,167,138,37,169,61,147	2,0,0.7145,0,245;3,3,0.5735,0,3;2,3,0.5585,0,247;5,0,0.9595,0,214;6,5,0.2125,0,29;3,4,0.4755,0,126
evidence-temporal-train-00124	3	0	1	117,166,137,193,211,133,37,145,70,64,123,105,49,90,192,209,110,141,20,154,150,4,113,93,15,76,87,45,43,170,155,63,27,164,201,21	3,5,0.9205,0,23;2,3,0.7205,0,178;0,5,0.0585,1,39;3,5,0.5385,0,177;8,4,0.2345,0,212;2,3,0.2745,0,236
evidence-temporal-train-00125	0	3	1	153,124,88,21,131,56,141,97,185,60,210,148,28,158,177,44,38,120,137,214,168,82,5,195,12,150,75,66,17,173,93,108,45,116,190,71	4,2,0.2075,0,88;3,4,0.8345,0,247;7,2,0.4365,2,10;2,0,0.0625,0,43;0,2,0.9825,3,79;3,1,0.2555,0,82
evidence-temporal-train-00126	5	0	2	211,161,52,167,69,96,80,173,59,133,16,45,66,103,32,173,115,145,37,151,127,40,3,140,14,141,157,117,91,162,83,21,164,162,111,203	2,4,0.0085,0,216;7,3,0.0285,0,21;3,1,0.4345,0,107;7,1,0.6535,3,101;6,5,0.7155,0,113;6,3,0.8535,0,10
evidence-temporal-train-00127	8	0	1	106,130,38,13,71,158,62,100,84,200,136,2,158,207,159,117,200,145,141,30,52,112,45,21,195,93,167,18,173,66,78,193,43,125,150,92	1,3,0.4175,0,138;5,4,0.6515,0,120;3,4,0.5775,2,98;5,2,0.8685,0,100;3,0,0.1075,0,132;4,0,0.0375,0,27
evidence-temporal-train-00128	8	2	1	64,34,203,93,139,29,59,169,88,102,116,24,202,153,184,211,130,204,42,48,147,87,184,141,55,10,127,166,159,3,73,109,69,150,117,19	2,0,0.6925,3,240;4,0,0.5515,3,118;6,1,0.0745,0,163;0,5,0.1425,0,231;5,3,0.9215,0,138;6,0,0.7585,0,96
evidence-temporal-train-00129	1	1	0	215,44,197,83,97,58,38,149,119,29,17,7,207,77,93,211,108,191,123,214,51,131,46,197,11,69,140,66,91,146,114,214,21,162,141,159	6,1,0.2355,0,209;4,4,0.9655,1,253;2,0,0.4795,0,82;4,1,0.6725,0,182;0,2,0.4565,2,90;2,1,0.9905,0,27
evidence-temporal-train-00130	1	2	0	50,92,36,175,75,209,10,209,119,93,158,134,125,27,64,72,154,184,142,173,48,170,137,107,5,82,19,165,116,21,99,61,214,149,147,44	4,0,0.7695,0,175;2,2,0.8145,3,69;1,3,0.1585,3,104;2,0,0.9405,0,227;2,1,0.9085,2,188;4,4,0.3305,1,80
evidence-temporal-train-00131	3	0	2	60,108,7,19,21,207,28,187,43,194,71,76,117,112,134,91,87,186,145,173,151,200,210,141,166,165,198,121,45,11,95,102,37,137,64,55	6,1,0.7835,0,250;3,3,0.6965,0,81;6,2,0.0785,2,95;3,5,0.7655,2,64;5,2,0.0285,0,152;0,4,0.2215,0,183
evidence-temporal-train-00132	2	0	1	179,143,52,66,60,112,21,108,123,77,183,208,117,131,198,46,193,91,69,2,165,36,153,105,25,178,161,18,145,93,203,150,43,139,12,84	1,2,0.5185,0,91;0,2,0.7565,1,197;3,2,0.4325,0,56;4,2,0.6005,0,174;8,2,0.1515,0,190;2,1,0.6715,2,206
evidence-temporal-train-00133	5	2	0	27,197,192,43,6,55,100,208,176,46,117,69,95,24,140,168,128,10,141,147,66,80,175,114,62,37,161,92,133,149,199,18,110,180,82,172	5,0,0.5295,3,174;2,3,0.6965,1,126;6,4,0.4575,0,154;7,0,0.9455,2,212;3,4,0.5265,0,244;7,3,0.8895,0,93
evidence-temporal-train-00134	3	0	1	185,210,117,9,61,113,68,184,39,89,14,208,22,167,17,79,150,69,141,123,48,175,43,167,95,178,130,155,30,98,156,137,108,145,52,85	8,4,0.3105,1,113;5,5,0.6225,3,186;3,3,0.9375,0,24;6,3,0.3075,2,222;1,2,0.3575,0,10;2,0,0.2585,0,208
evidence-temporal-train-00135	9	0	1	34,62,141,154,161,118,115,203,45,21,166,13,94,150,79,139,131,82,55,19,99,157,145,124,43,69,8,201,64,193,153,154,88,108,31,192	7,3,0.7495,0,48;6,0,0.7835,0,2;6,4,0.0435,0,112;6,0,0.0295,1,12;2,2,0.6285,1,212;3,1,0.6945,0,99
evidence-temporal-train-00136	1	2	2	75,43,147,93,184,63,89,169,28,151,72,97,212,185,191,192,135,46,155,139,183,16,86,21,14,172,66,114,8,141,117,50,37,123,108,192	7,4,0.0305,0,56;3,3,0.6745,1,100;1,5,0.5255,3,130;2,4,0.3555,0,204;0,2,0.5275,0,79;2,5,0.6825,0,187
evidence-temporal-train-00137	3	0	2	10,214,62,170,16,87,4,208,76,117,99,164,175,66,151,26,211,52,138,155,93,141,111,202,21,176,133,44,124,145,92,45,34,114,69,181	3,0,0.1055,0,115;1,0,0.8735,0,171;3,4,0.5545,0,71;3,5,0.8635,0,238;2,5,0.4735,0,123;3,3,0.4295,0,196
evidence-temporal-train-00138	9	0	0	41,190,28,67,93,149,76,97,114,89,69,58,86,2,145,159,204,16,128,119,140,178,55,23,111,157,209,184,35,45,141,163,177,187,15,133	1,5,0.0995,2,79;3,1,0.3835,0,22;6,0,0.7155,0,105;3,4,0.2675,0,201;0,5,0.5375,2,229;7,3,0.9395,0,19
evidence-temporal-train-00139	10	0	2	178,69,202,3,144,60,172,151,13,93,171,36,32,114,180,117,136,89,21,67,145,40,184,194,156,81,128,133,176,45,101,190,106,17,53,82	2,3,0.2125,0,234;7,2,0.0115,0,252;4,2,0.7495,0,213;8,0,0.2575,0,85;4,0,0.4835,0,64;7,3,0.0025,3,45
evidence-temporal-train-00140	2	2	0	53,33,42,201,185,141,60,67,17,96,34,137,130,21,149,102,147,76,120,109,88,14,114,161,188,204,154,121,207,178,69,215,45,4,84,202	3,4,0.2775,0,253;8,0,0.5275,0,96;4,2,0.6345,0,113;3,2,0.1085,3,157;5,3,0.5285,3,69;0,0,0.2695,0,154
evidence-temporal-train-00141	1	0	0	212,109,99,149,1,21,117,170,139,204,81,69,169,17,43,142,128,92,39,58,174,215,167,145,45,13,26,57,85,68,134,115,154,209,166,93	0,3,0.3475,0,82;1,5,0.6015,0,51;8,0,0.8385,0,36;8,3,0.9455,0,186;2,3,0.6065,0,3;7,4,0.7435,1,2
evidence-temporal-train-00142	3	0	1	168,109,115,169,188,182,132,154,21,141,16,177,198,65,76,27,124,95,41,105,183,145,4,39,69,55,82,183,180,150,117,13,63,45,90,139	3,3,0.0255,0,189;2,5,0.2415,0,5;6,5,0.3305,0,63;3,0,0.4445,2,38;8,3,0.7765,0,81;3,2,0.7205,0,231
evidence-temporal-train-00143	2	2	0	140,69,130,60,18,173,45,10,39,5,109,78,54,163,112,181,181,187,191,41,99,169,197,117,65,149,21,30,141,123,153,86,88,93,147,184	4,0,0.5345,0,30;5,5,0.3075,0,131;5,2,0.2725,0,123;5,4,0.0155,0,222;2,3,0.0175,0,177;2,0,0.8225,0,27
evidence-temporal-train-00144	5	2	0	10,160,147,45,87,117,196,126,105,91,193,75,62,22,169,141,31,154,68,149,52,93,41,185,69,20,206,214,7,115,138,206,155,111,39,134	6,0,0.8405,1,45;6,5,0.2475,0,213;3,4,0.9405,0,195;2,5,0.6485,0,90;8,5,0.7785,0,158;5,4,0.5075,0,14
evidence-temporal-train-00145	0	3	2	108,69,169,160,66,209,178,7,85,127,93,102,139,17,90,179,52,22,141,76,188,118,29,113,15,40,184,166,148,151,130,38,45,203,160,61	6,5,0.2235,1,51;4,4,0.1935,0,240;3,3,0.5025,0,193;3,3,0.5955,0,197;5,2,0.2135,1,13;6,0,0.7285,0,113
evidence-temporal-train-00146	10	2	2	206,89,173,198,93,29,45,167,141,184,108,124,60,3,70,147,117,174,205,18,97,36,10,66,79,131,205,85,21,44,136,207,151,54,112,177	2,0,0.4235,0,64;4,2,0.9795,0,222;5,2,0.5415,1,52;6,3,0.3385,0,183;0,2,0.1675,0,155;3,1,0.0325,0,7
evidence-temporal-train-00147	5	2	1	18,155,93,215,28,78,39,63,115,45,203,70,174,7,133,141,155,50,87,21,181,147,65,89,156,209,12,123,186,104,117,137,109,43,150,200	6,2,0.4095,0,243;3,5,0.6245,0,22;1,5,0.3295,1,186;5,5,0.2505,0,220;7,3,0.7075,0,6;2,3,0.3645,0,34
evidence-temporal-train-00148	5	2	0	69,43,147,8,16,141,140,124,165,154,213,174,109,75,133,51,205,115,65,172,34,156,85,177,62,88,100,199,155,93,21,45,12,149,120,27	7,2,0.0255,0,57;2,0,0.7465,0,30;2,4,0.2905,0,239;2,3,0.1005,0,65;3,3,0.6205,3,103;3,3,0.9405,0,72
evidence-temporal-train-00149	0	3	1	184,45,132,30,148,164,15,91,38,163,69,112,117,100,167,82,93,180,193,23,66,167,62,52,108,9,150,75,40,140,189,154,127,141,20,176	8,5,0.8185,2,248;5,4,0.0085,0,0;3,4,0.4855,0,55;2,0,0.6805,0,214;3,2,0.1925,0,129;6,2,0.8445,0,69
evidence-temporal-train-00150	1	2	2	101,182,51,41,133,93,214,112,182,3,209,122,21,83,75,151,36,69,19,197,157,147,45,152,170,120,11,61,108,68,28,138,171,91,141,183	2,1,0.7005,0,180;3,2,0.3965,0,248;2,3,0.9205,0,160;2,1,0.7515,0,176;4,2,0.1045,3,247;1,3,0.5135,0,221
evidence-temporal-train-00151	10	3	2	128,148,185,41,130,70,21,17,67,136,4,35,13,87,33,151,176,115,59,192,89,101,199,45,93,52,196,107,163,117,172,208,170,141,80,196	3,3,0.2355,0,196;8,1,0.3945,0,29;3,1,0.7105,1,242;7,5,0.3725,0,178;4,1,0.7495,0,118;7,0,0.0735,0,12
evidence-temporal-train-00152	0	3	2	11,130,151,207,27,64,171,148,169,144,62,101,111,114,76,119,38,179,18,165,43,53,69,173,125,168,160,45,173,87,93,136,92,166,9,21	8,1,0.5315,0,163;2,4,0.6275,0,139;4,4,0.1815,0,21;3,5,0.8785,0,178;4,5,0.5985,2,220;4,0,0.1305,3,46
evidence-temporal-train-00153	1	1	2	110,134,123,90,82,35,160,173,60,187,41,162,151,158,204,104,30,21,69,190,45,152,95,136,141,3,54,20,112,204,117,14,73,146,156,67	2,4,0.8975,0,235;5,1,0.3955,0,99;5,2,0.7115,0,97;0,0,0.5315,2,56;7,4,0.0715,0,100;2,4,0.1735,0,190
evidence-temporal-train-00154	10	0	2	205,151,183,178,37,210,204,141,42,112,93,22,117,193,92,166,166,66,16,202,128,99,107,3,83,10,145,45,81,69,29,63,175,53,139,134	2,0,0.1335,1,159;4,3,0.5915,0,52;4,5,0.5845,0,88;8,1,0.9475,0,198;2,1,0.0705,0,65;7,4,0.6455,0,165
evidence-temporal-train-00155	6	0	0	208,134,40,92,111,149,45,145,51,86,19,194,200,179,125,29,196,189,93,166,21,69,117,191,166,62,7,168,14,116,66,38,97,139,141,76	6,4,0.6435,0,203;4,4,0.0945,0,34;2,4,0.4395,0,207;3,4,0.9475,0,12;0,5,0.9325,0,167;4,4,0.6475,0,31
evidence-temporal-train-00156	2	0	2	95,121,201,45,107,7,24,117,151,74,42,154,35,64,69,141,145,160,171,20,131,212,61,92,10,103,187,196,159,138,164,51,159,27,112,86	6,0,0.9205,3,217;2,1,0.4465,0,197;2,3,0.1545,0,96;1,4,0.9145,2,130;6,1,0.1275,0,115;0,1,0.5375,0,25
evidence-temporal-train-00157	10	2	0	45,96,188,60,76,88,208,141,50,130,116,69,4,214,21,111,42,204,202,34,187,152,147,210,136,117,30,149,105,85,213,13,206,66,124,17	3,3,0.3795,0,176;5,0,0.5435,0,153;1,2,0.5605,0,36;3,3,0.0405,3,76;8,5,0.8905,0,23;3,0,0.1745,0,75
evidence-temporal-train-00158	0	3	1	11,93,141,107,204,42,63,55,195,28,115,167,69,45,150,189,39,156,82,67,21,179,213,200,4,122,18,131,148,193,139,76,103,164,92,117	3,1,0.5835,0,246;3,5,0.5575,0,103;6,5,0.7315,0,194;3,0,0.9515,0,197;6,1,0.6995,0,233;1,1,0.6205,0,227
evidence-temporal-train-00159	5	2	2	188,37,156,204,165,141,166,138,21,28,101,82,40,65,11,58,113,93,70,135,75,4,201,177,163,197,160,106,151,88,18,117,52,45,147,127	3,1,0.4995,0,127;3,3,0.0935,0,228;3,0,0.2285,1,186;2,0,0.1855,0,229;4,0,0.3955,0,252;6,5,0.5005,0,227
evidence-temporal-train-00160	1	3	0	170,149,127,51,117,62,106,194,138,148,75,21,9,161,112,100,210,93,19,42,69,45,29,135,68,170,141,207,15,168,191,38,85,195,90,159	8,5,0.6645,0,168;4,4,0.4725,0,27;2,4,0.8955,0,255;2,3,0.5755,0,84;3,0,0.1075,0,154;6,5,0.4485,0,104
evidence-temporal-train-00161	9	0	1	165,150,200,36,117,66,123,189,111,11,200,3,174,171,93,54,115,26,201,145,58,78,89,215,84,186,44,153,104,139,21,45,18,132,141,72	2,1,0.5135,0,88;1,2,0.8145,0,225;5,0,0.4265,3,40;5,2,0.2525,0,82;7,5,0.7105,0,85;2,2,0.6755,0,208
evidence-temporal-train-00162	1	0	1	45,17,166,59,27,215,145,43,117,172,93,14,67,154,92,138,183,199,150,98,143,128,38,114,79,21,133,215,158,164,8,109,57,70,172,83	7,4,0.2745,0,185;2,4,0.6165,0,173;8,1,0.7965,1,128;6,1,0.9195,0,231;1,3,0.5275,0,48;7,3,0.5055,2,42
evidence-temporal-train-00163	1	3	2	89,141,160,148,31,175,61,182,70,112,77,57,18,3,45,93,41,205,181,64,130,106,140,151,193,38,11,21,195,83,117,164,102,128,179,202	2,1,0.4175,0,134;6,4,0.3755,0,185;8,3,0.0915,1,67;4,1,0.2595,0,135;5,0,0.1975,0,252;7,0,0.8015,0,61
evidence-temporal-train-00164	3	0	0	210,134,46,71,52,145,201,149,10,139,30,141,21,184,75,67,193,103,112,164,208,93,124,17,86,212,91,106,162,179,39,117,193,9,60,43	8,0,0.3715,0,222;5,5,0.7965,1,187;3,2,0.6175,2,54;2,4,0.7335,0,146;6,0,0.0565,0,16;3,4,0.7895,0,227
evidence-temporal-train-00165	1	2	0	149,181,27,144,45,184,135,35,189,93,176,69,14,89,175,16,112,191,184,136,102,147,212,7,106,58,86,53,117,21,67,206,43,211,126,74	6,4,0.0845,0,107;2,1,0.7255,0,33;4,0,0.7525,0,218;1,4,0.3735,0,109;5,0,0.0105,0,92;5,5,0.0735,3,171
evidence-temporal-train-00166	6	0	1	189,39,52,109,145,16,178,211,43,112,60,194,150,25,91,21,45,1,137,93,82,215,213,178,159,80,128,209,13,69,65,144,203,117,133,104	0,3,0.0755,0,14;0,5,0.6675,0,63;3,2,0.3325,0,2;7,0,0.7865,0,112;7,3,0.1245,0,212;7,3,0.3925,3,113
evidence-temporal-train-00167	2	2	1	8,106,53,34,89,137,14,93,117,81,176,152,22,69,144,45,59,43,187,195,124,167,133,204,161,201,115,16,99,150,174,84,188,65,30,147	7,4,0.1455,1,241;5,0,0.6265,0,181;4,1,0.2995,0,88;8,2,0.2015,0,23;2,0,0.6155,0,129;3,3,0.2615,3,175
evidence-temporal-train-00168	1	2	0	137,176,8,51,209,112,22,189,40,109,12,88,45,174,161,209,19,117,35,134,149,198,215,141,147,25,65,62,99,75,71,179,82,123,209,93	7,2,0.6265,1,58;0,1,0.1325,0,80;2,4,0.3935,2,111;2,0,0.1545,0,13;2,3,0.1215,0,23;2,4,0.3635,0,115
evidence-temporal-train-00169	10	2	1	152,101,17,110,96,34,117,147,51,70,12,201,193,82,188,209,129,150,32,141,153,166,58,200,43,65,75,21,137,90,175,4,155,134,45,113	3,2,0.3995,0,8;7,0,0.7105,0,135;2,0,0.3875,1,63;2,0,0.4755,3,209;4,4,0.2875,0,11;8,4,0.2255,0,102
evidence-temporal-train-00170	7	2	0	199,209,29,45,80,94,16,174,64,38,176,117,147,91,170,21,200,165,52,149,137,58,116,42,141,98,83,108,122,161,193,162,15,71,135,3	2,5,0.1955,0,130;4,4,0.5495,0,226;3,0,0.0165,2,1;7,1,0.6165,1,137;1,2,0.8765,0,142;1,5,0.2995,0,162
evidence-temporal-train-00171	1	2	2	179,33,63,214,159,203,123,114,93,79,191,21,17,140,34,179,83,147,110,133,141,119,8,98,194,41,161,164,69,51,91,11,153,68,45,151	7,1,0.3205,0,125;8,0,0.3225,0,240;2,5,0.8235,0,62;6,1,0.7515,0,17;1,4,0.5745,2,37;2,3,0.9915,0,20
evidence-temporal-train-00172	5	2	0	45,81,192,127,2,147,82,204,175,185,37,21,120,13,59,174,137,192,103,115,156,170,93,16,141,177,51,133,90,69,27,40,202,149,109,64	1,3,0.0385,0,77;2,3,0.1255,0,253;2,1,0.1855,0,24;8,0,0.5405,0,39;6,3,0.7215,3,74;6,3,0.2335,0,88
evidence-temporal-train-00173	6	0	2	121,25,88,134,163,12,98,9,50,181,164,161,182,141,137,37,65,44,145,177,117,203,151,18,93,59,85,69,108,213,198,21,112,186,45,77	8,2,0.4355,0,187;0,3,0.9695,0,212;1,1,0.2435,0,28;4,3,0.1325,0,65;1,2,0.1475,0,123;0,4,0.3405,0,235
evidence-temporal-train-00174	7	2	0	185,20,65,206,98,53,14,212,124,164,93,89,2,115,178,191,39,213,42,85,173,21,69,117,180,107,76,149,30,162,138,130,62,147,141,47	1,4,0.8695,0,145;5,5,0.5295,2,103;4,4,0.3045,0,55;3,3,0.2515,0,244;1,1,0.7225,0,75;3,0,0.5925,0,144
evidence-temporal-train-00175	8	1	2	69,176,83,51,74,141,88,115,153,131,189,184,21,187,39,58,214,139,119,206,65,13,146,43,45,30,126,20,93,187,106,7,151,202,103,190	6,3,0.8355,0,209;5,5,0.7885,0,103;2,0,0.2455,0,253;1,1,0.1905,0,222;6,0,0.6685,2,107;5,1,0.7045,0,138
evidence-temporal-train-00176	2	0	0	183,141,196,10,145,161,211,17,130,21,4,35,161,69,149,67,59,206,27,118,48,89,111,115,200,139,53,127,199,42,100,84,75,203,93,165	3,0,0.2135,0,207;2,1,0.4975,3,101;4,1,0.7485,0,91;2,2,0.3025,0,137;3,5,0.6815,1,55;6,0,0.7095,0,101
evidence-temporal-train-00177	7	2	2	45,190,116,154,85,151,38,180,117,168,21,147,58,164,69,132,211,74,29,64,42,142,127,93,2,100,164,91,164,52,213,138,205,13,111,19	1,3,0.6275,0,98;4,4,0.5455,0,112;3,0,0.0825,0,157;1,3,0.7625,0,188;3,5,0.9215,0,155;6,2,0.4695,1,51
evidence-temporal-train-00178	1	3	0	75,149,140,36,125,141,93,98,198,160,89,158,12,21,174,85,45,116,65,69,185,131,171,188,192,28,166,61,43,195,51,111,148,17,117,3	2,2,0.2935,0,185;3,2,0.7115,0,42;2,3,0.2625,0,13;2,3,0.3985,0,147;1,5,0.8015,0,182;4,1,0.9695,0,218
evidence-temporal-train-00179	9	3	0	96,138,12,167,83,149,8,194,75,62,21,113,185,27,179,195,117,148,89,39,159,141,191,71,100,55,106,183,16,45,210,130,128,153,68,40	7,2,0.1865,0,21;2,5,0.1425,0,5;6,4,0.8045,2,13;2,1,0.3495,3,84;3,0,0.2695,0,251;7,0,0.5505,0,248
evidence-temporal-train-00180	9	3	1	89,21,18,98,93,197,128,80,203,144,150,109,205,37,131,117,3,174,183,85,154,55,66,148,60,45,43,136,10,29,166,204,69,156,115,171	2,0,0.4565,0,91;4,3,0.6355,0,135;6,2,0.5985,0,202;7,3,0.2615,0,88;1,3,0.7585,0,126;7,1,0.1295,3,207
evidence-temporal-train-00181	1	3	0	161,37,211,192,155,75,14,110,44,99,117,16,88,149,134,67,183,54,140,148,21,173,62,93,45,122,165,69,27,154,175,84,141,2,116,178	1,4,0.0125,0,47;2,3,0.8275,0,113;5,4,0.7705,0,20;2,2,0.0525,0,174;2,4,0.9305,0,161;1,4,0.8505,0,132
evidence-temporal-train-00182	2	3	2	34,151,214,152,117,1,179,93,142,40,53,68,10,89,124,199,108,184,58,137,130,190,99,86,208,113,32,69,197,148,76,162,21,45,18,189	0,0,0.4465,0,99;7,0,0.0245,0,221;4,0,0.9705,0,175;3,4,0.3035,0,82;2,2,0.3925,0,108;3,0,0.3225,1,194
evidence-temporal-train-00183	1	3	1	132,17,63,148,152,150,162,92,27,93,51,136,23,39,83,65,6,45,159,114,193,162,42,106,11,126,117,156,197,169,172,103,75,143,165,69	5,1,0.3545,2,174;2,5,0.4065,0,57;2,5,0.3685,0,127;2,1,0.9825,0,49;6,0,0.5605,0,79;5,2,0.1475,2,77
evidence-temporal-train-00184	1	0	1	61,21,214,123,93,41,134,45,34,91,145,119,138,74,141,178,201,154,169,12,69,209,27,55,113,1,106,17,193,83,186,214,100,67,200,150	0,2,0.3365,0,236;2,0,0.3415,0,207;6,3,0.7675,0,57;1,1,0.6115,0,238;3,0,0.3635,2,142;2,4,0.4285,0,24
evidence-temporal-train-00185	1	3	2	39,128,130,60,151,18,197,45,12,163,148,117,89,114,196,27,182,56,212,139,7,96,43,171,69,143,21,197,106,87,65,182,188,76,206,101	6,2,0.4035,0,52;2,5,0.6145,0,241;7,2,0.2835,0,112;3,5,0.3725,3,207;4,0,0.5805,0,32;7,0,0.7565,2,200
evidence-temporal-train-00186	10	3	0	69,141,38,149,137,87,153,131,101,109,161,204,173,59,200,120,50,68,197,24,8,33,12,148,44,90,126,45,164,94,76,184,154,16,113,197	7,2,0.0665,3,189;8,4,0.8195,0,34;1,1,0.8895,0,249;3,5,0.5345,1,115;4,3,0.2445,3,241;5,1,0.3585,0,204
evidence-temporal-train-00187	1	2	0	92,63,69,66,210,117,115,87,147,45,22,141,52,101,33,159,134,19,12,75,189,184,106,176,93,4,140,126,203,202,34,163,44,187,149,194	3,2,0.7865,1,154;8,0,0.9865,0,2;3,5,0.5575,0,154;2,5,0.9335,0,229;4,0,0.7745,0,138;5,4,0.9585,0,249
evidence-temporal-train-00188	1	1	2	201,165,151,118,183,113,135,98,179,40,160,11,93,136,146,171,16,122,82,9,29,71,142,45,188,21,90,178,58,34,75,110,51,66,169,205	8,1,0.1875,0,83;4,0,0.0075,0,207;2,0,0.4965,2,165;2,0,0.5605,0,17;1,4,0.2305,1,252;1,5,0.1655,1,188
evidence-temporal-train-00189	1	1	2	157,178,196,3,13,141,57,83,151,109,21,45,20,121,99,211,156,91,33,40,65,194,146,169,115,205,117,199,180,69,58,39,132,138,79,95	2,3,0.9355,0,34;8,5,0.1785,0,243;8,0,0.2465,0,173;6,1,0.6205,2,94;2,3,0.7205,0,129;0,2,0.5185,0,36
evidence-temporal-train-00190	1	2	2	139,68,45,201,141,112,8,205,188,111,27,153,135,123,171,101,118,157,16,151,13,77,21,155,83,93,147,58,92,53,214,40,38,168,69,168	7,3,0.0025,0,69;2,4,0.0655,0,19;4,0,0.8715,0,163;4,1,0.9975,0,47;4,5,0.0885,1,164;2,5,0.7065,0,118
evidence-temporal-train-00191	8	2	2	113,188,12,147,17,93,141,41,21,99,69,59,32,197,110,128,163,203,6,179,91,85,45,54,139,134,173,213,207,75,36,209,119,151,67,200	5,2,0.2375,0,102;7,2,0.2125,0,157;5,1,0.7625,0,130;2,3,0.6025,0,54;2,4,0.2185,2,247;7,4,0.6195,0,45
evidence-temporal-train-00192	0	3	0	168,49,189,45,66,17,78,203,42,198,11,69,106,117,102,158,28,83,124,166,173,93,134,3,63,189,148,149,187,39,141,116,89,139,21,176	2,1,0.2275,0,11;3,5,0.5035,0,132;0,5,0.5195,0,77;5,1,0.2195,0,216;5,0,0.8455,0,62;3,4,0.7425,0,215
evidence-temporal-train-00193	10	2	2	54,129,147,21,97,208,84,46,108,206,166,58,88,93,9,173,26,117,38,44,165,140,17,69,171,78,12,135,141,161,166,165,151,114,182,67	8,2,0.3015,0,153;1,4,0.9825,1,178;5,0,0.7735,0,131;5,2,0.1915,0,151;0,2,0.5875,0,185;8,5,0.8385,0,101
evidence-temporal-train-00194	6	0	1	39,33,49,92,196,78,21,131,116,117,86,137,156,69,141,168,45,126,190,191,145,150,17,191,159,95,68,99,108,62,174,180,43,12,160,1	0,2,0.2865,0,43;8,5,0.7475,0,89;0,4,0.9175,0,198;5,4,0.9705,2,46;2,2,0.8725,0,105;5,1,0.2345,0,240
evidence-temporal-train-00195	1	1	0	94,118,123,45,176,155,172,69,42,54,20,198,146,82,27,211,111,138,141,116,157,159,102,68,171,214,11,61,160,134,88,36,81,21,7,149	6,1,0.8945,0,120;2,2,0.4585,0,178;5,3,0.8675,0,56;8,0,0.0645,1,112;5,5,0.8875,1,202;2,4,0.5915,0,110
evidence-temporal-train-00196	9	1	0	91,129,109,43,114,66,9,85,26,155,49,146,93,193,202,69,141,136,215,48,36,182,13,118,133,167,199,177,161,149,60,104,211,16,80,21	8,3,0.1025,0,144;1,2,0.6735,3,191;0,2,0.4325,0,80;7,3,0.7275,0,143;7,3,0.5955,1,159;8,3,0.1255,0,98
evidence-temporal-train-00197	2	2	0	91,124,168,132,205,215,62,26,45,5,139,20,181,173,182,69,113,73,36,117,149,141,195,66,147,161,82,12,209,109,21,56,93,171,105,41	4,2,0.9685,0,11;1,2,0.2095,0,160;7,4,0.5455,0,190;0,0,0.6385,0,4;8,3,0.2375,0,147;3,2,0.6905,0,240
evidence-temporal-train-00198	0	3	1	69,150,99,8,179,38,28,182,109,143,40,67,130,45,78,184,169,214,93,165,84,137,12,148,197,52,114,117,19,124,90,21,179,213,62,166	7,2,0.6195,0,0;3,4,0.1975,0,49;3,4,0.7985,0,65;5,2,0.5675,0,242;2,3,0.5295,0,64;3,0,0.2465,2,147
evidence-temporal-train-00199	9	1	1	109,53,42,146,61,150,97,180,86,183,210,177,138,79,92,93,126,162,114,172,163,117,65,16,32,131,71,154,141,162,174,39,6,21,13,45	5,3,0.1195,0,202;7,5,0.4115,0,22;4,3,0.2045,2,115;6,4,0.8835,0,117;0,3,0.4955,0,22;5,1,0.5545,0,198
evidence-temporal-train-00200	8	2	1	141,39,40,6,21,150,152,160,76,58,51,27,125,117,203,45,132,147,14,116,186,200,137,102,88,185,20,182,69,192,211,87,108,211,64,93	5,4,0.9495,0,247;2,5,0.0975,0,118;2,0,0.0735,0,192;3,5,0.0495,0,145;5,2,0.8585,0,30;4,2,0.3485,0,145
evidence-temporal-train-00201	5	3	2	153,21,168,119,128,114,28,37,20,89,141,159,132,61,163,69,50,48,148,192,74,43,13,211,84,7,167,204,151,93,154,173,97,106,140,64	6,3,0.9645,0,81;3,3,0.7595,3,247;1,3,0.1845,0,148;1,2,0.3085,0,215;0,0,0.5475,2,198;7,2,0.9795,0,118
evidence-temporal-train-00202	2	3	2	69,141,18,121,186,73,89,188,45,151,36,118,111,58,215,93,200,148,86,193,130,66,21,173,28,140,41,187,97,4,56,161,116,162,174,11	3,1,0.4615,0,184;3,2,0.2235,0,68;7,0,0.5835,0,11;0,4,0.3385,0,223;0,5,0.9905,1,123;0,0,0.8295,0,218
evidence-temporal-train-00203	5	2	0	19,193,8,172,44,197,215,175,176,11,110,69,137,157,21,92,48,135,99,79,63,147,27,68,93,141,117,194,52,85,176,161,125,112,34,149	7,1,0.6285,0,68;2,0,0.8365,3,78;3,5,0.9195,0,76;6,3,0.8385,0,143;2,4,0.1385,0,149;4,5,0.2465,0,178
evidence-temporal-train-00204	1	1	0	176,38,172,149,182,157,193,32,130,69,87,185,195,20,103,6,123,62,106,21,112,214,41,12,66,55,141,79,94,208,47,173,139,91,117,146	5,2,0.8565,0,229;7,4,0.2945,2,121;6,4,0.4835,0,150;6,5,0.7875,1,108;6,0,0.1575,0,40;2,0,0.6615,0,183
evidence-temporal-train-00205	9	3	0	107,112,118,69,93,3,37,210,149,20,65,58,128,83,14,139,104,49,44,47,195,141,211,90,21,191,135,207,162,30,158,176,168,76,161,148	2,4,0.9645,0,177;5,3,0.8885,2,45;0,0,0.3725,0,183;3,1,0.5855,0,137;7,1,0.0325,1,194;7,5,0.6625,0,173
evidence-temporal-train-00206	3	0	0	213,34,85,18,149,29,214,194,199,116,143,145,168,212,69,21,111,100,60,192,172,117,15,77,89,2,138,129,54,45,185,93,134,65,186,40	1,5,0.5325,0,29;4,0,0.0795,0,225;5,2,0.3605,0,92;4,3,0.2275,0,160;3,5,0.8835,0,42;8,4,0.4775,2,37
evidence-temporal-train-00207	5	2	0	7,60,90,113,17,174,41,149,110,45,138,51,30,34,127,187,13,134,76,142,181,147,174,22,156,66,207,205,86,152,117,179,93,99,167,72	6,3,0.3045,1,12;5,0,0.2005,0,58;2,2,0.5975,3,39;3,4,0.5365,0,203;2,4,0.2195,0,121;6,4,0.5975,1,23
evidence-temporal-train-00208	2	0	0	167,78,97,93,17,122,160,209,88,28,159,140,82,49,21,69,65,44,133,109,12,1,154,213,155,117,34,58,212,212,149,144,166,45,112,145	0,2,0.2265,0,227;3,0,0.9645,0,58;0,0,0.3295,0,188;5,0,0.0225,0,124;0,3,0.1295,0,63;1,3,0.8525,3,69
evidence-temporal-train-00209	1	2	0	170,51,186,133,199,99,45,200,140,69,112,90,117,179,172,40,168,14,27,17,62,129,93,147,65,168,168,24,111,86,141,189,149,3,39,75	2,4,0.3165,3,219;2,5,0.1705,0,245;2,4,0.3285,0,57;2,4,0.5165,0,142;2,5,0.1745,0,123;8,3,0.9635,0,136
evidence-temporal-train-00210	6	2	0	11,141,137,189,86,184,93,121,3,195,109,41,198,89,162,147,115,25,16,149,167,133,69,180,37,75,117,178,63,45,197,67,52,21,97,183	2,1,0.1965,0,20;0,3,0.2715,0,187;3,5,0.7315,0,112;2,4,0.3135,0,133;0,3,0.6885,0,29;0,3,0.3455,0,11
evidence-temporal-train-00211	2	1	2	160,212,144,86,88,81,201,93,70,115,18,194,158,45,176,117,151,146,104,21,123,51,37,12,153,133,3,186,66,108,138,201,192,59,40,25	2,2,0.5055,0,6;0,3,0.1765,0,128;2,1,0.5355,1,24;8,4,0.0675,0,200;7,2,0.7335,0,49;2,3,0.4825,3,2
evidence-temporal-train-00212	7	0	2	27,138,20,214,114,4,34,46,156,105,118,210,89,43,213,171,151,158,69,67,133,13,61,152,145,93,74,187,21,204,142,50,206,109,85,124	3,3,0.8265,0,59;2,0,0.7515,1,200;1,3,0.7435,0,189;1,3,0.2425,0,92;8,3,0.4185,1,14;3,3,0.4085,1,247
evidence-temporal-train-00213	6	3	2	15,205,151,207,93,21,85,97,186,195,1,148,208,141,137,197,183,117,110,45,65,209,188,115,28,72,81,60,18,134,124,40,37,213,51,89	0,5,0.5405,0,97;3,3,0.0965,0,138;2,2,0.3105,3,239;8,3,0.2825,0,180;0,4,0.6265,0,103;3,4,0.3285,0,199
evidence-temporal-train-00214	3	0	2	40,36,63,13,69,204,117,156,78,52,111,141,139,184,185,93,116,174,201,28,45,89,192,4,151,203,87,145,194,68,130,194,127,17,98,21	3,3,0.3705,0,111;3,2,0.1655,0,104;3,5,0.9465,0,77;5,5,0.2285,0,162;1,5,0.9785,0,100;6,0,0.7025,0,216
evidence-temporal-train-00215	9	2	0	178,93,67,4,182,21,166,18,83,128,149,154,26,117,104,140,80,135,141,209,190,180,106,63,45,92,10,147,178,115,41,34,57,69,188,180	3,0,0.5205,0,76;1,0,0.2315,0,140;8,5,0.7645,0,84;7,1,0.9355,0,201;7,0,0.7645,0,31;7,5,0.8775,0,113
evidence-temporal-train-00216	5	2	2	125,147,189,117,11,69,41,58,113,197,106,66,93,38,207,136,57,47,98,209,141,215,33,151,212,179,175,212,87,173,134,79,21,16,8,91	7,1,0.1615,0,23;8,4,0.2455,2,138;8,0,0.5325,0,74;6,5,0.7185,0,82;1,0,0.3235,0,208;4,4,0.1455,0,147
evidence-temporal-train-00217	0	3	1	92,68,214,148,15,69,211,45,188,150,117,181,28,167,182,58,17,21,195,44,173,137,8,155,93,105,199,76,86,39,112,122,55,106,130,141	7,5,0.3995,0,176;3,5,0.9715,0,16;6,0,0.8715,0,131;3,4,0.8215,0,77;8,0,0.1745,0,12;1,0,0.3325,0,23
evidence-temporal-train-00218	5	2	1	15,52,117,21,184,40,47,113,168,93,28,108,183,63,141,138,147,83,171,20,122,65,97,194,193,37,90,173,4,69,150,162,134,186,161,81	3,5,0.9645,0,153;3,3,0.0995,2,98;3,5,0.3655,0,47;8,1,0.5245,0,134;0,2,0.3365,0,148;1,4,0.5415,0,154
evidence-temporal-train-00219	6	0	2	145,178,21,14,165,151,61,95,108,130,80,20,35,124,171,194,103,117,72,115,160,141,84,1,169,184,175,25,47,64,202,43,140,89,171,56	0,4,0.9835,0,23;0,1,0.6465,2,230;7,3,0.1925,3,74;7,2,0.3665,2,141;6,2,0.7805,0,45;3,0,0.9825,0,8
evidence-temporal-train-00220	9	2	1	199,142,123,42,208,134,45,76,111,117,93,161,150,85,192,4,70,12,178,158,49,35,161,137,177,90,147,169,19,58,104,171,21,32,114,65	3,2,0.6025,0,166;7,1,0.4915,0,59;0,0,0.3495,1,171;3,3,0.4295,0,183;7,5,0.4485,0,80;2,4,0.3775,1,190
evidence-temporal-train-00221	6	0	2	159,69,169,10,112,21,151,141,120,195,25,52,199,36,66,95,153,108,203,84,102,186,91,43,184,134,140,45,76,204,125,191,19,59,2,145	1,0,0.7295,0,218;0,2,0.6365,0,75;3,1,0.4345,0,3;3,2,0.6825,2,222;5,2,0.0045,3,36;4,4,0.9195,0,14
evidence-temporal-train-00222	8	2	0	29,134,40,163,137,86,56,141,4,14,124,207,112,149,66,174,93,60,153,117,45,111,37,166,163,102,69,180,21,167,169,92,182,147,17,78	3,4,0.2715,0,143;4,3,0.1155,0,252;7,2,0.4735,0,129;5,4,0.9415,0,126;5,5,0.0365,0,203;3,4,0.2845,0,192
evidence-temporal-train-00223	3	0	1	141,52,41,145,114,181,63,163,157,137,133,178,65,24,39,89,93,174,181,124,17,170,8,119,111,207,11,173,105,69,28,75,83,153,150,45	7,1,0.2855,3,213;3,5,0.2965,0,122;3,5,0.3165,0,205;2,1,0.3255,0,186;8,5,0.5585,2,19;3,3,0.2215,0,164
evidence-temporal-train-00224	3	0	1	41,172,45,171,156,69,21,93,124,100,157,115,15,28,53,140,150,141,184,68,84,165,4,197,19,176,81,145,88,176,166,133,117,108,63,36	3,5,0.6685,0,33;3,2,0.2915,0,22;4,5,0.9315,0,82;8,2,0.1845,0,118;3,2,0.6225,0,99;3,3,0.8455,0,227
evidence-temporal-train-00225	10	2	0	115,93,195,137,2,108,117,161,131,193,157,89,21,122,179,45,153,84,81,172,149,44,29,147,18,69,142,63,15,50,160,64,209,38,101,205	1,5,0.5355,0,244;4,4,0.8785,0,52;1,5,0.0465,0,153;8,2,0.3195,0,2;4,2,0.6895,0,61;1,1,0.2955,1,115
evidence-temporal-train-00226	2	3	0	45,19,84,76,208,93,178,66,168,135,36,109,21,148,13,175,6,149,199,26,136,123,112,171,91,179,117,69,141,62,99,214,57,195,42,155	5,3,0.7195,0,216;1,2,0.5105,0,120;8,4,0.5205,0,51;3,2,0.7685,0,5;2,3,0.1835,0,115;2,5,0.0885,0,10
evidence-temporal-train-00227	10	2	2	112,45,23,209,44,87,174,34,69,61,109,151,15,117,183,190,16,192,136,141,192,147,53,68,78,4,209,105,95,28,91,123,185,212,134,174	3,5,0.0055,2,17;3,0,0.8095,0,93;4,3,0.9785,0,237;5,5,0.6175,2,167;8,3,0.1685,0,4;2,4,0.0525,0,6
evidence-temporal-train-00228	3	0	2	66,184,187,117,199,91,14,121,142,178,105,52,69,205,35,46,151,173,30,194,21,61,4,93,185,137,107,81,83,20,42,199,145,135,194,115	3,4,0.9655,0,67;5,1,0.4745,1,29;3,3,0.4525,0,223;8,1,0.6655,0,199;8,1,0.6425,0,231;0,5,0.3215,1,234
evidence-temporal-train-00229	1	3	2	167,85,99,93,138,180,206,52,65,3,36,12,80,122,170,148,117,181,170,69,59,182,162,18,41,115,153,21,90,108,30,183,141,151,130,45	2,2,0.4285,0,64;5,2,0.3175,0,79;3,1,0.3015,0,198;7,3,0.5785,0,163;2,2,0.6965,0,209;1,0,0.5625,0,100
evidence-temporal-train-00230	7	0	2	36,183,27,69,40,188,117,158,102,141,168,2,145,91,61,130,84,179,96,112,20,153,199,192,79,13,151,45,110,138,127,21,67,155,53,170	1,3,0.8995,0,254;2,2,0.1385,0,246;4,3,0.6075,0,112;6,2,0.7855,3,233;5,4,0.0675,0,116;6,0,0.4005,0,88
evidence-temporal-train-00231	9	2	2	45,114,21,147,51,179,69,82,151,183,117,37,123,142,32,63,140,81,19,153,8,11,188,89,94,200,42,169,67,173,160,133,173,97,212,110	7,1,0.6705,0,184;7,3,0.4435,0,36;2,5,0.7885,0,118;8,0,0.3845,1,230;0,4,0.5485,0,137;2,3,0.9265,1,4
evidence-temporal-train-00232	10	0	0	181,135,3,95,110,42,73,197,51,127,178,24,47,60,207,30,199,136,206,114,89,12,145,207,65,101,173,86,149,39,69,141,189,117,168,20	2,2,0.9425,3,247;5,5,0.4105,2,226;2,2,0.3135,0,249;0,4,0.2185,2,191;4,4,0.5005,0,212;6,5,0.1465,0,232
evidence-temporal-train-00233	10	0	1	45,6,150,99,190,118,137,141,109,58,90,82,64,14,154,76,182,113,21,125,69,196,132,176,198,44,55,145,197,93,37,198,33,20,200,213	5,4,0.8025,0,166;8,3,0.9355,0,100;6,0,0.1695,0,240;3,0,0.5855,0,208;2,3,0.3215,1,120;4,2,0.2185,0,75
evidence-temporal-train-00234	7	1	2	21,183,3,175,162,43,67,193,45,185,112,50,141,154,191,140,26,80,94,105,186,181,20,209,14,130,87,63,92,146,117,110,36,69,151,123	2,4,0.8075,0,97;1,2,0.6035,0,33;1,5,0.6965,0,145;7,5,0.9425,1,147;8,4,0.1785,0,252;2,0,0.8995,0,22
evidence-temporal-train-00235	1	3	0	18,51,207,59,132,45,76,148,149,89,207,21,117,187,171,169,172,5,37,127,172,25,207,136,111,69,93,185,84,116,141,11,154,99,44,66	4,1,0.5335,0,126;0,3,0.8615,0,33;2,1,0.4425,0,182;3,2,0.2795,0,72;2,5,0.8825,0,41;6,2,0.0565,0,43
evidence-temporal-train-00236	10	3	2	109,116,30,41,154,181,68,148,23,140,100,76,141,151,88,83,163,156,207,119,61,132,162,38,175,125,14,18,72,52,5,45,211,155,199,93	4,4,0.5945,2,60;5,4,0.3995,0,200;3,3,0.8705,3,46;3,1,0.1205,0,147;3,3,0.8735,2,126;4,2,0.9775,0,17
evidence-temporal-train-00237	6	0	1	28,3,69,134,207,194,145,93,37,76,150,207,117,21,10,19,162,112,203,178,49,126,204,62,154,172,104,46,40,89,67,84,153,138,106,141	2,0,0.7415,0,44;3,3,0.0255,1,142;0,4,0.6845,0,94;3,2,0.3005,0,186;7,0,0.1565,0,223;5,4,0.5885,0,102
evidence-temporal-train-00238	3	0	2	9,116,89,105,134,76,213,141,36,58,162,16,28,93,202,178,110,84,21,123,176,117,45,151,55,69,168,11,211,139,208,145,156,67,156,42	8,1,0.0795,0,253;3,2,0.5935,0,60;6,0,0.6625,0,165;3,2,0.2595,0,107;8,4,0.8055,0,165;2,4,0.6675,0,67
evidence-temporal-train-00239	5	0	0	130,63,64,20,89,157,201,209,156,79,8,179,128,110,29,117,93,145,214,11,22,141,149,103,154,192,34,157,45,157,40,55,139,69,84,114	7,1,0.8135,1,191;4,0,0.1705,0,49;6,5,0.1875,0,204;6,2,0.2395,0,38;6,4,0.4225,0,18;7,0,0.7125,0,179
evidence-temporal-train-00240	3	0	0	158,166,117,102,26,90,45,197,186,171,19,51,13,175,74,168,69,66,111,141,208,21,149,145,127,114,134,136,44,37,83,4,60,167,93,208	3,3,0.6415,0,197;1,3,0.8335,0,238;2,2,0.5575,0,234;1,1,0.4275,0,89;5,5,0.5325,0,215;6,4,0.0125,0,252
evidence-temporal-train-00241	1	3	2	175,151,26,122,68,21,102,195,15,206,193,36,94,167,3,117,114,69,141,133,136,174,87,44,57,177,91,60,108,77,187,19,181,187,45,148	2,5,0.7685,0,158;1,2,0.8925,0,61;8,2,0.8455,0,159;4,5,0.7575,1,100;5,2,0.4665,0,203;1,3,0.0485,0,164
evidence-temporal-train-00242	8	3	2	212,148,99,111,54,10,204,48,152,78,21,143,38,128,118,83,2,62,19,134,200,188,152,157,68,93,44,69,139,174,113,89,199,151,28,156	1,0,0.6655,0,216;3,4,0.9205,3,57;5,4,0.9995,0,23;5,1,0.3195,0,171;2,5,0.3665,1,223;7,4,0.7925,2,232
evidence-temporal-train-00243	5	2	2	119,69,31,64,156,138,206,182,85,164,141,52,79,193,63,206,132,21,164,99,188,89,147,109,154,45,151,2,93,42,114,200,19,129,38,15	1,5,0.7275,0,61;6,4,0.4705,0,19;3,5,0.0815,0,153;6,3,0.2555,0,244;2,3,0.5825,2,229;8,2,0.4175,0,138
evidence-temporal-train-00244	6	3	2	31,197,215,48,71,193,10,209,148,129,211,78,93,43,186,183,97,56,21,86,151,131,141,117,18,67,179,61,90,109,114,139,162,4,37,212	3,0,0.4925,0,14;6,3,0.6725,3,34;7,3,0.7505,2,221;5,4,0.5615,0,116;0,3,0.4995,0,222;8,1,0.7545,0,12
evidence-temporal-train-00245	9	0	0	45,32,213,37,208,62,215,165,145,149,141,74,41,210,21,17,140,204,131,192,7,108,184,68,86,192,165,72,93,128,99,92,14,54,119,115	6,4,0.2495,0,36;7,3,0.3935,0,97;5,4,0.9845,3,100;1,4,0.9535,0,231;2,2,0.6355,2,212;7,1,0.9145,0,61
evidence-temporal-train-00246	2	2	2	143,87,69,207,106,192,120,169,34,136,65,171,194,42,94,115,21,160,76,7,177,51,59,105,185,133,90,151,10,147,124,45,208,17,181,26	6,0,0.2475,0,53;1,0,0.5955,0,176;2,1,0.3925,0,107;3,5,0.4815,1,252;8,0,0.7295,3,168;3,3,0.0535,2,36
evidence-temporal-train-00247	8	3	2	151,117,148,207,135,75,69,182,138,19,60,27,42,199,197,204,155,12,126,193,66,141,83,206,193,9,54,93,91,187,112,108,39,45,23,104	8,2,0.7435,2,245;2,5,0.5435,0,28;5,2,0.5125,0,89;2,1,0.7125,0,140;7,2,0.0465,0,126;5,5,0.5225,0,88
evidence-temporal-train-00248	10	0	2	34,30,114,141,151,159,110,91,20,82,194,131,212,185,93,76,70,46,13,119,44,183,99,164,208,63,137,172,21,5,158,188,145,125,51,65	4,3,0.8425,0,93;5,0,0.8515,1,33;2,5,0.2685,1,207;3,0,0.7045,0,7;2,4,0.5745,2,171;4,1,0.3225,0,15
evidence-temporal-train-00249	3	0	2	124,13,98,115,164,75,50,170,166,209,183,21,64,141,45,200,134,59,183,182,37,96,4,140,151,89,145,32,42,69,19,117,178,208,106,82	3,3,0.6415,0,62;7,3,0.4135,0,139;1,1,0.1965,0,88;2,0,0.2545,3,109;1,0,0.7435,0,119;3,4,0.8285,0,75
evidence-temporal-train-00250	1	0	0	158,208,17,109,183,15,178,188,179,124,91,115,54,30,135,171,179,174,3,86,68,21,206,45,99,137,69,73,93,44,141,117,149,145,37,60	2,5,0.3085,0,68;5,3,0.8605,0,177;5,2,0.8705,0,24;0,4,0.6985,0,37;2,3,0.6455,0,122;3,5,0.3755,0,27
evidence-temporal-train-00251	6	1	1	16,36,97,155,115,64,44,45,129,141,51,146,80,8,184,92,157,189,212,13,139,184,134,31,150,93,189,209,192,111,171,86,21,69,117,59	7,3,0.0945,0,123;6,2,0.8245,0,68;2,1,0.0485,0,12;7,4,0.8315,0,109;0,5,0.6765,0,120;8,4,0.7935,0,46
evidence-temporal-train-00252	1	1	2	38,203,136,11,132,33,156,63,51,86,104,19,207,79,115,169,107,177,69,3,146,151,141,129,198,91,177,208,21,45,182,117,93,65,207,41	2,1,0.6965,0,220;8,4,0.3055,0,212;2,5,0.2165,0,11;6,4,0.7695,0,127;7,1,0.6705,0,29;8,2,0.0435,0,114
evidence-temporal-train-00253	0	3	0	23,16,39,140,148,141,186,63,96,42,194,117,123,182,207,14,52,69,32,135,83,76,149,185,6,99,157,116,45,193,66,182,161,107,167,88	5,4,0.1545,2,171;7,5,0.4815,0,12;3,5,0.4505,0,149;3,1,0.1995,3,45;2,1,0.9565,0,26;2,5,0.9025,0,180
evidence-temporal-train-00254	8	2	1	178,190,191,143,154,161,47,33,58,75,21,162,102,169,209,110,117,12,42,19,127,150,52,167,132,90,6,139,35,115,177,66,147,69,83,95	5,2,0.7775,0,77;8,1,0.4205,2,146;3,0,0.5355,0,70;2,1,0.5705,2,134;5,4,0.6215,0,62;6,2,0.7265,2,113
evidence-temporal-train-00255	8	0	2	21,174,66,37,69,78,43,8,190,116,102,145,195,90,54,86,151,108,130,93,123,189,141,62,17,185,163,27,193,45,175,137,117,199,10,162	7,0,0.2815,0,206;2,3,0.7075,0,176;5,4,0.4335,0,92;5,4,0.5865,0,174;5,2,0.9295,0,188;2,0,0.2125,0,18
evidence-temporal-train-00256	8	1	1	159,176,186,16,108,141,123,165,117,86,112,5,194,93,152,78,44,54,174,146,138,69,32,60,37,97,13,150,130,158,45,171,68,21,89,199	4,3,0.0895,0,254;7,3,0.8265,0,220;5,2,0.8055,0,22;5,4,0.2335,0,43;0,2,0.1445,0,97;2,0,0.5805,0,51
evidence-temporal-train-00257	3	0	2	169,9,121,141,51,196,93,91,114,20,117,21,178,180,32,158,44,15,59,100,48,160,213,176,65,69,134,75,86,37,111,145,163,151,137,188	8,5,0.8465,0,127;7,3,0.9835,3,43;2,1,0.3515,0,79;2,4,0.7175,0,227;3,5,0.4355,0,136;0,4,0.2375,0,37
evidence-temporal-train-00258	6	2	2	21,155,156,110,138,134,46,88,163,121,197,152,205,5,147,141,71,93,117,65,57,78,82,156,63,27,19,177,112,40,151,104,176,13,38,184	4,3,0.6855,0,222;2,4,0.0855,1,52;8,5,0.3055,2,77;5,0,0.0055,0,132;7,4,0.1425,0,219;0,4,0.5025,0,84
evidence-temporal-train-00259	0	3	0	158,111,89,24,190,93,149,114,65,194,52,42,148,2,62,36,130,30,100,10,79,214,181,187,128,177,16,164,136,69,117,85,200,45,152,141	1,0,0.0955,3,203;5,2,0.5605,0,176;3,4,0.3915,0,73;6,3,0.3495,0,8;3,5,0.5535,0,129;7,0,0.1045,0,63
evidence-temporal-train-00260	6	2	1	45,109,33,153,150,190,201,19,125,116,147,69,75,136,210,88,152,23,66,49,11,119,132,164,62,141,36,93,6,183,41,191,169,85,186,103	5,1,0.7595,2,131;8,2,0.3615,0,55;0,4,0.4235,0,10;2,3,0.0255,0,21;6,3,0.8945,2,225;4,2,0.0965,0,170
evidence-temporal-train-00261	1	0	1	95,58,193,190,138,4,131,121,16,201,69,150,172,51,181,145,99,92,68,45,141,35,197,109,178,27,44,118,85,200,163,112,11,21,81,156	3,1,0.0065,0,237;2,1,0.8755,0,238;2,0,0.8665,0,209;8,3,0.9245,2,219;2,3,0.0285,1,236;0,1,0.4775,0,116
evidence-temporal-train-00262	5	2	2	135,151,90,42,93,28,49,201,138,147,21,162,211,100,109,17,39,80,45,61,123,117,112,3,143,210,69,174,83,65,200,170,179,14,189,165	2,4,0.3085,0,49;3,5,0.5565,0,186;0,3,0.3405,0,231;7,1,0.5485,0,197;3,3,0.0605,0,138;2,5,0.4715,2,175
evidence-temporal-train-00263	2	3	2	189,93,141,78,201,65,151,207,117,34,130,55,3,140,158,181,69,60,25,42,83,190,20,163,21,161,111,124,162,113,97,88,11,184,148,45	2,1,0.9195,0,31;0,0,0.4765,0,14;6,2,0.3625,0,65;5,1,0.0325,0,136;0,5,0.3785,0,234;3,0,0.9575,0,38
evidence-temporal-train-00264	1	2	1	23,50,69,83,181,196,132,45,39,141,157,150,117,179,90,125,8,106,42,147,138,179,59,115,64,93,101,198,11,169,196,196,75,27,18,159	7,1,0.5285,2,123;2,5,0.5015,0,97;1,1,0.1385,0,41;2,1,0.5355,0,189;4,0,0.6525,0,71;4,2,0.4995,0,9
evidence-temporal-train-00265	10	1	1	137,96,16,105,47,13,83,166,206,146,190,199,185,173,43,201,187,27,80,91,133,24,60,195,141,8,125,71,202,150,66,120,36,106,114,49	7,3,0.0805,3,104;2,2,0.7535,2,84;0,2,0.5955,2,61;7,1,0.6695,3,30;8,0,0.4315,3,27;4,3,0.2535,0,5
evidence-temporal-train-00266	10	3	2	108,114,105,84,189,43,120,171,33,35,58,148,49,13,204,88,129,130,16,141,154,151,161,79,68,71,185,209,187,22,93,137,170,177,6,45	5,3,0.0205,1,92;8,1,0.7935,0,4;0,0,0.9355,2,247;6,2,0.0175,0,52;8,2,0.4085,3,97;8,0,0.3685,0,161
evidence-temporal-train-00267	10	0	2	109,174,93,199,69,40,180,136,16,64,174,141,45,151,117,171,8,121,78,101,27,37,145,82,169,210,92,62,15,21,115,50,200,133,183,183	7,5,0.0715,0,183;2,3,0.0465,0,247;1,4,0.1045,0,12;5,0,0.8085,0,29;4,3,0.7685,0,83;0,3,0.1275,0,136
evidence-temporal-train-00268	6	0	1	90,130,138,203,39,21,189,76,128,8,180,17,69,30,212,189,45,99,213,49,10,155,172,150,118,113,141,107,181,82,66,152,42,93,145,63	7,0,0.3985,0,8;5,5,0.4575,0,8;0,5,0.4335,0,88;3,0,0.4905,0,205;2,1,0.2355,1,220;7,0,0.5405,0,4
evidence-temporal-train-00269	5	2	2	201,190,57,65,172,121,141,32,43,70,147,139,92,13,8,76,212,34,107,206,93,205,23,134,116,45,117,105,61,158,176,185,151,211,87,16	7,3,0.0605,2,145;7,0,0.6725,0,6;8,3,0.3065,1,165;3,5,0.9855,0,83;8,1,0.9935,0,249;0,4,0.6975,0,46
evidence-temporal-train-00270	7	3	2	210,189,67,133,141,207,63,38,116,107,194,175,43,211,148,11,28,122,50,181,170,117,214,151,69,45,96,21,88,17,136,208,82,101,75,7	6,1,0.3055,0,32;3,4,0.7715,0,83;1,5,0.6335,0,164;2,0,0.1105,3,249;4,1,0.8865,0,178;1,3,0.1605,0,213
evidence-temporal-train-00271	10	3	2	151,93,189,141,59,118,137,69,213,106,33,6,92,121,21,180,18,200,167,67,44,10,172,171,85,177,134,75,194,99,164,45,53,114,148,38	5,0,0.5185,0,49;8,4,0.8535,0,240;4,1,0.6255,0,194;2,3,0.8615,0,247;2,0,0.4595,1,249;0,4,0.3995,0,121
evidence-temporal-train-00272	2	3	1	78,137,34,90,50,134,18,21,46,106,33,123,9,159,192,66,10,148,209,163,167,116,117,85,159,141,59,188,150,177,172,169,102,69,42,95	8,0,0.4255,0,92;8,0,0.4235,1,108;1,1,0.4175,0,58;5,3,0.4685,2,7;5,0,0.9065,0,130;2,4,0.2075,0,225
evidence-temporal-train-00273	2	3	1	162,107,20,186,82,205,141,100,137,3,209,150,130,91,37,64,172,40,28,180,148,117,49,165,12,79,47,24,69,93,113,201,126,195,60,184	2,2,0.8355,3,178;3,3,0.1885,2,49;0,2,0.0255,0,215;6,0,0.7495,0,198;3,1,0.2855,0,195;5,0,0.2815,0,12
evidence-temporal-train-00274	2	3	1	59,66,1,164,150,144,180,137,42,211,117,16,188,114,85,199,132,32,90,50,70,158,97,93,121,21,156,76,36,183,212,107,162,12,148,45	0,2,0.1405,0,98;7,2,0.4835,0,122;1,1,0.4675,1,136;3,3,0.5215,0,189;0,1,0.5435,0,215;0,2,0.2525,3,48
evidence-temporal-train-00275	10	1	2	155,170,63,117,21,105,3,45,190,85,49,38,116,174,77,66,69,129,208,151,93,139,89,198,183,13,202,165,141,146,184,134,20,32,111,41	2,3,0.9675,0,118;7,4,0.2335,0,19;0,5,0.4135,0,6;4,3,0.2035,0,5;8,5,0.8745,0,239;8,4,0.7145,0,165
evidence-temporal-train-00276	1	2	2	147,215,117,160,182,180,115,21,44,13,206,109,179,36,5,65,132,99,95,166,52,84,136,19,151,129,62,75,91,143,45,194,197,181,69,26	4,3,0.7655,0,55;1,2,0.9965,0,10;3,4,0.2425,0,132;2,2,0.7165,2,243;2,3,0.7265,0,39;8,2,0.1105,2,0
evidence-temporal-train-00277	5	2	1	43,166,117,69,147,86,2,209,11,52,177,109,81,121,136,100,164,19,21,27,185,174,45,116,91,133,93,37,166,158,183,66,150,202,141,58	1,1,0.7585,0,1;2,3,0.7425,0,11;3,0,0.5865,0,138;8,4,0.6685,0,87;3,3,0.8655,0,218;0,3,0.0985,0,55
evidence-temporal-train-00278	10	3	1	84,200,35,135,63,17,204,3,91,156,107,69,141,202,120,215,99,148,153,157,67,10,209,77,21,53,94,42,112,32,150,136,201,214,122,45	2,0,0.3155,0,218;7,1,0.4485,0,97;4,5,0.7185,0,6;4,2,0.7655,1,83;2,1,0.0295,3,123;1,5,0.1495,0,134
evidence-temporal-train-00279	3	0	0	138,55,126,191,207,155,24,95,39,15,192,66,115,207,44,130,45,149,110,20,61,71,117,207,90,141,145,179,5,85,101,205,75,28,186,189	4,5,0.8835,3,204;3,5,0.9165,0,228;6,3,0.5075,2,44;2,3,0.5865,2,239;4,4,0.6755,0,172;5,0,0.4755,0,84
evidence-temporal-train-00280	2	0	0	169,149,4,89,139,41,63,45,69,122,141,191,19,178,169,15,115,145,86,167,76,93,23,49,107,182,65,154,215,117,131,28,169,97,155,35	3,5,0.7745,2,153;3,1,0.3205,0,180;0,5,0.2555,0,27;3,4,0.3845,0,35;0,1,0.6485,0,162;1,1,0.7145,0,156
evidence-temporal-train-00281	3	0	2	11,208,172,17,68,117,114,82,36,194,130,184,170,27,91,180,62,42,45,156,103,21,69,107,127,145,94,192,187,4,151,169,141,139,52,74	3,1,0.3025,0,239;2,2,0.4565,0,231;3,4,0.8025,0,149;1,0,0.7245,1,72;6,1,0.5785,0,36;6,0,0.7975,0,23
evidence-temporal-train-00282	10	0	2	207,170,39,169,116,175,59,45,117,19,122,75,41,145,151,105,22,67,72,174,87,11,143,132,140,56,206,1,165,93,201,185,30,210,109,91	0,1,0.6985,1,8;5,5,0.2255,0,50;7,1,0.7045,3,172;2,5,0.6275,0,126;8,3,0.8715,0,247;1,2,0.8145,2,236
evidence-temporal-train-00283	9	3	1	92,195,20,9,31,141,57,101,48,80,160,108,150,15,122,160,191,117,23,176,167,93,140,37,206,133,84,41,112,173,66,198,171,148,59,69	8,5,0.8245,2,57;6,3,0.2645,3,124;8,1,0.5055,0,201;7,2,0.8455,0,29;4,2,0.0505,0,231;1,3,0.8945,0,97
evidence-temporal-train-00284	9	0	0	117,175,27,153,149,72,34,62,93,171,52,162,100,128,4,106,42,17,10,133,66,80,210,116,140,45,163,156,86,211,197,22,141,158,145,92	3,0,0.2835,1,108;2,0,0.5625,0,13;3,4,0.5805,3,48;7,4,0.8405,0,143;3,0,0.9235,0,146;7,3,0.9325,0,39
evidence-temporal-train-00285	10	2	2	101,171,13,154,151,147,65,93,156,69,161,115,199,131,19,201,51,138,45,77,154,28,106,175,119,63,141,161,86,22,40,195,6,36,121,92	5,3,0.7115,1,221;3,2,0.1305,0,234;2,5,0.3935,0,244;4,4,0.9135,0,242;4,0,0.6345,2,105;0,1,0.4865,0,221
evidence-temporal-train-00286	3	0	0	203,56,93,139,145,75,45,65,209,5,211,10,174,99,186,34,90,134,115,17,69,33,85,21,149,59,175,169,191,107,44,141,119,124,158,154	4,0,0.2585,0,91;8,0,0.8565,0,61;7,1,0.2825,0,196;2,3,0.4355,0,228;2,1,0.6015,2,143;3,4,0.7945,0,151
evidence-temporal-train-00287	2	0	0	36,132,204,180,180,113,15,117,141,32,213,68,185,19,1,140,180,127,198,52,174,21,149,145,103,178,69,163,79,107,91,59,44,45,84,95	0,5,0.7425,0,162;7,2,0.8615,0,186;3,1,0.9935,0,46;6,2,0.7385,2,90;6,1,0.2035,0,44;6,2,0.9085,0,206
evidence-temporal-train-00288	1	3	0	65,123,75,161,182,168,138,117,25,157,179,63,177,83,173,41,115,155,212,159,55,102,93,10,38,148,16,89,45,131,141,69,108,21,149,1	0,0,0.0205,0,149;0,4,0.3225,0,74;6,5,0.2635,0,64;2,1,0.2545,0,83;5,2,0.6185,0,7;2,1,0.4625,0,66
evidence-temporal-train-00289	1	2	2	176,21,187,37,152,62,147,81,41,187,3,200,141,93,192,51,133,89,99,202,68,111,151,166,31,180,14,140,190,113,84,69,47,18,117,124	2,4,0.4095,0,252;6,3,0.2365,2,138;2,4,0.9635,0,249;8,2,0.2535,0,192;2,5,0.2325,0,123;3,3,0.9635,0,39
evidence-temporal-train-00290	10	0	0	59,153,112,5,79,117,129,91,145,143,149,65,168,162,15,154,197,43,20,199,82,55,137,202,133,205,32,38,69,94,209,21,45,107,178,97	4,5,0.8955,0,56;7,4,0.7885,0,11;6,1,0.3995,0,212;6,0,0.7795,1,149;0,1,0.1525,0,58;8,3,0.2695,2,246
evidence-temporal-train-00291	10	0	2	93,115,102,88,106,74,17,174,33,41,57,162,145,131,173,155,64,117,87,171,71,170,141,45,127,164,157,3,151,63,38,138,202,21,11,155	2,1,0.2095,0,48;8,4,0.3445,0,63;8,5,0.0105,2,223;1,5,0.0455,0,113;5,0,0.6995,0,94;6,1,0.4955,0,55
evidence-temporal-train-00292	1	2	1	45,58,155,181,137,150,15,84,168,187,21,205,190,197,93,127,35,190,32,112,147,51,193,196,43,64,3,89,19,80,141,69,110,117,133,100	2,5,0.7745,0,231;7,1,0.6705,0,248;2,0,0.1205,0,163;7,2,0.2235,0,171;3,4,0.0435,0,241;6,3,0.2285,0,86
evidence-temporal-train-00293	3	0	2	50,69,110,117,114,137,3,62,10,26,21,204,80,141,20,197,200,145,190,168,126,166,208,134,100,197,44,34,46,67,84,209,95,151,91,195	2,0,0.8805,0,171;1,0,0.9495,1,110;1,4,0.6295,0,236;7,2,0.6535,2,116;3,4,0.5665,0,123;5,4,0.3245,0,25
evidence-temporal-train-00294	5	3	0	165,77,162,155,113,196,46,193,138,196,63,148,37,69,208,117,149,8,55,133,98,88,13,178,164,21,96,107,26,42,141,83,18,196,127,67	7,3,0.4725,0,173;1,3,0.5775,1,149;6,5,0.6625,0,16;4,1,0.0325,3,227;1,1,0.3555,0,25;6,3,0.4135,0,36
evidence-temporal-train-00295	9	0	1	160,111,91,114,51,215,211,44,21,159,117,193,32,36,178,141,123,60,83,194,130,98,67,73,162,69,19,145,1,95,11,177,150,45,138,187	0,1,0.7615,0,136;7,2,0.8345,0,112;2,2,0.6335,0,57;0,1,0.6575,2,31;1,5,0.4215,0,16;2,0,0.5165,0,215
evidence-temporal-train-00296	5	2	0	173,82,165,117,41,153,59,149,13,162,45,158,20,4,69,139,130,93,122,51,141,159,160,38,98,21,185,188,75,26,147,114,89,67,166,106	3,3,0.8655,0,163;1,4,0.3895,0,99;2,1,0.6685,0,214;2,0,0.3015,0,56;1,0,0.4845,0,150;1,0,0.7735,0,38
evidence-temporal-train-00297	7	0	2	90,28,14,152,137,158,74,24,113,135,163,102,145,69,188,195,199,212,16,151,42,87,49,122,38,164,3,66,93,142,184,118,107,45,60,205	2,4,0.1155,3,106;3,4,0.4415,0,49;0,2,0.4515,0,123;1,5,0.4845,0,115;5,1,0.2965,1,66;1,5,0.2475,1,213
evidence-temporal-train-00298	1	0	2	179,83,132,79,142,37,21,41,151,93,138,28,91,20,158,3,11,163,112,117,59,186,160,199,123,145,99,175,69,51,45,184,65,185,111,203	2,1,0.8535,0,141;3,3,0.2495,0,186;2,1,0.3735,0,61;6,1,0.6865,0,127;2,5,0.1685,0,67;2,2,0.4135,1,153
evidence-temporal-train-00299	10	2	2	21,133,3,173,40,189,139,93,12,153,115,171,87,55,179,147,117,151,17,59,105,75,28,129,46,206,64,159,69,35,109,141,172,190,167,91	2,2,0.2605,0,49;3,1,0.1725,1,228;6,1,0.0225,0,149;2,5,0.6585,0,92;8,3,0.6235,0,238;8,3,0.6655,0,145
evidence-temporal-train-00300	5	2	2	130,161,63,156,11,187,191,28,45,68,147,124,110,39,94,73,213,161,100,51,21,117,141,182,82,16,138,151,114,202,69,41,181,209,90,4	3,1,0.0855,0,183;3,5,0.3665,0,16;2,5,0.8965,0,198;0,0,0.5425,1,46;3,4,0.5985,0,175;3,0,0.4825,0,7
evidence-temporal-train-00301	3	0	0	87,38,28,161,163,69,210,76,109,44,19,157,174,154,149,6,45,60,204,67,214,96,134,98,141,165,186,117,51,21,145,137,114,125,13,91	5,3,0.7375,0,13;3,4,0.9055,0,232;2,2,0.7715,0,74;3,5,0.7205,3,246;1,3,0.5025,0,125;4,4,0.2535,0,219
evidence-temporal-train-00302	7	2	2	14,117,183,134,151,29,180,192,74,63,107,5,55,87,114,39,40,93,123,69,45,155,21,212,211,147,152,92,19,136,214,141,64,155,169,102	4,4,0.7815,0,8;4,5,0.0925,0,12;6,5,0.1405,0,28;1,5,0.9675,0,167;5,1,0.4655,0,146;2,4,0.1515,0,221
evidence-temporal-train-00303	5	3	0	211,33,45,118,93,72,20,135,109,215,138,75,53,142,100,215,68,115,202,123,157,36,86,155,58,148,7,88,15,149,160,43,206,206,21,205	6,5,0.9445,0,107;8,2,0.7715,0,123;4,0,0.9055,3,233;2,4,0.1285,0,130;3,3,0.6755,1,241;2,5,0.5235,1,158
evidence-temporal-train-00304	10	3	2	173,115,182,171,73,90,21,109,39,169,126,192,45,148,4,141,151,69,131,175,101,206,20,137,10,63,56,117,198,195,82,93,41,193,30,66	3,0,0.9725,0,146;5,5,0.3155,0,47;7,5,0.5985,0,93;0,0,0.4895,0,32;4,3,0.7145,0,96;5,1,0.3555,0,86
evidence-temporal-train-00305	3	0	0	162,63,115,203,32,44,89,124,3,189,191,153,69,157,145,187,18,45,68,108,149,103,21,82,93,52,141,75,133,37,202,138,204,11,156,117	2,1,0.5245,0,3;7,3,0.9715,0,201;3,5,0.8545,0,54;2,0,0.2405,0,183;6,2,0.6785,0,77;3,3,0.4015,0,113
evidence-temporal-train-00306	0	3	0	135,75,149,156,203,209,6,183,112,45,86,212,138,59,67,156,148,91,97,161,117,39,203,141,69,13,43,205,17,179,21,106,124,26,51,94	5,3,0.3535,0,133;1,5,0.6725,0,234;2,1,0.6625,0,233;2,4,0.6695,1,70;0,0,0.0225,0,86;3,5,0.4835,0,179
evidence-temporal-train-00307	6	2	0	142,111,62,149,87,180,117,5,93,147,73,202,189,172,72,39,66,189,176,50,183,124,104,90,41,139,201,11,28,131,189,18,21,201,113,47	4,1,0.5225,0,154;3,5,0.3855,2,61;1,4,0.4825,3,192;0,5,0.4675,0,67;7,5,0.3255,0,95;3,1,0.6765,1,141
evidence-temporal-train-00308	1	3	0	156,105,20,14,132,149,171,40,191,141,139,167,79,177,83,69,204,176,7,179,37,93,187,91,123,51,171,33,21,114,45,111,148,68,58,120	6,4,0.9845,0,147;8,3,0.0495,0,238;2,0,0.8885,0,209;6,1,0.6805,0,196;8,5,0.5835,3,247;2,2,0.7665,0,133
evidence-temporal-train-00309	7	0	1	171,21,137,141,20,88,125,203,210,69,107,27,133,65,40,190,79,62,145,201,113,187,98,37,117,13,52,157,191,167,164,86,150,94,45,2	1,3,0.8965,0,66;2,3,0.0795,0,230;3,4,0.2095,0,228;6,4,0.1805,1,98;1,1,0.2515,0,8;4,3,0.2855,0,112
evidence-temporal-train-00310	8	3	2	117,121,69,141,4,55,60,34,18,169,178,154,205,106,197,112,130,41,11,67,148,30,93,210,78,159,24,204,193,92,45,151,87,199,103,136	3,1,0.4315,3,114;5,0,0.3605,0,41;6,2,0.7505,0,233;5,5,0.9595,0,86;6,0,0.0935,0,5;0,0,0.0295,0,101
evidence-temporal-train-00311	10	1	0	86,78,53,152,105,177,183,69,2,132,141,182,10,63,139,123,40,182,108,211,208,25,116,18,90,149,93,198,35,206,120,66,146,45,163,21	1,0,0.4285,0,3;0,1,0.0735,0,245;4,5,0.5075,0,73;5,4,0.5895,0,103;8,2,0.9705,3,13;2,2,0.7655,0,241
evidence-temporal-train-00312	6	2	1	103,191,204,16,178,171,8,144,93,21,197,188,49,62,48,113,165,150,117,89,167,36,87,70,190,147,14,41,132,124,138,109,27,190,73,68	7,4,0.0665,0,5;2,2,0.3655,3,23;0,4,0.9375,1,109;0,5,0.3985,0,180;6,3,0.2135,0,10;3,2,0.4375,3,157
evidence-temporal-train-00313	7	0	1	155,20,62,85,150,92,154,8,51,141,107,103,140,145,126,211,132,44,112,191,153,181,34,93,188,15,166,69,45,181,117,26,24,152,74,67	7,5,0.9445,3,184;1,0,0.8015,0,33;2,4,0.6565,0,226;1,3,0.9265,0,0;6,1,0.1405,0,4;5,2,0.9555,0,81
evidence-temporal-train-00314	1	1	0	98,77,177,92,62,27,158,176,21,93,64,126,136,45,162,85,185,7,186,113,131,43,14,157,149,35,146,192,19,69,197,106,49,203,141,117	6,4,0.7915,0,27;2,1,0.7885,0,80;0,4,0.1665,0,121;4,3,0.8725,0,36;1,0,0.3345,0,53;5,1,0.1505,0,213
evidence-temporal-train-00315	1	0	0	93,36,177,149,130,169,154,207,114,205,9,211,178,123,45,11,145,160,69,158,43,62,18,154,65,105,137,56,106,141,75,85,24,91,119,26	8,1,0.5525,3,118;1,2,0.6335,0,177;7,4,0.2115,0,84;2,3,0.6865,0,192;8,0,0.4825,2,182;2,0,0.2445,0,194
evidence-temporal-train-00316	1	2	0	66,147,171,130,178,166,45,21,140,37,160,190,116,164,105,149,51,29,8,61,20,93,121,91,84,144,12,215,178,167,76,120,69,158,110,43	7,2,0.8045,0,240;4,3,0.7555,0,72;2,3,0.4705,0,229;3,2,0.7485,0,52;8,4,0.9065,3,137;0,0,0.9455,3,207
evidence-temporal-train-00317	5	0	0	134,43,179,175,63,210,69,127,214,175,145,78,25,138,115,54,64,202,94,9,167,109,174,141,38,23,88,149,103,167,45,193,85,117,18,15	8,5,0.4285,2,235;0,4,0.7625,0,33;5,5,0.0595,0,76;5,3,0.0345,1,164;6,3,0.7025,0,56;6,4,0.5025,0,76
evidence-temporal-train-00318	1	1	0	74,88,65,69,99,191,200,93,123,211,153,194,146,47,196,107,191,114,132,38,16,21,141,86,117,209,137,12,61,149,158,43,27,188,50,3	2,2,0.1295,0,102;2,4,0.7345,2,90;1,3,0.3155,0,236;1,4,0.0215,0,166;2,1,0.5185,0,238;2,2,0.2395,0,152
evidence-temporal-train-00319	8	0	1	211,83,138,205,213,61,130,212,180,21,122,117,215,165,104,145,6,158,37,107,141,80,45,69,27,65,150,54,112,13,96,192,91,18,43,198	5,3,0.5385,0,38;2,3,0.7035,0,48;5,3,0.3815,0,47;7,1,0.7165,3,226;7,1,0.1865,0,57;1,0,0.4175,0,92
evidence-temporal-train-00320	5	2	0	117,49,149,207,84,69,209,202,106,74,44,164,182,19,115,4,68,91,186,137,93,28,45,129,143,98,59,152,147,170,130,13,39,21,205,193	3,3,0.6955,0,110;3,5,0.8775,0,84;0,1,0.8575,0,172;1,2,0.6835,0,139;1,0,0.7955,0,24;8,0,0.2955,2,119
evidence-temporal-train-00321	7	2	2	93,206,120,208,66,84,45,21,170,198,212,162,63,112,97,31,51,108,11,211,151,147,133,154,71,155,4,141,122,76,37,41,16,88,139,156	3,1,0.1935,0,166;6,3,0.2975,0,88;2,5,0.4095,2,191;3,2,0.0195,0,59;0,2,0.1325,3,61;1,3,0.6465,0,51
evidence-temporal-train-00322	1	3	0	196,103,172,132,137,38,90,69,152,213,42,207,149,107,180,45,195,21,85,165,114,60,27,57,64,141,160,75,148,117,20,121,7,12,93,210	6,2,0.9245,0,80;2,4,0.4615,0,214;8,2,0.0035,0,83;2,3,0.4925,0,183;6,1,0.5925,0,159;0,2,0.2125,0,105
evidence-temporal-train-00323	10	2	2	69,93,131,117,52,126,199,141,139,90,178,60,4,161,17,185,10,147,21,111,178,166,158,45,83,37,41,28,215,151,75,105,116,173,68,206	3,0,0.2425,0,220;3,3,0.2805,0,42;3,2,0.8085,0,111;2,1,0.4405,0,4;8,5,0.8285,0,134;5,1,0.6285,0,229
evidence-temporal-train-00324	5	2	0	6,173,141,60,114,57,70,28,149,165,139,81,176,14,192,156,64,197,127,199,22,117,110,90,41,183,18,147,35,134,93,82,201,45,105,206	5,4,0.4775,1,200;3,1,0.2765,0,75;8,2,0.0405,1,142;8,0,0.4085,0,184;8,4,0.5055,0,160;6,4,0.6205,0,58
evidence-temporal-train-00325	3	0	1	117,30,42,21,154,84,89,49,125,150,100,80,153,68,34,116,175,109,61,139,141,16,214,210,180,6,145,93,156,178,71,46,12,135,173,210	5,2,0.1595,0,68;5,0,0.5325,1,44;0,3,0.9985,2,97;7,2,0.3665,0,86;3,3,0.8895,0,14;4,5,0.6465,0,86
evidence-temporal-train-00326	0	3	0	102,187,199,112,164,200,180,52,130,117,149,190,67,3,21,60,37,41,16,77,204,90,138,95,161,168,110,45,191,148,10,28,69,122,141,87	2,0,0.1655,0,116;3,3,0.2155,0,205;3,2,0.6015,0,199;4,5,0.5125,2,250;5,4,0.1665,0,10;1,0,0.5795,0,95
evidence-temporal-train-00327	3	0	2	193,65,201,93,151,20,11,98,82,190,110,186,124,187,141,4,73,132,211,54,186,160,176,39,91,28,71,117,137,166,24,145,45,113,44,61	3,1,0.8615,3,22;3,5,0.8305,0,126;5,3,0.3055,2,98;0,0,0.6275,0,161;1,4,0.2045,0,162;3,2,0.3565,0,135
evidence-temporal-train-00328	10	0	2	169,209,68,30,71,21,145,140,153,93,59,91,109,123,157,41,101,45,117,36,13,192,159,17,160,3,131,141,196,164,85,177,151,115,78,56	2,3,0.3875,0,197;5,2,0.2045,0,48;7,1,0.9565,2,59;5,3,0.6885,0,96;4,3,0.6105,0,73;2,1,0.8585,0,34
evidence-temporal-train-00329	1	0	2	55,69,139,200,27,66,117,180,20,157,189,4,126,38,44,151,186,176,24,192,45,186,83,178,112,166,90,13,98,135,63,145,141,106,74,93	3,3,0.8795,3,184;2,4,0.8095,0,242;6,5,0.5905,0,12;1,1,0.4935,0,10;1,0,0.0585,0,14;5,5,0.7215,0,66
evidence-temporal-train-00330	10	3	1	28,51,39,69,141,166,64,119,88,123,136,40,167,213,48,82,77,20,200,165,106,21,63,116,153,201,93,99,134,201,15,150,148,197,195,9	8,5,0.8575,0,202;3,5,0.0605,3,182;2,5,0.0285,0,36;4,0,0.0365,0,64;2,0,0.8835,2,199;2,4,0.1035,0,173
evidence-temporal-train-00331	9	0	0	25,116,160,71,145,8,66,173,17,83,92,94,160,190,187,181,131,117,138,38,121,104,191,206,76,58,171,45,57,141,24,149,110,41,12,205	7,2,0.3155,3,35;0,4,0.3085,0,199;8,0,0.5005,2,45;3,1,0.9265,1,154;7,4,0.9895,0,203;0,1,0.5135,0,206
evidence-temporal-train-00332	8	3	0	161,183,17,171,67,202,130,101,69,88,43,93,53,2,148,170,106,30,138,215,116,58,141,73,117,45,172,149,205,15,85,39,156,21,122,203	1,5,0.3405,0,159;5,5,0.7455,0,44;4,0,0.7655,0,100;0,3,0.1345,0,93;4,0,0.8475,0,87;1,0,0.4285,0,175
evidence-temporal-train-00333	5	0	2	16,32,151,142,69,161,194,55,126,41,66,134,157,209,84,192,136,113,61,90,187,34,109,211,145,99,21,93,45,175,14,155,4,117,80,172	3,4,0.0355,0,251;7,0,0.3655,0,238;6,3,0.5975,0,171;7,2,0.4105,0,45;2,3,0.2655,0,196;5,4,0.0025,1,170
evidence-temporal-train-00334	10	3	2	91,134,12,37,164,67,196,96,141,56,192,151,86,200,210,69,75,21,148,102,17,167,189,62,42,1,140,30,114,125,45,188,191,118,111,215	0,2,0.2495,0,12;5,3,0.4975,0,145;7,4,0.6825,0,171;2,4,0.6295,3,156;5,5,0.4505,1,247;4,4,0.9635,0,209
evidence-temporal-train-00335	7	0	1	92,202,180,84,179,192,23,40,66,101,33,1,20,114,134,73,145,61,93,120,111,182,69,141,15,167,195,45,123,150,34,50,169,139,207,206	0,5,0.8355,2,234;8,0,0.0385,0,82;1,3,0.4665,0,248;0,2,0.9065,0,15;4,5,0.5825,3,154;2,4,0.7635,0,121
evidence-temporal-train-00336	1	2	0	196,144,149,138,86,109,213,165,69,60,94,156,183,19,113,68,45,73,117,188,92,147,123,210,103,2,26,39,162,159,157,40,21,14,132,51	1,4,0.7635,0,16;1,5,0.0135,0,86;2,2,0.9345,0,60;0,4,0.9735,1,214;6,3,0.2385,0,115;2,2,0.5205,3,124
evidence-temporal-train-00337	10	3	2	141,165,14,116,69,26,184,137,111,156,195,132,105,117,93,153,51,209,189,200,82,148,45,5,21,43,67,81,127,19,91,151,171,37,60,183	4,4,0.6325,0,88;1,3,0.6395,0,161;2,2,0.6065,0,14;8,0,0.6545,0,237;8,5,0.8075,0,23;6,2,0.2055,0,205
evidence-temporal-train-00338	10	3	0	138,169,197,199,141,188,84,121,39,91,177,120,192,60,173,69,9,148,149,194,44,77,97,114,68,29,165,130,108,21,179,52,14,45,93,16	8,4,0.1645,0,81;4,5,0.8315,0,154;3,2,0.9155,0,25;4,2,0.7415,0,155;0,2,0.4895,3,254;0,0,0.5715,0,155
evidence-temporal-train-00339	9	0	0	196,34,80,149,114,21,203,158,145,93,111,65,214,156,58,154,132,207,104,69,42,123,2,88,138,16,210,117,57,83,141,192,31,11,170,48	1,1,0.1265,0,118;6,0,0.4035,3,208;8,0,0.2875,0,167;7,1,0.0335,0,70;7,5,0.5145,0,247;2,2,0.5625,0,197
evidence-temporal-train-00340	8	0	2	145,160,112,197,42,69,99,12,201,62,200,141,174,20,151,45,184,6,86,126,28,21,185,208,117,160,65,138,106,81,91,34,52,190,93,134	5,2,0.9855,0,17;3,0,0.5555,0,32;3,4,0.2275,0,20;8,4,0.6725,0,11;2,0,0.1535,0,2;5,4,0.5265,0,173
evidence-temporal-train-00341	1	1	2	113,65,51,215,146,140,25,151,184,71,41,62,45,91,12,19,21,106,141,182,184,9,184,37,186,180,170,103,135,167,82,174,123,93,117,77	8,2,0.7845,0,180;0,3,0.2395,0,239;2,4,0.2135,2,56;4,0,0.6885,0,135;6,0,0.2835,0,110;2,5,0.9625,0,105
evidence-temporal-train-00342	10	1	2	113,105,126,178,193,146,56,117,90,156,33,11,61,93,158,82,66,182,135,39,3,41,168,45,187,109,69,19,155,180,151,81,141,21,138,189	2,1,0.7755,0,8;8,5,0.2365,0,147;7,3,0.5775,0,242;8,0,0.4065,0,194;8,3,0.3465,0,112;5,5,0.5765,0,140
evidence-temporal-train-00343	10	0	1	201,53,13,17,150,93,122,208,45,30,131,107,1,215,113,63,172,173,202,42,86,181,195,140,197,21,91,78,184,145,118,34,68,100,141,69	0,3,0.2665,0,187;5,0,0.5795,0,231;4,5,0.9435,0,155;5,4,0.6355,0,34;3,1,0.3965,1,21;1,1,0.8855,0,155
evidence-temporal-train-00344	6	1	1	167,146,14,184,34,64,24,8,103,113,141,69,20,29,211,45,108,137,154,181,94,167,78,200,175,92,150,53,153,117,133,82,62,41,121,183	7,4,0.9705,3,70;4,0,0.2115,0,153;4,4,0.0665,0,56;5,0,0.8525,1,187;6,2,0.2835,0,151;0,3,0.2655,0,41
evidence-temporal-train-00345	1	2	1	72,27,88,163,120,188,168,134,196,152,141,175,197,123,86,8,111,147,35,76,14,150,116,54,18,176,22,43,157,68,45,100,93,191,140,59	7,4,0.4225,1,200;2,1,0.7455,0,153;5,1,0.9745,3,117;3,4,0.0405,0,128;3,5,0.8275,3,238;2,4,0.9065,0,160
evidence-temporal-train-00346	5	0	2	168,93,114,103,169,117,155,189,58,108,87,138,69,31,141,183,38,44,202,19,10,3,151,52,159,64,135,180,145,45,75,127,173,157,24,92	2,0,0.6075,3,60;6,4,0.8615,0,37;3,0,0.0615,0,16;2,5,0.9045,0,37;6,2,0.4035,0,134;6,5,0.5985,0,167
evidence-temporal-train-00347	10	0	0	52,105,168,60,69,15,170,190,76,198,135,117,142,138,195,25,116,160,149,45,210,163,21,145,82,175,124,42,36,16,92,111,96,4,166,64	3,5,0.0505,0,9;0,2,0.4905,0,187;3,2,0.0565,0,201;3,0,0.8055,3,227;8,5,0.9705,0,252;3,5,0.4065,1,6
evidence-temporal-train-00348	1	3	1	158,164,113,21,177,88,69,65,37,95,45,139,27,40,20,141,131,199,198,104,76,189,14,178,121,184,183,53,175,117,84,111,148,150,61,3	2,4,0.9295,0,163;2,3,0.1735,0,101;4,3,0.2515,0,44;3,2,0.0575,2,239;7,5,0.3225,0,51;0,1,0.6175,0,173
evidence-temporal-train-00349	6	0	1	48,115,194,16,100,141,28,188,21,169,211,182,13,124,87,73,131,108,145,58,93,173,91,36,182,150,69,3,52,67,189,136,40,163,117,203	2,3,0.1685,0,156;3,2,0.0345,3,211;3,0,0.6555,0,66;0,5,0.7085,0,193;3,2,0.6485,0,100;3,1,0.0735,0,217
evidence-temporal-train-00350	0	3	2	100,169,64,167,45,78,52,163,41,176,69,141,175,62,165,151,130,93,123,7,117,113,136,12,89,152,110,200,34,16,28,186,183,21,148,86	6,2,0.0195,0,185;3,0,0.2815,0,93;3,4,0.0905,0,49;5,4,0.3465,0,255;3,4,0.3935,0,224;2,0,0.0345,0,40
evidence-temporal-train-00351	3	0	0	211,57,21,187,210,100,194,128,81,181,193,141,5,88,62,11,82,19,69,28,44,161,139,210,120,110,37,149,213,68,145,93,158,133,45,116	4,1,0.7495,0,49;3,3,0.9565,0,33;8,4,0.8555,0,221;8,0,0.1525,0,58;3,4,0.8015,3,243;7,3,0.6285,0,228
evidence-temporal-train-00352	1	0	2	154,69,145,130,113,188,23,151,37,75,189,141,192,45,99,68,49,117,5,58,210,124,93,159,108,18,91,197,136,41,10,29,83,159,171,190	4,0,0.4395,2,172;4,3,0.2145,0,194;0,0,0.9075,0,139;2,1,0.7585,0,130;2,2,0.3265,0,103;3,0,0.0465,0,156
evidence-temporal-train-00353	1	0	1	76,36,164,93,172,186,51,61,157,204,129,42,4,99,141,11,113,195,145,68,69,19,47,117,33,215,108,156,91,132,21,139,150,205,194,83	3,1,0.7495,0,104;8,2,0.5715,2,253;2,3,0.9615,0,91;3,1,0.6545,0,78;2,2,0.2745,0,158;8,2,0.6885,0,22
evidence-temporal-train-00354	10	0	0	45,57,206,118,201,87,145,66,141,91,21,191,34,11,63,76,195,7,125,111,192,149,181,69,98,207,116,43,167,134,186,184,20,93,140,28	6,1,0.8995,0,45;3,0,0.6105,0,122;8,5,0.4995,0,99;3,5,0.6505,0,30;1,5,0.8185,1,253;4,4,0.8355,0,125
evidence-temporal-train-00355	8	0	2	44,63,66,145,45,139,212,72,180,73,211,16,93,30,13,151,37,108,117,194,3,165,21,181,173,99,130,162,129,114,89,141,166,56,168,84	2,3,0.1095,0,145;5,3,0.8585,0,59;7,5,0.5365,3,186;0,2,0.2315,0,83;2,2,0.5025,0,229;8,0,0.7335,0,180
evidence-temporal-train-00356	7	2	1	147,169,210,150,197,51,103,122,93,120,116,83,139,21,193,47,135,36,141,153,213,183,198,27,109,69,79,65,11,40,17,91,191,62,4,172	3,1,0.2625,0,216;2,2,0.1445,2,121;2,4,0.3555,0,135;6,1,0.6645,0,184;6,3,0.8525,3,186;1,5,0.7985,0,44
evidence-temporal-train-00357	3	0	0	182,39,161,45,68,112,168,59,141,41,69,4,19,91,183,208,75,132,152,52,108,122,101,204,155,136,149,177,86,93,145,21,174,119,14,31	3,4,0.7455,0,132;6,5,0.2125,0,131;3,1,0.8255,0,237;2,4,0.6085,0,36;4,2,0.1785,2,228;1,2,0.1105,0,12
evidence-temporal-train-00358	10	0	2	185,141,21,194,196,165,151,115,51,145,86,109,211,19,4,164,154,93,192,45,126,64,130,12,164,92,29,136,69,117,39,102,43,80,59,160	3,2,0.7885,0,13;4,5,0.6805,0,124;2,1,0.0565,0,59;7,4,0.8015,0,17;5,3,0.7285,0,73;5,0,0.1695,0,26
evidence-temporal-train-00359	5	2	1	150,81,21,165,92,38,93,137,120,97,134,10,194,188,195,187,179,115,163,123,69,55,17,29,43,63,7,147,185,141,66,109,160,48,210,85	6,0,0.2175,0,159;4,4,0.7665,3,114;6,5,0.4945,0,169;8,3,0.9885,0,42;0,3,0.7055,3,201;2,4,0.3455,0,93
evidence-temporal-train-00360	10	2	0	101,147,141,123,134,206,27,169,110,54,19,64,69,189,93,9,45,184,117,91,40,149,201,84,12,203,194,139,63,116,21,212,35,172,213,78	8,2,0.6055,0,165;2,1,0.1635,0,253;5,5,0.0785,0,122;5,2,0.6455,0,192;4,4,0.9225,0,192;2,4,0.6445,0,133
evidence-temporal-train-00361	3	0	2	182,13,151,93,61,45,114,104,17,87,78,28,189,127,132,174,168,52,2,184,68,39,191,117,180,41,21,140,141,145,107,92,69,197,188,169	1,3,0.2255,0,59;3,5,0.2725,0,137;3,3,0.8765,0,20;5,5,0.9265,0,69;7,1,0.4865,0,124;6,2,0.8515,0,27
evidence-temporal-train-00362	10	0	2	14,2,137,145,154,49,88,115,65,204,69,158,151,40,188,111,182,76,158,18,61,101,122,30,204,185,47,84,204,117,35,191,93,24,132,141	1,4,0.5465,3,0;5,1,0.0275,2,132;0,3,0.3465,0,41;3,2,0.1725,0,204;4,5,0.7455,0,35;1,2,0.2845,0,137
evidence-temporal-train-00363	9	2	0	63,141,159,202,117,193,208,104,178,138,6,68,128,42,21,18,147,149,156,27,132,213,47,169,170,174,36,113,56,75,11,93,88,84,69,106	5,1,0.5615,0,201;2,2,0.4355,2,255;7,5,0.9655,0,161;2,2,0.0755,0,119;7,0,0.3525,0,5;7,2,0.5985,0,203
evidence-temporal-train-00364	6	1	0	139,56,42,133,167,155,111,117,21,63,162,92,65,99,36,149,73,27,1,84,146,189,167,113,93,144,20,161,69,13,122,174,177,189,45,197	0,3,0.9335,0,107;2,2,0.4685,0,166;7,5,0.3975,0,241;0,2,0.8425,0,191;2,5,0.3425,0,125;1,3,0.6035,3,210
evidence-temporal-train-00365	10	2	2	165,123,21,113,147,29,35,176,155,213,65,72,43,189,111,141,51,183,10,96,84,16,187,119,78,45,186,2,100,130,214,59,91,140,197,151	1,0,0.1245,0,155;4,1,0.6045,0,86;2,1,0.2375,3,171;5,2,0.7495,3,69;3,5,0.2625,2,221;2,0,0.8575,0,110
evidence-temporal-train-00366	2	3	2	178,131,141,157,34,93,76,54,148,151,176,24,104,128,83,194,45,113,111,20,160,118,137,91,44,67,60,7,72,12,170,203,198,33,181,194	6,2,0.8195,3,231;8,0,0.8155,0,45;5,2,0.7445,3,15;3,1,0.7105,0,84;7,5,0.3625,1,174;7,1,0.2065,0,49
evidence-temporal-train-00367	6	3	0	133,182,38,138,19,197,84,183,149,141,9,63,111,204,49,15,129,148,24,168,206,117,92,100,28,171,93,112,69,76,209,40,66,155,214,45	8,5,0.6505,3,180;3,4,0.1825,0,62;0,5,0.4615,0,25;3,2,0.9405,0,228;3,5,0.0965,0,30;8,3,0.5955,0,126
evidence-temporal-train-00368	1	0	2	132,3,39,151,69,127,33,74,45,104,141,172,160,197,194,21,113,61,145,152,52,198,162,139,195,117,65,20,93,84,106,88,214,42,171,15	2,5,0.9935,0,79;8,5,0.5115,0,128;3,3,0.3265,0,50;1,2,0.1405,0,145;7,0,0.2465,0,166;6,2,0.6355,0,193
evidence-temporal-train-00369	10	3	0	93,124,117,158,177,85,89,141,104,136,177,60,21,19,12,107,149,29,67,197,176,163,133,37,40,194,77,182,115,9,166,69,57,45,172,148	8,2,0.6895,0,191;4,3,0.1115,0,182;8,2,0.7605,0,19;4,3,0.2135,0,62;7,1,0.6625,0,87;3,3,0.0905,0,241
evidence-temporal-train-00370	8	0	2	173,95,151,69,77,188,37,21,129,82,6,165,198,25,19,136,42,68,117,14,179,46,162,102,59,116,50,107,177,91,188,132,141,145,208,192	5,4,0.7235,0,112;0,3,0.5215,1,207;1,1,0.9255,0,97;4,0,0.6845,2,181;5,1,0.9445,0,92;8,2,0.1085,0,164
evidence-temporal-train-00371	3	0	1	168,37,76,47,24,88,119,18,1,110,150,52,12,86,32,93,61,125,134,113,145,215,205,191,69,67,137,190,197,44,204,141,103,175,199,160	0,2,0.4675,3,230;7,3,0.9415,2,9;3,3,0.7075,0,20;3,4,0.1565,0,227;6,4,0.3875,2,142;4,4,0.3545,0,219
evidence-temporal-train-00372	1	1	1	138,90,198,80,210,117,210,142,126,168,87,51,191,186,116,146,93,44,45,15,150,194,99,69,20,215,194,134,64,27,59,110,188,21,3,37	2,5,0.8825,0,54;2,3,0.8775,0,225;2,1,0.1835,0,231;7,5,0.5345,0,7;2,4,0.8725,0,212;5,4,0.4745,1,237
evidence-temporal-train-00373	10	3	2	111,24,20,10,122,144,118,192,81,33,148,134,53,45,211,180,7,182,179,65,139,43,35,100,84,207,93,174,151,114,180,69,60,195,88,196	6,0,0.8215,3,12;8,1,0.7045,0,56;4,2,0.2345,0,10;8,2,0.0705,0,201;3,5,0.5385,1,129;1,4,0.6505,3,4
evidence-temporal-train-00374	6	2	0	40,1,21,149,188,26,169,90,134,69,206,166,155,123,93,147,107,34,190,158,45,62,210,168,19,77,84,141,117,116,54,15,209,68,137,105	0,5,0.7505,0,14;1,0,0.0125,0,109;5,4,0.9015,0,110;4,2,0.5985,0,65;8,1,0.8255,0,70;2,4,0.2535,0,145
evidence-temporal-train-00375	9	2	1	184,68,111,164,12,167,9,203,198,198,40,117,150,51,85,214,147,141,104,128,139,19,93,163,25,69,21,89,116,131,45,163,79,63,156,39	8,2,0.6955,0,5;0,5,0.0845,0,143;2,5,0.9615,0,221;6,3,0.2165,0,47;7,5,0.9135,0,54;7,1,0.6025,0,128
evidence-temporal-train-00376	8	0	0	117,188,108,61,166,186,163,138,145,49,30,90,82,212,93,16,149,67,44,80,101,21,191,6,114,39,143,205,189,10,209,190,69,135,45,123	5,0,0.1415,0,235;5,5,0.9225,0,5;0,3,0.6515,0,75;7,0,0.4615,0,16;4,2,0.5355,0,114;2,5,0.4075,2,149
evidence-temporal-train-00377	0	3	1	181,170,11,166,4,160,35,69,114,148,199,142,21,61,28,53,179,109,16,140,85,93,120,192,133,100,163,150,202,191,90,66,40,76,122,46	3,1,0.0155,0,244;3,1,0.1035,1,174;4,3,0.5565,0,80;3,3,0.4625,0,20;3,3,0.4985,3,237;1,3,0.8765,1,234
evidence-temporal-train-00378	1	1	2	26,21,151,69,200,153,141,110,90,60,3,43,117,66,45,146,122,135,213,93,75,85,139,113,13,105,163,194,166,206,17,177,185,173,51,36	2,3,0.2415,0,173;1,2,0.7905,0,160;2,2,0.4645,0,239;2,3,0.5985,0,238;8,4,0.3535,0,65;1,5,0.6745,0,64
evidence-temporal-train-00379	10	2	0	153,83,5,76,49,37,92,181,114,64,63,215,147,208,123,152,130,103,149,163,29,143,18,159,117,70,152,205,138,21,188,48,15,93,106,41	4,5,0.5745,0,74;4,3,0.3445,3,61;0,5,0.1345,1,220;3,1,0.9165,0,92;6,0,0.5345,0,112;2,0,0.4015,2,90
evidence-temporal-train-00380	10	3	2	134,21,151,111,28,19,69,136,128,208,58,66,57,36,75,176,45,191,96,197,119,198,167,195,15,192,157,41,98,9,193,148,114,141,91,85	8,5,0.6955,0,249;3,2,0.2755,0,68;8,0,0.4755,0,151;2,3,0.6775,3,167;1,5,0.5605,2,221;7,4,0.0675,0,70
evidence-temporal-train-00381	1	0	2	151,207,76,162,45,107,59,99,93,157,37,21,85,140,128,165,68,141,182,118,131,183,145,44,159,155,14,209,89,210,3,113,31,69,18,51	2,4,0.5065,0,74;6,3,0.9155,0,69;2,1,0.9915,0,246;3,3,0.2925,0,115;2,1,0.2295,1,135;7,1,0.8395,0,104
evidence-temporal-train-00382	5	2	2	23,68,41,141,108,55,184,7,188,93,134,169,177,35,59,26,177,151,75,178,127,19,92,115,147,69,206,158,163,45,15,97,139,209,117,83	6,5,0.6315,2,186;1,1,0.3135,0,182;6,1,0.9225,0,102;2,1,0.9955,0,86;0,2,0.6275,0,27;6,4,0.6985,0,243
evidence-temporal-train-00383	9	3	2	112,93,141,148,138,11,63,89,190,151,86,49,37,189,197,166,69,40,118,7,185,179,16,128,179,97,27,107,22,74,64,212,131,155,45,191	6,1,0.1295,1,115;2,3,0.1705,0,224;0,5,0.0505,0,200;1,4,0.2315,0,217;0,1,0.1005,1,226;7,1,0.5425,0,101
evidence-temporal-train-00384	10	0	2	192,151,206,43,172,124,174,93,117,5,132,138,21,152,69,206,45,63,18,37,114,204,27,141,85,64,76,110,189,145,104,51,88,152,158,15	4,5,0.5705,0,75;2,3,0.6065,0,20;2,5,0.0795,0,153;3,3,0.1235,0,241;7,4,0.5355,0,140;3,2,0.4435,0,44
evidence-temporal-train-00385	5	2	1	116,124,37,93,60,69,147,182,109,141,76,168,192,3,90,153,99,150,182,155,175,170,131,120,67,17,13,40,87,138,53,25,22,46,211,161	2,3,0.3045,1,83;0,3,0.0335,1,63;4,2,0.7135,0,254;3,5,0.5235,0,116;2,3,0.9655,3,207;3,1,0.5725,0,63
evidence-temporal-train-00386	5	2	0	59,205,93,45,138,52,179,152,43,33,204,21,88,12,4,195,124,69,34,153,141,135,18,160,191,80,98,202,147,149,110,83,66,117,112,187	3,2,0.4295,0,181;8,0,0.6035,0,2;3,1,0.5925,0,10;7,1,0.0185,0,14;1,4,0.0015,0,82;3,5,0.5605,0,81
evidence-temporal-train-00387	5	2	2	211,143,136,182,21,132,177,203,35,100,193,165,88,71,205,26,67,208,55,4,147,40,17,14,189,113,125,211,108,117,75,86,45,58,93,151	3,4,0.2215,0,51;1,1,0.1485,0,165;6,0,0.6765,2,171;2,4,0.0365,0,97;3,2,0.3195,0,160;4,2,0.1555,2,166
evidence-temporal-train-00388	0	3	0	16,88,21,45,10,159,69,149,8,183,99,193,93,148,138,210,133,51,39,200,74,84,61,181,203,64,107,126,42,116,28,192,186,211,141,117	7,0,0.1015,0,75;3,5,0.5875,0,48;2,3,0.0435,0,146;1,2,0.0845,0,158;2,1,0.8485,0,201;5,3,0.5105,0,14
evidence-temporal-train-00389	1	3	0	3,157,51,140,93,14,116,176,206,148,45,187,133,21,184,170,142,119,28,18,35,99,43,83,106,156,69,60,190,186,88,193,149,125,74,64	2,4,0.5675,0,17;3,1,0.7525,0,123;2,2,0.0415,0,46;1,1,0.1135,0,93;2,0,0.9835,2,142;4,3,0.8245,1,128
evidence-temporal-train-00390	1	3	0	161,211,206,11,182,44,84,149,141,122,153,18,135,196,148,7,66,21,74,93,190,101,156,106,69,27,45,116,52,59,195,39,92,119,140,179	6,1,0.4425,0,56;2,5,0.9645,0,34;3,1,0.5565,0,58;1,2,0.9285,0,61;4,0,0.8365,2,3;1,5,0.9945,0,109
evidence-temporal-train-00391	5	2	1	142,4,16,93,36,10,193,51,31,97,40,211,181,164,21,184,79,91,115,179,60,124,150,131,177,177,117,136,64,194,72,107,85,147,187,45	3,0,0.0825,0,165;6,2,0.0735,0,129;2,2,0.1745,3,18;6,3,0.6275,0,126;0,1,0.6885,0,35;3,1,0.0265,1,143
evidence-temporal-train-00392	1	0	2	189,210,138,15,36,163,117,32,185,151,62,123,45,69,67,145,97,112,92,169,21,82,51,43,172,141,131,2,205,108,158,168,18,75,93,156	1,5,0.5695,0,14;7,2,0.7045,0,21;2,4,0.6565,0,17;2,0,0.8005,0,234;0,2,0.0205,0,109;2,1,0.5485,0,218
evidence-temporal-train-00393	5	2	0	79,141,157,121,94,170,165,173,155,13,112,156,66,57,173,84,212,165,69,97,21,117,147,133,169,45,19,108,44,62,34,149,88,28,4,139	3,3,0.7465,0,52;3,0,0.9865,0,109;8,4,0.4645,0,243;6,2,0.0835,1,107;0,2,0.1055,0,30;0,3,0.6345,0,209
evidence-temporal-train-00394	7	2	2	36,65,117,114,73,203,207,157,136,197,157,135,179,91,18,171,111,58,45,3,129,141,11,199,175,94,151,53,23,159,69,147,31,98,87,44	2,1,0.4315,2,176;6,2,0.8875,0,67;4,0,0.3735,0,171;0,5,0.6135,1,53;1,5,0.5085,0,22;8,5,0.1365,0,124
evidence-temporal-train-00395	5	2	1	108,27,92,185,147,159,117,12,132,161,55,69,93,21,150,122,182,45,63,139,40,177,76,6,199,18,141,39,162,86,178,116,165,103,64,160	5,2,0.4285,0,150;2,5,0.1585,0,193;6,5,0.1145,0,229;3,4,0.9965,0,189;6,2,0.8425,0,173;1,2,0.6935,0,41
evidence-temporal-train-00396	1	3	0	35,21,41,210,141,152,148,115,3,77,61,167,105,19,117,52,123,89,69,180,157,29,154,45,132,149,177,195,136,96,166,107,64,15,86,172	2,5,0.7195,0,51;4,1,0.3745,0,205;3,3,0.0315,0,41;4,4,0.3425,3,29;8,1,0.7865,0,111;2,2,0.1795,0,204
evidence-temporal-train-00397	9	3	1	69,36,49,100,87,140,117,188,202,194,93,107,191,14,31,123,67,17,130,210,42,176,114,141,21,210,80,157,5,92,215,199,150,148,60,45	4,4,0.2325,0,212;6,2,0.4905,0,57;0,2,0.7755,0,158;7,5,0.8375,0,141;3,1,0.4055,0,25;2,0,0.8315,0,226
evidence-temporal-train-00398	3	0	1	15,161,150,191,120,46,41,175,77,69,141,162,57,139,39,4,65,103,195,169,87,178,155,63,131,21,111,93,17,124,193,167,88,114,145,33	3,5,0.2645,0,15;8,5,0.2275,1,234;8,5,0.3465,0,155;4,5,0.0705,0,127;6,5,0.4785,3,211;3,1,0.7125,0,233
evidence-temporal-train-00399	3	0	0	199,105,8,71,215,64,27,190,87,149,123,93,62,21,56,160,188,76,38,139,45,117,179,190,198,196,131,13,17,107,112,90,145,153,44,141	7,3,0.2365,0,166;2,4,0.8545,0,225;7,4,0.1615,2,82;3,5,0.4785,0,69;8,1,0.1015,0,201;2,1,0.6555,0,245
evidence-temporal-train-00400	0	3	0	62,167,207,28,55,93,148,181,99,179,66,132,44,4,141,149,117,195,24,209,73,113,45,168,90,159,72,138,110,177,121,38,177,17,11,83	3,1,0.3385,3,65;3,4,0.9565,0,181;6,4,0.5205,3,199;0,1,0.5445,0,3;2,4,0.2645,0,139;0,2,0.5645,0,113
evidence-temporal-train-00401	7	0	2	69,98,141,66,154,215,145,31,154,74,35,163,212,175,9,135,121,48,192,170,60,109,14,140,51,114,87,151,205,93,40,117,21,20,89,210	8,4,0.9335,0,231;6,1,0.0175,3,92;2,2,0.5505,0,25;1,5,0.3985,0,151;1,3,0.4465,0,166;0,5,0.9955,0,6
evidence-temporal-train-00402	5	0	2	169,164,102,91,194,87,136,38,117,198,145,18,65,21,7,62,182,12,158,115,108,200,51,141,93,197,40,69,79,45,123,214,132,151,166,29	6,2,0.5225,0,186;4,4,0.1775,0,222;2,4,0.2945,0,4;6,5,0.6875,0,124;5,2,0.7035,0,0;2,2,0.0275,0,190
evidence-temporal-train-00403	10	3	0	33,10,69,195,93,54,200,137,188,124,62,113,191,100,20,68,148,149,81,88,212,134,117,154,209,37,141,45,21,107,6,207,215,85,42,168	5,0,0.9075,0,147;8,3,0.5265,0,205;5,4,0.9685,0,173;8,3,0.0815,0,207;3,1,0.2745,0,22;3,4,0.3685,0,220
evidence-temporal-train-00404	1	2	0	141,123,191,65,115,211,154,107,135,35,170,117,42,149,214,24,15,185,194,51,90,3,184,83,147,61,178,79,93,138,19,45,69,27,103,202	2,5,0.6705,3,180;2,1,0.4515,0,102;2,3,0.3095,0,95;6,1,0.5955,0,37;6,1,0.6115,0,88;2,5,0.5475,0,160
evidence-temporal-train-00405	3	0	0	212,145,186,15,21,60,183,17,6,69,45,125,172,93,117,30,132,197,202,156,139,99,207,51,65,110,85,38,149,112,92,42,142,76,158,202	5,5,0.3645,0,32;5,4,0.5855,0,176;2,2,0.2715,0,104;3,3,0.9035,0,159;2,4,0.0825,0,234;4,2,0.7355,1,87
evidence-temporal-train-00406	1	3	1	59,53,107,69,141,15,196,210,117,91,150,27,112,93,152,81,39,188,173,65,18,42,129,177,148,169,84,97,132,167,47,136,179,21,3,212	2,5,0.4925,0,242;2,5,0.5095,2,90;4,1,0.3175,0,221;8,2,0.7075,0,204;0,1,0.0645,0,163;8,2,0.0695,0,64
evidence-temporal-train-00407	5	2	2	92,110,147,69,17,80,34,48,64,31,151,166,1,157,126,211,42,94,164,117,185,116,14,87,21,103,141,160,139,130,49,166,208,163,63,170	0,4,0.2405,0,211;6,0,0.5155,3,218;0,5,0.0465,0,247;7,5,0.8545,1,241;6,4,0.9425,0,8;5,0,0.7225,0,176
evidence-temporal-train-00408	8	3	1	27,215,14,41,67,141,39,107,196,20,211,63,148,117,102,45,210,88,213,138,150,114,72,131,199,6,93,205,185,122,21,51,183,74,86,196	5,4,0.9995,0,65;2,5,0.3565,0,15;2,5,0.6115,3,194;1,4,0.1985,0,23;5,1,0.4705,0,138;1,1,0.4345,0,76
evidence-temporal-train-00409	1	3	0	180,181,149,56,78,40,82,205,91,123,117,212,195,165,99,32,35,18,69,191,152,182,141,188,6,111,138,21,11,116,45,93,132,58,148,64	5,1,0.5285,0,170;7,1,0.1735,0,1;7,0,0.0075,0,135;5,0,0.6425,0,55;2,5,0.8415,0,241;2,2,0.4535,0,170
evidence-temporal-train-00410	9	0	0	99,26,51,45,138,134,18,85,149,142,92,206,21,201,64,42,94,186,73,71,36,115,173,214,200,205,107,8,117,58,179,209,14,124,145,171	7,4,0.4175,0,194;1,2,0.5185,0,108;2,0,0.0865,2,111;0,3,0.9335,1,196;2,1,0.6225,0,31;3,4,0.5765,1,215
evidence-temporal-train-00411	7	3	2	194,45,148,117,88,121,18,197,161,177,151,162,141,168,209,53,135,162,2,21,15,154,196,62,27,80,112,93,69,37,97,106,66,139,40,82	1,5,0.5905,0,244;2,3,0.0455,0,222;4,4,0.5025,0,250;7,0,0.1695,0,249;0,0,0.1755,0,217;0,5,0.6305,0,177
evidence-temporal-train-00412	5	3	1	203,10,116,156,199,177,69,93,55,19,103,3,177,67,26,136,199,34,90,117,21,79,87,187,107,182,41,164,133,62,148,155,45,122,143,150	2,0,0.7385,0,204;1,0,0.3975,0,197;6,4,0.6105,0,94;6,5,0.5795,0,202;6,1,0.8405,0,70;1,3,0.1075,2,86
evidence-temporal-train-00413	10	3	1	59,46,104,148,89,203,178,6,21,134,57,84,68,199,120,28,180,93,38,40,140,206,112,150,174,174,161,20,125,69,186,158,77,14,141,107	5,4,0.9445,0,35;3,4,0.0415,1,207;8,1,0.8555,0,205;4,2,0.2165,0,142;7,1,0.0995,3,208;4,4,0.9295,0,68
evidence-temporal-train-00414	8	3	1	2,45,138,22,150,111,40,129,183,19,55,93,75,186,38,113,102,26,205,180,64,177,89,191,157,83,63,131,174,195,13,148,117,69,170,142	1,3,0.7705,1,91;1,4,0.1735,0,89;6,5,0.1535,0,28;2,1,0.3545,0,50;5,5,0.2065,0,71;8,1,0.4415,1,215
evidence-temporal-train-00415	0	3	1	16,27,69,2,95,210,123,67,83,45,204,141,187,100,169,140,21,189,117,198,109,180,166,75,150,92,36,169,44,63,133,116,148,57,187,10	1,0,0.1815,0,159;2,2,0.8425,0,1;8,5,0.6225,0,193;2,1,0.8235,2,32;3,3,0.9065,0,165;2,3,0.9805,0,109
evidence-temporal-train-00416	3	0	1	42,93,193,145,36,3,66,124,83,27,209,155,141,150,169,189,135,75,172,170,15,140,70,99,196,120,116,89,17,62,45,204,111,21,57,159	2,5,0.3065,0,102;2,2,0.4085,0,182;8,4,0.4975,1,29;2,1,0.2755,0,133;2,5,0.8835,3,62;3,5,0.9665,0,243
evidence-temporal-train-00417	10	3	1	184,117,40,195,99,7,24,64,125,88,203,198,115,194,184,49,133,190,214,85,138,45,63,29,150,93,148,161,141,78,20,195,72,12,110,35	6,2,0.8995,3,27;4,1,0.1705,0,107;0,5,0.1915,3,208;5,3,0.1865,0,151;2,4,0.6925,0,36;4,3,0.4045,0,192
evidence-temporal-train-00418	6	2	1	37,21,210,4,130,150,51,117,93,171,115,80,69,136,97,188,163,129,147,194,89,111,175,180,32,17,141,47,43,15,59,161,178,154,67,87	3,5,0.2265,0,84;7,3,0.7625,2,52;2,1,0.6185,0,125;7,5,0.3185,0,1;0,5,0.6215,0,33;8,0,0.0585,0,173
evidence-temporal-train-00419	1	0	1	18,99,93,53,137,60,75,123,22,199,27,87,142,195,211,160,114,111,45,117,13,44,161,169,145,34,134,69,89,9,64,150,175,171,179,207	8,3,0.4855,1,229;2,0,0.8905,0,8;4,2,0.0285,0,223;2,5,0.3985,0,185;2,5,0.5325,0,222;2,4,0.3855,1,10
evidence-temporal-train-00420	1	1	0	201,30,21,87,212,109,192,51,105,119,200,158,138,214,141,133,91,62,75,170,69,129,47,68,20,36,185,203,3,93,190,149,112,13,146,42	2,3,0.8495,0,169;5,2,0.5575,2,223;2,4,0.9805,0,166;2,5,0.7745,0,35;8,3,0.1085,2,241;8,3,0.4185,0,198
evidence-temporal-train-00421	5	2	1	125,212,141,130,11,79,4,150,107,198,196,116,45,154,21,43,173,83,16,117,38,52,171,185,136,69,66,27,155,88,93,181,147,181,63,99	3,1,0.1905,0,46;2,4,0.6835,0,5;3,5,0.5295,0,55;6,1,0.0395,0,159;2,1,0.8285,0,59;4,0,0.1245,0,34
evidence-temporal-train-00422	1	3	2	123,159,91,136,131,35,69,151,45,148,116,189,21,83,203,176,79,141,99,40,117,14,215,153,3,109,67,30,50,184,181,96,18,210,62,201	2,4,0.4825,0,248;5,1,0.0625,0,90;1,4,0.7305,0,202;6,1,0.6215,3,5;2,3,0.9885,0,192;2,1,0.0305,0,157
evidence-temporal-train-00423	1	0	0	86,211,156,186,30,152,141,3,160,51,155,64,104,137,21,109,61,149,40,45,117,34,93,206,112,125,70,18,166,89,77,14,196,133,189,145	2,4,0.5885,0,244;5,0,0.0205,0,106;2,3,0.0105,1,4;4,4,0.3205,0,23;7,3,0.0585,0,198;4,3,0.3755,0,170
evidence-temporal-train-00424	2	3	2	144,96,204,47,89,106,31,136,82,126,130,175,100,115,148,18,71,207,55,76,167,205,151,215,171,184,21,63,36,44,207,203,9,117,10,64	8,0,0.4075,0,168;6,2,0.8895,2,46;6,5,0.0775,2,241;3,0,0.2005,3,141;3,0,0.6645,0,129;5,0,0.0625,3,48
evidence-temporal-train-00425	2	3	1	173,88,59,166,178,161,28,208,45,85,95,123,106,78,49,212,100,148,183,138,141,117,69,150,178,205,22,12,171,18,116,130,6,41,65,35	5,2,0.5885,1,39;3,1,0.2255,0,166;0,1,0.3735,0,179;5,3,0.0885,2,55;3,0,0.9865,0,12;2,0,0.4925,0,85
evidence-temporal-train-00426	1	1	1	136,117,172,171,63,84,109,69,74,150,146,20,190,215,99,45,39,187,141,167,114,25,132,65,93,172,174,43,21,188,9,129,155,10,51,91	8,0,0.8585,0,82;0,5,0.6395,0,117;2,5,0.2225,0,70;1,2,0.7705,0,140;2,3,0.4405,0,192;8,2,0.0215,0,167
evidence-temporal-train-00427	1	3	2	21,208,173,75,175,114,117,148,108,36,193,85,91,93,192,151,69,45,126,169,12,16,68,131,166,103,4,186,43,60,136,169,142,31,211,52	3,2,0.1865,0,125;6,2,0.6455,0,70;3,2,0.8615,0,121;2,3,0.7035,0,175;6,2,0.4395,0,247;5,1,0.0955,1,228
evidence-temporal-train-00428	1	0	2	175,44,21,93,11,194,133,45,117,16,200,128,97,151,78,113,61,141,193,39,86,52,139,7,212,185,109,145,90,69,180,212,64,204,198,27	6,1,0.0355,0,240;2,5,0.9785,0,163;3,3,0.0185,0,94;5,4,0.5605,0,60;0,3,0.3995,0,34;7,3,0.7875,0,92
evidence-temporal-train-00429	1	0	2	31,185,107,5,59,140,84,75,183,90,181,193,21,126,49,17,144,42,209,48,37,205,105,65,159,180,135,112,93,117,168,69,156,151,145,12	4,2,0.2745,0,110;6,3,0.4145,3,255;0,1,0.2095,0,229;2,2,0.5345,0,74;8,1,0.1775,0,69;5,5,0.9875,3,163
evidence-temporal-train-00430	1	0	0	86,136,106,39,152,90,3,164,197,179,18,95,149,29,123,112,54,141,21,205,64,40,145,133,201,76,15,173,62,181,69,212,97,181,45,117	2,5,0.5785,0,178;4,5,0.1305,0,209;5,4,0.1685,0,116;3,4,0.5785,2,95;0,0,0.0265,0,184;2,3,0.1445,0,51
evidence-temporal-train-00431	3	0	1	26,36,212,141,117,110,166,2,13,81,16,93,196,85,210,100,45,43,206,62,89,191,128,157,145,21,137,165,69,114,204,150,65,196,133,51	1,3,0.1065,0,11;1,2,0.6895,0,167;2,4,0.3695,0,236;8,3,0.3185,0,44;3,4,0.4835,0,31;7,3,0.2375,0,86
evidence-temporal-train-00432	5	2	1	210,177,213,180,67,179,43,93,81,147,63,45,134,15,90,38,150,114,196,27,106,191,138,117,52,16,178,21,99,181,84,141,69,123,4,199	3,5,0.0545,0,213;2,4,0.7005,0,88;3,5,0.7145,0,162;8,2,0.5795,0,210;2,0,0.5455,0,31;2,4,0.4325,0,55
evidence-temporal-train-00433	3	0	1	124,21,213,93,69,36,135,117,84,161,145,153,141,5,162,176,150,27,89,139,77,45,174,16,15,44,166,101,108,201,197,65,63,51,195,116	4,5,0.0105,0,140;2,2,0.8525,0,152;2,5,0.3995,0,92;4,2,0.2825,0,162;4,2,0.8425,0,127;3,5,0.6765,0,77
evidence-temporal-train-00434	5	2	1	117,128,134,20,85,141,179,45,7,204,79,21,64,201,33,147,41,93,211,111,171,136,37,150,154,90,69,53,113,152,163,97,15,59,207,181	6,5,0.8415,0,141;8,3,0.3065,0,246;4,1,0.1895,0,114;6,3,0.5865,0,107;0,5,0.2255,0,216;7,4,0.0265,0,156
evidence-temporal-train-00435	5	2	2	99,178,109,39,197,73,190,137,209,10,5,215,147,143,197,67,195,18,55,42,45,173,130,191,58,92,151,114,28,94,87,69,213,124,23,117	4,0,0.5975,2,72;3,5,0.4855,0,156;6,0,0.7805,0,141;0,5,0.9845,1,86;2,3,0.5145,0,170;3,0,0.3165,2,137
evidence-temporal-train-00436	1	3	0	112,6,21,19,40,175,111,123,100,62,37,45,168,83,140,165,131,204,117,75,93,141,57,92,148,168,210,184,28,214,10,209,193,149,67,72	5,0,0.7505,0,40;3,3,0.1265,0,159;8,4,0.7035,3,176;2,1,0.8345,0,119;3,5,0.0945,0,90;2,1,0.9085,0,204
evidence-temporal-train-00437	0	3	0	168,208,3,149,178,96,83,44,81,141,100,177,134,69,21,108,214,183,45,195,49,38,128,205,14,89,208,60,148,64,30,117,20,116,140,215	2,4,0.9075,0,116;5,4,0.8315,0,82;0,2,0.0555,0,245;8,1,0.3625,3,249;3,2,0.9175,0,234;7,4,0.9495,0,181
evidence-temporal-train-00438	1	3	0	37,3,209,12,45,26,162,21,117,72,121,93,65,43,58,173,99,83,136,209,181,51,135,215,149,148,112,75,92,144,170,157,208,186,19,107	2,2,0.6085,0,17;1,3,0.7255,0,228;2,0,0.3685,3,221;2,1,0.9415,0,162;2,1,0.0675,0,188;0,5,0.0355,3,50
evidence-temporal-train-00439	6	2	0	183,108,87,199,69,18,115,65,73,170,214,61,93,211,29,175,89,53,174,159,141,121,100,12,42,3,120,45,130,149,39,138,147,178,21,200	2,2,0.5395,0,151;4,5,0.5995,0,44;4,3,0.3035,0,229;0,5,0.2735,0,84;3,2,0.7865,3,190;0,0,0.5555,0,13
evidence-temporal-train-00440	2	3	1	203,87,159,162,213,66,94,45,19,116,188,37,184,21,162,183,132,150,124,11,148,101,141,118,140,59,69,44,212,111,200,4,51,91,32,78	3,1,0.6275,0,210;7,3,0.8045,0,113;2,1,0.5385,0,132;5,5,0.6615,1,18;4,5,0.9075,1,59;3,2,0.9225,0,11
evidence-temporal-train-00441	7	3	2	41,89,195,83,107,69,151,52,93,189,122,202,139,76,198,117,173,4,64,21,63,213,27,179,135,45,105,141,112,13,148,155,16,212,198,34	3,3,0.0235,0,79;2,0,0.3555,0,110;3,5,0.0885,0,102;3,1,0.2035,0,152;8,1,0.0135,0,209;1,5,0.6915,0,209
evidence-temporal-train-00442	10	2	2	85,116,126,192,107,21,160,88,182,184,70,134,194,63,44,45,75,10,155,33,139,206,151,166,3,117,98,94,52,165,166,147,16,141,68,36	2,0,0.0435,0,9;8,2,0.8075,0,51;3,5,0.9125,1,121;2,3,0.0205,1,119;1,1,0.8915,0,50;5,4,0.7945,0,159
evidence-temporal-train-00443	1	3	0	188,193,187,149,198,133,12,214,56,78,139,201,37,95,117,21,148,6,67,210,82,42,99,63,70,141,47,29,16,90,198,116,195,110,201,129	5,2,0.1275,0,122;4,3,0.5855,2,184;7,5,0.6845,1,102;5,0,0.5775,2,77;2,4,0.9785,0,167;8,3,0.6695,0,149
evidence-temporal-train-00444	10	1	0	139,162,21,69,211,19,146,170,49,84,177,149,93,34,134,182,9,159,33,12,180,68,58,42,88,45,75,115,160,103,173,117,110,205,129,141	8,2,0.7675,0,219;8,0,0.4745,0,62;0,0,0.9865,0,35;2,2,0.1695,0,149;6,4,0.7195,0,170;8,4,0.6765,0,2
evidence-temporal-train-00445	1	1	0	17,42,155,202,184,48,146,113,123,7,13,56,93,200,140,149,141,66,69,23,134,78,89,59,106,27,189,153,101,39,87,177,159,117,202,167	6,3,0.2805,2,144;2,5,0.5055,3,52;7,1,0.4615,0,122;5,5,0.2535,0,216;4,0,0.3785,0,247;2,4,0.8455,0,146
evidence-temporal-train-00446	10	0	1	34,134,138,215,26,109,77,114,15,93,21,123,90,16,160,145,167,189,68,178,168,85,4,51,58,150,210,184,141,42,105,184,45,173,72,117	3,5,0.1765,0,10;1,0,0.4575,0,151;2,0,0.9055,3,159;4,3,0.4655,0,216;8,3,0.5635,0,126;2,4,0.5775,0,171
evidence-temporal-train-00447	5	2	1	116,55,93,111,61,92,195,66,181,211,23,159,176,26,153,121,42,3,206,76,141,117,136,18,155,69,45,191,39,131,85,161,147,150,10,99	2,0,0.5775,2,252;1,5,0.5685,0,22;6,3,0.4615,0,161;3,3,0.8895,0,73;2,5,0.8945,0,229;0,1,0.1175,0,227
evidence-temporal-train-00448	1	3	0	117,68,188,107,21,125,112,5,59,172,158,38,211,103,148,91,73,136,213,82,45,197,31,205,192,51,69,13,149,93,214,134,41,190,141,16	4,3,0.0555,0,125;6,4,0.2345,0,238;2,1,0.8805,0,201;0,0,0.7715,0,2;6,1,0.1455,0,20;4,4,0.1225,0,205
evidence-temporal-train-00449	6	0	0	210,9,44,167,14,57,180,89,145,106,95,185,69,117,114,37,104,62,177,163,149,185,136,177,141,17,131,159,172,21,125,85,73,25,45,68	8,4,0.2765,0,236;0,3,0.9595,0,94;8,4,0.9525,0,220;0,3,0.2115,2,77;7,0,0.5245,0,41;4,1,0.0955,0,41
evidence-temporal-train-00450	0	3	0	35,197,111,90,113,204,17,183,15,123,148,50,211,86,27,180,130,5,76,149,59,204,66,45,40,163,69,93,141,182,117,139,183,21,101,164	4,5,0.3505,0,57;2,1,0.1725,0,188;1,1,0.5035,0,166;3,4,0.4875,0,111;4,5,0.3065,0,197;2,0,0.7995,0,126
evidence-temporal-train-00451	3	0	2	35,212,114,4,132,126,141,138,71,184,44,56,105,117,67,180,45,21,151,188,18,177,76,109,211,189,180,93,83,180,13,90,145,60,27,187	3,3,0.5465,0,132;2,1,0.8835,0,109;7,2,0.6825,2,167;3,1,0.5735,0,196;8,3,0.4065,0,85;5,2,0.5645,0,237
evidence-temporal-train-00452	0	3	1	148,170,178,29,116,154,197,38,85,93,4,20,197,111,157,194,88,135,67,51,121,117,150,75,158,61,137,166,185,100,141,69,21,45,42,10	3,0,0.8955,0,38;4,4,0.5825,0,169;2,3,0.6525,0,180;2,3,0.0655,0,133;3,5,0.9795,0,246;0,5,0.2425,0,74
evidence-temporal-train-00453	10	3	2	105,209,122,155,179,89,136,76,110,1,185,134,14,194,69,64,33,115,117,205,163,163,151,45,191,21,141,60,16,148,86,39,93,41,194,54	0,4,0.1015,0,155;8,5,0.2235,0,46;5,2,0.1235,0,14;3,4,0.3605,0,125;8,4,0.6965,0,124;1,4,0.0855,0,168
evidence-temporal-train-00454	8	1	2	131,146,7,47,44,152,11,170,114,85,187,31,141,140,107,99,155,154,202,91,166,78,50,194,37,69,21,172,117,60,151,93,157,16,126,65	6,1,0.0275,0,43;6,3,0.9515,2,254;1,2,0.2345,0,141;5,3,0.6075,0,181;2,1,0.5415,0,152;5,1,0.8965,0,81
evidence-temporal-train-00455	9	1	1	56,115,63,16,117,9,135,107,141,23,165,139,197,75,98,210,45,200,68,206,168,198,93,150,126,13,89,174,41,36,69,146,83,207,29,163	8,3,0.0395,2,112;4,2,0.3585,0,9;7,5,0.8405,0,89;2,1,0.2535,0,246;1,1,0.7345,0,118;5,5,0.6085,0,172
evidence-temporal-train-00456	1	1	2	167,45,69,86,17,171,141,93,132,79,140,27,21,43,38,68,175,151,190,199,113,146,57,104,180,155,109,185,123,184,117,89,189,12,58,6	5,2,0.3825,0,118;2,4,0.7135,0,54;8,0,0.8995,0,231;6,4,0.3895,0,203;7,3,0.2055,0,171;2,2,0.9985,0,51
evidence-temporal-train-00457	8	0	0	39,66,69,2,102,197,107,115,193,91,145,183,208,50,137,30,141,188,183,12,45,86,43,124,79,130,166,94,196,62,18,117,149,184,164,21	1,2,0.4075,0,254;5,5,0.6855,0,74;1,4,0.5135,0,70;6,4,0.7765,1,119;5,1,0.6885,0,156;3,0,0.2985,0,2
evidence-temporal-train-00458	2	1	2	3,193,185,67,78,122,69,137,213,106,85,35,146,89,113,167,141,104,155,43,194,11,55,21,32,60,151,180,164,152,117,130,95,156,18,45	2,1,0.5355,0,170;7,1,0.6675,0,3;6,2,0.7765,0,178;5,3,0.3335,2,207;7,0,0.3615,0,143;1,0,0.3675,0,51
evidence-temporal-train-00459	1	0	2	51,129,105,44,167,145,181,63,18,203,21,136,151,167,80,144,9,188,202,117,114,130,67,69,27,106,93,159,209,45,35,83,89,173,11,208	8,1,0.4815,0,115;2,1,0.8635,0,59;2,5,0.7995,0,147;7,1,0.2955,0,51;8,0,0.5925,0,253;8,0,0.0945,3,185
evidence-temporal-train-00460	1	3	1	50,83,150,109,117,129,140,203,159,39,155,45,131,3,161,148,91,161,64,143,74,179,62,93,201,99,199,113,27,21,42,16,70,196,15,207	2,5,0.0905,0,1;2,5,0.5905,0,17;1,4,0.0085,1,68;1,1,0.7785,0,145;2,3,0.2555,0,182;8,1,0.8235,2,54
evidence-temporal-train-00461	8	1	2	132,184,210,10,175,117,25,106,44,78,141,69,61,105,146,151,64,159,154,16,91,85,21,123,45,57,214,138,5,35,112,164,164,189,93,169	4,0,0.1305,0,233;0,1,0.8055,0,102;8,3,0.0695,0,21;5,3,0.6965,0,16;8,0,0.0765,0,49;2,2,0.4055,0,41
evidence-temporal-train-00462	8	2	1	150,133,6,182,113,183,205,58,39,100,204,141,93,183,182,174,11,140,64,18,109,180,190,52,117,90,82,21,128,30,177,79,147,45,69,44	5,1,0.5605,0,121;5,5,0.8655,0,19;3,0,0.1065,0,212;6,0,0.4755,0,140;3,3,0.2705,0,241;7,3,0.8205,0,116
evidence-temporal-train-00463	10	1	2	181,152,129,103,48,206,141,133,82,36,92,183,117,146,21,65,114,151,69,186,50,203,180,25,11,75,93,9,164,62,17,210,109,211,42,139	8,1,0.2005,0,59;0,2,0.5095,3,125;1,4,0.2625,0,169;2,0,0.9055,0,56;6,3,0.4365,0,140;8,3,0.6225,0,49
evidence-temporal-train-00464	7	1	0	93,211,50,14,205,178,141,205,117,69,82,109,146,1,195,45,199,153,132,39,67,175,137,80,115,156,126,89,97,21,160,26,149,44,60,20	0,4,0.8805,0,91;1,5,0.9105,0,8;1,2,0.7255,0,214;7,0,0.2145,0,112;0,3,0.7605,0,13;5,2,0.3105,0,55
evidence-temporal-train-00465	9	3	0	84,165,195,28,114,186,69,93,138,160,117,5,21,110,66,172,41,128,39,212,134,153,199,141,148,45,10,213,59,149,18,91,208,52,80,101	4,0,0.4335,0,20;3,5,0.3425,0,29;3,1,0.5515,0,106;7,2,0.6595,0,88;4,4,0.5955,0,37;7,4,0.4045,0,49
evidence-temporal-train-00466	1	2	0	199,87,27,138,61,113,52,79,141,117,152,186,21,153,14,45,99,129,196,156,67,131,149,88,188,147,163,69,160,37,172,106,93,16,5,44	4,4,0.1635,0,211;2,3,0.9125,0,108;3,3,0.6565,0,157;6,5,0.1995,0,20;2,0,0.2225,0,64;8,1,0.4095,0,249
evidence-temporal-train-00467	5	2	0	13,45,53,21,44,79,214,141,138,117,112,188,68,85,59,30,36,147,174,149,125,2,69,193,93,197,210,98,162,192,16,92,173,176,106,132	1,3,0.0675,0,155;5,2,0.9305,0,124;4,1,0.9015,0,172;6,3,0.9885,0,195;1,0,0.1075,0,197;4,2,0.4515,0,145
evidence-temporal-train-00468	6	3	2	35,161,108,67,5,182,49,13,180,134,208,21,92,93,86,115,40,148,182,69,63,100,18,205,199,45,183,141,151,136,117,125,77,169,155,27	4,3,0.5875,0,154;2,1,0.0125,0,81;0,5,0.6835,0,180;4,4,0.9645,0,181;3,2,0.7615,0,80;4,4,0.0785,0,52
evidence-temporal-train-00469	1	1	2	116,86,183,158,132,60,136,106,41,117,55,212,127,67,75,156,103,6,157,11,26,188,146,91,209,157,156,45,16,39,21,93,170,69,151,143	5,1,0.1775,0,242;1,5,0.3745,0,255;6,2,0.6045,0,55;2,4,0.6475,0,28;6,0,0.9645,0,39;6,2,0.1345,2,7
evidence-temporal-train-00470	0	3	1	152,134,74,18,42,148,175,45,150,101,203,69,82,122,156,140,197,13,27,4,61,193,141,92,68,34,180,195,113,51,111,93,21,210,117,198	3,3,0.5505,0,224;2,0,0.5675,0,243;2,3,0.9295,0,185;1,0,0.8595,0,99;4,5,0.2625,0,218;1,4,0.8155,0,165
evidence-temporal-train-00471	10	2	1	161,19,21,106,141,40,116,101,128,136,14,85,56,162,200,201,131,60,26,183,184,158,68,183,150,204,147,117,81,5,88,96,45,36,160,71	4,4,0.7145,0,116;1,2,0.1735,0,223;7,2,0.8965,2,253;8,3,0.1965,3,97;4,0,0.8695,0,177;7,1,0.0705,0,255
evidence-temporal-train-00472	2	3	0	29,69,174,131,110,83,97,149,185,191,117,10,45,89,17,141,59,194,214,53,156,93,36,7,67,193,21,73,112,43,215,208,148,121,139,186	6,0,0.2405,0,53;4,2,0.6615,0,68;4,1,0.7955,0,40;0,1,0.2135,0,150;0,4,0.0435,0,32;0,1,0.7665,0,151
evidence-temporal-train-00473	1	0	0	194,131,80,45,92,153,190,136,115,192,70,145,111,207,15,120,144,64,4,149,154,20,63,183,175,123,99,84,27,93,42,196,37,51,23,152	3,5,0.8405,2,212;2,3,0.4535,0,183;2,5,0.1285,1,166;7,2,0.8475,0,154;2,5,0.7055,3,229;2,1,0.1395,3,154
evidence-temporal-train-00474	0	3	1	62,130,36,136,141,166,99,194,17,150,114,13,202,160,69,187,122,43,25,84,66,173,106,215,148,52,170,207,45,201,93,3,117,75,21,88	2,3,0.2785,0,63;0,2,0.7155,0,218;3,4,0.5155,0,60;2,2,0.0055,0,206;2,0,0.5235,0,192;1,0,0.0775,0,81
evidence-temporal-train-00475	1	1	0	75,15,63,20,184,175,170,167,3,27,171,164,21,139,38,93,117,69,170,159,146,172,134,41,112,141,92,56,110,156,65,149,85,98,128,45	2,5,0.9275,0,251;2,4,0.3465,0,94;7,5,0.3345,0,242;2,3,0.9365,0,75;1,4,0.1575,0,80;7,4,0.7115,0,134
evidence-temporal-train-00476	0	3	0	118,181,93,141,103,14,20,149,124,91,173,140,63,196,148,66,30,188,53,153,152,85,163,114,152,109,190,44,70,76,36,162,2,134,21,45	1,4,0.8125,0,8;5,2,0.8775,0,88;4,5,0.5965,1,168;3,3,0.6885,0,107;6,3,0.4385,1,108;3,4,0.8025,0,82
evidence-temporal-train-00477	1	1	0	40,141,146,138,195,110,30,3,157,201,116,91,134,80,93,164,167,117,21,45,201,196,55,69,156,58,208,86,149,154,16,67,37,99,11,121	2,1,0.1305,0,138;5,3,0.0555,0,65;6,0,0.6675,0,161;7,4,0.6185,0,71;2,4,0.9905,0,183;0,4,0.5945,0,115
evidence-temporal-train-00478	5	2	0	138,34,25,87,153,90,69,132,173,115,7,117,170,149,20,169,52,45,177,62,141,96,191,167,104,215,178,15,110,214,124,21,81,67,40,147	6,5,0.9165,0,222;0,0,0.1395,0,0;3,4,0.7425,0,60;8,5,0.4435,3,51;7,4,0.7425,0,74;3,2,0.5915,0,104
evidence-temporal-train-00479	7	1	1	35,185,150,189,188,61,173,21,189,106,171,113,126,134,50,74,45,14,88,105,117,175,86,146,94,67,69,25,19,184,139,41,141,174,3,157	2,4,0.6055,0,138;0,1,0.2535,0,224;1,3,0.7625,0,157;1,4,0.1335,1,120;8,0,0.3005,0,143;5,4,0.7485,0,228
evidence-temporal-train-00480	1	0	1	199,118,204,150,1,88,69,195,87,110,95,116,141,79,199,67,214,194,27,135,208,145,19,39,21,102,125,209,15,43,136,61,210,51,207,45	0,5,0.6995,0,71;2,5,0.6125,0,33;2,3,0.7135,0,189;6,5,0.0505,2,121;5,4,0.9605,1,234;4,5,0.0025,0,127
evidence-temporal-train-00481	6	0	2	43,65,131,51,93,189,177,114,161,127,141,140,151,168,145,164,13,91,190,202,106,36,1,202,47,73,21,16,69,204,191,87,117,97,59,33	0,3,0.1935,0,106;8,2,0.7575,2,56;2,1,0.3375,0,146;0,5,0.7135,0,110;0,0,0.4675,0,28;6,1,0.9665,0,158
evidence-temporal-train-00482	9	1	1	146,61,104,2,15,133,150,95,83,54,45,188,17,164,199,80,214,141,68,116,31,212,173,128,187,70,162,21,88,40,137,117,111,204,181,37	1,5,0.3615,0,172;6,3,0.0015,0,7;5,3,0.9485,1,231;7,1,0.1435,2,8;7,5,0.9235,0,122;7,3,0.3685,0,237
evidence-temporal-train-00483	1	2	1	82,144,19,207,139,69,196,162,121,15,5,189,61,21,206,168,147,45,172,27,150,108,44,117,65,112,191,55,163,37,79,99,204,96,130,92	4,5,0.7305,0,216;2,3,0.8465,0,54;6,3,0.2005,0,35;6,0,0.9535,3,99;2,2,0.0755,0,7;0,0,0.7325,3,208
evidence-temporal-train-00484	7	0	2	212,104,171,9,58,93,209,145,16,76,65,192,82,44,162,190,45,151,205,113,21,26,117,91,141,108,137,69,51,128,159,188,163,13,131,38	8,3,0.1465,0,216;1,4,0.8855,0,77;2,0,0.3165,0,247;3,0,0.6515,0,204;7,2,0.2145,0,197;7,1,0.3905,0,61
evidence-temporal-train-00485	2	3	2	182,76,211,107,173,143,45,69,215,112,158,170,42,98,187,3,117,148,151,21,89,85,93,53,154,66,10,138,134,17,31,195,167,60,127,36	2,0,0.3665,0,220;6,2,0.4565,0,108;4,2,0.4715,0,240;3,3,0.3515,0,198;1,1,0.0435,0,78;6,4,0.5135,2,194
evidence-temporal-train-00486	9	0	1	117,63,71,90,93,141,179,104,65,47,37,168,192,9,25,200,116,159,11,79,52,150,171,131,86,200,180,137,145,40,21,210,162,126,111,18	8,1,0.5725,0,115;0,3,0.1745,2,144;3,5,0.2865,2,13;6,4,0.5315,0,80;7,5,0.9935,0,156;5,1,0.2625,0,8
evidence-temporal-train-00487	10	3	2	100,72,16,3,45,148,93,141,21,177,211,118,137,131,29,114,86,151,176,183,121,175,166,161,35,213,49,162,88,111,14,42,157,65,58,81	2,4,0.0155,0,96;4,1,0.5605,0,16;0,0,0.3275,3,243;8,4,0.0505,0,49;3,5,0.5935,1,237;0,1,0.2365,0,95
evidence-temporal-train-00488	7	1	0	89,37,8,186,85,146,113,49,69,41,168,187,11,183,141,167,213,134,74,110,149,61,165,166,125,162,45,66,30,98,93,18,117,24,172,136	7,1,0.4315,3,176;5,3,0.3285,0,211;0,3,0.5415,0,216;1,3,0.3145,0,3;1,4,0.2655,0,97;4,4,0.0035,0,211
evidence-temporal-train-00489	1	2	2	200,16,58,205,93,192,91,67,132,211,57,12,120,143,147,138,45,116,181,168,27,203,107,127,1,79,190,151,69,21,84,97,42,39,180,210	0,2,0.0735,0,161;2,5,0.4475,0,234;8,0,0.7955,0,101;6,2,0.6355,0,60;0,1,0.8995,3,94;6,2,0.5005,2,44
evidence-temporal-train-00490	5	0	0	22,180,117,109,38,94,171,16,135,59,157,145,78,149,127,103,27,71,158,114,89,208,48,139,174,142,11,54,82,209,202,169,5,65,40,182	4,1,0.1695,1,177;2,4,0.0145,3,245;5,1,0.2915,2,43;5,0,0.3245,1,163;6,3,0.5095,0,15;6,5,0.6805,1,150
evidence-temporal-train-00491	7	2	0	45,37,81,21,50,192,25,85,112,96,117,197,106,153,18,68,98,43,191,177,141,147,215,91,140,2,212,60,15,69,173,173,196,130,149,123	1,5,0.5645,0,207;0,3,0.6195,0,134;1,2,0.8275,0,224;8,3,0.6835,3,128;1,0,0.1005,0,189;2,0,0.9665,0,187
evidence-temporal-train-00492	1	1	2	184,45,16,30,172,44,181,117,2,136,141,66,10,180,77,91,151,163,211,110,34,82,113,69,99,203,161,61,185,146,51,180,130,96,129,21	1,0,0.1215,0,158;5,0,0.8135,0,64;2,3,0.4595,0,141;4,0,0.7125,3,130;2,4,0.2555,0,229;8,0,0.0285,0,255
evidence-temporal-train-00493	9	1	2	104,25,90,85,67,34,184,206,151,12,93,212,57,146,197,139,210,131,40,191,213,69,109,58,117,18,184,213,170,21,121,114,141,79,2,45	1,2,0.4795,0,46;0,0,0.1585,0,202;8,0,0.6995,0,96;6,3,0.5905,0,105;7,3,0.5835,0,124;0,1,0.7825,0,234
evidence-temporal-train-00494	1	2	2	68,207,180,172,15,142,72,212,117,109,167,35,147,93,212,114,127,140,97,25,167,61,43,151,81,52,45,85,3,133,166,21,171,160,88,20	2,5,0.9235,0,131;0,1,0.6125,0,174;3,3,0.8195,3,235;8,3,0.1795,0,17;0,3,0.4065,0,247;6,3,0.8145,1,77
evidence-temporal-train-00495	5	2	2	141,194,51,92,12,18,137,22,117,75,38,152,60,151,83,114,43,93,45,172,33,147,162,200,132,172,199,9,155,109,179,179,65,128,103,69	8,2,0.4255,1,67;8,4,0.7615,0,60;2,2,0.2015,0,229;2,1,0.8455,0,229;6,3,0.5635,0,10;7,2,0.3965,0,2
evidence-temporal-train-00496	9	2	1	87,198,135,91,93,24,38,189,69,117,166,60,9,187,45,10,200,66,107,211,150,175,52,141,160,136,202,20,40,112,206,80,147,105,28,122	8,0,0.8895,3,195;3,4,0.0055,0,141;3,2,0.5895,0,115;7,5,0.7325,0,73;8,1,0.1395,0,150;1,5,0.1295,0,53
evidence-temporal-train-00497	1	0	0	73,145,30,205,153,152,12,106,43,141,61,154,89,213,116,194,117,69,66,17,125,51,149,83,24,190,139,38,93,45,134,7,171,98,154,192	6,2,0.3135,3,146;5,4,0.6535,0,123;2,3,0.4565,0,134;0,1,0.2415,0,113;1,0,0.9525,0,213;4,4,0.6245,0,245
evidence-temporal-train-00498	6	2	0	16,76,27,207,189,101,41,147,117,62,139,11,211,184,21,205,149,111,141,56,66,170,172,93,195,192,114,71,35,90,45,85,7,121,192,134	6,1,0.0155,0,116;2,1,0.2605,0,67;7,4,0.4315,2,43;3,3,0.4285,0,221;4,5,0.4545,0,45;0,4,0.7205,0,162
evidence-temporal-train-00499	10	3	2	148,93,11,151,35,21,166,137,116,134,153,47,5,117,44,157,87,18,211,201,141,81,105,69,55,154,172,90,123,65,61,107,202,203,152,27	4,1,0.5205,0,91;2,1,0.9765,2,202;6,3,0.2685,0,242;8,5,0.5635,0,36;8,1,0.8975,0,187;2,4,0.3235,0,152
evidence-temporal-train-00500	1	3	1	44,56,163,69,104,135,150,148,89,203,117,137,215,123,86,93,175,194,34,10,183,109,112,206,68,22,170,58,165,141,79,31,46,16,8,174	7,0,0.0515,1,181;6,0,0.8385,1,33;7,0,0.8595,0,230;6,4,0.3665,0,16;7,3,0.0915,0,110;2,5,0.2575,0,225
evidence-temporal-train-00501	5	3	1	79,87,97,2,11,69,136,194,143,150,163,134,40,156,16,29,177,187,107,173,59,209,45,64,193,92,117,201,21,56,38,113,148,93,202,124	1,1,0.0475,0,176;4,4,0.1945,0,116;7,1,0.0905,0,109;6,5,0.9875,0,114;0,1,0.3875,0,8;3,4,0.1635,2,94
evidence-temporal-train-00502	0	3	0	100,189,20,26,165,10,190,157,21,210,182,69,40,110,83,7,37,61,148,81,139,171,45,116,168,52,162,176,141,126,117,149,66,132,90,93	6,0,0.9585,0,59;1,3,0.0095,0,181;3,3,0.5975,0,24;8,1,0.5865,0,217;3,4,0.9145,0,64;5,2,0.6085,0,163
evidence-temporal-train-00503	10	2	2	173,161,111,136,189,184,194,154,117,208,101,69,77,34,32,142,23,10,204,125,62,114,88,94,151,19,180,212,134,86,42,67,47,147,6,57	5,0,0.6575,2,196;7,0,0.5445,2,111;8,4,0.6435,0,184;4,4,0.1765,1,159;4,5,0.4095,0,254;4,4,0.1235,1,0
evidence-temporal-train-00504	5	2	1	50,163,40,117,211,100,141,3,45,83,21,176,67,95,196,33,196,161,124,19,183,11,162,150,60,147,34,75,108,138,133,211,116,173,70,91	2,1,0.7065,0,56;8,0,0.0125,0,173;1,2,0.7035,1,186;2,1,0.7185,2,166;3,2,0.9595,0,231;3,3,0.4605,0,189
evidence-temporal-train-00505	10	3	1	55,87,141,81,34,115,129,60,65,154,45,138,191,41,172,209,110,30,69,210,21,148,195,3,18,135,150,170,88,104,188,93,11,178,117,156	2,1,0.5905,0,211;5,0,0.2475,0,171;6,2,0.2985,0,147;8,5,0.0205,0,40;7,4,0.6405,0,35;8,5,0.5735,0,82
evidence-temporal-train-00506	1	2	1	20,93,175,165,147,61,87,174,129,132,5,75,116,154,21,141,10,139,185,67,185,29,46,41,150,169,155,51,34,98,204,109,91,175,120,69	4,0,0.9595,0,172;4,0,0.3035,1,222;2,3,0.6635,0,21;2,5,0.6405,0,117;1,3,0.8325,3,152;8,2,0.6385,0,12
evidence-temporal-train-00507	1	2	1	93,212,147,35,207,156,167,130,67,190,141,150,87,3,163,88,137,108,116,47,63,211,196,105,21,27,20,173,117,15,70,53,164,73,44,128	2,5,0.9685,0,167;2,1,0.8415,2,78;4,5,0.6385,1,177;0,5,0.1145,0,129;8,2,0.9875,0,160;7,0,0.2795,0,15
evidence-temporal-train-00508	5	2	0	17,205,184,149,178,79,69,124,135,209,44,21,64,201,54,8,141,153,117,156,101,27,114,147,93,83,89,202,138,45,15,38,111,161,59,161	7,5,0.2565,0,29;2,4,0.9395,0,121;5,1,0.1405,0,200;6,1,0.3525,0,13;4,5,0.4165,0,138;3,5,0.4035,0,248
evidence-temporal-train-00509	8	1	2	146,206,116,17,139,89,107,21,151,166,159,58,188,93,2,131,43,11,98,188,213,192,30,85,69,67,126,195,50,45,141,77,181,172,118,37	1,1,0.3085,0,210;5,3,0.6765,0,27;1,0,0.7155,0,78;4,3,0.3355,0,0;1,1,0.9605,1,89;5,1,0.7845,0,187
evidence-temporal-train-00510	5	0	1	45,44,145,136,21,2,141,211,69,176,114,117,150,158,90,96,122,159,186,60,98,135,31,163,55,182,108,83,17,79,35,186,10,68,183,212	1,0,0.3145,0,205;6,1,0.8525,0,204;6,2,0.9085,0,170;6,1,0.5575,3,183;1,2,0.5215,0,175;1,5,0.0575,0,124
evidence-temporal-train-00511	6	3	0	213,137,128,92,157,198,148,117,61,153,84,174,108,66,21,93,48,44,101,69,34,10,49,5,134,27,153,144,172,174,211,116,19,161,75,149	4,0,0.7405,0,128;2,0,0.8265,3,103;0,3,0.5895,0,172;2,2,0.9075,0,238;4,2,0.8245,0,129;7,4,0.2125,3,95
evidence-temporal-train-00512	5	2	2	69,88,189,164,190,21,134,153,203,64,118,107,207,38,43,45,197,211,19,3,13,81,28,61,140,125,147,116,206,57,151,86,93,144,98,209	2,3,0.6835,0,64;3,4,0.7315,0,24;8,3,0.1625,0,21;8,4,0.1975,0,137;1,1,0.8725,1,246;4,4,0.8185,3,228
evidence-temporal-train-00513	9	2	2	64,93,134,197,104,41,136,168,206,50,151,27,116,87,20,168,147,168,161,187,77,117,2,88,111,211,35,123,24,173,142,14,204,60,45,69	1,4,0.9845,3,74;2,1,0.3125,0,197;1,2,0.1545,0,155;4,5,0.0185,0,17;7,5,0.9885,0,187;2,4,0.0505,1,78
evidence-temporal-train-00514	1	1	1	21,30,110,150,86,199,141,135,173,176,17,61,15,3,172,38,93,78,114,69,201,128,190,99,45,198,66,117,140,146,164,164,182,51,44,90	2,5,0.2955,0,157;5,4,0.8255,0,170;2,3,0.5625,0,136;5,4,0.4015,0,205;2,4,0.4235,0,229;7,5,0.8535,0,223
evidence-temporal-train-00515	3	0	0	145,93,195,59,124,16,194,89,160,197,50,178,34,21,173,141,138,106,64,73,9,210,45,189,11,85,41,117,27,202,69,164,149,113,100,135	8,1,0.1505,0,235;2,0,0.2755,0,107;1,1,0.0045,0,212;0,3,0.3585,0,52;3,0,0.3695,0,188;3,5,0.5115,0,167
evidence-temporal-train-00516	3	0	0	7,135,110,169,24,105,149,60,49,117,87,170,139,43,184,90,67,45,173,28,190,20,93,183,214,114,77,182,11,69,145,214,164,124,34,141	6,1,0.8115,3,18;3,0,0.7785,0,25;0,2,0.7655,0,86;4,5,0.5185,0,180;8,4,0.4795,0,82;3,5,0.7215,0,139
evidence-temporal-train-00517	8	3	0	85,50,178,175,60,27,134,106,92,11,117,38,136,188,48,44,105,148,78,212,212,67,168,69,149,125,93,160,1,199,20,115,203,21,173,143	0,1,0.8125,0,88;2,4,0.8635,3,236;1,2,0.6635,0,51;5,3,0.9895,0,227;8,0,0.6275,0,112;4,4,0.1855,2,187
evidence-temporal-train-00518	6	3	2	69,68,133,55,117,210,151,89,177,113,20,209,144,100,1,122,41,85,26,171,186,21,148,93,39,60,137,78,193,110,45,215,184,181,13,208	0,3,0.9835,0,35;1,5,0.2835,0,40;6,2,0.9155,0,9;5,3,0.2885,0,36;3,4,0.2805,0,201;1,3,0.3825,3,4
evidence-temporal-train-00519	2	1	2	146,12,169,131,211,123,65,61,166,203,45,85,116,69,93,119,97,200,19,44,9,151,211,182,139,109,35,172,177,25,21,55,89,143,207,80	8,2,0.7675,0,202;0,1,0.8445,0,186;6,3,0.3595,0,143;7,3,0.2145,0,230;0,3,0.9915,2,244;2,1,0.6055,2,228
evidence-temporal-train-00520	0	3	1	188,14,205,131,83,42,188,150,152,139,129,76,117,67,152,90,4,202,34,58,71,45,51,185,157,20,100,110,30,212,93,141,148,21,214,115	3,4,0.9665,0,66;5,0,0.5695,0,44;2,0,0.6255,2,236;3,1,0.4215,0,199;3,4,0.7755,0,238;8,1,0.6425,0,201
evidence-temporal-train-00521	6	0	2	11,44,164,25,164,50,140,166,167,151,64,37,107,16,73,120,84,93,167,7,161,171,141,200,21,133,145,45,98,60,90,69,167,116,173,124	6,1,0.0835,0,154;0,3,0.8355,0,1;1,2,0.0705,0,212;0,2,0.5845,0,67;1,1,0.8995,3,255;3,3,0.9785,0,58
evidence-temporal-train-00522	10	2	1	40,185,56,186,69,187,92,45,212,105,81,85,142,30,93,36,21,68,137,147,124,152,182,112,12,167,159,133,5,205,119,108,150,62,181,19	4,2,0.6775,0,27;5,2,0.0275,0,21;7,4,0.8765,0,162;8,3,0.9255,0,58;8,2,0.1915,2,89;3,3,0.3665,1,235
evidence-temporal-train-00523	5	2	2	19,21,93,44,182,119,151,69,60,108,97,48,7,92,137,113,180,122,29,14,64,78,198,215,196,147,164,154,83,57,142,135,190,38,194,158	6,4,0.7355,0,150;4,4,0.9825,3,25;8,2,0.0435,0,48;5,1,0.8945,0,136;0,2,0.2305,2,240;1,5,0.2375,1,234
evidence-temporal-train-00524	2	0	1	136,172,180,69,132,8,215,141,195,64,124,30,51,116,145,186,21,150,81,84,11,42,103,108,117,196,172,214,45,168,19,93,88,59,35,182	7,1,0.6075,0,141;5,1,0.4775,0,108;2,1,0.0735,0,134;8,2,0.1785,0,197;6,2,0.9285,0,46;3,2,0.1135,0,217
evidence-temporal-train-00525	1	3	0	154,75,93,149,177,29,198,148,126,196,115,46,36,193,19,188,213,138,111,44,117,203,21,15,7,91,52,104,182,131,86,179,61,141,64,69	6,5,0.6205,0,66;4,2,0.9485,1,225;3,3,0.0605,0,170;2,4,0.6105,0,121;7,5,0.6435,0,226;5,1,0.5755,0,210
evidence-temporal-train-00526	3	0	1	111,84,33,201,39,77,61,93,196,168,145,200,150,117,186,4,100,112,92,45,124,40,167,167,23,133,69,11,19,199,139,57,179,209,64,141	3,1,0.6835,2,209;8,5,0.0655,0,116;8,3,0.0125,0,178;4,2,0.9695,0,83;3,5,0.1165,0,8;3,3,0.7935,0,226
evidence-temporal-train-00527	10	0	2	77,179,108,67,209,21,172,176,69,86,142,91,166,113,121,213,151,208,41,17,29,145,59,45,202,93,99,194,160,130,56,5,35,138,15,117	4,5,0.2115,0,86;4,1,0.3925,0,201;7,1,0.7995,0,149;4,4,0.7775,0,166;2,2,0.3495,0,65;0,0,0.5365,1,19
evidence-temporal-train-00528	0	3	0	149,168,162,212,111,156,158,52,3,117,139,69,45,85,100,13,78,134,148,21,17,198,170,165,41,91,123,213,25,116,178,58,65,39,141,93	2,3,0.3005,0,51;0,5,0.3905,0,120;3,0,0.2105,0,72;5,3,0.7175,0,123;3,5,0.9115,0,197;2,4,0.7685,0,255
evidence-temporal-train-00529	3	0	0	12,145,73,127,93,158,58,176,28,186,201,159,140,120,111,113,39,45,149,101,89,86,21,4,168,42,165,20,215,211,130,203,143,56,69,64	3,2,0.8865,0,82;3,5,0.5625,0,249;7,0,0.1915,0,70;0,4,0.3615,0,148;4,5,0.3125,3,245;6,0,0.9625,2,113
evidence-temporal-train-00530	1	2	2	75,147,3,134,86,172,142,151,197,100,93,13,43,69,169,203,160,20,34,67,117,177,89,112,45,139,22,123,157,51,111,31,204,63,179,178	2,3,0.8955,1,248;6,0,0.7185,0,75;2,5,0.6105,0,71;2,4,0.3045,0,132;3,5,0.0835,0,153;2,4,0.7275,1,56
evidence-temporal-train-00531	5	3	0	110,186,117,6,141,18,214,14,103,199,45,149,52,26,138,21,82,135,195,214,115,60,34,205,127,174,95,148,92,75,40,194,69,173,65,155	5,4,0.4825,0,31;1,0,0.0555,0,253;3,2,0.3015,0,9;2,0,0.8305,2,157;6,4,0.6635,0,250;6,5,0.5305,0,40
evidence-temporal-train-00532	8	2	1	89,69,150,139,147,134,195,19,126,187,32,214,82,141,153,167,39,186,58,178,8,153,104,68,194,93,21,116,76,118,164,111,40,14,46,52	7,4,0.6305,0,208;7,5,0.1205,1,66;3,0,0.9705,0,201;3,0,0.3915,0,79;7,5,0.8355,1,174;5,4,0.7325,0,238
evidence-temporal-train-00533	9	3	1	205,137,168,30,92,85,192,122,212,173,113,158,206,93,7,81,150,152,66,56,13,205,97,45,63,190,141,135,35,148,107,42,17,117,69,21	6,3,0.3755,0,239;5,1,0.4905,0,254;7,5,0.4775,0,90;8,3,0.8875,0,88;0,1,0.3585,0,240;1,5,0.2035,0,97
evidence-temporal-train-00534	10	2	0	14,72,34,73,184,194,82,24,105,4,109,116,27,159,56,182,175,16,189,48,66,141,149,44,88,132,188,181,124,147,61,140,201,183,93,117	3,4,0.0475,3,97;2,0,0.8245,3,110;7,3,0.5615,3,126;0,0,0.1685,0,240;8,3,0.8285,0,117;3,2,0.9885,0,223
evidence-temporal-train-00535	1	0	1	16,93,131,21,180,85,145,152,158,128,98,138,193,69,54,141,165,31,60,150,185,189,92,44,14,64,117,108,177,164,37,196,115,75,45,7	6,4,0.1225,0,51;6,3,0.9415,0,58;5,2,0.0835,0,211;2,3,0.9875,0,41;1,2,0.6715,0,116;7,1,0.5095,0,144
evidence-temporal-train-00536	7	1	0	135,92,16,96,3,45,122,181,205,207,117,68,102,141,58,115,190,51,210,149,107,37,138,43,73,69,208,179,146,10,208,33,203,159,21,84	2,0,0.0955,0,153;8,3,0.7095,0,93;2,0,0.8835,0,78;0,2,0.9495,3,230;5,1,0.7895,0,30;1,5,0.5635,0,0
evidence-temporal-train-00537	0	3	2	109,209,178,18,47,72,36,194,117,185,151,114,25,58,139,9,76,208,148,213,65,129,40,100,135,85,167,10,93,208,184,186,23,92,141,51	8,0,0.5075,2,52;0,2,0.0985,2,114;2,0,0.3805,3,77;3,3,0.8495,0,91;3,3,0.4075,0,224;8,5,0.7915,0,15
evidence-temporal-train-00538	1	0	1	27,185,124,1,136,51,63,193,17,211,145,85,93,132,155,169,150,111,114,207,117,173,75,69,43,209,141,66,213,38,181,10,23,89,104,45	0,0,0.3305,2,212;2,4,0.6575,0,214;2,5,0.4545,0,9;2,3,0.3345,0,148;7,5,0.4165,0,210;3,2,0.1805,0,53
evidence-temporal-train-00539	0	3	0	93,42,102,27,38,141,16,45,15,165,90,149,76,194,84,184,185,21,110,117,207,114,9,133,69,210,148,67,59,167,168,136,53,191,129,176	8,5,0.0575,0,42;2,4,0.5405,0,29;4,1,0.6005,0,89;3,2,0.4605,0,84;5,4,0.4865,0,239;8,3,0.0545,0,196
evidence-temporal-train-00540	10	2	2	151,189,153,176,66,164,147,89,159,126,69,77,153,44,113,154,21,97,45,119,93,173,86,213,15,3,138,141,17,33,58,189,110,134,57,35	2,5,0.3515,0,124;8,1,0.8125,0,175;8,0,0.5865,0,196;4,4,0.2715,0,170;0,4,0.3765,2,36;5,4,0.4755,0,215
evidence-temporal-train-00541	10	0	2	59,110,158,214,35,28,112,9,141,200,101,137,125,208,45,69,51,196,151,135,181,24,75,117,211,145,163,20,93,64,170,195,82,10,41,88	8,0,0.8275,3,188;3,1,0.2515,0,161;2,1,0.1355,0,244;2,0,0.0105,0,116;4,4,0.0685,0,31;4,5,0.2275,0,38
evidence-temporal-train-00542	1	2	2	151,82,208,74,141,65,90,180,39,60,112,51,110,147,131,128,45,42,117,71,21,211,158,180,173,186,175,139,96,9,11,214,98,27,17,197	8,1,0.2445,0,226;2,5,0.5285,0,94;2,2,0.3475,2,217;1,0,0.5475,3,237;1,4,0.1135,0,185;7,1,0.7855,0,3
evidence-temporal-train-00543	5	0	0	117,69,60,149,31,204,115,20,145,66,205,49,181,84,89,109,186,186,137,126,181,76,160,14,21,38,42,203,4,133,93,45,204,213,103,143	3,4,0.9715,0,232;6,4,0.4155,0,17;0,2,0.5115,0,31;3,2,0.2565,0,87;6,3,0.7655,0,90;5,3,0.2945,2,82
evidence-temporal-train-00544	1	1	0	54,194,146,44,199,115,69,21,109,155,65,149,77,45,27,88,35,85,158,180,204,96,141,127,58,193,102,117,161,132,161,11,140,3,180,18	2,1,0.4825,0,94;2,1,0.9145,0,162;5,0,0.2915,0,140;4,3,0.1415,3,202;5,3,0.7395,0,253;6,2,0.8355,0,226
evidence-temporal-train-00545	6	2	0	85,162,133,117,136,110,26,72,50,172,192,66,41,74,147,45,94,141,211,155,21,128,115,97,174,4,149,190,38,15,213,179,17,88,59,207	3,5,0.2255,0,27;1,4,0.3025,0,224;1,1,0.4705,3,254;1,3,0.0805,1,128;0,4,0.7455,0,168;7,3,0.1935,0,150
evidence-temporal-train-00546	9	3	0	66,141,42,91,20,135,164,60,38,173,51,148,184,117,7,22,203,107,113,93,76,140,200,69,176,27,83,164,175,100,10,199,149,128,45,210	6,0,0.9845,1,131;2,4,0.4845,0,32;2,2,0.5815,0,207;3,1,0.7025,0,204;3,1,0.2805,0,35;7,5,0.8505,0,3
evidence-temporal-train-00547	5	2	1	206,200,10,43,52,87,107,121,4,147,143,61,46,165,16,150,183,133,168,183,192,100,75,90,113,93,196,117,32,67,69,21,161,37,139,161	3,0,0.0765,0,194;7,3,0.7515,1,57;3,3,0.7445,0,250;2,5,0.4305,0,176;3,1,0.2735,0,251;0,3,0.7695,2,122
evidence-temporal-train-00548	2	0	2	78,131,68,151,41,100,206,202,28,171,168,45,90,141,93,176,158,10,21,107,37,202,82,125,18,145,199,117,70,52,112,212,61,170,137,5	4,0,0.5745,0,177;3,3,0.3565,0,42;3,3,0.8165,1,38;5,0,0.5185,0,186;3,1,0.1845,0,78;4,1,0.2985,0,187
evidence-temporal-train-00549	10	0	2	130,212,15,140,53,83,41,76,71,5,100,151,167,91,93,195,112,63,108,21,169,201,156,145,47,178,117,17,199,123,64,33,142,213,36,189	4,5,0.2175,0,33;8,2,0.3995,2,28;4,5,0.0185,2,74;3,1,0.7945,0,37;3,2,0.1475,0,121;2,0,0.8035,1,84
evidence-temporal-train-00550	8	2	2	66,115,190,86,69,100,18,156,13,43,199,34,126,212,133,9,161,166,62,147,93,171,90,109,141,151,164,21,192,45,78,138,54,158,117,26	8,3,0.4175,0,169;1,0,0.6465,0,190;5,4,0.5985,0,43;5,4,0.5645,0,49;3,3,0.7255,0,175;5,3,0.4235,0,76
evidence-temporal-train-00551	2	3	2	11,151,93,148,141,139,71,211,26,206,127,78,153,107,155,102,130,68,53,160,18,196,187,62,181,203,116,45,7,88,34,84,117,193,44,21	6,1,0.4275,0,129;1,0,0.9985,0,167;4,4,0.8475,2,193;5,2,0.0525,0,234;5,1,0.9835,0,123;6,0,0.7795,0,87
evidence-temporal-train-00552	3	0	1	67,137,11,113,36,179,150,41,211,92,124,24,100,69,51,141,167,154,45,19,152,63,117,135,185,81,145,29,157,86,4,160,185,93,107,201	3,1,0.7075,3,87;4,2,0.3755,0,77;2,5,0.7485,0,67;8,4,0.9525,0,254;3,1,0.2715,0,57;3,5,0.2315,0,177
evidence-temporal-train-00553	1	3	2	156,106,176,30,151,141,34,95,13,115,138,92,205,45,21,148,123,69,100,41,20,3,51,85,215,164,117,183,135,63,191,203,73,64,194,156	2,3,0.8905,0,138;5,0,0.2375,0,12;2,5,0.1055,0,22;0,3,0.9565,2,221;3,0,0.7905,0,105;2,5,0.5025,0,235
evidence-temporal-train-00554	10	3	0	38,21,129,18,166,67,15,109,182,58,93,139,117,148,149,42,202,56,187,133,99,171,141,87,69,153,27,113,183,6,48,179,163,88,164,76	5,5,0.4475,0,97;2,4,0.5435,3,208;7,0,0.7925,0,156;3,5,0.0745,0,42;2,3,0.2545,0,42;8,3,0.6985,0,223
evidence-temporal-train-00555	7	0	0	181,182,104,149,112,62,96,109,39,117,209,83,122,145,6,205,70,17,176,22,13,67,196,52,40,191,140,45,135,26,173,175,203,90,141,75	5,3,0.2275,1,233;1,5,0.1065,0,219;3,4,0.7965,1,73;2,1,0.5055,3,200;7,3,0.0975,0,147;1,5,0.9225,0,100
evidence-temporal-train-00556	1	3	0	69,33,67,99,5,21,193,149,141,202,148,13,168,165,111,177,137,199,84,128,215,16,74,42,51,45,213,112,63,117,89,38,130,93,155,195	4,3,0.0985,0,241;8,4,0.5465,0,56;2,5,0.6795,0,94;1,2,0.3335,0,207;2,5,0.0775,0,3;7,0,0.2255,0,71
evidence-temporal-train-00557	6	0	2	93,121,170,59,192,31,68,103,12,120,213,133,112,69,141,211,151,76,199,17,171,111,21,91,208,40,204,145,138,86,45,6,56,38,185,175	5,2,0.2295,0,79;6,4,0.0085,0,49;7,1,0.9775,0,22;3,4,0.7665,0,148;6,5,0.1335,3,110;0,3,0.4925,0,217
evidence-temporal-train-00558	2	3	0	110,204,141,180,139,12,83,117,76,68,198,131,195,214,93,21,160,36,58,2,172,92,178,149,52,45,113,18,69,41,148,195,214,103,27,128	1,2,0.4555,0,167;2,2,0.3815,0,186;3,0,0.9295,0,132;3,1,0.8925,0,4;6,4,0.3335,0,218;7,1,0.7655,0,238
evidence-temporal-train-00559	10	0	1	25,45,141,70,67,186,139,154,193,117,155,5,39,63,18,145,203,93,129,90,41,156,52,84,215,13,116,185,174,99,21,80,107,132,150,176	4,3,0.4785,0,234;0,5,0.3515,0,35;3,5,0.6555,1,175;7,2,0.5275,0,18;2,1,0.8385,0,99;8,2,0.7285,0,69
evidence-temporal-train-00560	5	2	0	190,134,68,140,17,117,141,69,43,122,45,91,21,182,211,147,61,10,103,87,149,195,168,28,185,110,183,93,75,112,37,52,163,168,3,210	2,0,0.2975,0,128;3,3,0.7975,0,156;3,3,0.8985,0,183;2,5,0.6655,0,35;6,4,0.1135,0,56;1,4,0.9695,0,191
evidence-temporal-train-00561	9	0	0	21,96,82,214,108,174,58,26,69,161,40,49,91,12,67,129,132,184,100,45,8,141,206,120,152,181,20,138,182,212,149,112,39,73,145,174	7,2,0.9955,0,114;1,5,0.0805,0,88;0,0,0.6025,0,221;0,0,0.7265,3,15;3,2,0.0605,3,14;8,2,0.4355,0,139
evidence-temporal-train-00562	1	3	0	38,140,104,115,66,182,192,27,204,69,91,43,179,10,148,117,107,129,164,47,95,199,130,85,159,169,62,153,20,144,51,196,149,76,21,3	2,0,0.9185,0,213;2,4,0.6315,2,149;2,4,0.4645,0,227;3,3,0.7695,2,26;7,1,0.7615,0,39;8,0,0.9755,3,40
evidence-temporal-train-00563	8	2	0	201,67,136,28,185,199,61,195,141,200,8,35,215,114,171,23,92,131,19,45,85,190,178,78,52,117,102,93,10,149,185,43,127,69,108,147	7,0,0.6745,2,96;3,1,0.7905,0,231;3,3,0.7225,0,242;5,3,0.8955,0,84;5,2,0.5445,0,234;6,1,0.0995,0,9
evidence-temporal-train-00564	1	1	0	86,117,187,75,69,112,196,170,141,111,41,183,195,165,155,27,102,36,60,188,56,149,180,135,1,13,89,136,17,123,21,163,93,146,45,65	0,3,0.3305,0,212;2,2,0.2155,0,102;7,2,0.2515,0,18;2,4,0.2625,0,139;5,5,0.1245,0,180;2,5,0.1455,0,66
evidence-temporal-train-00565	10	3	2	99,162,34,213,63,10,199,148,112,180,176,111,118,92,82,45,9,123,213,65,73,151,139,16,195,57,130,189,32,69,21,93,180,159,141,43	8,0,0.0495,0,153;7,0,0.7755,0,251;8,5,0.2715,0,76;0,0,0.8285,0,119;2,5,0.1215,1,208;2,0,0.7255,0,170
evidence-temporal-train-00566	10	3	1	36,187,9,144,117,46,65,69,202,192,99,21,137,130,60,161,26,82,20,199,13,201,51,93,148,154,196,186,209,150,108,41,76,112,121,89	8,3,0.8875,0,144;1,2,0.2365,1,195;2,2,0.3915,0,125;3,0,0.2375,0,37;2,2,0.1055,0,189;0,0,0.2375,3,170
evidence-temporal-train-00567	8	2	0	79,30,45,54,185,183,163,117,147,193,133,15,101,126,88,143,69,93,24,61,165,149,82,68,37,136,115,106,181,192,167,42,6,166,17,156	5,5,0.2235,3,145;5,3,0.4845,0,144;5,3,0.8575,0,7;6,0,0.1105,0,248;4,0,0.6675,0,69;5,3,0.0445,2,37
evidence-temporal-train-00568	9	2	2	184,213,151,110,66,183,70,174,214,117,7,37,59,32,45,158,133,160,55,147,19,43,114,81,178,213,12,143,93,97,208,92,83,128,21,140	6,2,0.6065,0,16;7,3,0.7625,0,76;6,1,0.5745,1,45;8,1,0.8585,0,162;0,4,0.5165,0,15;7,3,0.8165,2,12
evidence-temporal-train-00569	2	0	0	21,83,45,68,115,44,137,200,15,156,205,105,172,29,149,133,93,154,159,141,189,106,18,124,145,117,35,169,69,158,52,76,193,92,58,1	0,5,0.5785,0,183;4,1,0.8095,0,246;3,0,0.8365,0,157;3,1,0.8945,0,115;8,0,0.6855,0,152;3,3,0.3815,0,123
evidence-temporal-train-00570	5	3	2	161,198,69,140,111,151,180,76,4,205,16,62,117,42,141,148,93,21,11,47,199,55,127,203,92,114,34,180,67,83,133,161,30,193,185,103	3,1,0.1605,0,150;5,0,0.5905,2,91;6,4,0.7035,0,169;3,1,0.9445,0,55;6,5,0.5385,0,241;6,3,0.9315,0,49
evidence-temporal-train-00571	2	0	1	50,132,28,98,153,137,13,66,169,187,177,91,176,34,5,117,113,150,60,84,45,165,76,40,93,110,155,186,69,159,121,145,170,18,22,141	4,3,0.4525,1,133;3,0,0.0555,0,204;1,2,0.4835,0,26;3,2,0.6015,0,27;1,4,0.3855,0,142;0,2,0.3125,0,153
evidence-temporal-train-00572	1	3	1	69,161,93,56,83,138,212,100,179,123,111,215,196,131,17,78,21,38,141,58,169,182,43,148,64,113,150,3,158,88,31,191,119,14,215,45	2,4,0.2125,0,254;6,4,0.6105,0,244;7,0,0.0635,0,9;5,1,0.0415,0,37;3,5,0.3555,2,216;2,1,0.4815,0,173
evidence-temporal-train-00573	1	2	1	124,84,13,206,21,158,42,69,88,64,136,198,45,208,214,182,105,150,208,117,32,60,93,3,109,19,131,37,115,143,202,78,147,200,52,189	2,3,0.6885,0,163;7,3,0.4035,0,64;3,2,0.0445,0,66;5,2,0.1275,0,251;8,3,0.7945,0,173;3,1,0.0235,2,114
evidence-temporal-train-00574	0	3	2	182,169,106,117,45,124,90,20,76,168,112,58,22,7,164,151,14,25,41,133,201,148,93,175,138,178,36,154,141,69,86,65,56,189,103,162	6,4,0.8835,1,132;0,2,0.3645,0,94;7,0,0.3225,0,32;3,4,0.5485,0,216;6,0,0.1905,0,53;3,3,0.4175,0,245
evidence-temporal-train-00575	0	3	0	100,67,175,114,28,70,17,201,214,172,23,83,163,93,106,3,138,131,141,61,38,161,188,149,210,53,129,91,78,45,148,211,43,10,119,158	2,0,0.3865,2,221;3,4,0.7885,0,161;4,3,0.7105,1,143;5,1,0.7645,0,246;3,0,0.5985,2,89;8,1,0.5405,0,152
evidence-temporal-train-00576	5	1	0	198,30,69,190,146,159,7,110,54,36,113,63,45,12,140,184,43,184,20,117,99,93,179,141,149,205,87,21,192,64,130,127,198,79,91,181	6,2,0.8405,0,208;5,2,0.6475,0,134;5,5,0.1735,0,233;6,5,0.6315,0,163;2,4,0.2235,0,135;6,0,0.9435,0,19
evidence-temporal-train-00577	0	3	1	122,13,99,86,202,137,148,210,17,4,89,69,178,132,61,52,150,46,117,191,165,154,79,196,112,38,21,93,209,176,43,142,212,28,68,109	3,3,0.3265,0,201;3,4,0.6075,1,180;3,3,0.9135,0,0;6,4,0.2545,0,40;2,3,0.0015,0,31;1,2,0.2345,1,70
evidence-temporal-train-00578	0	3	2	51,93,10,28,34,125,138,60,165,108,130,112,187,185,76,117,42,176,189,204,210,85,105,152,205,69,141,148,21,89,45,17,3,181,65,151	2,0,0.3855,0,62;3,0,0.5575,0,168;2,2,0.2095,0,209;3,3,0.3765,0,112;8,2,0.0705,0,108;4,0,0.4565,0,42
evidence-temporal-train-00579	1	2	2	20,21,58,151,45,171,196,40,36,117,111,130,124,83,69,65,93,184,102,191,57,90,213,3,212,140,15,26,114,211,157,196,154,141,79,147	2,5,0.9685,0,153;1,2,0.1805,0,182;8,0,0.3885,0,157;6,1,0.5295,0,214;5,5,0.4025,0,86;3,0,0.8055,0,241
evidence-temporal-train-00580	5	2	1	67,147,157,89,150,21,103,168,43,17,27,93,52,60,186,83,115,34,178,4,172,144,117,181,15,69,189,171,111,45,138,76,134,170,121,174	3,5,0.3305,0,205;2,0,0.6005,0,7;3,2,0.7815,0,8;3,1,0.2705,0,53;6,5,0.6825,0,182;0,4,0.5895,3,130
evidence-temporal-train-00581	10	1	1	139,210,152,146,185,117,168,79,17,211,122,132,175,82,114,43,150,214,183,69,95,91,3,107,141,171,67,176,57,98,13,48,39,29,63,22	2,3,0.2575,1,129;4,5,0.7035,3,3;8,5,0.6595,0,42;6,0,0.7285,2,193;1,1,0.5555,0,72;1,2,0.6245,0,32
evidence-temporal-train-00582	0	3	2	173,209,38,20,141,166,92,42,33,80,135,85,151,176,11,190,53,148,153,195,182,108,195,119,115,68,4,96,137,104,208,45,21,71,59,124	3,1,0.8055,0,24;8,4,0.4685,0,162;4,1,0.8305,2,29;7,3,0.8355,3,241;7,2,0.7545,2,236;3,5,0.2585,0,226
evidence-temporal-train-00583	8	3	2	21,210,139,69,45,100,34,6,15,151,64,114,76,83,157,148,166,157,117,163,109,61,200,43,169,93,132,181,197,20,129,88,206,54,29,144	5,5,0.8125,0,235;4,0,0.6605,0,114;5,3,0.1665,0,71;3,1,0.0365,0,32;3,3,0.4455,0,123;8,2,0.6435,3,179
evidence-temporal-train-00584	1	3	1	117,47,37,78,15,172,106,17,167,28,42,87,179,89,55,210,155,103,66,123,179,4,164,150,21,164,148,140,93,70,134,61,113,141,181,177	3,5,0.2595,0,168;3,3,0.4145,2,130;6,3,0.5015,1,97;5,5,0.3615,0,47;6,0,0.2735,0,248;2,4,0.8065,0,255
evidence-temporal-train-00585	5	2	0	173,69,173,102,158,65,21,43,168,111,112,61,11,137,55,45,87,177,133,124,19,198,93,185,90,168,74,33,147,213,149,141,4,37,162,117	3,1,0.6665,0,133;8,3,0.7325,0,7;6,3,0.3555,0,250;1,5,0.4905,0,9;5,5,0.0955,0,3;3,3,0.3905,0,179
evidence-temporal-train-00586	2	3	1	83,125,7,157,215,171,215,171,105,198,69,52,47,67,148,21,196,110,44,132,93,15,26,91,163,186,59,16,150,115,136,141,34,117,172,79	6,5,0.1605,0,181;1,0,0.8095,2,208;3,1,0.6235,0,127;6,1,0.6185,0,242;8,4,0.6625,0,234;4,2,0.1205,0,179
evidence-temporal-train-00587	2	0	2	151,199,86,164,164,121,196,21,141,69,34,105,65,41,200,197,11,20,78,117,131,89,58,45,4,138,93,189,115,56,145,106,211,153,207,30	3,1,0.8675,0,211;5,0,0.3035,0,148;7,0,0.2365,0,47;5,4,0.3665,0,246;8,0,0.6475,0,42;0,1,0.5355,0,90
evidence-temporal-train-00588	1	3	0	208,198,85,35,114,65,163,141,117,69,181,137,127,103,93,18,172,106,21,62,148,77,90,180,10,135,27,163,45,44,164,2,49,198,149,167	1,0,0.4575,0,237;2,1,0.8005,0,126;0,4,0.2915,0,100;4,3,0.4725,0,150;6,0,0.4555,0,138;6,5,0.3405,0,85
evidence-temporal-train-00589	7	0	2	65,193,82,39,44,166,13,135,151,141,189,117,50,169,123,174,196,104,63,29,19,177,208,45,69,93,200,91,173,80,108,113,145,137,21,2	1,3,0.7325,0,124;4,5,0.8745,0,154;1,5,0.3135,0,157;7,0,0.7675,0,120;7,2,0.2895,0,217;2,5,0.2685,0,16
evidence-temporal-train-00590	10	2	0	161,166,85,168,29,174,58,147,149,117,198,42,45,137,173,81,35,22,68,15,9,122,135,115,141,204,19,208,190,93,90,105,111,197,69,49	8,5,0.6925,1,62;4,1,0.4565,0,141;0,0,0.9135,0,13;8,3,0.5805,0,154;8,5,0.7875,0,243;1,5,0.2465,0,167
evidence-temporal-train-00591	7	2	2	170,44,38,3,199,114,153,91,65,151,138,74,17,111,63,132,69,161,97,27,142,117,21,87,163,46,128,155,210,178,51,175,193,93,13,147	2,3,0.2565,0,154;2,4,0.9925,1,230;2,5,0.2755,0,53;1,5,0.6605,0,98;0,5,0.4645,0,144;7,2,0.5385,1,35
evidence-temporal-train-00592	3	0	2	178,28,181,45,166,90,23,53,137,141,111,164,115,195,186,8,198,145,100,125,65,69,151,15,44,164,87,180,16,63,95,131,76,37,213,117	7,5,0.1315,2,227;3,3,0.9785,0,171;4,5,0.3945,0,121;3,5,0.4935,2,160;3,5,0.6935,0,59;4,1,0.3965,0,169
evidence-temporal-train-00593	0	3	0	123,93,4,40,75,17,165,172,133,83,149,38,143,148,170,89,159,136,51,63,205,114,192,160,106,45,69,21,171,178,64,120,100,214,12,29	3,2,0.3275,0,63;4,4,0.1875,0,101;2,5,0.1405,0,212;2,1,0.3515,0,166;3,0,0.5965,3,154;2,3,0.0765,2,116
evidence-temporal-train-00594	1	0	1	21,58,141,82,55,175,27,102,20,140,145,211,150,109,164,133,6,92,78,190,45,42,178,178,94,127,201,201,116,167,193,66,39,69,117,11	5,1,0.8375,0,133;2,5,0.5985,0,235;6,0,0.4985,0,142;5,0,0.9595,1,115;5,3,0.8835,0,87;6,3,0.8185,0,224
evidence-temporal-train-00595	9	2	1	75,185,66,43,166,93,176,101,47,155,69,132,12,141,137,114,202,192,56,88,189,129,21,20,150,177,87,177,110,39,117,147,29,62,7,184	6,2,0.9235,0,250;4,5,0.6615,2,200;7,4,0.5655,0,196;2,5,0.0955,0,41;4,4,0.5505,0,4;8,2,0.2105,0,139
evidence-temporal-train-00596	1	0	0	201,161,21,68,42,167,174,149,87,121,109,145,155,3,69,169,48,201,120,61,200,36,166,141,75,18,93,29,98,134,201,51,12,115,91,136	2,2,0.4305,0,145;4,2,0.4895,3,137;2,3,0.9905,0,1;2,5,0.6895,0,53;1,3,0.7555,3,222;0,4,0.0895,0,188
evidence-temporal-train-00597	9	2	2	209,40,204,17,107,164,170,80,206,92,211,48,63,115,147,66,140,86,117,15,130,56,201,143,9,151,128,172,100,70,179,31,93,36,182,21	8,5,0.2675,0,62;6,2,0.0675,3,59;7,5,0.5815,1,99;7,4,0.9865,0,15;3,1,0.6265,0,36;7,0,0.9355,2,103
evidence-temporal-train-00598	5	0	1	3,17,140,45,118,68,181,91,86,75,96,209,160,113,51,141,135,150,127,58,107,31,157,192,179,179,10,170,157,197,69,37,22,44,145,102	2,0,0.3945,1,140;6,3,0.8275,0,21;2,0,0.8955,0,227;2,4,0.7385,3,161;5,1,0.3435,1,66;6,5,0.8295,0,56
evidence-temporal-train-00599	1	3	1	116,136,109,17,197,62,141,127,45,201,148,93,212,15,173,56,70,130,172,4,175,150,68,33,117,163,23,173,88,76,34,84,40,99,191,193	3,5,0.3865,2,144;8,0,0.0985,0,123;7,4,0.8315,1,248;3,2,0.1545,0,15;2,3,0.8235,0,7;6,0,0.1125,0,94
evidence-temporal-train-00600	5	0	1	115,67,97,145,207,85,150,159,13,184,50,93,69,89,77,3,171,130,39,117,187,137,45,214,179,141,156,19,198,125,61,108,44,155,31,22	2,3,0.7375,1,15;6,5,0.9775,0,98;1,3,0.7595,0,210;4,3,0.2685,0,139;0,2,0.7005,0,234;4,0,0.3835,0,10
evidence-temporal-train-00601	1	2	2	147,109,85,180,151,120,178,15,204,176,197,144,131,182,64,165,158,93,25,3,20,52,164,114,140,88,21,45,121,100,159,43,61,36,79,72	2,5,0.9845,0,139;0,2,0.6465,0,159;3,3,0.0785,3,254;6,3,0.0805,0,171;3,3,0.5075,3,183;0,1,0.8295,3,163
evidence-temporal-train-00602	2	3	1	166,108,69,18,64,114,185,148,14,150,174,124,35,42,187,170,141,82,182,21,117,188,28,188,63,89,81,46,93,188,167,52,137,98,132,6	5,4,0.5625,0,247;3,1,0.4895,1,230;3,5,0.0505,0,211;8,0,0.3265,0,75;1,2,0.5475,0,74;3,2,0.3125,0,65
evidence-temporal-train-00603	1	3	0	36,173,201,193,93,155,215,115,124,210,69,88,132,169,148,149,21,84,31,61,117,20,51,104,211,45,165,109,139,64,13,141,76,174,3,42	2,3,0.8065,0,109;6,2,0.4875,0,186;2,3,0.1825,0,195;3,2,0.0465,0,123;7,3,0.7115,0,194;3,2,0.6375,0,61
evidence-temporal-train-00604	6	1	1	163,88,146,154,69,111,21,65,117,93,27,82,150,18,172,137,73,49,60,157,196,189,15,157,134,204,34,141,47,1,126,178,99,163,43,112	0,5,0.5125,0,157;2,0,0.6935,2,34;0,2,0.2125,0,56;0,0,0.1655,0,28;2,5,0.1035,0,73;5,4,0.3265,0,231
evidence-temporal-train-00605	0	3	0	11,93,52,169,101,195,6,106,28,123,91,60,185,210,16,136,182,45,149,120,207,141,87,65,130,69,209,35,81,112,21,148,152,154,43,204	5,1,0.0825,0,48;3,1,0.7935,0,214;3,2,0.2355,0,31;8,5,0.7925,0,20;4,0,0.1495,3,200;2,0,0.0595,0,177
evidence-temporal-train-00606	10	2	2	3,133,21,151,206,196,17,117,34,176,141,115,147,65,44,175,57,83,136,61,81,96,179,163,215,204,172,15,105,124,69,110,26,179,45,89	2,5,0.3765,0,145;1,0,0.9555,0,144;8,3,0.2325,0,147;8,1,0.3295,3,168;8,4,0.7295,0,57;3,3,0.0645,0,193
evidence-temporal-train-00607	2	3	1	150,170,214,93,119,198,92,127,203,52,171,28,35,69,64,10,104,148,179,20,75,153,136,83,63,45,21,112,43,106,131,141,6,176,180,176	5,0,0.9065,0,75;3,1,0.7395,0,70;3,5,0.0885,0,132;2,1,0.9735,0,233;7,0,0.0875,2,167;6,1,0.0035,0,60
evidence-temporal-train-00608	10	3	1	69,112,148,159,86,17,40,75,37,189,15,176,129,65,117,91,190,175,9,190,171,150,131,202,99,63,28,96,53,21,45,199,141,108,153,136	8,5,0.3975,0,155;3,3,0.0855,0,141;4,5,0.2815,0,148;2,4,0.6955,3,143;2,2,0.1955,0,138;8,1,0.1035,0,218
evidence-temporal-train-00609	2	0	1	141,23,124,191,205,214,150,114,165,186,77,44,5,189,130,145,156,59,117,13,35,153,106,27,84,45,68,54,96,17,100,140,189,198,70,88	4,3,0.3525,2,252;2,1,0.8325,0,26;5,1,0.9265,1,73;4,2,0.0165,3,97;3,0,0.5555,0,211;3,0,0.9455,0,240
evidence-temporal-train-00610	10	2	0	162,179,95,147,138,64,149,45,3,53,116,14,35,76,123,90,177,191,143,109,17,201,31,60,86,180,21,69,117,157,133,170,175,105,42,153	2,4,0.3585,0,245;6,1,0.4915,0,229;4,2,0.1305,0,243;3,4,0.4995,2,190;8,3,0.8585,0,113;2,3,0.4235,2,58
evidence-temporal-train-00611	5	2	1	43,179,189,123,159,117,13,178,92,3,17,66,93,21,39,107,184,70,63,201,161,203,56,131,193,150,27,141,76,45,87,113,188,102,138,147	2,3,0.3955,0,110;2,5,0.6595,0,44;7,5,0.4645,1,106;3,5,0.9475,0,18;5,1,0.2065,0,106;2,1,0.5975,0,94
evidence-temporal-train-00612	1	2	2	86,16,147,186,100,206,40,21,66,131,174,7,163,129,172,75,13,69,45,58,35,140,141,110,209,165,212,54,120,92,151,115,211,29,195,93	6,3,0.0195,0,27;4,1,0.0825,0,83;5,0,0.4825,0,230;2,4,0.9825,0,16;3,4,0.7255,3,101;8,1,0.8135,0,198
evidence-temporal-train-00613	2	3	0	42,188,117,93,100,180,190,69,45,149,61,182,148,106,12,34,212,2,116,164,172,83,197,33,123,66,21,20,49,213,135,142,136,77,90,203	1,2,0.9035,0,165;8,0,0.5195,0,224;0,3,0.5075,0,72;4,1,0.4695,0,143;3,0,0.9115,0,2;2,5,0.0325,1,157
evidence-temporal-train-00614	3	0	1	91,111,71,59,172,215,179,40,4,85,31,150,203,187,197,35,52,202,68,133,197,73,21,137,145,103,113,13,95,45,124,141,119,152,18,165	3,3,0.4795,0,55;6,1,0.1815,0,104;3,1,0.8745,2,152;0,3,0.7565,2,146;6,5,0.3435,2,18;3,3,0.3395,0,20
evidence-temporal-train-00615	7	2	2	137,191,17,161,141,69,183,45,42,93,200,89,39,14,172,162,124,1,26,65,56,130,165,114,185,179,117,108,63,76,84,193,21,102,147,151	0,4,0.2755,0,202;1,5,0.5805,0,108;7,5,0.3865,0,237;3,2,0.3675,0,67;5,2,0.4085,0,89;3,0,0.2705,0,1
evidence-temporal-train-00616	3	0	2	24,160,57,73,45,215,181,69,151,43,1,28,38,121,99,206,88,132,15,117,166,136,84,107,197,63,112,19,197,65,93,154,186,141,145,182	0,5,0.7665,3,171;3,4,0.7055,0,183;8,5,0.2125,0,32;0,2,0.0145,0,208;2,1,0.1735,0,32;0,2,0.0495,0,149
evidence-temporal-train-00617	1	1	1	213,80,60,69,201,104,141,27,183,200,191,88,134,84,116,117,123,66,3,14,38,93,201,21,170,45,180,146,40,150,19,175,207,53,106,139	2,4,0.7435,0,225;2,4,0.1225,0,176;4,2,0.5185,0,207;7,2,0.0665,0,114;7,0,0.9725,0,171;2,4,0.7115,0,154
evidence-temporal-train-00618	10	3	2	141,166,184,209,10,42,110,82,46,114,192,197,158,132,66,1,33,179,148,17,139,90,173,93,59,167,39,78,51,69,209,120,125,101,24,151	0,0,0.3935,3,195;8,5,0.5995,1,136;2,1,0.4435,0,96;5,0,0.5775,0,41;4,4,0.4025,3,240;4,2,0.7315,0,88
evidence-temporal-train-00619	10	3	1	64,108,160,155,211,206,141,38,61,96,100,164,134,167,92,20,21,33,48,160,148,150,9,126,152,136,82,117,44,52,212,14,214,69,75,114	8,4,0.8475,0,5;8,4,0.8505,3,79;3,3,0.1785,0,244;2,0,0.8245,3,209;3,2,0.5225,0,125;5,4,0.1575,0,218
evidence-temporal-train-00620	10	0	2	183,57,9,205,38,189,141,145,215,124,214,45,151,113,212,84,19,88,75,66,117,93,169,133,21,211,44,10,205,195,100,107,69,139,61,31	8,0,0.7925,0,92;6,4,0.9725,0,60;8,3,0.5855,0,255;2,2,0.0895,0,69;3,1,0.2925,0,159;3,3,0.6775,0,7
evidence-temporal-train-00621	8	0	2	179,141,108,182,84,126,100,4,38,169,45,179,151,116,33,18,139,171,62,91,173,95,190,71,145,40,130,79,64,199,49,15,22,163,178,118	3,5,0.5035,1,183;8,4,0.0015,0,10;0,4,0.1165,2,151;6,2,0.7875,2,41;3,2,0.9185,1,86;5,0,0.7905,0,38
evidence-temporal-train-00622	1	2	0	199,75,196,134,25,147,91,86,61,180,13,112,111,138,203,178,100,195,21,67,18,69,117,141,157,124,165,42,176,204,51,149,93,37,5,45	4,3,0.5905,0,48;0,3,0.4185,0,124;2,3,0.6245,0,43;2,4,0.7845,0,233;3,5,0.0685,0,151;3,4,0.5455,0,27
evidence-temporal-train-00623	2	0	2	159,101,151,141,19,124,131,156,13,114,165,69,21,117,35,82,186,181,109,4,145,45,187,42,209,93,137,154,56,199,90,30,67,73,182,60	3,3,0.6025,0,202;5,1,0.5305,0,50;7,2,0.6925,0,104;0,0,0.4995,0,183;4,3,0.4435,0,95;3,1,0.2145,0,163
evidence-temporal-train-00624	0	3	0	199,148,12,111,19,177,163,172,21,26,69,93,44,149,100,86,117,113,212,171,140,45,77,91,59,152,174,123,5,67,38,133,51,152,142,179	4,2,0.6575,0,214;1,4,0.8185,0,55;2,1,0.6005,0,92;4,4,0.6065,0,105;3,5,0.3345,0,227;2,3,0.8485,1,239
evidence-temporal-train-00625	3	0	0	141,189,160,78,114,176,67,21,60,93,98,69,199,51,197,111,38,124,117,149,88,20,28,44,86,202,190,145,179,133,3,200,13,167,140,45	2,3,0.8955,0,70;3,4,0.9535,0,116;2,2,0.7545,0,223;5,4,0.1855,0,181;1,5,0.5255,0,55;3,3,0.8965,0,49
evidence-temporal-train-00626	1	3	2	148,196,110,154,167,138,19,205,170,11,58,158,69,95,51,75,45,151,204,65,40,141,116,205,3,117,21,134,153,86,36,123,103,30,154,88	2,1,0.7465,0,156;5,2,0.1265,0,7;2,0,0.2255,0,25;2,4,0.0255,2,68;6,4,0.8255,0,121;2,4,0.5885,0,98
evidence-temporal-train-00627	0	3	0	10,93,109,44,180,3,65,126,80,116,162,58,154,132,154,100,51,86,35,136,149,20,21,141,26,187,195,89,45,173,162,117,191,215,148,72	2,0,0.8805,0,65;1,1,0.8565,0,252;2,0,0.2905,3,82;7,4,0.3435,0,59;3,3,0.8245,0,158;5,2,0.0305,0,18
evidence-temporal-train-00628	1	2	0	45,54,109,93,173,133,147,156,178,24,28,121,182,141,9,34,16,136,58,92,116,43,203,201,187,207,117,98,160,149,75,10,197,68,69,86	8,0,0.1445,3,138;3,0,0.7105,0,201;5,0,0.9425,0,141;2,4,0.8625,0,45;1,3,0.8445,0,205;0,3,0.1465,0,135
evidence-temporal-train-00629	7	0	2	171,198,82,43,36,211,73,92,21,100,209,202,152,140,49,158,145,151,69,109,175,123,141,96,18,15,62,27,65,2,163,114,131,48,117,166	1,5,0.4465,0,82;2,2,0.6095,3,205;0,4,0.3685,0,2;0,0,0.8875,3,185;3,3,0.4295,0,21;2,1,0.8955,0,16
evidence-temporal-train-00630	9	2	0	62,81,65,158,214,32,183,147,53,109,121,141,162,1,179,21,69,83,163,90,133,16,44,198,139,188,38,157,93,105,113,149,14,45,190,117	0,4,0.0595,0,218;7,4,0.9715,0,125;4,4,0.2935,0,150;8,1,0.5445,0,218;8,3,0.2935,0,101;0,3,0.6965,0,200
evidence-temporal-train-00631	7	3	1	172,52,206,167,180,207,165,154,45,69,130,83,99,93,38,21,120,3,180,150,89,188,61,168,122,141,65,116,107,16,136,148,26,44,15,75	2,5,0.1755,0,59;1,4,0.8015,0,44;3,3,0.2915,0,29;2,1,0.2775,0,102;2,1,0.8985,3,198;1,0,0.0935,0,143
evidence-temporal-train-00632	1	3	1	177,152,171,45,186,112,117,90,11,168,7,142,172,69,27,24,66,150,99,109,93,132,208,137,83,156,123,40,34,62,154,148,18,74,182,51	6,1,0.4385,3,192;2,0,0.0525,0,57;2,4,0.4665,0,6;1,1,0.4315,0,229;2,3,0.0655,0,107;2,2,0.2385,1,209
evidence-temporal-train-00633	9	1	0	59,121,102,137,64,112,167,85,180,215,43,17,106,153,117,207,14,38,195,73,69,46,95,184,131,141,159,159,8,51,149,21,184,146,25,90	7,4,0.2335,0,254;0,4,0.6905,1,112;2,1,0.1615,0,69;0,3,0.5515,2,70;5,0,0.0875,0,38;0,1,0.2525,0,66
evidence-temporal-train-00634	5	2	1	182,45,188,17,87,116,191,53,67,190,139,189,44,117,150,90,109,181,69,135,21,121,147,38,94,157,141,60,195,179,1,10,103,74,159,31	0,0,0.3165,0,6;6,4,0.8405,0,77;4,2,0.7095,0,144;1,5,0.4305,1,12;6,3,0.9385,0,228;0,5,0.6355,0,243
evidence-temporal-train-00635	5	2	2	28,55,17,198,151,72,114,23,134,103,80,192,9,140,205,153,186,169,207,141,65,60,117,44,108,93,45,127,12,186,173,147,86,156,38,90	8,2,0.2015,2,121;3,4,0.8335,0,108;6,2,0.2985,3,182;7,4,0.4275,0,237;6,2,0.4475,0,42;6,4,0.8385,0,129
evidence-temporal-train-00636	1	3	0	148,206,21,166,17,186,84,34,11,51,135,91,115,141,107,193,59,215,168,68,45,123,70,5,117,137,74,181,101,93,168,30,179,177,41,149	4,1,0.2035,0,227;5,0,0.2935,0,145;2,1,0.8165,1,233;1,2,0.6295,0,157;4,1,0.6235,0,128;2,5,0.2875,0,93
evidence-temporal-train-00637	1	3	2	140,179,129,87,52,200,42,117,103,148,162,21,69,58,209,45,173,12,174,113,134,111,199,37,27,143,190,89,196,16,64,8,74,93,196,151	7,2,0.1975,0,7;2,3,0.5415,0,251;3,0,0.1035,0,37;1,5,0.2835,0,235;6,5,0.3015,0,26;8,4,0.8435,2,174
evidence-temporal-train-00638	9	1	0	65,58,15,125,23,113,72,156,45,8,91,160,172,106,93,134,35,187,214,26,139,103,18,161,174,74,83,184,54,141,149,146,117,41,168,157	7,5,0.5645,2,78;1,1,0.3165,0,146;5,0,0.2225,3,152;1,1,0.7735,0,242;6,0,0.3665,0,45;4,4,0.7625,0,101
evidence-temporal-train-00639	1	2	2	215,164,147,151,161,18,43,64,115,185,56,110,11,212,121,37,3,135,72,139,208,92,60,75,21,181,46,141,32,117,152,159,99,82,167,93	2,1,0.4235,0,185;7,3,0.6055,1,7;7,2,0.1215,3,105;2,0,0.8265,0,211;2,4,0.7965,0,148;0,5,0.7725,0,77
evidence-temporal-train-00640	8	3	1	32,205,93,186,173,22,62,190,185,155,130,91,3,34,137,179,110,161,112,150,64,78,103,141,46,169,129,43,69,16,49,12,85,148,194,117	2,2,0.0515,1,66;7,0,0.7025,1,237;0,4,0.0035,0,165;5,3,0.7615,0,14;6,4,0.0475,0,231;8,0,0.2905,0,197
evidence-temporal-train-00641	7	1	1	126,110,16,212,112,144,69,181,174,162,183,187,133,45,44,84,181,146,150,152,117,89,26,101,3,55,59,137,67,157,75,159,93,21,38,11	2,1,0.0355,0,146;1,4,0.8625,0,129;6,1,0.6175,0,144;2,2,0.3015,0,116;4,4,0.0395,0,136;5,3,0.2615,3,125
evidence-temporal-train-00642	2	2	1	190,174,211,41,150,153,99,88,171,45,64,115,165,139,211,132,147,175,174,23,28,69,13,95,78,106,123,18,82,117,7,58,144,35,52,205	6,3,0.5175,2,74;3,1,0.2365,0,76;3,0,0.1155,0,145;5,0,0.1585,2,99;2,0,0.7915,0,4;2,2,0.7415,3,41
evidence-temporal-train-00643	1	0	0	73,149,160,204,114,52,198,41,138,166,93,177,111,192,145,45,15,117,141,7,123,85,18,88,205,38,59,69,199,176,101,132,22,28,203,64	6,5,0.5685,1,65;3,4,0.2995,0,51;3,1,0.0995,0,246;0,3,0.0095,0,61;4,5,0.4615,0,28;2,2,0.4795,0,56
evidence-temporal-train-00644	1	3	2	179,51,3,75,163,133,159,121,215,184,45,92,12,19,114,118,60,105,141,178,67,85,69,199,33,198,151,161,148,181,136,21,40,93,34,111	2,2,0.7505,0,3;8,0,0.0925,0,230;2,2,0.6115,0,225;2,3,0.8805,0,192;8,5,0.5055,1,206;0,3,0.1455,0,62
evidence-temporal-train-00645	9	0	0	14,189,118,169,69,89,182,195,45,149,178,145,143,24,103,34,138,199,74,19,50,32,115,63,2,65,107,171,209,82,41,134,96,193,180,128	1,4,0.7195,3,159;7,0,0.2275,0,105;1,5,0.2775,0,211;1,0,0.2355,3,245;6,1,0.6875,1,97;7,4,0.5605,2,61
evidence-temporal-train-00646	9	0	2	159,201,169,92,151,206,181,145,35,15,134,80,27,1,117,212,206,43,170,55,67,20,69,97,107,137,61,206,143,93,215,85,116,121,24,45	0,5,0.8805,3,67;2,1,0.7145,0,56;6,3,0.7605,0,167;7,3,0.9365,0,71;0,1,0.9625,0,100;0,4,0.2645,2,114
evidence-temporal-train-00647	3	0	0	32,92,87,69,199,153,184,156,68,136,9,115,122,101,48,159,179,149,211,211,52,141,37,189,156,61,134,145,14,41,117,111,93,21,76,18	8,4,0.5355,0,45;7,3,0.2015,3,192;3,3,0.9205,0,201;3,5,0.8995,0,19;4,5,0.7415,0,111;1,4,0.1055,0,59
evidence-temporal-train-00648	9	2	0	165,14,45,57,111,169,88,42,24,3,175,175,124,140,78,174,147,201,131,93,32,173,37,70,143,149,84,113,215,165,208,98,19,64,61,119	2,4,0.7465,3,64;7,3,0.5585,0,249;8,3,0.0085,1,116;5,2,0.0115,0,29;1,5,0.3875,2,133;3,1,0.8065,2,180
evidence-temporal-train-00649	5	2	2	147,15,170,76,69,117,45,173,144,64,210,202,16,28,58,129,91,137,44,93,100,87,201,204,111,21,36,208,155,114,130,213,202,51,151,3	2,5,0.0585,0,195;3,2,0.8945,0,135;2,0,0.0705,0,59;3,5,0.7395,0,2;3,5,0.5165,0,120;8,0,0.3575,3,129
evidence-temporal-train-00650	10	2	2	206,37,141,21,27,172,49,134,101,108,69,19,137,116,157,151,207,207,68,74,58,201,117,8,208,84,129,147,41,46,11,166,88,93,181,156	7,1,0.7115,0,245;2,3,0.2825,1,56;0,0,0.9835,0,2;1,2,0.1955,0,114;4,2,0.8905,0,95;8,4,0.2545,0,215
evidence-temporal-train-00651	9	0	0	116,63,139,65,215,145,4,181,141,57,210,122,205,208,39,21,104,45,161,149,69,15,193,82,161,40,117,107,195,134,96,76,27,16,186,88	3,5,0.0925,0,154;2,5,0.0605,0,33;8,5,0.2705,0,9;3,0,0.1135,3,138;7,1,0.8145,0,45;1,4,0.6435,0,173
evidence-temporal-train-00652	2	0	1	202,173,21,4,54,211,93,91,82,12,132,60,207,209,45,150,212,65,115,37,156,137,145,141,200,31,19,75,124,110,117,98,177,190,41,69	3,2,0.7375,0,1;6,3,0.2525,0,59;5,2,0.2465,0,223;2,0,0.6115,0,38;1,4,0.6155,0,238;3,2,0.3645,0,33
evidence-temporal-train-00653	8	3	1	49,198,150,197,81,198,89,141,126,175,160,108,30,65,13,84,35,139,42,204,134,162,93,17,62,45,114,215,174,188,99,69,117,148,21,4	3,3,0.2225,0,113;5,1,0.4745,0,201;0,4,0.3565,0,66;8,2,0.3945,0,64;2,2,0.4985,0,54;5,4,0.7845,0,23
evidence-temporal-train-00654	10	0	2	197,126,160,9,36,191,119,66,110,21,76,151,140,172,13,33,141,20,175,103,90,85,58,190,215,207,130,40,96,45,161,52,69,145,167,116	8,3,0.8375,0,205;8,2,0.0905,0,46;3,0,0.4345,0,16;3,3,0.4895,3,140;6,4,0.9745,2,135;5,0,0.9845,0,211
evidence-temporal-train-00655	10	1	2	185,137,175,51,74,20,43,168,156,177,112,199,58,46,199,93,198,32,12,134,184,151,106,65,104,69,141,156,120,85,38,5,121,146,88,21	4,2,0.8905,0,94;7,4,0.6575,1,102;2,0,0.2225,0,43;1,3,0.0095,0,72;7,0,0.1625,3,5;0,4,0.3005,0,253
evidence-temporal-train-00656	5	2	1	165,107,147,100,184,69,83,153,209,123,67,150,76,28,173,117,92,60,179,41,158,116,198,170,16,138,141,10,2,93,214,131,52,37,21,45	1,0,0.0625,0,207;3,3,0.2245,0,98;3,2,0.6445,0,211;3,1,0.8855,0,204;3,1,0.9155,0,211;2,1,0.4075,0,42
evidence-temporal-train-00657	10	1	1	150,140,86,20,173,21,215,195,6,34,153,69,166,118,93,50,116,167,182,141,68,12,174,90,198,132,32,40,185,62,107,45,125,99,146,81	5,2,0.9435,0,135;7,0,0.1055,0,64;1,4,0.8995,0,165;8,4,0.4795,0,149;2,1,0.9695,1,143;4,2,0.8175,0,134
evidence-temporal-train-00658	3	0	0	107,49,145,124,43,135,7,179,208,139,38,69,157,58,100,189,149,18,22,158,79,195,175,45,173,82,93,26,114,88,141,117,202,192,11,67	6,1,0.4685,1,40;1,4,0.7055,0,203;0,0,0.7845,0,82;6,0,0.1565,0,153;3,1,0.4655,0,200;3,5,0.7555,0,97
evidence-temporal-train-00659	0	3	0	130,118,47,69,138,108,190,184,68,28,83,63,10,93,21,91,99,194,192,81,196,8,186,149,202,52,20,172,158,141,124,199,44,114,148,35	7,0,0.9845,0,226;3,1,0.9835,2,10;3,5,0.8015,0,118;8,1,0.6005,0,64;2,2,0.5955,1,111;3,0,0.5955,0,21
evidence-temporal-train-00660	3	0	1	191,28,117,93,166,150,45,110,5,208,171,56,18,137,171,66,166,69,112,82,21,10,157,166,126,145,59,79,42,141,195,88,196,100,133,37	4,0,0.5575,0,114;3,3,0.5615,0,250;7,1,0.4895,0,207;6,0,0.1705,0,34;3,4,0.1935,0,52;5,3,0.3665,0,37
evidence-temporal-train-00661	1	3	0	66,148,124,69,91,19,116,42,93,210,209,13,63,141,164,117,133,104,45,182,51,167,84,26,208,175,162,39,3,80,184,108,149,139,21,209	2,3,0.6155,0,173;1,5,0.4635,0,144;2,5,0.4495,0,79;7,2,0.6485,0,133;7,2,0.9305,0,105;3,3,0.6855,0,233
evidence-temporal-train-00662	2	2	1	21,19,192,183,147,80,209,82,150,33,112,202,93,209,69,65,138,162,198,179,56,131,90,4,48,58,208,10,123,44,161,118,102,144,37,109	3,0,0.6715,0,160;8,3,0.8945,3,53;7,0,0.3855,0,127;7,0,0.4865,0,104;5,3,0.1335,1,176;2,1,0.5605,3,89
evidence-temporal-train-00663	9	0	0	18,99,149,68,131,185,69,176,8,21,203,82,117,34,42,141,80,126,157,114,163,47,145,136,27,14,157,49,93,154,179,161,107,192,59,89	7,4,0.4345,0,46;2,0,0.5185,2,177;0,1,0.8255,0,206;7,0,0.3445,0,238;2,1,0.4135,0,135;5,1,0.1195,0,241
evidence-temporal-train-00664	0	3	0	21,69,135,15,109,214,136,189,148,126,149,65,141,113,94,53,157,32,179,34,200,117,4,197,63,82,88,165,99,174,169,17,80,166,45,40	3,5,0.3635,0,103;7,0,0.0335,0,232;4,5,0.3965,0,174;7,0,0.0495,1,141;2,3,0.3645,0,158;5,5,0.0995,0,3
evidence-temporal-train-00665	10	2	1	62,139,147,20,57,186,41,45,198,104,35,190,204,110,94,11,1,90,66,173,21,69,86,154,116,117,199,125,210,150,183,77,132,141,33,201	0,1,0.9975,0,237;8,1,0.3295,0,82;8,4,0.5125,0,43;4,4,0.5795,1,222;7,4,0.8345,0,31;4,2,0.6205,0,201
evidence-temporal-train-00666	0	3	1	150,91,213,191,159,113,170,179,77,160,118,15,85,93,21,197,39,20,202,148,98,28,66,129,144,137,61,2,43,132,194,52,45,69,106,210	1,5,0.8975,0,132;3,5,0.6275,0,125;3,3,0.5535,0,217;4,3,0.6055,0,155;1,0,0.2765,1,216;8,2,0.3755,3,12
evidence-temporal-train-00667	1	0	2	93,38,161,162,1,187,45,64,88,14,120,182,211,100,211,137,201,51,69,16,168,141,83,73,160,175,31,63,123,145,113,151,21,40,110,133	0,4,0.1535,0,14;6,4,0.1215,0,184;2,5,0.0005,0,171;0,1,0.0445,0,191;3,4,0.3925,3,206;2,3,0.3105,0,216
evidence-temporal-train-00668	5	3	1	187,58,127,90,148,1,208,52,160,21,93,162,135,111,191,40,32,140,45,174,36,13,164,16,69,113,150,156,117,84,65,198,188,141,103,81	0,3,0.1665,0,209;7,2,0.1185,0,72;3,0,0.2135,0,38;8,2,0.5355,0,64;6,5,0.3555,0,76;6,5,0.8175,0,80
evidence-temporal-train-00669	9	3	0	148,207,192,19,91,122,34,21,45,81,158,156,140,205,114,205,43,149,210,172,117,31,93,106,69,170,141,67,133,59,13,54,98,85,200,8	7,3,0.7185,0,35;6,0,0.6725,0,237;5,1,0.6955,0,27;8,3,0.7045,0,235;1,0,0.4865,0,17;1,3,0.9445,0,104
evidence-temporal-train-00670	2	0	0	186,127,45,110,35,164,166,213,21,28,76,169,14,145,149,60,82,69,88,117,19,114,66,55,42,139,141,187,158,185,93,195,167,101,4,131	3,4,0.7995,0,243;3,1,0.5405,0,17;6,2,0.5945,0,147;3,0,0.1045,0,94;4,4,0.4755,0,69;6,1,0.6805,0,69
evidence-temporal-train-00671	2	0	1	200,109,45,145,119,93,158,116,157,69,150,3,128,44,103,190,60,75,83,33,131,165,171,205,202,16,66,12,38,90,136,23,52,193,179,141	2,2,0.1625,2,168;8,4,0.9975,0,25;3,2,0.4125,0,39;2,1,0.4245,0,191;6,3,0.9765,2,169;7,1,0.0125,0,20
evidence-temporal-train-00672	2	1	2	46,201,49,93,16,169,107,69,27,40,181,174,10,119,114,83,140,22,101,92,6,74,126,146,214,141,151,38,170,68,201,132,185,59,177,180	5,0,0.1285,1,56;2,4,0.0595,1,124;0,1,0.8285,0,117;1,1,0.8515,0,106;4,1,0.4555,2,45;5,2,0.9095,0,87
evidence-temporal-train-00673	1	0	1	93,29,89,169,13,103,150,117,85,23,210,113,45,69,36,58,141,187,75,188,19,189,108,55,171,201,164,66,145,133,196,136,42,123,186,1	0,3,0.6875,2,249;4,2,0.4185,0,78;6,0,0.4725,0,15;2,3,0.3975,0,248;6,2,0.3155,0,44;2,3,0.0065,0,133
evidence-temporal-train-00674	1	2	0	93,33,56,45,149,125,161,166,100,116,141,147,90,10,41,172,106,137,75,120,152,21,65,206,86,35,69,210,207,183,17,133,4,60,159,209	3,0,0.3935,0,162;8,1,0.3855,0,41;7,2,0.2185,0,96;2,4,0.5225,0,106;3,0,0.9855,3,226;4,3,0.3325,0,66
evidence-temporal-train-00675	5	3	0	111,90,214,139,98,190,184,7,133,19,44,12,61,38,148,45,149,52,188,127,186,197,165,80,28,160,69,117,162,112,64,93,85,21,173,141	6,2,0.7285,0,179;3,4,0.9935,0,247;3,3,0.0365,0,108;7,3,0.5015,0,194;1,5,0.0405,0,31;6,3,0.7985,0,1
evidence-temporal-train-00676	5	0	0	76,72,166,149,12,145,155,180,181,100,130,181,63,93,45,155,88,123,106,21,142,86,117,16,214,37,137,180,6,175,65,51,41,31,115,188	5,2,0.0655,0,104;6,3,0.3475,0,230;2,5,0.3535,3,108;3,4,0.0885,0,237;3,0,0.7485,0,183;2,0,0.3955,1,232
evidence-temporal-train-00677	1	2	0	18,32,117,41,61,137,182,84,193,176,107,202,142,149,37,7,68,168,121,12,91,21,147,209,191,174,211,45,51,101,113,72,75,202,135,93	6,2,0.5955,0,210;7,3,0.2975,0,108;2,3,0.8475,3,82;2,2,0.7695,0,143;4,1,0.3745,0,81;0,5,0.2865,1,9
evidence-temporal-train-00678	10	2	0	149,109,175,197,164,147,45,69,90,65,42,215,62,193,112,136,33,206,144,119,101,3,93,201,160,83,37,20,155,158,76,122,22,54,132,12	2,2,0.9365,1,136;8,3,0.4725,0,74;5,4,0.3665,0,95;3,1,0.4585,0,235;4,3,0.0945,2,83;1,2,0.0995,3,229
evidence-temporal-train-00679	6	0	1	93,21,131,60,117,194,150,115,97,164,52,111,145,64,76,127,12,136,34,199,88,16,69,195,186,191,141,199,45,186,197,7,85,44,215,30	6,2,0.0785,0,65;5,0,0.8225,0,132;3,2,0.0815,0,27;3,3,0.0895,0,211;0,5,0.7375,0,238;6,1,0.0545,0,58
evidence-temporal-train-00680	6	2	0	186,134,183,62,1,83,66,176,45,180,114,147,15,117,167,185,169,93,75,109,41,18,141,122,169,209,21,28,35,88,53,137,201,100,149,69	0,5,0.5265,0,5;3,1,0.2185,0,135;4,4,0.4635,0,24;2,1,0.1735,0,220;3,3,0.5755,0,20;1,4,0.3465,0,62
evidence-temporal-train-00681	6	0	2	84,79,25,153,140,51,58,162,5,167,172,68,21,20,91,93,166,135,45,113,141,213,121,161,211,151,10,69,35,175,117,106,103,158,40,145	4,0,0.8995,0,63;0,1,0.1725,0,185;2,0,0.8665,0,189;6,2,0.7845,0,81;6,0,0.2995,0,192;0,5,0.9705,0,38
evidence-temporal-train-00682	8	3	1	182,45,91,112,25,193,173,93,60,117,99,50,150,200,65,18,70,131,168,3,78,148,170,177,152,141,172,108,35,124,137,87,41,21,14,172	2,4,0.5115,0,97;0,1,0.3385,0,234;1,2,0.2865,1,182;5,5,0.6785,0,4;2,2,0.1135,0,221;3,1,0.3165,0,202
evidence-temporal-train-00683	1	2	0	21,67,206,80,203,16,14,141,45,202,173,201,4,82,117,69,123,178,147,195,62,105,215,53,88,134,111,33,149,179,36,93,161,140,112,43	3,4,0.1625,0,223;8,2,0.6845,0,214;4,4,0.7815,0,168;7,0,0.1015,0,172;8,5,0.1745,0,31;2,4,0.9765,0,108
evidence-temporal-train-00684	8	2	0	30,140,119,161,212,93,176,91,201,59,43,149,12,175,161,131,17,38,24,45,6,65,178,167,147,82,97,78,69,113,57,141,174,127,166,108	5,2,0.3555,3,175;5,4,0.6315,0,252;8,1,0.2055,0,232;5,0,0.7835,0,106;0,2,0.2655,2,63;6,1,0.8205,0,54
evidence-temporal-train-00685	10	2	1	162,150,171,13,69,36,115,178,183,137,156,164,117,107,74,62,57,18,82,134,190,147,21,141,187,9,169,93,99,67,124,92,28,42,188,45	8,3,0.5525,0,84;3,2,0.5955,0,82;8,4,0.7635,0,12;1,0,0.8365,0,90;2,1,0.6925,0,172;3,4,0.3995,0,115
evidence-temporal-train-00686	1	0	0	88,45,203,5,181,76,16,112,69,145,41,169,32,39,210,136,197,195,106,21,93,68,99,118,60,189,189,141,124,13,180,160,51,85,149,134	4,3,0.1605,0,175;7,5,0.2195,0,40;2,2,0.9715,0,154;3,3,0.0295,0,163;2,0,0.0425,1,78;3,4,0.0215,0,47
evidence-temporal-train-00687	7	2	0	149,89,4,98,155,178,14,58,93,172,31,49,115,69,137,43,65,173,185,160,176,84,200,126,117,143,74,130,45,35,197,24,16,208,110,147	3,4,0.1335,3,32;6,1,0.7055,0,200;0,0,0.2115,0,41;1,2,0.3475,0,62;1,4,0.7085,0,3;5,0,0.3905,2,35
evidence-temporal-train-00688	1	0	0	62,121,81,21,65,93,106,45,69,149,17,2,167,91,113,189,56,145,27,203,36,156,82,133,201,117,99,141,13,200,167,188,166,42,137,203	1,3,0.3835,0,186;2,2,0.5815,0,50;7,4,0.2105,0,165;8,0,0.6165,0,8;2,0,0.2365,0,233;0,3,0.2835,0,194
evidence-temporal-train-00689	2	3	2	141,24,194,164,13,160,130,156,8,93,52,136,103,88,107,186,117,148,123,37,193,75,60,85,198,69,115,65,206,181,45,20,27,174,40,151	7,3,0.9205,3,115;2,3,0.0675,0,103;3,2,0.3995,0,240;2,3,0.0195,0,165;6,1,0.7265,0,233;2,0,0.0165,0,92
evidence-temporal-train-00690	6	0	2	151,116,145,162,110,197,1,89,27,102,173,174,141,49,87,73,131,136,45,194,125,93,19,21,13,65,191,35,41,69,198,209,193,117,58,171	0,3,0.6455,0,150;2,1,0.3175,0,170;0,0,0.2355,0,42;0,5,0.3185,0,94;5,4,0.8615,0,24;4,1,0.0075,0,165
evidence-temporal-train-00691	10	2	2	15,46,184,151,181,67,170,75,135,52,99,93,140,39,185,156,147,6,21,125,119,69,154,167,141,153,195,185,16,88,44,61,107,112,26,83	5,5,0.0005,0,165;1,5,0.9335,1,123;3,3,0.7595,0,254;2,1,0.1035,0,28;2,1,0.1155,2,240;4,5,0.8205,0,198
evidence-temporal-train-00692	3	0	1	139,43,164,167,124,91,1,10,69,115,33,141,74,84,21,57,47,183,135,213,153,162,59,99,93,108,64,145,18,156,171,37,117,171,159,150	0,0,0.5635,0,200;8,3,0.6555,2,146;8,1,0.0585,0,139;1,2,0.7085,0,68;2,2,0.6065,0,63;3,5,0.7475,0,239
evidence-temporal-train-00693	10	3	2	109,134,122,154,141,203,42,172,105,93,140,202,69,114,62,21,31,92,148,155,66,18,173,45,194,151,15,117,6,209,80,53,186,82,39,182	5,5,0.5555,0,225;6,5,0.5665,0,21;4,4,0.5945,0,98;7,0,0.8915,0,64;8,3,0.4865,0,193;1,4,0.9245,0,223
evidence-temporal-train-00694	9	0	1	122,145,155,19,183,150,42,206,59,99,210,135,82,68,170,215,71,27,184,57,21,169,116,95,141,92,137,110,195,8,212,76,119,14,34,45	7,4,0.6825,0,110;2,0,0.5795,0,224;8,1,0.9935,2,213;3,0,0.9505,2,123;2,4,0.8545,2,227;1,5,0.2965,0,10
evidence-temporal-train-00695	5	3	0	31,154,86,100,200,17,60,44,141,117,21,116,199,204,111,15,3,88,55,68,93,203,126,149,182,215,39,181,131,75,45,191,148,69,185,140	2,5,0.2515,0,36;6,5,0.8625,0,109;6,2,0.9925,0,244;2,4,0.0285,0,53;3,5,0.8895,0,46;5,1,0.9105,0,88
evidence-temporal-train-00696	8	2	1	40,147,21,150,207,171,94,122,112,109,66,140,6,39,25,132,69,19,209,206,163,85,141,197,178,75,58,45,120,90,179,102,49,13,152,200	5,3,0.6465,0,72;0,5,0.1995,0,158;0,0,0.5315,0,68;2,3,0.4725,1,240;5,3,0.1945,3,241;1,2,0.9225,0,157
evidence-temporal-train-00697	10	1	2	113,160,209,12,117,34,22,132,173,41,192,197,139,63,146,73,50,179,89,29,164,108,102,64,71,20,93,129,46,160,87,3,206,151,141,152	2,2,0.9055,1,66;4,0,0.2345,1,87;1,5,0.0735,2,91;0,5,0.2525,0,63;5,2,0.2585,0,119;8,2,0.6825,0,99
evidence-temporal-train-00698	9	3	0	196,20,77,69,64,55,167,95,138,12,149,214,91,58,5,41,148,127,141,104,86,187,199,110,178,170,191,113,34,27,45,207,117,163,130,24	4,2,0.9295,3,45;2,0,0.3615,0,104;6,0,0.0095,0,204;4,4,0.7115,2,140;7,4,0.3955,0,195;6,0,0.4195,0,156
evidence-temporal-train-00699	1	0	1	119,86,183,198,208,106,69,198,45,202,122,6,215,136,141,38,56,76,190,89,13,177,27,135,21,150,105,93,44,197,59,19,65,113,145,165	5,3,0.6225,0,57;2,4,0.9895,0,228;7,1,0.2275,0,136;3,4,0.2355,0,190;8,0,0.2955,2,5;1,5,0.0685,0,119
evidence-temporal-train-00700	10	2	2	147,151,43,69,52,112,135,141,201,202,101,62,191,138,162,14,91,75,21,194,125,45,109,18,67,173,34,86,117,93,186,213,5,28,188,162	4,4,0.5115,0,208;3,0,0.7565,0,131;3,4,0.6055,0,63;2,4,0.6775,0,208;4,3,0.0305,0,18;4,5,0.5505,0,145
evidence-temporal-train-00701	1	1	2	38,196,181,116,69,170,111,131,159,6,68,117,165,146,83,44,125,16,12,152,77,141,45,191,91,151,192,57,58,99,93,186,138,155,27,24	5,2,0.1925,3,224;2,4,0.9735,0,217;8,0,0.8865,0,182;4,1,0.7045,0,221;2,5,0.9695,0,83;4,1,0.5295,0,24
evidence-temporal-train-00702	10	2	1	164,17,105,190,134,150,109,93,188,153,170,21,14,211,54,74,136,68,88,7,26,41,124,190,38,83,165,209,69,63,47,147,143,114,185,117	6,4,0.2545,0,152;1,4,0.2135,2,111;5,5,0.9815,0,186;1,1,0.0095,0,162;8,3,0.4295,0,150;3,4,0.0235,2,63
evidence-temporal-train-00703	1	0	0	71,63,184,64,130,89,111,4,190,207,137,101,149,190,188,93,21,168,75,178,114,117,203,35,41,13,213,30,45,87,16,124,145,56,206,141	3,3,0.1085,0,106;5,1,0.3505,0,25;7,5,0.1705,2,50;2,5,0.2825,0,208;4,5,0.5215,0,104;3,0,0.3735,0,133
evidence-temporal-train-00704	6	2	1	10,208,147,141,61,45,208,27,68,133,138,124,40,111,6,21,83,198,186,180,69,17,114,120,104,93,154,197,89,150,214,192,211,49,73,34	5,0,0.3075,0,243;2,0,0.1375,0,49;0,3,0.8495,0,128;0,1,0.2915,0,209;7,5,0.5035,3,76;3,3,0.4645,0,141
evidence-temporal-train-00705	2	0	0	28,45,186,65,16,71,213,210,3,15,88,44,52,149,114,158,145,98,83,120,21,165,143,176,63,137,129,77,171,191,174,135,94,108,34,179	2,5,0.0335,0,131;3,0,0.9015,0,137;3,5,0.2105,2,247;4,1,0.1615,1,176;1,2,0.4215,3,34;8,5,0.2515,2,133
evidence-temporal-train-00706	9	2	0	52,174,152,202,90,82,167,61,149,162,117,19,176,21,114,152,147,93,45,141,191,179,104,177,72,10,67,38,109,78,133,138,31,3,122,43	2,0,0.7595,0,235;6,4,0.7115,0,104;3,3,0.7955,3,73;5,0,0.5655,0,159;7,3,0.4775,0,152;1,3,0.5635,0,180
evidence-temporal-train-00707	1	0	0	107,134,102,137,165,86,69,75,44,39,215,149,117,172,183,116,48,204,12,19,21,190,215,2,124,62,93,55,214,68,91,26,144,184,145,178	1,2,0.6015,0,60;1,5,0.9925,3,66;6,4,0.9985,0,58;2,4,0.6195,0,101;5,1,0.9605,0,155;3,4,0.3155,3,50
evidence-temporal-train-00708	10	2	1	189,62,176,33,162,200,20,157,131,188,41,14,153,87,37,68,147,4,165,176,79,57,188,23,45,103,123,150,143,117,69,110,93,115,88,137	3,4,0.8395,2,136;8,3,0.3155,0,191;8,4,0.8575,0,61;6,5,0.0265,0,23;6,4,0.7285,0,152;2,1,0.3075,2,159
evidence-temporal-train-00709	5	2	2	199,147,199,117,59,175,200,87,144,99,211,123,140,18,22,46,205,44,94,26,112,69,161,151,91,179,52,108,178,7,35,74,65,155,10,134	6,0,0.4835,1,92;1,1,0.8265,1,45;3,1,0.2015,0,161;1,5,0.7375,1,34;2,2,0.0265,0,144;2,4,0.9395,3,17
evidence-temporal-train-00710	10	3	1	197,23,75,199,183,4,107,164,42,124,144,150,96,190,115,62,11,136,69,135,29,177,38,207,82,215,117,203,90,98,45,148,20,52,65,190	3,1,0.8415,2,65;4,4,0.4875,0,237;3,4,0.2315,0,2;2,0,0.5025,3,206;1,1,0.6565,0,224;3,5,0.1275,3,187
evidence-temporal-train-00711	5	2	2	31,215,43,202,197,52,8,117,109,134,21,18,48,36,91,114,124,194,93,13,61,171,141,86,197,147,79,183,177,137,67,100,203,151,155,72	7,3,0.5355,0,175;6,2,0.7725,3,135;3,3,0.7235,3,245;6,4,0.6105,0,149;3,3,0.5305,0,36;3,4,0.3005,0,35
evidence-temporal-train-00712	6	3	0	91,215,47,177,141,85,200,164,121,133,12,117,149,148,67,72,185,186,3,164,138,183,116,107,16,102,55,43,76,155,59,94,21,37,25,202	2,2,0.0115,0,151;0,3,0.7525,2,187;6,1,0.7905,3,125;3,3,0.6525,1,154;5,1,0.8235,0,199;0,3,0.4585,0,37
evidence-temporal-train-00713	1	3	0	3,43,93,89,212,185,149,136,187,175,117,14,185,185,158,126,87,27,199,134,99,72,108,18,45,63,21,159,141,160,53,64,75,116,34,148	2,4,0.5875,0,253;2,0,0.6595,0,230;4,5,0.0675,3,111;2,5,0.2185,0,182;2,2,0.9035,0,207;5,4,0.0805,0,123
evidence-temporal-train-00714	3	0	1	21,101,198,141,167,41,117,161,211,4,139,197,180,64,150,27,36,76,213,69,107,87,58,90,52,10,45,121,182,93,145,132,16,159,179,112	3,0,0.1145,0,0;2,2,0.2065,0,52;3,0,0.1555,0,43;3,5,0.4125,0,180;4,1,0.1745,0,105;0,2,0.6955,0,248
evidence-temporal-train-00715	0	3	0	196,80,158,121,59,189,83,148,21,176,202,89,113,117,97,149,17,69,14,48,213,40,166,96,162,39,52,140,4,28,107,201,64,130,141,175	3,4,0.2845,0,58;3,5,0.0265,3,251;3,1,0.1755,0,194;7,1,0.2185,3,204;0,1,0.3745,0,246;0,0,0.8555,0,249
evidence-temporal-train-00716	7	0	2	93,187,114,117,169,98,159,123,43,168,14,21,151,2,92,47,28,145,157,35,169,134,62,158,111,85,140,76,164,66,143,16,69,50,178,179	1,4,0.0615,0,251;3,1,0.7655,2,47;1,4,0.4735,0,21;3,3,0.9645,0,14;1,5,0.4225,0,12;2,4,0.8165,2,255
evidence-temporal-train-00717	10	0	0	170,42,113,45,149,181,118,69,91,9,98,139,173,176,107,154,93,53,141,12,63,86,135,145,124,197,27,77,202,20,68,214,21,197,161,34	8,2,0.8205,0,48;2,0,0.5675,0,177;4,5,0.9865,0,27;4,4,0.7435,0,7;1,1,0.2385,1,12;3,5,0.7605,0,197
evidence-temporal-train-00718	1	3	0	24,5,18,103,149,78,84,90,117,45,173,53,69,148,206,122,160,60,132,176,93,202,15,212,193,116,139,43,209,203,37,144,27,68,171,108	4,5,0.4805,3,60;2,3,0.6835,0,26;4,2,0.8955,0,155;5,2,0.4475,0,62;6,2,0.9425,0,91;1,2,0.6625,3,133
evidence-temporal-train-00719	1	0	0	105,65,69,2,175,145,37,166,197,17,211,176,134,141,178,88,75,191,149,61,11,112,192,119,85,44,108,136,172,21,55,45,93,163,125,27	1,1,0.2035,0,57;2,3,0.9175,0,8;6,3,0.2705,0,164;2,3,0.0935,0,4;8,2,0.1605,2,230;4,4,0.1275,0,148
evidence-temporal-train-00720	5	3	1	14,209,65,207,199,103,187,197,204,50,116,21,175,150,69,130,126,61,74,37,111,148,9,117,19,31,82,192,136,88,176,141,41,45,94,174	8,4,0.6575,0,113;6,3,0.3405,0,96;1,3,0.3405,0,2;1,0,0.1825,1,204;6,5,0.8605,0,224;5,0,0.1645,0,143
evidence-temporal-train-00721	2	3	1	25,132,148,69,155,8,90,110,126,202,12,158,65,45,117,76,199,169,36,150,102,53,112,136,185,21,157,174,62,93,83,144,40,210,191,20	7,2,0.9885,0,10;0,2,0.0925,0,175;4,4,0.2825,0,53;3,1,0.4015,0,221;5,4,0.1865,0,79;5,2,0.0285,3,130
evidence-temporal-train-00722	1	0	2	215,112,170,34,21,117,123,192,90,190,75,141,51,204,188,151,45,63,212,65,6,28,42,136,145,168,13,98,69,86,203,107,17,158,135,95	5,3,0.3075,0,234;3,0,0.5535,0,6;2,5,0.2455,0,123;2,4,0.4085,2,149;1,1,0.0345,0,180;2,5,0.1755,0,192
evidence-temporal-train-00723	10	3	2	93,166,17,30,133,21,54,36,213,118,105,13,86,156,141,140,1,148,75,151,91,175,112,196,198,111,43,163,166,69,125,45,203,204,63,64	0,3,0.3225,0,37;5,2,0.6375,0,54;5,5,0.1865,0,220;2,4,0.6435,0,47;8,5,0.1405,1,84;4,3,0.8945,0,236
evidence-temporal-train-00724	1	0	0	18,149,86,69,30,145,160,98,180,207,67,75,141,12,48,134,113,164,158,3,137,174,21,122,172,42,93,117,62,214,90,157,50,37,110,159	2,2,0.5445,0,165;5,3,0.4225,3,22;1,4,0.6435,0,20;2,4,0.5915,0,249;1,4,0.2885,0,207;1,4,0.3445,0,46
evidence-temporal-train-00725	6	1	0	141,127,10,176,105,43,172,131,149,79,19,25,185,69,212,116,37,146,67,157,53,91,158,108,93,45,176,181,63,117,8,137,21,200,182,82	7,0,0.7305,0,109;0,3,0.7415,0,3;4,5,0.7815,0,203;6,0,0.7935,0,41;8,2,0.9325,0,237;6,1,0.3125,0,66
evidence-temporal-train-00726	5	2	2	137,75,20,171,112,56,5,157,21,122,147,92,151,39,45,152,135,179,84,105,183,180,141,154,188,110,69,42,66,117,93,15,194,31,215,58	4,5,0.8335,0,252;6,5,0.5925,0,42;7,0,0.5115,0,14;2,2,0.9715,0,47;8,4,0.0825,0,27;1,5,0.2085,0,139
evidence-temporal-train-00727	1	3	0	51,64,39,180,144,19,44,80,206,137,59,7,173,11,178,93,173,178,104,27,192,117,88,45,87,149,184,69,215,123,130,112,176,108,148,21	6,1,0.7635,0,58;2,5,0.8885,0,249;2,1,0.0955,0,25;7,5,0.1885,0,218;7,2,0.1245,0,63;2,0,0.3875,3,251
evidence-temporal-train-00728	5	2	2	4,154,200,18,157,163,141,134,152,15,191,113,82,185,34,76,52,89,136,96,128,41,25,117,62,45,151,66,155,203,69,108,147,21,99,183	3,5,0.4165,0,33;0,0,0.3405,0,167;3,4,0.5505,0,190;3,0,0.2775,3,78;2,2,0.2285,0,203;7,4,0.0115,0,177
evidence-temporal-train-00729	7	3	0	75,96,186,191,21,45,156,11,137,149,141,86,3,123,92,40,165,109,148,169,67,98,69,117,115,60,173,169,38,50,157,20,154,215,134,33	2,1,0.9305,0,8;8,4,0.0825,0,19;1,2,0.7885,0,207;2,4,0.8455,3,30;1,3,0.7595,0,183;2,4,0.2555,0,106
evidence-temporal-train-00730	1	2	1	41,208,67,115,58,141,14,83,39,54,117,105,106,172,154,89,136,69,147,121,190,48,3,160,132,26,168,155,191,188,150,93,77,20,21,179	2,4,0.9365,0,77;1,5,0.3395,3,215;5,0,0.7505,0,22;4,1,0.3445,0,71;8,0,0.7125,0,71;0,2,0.1235,0,83
evidence-temporal-train-00731	8	2	2	45,117,168,172,151,62,21,116,100,92,141,17,36,106,54,170,170,128,40,67,147,69,79,192,184,198,168,130,140,95,160,177,26,10,5,83	4,0,0.3805,0,71;1,2,0.0945,0,100;5,4,0.6205,0,223;6,1,0.8665,2,47;3,0,0.9385,0,156;7,0,0.8935,0,21
evidence-temporal-train-00732	10	0	2	152,160,152,167,20,87,21,175,74,99,115,203,30,93,44,138,130,121,92,68,179,7,163,144,151,62,12,158,109,117,145,179,69,57,37,45	6,2,0.8065,0,215;5,3,0.9945,0,73;8,4,0.9135,0,97;1,5,0.8655,0,23;2,3,0.7235,0,115;0,0,0.4595,3,221
evidence-temporal-train-00733	1	2	2	188,151,45,107,130,154,117,160,103,138,205,184,126,71,3,85,93,113,40,90,34,29,147,215,49,213,195,67,201,61,74,165,141,13,21,20	2,3,0.9905,0,140;4,0,0.1095,0,82;0,3,0.6895,2,198;1,3,0.4665,0,22;6,1,0.2835,0,58;5,0,0.5995,0,104
evidence-temporal-train-00734	10	2	2	130,156,54,100,111,176,92,23,13,81,45,192,60,93,117,112,123,4,41,84,69,27,141,178,67,206,17,196,203,151,147,140,200,188,37,183	3,3,0.3735,2,66;2,3,0.3055,0,139;5,2,0.6145,0,232;8,2,0.9005,0,218;3,5,0.0775,0,3;2,0,0.9875,0,86
evidence-temporal-train-00735	2	0	2	69,128,22,28,100,85,93,44,137,175,113,117,176,67,165,35,108,60,132,90,79,145,155,45,158,159,50,202,204,213,13,185,151,17,141,2	1,3,0.3335,1,150;3,1,0.8795,0,224;1,2,0.6145,0,94;6,3,0.4825,0,216;3,2,0.3965,0,105;7,2,0.2315,0,171
evidence-temporal-train-00736	1	0	2	18,97,82,116,141,135,12,43,39,197,123,110,71,192,185,45,64,138,6,118,188,27,88,163,79,204,51,145,202,157,154,60,151,94,21,183	5,2,0.4675,0,190;2,5,0.7945,0,55;2,2,0.0385,2,163;6,0,0.0845,1,121;0,4,0.8325,1,191;2,5,0.5085,0,91
evidence-temporal-train-00737	0	3	0	45,143,117,133,148,187,103,12,180,53,136,93,107,206,28,172,168,39,149,59,203,21,42,69,183,8,92,113,190,67,158,17,73,129,206,85	7,2,0.3325,0,27;3,5,0.5275,0,32;4,1,0.6135,0,234;0,3,0.8695,0,202;6,1,0.2065,0,88;8,3,0.1255,2,63
evidence-temporal-train-00738	2	2	1	78,48,138,106,44,116,58,175,35,150,21,2,83,191,68,182,147,69,120,132,92,33,200,16,57,191,160,185,10,164,154,141,98,93,205,124	1,0,0.1525,0,119;8,1,0.9085,3,23;8,0,0.8455,0,186;5,1,0.8895,0,77;1,0,0.8405,3,32;3,2,0.4345,0,166
evidence-temporal-train-00739	0	3	1	204,116,15,213,77,67,46,126,8,166,148,197,193,36,132,181,69,136,161,100,95,18,32,110,60,40,194,117,85,210,150,88,57,22,141,215	7,5,0.5585,1,34;7,2,0.0555,1,230;8,2,0.6665,0,165;4,3,0.0455,2,168;3,4,0.9445,0,103;5,2,0.0395,0,166
evidence-temporal-train-00740	3	0	2	117,207,101,167,15,128,130,166,190,93,151,137,45,64,214,21,113,43,87,8,89,198,158,141,16,38,145,110,28,72,51,63,155,157,160,75	7,5,0.0515,0,168;3,4,0.6945,0,200;2,5,0.1355,3,241;2,5,0.3295,0,21;4,4,0.2895,0,0;7,0,0.2355,0,12
evidence-temporal-train-00741	1	3	1	169,150,33,109,136,125,82,60,212,196,130,99,15,207,116,88,117,69,21,65,20,155,3,34,164,169,52,45,44,214,93,167,141,148,199,75	2,5,0.8595,0,219;8,0,0.8185,0,167;3,2,0.3835,0,147;2,0,0.0545,0,59;2,3,0.8185,0,161;4,0,0.0945,0,145
evidence-temporal-train-00742	10	2	2	136,181,39,15,63,93,31,203,99,151,9,177,46,185,183,110,53,160,21,147,69,130,68,17,193,170,123,40,81,84,115,144,207,117,179,91	8,5,0.2375,0,155;6,5,0.0955,1,246;4,5,0.9985,0,155;8,2,0.6915,0,156;2,4,0.6865,0,17;2,0,0.0415,3,29
evidence-temporal-train-00743	8	1	0	120,86,170,90,163,44,141,149,3,69,54,192,27,15,212,45,78,67,110,192,39,196,158,16,93,209,196,146,136,63,121,114,99,175,21,130	2,5,0.1375,0,225;2,5,0.8295,0,183;5,5,0.7645,0,44;5,4,0.5065,0,72;2,4,0.4315,3,246;0,0,0.0115,0,249
evidence-temporal-train-00744	0	2	0	107,119,206,203,45,85,93,130,51,76,40,123,11,29,158,166,141,37,61,115,207,147,88,67,24,72,149,153,193,207,98,164,136,20,2,191	1,1,0.9905,3,51;4,3,0.0475,0,143;2,3,0.7135,3,242;3,3,0.1515,0,164;1,1,0.7175,2,24;2,0,0.0895,0,215
evidence-temporal-train-00745	3	0	1	38,44,117,51,90,210,136,150,93,62,100,45,67,145,196,16,76,21,14,69,170,83,125,200,193,107,5,207,175,114,28,176,171,133,152,141	4,4,0.1585,0,32;3,4,0.8345,0,72;2,4,0.6495,0,215;3,1,0.5025,0,188;3,1,0.4355,0,25;4,3,0.0485,0,59
evidence-temporal-train-00746	2	3	2	43,167,171,210,82,93,49,5,68,69,166,114,90,195,215,205,101,28,39,140,21,45,130,154,81,192,185,125,151,141,10,18,117,60,106,148	4,0,0.4855,0,250;3,5,0.6185,0,72;0,2,0.8325,0,198;8,0,0.4665,0,158;4,0,0.5775,0,245;4,0,0.9535,0,226
evidence-temporal-train-00747	5	2	2	83,134,9,163,162,60,171,21,38,188,112,201,140,169,31,45,16,51,95,42,199,141,15,69,117,99,192,107,154,67,88,121,151,200,147,73	8,5,0.0995,0,51;6,4,0.4545,0,7;2,2,0.6115,0,78;0,1,0.1665,2,134;2,1,0.0085,0,69;0,4,0.8785,0,142
evidence-temporal-train-00748	10	2	2	147,123,85,81,59,45,117,17,107,136,41,152,194,132,93,69,200,92,157,4,30,50,141,34,196,209,21,11,175,205,179,114,151,66,102,153	3,1,0.3955,0,11;5,0,0.2735,0,177;1,1,0.4135,0,90;8,3,0.8965,0,133;5,1,0.4065,0,130;2,2,0.0005,0,139
evidence-temporal-train-00749	5	3	0	61,134,159,16,164,28,93,148,45,37,165,208,162,114,69,136,40,142,117,163,14,184,188,88,149,160,108,67,84,7,195,122,55,21,80,103	6,4,0.0005,0,173;3,3,0.1435,0,87;6,3,0.7965,0,240;7,2,0.0295,0,145;6,2,0.5315,0,137;1,4,0.0165,1,105
evidence-temporal-train-00750	7	2	1	117,175,92,196,214,130,33,19,194,69,140,93,129,37,155,197,150,86,204,40,65,21,99,57,9,144,177,183,116,48,74,181,10,61,147,106	8,0,0.6595,0,202;8,3,0.0045,3,52;8,3,0.2525,0,135;1,4,0.9955,0,188;2,0,0.9785,0,100;8,0,0.9255,3,205
evidence-temporal-train-00751	2	0	2	58,49,203,21,160,202,20,12,156,44,193,66,194,36,7,138,102,141,154,27,80,117,164,122,47,145,160,112,186,69,151,111,95,132,89,82	6,2,0.9185,0,156;2,2,0.9965,2,191;0,0,0.5645,0,204;7,0,0.3875,2,17;5,5,0.1125,0,62;1,2,0.5615,0,80
evidence-temporal-train-00752	2	0	1	137,103,202,93,65,127,22,45,106,112,51,161,180,183,14,70,212,43,165,35,28,83,184,132,170,150,141,92,77,145,157,4,20,62,177,118	3,4,0.8105,1,22;3,1,0.6095,0,78;2,4,0.2975,1,214;4,1,0.8695,0,233;6,0,0.0605,1,203;6,2,0.2385,0,35
evidence-temporal-train-00753	10	3	1	141,34,52,174,41,15,68,132,32,89,9,185,74,139,20,172,58,106,148,162,69,174,21,87,192,127,196,45,150,167,100,116,117,93,214,161	8,5,0.8165,0,91;7,0,0.2055,0,68;3,0,0.8155,0,148;1,5,0.2725,0,78;3,0,0.8325,0,231;6,2,0.7745,0,146
evidence-temporal-train-00754	6	2	1	214,60,37,69,174,93,91,213,45,174,209,141,154,1,25,117,82,21,171,14,18,169,186,102,138,150,65,76,210,116,121,110,43,135,53,147	0,4,0.4725,0,130;0,3,0.7515,0,39;4,2,0.2155,0,29;3,0,0.7505,0,12;5,4,0.8815,0,184;0,5,0.4835,0,124
evidence-temporal-train-00755	5	3	0	113,93,205,91,109,194,189,16,180,35,65,118,79,42,169,127,199,136,45,61,32,133,101,162,83,159,55,149,141,21,165,174,148,15,69,4	3,5,0.1965,0,164;7,1,0.4265,0,225;6,3,0.3355,0,9;6,1,0.6305,0,148;4,3,0.2505,1,183;6,3,0.1915,0,65
evidence-temporal-train-00756	7	3	1	207,9,88,104,122,29,86,81,17,113,170,150,176,177,153,11,148,155,72,157,139,119,62,141,193,202,187,35,45,44,23,93,107,133,64,56	8,1,0.2935,2,186;4,1,0.9445,0,187;7,4,0.0425,3,64;8,4,0.1115,0,164;7,1,0.3785,2,212;1,3,0.6365,0,174
evidence-temporal-train-00757	10	2	2	45,80,85,129,61,19,166,175,114,12,6,36,40,141,151,53,214,117,21,111,156,66,147,162,130,184,137,176,211,194,91,198,69,93,105,27	5,2,0.7905,0,111;2,2,0.0175,0,169;4,3,0.5795,0,32;7,3,0.7095,0,163;8,5,0.4155,0,74;8,0,0.2945,0,128
evidence-temporal-train-00758	10	0	0	144,45,97,21,140,174,157,205,211,55,91,16,197,117,184,15,114,183,135,58,82,154,69,33,145,38,75,149,96,201,127,43,64,106,213,2	1,5,0.0515,0,56;8,4,0.7835,0,232;6,0,0.1725,0,146;2,0,0.7555,3,121;0,0,0.4915,0,127;6,5,0.9825,3,222
evidence-temporal-train-00759	10	1	0	93,43,106,146,47,165,55,105,36,205,14,117,21,74,138,82,123,59,131,149,192,156,153,185,29,116,155,199,202,141,88,67,18,5,70,154	4,4,0.4005,0,188;4,2,0.6025,2,114;6,1,0.6565,1,2;1,0,0.0675,0,41;8,0,0.8645,0,31;2,1,0.5825,0,85
evidence-temporal-train-00760	0	0	0	94,194,36,201,212,48,6,100,12,211,73,110,133,118,40,153,128,214,187,53,66,210,61,149,21,139,112,208,33,198,16,87,71,90,143,145	5,2,0.1595,0,240;8,2,0.0135,3,87;4,3,0.5185,2,231;0,5,0.4815,1,104;3,4,0.0895,1,97;7,3,0.7925,2,214
evidence-temporal-train-00761	2	2	2	93,131,32,88,12,3,87,188,204,192,66,69,159,103,113,183,50,18,141,45,117,185,44,151,160,193,109,59,35,75,147,21,198,202,139,129	2,2,0.5455,0,144;7,1,0.9625,0,90;1,1,0.5715,0,111;2,5,0.1425,0,49;6,3,0.2835,0,245;8,1,0.7055,0,169
evidence-temporal-train-00762	1	1	0	78,19,191,37,104,83,141,146,163,168,112,187,90,9,199,68,149,111,69,61,183,48,117,40,193,132,21,129,51,165,182,93,26,137,184,13	8,3,0.7625,0,82;1,3,0.1685,3,55;2,3,0.9955,0,138;5,1,0.4365,0,18;7,5,0.1305,0,144;8,2,0.2815,0,200
evidence-temporal-train-00763	2	2	0	189,162,11,124,184,29,130,5,149,211,147,119,47,21,167,65,93,139,91,76,170,103,116,83,39,58,141,57,16,181,152,43,69,110,198,209	4,1,0.1895,0,187;4,5,0.6535,2,78;8,0,0.3485,0,100;3,1,0.7255,0,184;6,4,0.9915,2,178;3,0,0.7585,0,133
evidence-temporal-train-00764	8	3	1	79,63,134,14,155,124,20,150,108,185,100,119,39,182,163,205,2,172,69,32,179,91,45,154,160,54,115,84,40,139,148,141,67,21,93,163	1,4,0.8015,0,186;7,5,0.0275,0,132;5,5,0.6445,0,219;6,2,0.7625,0,32;3,2,0.6635,2,90;3,4,0.6335,0,92
evidence-temporal-train-00765	6	0	2	207,161,215,13,69,45,29,96,174,107,34,121,63,91,152,133,23,138,87,75,112,144,49,66,151,40,210,169,102,2,17,145,117,202,188,156	1,3,0.2975,2,230;4,0,0.0035,0,130;0,5,0.5825,0,100;2,5,0.6505,3,191;5,1,0.1895,0,117;0,3,0.4535,3,178
evidence-temporal-train-00766	7	0	1	187,123,39,21,117,64,83,205,89,144,11,185,159,69,52,42,26,159,137,199,131,60,199,45,18,94,8,150,145,214,97,110,168,196,77,116	7,1,0.5005,0,103;1,5,0.4875,0,13;3,2,0.1385,0,31;4,1,0.3045,1,109;0,4,0.9805,0,222;2,1,0.2585,3,58
evidence-temporal-train-00767	9	0	2	195,153,191,21,115,135,61,192,145,120,211,44,93,69,198,84,159,136,28,165,110,8,55,81,92,128,151,45,20,207,13,100,37,175,67,141	7,3,0.8575,0,245;3,3,0.9445,0,9;6,3,0.6035,0,101;8,2,0.9955,0,145;3,4,0.6405,3,228;7,5,0.1315,0,246
evidence-temporal-train-00768	2	2	2	45,201,16,27,182,136,108,164,71,123,134,22,144,194,93,160,153,84,41,112,193,36,191,76,97,61,2,15,119,204,92,151,50,147,182,66	1,5,0.1805,1,177;2,2,0.2715,0,218;1,3,0.5645,2,255;3,2,0.8825,0,98;0,2,0.1005,2,164;2,4,0.1815,3,4
evidence-temporal-train-00769	10	2	1	167,139,152,168,45,41,9,189,10,67,150,103,69,147,122,114,117,214,110,89,134,78,191,157,53,21,176,18,27,84,185,36,185,141,63,93	8,0,0.4285,0,159;2,2,0.2085,0,88;4,5,0.6535,0,232;5,2,0.3675,0,83;6,4,0.4115,0,140;1,4,0.6505,0,69
evidence-temporal-train-00770	10	3	2	109,169,67,39,40,77,185,45,50,139,142,151,31,162,60,117,128,166,93,199,188,176,131,70,183,148,86,102,176,5,13,21,16,116,91,180	4,3,0.0585,0,24;6,5,0.0585,0,158;1,2,0.6275,1,94;4,4,0.7305,0,235;5,3,0.9105,0,59;7,1,0.6575,1,213
evidence-temporal-train-00771	10	3	0	95,9,105,68,69,169,89,83,148,149,35,14,179,114,186,81,208,168,212,117,107,45,21,54,125,201,43,188,59,134,141,140,30,20,153,164	8,4,0.8395,0,98;5,1,0.6325,0,95;5,1,0.9475,0,241;8,1,0.3075,2,211;8,1,0.5055,0,24;4,4,0.8345,0,139
evidence-temporal-train-00772	9	0	0	185,53,89,145,139,9,131,17,198,161,11,112,196,21,31,214,87,129,161,117,80,38,100,143,68,93,154,207,63,71,111,45,149,170,40,154	8,1,0.2455,0,170;6,4,0.1025,0,38;4,5,0.9375,2,197;7,5,0.2015,0,6;3,5,0.0425,0,19;8,1,0.6075,2,190
evidence-temporal-train-00773	3	0	0	19,4,93,110,136,149,117,52,27,183,141,103,145,38,64,184,76,170,116,188,21,162,202,183,198,91,85,132,201,13,41,45,58,69,123,174	3,3,0.7565,0,112;2,4,0.2985,0,240;3,0,0.1055,0,217;3,3,0.7035,0,187;6,4,0.8535,0,138;2,2,0.1495,0,107
evidence-temporal-train-00774	10	3	0	21,40,184,165,27,105,186,37,120,206,180,111,154,73,15,62,143,140,134,53,183,124,95,149,67,4,88,84,184,148,45,69,205,116,16,159	3,5,0.1035,0,177;2,3,0.0785,0,247;4,4,0.6295,0,168;0,2,0.1455,2,25;8,5,0.8895,3,225;3,4,0.9175,2,250
evidence-temporal-train-00775	1	3	0	93,131,165,113,82,186,57,92,107,171,40,161,124,139,172,28,174,169,149,186,148,66,117,191,59,34,80,21,99,3,15,19,157,69,46,144	2,5,0.6845,0,189;3,0,0.1695,1,209;8,1,0.4395,0,26;7,0,0.8875,0,144;2,1,0.3205,0,163;3,1,0.6725,3,212
evidence-temporal-train-00776	8	1	2	109,21,10,207,165,68,151,126,38,118,113,181,69,156,192,99,212,44,206,78,27,47,135,91,93,166,60,5,138,146,157,169,84,56,142,19	4,0,0.6395,0,234;2,4,0.9355,2,121;7,2,0.8505,0,135;5,2,0.6795,0,31;2,3,0.2675,1,16;5,5,0.5565,1,8
evidence-temporal-train-00777	10	3	2	136,96,69,173,12,171,76,141,42,88,85,205,111,58,22,17,156,29,35,45,180,105,179,135,115,68,170,117,124,154,152,148,171,55,5,151	4,2,0.2745,1,79;4,1,0.4025,0,185;6,0,0.9705,0,185;3,3,0.1275,3,44;8,5,0.7505,0,50;3,5,0.1145,0,13
evidence-temporal-train-00778	9	3	1	148,130,64,175,161,11,69,141,150,51,32,5,110,173,127,35,21,104,184,191,214,137,89,114,61,117,18,43,74,213,181,45,82,93,194,200	4,1,0.5645,0,253;7,1,0.7205,0,89;2,3,0.1635,0,76;1,0,0.2355,0,29;7,4,0.5655,0,190;6,0,0.3995,0,107
evidence-temporal-train-00779	9	0	0	74,215,116,149,103,8,128,21,138,145,166,133,190,59,212,64,45,69,86,141,174,179,12,191,35,93,19,91,191,109,117,42,31,56,161,173	7,2,0.7905,0,182;6,1,0.5925,0,232;7,1,0.0725,0,245;1,4,0.6025,0,8;6,3,0.9595,0,208;7,3,0.4185,0,233
evidence-temporal-train-00780	0	3	2	27,45,117,154,156,69,190,135,148,158,199,16,93,92,166,12,198,137,43,104,151,56,62,39,3,142,154,86,23,168,76,68,123,113,175,108	2,2,0.1385,2,121;2,5,0.7885,0,117;7,4,0.8745,0,82;3,4,0.8475,0,157;7,2,0.3395,0,66;2,5,0.3965,1,219
evidence-temporal-train-00781	9	1	0	12,69,139,80,165,149,121,42,57,35,93,196,86,214,146,201,33,171,172,109,45,116,195,191,117,132,20,21,92,192,58,68,154,101,141,8	7,2,0.9045,0,30;8,1,0.4685,0,236;8,0,0.8955,0,54;7,4,0.9055,0,252;4,3,0.9415,0,249;0,2,0.7285,0,247
evidence-temporal-train-00782	9	1	1	156,167,21,185,14,150,67,9,189,169,205,34,107,56,74,63,17,113,43,157,134,215,146,29,69,83,190,88,117,154,137,125,97,45,93,141	8,4,0.3385,0,183;4,0,0.7855,0,233;7,5,0.7185,0,244;1,1,0.1745,0,244;0,1,0.2455,0,11;4,4,0.2375,0,2
evidence-temporal-train-00783	5	2	2	75,72,114,188,170,181,103,202,45,134,158,20,87,141,202,91,124,64,3,137,93,38,25,117,202,199,151,40,61,50,201,191,111,10,147,21	2,0,0.8675,0,153;0,4,0.1125,0,81;1,3,0.0395,3,164;2,5,0.7245,0,197;6,5,0.5585,0,255;3,4,0.3195,0,4
evidence-temporal-train-00784	6	0	0	43,214,110,25,128,49,93,163,137,188,134,200,61,117,66,149,116,21,145,206,11,90,204,142,158,83,2,37,210,196,69,45,16,80,207,104	1,1,0.0585,0,64;0,3,0.7975,0,169;0,3,0.4685,0,115;7,1,0.5625,0,176;7,4,0.8645,0,68;7,4,0.2295,1,248
evidence-temporal-train-00785	3	0	1	117,163,141,27,93,145,19,174,105,85,140,150,173,57,37,48,11,91,169,71,66,21,191,111,212,126,42,1,214,153,164,63,130,181,76,112	0,1,0.7825,0,188;2,3,0.4915,3,157;8,5,0.5745,2,56;3,3,0.6235,0,128;8,5,0.0355,0,53;5,0,0.9965,0,12
evidence-temporal-train-00786	0	3	2	99,115,130,27,148,111,170,90,69,123,54,4,13,179,165,193,84,117,215,75,208,36,44,62,47,190,64,151,20,140,21,165,171,141,191,96	3,3,0.8735,0,137;2,2,0.8115,2,178;5,4,0.0175,0,136;2,2,0.4175,3,173;2,5,0.7705,0,178;2,0,0.9005,0,102
evidence-temporal-train-00787	1	2	1	184,157,168,41,139,15,112,159,153,207,24,188,3,88,65,141,93,147,103,206,74,25,117,69,51,35,199,63,131,17,128,45,83,150,208,107	2,5,0.2305,3,176;0,1,0.3625,0,22;2,5,0.3285,0,26;1,1,0.1635,0,208;6,1,0.0365,0,58;7,1,0.6655,0,173
evidence-temporal-train-00788	9	3	1	110,18,148,11,64,80,184,45,154,205,135,205,83,69,158,33,150,104,52,8,165,117,129,60,113,91,40,37,137,160,201,93,21,141,178,185	7,1,0.4305,0,161;8,3,0.1335,0,67;3,2,0.1135,0,135;7,1,0.7845,0,95;7,4,0.2875,0,214;8,5,0.2775,0,195
evidence-temporal-train-00789	5	3	1	117,99,164,44,31,72,13,58,156,196,37,82,148,134,92,108,205,113,54,78,123,93,162,64,138,196,187,187,174,143,22,7,150,19,45,212	6,3,0.7965,1,14;6,3,0.8515,0,200;5,0,0.0405,3,215;5,0,0.9475,0,203;2,2,0.2825,0,194;2,4,0.5675,2,23
evidence-temporal-train-00790	6	3	1	29,15,45,137,41,161,202,100,88,208,115,87,150,69,163,19,207,1,52,123,183,107,148,21,141,134,182,93,162,60,172,68,199,119,39,74	0,5,0.7725,0,41;4,5,0.2125,0,9;3,2,0.9825,0,234;1,5,0.0815,0,65;3,1,0.6795,2,75;2,4,0.3275,0,61
evidence-temporal-train-00791	5	2	1	154,121,21,79,63,39,55,93,92,150,187,194,69,189,200,147,47,154,190,215,120,11,16,83,164,134,115,109,139,65,158,25,1,144,44,102	0,1,0.1255,0,117;0,5,0.9455,2,218;6,5,0.3955,0,170;6,1,0.8905,0,31;5,3,0.6235,3,8;0,4,0.7645,3,176
evidence-temporal-train-00792	9	3	0	63,82,46,148,196,193,179,74,149,123,141,133,158,215,137,117,28,64,179,36,20,69,166,93,13,212,8,107,112,21,89,204,157,102,52,40	7,3,0.8615,0,145;3,2,0.1445,1,223;3,5,0.1225,0,38;1,0,0.2025,0,59;5,1,0.0565,0,112;2,3,0.3875,0,101
evidence-temporal-train-00793	10	2	0	147,187,149,103,93,44,198,36,88,9,183,76,27,141,184,198,59,205,184,209,155,83,134,136,120,54,45,107,116,20,66,127,153,71,15,21	8,5,0.9705,0,52;2,2,0.8985,0,100;5,1,0.5405,2,209;3,1,0.1175,0,172;6,1,0.8315,3,133;6,4,0.0565,0,6
evidence-temporal-train-00794	3	0	0	173,139,161,193,117,76,63,149,93,158,67,86,195,156,114,141,158,168,52,145,16,11,127,21,25,4,173,92,34,44,135,69,45,108,105,158	3,1,0.1605,0,237;0,0,0.8935,0,239;3,5,0.7855,0,163;3,4,0.8015,0,6;8,2,0.4075,0,96;6,5,0.7605,0,43
evidence-temporal-train-00795	8	3	1	21,152,75,45,35,82,95,182,186,44,10,141,171,200,157,150,97,123,130,67,109,148,139,212,17,118,200,54,62,115,69,181,33,91,3,194	2,0,0.2925,0,100;8,1,0.8085,0,129;5,4,0.7215,0,207;2,0,0.7945,2,199;0,3,0.7055,1,2;2,0,0.6905,0,7
evidence-temporal-train-00796	3	0	2	130,125,90,57,145,44,87,12,27,164,18,186,151,141,76,100,114,61,65,21,136,117,154,69,170,93,200,3,205,111,201,36,46,198,162,209	2,2,0.5795,0,85;2,2,0.8825,1,175;8,3,0.2315,0,10;3,5,0.5405,0,139;3,5,0.4485,0,138;4,0,0.0215,0,74
evidence-temporal-train-00797	10	0	1	150,75,44,125,152,170,69,180,210,58,4,134,83,174,12,179,192,33,153,65,109,165,38,105,93,88,19,117,141,145,193,48,115,57,24,138	3,2,0.6215,3,164;8,4,0.8475,3,237;8,0,0.2445,0,91;2,1,0.1145,0,19;8,3,0.6595,0,35;4,4,0.4375,0,41
evidence-temporal-train-00798	0	3	2	133,122,39,138,151,116,61,81,117,92,200,100,141,214,106,20,87,45,28,93,156,49,196,69,66,40,175,168,191,21,4,148,190,13,175,175	3,3,0.8515,0,190;3,5,0.0585,0,117;0,3,0.5145,0,106;8,5,0.9115,0,81;3,0,0.8425,0,51;1,3,0.5965,0,73
evidence-temporal-train-00799	2	2	1	92,35,136,104,64,150,168,182,24,45,173,197,93,133,83,201,17,77,117,187,114,147,178,43,107,33,141,174,56,60,198,121,69,11,153,3	2,1,0.3775,3,88;8,1,0.6765,0,42;7,2,0.0935,0,37;4,1,0.9505,0,12;7,1,0.5935,0,71;0,3,0.1105,0,90
evidence-temporal-train-00800	10	3	1	33,42,69,95,136,88,158,60,117,160,97,112,185,2,158,135,205,196,141,210,12,202,150,57,155,197,128,148,17,67,35,45,111,21,74,83	1,2,0.3385,0,38;8,1,0.4595,0,222;8,2,0.7655,0,66;1,1,0.1485,2,1;0,5,0.0945,0,41;7,5,0.0895,0,3
evidence-temporal-train-00801	6	0	0	131,54,114,117,206,170,25,21,149,64,109,14,196,2,69,145,102,82,58,93,16,154,128,210,137,155,204,45,38,161,142,207,74,42,182,89	1,4,0.0565,0,104;0,4,0.5995,0,66;5,0,0.0885,0,156;1,0,0.3315,0,141;5,3,0.4735,0,137;7,1,0.3965,1,222
evidence-temporal-train-00802	7	3	2	38,45,63,90,175,93,99,43,106,170,212,115,151,80,199,131,139,144,68,186,213,15,83,69,148,176,210,27,123,50,117,164,9,19,21,192	8,5,0.7805,0,246;2,4,0.6085,0,175;1,5,0.8045,0,132;7,1,0.5115,0,175;2,0,0.6465,0,84;2,1,0.6905,3,129
evidence-temporal-train-00803	0	3	2	117,177,38,176,133,181,22,69,159,190,163,180,88,199,51,141,124,45,151,73,114,87,139,64,93,41,27,100,10,209,3,148,18,110,60,160	2,0,0.5005,1,148;2,4,0.2265,0,168;2,2,0.1025,0,219;0,5,0.0205,0,131;3,4,0.5865,0,215;3,3,0.6625,0,25
evidence-temporal-train-00804	7	0	2	164,58,127,91,164,117,204,184,15,198,17,209,188,141,65,52,21,145,98,69,109,206,130,114,78,138,87,151,26,93,45,169,41,213,8,39	7,5,0.2615,0,123;1,5,0.3595,0,153;3,0,0.3685,0,204;5,5,0.6115,0,142;1,3,0.5405,0,124;6,0,0.5355,0,70
evidence-temporal-train-00805	0	3	2	117,92,52,110,168,77,139,122,181,158,21,58,182,189,100,158,115,71,215,199,87,33,38,42,17,148,132,190,141,11,45,169,151,3,66,96	2,1,0.2555,0,63;8,4,0.4975,0,188;3,0,0.4995,2,225;4,5,0.8405,3,175;3,4,0.6195,0,236;1,2,0.7345,0,80
evidence-temporal-train-00806	0	3	0	115,198,166,45,69,184,19,178,131,28,84,65,93,166,62,162,148,75,37,5,110,184,101,88,23,182,44,141,117,136,190,182,51,124,11,149	4,1,0.6495,2,69;3,3,0.9225,0,220;2,4,0.3075,0,233;2,2,0.0925,0,17;4,4,0.6205,0,61;3,1,0.0845,0,18
evidence-temporal-train-00807	3	0	1	69,173,33,157,43,19,189,133,162,206,155,168,186,141,85,115,117,12,183,92,138,49,93,37,67,167,106,145,45,1,124,75,150,23,62,105	0,2,0.7025,2,164;8,3,0.6835,0,184;0,4,0.7325,0,147;2,3,0.9015,0,197;8,0,0.7775,0,113;3,3,0.4525,0,59
evidence-temporal-train-00808	10	0	2	2,44,68,114,60,105,193,141,145,37,135,156,51,21,175,212,195,93,117,186,138,19,174,165,88,45,87,151,109,212,189,69,79,128,11,33	1,1,0.6625,0,56;8,3,0.9275,0,40;2,2,0.8275,0,247;6,5,0.1975,0,108;8,3,0.5175,0,220;7,5,0.5605,0,4
evidence-temporal-train-00809	6	0	1	69,137,121,65,179,12,34,117,1,153,75,190,131,141,166,62,180,150,90,26,145,50,111,208,105,95,21,42,189,210,206,45,87,19,113,210	0,2,0.6425,0,72;1,0,0.4185,0,8;1,4,0.2575,0,98;2,5,0.4505,2,131;8,5,0.3625,0,17;0,1,0.2765,0,61
evidence-temporal-train-00810	0	3	2	152,14,117,21,87,179,58,193,177,99,35,203,182,114,133,6,91,204,141,196,41,93,16,137,76,52,188,45,151,129,26,148,71,66,188,106	5,4,0.0455,0,133;1,1,0.3955,0,170;3,0,0.4845,2,21;3,5,0.7685,0,172;2,0,0.4935,0,184;8,3,0.3075,0,180
evidence-temporal-train-00811	10	2	2	41,92,190,8,121,93,161,27,63,35,160,143,82,21,147,151,69,107,130,182,136,53,45,176,165,76,98,193,13,18,158,212,156,114,117,66	7,3,0.5755,0,216;2,1,0.3035,0,99;4,5,0.4585,0,129;3,0,0.8315,0,123;1,1,0.5045,0,249;0,0,0.0145,2,191
evidence-temporal-train-00812	1	3	2	95,59,195,37,17,21,69,91,176,136,128,188,116,151,196,203,134,120,31,148,174,46,99,3,209,211,50,142,43,195,75,85,107,157,15,65	2,5,0.3145,0,99;6,3,0.7825,1,84;1,1,0.3885,0,243;2,3,0.7015,2,230;2,1,0.9165,3,125;7,4,0.0235,1,159
evidence-temporal-train-00813	1	2	1	94,21,211,152,139,147,26,162,77,141,45,69,163,64,208,89,14,59,19,195,51,183,130,3,184,167,106,166,40,117,124,150,114,37,83,97	2,4,0.6675,0,82;1,3,0.1015,0,49;2,1,0.1895,0,160;4,1,0.2225,1,187;0,0,0.5285,0,13;3,0,0.6435,0,242
evidence-temporal-train-00814	2	1	1	93,159,194,154,104,90,57,114,108,17,58,150,128,21,117,77,83,141,179,35,166,130,210,5,25,67,44,139,146,179,159,164,178,70,10,45	4,0,0.3985,0,102;0,1,0.9455,0,136;8,0,0.6485,1,216;4,1,0.5995,0,10;7,2,0.5795,0,14;7,0,0.6825,0,160
evidence-temporal-train-00815	1	0	1	21,67,138,58,37,10,69,132,198,114,171,144,45,43,189,191,86,145,105,121,95,16,150,27,209,9,117,164,173,76,56,89,208,181,177,110	8,0,0.0385,0,225;2,3,0.7245,0,107;7,0,0.7125,0,231;3,4,0.3495,2,93;8,4,0.4815,0,150;0,2,0.5955,3,83
evidence-temporal-train-00816	6	3	1	68,21,169,6,141,69,75,49,91,61,185,113,37,152,150,45,148,187,123,161,25,14,154,110,154,99,136,18,86,117,93,210,134,44,157,177	5,4,0.4355,0,15;0,3,0.8575,0,216;0,3,0.9575,0,239;2,4,0.7505,0,140;2,4,0.3065,0,169;2,4,0.1005,0,43
evidence-temporal-train-00817	10	1	1	109,39,146,45,211,131,49,115,86,75,142,64,41,187,150,175,213,164,140,189,29,89,13,101,69,179,17,21,117,206,177,63,7,93,155,123	6,3,0.3685,0,49;4,5,0.2575,0,225;0,5,0.0505,0,242;2,4,0.3975,0,229;4,3,0.7915,0,211;2,1,0.8405,1,101
evidence-temporal-train-00818	1	3	1	45,85,11,67,21,51,127,148,163,93,107,209,199,9,203,38,160,101,166,25,134,40,214,140,154,61,19,91,80,69,155,117,150,115,141,214	8,1,0.7535,0,164;0,4,0.1185,0,86;2,3,0.6205,0,111;7,3,0.6225,0,147;4,1,0.6125,0,197;6,4,0.8555,0,87
evidence-temporal-train-00819	5	2	2	27,75,91,161,115,201,214,61,147,124,14,102,93,45,151,167,34,55,83,141,192,197,139,110,7,43,187,65,191,190,19,131,120,21,179,69	6,4,0.6615,0,30;2,0,0.6495,0,19;6,3,0.3795,0,122;2,1,0.7645,0,128;5,4,0.6025,3,175;3,1,0.7425,0,238
evidence-temporal-train-00820	6	2	1	150,157,76,13,70,212,159,141,45,210,27,21,169,52,19,147,38,137,117,59,211,210,123,42,68,108,102,212,189,85,130,115,93,1,214,88	0,3,0.7915,0,175;2,4,0.5075,0,107;3,1,0.9495,1,243;3,3,0.0245,0,135;5,2,0.7465,0,63;2,0,0.3015,0,106
evidence-temporal-train-00821	1	3	2	151,168,141,62,36,194,122,16,138,180,66,169,115,90,82,14,104,197,75,203,206,7,69,45,133,119,51,161,21,107,153,148,40,93,164,26	6,4,0.0545,0,215;1,2,0.0985,0,123;2,4,0.5515,0,198;2,0,0.4555,0,11;7,1,0.6015,2,166;1,3,0.4385,0,118
evidence-temporal-train-00822	9	2	0	15,181,177,157,124,157,130,198,112,137,45,93,147,175,83,172,56,69,89,68,4,161,61,37,104,26,141,44,21,117,186,20,149,162,76,108	3,5,0.9125,0,56;1,3,0.9475,0,113;7,3,0.9175,0,183;3,1,0.3315,0,29;7,2,0.0115,0,151;3,0,0.3055,0,18
evidence-temporal-train-00823	2	3	0	69,6,187,149,206,25,89,195,139,84,202,46,40,124,11,21,148,203,205,19,36,117,51,100,79,209,158,207,215,59,114,106,93,65,134,144	5,1,0.7055,0,191;0,2,0.0415,1,248;2,1,0.3205,0,50;6,2,0.2025,0,191;3,0,0.5475,0,149;3,4,0.7235,3,115
evidence-temporal-train-00824	2	0	0	93,196,145,132,111,61,117,188,209,69,4,208,44,36,204,173,21,18,57,138,193,114,193,191,88,87,141,11,123,68,45,76,152,31,97,149	3,1,0.4875,0,215;6,2,0.9865,0,70;8,3,0.8535,0,249;3,5,0.1875,0,121;0,5,0.5825,0,189;2,2,0.4255,0,132
evidence-temporal-train-00825	10	2	1	188,45,191,147,113,54,182,92,196,109,81,150,26,104,197,136,61,135,162,35,214,85,19,93,5,123,13,43,209,165,67,21,117,195,141,69	4,3,0.7525,0,120;1,1,0.6085,0,88;5,3,0.7625,0,57;8,3,0.9905,0,149;7,3,0.2305,0,255;2,5,0.1215,0,227
evidence-temporal-train-00826	6	2	0	141,185,138,47,147,152,67,208,27,69,85,41,109,49,60,210,92,14,207,189,116,192,73,23,93,117,149,132,199,171,18,204,37,3,124,97	2,4,0.4075,2,140;2,3,0.3195,2,215;0,2,0.6415,0,149;0,3,0.8585,0,226;0,3,0.9455,0,239;3,2,0.5815,0,169
evidence-temporal-train-00827	6	0	2	106,90,25,54,63,180,152,69,171,131,114,11,175,45,168,143,73,39,124,166,9,189,41,100,210,145,19,117,21,93,140,87,202,211,151,65	8,1,0.7195,0,152;0,5,0.3075,0,180;5,5,0.3795,0,165;0,5,0.5275,0,166;3,0,0.5185,0,70;3,1,0.9785,2,106
evidence-temporal-train-00828	3	0	2	189,153,87,13,176,51,173,202,177,112,110,93,125,4,43,166,18,66,77,35,156,133,99,31,61,136,141,165,145,151,21,69,48,117,201,90	3,3,0.4255,0,225;6,1,0.6855,3,94;2,3,0.5245,0,65;4,5,0.5865,0,36;2,4,0.1805,0,227;4,3,0.1025,0,59
evidence-temporal-train-00829	2	3	0	107,45,149,148,163,204,89,93,33,100,79,194,62,64,212,140,69,86,176,154,132,21,10,19,168,41,1,183,52,142,113,155,185,34,123,117	0,0,0.6545,0,200;8,0,0.3765,0,155;3,4,0.1635,0,74;6,4,0.3945,0,177;3,1,0.3255,0,203;2,2,0.9725,1,152
evidence-temporal-train-00830	2	2	2	81,206,100,106,158,93,33,59,51,117,88,16,66,144,35,40,184,11,182,163,48,151,126,134,207,179,147,85,138,115,184,72,163,172,3,21	2,1,0.0155,0,184;8,1,0.0065,3,97;2,1,0.5925,3,22;8,3,0.1985,0,184;3,0,0.6775,0,247;5,4,0.4475,3,40
evidence-temporal-train-00831	0	3	2	124,176,198,65,184,95,132,92,17,162,141,179,15,40,151,201,9,28,107,69,115,181,148,200,97,197,61,23,45,118,85,140,161,51,39,73	8,5,0.2395,2,20;3,5,0.1205,0,24;2,3,0.2995,0,161;0,3,0.9395,2,148;0,1,0.7835,1,58;3,2,0.8545,0,186
evidence-temporal-train-00832	9	0	2	132,80,70,16,173,13,167,145,191,137,173,187,210,151,44,34,117,21,45,100,5,152,64,92,55,196,166,87,93,63,115,123,109,188,141,32	4,3,0.0785,0,188;7,0,0.8135,0,124;6,5,0.1335,1,132;7,5,0.8405,0,184;3,3,0.7635,0,201;2,2,0.3165,0,227
evidence-temporal-train-00833	1	3	0	34,143,105,46,84,154,157,159,117,156,3,159,25,74,42,116,106,19,148,179,187,187,149,128,93,13,21,69,90,62,139,132,171,50,193,65	2,3,0.7775,0,201;0,0,0.5885,1,37;1,4,0.2695,0,208;1,2,0.5385,0,25;8,0,0.8565,0,29;7,2,0.7045,2,207
evidence-temporal-train-00834	2	0	2	187,21,188,128,11,167,191,163,52,26,41,48,93,103,132,113,163,159,145,81,151,138,200,211,141,106,90,69,59,117,204,34,67,16,84,9	8,1,0.0815,0,213;1,0,0.3455,3,215;3,1,0.7625,0,229;8,2,0.4925,0,115;6,0,0.3575,0,83;7,2,0.5165,0,121
evidence-temporal-train-00835	1	0	0	84,42,37,48,65,210,69,32,194,11,145,135,197,8,111,155,205,103,16,154,207,214,149,175,90,21,124,52,136,116,93,143,75,63,211,117	7,1,0.0125,0,163;7,3,0.5565,3,15;3,5,0.2295,0,51;2,2,0.5245,0,244;6,5,0.8905,0,228;3,5,0.1785,2,47
evidence-temporal-train-00836	9	3	0	98,171,50,187,142,116,38,182,125,93,192,107,23,117,68,48,69,140,195,43,3,16,83,130,92,80,156,177,27,212,148,162,61,189,13,149	2,3,0.1465,2,47;2,4,0.7225,3,207;1,3,0.9715,0,250;7,1,0.9525,0,205;1,1,0.9485,0,236;4,0,0.9985,1,34
evidence-temporal-train-00837	5	2	1	36,117,4,43,141,60,198,114,147,198,183,150,208,45,26,154,212,100,110,129,212,83,175,158,17,53,12,22,65,80,70,202,89,138,133,93	3,2,0.3355,1,57;1,2,0.7605,0,39;4,2,0.3705,1,2;7,1,0.3615,0,166;3,4,0.4545,0,248;8,3,0.4855,0,46
evidence-temporal-train-00838	5	3	1	73,113,117,21,209,148,45,186,20,99,156,173,93,141,5,188,36,209,69,133,28,206,182,55,86,111,150,68,41,11,184,137,91,195,124,63	4,1,0.8625,0,36;3,2,0.3865,0,34;6,5,0.8065,0,100;0,4,0.6365,0,205;2,5,0.3275,0,113;3,3,0.2855,0,119
evidence-temporal-train-00839	8	0	0	117,186,109,58,114,149,203,130,159,200,215,69,11,93,102,7,21,178,76,64,124,92,37,191,145,210,20,139,42,31,143,214,82,180,48,49	6,1,0.8975,0,206;6,3,0.4575,3,246;0,0,0.0695,0,234;3,0,0.9035,0,16;5,3,0.4065,0,5;3,0,0.7755,2,26
evidence-temporal-train-00840	5	1	1	82,174,35,146,189,163,117,181,127,17,79,69,179,196,89,45,102,42,21,108,9,61,138,192,150,50,14,141,133,93,116,27,209,188,202,64	8,4,0.2575,0,38;2,1,0.4895,0,52;1,3,0.0375,0,41;6,0,0.3305,0,74;5,2,0.8215,0,10;6,3,0.4335,0,59
evidence-temporal-train-00841	9	0	0	76,20,66,156,104,149,141,36,26,93,163,69,162,117,21,167,41,136,174,179,45,90,109,165,145,188,186,125,115,63,15,9,54,130,83,203	8,5,0.8765,0,52;1,2,0.2115,0,178;5,5,0.4145,0,24;3,1,0.4265,0,122;7,3,0.6085,0,82;4,0,0.0285,0,15
evidence-temporal-train-00842	10	3	0	76,190,177,11,45,137,21,187,111,43,214,85,90,123,34,64,171,215,29,3,176,114,117,101,144,72,149,161,19,174,51,63,134,148,167,95	2,1,0.6865,0,115;4,0,0.6145,0,235;2,5,0.0085,3,16;3,3,0.4165,2,46;4,5,0.5795,0,162;2,4,0.2825,3,235
evidence-temporal-train-00843	6	1	2	42,112,111,210,123,199,38,191,119,59,161,32,13,146,130,141,151,22,136,95,170,67,184,47,159,16,75,3,196,190,49,69,172,91,99,84	2,3,0.0405,1,118;7,4,0.5075,2,100;0,1,0.7065,0,143;2,2,0.6615,2,218;2,5,0.1065,2,177;2,0,0.0185,0,178
evidence-temporal-train-00844	0	3	1	92,42,34,150,14,172,45,66,117,175,107,69,3,115,208,189,57,129,191,27,141,58,93,23,170,20,132,137,103,148,76,87,196,214,213,187	2,4,0.9075,2,238;2,0,0.4875,0,152;8,0,0.5765,0,48;3,5,0.9935,0,63;6,1,0.6845,0,153;8,2,0.3335,0,12
evidence-temporal-train-00845	3	0	0	17,162,203,100,117,122,145,213,69,172,135,167,155,49,46,26,193,157,93,116,21,11,68,44,90,39,138,211,210,149,142,3,110,75,87,63	2,1,0.2405,0,188;1,5,0.9625,1,239;0,5,0.8605,0,154;2,5,0.4095,0,95;3,4,0.9545,0,201;1,5,0.4645,1,207
evidence-temporal-train-00846	5	2	0	62,14,208,3,111,80,85,130,215,175,93,64,43,191,29,149,51,137,154,88,147,117,47,153,129,141,36,100,17,69,23,164,186,113,159,190	2,4,0.2985,2,186;4,2,0.7885,2,197;2,4,0.0755,0,155;7,3,0.1535,0,32;3,5,0.2755,0,175;8,0,0.2945,0,218
evidence-temporal-train-00847	5	0	1	215,127,89,198,93,138,43,120,208,150,52,168,110,141,19,46,83,62,180,190,115,179,154,39,203,135,145,3,81,30,69,67,204,12,97,23	2,2,0.7265,2,128;5,5,0.6155,1,11;3,4,0.7535,0,238;8,1,0.2975,0,178;0,4,0.7765,3,86;6,5,0.5775,0,217
evidence-temporal-train-00848	1	3	1	136,90,198,112,60,79,10,127,32,184,109,150,194,34,135,21,192,175,43,51,19,148,159,66,180,144,69,161,191,95,4,46,100,197,86,117	3,0,0.7285,0,14;7,0,0.7435,1,100;2,2,0.5005,0,124;6,4,0.4775,2,188;3,3,0.0905,0,10;6,5,0.1645,3,204
evidence-temporal-train-00849	6	0	0	207,133,16,111,205,209,43,174,181,9,76,116,45,58,90,66,93,21,51,165,139,145,125,175,69,154,39,171,149,117,141,200,82,97,12,27	8,2,0.1325,0,158;2,5,0.7025,0,88;2,0,0.4035,0,166;3,0,0.5885,0,104;0,5,0.9735,0,77;4,3,0.6985,0,130
evidence-temporal-train-00850	9	2	2	112,171,52,80,69,40,118,132,123,153,58,177,93,157,141,147,28,14,64,191,21,152,106,189,151,45,83,138,37,186,17,179,100,2,176,92	1,4,0.3745,0,69;3,3,0.1085,0,165;3,0,0.1705,0,40;7,1,0.8855,0,43;3,0,0.0735,1,18;2,2,0.4835,0,165
evidence-temporal-train-00851	2	3	1	159,141,66,85,42,192,204,45,4,92,59,192,106,93,157,18,201,74,21,99,117,11,140,154,130,36,150,148,127,167,167,159,69,115,29,51	3,1,0.4825,0,94;4,2,0.4815,0,156;2,1,0.4605,0,177;1,3,0.9395,0,36;2,0,0.7715,0,93;6,0,0.8365,0,118
evidence-temporal-train-00852	1	0	0	40,92,86,134,154,207,69,21,96,110,149,211,215,179,168,27,117,62,145,13,113,34,140,17,129,173,67,163,73,4,48,179,204,98,51,141	3,3,0.3915,0,60;2,0,0.0555,3,57;2,4,0.6755,0,28;0,4,0.8495,3,34;1,4,0.2485,0,229;8,4,0.8375,0,1
evidence-temporal-train-00853	6	3	1	148,55,93,203,179,152,18,209,121,97,214,41,62,143,117,116,80,64,108,27,136,23,46,163,191,177,150,83,89,201,133,192,69,9,14,39	8,4,0.5115,2,254;2,5,0.3805,1,146;6,4,0.1465,0,252;7,1,0.2125,0,170;0,2,0.8195,0,207;0,3,0.0575,2,189
evidence-temporal-train-00854	2	2	0	177,69,34,178,88,45,4,164,135,117,196,161,160,193,113,93,49,204,141,185,110,80,85,21,149,136,165,41,127,67,18,32,10,147,58,101	3,0,0.5605,0,111;7,0,0.3735,0,86;0,0,0.6995,0,246;7,3,0.1095,0,26;4,4,0.2485,0,159;6,5,0.0625,0,14
evidence-temporal-train-00855	3	0	0	117,163,121,137,173,179,32,45,108,95,149,152,41,69,92,133,52,38,191,66,97,202,81,145,14,180,179,16,114,176,144,4,61,21,82,198	3,4,0.0645,0,239;7,4,0.3225,0,99;3,3,0.5385,0,67;8,0,0.8405,2,151;0,2,0.5065,0,82;0,3,0.3775,3,243
evidence-temporal-train-00856	1	2	0	153,168,51,41,200,138,130,13,94,113,78,23,108,192,211,176,61,20,161,124,97,90,48,117,164,149,65,174,25,141,174,36,147,69,83,7	6,3,0.8935,2,4;0,2,0.2045,3,26;2,3,0.3115,0,101;5,1,0.5555,1,12;0,2,0.2075,0,171;3,0,0.4905,0,202
evidence-temporal-train-00857	5	2	1	11,173,123,45,179,112,69,183,160,86,88,133,111,170,75,147,25,98,150,22,213,119,68,202,42,2,35,20,96,136,62,141,197,183,55,187	1,1,0.8855,1,223;0,1,0.5525,0,107;6,4,0.8025,0,61;2,4,0.0135,3,241;1,5,0.1135,2,240;2,3,0.1645,0,73
evidence-temporal-train-00858	10	1	1	17,171,82,117,81,112,55,40,126,60,150,92,99,27,202,48,93,143,69,187,108,194,158,174,9,177,64,136,15,36,21,174,133,197,146,174	8,5,0.2135,0,108;2,2,0.1915,3,76;6,2,0.1065,0,127;8,0,0.8785,0,173;2,2,0.0515,0,72;5,3,0.1175,2,72
evidence-temporal-train-00859	1	0	0	75,197,27,45,49,149,97,61,93,69,198,130,117,18,201,38,21,121,192,137,112,3,109,156,67,204,141,209,84,89,215,40,145,14,183,204	2,4,0.4625,0,17;2,4,0.1445,0,53;0,3,0.7405,0,221;2,2,0.2985,0,126;0,3,0.0985,0,244;0,0,0.2035,0,105
evidence-temporal-train-00860	5	3	1	50,41,201,59,69,102,15,150,45,140,113,93,167,155,211,106,117,141,205,121,82,32,155,131,76,19,7,21,39,88,148,184,187,67,190,157	6,5,0.7355,0,190;7,5,0.2785,0,245;1,1,0.7465,0,161;3,0,0.0965,0,236;5,0,0.2205,0,100;0,1,0.9615,0,207
evidence-temporal-train-00861	5	2	1	133,109,85,136,11,45,117,147,194,195,42,186,185,116,197,21,141,90,49,32,17,169,126,38,7,162,95,167,166,150,69,59,78,103,184,67	6,1,0.3225,0,162;7,4,0.5995,0,43;0,1,0.7285,0,241;5,3,0.4815,2,60;6,3,0.9315,0,96;5,3,0.0695,0,86
evidence-temporal-train-00862	2	2	0	106,3,147,93,207,45,202,149,202,23,69,67,124,161,112,59,181,193,16,170,56,117,133,136,33,162,143,185,103,11,158,92,40,37,77,83	2,1,0.1115,2,35;8,3,0.0845,0,73;7,1,0.7215,0,113;4,1,0.9675,0,91;6,0,0.0165,0,196;3,3,0.1305,2,245
evidence-temporal-train-00863	6	0	0	192,159,39,210,167,127,93,137,175,44,25,205,185,11,69,85,132,108,61,89,149,196,193,21,215,78,67,45,115,20,120,145,1,100,52,141	0,1,0.8315,0,45;0,5,0.9405,0,151;3,3,0.6565,0,132;5,3,0.2155,0,3;3,2,0.6935,3,68;6,2,0.3925,0,131
evidence-temporal-train-00864	9	2	1	171,150,99,46,202,176,117,4,67,69,153,16,126,135,91,80,183,107,85,93,44,21,147,136,112,33,36,191,208,175,175,51,144,181,59,11	3,1,0.0935,0,175;8,2,0.8415,1,81;2,1,0.6565,0,102;7,3,0.6045,0,64;2,1,0.0465,0,81;5,5,0.1825,3,1
evidence-temporal-train-00865	10	2	1	169,4,15,16,200,109,79,213,147,66,32,112,141,125,39,150,87,63,178,40,182,91,174,21,69,97,93,134,167,173,117,138,53,48,152,186	3,5,0.1125,0,49;7,5,0.0715,3,160;4,5,0.4655,0,13;6,5,0.6775,0,172;0,3,0.1065,0,135;4,4,0.4625,0,111
evidence-temporal-train-00866	1	3	1	163,112,23,45,42,13,141,208,200,101,211,156,20,51,169,150,34,92,73,196,148,1,117,170,96,30,87,69,61,66,157,137,135,109,155,123	0,3,0.8115,2,200;5,0,0.4585,0,227;2,3,0.5225,0,230;0,5,0.8265,3,77;4,3,0.0105,0,41;2,5,0.3135,0,135
evidence-temporal-train-00867	7	0	2	35,131,197,167,47,117,52,154,145,93,69,114,214,21,171,81,11,41,98,66,178,141,122,165,26,198,137,59,151,165,20,88,159,2,111,83	1,1,0.9745,0,245;1,1,0.2105,2,154;3,1,0.5815,0,7;8,1,0.1865,0,102;1,5,0.4735,0,139;1,1,0.3915,0,19
evidence-temporal-train-00868	1	3	1	91,165,139,56,20,69,34,65,215,116,150,148,45,10,166,200,201,87,196,8,99,134,129,61,117,94,109,183,203,78,32,206,42,142,21,168	7,0,0.9855,0,27;7,0,0.4375,0,77;7,3,0.3595,0,85;5,5,0.6045,1,148;2,3,0.8445,0,150;8,4,0.6695,1,9
evidence-temporal-train-00869	8	3	0	169,139,105,112,209,183,93,165,148,121,37,89,81,22,153,30,117,110,69,66,149,142,59,157,157,17,45,6,131,178,55,11,165,42,200,86	5,1,0.2005,1,207;5,3,0.5035,0,39;6,1,0.4075,0,251;8,4,0.3275,0,204;8,4,0.0445,0,60;0,1,0.6595,1,251
evidence-temporal-train-00870	8	2	2	93,122,180,58,29,15,54,195,147,160,21,88,191,116,83,46,136,191,16,165,76,40,189,102,72,117,39,108,133,141,65,161,3,209,151,180	2,5,0.0755,0,103;4,5,0.0735,1,129;5,0,0.3165,3,10;3,1,0.1185,0,10;5,2,0.8365,0,44;1,3,0.0365,0,253
evidence-temporal-train-00871	7	2	0	137,50,123,149,212,68,201,119,195,4,13,147,45,84,69,211,168,98,205,20,143,190,33,172,109,88,78,40,115,204,93,22,61,173,36,135	3,3,0.9745,1,205;8,2,0.1105,0,207;1,3,0.9595,0,108;5,2,0.1545,0,240;1,3,0.6585,2,23;2,5,0.3325,2,35
evidence-temporal-train-00872	2	0	1	17,157,102,150,117,36,25,84,198,125,75,203,209,67,180,202,135,190,91,137,93,159,213,141,21,145,11,50,41,45,161,69,1,112,111,59	0,1,0.2255,0,203;0,2,0.2075,0,28;1,1,0.7675,0,53;2,2,0.6715,0,240;5,5,0.1335,0,166;4,5,0.2045,0,237
evidence-temporal-train-00873	10	2	0	10,3,82,207,175,163,29,149,115,91,203,63,141,101,45,182,51,147,200,67,164,154,122,163,109,93,69,18,132,42,205,39,22,117,76,138	2,0,0.4255,1,220;4,5,0.4285,0,154;2,5,0.7995,0,116;3,0,0.7315,0,63;4,3,0.6105,0,158;1,2,0.5765,0,126
evidence-temporal-train-00874	10	2	1	58,55,25,5,45,147,19,110,196,156,175,88,138,78,94,185,97,87,192,189,113,68,40,198,122,117,150,15,72,37,202,21,168,157,134,141	4,5,0.7805,0,65;0,3,0.1755,0,145;6,0,0.9055,3,219;5,5,0.0115,1,170;0,4,0.2015,0,124;1,4,0.5455,0,180
evidence-temporal-train-00875	1	3	1	90,30,141,136,152,14,45,170,175,109,100,173,79,43,59,21,134,148,19,193,150,69,36,93,114,201,49,190,126,87,201,68,190,118,198,3	2,4,0.7515,0,95;5,2,0.6165,0,93;0,1,0.9545,0,117;6,5,0.4805,0,93;3,3,0.4205,1,127;5,4,0.1065,0,3
evidence-temporal-train-00876	3	0	0	156,158,138,95,124,69,62,82,21,31,98,13,51,20,135,201,65,149,200,158,120,145,157,179,73,47,108,212,35,9,175,141,92,44,116,172	8,3,0.8975,0,236;6,1,0.9445,2,41;2,4,0.2925,0,132;0,0,0.9145,2,238;1,2,0.8605,3,179;3,5,0.5215,0,112
evidence-temporal-train-00877	1	2	0	149,153,200,108,196,51,147,152,124,90,141,100,41,96,119,188,45,170,196,32,214,38,140,21,3,18,200,12,81,209,68,85,130,115,70,59	2,2,0.4205,0,7;7,4,0.2205,0,178;2,1,0.8455,1,80;8,3,0.5405,3,7;3,2,0.7755,2,118;3,0,0.8695,0,231
evidence-temporal-train-00878	3	0	1	186,29,124,201,69,93,14,3,82,209,196,150,46,179,193,59,77,176,90,180,169,115,99,20,117,182,107,21,52,68,35,145,137,41,135,141	2,4,0.8415,0,114;4,1,0.2745,1,16;3,1,0.9585,0,32;4,0,0.5215,0,218;2,1,0.6875,0,183;3,5,0.2275,0,121
evidence-temporal-train-00879	5	2	1	147,198,132,110,124,7,89,150,36,44,119,93,78,85,59,176,45,116,138,67,184,172,18,51,141,154,172,103,21,13,196,28,161,179,166,69	6,3,0.4755,0,164;3,2,0.9215,0,81;2,1,0.7845,0,90;5,3,0.2135,0,41;6,4,0.9915,2,91;3,2,0.5715,0,230
evidence-temporal-train-00880	9	0	1	152,184,16,43,155,140,117,126,190,69,37,7,45,142,102,131,90,106,145,172,192,194,154,180,85,114,50,200,66,79,32,15,93,150,62,22	6,5,0.1665,1,9;7,3,0.6105,0,17;1,4,0.5135,0,50;6,3,0.5585,0,34;5,0,0.4325,0,35;5,1,0.9745,1,198
evidence-temporal-train-00881	10	3	2	87,62,148,5,200,14,140,92,164,69,120,197,166,151,141,56,163,135,115,100,196,106,184,21,96,188,129,35,77,170,27,45,43,16,66,172	4,4,0.0165,0,67;2,1,0.6965,0,224;7,4,0.4745,0,5;4,5,0.9405,3,22;3,0,0.7905,3,116;8,5,0.9435,0,157
evidence-temporal-train-00882	10	3	1	44,84,198,120,212,152,126,140,141,45,131,68,197,10,20,93,21,2,192,148,167,212,75,111,165,69,89,188,204,113,102,57,150,34,28,63	1,0,0.8455,0,37;3,0,0.8095,0,183;8,5,0.9715,0,218;2,2,0.3855,0,163;5,5,0.3315,3,183;5,1,0.8895,0,205
evidence-temporal-train-00883	5	2	1	210,115,43,21,7,187,83,141,124,20,147,185,138,131,212,61,47,165,93,179,169,202,66,150,70,202,110,26,36,211,91,105,13,52,76,117	6,3,0.8355,0,245;1,2,0.7675,2,59;3,3,0.5005,1,165;3,1,0.6495,0,172;8,4,0.6335,0,156;3,1,0.5505,0,110
evidence-temporal-train-00884	1	3	0	49,148,45,93,31,38,207,69,170,186,174,99,149,115,161,88,170,62,12,1,162,182,141,66,207,87,43,138,81,20,132,21,111,117,127,156	0,2,0.9845,0,39;6,4,0.6605,0,39;0,4,0.4445,0,230;8,5,0.0345,0,80;2,5,0.7455,0,207;6,2,0.4745,0,236
evidence-temporal-train-00885	8	0	1	38,104,153,126,44,209,208,203,160,191,150,68,20,32,69,58,166,197,184,145,133,117,15,21,87,45,93,108,137,7,52,114,165,91,143,78	6,5,0.9665,0,196;7,4,0.8705,0,26;3,0,0.9935,0,62;5,5,0.6235,0,153;7,2,0.4155,0,77;5,3,0.3145,2,69
evidence-temporal-train-00886	7	0	1	10,74,133,64,182,184,169,107,93,117,69,163,40,16,177,161,31,124,60,192,36,139,3,154,142,21,197,100,46,150,55,145,212,91,115,85	2,0,0.1025,0,156;6,2,0.1635,1,139;6,2,0.1515,0,108;1,3,0.7755,0,174;3,1,0.7675,0,121;3,3,0.7565,1,155
evidence-temporal-train-00887	3	0	1	86,132,100,53,157,203,64,161,29,94,214,117,41,141,150,9,18,178,192,194,207,24,114,12,62,136,73,145,69,110,45,121,37,88,198,169	8,2,0.5105,3,63;4,3,0.2335,0,61;4,4,0.1055,0,72;0,4,0.0475,1,122;3,4,0.5025,0,253;0,2,0.0195,0,6
evidence-temporal-train-00888	1	2	1	176,127,64,150,27,173,87,118,147,135,92,56,36,2,205,19,21,185,173,160,111,210,69,116,93,184,45,75,139,62,141,12,196,199,43,105	1,2,0.6345,0,192;2,2,0.7985,0,188;7,4,0.0905,0,101;2,5,0.8965,0,150;8,5,0.8105,1,224;6,5,0.6875,0,11
evidence-temporal-train-00889	3	0	2	117,86,178,45,68,15,193,214,62,145,123,210,143,210,174,93,2,182,18,43,69,34,113,32,202,21,88,151,100,131,80,52,137,111,191,206	1,5,0.4495,0,0;7,0,0.7775,0,188;3,4,0.8025,0,3;7,4,0.0435,0,196;3,5,0.2135,0,156;2,1,0.2845,2,153
evidence-temporal-train-00890	5	2	0	149,31,198,206,38,19,62,130,40,139,215,202,170,77,199,147,170,45,98,15,203,107,82,57,88,65,212,141,125,21,69,93,116,187,7,117	6,5,0.7995,0,210;6,4,0.1535,0,0;8,4,0.3465,0,186;4,0,0.1075,0,152;1,1,0.9915,0,196;4,0,0.6615,0,161
evidence-temporal-train-00891	9	0	1	70,91,21,68,145,112,76,152,204,139,173,32,131,150,93,98,144,38,107,42,191,179,52,7,13,165,153,60,16,117,45,177,84,202,211,122	6,3,0.1215,0,56;7,4,0.4815,0,112;3,2,0.8315,1,162;3,2,0.7235,0,207;1,1,0.1065,0,228;1,1,0.7415,3,233
evidence-temporal-train-00892	1	3	0	133,9,113,109,122,31,195,99,58,84,51,164,69,65,35,42,22,136,153,45,120,210,211,148,20,168,11,206,185,142,177,89,180,75,94,149	8,1,0.8675,1,123;6,1,0.5215,0,221;2,0,0.2955,0,112;2,2,0.3005,1,75;2,3,0.2775,3,170;1,3,0.0435,1,169
evidence-temporal-train-00893	10	0	0	40,113,105,21,4,92,126,138,166,55,36,174,149,145,211,153,86,189,117,177,131,10,212,141,81,93,70,32,204,66,61,18,45,159,107,191	3,0,0.5555,0,150;7,2,0.1415,0,83;6,3,0.5605,1,227;8,4,0.8045,0,246;8,1,0.2135,0,69;5,1,0.5585,0,89
evidence-temporal-train-00894	6	3	2	168,69,168,115,151,167,172,117,135,16,45,14,185,21,103,29,83,184,126,137,148,204,43,49,153,39,79,68,153,192,88,141,63,3,108,95	2,4,0.0965,0,105;4,5,0.6465,0,152;0,5,0.8845,0,159;6,1,0.0295,2,139;6,2,0.7435,0,80;5,5,0.3095,0,8
evidence-temporal-train-00895	8	0	2	143,182,59,199,93,78,64,134,145,84,156,55,10,38,158,28,192,137,47,110,159,40,23,20,1,88,102,125,151,69,116,152,198,201,192,117	0,0,0.9985,2,56;3,4,0.1885,2,74;6,1,0.1785,0,81;5,2,0.0695,0,135;5,4,0.9075,0,218;4,4,0.3165,2,151
evidence-temporal-train-00896	5	2	2	88,190,51,19,68,201,200,154,45,93,147,151,133,117,166,42,160,186,12,199,184,142,69,28,123,114,7,99,85,174,139,107,80,21,63,37	6,2,0.7495,0,115;3,3,0.4845,0,176;2,5,0.8995,0,13;7,3,0.0115,0,188;2,1,0.5475,0,111;2,3,0.7985,1,238
evidence-temporal-train-00897	9	3	2	64,196,151,213,148,37,80,181,10,72,87,193,31,119,137,93,207,3,154,89,55,40,205,141,60,131,24,176,106,116,19,121,45,203,200,105	2,0,0.7755,3,77;6,3,0.0765,0,41;6,2,0.1925,3,35;7,5,0.2075,0,18;8,0,0.9335,2,150;0,1,0.3495,0,225
evidence-temporal-train-00898	5	2	1	96,112,127,37,150,140,173,163,86,101,162,12,135,9,45,73,49,65,20,59,212,194,69,172,21,203,147,88,109,31,168,141,118,181,42,190	8,2,0.8095,0,71;6,3,0.5195,0,156;0,1,0.2875,0,172;0,4,0.1845,3,51;4,3,0.1255,1,140;6,5,0.9855,0,18
evidence-temporal-train-00899	2	3	2	6,69,133,33,211,41,96,10,138,183,148,188,58,213,123,52,102,199,34,78,208,120,195,151,209,88,207,68,143,83,161,45,18,23,114,111	5,0,0.4135,2,170;8,0,0.2745,0,58;3,0,0.8265,0,145;5,1,0.0335,3,45;5,5,0.4425,3,119;2,3,0.5975,2,182
evidence-temporal-train-00900	3	0	2	110,12,48,49,133,206,199,209,42,69,25,18,76,156,141,192,124,120,174,145,137,99,7,169,89,114,213,37,168,86,65,187,93,21,151,60	6,2,0.5895,0,212;0,3,0.4505,3,63;0,2,0.2895,0,203;3,4,0.3645,0,39;2,4,0.5735,3,16;3,3,0.3955,0,254
evidence-temporal-train-00901	1	0	2	70,66,10,5,133,59,98,177,139,144,200,79,23,27,156,178,193,212,203,151,42,188,36,19,123,45,158,145,84,49,112,117,108,90,93,186	4,0,0.6945,2,122;2,2,0.5585,0,31;0,1,0.4045,1,180;6,2,0.5705,0,82;1,2,0.1035,0,84;2,3,0.7535,3,9
evidence-temporal-train-00902	1	3	0	123,63,185,21,132,73,13,211,18,117,45,149,84,210,50,136,27,206,210,152,71,141,148,1,107,99,158,91,114,42,161,171,166,68,96,39	0,3,0.5215,0,116;2,5,0.4175,0,198;1,5,0.9785,2,167;0,2,0.7895,3,128;2,1,0.5365,0,33;2,2,0.0055,0,175
evidence-temporal-train-00903	10	1	2	161,155,21,109,43,83,126,64,57,117,97,146,199,112,38,164,152,193,13,33,141,17,151,194,88,81,154,45,8,69,208,60,93,137,193,130	7,3,0.3765,0,64;8,4,0.7305,0,202;8,2,0.0705,0,39;8,1,0.0215,0,6;0,3,0.0135,0,188;5,0,0.2035,0,168
evidence-temporal-train-00904	6	2	1	65,87,43,125,160,45,141,181,37,62,215,147,115,150,210,208,107,14,180,93,75,118,104,20,28,159,189,140,186,89,161,69,21,1,54,134	0,4,0.9945,0,191;3,3,0.7205,0,61;5,4,0.2925,0,92;2,5,0.3085,0,1;7,1,0.6055,1,210;4,4,0.8145,0,91
evidence-temporal-train-00905	9	0	0	32,190,93,19,111,210,1,166,42,149,15,45,174,39,105,89,21,133,123,62,143,160,156,64,188,75,145,52,140,71,181,176,114,184,82,117	0,5,0.6395,0,33;7,5,0.4055,0,3;3,4,0.1775,2,66;2,0,0.2875,0,154;8,5,0.4415,0,208;2,3,0.9225,2,184
evidence-temporal-train-00906	7	0	0	55,116,117,93,91,21,98,66,41,156,25,110,143,205,62,159,181,131,198,1,149,140,124,172,82,45,145,38,69,75,161,11,205,19,155,203	0,1,0.7355,0,200;0,4,0.2085,0,77;6,4,0.5225,0,138;2,0,0.7925,0,153;1,4,0.8375,0,107;3,1,0.8845,2,124
evidence-temporal-train-00907	8	3	2	111,182,112,45,59,78,186,205,189,151,6,87,20,57,139,142,201,65,173,90,148,191,21,40,132,34,152,119,29,154,98,69,10,123,93,186	5,0,0.9935,0,183;4,0,0.0765,0,7;8,1,0.2985,0,189;5,5,0.4755,0,141;1,5,0.1825,2,228;2,2,0.7875,1,110
evidence-temporal-train-00908	3	0	1	208,208,76,69,201,25,4,177,13,211,35,21,130,102,188,48,91,150,93,50,154,125,179,190,58,138,41,179,120,67,85,110,141,113,19,145	3,3,0.6315,0,138;0,1,0.2955,3,67;1,0,0.6755,0,6;3,3,0.7485,0,103;5,4,0.2465,3,5;4,0,0.5405,0,110
evidence-temporal-train-00909	6	1	2	69,141,211,110,51,138,197,206,20,192,162,67,14,151,85,25,81,184,201,159,95,104,59,121,211,92,40,45,115,117,21,146,1,36,199,134	0,4,0.9895,0,46;0,2,0.1435,0,4;2,1,0.6195,0,36;8,3,0.8445,2,236;7,4,0.7495,0,43;0,4,0.4085,0,107
evidence-temporal-train-00910	6	3	0	37,81,19,31,121,213,148,69,1,61,13,155,149,45,197,176,90,111,189,135,42,141,166,140,56,117,64,164,21,94,182,179,83,99,209,114	0,3,0.6035,0,123;6,3,0.4915,0,141;7,3,0.0185,0,14;8,1,0.4125,1,60;2,5,0.4115,0,159;0,5,0.8245,0,43
evidence-temporal-train-00911	0	3	0	149,51,68,106,113,81,62,84,3,93,138,141,178,117,208,92,135,148,209,37,16,203,40,192,172,105,163,213,124,207,45,30,15,69,192,22	2,5,0.0985,1,213;5,3,0.0685,0,182;2,4,0.9965,0,108;8,2,0.8505,0,168;8,0,0.3705,0,123;3,5,0.5065,0,157
evidence-temporal-train-00912	9	3	0	108,141,180,187,19,195,128,63,194,65,45,83,168,9,37,148,93,149,27,12,76,139,40,112,184,181,135,198,200,92,117,54,104,72,21,202	8,2,0.6145,0,169;2,3,0.0085,0,229;5,5,0.3205,3,191;3,1,0.9475,0,118;7,2,0.0465,0,98;7,5,0.6015,0,189
evidence-temporal-train-00913	0	3	1	86,97,175,175,12,93,141,6,148,138,135,156,73,16,214,90,45,52,113,150,169,183,157,21,63,165,41,110,162,125,27,165,39,68,69,117	5,2,0.1015,0,118;2,5,0.2875,0,175;3,5,0.8245,0,167;0,4,0.5345,0,61;0,4,0.2895,0,207;4,5,0.5405,0,254
evidence-temporal-train-00914	5	2	1	208,13,173,21,19,128,132,40,26,85,159,141,117,58,150,106,99,81,202,203,114,52,172,69,94,139,181,147,35,176,4,92,68,45,186,156	3,3,0.7855,0,223;1,1,0.0235,0,253;3,0,0.9605,0,73;8,3,0.8655,1,144;2,0,0.4115,0,172;7,2,0.6015,0,134
evidence-temporal-train-00915	1	2	0	117,30,69,149,63,132,100,178,114,45,176,171,90,77,21,17,209,189,51,12,43,87,107,140,1,155,169,35,176,95,123,147,68,141,169,211	0,2,0.2275,0,77;5,1,0.6805,0,63;2,5,0.8105,0,170;4,5,0.5875,2,223;3,1,0.5195,0,76;2,2,0.8495,0,103
evidence-temporal-train-00916	0	3	2	208,197,93,82,115,148,192,178,202,61,39,51,173,212,206,137,45,130,110,19,151,69,123,76,29,203,141,4,152,15,21,42,118,67,102,89	3,5,0.7275,0,205;4,5,0.5375,0,146;2,3,0.6495,0,227;3,0,0.3635,0,36;5,4,0.6685,1,137;2,0,0.2115,0,66
evidence-temporal-train-00917	1	3	0	60,38,64,28,172,72,148,21,175,16,7,114,207,182,93,177,110,91,117,127,48,84,75,52,131,158,140,153,15,43,156,141,193,204,97,149	6,5,0.1205,0,62;3,4,0.6665,3,24;3,2,0.1075,3,117;2,2,0.6835,0,230;0,4,0.5545,0,212;6,1,0.8035,0,62
evidence-temporal-train-00918	6	2	0	95,161,77,197,37,182,174,82,21,43,104,131,52,127,210,60,12,165,181,115,215,19,202,45,91,29,147,141,108,149,139,1,179,66,72,118	0,2,0.6935,0,110;4,3,0.7495,0,168;3,2,0.5685,3,189;4,0,0.7875,2,91;7,2,0.6215,1,70;6,1,0.6645,0,26
evidence-temporal-train-00919	1	0	0	117,188,145,33,162,42,159,170,169,90,141,21,45,7,136,185,63,51,103,66,37,16,74,10,85,171,112,158,174,121,93,69,149,154,132,110	6,0,0.0685,0,126;8,3,0.5815,0,95;2,5,0.5705,0,16;1,3,0.5035,0,64;6,4,0.1355,0,32;0,2,0.0455,0,166
evidence-temporal-train-00920	3	0	1	86,60,45,93,98,186,150,56,210,38,117,124,205,133,91,157,109,19,69,67,168,141,213,116,145,75,43,4,29,207,24,200,139,215,14,196	3,4,0.6385,3,204;4,4,0.7595,0,100;7,2,0.7065,0,124;2,4,0.7985,0,6;1,3,0.8285,0,254;3,3,0.7965,0,97
evidence-temporal-train-00921	3	0	2	141,145,113,21,178,82,42,93,50,100,192,174,13,90,45,188,20,169,63,131,151,188,9,80,202,201,109,37,28,137,121,193,117,72,201,65	8,3,0.8845,0,169;3,3,0.4655,0,191;1,5,0.2485,3,103;7,0,0.5195,0,75;3,3,0.3145,0,18;0,1,0.2035,0,254
evidence-temporal-train-00922	5	2	1	68,92,118,167,155,181,21,201,75,147,43,30,47,205,85,69,114,63,152,57,150,124,188,100,15,37,17,138,141,200,152,93,181,3,106,135	2,5,0.2095,0,31;5,3,0.7615,2,56;8,5,0.8495,0,31;2,3,0.8745,0,184;3,0,0.4525,1,207;3,5,0.4835,0,119
evidence-temporal-train-00923	3	0	1	121,72,101,4,173,45,16,80,38,133,93,43,28,82,62,212,113,15,90,199,65,204,150,51,212,107,197,198,203,21,168,156,136,117,145,143	3,5,0.0745,0,27;3,4,0.7465,0,202;2,4,0.2155,3,25;7,0,0.4715,0,106;4,1,0.2515,0,244;0,3,0.1555,2,198
evidence-temporal-train-00924	10	3	1	136,148,4,175,28,37,133,96,58,90,81,69,101,154,141,129,66,150,209,108,152,186,174,51,82,22,205,204,45,117,16,40,116,164,179,10	3,0,0.0225,1,47;3,3,0.0985,0,114;2,0,0.4875,0,166;8,0,0.5745,3,83;4,2,0.9145,0,147;8,3,0.1925,0,0
evidence-temporal-train-00925	6	3	0	181,10,149,86,27,76,141,155,190,112,91,189,106,68,135,183,39,117,129,40,49,45,69,6,21,152,137,148,95,17,187,102,59,207,158,172	5,0,0.2435,0,134;2,5,0.0655,0,137;0,1,0.9255,0,44;3,4,0.6725,2,215;5,0,0.1115,0,189;8,5,0.2135,0,200
evidence-temporal-train-00926	2	0	0	93,89,163,69,145,125,141,207,67,204,164,4,156,45,140,153,34,27,204,78,132,44,52,98,82,158,15,18,149,183,110,58,117,24,113,152	3,5,0.5425,3,54;2,0,0.8585,0,32;3,0,0.6565,0,60;5,0,0.3745,0,62;1,4,0.3715,0,1;4,2,0.8725,0,125
evidence-temporal-train-00927	10	2	1	31,125,207,59,87,209,141,208,50,153,152,93,76,92,35,40,21,182,150,135,69,203,147,18,101,13,45,110,9,201,114,177,117,136,171,67	8,3,0.5815,0,211;6,1,0.1205,0,25;1,1,0.7395,0,183;3,5,0.9075,0,3;4,4,0.4185,0,180;4,5,0.1025,0,233
evidence-temporal-train-00928	10	3	1	47,39,61,114,204,141,150,93,87,1,136,202,10,77,26,169,64,178,156,109,162,148,42,70,128,23,118,56,89,135,208,191,206,99,19,160	0,0,0.6935,2,124;1,5,0.5905,2,223;7,3,0.1455,1,91;4,5,0.2115,0,148;2,3,0.5615,1,238;7,5,0.1345,0,195
evidence-temporal-train-00929	1	3	2	148,13,17,141,93,72,194,126,113,89,162,67,42,3,151,79,27,184,132,108,160,117,208,45,83,184,58,21,97,138,160,191,35,202,50,215	2,3,0.3175,0,4;2,1,0.4805,0,122;1,0,0.6125,3,108;6,1,0.3885,0,55;0,2,0.3085,0,105;5,2,0.4635,0,37
evidence-temporal-train-00930	10	0	1	189,183,145,119,122,91,191,85,155,189,81,132,4,37,167,67,109,200,159,40,63,140,143,45,96,53,21,114,155,100,33,208,69,14,150,17	3,4,0.3495,0,226;8,3,0.1015,0,20;4,5,0.6885,0,146;8,3,0.6185,3,2;3,3,0.4595,2,166;1,2,0.9805,2,135
evidence-temporal-train-00931	3	0	2	187,91,201,56,141,2,108,20,212,23,48,192,179,94,123,186,166,134,200,100,58,86,145,64,37,44,117,78,15,192,173,151,138,29,115,70	1,5,0.9215,2,241;4,3,0.9035,3,52;7,0,0.1175,1,187;5,4,0.7195,1,65;3,2,0.6045,0,141;2,4,0.4565,0,95
evidence-temporal-train-00932	1	3	0	175,149,93,110,51,215,28,104,15,212,34,141,117,69,172,85,148,172,58,2,132,77,211,123,40,21,67,167,188,18,91,180,161,113,45,140	1,5,0.5095,0,75;3,0,0.1485,0,242;2,0,0.7205,0,162;4,3,0.7835,0,162;7,4,0.2655,0,86;2,2,0.9855,0,190
evidence-temporal-train-00933	1	3	0	153,85,149,38,125,23,208,74,136,141,112,107,27,117,203,69,8,177,58,200,148,131,88,41,45,183,14,54,193,212,93,204,105,20,66,196	7,4,0.8665,2,194;2,4,0.3445,0,193;5,0,0.5435,0,199;1,3,0.1635,0,18;8,1,0.1425,0,205;4,1,0.1245,0,108
evidence-temporal-train-00934	1	3	2	194,81,151,103,202,89,157,148,82,20,200,55,133,203,128,166,120,116,43,139,37,2,67,69,182,24,93,182,45,108,141,167,15,27,181,63	1,5,0.8675,3,138;2,3,0.6725,0,145;6,5,0.6365,0,204;8,0,0.3205,0,142;6,2,0.8505,3,100;7,3,0.7835,0,154
evidence-temporal-train-00935	7	3	2	117,37,89,6,206,171,135,93,186,112,21,17,168,177,209,50,111,47,136,148,172,14,100,151,75,60,67,84,171,26,178,178,69,122,43,142	5,4,0.3005,0,80;1,3,0.7975,2,66;1,2,0.6615,0,101;2,2,0.3885,0,225;3,5,0.0545,0,14;1,5,0.0205,1,193
evidence-temporal-train-00936	1	2	0	142,93,147,117,157,51,131,100,162,7,69,207,22,34,31,114,66,12,88,149,123,81,202,85,176,45,139,168,195,169,110,40,16,159,63,161	6,2,0.0425,1,134;6,0,0.1085,0,155;2,5,0.5735,0,215;8,3,0.1915,0,52;3,4,0.5065,0,59;2,1,0.7105,1,42
evidence-temporal-train-00937	2	0	1	45,21,14,206,202,117,143,91,83,150,169,53,107,210,136,115,198,102,27,70,61,36,17,124,166,171,77,41,202,134,95,67,145,194,9,188	8,4,0.2085,0,2;2,2,0.2135,0,238;4,3,0.6885,1,198;4,1,0.6875,2,128;5,1,0.6715,0,91;3,4,0.1985,2,133
evidence-temporal-train-00938	5	2	1	141,179,200,127,6,187,150,45,52,75,29,35,63,102,213,11,137,120,93,42,166,179,91,147,20,189,69,130,111,21,112,66,198,83,187,153	5,1,0.8535,0,72;4,1,0.5775,0,210;3,5,0.5245,0,99;2,1,0.6815,0,122;5,5,0.1205,3,222;6,0,0.2855,0,227
evidence-temporal-train-00939	1	0	1	7,190,29,168,144,150,145,201,132,113,93,58,128,119,183,39,57,200,111,139,211,21,89,215,163,200,68,87,16,45,12,40,188,75,69,99	6,2,0.0805,0,7;4,5,0.0705,0,149;8,0,0.8205,0,32;2,5,0.3205,0,170;2,5,0.3145,2,5;7,2,0.7425,3,173
evidence-temporal-train-00940	6	2	2	172,70,185,147,199,111,51,87,39,14,112,203,194,138,100,25,93,45,44,60,17,189,88,68,21,117,4,126,161,79,151,178,174,166,135,141	3,4,0.3045,0,10;0,5,0.8285,0,144;2,2,0.9105,1,61;6,5,0.1295,0,27;3,5,0.0405,0,169;5,5,0.5365,0,118
evidence-temporal-train-00941	1	0	1	13,5,117,32,181,140,187,207,189,21,171,130,69,145,62,90,124,150,36,45,153,114,203,111,51,99,192,94,87,79,20,142,191,66,194,41	4,3,0.8085,0,227;7,2,0.2295,0,100;2,4,0.5945,0,106;6,5,0.4475,1,64;2,5,0.5795,0,47;3,0,0.9525,1,0
evidence-temporal-train-00942	10	2	0	28,45,207,40,165,120,19,61,205,79,53,159,36,179,147,100,155,21,139,135,125,152,9,68,69,109,168,15,141,203,93,83,156,149,115,92	8,5,0.6875,0,168;3,2,0.1045,0,35;4,3,0.8935,0,254;6,1,0.9885,0,253;3,3,0.7095,3,201;4,5,0.7275,0,176
evidence-temporal-train-00943	1	2	0	141,30,106,21,51,164,202,171,196,156,147,86,96,136,124,72,117,74,201,90,19,171,164,66,211,61,41,134,45,100,149,207,38,114,3,13	2,3,0.7905,0,61;5,4,0.3835,0,48;2,3,0.4605,3,138;1,4,0.5275,3,219;3,0,0.4085,0,217;3,4,0.0095,0,91
evidence-temporal-train-00944	9	3	0	135,116,141,34,177,117,152,61,193,191,149,109,31,95,197,148,21,104,136,42,86,184,174,201,3,127,18,79,186,50,45,212,92,69,10,64	2,0,0.5315,0,31;6,0,0.4805,0,68;1,3,0.0775,0,153;6,4,0.8905,2,14;7,3,0.8955,0,238;6,5,0.1845,0,15
evidence-temporal-train-00945	10	3	0	167,117,93,166,37,113,17,45,67,148,207,134,193,111,191,84,213,29,74,69,125,196,21,157,43,58,149,15,89,141,140,52,99,172,167,5	4,5,0.3415,0,80;4,3,0.7895,0,80;3,0,0.6805,0,180;1,2,0.3895,0,1;2,5,0.2275,0,211;4,4,0.9965,0,198
evidence-temporal-train-00946	1	0	0	85,11,60,35,212,44,116,198,25,81,69,167,96,104,90,186,123,133,155,141,21,208,199,64,138,18,170,145,51,117,3,174,45,108,214,149	2,1,0.4005,0,100;0,1,0.8675,0,187;2,2,0.0545,0,67;8,3,0.5775,3,115;7,2,0.8225,0,0;2,3,0.4935,0,117
evidence-temporal-train-00947	10	1	1	137,174,192,53,93,21,68,43,116,130,30,141,183,107,79,2,212,69,150,117,16,84,38,92,207,102,173,156,12,125,175,62,177,154,146,45	1,2,0.0005,0,200;5,4,0.6295,0,103;4,4,0.8155,0,121;6,2,0.9655,0,230;5,1,0.9365,0,213;4,0,0.2785,0,241
evidence-temporal-train-00948	0	3	1	78,115,148,124,38,137,178,45,191,150,111,69,3,11,65,160,59,100,141,207,117,54,26,175,201,40,155,21,90,198,94,152,87,133,19,154	2,1,0.7415,0,10;1,4,0.0455,0,240;5,1,0.3665,0,212;5,5,0.4335,1,81;3,5,0.7645,0,104;3,3,0.3265,0,240
evidence-temporal-train-00949	1	2	0	172,116,40,149,211,21,122,130,108,94,189,206,140,4,83,72,169,61,17,99,192,117,14,52,211,76,214,147,194,206,39,143,92,25,45,67	3,4,0.3855,0,185;0,5,0.1325,0,148;3,3,0.6455,3,147;3,1,0.9165,1,132;2,2,0.9565,0,113;1,0,0.8035,2,6
evidence-temporal-train-00950	3	0	0	102,187,93,141,38,70,40,153,82,75,145,54,190,47,7,133,108,213,116,27,152,212,153,158,149,139,67,23,14,62,20,214,91,124,117,178	6,4,0.8475,2,7;2,4,0.0375,2,206;5,4,0.6115,1,227;2,0,0.6645,0,122;5,2,0.9055,0,103;3,3,0.6915,0,241
evidence-temporal-train-00951	2	0	1	123,208,69,141,177,45,35,164,107,17,13,150,201,167,98,159,67,117,201,93,169,2,138,89,21,42,114,200,84,145,55,81,130,27,204,60	1,3,0.2095,0,146;2,1,0.4365,0,76;6,2,0.7575,0,229;8,2,0.2115,0,228;1,1,0.4215,0,172;2,0,0.4065,0,206
evidence-temporal-train-00952	8	0	2	50,159,111,15,123,18,141,136,103,151,34,21,68,158,6,154,59,186,120,40,90,45,130,205,28,93,160,73,69,113,180,205,182,145,82,214	5,5,0.4685,0,3;3,0,0.0775,0,26;1,1,0.8785,0,61;0,0,0.4285,0,128;6,5,0.3665,3,199;2,0,0.1385,0,255
evidence-temporal-train-00953	1	1	1	181,87,150,117,45,15,60,67,40,185,206,168,92,3,56,27,199,133,112,18,177,69,157,168,143,146,80,125,94,21,36,106,98,139,195,204	2,5,0.5135,0,8;2,2,0.0665,0,194;7,2,0.7645,0,61;7,5,0.8865,1,200;1,0,0.1625,0,111;4,3,0.6725,2,126
evidence-temporal-train-00954	5	0	2	35,86,173,66,4,56,21,210,13,59,133,93,155,151,101,45,17,127,141,111,139,207,187,89,155,189,191,33,145,74,199,120,184,69,115,41	3,3,0.3415,0,223;8,1,0.2075,0,156;7,1,0.5625,0,180;1,4,0.2275,0,57;4,5,0.6795,3,249;6,3,0.6765,0,95
evidence-temporal-train-00955	7	0	0	149,163,49,145,186,31,93,113,2,109,117,20,178,138,88,69,39,62,42,64,176,74,21,121,47,12,184,188,98,141,208,191,194,198,83,130	1,2,0.9615,0,112;6,5,0.4465,2,15;0,4,0.0145,0,108;1,1,0.1375,0,68;1,3,0.2645,0,157;0,0,0.4425,0,134
evidence-temporal-train-00956	6	2	2	157,199,27,147,44,75,199,111,170,202,61,117,138,96,174,124,190,45,141,151,116,176,132,65,72,85,97,36,183,56,10,8,21,17,192,92	7,0,0.3445,0,231;2,2,0.9995,0,230;7,3,0.2205,3,59;2,3,0.9845,3,12;0,5,0.8005,0,104;3,2,0.5005,0,130
evidence-temporal-train-00957	5	0	1	171,69,130,117,145,213,210,102,199,183,45,150,90,51,44,94,31,163,141,115,186,21,168,79,58,68,39,209,124,110,82,186,137,18,9,12	8,2,0.4925,0,216;6,5,0.9315,0,112;2,0,0.9495,0,17;6,0,0.4285,1,166;5,4,0.7945,0,180;3,0,0.2505,0,147
evidence-temporal-train-00958	9	3	1	84,183,21,148,206,196,10,173,64,171,206,33,182,133,100,36,176,170,150,80,2,117,106,93,45,137,116,62,128,40,18,141,51,69,88,214	1,0,0.4145,0,98;8,2,0.0845,0,56;2,4,0.1455,0,150;7,2,0.1455,0,1;3,0,0.9885,0,163;7,3,0.2135,0,44
evidence-temporal-train-00959	5	2	1	99,39,162,117,19,136,42,155,124,86,176,106,69,92,150,45,196,4,21,191,114,28,206,198,80,201,65,55,13,141,164,94,58,147,200,134	3,3,0.6695,0,224;3,5,0.5715,0,165;6,0,0.3115,0,95;7,4,0.9235,1,142;2,0,0.5125,0,209;3,4,0.0275,0,26
evidence-temporal-train-00960	10	2	2	160,195,90,151,113,129,110,101,77,26,67,166,11,194,93,2,21,86,36,184,141,54,59,136,69,134,18,147,214,153,45,214,164,40,117,154	1,1,0.5595,0,190;1,2,0.0175,0,193;5,1,0.7535,0,187;4,4,0.5315,0,100;4,4,0.2595,0,33;8,4,0.0935,0,251
evidence-temporal-train-00961	5	3	0	83,80,88,155,153,110,191,31,116,93,40,208,148,134,191,149,141,69,138,121,68,184,103,51,23,36,157,5,184,117,152,12,157,58,48,17	4,2,0.3685,2,120;6,2,0.0055,3,41;2,0,0.9065,0,88;7,1,0.0095,0,19;6,4,0.9275,0,76;0,4,0.4175,0,74
evidence-temporal-train-00962	1	3	1	208,71,33,107,82,195,179,166,3,159,45,148,21,98,209,208,15,189,51,91,141,117,184,35,115,74,126,93,138,41,130,18,63,173,66,150	2,5,0.4885,0,6;8,1,0.3015,0,199;2,5,0.4815,2,67;1,0,0.7235,0,106;1,1,0.7035,0,96;5,0,0.4585,0,201
evidence-temporal-train-00963	5	2	1	36,5,41,119,134,203,163,166,150,63,73,96,66,100,207,191,14,29,110,169,19,196,136,84,48,69,92,21,176,170,52,154,116,147,141,124	4,4,0.7935,0,32;4,2,0.2175,3,86;3,5,0.5235,0,166;0,2,0.9755,3,137;3,4,0.8075,2,47;3,4,0.0795,0,42
evidence-temporal-train-00964	7	2	0	16,113,68,3,171,21,60,177,79,118,44,206,35,147,15,167,27,52,184,183,141,69,193,149,93,109,191,84,47,154,154,105,88,122,135,140	2,5,0.1995,0,44;2,1,0.9925,2,186;3,2,0.8975,0,176;6,2,0.1045,0,243;8,3,0.3735,1,47;1,5,0.9745,0,163
evidence-temporal-train-00965	1	3	0	172,111,45,176,138,64,124,103,93,17,114,179,26,15,180,52,157,76,37,69,62,206,189,89,214,141,3,149,179,40,21,117,130,148,85,152	2,5,0.3685,0,192;1,3,0.1815,0,109;3,4,0.1235,0,21;3,3,0.3275,0,141;6,5,0.4115,0,93;3,0,0.5755,0,56
evidence-temporal-train-00966	10	3	0	198,193,205,141,116,62,90,67,132,45,209,20,10,69,76,44,149,136,199,211,1,96,28,128,117,173,172,157,105,54,84,110,34,148,172,21	0,0,0.9175,0,12;3,0,0.9795,0,122;5,4,0.7805,0,127;3,2,0.4635,3,96;8,4,0.8415,0,206;7,2,0.1285,0,247
evidence-temporal-train-00967	1	0	0	60,123,69,206,168,45,97,133,86,141,75,186,30,12,172,68,93,152,140,149,20,56,91,9,111,158,188,189,38,120,115,145,21,44,186,203	8,2,0.8015,0,183;5,4,0.8515,0,142;7,2,0.8975,0,118;2,4,0.7145,0,57;0,5,0.6825,3,165;2,3,0.8485,0,118
evidence-temporal-train-00968	1	0	0	104,123,145,169,19,139,141,188,160,149,156,205,87,89,4,44,79,27,119,214,21,58,69,109,168,112,10,67,93,45,34,211,132,152,184,54	3,0,0.7365,0,245;2,0,0.8915,0,113;5,0,0.7585,0,114;6,5,0.3525,0,106;7,3,0.0875,2,237;2,2,0.6715,0,212
evidence-temporal-train-00969	3	0	0	89,15,21,201,41,206,117,69,83,213,100,6,168,77,127,109,145,65,179,193,131,166,159,140,32,149,141,37,58,116,19,206,93,52,182,45	5,5,0.7125,0,42;7,3,0.3305,0,127;3,0,0.2605,0,113;4,1,0.2935,0,161;3,3,0.8025,0,63;6,1,0.8845,0,199
evidence-temporal-train-00970	6	0	0	207,20,4,121,45,62,145,207,106,137,177,74,39,105,87,161,67,149,13,116,41,92,189,183,133,159,55,22,117,194,95,198,141,71,182,29	3,3,0.8025,1,22;4,5,0.3365,0,7;6,4,0.6945,2,54;1,5,0.8685,2,148;8,0,0.9045,0,156;0,3,0.2295,0,143
evidence-temporal-train-00971	5	2	0	181,198,69,141,67,90,149,205,198,147,203,60,32,135,6,16,173,168,119,108,112,87,100,43,95,137,35,81,10,205,21,46,152,177,127,52	5,0,0.0275,0,172;7,1,0.6465,1,234;3,2,0.6275,0,81;8,5,0.4485,2,158;3,2,0.1105,2,74;6,5,0.3955,0,192
evidence-temporal-train-00972	10	2	1	100,113,117,27,141,147,93,138,131,73,194,186,184,193,44,20,129,47,69,180,51,21,195,9,200,150,192,37,65,191,61,211,110,13,87,88	8,3,0.8975,0,241;2,3,0.8715,2,58;2,3,0.2935,0,112;0,5,0.0275,0,220;3,4,0.3175,0,204;8,1,0.4915,0,38
evidence-temporal-train-00973	1	3	1	65,160,109,20,114,153,134,206,141,21,93,99,200,136,186,71,44,75,148,166,12,170,163,121,150,38,45,170,9,60,117,25,54,90,168,82	8,2,0.9195,0,11;0,4,0.9525,0,140;5,2,0.3005,2,157;2,0,0.4965,0,223;2,3,0.5485,0,74;0,4,0.0445,0,21
evidence-temporal-train-00974	10	2	0	163,166,41,46,57,212,91,11,74,115,190,141,39,20,85,194,147,120,131,110,207,105,123,29,93,140,204,23,187,190,68,149,69,168,61,4	3,1,0.9645,2,133;4,5,0.3575,1,141;8,3,0.9415,0,229;1,3,0.6925,0,72;8,4,0.6105,3,212;2,1,0.8725,0,211
evidence-temporal-train-00975	6	0	1	44,189,84,13,185,168,200,125,150,135,21,107,116,170,145,168,37,64,3,72,117,154,25,141,170,17,140,63,157,52,97,167,73,95,88,45	2,3,0.3235,0,204;0,3,0.9965,0,12;3,5,0.1825,3,95;0,2,0.0785,2,120;0,1,0.8135,0,164;4,5,0.9705,0,182
evidence-temporal-train-00976	10	2	2	111,213,167,156,34,101,131,32,139,202,151,64,163,78,192,89,19,86,49,45,63,117,141,40,121,12,178,168,93,115,7,197,21,166,69,147	6,2,0.6235,0,241;7,0,0.1205,0,250;0,5,0.0535,0,90;5,4,0.3565,0,203;4,5,0.7675,0,212;0,1,0.7355,0,204
evidence-temporal-train-00977	5	2	0	67,162,69,157,36,62,88,147,204,124,28,138,13,168,56,132,189,43,117,210,45,7,80,99,176,17,204,193,21,114,93,173,82,149,108,141	6,3,0.2545,0,69;3,2,0.6005,0,159;7,4,0.7465,0,253;7,0,0.1295,0,188;2,2,0.4275,0,74;3,2,0.5385,0,101
evidence-temporal-train-00978	0	3	0	197,66,17,209,123,81,45,137,198,202,4,112,39,130,149,52,40,25,148,87,205,117,207,197,63,100,93,183,176,107,91,12,141,209,21,69	3,2,0.2845,0,113;0,5,0.1065,0,254;3,5,0.5385,0,31;8,5,0.7925,0,4;3,1,0.1855,0,144;2,0,0.3725,0,178
evidence-temporal-train-00979	1	3	0	199,189,200,45,108,26,141,42,92,77,194,69,136,152,157,51,124,84,21,169,206,132,209,8,66,148,189,149,38,99,12,63,94,19,116,119	7,2,0.6725,0,61;1,4,0.5075,0,161;2,5,0.4845,0,95;4,2,0.8045,1,219;2,2,0.8035,2,69;3,2,0.1295,0,44
evidence-temporal-train-00980	1	3	0	59,149,141,139,72,152,64,174,215,173,24,45,125,201,90,3,41,117,189,99,93,148,134,51,77,161,17,198,84,32,10,116,111,39,181,153	2,0,0.2305,3,189;7,5,0.3785,0,247;2,1,0.0275,3,238;4,2,0.5925,0,154;2,5,0.8675,0,108;4,4,0.6335,0,98
evidence-temporal-train-00981	5	2	2	69,212,165,13,21,17,55,92,68,42,133,34,3,153,112,136,169,147,168,129,151,45,117,28,87,179,111,100,62,184,170,191,141,96,73,166	2,3,0.2145,0,38;3,0,0.5895,0,42;6,4,0.9775,0,200;0,5,0.8345,3,215;3,5,0.1635,0,189;8,3,0.1255,0,225
evidence-temporal-train-00982	10	2	2	89,69,136,151,33,141,178,186,93,204,45,132,157,106,53,63,126,116,159,83,198,38,147,14,98,194,199,66,44,21,120,74,16,200,199,2	1,4,0.1675,0,38;8,4,0.9795,0,104;4,5,0.4555,0,32;1,1,0.3995,0,134;1,0,0.9815,3,216;5,2,0.0325,0,214
evidence-temporal-train-00983	5	2	0	21,153,54,183,141,86,8,136,213,178,177,43,100,134,88,117,129,25,69,64,195,147,12,39,210,149,45,114,20,178,157,80,173,94,60,111	7,2,0.9815,0,12;0,5,0.6705,0,76;5,2,0.0225,0,202;7,4,0.0175,1,89;3,5,0.5955,0,91;8,4,0.1585,0,109
evidence-temporal-train-00984	9	0	0	124,76,64,31,44,189,117,62,167,52,181,161,36,110,13,89,186,132,197,149,208,98,145,144,82,21,8,20,95,197,137,69,115,169,45,180	7,3,0.8035,0,79;6,2,0.8615,0,12;3,4,0.1825,0,143;3,0,0.3085,2,215;1,4,0.6945,0,5;3,2,0.2155,3,86
evidence-temporal-train-00985	7	0	1	136,150,2,195,41,126,93,194,20,36,214,213,133,65,85,62,52,77,31,15,106,156,21,92,69,156,120,199,116,145,98,163,45,155,141,208	1,5,0.9545,0,143;6,2,0.3185,0,56;3,4,0.2945,0,92;4,3,0.8185,0,161;1,0,0.9955,3,161;5,3,0.1945,0,80
evidence-temporal-train-00986	9	1	1	137,21,98,204,115,41,107,18,78,188,203,170,204,59,117,8,84,13,165,150,174,133,196,215,141,69,121,51,39,45,93,160,65,27,88,146	7,3,0.4875,0,46;2,5,0.3455,0,50;2,1,0.2035,0,153;5,2,0.1165,0,138;1,1,0.7945,0,211;0,3,0.2425,0,24
evidence-temporal-train-00987	3	0	1	86,195,164,18,150,145,63,197,69,105,106,21,197,141,130,128,213,176,66,56,76,45,140,14,93,206,115,205,118,91,157,35,164,4,29,40	3,4,0.5905,0,176;4,1,0.0225,0,68;7,5,0.5815,0,154;3,4,0.6245,0,73;8,0,0.6485,1,166;7,0,0.9945,0,184
evidence-temporal-train-00988	6	2	1	157,25,93,81,122,205,131,92,182,147,64,15,17,117,98,190,51,188,180,6,84,44,141,72,174,37,61,155,197,45,110,150,186,113,136,21	5,5,0.3385,0,166;0,3,0.8565,0,207;2,3,0.1965,3,234;8,2,0.8255,0,26;1,4,0.3585,0,164;1,1,0.0585,0,36
evidence-temporal-train-00989	1	1	0	141,158,71,146,136,44,34,186,75,93,65,117,133,164,11,24,126,161,152,56,45,87,183,215,91,61,19,116,107,175,204,26,98,158,6,149	5,1,0.7645,3,61;1,0,0.9785,0,145;7,3,0.2865,2,166;2,5,0.7945,0,8;1,1,0.9025,0,33;5,3,0.0175,0,227
evidence-temporal-train-00990	10	3	0	148,42,209,96,212,57,21,111,19,7,138,204,12,123,181,74,32,47,157,104,119,69,130,87,149,112,203,166,91,198,210,63,68,165,141,38	6,2,0.7715,0,159;7,4,0.5925,2,90;8,5,0.8615,0,25;1,5,0.6815,3,210;7,5,0.0635,2,117;2,0,0.5705,0,6
evidence-temporal-train-00991	9	1	2	169,56,18,48,178,187,137,89,41,63,115,77,36,12,166,151,146,178,143,69,85,25,213,160,66,6,195,24,134,123,178,93,117,194,104,106	5,2,0.5065,3,234;0,2,0.2565,3,33;7,5,0.5105,0,130;4,3,0.2625,0,103;7,0,0.6985,0,105;2,4,0.3165,2,167
evidence-temporal-train-00992	5	2	0	124,97,66,215,59,198,45,141,149,33,41,85,170,91,170,110,117,202,35,178,69,24,12,167,147,79,93,51,9,164,132,116,157,19,176,136	8,2,0.7425,3,43;8,1,0.3895,0,142;2,1,0.4795,0,13;6,3,0.6105,0,222;0,4,0.8035,0,83;3,2,0.1195,0,52
evidence-temporal-train-00993	3	0	1	98,165,28,38,136,158,92,187,117,45,21,80,51,145,114,167,65,188,11,150,20,165,156,106,142,129,95,43,69,210,192,62,3,200,83,130	2,1,0.9055,0,62;3,4,0.7085,0,28;2,4,0.3945,0,4;7,1,0.9985,2,78;1,0,0.5355,0,33;8,0,0.0115,1,97
evidence-temporal-train-00994	1	1	1	77,195,18,180,40,175,193,114,123,150,83,88,45,21,49,161,131,27,197,144,139,61,175,188,93,65,146,170,109,99,69,117,197,39,13,6	5,3,0.4815,0,171;2,5,0.1085,0,254;0,3,0.2055,0,51;4,1,0.0165,0,184;2,3,0.4975,0,48;2,1,0.6735,3,92
evidence-temporal-train-00995	2	3	1	175,150,34,197,93,53,69,44,59,104,117,154,21,11,148,160,114,190,206,45,181,107,92,125,31,84,141,19,64,75,4,208,139,213,192,131	3,1,0.6135,0,155;6,0,0.8435,0,144;4,1,0.1115,0,232;2,2,0.8335,0,195;7,1,0.4885,0,15;4,1,0.6105,0,70
evidence-temporal-train-00996	6	1	0	65,137,45,1,202,90,29,194,170,175,69,146,21,132,114,40,149,95,128,19,15,78,59,167,141,119,192,173,111,178,34,87,190,103,54,183	0,5,0.7735,0,156;4,0,0.0135,0,96;5,1,0.2955,0,74;5,5,0.4055,2,163;6,5,0.4185,2,24;7,2,0.2705,0,73
evidence-temporal-train-00997	3	0	2	141,25,197,79,83,153,39,130,45,52,3,41,16,169,15,124,145,111,204,185,174,88,166,21,174,151,114,100,161,67,93,118,69,172,136,63	2,5,0.1145,0,89;0,5,0.2415,0,118;3,5,0.7035,0,26;6,1,0.1975,0,195;3,5,0.4115,1,227;3,0,0.1245,0,246
evidence-temporal-train-00998	1	3	2	152,45,151,148,135,153,38,110,66,166,27,180,138,199,103,86,166,3,93,21,202,117,202,124,43,209,69,90,14,76,50,142,113,63,154,20	2,4,0.8295,0,218;2,4,0.7735,0,137;1,5,0.4515,0,95;3,4,0.5135,0,224;6,4,0.2925,0,242;3,5,0.4295,1,237
evidence-temporal-train-00999	5	2	0	130,166,44,117,35,178,185,45,87,116,63,139,172,192,66,124,21,12,16,203,141,49,89,149,103,26,163,147,69,215,212,111,211,74,93,2	1,2,0.1985,0,126;1,1,0.8745,0,220;0,5,0.5275,0,214;1,5,0.2595,0,62;6,5,0.8765,0,237;3,0,0.7555,0,33
evidence-temporal-train-01000	2	0	1	21,212,64,150,145,76,183,211,100,173,69,193,57,140,106,134,117,93,10,83,36,19,122,44,8,203,141,92,193,48,188,168,115,28,175,61	7,0,0.7105,0,233;3,2,0.9455,3,230;8,3,0.0875,0,253;3,1,0.8975,0,216;3,0,0.6345,0,52;1,4,0.9115,0,21
evidence-temporal-train-01001	9	0	0	63,45,160,117,174,95,104,166,82,176,25,129,168,141,208,114,111,74,149,14,68,194,131,139,92,57,145,21,205,38,40,69,20,186,4,203	3,4,0.9155,0,146;0,4,0.0545,0,218;8,5,0.8675,0,1;1,0,0.8875,2,246;7,5,0.5205,0,23;8,1,0.7475,0,64
evidence-temporal-train-01002	9	0	0	69,178,161,145,95,117,21,98,186,122,87,62,47,113,35,64,193,40,194,169,90,176,52,80,149,29,19,168,181,130,10,8,108,143,138,212	7,0,0.6005,0,17;4,1,0.1195,2,225;3,4,0.0465,0,170;7,5,0.5125,2,31;1,2,0.2465,0,183;1,0,0.5895,2,15
evidence-temporal-train-01003	1	2	1	130,78,5,10,150,42,200,158,88,102,21,27,122,71,165,67,82,117,207,154,35,112,202,208,139,93,142,62,147,210,170,17,45,199,52,106	4,0,0.3395,0,109;2,1,0.5245,0,30;3,4,0.7975,2,34;5,0,0.0975,0,167;5,0,0.1425,0,113;1,0,0.6155,1,217
evidence-temporal-train-01004	1	0	0	87,35,206,45,58,28,65,7,56,194,170,123,17,10,186,188,44,167,141,74,69,21,139,145,88,114,107,117,134,178,149,192,101,156,196,93	6,0,0.2325,0,33;3,1,0.8875,0,115;7,0,0.3095,0,209;1,5,0.0085,0,60;4,1,0.4985,0,143;2,4,0.7825,0,44
evidence-temporal-train-01005	9	0	1	21,196,13,8,41,152,84,52,159,89,134,166,199,45,205,194,25,123,150,100,141,69,20,62,112,153,66,145,175,137,117,74,93,156,107,38	7,3,0.8535,0,51;0,4,0.3325,0,158;3,4,0.4115,0,238;1,2,0.3865,0,171;3,1,0.0655,0,158;2,4,0.2825,0,215
evidence-temporal-train-01006	10	0	2	44,108,67,63,159,195,114,17,140,153,176,194,163,204,2,196,92,21,172,185,119,77,87,151,132,145,69,48,93,25,15,97,141,37,123,55	1,5,0.2435,0,107;0,3,0.9545,3,148;6,5,0.6585,0,184;4,5,0.8065,0,109;0,2,0.5735,2,104;2,2,0.8195,0,239
evidence-temporal-train-01007	6	0	2	67,105,135,93,33,83,41,155,92,63,166,138,53,73,145,214,151,159,113,16,165,172,176,3,45,169,141,161,21,12,111,203,34,69,117,121	2,2,0.0635,0,121;8,0,0.2375,0,102;4,5,0.7295,0,204;0,1,0.9755,0,162;8,5,0.3685,0,247;0,5,0.4035,0,24
evidence-temporal-train-01008	1	2	1	214,150,169,14,208,69,194,51,154,117,136,173,167,37,102,164,92,94,59,131,27,192,115,141,21,76,20,87,109,7,124,45,66,173,147,42	6,4,0.9095,0,69;2,3,0.4195,0,219;2,1,0.4435,0,219;3,5,0.9845,1,138;5,3,0.7185,0,238;3,1,0.1325,0,33
evidence-temporal-train-01009	10	2	0	123,107,89,135,208,114,178,117,51,5,67,77,205,45,202,17,72,85,144,181,206,40,14,93,201,147,181,30,204,21,207,59,136,37,149,103	4,4,0.2675,0,50;5,3,0.1685,0,56;2,1,0.7635,3,74;4,3,0.2325,0,45;6,1,0.5925,0,1;2,5,0.0725,3,203
evidence-temporal-train-01010	8	1	1	17,104,156,150,208,181,32,146,176,69,82,21,180,78,117,213,41,37,142,112,88,10,126,93,137,212,47,67,2,135,54,173,109,213,60,192	1,0,0.2525,0,132;7,3,0.3235,2,128;5,2,0.7695,0,118;5,0,0.1005,0,98;7,3,0.1695,0,200;5,5,0.2825,1,25
evidence-temporal-train-01011	2	1	1	101,22,188,47,59,16,75,160,57,146,157,117,211,164,69,89,8,137,188,34,150,112,11,192,108,64,141,30,83,93,201,215,131,206,125,43	7,1,0.0695,1,101;5,0,0.6915,2,186;8,1,0.1515,0,148;2,1,0.3915,0,107;4,2,0.0955,0,11;4,1,0.2775,0,114
evidence-temporal-train-01012	9	3	0	185,35,128,157,149,100,44,184,194,31,15,191,148,61,69,95,173,45,139,195,109,155,84,131,49,79,21,155,68,88,8,141,117,18,114,193	7,5,0.5535,0,123;6,1,0.8595,0,144;0,3,0.8465,0,91;6,2,0.1235,2,132;3,3,0.5635,0,214;7,1,0.6755,0,153
evidence-temporal-train-01013	2	0	2	117,93,21,57,152,20,60,44,209,151,36,132,198,83,8,154,211,11,145,112,183,163,152,187,124,110,105,69,141,47,138,73,210,29,92,68	7,1,0.8785,0,31;4,2,0.8155,2,152;8,2,0.9985,0,64;0,1,0.8755,0,94;8,4,0.1105,0,130;3,2,0.5445,0,240
evidence-temporal-train-01014	3	0	2	117,152,188,207,25,134,151,139,16,206,159,48,123,52,76,9,107,141,40,145,92,38,173,210,21,101,82,62,153,69,114,162,93,11,66,168	8,1,0.1275,0,197;0,4,0.1915,3,102;3,4,0.5875,0,61;3,0,0.9735,0,20;4,1,0.4365,0,131;2,4,0.7035,0,115
evidence-temporal-train-01015	1	3	2	59,151,165,43,35,134,202,148,138,152,158,30,91,13,126,198,99,2,168,19,117,94,51,141,66,84,204,115,69,74,21,172,157,48,110,200	1,3,0.7625,0,154;5,1,0.7025,3,73;2,1,0.4805,0,159;1,2,0.6835,1,81;2,4,0.7825,0,45;5,4,0.5545,0,86
evidence-temporal-train-01016	2	0	0	28,14,45,159,117,105,136,1,106,52,126,190,24,82,153,152,141,214,90,63,149,188,112,20,71,67,131,81,177,206,145,34,93,202,199,44	0,4,0.8325,3,239;3,0,0.8505,0,51;3,5,0.6515,2,198;8,0,0.4445,0,227;8,0,0.0355,0,251;5,1,0.0975,0,58
evidence-temporal-train-01017	1	0	0	174,15,200,130,45,170,69,44,36,32,196,91,79,21,93,138,202,127,109,60,115,149,52,66,19,212,85,98,198,212,117,145,141,3,168,194	2,5,0.6475,0,149;7,2,0.9005,0,110;3,2,0.4445,0,107;6,3,0.7175,0,72;1,3,0.7055,0,174;6,0,0.5755,0,143
evidence-temporal-train-01018	10	1	2	74,41,93,24,67,32,5,141,160,16,155,184,39,158,45,91,215,135,139,206,69,146,129,55,60,171,11,84,112,151,98,110,207,117,181,187	4,1,0.1395,3,236;7,5,0.3535,0,144;6,2,0.6025,0,208;1,2,0.7965,0,206;1,4,0.1175,0,14;8,5,0.6185,0,231
evidence-temporal-train-01019	9	1	2	9,192,32,191,111,10,135,151,64,88,99,168,39,209,129,202,44,197,146,82,69,175,113,45,117,141,74,60,201,136,200,18,23,54,176,93	8,0,0.5715,2,173;7,5,0.9425,0,95;5,2,0.0395,0,146;1,0,0.0865,0,231;2,5,0.2895,0,136;8,5,0.1485,0,244
evidence-temporal-train-01020	2	3	1	182,108,202,58,192,54,212,65,26,35,141,118,137,168,125,21,153,45,99,187,69,116,156,40,94,181,89,80,82,4,132,148,212,12,17,150	3,2,0.3045,0,240;1,1,0.0905,0,53;5,0,0.3195,0,254;7,0,0.3355,1,154;2,2,0.9645,1,76;4,2,0.3095,0,211
evidence-temporal-train-01021	1	2	0	131,13,60,177,188,47,168,87,172,18,187,103,69,3,81,176,156,34,40,139,68,149,31,93,128,147,88,116,187,154,21,108,117,205,141,54	2,3,0.4605,0,61;6,0,0.0595,2,74;5,2,0.9495,0,99;8,5,0.0665,0,54;6,2,0.8835,0,240;7,1,0.6275,0,137
evidence-temporal-train-01022	10	3	2	188,13,109,21,159,169,9,118,141,65,148,179,154,104,184,161,82,69,170,93,123,130,116,45,20,140,53,171,44,151,89,28,35,179,58,80	8,3,0.9475,0,97;3,1,0.8155,0,97;4,0,0.2335,0,220;7,0,0.3015,0,10;7,3,0.9145,1,105;2,0,0.8645,0,114
evidence-temporal-train-01023	6	2	1	143,171,72,131,25,22,59,73,203,189,160,95,66,42,193,4,163,90,109,187,150,118,114,203,16,128,140,51,105,36,147,45,159,13,210,84	3,3,0.1965,1,16;0,2,0.5745,0,54;2,1,0.5425,3,55;0,2,0.5165,2,88;8,3,0.5665,1,99;7,1,0.9955,2,128
evidence-temporal-train-01024	2	0	2	165,164,117,155,21,69,12,91,27,34,114,204,206,79,212,156,134,210,45,214,107,136,57,8,93,145,83,66,19,197,121,100,59,141,151,41	7,2,0.7585,0,142;2,0,0.3535,0,157;8,1,0.4185,0,188;6,1,0.6385,0,93;3,1,0.5545,0,128;0,4,0.1335,0,225
evidence-temporal-train-01025	7	3	1	34,69,112,175,110,211,153,131,140,150,84,103,25,17,1,156,156,64,148,43,117,74,213,89,170,191,24,185,127,61,143,93,12,45,167,53	0,2,0.3785,3,136;0,0,0.7525,0,4;4,3,0.0295,0,50;1,2,0.3715,0,22;6,4,0.0715,0,107;6,1,0.8605,2,225
evidence-temporal-train-01026	8	0	1	145,150,28,169,103,71,57,173,12,158,44,195,117,213,133,165,66,138,202,126,159,21,183,62,36,141,82,48,95,112,185,75,88,17,2,108	1,2,0.3585,0,143;3,2,0.9455,3,105;8,4,0.4205,2,136;2,0,0.0995,2,129;6,2,0.1275,0,6;5,3,0.5015,0,82
evidence-temporal-train-01027	10	0	2	126,21,44,119,161,106,176,189,47,69,81,89,32,167,141,63,178,116,191,11,157,134,66,97,137,53,203,83,145,93,18,2,194,39,151,194	1,1,0.5525,0,189;7,5,0.8175,2,129;4,5,0.5525,0,111;8,1,0.2725,0,181;0,0,0.8965,2,101;5,4,0.3395,0,175
evidence-temporal-train-01028	7	0	1	150,204,63,88,196,50,130,164,121,141,145,152,215,17,40,14,110,93,80,46,154,185,166,32,201,179,117,68,69,35,100,136,86,21,116,7	6,4,0.3735,0,213;7,1,0.1395,1,155;1,5,0.8465,0,62;7,4,0.1435,0,204;3,4,0.9205,0,185;0,0,0.0995,0,23
evidence-temporal-train-01029	5	0	2	66,189,179,92,21,76,110,62,177,116,151,93,187,175,100,69,84,162,39,130,161,196,41,20,136,25,118,157,7,128,195,45,55,145,10,141	6,0,0.8565,0,112;0,5,0.2225,0,150;6,4,0.4725,0,110;3,2,0.9645,0,251;3,4,0.8085,1,240;7,0,0.0295,0,56
evidence-temporal-train-01030	3	0	0	165,192,21,52,26,99,108,141,69,149,83,117,45,37,3,59,93,130,122,67,207,40,176,113,76,161,205,92,20,137,14,167,156,210,145,189	2,4,0.9315,0,238;1,3,0.0635,0,67;3,1,0.6055,0,42;3,1,0.9465,0,170;2,2,0.2745,0,178;1,0,0.2015,0,56
evidence-temporal-train-01031	10	0	1	17,33,92,52,196,38,9,131,160,104,61,77,126,69,138,156,21,150,198,15,161,204,142,87,64,145,93,109,117,112,41,190,177,210,200,45	8,5,0.3635,0,104;8,4,0.3545,0,127;3,3,0.1475,0,147;4,5,0.8785,0,77;7,3,0.1335,0,205;5,1,0.5885,1,36
evidence-temporal-train-01032	1	0	1	82,150,207,169,97,36,45,16,22,108,136,163,12,66,5,62,124,51,161,40,112,75,160,130,27,152,182,145,141,163,117,69,91,173,93,196	4,2,0.1345,1,91;2,2,0.1875,0,44;2,4,0.4745,0,8;2,0,0.7425,0,44;0,2,0.0375,0,146;3,0,0.1305,0,240
evidence-temporal-train-01033	9	0	0	128,149,36,5,155,56,193,180,106,16,46,78,28,145,92,192,68,194,160,21,93,117,141,135,184,82,210,69,197,58,182,140,112,44,101,11	4,1,0.0295,0,183;3,2,0.9575,1,71;7,0,0.9765,0,13;5,0,0.9355,0,10;4,0,0.1195,0,2;7,5,0.9755,0,59
evidence-temporal-train-01034	0	3	1	103,141,132,204,54,212,117,115,69,19,195,186,197,150,40,13,152,76,148,162,138,28,198,127,91,21,4,107,155,37,162,67,59,93,86,45	3,3,0.6985,0,137;3,3,0.1755,0,6;5,1,0.6155,0,137;3,4,0.6025,0,89;6,1,0.7135,0,172;6,2,0.4145,0,143
evidence-temporal-train-01035	2	3	0	110,66,215,98,11,148,202,92,32,73,173,131,53,176,215,45,93,21,34,206,4,44,18,149,69,137,141,84,211,187,117,112,200,62,125,165	3,1,0.5335,0,103;7,0,0.8885,0,205;4,4,0.5695,0,46;0,2,0.9805,0,29;1,4,0.0505,0,47;4,1,0.3285,0,126
evidence-temporal-train-01036	1	3	0	93,109,7,131,82,27,174,141,123,160,168,51,69,140,113,88,201,149,22,192,44,160,81,162,180,60,157,65,19,45,38,117,148,98,14,190	6,4,0.7615,1,116;2,4,0.9045,0,49;2,2,0.2915,0,28;8,0,0.0485,0,247;1,3,0.2025,0,248;2,1,0.8435,0,201
evidence-temporal-train-01037	5	0	1	191,32,201,139,150,36,58,51,76,141,134,163,69,117,214,170,45,215,183,40,6,16,145,24,115,90,121,103,15,93,68,152,109,187,180,83	5,5,0.1105,3,116;7,2,0.1075,0,46;2,0,0.9995,0,131;3,1,0.4125,0,180;6,3,0.7305,0,62;0,4,0.7885,0,35
evidence-temporal-train-01038	10	3	2	21,3,157,68,185,107,13,189,186,197,182,100,69,25,141,81,43,46,211,60,39,54,158,152,18,93,151,185,113,92,121,130,139,85,117,148	2,3,0.5455,0,192;0,5,0.6375,1,84;5,2,0.9515,0,51;8,3,0.9295,0,134;3,1,0.2985,0,52;0,0,0.7855,0,1
evidence-temporal-train-01039	2	2	1	28,194,86,97,199,56,74,189,72,36,174,45,153,96,126,147,187,11,182,171,139,130,67,117,88,58,150,187,17,107,184,115,40,2,21,141	1,1,0.2675,0,110;3,2,0.0395,0,201;7,0,0.6095,3,224;1,4,0.1255,3,16;0,1,0.7055,0,170;5,0,0.7615,0,84
evidence-temporal-train-01040	9	2	2	108,147,181,21,68,160,37,207,193,182,137,69,93,45,25,162,3,151,130,141,14,112,17,209,169,40,160,63,171,80,119,56,105,82,88,124	2,4,0.3405,0,154;0,3,0.0925,0,243;7,5,0.9825,0,107;7,0,0.0025,0,17;8,2,0.1355,2,99;3,0,0.2475,0,45
evidence-temporal-train-01041	6	3	2	80,173,32,91,41,69,117,114,164,45,132,62,129,64,154,183,93,190,34,53,108,192,20,15,100,151,140,160,148,83,153,142,158,198,21,1	0,5,0.8685,0,86;7,0,0.3355,0,159;4,4,0.0475,0,232;7,1,0.7055,0,173;3,2,0.5825,0,125;8,2,0.8695,1,249
evidence-temporal-train-01042	2	0	2	145,131,37,188,64,137,69,84,214,141,46,201,208,151,164,110,125,93,152,42,12,156,114,8,75,200,27,117,199,51,63,100,20,90,21,174	7,2,0.9445,0,73;2,3,0.5725,1,124;2,5,0.0385,0,99;2,2,0.4805,0,161;3,4,0.4135,0,157;4,1,0.3105,0,65
evidence-temporal-train-01043	1	3	2	72,160,123,109,141,57,58,17,15,66,115,30,39,140,4,21,77,203,168,178,99,43,93,168,135,183,164,174,82,88,148,166,215,117,151,45	3,5,0.3745,0,154;5,5,0.7535,0,94;8,0,0.5825,3,166;4,0,0.0275,0,141;2,3,0.7455,0,135;2,5,0.9545,0,207
evidence-temporal-train-01044	2	0	2	191,171,10,92,3,37,27,190,40,130,166,80,108,156,145,151,141,185,20,64,21,201,215,82,93,45,69,116,193,103,124,120,173,49,62,136	2,0,0.9875,0,108;2,3,0.0495,0,75;0,4,0.1165,0,145;7,0,0.8475,0,33;6,2,0.8725,3,238;3,0,0.1805,0,179
evidence-temporal-train-01045	7	0	1	142,202,131,115,18,174,88,140,150,75,44,69,168,26,145,4,105,64,21,165,125,178,50,108,45,182,10,189,84,93,117,59,172,200,39,157	3,0,0.5255,0,179;1,5,0.8375,0,55;1,1,0.0425,0,8;2,2,0.1745,0,178;8,2,0.7655,0,75;4,1,0.9405,1,230
evidence-temporal-train-01046	9	0	0	75,209,198,153,186,106,149,45,183,93,37,154,128,145,21,156,200,69,12,32,64,52,40,104,141,139,112,204,62,162,117,4,83,133,20,90	3,2,0.9135,0,192;7,3,0.0245,0,253;3,4,0.0035,0,199;2,1,0.5015,0,6;7,0,0.1745,0,201;7,3,0.6475,0,55
evidence-temporal-train-01047	1	3	1	56,18,197,172,148,150,141,132,9,115,27,164,65,117,158,44,58,79,153,91,23,154,85,127,99,69,167,13,108,45,165,182,38,137,172,93	8,3,0.4605,2,53;2,4,0.8845,0,238;7,0,0.2215,0,246;6,3,0.7985,0,69;2,2,0.7795,0,113;6,2,0.3645,0,0
evidence-temporal-train-01048	0	3	2	63,4,193,106,45,148,21,208,15,130,210,94,115,197,77,87,100,190,65,69,123,167,117,176,141,43,151,170,49,29,152,35,19,88,166,137	3,5,0.7925,0,249;4,1,0.6435,0,60;0,5,0.3425,0,237;4,5,0.0465,1,241;3,0,0.7575,0,81;2,0,0.2385,0,17
evidence-temporal-train-01049	8	3	0	168,193,143,181,124,208,59,131,175,153,66,158,149,93,20,111,138,92,190,28,207,102,42,193,45,117,77,15,52,114,39,148,21,84,69,6	5,5,0.8985,0,115;3,5,0.5275,0,227;3,1,0.4725,0,94;4,2,0.9315,0,158;5,5,0.4115,0,101;3,1,0.5115,2,171
evidence-temporal-train-01050	2	3	0	59,68,38,156,149,89,141,180,171,118,93,148,6,138,21,79,100,177,69,207,112,171,53,87,27,41,19,46,170,152,124,186,172,107,11,132	5,1,0.6085,0,250;2,4,0.3375,1,224;4,1,0.8845,0,10;6,5,0.3675,0,249;3,1,0.1215,1,149;3,2,0.4275,0,216
evidence-temporal-train-01051	6	0	1	40,139,145,50,92,159,87,70,194,197,35,168,17,118,133,144,65,21,166,62,93,73,30,122,99,150,163,46,13,112,156,108,153,201,157,9	8,3,0.2825,0,54;5,1,0.0915,1,238;1,4,0.3725,1,10;0,5,0.8295,0,11;2,2,0.0725,1,32;1,3,0.6225,3,25
evidence-temporal-train-01052	2	0	0	187,21,194,174,99,122,69,152,17,35,89,117,116,45,93,49,158,65,76,157,43,62,212,33,108,184,15,204,141,132,84,4,210,149,139,145	3,5,0.2115,0,81;8,1,0.7255,0,142;0,4,0.2505,0,96;3,2,0.3475,0,31;2,2,0.9625,0,119;1,2,0.7185,0,5
evidence-temporal-train-01053	8	3	0	142,190,63,92,176,188,210,149,176,133,14,68,19,167,95,86,81,195,30,69,21,148,38,106,9,54,214,114,202,41,99,137,181,45,123,117	8,4,0.6725,0,7;5,4,0.3525,0,36;5,5,0.9855,0,200;8,4,0.9485,2,103;2,0,0.4495,0,97;2,3,0.3595,1,135
evidence-temporal-train-01054	0	3	2	17,107,117,197,151,58,88,207,64,84,80,51,137,3,116,11,172,163,180,94,164,148,201,186,28,45,21,69,124,41,39,170,180,141,101,131	2,1,0.2355,0,53;3,5,0.3385,0,212;2,0,0.0765,0,45;7,2,0.1775,1,212;4,1,0.8205,0,241;3,1,0.3185,0,33
evidence-temporal-train-01055	1	0	2	64,157,139,91,193,195,145,43,130,100,163,55,141,37,93,27,111,167,172,47,189,21,74,181,122,3,115,212,120,63,151,84,15,20,69,154	2,5,0.9585,0,95;2,3,0.7355,2,189;6,5,0.0755,0,144;1,2,0.7885,0,160;3,5,0.7385,3,51;1,0,0.6095,0,148
evidence-temporal-train-01056	7	2	2	187,87,204,126,151,138,93,55,21,62,19,27,117,213,70,12,67,197,97,209,91,45,161,74,183,107,43,112,158,1,158,133,141,34,147,187	0,2,0.7995,0,96;2,0,0.6735,0,125;6,4,0.7765,1,164;1,5,0.6625,0,72;0,1,0.0855,0,244;5,3,0.4825,0,15
evidence-temporal-train-01057	9	0	0	201,170,118,201,4,70,109,38,149,123,87,193,51,165,12,41,145,60,17,155,80,113,140,174,91,104,134,21,141,64,47,93,165,25,174,171	3,2,0.3535,0,190;0,4,0.3785,2,182;2,2,0.1055,1,45;7,5,0.7695,0,20;7,3,0.2585,1,234;2,4,0.9785,0,192
evidence-temporal-train-01058	0	3	2	18,177,55,136,86,68,157,189,117,159,42,70,10,26,168,38,182,141,45,151,135,212,114,152,8,148,186,109,124,80,89,196,21,100,93,58	7,0,0.4335,0,149;1,4,0.5045,0,193;6,0,0.9855,1,17;7,4,0.3645,0,15;3,3,0.4775,0,57;3,5,0.1405,0,177
evidence-temporal-train-01059	0	3	1	66,45,28,37,63,206,16,196,214,52,40,148,115,69,169,142,13,199,195,134,92,3,87,184,124,161,99,109,137,21,117,81,150,93,155,194	2,3,0.1835,0,76;3,3,0.0655,0,212;3,5,0.4405,0,140;8,5,0.8965,0,64;2,3,0.7545,0,3;3,4,0.3785,1,15
evidence-temporal-train-01060	10	0	2	133,145,11,187,160,173,153,124,108,26,23,90,170,114,37,117,183,99,57,81,69,68,154,182,62,16,45,83,205,151,95,172,7,42,137,141	6,1,0.1655,2,172;1,3,0.5315,0,197;8,4,0.9935,0,206;8,1,0.5945,2,239;2,2,0.5395,0,57;3,3,0.2045,0,68
evidence-temporal-train-01061	5	3	0	4,74,48,28,113,38,141,107,21,208,89,214,119,190,87,123,201,188,193,201,16,131,174,55,148,201,93,101,169,63,12,68,149,139,44,69	3,2,0.1205,0,28;3,4,0.9995,3,141;6,5,0.9855,0,66;1,5,0.2725,0,110;4,1,0.3895,2,219;2,1,0.7635,0,31
evidence-temporal-train-01062	10	3	1	165,187,102,181,78,110,15,72,125,120,158,41,61,141,68,36,165,209,212,148,49,162,45,172,150,93,87,9,89,131,116,26,17,157,137,21	8,5,0.3355,0,46;1,2,0.3115,0,149;0,3,0.9245,3,43;5,5,0.2025,0,102;5,4,0.9425,3,51;4,1,0.2455,0,195
evidence-temporal-train-01063	3	0	1	81,67,38,182,82,10,114,123,92,180,194,44,133,93,98,17,145,150,194,69,162,61,153,209,139,215,52,45,21,172,209,117,141,28,110,3	2,0,0.2815,0,42;3,4,0.8845,0,65;3,3,0.7525,0,230;8,0,0.9215,0,182;1,4,0.4755,0,1;2,3,0.7155,0,196
evidence-temporal-train-01064	2	3	2	115,198,102,212,16,109,180,139,93,177,126,131,202,68,45,214,76,29,141,53,69,148,21,34,169,159,4,83,89,151,58,192,120,15,42,211	3,5,0.0085,0,42;4,0,0.5945,0,70;4,0,0.9795,0,232;3,1,0.2235,0,135;5,3,0.7515,3,93;5,1,0.6845,0,120
evidence-temporal-train-01065	9	2	0	114,45,128,1,181,157,64,34,205,89,41,173,141,51,149,147,27,16,13,137,61,85,21,69,172,93,101,108,184,213,166,175,130,198,117,74	0,3,0.1575,0,228;2,0,0.2775,0,60;2,3,0.1325,0,19;1,3,0.2205,0,203;4,2,0.5285,0,54;7,0,0.2535,0,200
evidence-temporal-train-01066	7	0	2	207,93,51,44,213,213,69,22,141,200,151,187,89,84,64,145,121,169,26,189,97,45,133,107,10,16,120,9,159,207,80,38,140,113,59,156	8,0,0.1895,1,73;1,4,0.9165,0,84;2,1,0.0765,0,54;7,2,0.3515,0,46;0,1,0.2365,3,183;0,3,0.8885,0,137
evidence-temporal-train-01067	9	1	1	178,69,37,146,94,139,21,58,97,113,210,171,19,200,127,80,82,189,117,15,155,214,150,173,193,131,64,50,90,41,47,25,8,141,191,108	7,5,0.6435,0,104;0,3,0.2805,2,199;1,0,0.1905,0,247;7,0,0.4415,1,211;0,2,0.2795,0,184;6,1,0.7415,0,66
evidence-temporal-train-01068	0	3	2	76,64,204,193,53,141,39,154,61,156,167,182,4,84,159,27,43,155,116,117,93,124,20,151,198,88,148,21,138,15,45,131,69,195,108,100	3,5,0.8255,0,239;2,5,0.7215,0,226;4,3,0.0645,0,154;3,2,0.0405,0,186;3,2,0.9695,0,11;3,1,0.5685,0,135
evidence-temporal-train-01069	0	3	0	14,174,202,92,124,209,76,138,32,148,108,21,182,93,117,19,157,84,102,69,112,34,141,52,175,66,131,44,212,45,213,4,61,149,182,183	3,4,0.6415,0,48;7,0,0.9545,0,99;3,3,0.5265,0,87;3,2,0.8035,0,173;5,2,0.0335,0,70;3,1,0.4435,0,183
evidence-temporal-train-01070	7	2	0	182,209,118,85,137,21,12,102,74,92,199,64,144,149,209,210,17,160,48,210,93,69,30,125,157,41,58,9,133,54,147,167,35,115,157,108	8,2,0.2615,0,239;5,1,0.2085,3,134;5,0,0.0165,0,6;1,3,0.8005,0,85;5,2,0.6655,1,90;4,3,0.2875,3,103
evidence-temporal-train-01071	1	3	0	113,149,82,135,203,3,141,32,166,148,106,61,11,21,67,93,184,117,78,45,152,213,38,138,17,43,99,192,174,72,89,161,127,50,206,163	2,1,0.2685,0,218;7,4,0.7545,0,219;1,3,0.6485,3,231;5,0,0.3315,0,198;2,0,0.2925,0,76;6,5,0.4585,0,229
evidence-temporal-train-01072	0	3	0	28,149,139,215,10,62,148,79,86,66,180,57,45,166,112,155,211,17,181,153,117,131,141,111,92,43,5,153,93,21,181,100,126,206,69,38	4,0,0.2985,0,79;3,4,0.7055,0,47;8,4,0.4285,0,102;6,4,0.8715,0,63;3,5,0.1355,0,52;5,1,0.6165,0,86
evidence-temporal-train-01073	10	3	2	105,176,117,58,92,158,122,112,65,174,49,177,143,159,130,18,188,151,108,84,24,3,47,12,32,174,148,42,139,93,81,180,154,39,204,69	2,2,0.4065,3,163;7,5,0.4315,2,105;0,0,0.3695,0,20;8,2,0.9805,0,80;8,2,0.0995,0,0;1,0,0.6995,2,111
evidence-temporal-train-01074	10	0	0	44,191,101,21,154,198,59,69,152,3,110,145,153,115,205,26,204,141,53,93,125,187,36,15,19,191,149,138,91,45,81,132,117,68,169,83	2,5,0.7705,0,176;1,2,0.9225,0,25;4,1,0.9055,0,187;8,1,0.7815,0,89;4,4,0.6985,0,44;4,2,0.5225,0,253
evidence-temporal-train-01075	2	0	1	172,136,150,193,46,75,117,185,105,106,61,32,126,145,95,185,210,64,10,163,4,115,17,35,87,90,164,132,163,69,44,196,141,207,51,21	3,0,0.3035,0,206;7,1,0.8255,1,218;2,3,0.1685,0,228;2,5,0.5975,2,21;8,0,0.7975,0,104;5,2,0.0685,0,246
evidence-temporal-train-01076	2	0	0	21,46,83,33,75,116,66,123,202,10,138,100,180,145,92,37,20,184,4,110,144,190,169,120,134,210,200,93,159,176,69,149,41,49,177,58	3,0,0.8315,0,25;8,3,0.3005,1,203;0,0,0.4475,0,228;2,1,0.8465,0,234;3,4,0.8995,3,56;2,4,0.5315,3,209
evidence-temporal-train-01077	1	0	1	45,65,86,152,38,179,21,187,19,205,145,215,205,109,137,11,50,150,166,43,99,122,91,134,93,211,27,113,69,141,117,190,7,206,76,60	6,1,0.6025,0,66;2,4,0.7455,0,12;1,2,0.2455,0,226;3,4,0.6185,0,34;2,3,0.2525,0,167;1,4,0.2665,0,148
evidence-temporal-train-01078	2	0	2	74,45,169,61,93,102,185,203,17,145,108,7,130,69,42,187,151,141,139,124,83,38,52,117,12,159,215,92,188,21,167,173,113,165,66,29	6,2,0.2995,0,6;4,4,0.5865,0,178;3,3,0.4085,0,59;1,1,0.8195,0,251;5,2,0.3575,0,3;3,0,0.7195,0,34
evidence-temporal-train-01079	6	1	1	146,91,41,9,157,190,210,185,113,47,171,30,150,159,69,58,141,17,134,127,93,73,136,170,202,108,190,117,21,87,101,66,213,10,38,49	8,0,0.2165,0,102;5,4,0.3985,2,108;0,0,0.5545,0,172;0,5,0.6355,0,85;4,2,0.2795,0,207;6,4,0.0965,0,143
evidence-temporal-train-01080	6	0	2	171,89,43,183,117,60,189,110,195,132,198,145,46,136,151,205,68,142,93,115,204,35,168,69,73,85,180,122,13,164,4,53,21,28,97,16	3,3,0.0175,0,147;3,1,0.6595,1,8;4,2,0.8745,0,176;0,3,0.3635,0,98;0,4,0.7685,0,80;1,2,0.1425,1,15
evidence-temporal-train-01081	8	3	1	19,85,110,4,180,203,54,100,141,160,120,197,13,139,203,35,150,21,155,69,215,112,122,42,78,45,178,93,148,59,66,134,160,92,26,201	3,3,0.6695,0,150;1,1,0.4035,0,170;5,1,0.5715,0,241;5,3,0.9295,0,51;3,4,0.1785,3,110;1,4,0.6115,0,110
evidence-temporal-train-01082	2	3	0	74,12,21,65,149,142,42,53,174,69,200,197,133,156,101,117,116,5,17,45,208,34,140,106,89,61,177,156,85,148,93,201,122,189,175,28	4,2,0.2515,0,78;3,0,0.4775,0,205;4,3,0.3585,0,184;1,3,0.2585,0,81;4,0,0.9285,0,119;1,3,0.9785,1,209
evidence-temporal-train-01083	5	2	0	63,197,87,93,117,33,141,88,196,147,149,175,116,207,14,41,196,187,162,124,19,64,110,38,3,74,100,21,136,50,134,45,196,170,69,201	2,4,0.7205,0,216;8,4,0.3275,0,76;1,5,0.0695,0,60;1,5,0.1615,0,202;3,4,0.9555,0,128;3,4,0.0475,0,17
evidence-temporal-train-01084	5	3	2	93,136,57,162,86,131,129,7,45,148,69,100,190,207,21,156,152,25,117,37,90,15,112,143,41,62,169,208,20,108,151,189,76,159,68,169	6,5,0.9215,0,25;0,3,0.2415,0,86;8,4,0.8005,0,44;3,4,0.4465,0,146;3,2,0.0205,0,81;8,1,0.0255,2,241
evidence-temporal-train-01085	1	2	0	6,147,153,114,106,27,79,180,144,201,149,215,36,56,60,214,140,130,83,44,97,72,117,205,91,93,121,18,68,178,187,162,180,15,45,21	5,5,0.4905,0,183;2,2,0.9365,0,98;7,2,0.9665,3,253;6,1,0.6685,0,200;0,0,0.4885,0,150;0,0,0.8345,3,252
evidence-temporal-train-01086	10	0	2	174,129,86,19,202,186,94,66,2,203,33,62,185,162,57,117,44,145,105,76,114,45,204,70,141,22,132,196,35,14,151,155,140,92,171,108	1,4,0.6745,1,95;8,1,0.9295,0,118;8,4,0.5895,1,210;3,4,0.9785,1,211;8,2,0.4875,0,26;8,2,0.8075,0,206
evidence-temporal-train-01087	8	2	1	171,139,150,86,106,164,112,93,44,55,14,173,97,133,215,158,45,18,21,147,141,1,30,174,70,153,58,117,126,81,181,88,172,213,34,68	0,4,0.5445,0,135;5,0,0.8435,0,153;6,0,0.8805,1,37;8,4,0.1735,0,107;0,0,0.0615,0,202;5,3,0.7195,0,21
evidence-temporal-train-01088	5	2	2	39,135,173,141,115,61,202,190,45,91,93,211,66,69,16,129,117,212,31,42,154,182,14,137,202,147,106,76,85,189,51,151,21,9,153,102	8,4,0.0275,0,26;6,5,0.4025,0,25;2,3,0.5255,0,125;3,3,0.6875,0,18;5,0,0.6485,0,144;8,5,0.3675,0,109
evidence-temporal-train-01089	8	2	2	25,36,128,106,147,156,211,88,67,51,93,117,140,6,15,141,69,59,80,214,101,204,156,159,184,85,21,20,151,42,133,115,189,45,177,172	5,5,0.8465,0,83;0,2,0.5525,0,91;2,1,0.7925,0,246;7,3,0.0535,0,192;4,0,0.7125,0,137;7,3,0.8495,0,130
evidence-temporal-train-01090	0	3	0	56,95,38,60,92,30,117,198,141,182,201,13,152,73,149,148,124,97,112,65,140,108,21,160,84,72,171,20,133,184,186,154,45,161,44,7	6,3,0.8345,0,145;5,4,0.8325,0,74;7,2,0.2195,3,149;0,2,0.8655,2,150;0,2,0.1915,0,88;3,3,0.9285,0,211
evidence-temporal-train-01091	0	3	1	100,148,152,150,42,52,13,189,69,141,211,85,122,21,93,178,110,91,165,45,18,114,35,117,59,76,132,212,210,193,195,1,140,27,190,64	0,3,0.5495,0,4;2,1,0.4375,0,246;3,1,0.1685,0,140;3,3,0.7925,0,233;3,4,0.4065,0,44;1,2,0.9705,0,103
evidence-temporal-train-01092	7	2	2	24,59,42,109,14,86,113,20,141,188,182,122,212,206,117,199,92,47,211,162,65,135,104,138,53,206,69,151,182,93,183,79,26,36,147,9	8,4,0.9425,3,246;1,2,0.4535,2,255;4,1,0.2555,0,166;6,4,0.9945,0,219;7,3,0.3225,0,205;1,5,0.5275,0,5
evidence-temporal-train-01093	5	0	1	162,27,119,99,4,127,106,79,205,69,13,141,191,135,213,44,67,93,139,145,175,87,150,156,168,57,89,45,21,162,184,63,35,115,19,182	3,3,0.6845,0,146;2,1,0.8185,0,225;8,5,0.6905,0,252;6,5,0.3845,0,76;2,0,0.6525,2,98;6,5,0.7515,0,34
evidence-temporal-train-01094	3	0	2	109,172,3,16,151,183,93,24,190,194,185,61,187,141,35,201,67,45,98,188,123,33,44,115,80,52,165,145,140,135,88,83,187,119,69,10	2,0,0.0785,3,243;8,1,0.9225,0,18;3,3,0.7605,0,16;7,1,0.0515,0,2;1,3,0.6715,2,105;2,5,0.9145,0,228
evidence-temporal-train-01095	6	0	2	158,60,145,133,117,23,115,139,124,170,141,180,179,57,154,40,15,70,17,109,35,27,64,93,204,73,45,151,161,213,99,87,92,5,204,173	4,5,0.3295,2,184;2,1,0.0915,0,230;8,2,0.0365,1,202;0,5,0.8355,0,223;2,3,0.7465,0,104;3,3,0.7255,0,63
evidence-temporal-train-01096	6	0	0	112,51,174,201,211,1,200,137,135,62,120,21,85,91,33,47,157,212,69,42,81,145,123,66,100,159,13,203,144,36,20,106,149,180,94,187	0,3,0.9135,0,105;8,2,0.5715,2,38;2,4,0.5645,0,124;8,3,0.6595,1,135;3,0,0.1715,3,191;2,5,0.2605,3,255
evidence-temporal-train-01097	6	3	2	58,17,141,125,152,30,203,174,197,42,186,54,68,73,136,111,11,92,151,154,86,69,48,200,93,134,200,117,21,1,112,148,105,155,157,39	0,1,0.2325,0,158;5,5,0.5805,3,118;5,0,0.9735,0,154;0,4,0.9995,0,129;8,5,0.1125,0,78;4,4,0.0295,0,160
evidence-temporal-train-01098	0	3	1	174,97,148,75,69,155,3,39,21,214,212,17,28,117,93,87,116,154,139,180,124,45,13,209,150,68,191,42,175,89,51,135,141,107,60,169	2,3,0.3345,0,93;3,5,0.4595,0,201;2,2,0.9175,0,79;2,5,0.2835,0,195;0,1,0.8875,0,248;3,5,0.7865,0,171
evidence-temporal-train-01099	5	1	2	65,123,21,93,103,164,74,151,115,44,120,131,18,146,31,37,157,153,137,178,193,5,192,195,152,51,60,143,176,196,45,11,111,91,69,84	4,1,0.5005,0,22;6,3,0.8905,0,90;2,2,0.3185,0,68;1,2,0.7045,0,84;6,5,0.7555,3,39;2,1,0.2195,2,227
evidence-temporal-train-01100	2	2	0	183,64,205,171,211,89,5,27,52,156,113,19,10,69,107,138,142,210,21,45,34,195,155,149,126,185,147,76,183,42,117,59,102,83,94,132	4,0,0.6255,0,215;2,0,0.5125,0,70;3,1,0.0885,0,186;3,1,0.2605,1,61;5,1,0.2145,0,244;5,2,0.5025,1,254
evidence-temporal-train-01101	3	0	1	117,130,89,28,66,199,43,140,85,122,141,191,54,181,165,101,109,115,76,179,183,39,150,158,62,69,152,145,7,22,93,45,17,153,14,197	6,4,0.2705,1,240;3,5,0.7845,0,30;5,4,0.4125,0,185;3,3,0.3785,0,2;4,3,0.6925,0,14;1,0,0.9705,0,98
evidence-temporal-train-01102	9	3	1	148,92,41,177,184,181,117,153,31,175,150,139,84,39,191,130,69,141,214,106,113,170,73,67,128,194,93,56,62,99,17,21,13,208,45,8	7,3,0.2585,0,29;6,5,0.2275,0,130;7,4,0.6885,0,8;0,2,0.9165,0,185;2,0,0.3505,0,182;7,0,0.7945,0,59
evidence-temporal-train-01103	0	3	0	123,113,63,48,38,103,214,110,117,15,148,153,21,40,92,93,206,149,198,18,71,144,201,56,209,65,84,160,206,213,138,132,5,176,76,27	4,5,0.5275,0,26;2,4,0.0955,3,100;7,5,0.3185,2,7;3,2,0.9935,0,154;6,4,0.2295,0,114;2,2,0.4345,3,91
evidence-temporal-train-01104	3	0	1	196,19,69,141,88,61,165,120,21,131,107,100,182,3,42,139,45,68,115,145,37,84,179,150,203,29,171,93,160,52,10,207,74,174,178,127	2,0,0.6755,0,230;4,3,0.5465,0,96;3,3,0.8785,0,245;1,2,0.1685,0,220;3,1,0.7205,3,113;6,1,0.7325,0,201
evidence-temporal-train-01105	3	0	1	127,89,150,120,161,93,38,48,162,136,64,182,15,130,181,18,69,175,73,205,174,21,176,142,85,145,99,214,167,56,42,60,27,115,4,106	3,5,0.5965,0,123;2,4,0.4125,3,165;7,2,0.1655,0,19;0,3,0.3325,0,44;2,0,0.6165,3,80;6,0,0.0835,1,203
evidence-temporal-train-01106	5	1	0	101,165,36,11,107,154,18,163,149,168,112,194,119,9,176,152,48,79,174,24,141,44,65,61,69,50,88,26,139,127,133,146,169,93,84,211	8,1,0.4625,3,232;1,2,0.8875,3,241;1,3,0.3455,0,165;6,2,0.1495,0,121;4,1,0.0975,2,72;6,3,0.7745,0,17
evidence-temporal-train-01107	7	0	1	175,92,99,28,164,57,2,106,145,37,117,200,137,45,66,10,133,155,121,93,70,74,84,150,213,215,20,163,21,207,141,60,41,113,200,201	1,0,0.9115,0,169;3,3,0.2725,0,217;8,2,0.5235,1,138;1,2,0.9685,0,230;2,0,0.3275,0,167;0,3,0.3815,0,79
evidence-temporal-train-01108	8	0	2	104,137,93,145,33,21,117,11,45,110,133,153,214,66,204,181,69,188,78,151,168,17,41,59,51,164,141,6,84,199,35,174,113,158,90,127	5,1,0.2755,0,208;8,1,0.2575,0,226;2,1,0.4505,0,138;5,2,0.5795,0,144;7,4,0.2255,0,4;6,3,0.3425,0,142
evidence-temporal-train-01109	5	2	2	203,166,100,24,205,12,19,168,3,205,26,179,57,73,60,151,210,147,137,206,123,69,45,141,35,191,91,85,111,114,93,117,134,68,43,169	2,2,0.7665,3,69;1,1,0.7945,0,109;8,2,0.9405,0,116;0,3,0.6455,0,59;3,5,0.5765,0,119;2,4,0.2545,0,166
evidence-temporal-train-01110	10	2	2	134,201,64,194,203,160,116,123,101,62,154,151,164,57,138,41,209,93,110,21,157,34,143,89,81,11,173,17,5,33,182,87,45,69,117,147	4,1,0.3715,0,78;8,0,0.3955,0,198;8,4,0.1315,0,151;8,5,0.2495,0,217;4,4,0.8395,0,225;2,4,0.4865,2,25
evidence-temporal-train-01111	2	0	1	99,196,142,164,164,69,137,145,157,202,5,80,35,209,118,162,107,206,31,19,52,15,67,86,131,123,41,22,89,93,45,150,112,168,59,209	4,5,0.7125,1,87;6,1,0.3865,0,98;3,1,0.6355,0,213;7,4,0.2505,0,27;2,1,0.0135,1,56;2,1,0.3605,1,25
evidence-temporal-train-01112	10	0	0	64,166,155,87,90,205,117,145,149,197,25,163,13,187,22,47,141,111,133,196,163,99,51,156,193,40,58,16,93,8,136,36,81,113,125,69	7,3,0.0805,1,66;0,2,0.0345,2,14;2,0,0.0785,0,111;8,5,0.5875,0,20;2,5,0.2585,0,144;4,3,0.0855,0,162
evidence-temporal-train-01113	5	3	0	213,96,140,184,141,149,117,130,38,91,110,53,44,28,14,206,20,69,62,155,158,47,148,154,23,68,161,116,103,162,125,87,210,73,9,214	8,4,0.8795,2,88;3,4,0.9745,2,225;4,4,0.8665,0,50;0,5,0.6095,3,206;6,4,0.9195,0,202;4,0,0.8515,0,2
evidence-temporal-train-01114	0	3	1	206,11,107,98,155,133,45,35,77,194,117,3,85,169,141,69,150,21,168,66,89,148,124,202,58,192,169,54,95,42,172,18,139,198,116,27	2,1,0.4455,0,244;2,1,0.4025,0,91;5,0,0.4955,0,166;4,3,0.3545,2,204;1,1,0.9595,0,201;3,3,0.7895,0,161
evidence-temporal-train-01115	5	2	2	78,69,87,58,103,46,182,179,114,177,21,11,166,109,213,189,161,35,65,141,147,88,117,44,195,139,121,28,179,18,132,93,4,151,55,186	3,1,0.4635,0,122;3,1,0.8795,1,4;6,0,0.2875,0,54;5,5,0.1635,0,31;6,3,0.4805,0,189;0,2,0.6645,0,227
evidence-temporal-train-01116	2	0	0	92,210,75,69,64,140,45,15,24,41,93,52,191,191,20,124,83,215,166,107,115,63,141,99,165,117,145,149,194,198,28,132,3,197,35,204	2,5,0.8065,3,110;3,1,0.3135,0,225;3,5,0.1785,0,21;2,1,0.8585,0,76;2,1,0.7235,0,237;3,2,0.9275,0,123
evidence-temporal-train-01117	9	3	0	153,199,134,60,186,28,104,148,196,163,51,84,204,73,115,141,69,45,208,34,174,129,186,17,91,21,111,93,10,152,68,140,117,149,44,6	5,0,0.2095,0,233;3,0,0.9515,0,193;2,2,0.9295,0,120;0,2,0.6435,0,155;7,5,0.6925,0,75;8,4,0.9105,0,88
evidence-temporal-train-01118	6	0	2	16,151,117,46,25,166,161,63,163,112,4,141,43,93,211,110,136,73,173,209,208,100,177,177,69,10,134,145,91,125,84,54,35,64,21,152	3,0,0.0765,0,201;0,1,0.7305,1,217;5,5,0.1465,0,113;0,2,0.6565,0,209;3,4,0.0875,0,193;4,4,0.1065,0,232
evidence-temporal-train-01119	3	0	0	81,153,161,141,32,52,89,192,35,152,137,145,107,21,17,94,163,68,45,172,69,149,62,118,41,190,130,103,127,5,10,193,115,176,84,162	4,0,0.3815,0,38;7,1,0.3925,0,137;3,4,0.9625,0,187;8,2,0.3375,1,82;6,1,0.6295,1,94;6,0,0.2115,0,123
evidence-temporal-train-01120	8	0	2	89,176,141,60,131,16,40,192,160,86,45,139,203,203,72,163,160,145,184,111,76,93,177,21,123,7,66,151,116,102,188,31,52,37,15,117	6,5,0.0435,0,180;6,3,0.0705,0,73;3,2,0.5845,3,14;3,4,0.3175,0,126;5,5,0.9375,0,33;2,1,0.7445,0,252
evidence-temporal-train-01121	8	3	1	106,77,136,205,88,30,69,19,59,148,113,130,117,128,156,41,56,13,68,6,152,150,208,45,177,168,21,93,171,39,102,84,170,141,200,158	5,3,0.6765,0,3;5,5,0.2705,0,16;7,1,0.8795,0,237;4,2,0.0395,0,112;5,0,0.2295,0,51;7,0,0.0285,0,42
evidence-temporal-train-01122	6	3	2	3,36,144,90,172,85,25,205,190,117,151,55,64,114,99,124,188,16,60,69,177,186,45,153,73,148,41,192,134,15,173,93,110,178,139,21	2,5,0.0105,0,105;0,2,0.2895,0,184;6,2,0.0975,0,10;0,3,0.4505,0,249;2,4,0.4105,0,134;3,4,0.6475,3,49
evidence-temporal-train-01123	6	3	1	68,93,100,208,39,116,108,155,28,210,41,137,191,62,49,168,211,135,194,125,177,7,18,148,82,48,89,81,117,141,11,206,207,21,69,150	6,1,0.5345,0,76;3,5,0.2055,3,56;0,4,0.8235,0,51;8,0,0.3075,0,200;3,2,0.9165,0,89;4,5,0.2245,0,173
evidence-temporal-train-01124	10	3	2	141,21,45,17,27,85,93,148,154,134,36,168,116,137,110,9,117,67,171,178,205,193,101,213,90,69,11,151,128,201,185,40,79,212,50,63	8,1,0.2235,0,78;2,2,0.1125,0,131;1,5,0.6505,0,94;6,3,0.5475,0,237;4,4,0.9475,0,141;7,4,0.2375,0,244
evidence-temporal-train-01125	5	2	2	47,23,208,85,103,11,174,31,192,64,209,147,133,116,136,163,76,117,122,39,60,109,154,9,151,44,16,182,173,178,141,52,93,160,72,91	8,1,0.0755,2,252;6,5,0.8345,2,178;3,2,0.1085,3,75;3,3,0.7055,0,105;6,3,0.8515,0,217;1,3,0.1505,0,160
evidence-temporal-train-01126	2	2	2	15,17,200,138,45,206,55,69,180,108,34,162,21,176,83,40,32,98,95,117,132,64,180,90,123,164,147,151,61,213,141,9,215,115,73,215	8,5,0.2745,0,81;7,0,0.0875,0,141;6,3,0.1835,0,181;0,1,0.4645,2,220;1,2,0.7025,0,90;2,2,0.5165,0,249
evidence-temporal-train-01127	10	0	0	78,92,27,69,110,101,208,117,149,141,21,207,45,82,56,40,15,180,160,179,132,65,138,61,173,145,214,124,114,162,19,5,38,194,178,94	4,5,0.7045,0,79;2,4,0.1795,0,252;7,3,0.2735,0,27;5,0,0.8665,1,193;4,4,0.4795,0,121;3,2,0.4835,0,38
evidence-temporal-train-01128	1	2	0	186,109,101,208,91,46,201,43,61,69,136,82,195,174,25,118,130,54,177,93,181,17,143,124,147,4,75,21,149,65,11,116,160,197,36,199	3,1,0.3845,0,175;0,2,0.7225,1,211;5,3,0.2935,0,153;2,0,0.7815,0,126;4,3,0.8745,1,34;3,0,0.0285,2,65
evidence-temporal-train-01129	9	2	1	150,33,45,164,215,88,14,72,16,141,37,79,191,58,181,111,2,21,115,82,40,52,152,130,94,104,193,129,200,177,147,208,140,167,117,68	1,4,0.0285,0,62;8,3,0.1885,0,71;3,0,0.9195,3,87;6,0,0.0195,1,34;7,5,0.7415,0,162;8,0,0.9915,0,71
evidence-temporal-train-01130	0	3	1	10,68,170,45,150,118,187,88,16,169,38,206,194,72,55,83,124,4,134,205,109,203,61,105,113,79,214,93,21,187,161,27,141,148,138,42	3,0,0.1585,0,224;2,4,0.4245,0,117;6,3,0.8255,3,164;6,1,0.1605,0,135;8,3,0.2165,1,159;3,4,0.5505,0,251
evidence-temporal-train-01131	10	2	0	208,149,147,76,136,35,183,11,93,21,20,64,92,214,141,202,32,63,160,41,164,55,71,173,187,83,109,135,129,5,116,45,105,180,159,117	4,1,0.9245,0,53;7,1,0.2635,0,10;6,5,0.1765,2,249;3,1,0.9835,0,79;8,3,0.8415,0,203;8,5,0.1565,0,178
evidence-temporal-train-01132	0	3	2	62,132,179,168,21,110,100,173,85,65,44,79,207,151,18,91,200,94,140,4,171,165,189,117,45,154,12,54,141,164,116,69,38,128,148,25	3,2,0.4615,0,200;0,4,0.8545,0,16;5,4,0.2295,0,195;6,3,0.6855,1,147;3,4,0.8185,0,5;7,2,0.8945,0,7
evidence-temporal-train-01133	5	1	2	159,93,99,117,151,214,91,39,74,33,137,69,166,3,55,61,126,200,146,106,160,192,115,155,16,200,134,45,41,21,67,171,143,15,85,194	2,5,0.0605,0,65;8,5,0.2325,0,93;6,3,0.6545,0,32;1,3,0.7235,0,17;2,0,0.7175,0,150;5,4,0.2645,2,138
evidence-temporal-train-01134	3	0	0	124,156,52,84,138,66,141,113,81,134,62,69,92,149,7,189,202,16,167,95,197,145,23,36,120,162,176,32,106,184,210,103,12,40,180,45	6,2,0.1825,2,70;7,2,0.0925,0,139;3,4,0.4595,0,158;8,2,0.9385,2,171;6,0,0.3035,3,195;3,4,0.5835,0,178
evidence-temporal-train-01135	1	3	1	178,167,117,212,19,135,15,1,28,87,65,148,35,204,108,194,93,59,98,123,142,197,45,136,155,75,164,69,200,150,43,90,114,51,21,187	0,5,0.7105,0,13;3,1,0.6975,0,98;2,1,0.2985,0,199;2,5,0.5085,0,81;1,2,0.4165,0,148;2,5,0.0095,1,154
evidence-temporal-train-01136	10	0	1	106,48,93,44,208,62,141,169,98,65,191,183,127,77,131,136,53,91,84,190,117,16,8,200,69,150,210,11,21,206,145,38,159,29,116,195	7,1,0.1125,0,59;4,4,0.8305,3,197;4,4,0.2975,0,23;4,2,0.6335,0,100;1,0,0.8665,0,147;6,1,0.0895,0,62
evidence-temporal-train-01137	5	3	1	188,141,165,106,130,148,203,212,63,73,7,128,97,137,65,192,14,90,20,156,156,93,120,171,34,71,208,44,85,150,21,46,198,28,50,116	6,4,0.8585,0,218;3,0,0.8275,1,218;1,5,0.3015,2,156;0,3,0.5635,0,208;0,0,0.9955,3,46;7,0,0.2255,0,140
evidence-temporal-train-01138	1	1	0	16,74,123,146,174,47,93,215,90,206,111,210,149,1,117,30,87,141,21,190,61,41,66,55,69,12,112,135,209,37,214,98,176,191,138,185	0,2,0.0875,0,193;5,3,0.2895,2,66;6,3,0.5305,0,177;1,5,0.4275,0,68;1,5,0.0525,0,165;2,5,0.4275,0,208
evidence-temporal-train-01139	2	3	1	91,9,21,211,106,41,160,33,196,13,93,187,176,45,184,64,139,150,162,112,51,148,142,16,73,121,69,134,205,36,100,82,117,196,181,63	8,3,0.1805,0,136;8,2,0.3305,0,78;2,5,0.1225,0,179;0,0,0.7305,0,42;3,0,0.0605,0,141;0,4,0.7055,1,3
evidence-temporal-train-01140	5	3	2	183,148,80,42,38,97,151,6,31,163,205,15,57,45,21,169,71,66,59,90,93,123,112,143,137,83,173,16,207,117,110,133,162,172,160,204	5,5,0.0475,0,246;6,4,0.4915,0,231;8,1,0.5935,2,114;7,1,0.4115,0,185;0,4,0.1645,0,229;2,3,0.2915,2,171
evidence-temporal-train-01141	2	2	1	82,36,141,206,202,204,69,139,124,162,76,106,192,62,65,14,1,93,41,150,205,206,30,51,147,45,132,17,98,117,21,92,164,193,205,114	0,4,0.3705,0,215;5,2,0.3795,0,5;2,4,0.3145,0,97;3,0,0.9705,0,204;1,0,0.5495,0,53;3,2,0.6125,0,95
evidence-temporal-train-01142	7	1	0	43,27,162,8,123,110,146,178,136,141,132,149,199,83,15,53,58,74,65,168,116,207,24,178,119,92,206,93,18,215,101,71,36,48,159,171	7,5,0.4555,3,153;2,2,0.6995,3,92;4,0,0.2245,2,36;1,1,0.9845,0,160;4,4,0.8755,2,12;2,2,0.1885,0,128
evidence-temporal-train-01143	2	2	1	119,44,52,199,62,92,45,204,136,147,115,11,192,157,167,190,109,66,77,23,190,201,17,84,34,69,166,2,93,210,99,141,33,126,150,133	1,1,0.2195,2,178;8,0,0.8585,0,84;3,4,0.5365,0,75;4,2,0.9185,0,4;2,3,0.6665,2,204;5,3,0.0695,0,180
evidence-temporal-train-01144	1	0	2	44,141,169,170,209,169,134,188,145,3,18,62,93,174,151,117,76,67,22,27,178,171,91,45,99,125,174,114,139,108,50,69,11,82,38,211	2,1,0.5055,1,252;2,4,0.9975,0,233;1,4,0.7705,0,36;3,0,0.7445,0,54;2,2,0.4395,0,63;4,4,0.7435,0,28
evidence-temporal-train-01145	9	3	2	152,80,159,40,33,85,171,93,151,65,172,117,141,13,155,3,97,52,182,59,197,106,122,17,140,89,114,36,148,130,45,21,192,168,69,169	2,3,0.3865,0,22;8,2,0.1545,0,147;3,1,0.2485,0,126;7,3,0.2715,0,102;0,0,0.4825,0,69;1,0,0.8325,0,245
evidence-temporal-train-01146	6	3	2	36,66,155,141,3,169,62,104,186,88,175,123,176,49,73,43,69,18,164,82,148,169,93,203,184,151,119,112,13,25,140,106,45,132,24,184	2,3,0.5565,3,220;0,2,0.7815,0,158;0,4,0.5325,0,115;0,0,0.0845,0,167;7,0,0.0955,2,18;2,2,0.8285,0,17
evidence-temporal-train-01147	8	2	2	179,106,101,147,54,88,34,209,41,201,69,165,45,113,62,132,139,164,21,7,126,151,143,117,11,186,18,167,158,93,209,73,27,203,86,67	6,1,0.5985,0,102;2,0,0.2615,0,98;5,4,0.6325,0,242;0,4,0.1305,0,1;4,0,0.2735,0,73;5,2,0.6675,2,129
evidence-temporal-train-01148	1	3	0	149,106,93,26,50,37,103,89,157,3,152,215,141,148,207,126,162,15,117,70,134,136,152,153,203,19,68,21,78,198,47,58,197,112,84,44	2,5,0.6565,0,111;1,3,0.9825,2,84;1,0,0.8715,1,48;5,2,0.2645,0,75;6,0,0.1875,0,64;5,4,0.1025,0,248
evidence-temporal-train-01149	7	2	0	117,93,211,149,100,147,11,74,46,130,141,155,183,199,41,122,69,199,163,203,63,27,136,16,110,114,3,50,200,66,194,85,92,178,21,35	2,1,0.1555,0,211;2,1,0.2505,1,119;1,5,0.4105,0,3;1,3,0.9285,0,98;3,4,0.4405,0,239;1,0,0.0165,0,24
evidence-temporal-train-01150	10	1	1	53,126,23,45,193,117,33,146,135,155,81,39,68,142,115,150,138,60,176,8,93,44,180,179,175,214,105,20,88,10,176,70,86,210,210,111	7,0,0.9215,2,250;8,5,0.9305,0,52;4,2,0.9385,1,145;8,4,0.1835,0,170;8,5,0.6235,0,106;5,5,0.4045,1,247
evidence-temporal-train-01151	1	0	0	36,176,108,149,200,117,209,17,45,52,3,21,89,14,113,60,184,44,135,159,69,163,95,123,103,145,182,76,68,84,197,164,141,30,139,194	2,4,0.3725,0,67;5,2,0.9215,0,238;3,2,0.9955,0,217;3,2,0.3705,2,140;6,2,0.3765,0,51;2,5,0.7035,0,128
evidence-temporal-train-01152	10	3	1	187,75,170,148,85,126,105,188,178,114,150,21,165,175,58,137,67,131,186,13,177,43,88,162,9,55,26,141,45,37,187,69,17,111,93,117	8,3,0.2305,0,186;1,3,0.6325,0,214;6,0,0.6025,0,23;2,3,0.0535,0,44;8,5,0.4725,0,52;5,1,0.3145,0,26
evidence-temporal-train-01153	5	2	1	9,162,117,45,90,185,197,141,39,190,124,158,189,214,93,110,115,21,86,18,14,147,63,99,135,41,51,157,69,28,150,77,201,140,65,167	8,4,0.5545,0,116;3,5,0.3175,0,80;2,5,0.3515,0,64;4,4,0.4185,0,81;2,4,0.6445,0,132;3,5,0.8925,0,120
evidence-temporal-train-01154	10	2	0	91,95,149,154,69,174,67,170,58,117,4,50,38,10,45,192,111,113,188,123,186,29,135,185,105,158,17,82,185,141,157,147,75,136,43,21	3,0,0.2855,0,33;4,4,0.7075,0,139;1,0,0.6945,0,167;2,0,0.6045,2,162;8,5,0.3105,0,233;2,5,0.0135,0,35
evidence-temporal-train-01155	3	0	2	208,145,214,78,99,197,84,124,161,91,108,156,59,116,65,140,45,201,198,160,53,93,143,164,21,69,15,151,42,27,20,117,209,35,133,4	3,5,0.8315,0,55;2,1,0.4065,0,219;4,1,0.2245,0,36;5,2,0.6855,0,220;2,2,0.9985,0,70;3,3,0.8605,2,12
evidence-temporal-train-01156	5	2	2	21,14,180,67,4,202,135,123,147,45,17,179,41,151,92,192,161,116,171,100,81,190,86,167,185,106,36,93,141,137,71,59,27,117,50,170	3,4,0.3635,0,38;2,2,0.2725,0,183;1,1,0.6385,2,76;8,4,0.8445,0,45;3,0,0.8555,0,242;2,5,0.2045,0,184
evidence-temporal-train-01157	8	3	2	151,121,69,21,11,189,207,75,93,141,137,148,32,54,83,64,182,207,152,3,201,108,193,117,175,62,45,183,43,92,130,193,20,102,37,116	2,1,0.8635,0,212;7,3,0.7595,0,90;5,4,0.1965,0,30;2,1,0.9195,0,208;5,2,0.8455,0,116;0,0,0.3785,0,225
evidence-temporal-train-01158	10	2	1	68,42,150,82,184,131,117,157,178,33,16,188,21,4,69,93,116,180,108,77,141,15,190,147,49,45,157,59,102,37,140,170,201,88,127,174	3,5,0.1055,0,127;8,3,0.4975,0,248;0,1,0.8695,0,17;4,0,0.1535,0,108;5,2,0.9515,0,109;6,1,0.8265,0,66
evidence-temporal-train-01159	10	2	1	159,189,72,4,62,150,73,33,130,108,52,39,125,147,43,195,141,185,200,21,162,19,170,201,11,114,45,117,138,65,105,89,85,158,93,186	3,1,0.6055,0,104;8,5,0.6805,0,65;3,4,0.3675,3,151;0,3,0.3455,0,60;8,2,0.5295,0,185;4,0,0.4455,0,129
evidence-temporal-train-01160	10	1	2	92,172,5,94,46,59,126,33,12,176,51,215,141,44,206,151,38,146,113,18,69,175,131,182,181,202,97,82,21,79,180,138,117,64,206,108	4,2,0.4305,0,59;8,4,0.9195,1,7;2,1,0.0665,0,94;6,0,0.9035,1,124;0,2,0.2145,0,115;5,1,0.5075,0,229
evidence-temporal-train-01161	1	3	1	21,86,16,77,148,179,141,124,63,41,93,157,99,64,112,150,118,203,194,174,107,137,45,57,69,15,184,213,166,5,39,159,88,132,27,204	4,5,0.0845,0,122;2,5,0.3485,0,254;8,5,0.1805,0,68;4,4,0.0225,0,221;2,1,0.0135,1,236;3,2,0.2695,0,3
evidence-temporal-train-01162	1	3	1	109,42,129,180,189,157,96,19,72,78,185,10,48,141,21,134,117,157,180,150,30,51,169,181,148,99,68,38,162,152,83,138,62,1,92,114	0,0,0.6305,0,30;5,4,0.5815,3,62;2,4,0.8295,3,127;5,1,0.9325,3,112;2,3,0.4585,0,211;8,4,0.5485,0,62
evidence-temporal-train-01163	6	0	2	168,115,145,34,186,176,52,160,45,87,151,93,23,8,59,97,33,79,11,117,69,16,202,66,140,135,41,200,108,155,89,141,121,185,166,204	7,1,0.0235,2,182;8,0,0.3195,0,237;3,1,0.5275,0,30;6,5,0.2275,0,31;0,2,0.6595,0,127;0,5,0.8105,0,239
evidence-temporal-train-01164	1	2	1	93,144,178,195,18,159,34,139,69,195,202,45,114,65,22,126,75,166,27,150,147,84,175,8,153,104,110,135,11,178,117,59,53,92,189,44	7,1,0.5415,1,58;2,0,0.8605,0,114;4,1,0.2165,0,107;2,2,0.9005,0,10;7,4,0.5905,0,5;5,5,0.6865,3,189
evidence-temporal-train-01165	3	0	1	106,2,53,177,153,153,16,196,45,183,150,153,43,117,37,77,84,203,134,25,112,204,13,95,164,140,99,88,70,141,65,124,145,21,192,59	1,3,0.0645,0,137;0,3,0.7565,0,32;4,1,0.2435,1,199;4,2,0.0285,2,225;2,0,0.1065,0,134;3,4,0.9965,0,68
evidence-temporal-train-01166	5	3	2	207,44,119,109,148,203,45,139,55,63,116,104,166,31,152,83,21,202,17,13,93,129,134,141,5,154,35,211,209,67,182,151,88,76,69,176	4,3,0.2545,0,33;6,1,0.8975,0,164;6,5,0.7745,0,146;3,1,0.0885,0,153;7,3,0.9965,2,21;8,4,0.7875,0,102
evidence-temporal-train-01167	10	0	0	135,187,37,149,197,115,176,141,14,28,193,194,57,75,197,145,44,140,3,157,88,109,82,67,18,69,96,214,208,62,105,119,45,129,201,21	2,4,0.5005,0,192;3,3,0.8425,0,192;8,4,0.6785,0,167;2,0,0.1155,3,146;8,3,0.7015,2,221;8,5,0.9805,0,64
evidence-temporal-train-01168	5	2	2	136,90,62,175,147,209,93,81,69,181,85,141,27,199,197,114,189,117,109,52,151,46,193,129,43,66,21,168,10,167,8,133,100,17,189,38	7,0,0.3565,0,231;2,4,0.6345,1,7;3,4,0.5665,0,160;8,3,0.4765,0,231;3,3,0.5475,0,68;8,3,0.0415,0,247
evidence-temporal-train-01169	5	2	1	185,190,110,114,182,16,56,190,66,45,21,183,15,38,75,213,83,147,89,9,186,142,100,137,150,123,206,72,62,44,165,135,177,93,31,117	8,5,0.1865,0,255;6,4,0.8905,0,251;7,4,0.5075,3,131;2,1,0.2915,0,168;3,4,0.5055,0,12;2,5,0.3045,1,32
evidence-temporal-train-01170	2	3	1	148,78,150,62,132,117,47,161,52,108,141,199,10,212,161,96,208,85,137,102,69,42,185,92,19,115,194,192,34,66,4,155,21,129,187,30	3,0,0.6335,0,6;5,0,0.4285,2,104;3,4,0.4335,0,246;5,3,0.8925,3,36;5,2,0.7305,0,36;8,2,0.3535,0,101
evidence-temporal-train-01171	9	2	0	21,34,209,80,159,214,172,8,69,111,28,10,115,45,197,58,214,141,168,125,136,149,85,49,214,101,66,91,147,119,171,93,40,194,19,132	7,0,0.7345,0,72;3,0,0.0185,0,22;0,0,0.4625,0,56;7,3,0.7415,0,131;4,5,0.7385,2,189;4,2,0.1485,0,22
evidence-temporal-train-01172	1	0	0	215,158,15,28,34,40,93,109,24,113,16,69,49,133,5,61,64,92,142,172,139,75,197,149,207,118,211,45,172,99,202,167,177,124,85,145	4,5,0.1325,3,129;3,0,0.0575,0,33;0,3,0.0565,0,208;2,3,0.8485,0,253;2,3,0.2655,1,142;3,3,0.6725,1,170
evidence-temporal-train-01173	1	3	1	64,117,82,100,157,176,21,215,153,42,93,211,45,208,148,13,214,212,79,150,202,3,54,61,211,27,90,69,135,17,140,142,109,112,35,124	2,3,0.2455,0,161;2,1,0.4385,0,225;5,3,0.0735,0,159;6,0,0.5135,0,86;3,3,0.1665,0,89;3,5,0.8575,1,27
evidence-temporal-train-01174	8	2	2	82,136,68,127,13,175,18,45,171,103,69,143,199,151,80,58,112,147,28,92,21,135,208,178,93,42,187,109,176,54,155,6,118,157,156,36	5,3,0.4295,0,107;3,2,0.4365,0,182;5,0,0.8565,0,101;7,0,0.8735,0,238;6,3,0.1275,1,154;6,5,0.1065,2,154
evidence-temporal-train-01175	1	3	0	47,65,167,88,21,159,171,133,114,108,38,30,174,41,13,149,18,80,141,203,117,169,99,58,139,93,189,203,148,123,56,69,85,152,168,3	2,3,0.5085,0,185;5,4,0.3345,2,249;7,0,0.3145,0,46;7,3,0.1215,0,252;2,2,0.5105,0,74;2,3,0.6865,0,254
evidence-temporal-train-01176	2	0	2	215,25,108,38,69,151,81,181,141,89,214,3,145,12,211,18,93,40,84,60,45,98,134,21,136,117,170,197,52,123,113,162,187,64,183,204	2,2,0.4225,0,82;0,4,0.0225,0,94;3,2,0.1455,0,180;8,2,0.2135,0,87;1,2,0.3515,0,225;2,4,0.0255,0,252
evidence-temporal-train-01177	1	1	2	151,168,69,41,208,199,25,17,168,93,83,51,12,116,99,129,166,146,45,171,66,152,137,90,117,204,36,179,110,199,131,21,77,62,141,6	5,2,0.2325,0,121;0,2,0.2555,0,8;2,4,0.4915,0,216;4,1,0.4665,0,139;2,4,0.9605,0,209;8,1,0.3625,0,123
evidence-temporal-train-01178	8	0	2	21,44,151,199,194,145,141,68,3,123,76,93,102,111,18,45,69,184,203,204,62,154,15,199,187,37,90,85,138,117,135,30,154,114,210,53	2,5,0.5635,0,164;5,3,0.8685,0,69;4,4,0.8585,0,100;3,3,0.4985,0,200;5,5,0.4965,0,176;2,5,0.5175,0,108
evidence-temporal-train-01179	2	3	1	78,117,112,161,67,51,83,186,43,167,3,154,143,45,93,33,150,128,171,136,58,155,99,153,91,154,16,181,10,161,34,135,148,69,21,110	2,0,0.0645,0,24;8,0,0.7655,0,239;2,0,0.7955,0,136;5,1,0.7805,0,8;2,4,0.0295,0,4;7,5,0.1225,2,170
evidence-temporal-train-01180	10	1	2	141,35,16,93,27,79,63,87,212,153,65,151,166,21,112,103,133,168,45,69,159,54,146,44,169,210,163,125,200,111,118,3,140,10,165,88	2,0,0.1725,0,198;2,1,0.9295,0,39;5,5,0.2165,0,22;6,5,0.0465,0,125;6,5,0.1595,1,87;4,3,0.9775,0,11
evidence-temporal-train-01181	5	1	2	141,109,16,160,186,214,151,39,115,67,171,167,45,137,13,103,154,130,57,212,42,93,72,31,117,81,21,3,128,61,202,83,152,146,90,158	2,3,0.1465,0,91;6,5,0.5015,0,11;8,3,0.7695,3,239;8,1,0.5205,0,254;6,3,0.7485,0,107;7,0,0.3305,0,221
evidence-temporal-train-01182	2	0	1	51,145,89,213,185,11,179,213,130,184,76,41,21,141,166,45,93,100,139,175,206,84,64,20,106,69,32,129,117,7,59,172,215,150,112,35	6,1,0.9655,0,20;7,1,0.3415,0,180;2,1,0.1725,0,227;3,2,0.3915,0,206;3,0,0.1835,0,23;8,0,0.7435,0,246
evidence-temporal-train-01183	9	0	1	82,43,51,99,4,192,128,11,183,61,117,177,114,150,90,16,140,111,164,70,210,195,135,30,207,159,93,174,64,35,184,46,141,145,21,77	3,1,0.0755,0,246;5,1,0.7065,1,122;2,3,0.1675,1,90;4,0,0.4465,0,120;2,5,0.5885,0,248;7,5,0.9855,0,99
evidence-temporal-train-01184	7	0	1	118,2,44,71,195,178,83,79,51,187,141,59,130,209,101,145,48,137,93,150,107,205,156,121,15,210,161,167,66,116,35,214,30,88,19,21	1,5,0.6145,0,145;5,1,0.9195,3,161;2,1,0.4345,2,1;6,1,0.0595,0,207;4,1,0.9485,1,188;0,0,0.3855,0,178
evidence-temporal-train-01185	10	3	2	46,108,158,9,39,83,14,88,170,139,125,171,148,151,97,18,41,118,205,69,58,94,179,116,162,30,130,208,51,73,141,21,65,208,165,187	8,4,0.4605,0,34;5,5,0.2395,1,170;2,0,0.2365,0,150;0,1,0.0605,1,155;0,2,0.8195,1,248;4,0,0.6245,0,94
evidence-temporal-train-01186	6	1	1	150,36,130,29,22,141,117,174,87,66,165,210,102,163,19,177,125,110,170,62,71,53,140,194,112,146,93,8,42,180,176,89,166,12,73,45	7,2,0.6885,1,23;4,2,0.5925,0,202;4,4,0.5535,2,14;0,5,0.2515,0,115;5,4,0.1005,0,8;4,0,0.8025,0,157
evidence-temporal-train-01187	9	0	1	114,45,197,205,150,69,182,117,19,141,180,28,89,84,34,2,184,10,63,174,177,173,140,56,97,76,24,132,153,93,128,40,168,145,68,109	1,0,0.6165,3,196;3,0,0.0655,0,129;7,5,0.9625,0,228;3,2,0.2265,0,9;0,3,0.5735,0,66;7,2,0.9025,0,149
evidence-temporal-train-01188	6	0	0	209,138,207,165,35,66,196,62,49,93,188,133,204,129,46,77,149,27,16,97,88,22,9,206,169,141,84,145,106,10,116,69,117,44,166,165	8,0,0.0765,1,66;2,1,0.9875,1,231;0,4,0.5085,0,230;4,2,0.1435,0,178;0,0,0.8785,0,193;8,3,0.5595,0,192
evidence-temporal-train-01189	1	3	1	17,159,107,45,211,35,203,93,66,69,23,208,31,153,13,120,140,148,134,84,127,150,161,158,92,153,102,75,214,143,115,59,8,41,183,57	7,3,0.3775,2,21;6,1,0.3765,0,83;8,1,0.5155,0,244;2,2,0.9335,0,2;5,1,0.7595,3,53;6,4,0.8285,2,225
evidence-temporal-train-01190	8	3	2	97,16,203,75,151,175,50,141,45,41,133,107,193,31,190,213,21,114,59,67,198,126,148,117,89,139,8,35,186,196,69,161,173,82,14,93	7,4,0.1345,0,130;6,1,0.3715,0,248;1,1,0.6505,0,22;2,0,0.3685,0,47;0,1,0.4245,0,118;5,3,0.7725,0,226
evidence-temporal-train-01191	5	2	1	114,45,141,17,87,159,123,41,211,38,60,75,28,205,91,94,67,208,208,147,209,10,72,21,106,150,195,133,154,105,7,117,203,56,136,157	6,0,0.3795,0,182;3,4,0.2775,0,193;7,2,0.7085,3,134;2,5,0.6385,1,230;8,0,0.4475,0,33;2,3,0.0925,0,23
evidence-temporal-train-01192	10	3	2	120,131,31,44,21,45,183,136,175,35,67,91,57,176,63,15,192,176,69,148,78,107,189,4,209,151,103,141,207,127,197,93,174,86,113,17	3,5,0.3435,0,110;6,1,0.9225,0,188;8,5,0.6065,0,31;5,4,0.7465,0,237;6,1,0.2505,3,26;6,1,0.0275,0,140
evidence-temporal-train-01193	6	1	2	16,55,203,12,33,141,117,196,88,65,41,21,111,73,93,197,121,202,61,34,199,151,146,72,159,183,164,99,112,185,164,82,139,130,45,1	0,2,0.1455,0,34;8,0,0.3365,0,228;6,3,0.2035,3,137;0,0,0.1225,0,252;2,5,0.0195,0,172;0,0,0.6925,0,109
evidence-temporal-train-01194	2	0	1	21,182,150,124,3,215,211,93,183,104,32,92,109,59,83,71,52,46,187,81,19,171,64,172,12,140,117,112,44,178,132,180,141,145,152,34	2,2,0.6145,0,159;7,0,0.8815,1,252;3,1,0.0245,2,39;8,1,0.9675,0,205;7,3,0.1935,0,223;3,2,0.8465,0,168
evidence-temporal-train-01195	10	0	1	161,62,167,12,39,138,174,45,196,199,193,21,100,143,69,117,214,114,9,53,93,150,92,33,41,131,79,145,128,210,111,182,174,68,19,87	8,2,0.7885,0,19;8,5,0.3095,0,177;4,4,0.8345,0,37;6,5,0.9095,0,40;3,5,0.5885,0,107;7,1,0.4325,2,88
evidence-temporal-train-01196	1	3	1	100,111,37,18,137,197,212,198,45,194,150,6,53,199,93,173,130,141,14,21,91,193,113,203,40,75,87,117,148,64,180,60,69,159,129,31	5,4,0.5795,0,98;6,3,0.0015,0,29;4,2,0.1355,0,213;2,5,0.6195,0,21;3,5,0.2105,0,99;8,0,0.2515,0,206
evidence-temporal-train-01197	9	2	0	168,206,32,64,201,118,133,49,149,35,137,124,169,21,112,141,89,210,203,108,93,159,87,16,176,45,69,59,11,74,104,44,174,214,147,3	2,1,0.1245,0,24;7,1,0.8335,0,78;0,1,0.0325,0,131;1,5,0.2465,0,66;7,2,0.1975,1,69;3,3,0.2925,0,225
evidence-temporal-train-01198	0	3	2	117,20,141,83,93,183,178,130,213,205,136,67,100,45,15,190,116,75,39,151,33,154,121,69,164,58,215,41,179,3,91,148,21,111,196,53	2,5,0.9315,0,105;8,5,0.2435,0,43;4,0,0.6925,0,18;2,1,0.7155,0,184;3,5,0.9575,0,127;0,0,0.0765,0,234
evidence-temporal-train-01199	2	3	2	140,49,204,117,193,212,110,151,181,124,10,154,202,45,69,103,82,213,16,141,130,75,173,93,62,21,44,33,114,64,168,163,2,148,36,92	1,0,0.1015,0,193;8,2,0.8595,0,76;0,4,0.0085,0,174;2,0,0.8075,0,100;6,4,0.4625,0,31;3,0,0.9325,0,67
evidence-temporal-train-01200	5	2	1	45,174,36,127,8,22,50,92,179,175,65,209,15,118,32,99,41,93,195,19,152,187,141,150,58,70,147,139,204,135,79,170,84,114,106,184	7,5,0.6105,1,189;7,2,0.2605,0,161;1,0,0.2385,1,17;6,2,0.9485,0,154;2,0,0.4415,1,90;6,5,0.6015,0,133
evidence-temporal-train-01201	10	2	0	63,139,106,123,86,141,42,35,15,92,69,47,25,168,166,93,157,186,102,76,112,130,21,175,66,147,149,9,57,167,188,203,170,17,117,162	8,5,0.2815,0,203;0,1,0.4075,2,105;8,5,0.4265,0,161;3,4,0.8695,0,230;5,0,0.0515,0,70;2,0,0.7845,0,248
evidence-temporal-train-01202	10	0	2	201,2,77,151,45,68,21,57,109,14,204,196,95,86,92,103,181,123,175,114,211,117,139,37,130,69,26,181,63,145,152,17,210,190,42,141	1,4,0.2355,0,51;1,3,0.4175,0,104;8,5,0.9955,0,72;4,4,0.9295,2,170;6,3,0.5905,0,52;2,0,0.6455,0,66
evidence-temporal-train-01203	7	2	0	159,166,185,108,136,176,207,62,141,26,147,127,93,157,116,168,160,17,149,45,101,85,12,42,74,7,68,163,134,117,35,69,92,164,53,21	6,2,0.3605,0,225;1,1,0.4685,0,133;4,4,0.8345,0,17;1,3,0.8385,0,251;4,2,0.9835,0,98;6,4,0.1885,0,251
evidence-temporal-train-01204	6	0	1	66,198,53,48,11,60,22,145,121,43,170,155,190,25,35,139,141,115,1,70,103,110,150,119,80,17,204,206,135,92,185,214,175,84,192,93	0,1,0.3975,1,216;0,1,0.6075,3,190;4,2,0.5085,1,196;7,2,0.8885,0,113;6,4,0.7735,2,2;0,5,0.6715,0,8
evidence-temporal-train-01205	1	3	2	68,212,93,106,187,82,78,151,215,115,207,69,51,89,21,35,131,153,188,3,184,211,98,201,63,141,45,11,127,117,44,193,138,25,20,148	2,1,0.8255,0,213;0,1,0.9265,0,68;2,5,0.9885,0,216;5,0,0.2005,0,215;1,0,0.6465,0,216;6,1,0.5885,0,173
evidence-temporal-train-01206	8	1	1	137,83,106,30,146,15,200,121,150,206,6,54,157,93,153,168,67,141,133,207,117,90,44,69,16,198,114,165,59,102,75,192,183,45,38,21	5,5,0.1865,0,98;5,4,0.9605,0,106;5,1,0.7985,0,187;2,1,0.4445,0,219;5,0,0.5925,0,90;0,3,0.3395,0,118
evidence-temporal-train-01207	7	3	2	169,134,181,16,174,212,15,78,69,86,182,45,180,140,90,203,159,42,122,111,141,202,117,112,52,97,151,148,21,93,64,60,196,36,7,31	6,5,0.1825,0,194;6,2,0.5825,0,64;3,2,0.0815,0,240;5,4,0.5165,0,60;0,5,0.1045,0,4;1,4,0.8715,0,132
evidence-temporal-train-01208	8	0	1	145,132,181,64,87,160,124,150,215,60,117,2,69,163,204,159,12,199,188,110,42,140,45,113,93,17,92,78,142,105,31,175,57,34,21,194	1,2,0.3255,0,133;6,0,0.4415,0,0;8,2,0.1535,0,91;5,5,0.9155,0,71;8,4,0.2795,0,213;3,2,0.9435,1,105
evidence-temporal-train-01209	7	0	1	154,21,93,49,103,168,92,117,154,74,213,42,172,161,26,133,112,106,82,187,199,11,145,210,183,123,63,136,16,150,141,45,38,8,69,68	7,1,0.0205,0,152;1,4,0.4855,0,72;0,5,0.8795,0,213;1,0,0.8185,0,218;6,0,0.0755,0,204;2,3,0.1845,0,213
evidence-temporal-train-01210	1	3	2	195,90,168,116,177,69,16,182,117,15,65,167,26,151,141,110,130,75,160,205,52,83,94,99,148,36,21,59,138,203,203,45,179,125,9,43	8,5,0.1165,0,163;1,2,0.6005,0,70;3,1,0.3735,0,137;2,1,0.4195,1,96;2,4,0.9605,0,154;4,0,0.4875,0,232
evidence-temporal-train-01211	5	2	0	135,1,205,45,27,195,126,86,62,140,179,36,176,42,197,177,76,141,64,56,119,22,92,178,149,200,113,69,167,10,18,93,106,147,200,103	0,0,0.5095,1,84;2,2,0.4195,0,213;7,4,0.0375,0,23;3,4,0.9315,0,166;6,0,0.3895,2,58;5,5,0.9995,0,56
evidence-temporal-train-01212	10	0	1	27,197,136,117,141,59,48,128,105,12,179,69,201,54,18,44,116,202,150,83,215,111,9,77,212,203,212,135,24,145,34,93,65,91,158,165	8,2,0.5575,3,149;2,0,0.9065,3,152;5,1,0.2175,0,81;4,1,0.6795,0,207;8,5,0.9735,0,37;7,5,0.0175,0,134
evidence-temporal-train-01213	1	3	1	174,208,101,117,20,161,207,106,45,70,148,63,39,141,21,31,214,80,67,116,175,158,82,150,157,131,181,93,159,3,52,14,92,42,140,127	2,4,0.9245,0,14;6,5,0.5995,0,166;3,5,0.7205,1,53;7,0,0.9825,0,132;4,0,0.8435,0,100;6,1,0.9925,0,185
evidence-temporal-train-01214	6	0	0	36,138,40,153,113,181,60,184,178,16,97,149,175,85,79,21,184,215,111,67,130,128,94,171,214,145,15,49,166,69,46,28,143,89,117,1	0,5,0.0875,0,46;3,2,0.0475,1,158;0,2,0.7005,0,148;6,3,0.3765,1,139;0,5,0.3905,0,31;7,0,0.4455,2,6
evidence-temporal-train-01215	5	2	1	168,117,66,3,114,174,75,147,168,141,171,199,59,133,69,183,137,43,205,21,13,152,150,57,26,168,84,93,157,88,100,20,110,45,125,37	2,3,0.9105,0,15;1,3,0.6925,0,51;8,1,0.5585,0,21;2,2,0.0265,0,16;3,4,0.4575,0,244;4,3,0.2345,0,190
evidence-temporal-train-01216	7	2	2	151,117,9,116,196,86,121,109,207,168,28,13,179,94,141,173,204,75,45,61,42,68,20,98,190,89,70,36,138,178,199,130,53,22,191,147	8,3,0.9065,1,148;3,2,0.4695,0,228;4,3,0.9415,1,40;2,4,0.3725,1,72;1,3,0.8645,0,211;0,0,0.5645,0,169
evidence-temporal-train-01217	9	2	1	50,3,60,128,117,67,185,179,92,35,76,84,193,30,173,41,171,116,211,94,107,101,138,69,150,164,181,21,147,18,208,173,141,45,14,134	2,4,0.5025,0,120;5,1,0.3395,0,86;1,2,0.6225,0,105;3,2,0.9885,1,10;4,1,0.8945,0,103;7,4,0.5625,0,184
evidence-temporal-train-01218	8	1	0	146,18,5,176,68,90,188,72,214,149,201,137,191,23,113,180,97,125,30,93,35,87,210,206,117,143,15,110,51,58,78,45,44,135,152,179	4,5,0.5535,2,108;5,1,0.8265,0,175;2,0,0.8435,3,157;5,5,0.4945,0,233;0,4,0.2045,0,239;4,5,0.2485,2,138
evidence-temporal-train-01219	2	0	1	150,58,206,109,161,124,165,43,167,84,93,27,117,76,113,198,69,186,134,37,144,10,22,4,208,67,97,170,47,51,19,145,90,188,183,136	3,0,0.6325,1,121;2,3,0.7465,2,221;2,0,0.6165,0,139;3,2,0.5265,0,145;0,3,0.3555,0,248;3,4,0.0555,3,223
evidence-temporal-train-01220	2	0	1	141,29,180,83,126,138,45,181,3,150,114,17,106,206,40,35,104,131,91,199,69,201,13,117,63,145,73,64,178,214,51,178,208,93,175,21	2,3,0.3895,0,240;4,1,0.0565,0,88;2,5,0.0835,0,94;0,1,0.6165,0,98;7,0,0.5335,0,211;5,1,0.4425,0,129
evidence-temporal-train-01221	1	0	2	92,188,93,114,145,204,66,100,198,162,190,123,45,133,21,152,87,51,182,14,43,201,17,117,186,141,4,106,38,140,80,31,204,69,151,62	3,4,0.2845,0,131;6,4,0.7455,0,80;2,4,0.4095,0,40;7,5,0.8895,0,251;3,0,0.4905,0,254;2,3,0.9115,0,29
evidence-temporal-train-01222	0	3	2	158,198,41,66,54,205,98,114,123,21,141,111,35,164,135,92,151,167,76,69,19,63,45,192,139,7,180,198,117,87,93,33,186,15,148,185	6,5,0.6975,0,67;8,1,0.2195,0,158;5,5,0.4755,0,153;3,5,0.8685,0,252;1,5,0.4545,0,6;2,5,0.6355,0,16
evidence-temporal-train-01223	2	0	2	2,151,133,93,76,141,178,184,12,166,203,108,59,208,90,21,69,145,45,67,190,19,184,211,198,44,84,117,26,194,34,137,128,104,52,113	1,2,0.6335,0,225;1,0,0.9625,0,87;3,1,0.7265,0,111;3,2,0.4365,0,202;7,2,0.3535,0,23;7,3,0.3255,0,185
evidence-temporal-train-01224	10	3	0	20,141,60,12,21,176,102,44,114,39,162,133,45,69,50,111,154,91,76,84,148,138,179,166,93,117,29,211,67,149,162,3,194,186,129,189	2,2,0.8805,0,71;4,5,0.8815,0,49;1,2,0.7425,0,111;3,2,0.6355,0,112;5,5,0.5945,0,119;8,3,0.5485,0,38
evidence-temporal-train-01225	7	2	0	15,107,92,112,147,136,93,172,69,42,141,192,32,36,45,74,118,209,57,129,181,68,2,202,130,21,208,98,157,149,180,157,59,186,19,87	1,5,0.6075,0,140;7,2,0.4975,0,201;8,1,0.9495,0,123;1,5,0.8885,0,166;1,1,0.1215,1,207;8,0,0.1075,0,236
evidence-temporal-train-01226	1	0	0	2,17,63,45,153,149,25,133,159,89,145,74,203,52,141,157,93,139,99,211,179,34,207,123,14,204,87,183,113,110,69,193,42,64,119,21	1,4,0.2225,0,228;0,0,0.4195,0,161;3,5,0.0075,0,60;1,5,0.3975,0,6;2,4,0.3625,2,195;2,3,0.7775,0,76
evidence-temporal-train-01227	10	3	0	17,69,45,113,160,131,148,99,163,10,110,212,32,8,169,40,149,68,74,88,82,168,21,187,53,126,176,37,187,187,63,141,117,140,96,187	7,0,0.3355,0,160;7,3,0.0865,0,63;4,5,0.8085,0,110;1,0,0.0505,3,57;2,4,0.3735,0,211;5,1,0.8275,0,211
evidence-temporal-train-01228	10	2	0	40,120,108,115,129,209,45,14,147,141,158,29,199,88,139,193,149,180,135,161,103,54,194,65,165,93,18,37,21,62,196,1,84,192,77,69	0,4,0.5305,0,58;4,3,0.0745,0,87;5,4,0.3105,0,202;4,2,0.0315,0,85;6,2,0.7295,3,122;8,5,0.6465,0,213
evidence-temporal-train-01229	1	2	2	85,200,91,112,159,147,17,151,201,192,107,35,134,21,140,209,32,99,69,9,203,93,141,12,67,44,59,117,45,183,51,79,207,157,170,123	8,2,0.2245,0,80;7,1,0.8735,0,62;2,1,0.7685,0,24;6,3,0.7985,0,18;2,1,0.0415,0,2;2,4,0.9125,0,111
evidence-temporal-train-01230	7	3	0	28,186,181,135,153,61,137,148,93,141,114,52,2,99,69,213,172,42,91,192,171,21,83,74,15,149,117,201,110,45,175,35,202,19,64,125	1,5,0.6285,0,10;3,1,0.5775,0,71;3,3,0.0585,0,221;1,1,0.7045,0,228;2,4,0.4265,0,16;4,5,0.2745,0,190
evidence-temporal-train-01231	7	1	2	50,146,98,3,108,87,48,181,206,169,30,183,133,114,181,154,117,164,40,163,24,16,36,93,90,123,155,141,202,151,66,74,69,60,15,137	2,5,0.0875,3,111;5,2,0.0555,3,58;1,2,0.5985,0,16;1,5,0.4725,0,127;1,2,0.5905,0,42;2,3,0.3755,0,215
evidence-temporal-train-01232	9	2	2	147,171,113,83,45,44,107,153,151,32,68,6,102,53,90,195,63,79,93,70,180,39,130,21,140,117,199,186,212,16,205,141,123,14,180,182	5,4,0.0045,0,2;7,5,0.9685,0,183;4,5,0.9675,1,206;6,1,0.4825,0,71;5,1,0.2705,0,183;2,0,0.9335,0,49
evidence-temporal-train-01233	1	1	0	159,40,149,179,103,30,13,69,139,196,51,90,181,18,209,155,87,7,21,67,122,116,142,93,146,58,156,174,184,75,130,188,108,45,120,35	6,3,0.4585,0,77;5,1,0.0805,0,186;2,0,0.6315,0,206;2,5,0.4435,0,23;6,2,0.8815,3,105;1,0,0.6785,1,23
evidence-temporal-train-01234	10	3	1	2,207,85,173,99,150,116,117,64,92,36,21,49,13,205,81,139,70,121,31,141,17,132,205,46,192,165,184,93,176,148,60,212,44,107,207	1,3,0.3295,0,66;6,2,0.9835,1,192;0,2,0.1705,1,128;8,3,0.9305,0,10;2,1,0.8505,0,144;0,2,0.6735,0,110
evidence-temporal-train-01235	1	0	0	27,201,145,178,12,44,19,149,201,21,86,215,136,3,144,168,37,68,76,171,45,106,103,53,69,132,121,63,184,117,210,90,175,203,112,95	2,2,0.6535,0,132;2,3,0.8825,0,38;4,5,0.8025,0,202;3,4,0.5575,2,194;6,0,0.0025,0,67;0,2,0.1925,3,253
evidence-temporal-train-01236	8	3	2	215,117,108,100,162,148,17,185,21,54,175,144,116,178,198,86,179,7,68,133,138,123,31,39,92,40,48,151,76,194,61,152,178,14,95,69	6,4,0.3635,0,115;6,5,0.1655,3,81;5,3,0.9815,0,63;3,4,0.9065,2,114;3,2,0.9615,0,35;2,3,0.4505,3,61
evidence-temporal-train-01237	3	0	2	70,136,200,144,145,67,40,127,35,151,94,171,211,168,14,100,53,166,25,176,170,21,117,61,16,82,45,113,131,163,194,108,92,4,76,162	3,4,0.0845,0,134;0,1,0.1325,0,14;4,3,0.7875,1,82;3,0,0.8435,1,35;3,2,0.2195,0,174;6,1,0.0305,3,103
evidence-temporal-train-01238	9	0	0	158,145,141,47,86,153,205,197,28,18,200,91,80,137,112,126,118,4,72,59,10,52,172,190,197,149,107,43,199,21,68,98,93,163,35,132	3,0,0.5365,0,17;3,1,0.7525,2,52;3,1,0.8225,3,59;7,4,0.6915,0,199;1,1,0.0715,1,6;5,2,0.2215,0,225
evidence-temporal-train-01239	9	2	2	80,186,117,85,152,29,138,93,24,56,141,12,103,134,206,123,164,37,203,45,58,112,181,197,157,65,7,69,147,185,110,92,41,19,151,208	6,2,0.6595,3,236;4,3,0.3905,0,110;7,0,0.3155,0,222;7,3,0.8145,0,131;6,4,0.1225,0,132;2,4,0.5525,0,14
evidence-temporal-train-01240	3	0	1	59,117,30,55,189,83,45,187,180,3,182,139,20,169,141,155,91,12,124,191,135,114,106,166,93,102,150,179,181,21,68,41,75,145,69,37	2,2,0.8875,0,75;5,3,0.3745,0,133;6,1,0.8085,0,222;2,1,0.7465,0,168;5,0,0.5525,0,50;3,5,0.6125,0,173
evidence-temporal-train-01241	10	0	2	78,145,37,43,45,69,117,209,170,108,157,212,21,5,93,84,151,136,29,115,122,195,105,133,19,58,141,15,211,51,153,92,158,187,68,168	4,5,0.6845,0,105;4,3,0.6665,0,25;2,0,0.9055,0,86;5,2,0.9305,0,240;8,2,0.7355,0,176;1,3,0.1565,0,76
evidence-temporal-train-01242	2	2	2	30,60,120,116,147,165,109,167,159,52,16,192,212,194,6,100,151,125,165,69,93,21,43,91,67,182,198,37,141,10,137,82,132,211,76,45	5,0,0.1055,0,114;5,3,0.6695,0,31;3,2,0.6435,0,148;3,0,0.7645,0,148;3,3,0.8525,3,52;4,2,0.2865,0,113
evidence-temporal-train-01243	9	0	0	145,37,59,71,82,181,21,178,51,94,144,185,45,117,112,205,107,214,149,10,78,4,90,65,196,44,102,154,124,212,172,134,138,167,20,32	3,0,0.8745,0,110;7,3,0.9815,0,150;2,1,0.2625,2,41;5,0,0.4165,1,177;5,1,0.0345,0,179;3,4,0.5125,3,19
evidence-temporal-train-01244	5	2	2	21,171,34,92,109,121,41,143,51,203,94,4,178,181,194,20,58,208,13,137,196,153,100,71,114,81,147,151,180,191,45,27,82,117,68,130	3,3,0.8675,0,118;2,0,0.3945,0,55;2,0,0.9575,2,43;8,0,0.8705,1,36;3,3,0.5805,0,46;0,0,0.3455,2,12
evidence-temporal-train-01245	3	0	1	18,3,69,191,150,138,35,121,85,176,189,66,76,98,111,181,45,160,144,212,153,120,93,179,195,51,27,132,116,10,92,60,213,43,21,145	2,0,0.4045,0,124;2,1,0.7655,0,95;2,2,0.4095,0,4;3,3,0.8605,0,132;1,5,0.8345,3,20;0,2,0.4625,3,239
evidence-temporal-train-01246	10	2	2	139,135,212,84,215,11,59,207,111,18,39,211,207,208,33,123,141,207,180,64,100,159,147,42,81,45,51,93,117,113,201,21,69,151,90,4	3,1,0.4625,0,61;8,5,0.5035,0,224;2,1,0.0315,0,220;8,2,0.4145,0,105;3,5,0.2475,0,50;2,5,0.6085,0,121
evidence-temporal-train-01247	8	0	0	160,102,154,17,93,157,35,21,206,209,130,68,70,63,142,145,129,140,91,178,14,194,78,33,117,109,112,57,213,40,178,87,45,167,149,3	2,4,0.3365,0,20;8,1,0.1705,0,96;8,5,0.8435,1,8;5,5,0.6855,0,162;5,3,0.1065,0,26;8,0,0.9885,1,155
evidence-temporal-train-01248	7	3	2	140,89,183,1,26,169,198,18,45,110,21,93,76,55,142,67,72,84,98,115,184,176,122,131,156,61,180,151,170,148,159,159,117,14,43,34	0,4,0.5635,0,117;1,0,0.6135,0,38;6,3,0.7095,3,17;3,2,0.2795,0,224;1,4,0.6575,0,184;1,1,0.8985,1,184
evidence-temporal-train-01249	3	0	0	133,21,112,102,199,202,55,28,141,208,188,140,179,70,187,145,93,37,45,187,188,75,44,15,183,6,149,60,117,92,17,110,189,64,82,125	5,5,0.3925,0,89;3,3,0.9745,0,62;6,2,0.1355,1,183;2,0,0.9375,0,6;5,4,0.1645,0,227;4,3,0.9305,0,210
evidence-temporal-train-01250	8	2	1	69,22,82,45,150,179,120,49,180,93,129,30,136,183,37,20,147,181,1,65,189,60,143,168,209,41,177,80,176,11,131,158,113,90,107,98	0,1,0.8515,1,47;5,3,0.3175,0,94;0,2,0.2025,0,210;7,0,0.4595,0,222;1,1,0.2055,3,214;8,1,0.0755,2,169
evidence-temporal-train-01251	5	0	2	69,117,60,16,38,199,89,111,151,182,5,196,85,209,126,64,45,183,114,143,23,187,42,132,11,28,93,181,166,77,183,145,51,215,137,103	4,1,0.0895,2,172;3,4,0.4505,0,221;2,2,0.1815,0,30;4,3,0.3105,0,7;6,5,0.5635,0,104;5,2,0.3735,2,24
evidence-temporal-train-01252	0	3	2	53,211,184,45,191,127,76,213,90,93,71,16,10,117,151,26,21,148,8,110,198,141,206,201,137,86,60,35,205,43,101,153,64,135,183,115	7,0,0.1545,0,19;1,1,0.7145,0,23;4,2,0.0245,2,19;3,4,0.4755,0,152;4,4,0.6305,0,171;6,5,0.2345,0,130
evidence-temporal-train-01253	1	3	2	119,50,89,124,141,196,21,45,36,161,1,187,148,162,67,109,27,193,112,93,151,75,62,44,137,205,159,85,103,12,170,19,134,181,69,162	0,2,0.7265,0,72;2,2,0.9495,0,137;1,4,0.6395,0,42;2,3,0.3655,0,77;6,3,0.0395,2,88;3,4,0.3475,0,252
evidence-temporal-train-01254	8	3	1	185,117,133,21,201,199,93,49,150,141,155,108,165,42,89,209,69,82,148,48,112,179,65,6,157,59,204,80,188,12,39,125,100,137,28,19	5,2,0.6735,0,158;3,5,0.4005,3,218;0,1,0.2425,0,46;7,0,0.3135,0,32;3,2,0.1715,0,31;4,3,0.2825,0,40
evidence-temporal-train-01255	1	1	0	126,26,156,156,165,115,91,110,166,93,149,21,144,74,83,69,146,10,17,211,65,153,183,204,103,51,117,43,179,181,58,45,2,35,134,136	1,0,0.3185,0,185;1,1,0.7255,0,142;2,0,0.2495,0,174;1,1,0.6275,0,226;6,4,0.6825,0,153;5,4,0.0885,3,21
evidence-temporal-train-01256	1	2	1	1,133,167,76,152,69,144,197,27,150,23,36,140,113,117,185,124,93,147,199,199,166,155,62,108,51,103,13,43,89,209,45,18,67,189,85	0,3,0.4185,2,112;2,2,0.7015,0,201;2,4,0.6895,0,194;3,3,0.2625,0,36;6,2,0.3205,0,220;3,3,0.9035,3,213
evidence-temporal-train-01257	2	3	0	135,32,38,50,207,66,46,97,60,69,92,141,136,117,83,202,126,93,20,44,195,22,178,194,14,149,209,110,148,204,76,3,190,210,114,204	2,4,0.9915,1,73;7,4,0.9885,1,140;1,2,0.4255,0,82;3,1,0.9265,0,209;0,4,0.5835,0,111;5,5,0.0165,0,78
evidence-temporal-train-01258	0	3	1	27,60,115,166,3,76,213,10,85,20,130,148,24,39,199,168,153,111,150,139,195,64,183,69,141,117,184,91,43,128,93,46,156,105,51,159	2,0,0.9075,3,106;2,5,0.7025,1,251;2,2,0.0645,0,14;3,3,0.7055,0,31;8,5,0.6035,0,198;7,0,0.6905,0,179
evidence-temporal-train-01259	6	0	1	83,15,150,114,27,154,21,201,69,79,111,17,163,7,92,45,39,141,93,125,194,59,178,213,177,40,199,97,145,117,136,49,176,198,135,68	6,5,0.3675,0,208;2,5,0.0615,0,117;0,1,0.9545,0,1;6,1,0.9975,0,73;0,5,0.5555,0,41;4,5,0.1875,0,59
evidence-temporal-train-01260	10	0	2	170,172,6,139,93,198,151,108,65,27,57,179,69,77,17,145,203,179,112,15,181,130,103,34,171,200,208,62,121,21,141,92,117,84,45,41	5,5,0.2245,0,239;2,0,0.3395,0,70;8,4,0.2545,0,254;4,2,0.9735,0,250;6,2,0.0185,0,224;0,0,0.7755,0,188
evidence-temporal-train-01261	9	3	0	123,135,97,194,45,30,185,197,149,60,8,203,18,117,50,115,74,37,83,187,21,183,148,43,215,137,11,89,93,69,141,197,192,107,65,163	7,1,0.5855,0,37;5,3,0.7765,0,64;1,2,0.3135,0,149;1,1,0.2855,0,218;0,1,0.7845,0,26;2,5,0.3875,0,108
evidence-temporal-train-01262	1	3	0	170,52,1,89,59,210,48,66,148,70,112,123,85,149,209,118,97,25,110,10,194,141,37,18,41,173,153,93,21,184,173,170,74,138,131,163	0,0,0.5285,0,204;0,3,0.2385,3,253;3,1,0.5175,1,240;1,3,0.3305,0,188;0,4,0.0015,1,205;2,1,0.4645,0,181
evidence-temporal-train-01263	0	3	0	18,111,4,69,10,21,116,52,171,196,148,100,81,203,117,40,86,90,157,66,188,58,207,133,45,26,149,34,139,126,157,141,214,155,93,178	3,0,0.5155,0,101;1,0,0.0415,0,132;3,0,0.4565,0,231;8,4,0.5765,0,120;3,5,0.8285,0,205;5,3,0.7355,0,251
evidence-temporal-train-01264	8	2	1	170,116,130,139,174,208,106,30,169,141,74,6,124,150,167,92,213,21,94,84,13,45,209,105,40,209,53,147,19,213,189,119,58,39,69,68	5,3,0.6865,0,140;5,5,0.0465,0,151;4,0,0.8815,0,12;1,2,0.8695,1,28;8,0,0.8865,2,154;3,0,0.7705,0,221
evidence-temporal-train-01265	1	2	0	11,162,197,160,4,149,46,77,140,133,53,16,141,170,213,147,111,157,198,67,44,22,123,71,117,178,207,93,103,164,113,58,30,38,86,90	3,1,0.0775,1,191;5,4,0.8405,1,212;4,0,0.7795,2,107;4,4,0.4805,0,76;6,5,0.2775,0,249;2,3,0.9575,0,213
evidence-temporal-train-01266	6	1	2	135,1,116,47,207,208,156,136,215,129,110,157,146,208,142,151,215,15,65,21,189,59,82,179,40,49,69,89,33,19,120,38,183,104,93,74	0,5,0.6005,0,224;8,4,0.0435,2,236;0,1,0.2265,0,217;1,0,0.3785,0,59;7,4,0.8665,3,149;8,5,0.0725,1,20
evidence-temporal-train-01267	1	2	0	168,45,27,132,78,37,69,65,178,93,176,137,14,21,202,41,82,155,52,153,214,99,114,149,117,183,6,63,91,147,205,121,107,179,17,141	5,4,0.2295,0,125;2,3,0.2265,0,139;3,5,0.3265,0,84;5,0,0.7635,0,228;2,1,0.4625,0,137;0,2,0.2095,0,63
evidence-temporal-train-01268	2	0	1	162,28,68,118,175,4,89,150,108,191,212,210,17,135,188,35,141,196,154,75,169,87,45,12,129,214,44,49,69,139,93,21,145,113,59,98	3,2,0.2915,0,100;3,1,0.9255,0,238;0,1,0.8845,0,206;2,5,0.2945,0,191;1,2,0.3665,1,81;8,5,0.6865,0,185
evidence-temporal-train-01269	7	3	0	67,149,194,173,13,187,114,135,50,85,148,6,167,95,38,69,40,196,136,81,141,205,120,63,200,17,180,100,180,21,45,129,26,111,162,92	5,3,0.3875,0,248;1,4,0.0695,0,184;1,5,0.7905,0,61;8,3,0.8635,2,193;3,5,0.5975,3,214;8,5,0.0745,0,245
evidence-temporal-train-01270	1	3	1	16,91,112,150,199,210,205,156,202,192,148,185,47,69,137,117,42,93,189,56,67,75,2,131,36,111,21,104,10,25,87,141,170,126,59,194	1,0,0.0385,0,221;0,2,0.5695,2,57;7,1,0.6075,0,16;2,5,0.7115,0,132;7,5,0.1365,0,46;5,1,0.3985,0,249
evidence-temporal-train-01271	8	0	1	30,183,184,174,93,62,85,13,116,145,21,189,17,8,67,34,188,202,117,153,71,143,128,106,166,42,90,150,185,52,140,132,78,163,45,101	7,3,0.3685,0,79;5,0,0.5975,0,7;3,4,0.6235,2,139;5,3,0.5975,0,18;4,0,0.8485,0,100;7,2,0.9685,2,171
evidence-temporal-train-01272	1	0	0	81,43,174,145,126,25,117,154,163,132,149,94,168,203,57,46,115,89,63,138,103,188,154,71,194,141,15,3,21,66,36,86,20,168,177,111	2,5,0.9825,0,134;0,2,0.6745,1,232;8,5,0.5755,2,202;8,4,0.3105,1,177;6,5,0.6985,0,6;5,2,0.4425,0,15
evidence-temporal-train-01273	2	0	1	209,52,93,74,21,114,11,137,111,117,191,212,183,3,158,27,17,141,34,69,150,87,105,60,210,123,177,132,184,197,45,194,91,68,42,145	2,1,0.3995,0,17;2,0,0.5035,0,163;3,2,0.8115,0,7;1,5,0.6575,0,162;8,5,0.5735,0,120;2,2,0.3395,0,188
evidence-temporal-train-01274	2	2	0	152,155,180,59,141,76,28,54,11,179,201,113,2,34,71,90,93,117,102,166,82,147,156,191,19,121,173,66,45,23,107,134,136,149,44,158	1,1,0.6125,2,132;3,0,0.9645,0,72;5,1,0.4665,2,120;3,0,0.5445,0,130;5,1,0.2695,0,177;0,4,0.0255,0,37
evidence-temporal-train-01275	2	3	0	148,59,214,65,77,113,21,208,183,8,186,83,17,33,103,108,149,90,167,184,42,141,131,163,69,138,214,117,12,57,164,94,193,45,36,124	7,2,0.3565,0,81;8,2,0.5395,0,252;8,1,0.3505,0,202;4,1,0.4165,1,252;6,2,0.2875,0,180;3,1,0.4545,0,88
evidence-temporal-train-01276	9	0	2	62,145,19,85,116,203,40,21,138,141,133,64,98,151,69,107,205,90,184,2,73,160,205,152,45,186,15,96,52,214,27,117,212,128,39,192	1,5,0.6685,0,178;2,5,0.1935,0,165;3,4,0.1755,0,79;0,3,0.5765,3,11;1,1,0.8705,0,70;7,3,0.4985,0,226
evidence-temporal-train-01277	7	2	2	15,83,74,121,195,45,159,147,139,201,93,200,117,69,104,135,204,141,64,168,19,35,177,92,62,151,7,163,160,21,53,44,159,26,107,116	6,5,0.7785,0,41;1,1,0.8155,0,86;4,4,0.1295,0,154;1,1,0.8385,0,7;7,1,0.9545,0,188;0,5,0.6815,0,25
evidence-temporal-train-01278	2	0	2	117,17,59,69,35,144,52,156,43,159,75,29,107,137,93,21,82,116,99,124,170,194,145,198,215,66,159,1,91,12,152,176,132,47,185,151	0,2,0.3685,0,168;4,1,0.7665,2,13;3,1,0.5945,0,30;2,0,0.7355,0,86;2,1,0.8295,0,107;3,2,0.3445,3,7
evidence-temporal-train-01279	10	2	1	69,141,184,183,45,158,26,67,193,82,18,184,112,180,10,117,179,147,62,81,57,24,90,190,4,40,132,150,153,155,138,39,97,94,111,122	3,0,0.4245,3,251;1,5,0.1385,0,237;8,4,0.7345,0,73;8,0,0.5515,1,187;0,5,0.0145,0,76;1,2,0.5615,0,111
evidence-temporal-train-01280	1	2	1	15,147,31,66,36,93,86,150,20,58,204,45,159,41,189,152,69,185,8,79,200,121,136,111,99,197,141,197,50,88,21,117,116,211,132,154	7,5,0.9605,0,216;6,2,0.2715,0,116;1,0,0.4385,0,120;6,4,0.1055,0,125;2,5,0.9935,0,96;0,2,0.0655,0,218
evidence-temporal-train-01281	3	0	0	138,176,111,196,41,141,200,51,187,99,145,15,191,149,76,93,36,127,4,165,113,188,21,84,65,89,69,153,201,131,31,154,18,45,120,60	3,5,0.4495,0,103;6,2,0.3155,0,142;2,2,0.2525,0,111;3,2,0.3215,0,151;2,5,0.3195,3,92;6,1,0.4225,0,4
evidence-temporal-train-01282	10	2	1	83,182,64,141,202,155,212,210,44,51,150,125,161,156,6,27,153,11,138,118,201,103,109,187,81,133,93,21,92,60,34,147,72,45,16,112	5,1,0.1995,0,209;2,0,0.9475,0,135;2,2,0.1765,3,236;8,1,0.8055,0,147;6,3,0.1315,1,108;4,3,0.4895,0,223
evidence-temporal-train-01283	6	2	2	73,54,86,202,99,93,198,136,165,197,111,119,147,90,172,158,60,12,124,183,19,69,39,112,66,45,177,24,152,151,27,131,173,141,40,4	3,2,0.7185,3,238;2,5,0.0065,0,68;5,2,0.5425,0,28;0,4,0.5055,0,38;2,5,0.0435,2,146;3,1,0.0345,0,81
evidence-temporal-train-01284	3	0	2	203,145,196,63,16,214,123,81,141,137,203,152,195,151,21,49,204,177,89,11,65,167,71,120,38,109,45,41,98,174,83,93,5,28,133,115	4,1,0.0485,0,203;3,4,0.2965,0,91;0,5,0.2315,2,86;8,1,0.2365,0,199;1,3,0.7805,3,95;2,3,0.2155,0,145
evidence-temporal-train-01285	1	0	1	36,200,179,167,11,171,150,159,177,136,3,115,90,158,79,117,176,185,55,63,124,109,16,215,69,46,82,96,65,32,41,24,99,145,135,141	2,1,0.1285,3,42;7,2,0.2625,1,70;6,5,0.2825,0,81;6,0,0.4425,3,201;2,3,0.7595,0,87;3,5,0.0075,0,138
evidence-temporal-train-01286	6	0	1	91,141,44,188,150,133,167,64,157,83,27,69,93,213,138,45,112,207,59,145,5,39,186,108,18,15,121,154,173,78,54,200,119,98,159,21	4,5,0.4625,0,242;2,5,0.9065,0,151;5,1,0.1905,0,191;5,1,0.7505,0,69;1,2,0.1035,2,131;0,3,0.4885,0,154
evidence-temporal-train-01287	6	3	1	138,16,121,45,177,179,150,215,108,42,177,101,4,72,92,77,60,53,205,170,39,66,166,141,171,32,213,180,117,14,115,148,93,86,21,132	3,4,0.0505,0,22;7,5,0.5965,0,90;4,2,0.4795,3,153;4,4,0.9265,0,253;4,2,0.7665,0,226;0,2,0.4925,0,173
evidence-temporal-train-01288	7	0	1	199,141,145,3,72,202,37,154,114,125,21,44,209,139,110,16,95,163,45,60,14,159,102,155,84,163,66,131,79,26,150,117,88,51,177,175	2,4,0.0705,0,161;1,3,0.8175,0,66;2,2,0.5905,3,139;6,2,0.1455,2,206;5,4,0.4445,0,209;4,1,0.7485,0,174
evidence-temporal-train-01289	9	0	1	168,130,199,16,165,194,13,191,21,69,107,141,138,202,75,117,55,145,45,39,183,3,68,180,32,163,84,150,93,112,123,100,90,58,213,42	2,3,0.1365,0,86;7,5,0.4655,0,2;6,0,0.8385,0,12;2,2,0.5545,0,210;3,1,0.0085,0,215;2,0,0.4005,0,129
evidence-temporal-train-01290	1	2	1	78,54,69,213,177,107,215,3,160,169,93,82,133,161,163,38,68,117,115,150,26,45,129,40,167,60,100,15,207,147,91,19,21,140,172,143	2,5,0.7435,0,108;1,4,0.0755,0,61;5,2,0.9035,0,44;5,0,0.7125,0,252;3,1,0.6285,0,167;8,3,0.8815,2,217
evidence-temporal-train-01291	2	0	1	99,84,145,195,171,141,75,195,45,69,39,29,21,51,139,157,195,19,60,91,112,11,150,117,130,64,196,6,106,157,195,93,176,121,40,207	5,1,0.7285,0,146;4,5,0.1155,0,172;2,2,0.0735,0,33;2,2,0.7815,0,48;2,0,0.1615,0,55;0,0,0.6805,0,71
evidence-temporal-train-01292	2	1	1	67,141,2,137,21,25,42,101,12,170,183,155,89,146,214,112,117,184,19,84,58,93,36,51,150,111,45,69,123,205,80,155,155,169,183,131	1,2,0.7755,0,70;0,2,0.4625,0,73;2,0,0.6395,0,127;7,2,0.3485,0,212;4,5,0.1535,0,19;2,1,0.2465,0,195
evidence-temporal-train-01293	1	2	1	44,45,208,98,169,141,135,27,185,185,73,147,111,38,161,64,89,114,94,208,123,169,69,196,5,21,137,150,17,10,198,117,53,84,61,174	4,0,0.3005,0,29;2,4,0.9135,0,53;4,3,0.0575,0,204;0,2,0.2715,1,185;1,5,0.5175,0,34;2,5,0.2795,0,241
evidence-temporal-train-01294	10	0	0	55,86,192,138,141,149,39,21,117,58,18,105,174,145,93,161,45,190,193,14,213,29,64,133,184,43,126,79,69,163,88,110,196,3,114,194	2,4,0.4855,0,83;4,5,0.6545,0,249;6,0,0.1095,0,108;6,4,0.1545,0,70;8,4,0.4795,0,137;5,3,0.4385,0,4
evidence-temporal-train-01295	4	1	1	15,162,34,19,95,117,42,110,190,181,24,183,182,186,116,75,174,141,45,66,201,122,85,155,6,59,89,105,134,171,69,150,138,146,51,27	5,5,0.6475,3,233;2,0,0.4305,0,243;2,1,0.5545,0,57;2,3,0.3605,2,4;8,4,0.8795,0,253;1,4,0.4805,0,76
evidence-temporal-train-01296	1	2	1	38,210,204,21,117,80,100,45,17,106,138,90,205,147,11,60,168,65,41,69,179,141,166,51,185,93,150,123,114,177,1,31,84,192,133,163	0,1,0.2045,0,89;6,4,0.3465,0,71;2,2,0.2145,0,117;7,2,0.5405,0,21;3,0,0.4205,0,133;2,3,0.5955,0,224
evidence-temporal-train-01297	3	0	0	115,82,80,192,23,17,171,210,61,149,159,190,10,100,155,137,5,91,122,173,36,111,66,145,93,40,69,50,141,181,117,164,33,45,157,133	4,0,0.3905,2,244;8,2,0.1125,0,238;1,3,0.4095,0,36;7,0,0.7975,0,171;3,5,0.7705,0,198;1,3,0.3845,0,226
evidence-temporal-train-01298	5	2	0	92,166,69,189,34,21,27,200,124,201,67,207,76,139,147,210,134,59,19,141,42,4,87,97,107,149,179,176,116,117,15,45,53,93,164,161	3,5,0.7465,0,202;2,0,0.4635,0,70;4,1,0.7665,0,180;3,5,0.8415,0,244;0,1,0.9425,0,111;3,4,0.6845,0,33
evidence-temporal-train-01299	3	0	0	112,191,21,81,197,124,198,191,18,132,86,203,141,138,149,117,191,173,41,35,29,13,96,188,92,145,52,68,4,59,190,46,70,188,100,108	3,3,0.4505,0,56;4,1,0.3305,1,194;3,1,0.8725,1,77;8,4,0.9145,3,145;3,2,0.1055,0,223;3,2,0.4915,0,227
evidence-temporal-train-01300	1	0	2	145,164,181,13,71,200,52,144,91,63,93,98,45,20,151,21,190,81,166,140,82,42,120,178,130,36,174,66,209,109,28,213,187,115,129,3	2,3,0.8955,0,127;3,2,0.5475,0,66;3,5,0.5935,2,224;8,0,0.7635,0,201;1,3,0.6925,3,24;8,0,0.9955,3,168
evidence-temporal-train-01301	7	3	2	198,180,50,153,200,61,84,151,214,93,68,18,38,117,201,189,122,102,141,88,114,21,75,31,170,5,111,180,69,46,43,148,152,134,10,140	4,0,0.4035,0,228;6,4,0.7335,1,239;1,3,0.9775,0,207;2,2,0.0195,0,100;5,5,0.4475,0,156;1,4,0.9415,0,90
evidence-temporal-train-01302	3	0	1	194,99,35,4,75,69,150,41,180,115,136,11,212,45,198,52,141,145,19,131,93,89,66,83,117,27,21,172,153,202,185,110,155,154,129,62	3,1,0.6775,0,59;2,1,0.2475,0,36;3,4,0.5485,0,84;2,1,0.3055,0,27;2,4,0.7875,0,248;8,1,0.1815,0,83
evidence-temporal-train-01303	2	0	2	58,145,174,46,140,193,182,86,10,2,37,198,214,53,88,72,132,43,215,154,77,32,193,201,141,151,117,100,173,115,108,121,64,21,17,93	1,0,0.2895,0,171;7,3,0.6135,1,238;4,0,0.1685,3,208;4,4,0.1345,0,127;3,2,0.6905,0,187;0,2,0.8495,0,40
evidence-temporal-train-01304	6	2	1	39,116,101,121,33,69,141,110,51,140,4,170,67,207,117,21,195,82,208,147,197,208,45,150,158,75,205,92,96,132,61,12,209,214,19,40	3,2,0.6185,0,10;8,5,0.0235,0,56;2,3,0.6425,0,134;2,0,0.8965,3,14;4,4,0.8315,0,102;0,2,0.8935,0,1
evidence-temporal-train-01305	8	0	0	153,139,203,159,88,59,31,193,34,126,114,141,21,46,65,120,76,72,100,82,11,57,3,208,193,211,180,145,20,213,175,133,44,149,111,93	2,1,0.9915,0,173;6,0,0.8455,1,243;8,1,0.3425,3,221;3,0,0.0075,0,221;3,5,0.5005,3,55;5,3,0.7445,0,77
evidence-temporal-train-01306	3	0	1	93,184,100,35,45,189,198,162,117,63,33,92,138,163,65,192,150,129,187,21,55,11,134,203,69,3,18,87,76,107,116,141,167,40,145,192	2,1,0.4195,0,152;8,1,0.1065,0,83;6,5,0.2925,0,218;3,5,0.9465,0,7;3,1,0.8055,0,164;8,4,0.4755,0,78
evidence-temporal-train-01307	9	2	1	1,142,82,32,186,122,213,109,171,52,67,147,11,140,69,42,59,173,93,45,21,113,91,117,16,197,176,208,150,167,76,192,133,159,39,97	0,1,0.0135,0,161;7,5,0.5495,0,232;3,1,0.7365,0,242;3,0,0.6905,0,204;0,3,0.2985,0,11;1,3,0.9565,1,9
evidence-temporal-train-01308	0	3	2	52,21,82,179,192,173,151,5,67,111,99,161,184,148,27,94,200,141,18,10,117,202,37,63,139,212,75,130,45,186,159,69,124,112,40,92	4,0,0.4305,0,46;2,3,0.0795,0,11;3,5,0.7275,0,99;2,0,0.9905,1,23;2,5,0.1755,0,81;3,0,0.6715,0,155
evidence-temporal-train-01309	5	2	2	69,163,18,115,45,182,180,39,14,166,151,176,213,111,102,63,144,43,147,51,128,21,89,199,119,76,214,172,85,65,28,130,5,139,192,96	4,4,0.4325,0,228;3,5,0.6745,0,175;2,5,0.2475,0,37;3,3,0.2615,3,206;5,5,0.7625,2,68;7,0,0.7015,3,134
evidence-temporal-train-01310	1	3	1	91,178,14,150,113,148,141,209,34,176,201,211,186,18,31,188,22,61,137,120,108,74,70,181,100,65,123,52,201,82,130,45,95,4,41,197	3,4,0.5775,1,244;6,0,0.3915,0,73;3,3,0.2905,1,200;1,0,0.7625,2,17;3,2,0.3055,3,193;2,0,0.3445,0,138
evidence-temporal-train-01311	1	3	1	18,58,22,65,208,73,162,44,213,170,86,117,122,47,1,36,99,114,143,29,162,203,158,52,108,93,15,88,205,155,148,150,71,171,135,138	0,5,0.5715,1,200;4,2,0.8045,2,109;3,0,0.2415,2,63;0,4,0.1995,0,105;2,2,0.5535,0,11;1,5,0.5905,2,79
evidence-temporal-train-01312	3	0	0	7,149,117,145,38,136,142,159,21,205,204,110,124,69,81,154,19,86,28,199,45,52,68,93,210,90,58,190,194,15,174,101,115,44,132,205	6,5,0.6765,0,40;3,4,0.8045,0,175;3,0,0.8925,0,156;8,4,0.5005,0,242;4,4,0.6565,0,108;3,2,0.1735,1,224
evidence-temporal-train-01313	10	1	2	152,136,50,158,195,38,62,114,45,103,189,187,43,29,84,125,206,11,177,64,117,5,160,200,80,146,134,21,91,17,151,69,199,110,144,93	4,1,0.3975,0,186;4,4,0.7765,0,181;1,4,0.1035,0,114;7,2,0.7345,0,21;6,4,0.5475,0,249;4,4,0.1675,3,217
evidence-temporal-train-01314	6	3	2	151,203,106,179,23,137,20,187,25,84,45,118,141,176,44,114,6,81,55,69,89,60,215,204,12,105,159,124,134,181,148,67,37,93,155,177	5,2,0.9395,2,38;0,3,0.8235,0,177;6,2,0.7885,0,208;8,2,0.3145,0,65;8,0,0.4425,1,46;3,4,0.3475,0,33
evidence-temporal-train-01315	5	2	2	189,116,185,141,28,50,117,68,209,90,17,93,151,186,138,21,166,69,109,188,206,104,147,43,131,187,45,7,38,124,61,76,85,10,184,185	6,0,0.3125,0,120;3,4,0.7225,0,179;1,3,0.9375,0,234;3,3,0.4785,0,11;7,3,0.8715,0,145;3,1,0.5585,0,223
evidence-temporal-train-01316	10	1	0	20,146,130,212,136,93,161,35,10,64,141,54,30,166,87,152,117,177,3,170,47,149,21,43,69,77,214,101,114,61,185,122,110,90,163,163	2,0,0.9495,0,113;5,1,0.6795,2,0;5,3,0.1675,0,218;4,5,0.5395,0,19;4,4,0.4265,0,0;1,0,0.1525,0,39
evidence-temporal-train-01317	6	0	2	152,38,139,203,98,194,182,41,121,17,106,21,113,15,90,2,189,134,117,60,73,48,52,141,167,72,211,189,151,145,65,198,93,30,86,211	1,5,0.2235,0,27;5,4,0.3645,3,238;3,2,0.3685,3,218;0,4,0.4955,0,145;1,0,0.2855,0,118;0,4,0.7645,0,241
evidence-temporal-train-01318	10	3	2	125,200,58,111,52,104,175,214,34,117,82,1,40,187,141,163,89,45,93,28,214,78,14,19,72,112,132,183,180,22,186,139,151,148,66,157	0,4,0.7015,1,239;3,0,0.0545,0,143;3,0,0.4265,3,31;5,0,0.3615,0,130;7,5,0.0335,0,159;4,2,0.6055,0,145
evidence-temporal-train-01319	1	2	0	15,174,17,174,69,134,147,62,113,139,141,211,129,179,67,163,48,34,169,100,80,85,51,3,181,186,93,89,41,21,117,108,205,28,149,186	2,5,0.3965,0,4;3,0,0.2915,3,175;2,4,0.6565,0,70;7,3,0.3375,0,71;3,2,0.2115,0,38;8,4,0.6545,0,230
evidence-temporal-train-01320	2	3	1	175,164,193,150,212,180,141,126,197,135,44,24,93,176,4,136,206,13,108,69,35,117,148,89,27,68,78,45,20,59,49,181,84,112,99,172	3,3,0.8865,3,176;2,1,0.9645,0,85;0,1,0.8275,0,88;5,2,0.2075,0,127;2,2,0.0695,0,57;5,5,0.1755,0,34
evidence-temporal-train-01321	1	2	2	172,58,4,25,21,73,199,141,200,36,70,64,194,86,180,123,212,155,117,96,92,11,162,199,110,192,147,99,116,40,47,16,136,133,51,151	3,1,0.1285,0,222;0,2,0.1725,2,43;2,0,0.0205,1,61;0,4,0.9415,3,138;2,4,0.8135,0,213;2,3,0.1135,0,37
evidence-temporal-train-01322	7	3	2	60,42,74,138,28,14,151,201,101,196,90,87,202,66,148,1,53,17,141,21,188,69,189,116,160,210,158,119,37,184,126,93,169,46,110,134	0,4,0.2555,0,13;3,3,0.5495,1,60;4,2,0.5635,0,178;1,5,0.4135,0,42;4,4,0.8215,2,38;5,4,0.4275,0,1
evidence-temporal-train-01323	1	3	2	43,65,19,93,3,193,100,209,172,45,141,58,55,172,27,83,75,174,69,167,181,133,169,23,88,13,122,153,136,148,106,154,113,37,117,151	2,3,0.7455,2,11;2,3,0.6325,0,34;6,0,0.3955,0,25;2,1,0.0275,0,62;3,0,0.2475,0,169;1,3,0.1015,0,3
evidence-temporal-train-01324	6	1	2	208,36,209,153,44,13,141,210,17,93,47,71,207,179,117,204,194,146,59,73,27,99,110,129,5,211,151,92,115,131,65,140,87,53,214,21	4,3,0.3495,0,99;2,2,0.8775,2,67;4,1,0.3585,2,219;0,5,0.8145,0,141;2,4,0.7815,0,9;8,1,0.9635,0,213
evidence-temporal-train-01325	0	3	1	93,215,11,9,102,160,64,21,111,113,198,156,140,144,212,41,150,159,194,17,180,53,148,58,135,90,122,71,120,196,189,26,45,85,35,76	8,1,0.3215,0,121;1,1,0.2705,0,73;4,0,0.0415,2,246;3,3,0.4365,0,145;5,5,0.2335,3,86;1,5,0.9955,3,127
evidence-temporal-train-01326	8	2	2	62,155,151,179,54,172,33,16,196,38,147,102,40,188,114,69,64,45,21,85,89,11,117,3,172,141,214,134,128,203,106,210,94,136,211,76	2,1,0.1385,0,106;8,4,0.1085,0,171;5,4,0.1525,0,96;3,3,0.3945,1,177;5,0,0.4825,0,165;7,4,0.0615,0,5
evidence-temporal-train-01327	3	0	0	45,145,157,100,52,109,6,117,183,197,93,14,32,20,205,42,149,135,68,69,168,39,85,21,124,88,212,62,139,203,141,161,192,182,113,76	5,4,0.9785,0,84;7,5,0.5525,0,19;3,4,0.8795,0,172;3,3,0.1705,0,175;3,3,0.2175,0,176;3,5,0.6435,0,56
evidence-temporal-train-01328	6	0	2	151,178,17,178,193,67,62,50,89,93,205,8,115,181,141,44,76,198,200,127,21,25,110,130,209,39,69,12,45,117,145,86,102,140,206,163	7,2,0.3085,0,63;0,5,0.8785,0,86;1,4,0.7905,0,249;3,4,0.3685,0,78;5,4,0.7585,0,20;6,0,0.9975,0,73
evidence-temporal-train-01329	5	2	2	154,59,203,210,113,141,110,123,172,147,21,69,177,37,66,45,89,160,93,214,138,118,87,26,74,15,201,131,42,52,19,163,210,101,4,151	3,5,0.7675,0,181;1,3,0.5135,0,124;3,1,0.5035,0,226;1,5,0.2065,0,88;4,4,0.2115,1,11;2,1,0.5775,0,151
evidence-temporal-train-01330	9	2	1	136,125,15,23,17,213,2,208,131,60,179,202,153,45,117,141,147,30,202,94,56,69,157,180,86,92,98,111,114,76,68,37,43,150,214,191	1,5,0.2025,2,149;5,3,0.6415,0,112;7,2,0.9935,0,107;3,4,0.9145,1,110;1,5,0.5195,0,139;4,1,0.1435,0,199
evidence-temporal-train-01331	5	1	0	136,24,146,149,31,42,15,211,96,38,180,113,77,210,70,141,58,67,45,101,183,92,210,198,192,55,82,111,191,175,117,130,8,128,193,20	7,5,0.9255,3,90;6,4,0.4485,0,21;6,0,0.7935,1,82;4,0,0.9595,3,222;4,5,0.3535,0,185;7,0,0.1625,0,209
evidence-temporal-train-01332	10	3	2	19,38,65,93,190,141,129,151,138,117,98,114,73,92,152,148,58,30,190,172,52,108,23,202,3,169,157,14,181,135,40,45,210,178,86,71	2,4,0.6315,2,142;5,4,0.1805,0,2;3,0,0.2155,2,100;0,4,0.8485,0,176;1,2,0.5285,0,106;8,5,0.5155,0,244
evidence-temporal-train-01333	10	2	1	172,173,62,163,142,21,155,109,30,194,178,157,53,83,66,77,147,178,20,69,138,117,35,101,203,88,132,7,93,150,123,45,44,155,116,14	6,4,0.9185,0,119;5,1,0.9185,0,108;4,4,0.5345,0,159;4,1,0.0865,0,247;4,3,0.8795,0,154;2,2,0.4675,1,3
evidence-temporal-train-01334	5	1	2	153,146,69,36,91,207,214,191,54,17,77,141,114,21,93,33,135,127,156,140,97,186,202,117,42,85,58,176,46,151,106,11,152,6,65,201	5,1,0.2615,0,141;8,2,0.5695,1,38;5,0,0.2135,0,62;4,3,0.7725,0,7;0,0,0.5075,0,132;6,5,0.9445,0,235
evidence-temporal-train-01335	8	2	1	213,68,124,131,97,45,161,21,84,17,195,196,114,195,40,25,150,93,6,189,137,119,58,189,189,55,144,78,39,153,88,212,13,147,69,108	5,3,0.3705,0,164;0,5,0.1505,0,189;6,0,0.8815,0,180;5,2,0.1145,0,221;0,2,0.5525,2,154;3,1,0.2955,3,121
evidence-temporal-train-01336	1	0	0	141,17,207,108,41,27,211,139,156,119,177,11,113,69,167,93,166,60,100,132,45,172,149,125,145,80,215,84,3,34,173,184,51,88,24,67	2,1,0.2835,3,84;2,0,0.3685,0,189;2,2,0.6135,0,14;7,2,0.1305,0,22;3,2,0.2395,2,198;4,2,0.6935,0,194
evidence-temporal-train-01337	6	1	1	112,20,190,93,64,98,63,26,135,120,121,214,209,155,214,6,69,172,46,13,199,41,37,187,200,73,51,82,110,92,141,178,139,146,21,150	5,3,0.9065,0,82;1,3,0.3185,1,225;2,5,0.0465,0,132;0,0,0.9145,0,41;1,4,0.1775,3,225;0,5,0.6435,0,159
evidence-temporal-train-01338	10	0	2	212,211,46,106,198,189,134,143,21,204,68,114,151,174,61,138,166,10,77,4,57,125,93,145,194,28,39,91,19,117,101,82,170,175,69,42	3,0,0.7705,0,200;3,5,0.5825,1,164;8,3,0.8135,0,149;4,0,0.6705,0,170;4,0,0.4845,0,26;4,4,0.5425,2,230
evidence-temporal-train-01339	10	2	0	93,50,141,37,21,176,29,132,81,147,58,138,20,12,65,156,45,87,69,117,116,41,109,156,196,186,184,149,101,124,1,154,155,163,91,173	0,2,0.8305,0,155;4,3,0.2635,0,184;1,0,0.2595,0,161;8,5,0.6345,0,99;4,3,0.9295,0,206;3,2,0.5175,0,75
evidence-temporal-train-01340	1	3	1	195,75,136,11,150,50,17,114,189,188,30,213,195,135,165,141,85,40,126,162,60,168,37,45,21,89,9,148,212,71,65,99,119,182,110,93	8,1,0.3975,0,34;5,3,0.0765,0,71;1,2,0.2135,2,86;2,3,0.2755,0,93;2,4,0.5775,2,209;5,5,0.1035,0,213
evidence-temporal-train-01341	1	0	2	141,20,139,163,209,66,45,3,199,206,97,112,42,193,204,117,159,53,93,145,36,132,88,151,123,30,21,62,78,180,69,170,208,12,87,109	2,2,0.9585,0,246;5,2,0.4565,0,239;4,4,0.5105,0,72;5,5,0.0765,0,208;0,3,0.0835,0,8;2,2,0.6595,0,128
evidence-temporal-train-01342	5	0	1	192,45,159,157,117,65,39,42,154,69,212,31,89,115,4,150,107,214,156,167,13,103,139,207,185,141,53,81,21,130,123,145,20,84,59,93	3,3,0.8015,0,245;6,5,0.4965,0,100;4,1,0.3165,0,103;8,2,0.2295,0,71;6,1,0.7985,0,87;2,0,0.7145,0,232
evidence-temporal-train-01343	5	2	2	141,134,36,70,113,21,208,191,64,12,159,196,51,189,93,151,18,91,120,103,127,157,47,83,164,27,172,42,137,3,58,147,76,108,176,204	2,2,0.5855,0,40;2,2,0.5325,2,19;2,0,0.0415,1,128;3,1,0.7675,0,209;6,2,0.3875,3,219;6,4,0.2565,0,31
evidence-temporal-train-01344	5	2	1	99,144,18,10,117,130,113,45,109,124,58,67,214,170,147,201,182,79,92,180,32,212,38,85,44,69,93,183,52,150,189,155,21,2,181,136	1,0,0.5265,0,56;7,4,0.9025,0,32;3,0,0.6075,0,234;6,3,0.8645,0,151;2,3,0.2155,0,143;3,0,0.0495,3,163
evidence-temporal-train-01345	8	3	1	113,117,110,66,87,38,20,44,54,7,21,93,80,215,164,90,30,10,170,99,121,141,155,212,60,215,135,178,45,140,150,69,166,148,195,153	6,0,0.8735,0,167;5,4,0.9945,0,158;5,2,0.4115,0,112;7,5,0.5835,0,203;2,4,0.2835,0,55;0,5,0.9635,0,184
evidence-temporal-train-01346	6	0	0	141,63,203,92,72,145,93,149,55,162,67,14,121,48,117,114,140,23,176,101,20,183,189,173,1,84,200,135,32,40,79,107,35,199,197,169	0,4,0.9005,2,121;7,1,0.0235,3,186;6,5,0.6885,3,229;6,2,0.8885,0,127;4,1,0.5785,0,3;0,5,0.8505,0,66
evidence-temporal-train-01347	6	1	0	79,136,62,69,14,20,213,154,45,121,49,21,194,212,193,86,202,67,115,178,33,35,117,93,141,40,89,176,146,172,149,155,1,103,131,107	0,4,0.9505,0,155;8,1,0.1965,0,33;0,4,0.6185,0,127;6,4,0.2495,0,124;6,1,0.7795,0,194;0,1,0.0595,0,242
evidence-temporal-train-01348	1	1	0	160,39,75,149,93,45,71,171,207,85,126,138,24,9,154,178,115,63,92,203,171,105,141,193,146,10,205,41,19,108,119,25,64,159,51,131	8,0,0.7005,3,155;0,5,0.3405,0,22;2,5,0.1055,2,146;2,3,0.9035,0,240;8,2,0.6765,2,23;5,1,0.4535,0,14
evidence-temporal-train-01349	9	0	0	87,77,36,116,118,169,181,65,95,21,214,69,162,130,137,48,204,128,44,208,197,144,56,215,25,60,185,9,89,145,187,17,149,99,111,10	8,0,0.3825,0,171;0,2,0.9805,3,42;7,2,0.3135,0,97;4,5,0.3605,2,221;2,5,0.8925,1,1;7,0,0.2785,3,40
evidence-temporal-train-01350	0	3	1	100,93,69,65,141,26,42,215,15,107,86,4,190,198,117,201,45,90,126,137,114,62,150,75,187,178,207,178,148,192,21,39,130,56,175,17	3,5,0.2355,0,190;1,5,0.5685,0,4;7,4,0.3995,0,252;2,4,0.4735,0,122;3,1,0.5205,0,74;5,0,0.3935,0,222
evidence-temporal-train-01351	8	2	1	21,92,113,6,106,177,15,65,46,186,132,105,58,191,117,212,54,150,137,85,25,93,191,78,125,204,189,209,39,71,212,18,180,147,40,141	5,5,0.5265,0,105;0,5,0.0745,1,112;5,0,0.3305,2,217;5,3,0.9375,0,204;8,0,0.3725,0,82;4,2,0.3395,0,185
evidence-temporal-train-01352	2	3	1	128,150,168,40,100,168,162,195,66,81,166,58,69,85,198,117,27,136,21,45,191,20,130,201,214,95,111,112,212,90,36,5,148,54,141,10	4,0,0.9305,0,55;2,2,0.1855,0,147;5,0,0.4825,0,220;8,3,0.5845,2,231;3,5,0.0615,0,154;7,0,0.0795,0,24
evidence-temporal-train-01353	9	3	0	131,152,74,104,16,171,117,109,124,93,163,201,180,3,156,209,66,141,148,13,69,25,63,44,89,159,35,45,201,83,139,21,116,54,149,171	2,3,0.1615,0,95;0,1,0.9985,0,58;5,5,0.5955,0,57;1,1,0.3615,0,220;7,3,0.8175,0,132;3,1,0.6475,0,60
evidence-temporal-train-01354	1	3	0	87,88,118,113,193,94,103,20,202,51,159,214,141,44,60,106,149,207,167,212,123,10,66,37,45,169,76,31,69,187,138,135,148,210,3,21	2,0,0.9545,0,187;6,3,0.9595,0,128;2,2,0.5745,0,16;3,5,0.1455,1,99;6,0,0.3425,1,242;2,5,0.4155,0,242
evidence-temporal-train-01355	1	0	0	199,154,181,159,149,117,52,17,190,79,68,41,12,145,204,71,85,104,123,141,170,93,140,198,29,45,88,21,132,39,112,173,107,160,60,6	5,2,0.3335,0,94;4,5,0.3375,0,197;3,2,0.8275,2,139;6,3,0.0315,0,204;7,1,0.1185,0,26;2,2,0.8925,0,219
evidence-temporal-train-01356	5	2	1	189,41,109,153,28,169,21,64,190,150,3,198,87,53,135,138,38,89,144,60,211,159,12,76,203,101,112,117,16,93,205,69,124,202,45,147	2,2,0.1215,0,135;3,4,0.2605,0,27;4,2,0.0235,0,58;3,5,0.3705,0,112;4,3,0.0965,0,123;3,5,0.5695,3,9
evidence-temporal-train-01357	8	3	2	108,160,41,117,102,141,75,152,21,46,121,30,14,153,83,137,59,152,6,89,152,151,131,174,148,37,194,204,181,115,69,19,96,170,52,65	5,4,0.6305,0,216;5,3,0.3775,1,110;3,1,0.2845,0,223;2,1,0.2055,3,53;5,2,0.6275,0,74;0,1,0.3215,0,115
evidence-temporal-train-01358	6	0	2	141,210,136,73,93,159,18,172,168,187,99,113,179,72,51,63,145,151,35,66,23,12,84,120,40,154,183,4,159,132,31,162,45,90,111,126	3,2,0.4875,2,159;6,1,0.1105,0,150;2,5,0.5505,3,87;0,2,0.5805,0,239;2,5,0.3085,3,115;5,2,0.0735,0,191
evidence-temporal-train-01359	0	2	2	178,74,41,147,95,90,61,151,4,168,108,72,112,131,160,206,47,165,138,38,176,98,56,27,67,204,152,171,117,178,18,142,23,85,124,15	3,5,0.4715,2,176;2,4,0.2065,2,101;7,3,0.7575,3,174;1,3,0.4635,2,21;1,2,0.1825,0,175;3,1,0.5355,1,21
evidence-temporal-train-01360	5	2	1	187,52,69,155,177,111,139,200,134,35,166,117,141,45,195,164,185,124,27,168,100,93,82,156,21,147,68,14,89,150,18,115,76,4,63,42	3,4,0.5215,0,89;2,1,0.5435,0,156;3,5,0.9635,0,138;3,0,0.3485,0,56;3,5,0.6095,0,114;3,4,0.6745,0,104
evidence-temporal-train-01361	6	0	2	145,45,60,22,10,177,159,117,38,163,112,126,52,158,91,93,108,68,141,16,138,73,195,133,189,151,30,185,40,201,87,69,201,6,103,163	5,0,0.1875,1,91;5,4,0.1485,0,239;3,2,0.8335,0,181;0,5,0.6535,0,160;6,2,0.1265,0,147;5,3,0.4155,0,161
evidence-temporal-train-01362	6	2	1	147,61,18,106,99,133,49,33,117,21,94,150,116,65,199,1,34,161,83,161,45,71,42,215,188,122,144,173,159,75,140,161,13,184,89,184	0,3,0.4335,0,5;8,0,0.4485,0,5;0,3,0.3885,2,79;2,1,0.3085,1,252;2,0,0.9735,0,86;1,3,0.8015,3,254
evidence-temporal-train-01363	1	1	0	14,137,113,204,43,165,3,202,190,135,35,117,123,90,141,21,152,162,62,93,75,103,146,68,69,49,111,193,27,204,84,189,149,183,16,45	2,4,0.1595,0,68;2,1,0.7115,0,188;0,4,0.8065,0,18;2,2,0.5145,0,14;6,5,0.2165,0,106;2,5,0.3385,0,21
evidence-temporal-train-01364	8	2	0	212,204,64,193,85,101,112,153,121,137,191,211,149,6,27,200,109,94,147,214,174,43,205,135,60,144,21,52,48,71,91,14,117,73,35,17	5,4,0.3865,0,57;2,1,0.7785,3,135;3,2,0.1375,2,14;0,3,0.7395,1,141;4,3,0.0835,0,218;0,5,0.3405,3,93
evidence-temporal-train-01365	10	0	1	56,109,71,102,93,45,185,59,176,14,124,141,21,172,112,159,169,198,80,210,85,66,89,161,197,150,35,131,41,140,198,118,145,9,20,26	8,4,0.8165,0,229;1,1,0.3945,0,161;7,1,0.5095,2,189;7,3,0.3845,0,248;5,3,0.1535,1,253;3,1,0.9165,0,66
evidence-temporal-train-01366	1	2	0	149,212,42,161,3,39,141,61,69,213,130,99,46,64,116,93,51,13,164,121,74,183,30,19,109,187,137,85,167,117,21,169,147,168,212,91	2,3,0.6115,0,123;5,5,0.4185,1,243;2,3,0.1885,0,164;1,3,0.6165,0,56;2,3,0.8475,0,17;0,0,0.2125,0,30
evidence-temporal-train-01367	5	2	2	45,147,215,154,6,82,88,102,107,66,138,194,178,81,173,112,151,21,143,96,55,60,31,172,70,10,16,187,126,176,36,191,135,41,168,117	5,0,0.0735,0,58;6,2,0.3215,0,105;6,2,0.4305,1,222;8,0,0.1095,3,144;5,1,0.1145,0,124;5,5,0.4225,2,7
evidence-temporal-train-01368	2	0	2	171,11,93,171,20,151,21,43,130,92,181,59,45,64,109,25,84,50,37,100,188,117,137,9,78,183,211,173,124,145,168,69,141,113,183,162	8,1,0.8355,0,54;0,3,0.7725,0,214;1,1,0.0415,0,20;5,2,0.8305,0,139;3,3,0.2975,0,23;3,0,0.2505,0,190
evidence-temporal-train-01369	8	1	0	35,64,57,112,13,16,126,47,119,23,107,175,74,8,91,203,97,149,25,179,172,95,170,44,141,207,146,69,61,159,196,140,189,84,215,134	7,3,0.1025,2,132;0,1,0.9975,2,175;8,3,0.1315,0,96;1,2,0.6525,2,250;0,1,0.0535,2,239;5,4,0.8435,0,35
evidence-temporal-train-01370	3	0	2	41,14,86,137,78,93,206,194,178,66,45,115,18,141,117,122,145,39,175,182,210,135,69,194,151,91,111,21,100,153,171,1,61,52,29,165	0,4,0.4295,0,150;4,5,0.2615,0,33;3,3,0.5065,0,249;5,4,0.7745,0,146;3,5,0.7835,0,19;1,5,0.2875,0,153
evidence-temporal-train-01371	3	0	1	134,152,9,111,150,16,38,112,61,73,208,15,145,141,214,69,45,91,82,168,200,138,68,158,205,33,93,21,40,121,168,183,52,101,117,153	8,5,0.1045,0,111;8,4,0.0905,0,177;3,3,0.9675,0,79;0,0,0.6915,0,3;4,5,0.1265,0,52;0,4,0.4685,0,214
evidence-temporal-train-01372	2	0	0	101,209,149,131,63,40,56,140,10,5,65,75,71,18,200,201,34,160,113,168,200,21,215,176,145,94,142,108,90,45,84,172,122,190,29,117	4,0,0.5435,0,114;4,0,0.0995,0,140;7,5,0.2865,2,104;2,2,0.4025,1,240;4,2,0.2295,0,65;1,1,0.8095,1,60
evidence-temporal-train-01373	5	3	2	34,138,183,176,198,183,21,93,132,161,202,26,184,127,60,141,168,69,42,115,88,18,151,117,82,51,64,45,148,170,203,110,12,8,75,103	7,2,0.4005,0,86;1,0,0.5525,0,212;2,2,0.0145,0,184;2,0,0.0545,0,235;6,4,0.6885,0,15;6,2,0.4975,0,219
evidence-temporal-train-01374	3	0	1	145,20,214,160,66,85,207,177,42,69,27,185,133,99,140,170,117,61,39,109,14,76,93,214,113,45,88,129,214,1,150,141,155,52,212,21	0,4,0.8445,0,159;2,5,0.5785,0,155;3,3,0.4815,0,160;3,3,0.0775,0,148;2,3,0.3295,0,130;8,3,0.8665,0,96
evidence-temporal-train-01375	10	3	2	3,157,96,141,53,69,110,77,44,148,83,185,194,21,63,112,198,89,209,181,179,163,26,117,193,46,20,66,132,100,192,12,137,151,38,128	2,2,0.8285,0,133;1,4,0.9185,1,32;4,5,0.4735,0,101;4,1,0.3085,3,77;3,4,0.0815,0,53;7,2,0.3045,0,225
evidence-temporal-train-01376	3	0	1	18,62,47,51,140,168,175,15,150,69,41,21,212,4,199,214,64,106,121,88,83,113,104,117,141,93,27,209,145,37,184,190,204,214,131,78	3,5,0.5745,0,103;2,3,0.3745,2,129;2,4,0.1795,0,109;5,1,0.0585,0,125;7,0,0.2115,0,25;0,1,0.9935,0,198
evidence-temporal-train-01377	1	3	2	71,83,123,107,185,151,214,148,195,35,90,19,44,14,119,215,132,205,180,193,94,45,193,178,180,140,21,49,27,59,68,75,8,114,141,98	7,4,0.6735,0,121;2,1,0.8385,0,206;0,1,0.8445,2,237;2,1,0.4015,1,214;1,1,0.5145,2,12;2,2,0.9365,0,16
evidence-temporal-train-01378	10	3	2	113,148,184,191,4,30,42,16,211,198,196,79,57,170,124,93,193,107,66,133,10,137,84,170,199,21,48,69,61,39,151,206,141,90,119,101	3,0,0.1695,0,155;5,5,0.4645,3,195;8,3,0.4155,0,59;6,2,0.4885,0,54;4,1,0.2635,2,168;3,3,0.2545,0,173
evidence-temporal-train-01379	7	0	2	66,18,89,99,201,188,163,71,26,206,3,145,141,161,171,205,185,49,121,170,151,93,12,136,23,37,77,117,45,107,172,60,132,43,83,115	2,2,0.5905,2,205;1,3,0.6645,0,14;0,2,0.4935,2,210;4,1,0.2015,0,208;2,1,0.6265,0,203;0,2,0.1055,0,254
evidence-temporal-train-01380	5	2	2	89,29,21,158,174,167,16,112,151,38,136,63,158,171,141,87,147,41,165,14,167,45,159,196,134,121,111,185,53,6,64,117,93,79,99,69	5,4,0.0465,0,162;4,4,0.3305,0,206;4,5,0.0135,0,93;6,5,0.2105,0,119;2,5,0.1425,0,186;0,4,0.0875,0,111
evidence-temporal-train-01381	1	3	1	16,89,150,182,208,137,69,111,38,193,113,179,4,148,60,27,76,15,42,21,64,141,133,82,203,117,209,93,198,186,208,56,45,209,124,103	3,5,0.1365,0,251;2,4,0.5555,0,246;7,2,0.1115,0,77;3,0,0.2235,0,187;6,5,0.3555,0,254;3,3,0.2765,0,179
evidence-temporal-train-01382	0	3	1	64,40,117,138,179,191,141,186,213,61,45,76,148,152,174,131,116,189,122,54,105,108,28,4,87,197,14,69,21,36,192,150,89,18,93,171	3,4,0.5525,0,130;3,2,0.0165,0,76;5,3,0.1345,0,204;3,5,0.3515,0,232;8,2,0.9535,0,204;1,1,0.4005,0,91
evidence-temporal-train-01383	5	2	1	203,150,10,92,147,200,75,28,21,18,109,117,141,3,83,194,177,45,172,139,210,209,101,134,93,157,34,124,71,154,59,115,64,57,168,42	2,0,0.5165,0,65;3,0,0.4405,0,204;8,1,0.1185,2,211;2,1,0.9895,0,114;4,3,0.6845,0,154;3,4,0.6635,0,178
evidence-temporal-train-01384	7	1	2	151,86,50,213,141,155,21,6,115,174,33,191,186,136,133,146,125,154,45,92,11,109,40,66,69,16,117,101,215,61,94,194,35,194,197,73	5,1,0.1195,0,157;8,1,0.0345,0,230;1,3,0.4195,0,192;0,4,0.9085,1,218;4,3,0.7965,0,85;4,3,0.0535,0,109
evidence-temporal-train-01385	10	0	1	93,63,179,158,134,177,21,212,78,179,42,56,18,87,117,9,125,185,108,66,170,71,34,88,150,45,15,145,170,139,101,215,112,33,209,143	8,5,0.4595,0,93;8,0,0.4995,0,247;7,5,0.4465,2,68;5,5,0.1105,0,155;4,2,0.1795,0,48;4,4,0.7675,2,144
evidence-temporal-train-01386	1	3	1	64,78,63,89,12,45,180,139,69,94,162,39,148,111,54,182,131,185,99,117,172,185,121,211,16,141,27,161,150,85,186,113,42,3,21,191	2,2,0.1975,0,79;2,5,0.5785,0,129;5,5,0.1625,0,78;5,3,0.2085,1,142;2,5,0.3755,0,66;0,1,0.6645,0,231
evidence-temporal-train-01387	5	2	1	197,117,132,90,14,100,162,121,48,93,184,32,78,164,82,141,69,4,163,20,63,138,42,150,171,39,191,163,106,116,21,165,147,187,51,64	3,4,0.9305,0,78;7,5,0.4765,3,75;2,5,0.0665,0,122;5,0,0.5725,0,44;3,0,0.9795,0,151;0,2,0.4825,0,157
evidence-temporal-train-01388	2	2	2	178,52,97,29,184,80,93,11,187,170,205,112,122,204,85,35,171,151,69,130,59,88,45,211,23,139,147,117,40,106,66,184,206,2,18,141	1,1,0.4045,2,168;4,1,0.1165,0,66;3,1,0.4695,0,149;7,3,0.1705,0,25;0,0,0.0205,0,189;1,0,0.7405,0,61
evidence-temporal-train-01389	2	0	0	16,117,131,149,59,91,127,205,112,209,212,69,208,140,165,45,26,141,164,15,35,64,107,157,21,52,158,145,42,93,82,99,194,212,75,9	8,5,0.0895,0,202;1,1,0.4785,0,237;3,1,0.0885,0,174;2,0,0.6045,0,87;2,1,0.0915,0,81;6,1,0.8215,0,13
evidence-temporal-train-01390	5	2	1	92,113,17,186,1,118,27,210,134,166,93,182,123,70,76,157,58,137,204,64,150,176,52,109,38,141,10,99,147,186,21,40,168,46,164,87	0,0,0.2405,0,115;2,4,0.1195,1,220;3,0,0.1425,1,230;3,5,0.8555,0,160;2,3,0.3145,1,29;2,4,0.2025,0,234
evidence-temporal-train-01391	6	0	0	99,160,149,180,133,69,137,118,19,122,115,1,29,62,21,141,67,45,37,13,80,57,183,179,145,41,82,167,170,108,208,161,93,185,168,88	0,3,0.7135,0,230;4,3,0.2555,0,246;8,4,0.6015,0,126;7,0,0.0105,0,49;2,2,0.6275,1,246;1,3,0.2905,0,35
evidence-temporal-train-01392	2	2	0	93,39,147,157,40,177,83,11,88,158,156,79,187,215,3,45,164,114,60,67,141,186,107,149,174,137,132,195,69,23,124,17,26,117,105,55	2,1,0.3005,2,34;1,5,0.1495,0,228;6,2,0.7185,0,39;6,1,0.1265,0,179;8,1,0.4185,0,171;3,2,0.3425,0,187
evidence-temporal-train-01393	10	3	1	171,131,66,60,12,52,117,69,173,148,179,185,186,139,96,38,150,209,73,159,43,82,21,144,183,5,45,126,20,105,214,89,111,28,211,116	4,2,0.8365,0,60;3,4,0.7075,0,49;3,2,0.4845,0,83;0,0,0.3615,3,196;8,5,0.8925,0,24;5,1,0.7155,3,189
evidence-temporal-train-01394	9	0	1	52,68,11,62,127,150,104,158,117,195,21,145,75,156,27,212,188,166,177,69,209,186,45,36,6,180,83,89,131,141,136,44,19,94,116,111	5,1,0.7155,0,164;2,2,0.9485,0,131;3,4,0.9985,0,58;2,1,0.2105,1,152;7,5,0.8015,0,122;6,1,0.0505,0,179
evidence-temporal-train-01395	1	0	0	179,69,160,51,89,191,188,143,15,112,132,149,101,111,3,81,43,158,176,60,68,164,86,136,212,128,34,29,20,47,145,173,191,117,93,23	2,5,0.8335,2,79;4,0,0.7805,2,47;2,2,0.8985,0,228;8,4,0.3895,0,23;4,5,0.0465,0,101;7,2,0.0585,2,209
evidence-temporal-train-01396	3	0	2	76,123,141,163,86,65,190,52,138,20,151,182,154,1,10,131,60,116,185,107,163,180,69,105,93,152,35,92,47,145,197,40,21,26,191,118	0,0,0.8165,0,57;1,1,0.0125,2,235;3,2,0.2565,0,100;3,4,0.9415,0,26;8,1,0.9195,1,136;2,1,0.5575,0,190
evidence-temporal-train-01397	1	3	2	148,45,117,125,93,169,134,98,15,166,142,85,166,38,61,91,191,213,210,74,136,55,40,106,158,202,21,162,65,155,151,20,3,112,27,69	2,5,0.9825,0,77;2,4,0.1315,0,147;6,3,0.2725,0,236;1,3,0.7815,0,158;1,0,0.0115,0,255;4,4,0.0525,1,158
evidence-temporal-train-01398	10	2	1	170,116,198,161,123,82,33,132,92,139,69,13,160,20,161,5,55,120,212,176,205,21,141,45,43,94,147,206,76,110,174,97,59,36,150,68	4,3,0.8705,0,220;8,2,0.7575,0,56;6,1,0.8785,0,152;3,0,0.9685,1,184;0,4,0.8115,3,181;2,2,0.6985,0,30
evidence-temporal-train-01399	5	0	2	95,166,41,12,26,213,88,103,48,55,151,183,69,199,213,184,140,22,109,86,211,112,59,18,160,117,145,7,75,122,34,132,68,165,203,142	6,2,0.5455,1,187;1,0,0.3725,3,237;6,1,0.8835,0,253;2,4,0.1535,2,141;6,3,0.1655,0,92;1,2,0.9505,1,82
evidence-temporal-train-01400	2	3	1	196,93,62,190,34,107,71,162,117,68,76,24,91,202,150,41,148,161,141,201,213,31,10,19,124,45,195,84,50,98,199,130,4,215,136,112	3,0,0.7275,3,8;6,0,0.2395,0,210;1,4,0.8825,2,200;3,2,0.7535,0,231;1,1,0.1975,0,108;3,0,0.0265,0,147
evidence-temporal-train-01401	6	2	1	45,202,141,62,117,137,93,159,147,51,131,35,1,21,206,88,168,110,69,18,164,113,174,83,122,169,25,184,197,44,76,99,150,14,67,204	0,4,0.5805,0,63;0,1,0.8525,0,210;2,4,0.6135,0,197;3,1,0.1125,0,90;2,4,0.3435,0,151;1,1,0.2185,0,158
evidence-temporal-train-01402	3	0	2	127,35,215,74,166,45,4,49,32,112,151,184,21,107,141,145,105,205,60,182,196,19,67,86,139,189,215,91,132,93,117,71,44,152,15,179	3,5,0.6815,0,221;7,1,0.8965,0,167;0,2,0.6115,2,15;1,4,0.7025,0,245;8,1,0.0705,0,175;6,2,0.6875,0,203
evidence-temporal-train-01403	10	0	1	104,15,154,159,133,47,40,190,145,178,71,150,116,214,93,22,193,161,54,117,4,197,63,66,73,125,194,82,36,170,17,141,92,26,140,108	3,5,0.2555,1,122;1,2,0.0595,2,191;5,5,0.5185,2,30;0,0,0.8645,0,174;7,2,0.9725,0,176;4,3,0.9525,0,28
evidence-temporal-train-01404	1	0	0	8,117,91,161,39,94,16,12,141,51,100,182,48,187,161,152,149,132,77,182,173,145,67,176,106,69,206,21,60,86,140,192,113,41,29,123	7,2,0.0785,0,58;4,5,0.2845,3,81;2,2,0.7895,0,222;4,4,0.6505,1,9;3,0,0.2785,0,100;2,2,0.9965,0,115
evidence-temporal-train-01405	10	2	1	38,105,152,85,205,144,20,135,88,117,71,147,62,187,4,12,164,197,93,173,137,150,33,23,66,122,45,157,55,162,75,212,111,177,114,44	3,2,0.8595,2,117;8,4,0.9965,0,170;6,4,0.4765,2,147;2,3,0.1715,0,40;8,5,0.5935,0,89;1,5,0.2535,3,95
evidence-temporal-train-01406	7	3	2	90,79,64,159,21,113,120,191,136,121,15,69,190,43,94,45,152,18,56,111,151,141,179,35,30,182,148,87,105,60,133,159,2,207,155,194	1,5,0.4435,0,162;5,1,0.7555,0,134;7,2,0.0785,0,138;6,5,0.5875,1,110;8,5,0.2665,3,29;0,3,0.1875,0,25
evidence-temporal-train-01407	1	3	2	69,33,185,176,99,40,17,110,117,66,152,36,194,83,133,141,201,62,53,158,148,183,21,93,2,158,151,165,136,114,11,122,45,210,90,76	1,1,0.2945,0,212;8,2,0.0825,0,60;4,4,0.4545,0,24;3,1,0.4115,0,223;2,4,0.5745,0,197;1,3,0.0205,0,26
evidence-temporal-train-01408	3	0	1	39,203,51,100,76,197,155,203,161,174,18,116,183,106,45,26,62,178,92,21,40,12,203,177,141,3,68,70,134,117,145,126,139,86,93,150	2,2,0.5625,0,180;1,5,0.0645,0,4;2,4,0.8985,1,212;3,4,0.9455,0,110;3,0,0.9465,0,36;5,4,0.6015,0,193
evidence-temporal-train-01409	3	0	1	68,91,51,11,116,178,138,123,31,85,18,185,76,190,145,163,183,150,109,160,24,186,63,94,167,134,194,158,117,142,69,40,45,5,34,100	4,1,0.5645,3,9;6,0,0.1035,0,134;2,5,0.8085,0,39;3,3,0.6215,1,253;3,3,0.8225,0,43;2,4,0.4975,1,228
evidence-temporal-train-01410	1	3	2	156,43,165,66,13,4,23,32,86,199,191,183,117,56,115,151,148,121,69,58,39,99,141,181,93,75,176,91,140,177,45,176,108,134,164,16	3,3,0.0005,2,27;7,5,0.7705,0,78;7,0,0.4725,0,19;2,4,0.7875,0,255;2,2,0.7235,0,154;0,4,0.9015,0,175
evidence-temporal-train-01411	2	2	2	184,86,154,46,63,54,141,121,169,11,185,28,147,21,103,114,4,64,91,76,167,151,140,191,180,118,130,18,70,108,42,95,170,194,184,39	3,1,0.5075,0,226;3,5,0.4055,1,4;5,5,0.0485,1,226;3,4,0.6535,2,69;6,2,0.5835,1,220;0,0,0.8535,0,13
evidence-temporal-train-01412	5	1	0	149,110,114,51,117,59,141,21,82,168,137,167,64,161,146,38,196,88,165,201,71,103,2,29,80,208,173,41,45,207,16,125,94,201,130,13	1,3,0.1005,0,23;4,4,0.2745,0,27;2,1,0.1225,2,241;7,0,0.0645,1,134;6,4,0.4185,0,57;4,0,0.2335,0,195
evidence-temporal-train-01413	6	2	0	82,62,176,149,152,137,47,38,10,147,81,121,93,99,132,170,110,64,185,19,211,141,117,51,201,208,177,88,188,175,43,4,112,69,30,22	3,0,0.6665,1,82;5,4,0.6925,2,9;2,4,0.1585,0,118;8,0,0.0295,0,145;2,4,0.0845,0,238;0,2,0.3935,0,32
evidence-temporal-train-01414	3	0	2	24,175,128,137,84,145,96,54,25,179,199,12,100,39,194,41,89,205,18,141,114,151,117,45,176,71,133,165,66,78,178,63,207,108,4,206	3,2,0.4055,3,123;0,5,0.2365,0,141;5,5,0.5035,2,46;5,2,0.2325,3,183;3,2,0.4385,0,234;7,3,0.3965,0,34
evidence-temporal-train-01415	0	3	1	31,133,15,148,103,183,141,114,69,197,117,20,93,90,155,40,139,192,45,186,57,165,58,39,150,192,87,162,158,76,21,65,156,123,107,8	7,5,0.9285,0,173;6,5,0.1365,0,91;8,0,0.2365,0,145;3,5,0.4855,0,185;6,1,0.4675,0,7;2,3,0.7295,0,42
evidence-temporal-train-01416	3	0	2	66,115,44,21,167,63,109,87,20,160,152,189,206,163,48,141,93,120,92,128,140,29,14,69,132,151,192,1,76,103,145,177,38,191,51,195	0,4,0.8885,0,54;4,4,0.9525,3,219;2,5,0.4825,0,105;3,5,0.8025,0,107;6,3,0.7275,3,13;7,2,0.9395,0,158
evidence-temporal-train-01417	3	0	2	159,187,110,89,176,145,178,44,94,38,208,137,116,52,120,155,24,11,169,4,151,126,20,131,101,69,179,45,27,84,75,212,161,68,60,141	3,1,0.9755,3,117;2,4,0.9875,0,165;3,2,0.8685,0,13;2,2,0.2575,1,155;4,4,0.8915,3,167;5,1,0.3995,0,200
evidence-temporal-train-01418	2	0	1	168,187,108,200,144,213,69,145,150,1,137,177,114,28,172,36,74,192,134,20,92,202,117,60,49,93,21,10,202,82,183,126,45,43,103,66	0,0,0.9445,0,91;3,2,0.6515,0,179;0,2,0.4875,0,113;1,0,0.8755,0,19;6,2,0.5735,0,26;5,4,0.3935,3,92
evidence-temporal-train-01419	6	3	0	155,21,207,204,205,96,117,13,138,83,127,141,99,89,160,131,112,58,209,34,28,203,68,1,159,108,149,148,196,69,159,42,52,76,19,45	0,3,0.6715,0,59;3,0,0.4155,0,245;3,0,0.9955,0,220;3,1,0.2045,3,24;2,2,0.0165,0,180;6,1,0.5155,0,60
evidence-temporal-train-01420	1	2	1	43,86,135,119,36,11,177,62,101,29,45,110,51,4,65,190,22,138,147,74,165,91,141,184,20,150,70,123,164,160,169,116,93,173,212,201	3,1,0.9225,1,108;4,2,0.6785,0,76;2,4,0.2305,1,87;1,4,0.7755,0,229;4,4,0.9185,2,190;2,5,0.5015,0,255
evidence-temporal-train-01421	3	0	1	119,132,141,188,90,87,21,172,210,121,49,145,4,60,197,150,18,35,161,105,156,41,15,214,136,213,48,26,165,113,70,152,93,110,76,66	3,5,0.4105,0,236;1,1,0.2225,3,55;0,2,0.4195,1,173;3,5,0.5685,0,131;8,4,0.3875,2,57;0,2,0.1615,0,227
evidence-temporal-train-01422	10	1	0	189,186,182,91,146,137,45,205,43,29,134,93,175,199,117,85,72,141,166,108,62,15,81,105,36,21,66,115,2,17,198,199,187,122,149,56	1,5,0.3775,0,253;4,2,0.7485,0,53;7,4,0.4475,3,3;8,3,0.6855,0,59;8,2,0.6585,0,133;1,4,0.3815,0,228
evidence-temporal-train-01423	9	3	2	176,151,117,28,134,76,191,93,14,169,148,153,187,44,62,4,188,91,116,111,188,122,68,185,19,83,23,51,104,191,139,45,69,182,141,35	3,4,0.7765,2,85;3,1,0.8985,0,212;2,4,0.8185,0,186;3,1,0.6645,0,74;7,5,0.9665,0,220;1,4,0.6405,0,239
evidence-temporal-train-01424	10	3	2	129,117,213,78,205,191,114,99,28,159,183,139,54,42,107,10,93,18,148,39,64,48,159,21,141,133,86,69,61,8,151,191,186,181,90,189	7,0,0.5435,0,66;3,5,0.4985,3,73;5,3,0.1555,0,32;5,4,0.4165,0,157;2,1,0.4015,0,68;8,3,0.7615,0,39
evidence-temporal-train-01425	1	2	0	133,45,38,106,51,41,62,77,182,159,27,174,123,115,149,69,5,99,18,93,21,141,68,214,92,139,86,184,205,147,173,202,10,207,117,179	4,0,0.5005,0,199;2,4,0.3485,0,74;2,4,0.8845,0,203;4,4,0.9765,0,17;2,0,0.7825,0,109;2,3,0.6505,0,83
evidence-temporal-train-01426	9	3	1	57,88,21,8,142,180,162,45,170,107,93,76,148,150,186,192,214,15,42,131,117,20,70,178,33,169,58,64,140,126,209,83,116,39,99,179	7,5,0.8035,0,146;8,5,0.4575,0,101;8,0,0.1265,1,233;3,1,0.1685,0,106;2,1,0.9825,0,175;5,1,0.8135,1,216
evidence-temporal-train-01427	9	1	1	117,150,146,131,41,51,111,31,198,61,212,5,104,23,10,183,162,166,127,115,93,65,192,140,182,87,69,191,202,17,35,73,88,157,48,142	4,0,0.3095,2,100;6,1,0.3925,3,123;2,3,0.3815,0,194;0,5,0.0455,0,47;7,5,0.7185,0,120;6,1,0.8045,1,70
evidence-temporal-train-01428	0	3	0	45,37,63,170,149,180,168,83,69,183,21,212,141,28,111,99,148,76,176,6,172,209,205,43,17,122,52,10,67,90,193,133,93,140,116,117	5,0,0.3745,0,108;3,3,0.6325,0,22;3,5,0.6335,0,57;3,1,0.5455,0,254;2,5,0.8755,0,63;1,3,0.8055,0,13
evidence-temporal-train-01429	10	0	0	23,19,45,94,85,72,10,185,7,212,189,149,117,67,161,137,52,105,156,76,157,38,141,107,194,145,211,152,130,33,112,60,44,92,124,199	6,0,0.6385,2,60;8,4,0.8845,0,156;3,2,0.6385,3,190;3,3,0.9265,1,221;8,1,0.0995,0,75;3,0,0.3225,0,166
evidence-temporal-train-01430	10	3	2	151,77,167,28,193,192,206,8,95,197,181,117,35,84,61,209,12,57,148,100,141,67,133,173,137,187,69,45,106,43,210,21,17,88,123,116	7,2,0.2805,0,124;3,1,0.6915,0,34;8,3,0.7945,0,128;4,2,0.0365,2,190;3,0,0.9915,0,197;2,3,0.3175,0,71
evidence-temporal-train-01431	1	2	2	82,195,21,168,147,69,53,179,61,67,190,141,151,45,13,123,102,93,215,155,203,114,34,77,41,3,111,117,157,192,90,190,138,32,134,19	2,3,0.7785,0,6;7,0,0.2385,0,150;4,3,0.7915,0,237;4,0,0.4895,0,24;5,5,0.4675,0,20;2,4,0.4595,0,7
evidence-temporal-train-01432	1	0	2	50,145,63,42,179,3,140,69,28,80,109,168,67,18,205,89,45,193,21,142,157,193,95,124,151,116,170,162,158,86,134,99,117,12,180,35	2,2,0.5485,0,211;3,1,0.5735,0,20;1,5,0.7115,0,34;7,4,0.3645,2,5;2,3,0.8685,0,207;3,4,0.9815,1,13
evidence-temporal-train-01433	10	1	0	2,119,156,37,106,165,18,10,142,146,166,112,77,127,94,149,53,174,178,22,82,195,66,174,33,69,137,200,62,196,40,135,102,45,168,91	1,0,0.4125,1,50;8,3,0.1875,0,221;4,4,0.4815,0,179;4,0,0.6825,1,100;5,0,0.1155,2,117;6,5,0.3115,1,111
evidence-temporal-train-01434	5	2	2	152,138,114,76,26,156,207,54,94,117,9,69,41,179,191,106,151,190,14,141,185,62,38,163,91,135,66,174,127,19,21,195,147,99,82,46	8,4,0.6205,0,218;1,4,0.3935,1,135;5,4,0.5345,0,18;3,0,0.6045,1,217;2,0,0.4795,0,85;6,5,0.5295,0,185
evidence-temporal-train-01435	10	3	2	93,86,131,90,200,151,148,202,156,102,212,138,141,65,76,49,69,158,21,204,18,5,59,33,114,35,123,10,185,109,117,161,45,161,42,212	4,0,0.5385,0,227;8,1,0.4105,0,163;0,1,0.2825,0,238;3,4,0.4075,0,167;5,3,0.5965,0,99;2,1,0.5265,0,167
evidence-temporal-train-01436	1	2	2	135,141,147,14,4,139,41,164,173,153,69,93,75,207,212,27,45,59,182,208,105,114,16,108,154,84,66,89,21,151,51,36,119,175,212,123	3,4,0.0765,0,82;2,2,0.2195,0,103;2,1,0.5905,0,82;2,2,0.2545,0,37;8,2,0.4745,2,227;2,5,0.7835,0,40
evidence-temporal-train-01437	1	0	0	145,149,74,68,181,117,44,27,93,201,69,129,196,135,45,13,37,166,91,213,152,82,211,197,109,113,20,6,140,166,171,51,60,105,21,141	5,3,0.8895,0,99;2,3,0.9635,0,245;2,2,0.8305,0,152;1,0,0.7215,0,131;8,3,0.2035,0,84;8,5,0.9175,0,237
evidence-temporal-train-01438	1	1	0	68,169,12,178,178,131,123,45,114,97,108,149,43,22,93,141,74,174,31,39,51,187,206,204,60,7,90,137,146,153,16,69,117,161,202,87	6,2,0.0695,1,188;6,5,0.7505,0,175;2,2,0.9035,0,48;1,5,0.5705,0,144;0,2,0.5355,0,144;2,1,0.2635,0,94
evidence-temporal-train-01439	1	0	2	109,193,137,212,197,88,117,159,182,16,156,45,145,27,124,93,114,174,13,99,3,202,151,67,167,75,84,21,69,43,63,206,49,144,130,34	2,3,0.1605,0,254;2,0,0.7885,0,217;0,5,0.7515,0,133;2,2,0.1035,0,46;2,3,0.5465,0,144;3,0,0.2705,3,120
evidence-temporal-train-01440	10	2	2	147,18,157,208,92,191,114,45,2,78,101,170,43,117,86,178,156,134,64,69,143,191,57,13,33,160,93,151,177,109,140,123,63,158,34,21	1,3,0.5625,0,225;8,0,0.6045,0,211;8,5,0.1365,0,92;5,4,0.9015,0,199;4,3,0.5985,0,131;2,4,0.8195,2,110
evidence-temporal-train-01441	10	0	2	16,83,107,93,117,145,207,151,207,122,69,161,138,8,167,40,64,113,56,13,77,202,21,61,45,194,92,169,39,33,193,178,143,132,209,104	7,3,0.1875,0,218;8,5,0.1185,0,183;7,3,0.1295,0,127;4,1,0.9495,0,175;7,1,0.2085,0,109;1,2,0.5375,2,231
evidence-temporal-train-01442	10	3	1	25,93,168,168,134,16,148,125,69,115,45,14,117,140,7,76,103,36,193,21,157,191,213,193,83,63,108,156,150,187,91,44,68,170,57,141	6,4,0.0495,0,184;0,2,0.9745,0,154;8,5,0.9655,0,255;3,1,0.7995,0,200;6,2,0.7825,0,58;4,4,0.9795,0,4
evidence-temporal-train-01443	5	2	0	37,72,56,140,154,30,105,167,83,4,21,91,45,93,118,19,130,172,149,198,62,204,64,199,43,212,155,147,169,15,198,144,124,76,109,115	3,5,0.6995,0,170;5,3,0.6725,0,167;7,4,0.1585,3,121;3,1,0.6245,0,111;8,3,0.6125,1,76;3,0,0.8395,3,8
evidence-temporal-train-01444	8	1	2	21,78,49,133,202,156,180,69,113,18,108,93,91,45,30,43,6,65,177,35,151,146,61,117,102,175,15,177,138,123,141,210,169,85,166,186	5,5,0.5705,0,144;5,1,0.6875,0,133;0,3,0.2335,0,135;5,3,0.6015,0,80;5,2,0.3985,0,115;2,3,0.4835,0,240
evidence-temporal-train-01445	9	3	0	182,38,9,141,83,181,117,158,91,138,64,15,16,69,60,32,116,132,203,21,210,122,49,213,176,93,149,42,45,193,100,80,106,148,159,195	8,5,0.1215,0,187;7,4,0.4245,0,165;0,2,0.1655,0,27;7,1,0.6235,0,39;3,0,0.9305,0,241;1,2,0.4815,0,40
evidence-temporal-train-01446	6	2	2	167,117,209,203,107,91,28,93,65,19,151,51,41,72,45,77,129,185,21,14,174,60,147,173,141,173,209,113,179,103,169,34,87,136,1,134	0,4,0.6685,0,178;3,0,0.2015,0,88;2,2,0.2835,3,207;4,5,0.6825,0,35;6,1,0.3025,0,27;8,4,0.1455,0,163
evidence-temporal-train-01447	3	0	2	57,212,209,131,59,201,38,89,141,11,45,21,151,93,136,112,87,3,20,98,155,69,40,145,214,199,123,107,207,209,33,76,196,65,118,201	2,1,0.8005,0,45;8,4,0.1815,0,198;8,1,0.2985,0,192;3,5,0.2455,0,214;1,1,0.1555,1,209;2,1,0.0445,0,36
evidence-temporal-train-01448	1	2	0	69,149,116,134,99,43,141,165,47,27,192,64,180,93,156,180,175,59,108,127,138,117,160,172,23,91,1,178,159,35,17,15,56,73,147,86	0,5,0.3075,2,46;2,1,0.7385,2,253;7,1,0.0275,0,238;0,4,0.7255,0,224;2,2,0.9255,0,129;6,4,0.5935,0,53
evidence-temporal-train-01449	6	2	2	188,123,108,161,143,132,181,19,60,82,1,101,21,147,192,93,192,45,151,91,115,36,178,41,14,117,28,78,68,72,176,201,140,49,174,195	0,4,0.6935,0,114;3,2,0.2805,0,25;0,2,0.8715,3,233;5,0,0.7705,0,242;4,2,0.7875,0,213;2,2,0.9675,2,198
evidence-temporal-train-01450	9	2	1	136,112,202,69,212,5,56,125,147,117,22,159,131,45,107,42,104,61,205,192,211,84,10,183,175,150,16,187,141,77,66,184,93,29,88,35	4,0,0.1325,1,127;4,1,0.5375,0,227;7,3,0.5505,0,41;4,2,0.0835,0,213;7,1,0.0615,0,60;4,1,0.1915,0,199
evidence-temporal-train-01451	2	2	0	175,93,39,90,141,147,84,69,105,52,47,163,160,110,187,21,116,66,207,212,136,17,12,59,192,177,149,131,40,25,197,80,124,117,3,215	2,2,0.2655,0,126;0,5,0.1905,2,189;3,1,0.5125,0,16;7,2,0.5335,0,127;8,4,0.9955,0,232;3,1,0.1645,0,7
evidence-temporal-train-01452	5	2	1	181,137,123,13,185,118,111,1,21,20,76,63,181,132,45,93,200,85,192,98,28,192,141,67,150,41,157,147,91,190,116,35,69,179,173,52	0,3,0.8215,0,191;3,1,0.2545,0,39;3,5,0.6385,0,87;3,3,0.7655,0,23;1,5,0.8415,1,240;2,2,0.3035,0,155
evidence-temporal-train-01453	6	2	2	166,209,73,38,138,93,156,195,48,109,60,151,187,21,41,121,92,6,85,52,130,155,20,99,114,27,213,66,14,191,147,141,191,119,69,211	5,4,0.8825,0,148;2,4,0.3245,3,168;3,2,0.4815,0,233;0,3,0.8055,0,90;2,3,0.4045,2,26;0,0,0.4095,0,25
evidence-temporal-train-01454	0	3	1	83,1,114,211,173,181,215,13,21,63,211,109,90,26,19,174,141,40,150,135,39,52,104,124,119,199,170,139,207,67,45,93,78,72,212,148	0,3,0.7615,0,164;1,5,0.0535,0,232;3,5,0.7725,3,110;5,1,0.5295,0,106;7,3,0.5375,2,187;3,5,0.7415,0,100
evidence-temporal-train-01455	1	2	0	166,131,112,90,37,196,196,84,59,43,164,81,93,66,149,193,52,199,191,106,210,69,15,45,197,3,124,212,142,117,27,147,19,21,137,100	2,5,0.7925,0,45;2,3,0.7365,0,87;3,1,0.5275,0,197;8,2,0.5335,0,86;3,0,0.0135,0,139;3,1,0.2735,1,35
evidence-temporal-train-01456	1	3	2	39,79,4,200,90,151,59,107,187,93,69,135,148,117,16,67,192,98,139,154,123,27,186,178,141,163,45,15,159,188,21,51,113,152,86,40	3,5,0.1555,0,66;2,5,0.1625,0,88;2,1,0.6555,0,89;6,4,0.5965,0,184;1,1,0.2905,0,63;2,5,0.7465,0,205
evidence-temporal-train-01457	3	0	0	130,183,65,69,149,185,52,136,5,34,93,25,182,179,79,156,83,111,45,194,163,117,40,204,21,121,89,141,12,195,99,157,63,145,113,16	4,2,0.0485,0,140;0,0,0.0425,0,19;3,5,0.2695,0,96;6,1,0.3735,0,98;2,5,0.2985,0,100;0,0,0.1015,0,69
evidence-temporal-train-01458	5	2	0	119,52,22,171,90,199,124,136,164,135,94,3,158,85,100,211,45,77,212,31,59,41,69,113,64,147,141,110,178,13,149,37,175,20,203,198	2,3,0.8325,1,189;6,3,0.2415,0,167;3,1,0.0215,0,144;4,3,0.5765,1,144;3,4,0.3775,2,105;3,5,0.0065,0,11
evidence-temporal-train-01459	10	0	1	62,98,159,145,106,45,175,154,178,65,136,143,69,150,172,119,85,6,214,18,122,135,93,189,57,40,35,28,115,182,21,156,75,180,10,88	5,0,0.5955,0,151;3,1,0.0435,0,121;8,4,0.3775,0,149;2,3,0.0825,0,234;1,0,0.6815,2,126;1,5,0.1455,2,247
evidence-temporal-train-01460	5	0	2	215,9,55,193,119,10,203,18,213,143,76,176,187,145,132,100,137,177,116,106,167,90,58,165,93,151,44,45,66,174,123,31,37,22,71,82	8,0,0.4615,1,69;6,3,0.9845,0,76;6,0,0.5415,2,139;3,0,0.5485,0,61;3,0,0.9615,2,221;2,2,0.3085,2,63
evidence-temporal-train-01461	5	0	1	156,124,13,58,28,48,80,145,21,34,136,54,211,66,186,84,18,89,197,170,41,117,150,103,114,106,69,143,176,202,215,7,93,135,180,158	6,3,0.4745,0,58;3,0,0.3125,3,48;5,0,0.5505,0,78;7,2,0.3685,0,247;6,0,0.5325,0,218;3,5,0.1095,2,89
evidence-temporal-train-01462	5	1	2	151,69,81,169,103,199,109,117,141,64,116,211,85,51,133,26,197,45,62,173,163,152,36,41,123,2,193,187,91,17,93,136,11,21,154,146	1,1,0.2135,0,209;1,2,0.2835,0,100;2,4,0.1715,0,26;8,3,0.6395,0,112;6,3,0.8525,0,202;2,3,0.1905,0,41
evidence-temporal-train-01463	3	0	0	20,75,82,101,189,21,204,25,149,136,93,141,35,67,89,69,174,107,117,57,13,4,116,153,172,172,198,145,59,40,176,202,194,130,45,129	3,3,0.9505,0,208;0,1,0.1265,0,78;8,1,0.7195,0,223;2,0,0.3735,0,186;4,1,0.8215,0,47;8,0,0.0175,0,73
evidence-temporal-train-01464	1	0	1	187,179,201,188,34,93,21,111,1,30,141,98,45,90,18,115,150,145,58,72,176,43,123,85,192,75,65,185,11,161,205,163,133,117,50,137	0,1,0.5185,0,4;5,0,0.6805,0,62;1,0,0.2485,3,254;2,3,0.4995,0,245;1,5,0.7495,0,76;2,3,0.3445,0,242
evidence-temporal-train-01465	5	2	1	23,69,13,60,150,207,169,114,141,68,93,197,103,45,180,135,177,28,88,138,174,43,211,51,110,122,74,117,201,185,158,16,37,86,6,147	5,3,0.0685,2,142;3,3,0.7155,0,132;2,2,0.8675,0,114;1,4,0.1505,0,152;6,4,0.5945,0,202;1,5,0.5405,0,126
evidence-temporal-train-01466	8	3	0	165,173,103,12,45,58,86,141,117,69,92,16,136,30,112,38,154,94,157,148,184,197,67,54,149,42,179,107,77,128,190,130,24,172,7,174	6,2,0.0095,3,68;5,4,0.5845,0,178;5,0,0.6815,0,124;4,4,0.8935,1,59;6,1,0.1175,0,207;7,0,0.0045,0,98
evidence-temporal-train-01467	1	1	2	210,59,134,200,21,90,54,116,38,146,93,3,201,142,137,170,158,41,81,200,118,102,125,154,46,190,15,109,203,168,70,30,151,87,68,18	2,5,0.4015,0,208;5,4,0.2215,1,31;5,1,0.8185,1,80;8,5,0.4225,0,106;5,3,0.8185,1,151;4,4,0.3805,1,96
evidence-temporal-train-01468	6	3	1	117,73,99,35,57,67,92,188,20,140,190,4,21,156,196,93,178,213,32,72,114,62,123,12,155,109,45,150,135,156,42,176,148,87,142,171	3,2,0.9735,0,91;7,1,0.4275,0,138;8,4,0.6635,3,27;0,5,0.8345,0,74;2,3,0.4745,0,125;2,5,0.9065,1,4
evidence-temporal-train-01469	9	1	1	156,30,51,152,82,93,138,21,103,205,150,117,141,10,202,197,128,135,75,71,162,107,65,197,41,6,16,169,45,90,58,113,152,146,191,37	5,0,0.1195,0,248;5,3,0.2865,0,124;2,0,0.2315,2,175;2,0,0.4325,0,214;6,1,0.2905,0,92;7,5,0.4055,0,172
evidence-temporal-train-01470	1	0	2	117,76,27,11,45,159,50,177,127,86,168,141,39,58,151,200,93,102,72,187,161,145,67,90,185,134,116,109,44,208,137,184,3,168,21,18	2,1,0.5895,0,234;2,5,0.8015,0,133;1,0,0.6875,3,216;3,4,0.4615,0,0;5,3,0.9265,0,94;6,4,0.3175,0,86
evidence-temporal-train-01471	2	2	1	116,69,132,141,150,90,208,194,147,107,137,94,123,45,19,11,40,9,28,192,56,189,21,64,203,35,60,97,117,210,177,197,79,197,202,86	8,1,0.7925,0,163;3,1,0.0975,0,157;7,2,0.0505,0,161;6,4,0.4315,1,172;0,1,0.9425,0,60;2,2,0.3575,0,90
evidence-temporal-train-01472	2	0	1	11,45,154,91,76,208,156,130,5,83,170,53,21,179,60,18,44,194,122,66,35,155,145,117,136,112,93,27,195,70,150,106,141,166,208,100	4,1,0.5655,0,224;2,1,0.8645,0,244;4,2,0.4995,1,72;3,1,0.7425,0,57;3,0,0.0955,0,227;1,0,0.1165,0,28
evidence-temporal-train-01473	2	3	1	130,42,35,213,21,150,89,83,16,71,176,8,141,148,124,155,137,66,93,103,12,32,154,77,57,61,205,117,178,154,199,195,106,181,114,45	7,2,0.0215,0,85;7,1,0.5225,0,181;8,3,0.5245,2,120;4,1,0.3365,0,84;6,0,0.4255,0,77;3,0,0.2965,0,252
evidence-temporal-train-01474	6	0	1	88,110,63,155,195,140,48,39,16,145,117,128,157,23,154,83,116,49,150,76,185,101,27,177,212,141,201,201,133,41,67,69,93,182,15,4	3,5,0.1395,2,25;2,5,0.2365,3,235;0,5,0.7835,0,107;3,1,0.0715,0,191;4,4,0.9385,0,100;7,3,0.9535,0,110
evidence-temporal-train-01475	10	0	0	125,34,90,191,207,81,68,54,17,114,170,69,86,117,157,149,93,11,139,100,21,45,166,141,27,130,163,145,158,158,107,155,9,182,61,44	8,1,0.3965,0,18;2,0,0.8875,0,118;5,3,0.8155,0,75;8,4,0.4495,0,225;3,1,0.5385,0,59;4,0,0.6695,0,179
evidence-temporal-train-01476	5	0	1	93,176,172,69,124,19,134,10,67,35,88,175,117,165,52,116,24,27,60,166,170,103,3,197,167,194,136,150,41,84,195,111,141,80,145,45	2,0,0.6345,3,119;2,1,0.3845,0,126;3,2,0.7525,0,17;7,2,0.1935,0,66;6,5,0.8515,0,74;3,4,0.1095,0,97
evidence-temporal-train-01477	6	0	2	113,178,3,85,157,10,141,187,25,171,108,58,42,16,102,45,77,155,21,50,67,166,89,137,132,93,145,117,39,69,206,198,169,164,151,124	2,0,0.0025,0,225;0,5,0.4055,0,127;1,0,0.7085,0,102;4,3,0.3945,0,76;5,2,0.2055,0,143;3,2,0.3365,0,234
evidence-temporal-train-01478	10	3	1	60,160,130,38,21,184,215,213,117,159,150,104,20,72,141,15,56,190,84,9,90,210,124,208,93,40,112,139,148,76,46,68,107,31,182,166	8,5,0.8335,0,181;6,4,0.0785,1,67;7,2,0.9505,3,106;3,2,0.4495,0,193;7,1,0.1035,0,63;3,0,0.6785,0,195
evidence-temporal-train-01479	8	1	0	66,15,170,47,112,104,130,69,127,92,141,136,117,208,207,63,21,173,187,83,80,173,146,18,29,55,172,93,43,155,6,35,107,206,149,180	5,5,0.4105,0,160;4,1,0.6535,2,123;6,5,0.4945,0,193;7,1,0.8895,0,95;7,1,0.1305,0,134;6,0,0.0885,0,1
evidence-temporal-train-01480	10	1	2	135,138,91,203,103,115,141,117,158,50,11,106,151,160,93,19,2,129,146,37,154,45,199,66,182,23,40,180,78,61,82,207,173,25,69,214	1,1,0.7505,2,141;0,3,0.0155,0,167;1,3,0.4295,0,254;5,0,0.7135,0,164;6,0,0.7715,0,3;8,5,0.4895,0,21
evidence-temporal-train-01481	9	2	2	45,128,61,156,94,204,21,139,105,157,152,34,131,7,141,176,117,17,15,189,151,164,56,88,84,76,116,199,65,69,108,147,25,41,205,182	6,5,0.3835,0,192;0,0,0.2155,0,210;7,3,0.2195,0,88;3,2,0.0165,1,196;8,2,0.9055,0,150;7,1,0.6135,0,221
evidence-temporal-train-01482	6	2	2	33,69,75,141,200,174,136,45,1,42,21,215,131,62,147,37,182,103,109,112,20,192,193,52,117,151,170,163,66,91,184,157,86,93,122,13	0,3,0.8545,0,188;8,3,0.4725,0,157;3,4,0.5565,0,85;2,4,0.6235,0,173;6,3,0.0695,0,116;1,1,0.0025,0,43
evidence-temporal-train-01483	10	3	2	143,42,64,136,151,190,13,90,3,18,76,26,54,70,124,133,198,116,179,155,160,94,101,148,117,187,60,38,175,21,109,196,174,45,83,184	2,3,0.5435,0,228;1,4,0.5995,0,81;5,2,0.1635,1,25;3,1,0.4815,1,196;4,3,0.9175,0,244;3,3,0.1455,2,38
evidence-temporal-train-01484	6	0	2	26,205,151,100,137,141,60,133,8,36,181,70,40,210,205,11,68,117,199,145,19,152,93,85,107,186,215,116,124,202,21,73,45,161,92,50	7,1,0.6685,0,134;1,2,0.0005,0,82;1,2,0.8305,1,103;0,3,0.9465,0,55;3,1,0.9945,0,48;3,3,0.2195,0,211
evidence-temporal-train-01485	10	3	0	61,28,149,38,141,148,92,45,178,69,15,162,64,2,154,208,41,192,49,204,96,74,192,110,198,117,130,191,140,24,116,105,19,126,86,167	1,5,0.7295,3,208;3,4,0.3315,0,5;0,3,0.0785,0,207;1,4,0.8055,3,84;8,4,0.8565,0,68;5,0,0.9785,0,237
evidence-temporal-train-01486	2	2	0	93,124,160,74,133,45,90,115,51,173,203,36,211,147,58,26,204,83,21,175,108,141,5,100,42,215,138,175,182,176,149,67,69,10,117,18	4,0,0.4735,0,129;1,2,0.5805,0,85;2,0,0.7565,0,222;1,1,0.5445,0,152;3,2,0.6985,0,100;3,3,0.4755,0,120
evidence-temporal-train-01487	5	2	1	150,41,147,115,141,153,204,102,28,93,20,90,47,21,198,63,130,153,86,12,65,34,183,206,179,6,172,107,69,173,117,140,51,196,76,123	5,2,0.8995,0,54;3,0,0.2395,2,176;2,5,0.3145,0,102;3,4,0.4075,0,130;5,1,0.7345,0,242;2,0,0.8045,0,235
evidence-temporal-train-01488	2	2	2	64,131,194,166,21,167,63,69,108,176,100,151,181,41,92,19,32,147,185,50,141,174,82,113,3,193,174,45,120,95,174,75,12,36,139,125	2,2,0.7955,0,38;7,2,0.2865,0,46;1,5,0.1595,0,78;2,0,0.8535,2,255;3,2,0.3485,3,82;4,1,0.7335,0,253
evidence-temporal-train-01489	2	0	1	74,138,111,117,190,21,105,174,51,84,69,93,17,201,66,112,181,196,134,150,122,91,161,7,42,31,189,34,196,46,177,58,145,144,156,11	6,1,0.3565,0,33;6,0,0.5205,1,116;2,0,0.4065,0,174;1,2,0.7515,0,67;8,5,0.1305,0,96;1,4,0.4375,3,204
evidence-temporal-train-01490	1	2	0	90,159,141,137,147,104,2,75,124,149,34,212,169,112,87,198,199,61,67,26,69,107,204,132,42,204,196,93,46,21,210,119,17,56,211,11	1,1,0.2835,0,0;1,0,0.4225,1,191;7,3,0.6435,0,67;2,5,0.5995,0,141;7,1,0.1555,2,168;3,2,0.3895,0,199
evidence-temporal-train-01491	8	2	0	21,71,212,60,90,110,126,93,195,117,56,135,45,181,185,104,87,149,138,28,163,13,19,147,114,7,40,141,34,73,67,200,213,202,194,188	6,3,0.6455,0,217;3,0,0.0885,0,10;7,2,0.6525,2,114;0,5,0.5235,0,166;7,4,0.5795,0,74;5,5,0.4295,0,195
evidence-temporal-train-01492	10	2	1	178,202,34,143,191,61,114,140,83,93,5,43,131,21,57,150,186,80,118,194,147,18,183,67,15,177,170,126,172,91,25,45,97,69,163,109	4,5,0.4805,0,58;0,0,0.6885,0,80;8,3,0.7525,0,33;7,1,0.6625,0,26;0,3,0.5235,1,98;5,1,0.9605,2,244
evidence-temporal-train-01493	1	3	0	166,141,110,155,37,93,127,17,66,60,10,178,133,98,4,69,117,195,84,178,75,210,27,49,89,148,167,203,153,138,149,116,187,21,41,45	3,0,0.2285,0,246;2,3,0.3585,0,11;0,2,0.4835,0,49;2,2,0.2625,0,144;1,4,0.8355,0,124;6,3,0.4525,0,231
evidence-temporal-train-01494	8	1	2	33,165,19,191,136,151,66,191,103,62,199,112,92,45,163,93,142,3,69,158,11,196,117,135,203,87,109,129,21,162,146,193,35,51,78,44	2,1,0.6965,0,36;8,1,0.8685,0,132;2,4,0.4845,0,158;5,5,0.9485,0,251;6,3,0.0555,0,156;8,5,0.0815,1,230
evidence-temporal-train-01495	2	0	2	67,51,118,101,88,59,78,12,179,170,82,152,196,115,151,46,8,153,124,111,193,172,34,179,131,215,145,20,21,28,69,41,183,141,138,93	7,2,0.8205,0,99;3,0,0.3645,1,22;2,1,0.7465,0,184;5,0,0.1815,0,193;4,5,0.6885,1,77;3,1,0.5785,0,167
evidence-temporal-train-01496	1	2	0	147,207,108,212,27,196,6,93,116,39,131,98,129,165,199,21,88,81,141,69,118,15,139,66,63,179,161,46,51,149,20,191,170,180,83,42	5,5,0.8125,0,228;2,5,0.5315,1,196;2,5,0.4895,0,154;8,1,0.0835,0,47;1,2,0.9805,1,190;8,1,0.6595,0,177
evidence-temporal-train-01497	7	3	2	112,184,108,97,151,163,138,154,43,214,180,7,22,75,93,71,49,129,26,159,13,38,156,148,83,169,62,193,141,132,45,67,17,88,206,117	6,3,0.2745,1,121;1,4,0.6605,0,183;0,4,0.6625,2,66;2,1,0.0545,0,235;0,2,0.0295,0,201;8,2,0.4695,0,102
evidence-temporal-train-01498	1	1	0	90,212,65,27,154,139,212,208,75,60,152,149,86,117,211,141,20,24,109,49,72,44,114,184,146,93,37,183,45,204,130,10,202,104,121,2	1,0,0.9885,3,142;2,3,0.9065,0,146;0,2,0.3485,3,168;2,4,0.5525,0,233;7,3,0.4955,0,157;0,0,0.6635,0,87
evidence-temporal-train-01499	9	1	0	56,44,194,23,146,201,138,113,61,165,194,171,1,149,17,201,154,201,74,141,66,83,170,38,117,69,123,108,90,189,103,130,93,12,45,32	0,2,0.3645,2,34;7,4,0.8475,0,92;7,3,0.4675,0,110;1,1,0.5935,0,185;6,2,0.2545,0,59;2,0,0.5315,0,168
evidence-temporal-train-01500	10	2	1	40,162,69,183,30,208,201,73,200,15,138,191,93,45,82,17,21,172,54,38,135,66,4,141,125,182,59,100,107,91,197,156,116,118,150,147	3,5,0.3305,0,113;5,4,0.1795,0,167;5,1,0.4935,0,206;0,0,0.7705,0,181;3,1,0.9985,1,246;4,5,0.5035,0,165
evidence-temporal-train-01501	7	1	0	183,85,37,18,50,149,175,132,164,64,191,140,69,214,156,197,26,92,157,10,43,125,107,60,98,117,168,146,115,143,79,45,93,21,215,2	1,0,0.5445,0,56;1,3,0.7135,0,122;1,2,0.1115,0,28;6,3,0.9685,0,167;1,1,0.7415,0,179;4,2,0.9655,2,225
evidence-temporal-train-01502	10	0	2	5,127,69,105,178,15,194,199,21,93,45,41,37,165,145,113,77,117,66,90,183,151,58,196,25,211,141,53,205,17,82,174,134,195,138,107	4,5,0.2875,0,129;0,3,0.2545,0,1;4,0,0.4485,0,148;4,0,0.5455,0,78;8,1,0.3945,0,221;6,4,0.4485,0,53
evidence-temporal-train-01503	0	3	2	10,128,148,61,26,191,193,108,161,55,116,6,90,40,184,167,16,166,202,93,131,85,68,163,141,21,186,76,213,38,69,117,151,139,99,45	5,0,0.1265,0,152;1,4,0.1795,0,216;6,3,0.9465,0,66;3,3,0.4795,0,209;2,2,0.8825,0,252;7,1,0.7575,0,247
evidence-temporal-train-01504	5	2	2	184,155,162,212,164,96,68,45,13,209,112,158,4,110,122,27,77,157,170,40,176,140,142,90,85,63,130,20,38,147,151,21,69,97,51,117	3,3,0.8875,0,141;2,4,0.0255,0,166;2,5,0.9425,0,253;4,3,0.4385,3,225;0,4,0.0795,0,244;1,0,0.9855,1,216
evidence-temporal-train-01505	8	2	1	23,150,45,213,11,134,208,126,52,211,68,88,199,140,147,69,191,197,167,1,17,114,78,83,93,117,163,141,25,38,191,97,187,59,41,106	0,1,0.3955,2,59;0,4,0.3115,0,127;3,1,0.8395,0,94;5,1,0.1525,0,124;0,0,0.4985,0,193;5,4,0.8905,0,132
evidence-temporal-train-01506	7	0	2	165,137,213,98,197,10,131,25,117,71,141,68,198,171,197,145,159,151,19,192,87,168,21,42,34,93,88,45,186,114,63,127,3,111,49,75	2,0,0.6995,0,128;0,0,0.4245,0,215;0,5,0.8355,2,34;2,5,0.0485,0,77;1,5,0.4205,0,208;6,1,0.3415,0,8
evidence-temporal-train-01507	6	2	0	198,215,122,45,5,15,210,117,158,185,62,74,132,93,52,69,159,207,21,91,37,147,140,115,144,149,172,42,25,195,102,20,160,64,107,83	4,5,0.8885,0,236;0,3,0.5735,0,14;3,4,0.1385,0,49;1,1,0.7225,0,79;5,1,0.7795,0,166;1,2,0.9585,3,170
evidence-temporal-train-01508	5	2	1	166,119,147,150,60,21,42,97,175,64,86,127,153,108,114,75,88,28,71,185,37,211,189,140,203,135,55,93,4,210,15,17,141,168,45,207	3,5,0.2665,0,184;3,3,0.5165,0,38;6,2,0.1155,2,160;2,4,0.0795,0,85;0,2,0.4565,2,219;6,5,0.9845,0,15
evidence-temporal-train-01509	9	2	0	98,17,123,69,67,14,178,96,147,41,141,117,199,82,169,130,60,114,190,48,35,207,159,215,21,173,194,149,92,136,110,8,173,28,77,52	7,4,0.2855,0,102;3,1,0.2005,3,69;3,2,0.6065,0,72;4,0,0.9635,3,61;1,4,0.5655,0,174;2,0,0.0715,0,103
evidence-temporal-train-01510	9	1	2	208,36,193,20,141,117,67,29,107,198,113,50,215,134,40,151,215,128,156,13,45,146,155,209,60,24,90,140,69,170,82,93,78,152,102,2	1,3,0.8015,3,139;4,2,0.1365,0,33;1,2,0.7395,0,197;5,0,0.5155,0,186;5,1,0.2035,0,84;7,4,0.9025,0,200
evidence-temporal-train-01511	2	3	1	15,45,70,21,95,91,9,190,27,188,150,148,83,193,189,164,40,180,132,156,51,141,116,117,16,169,123,66,175,36,102,107,137,160,76,62	8,5,0.0185,0,12;2,2,0.1955,0,90;2,4,0.4895,1,220;3,1,0.6175,2,65;5,1,0.9025,0,135;2,2,0.2255,0,82
evidence-temporal-train-01512	5	3	0	20,64,51,61,148,211,175,40,187,152,7,182,45,123,21,139,142,178,69,106,95,32,149,36,208,103,11,73,114,193,134,92,210,212,87,117	6,1,0.9915,0,52;7,2,0.1535,0,236;2,3,0.0885,0,201;0,5,0.8165,2,230;6,0,0.5975,0,241;2,4,0.7205,1,128
evidence-temporal-train-01513	5	1	2	165,19,85,143,136,114,109,178,7,93,65,21,15,158,181,157,69,162,211,51,165,40,88,127,118,155,75,151,34,169,99,133,62,45,146,30	6,5,0.7395,0,214;5,0,0.0645,0,80;2,4,0.2715,0,213;2,3,0.0525,0,212;2,3,0.5185,1,196;6,3,0.1435,2,211
evidence-temporal-train-01514	0	3	0	209,21,10,36,148,131,88,4,69,205,117,74,20,109,26,183,112,141,124,189,212,52,45,61,193,149,208,97,42,136,93,159,66,84,177,172	3,0,0.8405,0,48;1,2,0.5155,0,181;3,3,0.5395,0,45;1,2,0.1095,0,91;0,3,0.1485,0,12;3,1,0.1665,0,156
evidence-temporal-train-01515	6	3	2	88,151,21,203,42,86,69,117,65,188,57,99,45,108,155,19,36,172,134,156,12,113,1,148,61,139,29,192,174,80,199,193,208,93,141,121	0,2,0.6505,0,217;4,2,0.5095,0,40;8,3,0.2735,0,214;7,4,0.1545,0,214;2,2,0.2625,0,20;0,4,0.6675,0,207
evidence-temporal-train-01516	9	3	0	141,92,104,82,209,8,134,16,160,34,22,149,62,202,45,41,55,117,184,25,109,198,68,171,122,81,155,148,138,152,115,93,215,11,180,69	7,1,0.0245,1,201;0,0,0.3295,0,216;6,4,0.8875,0,152;8,0,0.8605,0,60;7,3,0.7245,0,35;1,4,0.5205,0,159
evidence-temporal-train-01517	2	2	0	180,138,115,166,124,52,117,175,162,9,147,24,108,90,76,40,65,141,93,149,13,71,20,83,58,164,195,36,45,167,164,196,200,130,100,31	8,3,0.8135,3,127;6,2,0.0975,0,214;3,0,0.3205,2,243;3,1,0.5175,0,138;3,2,0.7005,0,40;3,0,0.5255,0,191
evidence-temporal-train-01518	10	1	2	109,34,158,160,10,87,64,127,114,206,174,209,45,141,210,93,146,21,177,169,117,212,40,195,69,26,63,78,130,139,50,9,19,151,89,101	8,0,0.6055,0,229;1,0,0.0605,0,95;1,5,0.1265,0,20;5,5,0.2745,0,191;4,3,0.5505,0,208;6,0,0.7085,0,25
evidence-temporal-train-01519	5	2	0	28,171,69,43,21,208,124,130,206,210,117,154,180,193,17,76,57,60,112,137,149,14,64,107,178,179,46,34,90,102,141,147,93,176,87,4	3,4,0.3595,0,254;3,0,0.7745,1,209;8,2,0.1425,0,153;3,5,0.4995,0,15;5,1,0.1355,0,178;3,0,0.2515,0,77
evidence-temporal-train-01520	3	0	0	85,73,14,152,115,208,149,46,65,69,31,134,181,174,207,102,202,40,96,170,18,60,21,153,173,7,109,52,141,89,145,117,137,124,176,37	6,4,0.5335,0,207;6,3,0.0105,1,47;3,2,0.2475,0,210;0,3,0.2045,3,202;5,3,0.6105,0,78;3,4,0.2245,0,82
evidence-temporal-train-01521	2	1	1	204,82,42,203,117,188,10,21,211,57,137,73,181,5,200,36,141,113,150,146,93,92,128,108,155,98,58,214,19,72,134,30,45,211,67,192	4,0,0.7495,0,70;5,2,0.5065,0,238;8,0,0.6855,3,115;0,0,0.9135,0,129;1,2,0.2495,0,84;7,4,0.3425,0,215
evidence-temporal-train-01522	3	0	2	44,191,21,15,119,51,112,67,141,89,83,164,198,162,46,204,100,17,135,106,121,183,145,70,76,94,25,208,136,4,151,191,211,202,35,62	3,5,0.3215,0,10;0,1,0.8365,1,6;2,4,0.7105,1,80;3,1,0.3115,1,240;3,0,0.0075,2,151;0,5,0.0495,0,67
evidence-temporal-train-01523	7	0	1	90,167,188,194,74,112,199,11,181,1,150,189,137,46,18,160,50,178,22,59,214,100,117,65,145,108,26,157,35,126,131,93,40,87,69,141	0,1,0.4805,1,215;1,1,0.0485,1,175;1,1,0.3115,0,110;1,5,0.5765,0,226;3,2,0.1055,0,64;5,1,0.2625,0,183
evidence-temporal-train-01524	2	2	0	128,149,41,213,13,187,134,35,153,171,155,73,21,137,208,90,93,106,119,172,116,105,83,152,143,30,147,16,60,69,3,45,52,67,190,206	2,3,0.0325,0,32;5,1,0.3955,0,36;3,2,0.7285,0,253;0,1,0.5365,0,1;8,0,0.9615,2,27;7,4,0.2485,2,173
evidence-temporal-train-01525	10	0	2	198,85,75,167,114,151,69,57,130,34,181,42,145,159,169,208,63,27,88,45,196,8,208,141,128,162,117,137,93,99,107,21,200,66,14,20	7,4,0.8965,0,228;2,0,0.5525,0,55;8,5,0.5435,0,141;2,3,0.1225,0,152;2,1,0.4195,0,184;7,0,0.3795,0,165
evidence-temporal-train-01526	0	3	1	135,148,84,188,35,139,7,90,64,161,69,117,58,150,188,25,100,192,206,17,22,212,93,189,174,115,178,45,76,53,110,162,144,124,14,41	6,4,0.2525,1,9;0,1,0.3085,0,128;4,0,0.1475,0,99;3,2,0.5665,0,255;3,4,0.7565,0,120;3,5,0.7775,3,146
evidence-temporal-train-01527	8	3	2	169,69,45,114,30,148,162,136,12,21,162,20,141,110,193,82,159,100,39,90,44,135,93,51,202,196,117,62,7,66,199,151,162,127,155,78	6,2,0.8045,0,44;5,5,0.8295,0,49;2,4,0.5625,0,198;5,0,0.5525,0,22;3,4,0.4945,0,19;6,5,0.0165,0,38
evidence-temporal-train-01528	3	0	0	14,117,149,45,28,159,90,189,73,106,175,176,212,145,21,37,86,126,114,43,152,141,196,18,1,164,97,176,194,67,132,69,50,94,136,60	0,4,0.4945,0,115;3,3,0.7125,0,23;1,2,0.7305,0,123;0,4,0.4095,1,24;0,0,0.5635,0,255;5,2,0.0715,0,240
evidence-temporal-train-01529	1	3	2	136,160,89,148,13,208,156,93,7,35,43,82,184,153,123,163,51,45,180,65,130,101,33,151,75,165,141,108,187,207,114,117,21,18,69,61	6,3,0.5565,0,151;8,1,0.6595,0,34;2,3,0.2235,0,46;2,0,0.3815,0,75;4,2,0.5185,0,79;2,0,0.0175,0,249
evidence-temporal-train-01530	9	1	0	123,39,97,88,174,72,117,192,152,135,93,58,44,21,141,7,106,53,73,192,189,138,146,32,116,169,65,85,17,12,163,207,204,149,158,45	6,2,0.2885,0,52;7,5,0.8105,0,159;4,0,0.3135,3,46;0,3,0.0635,0,241;0,0,0.9475,0,19;2,5,0.4185,0,160
evidence-temporal-train-01531	8	0	0	93,164,185,62,6,69,152,73,15,145,19,21,183,137,27,189,108,164,102,88,132,117,149,51,83,116,205,124,197,141,215,45,37,40,64,194	5,5,0.6905,0,230;2,3,0.0175,0,211;2,4,0.1565,0,54;0,1,0.0085,0,32;5,2,0.8775,0,220;3,2,0.2635,0,113
evidence-temporal-train-01532	10	1	2	173,151,53,167,117,36,170,18,186,41,111,66,115,105,27,203,82,121,130,179,81,69,61,188,21,138,141,11,146,92,214,182,93,6,175,46	5,1,0.4955,0,237;2,2,0.2715,1,104;4,3,0.4365,0,65;8,0,0.9655,0,93;8,5,0.6525,0,97;0,0,0.4905,0,63
evidence-temporal-train-01533	0	3	2	21,190,112,15,67,117,69,91,141,17,213,106,209,151,211,178,133,139,177,210,124,148,102,87,61,51,45,176,40,186,35,81,7,33,201,95	6,5,0.3605,0,196;8,1,0.0015,0,176;2,3,0.7395,0,148;8,5,0.6025,2,195;5,0,0.1445,0,151;3,3,0.7445,0,62
evidence-temporal-train-01534	1	2	0	160,70,149,160,132,45,147,203,123,12,115,117,182,41,17,67,21,76,198,59,99,52,162,26,156,36,90,141,137,84,110,184,154,4,96,189	3,2,0.2245,0,80;1,2,0.2605,0,90;3,1,0.6585,1,21;3,2,0.5115,3,35;2,4,0.6875,0,19;2,2,0.2095,0,158
evidence-temporal-train-01535	2	2	2	132,187,94,198,141,5,24,26,151,100,77,19,58,138,41,69,147,111,159,45,10,34,175,214,52,154,121,64,90,86,180,200,117,177,113,180	4,0,0.6405,3,243;1,0,0.2365,0,106;3,0,0.1955,0,164;4,4,0.4685,1,49;3,5,0.3135,0,44;0,2,0.4245,0,134
evidence-temporal-train-01536	1	0	1	3,211,203,143,145,41,54,155,83,65,196,108,213,208,117,93,162,91,208,129,70,18,13,116,150,135,182,34,33,45,21,78,160,58,101,140	2,3,0.4605,0,237;8,0,0.2235,0,1;5,0,0.2565,1,103;5,1,0.7685,0,251;4,2,0.9135,0,167;8,5,0.8545,2,228
evidence-temporal-train-01537	1	3	0	21,42,12,159,120,172,188,173,68,73,54,175,38,85,183,148,162,137,88,27,141,19,93,5,97,131,69,45,112,109,122,177,178,149,171,59	4,2,0.6745,0,253;2,4,0.5665,0,14;5,1,0.8675,0,147;0,3,0.1805,0,140;0,3,0.0345,3,107;1,1,0.3035,0,50
evidence-temporal-train-01538	1	2	0	45,174,69,159,15,177,206,3,49,123,141,189,93,120,176,35,195,199,188,149,28,135,91,17,114,83,22,140,192,147,99,75,106,61,68,40	2,5,0.3895,1,231;3,1,0.0835,0,106;0,3,0.8765,0,123;2,1,0.6315,0,12;2,0,0.4805,3,49;2,5,0.9935,0,219
evidence-temporal-train-01539	1	3	0	98,173,215,21,63,49,66,93,141,207,45,139,69,4,149,14,189,91,106,153,42,31,124,153,167,115,117,16,86,195,38,170,75,148,130,183	3,4,0.1755,0,68;6,4,0.4465,0,87;0,5,0.5305,0,61;2,4,0.7715,0,95;1,0,0.6015,0,147;3,0,0.7045,0,170
evidence-temporal-train-01540	5	2	0	66,133,198,205,17,164,196,88,127,117,93,41,62,205,45,52,147,2,75,180,108,179,203,69,23,114,149,184,100,84,165,138,36,27,10,141	1,0,0.3075,2,251;2,2,0.2105,0,255;3,4,0.5715,0,181;2,2,0.1845,0,240;3,2,0.5505,0,3;6,3,0.4505,0,66
evidence-temporal-train-01541	8	0	2	127,176,69,199,133,41,163,138,30,4,145,117,93,78,34,151,109,85,184,91,209,20,104,58,143,67,57,115,188,170,188,21,11,212,161,45	3,1,0.8815,0,177;5,0,0.2675,0,20;8,0,0.6565,0,108;5,3,0.7175,0,248;7,3,0.7675,0,100;6,3,0.5415,2,222
evidence-temporal-train-01542	8	3	1	148,67,58,201,152,139,177,39,199,84,21,6,184,103,173,29,52,114,141,126,18,42,177,69,107,194,76,118,150,206,46,15,93,155,92,133	5,5,0.4475,0,85;4,5,0.4305,1,23;3,0,0.7435,0,159;3,2,0.9455,0,155;6,1,0.4735,1,254;5,3,0.6725,0,92
evidence-temporal-train-01543	9	0	1	36,121,186,195,52,88,32,204,192,140,93,8,145,116,200,169,117,66,197,76,150,132,15,107,45,82,141,159,191,69,21,58,97,177,19,42	7,5,0.7485,0,120;7,2,0.5985,0,16;3,0,0.4195,0,48;3,0,0.1665,0,24;0,1,0.9335,0,120;0,2,0.8625,0,197
evidence-temporal-train-01544	5	2	1	17,150,117,113,65,123,177,156,141,63,55,190,69,10,212,191,137,38,46,168,210,92,93,32,86,198,201,41,8,130,147,21,103,79,108,186	7,0,0.2475,0,72;7,4,0.2705,1,182;6,5,0.2715,0,197;6,4,0.9255,0,60;6,2,0.3505,0,7;2,0,0.2785,0,202
evidence-temporal-train-01545	5	3	1	153,1,69,31,166,148,141,45,67,11,161,183,81,126,130,203,111,93,61,209,42,117,207,165,150,55,99,20,137,203,39,84,21,169,115,91	0,1,0.9825,0,165;6,5,0.4055,0,69;6,3,0.6845,0,239;8,2,0.7905,0,20;2,5,0.6785,0,12;5,0,0.2995,0,57
evidence-temporal-train-01546	1	3	1	150,156,132,101,75,31,148,212,45,155,43,93,137,91,160,117,195,36,21,202,200,69,166,187,111,15,86,123,116,59,141,68,164,19,3,51	2,5,0.6915,0,83;6,2,0.7395,0,72;2,1,0.8675,0,41;2,4,0.7205,0,244;4,5,0.9045,0,76;2,2,0.2495,0,155
evidence-temporal-train-01547	6	3	1	166,93,1,86,124,10,39,43,136,21,100,205,69,117,174,175,115,89,53,64,135,155,170,16,191,152,188,148,25,110,141,45,152,62,150,77	0,0,0.0655,0,212;0,5,0.6035,0,121;4,4,0.1365,0,74;4,4,0.2605,0,64;3,4,0.7045,0,99;3,5,0.1765,0,141
evidence-temporal-train-01548	3	0	2	109,145,77,177,141,69,66,88,45,4,117,93,60,132,167,21,188,174,151,137,19,213,199,83,189,197,102,116,35,13,168,184,41,28,52,129	3,3,0.7275,0,4;3,1,0.3975,0,108;3,2,0.4255,0,125;4,1,0.1265,0,225;5,3,0.8475,0,2;8,2,0.2775,0,157
evidence-temporal-train-01549	9	0	0	24,153,97,112,180,93,19,61,117,29,106,149,65,14,215,89,187,168,141,139,205,6,51,156,135,145,157,36,80,46,122,175,69,84,207,41	5,4,0.6145,3,255;4,2,0.3315,1,243;2,3,0.3755,0,205;7,2,0.2315,0,103;0,0,0.1925,0,191;1,5,0.7935,0,14
evidence-temporal-train-01550	10	1	1	141,175,146,107,77,121,39,158,203,53,27,118,69,172,115,40,208,45,21,157,133,68,137,19,209,150,104,93,193,13,89,214,84,195,62,6	5,3,0.7635,0,137;2,5,0.0915,0,228;4,4,0.9075,0,34;4,2,0.2965,0,118;7,1,0.7915,1,179;0,3,0.3835,0,118
evidence-temporal-train-01551	9	3	1	42,35,65,179,51,87,183,75,92,15,48,140,113,21,122,135,141,110,174,150,18,165,8,69,187,102,119,148,167,197,93,58,31,213,168,161	7,5,0.4485,0,119;6,1,0.4995,3,63;2,0,0.2125,0,79;2,5,0.9925,0,104;5,4,0.3605,2,92;1,5,0.9205,0,216
evidence-temporal-train-01552	5	2	0	69,35,28,77,193,45,149,42,90,15,147,50,140,141,183,20,125,152,171,113,208,21,184,207,98,93,133,7,65,117,107,214,85,58,164,212	6,5,0.9335,0,55;3,1,0.4705,0,81;1,0,0.3445,0,24;4,3,0.4475,0,21;1,1,0.2075,0,173;4,3,0.9175,0,39
evidence-temporal-train-01553	0	3	2	74,27,90,40,117,196,202,103,157,69,15,179,18,151,21,124,87,162,160,132,136,68,51,212,187,113,174,93,4,45,38,201,108,60,141,148	3,5,0.5185,0,163;2,4,0.0205,0,184;2,2,0.8525,0,141;1,5,0.5935,0,124;6,2,0.3235,0,192;3,2,0.1265,0,76
evidence-temporal-train-01554	10	3	0	159,4,66,193,181,137,93,90,117,43,148,11,21,109,126,39,69,187,29,214,189,20,62,45,75,184,175,198,210,133,98,149,141,86,115,53	3,1,0.9345,0,97;4,5,0.6765,0,108;4,4,0.5245,0,188;2,4,0.5115,0,48;1,3,0.7715,0,102;5,3,0.3965,0,213
evidence-temporal-train-01555	10	0	0	161,93,45,212,145,1,81,71,185,13,201,208,34,115,19,117,212,133,54,141,86,178,67,182,195,21,91,125,198,105,60,149,43,108,27,137	0,3,0.6765,0,8;2,0,0.6405,0,208;5,2,0.7035,2,1;8,4,0.6415,0,99;8,2,0.6395,0,36;4,3,0.2045,0,166
evidence-temporal-train-01556	5	2	0	167,147,104,88,69,4,183,81,85,106,185,117,116,67,149,25,136,21,55,35,61,93,42,168,211,13,16,47,121,165,161,196,199,180,130,144	3,3,0.1445,0,204;0,1,0.4185,2,14;6,3,0.7245,0,187;8,3,0.0235,0,253;7,0,0.8695,0,193;0,0,0.1245,3,28
evidence-temporal-train-01557	6	2	1	211,173,106,93,45,200,117,97,138,51,207,28,150,13,141,40,130,176,6,191,24,147,72,85,67,186,114,123,215,18,215,34,58,206,73,91	5,3,0.5205,3,98;3,0,0.1675,0,41;2,0,0.7445,3,253;0,3,0.7595,0,67;0,0,0.5905,0,150;2,0,0.5065,0,238
evidence-temporal-train-01558	0	3	1	89,86,139,54,117,76,177,194,68,148,112,18,39,127,172,63,44,160,135,212,21,150,144,109,206,4,12,30,99,47,163,209,186,93,206,70	3,2,0.4445,0,132;5,5,0.8805,2,150;5,5,0.9455,1,127;3,4,0.2225,0,78;2,3,0.0095,0,172;6,5,0.7375,3,160
evidence-temporal-train-01559	9	0	0	135,80,48,112,88,162,142,14,212,128,214,25,43,163,197,16,156,139,21,63,171,204,56,145,108,153,1,98,39,69,67,93,87,205,149,117	0,4,0.1765,0,89;0,5,0.7915,3,49;7,5,0.7765,0,212;7,5,0.1495,0,45;1,2,0.1275,0,54;7,5,0.7205,1,115
evidence-temporal-train-01560	6	0	1	88,139,63,45,66,10,23,182,197,150,86,177,17,134,182,181,145,93,107,27,176,113,165,69,3,40,141,79,35,100,195,166,123,117,49,196	2,0,0.3265,2,110;2,1,0.0845,0,230;0,5,0.4255,0,49;6,4,0.0435,0,246;3,1,0.2115,0,203;2,4,0.7045,0,239
evidence-temporal-train-01561	1	3	2	23,6,113,141,16,151,31,148,117,67,212,193,45,44,201,197,127,165,62,213,139,184,90,131,104,93,172,77,69,51,83,109,161,211,35,12	5,2,0.1895,2,114;6,1,0.9135,0,182;2,4,0.7755,0,121;4,1,0.5605,0,124;7,3,0.2735,0,121;6,1,0.6205,0,152
evidence-temporal-train-01562	1	2	0	93,210,104,35,182,78,70,19,159,44,56,66,3,116,15,45,92,147,138,186,149,179,159,23,27,167,110,82,120,185,128,191,191,141,59,130	2,5,0.6345,2,142;2,1,0.9425,0,199;7,1,0.4075,1,240;5,0,0.8415,0,18;7,4,0.9165,3,177;7,0,0.5285,0,187
evidence-temporal-train-01563	1	0	0	215,61,44,188,103,5,93,145,124,106,21,209,172,65,45,36,115,136,19,186,186,149,73,208,184,71,27,182,86,195,142,12,117,89,130,52	4,2,0.7385,0,128;2,2,0.8385,0,9;3,3,0.3595,2,166;0,4,0.2735,0,93;6,0,0.7105,0,145;3,0,0.0965,1,184
evidence-temporal-train-01564	9	0	0	38,145,92,68,167,58,169,141,105,93,80,172,13,182,206,69,156,176,5,45,21,131,149,16,25,87,124,202,160,52,113,138,117,111,166,43	4,3,0.0545,0,54;0,4,0.6045,0,214;3,0,0.9795,0,58;7,5,0.8685,0,86;8,5,0.3415,0,19;3,1,0.5155,0,86
evidence-temporal-train-01565	5	0	2	145,204,168,23,18,208,107,184,93,82,202,185,69,124,192,141,165,40,11,45,91,104,75,159,25,8,134,34,66,117,61,151,181,136,55,116	7,1,0.5605,2,193;0,0,0.0565,0,161;6,3,0.5645,0,203;2,0,0.7765,0,206;7,1,0.8825,0,215;3,4,0.1965,0,153
evidence-temporal-train-01566	6	1	0	16,94,214,213,67,135,21,141,113,72,7,108,212,104,162,208,83,63,45,177,41,75,149,14,165,91,121,146,36,213,50,137,117,27,199,187	6,4,0.0915,0,144;2,2,0.2985,0,51;1,5,0.7785,3,42;2,1,0.7095,1,212;7,2,0.3125,0,188;0,5,0.2155,0,141
evidence-temporal-train-01567	2	3	1	76,136,1,45,65,82,123,92,213,133,162,69,41,192,150,35,172,27,100,208,63,18,93,113,171,185,118,148,21,180,141,186,10,215,108,54	0,0,0.5735,0,38;2,1,0.2405,0,117;5,5,0.3775,0,14;3,0,0.9235,0,11;3,2,0.2915,1,87;2,3,0.0495,0,198
evidence-temporal-train-01568	8	2	2	52,84,111,21,80,171,166,46,187,92,151,27,147,20,37,207,3,133,165,189,15,122,215,66,203,117,144,43,102,138,93,61,70,180,116,196	2,5,0.8265,0,149;2,3,0.7365,1,53;3,3,0.4015,1,247;7,2,0.9845,0,239;5,5,0.9965,0,145;1,3,0.5285,3,27
evidence-temporal-train-01569	5	2	0	172,82,176,138,118,13,21,41,156,99,159,129,178,202,58,80,37,45,92,202,67,200,19,111,147,149,7,69,156,116,94,28,134,49,141,177	6,3,0.6185,0,140;3,3,0.3545,0,69;0,0,0.6675,0,35;7,0,0.9095,1,178;2,5,0.8365,1,105;8,4,0.4265,0,181
evidence-temporal-train-01570	10	1	2	103,159,129,146,29,192,3,166,60,15,41,89,134,141,165,93,140,87,172,69,21,19,164,107,112,64,204,151,204,73,214,54,37,45,185,117	2,5,0.7115,0,13;4,3,0.2645,0,47;5,2,0.1805,0,40;0,5,0.3605,0,177;6,1,0.0265,0,175;8,4,0.9235,0,87
evidence-temporal-train-01571	0	3	0	16,148,3,149,34,173,201,130,141,82,74,162,88,48,52,32,168,93,123,65,169,153,183,12,107,21,156,206,140,41,59,119,196,69,105,114	2,2,0.0165,0,44;7,0,0.2435,3,255;3,1,0.2185,0,100;1,0,0.1665,0,235;8,1,0.4985,2,239;2,0,0.8415,0,251
evidence-temporal-train-01572	10	0	1	184,12,20,49,112,93,177,164,182,45,145,141,89,61,39,200,85,99,180,157,73,199,138,69,21,203,191,43,33,5,117,150,122,107,134,65	4,2,0.8005,0,138;8,5,0.7925,0,255;0,3,0.3095,0,19;0,3,0.2385,0,220;2,1,0.0155,0,127;1,4,0.4875,0,169
evidence-temporal-train-01573	6	0	1	163,176,118,141,86,71,93,135,106,21,67,145,89,14,98,44,179,164,184,121,116,191,163,46,164,37,59,175,138,19,7,150,190,75,28,52	6,4,0.7785,0,199;3,3,0.9845,1,54;3,1,0.7405,2,134;2,4,0.3285,0,19;1,0,0.9025,1,171;0,5,0.5365,0,98
evidence-temporal-train-01574	6	0	1	184,181,133,141,185,90,185,21,117,73,94,145,161,116,150,128,69,36,31,97,55,68,10,7,201,175,139,193,111,166,84,43,20,45,185,59	6,0,0.8835,0,186;6,2,0.7855,0,76;6,1,0.8545,0,92;0,2,0.4515,1,68;0,5,0.9555,0,190;7,3,0.7335,0,109
evidence-temporal-train-01575	10	0	1	215,170,127,77,21,69,111,30,88,44,14,68,51,117,58,157,155,137,4,114,84,19,150,93,145,185,37,131,204,105,182,153,185,45,141,156	3,4,0.6205,0,114;5,3,0.8565,0,136;2,0,0.9365,0,125;4,2,0.1875,0,253;8,5,0.4045,0,100;6,1,0.3685,0,96
evidence-temporal-train-01576	1	2	2	188,214,158,178,116,11,136,32,102,117,126,45,96,189,41,86,62,16,2,156,178,75,68,34,108,190,89,188,51,155,69,151,132,21,141,147	1,1,0.0705,0,243;7,0,0.2905,0,66;2,4,0.8915,0,123;2,4,0.3135,3,142;5,2,0.8555,0,207;5,2,0.0095,0,4
evidence-temporal-train-01577	6	0	0	13,93,25,6,185,37,19,188,113,188,45,44,159,23,210,207,155,89,214,77,69,106,100,140,57,159,153,149,60,131,145,82,141,117,68,121	5,3,0.6075,2,173;0,3,0.9475,0,105;8,2,0.8495,0,85;4,0,0.3485,0,193;3,0,0.2065,0,86;0,1,0.8165,0,152
evidence-temporal-train-01578	1	3	0	75,69,25,10,210,21,184,60,183,127,1,115,184,171,175,152,99,153,51,89,131,45,39,195,65,173,93,141,40,117,19,149,87,137,148,106	0,0,0.7695,0,44;0,5,0.0945,0,23;2,2,0.2865,0,255;2,5,0.2085,0,79;2,0,0.7495,0,172;6,1,0.3945,0,172
evidence-temporal-train-01579	6	3	0	93,76,113,189,117,64,154,174,178,174,58,69,104,139,35,2,87,16,163,213,149,174,12,42,51,132,203,125,141,88,21,181,110,148,45,25	1,2,0.0125,0,248;0,1,0.5015,0,227;2,0,0.1025,0,132;3,5,0.0805,0,245;7,4,0.3135,0,28;4,2,0.7015,0,196
evidence-temporal-train-01580	5	2	1	10,141,85,164,135,93,36,164,138,158,124,171,147,8,177,179,194,189,113,52,59,65,211,91,69,27,21,45,98,81,150,18,117,41,110,166	7,0,0.5315,0,61;2,2,0.3225,0,57;3,1,0.3055,0,133;8,3,0.7435,0,147;1,4,0.3785,0,27;3,5,0.4675,0,35
evidence-temporal-train-01581	10	3	2	215,82,88,120,126,158,138,28,111,141,153,188,69,21,180,63,173,103,66,191,57,93,151,41,18,77,15,36,113,212,132,165,164,45,7,148	6,5,0.5055,0,164;3,2,0.2195,0,206;8,5,0.5335,0,195;4,0,0.0985,0,8;6,5,0.3045,3,48;5,2,0.4415,0,11
evidence-temporal-train-01582	3	0	0	69,64,181,115,154,74,36,158,167,149,213,60,100,133,11,3,117,42,111,125,164,167,89,145,21,52,45,28,211,137,18,141,196,93,192,83	2,1,0.4635,0,59;3,2,0.4115,0,32;3,2,0.1785,0,179;1,1,0.2465,0,43;3,5,0.7425,0,176;4,3,0.3985,0,226
evidence-temporal-train-01583	0	3	1	150,215,28,63,21,210,213,11,156,133,96,45,188,164,117,188,69,168,52,160,16,7,148,140,112,44,108,75,141,88,84,123,68,211,99,38	6,1,0.0005,0,224;3,4,0.9985,0,127;3,5,0.9605,0,223;2,2,0.0745,3,194;2,2,0.1565,0,101;2,3,0.8225,0,87
evidence-temporal-train-01584	0	3	0	67,31,210,53,182,45,198,149,190,99,148,15,136,141,85,6,69,62,92,214,16,93,23,184,76,37,108,210,194,115,210,131,44,126,117,168	5,5,0.1215,2,181;6,3,0.9385,0,253;4,4,0.7975,0,247;3,3,0.9345,0,249;2,2,0.7185,0,255;5,1,0.1675,0,52
evidence-temporal-train-01585	1	1	0	13,106,197,132,172,69,196,105,168,174,20,65,21,87,170,146,209,156,73,149,38,140,93,58,45,125,117,169,57,141,90,3,41,30,194,116	2,3,0.9325,0,223;5,4,0.3865,0,127;8,0,0.3845,0,255;0,5,0.5025,0,57;8,0,0.8045,0,230;4,2,0.9435,0,65
evidence-temporal-train-01586	3	0	1	45,35,92,86,44,17,199,209,164,26,70,157,215,3,139,62,133,55,145,200,179,64,127,93,81,21,115,160,15,175,141,117,109,100,150,186	2,5,0.3845,0,100;1,1,0.8045,0,131;6,4,0.0355,1,225;8,4,0.9415,0,121;3,3,0.7475,0,251;6,3,0.7315,0,65
evidence-temporal-train-01587	1	1	0	122,181,84,41,98,189,21,205,201,77,117,91,136,34,196,176,146,175,149,3,198,93,55,45,66,26,61,12,174,110,113,17,213,69,135,142	2,2,0.2985,0,162;1,0,0.2995,0,118;6,3,0.5295,0,235;4,2,0.6925,0,103;1,4,0.2965,0,153;1,5,0.0795,1,190
evidence-temporal-train-01588	3	0	1	15,65,106,39,164,45,43,213,212,116,74,69,91,53,145,212,141,20,97,86,117,168,3,58,213,150,28,201,164,188,93,133,124,21,188,139	2,5,0.8275,0,205;3,5,0.6005,0,26;4,0,0.2945,0,246;1,4,0.7825,0,195;0,0,0.9835,0,128;3,3,0.7265,0,103
evidence-temporal-train-01589	9	3	0	144,183,154,42,89,149,130,128,66,170,212,22,162,113,117,191,45,93,210,69,13,172,50,104,4,31,182,63,83,140,35,180,78,110,17,148	3,3,0.2815,1,251;6,1,0.4835,0,245;1,5,0.4745,0,140;5,1,0.3445,0,6;7,4,0.2565,0,97;7,0,0.8375,3,152
evidence-temporal-train-01590	5	1	1	185,196,176,162,117,141,136,86,46,21,78,150,211,106,146,41,68,95,55,200,115,92,13,33,134,213,98,18,196,7,172,126,69,38,63,180	6,3,0.4855,0,13;8,4,0.2095,1,106;6,5,0.8275,0,114;5,4,0.8235,2,235;1,0,0.7345,0,34;5,4,0.0085,0,86
evidence-temporal-train-01591	2	0	2	198,58,197,69,93,92,166,202,138,45,28,113,124,21,165,77,51,107,35,117,41,145,2,192,141,179,65,18,10,99,157,151,134,207,164,84	1,0,0.5485,0,121;3,1,0.2835,0,132;2,0,0.3625,0,42;4,2,0.8935,0,220;2,1,0.2165,0,125;3,4,0.4185,0,154
evidence-temporal-train-01592	2	3	2	159,74,172,165,202,148,12,117,41,7,130,127,82,165,45,169,152,21,70,93,136,166,63,20,36,28,141,112,89,54,65,109,165,97,161,151	6,2,0.8285,0,188;3,2,0.3015,0,40;5,5,0.2445,1,222;1,0,0.2425,0,103;0,3,0.0075,0,33;6,0,0.1885,0,174
evidence-temporal-train-01593	10	1	2	81,141,93,21,154,107,178,14,68,178,146,178,69,171,151,203,98,34,116,121,86,27,157,9,181,91,45,117,53,130,140,16,43,191,179,58	8,4,0.0005,0,134;2,0,0.7925,0,141;4,0,0.8115,0,253;8,4,0.6865,0,33;1,1,0.9195,0,30;0,0,0.9535,0,156
evidence-temporal-train-01594	1	0	0	14,76,214,152,183,97,130,141,69,39,118,89,8,145,94,123,57,149,87,137,112,172,106,16,64,63,192,162,45,21,28,176,198,172,40,181	7,4,0.0865,0,154;3,5,0.0925,0,139;8,5,0.1355,0,59;3,5,0.2035,1,33;0,0,0.0275,1,189;2,0,0.2245,0,191
evidence-temporal-train-01595	8	3	1	144,89,180,21,69,185,112,117,45,6,170,93,18,58,148,171,14,109,215,54,65,40,76,35,125,170,195,101,28,150,137,179,157,134,82,205	5,4,0.4945,0,119;3,1,0.0495,0,209;5,0,0.2035,0,234;3,0,0.2225,0,15;4,3,0.1245,0,44;4,4,0.3815,3,170
evidence-temporal-train-01596	1	3	0	160,148,51,27,117,156,11,19,165,24,99,154,113,163,133,149,45,93,60,137,164,187,92,121,109,193,80,85,193,198,36,69,43,68,4,141	3,1,0.7665,3,210;2,2,0.7885,0,82;2,2,0.8535,0,133;7,3,0.8295,0,47;2,3,0.2085,0,94;0,3,0.3145,0,49
evidence-temporal-train-01597	10	3	1	167,20,164,157,137,98,14,60,77,212,117,23,191,106,141,93,211,171,129,114,183,215,130,52,90,87,28,203,148,38,9,64,150,43,45,69	8,4,0.8595,2,207;3,4,0.7025,0,147;3,2,0.0935,0,226;4,5,0.4495,0,247;1,0,0.5795,0,90;8,0,0.3085,0,225
evidence-temporal-train-01598	7	0	2	177,210,92,45,93,116,79,179,122,100,39,69,208,134,21,66,188,87,195,202,27,145,178,17,50,63,155,43,174,10,140,117,141,4,151,107	3,0,0.2315,0,178;2,5,0.6795,0,104;1,5,0.4265,0,208;6,5,0.9115,0,110;3,1,0.8145,0,141;1,4,0.9665,0,42
evidence-temporal-train-01599	5	1	2	167,109,15,79,176,20,146,58,21,159,208,27,55,68,101,123,40,140,187,82,132,201,116,93,141,160,91,199,151,69,7,38,48,193,117,153	6,5,0.8215,0,253;2,4,0.0565,3,36;6,0,0.8795,0,3;6,0,0.6395,0,62;4,3,0.9905,0,14;2,2,0.9635,0,246
evidence-temporal-train-01600	7	3	1	167,57,162,150,160,48,84,38,112,117,1,70,207,141,169,93,92,40,59,168,108,152,12,99,21,148,207,213,136,74,176,17,133,65,126,30	0,2,0.2335,0,127;5,4,0.1225,3,84;8,1,0.3575,1,80;1,2,0.8645,0,103;2,2,0.0835,0,142;5,3,0.1705,0,66
evidence-temporal-train-01601	1	0	0	13,69,202,27,132,117,62,139,80,208,37,21,65,124,166,85,1,145,183,186,16,149,101,184,198,141,158,207,42,108,55,114,89,94,45,162	0,3,0.0445,0,99;2,3,0.4545,0,27;6,4,0.3245,0,185;7,3,0.2735,1,113;4,2,0.4205,0,38;3,2,0.7205,0,135
evidence-temporal-train-01602	5	3	1	117,106,93,64,79,144,162,121,21,195,12,61,90,132,69,208,100,207,45,85,175,20,195,150,186,148,44,137,205,29,49,192,210,116,34,9	8,2,0.9675,0,200;4,0,0.9765,0,97;0,3,0.1705,0,78;6,3,0.4125,0,222;3,0,0.9505,0,215;0,2,0.3775,3,3
evidence-temporal-train-01603	10	0	0	40,154,78,162,134,109,209,172,58,145,85,169,69,171,4,11,181,149,89,163,19,21,115,39,45,105,168,65,155,138,29,96,125,50,117,144	3,1,0.7555,0,77;4,5,0.1565,0,205;1,0,0.2965,0,255;5,3,0.2305,3,203;8,3,0.7255,0,62;4,4,0.4715,3,98
evidence-temporal-train-01604	5	0	2	18,10,155,116,22,117,69,141,136,8,133,183,205,93,180,145,210,180,45,190,101,27,43,34,66,207,92,59,79,51,85,156,108,151,215,129	7,0,0.5455,1,15;2,0,0.7535,0,32;2,1,0.5135,0,11;6,3,0.8105,0,241;4,2,0.8395,0,250;8,3,0.1895,0,22
evidence-temporal-train-01605	8	0	2	141,101,145,152,172,197,88,117,161,66,128,133,167,60,54,186,18,4,151,106,45,186,169,69,113,137,41,38,32,24,77,87,93,13,200,198	3,3,0.5385,3,85;7,4,0.3835,0,155;5,2,0.4625,0,10;4,5,0.0295,0,12;4,0,0.3865,0,200;7,3,0.2335,0,252
evidence-temporal-train-01606	9	1	1	21,167,139,12,106,90,80,174,192,39,215,5,191,93,150,177,141,69,102,66,32,123,116,146,55,213,87,44,117,46,58,19,130,196,210,190	4,2,0.7955,0,23;7,5,0.9435,1,49;6,0,0.4165,0,30;7,5,0.4365,0,140;5,0,0.8735,0,203;2,0,0.7555,0,87
evidence-temporal-train-01607	0	3	1	65,87,213,8,214,90,40,134,53,150,36,141,206,148,154,47,25,163,113,99,76,93,119,177,19,58,123,137,108,213,190,21,170,69,214,15	7,5,0.7885,0,121;0,2,0.1615,2,235;4,0,0.3675,0,53;3,5,0.4155,0,250;2,2,0.3915,2,87;2,4,0.3875,0,99
evidence-temporal-train-01608	7	2	0	195,108,183,10,18,93,47,186,159,29,54,90,36,114,40,185,190,167,210,136,141,193,165,149,129,117,59,7,132,98,23,147,74,68,71,86	6,0,0.4305,2,98;4,2,0.0455,2,64;5,1,0.8735,2,136;1,4,0.5775,0,108;1,2,0.4255,0,249;8,2,0.1405,0,155
evidence-temporal-train-01609	1	3	1	100,66,112,27,75,198,134,167,148,150,69,86,24,141,52,183,45,94,6,207,199,126,44,206,117,160,176,137,58,17,14,205,89,35,185,111	5,4,0.2915,3,31;2,1,0.8555,0,217;3,0,0.5855,0,10;2,4,0.3425,1,82;3,5,0.1755,0,129;5,4,0.3825,0,50
evidence-temporal-train-01610	10	0	1	194,101,65,212,204,117,161,93,173,163,41,8,61,140,129,38,111,150,141,133,25,190,21,11,176,145,51,18,80,45,69,180,88,82,211,113	7,1,0.4155,0,208;0,4,0.2685,0,32;2,3,0.2785,0,8;7,0,0.1985,0,161;4,5,0.2685,0,17;8,3,0.8905,0,236
evidence-temporal-train-01611	5	2	1	93,91,139,37,28,74,180,135,172,199,188,202,45,98,197,190,207,141,172,124,147,82,21,69,111,64,49,117,16,159,150,14,4,44,116,59	3,4,0.1375,0,161;3,3,0.9985,0,228;0,1,0.0925,0,56;1,0,0.7715,0,58;1,5,0.8795,0,1;3,5,0.6675,0,111
evidence-temporal-train-01612	1	3	1	199,157,27,39,161,68,18,150,14,117,115,45,53,139,23,127,181,210,174,69,44,185,109,186,205,209,141,148,135,104,81,90,93,59,83,2	1,4,0.4935,2,230;2,5,0.8395,0,111;4,1,0.8065,0,149;8,1,0.4365,0,231;7,3,0.6995,0,106;6,5,0.7475,0,40
evidence-temporal-train-01613	2	0	1	212,82,3,48,130,40,58,30,16,152,23,195,205,66,73,194,194,138,160,150,141,105,69,124,117,51,171,111,209,189,13,145,91,36,93,113	2,3,0.0435,2,193;5,2,0.1905,3,180;2,0,0.4785,0,187;0,0,0.6525,0,24;8,5,0.3025,0,217;3,0,0.5865,0,204
evidence-temporal-train-01614	5	3	1	212,187,79,10,113,90,137,117,150,43,99,87,21,210,31,213,197,65,190,164,107,39,143,148,19,191,93,160,131,9,175,51,45,72,128,58	8,0,0.7715,0,5;6,5,0.7835,0,129;2,0,0.3755,3,21;6,5,0.4215,0,33;2,1,0.2615,0,213;7,1,0.3225,2,68
evidence-temporal-train-01615	6	1	2	46,130,215,11,75,112,204,176,59,161,180,88,32,21,141,159,44,151,16,38,8,83,50,140,117,121,152,178,71,108,65,206,172,93,146,97	7,1,0.1095,0,53;7,4,0.9705,1,110;1,1,0.3095,2,2;2,1,0.0175,0,59;0,2,0.1135,0,38;0,0,0.8565,0,81
evidence-temporal-train-01616	1	1	2	18,191,184,21,168,112,177,39,101,107,93,171,9,75,92,123,117,151,63,134,40,173,45,11,146,25,64,176,170,158,87,171,144,51,71,136	8,1,0.4245,0,11;0,5,0.0945,0,101;2,5,0.1135,2,22;2,5,0.9375,0,241;4,1,0.0065,0,65;2,4,0.0785,3,206
evidence-temporal-train-01617	0	3	0	45,170,21,92,75,18,171,132,160,66,100,208,172,156,206,44,82,35,141,69,198,149,168,60,4,106,124,138,114,160,117,30,15,148,93,57	3,5,0.4245,0,234;5,1,0.8475,0,145;8,2,0.4475,0,220;2,0,0.9335,0,83;3,0,0.4135,0,108;3,2,0.5485,0,205
evidence-temporal-train-01618	6	2	0	147,117,133,129,149,155,45,166,73,52,35,102,177,167,12,115,18,69,90,25,3,190,202,85,43,61,195,21,166,110,139,93,215,141,65,185	2,2,0.4955,0,159;0,1,0.6085,0,211;3,3,0.3395,0,63;0,3,0.4815,0,63;5,4,0.6945,0,135;8,3,0.6735,0,147
evidence-temporal-train-01619	5	1	1	109,78,90,93,168,84,103,116,175,2,117,144,146,44,214,173,54,128,205,208,16,21,137,174,37,47,33,185,62,130,65,150,69,182,12,153	1,2,0.0195,0,190;8,3,0.9675,2,206;5,4,0.3015,0,89;5,2,0.5285,0,118;6,3,0.8565,0,199;7,0,0.2175,3,230
evidence-temporal-train-01620	6	3	2	117,21,91,202,58,148,74,4,137,203,51,30,97,133,189,167,19,198,10,41,69,111,93,48,178,82,39,192,210,114,155,212,66,151,141,127	3,0,0.6025,0,80;5,5,0.3425,3,100;2,0,0.5265,0,16;1,0,0.6025,0,236;0,5,0.5205,0,182;6,3,0.2005,0,111
evidence-temporal-train-01621	1	3	1	4,21,38,77,69,105,66,132,42,211,109,210,148,83,93,51,168,198,11,91,214,196,63,121,213,116,120,157,138,141,32,153,45,17,150,182	3,1,0.2995,0,119;7,4,0.4845,0,112;2,5,0.4105,0,83;4,1,0.6305,0,202;8,3,0.9795,3,149;0,2,0.5475,0,118
evidence-temporal-train-01622	3	0	1	150,174,165,28,44,141,164,91,45,68,69,49,4,173,21,136,62,108,145,78,13,135,93,117,203,19,116,191,98,129,183,82,164,156,36,169	3,3,0.7195,0,134;3,2,0.9265,0,199;0,4,0.8365,0,138;5,0,0.7545,0,105;1,2,0.8895,0,207;8,5,0.1295,0,181
evidence-temporal-train-01623	0	3	0	135,94,38,141,192,136,81,191,100,13,3,202,206,162,109,204,17,149,166,166,114,45,91,56,21,191,43,66,63,148,69,208,87,117,28,124	2,3,0.2995,0,50;3,4,0.6055,0,161;7,5,0.5575,0,136;8,5,0.6595,1,24;3,3,0.4485,0,113;3,5,0.0795,0,66
evidence-temporal-train-01624	8	2	0	153,86,191,64,18,202,93,152,89,185,78,120,214,10,112,45,202,105,149,69,62,56,204,42,3,138,108,130,21,172,37,143,189,147,30,129	2,0,0.5275,0,198;5,3,0.4685,0,109;7,4,0.1855,0,212;5,4,0.2435,0,216;8,2,0.1935,3,79;8,0,0.4945,2,84
evidence-temporal-train-01625	1	0	2	31,3,193,133,51,138,21,15,58,201,19,162,69,87,160,163,177,185,110,66,145,34,151,93,211,120,115,187,76,44,45,102,141,90,127,168	2,5,0.7375,0,136;6,0,0.8435,0,2;2,0,0.5675,0,93;3,5,0.4885,0,84;5,4,0.6635,3,150;6,3,0.4445,0,126
evidence-temporal-train-01626	5	2	1	36,134,147,150,4,170,66,206,141,181,15,110,215,62,97,166,198,96,115,41,124,18,211,21,85,203,188,56,75,117,192,26,47,69,136,90	3,5,0.4645,0,142;1,2,0.3845,2,125;7,4,0.5565,0,216;2,3,0.5525,3,190;0,4,0.6555,0,145;3,4,0.0405,0,216
evidence-temporal-train-01627	5	2	0	208,187,147,91,106,69,59,156,185,136,132,156,19,180,93,141,28,99,4,114,118,166,77,126,149,14,21,164,38,84,178,44,67,203,54,45	3,4,0.6855,0,237;3,4,0.9775,0,181;5,1,0.7935,0,212;4,2,0.6475,0,37;2,0,0.5655,1,227;5,2,0.0915,0,30
evidence-temporal-train-01628	5	2	2	199,215,52,167,7,45,135,16,40,151,154,147,129,93,34,15,156,64,76,117,137,192,84,206,113,32,109,92,21,97,141,207,69,59,156,166	6,5,0.1045,0,225;7,0,0.1295,0,93;3,1,0.0435,0,88;3,2,0.8145,0,232;0,3,0.2455,0,76;8,5,0.3535,0,146
evidence-temporal-train-01629	5	2	2	147,155,69,19,45,79,151,134,28,107,190,137,123,204,117,14,4,144,21,155,182,84,89,100,185,57,93,65,40,112,182,203,37,214,168,61	3,4,0.6995,0,73;3,3,0.0745,0,54;8,3,0.2405,0,101;6,2,0.3455,0,22;3,1,0.1155,0,44;2,4,0.3955,3,146
evidence-temporal-train-01630	3	0	1	21,4,182,67,168,186,168,106,127,88,31,214,40,56,156,34,73,45,137,12,86,62,93,115,69,153,199,150,100,134,180,20,117,141,145,204	3,2,0.9165,0,125;6,0,0.0585,0,59;7,4,0.7265,0,189;0,4,0.0025,0,171;3,0,0.6215,0,81;6,4,0.2415,0,94
evidence-temporal-train-01631	6	0	2	114,84,61,89,14,76,93,130,204,21,16,201,68,163,121,140,163,109,213,119,35,42,145,28,209,141,49,213,151,105,172,204,183,9,45,69	8,4,0.1935,0,46;3,1,0.4905,0,92;0,3,0.9615,0,37;3,2,0.3905,0,35;8,3,0.4565,2,117;0,0,0.8345,0,110
evidence-temporal-train-01632	5	2	1	44,144,182,114,28,106,93,166,178,138,131,57,45,58,166,123,204,150,100,21,66,14,117,35,19,73,147,163,89,186,7,205,177,177,69,83	6,4,0.6655,0,104;3,1,0.9655,0,212;8,0,0.5995,0,230;0,1,0.2505,0,210;3,0,0.4095,0,225;2,1,0.4165,3,247
evidence-temporal-train-01633	1	0	2	197,8,211,12,45,151,70,209,133,141,211,211,21,103,75,40,127,93,55,193,92,61,87,25,19,67,171,176,39,109,156,145,117,212,140,112	7,2,0.6185,0,224;0,5,0.0165,0,121;6,3,0.6145,1,81;2,5,0.9285,0,27;6,3,0.0975,0,20;6,3,0.8465,0,85
evidence-temporal-train-01634	10	3	2	212,90,214,28,54,189,67,178,141,18,60,1,133,93,202,174,37,98,139,77,11,148,71,42,109,115,207,192,207,45,87,128,21,118,151,215	0,1,0.4315,0,91;3,3,0.4625,0,161;5,2,0.6355,2,253;4,5,0.4945,0,19;1,3,0.6225,1,226;7,3,0.7215,0,205
evidence-temporal-train-01635	6	0	1	47,11,138,66,63,207,55,116,40,93,25,135,145,126,111,117,159,82,3,192,21,17,205,165,150,89,165,75,203,196,143,190,69,97,194,34	2,1,0.2405,0,64;0,0,0.0245,2,127;6,5,0.4095,0,117;2,0,0.3795,0,199;0,5,0.9885,0,46;5,5,0.5825,2,54
evidence-temporal-train-01636	7	2	1	184,93,124,172,16,45,88,116,76,42,209,202,109,135,69,140,173,83,98,164,150,60,68,176,37,21,8,213,215,117,15,31,50,147,142,191	7,5,0.0635,0,223;6,3,0.4665,0,176;1,2,0.8725,0,5;3,1,0.1885,0,225;1,3,0.9085,0,42;3,5,0.8855,1,157
evidence-temporal-train-01637	7	2	2	139,163,158,83,44,63,185,50,45,188,112,151,21,176,88,132,93,120,109,141,102,19,69,5,32,209,14,202,162,124,170,191,147,34,68,77	4,4,0.6955,0,81;7,0,0.9675,0,212;1,5,0.8095,0,5;4,1,0.0735,0,83;5,3,0.0245,3,17;3,2,0.7255,0,11
evidence-temporal-train-01638	1	3	2	141,4,194,23,176,96,160,67,78,55,139,123,205,111,85,118,69,58,183,18,98,113,89,42,48,11,179,148,212,26,189,151,177,36,133,197	3,1,0.5415,2,184;1,2,0.4255,3,192;6,0,0.6795,0,222;5,3,0.3715,3,240;1,5,0.2905,1,11;2,3,0.6895,0,213
evidence-temporal-train-01639	10	3	1	102,192,29,60,198,193,89,21,150,210,124,213,188,39,80,3,14,194,139,116,45,87,16,163,64,167,134,56,148,107,173,142,117,44,69,93	2,4,0.0535,0,30;4,5,0.9515,0,27;7,2,0.1595,0,52;7,5,0.3165,0,205;5,1,0.9745,0,96;3,4,0.7655,1,139
evidence-temporal-train-01640	1	3	2	10,173,16,183,170,58,120,210,213,69,201,94,34,40,102,148,49,45,7,141,165,151,179,134,21,111,64,86,212,190,27,92,78,113,123,139	6,0,0.1295,0,227;2,0,0.1025,0,214;0,0,0.0715,0,37;5,4,0.8975,1,50;5,5,0.2995,3,167;2,4,0.6175,0,144
evidence-temporal-train-01641	6	3	1	43,16,174,140,190,110,181,87,116,117,52,34,150,5,178,97,93,182,31,72,79,47,148,59,23,196,91,14,141,157,186,121,132,160,160,65	4,4,0.1985,2,201;6,0,0.7435,2,246;3,1,0.2975,3,76;6,5,0.7535,0,254;0,4,0.9155,0,73;0,2,0.9695,0,188
evidence-temporal-train-01642	3	0	0	41,52,140,145,190,130,3,20,69,203,191,191,213,143,213,152,26,88,112,93,66,37,162,149,74,45,160,12,84,107,117,100,23,124,193,60	2,2,0.8565,2,6;1,3,0.3565,0,72;3,2,0.4015,0,236;1,2,0.1055,0,240;3,1,0.1185,0,68;3,0,0.9075,2,159
evidence-temporal-train-01643	8	3	2	211,151,63,91,93,148,78,198,100,24,206,162,133,175,136,116,173,119,209,64,109,20,156,51,44,27,70,14,45,83,4,141,155,124,190,34	3,4,0.8625,3,238;2,0,0.9635,0,73;2,5,0.0835,1,118;5,1,0.6155,0,194;3,3,0.8815,2,33;3,3,0.1065,0,242
evidence-temporal-train-01644	3	0	2	62,26,88,178,179,87,52,96,11,45,131,69,189,151,177,74,158,126,40,111,114,117,36,67,141,21,145,4,215,102,136,183,188,164,178,20	3,1,0.8875,0,233;1,2,0.0955,0,77;3,4,0.6015,0,101;1,5,0.0325,3,252;5,5,0.4285,0,117;5,1,0.1125,0,40
evidence-temporal-train-01645	7	0	2	122,194,115,18,25,65,206,120,90,158,162,69,141,145,107,138,210,172,41,5,62,21,37,103,45,77,93,200,82,133,12,199,52,154,151,179	4,2,0.4725,0,197;0,3,0.2965,0,87;3,4,0.3915,0,250;4,0,0.5145,0,247;6,1,0.7065,3,54;1,3,0.5175,0,37
evidence-temporal-train-01646	0	3	0	82,199,100,162,11,93,89,17,51,21,200,106,116,117,135,60,39,64,141,44,75,4,157,202,182,208,72,154,129,149,192,148,136,28,162,45	3,1,0.3185,0,102;3,5,0.9245,0,115;2,2,0.1775,3,112;2,0,0.2225,0,39;3,0,0.9735,0,95;8,5,0.1715,0,239
evidence-temporal-train-01647	2	3	1	72,59,199,93,42,91,21,201,202,116,191,214,141,106,46,27,187,152,17,184,83,98,68,10,150,124,8,36,148,195,117,130,78,137,55,209	7,0,0.2205,0,197;2,2,0.4875,1,119;6,1,0.8275,3,21;5,1,0.7145,0,188;1,0,0.8785,0,107;3,0,0.3725,0,252
evidence-temporal-train-01648	1	0	0	126,37,25,113,14,64,41,45,187,145,202,156,149,136,93,75,86,100,21,158,91,134,199,63,107,52,187,117,141,6,163,175,196,197,16,69	5,4,0.0705,0,125;0,3,0.2545,0,62;3,5,0.0105,0,51;2,4,0.6545,0,150;3,1,0.3685,0,197;5,4,0.1385,0,0
evidence-temporal-train-01649	5	2	2	69,166,178,186,170,124,135,56,76,61,141,38,160,66,147,188,175,117,21,138,13,84,93,90,41,154,20,185,48,182,113,7,110,99,151,28	6,3,0.9195,0,12;3,4,0.3905,3,184;7,3,0.4175,0,142;3,2,0.5665,0,83;2,4,0.3685,0,168;3,5,0.5935,0,86
evidence-temporal-train-01650	1	2	0	4,147,155,149,35,177,49,138,210,161,99,117,176,59,15,66,141,129,133,188,27,109,21,69,93,190,41,113,45,198,189,86,75,212,89,16	3,5,0.1175,0,156;2,1,0.3535,0,184;0,1,0.5855,0,195;2,4,0.3135,0,65;2,3,0.3285,0,89;8,3,0.4705,0,69
evidence-temporal-train-01651	8	0	1	177,16,54,110,170,69,82,136,178,34,26,68,141,150,24,190,145,1,88,45,103,158,173,60,204,93,124,41,135,115,120,81,182,10,164,184	0,0,0.1205,3,229;1,0,0.2475,0,215;5,2,0.9275,0,224;8,0,0.1545,0,221;6,4,0.6005,3,238;3,5,0.1685,0,23
evidence-temporal-train-01652	10	1	1	40,117,131,173,93,11,215,113,45,172,89,146,192,21,111,3,86,105,74,139,30,165,187,192,20,141,177,207,57,125,64,69,39,59,197,150	2,1,0.8425,0,78;5,5,0.0745,0,114;8,1,0.0245,0,87;1,4,0.3405,0,244;8,5,0.2285,0,20;4,1,0.7425,0,250
evidence-temporal-train-01653	5	2	2	62,152,147,207,3,109,55,24,215,118,95,67,151,171,214,183,183,69,13,141,113,34,192,159,128,87,44,19,77,132,140,48,102,88,33,210	2,3,0.6615,3,198;8,0,0.8895,3,128;6,4,0.6935,0,214;4,5,0.0085,2,126;5,3,0.3415,1,27;7,2,0.8505,0,231
evidence-temporal-train-01654	5	2	0	63,115,188,104,28,91,172,106,130,20,79,167,67,136,23,38,52,45,149,117,160,204,199,142,41,15,169,6,126,179,86,69,163,147,206,93	5,5,0.8635,2,224;3,4,0.2635,0,202;3,5,0.6595,0,80;6,4,0.7665,0,240;7,0,0.6105,0,201;5,0,0.1355,1,255
evidence-temporal-train-01655	6	3	1	121,88,37,100,113,19,203,70,163,133,141,159,179,211,58,161,117,139,52,106,45,189,168,15,3,148,76,93,150,29,155,85,42,155,66,21	2,5,0.6105,0,193;4,3,0.4385,0,74;3,0,0.4305,1,215;3,3,0.0805,0,76;3,0,0.2855,0,110;0,3,0.6815,0,50
evidence-temporal-train-01656	10	3	0	16,83,78,94,69,141,160,114,165,137,57,207,209,159,108,101,149,38,148,27,125,165,117,21,46,9,163,173,131,68,43,58,90,14,165,166	8,4,0.0215,0,100;2,4,0.6005,1,45;8,0,0.9145,0,120;5,1,0.4385,1,184;4,2,0.4095,0,24;4,1,0.3425,0,81
evidence-temporal-train-01657	5	2	2	27,111,186,85,93,139,147,115,154,133,69,36,20,44,161,3,167,191,162,62,120,175,79,151,66,129,52,11,100,141,211,186,186,89,48,21	2,1,0.9445,0,156;2,2,0.9635,3,81;3,4,0.5565,0,3;6,3,0.3205,0,185;3,5,0.7825,3,212;8,3,0.7115,0,112
evidence-temporal-train-01658	3	0	0	74,38,159,182,162,114,62,211,49,42,107,157,166,20,144,4,93,120,84,88,69,165,136,124,66,31,12,21,133,181,149,99,45,205,176,145	3,2,0.8245,0,237;6,4,0.5395,0,187;0,4,0.4395,0,110;1,2,0.1265,0,210;2,1,0.4845,3,172;3,3,0.1425,3,202
evidence-temporal-train-01659	8	1	1	6,109,63,146,84,70,65,187,150,19,113,117,199,27,123,165,21,171,130,141,138,153,93,10,159,78,200,179,48,103,92,37,178,57,158,42	5,0,0.6185,0,47;2,3,0.5655,3,13;8,5,0.3805,1,58;5,2,0.8385,0,124;6,3,0.3015,0,8;2,0,0.4855,0,218
evidence-temporal-train-01660	2	2	2	30,102,42,177,161,67,61,21,35,158,116,117,201,151,94,20,133,79,144,52,147,11,108,72,48,185,195,187,91,159,4,127,137,83,162,196	3,1,0.8395,0,222;5,1,0.5145,3,228;3,3,0.6205,3,110;6,1,0.7335,1,52;5,2,0.8435,0,103;6,3,0.2125,3,38
evidence-temporal-train-01661	5	2	1	141,45,170,147,59,157,93,100,117,69,8,31,113,188,214,75,16,154,82,36,215,123,133,157,215,180,109,90,138,150,185,49,12,66,23,43	7,2,0.0305,2,86;6,2,0.6955,0,88;0,1,0.4665,0,229;2,0,0.4305,0,92;3,3,0.2405,0,180;2,3,0.4975,0,253
evidence-temporal-train-01662	0	3	1	111,65,162,188,138,117,38,200,60,27,45,105,7,124,56,17,196,114,93,134,23,141,88,184,150,215,69,13,41,188,75,148,173,157,195,86	6,3,0.2725,2,140;2,4,0.2625,0,194;7,2,0.2885,0,40;2,4,0.0275,0,129;8,5,0.4415,0,237;3,4,0.5905,0,213
evidence-temporal-train-01663	2	1	2	159,21,71,99,205,39,141,152,133,205,14,3,164,146,16,125,30,59,46,206,92,175,204,84,137,152,80,66,93,151,116,108,40,117,55,162	2,4,0.1375,0,63;5,5,0.1475,1,139;6,1,0.4645,2,243;7,2,0.8235,0,6;2,2,0.8365,0,191;4,3,0.2205,0,62
evidence-temporal-train-01664	10	3	1	45,141,210,86,109,37,126,81,9,88,148,10,130,101,55,200,184,32,212,206,70,174,21,137,202,64,58,170,150,43,95,116,208,18,171,117	8,0,0.4085,0,95;7,3,0.7005,0,174;6,0,0.0185,1,160;8,4,0.0665,2,231;4,3,0.9965,0,202;5,0,0.3025,0,174
evidence-temporal-train-01665	10	2	1	64,202,125,21,105,58,117,206,147,176,87,152,140,28,15,93,150,201,179,106,52,187,35,155,69,78,16,88,134,115,156,141,44,48,170,1	0,5,0.1555,0,1;3,1,0.9755,3,251;3,0,0.0245,0,15;5,5,0.0385,0,38;8,0,0.6525,0,220;4,4,0.9835,0,220
evidence-temporal-train-01666	10	2	2	214,172,204,137,212,160,93,43,175,113,209,21,171,151,177,125,20,14,45,143,158,135,89,117,69,58,109,9,102,26,55,84,76,147,64,39	8,4,0.8365,0,86;1,5,0.6435,0,137;6,0,0.1635,0,115;3,2,0.2085,0,121;5,3,0.3375,0,174;4,5,0.3735,2,48
evidence-temporal-train-01667	9	0	1	198,45,169,145,166,154,34,111,139,193,130,26,21,123,212,96,194,150,75,163,114,65,4,60,215,19,84,104,185,141,11,49,71,89,43,117	3,1,0.6655,0,216;1,0,0.6765,0,82;0,2,0.2105,2,223;2,2,0.3175,3,159;7,5,0.4655,0,208;2,0,0.7355,0,62
evidence-temporal-train-01668	1	2	0	164,27,10,117,158,162,17,113,21,143,46,133,188,58,93,69,5,170,82,99,68,49,37,109,88,140,169,41,149,81,129,164,158,147,209,189	4,0,0.2455,0,54;2,3,0.3885,1,52;0,0,0.9505,0,218;8,0,0.1695,0,85;2,3,0.3675,0,94;8,3,0.9745,2,221
evidence-temporal-train-01669	0	3	2	212,65,180,213,88,93,69,83,134,21,6,48,40,156,189,124,182,165,151,102,34,28,79,108,117,60,16,139,52,148,162,141,116,190,204,15	5,5,0.1145,0,23;3,0,0.0535,3,62;3,2,0.2095,0,54;6,1,0.1355,0,208;5,2,0.8595,0,93;3,4,0.7825,0,107
evidence-temporal-train-01670	1	2	0	35,90,115,22,184,5,69,117,85,175,15,197,176,205,27,51,43,75,66,204,149,48,147,124,130,60,93,19,99,141,207,207,108,138,156,186	4,5,0.6915,1,61;2,1,0.7025,3,8;2,2,0.4055,0,4;2,3,0.5625,0,169;2,2,0.7435,0,137;3,0,0.5025,0,2
evidence-temporal-train-01671	7	3	2	122,92,141,215,23,137,85,190,193,45,18,158,151,117,156,57,12,42,112,185,198,171,99,8,74,29,156,135,66,93,69,109,58,148,191,37	7,2,0.4775,2,130;4,3,0.5745,0,145;8,0,0.4685,0,59;1,3,0.8695,0,95;2,3,0.1425,0,2;1,5,0.3315,0,16
evidence-temporal-train-01672	7	3	1	69,48,166,100,21,59,150,197,10,117,134,107,152,52,194,199,74,185,36,143,86,3,64,18,174,175,91,148,201,93,113,177,41,30,124,139	2,0,0.4805,0,135;5,2,0.2535,3,190;3,1,0.0815,0,185;1,4,0.6735,0,49;3,1,0.2385,0,225;3,4,0.6475,2,13
evidence-temporal-train-01673	6	2	1	132,110,162,93,175,202,11,59,166,90,147,39,51,154,141,21,200,45,1,18,185,117,124,73,139,156,66,29,163,150,113,42,69,99,175,87	0,1,0.4205,0,182;4,5,0.5785,0,254;2,1,0.5765,0,89;0,5,0.5295,0,24;2,4,0.2005,0,212;3,2,0.6615,0,205
evidence-temporal-train-01674	5	0	0	112,52,12,141,202,65,136,145,161,26,132,117,210,149,45,193,24,103,179,19,93,40,79,85,163,160,153,62,35,171,121,69,9,111,159,91	8,2,0.7085,3,25;1,1,0.0935,0,254;3,4,0.3635,0,69;6,3,0.7065,0,50;6,5,0.1865,0,211;0,2,0.1175,0,158
evidence-temporal-train-01675	1	0	2	160,113,40,144,93,176,134,175,145,117,124,212,171,181,151,189,206,61,169,23,15,108,69,38,7,138,82,64,78,99,48,192,25,57,20,90	6,5,0.9205,2,91;0,4,0.0945,3,130;8,3,0.0995,0,181;5,0,0.4935,0,250;2,2,0.3675,0,60;3,4,0.4315,3,0
evidence-temporal-train-01676	5	2	1	83,36,117,169,150,199,137,200,69,134,165,201,59,161,42,141,123,214,92,113,28,190,51,5,99,186,17,21,147,169,93,13,76,110,64,45	4,3,0.3405,0,194;3,2,0.4675,0,134;2,1,0.0235,0,250;3,1,0.9425,0,3;2,4,0.2245,0,119;2,4,0.3855,0,217
evidence-temporal-train-01677	8	3	2	168,24,112,117,171,148,63,142,124,188,189,140,36,41,135,82,93,30,176,19,12,165,99,195,88,108,69,54,175,169,81,45,3,66,212,151	2,2,0.7785,3,68;5,2,0.2965,0,107;5,5,0.5015,0,33;8,0,0.0615,0,195;2,2,0.0845,0,193;3,5,0.8805,1,103
evidence-temporal-train-01678	9	3	2	88,117,63,56,194,178,151,96,15,99,122,154,131,112,23,170,176,45,6,41,148,138,141,87,39,16,158,29,109,153,76,204,166,68,203,69	5,5,0.1445,2,190;4,5,0.2645,0,145;7,5,0.9605,0,185;3,5,0.1815,3,43;2,3,0.0495,0,173;1,1,0.4845,0,174
evidence-temporal-train-01679	8	0	0	149,37,132,179,74,211,86,69,123,137,117,197,204,93,30,45,16,109,165,191,57,44,61,168,170,177,145,103,113,88,4,157,13,144,64,21	3,3,0.1995,0,224;5,3,0.9845,0,66;8,3,0.0585,0,54;1,4,0.1175,0,179;6,3,0.2045,0,163;2,2,0.2825,3,149
evidence-temporal-train-01680	10	2	1	77,124,153,108,138,13,101,24,7,67,55,204,176,168,171,45,42,143,18,181,150,69,133,86,189,115,181,93,119,147,178,33,92,60,37,207	6,3,0.4115,3,202;8,3,0.4625,0,221;6,2,0.6315,0,157;4,4,0.8225,0,185;4,2,0.7265,2,85;3,3,0.4195,2,209
evidence-temporal-train-01681	2	0	2	32,166,191,142,156,48,186,22,84,194,35,197,195,12,55,93,59,100,114,19,67,106,74,123,44,117,181,69,90,136,3,151,145,200,160,135	2,2,0.7355,1,87;7,1,0.9765,3,144;6,1,0.6945,0,255;1,2,0.4685,0,202;3,0,0.5205,0,153;2,5,0.1165,1,155
evidence-temporal-train-01682	8	3	2	126,191,148,180,107,26,93,74,151,56,69,215,61,117,45,114,100,138,4,40,23,180,153,182,135,68,176,91,38,154,20,198,15,156,84,141	3,5,0.8075,2,216;1,4,0.0815,0,72;7,3,0.8995,0,244;1,2,0.7085,0,39;3,1,0.4525,0,245;5,5,0.5585,0,138
evidence-temporal-train-01683	5	2	1	150,157,106,141,115,28,19,21,51,195,44,39,63,74,117,147,133,93,100,12,69,152,160,202,45,181,182,66,177,5,136,85,212,90,124,193	4,2,0.6215,0,161;3,5,0.8045,0,253;2,5,0.4575,0,204;1,3,0.4655,0,243;3,0,0.6305,0,30;3,3,0.0945,0,138
evidence-temporal-train-01684	5	2	2	134,156,21,147,66,14,45,93,35,89,75,62,112,52,215,186,140,69,99,175,188,20,174,28,117,124,6,107,41,197,151,214,174,83,141,173	5,4,0.9735,0,101;3,1,0.2115,0,100;3,4,0.4225,0,149;2,1,0.3565,0,183;2,1,0.0605,0,148;3,4,0.9215,0,203
evidence-temporal-train-01685	1	0	0	110,203,99,67,69,24,116,170,14,165,45,145,141,93,44,203,36,1,149,26,117,51,192,134,88,60,136,76,155,209,125,211,17,155,153,87	0,4,0.2295,3,202;1,2,0.8355,0,65;2,2,0.7995,0,241;3,5,0.0675,0,59;2,4,0.9495,0,129;4,4,0.0525,0,252
evidence-temporal-train-01686	1	2	1	136,197,180,176,45,99,204,111,141,3,69,51,150,75,16,207,42,117,93,116,85,147,161,21,212,182,88,128,64,37,196,63,132,25,152,14	2,4,0.0255,0,91;0,3,0.5305,0,162;2,5,0.0695,0,22;2,3,0.0235,0,233;2,5,0.8935,0,165;7,2,0.1495,0,73
evidence-temporal-train-01687	6	3	1	148,163,132,206,168,49,164,63,29,157,86,164,183,17,76,4,123,93,69,180,107,161,101,88,137,67,43,113,197,141,38,150,21,45,10,117	3,0,0.3245,0,223;4,4,0.6595,0,27;0,5,0.7185,0,122;3,4,0.0145,0,1;4,1,0.2285,0,79;2,2,0.2525,0,146
evidence-temporal-train-01688	6	2	0	202,105,69,147,205,198,128,109,200,53,203,21,135,86,195,117,33,149,112,44,211,74,62,141,67,45,193,19,136,92,93,36,156,160,13,1	0,3,0.6695,0,180;8,2,0.8915,0,215;4,4,0.6865,0,69;1,4,0.8265,0,161;8,3,0.0175,0,233;7,5,0.1005,0,129
evidence-temporal-train-01689	10	2	1	200,40,179,27,70,195,114,138,201,194,65,150,18,200,194,45,97,117,62,133,90,168,23,51,93,125,205,12,166,37,3,147,78,82,106,141	2,2,0.4815,2,141;2,3,0.0275,0,137;2,4,0.3715,1,83;5,0,0.4945,0,6;0,0,0.5885,0,8;4,3,0.5495,0,176
evidence-temporal-train-01690	1	3	2	51,21,154,141,195,186,33,17,93,61,45,137,174,69,126,44,13,131,179,91,98,77,151,199,82,188,3,117,209,214,114,148,35,67,110,169	2,3,0.2105,0,117;8,1,0.9145,0,17;2,3,0.6865,0,89;4,0,0.7235,0,222;1,4,0.4055,0,96;5,1,0.3795,0,110
evidence-temporal-train-01691	3	0	1	66,99,21,14,145,139,4,38,88,206,173,201,114,152,75,82,171,141,123,25,150,119,177,176,45,134,56,69,183,44,111,18,209,94,199,58	3,4,0.5825,0,63;0,4,0.9465,0,11;7,0,0.5565,0,85;2,0,0.1715,1,14;2,5,0.5695,2,78;2,4,0.7235,0,211
evidence-temporal-train-01692	0	3	0	165,25,200,64,69,90,148,18,15,176,214,21,4,149,123,82,93,203,117,43,134,74,186,116,194,141,37,136,102,51,188,108,153,45,203,59	3,5,0.4415,0,78;0,3,0.6675,0,66;2,1,0.0365,0,64;1,0,0.5795,0,121;5,2,0.9835,0,112;2,4,0.0255,0,59
evidence-temporal-train-01693	0	3	1	206,148,45,150,69,17,141,82,189,97,214,92,122,197,60,171,38,134,187,21,205,117,4,79,94,107,51,66,28,11,203,42,207,137,112,166	3,1,0.3885,0,15;3,4,0.5085,0,225;2,2,0.5485,0,188;6,0,0.9805,1,148;0,1,0.1995,0,2;1,4,0.2135,0,184
evidence-temporal-train-01694	8	2	0	85,129,202,136,157,69,102,113,65,214,45,40,199,194,161,143,132,21,195,92,6,147,37,96,25,75,195,149,62,20,118,107,13,55,164,193	5,3,0.8325,0,141;0,3,0.0175,0,210;6,4,0.3205,0,129;2,3,0.8385,3,249;5,1,0.2335,1,77;8,2,0.1735,2,241
evidence-temporal-train-01695	5	2	0	157,122,69,92,104,158,171,93,86,21,170,31,111,59,167,199,16,139,6,34,118,112,174,149,165,76,142,10,147,44,64,134,208,160,52,48	5,0,0.1865,0,11;6,0,0.9425,3,155;3,1,0.0805,0,235;3,4,0.9565,0,203;7,5,0.0685,1,180;1,4,0.6705,1,21
evidence-temporal-train-01696	2	2	2	151,59,30,207,88,18,1,110,141,36,96,182,65,122,100,79,213,21,160,85,169,44,147,130,170,12,168,116,166,69,138,174,117,204,45,56	0,2,0.4665,0,37;5,2,0.8795,0,91;7,1,0.3595,0,219;6,3,0.0495,3,116;3,4,0.8545,0,158;1,0,0.4505,0,176
evidence-temporal-train-01697	2	3	2	52,122,21,141,59,38,87,137,66,7,20,113,183,148,166,42,191,188,88,46,152,117,69,107,164,164,206,30,103,11,151,76,190,130,93,158	6,1,0.9185,0,92;5,4,0.5795,1,105;3,1,0.5465,0,212;3,5,0.0735,0,117;6,1,0.2635,0,123;1,0,0.3715,0,48
evidence-temporal-train-01698	5	2	2	141,68,147,93,43,45,90,151,130,14,34,69,52,205,28,157,154,103,106,61,22,117,180,6,77,137,18,187,198,209,114,204,86,160,183,128	5,4,0.5115,1,18;3,0,0.7505,0,221;3,3,0.9595,0,140;4,4,0.5155,0,56;6,0,0.4845,0,10;7,0,0.2685,0,234
evidence-temporal-train-01699	2	3	0	116,84,194,22,16,54,155,68,27,149,4,93,60,179,41,126,166,12,200,141,140,148,105,91,117,177,170,108,180,76,182,36,134,69,48,185	3,2,0.0205,1,37;2,2,0.2365,3,152;5,2,0.9055,0,59;3,2,0.6035,0,108;8,2,0.8785,0,27;5,4,0.8145,0,58
evidence-temporal-train-01700	5	2	1	155,63,124,194,193,150,27,184,21,69,52,6,79,159,37,16,93,40,131,103,141,182,140,153,116,11,45,207,67,85,147,88,109,205,206,117	5,1,0.0705,0,140;2,3,0.0115,0,214;3,5,0.6165,0,4;6,3,0.0995,0,87;6,3,0.9065,0,8;3,1,0.8985,0,7
evidence-temporal-train-01701	6	1	2	49,17,43,35,92,204,45,117,204,165,69,164,146,137,8,67,114,107,134,13,176,96,151,21,121,195,142,87,33,200,166,62,74,205,101,176	7,3,0.3635,0,166;8,1,0.7555,0,39;0,4,0.7935,0,86;1,5,0.8915,3,20;4,1,0.4155,0,49;0,4,0.3005,1,99
evidence-temporal-train-01702	6	2	1	170,5,108,144,25,164,193,134,67,43,196,164,21,193,156,89,61,93,77,97,194,147,178,150,16,114,137,56,45,15,124,164,117,36,69,82	4,5,0.0085,0,238;0,2,0.6265,0,52;7,3,0.7695,0,135;4,0,0.3195,0,1;0,2,0.4585,0,7;3,4,0.2615,3,171
evidence-temporal-train-01703	9	1	1	153,81,134,56,19,93,141,150,45,205,199,29,114,136,8,156,186,101,58,146,215,213,214,127,64,15,120,111,21,193,174,69,43,35,84,89	7,5,0.6005,0,181;4,1,0.6095,0,23;7,0,0.0805,0,91;8,2,0.3995,0,96;4,5,0.5415,3,31;6,4,0.1475,0,141
evidence-temporal-train-01704	5	2	1	165,42,182,18,35,46,116,165,147,29,49,168,4,150,202,96,76,208,83,133,139,117,66,166,13,141,58,70,99,91,187,21,207,107,198,121	3,3,0.5955,0,103;4,1,0.5795,1,79;0,0,0.4365,1,163;3,1,0.7835,3,173;2,1,0.9875,0,150;0,3,0.7415,0,98
evidence-temporal-train-01705	0	3	2	15,28,119,93,20,208,166,199,151,160,107,141,21,148,62,4,51,190,66,169,121,92,38,78,82,171,115,214,69,159,42,45,172,139,133,97	3,5,0.8205,0,44;3,4,0.5865,0,50;2,4,0.5295,0,0;5,0,0.9465,0,69;0,1,0.7655,2,152;0,3,0.6645,0,170
evidence-temporal-train-01706	10	0	0	69,200,106,101,168,184,12,95,153,185,149,175,4,154,115,89,135,67,21,82,77,45,129,152,29,52,43,39,183,145,141,155,58,117,16,140	3,2,0.0185,0,37;4,5,0.6795,0,217;3,0,0.6005,0,203;4,0,0.2585,2,52;4,0,0.7265,0,178;8,5,0.9185,0,83
evidence-temporal-train-01707	5	2	2	31,55,131,173,151,188,102,65,139,201,69,117,162,114,141,169,14,210,43,96,45,21,87,123,91,197,169,37,206,16,74,9,107,60,147,152	8,4,0.0705,0,46;6,3,0.6525,0,57;6,2,0.3665,0,254;1,5,0.6645,3,63;5,1,0.5365,0,125;2,1,0.7965,0,226
evidence-temporal-train-01708	5	2	2	182,16,69,141,124,196,75,147,165,153,112,117,45,10,56,21,93,92,135,151,189,100,161,60,32,36,140,111,67,166,166,83,44,2,175,182	1,0,0.1275,0,233;7,2,0.9945,0,198;7,2,0.6535,0,37;2,1,0.8535,0,17;3,5,0.0475,0,6;3,5,0.8975,0,228
evidence-temporal-train-01709	6	1	1	63,210,90,69,191,17,122,208,155,198,112,146,178,195,21,93,82,49,3,25,13,131,99,43,215,185,138,46,39,117,75,66,141,205,106,150	2,3,0.3525,0,19;0,5,0.7725,1,123;0,5,0.4255,0,59;2,0,0.4935,0,224;2,0,0.1195,0,195;1,1,0.4855,0,199
evidence-temporal-train-01710	2	2	2	190,143,164,21,147,115,14,117,6,208,83,174,206,76,210,107,69,151,18,102,172,90,31,68,93,35,43,207,164,60,130,122,138,45,50,166	5,4,0.4625,0,109;6,1,0.7555,0,141;1,2,0.8825,0,12;3,1,0.4665,0,174;5,1,0.7445,0,245;1,0,0.4605,2,216
evidence-temporal-train-01711	5	3	1	198,172,82,203,148,33,159,176,69,121,65,108,60,135,93,14,45,150,139,40,211,165,21,196,17,103,142,90,117,178,3,116,34,81,55,170	2,4,0.2925,0,109;8,0,0.1065,0,94;6,2,0.2905,0,120;8,0,0.5645,0,110;6,2,0.9935,0,67;0,5,0.7665,1,204
evidence-temporal-train-01712	7	3	0	45,169,176,158,21,141,153,117,212,67,15,165,215,149,115,79,93,39,18,69,121,2,89,214,87,109,63,181,137,195,29,148,52,41,98,133	1,5,0.4265,0,179;4,5,0.2475,0,222;3,5,0.6615,0,33;6,5,0.3785,0,159;1,3,0.7755,0,19;0,3,0.3975,0,1
evidence-temporal-train-01713	6	2	2	185,59,102,93,92,19,42,107,199,21,205,45,114,177,135,137,202,65,163,171,151,161,152,12,34,4,117,147,181,87,123,29,73,141,69,50	3,2,0.6235,0,243;4,0,0.5275,0,117;1,1,0.2075,0,219;0,5,0.9045,0,123;5,1,0.5765,0,198;2,5,0.3885,0,175
evidence-temporal-train-01714	1	2	2	117,91,113,147,177,110,138,151,99,69,65,209,87,141,157,167,34,15,52,197,6,26,44,178,75,128,199,206,93,130,60,45,210,19,21,177	5,5,0.6735,0,129;1,0,0.8145,0,172;3,2,0.3845,0,202;2,5,0.7645,0,134;2,4,0.2245,0,140;7,0,0.5205,0,9
evidence-temporal-train-01715	6	2	0	31,211,203,97,9,208,21,141,91,156,36,45,10,61,108,69,41,137,121,154,87,147,160,17,158,189,65,113,93,117,177,206,149,73,52,130	8,0,0.2655,0,58;6,2,0.3285,0,26;3,3,0.3045,0,8;0,5,0.7335,0,59;0,2,0.2555,0,129;0,0,0.2965,0,84
evidence-temporal-train-01716	5	2	0	196,141,38,62,54,181,45,170,21,88,147,25,106,136,161,149,119,72,11,166,131,104,159,169,172,93,199,67,128,199,85,18,41,75,115,7	6,1,0.5175,0,5;0,4,0.2595,0,186;5,4,0.6415,3,245;2,3,0.0755,0,165;7,0,0.7175,2,19;7,1,0.1585,0,182
evidence-temporal-train-01717	1	0	0	72,132,92,136,155,28,145,86,75,201,181,165,51,93,3,66,128,141,197,21,45,41,110,36,191,12,172,16,102,58,114,214,149,163,164,117	2,2,0.0625,0,195;3,2,0.2495,0,252;2,0,0.5805,3,17;2,4,0.8375,0,22;5,4,0.5705,0,115;7,2,0.0215,0,103
evidence-temporal-train-01718	1	2	1	3,117,114,77,141,158,26,147,21,138,158,204,69,170,64,171,195,197,45,123,107,19,152,35,200,87,99,50,150,10,96,60,191,40,132,88	2,0,0.7305,0,229;1,1,0.0105,0,65;1,2,0.1595,0,70;4,5,0.1495,3,126;2,1,0.5405,0,96;2,2,0.5825,0,24
evidence-temporal-train-01719	2	0	0	140,152,87,93,109,141,69,40,212,152,77,27,188,23,100,91,145,68,125,12,39,149,132,18,45,179,163,60,50,158,160,1,153,116,206,117	0,2,0.5845,2,6;2,5,0.1175,0,193;1,2,0.8225,0,241;4,5,0.6005,0,161;3,3,0.9625,0,223;4,2,0.9205,0,105
evidence-temporal-train-01720	8	0	2	58,159,34,192,82,106,68,103,153,17,89,69,93,115,44,24,134,141,117,45,187,3,180,174,172,57,194,126,168,210,11,31,139,75,145,151	2,1,0.2755,3,242;6,0,0.8635,0,246;8,0,0.9885,0,129;2,0,0.2905,0,42;6,0,0.6835,0,137;5,4,0.6555,0,152
evidence-temporal-train-01721	2	3	0	67,117,19,103,167,195,45,141,191,1,192,82,148,157,35,136,116,12,149,190,129,70,60,197,74,110,28,134,181,92,56,21,43,93,199,213	0,2,0.7905,0,43;3,1,0.6565,0,43;7,2,0.6595,1,254;1,0,0.9835,0,237;6,4,0.9125,0,26;8,4,0.1785,0,187
evidence-temporal-train-01722	5	3	2	172,102,92,207,181,166,96,148,132,45,178,112,117,17,138,41,81,156,3,182,84,127,141,31,174,58,34,11,111,207,64,181,51,69,151,21	2,1,0.3825,0,238;6,0,0.3015,0,169;2,0,0.0715,0,197;8,2,0.9825,3,209;5,5,0.1235,0,248;6,2,0.5855,0,189
evidence-temporal-train-01723	8	2	0	192,40,194,144,121,149,186,115,69,45,84,51,79,39,109,147,23,152,167,102,186,154,19,4,175,134,139,88,93,26,67,59,12,117,197,200	3,2,0.7285,2,53;1,5,0.0845,0,190;2,1,0.7255,0,239;6,2,0.0715,0,44;5,3,0.6765,0,24;0,4,0.6945,3,9
evidence-temporal-train-01724	0	3	2	78,207,193,21,27,138,93,205,52,13,193,116,61,192,102,148,156,40,132,68,45,18,198,164,109,151,141,89,3,124,117,69,34,160,186,83	2,3,0.4575,0,9;2,0,0.0795,0,34;3,3,0.9075,0,65;5,1,0.2885,0,58;5,3,0.9795,0,30;3,2,0.5025,0,61
evidence-temporal-train-01725	7	3	1	128,101,130,107,150,152,44,141,7,50,159,137,117,168,38,201,87,62,194,155,190,148,197,18,13,113,73,69,93,89,21,170,68,48,188,31	6,3,0.5475,0,123;6,4,0.9355,3,161;1,4,0.8445,0,121;0,5,0.2945,0,100;4,1,0.2395,0,214;7,0,0.2945,0,90
evidence-temporal-train-01726	1	1	1	128,172,3,103,15,169,144,150,16,59,93,67,195,168,55,70,84,27,45,21,42,173,184,39,170,202,203,185,146,131,75,89,139,109,114,119	2,5,0.0555,0,20;2,5,0.4015,0,60;6,1,0.6385,1,182;2,2,0.3805,0,87;6,3,0.4815,2,245;7,1,0.7035,3,35
evidence-temporal-train-01727	6	2	1	117,18,144,183,167,93,150,88,125,62,25,147,67,76,177,6,38,104,186,110,21,115,202,201,204,206,138,152,188,83,49,69,10,132,45,44	5,0,0.5475,0,42;0,4,0.9375,0,40;0,4,0.6355,0,23;3,1,0.0935,0,239;7,4,0.7345,0,27;4,2,0.5535,3,98
evidence-temporal-train-01728	1	2	1	139,98,88,158,9,54,157,141,181,43,189,160,16,58,189,123,168,177,185,87,117,21,133,34,150,112,70,147,45,109,174,68,11,93,29,73	8,1,0.1645,0,234;4,0,0.7195,0,252;5,0,0.8535,1,180;0,5,0.0265,0,104;1,3,0.1865,0,59;2,3,0.6215,0,57
evidence-temporal-train-01729	10	0	2	137,69,106,45,141,9,40,18,151,68,37,159,205,131,210,59,213,86,27,208,21,183,174,117,76,124,211,100,145,115,14,93,213,191,50,88	8,4,0.5605,0,116;2,3,0.1835,0,52;1,1,0.8485,0,150;3,4,0.0795,0,64;3,0,0.7875,0,89;3,1,0.3485,0,86
evidence-temporal-train-01730	1	2	0	49,42,93,141,69,45,177,134,17,126,167,15,194,147,27,116,75,162,154,108,210,39,60,84,197,99,68,149,21,168,7,117,88,174,139,203	6,5,0.2955,0,53;2,5,0.5605,0,38;0,2,0.8425,0,242;2,2,0.1755,0,112;2,2,0.8055,0,122;5,4,0.7945,0,134
evidence-temporal-train-01731	8	0	2	118,59,130,19,91,93,30,212,76,151,45,206,24,54,7,101,197,213,164,204,109,65,139,114,44,155,141,12,84,165,168,38,128,211,145,72	6,2,0.6295,3,169;5,4,0.8215,0,138;5,1,0.3325,3,116;3,2,0.6965,0,81;4,3,0.5495,1,70;7,0,0.6895,0,74
evidence-temporal-train-01732	1	2	1	73,64,147,115,83,89,206,141,117,163,158,51,69,140,44,27,111,20,123,150,21,61,168,4,215,96,11,45,105,171,196,172,36,200,152,133	3,1,0.9295,0,175;2,2,0.8715,0,189;2,3,0.0125,0,216;0,1,0.3325,3,170;8,5,0.7605,0,183;2,3,0.8925,0,135
evidence-temporal-train-01733	1	2	2	141,44,63,201,96,83,105,176,75,188,164,120,107,151,121,184,186,116,23,169,51,161,16,196,14,176,8,89,147,32,134,69,68,47,35,137	7,4,0.1845,2,153;7,1,0.8525,2,51;2,5,0.9635,0,23;2,1,0.2965,3,147;8,1,0.8035,3,45;0,4,0.3895,0,188
evidence-temporal-train-01734	5	2	0	21,41,30,208,124,4,39,59,109,93,147,199,45,168,117,11,73,139,182,100,155,113,66,204,52,183,149,89,141,19,82,135,69,175,172,166	3,1,0.6525,0,254;5,5,0.2225,0,206;3,1,0.5245,0,153;0,0,0.3525,0,220;3,3,0.3505,0,79;3,5,0.6435,0,38
evidence-temporal-train-01735	1	2	0	42,108,35,162,113,53,21,86,90,80,195,198,93,69,27,206,136,105,168,209,141,45,67,214,149,201,15,134,117,147,19,165,3,62,128,178	2,5,0.6095,0,161;2,1,0.5325,0,181;4,4,0.6725,0,243;7,4,0.5445,0,11;8,2,0.2495,0,197;7,4,0.1885,0,239
evidence-temporal-train-01736	2	3	2	117,106,204,139,175,206,203,52,148,59,112,131,67,33,92,76,34,199,84,151,69,181,99,161,16,45,41,94,158,1,203,124,21,156,141,13	0,3,0.1125,0,8;8,0,0.2175,0,137;3,1,0.6725,0,181;3,2,0.8715,1,230;2,0,0.0155,0,113;3,1,0.7995,0,169
evidence-temporal-train-01737	10	3	2	157,117,66,102,154,82,151,137,70,20,207,29,197,43,187,89,203,12,141,24,125,165,59,161,34,107,197,79,93,52,115,174,133,148,3,45	2,2,0.9815,3,151;4,0,0.6895,0,1;3,1,0.5465,1,200;6,0,0.2465,0,123;5,1,0.6745,0,216;4,3,0.2075,0,185
evidence-temporal-train-01738	1	0	0	137,183,90,76,117,145,12,195,43,45,149,109,192,8,196,68,131,98,141,69,16,38,53,27,208,153,128,175,208,158,93,153,24,83,59,112	7,2,0.1005,3,191;2,4,0.7935,0,58;4,1,0.9695,0,213;3,1,0.4155,0,68;1,3,0.0355,0,59;7,1,0.2785,0,126
evidence-temporal-train-01739	10	1	0	53,84,134,141,44,173,21,146,113,99,167,162,60,162,149,69,27,45,15,93,203,109,160,203,20,77,66,5,126,88,117,197,208,140,162,34	4,5,0.8655,0,135;2,0,0.9245,0,181;4,2,0.5125,0,153;4,2,0.0465,0,27;2,3,0.2695,0,16;5,4,0.8695,0,102
evidence-temporal-train-01740	10	2	2	212,45,147,77,175,12,93,119,83,191,90,144,151,64,215,21,29,152,181,63,107,157,102,139,131,35,70,116,53,16,122,6,199,188,40,169	5,2,0.0565,0,57;4,1,0.1965,0,242;4,5,0.1175,1,161;4,1,0.4375,0,182;5,1,0.9815,2,129;1,1,0.6995,3,32
evidence-temporal-train-01741	8	2	0	126,93,134,45,27,167,110,213,16,147,66,117,3,60,21,141,101,138,184,34,212,177,84,88,177,149,40,158,75,14,70,203,54,113,195,212	2,4,0.0275,0,85;2,0,0.0205,0,210;5,2,0.4635,1,60;2,2,0.0385,0,1;4,4,0.3395,0,169;5,4,0.4375,0,4
evidence-temporal-train-01742	3	0	1	139,91,132,65,150,62,15,100,69,18,154,186,44,194,187,45,123,35,53,172,144,145,2,117,165,161,28,22,113,86,75,93,179,109,169,179	1,5,0.4805,1,132;3,1,0.9815,0,27;4,4,0.3485,0,58;2,4,0.6785,0,208;3,3,0.3015,0,107;2,2,0.7445,3,116
evidence-temporal-train-01743	6	3	0	3,114,45,149,87,106,141,160,148,121,136,165,162,92,69,55,41,11,28,212,153,68,103,134,209,21,118,58,93,186,179,36,19,73,196,190	2,1,0.6675,0,125;3,2,0.3345,0,160;6,0,0.9095,0,83;0,5,0.8955,0,99;6,0,0.5235,1,49;0,4,0.1185,0,177
evidence-temporal-train-01744	8	3	2	122,204,89,54,45,119,24,148,181,17,29,59,151,115,36,10,8,181,136,166,100,132,69,203,108,85,174,206,94,75,143,153,205,172,68,40	7,0,0.3455,3,232;4,2,0.1385,0,35;5,1,0.8075,0,194;2,3,0.2685,1,47;3,2,0.6345,2,19;1,2,0.1265,2,140
evidence-temporal-train-01745	5	2	0	45,141,37,137,158,31,89,158,163,81,132,111,164,116,201,42,13,165,63,147,68,149,51,192,100,96,124,172,120,209,193,84,4,21,69,19	3,3,0.7645,0,221;6,3,0.5985,0,244;2,5,0.9505,0,208;8,2,0.3325,3,229;3,5,0.9585,3,79;3,2,0.2615,0,174
evidence-temporal-train-01746	6	0	1	34,23,91,43,150,132,86,30,156,93,117,141,123,61,14,208,179,49,69,45,113,138,65,145,171,1,158,77,101,155,160,111,172,186,16,192	0,4,0.1235,2,41;5,0,0.7865,0,124;0,3,0.3495,0,82;4,4,0.6515,0,39;4,5,0.3255,0,57;2,2,0.5975,0,226
evidence-temporal-train-01747	1	0	1	38,92,154,145,68,116,123,27,62,76,133,93,182,184,164,21,192,198,53,150,140,141,69,152,17,106,214,84,43,10,195,180,45,117,4,98	3,0,0.3995,0,88;2,4,0.6145,0,221;4,4,0.9265,0,48;3,2,0.9345,0,148;1,0,0.9685,0,210;2,3,0.8435,0,76
evidence-temporal-train-01748	1	2	0	93,159,149,18,65,69,99,111,115,147,75,43,12,89,182,202,166,63,48,24,207,7,154,117,165,55,83,141,138,129,135,27,210,208,202,37	6,2,0.4365,3,88;2,3,0.6445,3,98;6,5,0.2935,0,139;2,1,0.3795,0,162;2,5,0.7865,0,202;8,5,0.5435,0,96
evidence-temporal-train-01749	2	2	0	69,149,30,47,102,153,182,34,44,58,135,129,53,147,68,214,170,200,214,213,10,106,137,173,142,114,85,21,158,184,88,16,74,117,93,3	2,0,0.0275,0,22;5,0,0.8735,2,39;4,0,0.9805,0,88;1,3,0.1345,0,167;5,0,0.4125,0,188;8,5,0.2585,1,211
evidence-temporal-train-01750	9	0	2	141,167,117,68,137,175,112,83,127,179,21,99,196,111,56,145,93,210,200,151,12,183,81,17,8,88,159,32,44,37,177,135,58,45,209,69	7,2,0.2285,0,221;7,3,0.9845,0,255;7,0,0.9125,0,216;8,1,0.0895,0,176;2,5,0.1365,0,17;6,5,0.2435,0,45
evidence-temporal-train-01751	6	2	0	139,159,101,45,117,196,92,116,161,168,93,196,69,142,74,12,18,83,181,132,111,149,36,21,44,51,125,1,215,203,27,63,201,159,147,64	0,2,0.4655,0,74;2,2,0.9225,0,13;2,5,0.0365,0,132;1,1,0.9025,0,199;4,5,0.9425,0,179;4,2,0.7355,1,106
evidence-temporal-train-01752	10	3	1	57,105,36,66,43,212,141,148,45,131,150,19,177,78,183,154,21,3,93,13,208,126,173,117,28,136,69,204,210,156,113,157,111,62,92,87	2,3,0.7235,0,152;3,2,0.7645,0,186;8,4,0.5145,0,35;5,5,0.8675,0,238;8,5,0.3645,0,139;5,1,0.0105,0,29
evidence-temporal-train-01753	5	1	0	191,6,29,213,74,149,139,93,144,46,17,191,53,117,41,91,192,85,181,128,182,115,39,21,61,179,13,69,155,201,103,130,110,180,64,146	5,3,0.2135,0,136;4,5,0.3455,1,159;4,3,0.1585,0,248;1,3,0.7105,0,201;6,4,0.7435,0,31;7,0,0.7775,3,214
evidence-temporal-train-01754	8	2	0	181,39,83,76,164,162,96,16,168,41,147,69,107,117,45,204,21,30,61,115,105,56,135,126,68,161,211,141,211,149,172,2,138,180,88,10	1,0,0.1565,0,10;5,5,0.2895,0,240;7,3,0.9885,0,94;3,1,0.0885,3,231;8,1,0.7535,0,62;5,5,0.5575,0,93
evidence-temporal-train-01755	2	3	1	183,89,10,104,60,67,123,106,189,113,117,137,93,69,155,40,179,148,29,163,177,21,168,207,130,7,35,150,76,19,51,169,142,84,45,182	6,0,0.7695,0,170;4,1,0.1105,0,111;2,2,0.7855,0,39;3,2,0.3525,0,178;7,0,0.2935,0,18;2,0,0.2275,1,112
evidence-temporal-train-01756	5	2	1	66,168,88,3,39,192,58,15,45,182,43,165,136,173,117,150,31,75,111,87,199,130,93,21,55,141,112,215,17,99,147,69,212,196,187,129	2,5,0.3925,0,142;6,5,0.7835,0,111;6,0,0.5085,0,184;2,5,0.1045,0,139;2,5,0.1465,0,244;8,0,0.0555,0,253
evidence-temporal-train-01757	6	3	0	191,135,112,27,103,111,137,121,16,93,178,201,81,186,117,21,154,149,14,170,189,202,61,184,52,88,47,4,69,141,42,201,64,148,83,37	3,4,0.0055,0,45;2,3,0.4935,2,24;3,3,0.0035,0,92;8,1,0.1935,0,247;6,5,0.1705,0,80;0,5,0.2975,0,29
evidence-temporal-train-01758	1	3	0	161,200,204,206,148,149,185,2,117,88,49,114,42,83,45,106,215,27,21,200,131,126,136,10,64,198,37,191,72,16,141,63,93,74,167,103	1,0,0.1045,0,194;2,3,0.5805,0,32;0,5,0.0005,3,8;1,1,0.1505,0,189;6,0,0.4745,0,106;5,1,0.1405,0,141
evidence-temporal-train-01759	8	3	1	20,30,85,194,48,7,130,10,166,141,43,165,37,162,115,69,117,64,175,93,158,89,148,54,21,189,63,108,175,153,178,150,127,102,136,78	6,0,0.9135,0,27;5,3,0.7485,3,194;5,5,0.0935,0,204;5,3,0.2405,0,1;5,2,0.6365,0,143;6,0,0.1035,0,34
evidence-temporal-train-01760	5	3	1	150,87,140,102,196,21,68,18,42,117,76,109,63,53,197,198,31,69,153,207,148,178,45,93,135,34,141,196,14,3,88,127,113,169,190,169	2,4,0.4695,0,196;6,0,0.5145,0,88;4,5,0.8645,0,76;3,5,0.0835,0,222;5,3,0.2475,0,149;6,5,0.8625,0,39
evidence-temporal-train-01761	9	1	2	153,141,151,158,67,146,129,14,193,16,9,80,136,163,117,99,56,29,131,45,206,85,172,204,37,114,92,186,60,109,40,157,191,93,69,21	8,4,0.0955,0,161;4,3,0.0095,0,245;7,2,0.6535,0,121;7,3,0.9235,0,160;2,3,0.5795,0,27;8,1,0.0375,0,116
evidence-temporal-train-01762	10	2	2	35,114,169,93,164,147,191,14,117,42,204,33,92,214,212,9,178,124,137,70,81,134,54,181,20,151,61,67,205,211,45,21,84,144,107,100	8,4,0.8015,0,192;8,1,0.5775,0,240;5,3,0.6535,1,53;8,2,0.8035,0,25;3,1,0.5265,0,185;3,4,0.3535,3,93
evidence-temporal-train-01763	7	1	2	17,38,86,74,99,180,10,61,179,214,26,93,40,171,146,208,117,91,165,214,157,68,156,144,109,131,169,151,22,115,50,45,69,3,127,140	2,0,0.3295,1,231;1,4,0.1195,0,91;1,3,0.8905,0,87;1,4,0.7195,0,226;2,3,0.7825,0,18;6,1,0.8845,3,195
evidence-temporal-train-01764	6	2	1	82,5,66,93,78,132,153,150,214,194,127,45,97,152,173,69,56,18,139,12,34,115,187,21,61,166,117,201,142,88,43,147,157,177,109,31	4,2,0.5675,0,171;6,0,0.6385,0,49;7,3,0.5525,0,30;5,0,0.0755,0,239;0,3,0.6345,0,202;6,2,0.6415,1,107
evidence-temporal-train-01765	10	1	2	169,43,33,213,182,45,185,8,93,21,90,215,37,110,117,169,139,81,56,123,87,59,152,146,141,178,20,64,69,208,113,105,176,134,11,151	7,1,0.8795,0,24;8,3,0.7525,0,19;7,1,0.1135,0,211;8,5,0.4175,0,250;8,4,0.2265,0,114;2,4,0.7825,0,179
evidence-temporal-train-01766	1	0	1	170,17,117,46,80,11,163,116,99,88,184,40,30,180,36,141,68,140,209,160,164,86,134,21,94,161,63,150,54,123,205,108,69,3,145,162	2,1,0.3505,0,172;5,2,0.1765,1,249;5,5,0.9685,0,107;7,4,0.1215,1,213;2,2,0.8065,0,186;2,4,0.9805,0,3
evidence-temporal-train-01767	1	3	0	40,20,68,89,21,206,79,181,72,3,87,149,119,49,164,162,93,208,175,13,129,153,101,144,148,139,132,58,172,36,27,45,116,168,206,111	2,3,0.8255,0,65;2,2,0.0825,0,240;0,0,0.9985,3,76;6,5,0.3685,0,8;4,5,0.8455,2,49;8,2,0.6425,3,118
evidence-temporal-train-01768	10	3	0	66,117,9,91,214,74,115,41,58,148,82,178,149,154,106,156,154,169,140,29,38,13,211,69,134,189,94,144,56,21,191,19,45,184,128,104	8,3,0.6715,0,88;4,4,0.3995,0,254;7,0,0.4935,0,81;1,0,0.6345,1,121;7,0,0.7985,0,55;7,4,0.8665,3,6
evidence-temporal-train-01769	10	3	1	148,135,59,52,92,106,150,6,112,93,168,23,18,45,72,68,173,141,77,194,36,85,102,43,128,117,154,209,168,189,30,199,186,206,136,13	5,3,0.4705,2,155;5,2,0.6215,0,154;3,1,0.8165,3,173;4,3,0.9485,0,66;5,0,0.0615,0,129;7,5,0.0175,0,164
evidence-temporal-train-01770	10	0	0	209,54,195,210,35,163,174,81,114,84,142,61,19,167,121,27,44,133,195,187,104,72,23,149,14,120,155,46,137,176,93,91,145,111,1,67	0,4,0.6185,2,77;2,1,0.8655,1,176;5,3,0.6905,3,216;8,2,0.6595,0,132;7,5,0.5135,3,225;0,3,0.3155,1,188
evidence-temporal-train-01771	10	2	1	41,61,36,138,53,130,173,180,19,117,188,141,112,150,92,170,81,30,69,183,23,93,207,153,147,215,109,45,205,65,3,168,124,100,15,82	2,5,0.7645,2,25;5,2,0.2955,0,4;4,3,0.3065,0,163;8,0,0.9905,0,147;3,3,0.0385,0,136;3,0,0.4605,0,114
evidence-temporal-train-01772	1	1	1	58,150,3,161,215,184,132,79,34,90,107,50,21,33,211,152,140,43,197,146,84,69,93,201,173,45,172,14,116,142,101,117,66,19,181,128	2,4,0.6305,0,186;8,0,0.6145,0,101;1,0,0.4835,0,226;6,2,0.4005,0,103;4,1,0.9825,0,136;7,2,0.8265,1,170
evidence-temporal-train-01773	7	0	1	82,189,134,189,72,150,145,42,15,117,200,182,110,65,141,75,200,28,51,204,95,18,191,173,136,127,185,89,37,152,47,115,21,2,59,100	1,5,0.4955,0,63;3,3,0.4285,2,122;2,1,0.3895,3,4;2,0,0.2685,2,244;3,4,0.7625,0,114;6,4,0.1525,0,171
evidence-temporal-train-01774	2	0	1	58,195,69,42,20,134,141,106,5,51,136,204,112,117,77,178,160,21,152,85,157,159,68,28,150,145,93,39,121,88,103,11,207,48,193,155	4,1,0.8725,0,54;3,5,0.5225,3,233;2,0,0.9355,0,23;4,3,0.0685,0,23;6,0,0.0445,0,124;0,4,0.1595,0,227
evidence-temporal-train-01775	10	0	0	5,133,203,51,31,145,64,153,77,168,21,202,149,105,45,117,115,91,169,124,85,178,110,138,43,72,37,18,171,185,192,93,15,59,141,200	4,5,0.5115,0,85;6,3,0.7635,0,207;2,1,0.0345,3,22;4,3,0.6585,0,90;8,4,0.6085,0,64;3,3,0.4665,0,133
evidence-temporal-train-01776	1	2	1	49,117,186,188,40,170,181,195,121,21,75,66,116,135,38,92,141,212,3,167,69,162,45,27,150,173,93,193,103,106,83,147,17,12,137,58	2,2,0.2715,0,243;2,4,0.0965,0,133;0,0,0.5955,0,204;2,1,0.9495,0,70;6,0,0.8595,0,255;0,5,0.2875,0,223
evidence-temporal-train-01777	10	1	2	171,175,186,93,141,39,205,68,190,84,140,215,16,209,128,163,53,130,110,41,45,151,207,89,15,27,69,146,117,113,161,73,24,98,5,60	4,5,0.1585,3,110;2,5,0.2915,0,120;4,2,0.9195,0,198;0,2,0.2355,0,237;1,4,0.2065,0,134;7,0,0.8445,0,251
evidence-temporal-train-01778	5	2	2	34,111,55,105,19,117,167,205,71,88,78,124,201,141,174,45,24,62,84,201,133,66,93,186,176,215,11,165,139,28,44,6,147,115,151,208	5,1,0.6945,3,171;3,0,0.8875,0,27;6,4,0.5305,2,138;5,2,0.0705,0,132;8,5,0.6835,0,67;3,3,0.7485,0,215
evidence-temporal-train-01779	1	2	1	135,64,144,63,157,117,210,77,42,20,12,150,26,136,124,53,82,192,107,178,94,37,175,147,212,69,116,103,158,45,191,156,92,3,184,21	2,2,0.8955,0,202;1,3,0.4785,0,160;4,5,0.0975,0,96;4,0,0.9295,1,18;6,1,0.8045,0,130;3,5,0.0835,3,123
evidence-temporal-train-01780	0	3	0	93,79,171,91,141,175,207,14,138,164,38,149,65,134,124,148,187,112,69,171,16,177,45,58,86,53,117,21,104,6,111,164,213,28,41,173	5,4,0.1585,0,150;3,4,0.2215,0,3;4,0,0.3245,0,28;6,4,0.7125,0,197;7,5,0.0065,0,70;3,4,0.5515,0,134
evidence-temporal-train-01781	10	2	1	13,173,96,107,80,69,147,114,134,35,65,157,33,125,150,51,141,204,89,160,152,8,117,180,21,84,16,44,184,168,180,182,45,138,103,61	7,3,0.0925,0,112;8,1,0.9135,0,226;2,3,0.3445,0,209;7,2,0.3385,3,147;6,1,0.5385,0,8;4,4,0.4365,0,244
evidence-temporal-train-01782	1	3	0	116,24,69,42,182,90,182,130,56,180,12,18,75,162,48,141,140,64,34,186,60,85,106,27,149,159,93,1,117,184,104,148,173,215,167,125	0,2,0.5985,3,56;2,0,0.4335,3,110;7,2,0.1805,0,70;2,3,0.5965,0,209;7,0,0.9015,0,193;4,0,0.9875,0,182
evidence-temporal-train-01783	3	0	1	18,187,141,178,145,84,194,117,43,49,58,129,21,81,189,100,4,38,175,170,186,69,111,89,65,29,163,48,135,137,177,15,96,150,115,205	3,5,0.4605,0,20;4,4,0.6115,3,15;0,0,0.3255,0,182;8,2,0.2615,3,174;3,5,0.7655,0,184;8,5,0.3945,0,49
evidence-temporal-train-01784	9	1	0	115,179,93,68,134,128,86,162,211,10,2,35,17,61,146,42,138,162,21,195,90,149,75,117,69,179,27,186,141,177,105,54,210,47,111,187	1,0,0.2495,0,109;2,1,0.4085,2,3;5,3,0.8035,0,92;2,4,0.4515,0,41;8,5,0.7495,0,89;7,4,0.4115,0,194
evidence-temporal-train-01785	2	0	1	132,185,84,153,145,189,150,13,45,69,117,6,115,58,178,35,184,171,28,206,21,95,89,52,141,139,110,75,192,16,127,211,200,44,68,101	5,3,0.1065,0,233;3,1,0.9455,0,157;3,0,0.9605,0,81;2,2,0.3635,2,126;4,4,0.7225,0,74;6,2,0.6725,0,81
evidence-temporal-train-01786	1	2	0	120,99,92,195,147,189,41,69,173,84,21,168,132,163,167,149,74,64,34,27,203,94,14,52,160,141,6,206,61,110,115,45,184,123,137,19	5,4,0.7795,0,139;2,0,0.3415,0,193;3,3,0.1375,0,48;1,2,0.9185,1,190;2,4,0.7445,3,29;2,2,0.3345,0,78
evidence-temporal-train-01787	10	3	2	136,103,82,141,34,209,40,69,187,92,173,177,93,61,109,151,30,20,113,57,166,120,210,158,124,133,45,148,75,1,198,213,21,11,67,212	0,1,0.8435,0,87;5,0,0.0485,0,64;8,3,0.6725,0,202;2,0,0.9425,0,178;6,3,0.2935,3,179;3,3,0.1575,0,134
evidence-temporal-train-01788	5	0	2	41,90,109,152,178,127,51,135,151,136,105,66,69,93,203,5,47,205,117,85,145,21,79,179,59,214,163,32,181,141,38,15,16,114,185,182	4,5,0.1465,0,27;7,4,0.2515,2,36;2,1,0.5145,0,216;6,3,0.5955,0,108;8,3,0.4295,0,130;6,5,0.1615,0,53
evidence-temporal-train-01789	8	2	1	14,114,109,175,93,121,85,150,88,211,80,69,141,201,183,188,17,56,139,162,59,102,44,117,26,212,46,23,195,4,156,39,190,131,67,147	3,4,0.3705,2,165;1,5,0.8695,1,15;7,1,0.6505,0,46;7,3,0.0565,0,199;5,3,0.4165,0,143;0,1,0.7235,0,81
evidence-temporal-train-01790	5	2	1	107,90,36,140,155,86,69,100,167,13,45,121,186,65,198,207,21,200,150,142,3,181,55,113,147,93,74,28,183,58,117,132,41,156,181,19	2,3,0.7075,0,179;3,2,0.3385,0,40;6,0,0.2605,0,25;1,4,0.5135,0,130;3,1,0.2905,0,77;0,2,0.9505,1,212
evidence-temporal-train-01791	6	0	1	12,30,44,171,92,141,87,167,107,132,177,99,37,124,140,163,160,54,150,171,46,21,145,73,93,66,69,114,117,62,212,158,205,2,203,16	1,2,0.0595,0,112;5,3,0.9945,1,30;5,4,0.5345,0,148;0,5,0.8725,0,1;2,1,0.4265,0,174;3,2,0.9735,0,41
evidence-temporal-train-01792	2	1	0	60,34,83,27,65,132,3,92,190,118,93,123,23,188,109,112,19,141,49,41,78,173,69,104,146,171,214,46,210,164,10,149,215,138,187,206	2,0,0.6615,2,218;2,0,0.3215,1,203;0,2,0.2095,0,43;5,1,0.8755,0,20;7,3,0.1735,1,30;2,2,0.5825,0,49
evidence-temporal-train-01793	6	2	2	84,140,116,201,69,21,180,93,76,147,19,40,107,99,68,159,50,58,183,202,12,181,6,175,134,214,88,121,154,151,33,175,117,45,34,141	5,2,0.6305,0,31;8,0,0.0425,0,143;1,0,0.9245,0,30;3,2,0.0285,0,162;2,1,0.9545,0,234;0,4,0.8185,0,199
evidence-temporal-train-01794	8	3	1	184,189,186,208,79,64,113,35,21,56,42,193,99,71,161,45,59,118,135,148,18,138,177,185,214,93,91,14,162,106,150,126,30,141,1,82	0,4,0.5815,0,51;5,1,0.5125,0,54;7,1,0.1225,2,108;6,0,0.7605,0,103;2,0,0.3945,1,167;5,5,0.4505,0,89
evidence-temporal-train-01795	10	0	1	113,125,201,209,99,27,69,145,196,93,83,8,45,184,21,141,140,185,11,162,17,133,207,117,88,194,63,68,76,54,41,38,110,150,161,169	7,1,0.2355,0,107;2,4,0.3045,0,128;5,5,0.8805,0,144;3,1,0.1935,0,255;2,4,0.3155,0,96;4,3,0.8645,0,119
evidence-temporal-train-01796	0	3	2	23,128,93,110,19,153,37,204,193,139,1,151,167,134,67,51,154,156,148,69,200,208,27,117,40,114,163,80,86,100,89,45,141,14,169,61	0,4,0.7865,2,215;2,3,0.0805,0,147;2,3,0.6125,0,50;7,4,0.2985,0,209;3,4,0.4165,0,7;7,4,0.6735,0,116
evidence-temporal-train-01797	0	3	1	23,184,111,78,93,209,45,171,20,100,112,67,121,131,63,155,42,148,179,3,15,153,69,159,191,86,141,168,52,88,29,117,187,34,137,150	2,5,0.9375,2,235;4,0,0.5395,0,136;3,5,0.6815,0,202;5,4,0.1835,0,95;3,5,0.1695,0,39;0,1,0.3895,0,129
evidence-temporal-train-01798	10	3	1	163,162,137,29,150,72,132,96,66,108,199,152,126,115,60,44,163,158,101,21,77,181,188,117,2,196,34,214,87,45,52,141,13,17,148,89	1,3,0.3035,0,180;4,0,0.9665,0,16;3,2,0.4915,3,181;4,5,0.2055,3,76;4,2,0.6265,0,193;5,2,0.3255,0,4
evidence-temporal-train-01799	1	3	0	111,117,88,211,93,99,8,41,27,81,167,85,141,65,113,69,45,215,149,148,202,140,60,10,121,17,201,37,172,21,162,153,130,51,193,213	7,0,0.3335,0,172;2,3,0.2255,0,204;2,2,0.2765,0,56;8,3,0.0845,0,54;2,5,0.3355,0,109;0,0,0.9605,0,163
evidence-temporal-train-01800	10	0	0	37,149,184,139,13,65,117,170,54,141,42,124,71,205,209,62,21,110,93,172,134,167,145,47,86,5,102,186,196,18,113,91,77,207,32,205	4,3,0.4465,0,59;7,3,0.4345,2,173;5,4,0.2675,2,120;4,4,0.6915,0,49;5,4,0.3855,0,137;3,4,0.7465,0,51
evidence-temporal-train-01801	2	2	1	117,12,36,93,198,178,76,70,65,130,47,40,52,21,205,150,153,98,147,136,182,141,167,177,165,60,193,28,125,92,83,108,114,199,8,18	7,2,0.5545,0,228;3,2,0.0135,2,120;3,2,0.2305,1,105;3,1,0.8415,0,245;1,2,0.5375,0,97;4,0,0.0765,0,138
evidence-temporal-train-01802	5	2	2	21,79,45,91,38,136,93,64,33,173,52,126,172,114,161,87,155,130,69,2,151,98,214,157,190,42,61,198,120,106,207,163,17,15,147,141	1,5,0.2725,0,84;8,4,0.5235,0,121;3,3,0.1715,0,158;6,5,0.7325,0,223;1,0,0.5895,3,50;5,0,0.0275,0,97
evidence-temporal-train-01803	1	1	2	174,10,140,69,110,53,21,213,123,174,168,91,192,105,64,187,173,203,17,79,3,112,135,25,82,146,45,209,151,141,38,93,117,60,42,203	2,0,0.2235,0,54;0,4,0.4385,0,23;4,2,0.1355,0,152;6,0,0.6045,0,87;8,4,0.1525,0,0;2,5,0.9695,0,184
evidence-temporal-train-01804	5	2	2	165,126,15,103,202,163,64,179,139,209,93,4,120,116,69,49,164,189,131,45,178,147,60,141,27,151,214,35,86,75,106,19,179,43,21,88	3,5,0.7305,0,6;2,1,0.6815,0,121;0,2,0.1475,0,206;2,4,0.0715,0,74;6,0,0.8935,3,83;5,1,0.7795,0,74
evidence-temporal-train-01805	1	0	1	33,45,145,160,141,37,123,13,132,99,182,93,85,66,116,72,150,19,164,185,88,200,168,73,3,41,183,21,194,53,203,168,59,136,117,110	2,3,0.6725,0,93;8,3,0.3635,0,223;4,1,0.5555,3,248;0,3,0.1095,0,204;2,4,0.9755,0,109;2,2,0.0995,0,150
evidence-temporal-train-01806	7	3	1	111,13,98,128,137,69,141,74,210,193,65,148,47,150,154,203,35,62,213,42,93,83,3,117,201,16,163,200,115,51,27,185,182,133,22,90	2,3,0.0305,1,110;2,1,0.5665,2,11;2,4,0.3195,0,176;1,1,0.4055,0,234;1,5,0.6205,0,66;7,3,0.2285,0,96
evidence-temporal-train-01807	0	3	2	4,117,169,94,116,92,22,48,184,192,108,154,154,69,76,136,151,52,34,30,135,158,168,198,175,123,214,42,97,82,66,148,12,141,16,63	3,2,0.1135,1,66;5,0,0.5625,3,168;3,5,0.5535,0,130;3,0,0.9525,1,244;0,2,0.9485,0,249;2,5,0.0775,0,152
evidence-temporal-train-01808	2	0	1	138,9,112,144,150,134,30,11,38,21,203,200,82,75,203,108,197,203,41,45,51,120,67,19,124,205,193,167,145,154,92,58,204,98,69,93	8,1,0.7185,0,152;5,4,0.3595,0,108;2,0,0.7785,0,217;2,0,0.8115,0,200;1,2,0.1075,3,121;3,4,0.5415,3,149
evidence-temporal-train-01809	2	0	0	34,9,95,196,171,188,17,21,84,166,136,15,149,76,42,145,98,88,69,117,108,58,190,189,52,165,142,153,113,124,66,133,185,189,27,47	8,5,0.2005,0,244;2,0,0.5165,2,143;3,0,0.5495,0,240;3,2,0.1555,2,93;1,2,0.3455,0,179;3,3,0.0965,1,221
evidence-temporal-train-01810	5	0	1	83,194,99,55,21,45,164,42,39,115,182,150,121,31,168,199,6,163,136,145,89,169,93,20,62,165,67,73,174,141,117,109,69,10,180,135	5,0,0.9035,0,25;6,5,0.5365,0,14;6,4,0.6795,0,229;0,1,0.2775,0,249;2,3,0.6235,0,224;0,5,0.0065,0,114
evidence-temporal-train-01811	5	2	2	147,205,107,62,93,117,211,64,10,175,69,151,159,171,124,132,16,84,52,194,116,170,158,88,139,24,81,177,141,185,31,4,36,99,43,45	3,0,0.1825,3,154;6,2,0.6625,0,22;3,4,0.0405,0,42;8,2,0.1555,0,94;2,1,0.9385,0,162;3,2,0.6015,0,11
evidence-temporal-train-01812	9	3	0	9,93,56,198,196,149,101,210,88,44,171,117,160,69,208,133,67,86,139,18,28,148,154,144,183,112,45,11,214,108,61,36,76,210,21,121	8,1,0.4315,0,55;3,2,0.8835,0,87;7,3,0.7075,0,232;3,4,0.0755,0,29;4,2,0.1375,0,244;0,3,0.7535,3,61
evidence-temporal-train-01813	0	3	2	154,14,106,153,68,69,130,81,160,83,32,103,41,61,177,179,45,170,124,165,151,173,91,199,148,117,51,114,4,35,199,139,93,21,141,20	3,4,0.8075,0,8;7,1,0.3645,0,160;2,3,0.9805,0,0;8,1,0.6855,0,115;6,0,0.4155,0,229;3,0,0.6415,0,83
evidence-temporal-train-01814	7	0	2	107,117,191,141,44,37,76,156,123,162,176,213,67,203,69,180,116,157,16,103,84,3,14,61,138,26,21,49,151,196,145,45,134,88,153,93	2,4,0.0665,0,104;1,3,0.9105,0,166;0,3,0.6745,0,158;3,2,0.0635,0,226;6,1,0.9215,0,127;2,4,0.4855,0,158
evidence-temporal-train-01815	2	2	0	130,105,89,66,48,213,115,214,18,140,162,185,202,215,214,8,147,52,69,27,78,37,83,149,43,93,175,170,14,141,117,63,123,21,194,108	7,4,0.5325,0,191;2,3,0.6145,3,221;3,5,0.5215,0,166;5,1,0.2485,0,157;8,2,0.6355,0,129;2,0,0.9505,0,253
evidence-temporal-train-01816	7	3	0	58,6,148,170,100,205,21,95,117,13,73,149,112,167,207,202,110,91,198,130,28,56,140,214,39,187,71,157,202,16,84,46,64,122,141,41	5,3,0.0605,0,212;3,5,0.2005,1,19;7,0,0.0615,2,200;0,2,0.7245,2,170;3,4,0.0485,0,98;1,0,0.8425,0,57
evidence-temporal-train-01817	6	3	0	139,173,76,172,4,111,133,22,141,209,162,88,45,121,20,149,183,114,13,39,93,204,54,174,117,43,175,25,104,61,69,148,85,192,64,177	3,3,0.8215,1,37;0,5,0.7315,0,255;5,3,0.0835,0,141;3,3,0.1115,0,53;7,5,0.4545,0,128;0,3,0.6875,0,55
evidence-temporal-train-01818	2	0	1	131,150,116,93,56,145,36,21,179,42,14,68,69,180,45,192,129,91,120,83,169,16,8,154,58,111,171,204,28,193,191,141,172,101,138,76	7,4,0.1495,0,105;3,2,0.5525,0,133;7,0,0.8635,0,103;3,1,0.7315,0,233;4,5,0.9035,3,181;8,1,0.5415,0,171
evidence-temporal-train-01819	1	0	2	133,196,187,20,61,145,83,13,182,139,114,174,187,75,102,123,21,44,151,117,39,92,29,65,174,141,69,197,214,45,206,175,93,106,52,3	2,3,0.8925,0,2;4,5,0.9525,0,68;3,3,0.2315,0,103;2,1,0.9205,0,207;5,0,0.4535,0,52;2,3,0.6775,0,243
evidence-temporal-train-01820	3	0	0	180,38,212,85,207,117,139,61,68,42,145,13,69,130,27,127,171,141,195,76,153,159,21,196,45,17,8,93,110,103,169,190,50,116,149,92	7,3,0.3895,0,244;2,4,0.4645,0,54;1,3,0.8275,0,49;3,3,0.8495,0,81;6,4,0.8305,0,67;6,0,0.6135,0,42
evidence-temporal-train-01821	9	0	1	203,193,18,117,180,63,64,28,34,145,109,100,14,139,141,185,135,49,128,85,91,210,195,93,112,203,45,3,21,77,69,183,191,40,213,150	2,4,0.4065,0,124;3,0,0.0295,0,254;0,5,0.0115,0,23;4,3,0.6715,0,210;3,3,0.1785,0,180;7,5,0.6985,0,234
evidence-temporal-train-01822	2	0	1	45,195,168,141,42,11,110,117,84,64,113,196,197,200,74,18,21,203,63,52,132,165,150,93,34,69,92,198,136,99,203,28,145,126,3,192	2,1,0.5975,0,152;3,0,0.4305,0,42;3,5,0.1465,0,12;1,2,0.8885,0,60;2,4,0.2465,0,190;5,2,0.0425,0,132
evidence-temporal-train-01823	9	2	2	214,189,7,62,47,55,183,87,73,212,163,117,147,18,30,11,137,64,39,108,44,205,104,92,133,201,162,21,207,128,151,200,69,114,141,95	6,1,0.4805,0,243;5,5,0.8905,2,212;6,4,0.1545,0,100;0,5,0.8865,2,60;7,2,0.5055,0,180;7,3,0.2115,0,231
evidence-temporal-train-01824	8	3	1	150,99,124,141,167,6,192,196,20,45,83,65,148,58,40,195,80,21,163,183,27,36,136,112,14,117,154,165,131,202,108,187,89,69,93,57	5,4,0.9655,0,98;2,2,0.0225,0,94;8,0,0.3635,0,39;7,1,0.3785,0,160;2,2,0.0365,0,8;3,1,0.0425,0,83
evidence-temporal-train-01825	10	2	0	38,4,85,41,160,13,214,90,176,26,215,58,198,168,121,163,99,93,69,149,210,112,46,141,16,67,51,81,117,131,190,147,137,109,21,165	3,3,0.1085,0,198;1,4,0.2825,1,216;2,0,0.6565,0,202;8,3,0.4185,0,229;2,3,0.0595,0,37;0,1,0.2945,0,129
evidence-temporal-train-01826	8	3	2	75,6,35,183,52,42,84,143,113,209,69,196,212,189,135,19,67,62,148,21,212,151,45,136,13,128,31,107,89,163,119,171,100,93,198,193	5,3,0.6325,0,177;6,1,0.5165,0,204;3,4,0.7095,0,191;2,2,0.2665,0,182;3,1,0.3815,2,120;7,5,0.0235,2,153
evidence-temporal-train-01827	2	1	0	141,138,29,93,114,21,171,56,173,149,20,45,59,131,195,213,175,165,146,11,122,64,84,175,198,80,92,35,118,44,111,176,69,179,9,97	8,1,0.8965,0,177;4,1,0.9535,0,191;7,1,0.0405,0,18;7,2,0.9585,0,50;0,5,0.5355,1,54;1,1,0.5215,0,156
evidence-temporal-train-01828	1	1	2	74,187,197,106,121,151,169,89,204,103,51,188,23,116,65,43,134,93,139,45,36,182,204,146,15,63,83,204,171,117,69,197,141,19,27,2	1,5,0.6175,2,157;2,2,0.7195,0,16;2,5,0.3545,0,219;1,1,0.2845,0,91;6,0,0.8225,0,180;0,4,0.7695,0,134
evidence-temporal-train-01829	7	3	0	45,15,114,33,74,182,44,135,196,21,143,60,149,178,170,54,117,140,9,17,85,158,64,89,93,148,125,180,35,69,98,109,211,175,180,209	8,5,0.2915,0,140;8,1,0.8455,0,99;5,2,0.1165,0,37;1,3,0.3995,0,187;1,3,0.5665,0,247;4,5,0.8345,2,167
evidence-temporal-train-01830	1	2	1	79,158,138,45,205,213,69,150,27,164,202,162,158,1,211,34,147,94,89,43,20,86,110,66,22,167,50,113,133,141,169,15,99,123,120,60	0,5,0.9665,1,149;2,0,0.6595,0,184;1,2,0.5405,0,112;6,4,0.2255,1,44;2,4,0.3445,3,100;2,3,0.5385,0,185
evidence-temporal-train-01831	1	1	2	69,117,62,123,195,131,170,141,27,146,88,196,194,80,153,21,45,42,140,19,57,193,179,151,108,11,65,186,9,163,112,93,194,87,99,36	8,1,0.6685,0,117;2,2,0.4155,0,92;8,4,0.2195,0,119;7,5,0.0145,0,189;2,2,0.0905,0,68;2,1,0.9135,0,50
evidence-temporal-train-01832	5	0	0	45,88,7,117,183,182,194,53,75,83,66,213,214,160,136,20,132,208,101,125,35,59,143,109,114,14,145,21,69,193,193,41,93,149,209,28	6,4,0.9255,0,81;3,1,0.3945,0,164;4,1,0.5995,0,85;2,1,0.1045,0,243;4,3,0.4475,0,60;4,2,0.1705,2,57
evidence-temporal-train-01833	0	3	2	40,124,180,148,29,163,141,93,16,79,165,69,58,211,85,135,11,91,183,212,100,110,36,64,192,45,179,140,151,4,56,21,160,210,116,117	3,1,0.0775,0,177;4,2,0.1115,0,132;7,0,0.1335,0,176;6,3,0.7205,0,141;3,4,0.9445,0,109;3,5,0.9785,0,196
evidence-temporal-train-01834	0	3	2	17,100,13,40,209,69,21,141,78,115,29,210,117,148,151,135,197,67,92,185,192,45,178,181,93,50,169,83,58,191,137,3,204,123,37,110	2,3,0.2895,0,9;4,3,0.1295,0,9;1,0,0.6705,0,195;5,1,0.9445,0,69;3,4,0.6755,0,29;2,5,0.3505,0,39
evidence-temporal-train-01835	6	2	2	45,157,208,164,65,186,158,126,73,137,92,181,164,141,171,1,93,175,133,18,106,33,52,85,147,59,151,13,69,21,113,162,41,37,120,105	0,3,0.4975,0,148;8,3,0.2245,0,245;3,1,0.3015,0,255;0,3,0.8485,0,229;8,0,0.3785,3,160;5,3,0.3085,0,22
evidence-temporal-train-01836	1	3	1	211,148,21,121,91,52,155,31,177,39,10,93,176,60,45,64,181,117,111,200,82,6,141,172,199,113,150,177,73,139,41,99,158,16,130,69	5,0,0.1825,0,166;6,5,0.3295,0,95;3,2,0.0125,0,170;0,0,0.6295,0,254;2,5,0.2245,0,6;0,0,0.7945,0,231
evidence-temporal-train-01837	5	2	0	32,141,176,181,184,6,147,52,156,115,138,82,159,110,185,64,36,100,69,15,17,43,206,89,149,129,21,207,212,117,208,93,76,133,63,48	5,5,0.3135,0,235;7,2,0.6905,3,46;3,5,0.0345,0,181;3,0,0.2585,0,71;3,4,0.6405,0,143;8,3,0.4055,0,91
evidence-temporal-train-01838	10	3	1	45,73,129,114,84,117,157,21,56,203,36,88,63,71,187,175,173,66,42,93,166,139,101,31,17,148,8,161,134,108,198,175,205,141,15,150	7,5,0.3075,0,203;6,2,0.5785,0,74;7,5,0.5615,2,244;0,2,0.1515,0,79;4,2,0.5625,0,105;8,4,0.6835,0,12
evidence-temporal-train-01839	8	2	1	93,36,154,10,211,139,150,25,98,126,187,66,113,59,69,159,188,16,117,174,141,47,75,21,147,6,168,82,42,109,180,90,51,171,133,162	5,0,0.0075,0,120;0,2,0.4395,2,112;2,1,0.5345,0,165;2,0,0.4045,0,61;1,3,0.2835,0,25;5,3,0.7855,0,150
evidence-temporal-train-01840	6	3	1	178,150,71,104,112,3,83,193,21,45,125,188,189,141,37,78,133,148,200,15,67,52,140,89,25,43,61,17,159,199,167,117,106,198,93,170	2,5,0.3445,0,152;0,3,0.6225,0,133;3,3,0.6995,2,223;5,1,0.3685,0,128;7,0,0.0265,0,31;4,3,0.8025,0,161
evidence-temporal-train-01841	1	0	1	104,150,91,159,124,183,115,139,184,111,170,18,6,53,81,192,58,178,21,192,180,93,66,120,69,15,145,39,83,173,42,45,130,27,198,141	5,5,0.5535,0,111;2,5,0.5185,0,3;4,0,0.4505,0,64;8,1,0.6225,0,119;7,5,0.6505,3,169;3,0,0.7315,0,119
evidence-temporal-train-01842	10	0	1	190,16,208,164,41,38,98,213,111,186,69,150,12,126,45,59,193,145,137,205,66,77,90,31,173,21,141,135,188,158,87,112,117,51,93,9	8,2,0.0245,0,159;6,4,0.2355,0,236;2,1,0.4385,0,76;4,5,0.4005,0,223;1,5,0.1725,0,139;5,5,0.2525,0,208
evidence-temporal-train-01843	6	2	1	4,93,160,23,150,169,152,135,147,92,178,18,140,12,34,117,162,167,59,56,121,195,116,45,66,69,141,43,157,33,82,106,77,105,193,182	3,2,0.5905,2,131;8,0,0.7955,0,57;7,1,0.4895,0,166;4,0,0.8725,0,124;8,0,0.9965,0,168;0,5,0.9745,0,132
evidence-temporal-train-01844	10	0	0	27,43,171,21,149,201,68,38,69,137,87,16,141,75,112,133,178,208,99,212,163,1,10,57,145,179,199,129,93,110,45,118,62,88,179,200	0,0,0.0295,0,59;2,4,0.7195,0,207;8,4,0.9415,0,111;2,5,0.1235,0,201;2,4,0.0405,1,182;8,3,0.2165,0,50
evidence-temporal-train-01845	1	0	1	215,127,171,198,21,44,35,117,68,211,116,191,214,134,161,110,61,74,93,145,20,3,90,165,150,45,87,141,15,184,103,182,51,140,70,28	2,5,0.9105,0,66;3,1,0.9835,0,43;2,3,0.8745,1,123;1,5,0.5305,0,189;6,4,0.9465,0,186;6,4,0.9715,0,196
evidence-temporal-train-01846	1	3	2	207,98,166,112,190,141,16,169,123,151,94,87,66,21,69,168,117,48,195,111,28,42,157,148,58,51,161,140,76,177,182,131,2,39,89,12	1,2,0.0375,0,78;3,5,0.4065,3,214;2,0,0.5265,0,89;3,5,0.3495,1,243;1,5,0.1935,0,205;2,1,0.9665,0,166
evidence-temporal-train-01847	6	3	0	148,38,3,197,149,67,117,180,89,49,87,105,198,141,189,21,80,113,17,14,123,42,137,173,93,61,69,131,203,29,45,178,210,190,189,110	2,4,0.3915,0,59;4,4,0.4755,0,27;0,3,0.6515,0,242;7,5,0.2335,0,118;8,4,0.3835,0,16;2,1,0.2995,0,112
evidence-temporal-train-01848	9	0	2	117,197,208,31,21,104,89,168,141,192,86,152,193,211,145,93,60,69,74,133,122,151,34,64,196,4,116,42,11,170,152,110,139,50,18,45	3,1,0.5865,0,100;6,0,0.5915,0,16;1,2,0.0805,0,251;1,4,0.3435,0,250;7,4,0.8935,0,136;1,3,0.7875,0,200
evidence-temporal-train-01849	8	2	1	9,215,107,14,16,89,96,62,160,21,159,161,68,141,117,122,130,26,188,39,44,48,114,150,193,147,54,175,83,206,80,99,69,214,139,180	8,4,0.0355,0,181;1,5,0.9985,3,39;5,4,0.9445,0,108;7,1,0.3155,3,240;2,1,0.4795,0,157;1,0,0.7375,0,116
evidence-temporal-train-01850	8	2	1	15,8,195,176,174,211,114,106,132,58,89,51,191,166,97,200,21,141,117,45,42,155,150,147,93,18,85,30,204,138,67,80,212,126,39,69	7,5,0.4505,0,213;5,5,0.5525,0,236;2,0,0.6085,0,160;7,3,0.3385,0,212;0,0,0.4975,0,196;5,2,0.4375,0,106
evidence-temporal-train-01851	2	2	0	147,139,162,69,13,21,208,43,108,20,27,149,49,201,4,164,129,153,116,204,76,117,88,171,59,130,176,141,34,93,66,104,212,87,46,203	3,3,0.9055,0,62;2,0,0.7525,1,11;0,1,0.4655,0,238;3,5,0.1945,0,190;7,2,0.8825,0,133;8,0,0.6655,0,190
evidence-temporal-train-01852	1	3	1	27,123,113,153,35,77,156,4,10,137,45,21,155,16,99,62,202,150,51,204,158,69,188,148,84,187,66,110,193,130,165,143,92,117,40,93	3,0,0.1165,0,49;2,1,0.1645,0,235;2,4,0.5545,0,43;4,2,0.8665,0,188;2,4,0.3465,0,102;2,0,0.3105,2,143
evidence-temporal-train-01853	1	2	1	141,18,117,89,182,106,36,79,45,185,152,9,87,57,139,67,169,134,93,69,186,21,161,198,147,41,123,59,206,113,33,150,198,103,10,181	8,0,0.5525,0,36;8,2,0.2465,0,64;8,1,0.6685,0,213;6,5,0.3715,0,187;6,0,0.3515,0,112;2,4,0.6995,0,12
evidence-temporal-train-01854	1	0	0	137,114,131,94,30,64,190,215,177,62,117,89,69,75,189,145,107,149,44,121,3,19,35,21,45,84,202,208,14,205,141,155,207,102,55,189	2,4,0.6675,0,40;5,1,0.8135,0,237;6,4,0.1485,0,89;2,2,0.3845,1,31;5,1,0.4745,0,168;0,1,0.3935,0,230
evidence-temporal-train-01855	8	1	1	27,72,39,133,93,162,213,41,63,21,150,67,88,110,181,126,141,82,140,117,18,187,196,163,79,101,156,165,211,53,3,198,45,114,10,146	2,0,0.4815,0,144;2,5,0.3285,0,111;4,5,0.7215,3,179;6,0,0.0045,0,177;4,4,0.4805,0,66;5,3,0.8165,0,6
evidence-temporal-train-01856	2	0	2	74,100,130,122,54,145,184,117,69,36,193,83,209,162,27,199,185,211,65,48,44,113,152,7,137,151,108,167,21,17,93,14,61,157,143,92	6,4,0.2515,0,37;2,2,0.9005,3,247;5,3,0.2115,0,30;1,1,0.8525,0,129;3,2,0.2655,0,123;1,0,0.2745,2,56
evidence-temporal-train-01857	0	3	0	65,139,149,4,52,148,184,101,141,25,76,173,176,162,114,117,160,175,63,199,201,200,18,21,125,12,69,109,92,42,95,189,36,133,45,86	3,2,0.5185,0,15;0,2,0.5225,0,112;3,5,0.2425,0,131;3,4,0.8855,2,148;4,3,0.4145,0,179;4,3,0.6585,0,52
evidence-temporal-train-01858	2	2	0	157,91,12,45,83,103,190,177,143,200,123,205,65,215,44,19,51,214,3,172,23,34,147,109,75,130,138,112,69,160,149,58,117,204,29,95	2,2,0.7175,2,92;4,0,0.8355,0,39;2,0,0.3115,0,213;2,1,0.6685,2,186;6,3,0.0905,0,164;2,0,0.5705,2,36
evidence-temporal-train-01859	1	0	0	95,149,188,59,40,76,33,12,113,21,145,66,6,99,137,170,111,144,117,154,187,45,19,209,124,130,90,166,168,85,171,176,209,69,37,51	5,2,0.6375,0,54;8,3,0.1875,0,109;2,1,0.5055,0,156;3,3,0.4165,2,251;2,5,0.2005,0,227;3,0,0.3505,3,27
evidence-temporal-train-01860	2	3	0	56,125,113,78,141,153,69,92,177,117,3,131,168,136,104,44,153,59,148,214,93,188,159,174,46,27,169,82,35,161,67,21,106,11,149,19	2,1,0.6755,0,3;2,1,0.9285,1,88;7,1,0.6135,0,106;5,0,0.8815,0,243;7,0,0.2345,0,231;4,1,0.1895,0,94
evidence-temporal-train-01861	6	2	2	171,193,156,52,151,112,1,205,45,73,28,69,19,134,117,11,94,60,100,215,147,169,188,108,192,89,40,141,169,21,68,214,84,36,140,121	0,1,0.6185,0,185;3,2,0.0315,0,65;3,2,0.9245,0,208;0,2,0.3725,1,120;3,2,0.1165,0,175;0,4,0.9445,0,57
evidence-temporal-train-01862	3	0	1	113,86,42,10,91,18,145,97,108,213,117,155,144,159,95,52,69,133,63,1,121,211,77,207,150,170,174,26,137,21,48,153,198,180,66,37	0,0,0.5295,0,189;1,3,0.5645,3,163;3,5,0.4835,0,74;4,4,0.7545,2,8;0,2,0.3115,0,179;0,3,0.3355,3,107
evidence-temporal-train-01863	10	3	2	76,16,189,115,107,134,89,164,100,117,15,182,84,211,37,64,21,148,185,151,205,59,196,44,29,49,176,141,129,93,136,69,6,159,45,209	5,5,0.0875,0,211;4,3,0.9865,0,33;0,1,0.0385,0,26;3,2,0.3105,0,91;3,1,0.6675,0,13;8,4,0.0255,0,205
evidence-temporal-train-01864	2	3	0	118,141,167,129,31,77,65,208,42,149,213,86,166,148,72,52,91,179,6,175,116,137,21,109,101,17,58,204,132,171,95,45,36,12,175,163	5,2,0.3995,0,31;6,2,0.5495,0,33;3,0,0.2125,3,107;4,4,0.7105,2,96;4,3,0.9305,1,21;8,2,0.3965,0,144
evidence-temporal-train-01865	3	0	2	24,215,93,20,213,45,87,211,191,37,42,158,171,151,125,52,193,202,113,69,75,202,141,89,191,107,67,117,10,28,97,132,6,145,140,58	5,0,0.9355,3,28;3,3,0.5845,0,179;3,0,0.7235,0,144;2,5,0.3235,0,170;0,1,0.2015,0,151;4,2,0.9415,0,145
evidence-temporal-train-01866	1	2	0	207,167,41,212,93,163,38,27,147,140,69,11,188,3,59,141,123,117,45,157,104,64,19,76,149,86,155,21,169,113,201,49,111,160,89,130	2,1,0.6395,0,173;2,4,0.3785,0,14;0,1,0.0685,0,26;3,4,0.2045,0,48;7,5,0.2485,0,6;2,0,0.9155,0,104
evidence-temporal-train-01867	5	2	1	140,192,153,92,134,106,16,36,55,147,44,191,127,63,66,169,212,103,155,93,11,112,45,21,214,210,179,69,84,150,27,142,78,117,161,4	3,1,0.0495,0,108;2,2,0.9185,0,109;6,5,0.5895,0,111;5,2,0.8935,0,153;6,0,0.1195,0,209;6,4,0.9265,1,195
evidence-temporal-train-01868	10	0	2	187,170,75,117,14,82,112,88,196,145,60,210,111,69,3,141,203,93,151,122,40,21,31,17,132,67,177,57,163,45,153,183,103,136,37,157	2,4,0.3675,0,7;6,3,0.0455,0,11;8,2,0.6625,0,124;2,0,0.0935,0,200;6,5,0.1555,0,69;1,2,0.0305,0,242
evidence-temporal-train-01869	10	2	2	123,5,131,107,117,34,175,163,187,50,18,60,21,192,167,147,93,26,45,204,176,90,151,105,13,141,196,166,43,64,87,200,75,137,115,69	4,3,0.5145,0,9;1,0,0.6035,0,147;1,2,0.1685,0,175;2,5,0.5385,0,201;8,1,0.7025,0,106;2,1,0.2145,0,48
evidence-temporal-train-01870	1	3	1	16,27,59,117,148,45,212,42,141,211,209,86,74,39,3,134,104,72,202,113,152,171,196,164,21,150,67,51,167,91,106,13,136,185,127,95	2,3,0.0475,0,148;2,5,0.4855,0,23;2,1,0.6405,3,56;1,4,0.6025,2,177;7,0,0.3545,0,150;6,4,0.1815,0,130
evidence-temporal-train-01871	10	2	1	93,184,134,50,107,179,5,124,141,104,14,185,136,70,150,46,90,40,117,180,60,21,147,77,206,34,64,194,173,112,157,84,16,167,33,167	4,4,0.0105,0,162;8,0,0.1595,1,234;1,2,0.1675,1,92;4,2,0.4625,0,237;7,1,0.0855,0,148;3,4,0.0945,0,221
evidence-temporal-train-01872	6	1	2	36,105,64,191,50,11,42,163,166,139,196,60,146,206,3,191,17,112,25,85,69,141,121,89,131,158,24,165,93,199,74,110,151,161,45,117	2,1,0.3005,3,74;0,2,0.4405,0,152;1,2,0.0835,0,149;1,3,0.3055,0,10;8,4,0.0905,0,150;0,1,0.7515,0,34
evidence-temporal-train-01873	1	0	1	212,109,120,114,75,98,150,12,68,26,93,136,21,196,180,41,16,166,167,186,134,192,126,45,90,6,35,204,69,86,61,196,141,145,51,157	5,2,0.0265,0,168;1,1,0.3015,0,80;2,3,0.9315,0,212;2,4,0.4445,0,79;1,3,0.5285,3,47;5,4,0.1035,0,201
evidence-temporal-train-01874	1	3	2	87,54,180,126,72,153,103,151,31,91,204,164,44,158,13,17,76,117,96,134,141,68,3,153,204,148,106,179,115,136,190,21,166,47,60,38	2,3,0.3315,0,245;6,4,0.9745,2,6;5,2,0.8065,3,96;3,5,0.7575,3,180;6,0,0.7035,0,60;5,4,0.1935,0,99
evidence-temporal-train-01875	9	3	1	56,27,41,21,93,45,130,148,126,161,117,89,16,194,159,138,182,171,69,61,209,150,115,13,78,187,188,67,161,3,105,162,82,36,110,141	2,3,0.1505,0,235;2,2,0.3505,0,12;7,3,0.7505,0,184;5,0,0.2255,0,66;8,4,0.6615,0,82;5,0,0.4105,0,149
evidence-temporal-train-01876	0	3	2	21,95,69,16,78,28,200,178,68,1,45,148,100,167,112,200,188,161,124,138,117,212,89,141,44,151,170,62,35,192,109,12,52,177,130,83	0,2,0.0055,0,249;3,1,0.9705,0,3;3,4,0.8495,0,119;5,1,0.3635,2,180;3,3,0.1835,0,216;3,0,0.5225,0,97
evidence-temporal-train-01877	10	1	1	146,57,121,99,35,88,174,17,115,202,6,45,12,108,135,66,150,154,175,175,77,200,40,21,83,157,120,69,167,143,93,139,180,211,62,32	5,2,0.3505,0,46;7,1,0.1695,0,221;8,4,0.5415,0,49;4,1,0.0855,0,227;2,2,0.7065,3,175;0,5,0.7545,2,128
evidence-temporal-train-01878	3	0	2	105,207,92,83,32,131,45,109,52,20,69,145,39,115,160,151,152,123,24,117,206,211,12,173,93,210,9,160,42,66,75,173,61,183,140,141	8,2,0.9525,3,149;7,5,0.4905,0,114;3,3,0.4165,0,133;2,1,0.8445,0,81;8,3,0.7175,0,81;2,1,0.9655,0,77
evidence-temporal-train-01879	0	3	1	180,133,118,7,63,67,22,113,141,121,162,93,12,69,45,39,90,52,210,150,84,172,170,138,110,208,192,78,165,172,17,41,105,158,148,27	6,2,0.3035,1,108;2,5,0.2265,0,64;3,5,0.6965,0,238;5,2,0.5975,0,64;8,4,0.2435,1,90;0,3,0.4855,0,11
evidence-temporal-train-01880	6	2	1	141,123,78,117,69,147,211,36,21,94,109,4,150,200,163,100,49,62,45,178,132,181,188,16,42,83,201,136,182,25,65,183,169,115,14,89	3,4,0.0565,0,196;0,2,0.4115,0,7;0,4,0.3415,0,27;5,1,0.2465,1,59;3,3,0.7635,0,95;2,2,0.0795,0,238
evidence-temporal-train-01881	2	0	0	117,210,215,212,16,179,149,171,45,65,43,133,202,13,141,114,85,96,90,72,59,52,211,194,145,167,79,137,3,29,22,102,107,36,124,154	2,3,0.1355,1,56;4,2,0.7685,0,21;3,1,0.3615,3,128;6,3,0.4425,3,55;5,1,0.4505,0,251;3,3,0.2525,0,114
evidence-temporal-train-01882	5	2	0	214,61,181,183,149,13,158,41,84,92,165,103,21,165,174,51,37,25,147,110,18,134,141,119,66,7,116,213,127,69,46,206,93,192,138,81	6,3,0.4165,0,95;0,3,0.3195,1,34;2,3,0.4755,0,82;8,2,0.9055,0,48;6,4,0.9245,2,155;6,4,0.4835,0,206
evidence-temporal-train-01883	1	1	1	193,1,136,26,127,117,15,150,85,204,36,20,108,75,163,190,156,157,93,98,55,141,45,162,92,146,133,42,69,22,201,196,58,115,198,66	0,5,0.9715,1,38;1,2,0.4135,0,252;6,0,0.5725,0,94;2,3,0.9845,0,99;1,2,0.6925,0,33;6,3,0.1455,0,180
evidence-temporal-train-01884	5	2	1	103,13,161,176,180,89,201,64,93,56,34,69,154,180,114,214,125,111,59,117,140,80,155,155,83,21,31,16,45,147,163,42,150,9,141,130	8,3,0.1885,0,204;6,0,0.5995,0,93;7,1,0.1595,0,157;7,1,0.2115,0,187;6,5,0.5915,0,11;4,0,0.8405,0,68
evidence-temporal-train-01885	6	2	0	95,203,71,88,51,17,167,34,40,147,10,65,120,32,1,104,187,154,168,184,136,84,155,121,79,141,149,45,21,191,130,173,116,61,107,164	0,0,0.2175,0,69;7,0,0.0605,0,216;2,3,0.2255,2,115;6,2,0.1225,2,229;7,1,0.9775,3,25;0,0,0.0095,0,231
evidence-temporal-train-01886	1	0	0	187,9,170,137,152,114,177,36,99,172,90,11,59,40,56,21,20,117,78,149,45,129,197,135,67,187,95,185,141,69,32,199,145,110,85,157	8,1,0.8365,0,10;7,2,0.1015,0,240;7,1,0.7725,0,203;5,3,0.4675,2,151;2,4,0.4785,0,20;8,5,0.3555,0,5
evidence-temporal-train-01887	2	2	1	36,132,105,206,11,125,150,141,140,74,176,62,197,111,86,64,165,93,4,184,69,90,209,20,165,45,117,112,213,215,56,174,21,147,32,41	3,1,0.9805,0,115;7,2,0.2755,0,155;7,4,0.1085,0,212;1,4,0.5065,0,183;8,5,0.1425,0,83;4,2,0.9285,0,145
evidence-temporal-train-01888	7	3	2	151,111,200,112,2,51,14,212,189,21,93,124,190,161,141,98,148,43,74,67,58,117,36,45,28,133,90,165,137,181,177,171,153,72,20,83	1,4,0.9435,0,162;3,2,0.6975,0,142;2,0,0.6315,3,34;1,1,0.4125,0,93;1,5,0.1775,0,160;3,3,0.2985,0,148
evidence-temporal-train-01889	9	1	0	162,27,105,54,172,122,64,86,79,179,211,93,189,159,166,149,201,8,42,21,146,59,92,19,168,110,45,69,160,15,118,141,115,130,34,136	7,5,0.7245,0,7;2,0,0.5215,0,164;5,1,0.0655,0,97;6,4,0.9145,0,88;8,4,0.6005,1,141;1,0,0.0465,0,85
evidence-temporal-train-01890	3	0	0	200,204,59,41,145,163,4,115,93,174,13,21,69,166,160,106,57,97,117,188,17,191,140,45,76,132,28,35,87,215,123,64,92,197,149,141	3,3,0.2155,0,67;3,1,0.2145,0,1;8,1,0.0105,0,1;3,5,0.9895,0,49;0,0,0.7575,0,168;2,2,0.9485,0,172
evidence-temporal-train-01891	3	0	2	52,194,45,89,113,210,177,93,69,132,187,163,151,27,188,195,74,139,86,100,37,117,18,21,66,108,209,126,11,141,164,44,59,9,188,145	8,1,0.5745,0,89;2,3,0.8625,0,81;3,1,0.5405,0,212;1,4,0.3765,0,172;3,2,0.3705,0,156;5,2,0.6835,0,33
evidence-temporal-train-01892	6	3	1	178,94,100,201,36,148,21,214,81,167,43,112,61,45,13,69,55,140,132,84,27,5,190,66,150,88,168,117,110,141,209,185,158,121,18,205	4,3,0.5375,0,202;2,2,0.6785,0,98;6,3,0.4445,0,69;8,2,0.0205,1,181;3,4,0.0505,0,120;0,2,0.8635,0,25
evidence-temporal-train-01893	7	1	1	159,41,130,81,65,110,69,126,90,48,17,117,36,150,141,186,202,180,183,58,1,22,203,194,172,82,136,202,25,98,208,114,51,93,14,146	0,4,0.3835,1,130;0,2,0.2635,3,154;2,0,0.2825,0,75;8,0,0.5895,0,82;1,4,0.5505,0,91;5,0,0.0845,0,168
evidence-temporal-train-01894	2	1	1	213,94,150,111,45,57,21,68,141,103,190,40,193,136,36,210,82,163,7,157,12,170,215,122,146,112,59,79,19,69,92,31,213,174,135,117	6,2,0.6655,0,37;6,2,0.1975,0,211;8,1,0.9815,0,245;6,0,0.8355,1,149;6,5,0.0295,0,139;1,5,0.0845,0,203
evidence-temporal-train-01895	2	0	0	141,215,121,83,101,2,90,117,131,193,112,145,94,51,43,189,161,36,67,108,158,163,161,76,194,30,211,149,24,45,20,60,71,13,139,201	1,3,0.8515,3,203;5,2,0.7275,0,163;2,2,0.6345,2,79;3,1,0.5685,1,65;4,2,0.1225,0,140;0,1,0.6035,0,0
evidence-temporal-train-01896	1	0	1	45,69,93,190,203,200,91,167,117,177,105,76,150,167,17,61,194,141,82,174,6,15,41,108,145,163,34,114,23,134,158,28,139,121,66,51	5,5,0.2265,2,192;3,0,0.3075,0,89;2,3,0.5585,0,86;3,0,0.7095,0,239;8,2,0.4495,0,244;0,4,0.7575,0,67
evidence-temporal-train-01897	7	0	2	138,163,192,62,162,50,45,108,35,121,80,113,178,177,91,21,194,100,193,145,42,134,11,197,141,31,117,180,67,84,162,94,69,16,3,151	2,1,0.1045,0,106;6,1,0.5315,0,18;1,4,0.6335,0,239;7,2,0.6205,1,231;3,2,0.3445,0,173;0,4,0.5205,0,23
evidence-temporal-train-01898	2	3	0	90,74,59,84,137,21,163,186,28,35,141,20,215,189,72,42,65,130,184,115,208,107,93,100,197,5,123,149,197,148,52,11,153,48,117,174	4,1,0.9045,0,198;3,1,0.5805,3,200;3,1,0.2115,3,205;1,2,0.5525,0,97;3,1,0.7065,0,243;2,0,0.3025,0,82
evidence-temporal-train-01899	1	1	2	41,55,117,146,157,39,45,155,16,15,64,153,61,139,31,129,21,93,135,208,193,114,75,92,99,8,82,179,188,70,144,209,151,203,206,111	7,5,0.0545,0,101;6,5,0.2795,0,30;6,3,0.0125,1,103;2,0,0.9875,0,108;2,5,0.5185,0,198;8,5,0.7465,3,121
evidence-temporal-train-01900	1	0	2	69,100,51,185,47,199,164,35,120,67,214,172,16,145,169,115,82,63,132,41,210,175,10,88,21,123,185,27,213,144,108,2,139,93,76,151	1,0,0.1465,0,79;2,1,0.2155,2,49;2,5,0.7405,0,90;3,0,0.1645,0,121;3,2,0.6705,3,156;2,2,0.7635,3,221
evidence-temporal-train-01901	8	2	1	37,107,135,100,45,62,76,64,116,18,24,195,94,27,214,158,3,141,167,117,69,92,86,212,164,40,153,51,147,167,185,139,15,126,150,181	2,5,0.4605,3,167;2,3,0.0475,0,127;2,4,0.1595,0,197;3,4,0.9475,1,50;3,1,0.8235,0,45;5,5,0.7415,0,82
evidence-temporal-train-01902	10	1	1	46,66,93,21,155,150,146,112,205,118,135,213,91,14,17,205,141,109,196,55,138,190,82,58,1,37,154,194,129,40,196,32,73,102,69,168	0,4,0.3215,0,119;7,3,0.1585,1,49;6,0,0.4015,0,20;0,0,0.7515,0,117;5,3,0.1665,1,88;8,5,0.4935,0,49
evidence-temporal-train-01903	3	0	2	206,117,91,14,141,213,69,43,60,124,115,213,138,190,134,68,4,80,87,93,31,151,17,52,213,194,100,39,200,109,185,21,145,45,171,175	3,4,0.2075,0,107;6,5,0.7995,0,113;3,2,0.9715,0,220;7,5,0.7995,0,88;3,3,0.7415,0,221;3,4,0.4055,0,135
evidence-temporal-train-01904	5	2	1	163,55,28,77,135,19,196,213,150,207,121,69,12,142,147,103,62,165,211,90,86,189,93,115,44,137,34,154,107,191,117,195,1,46,66,21	0,2,0.6485,0,150;3,0,0.9325,1,164;6,4,0.4285,0,247;4,4,0.4655,0,162;6,1,0.7505,0,78;0,5,0.3755,1,188
evidence-temporal-train-01905	1	3	0	193,93,117,141,197,191,211,173,190,85,161,17,21,113,99,39,132,30,10,214,44,122,69,111,3,61,65,51,149,80,179,45,148,212,89,139	2,0,0.2725,0,60;5,5,0.9115,0,248;2,3,0.3865,0,207;7,3,0.2245,0,135;2,5,0.3425,0,7;1,2,0.7895,0,139
evidence-temporal-train-01906	5	2	1	21,117,115,88,203,59,190,20,141,79,200,209,93,173,42,7,67,190,147,123,178,100,134,14,193,156,27,110,150,53,139,47,87,69,180,39	6,4,0.9345,0,8;2,5,0.4715,2,25;4,1,0.7145,0,208;6,5,0.1665,0,97;3,4,0.7505,0,210;2,4,0.6215,0,203
evidence-temporal-train-01907	10	2	1	184,37,189,105,117,150,28,16,215,89,107,147,158,2,15,63,158,133,21,44,204,198,182,82,57,159,46,75,69,141,185,125,140,93,67,112	1,5,0.1565,0,59;3,3,0.9735,1,117;8,5,0.7365,0,189;2,0,0.2485,0,56;8,1,0.0955,0,185;4,3,0.9355,0,228
evidence-temporal-train-01908	5	3	1	115,108,65,148,150,44,10,39,215,203,98,167,204,134,139,202,141,45,69,123,31,88,165,21,93,182,20,173,5,60,210,195,85,79,120,50	4,0,0.9205,0,138;6,5,0.8615,0,118;1,2,0.2925,0,95;6,3,0.0565,0,16;1,2,0.6865,3,197;2,4,0.7225,0,223
evidence-temporal-train-01909	10	3	1	32,1,93,191,45,140,148,169,155,69,202,81,63,64,112,150,41,168,157,18,56,98,141,85,117,125,201,108,214,130,160,35,89,24,11,176	0,1,0.4925,3,234;7,1,0.2785,0,67;7,5,0.0455,0,139;8,3,0.3995,0,242;1,2,0.1595,0,99;4,0,0.9595,0,149
evidence-temporal-train-01910	7	1	1	13,146,202,87,65,122,23,157,93,203,134,139,45,182,175,153,3,35,69,117,50,26,58,181,98,90,155,17,150,214,143,74,114,43,106,194	2,3,0.2755,2,95;1,1,0.7445,0,61;1,0,0.3695,0,60;1,5,0.4405,0,139;1,0,0.4675,0,159;1,4,0.6815,2,238
evidence-temporal-train-01911	7	2	1	162,36,124,75,48,150,92,205,62,134,40,160,53,116,137,159,26,97,199,14,21,171,85,204,93,109,71,147,65,20,180,172,143,2,117,157	1,4,0.8235,0,53;1,2,0.1525,3,240;4,4,0.2285,2,66;2,3,0.9395,0,98;0,3,0.8005,0,124;3,4,0.3715,2,189
evidence-temporal-train-01912	2	2	0	69,120,96,44,149,166,102,188,132,188,114,182,20,159,141,21,12,182,109,68,175,34,83,147,193,27,206,126,58,9,76,136,171,53,45,89	8,2,0.9255,0,154;2,0,0.9725,0,214;4,0,0.9775,0,18;3,1,0.2915,3,255;5,3,0.4055,3,25;5,2,0.1045,0,150
evidence-temporal-train-01913	0	3	2	112,92,178,203,44,23,209,9,87,136,60,206,210,152,151,123,76,16,107,69,165,148,50,67,99,188,141,130,14,117,36,204,48,186,93,30	8,4,0.0125,2,2;5,2,0.9645,3,25;1,2,0.7225,0,249;3,5,0.9575,0,91;2,1,0.0445,0,202;2,0,0.1675,0,153
evidence-temporal-train-01914	3	0	0	141,109,85,134,189,140,48,120,76,91,195,64,185,209,69,102,4,19,195,116,196,36,198,44,52,149,123,58,206,14,93,156,214,145,33,21	3,4,0.7005,0,102;8,2,0.8475,3,72;3,0,0.1235,0,20;3,3,0.7395,0,129;5,3,0.8045,3,203;2,4,0.9515,0,208
evidence-temporal-train-01915	10	1	1	53,177,123,2,35,105,213,141,189,150,48,40,93,173,184,69,146,163,73,171,30,117,139,115,166,66,111,17,21,188,135,89,176,14,82,62	1,4,0.2295,0,98;5,1,0.1175,3,217;4,4,0.4255,0,113;0,0,0.2615,0,188;8,5,0.7945,0,0;2,5,0.7705,0,108
evidence-temporal-train-01916	1	0	0	208,69,45,27,166,195,93,203,52,64,142,110,176,38,122,138,62,99,156,135,145,43,21,113,87,10,89,73,155,18,149,152,209,117,7,186	6,0,0.4315,0,92;2,4,0.6115,0,149;3,4,0.1595,0,144;0,5,0.2135,0,201;2,4,0.2115,0,23;1,5,0.5585,1,185
evidence-temporal-train-01917	1	2	0	141,117,159,188,128,138,64,132,199,189,153,19,58,78,43,21,71,169,112,51,188,87,93,27,91,147,15,189,149,183,5,45,181,101,39,106	4,5,0.6615,0,193;2,5,0.6875,0,35;2,0,0.0765,2,27;5,5,0.6625,0,238;4,0,0.1365,0,111;7,2,0.5365,0,92
evidence-temporal-train-01918	0	3	0	69,85,17,141,52,148,139,21,152,211,28,124,1,175,45,134,184,107,203,191,91,204,42,60,193,76,14,35,149,113,117,67,100,199,96,200	0,4,0.2955,0,134;3,1,0.5395,0,98;3,2,0.6075,0,204;3,3,0.6805,3,233;3,1,0.3795,0,182;3,4,0.7425,0,248
evidence-temporal-train-01919	9	3	0	66,6,60,149,12,133,117,179,32,124,93,69,114,74,198,83,197,45,21,148,213,43,152,101,141,53,178,136,197,37,196,91,109,17,208,188	5,2,0.3315,0,120;7,3,0.6465,0,107;4,2,0.4555,0,243;1,1,0.6245,0,243;4,3,0.4245,0,245;3,3,0.0385,0,116
evidence-temporal-train-01920	9	3	2	16,151,141,215,38,169,133,43,213,154,45,196,70,186,92,98,122,119,169,112,195,65,196,54,82,23,108,205,96,9,148,32,80,63,137,12	8,2,0.0715,2,194;7,4,0.7595,0,142;5,5,0.3675,1,23;7,0,0.8015,3,114;1,2,0.0025,2,35;1,3,0.2375,0,120
evidence-temporal-train-01921	5	2	2	130,183,76,104,52,18,117,5,207,41,142,35,115,195,169,166,126,110,138,69,31,61,86,167,169,93,68,163,12,147,45,194,21,159,151,88	4,2,0.5005,0,200;6,1,0.3335,0,133;3,3,0.8275,0,161;3,4,0.0425,0,141;7,4,0.6175,0,8;5,0,0.4575,1,61
evidence-temporal-train-01922	5	3	1	112,184,148,204,18,190,184,85,95,123,103,14,46,117,39,197,165,44,142,108,158,74,174,150,200,28,178,90,132,55,59,137,66,69,8,24	7,4,0.4475,3,106;3,5,0.8855,1,205;6,1,0.4285,0,109;1,3,0.4915,2,154;6,2,0.0435,0,2;2,2,0.2325,1,121
evidence-temporal-train-01923	1	0	1	176,41,6,150,69,60,186,165,12,39,45,145,185,168,117,87,134,157,176,19,81,202,141,188,138,180,109,64,21,113,93,27,99,127,57,91	5,2,0.6415,0,90;2,5,0.2505,0,59;8,2,0.1565,0,43;8,5,0.7935,0,251;2,3,0.2795,0,208;6,4,0.5995,0,160
evidence-temporal-train-01924	5	0	0	122,20,31,76,44,136,204,38,191,192,163,141,154,86,21,2,119,198,210,103,45,133,153,145,108,65,60,167,14,93,50,69,156,113,149,91	1,4,0.8755,0,83;6,4,0.9795,0,16;1,2,0.3115,0,246;3,4,0.7865,0,153;6,2,0.3085,2,200;1,3,0.0795,0,74
evidence-temporal-train-01925	0	3	2	58,111,198,116,10,17,81,189,136,45,141,21,160,184,66,163,89,85,151,44,212,52,132,28,105,128,215,69,5,198,37,209,118,148,93,196	4,0,0.2475,0,189;3,3,0.9235,0,30;3,0,0.4395,0,161;8,3,0.2585,0,168;8,5,0.9535,1,96;7,2,0.1925,0,65
evidence-temporal-train-01926	2	0	1	150,192,11,145,41,210,49,183,83,167,126,120,113,164,61,45,81,167,69,35,93,98,21,135,163,9,210,107,212,141,65,137,90,17,208,28	8,1,0.2005,0,154;3,1,0.3235,0,142;0,3,0.2285,0,33;8,1,0.5165,0,143;1,1,0.3435,3,177;5,5,0.2195,0,228
evidence-temporal-train-01927	8	0	2	141,151,114,14,197,28,21,100,80,93,145,62,134,200,198,194,139,35,2,171,51,43,83,69,19,153,205,45,108,67,159,91,120,126,168,166	1,4,0.7695,0,250;3,1,0.7985,0,68;2,4,0.7335,0,102;7,1,0.7695,0,110;3,2,0.4765,3,154;5,4,0.7345,0,64
evidence-temporal-train-01928	10	1	1	211,188,61,101,33,166,17,171,21,7,90,75,201,212,45,135,215,70,107,13,36,141,114,129,150,66,119,138,56,84,93,203,155,43,146,168	6,3,0.3995,0,20;8,2,0.6685,0,247;7,3,0.5655,1,93;2,2,0.4455,0,96;4,1,0.5945,2,236;8,5,0.5535,0,44
evidence-temporal-train-01929	1	3	1	131,170,88,180,81,179,13,144,207,25,19,67,45,21,93,69,38,98,164,115,204,174,148,127,3,139,150,156,108,117,83,155,61,55,40,154	2,3,0.7505,0,145;0,4,0.0655,0,209;6,3,0.7425,0,196;8,1,0.1135,0,231;1,2,0.6915,0,71;6,1,0.7125,3,228
evidence-temporal-train-01930	2	0	1	117,83,21,38,32,4,171,150,19,88,194,145,72,12,52,157,158,183,169,141,210,65,116,181,60,106,123,93,130,42,48,168,79,103,189,138	3,2,0.7275,0,39;7,4,0.5255,3,112;3,2,0.2605,3,194;6,1,0.1635,0,35;6,0,0.9655,0,161;2,0,0.5515,0,203
evidence-temporal-train-01931	9	1	0	53,115,21,17,121,90,182,149,187,162,146,40,96,69,29,133,117,82,205,110,202,197,79,170,152,8,67,104,139,201,201,46,12,60,142,39	7,2,0.2855,0,144;4,5,0.1065,1,195;4,2,0.6615,0,246;6,0,0.4255,3,216;7,4,0.6715,0,12;0,3,0.6195,1,20
evidence-temporal-train-01932	7	3	2	45,208,129,68,131,62,75,115,157,193,176,16,163,139,71,117,25,37,152,186,151,98,89,108,42,21,175,155,3,10,206,93,82,52,148,141	2,0,0.0725,0,121;0,3,0.5525,0,7;3,4,0.9705,2,212;2,0,0.2785,0,86;1,2,0.7635,0,141;8,1,0.7945,0,93
evidence-temporal-train-01933	1	2	0	189,136,29,134,113,117,104,207,40,161,109,62,81,149,68,190,8,92,21,141,11,201,69,209,147,86,159,124,16,192,93,175,39,166,45,51	7,1,0.1455,0,84;4,5,0.1565,0,223;2,4,0.8855,0,160;8,4,0.8695,0,209;7,3,0.2005,0,126;3,4,0.0955,0,183
evidence-temporal-train-01934	1	3	1	139,80,18,195,100,208,171,93,27,21,69,135,84,67,10,43,59,108,123,188,150,181,2,179,175,51,148,162,45,113,92,206,203,117,141,34	1,0,0.5405,0,152;2,0,0.6845,0,126;2,1,0.7735,0,175;7,2,0.9985,0,39;3,2,0.2745,0,115;2,5,0.7275,0,219
evidence-temporal-train-01935	1	1	1	67,33,215,40,129,165,21,50,159,199,146,184,179,150,171,155,39,45,184,132,163,16,89,3,72,87,109,99,13,141,75,114,58,137,93,117	2,3,0.0605,0,204;8,5,0.1755,0,166;1,0,0.6825,3,135;2,5,0.3865,0,44;2,3,0.5965,0,73;8,2,0.2815,0,68
evidence-temporal-train-01936	1	1	2	45,199,201,111,43,136,33,116,141,123,204,134,93,23,17,187,69,157,39,91,64,59,99,146,189,117,79,85,151,8,12,199,212,213,214,55	7,2,0.2385,2,57;8,5,0.7945,0,138;6,1,0.0855,0,19;6,3,0.7955,0,11;2,5,0.9815,0,134;2,4,0.1485,0,74
evidence-temporal-train-01937	9	3	0	116,154,141,28,148,1,11,168,80,130,24,67,70,103,171,198,171,152,117,185,129,87,92,205,138,60,35,45,109,44,56,16,160,149,93,172	0,1,0.1165,3,32;3,1,0.9375,0,28;7,2,0.6615,1,201;7,5,0.8665,0,166;6,3,0.9515,0,59;8,0,0.5565,0,2
evidence-temporal-train-01938	1	2	2	41,94,114,181,187,138,23,59,151,210,171,207,86,109,207,90,120,77,178,45,70,183,67,38,14,16,27,99,197,130,123,201,141,147,5,51	4,4,0.0745,2,212;2,4,0.3575,0,31;2,1,0.6715,1,18;4,4,0.4685,1,26;2,3,0.5165,3,133;2,0,0.4235,0,43
evidence-temporal-train-01939	7	0	0	131,117,73,193,45,39,176,98,145,95,89,61,65,69,21,163,57,153,160,2,188,112,193,173,17,40,197,139,144,111,149,121,87,210,28,15	1,5,0.2005,0,23;3,5,0.0825,0,79;8,3,0.2005,0,157;0,5,0.2045,2,16;1,5,0.0375,0,31;0,1,0.6565,3,171
evidence-temporal-train-01940	10	3	1	117,53,197,66,11,41,102,150,85,93,168,166,213,21,196,37,136,31,180,89,45,106,175,167,130,112,5,123,193,19,194,62,69,143,148,80	4,1,0.6275,0,173;6,3,0.2655,0,179;4,4,0.4575,0,52;7,3,0.3595,0,252;5,0,0.1425,0,60;2,0,0.1785,2,98
evidence-temporal-train-01941	5	2	2	31,155,106,21,173,63,67,86,36,196,42,129,177,141,206,92,75,192,71,179,151,105,20,93,147,198,197,112,138,133,4,117,51,45,172,14	3,4,0.9445,0,124;6,2,0.4105,0,6;2,5,0.7635,2,193;2,4,0.8835,0,106;8,0,0.0165,0,59;8,3,0.4045,0,184
evidence-temporal-train-01942	3	0	0	90,188,186,189,155,93,188,18,5,69,113,52,111,68,141,157,32,84,125,170,188,21,76,103,202,145,130,117,41,139,149,198,62,39,13,45	4,3,0.5805,0,186;7,5,0.3015,0,200;3,4,0.8215,0,1;3,2,0.5215,0,65;6,5,0.2425,0,70;4,0,0.7275,0,169
evidence-temporal-train-01943	8	2	1	38,68,6,137,69,154,117,134,156,170,76,112,158,165,21,187,147,104,14,201,27,60,111,88,150,179,42,19,201,121,141,93,54,87,167,45	5,4,0.7325,0,34;2,4,0.4125,0,81;5,2,0.8355,0,215;3,5,0.0845,0,27;7,5,0.0655,0,230;0,4,0.3905,0,227
evidence-temporal-train-01944	5	2	1	21,11,96,166,77,138,90,109,68,196,169,27,183,103,129,58,117,202,84,163,50,186,69,45,131,16,208,1,141,114,36,147,41,153,188,150	0,1,0.0935,0,107;2,2,0.3355,0,78;1,0,0.8165,0,55;4,2,0.5505,3,65;6,3,0.5845,0,29;8,1,0.4995,0,245
evidence-temporal-train-01945	1	0	0	209,2,45,27,140,201,141,91,109,200,166,117,93,21,125,42,149,169,18,39,14,84,76,63,188,112,132,67,202,98,205,210,145,57,69,159	1,4,0.5075,0,131;2,5,0.4675,0,222;8,5,0.6575,0,186;3,2,0.7735,0,51;1,3,0.0495,0,86;4,2,0.8875,0,183
evidence-temporal-train-01946	1	2	0	65,174,84,178,168,204,168,46,110,153,118,141,69,147,16,36,92,135,24,75,93,190,8,158,12,41,112,97,175,121,53,29,63,136,149,195	7,2,0.0035,3,108;4,2,0.2635,1,240;4,5,0.2515,0,41;2,2,0.9705,0,204;0,4,0.1135,1,141;0,5,0.0925,0,99
evidence-temporal-train-01947	5	2	1	127,168,118,100,206,150,191,17,93,88,86,21,166,63,111,71,46,65,13,141,134,80,137,9,147,161,29,212,43,35,213,50,201,115,209,180	8,3,0.2645,0,107;4,1,0.6595,1,50;1,5,0.3065,2,175;7,4,0.0115,0,207;3,5,0.7165,1,230;6,4,0.3905,0,13
evidence-temporal-train-01948	10	0	1	117,86,185,163,150,176,64,141,20,45,186,116,164,138,81,190,93,60,27,209,34,126,23,91,43,12,145,186,5,98,69,106,180,170,49,132	4,2,0.8075,2,173;2,0,0.6925,0,212;0,2,0.1565,0,200;8,4,0.7335,0,230;1,0,0.9215,0,244;5,2,0.5685,0,150
evidence-temporal-train-01949	2	0	2	145,11,41,45,163,68,165,28,141,151,161,139,38,132,105,209,179,21,211,17,180,78,1,55,115,165,95,58,117,128,106,69,84,160,210,88	0,1,0.2625,0,118;3,4,0.3655,0,181;6,0,0.8205,0,140;5,2,0.1855,2,44;8,0,0.6695,0,28;7,2,0.7915,0,48
evidence-temporal-train-01950	8	1	0	21,65,26,92,149,178,141,125,55,117,11,165,155,210,160,191,146,178,70,135,35,101,1,156,59,45,19,155,42,116,163,137,106,78,93,87	0,1,0.6595,0,21;1,1,0.4935,0,152;6,1,0.2765,1,218;5,5,0.8375,0,35;4,0,0.9655,0,75;4,5,0.2575,0,71
evidence-temporal-train-01951	10	2	2	162,69,184,65,38,147,21,53,141,80,206,186,201,117,170,157,105,46,186,96,15,16,82,132,59,6,211,197,115,110,136,91,43,151,126,28	5,5,0.0475,0,124;3,4,0.7985,1,135;4,1,0.3055,0,76;7,0,0.7485,3,86;8,4,0.7105,0,130;5,2,0.1715,0,39
evidence-temporal-train-01952	1	2	0	147,184,100,25,46,80,201,123,155,65,112,208,10,21,154,59,35,141,51,69,172,134,213,180,197,90,93,86,149,4,18,117,111,139,44,178	3,0,0.5185,0,213;0,1,0.8815,1,249;2,1,0.2805,0,82;7,4,0.5935,0,131;3,5,0.1025,0,225;2,4,0.7595,0,79
evidence-temporal-train-01953	10	2	2	58,117,21,175,66,84,92,201,15,109,141,151,122,39,214,105,203,29,137,76,147,41,93,201,52,152,135,19,71,164,6,202,114,45,186,185	5,5,0.7005,0,183;4,5,0.3795,0,162;3,0,0.4655,2,164;3,2,0.8125,0,164;8,3,0.5925,0,163;1,5,0.2575,0,149
evidence-temporal-train-01954	8	1	2	156,36,21,215,93,87,134,10,16,151,105,159,141,138,186,177,56,146,206,59,70,214,180,45,157,6,117,112,111,40,80,126,33,65,90,203	5,0,0.1545,0,38;8,2,0.1305,0,125;7,1,0.3995,1,79;7,5,0.5295,0,155;8,5,0.0175,0,105;5,4,0.5795,0,157
evidence-temporal-train-01955	2	0	1	69,49,88,177,157,21,100,93,173,60,36,45,10,87,111,141,41,152,194,130,118,181,19,139,65,205,3,208,164,27,77,116,213,129,145,150	2,0,0.7965,0,58;2,2,0.2635,0,86;0,2,0.2115,0,73;4,5,0.0885,0,91;3,5,0.9215,1,64;8,0,0.7965,0,167
evidence-temporal-train-01956	1	1	0	207,184,111,5,149,204,43,138,163,213,83,17,32,123,141,79,117,181,202,35,69,146,21,45,190,135,61,89,50,97,93,67,165,14,116,171	4,4,0.3445,0,58;7,1,0.7885,0,38;1,3,0.7595,0,76;6,1,0.3755,0,142;0,5,0.9315,0,67;2,5,0.5035,0,224
evidence-temporal-train-01957	5	2	1	134,200,150,103,93,117,171,38,45,171,113,85,123,27,147,158,164,21,141,88,41,66,62,106,138,155,177,189,199,81,15,4,198,56,69,19	3,5,0.6675,0,59;2,4,0.3895,0,108;7,4,0.5485,0,209;8,3,0.0235,0,245;6,0,0.3775,0,70;2,4,0.4865,0,63
evidence-temporal-train-01958	9	3	1	40,130,56,45,195,150,124,67,62,12,141,215,148,69,26,214,164,205,174,186,93,136,117,159,16,160,107,177,83,76,38,24,112,100,91,3	2,2,0.1355,3,23;1,4,0.1215,0,11;7,4,0.6435,0,242;3,1,0.6745,0,247;3,1,0.1185,0,249;3,0,0.0695,0,41
evidence-temporal-train-01959	6	2	0	194,59,149,13,202,141,16,213,171,203,125,138,65,165,49,165,99,21,114,26,147,167,179,39,90,87,45,95,135,154,117,74,106,69,8,41	7,3,0.0295,0,27;1,5,0.3985,0,244;0,1,0.3065,0,80;1,5,0.4845,2,169;2,0,0.4615,0,96;4,5,0.4785,0,235
evidence-temporal-train-01960	8	1	2	61,69,51,183,31,113,23,97,177,185,131,108,151,77,17,94,88,41,141,139,36,12,168,169,87,64,152,185,209,45,126,119,146,5,197,205	4,2,0.2395,2,197;6,2,0.2085,0,225;2,3,0.0505,0,144;4,5,0.1205,1,190;0,2,0.3815,2,132;5,1,0.7255,0,190
evidence-temporal-train-01961	1	3	0	86,177,117,93,36,107,113,203,196,14,100,169,148,21,156,133,169,31,165,2,92,199,20,75,140,45,44,199,49,181,68,58,126,141,69,149	1,4,0.9305,0,196;6,2,0.9185,0,177;0,0,0.9685,0,63;2,4,0.9265,0,46;3,1,0.3335,0,8;5,3,0.8275,0,177
evidence-temporal-train-01962	5	2	2	42,111,12,36,103,181,147,181,63,115,21,206,45,54,64,130,3,152,160,124,69,91,82,208,197,214,141,159,93,75,140,188,117,151,17,28	2,2,0.3325,0,252;3,2,0.5665,0,195;5,5,0.0495,0,189;2,0,0.7445,0,233;6,5,0.6125,0,198;3,0,0.9005,0,103
evidence-temporal-train-01963	10	0	1	179,145,9,76,111,117,71,90,114,101,159,125,21,193,68,188,93,17,161,38,139,56,155,60,82,167,150,45,179,193,44,169,11,134,32,141	8,1,0.2405,0,52;7,4,0.9555,0,237;7,2,0.9515,2,53;3,0,0.5455,0,138;4,5,0.5775,0,15;4,4,0.6115,0,39
evidence-temporal-train-01964	2	3	0	76,18,21,90,158,34,43,50,69,7,170,183,132,169,211,59,187,12,201,194,117,45,215,109,93,136,113,67,149,148,84,200,28,128,141,104	6,2,0.5665,0,165;3,0,0.7375,0,238;1,1,0.7705,0,41;3,2,0.4735,0,125;7,3,0.2345,0,112;7,2,0.0865,0,68
evidence-temporal-train-01965	1	0	2	139,90,97,174,34,165,67,93,158,21,181,183,160,123,57,3,151,40,107,13,204,75,19,145,135,178,85,25,59,45,115,177,69,141,117,173	2,3,0.6905,0,161;0,0,0.0525,0,88;8,1,0.6825,0,146;2,3,0.5195,0,43;0,1,0.7285,0,152;2,5,0.7545,0,171
evidence-temporal-train-01966	9	3	0	124,69,5,207,30,40,93,194,21,141,168,10,88,56,180,137,45,165,190,76,85,158,59,149,34,113,201,130,107,17,197,189,117,68,101,148	4,0,0.3275,0,193;5,0,0.1395,0,163;7,1,0.9425,0,195;3,3,0.1475,0,159;4,1,0.2355,0,148;3,0,0.3385,0,199
evidence-temporal-train-01967	1	1	1	117,150,114,168,173,163,31,72,198,91,141,136,208,3,131,212,40,21,78,16,128,64,93,108,154,99,10,54,48,63,166,212,38,82,146,201	2,0,0.0385,0,5;6,4,0.1065,3,158;5,5,0.0835,3,212;5,0,0.7005,0,210;2,2,0.4665,0,133;7,1,0.0825,0,197
evidence-temporal-train-01968	3	0	0	50,39,40,19,128,98,76,117,162,58,26,183,199,68,145,92,141,201,70,178,188,86,106,200,15,4,149,47,136,93,175,133,153,21,115,161	3,5,0.7145,0,133;1,5,0.0815,2,40;1,0,0.8375,1,24;3,4,0.9845,0,242;1,0,0.6065,0,158;7,3,0.0445,0,14
evidence-temporal-train-01969	7	0	1	207,157,215,150,26,44,214,93,117,169,82,75,202,145,11,199,107,122,64,21,113,6,212,37,58,18,201,69,91,137,187,45,141,131,99,53	5,1,0.5485,0,129;1,3,0.8785,0,219;4,0,0.1625,0,174;2,0,0.6675,0,217;2,1,0.3405,0,128;1,1,0.3615,0,142
evidence-temporal-train-01970	7	3	2	163,36,69,151,18,177,93,40,117,125,21,2,92,74,140,130,198,197,188,12,66,31,45,172,174,182,178,60,142,113,197,148,85,52,104,110	1,2,0.4745,0,141;6,2,0.0855,0,158;3,2,0.5315,0,108;1,3,0.9155,0,16;7,4,0.2915,0,85;4,0,0.9605,1,172
evidence-temporal-train-01971	5	2	2	213,81,56,92,108,65,16,134,70,63,1,141,83,202,100,115,147,172,178,124,36,204,139,161,93,117,12,210,47,215,151,157,27,203,40,21	0,2,0.1595,0,129;2,2,0.1875,2,111;7,5,0.3835,1,90;8,1,0.8475,0,74;3,2,0.6075,0,96;3,4,0.7535,0,145
evidence-temporal-train-01972	8	0	0	184,184,21,128,20,132,28,59,169,112,166,179,6,136,55,97,106,69,117,38,192,199,88,141,41,86,199,67,13,45,149,145,93,76,210,154	5,3,0.8085,0,173;3,4,0.2995,0,153;6,1,0.6255,0,76;3,4,0.0795,0,242;0,0,0.1505,0,178;7,2,0.0155,0,101
evidence-temporal-train-01973	5	3	2	92,173,140,109,183,69,35,178,148,116,163,93,25,117,10,124,64,208,154,103,46,209,83,17,193,44,6,141,52,24,213,73,130,185,59,151	5,0,0.2695,3,53;0,1,0.8375,1,172;3,1,0.0805,0,26;0,1,0.9055,0,70;6,3,0.8315,0,224;3,0,0.9615,0,233
evidence-temporal-train-01974	9	2	1	102,21,10,176,139,36,130,156,158,172,44,193,47,209,106,69,204,8,117,28,174,141,122,150,66,93,19,147,77,92,113,63,83,56,185,164	7,0,0.7265,0,30;3,2,0.8775,2,105;7,5,0.4115,0,200;4,1,0.8635,0,139;5,0,0.2715,0,85;1,0,0.6645,0,198
evidence-temporal-train-01975	5	0	1	152,79,59,30,69,185,180,99,163,150,177,144,114,161,21,15,40,106,1,93,138,205,89,17,64,117,53,121,154,145,163,179,48,87,37,131	0,5,0.3795,0,20;5,3,0.0715,3,100;4,1,0.0545,0,7;6,5,0.3805,0,19;2,0,0.4585,0,192;0,1,0.5685,3,50
evidence-temporal-train-01976	3	0	0	76,35,28,145,115,59,21,18,160,156,138,42,117,152,190,93,196,141,15,192,203,109,90,167,102,52,68,124,154,149,1,45,201,69,86,135	0,5,0.4555,0,238;3,1,0.5785,0,188;3,1,0.9615,0,104;3,4,0.5985,0,219;5,3,0.7875,0,36;3,5,0.5935,0,241
evidence-temporal-train-01977	2	2	1	183,40,117,45,34,140,212,16,179,76,169,7,69,54,65,61,181,147,82,141,122,130,200,201,106,104,28,22,93,150,180,10,90,187,159,113	6,0,0.0595,1,102;3,0,0.0925,0,170;5,3,0.2345,0,21;3,0,0.4945,0,81;7,0,0.2025,0,137;1,0,0.8735,0,255
evidence-temporal-train-01978	10	0	2	11,83,23,215,61,166,41,134,208,157,2,57,138,93,141,215,17,185,113,127,103,191,151,179,69,117,66,208,48,88,106,145,77,177,35,33	1,1,0.3245,2,150;8,1,0.2515,3,218;8,3,0.4915,0,128;4,1,0.1725,0,60;6,0,0.2175,0,31;6,4,0.5355,0,212
evidence-temporal-train-01979	10	0	2	58,141,68,124,43,155,52,138,177,35,131,174,84,187,162,110,101,45,178,17,145,2,151,117,69,212,88,93,159,75,23,208,209,33,13,116	1,3,0.2555,2,166;8,1,0.6065,0,245;3,0,0.8005,0,105;2,2,0.1475,0,224;4,4,0.9875,0,97;3,1,0.4745,0,129
evidence-temporal-train-01980	3	0	0	141,118,166,164,34,93,207,91,116,69,21,196,45,202,149,43,27,85,210,139,193,56,13,155,111,58,98,123,132,4,79,20,67,153,208,145	3,3,0.8775,0,197;2,0,0.7065,0,8;7,0,0.7195,0,65;6,3,0.6675,0,152;1,5,0.9995,1,51;2,2,0.7495,0,154
evidence-temporal-train-01981	9	2	1	215,10,111,29,141,50,159,89,203,115,19,21,61,78,104,68,182,3,147,134,198,44,128,117,177,150,205,69,139,95,45,161,159,87,206,38	2,0,0.7385,0,96;4,4,0.8475,0,213;1,3,0.9545,0,165;5,5,0.2115,2,61;7,5,0.7415,0,123;7,4,0.6755,0,31
evidence-temporal-train-01982	10	3	2	88,117,41,23,45,165,116,5,110,33,140,154,151,37,95,173,101,215,170,69,12,141,76,159,161,67,148,133,52,86,164,122,202,61,171,19	4,2,0.7175,2,56;8,3,0.2645,0,206;3,3,0.6335,0,135;3,4,0.0885,2,207;4,4,0.8725,0,215;1,3,0.8555,0,13
evidence-temporal-train-01983	10	2	2	53,206,141,198,185,151,157,83,90,120,15,107,4,147,66,93,213,196,133,44,30,18,69,115,47,126,137,100,172,171,192,209,63,78,38,21	3,5,0.5945,0,147;5,4,0.9595,2,136;4,5,0.5715,0,80;5,1,0.4425,0,163;3,1,0.6625,3,151;5,3,0.2755,0,58
evidence-temporal-train-01984	10	0	2	43,117,51,17,198,21,10,164,33,186,46,133,176,141,157,102,215,115,215,90,138,197,59,192,111,68,69,4,151,125,164,145,38,96,85,74	3,0,0.3795,0,161;8,4,0.6225,1,123;2,1,0.8905,0,196;1,3,0.4925,3,142;5,5,0.6125,0,55;4,3,0.5705,0,127
evidence-temporal-train-01985	6	1	0	178,1,170,116,15,50,142,146,26,123,180,37,82,73,180,210,159,89,21,110,134,69,97,140,212,93,174,40,188,60,19,120,45,66,157,149	0,5,0.6345,0,244;1,3,0.1425,0,121;1,2,0.5995,0,202;0,0,0.2335,0,166;0,4,0.9025,3,79;2,4,0.9935,1,9
evidence-temporal-train-01986	10	2	0	16,14,164,1,40,21,162,130,149,88,86,61,112,129,181,173,93,27,147,69,178,117,158,165,141,57,211,45,139,104,108,78,65,189,35,194	0,4,0.1775,0,248;2,1,0.1525,0,200;8,3,0.3025,0,57;5,4,0.1935,0,124;7,2,0.0695,0,222;8,0,0.7585,0,94
evidence-temporal-train-01987	8	0	1	141,171,117,60,145,44,209,35,18,185,184,92,214,78,25,85,139,171,45,69,114,53,22,185,4,128,109,93,205,130,11,102,150,181,164,65	3,1,0.4835,1,41;0,1,0.9735,0,18;4,2,0.2505,0,212;5,3,0.9155,0,252;5,3,0.5845,0,2;7,0,0.7415,0,208
evidence-temporal-train-01988	1	1	1	168,166,212,51,140,199,40,84,23,45,122,160,93,144,106,34,120,158,11,30,146,161,73,186,69,2,18,153,150,101,62,92,132,66,174,112	1,1,0.4715,2,145;5,0,0.0475,0,29;2,4,0.5415,0,234;0,2,0.9845,0,55;4,0,0.0105,3,13;1,2,0.8835,3,191
evidence-temporal-train-01989	9	0	0	168,208,163,46,112,181,134,8,110,21,145,141,20,170,63,149,90,117,73,154,104,69,93,212,83,41,214,140,203,64,55,29,35,15,196,128	7,5,0.8515,0,94;4,1,0.3055,1,228;6,5,0.0235,0,36;0,1,0.4235,0,243;7,4,0.1715,0,92;7,4,0.9555,0,214
evidence-temporal-train-01990	9	2	1	46,64,150,10,49,180,116,69,39,109,74,141,18,21,196,9,95,133,176,157,138,193,147,193,173,83,212,128,40,58,102,214,27,91,120,173	8,0,0.4675,0,83;2,5,0.0615,1,235;0,0,0.0885,0,150;1,1,0.6175,2,68;5,3,0.9855,3,209;7,3,0.4555,0,182
evidence-temporal-train-01991	3	0	2	133,20,43,176,199,68,3,177,10,162,96,45,27,145,129,63,21,71,36,203,197,52,78,117,191,100,185,86,172,92,116,110,203,151,141,137	2,0,0.9295,0,208;2,2,0.6005,0,15;3,5,0.8335,2,29;5,4,0.9295,3,246;3,4,0.9885,0,0;8,3,0.2675,0,35
evidence-temporal-train-01992	1	0	0	117,12,134,136,173,202,96,3,21,178,145,38,200,112,99,45,160,143,19,69,208,188,42,88,159,149,87,108,77,64,163,122,27,214,62,57	2,2,0.7755,0,118;2,4,0.5365,0,176;8,4,0.0725,0,243;4,5,0.0955,3,65;2,2,0.1595,0,134;1,4,0.1115,2,245
evidence-temporal-train-01993	9	2	2	181,202,151,105,126,18,37,197,80,21,141,69,50,41,96,112,117,211,31,130,164,14,139,167,83,59,156,66,147,170,8,110,168,45,189,92	7,4,0.4425,0,47;6,3,0.3515,0,112;1,1,0.5595,0,79;7,1,0.9325,3,233;8,4,0.0575,0,63;5,0,0.7955,0,0
evidence-temporal-train-01994	1	3	2	8,164,75,27,44,141,136,170,151,93,209,87,51,168,192,13,148,111,121,23,175,206,117,113,18,67,192,47,152,59,69,131,34,104,161,90	7,3,0.4725,2,78;2,0,0.8215,2,105;2,1,0.6585,0,245;2,5,0.5325,0,194;7,5,0.2565,0,89;0,1,0.1255,0,213
evidence-temporal-train-01995	7	2	2	74,90,45,207,26,85,6,185,182,22,136,199,93,51,12,151,38,129,166,114,187,143,132,111,147,200,98,117,72,40,59,213,16,68,156,155	5,2,0.0875,1,55;1,4,0.0135,0,255;2,1,0.9805,3,176;1,3,0.4615,0,162;1,5,0.4285,0,236;8,2,0.0355,2,181
evidence-temporal-train-01996	0	3	0	83,52,149,187,24,195,136,76,10,210,97,212,106,62,134,92,155,68,182,171,141,166,19,117,6,159,161,148,39,69,112,47,27,42,93,122	5,0,0.6115,3,166;2,5,0.5335,2,248;3,4,0.8245,0,64;3,1,0.8365,0,140;0,0,0.1945,0,68;1,4,0.0835,0,52
evidence-temporal-train-01997	9	0	2	159,41,21,70,145,107,141,210,119,164,130,19,208,58,123,151,156,27,100,80,57,8,45,113,87,92,139,93,189,190,200,155,188,39,11,64	7,1,0.7515,0,181;2,5,0.3625,0,33;8,0,0.1385,1,229;7,5,0.9375,0,17;3,1,0.3235,2,222;2,0,0.7675,0,119
evidence-temporal-train-01998	1	0	2	155,83,17,65,117,3,206,31,155,12,145,189,121,115,78,159,69,52,42,99,21,163,45,140,91,176,207,37,131,151,165,93,59,108,197,141	2,2,0.3145,0,232;6,3,0.5155,0,138;3,1,0.3595,0,193;5,1,0.6175,0,20;2,2,0.7555,0,246;0,1,0.8105,0,90
evidence-temporal-train-01999	0	3	0	106,168,45,93,98,91,30,20,86,40,196,199,69,24,191,148,117,160,161,138,131,15,77,66,115,181,154,202,121,186,149,38,141,52,61,1	0,5,0.8175,3,87;5,4,0.0855,0,125;3,3,0.4765,0,253;4,4,0.6895,0,221;1,0,0.6845,0,110;0,1,0.4725,0,67
evidence-temporal-train-02000	1	0	1	87,36,124,181,21,180,162,58,141,52,11,140,99,27,75,131,72,188,2,45,150,68,94,16,192,176,153,115,174,40,145,91,169,109,174,117	1,1,0.1755,0,218;2,2,0.1695,0,50;3,0,0.9415,3,75;2,5,0.6195,1,172;2,3,0.7715,0,223;3,1,0.9305,0,223
evidence-temporal-train-02001	2	1	1	130,209,49,200,88,190,20,39,143,59,68,82,209,69,163,190,117,26,199,93,169,42,150,75,138,112,105,9,160,12,21,146,111,48,192,121	8,2,0.9325,0,253;1,5,0.5345,3,173;0,1,0.9195,0,34;2,0,0.1825,0,71;8,5,0.0065,0,183;0,0,0.4515,2,114
evidence-temporal-train-02002	7	0	2	200,145,120,196,51,139,165,2,71,45,113,211,123,74,155,93,111,64,179,103,61,29,18,183,151,179,92,157,41,38,152,133,21,14,86,141	1,4,0.5435,0,71;4,4,0.3925,0,171;2,3,0.0905,2,31;1,4,0.8205,0,52;6,5,0.3125,3,240;2,3,0.7195,0,91
evidence-temporal-train-02003	3	0	0	4,163,75,206,160,93,188,121,166,113,45,88,28,182,42,139,21,145,53,15,209,69,119,101,132,18,178,149,111,67,153,36,141,85,61,181	3,5,0.5255,0,69;3,2,0.4335,0,100;4,3,0.7525,0,221;2,3,0.1015,0,77;4,5,0.3085,2,203;0,2,0.6755,0,123
evidence-temporal-train-02004	2	3	2	186,117,151,128,77,107,40,71,36,103,20,93,132,163,24,182,45,196,170,215,148,27,3,67,181,140,114,141,14,84,56,91,204,187,63,161	2,4,0.8445,3,107;2,2,0.0375,0,41;7,5,0.6875,2,126;4,2,0.7605,0,87;6,1,0.4555,0,235;7,2,0.9255,0,58
evidence-temporal-train-02005	1	0	2	215,127,5,45,93,200,23,182,187,179,191,132,139,34,185,111,41,151,27,214,113,76,83,145,100,69,179,67,141,92,18,61,159,13,119,51	4,3,0.4785,2,14;2,0,0.2625,0,89;2,3,0.7675,0,175;3,1,0.8925,0,16;3,5,0.2905,2,241;6,2,0.6645,0,72
evidence-temporal-train-02006	9	3	2	117,130,32,20,213,151,38,91,107,116,78,124,185,93,21,158,190,138,61,51,69,82,7,45,176,171,162,165,169,160,65,11,142,98,148,44	6,1,0.8065,0,105;7,4,0.9805,0,195;2,3,0.3875,0,134;5,0,0.6385,0,29;1,1,0.9575,0,214;3,0,0.5885,1,137
evidence-temporal-train-02007	1	3	2	69,148,68,151,160,45,9,117,200,169,197,76,109,186,124,42,212,92,130,51,16,178,29,141,35,112,15,199,82,21,215,137,61,193,93,105	8,5,0.0435,0,248;4,1,0.4285,0,99;2,3,0.9505,0,172;3,0,0.8685,0,158;8,3,0.1665,0,84;3,0,0.3425,0,17
evidence-temporal-train-02008	5	2	2	43,31,143,17,92,65,161,210,101,123,77,158,93,175,8,206,134,12,156,183,39,69,45,55,21,86,137,181,151,206,154,58,112,117,111,147	7,2,0.2975,0,243;6,5,0.6495,0,67;6,0,0.2355,0,235;4,4,0.8295,0,191;4,5,0.1255,0,108;2,4,0.3855,2,251
evidence-temporal-train-02009	2	3	2	45,209,38,88,82,4,197,99,71,62,10,117,112,143,94,174,198,55,198,148,135,78,21,106,154,151,121,17,156,66,138,195,25,191,154,40	3,0,0.2085,0,198;0,4,0.1805,0,198;6,4,0.5095,2,77;5,0,0.1175,1,42;2,0,0.1975,0,208;0,5,0.5665,2,220
evidence-temporal-train-02010	8	0	2	169,114,180,92,142,185,145,109,6,207,44,30,93,140,200,120,211,46,98,35,51,69,170,165,121,135,20,14,21,64,193,84,151,73,63,196	5,4,0.9645,0,142;5,1,0.8595,1,101;2,5,0.0665,0,213;0,2,0.8035,0,194;1,3,0.5945,3,207;0,5,0.9985,1,173
evidence-temporal-train-02011	9	0	1	199,159,38,165,91,66,111,139,141,44,61,166,177,150,80,113,134,57,186,124,198,48,214,31,21,18,87,11,119,93,3,101,196,145,200,69	2,1,0.5345,0,145;6,4,0.9645,3,192;8,3,0.5565,0,165;7,5,0.7945,0,192;4,5,0.3685,2,190;3,4,0.7855,0,220
evidence-temporal-train-02012	10	3	2	84,29,212,13,136,45,20,50,212,193,186,191,117,162,135,36,42,123,62,94,99,141,78,116,107,178,151,89,165,148,173,66,9,170,72,21	8,3,0.9915,0,46;4,2,0.5165,0,153;1,4,0.5395,3,234;5,2,0.2165,1,43;2,1,0.8925,0,4;2,5,0.0755,0,35
evidence-temporal-train-02013	10	0	1	45,129,141,19,203,150,117,21,59,106,145,206,99,10,89,113,154,134,164,66,174,93,40,34,82,7,168,162,70,140,28,186,51,81,201,190	6,0,0.7585,0,212;3,0,0.0705,0,71;2,1,0.5125,1,119;8,0,0.3715,0,32;2,0,0.2085,0,55;8,4,0.9175,0,147
evidence-temporal-train-02014	0	3	0	124,205,71,185,172,45,11,51,141,148,21,115,18,174,64,74,160,30,180,105,135,196,61,36,117,181,82,94,8,110,140,212,89,175,149,42	7,1,0.4775,0,163;5,2,0.4555,0,7;2,3,0.1545,2,249;1,0,0.2795,1,138;8,4,0.7505,0,109;3,5,0.9815,0,214
evidence-temporal-train-02015	9	3	2	21,26,210,196,89,158,19,37,86,93,11,69,57,117,151,104,114,111,201,139,123,207,45,141,67,44,77,214,176,148,177,215,135,58,9,166	8,1,0.6505,0,87;1,3,0.8715,0,247;8,0,0.6025,0,182;4,4,0.2295,0,4;7,5,0.4795,0,164;2,5,0.7165,0,141
evidence-temporal-train-02016	10	0	0	193,178,101,81,161,3,197,57,109,141,21,114,192,187,167,187,149,96,85,18,60,117,45,41,39,66,145,125,89,138,69,167,131,160,31,11	2,1,0.4595,0,130;6,5,0.3415,0,92;8,2,0.4715,0,151;8,3,0.2435,3,110;4,3,0.4485,0,15;4,1,0.4685,0,160
evidence-temporal-train-02017	5	2	0	105,69,45,149,63,166,75,211,125,181,107,195,21,112,91,161,207,66,54,15,211,93,4,153,147,31,85,153,141,43,35,20,117,160,139,130	3,5,0.9135,0,104;6,1,0.6225,0,40;5,5,0.4265,0,179;2,3,0.6385,0,29;8,1,0.0975,0,209;4,0,0.7585,0,89
evidence-temporal-train-02018	1	0	0	111,40,137,214,27,175,17,171,213,75,145,197,92,53,69,2,117,167,93,202,86,98,127,141,64,14,62,37,45,180,204,22,149,193,133,113	1,4,0.3025,1,74;2,3,0.0815,0,48;4,4,0.1535,0,177;2,4,0.9305,0,235;1,5,0.2355,0,115;6,3,0.3815,0,107
evidence-temporal-train-02019	10	0	0	21,154,85,57,132,28,138,13,69,117,7,101,47,60,88,39,190,149,177,43,111,184,125,162,145,195,93,194,114,16,156,176,141,64,74,196	6,3,0.1855,0,15;3,5,0.6675,2,154;8,2,0.0265,0,192;1,3,0.0015,0,34;4,5,0.5225,0,39;4,2,0.5045,0,12
evidence-temporal-train-02020	7	2	0	210,116,2,147,215,45,95,27,21,123,20,141,81,61,196,65,168,13,89,152,188,193,169,210,50,133,119,69,136,107,149,41,87,100,35,178	1,3,0.8305,0,102;2,1,0.2915,0,86;1,3,0.3445,0,60;8,5,0.3005,2,53;3,1,0.8495,2,247;2,3,0.1765,0,21
evidence-temporal-train-02021	1	3	2	27,159,70,200,65,139,9,117,189,83,93,97,45,129,134,156,92,19,215,162,59,112,142,107,39,52,179,151,75,21,156,203,11,204,148,43	8,1,0.7875,0,110;2,5,0.7865,0,199;3,1,0.3845,1,80;2,1,0.8725,0,248;0,1,0.1625,0,8;8,4,0.6735,1,162
evidence-temporal-train-02022	8	2	2	117,71,4,164,128,151,11,60,48,21,137,89,210,209,107,42,164,67,35,93,115,178,132,197,141,78,171,164,213,17,27,99,147,56,87,205	3,1,0.3635,0,254;2,1,0.4335,3,55;7,2,0.6405,2,94;5,5,0.3405,0,117;2,1,0.6405,0,115;7,2,0.2015,0,146
evidence-temporal-train-02023	3	0	1	200,42,165,114,92,29,150,81,173,202,69,45,171,36,107,63,118,127,93,68,139,131,3,158,193,100,52,87,170,13,19,145,203,178,21,141	2,3,0.6535,0,61;4,2,0.4035,0,207;3,5,0.8095,0,202;8,5,0.9745,0,216;3,1,0.5145,1,27;6,1,0.7145,0,86
evidence-temporal-train-02024	10	0	2	181,35,18,9,44,141,25,185,21,176,190,92,15,117,205,114,180,93,70,108,76,85,161,185,67,169,145,151,123,134,63,208,53,105,139,45	8,5,0.5095,0,98;0,1,0.9665,0,167;4,5,0.7185,1,32;3,3,0.8125,0,111;8,2,0.4315,0,151;2,4,0.7485,0,46
evidence-temporal-train-02025	3	0	2	15,32,191,24,183,37,3,131,167,145,48,69,208,207,121,20,117,52,61,114,93,82,99,159,108,210,88,191,151,174,73,141,137,43,67,186	2,5,0.9185,3,61;7,3,0.7035,3,208;3,3,0.7605,0,237;0,0,0.1675,0,133;2,2,0.5875,0,15;0,1,0.3265,0,228
evidence-temporal-train-02026	1	2	0	17,188,42,76,208,34,189,149,154,65,128,154,115,84,45,139,69,180,57,117,99,215,11,21,62,197,109,88,143,134,173,96,27,7,187,147	6,1,0.2645,0,235;2,0,0.5015,0,71;8,4,0.2455,0,75;3,2,0.0935,3,145;2,3,0.7475,0,147;7,4,0.6195,2,224
evidence-temporal-train-02027	5	0	1	192,207,52,208,177,45,88,69,141,164,180,87,35,123,93,59,7,145,204,136,15,200,21,135,117,30,20,108,64,44,73,116,167,150,180,105	6,5,0.9105,0,106;5,1,0.8785,0,245;3,1,0.0105,0,60;0,5,0.1605,0,90;8,2,0.9125,0,199;2,5,0.1745,0,159
evidence-temporal-train-02028	1	2	2	113,151,36,64,131,121,21,158,147,42,169,161,3,214,198,102,95,175,90,176,167,108,20,141,55,74,87,117,166,13,45,69,154,139,58,32	2,3,0.8355,0,170;7,2,0.4935,0,174;6,0,0.1695,0,89;1,5,0.4835,2,17;5,2,0.2565,0,25;0,1,0.7965,0,160
evidence-temporal-train-02029	2	2	1	123,201,162,198,134,100,86,150,69,166,213,195,147,21,35,116,171,54,95,45,10,163,199,62,108,144,117,19,80,92,67,177,29,3,136,43	2,0,0.6625,0,151;4,1,0.6285,0,243;5,4,0.6045,0,212;7,4,0.9285,2,50;3,2,0.9945,0,254;2,4,0.0745,3,86
evidence-temporal-train-02030	0	3	0	43,182,116,45,53,201,17,149,85,8,125,64,171,27,148,21,35,153,167,138,58,100,93,132,141,201,88,69,196,117,205,188,109,76,200,10	7,0,0.2215,0,39;2,1,0.6655,0,67;4,0,0.1815,0,150;3,3,0.0985,0,93;3,3,0.9505,0,58;4,2,0.5415,0,85
evidence-temporal-train-02031	1	0	0	6,115,35,21,194,27,149,45,82,134,145,209,62,108,20,13,123,180,197,193,171,205,141,153,163,65,93,81,117,88,138,69,180,40,57,98	5,3,0.9415,0,167;2,1,0.1865,0,11;8,4,0.3355,0,161;8,0,0.1805,0,125;1,2,0.6725,0,204;2,4,0.4815,0,51
evidence-temporal-train-02032	9	0	2	17,140,75,69,93,204,196,56,127,132,171,36,180,166,45,151,113,214,63,211,106,28,141,21,102,199,174,145,68,82,117,4,41,90,205,14	3,4,0.3335,0,157;3,2,0.3965,0,80;7,5,0.9785,0,39;2,0,0.5235,0,129;5,0,0.2365,0,233;6,2,0.9035,0,203
evidence-temporal-train-02033	1	2	2	112,19,152,33,143,193,211,93,4,37,213,153,100,168,68,51,139,151,78,108,82,69,45,210,40,91,117,177,135,147,201,15,61,155,22,122	3,5,0.6735,1,34;8,3,0.0345,0,224;2,3,0.8375,0,143;5,0,0.7435,0,201;3,2,0.0725,0,144;1,5,0.6555,2,27
evidence-temporal-train-02034	1	1	1	157,194,188,45,195,155,109,113,6,38,196,171,146,202,121,58,53,92,42,141,64,103,190,137,18,13,96,77,150,21,207,117,27,85,130,69	5,3,0.5515,0,174;2,4,0.5115,0,72;4,0,0.1245,0,58;4,3,0.9375,3,36;6,3,0.2675,0,68;0,0,0.3385,0,28
evidence-temporal-train-02035	5	2	0	64,104,144,168,10,149,171,163,117,92,17,195,69,206,156,21,76,45,136,167,109,147,160,58,93,49,212,4,87,112,38,41,166,128,134,33	3,0,0.2935,0,204;8,4,0.3405,0,109;0,0,0.1985,0,251;3,5,0.9805,0,42;7,3,0.0785,0,43;7,4,0.1125,3,240
evidence-temporal-train-02036	1	3	2	209,117,99,1,69,141,116,75,183,42,138,214,109,206,206,12,148,91,130,38,85,45,66,126,154,197,59,200,28,171,51,93,151,16,21,174	0,2,0.0015,0,167;3,4,0.5505,0,235;2,1,0.5865,0,253;2,3,0.6845,0,128;2,3,0.9725,0,68;5,0,0.4435,0,151
evidence-temporal-train-02037	1	3	2	141,10,21,180,84,184,129,32,148,210,18,134,117,92,171,201,99,47,69,111,38,158,137,193,152,116,207,3,50,64,75,151,160,58,44,96	2,0,0.4415,0,192;7,4,0.9815,2,38;1,0,0.0585,0,112;2,2,0.9165,3,249;2,5,0.9875,0,166;8,4,0.3165,0,109
evidence-temporal-train-02038	6	0	1	116,145,137,141,150,19,133,167,190,213,1,27,64,69,214,49,84,21,14,125,93,162,167,175,40,120,189,107,58,45,90,169,99,195,37,76	0,4,0.6925,0,73;2,3,0.1525,0,154;0,0,0.0205,0,205;3,2,0.5855,0,252;2,1,0.9385,3,21;4,3,0.3525,0,110
evidence-temporal-train-02039	3	0	0	19,45,66,187,84,112,122,33,98,73,130,117,145,106,43,38,184,63,92,6,93,213,69,205,149,178,14,137,52,22,141,193,156,163,152,205	5,4,0.6655,1,91;8,4,0.6985,0,51;3,5,0.4755,0,2;0,2,0.9285,0,219;1,0,0.1635,0,47;1,0,0.3605,0,190
evidence-temporal-train-02040	10	2	2	135,65,49,166,199,141,113,184,15,76,147,204,95,168,136,69,21,90,19,63,207,162,84,111,158,210,5,27,163,37,42,117,124,151,45,102	4,5,0.7955,0,249;2,3,0.5605,0,141;0,5,0.2215,0,230;3,2,0.4245,2,212;5,5,0.3835,0,70;3,5,0.1485,0,179
evidence-temporal-train-02041	10	3	1	165,8,37,177,132,69,12,123,117,75,116,140,24,91,53,148,45,142,190,199,61,27,152,154,150,65,111,18,204,165,82,44,183,188,101,93	7,2,0.4135,3,236;2,3,0.9655,0,141;4,3,0.3925,0,174;2,0,0.7665,0,218;4,5,0.9315,0,121;2,2,0.8265,1,255
evidence-temporal-train-02042	6	0	2	169,193,115,1,15,81,178,62,37,71,141,215,152,83,123,131,145,94,111,138,151,20,42,68,155,173,195,21,28,45,118,88,105,57,195,163	0,5,0.9825,0,117;3,3,0.5015,0,131;8,4,0.8145,2,249;8,1,0.1325,1,122;8,5,0.6575,1,89;2,1,0.5585,0,100
evidence-temporal-train-02043	6	2	0	141,78,88,57,189,136,211,45,69,189,108,13,1,131,153,36,185,191,212,124,155,196,93,114,67,100,41,25,19,85,147,170,119,58,21,149	0,3,0.7965,0,142;0,2,0.3605,0,212;8,0,0.6985,0,124;5,3,0.1675,0,184;3,2,0.5695,2,32;3,1,0.1425,0,121
evidence-temporal-train-02044	1	0	0	27,131,138,199,91,197,208,21,180,107,93,141,3,86,163,64,104,45,17,69,113,117,11,145,193,123,149,43,79,162,63,153,37,50,154,209	2,1,0.2765,0,67;2,3,0.7635,0,251;1,5,0.1965,0,170;6,4,0.6645,0,175;7,1,0.2955,0,118;2,1,0.5585,0,175
evidence-temporal-train-02045	5	2	1	40,1,174,189,141,147,150,159,100,37,115,21,89,205,153,12,136,69,128,26,110,58,117,152,192,154,45,64,132,161,76,93,18,191,82,49	0,2,0.5895,0,159;1,3,0.0155,0,229;0,0,0.1755,0,62;3,0,0.2985,0,69;3,4,0.6625,0,137;7,2,0.1685,0,77
evidence-temporal-train-02046	8	1	1	214,36,21,133,3,196,141,192,15,29,66,102,205,171,215,146,78,164,127,174,71,136,93,47,117,42,60,116,106,16,203,88,84,150,49,196	2,5,0.0075,0,204;4,2,0.5895,2,249;0,2,0.4595,2,69;5,2,0.0485,0,229;5,0,0.8585,0,152;6,3,0.0875,0,32
evidence-temporal-train-02047	10	1	2	171,155,167,107,42,199,151,82,78,159,39,141,146,114,214,99,188,17,205,157,10,69,135,21,157,27,67,46,140,125,91,96,58,54,117,1	0,0,0.2635,0,246;2,5,0.4815,1,28;5,0,0.6295,0,234;5,0,0.6235,3,127;2,1,0.5715,0,102;4,5,0.9725,0,9
