claim-interventional-train-00000	6	3	0	186,99,193,183,40,73,121,19,149,21,68,31,69,135,87,214,197,89,45,180,12,53,160,173,148,93,3,119,107,113,38,141,194,140,157,61	2,2,0.7615,0,68;6,4,0.1325,0,182;4,3,0.8755,0,222;0,5,0.3845,0,215;2,1,0.3885,2,78;0,5,0.8095,0,29
claim-interventional-train-00001	5	2	2	176,112,29,42,183,21,136,82,57,98,120,147,187,88,185,17,151,155,195,78,111,58,141,4,207,68,94,47,211,69,193,129,14,34,134,166	3,4,0.2575,0,30;4,0,0.5685,2,214;8,0,0.9465,0,228;5,0,0.1655,1,169;1,5,0.0645,3,151;8,4,0.0935,0,3
claim-interventional-train-00002	5	2	2	167,151,141,22,95,9,179,204,178,197,200,39,86,113,11,53,107,132,62,199,170,92,42,124,45,76,66,138,17,147,170,69,100,117,177,28	8,1,0.2375,1,103;3,5,0.4365,0,177;4,4,0.4875,0,114;3,4,0.8955,2,22;3,1,0.2005,0,202;3,2,0.4795,0,110
claim-interventional-train-00003	1	0	0	51,116,26,175,155,93,200,40,200,141,45,18,111,66,88,187,178,145,83,183,97,149,37,3,133,69,177,60,77,125,158,21,117,136,193,14	2,4,0.4505,0,125;1,3,0.1175,0,255;2,2,0.5905,0,123;4,1,0.0055,0,13;0,5,0.8485,0,152;4,3,0.0205,0,116
claim-interventional-train-00004	1	0	1	35,212,93,80,145,187,190,69,150,118,208,88,112,28,193,19,84,142,140,51,47,170,68,188,21,168,123,174,13,41,63,215,97,134,111,2	1,3,0.7245,0,249;3,1,0.2725,2,115;2,5,0.9455,0,75;7,2,0.1905,0,225;0,5,0.1765,1,194;2,4,0.9555,1,98
claim-interventional-train-00005	7	3	1	150,34,28,97,181,61,188,112,74,137,170,141,134,72,153,64,84,45,93,110,21,192,92,159,40,53,190,152,117,173,20,122,210,7,10,148	6,0,0.8955,0,177;3,0,0.1215,0,101;4,3,0.0605,3,30;1,2,0.8625,0,123;0,4,0.1855,0,59;1,4,0.3725,0,237
claim-interventional-train-00006	5	1	1	155,4,146,62,205,84,196,158,15,66,123,45,69,42,101,197,141,37,131,107,95,91,117,139,55,188,31,150,16,21,152,193,194,113,162,73	3,5,0.1485,0,155;6,3,0.5145,0,126;6,4,0.5455,0,144;0,2,0.6685,2,38;4,1,0.2895,0,133;2,1,0.7635,0,129
claim-interventional-train-00007	2	2	0	20,124,38,72,28,185,1,117,114,177,12,191,107,149,141,45,85,147,171,88,174,65,52,181,206,196,139,102,95,21,179,131,43,59,158,78	0,2,0.8335,0,241;3,4,0.7225,0,204;3,1,0.2575,3,23;5,3,0.1025,2,220;5,1,0.4905,0,107;3,1,0.7165,0,91
claim-interventional-train-00008	1	1	2	15,91,144,108,85,53,194,58,140,133,45,69,172,18,27,79,165,3,68,163,117,151,41,212,99,214,185,208,94,112,146,121,21,186,152,39	2,5,0.5605,0,150;2,5,0.2165,0,57;4,0,0.8185,0,238;6,3,0.7735,1,122;2,2,0.1885,0,73;0,3,0.9185,3,14
claim-interventional-train-00009	7	3	1	117,69,63,189,18,148,80,211,93,107,160,88,157,40,188,45,173,135,36,11,212,83,102,21,50,195,112,141,33,65,150,203,181,137,122,1	0,1,0.4205,0,178;8,2,0.0815,0,122;1,5,0.3095,0,42;7,1,0.1355,0,136;5,1,0.0285,0,15;1,5,0.2585,0,79
claim-interventional-train-00010	6	3	2	109,208,91,135,73,27,185,59,1,42,175,210,66,128,148,20,37,160,96,82,138,144,183,70,156,112,47,21,117,200,55,191,171,105,151,15	0,5,0.8905,0,86;2,3,0.5475,2,84;6,1,0.4475,1,184;0,0,0.6315,3,66;8,3,0.0225,0,167;7,5,0.4895,3,180
claim-interventional-train-00011	5	1	0	207,153,190,115,8,146,89,47,29,143,38,20,103,179,93,77,82,189,54,110,65,163,138,69,23,12,178,117,63,207,149,199,133,124,42,206	7,2,0.8415,2,170;4,4,0.5085,2,96;5,5,0.2415,0,73;4,0,0.2305,0,27;6,4,0.6765,0,216;3,3,0.5825,2,95
claim-interventional-train-00012	10	3	2	190,113,55,186,208,129,12,140,34,152,180,170,69,84,43,59,77,92,32,141,102,110,9,198,45,200,117,135,151,148,187,17,67,93,200,21	8,2,0.2325,0,133;7,0,0.6195,0,51;6,1,0.6135,0,225;4,2,0.9085,0,196;5,4,0.3505,0,144;8,5,0.9325,0,154
claim-interventional-train-00013	2	1	0	61,179,68,30,181,121,206,139,45,112,149,54,162,21,83,146,200,69,132,76,11,35,141,117,3,99,179,92,182,44,202,209,111,93,20,154	2,1,0.8465,0,215;5,1,0.8635,0,115;5,3,0.9965,0,176;3,1,0.8705,0,123;2,5,0.1225,0,6;0,2,0.7185,0,122
claim-interventional-train-00014	8	2	1	185,81,135,19,87,43,6,150,162,37,153,115,154,164,191,93,117,153,25,45,10,64,141,24,110,89,63,175,140,215,52,170,98,71,147,126	5,0,0.7665,3,76;0,3,0.7125,0,160;3,5,0.1445,2,27;8,5,0.3555,0,105;1,4,0.7025,0,42;5,5,0.9475,0,203
claim-interventional-train-00015	9	1	0	55,85,39,156,75,45,29,41,130,121,88,208,114,6,67,144,140,17,21,189,58,176,206,117,185,161,177,162,14,69,211,98,146,149,109,93	5,4,0.2645,0,228;4,5,0.3535,0,74;6,0,0.7025,0,201;2,3,0.1265,0,128;1,3,0.5475,0,253;0,0,0.9945,3,250
claim-interventional-train-00016	0	3	0	20,129,106,140,21,207,172,193,189,5,93,141,69,45,35,14,204,76,64,59,192,148,149,177,156,101,117,55,130,27,114,200,44,165,86,92	4,4,0.9085,0,184;2,1,0.8475,0,149;6,1,0.1515,0,126;3,4,0.8355,0,255;4,0,0.4385,0,123;8,0,0.9595,0,107
claim-interventional-train-00017	2	0	1	152,55,213,34,21,190,156,199,103,60,10,47,89,124,44,93,145,150,27,141,181,140,106,171,82,73,117,65,131,112,200,69,6,211,204,18	5,0,0.4505,0,74;2,0,0.9485,2,43;6,2,0.2015,0,57;0,0,0.2315,0,167;6,0,0.0455,0,13;3,1,0.9815,0,85
claim-interventional-train-00018	1	3	2	180,58,84,163,151,133,207,74,198,3,52,69,148,36,116,44,88,19,64,13,141,21,211,32,199,101,117,211,107,207,45,191,127,93,214,139	2,3,0.6555,0,201;7,2,0.8415,0,188;3,0,0.1895,0,29;1,2,0.0855,0,91;4,1,0.8925,0,33;6,3,0.7215,0,155
claim-interventional-train-00019	8	0	2	63,145,17,184,208,117,4,169,43,45,155,164,21,25,102,164,114,109,141,209,52,128,68,36,93,151,134,70,164,88,137,11,84,193,187,75	3,1,0.3125,0,115;0,2,0.7845,0,240;3,5,0.9885,1,106;2,2,0.1965,0,190;5,3,0.5935,0,88;7,4,0.2865,0,104
claim-interventional-train-00020	1	0	1	197,111,37,177,19,11,99,117,169,137,188,93,62,141,52,44,91,162,194,25,126,116,86,167,79,21,145,150,45,69,176,65,203,4,133,167	3,1,0.6065,0,219;0,3,0.9695,0,50;3,4,0.3305,0,231;6,4,0.7705,0,177;2,5,0.9985,0,78;5,3,0.3555,0,39
claim-interventional-train-00021	2	1	0	187,176,36,27,185,89,107,117,146,52,149,161,77,136,45,142,71,82,124,18,61,21,93,12,4,115,42,132,100,212,173,204,204,174,159,68	3,2,0.5985,0,21;2,2,0.4575,0,38;3,3,0.8625,2,168;4,0,0.2395,0,35;3,1,0.7455,0,243;3,2,0.0645,1,141
claim-interventional-train-00022	10	1	1	12,168,44,141,21,69,178,132,136,203,9,91,199,19,112,192,174,35,45,87,31,173,102,146,117,123,178,57,107,150,65,206,62,75,162,96	8,2,0.6355,0,60;6,1,0.8275,0,98;8,4,0.3975,0,216;2,5,0.6215,3,144;5,1,0.0355,0,120;2,2,0.0035,0,4
claim-interventional-train-00023	5	3	1	20,125,175,30,82,34,148,208,74,214,210,110,131,45,68,150,62,205,10,41,1,160,161,188,93,207,140,114,69,101,21,141,161,88,117,55	0,0,0.9665,0,83;5,0,0.2335,0,211;6,4,0.9535,0,16;1,0,0.0355,0,168;4,4,0.5085,0,22;4,1,0.8405,0,59
claim-interventional-train-00024	4	1	2	146,178,131,35,182,10,137,106,21,103,151,114,48,87,175,169,91,189,28,93,117,141,170,40,76,214,52,67,5,186,178,72,62,19,168,123	4,0,0.6295,0,193;3,1,0.1785,3,164;3,4,0.7265,3,121;3,5,0.6355,0,241;6,0,0.5425,0,172;2,1,0.3015,0,88
claim-interventional-train-00025	10	3	2	110,85,151,35,152,13,103,193,5,171,155,113,195,204,29,148,90,45,61,17,64,80,131,177,51,117,214,141,69,93,127,171,138,44,169,21	4,3,0.2685,0,73;4,1,0.8865,0,67;2,3,0.0675,0,254;7,3,0.4715,0,153;6,4,0.2965,0,158;6,1,0.4015,0,76
claim-interventional-train-00026	6	3	0	149,184,164,152,49,213,195,131,187,110,113,209,73,118,137,141,199,11,38,93,18,148,45,60,43,64,90,122,214,69,86,203,21,5,33,99	4,1,0.4025,0,78;8,4,0.7345,0,206;0,2,0.1265,0,201;0,4,0.5355,0,218;2,4,0.3605,1,129;1,1,0.2695,0,233
claim-interventional-train-00027	5	2	2	21,71,62,193,207,141,206,90,153,45,65,124,178,54,38,10,147,1,137,158,134,17,183,93,163,44,181,151,214,28,117,116,103,85,111,73	0,0,0.3095,0,122;3,4,0.9195,0,237;5,4,0.3885,2,37;0,3,0.4925,0,253;6,5,0.8015,0,40;3,4,0.2455,0,157
claim-interventional-train-00028	9	3	2	37,141,173,210,132,22,154,209,80,62,151,19,155,88,105,140,148,49,184,128,120,163,31,93,176,11,71,112,64,179,48,108,42,84,7,209	6,1,0.7915,1,86;6,3,0.5155,3,22;0,4,0.0595,2,124;7,2,0.0225,0,71;8,2,0.1505,3,58;7,2,0.8925,0,138
claim-interventional-train-00029	3	0	0	2,76,19,145,197,67,45,100,188,131,117,137,128,27,40,149,162,194,207,21,51,141,92,111,84,183,11,162,69,116,93,209,159,63,201,37	1,1,0.7355,0,96;2,3,0.0695,0,92;2,5,0.7095,0,170;3,2,0.9255,0,85;3,5,0.8485,0,157;7,1,0.2445,0,155
claim-interventional-train-00030	2	0	2	62,66,91,157,202,100,155,11,116,38,117,210,196,140,210,141,151,29,43,21,50,131,153,178,93,145,69,83,75,107,48,195,124,18,1,205	0,1,0.4865,0,50;4,4,0.7615,3,115;1,4,0.5835,0,198;2,1,0.7115,0,254;3,1,0.8775,0,82;3,1,0.8215,0,253
claim-interventional-train-00031	7	2	2	60,116,186,9,93,117,212,21,140,151,86,164,39,105,122,147,16,199,57,47,110,202,64,30,12,91,210,44,152,69,208,141,74,173,132,163	8,2,0.1875,0,40;5,5,0.9385,2,230;8,2,0.1865,0,46;1,4,0.7605,0,179;8,4,0.9045,0,229;1,2,0.9635,0,86
claim-interventional-train-00032	4	1	2	151,45,117,141,29,93,125,205,187,207,85,155,100,54,91,17,185,139,2,62,41,111,159,79,146,160,21,68,134,163,69,116,34,212,189,15	1,5,0.3355,0,69;4,0,0.3725,0,219;5,4,0.8715,0,249;6,3,0.6205,0,35;3,5,0.8225,0,110;4,4,0.6935,0,130
claim-interventional-train-00033	6	0	1	205,125,104,52,34,10,93,211,180,150,41,164,73,85,21,29,156,69,141,179,19,207,89,135,192,117,106,66,63,165,112,199,138,145,48,1	0,0,0.6095,0,77;4,0,0.2075,3,6;3,5,0.4865,0,194;0,3,0.3565,0,255;7,0,0.0685,0,113;4,5,0.4995,0,42
claim-interventional-train-00034	0	3	2	169,203,124,104,116,192,45,4,134,151,69,44,55,61,177,88,39,68,16,140,202,194,189,14,117,200,141,86,109,77,148,28,24,215,158,93	3,4,0.1955,3,204;3,5,0.9015,0,238;6,3,0.8345,0,52;4,4,0.0865,0,193;7,3,0.8395,0,45;3,4,0.8645,0,15
claim-interventional-train-00035	7	3	2	40,93,51,116,172,126,16,39,140,174,98,205,164,152,196,21,27,62,144,108,87,64,151,45,213,189,131,3,148,205,117,15,79,69,89,165	2,5,0.0335,0,117;2,5,0.1695,0,7;2,4,0.0505,0,211;6,5,0.3275,0,145;1,2,0.9835,0,50;5,1,0.8265,3,48
claim-interventional-train-00036	6	1	2	25,209,188,76,70,187,57,90,103,121,16,1,117,65,187,115,21,193,63,146,93,35,155,151,106,45,11,135,189,158,191,87,185,43,141,140	0,1,0.0195,0,156;0,1,0.7525,0,235;8,5,0.3065,1,77;3,5,0.5125,0,17;6,0,0.6295,0,73;0,5,0.8935,0,24
claim-interventional-train-00037	7	1	1	135,49,117,122,43,189,69,88,160,138,75,7,113,215,110,210,62,102,192,156,182,10,157,21,36,30,45,155,205,93,146,141,86,66,150,17	6,0,0.2095,0,142;5,2,0.6965,0,42;0,4,0.4095,0,210;2,4,0.0035,0,190;5,4,0.2845,0,121;1,5,0.4055,0,26
claim-interventional-train-00038	7	3	1	76,125,45,130,141,169,161,150,161,60,137,115,1,176,98,185,40,16,10,66,57,203,117,91,21,190,181,72,93,148,162,39,178,27,110,84	0,0,0.0085,0,128;2,5,0.1945,0,115;8,2,0.4065,3,193;3,2,0.6395,0,144;1,4,0.6375,0,85;4,0,0.2185,0,179
claim-interventional-train-00039	3	0	0	42,82,54,177,117,200,11,16,61,23,205,116,93,3,28,99,38,141,203,204,124,149,69,145,159,154,45,204,188,193,139,77,91,67,111,135	2,1,0.0805,2,55;3,4,0.4345,0,251;5,3,0.7935,0,198;4,0,0.7875,0,176;2,5,0.9225,0,255;3,5,0.7815,0,68
claim-interventional-train-00040	2	0	0	141,60,161,43,106,215,167,172,18,3,205,28,132,136,149,67,70,112,21,203,197,195,100,35,10,57,154,145,86,117,45,78,182,96,128,88	2,0,0.4095,0,134;3,1,0.6335,0,242;8,2,0.6095,1,60;5,4,0.1515,3,109;3,0,0.1825,0,127;7,2,0.0175,0,203
claim-interventional-train-00041	6	1	2	193,116,35,61,212,1,91,20,141,185,194,146,94,44,197,85,151,200,133,73,103,45,28,138,65,200,166,121,207,12,207,107,21,117,69,52	0,2,0.8135,0,122;3,1,0.8025,0,249;3,3,0.3855,0,6;0,3,0.6425,1,179;6,1,0.8525,0,126;0,3,0.4915,0,255
claim-interventional-train-00042	5	2	0	93,175,49,161,102,76,68,31,203,196,158,45,149,21,166,139,147,92,173,141,72,42,183,87,19,13,4,155,112,120,189,38,59,127,110,132	3,3,0.7975,0,168;6,4,0.4845,0,213;0,1,0.8885,3,219;3,5,0.9895,0,160;5,4,0.0505,3,66;6,2,0.7645,0,87
claim-interventional-train-00043	10	1	2	117,87,15,45,141,130,172,93,146,110,3,113,174,190,163,98,21,34,178,64,151,139,33,61,81,41,171,129,162,205,201,49,89,70,16,155	2,5,0.1535,0,214;8,0,0.2285,0,145;0,3,0.0065,1,170;8,5,0.3055,0,145;1,4,0.2125,0,238;8,0,0.6845,0,79
claim-interventional-train-00044	4	1	0	185,169,90,176,141,153,71,4,136,62,21,100,85,123,48,112,51,169,135,184,14,110,75,146,95,117,178,27,67,162,43,20,149,168,204,37	3,4,0.8735,0,144;2,3,0.6895,3,231;2,4,0.7165,2,206;2,3,0.5555,2,205;3,4,0.0735,0,14;2,5,0.1515,0,225
claim-interventional-train-00045	3	0	2	194,65,87,92,127,76,200,178,134,203,114,117,213,183,151,45,207,60,141,196,6,15,136,108,37,41,93,173,209,18,101,28,145,69,23,51	5,5,0.4835,2,111;3,3,0.2635,0,119;2,2,0.2575,0,72;3,5,0.9875,0,44;4,2,0.5305,0,233;6,4,0.1735,0,203
claim-interventional-train-00046	10	2	1	32,14,85,175,45,126,93,60,194,9,35,21,171,205,138,68,150,41,117,90,110,165,57,112,141,201,132,200,76,182,69,147,20,101,201,206	8,4,0.8435,0,62;7,1,0.3325,0,220;8,2,0.8385,0,58;3,3,0.4775,0,76;4,4,0.0755,0,195;5,2,0.4045,0,10
claim-interventional-train-00047	0	3	1	129,207,187,150,18,148,176,209,139,161,190,141,86,112,49,66,44,69,45,193,39,15,93,74,191,209,28,117,61,88,7,165,100,23,130,111	6,5,0.4885,2,22;3,5,0.9895,0,144;0,3,0.5055,0,0;1,4,0.0595,0,181;3,5,0.0935,0,66;8,0,0.7325,0,189
claim-interventional-train-00048	10	0	1	158,145,57,69,27,93,88,195,34,17,120,196,106,133,136,157,62,156,21,47,150,101,112,3,86,125,185,143,205,68,44,15,203,74,168,207	2,5,0.2835,0,208;2,0,0.8015,2,69;8,4,0.9215,0,206;1,4,0.1385,0,205;4,0,0.0655,3,241;4,3,0.0295,2,83
claim-interventional-train-00049	6	1	1	93,178,146,167,196,69,42,155,20,82,21,58,205,131,49,3,184,197,201,115,127,89,138,141,171,106,45,150,39,73,11,25,65,177,117,97	2,1,0.9665,0,237;0,5,0.4705,0,11;0,0,0.2405,0,215;0,0,0.2725,0,105;0,0,0.6415,0,203;6,1,0.4775,0,172
claim-interventional-train-00050	0	3	1	141,148,62,187,135,19,52,150,82,212,69,199,76,175,196,91,185,125,68,99,21,170,93,34,139,2,111,45,198,204,117,12,114,27,43,210	1,2,0.6665,0,77;2,0,0.6135,0,248;3,4,0.9995,0,199;3,0,0.7165,0,131;2,5,0.5935,0,127;4,5,0.7555,0,37
claim-interventional-train-00051	1	3	1	133,45,126,172,207,66,148,36,155,51,215,60,212,21,85,120,17,15,141,150,173,115,8,44,181,75,178,99,93,108,90,138,183,27,197,69	7,5,0.3565,0,191;2,2,0.9145,0,30;2,2,0.4715,0,120;2,3,0.4575,0,29;2,2,0.7275,3,120;5,3,0.5745,0,181
claim-interventional-train-00052	2	1	2	94,63,163,110,75,151,195,55,21,130,117,186,45,158,138,191,70,30,141,198,171,36,4,113,205,65,87,146,43,17,99,88,124,165,11,200	3,1,0.2145,0,131;5,2,0.7725,0,173;6,5,0.2015,1,121;2,5,0.0745,1,137;2,4,0.2755,0,1;3,0,0.4845,0,97
claim-interventional-train-00053	10	3	1	82,9,136,192,100,214,75,185,14,157,173,96,114,27,38,213,67,154,69,202,21,165,141,117,91,45,57,150,125,20,202,148,106,58,43,134	8,4,0.9075,0,252;2,4,0.7115,0,36;8,0,0.6855,0,245;2,0,0.7375,3,57;3,0,0.5945,0,96;4,4,0.1755,0,84
claim-interventional-train-00054	9	1	0	92,165,52,15,74,153,184,63,166,186,137,21,45,8,117,40,68,153,93,100,192,71,163,146,17,33,149,157,133,141,106,124,210,83,116,36	7,5,0.2195,0,23;8,2,0.0485,0,130;3,5,0.9955,2,158;1,1,0.8355,0,69;3,0,0.9045,0,162;3,3,0.3245,0,172
claim-interventional-train-00055	10	1	2	75,30,35,131,89,40,114,166,66,95,105,20,203,136,84,12,151,199,141,54,127,110,45,21,193,58,163,69,211,158,8,194,146,167,117,192	7,2,0.9185,0,238;5,1,0.1345,0,245;5,0,0.4585,0,152;2,2,0.3785,2,126;8,4,0.4085,0,232;6,1,0.0025,0,16
claim-interventional-train-00056	4	1	1	100,117,141,139,150,113,167,21,124,28,208,45,74,10,146,106,69,64,158,3,208,59,53,88,37,188,165,180,184,42,17,130,93,185,212,82	2,0,0.2305,0,99;3,3,0.5265,0,179;4,1,0.0585,0,84;1,0,0.0555,0,44;3,0,0.3205,0,121;3,0,0.7925,0,103
claim-interventional-train-00057	5	0	1	82,136,180,141,208,203,35,29,215,150,116,119,69,93,103,171,40,80,107,88,7,204,56,125,211,66,200,132,212,47,58,161,15,18,145,21	6,5,0.4855,0,51;4,1,0.1995,2,153;7,0,0.5085,0,1;7,0,0.0595,0,214;6,1,0.9755,2,117;4,2,0.1685,0,99
claim-interventional-train-00058	0	3	1	93,42,200,158,50,100,13,127,148,150,139,194,156,74,141,208,61,109,3,169,92,167,48,180,200,117,39,25,69,21,84,131,66,20,179,116	2,3,0.9535,0,66;0,5,0.5615,3,39;1,3,0.5015,0,27;1,2,0.9865,0,134;3,3,0.9915,0,58;6,1,0.6695,0,196
claim-interventional-train-00059	7	1	2	46,185,137,178,208,41,36,117,9,16,146,159,151,141,85,93,69,193,163,21,52,25,165,75,88,122,182,162,97,134,109,10,157,113,65,61	8,0,0.1915,0,164;0,2,0.3045,1,253;3,3,0.3955,0,172;2,3,0.1385,0,162;0,3,0.3645,0,119;1,4,0.3375,0,32
claim-interventional-train-00060	9	3	0	16,157,98,69,137,55,149,163,198,27,21,197,89,199,171,15,183,166,59,96,45,114,141,131,128,148,108,152,36,64,87,81,8,120,40,172	7,5,0.0935,0,192;2,2,0.1195,0,188;6,1,0.0355,0,4;8,5,0.3945,3,222;1,2,0.4705,3,224;7,1,0.2165,0,116
claim-interventional-train-00061	8	3	1	28,54,93,2,101,148,38,180,110,45,123,177,208,143,120,91,115,165,210,69,14,81,184,68,195,42,84,19,138,165,150,21,189,61,202,132	1,4,0.6375,0,146;3,4,0.5655,0,254;5,3,0.8375,0,76;8,2,0.7795,0,195;4,4,0.7245,3,168;2,2,0.4465,2,66
claim-interventional-train-00062	5	0	2	182,79,162,187,71,136,134,151,117,183,56,92,202,152,105,41,107,210,85,124,198,114,93,18,6,145,195,23,68,32,36,13,48,144,215,59	5,3,0.5645,2,244;7,2,0.2545,3,127;7,1,0.9185,2,204;6,3,0.9325,0,96;8,1,0.4525,0,134;3,4,0.1495,3,129
claim-interventional-train-00063	9	1	0	210,139,100,74,141,45,42,116,124,167,66,7,182,63,69,32,170,19,34,197,11,149,202,204,107,201,119,152,21,134,146,215,93,91,54,85	6,1,0.7905,0,232;7,0,0.4725,0,233;5,5,0.5505,0,196;1,3,0.7445,0,112;3,1,0.9595,2,142;3,4,0.7525,0,138
claim-interventional-train-00064	0	3	2	80,43,169,207,51,181,20,175,195,141,45,110,97,39,163,117,189,131,116,89,61,165,191,28,4,136,148,21,65,87,203,69,151,96,125,14	3,4,0.9995,0,104;3,5,0.6515,0,29;2,3,0.2705,0,208;7,5,0.3005,3,200;0,4,0.8675,0,147;4,1,0.1385,0,197
claim-interventional-train-00065	5	1	0	15,23,90,36,146,135,179,181,178,45,69,55,141,190,94,113,138,117,59,185,101,86,27,172,182,202,127,76,7,68,111,43,149,169,16,172	6,5,0.0715,2,47;2,2,0.6705,0,80;6,1,0.8735,0,63;3,4,0.4015,1,56;4,5,0.2195,0,254;6,5,0.5635,0,87
claim-interventional-train-00066	2	1	1	189,65,162,160,89,32,139,69,190,16,34,60,146,111,84,190,93,171,45,199,123,132,212,141,117,200,50,112,14,97,79,4,159,24,150,44	3,4,0.0185,3,187;7,0,0.9015,0,171;1,2,0.2895,0,118;6,2,0.2815,0,134;0,5,0.0385,0,214;2,2,0.7635,0,147
claim-interventional-train-00067	1	3	0	54,165,17,117,75,61,215,85,43,186,211,174,193,21,200,135,148,35,9,89,45,143,31,107,200,171,93,10,65,161,137,69,127,114,149,100	8,0,0.2125,0,78;6,1,0.7545,0,195;5,3,0.2015,0,150;2,3,0.2785,0,232;3,1,0.5015,0,195;6,5,0.3845,2,227
claim-interventional-train-00068	10	1	1	130,169,91,93,200,40,111,21,170,199,18,65,194,214,194,146,175,150,84,62,178,9,141,77,196,99,30,34,115,13,125,139,45,69,55,118	8,3,0.4405,0,146;5,0,0.0905,0,178;6,4,0.2085,0,165;4,2,0.6455,0,56;2,5,0.7495,1,227;4,0,0.6155,0,202
claim-interventional-train-00069	1	1	0	29,23,2,38,84,205,12,167,55,93,91,42,113,149,209,58,69,187,75,215,146,215,199,97,108,172,19,205,141,178,123,65,139,45,131,120	1,2,0.7995,2,151;4,4,0.5095,0,118;6,0,0.2795,0,127;2,2,0.7185,0,163;0,2,0.2115,3,30;2,1,0.6435,0,35
claim-interventional-train-00070	2	0	2	88,203,26,194,145,152,124,119,35,138,87,151,93,62,166,19,52,141,105,45,69,3,74,214,114,187,204,13,154,130,64,155,180,24,107,42	2,3,0.6725,3,138;1,1,0.4825,0,8;3,4,0.0895,0,190;1,5,0.1725,0,255;8,1,0.5225,2,166;3,0,0.5535,0,119
claim-interventional-train-00071	9	2	0	6,100,29,134,142,209,167,85,176,155,147,56,193,114,18,44,66,137,149,35,91,61,195,194,93,208,122,195,45,13,21,200,111,117,70,80	5,3,0.4025,0,201;4,1,0.9585,0,23;7,3,0.4985,1,71;7,3,0.7045,0,203;3,5,0.4795,0,210;1,4,0.2945,1,222
claim-interventional-train-00072	7	1	0	215,45,64,35,121,116,60,163,98,5,42,117,175,71,149,15,84,92,139,21,79,130,141,183,19,51,209,95,195,172,146,193,28,109,169,207	4,5,0.6595,0,57;3,1,0.5405,0,73;2,2,0.1775,2,232;6,2,0.9755,2,45;1,3,0.8785,0,41;0,0,0.7345,0,149
claim-interventional-train-00073	4	1	2	93,126,146,191,48,91,75,42,169,139,19,14,142,213,21,85,204,135,104,214,167,30,35,63,165,55,115,65,4,198,117,151,70,107,186,183	3,4,0.7115,0,7;5,1,0.4655,3,174;6,5,0.2175,1,141;2,3,0.6655,0,242;7,1,0.7985,0,122;5,5,0.7815,1,3
claim-interventional-train-00074	2	1	1	45,84,153,194,116,69,90,209,150,4,117,188,156,58,141,41,185,128,170,172,132,205,21,197,32,18,11,50,34,146,139,78,107,95,98,64	3,1,0.4345,0,54;7,0,0.2485,0,213;1,0,0.1545,0,199;5,2,0.5835,2,130;1,1,0.9265,0,148;7,2,0.6345,0,239
claim-interventional-train-00075	0	3	1	192,137,93,40,150,106,92,38,68,1,198,21,132,174,52,193,16,48,69,157,154,181,148,13,113,117,141,105,212,123,173,76,186,63,33,87	0,3,0.1405,0,55;8,4,0.1225,3,79;3,5,0.9595,0,106;3,5,0.9245,0,86;8,0,0.2045,0,183;2,2,0.2805,0,235
claim-interventional-train-00076	2	3	0	49,141,189,193,195,214,17,10,129,45,93,89,64,1,105,106,85,21,148,31,41,194,140,61,69,202,132,149,74,193,36,117,186,152,115,191	0,0,0.3085,0,22;6,2,0.3945,0,1;0,3,0.0825,0,15;1,3,0.2745,0,202;8,0,0.6845,0,125;8,2,0.8125,0,43
claim-interventional-train-00077	6	2	0	205,117,149,62,203,104,156,115,83,181,203,21,12,121,139,108,39,200,134,193,160,141,66,45,210,49,29,42,19,79,9,71,90,156,147,93	8,2,0.6475,0,12;4,5,0.5625,0,26;0,4,0.4595,2,50;6,1,0.5655,0,182;7,2,0.7705,0,234;0,4,0.6525,0,189
claim-interventional-train-00078	1	1	0	178,28,113,183,45,175,140,80,146,59,20,85,14,93,169,21,168,134,56,36,90,107,41,166,69,64,9,158,123,211,149,99,186,141,117,204	8,4,0.9135,0,86;3,2,0.2325,0,63;7,1,0.1075,0,137;7,3,0.4255,0,207;2,1,0.3685,0,18;2,4,0.8805,0,137
claim-interventional-train-00079	0	3	0	51,173,40,144,91,29,9,58,123,114,93,206,196,65,45,87,106,10,97,16,69,156,157,178,22,148,205,168,131,149,202,76,119,140,35,200	8,0,0.0905,1,235;4,1,0.0985,0,3;2,0,0.2515,0,159;3,5,0.6425,0,253;0,0,0.4935,2,151;2,1,0.9475,3,117
claim-interventional-train-00080	1	1	1	136,114,99,4,54,117,152,135,188,38,86,18,161,74,29,142,22,68,42,110,59,15,158,204,172,169,150,152,96,45,204,90,123,146,172,72	3,5,0.5395,1,20;4,4,0.5115,0,136;5,1,0.8445,3,110;1,4,0.5515,3,174;2,4,0.5285,0,133;2,5,0.0515,1,251
claim-interventional-train-00081	9	0	1	44,100,69,200,145,92,131,172,150,65,164,175,141,119,116,76,45,9,198,55,32,176,19,213,183,188,156,36,11,136,85,111,23,94,62,124	8,1,0.6955,2,179;7,2,0.9005,0,86;6,4,0.3385,0,158;3,3,0.8595,1,119;3,5,0.9865,2,223;3,1,0.0215,0,41
claim-interventional-train-00082	3	0	2	184,136,41,160,141,84,195,151,66,117,76,110,99,188,51,178,91,163,211,182,145,200,114,13,129,93,62,23,45,37,135,71,26,20,6,165	5,3,0.8595,2,1;1,3,0.2325,0,246;2,4,0.4405,2,62;3,2,0.6695,0,63;2,4,0.5845,0,104;8,5,0.1225,0,0
claim-interventional-train-00083	10	0	2	117,139,156,134,151,179,178,175,41,111,45,20,61,80,5,105,55,196,188,182,90,11,93,159,37,113,69,145,25,141,83,66,24,129,179,195	4,1,0.9125,3,142;0,3,0.3375,0,20;6,3,0.4255,0,116;7,1,0.5665,0,57;8,5,0.2245,0,132;8,4,0.7395,0,205
claim-interventional-train-00084	8	0	2	134,111,41,3,170,175,67,188,91,196,34,93,23,26,138,128,104,19,45,52,141,174,145,182,78,151,115,87,15,61,207,190,69,179,117,205	2,5,0.6755,2,48;1,0,0.3695,0,199;3,3,0.7565,0,153;5,5,0.7545,0,172;7,5,0.6545,0,77;7,4,0.4845,0,42
claim-interventional-train-00085	2	3	1	155,148,40,25,168,140,150,117,129,67,21,107,88,47,214,181,11,211,39,132,190,85,168,213,1,78,93,103,61,20,116,141,69,52,157,195	0,1,0.8285,0,116;0,5,0.0645,2,95;3,3,0.6515,0,167;5,3,0.1575,0,179;6,1,0.8135,0,23;8,2,0.8585,0,91
claim-interventional-train-00086	9	3	0	112,209,211,45,185,208,128,148,85,69,59,192,144,135,80,200,92,65,43,21,149,101,107,30,19,168,155,117,15,2,37,136,197,93,199,50	1,5,0.7425,0,5;5,3,0.6775,0,173;1,1,0.3465,0,73;7,3,0.9905,0,95;4,1,0.1135,0,51;7,5,0.0375,3,89
claim-interventional-train-00087	5	1	0	66,42,117,146,214,106,186,49,141,200,84,35,149,137,170,188,21,59,20,132,152,26,165,69,116,7,94,124,164,88,45,105,15,153,76,155	6,5,0.9085,0,69;1,1,0.4255,0,138;0,1,0.4365,0,162;3,2,0.0065,1,167;8,0,0.9385,0,228;3,2,0.2865,0,112
claim-interventional-train-00088	10	3	1	15,212,172,200,191,117,100,130,148,52,45,40,181,27,93,21,9,142,90,20,37,85,166,107,138,154,71,198,61,161,129,150,113,74,175,67	8,5,0.8155,0,3;2,3,0.0465,0,221;3,3,0.6035,2,247;1,3,0.4115,0,29;3,1,0.3905,0,37;8,0,0.4495,1,178
claim-interventional-train-00089	9	1	2	133,169,173,11,69,42,100,139,77,36,117,66,173,90,163,56,106,127,84,32,215,151,7,18,189,169,93,112,63,180,183,45,21,144,146,158	6,1,0.4315,0,164;7,2,0.4035,0,99;7,5,0.4765,0,172;4,2,0.4905,0,12;3,0,0.0805,0,165;6,3,0.7455,3,6
claim-interventional-train-00090	9	3	2	20,45,148,141,2,117,212,104,92,205,59,114,75,182,69,151,135,196,171,68,26,182,137,41,170,156,34,21,180,127,109,83,15,54,162,93	1,5,0.9235,0,238;1,0,0.3895,0,3;5,1,0.9145,0,255;2,1,0.8125,0,82;7,3,0.4715,0,97;6,5,0.3815,0,87
claim-interventional-train-00091	10	0	0	117,15,214,27,16,38,173,64,101,116,69,182,93,138,123,83,143,149,145,133,153,44,46,78,24,215,54,201,62,202,204,91,7,182,111,171	6,5,0.0445,3,202;2,4,0.8585,1,132;5,4,0.1705,0,199;5,1,0.7555,0,119;4,5,0.8875,0,201;2,3,0.4975,2,222
claim-interventional-train-00092	0	3	2	21,171,151,91,45,153,121,141,51,12,35,87,71,169,195,2,161,117,148,158,76,205,166,109,176,139,42,93,100,202,60,20,135,113,33,66	1,2,0.8225,0,110;8,1,0.4215,0,32;2,2,0.5745,2,182;3,5,0.7005,0,72;3,3,0.3575,0,241;0,5,0.6535,0,137
claim-interventional-train-00093	1	1	0	38,143,48,201,92,93,205,17,121,139,58,161,3,69,181,146,107,41,82,32,21,65,186,102,73,149,164,56,183,117,214,213,15,169,134,116	2,5,0.2985,0,93;7,4,0.2155,3,50;7,0,0.2235,0,111;0,0,0.9975,0,213;5,1,0.8675,0,49;0,4,0.7945,2,98
claim-interventional-train-00094	10	1	0	45,111,23,141,133,211,54,69,80,149,146,60,17,117,200,101,85,167,154,154,35,195,93,215,88,152,194,7,139,127,66,43,187,32,10,115	6,0,0.3955,2,215;7,1,0.7025,0,169;5,2,0.5345,0,211;7,3,0.1875,0,179;4,5,0.6225,0,251;6,3,0.6195,0,93
claim-interventional-train-00095	0	3	0	22,38,117,132,141,154,121,111,148,76,93,201,82,199,149,165,92,45,14,115,69,159,65,137,50,61,18,4,43,200,27,191,157,198,179,100	3,4,0.4335,1,136;2,4,0.7345,0,41;1,3,0.2085,0,44;3,0,0.9185,0,124;3,5,0.7185,0,239;0,2,0.3955,0,167
claim-interventional-train-00096	10	1	1	42,141,117,77,209,138,175,66,38,8,18,114,108,150,50,194,200,210,87,21,91,199,59,146,69,12,122,159,178,33,131,93,190,45,105,210	7,2,0.4265,0,150;8,4,0.4195,0,249;1,1,0.4355,0,155;4,5,0.6555,0,197;8,2,0.5845,0,172;1,1,0.5515,0,179
claim-interventional-train-00097	4	1	2	69,204,133,92,178,32,189,123,38,110,153,42,59,113,102,23,166,117,146,184,152,171,19,85,141,93,138,66,76,3,151,12,51,176,45,163	2,2,0.7285,2,13;7,4,0.5535,0,219;2,1,0.4695,0,143;3,3,0.9345,0,14;5,4,0.3385,0,147;2,3,0.5415,0,3
claim-interventional-train-00098	1	1	1	192,188,95,8,199,150,146,152,42,12,115,125,38,68,78,51,21,134,20,82,28,92,162,62,110,46,152,141,117,157,194,69,155,136,207,101	7,2,0.8115,0,120;3,4,0.5965,1,157;2,4,0.9735,0,148;5,0,0.8355,2,110;4,4,0.6945,0,186;4,4,0.0555,0,23
claim-interventional-train-00099	1	0	2	141,156,44,67,18,81,132,214,123,21,204,69,99,63,155,86,151,162,145,91,7,170,139,34,26,45,51,117,109,115,10,186,93,192,157,181	6,0,0.5475,0,106;1,0,0.8805,0,112;2,5,0.7205,0,94;8,4,0.7355,0,108;2,3,0.6155,0,18;2,2,0.7815,0,69
claim-interventional-train-00100	1	1	0	10,198,65,146,63,75,19,201,93,104,190,118,204,55,41,21,191,142,35,91,124,193,116,107,45,149,5,69,167,202,85,169,130,138,29,152	4,0,0.6115,0,245;4,1,0.2485,0,139;6,5,0.3905,0,32;2,3,0.7895,0,167;7,1,0.8335,1,119;3,0,0.4605,1,109
claim-interventional-train-00101	2	1	0	20,173,10,73,166,85,49,47,72,68,201,22,36,63,143,41,106,196,91,155,133,192,169,194,186,129,100,149,136,96,114,117,2,190,146,28	1,0,0.8795,1,122;3,2,0.2195,2,27;0,5,0.8745,3,158;0,3,0.6385,3,136;3,0,0.5785,0,6;8,3,0.1555,2,195
claim-interventional-train-00102	2	0	2	45,83,88,125,181,93,168,18,65,59,179,70,130,30,199,177,139,215,161,40,141,73,39,157,145,110,170,12,4,120,151,51,200,112,21,104	3,2,0.5525,0,228;5,5,0.0615,0,53;2,1,0.3065,1,35;0,1,0.1085,0,82;7,4,0.1155,3,48;4,0,0.6965,0,119
claim-interventional-train-00103	10	2	0	39,5,214,100,14,42,19,125,149,204,76,196,193,29,115,175,21,147,117,45,137,174,69,215,110,85,203,91,206,93,64,141,186,60,56,135	4,4,0.6885,0,209;4,5,0.5345,0,202;7,2,0.1505,0,80;3,3,0.7105,0,176;3,4,0.6225,0,72;4,5,0.2135,0,143
claim-interventional-train-00104	1	1	0	105,200,136,176,209,204,123,6,146,91,14,73,135,43,194,166,181,69,141,16,35,194,21,45,87,62,208,149,112,106,31,94,51,171,66,117	5,4,0.1315,0,161;6,1,0.6785,0,68;2,4,0.5005,0,129;0,5,0.7445,1,171;8,0,0.1555,0,68;2,5,0.0295,0,218
claim-interventional-train-00105	2	1	2	35,160,138,112,92,117,69,142,45,44,18,166,146,59,122,130,31,160,21,100,206,198,156,76,9,51,187,66,11,215,82,151,184,198,93,111	8,1,0.4435,0,108;6,1,0.8215,0,72;2,1,0.4155,0,56;3,0,0.8895,0,77;3,5,0.0325,0,43;1,0,0.5975,1,135
claim-interventional-train-00106	9	1	0	159,178,90,117,156,63,93,65,199,44,131,209,49,115,80,159,178,6,18,156,140,146,21,182,11,31,106,47,86,121,69,100,149,142,177,36	5,1,0.5935,0,35;6,2,0.9085,2,240;0,5,0.3005,0,67;7,4,0.4425,0,41;3,0,0.6465,0,232;0,1,0.8135,1,220
claim-interventional-train-00107	5	3	0	89,67,199,141,44,69,102,108,195,12,34,126,135,148,174,156,93,16,137,215,31,21,87,113,149,198,215,55,80,4,163,45,197,214,63,117	3,2,0.1835,0,158;6,0,0.9055,0,177;6,5,0.6295,0,24;7,5,0.2955,0,5;5,2,0.2195,0,162;5,5,0.2645,0,99
claim-interventional-train-00108	10	0	2	117,127,141,111,29,135,136,116,193,58,11,188,176,211,164,78,69,20,45,194,151,42,215,196,169,5,99,21,86,145,66,93,90,35,57,190	4,1,0.8985,0,5;4,1,0.4645,0,35;8,0,0.4885,0,241;5,4,0.5395,0,0;2,5,0.9465,0,191;6,5,0.1185,0,115
claim-interventional-train-00109	1	0	1	45,164,160,141,88,19,116,164,140,77,117,122,162,85,101,145,130,209,186,110,150,184,12,93,40,27,21,210,51,178,69,34,7,175,68,60	6,2,0.6345,0,75;2,0,0.0395,0,199;2,2,0.9385,0,196;4,3,0.1195,0,212;4,4,0.9105,0,68;1,0,0.8195,0,220
claim-interventional-train-00110	9	0	0	76,165,185,204,45,8,165,93,41,181,140,49,145,85,64,18,166,59,111,71,21,89,187,117,133,11,121,199,143,173,102,149,215,112,32,36	7,1,0.5995,0,242;7,2,0.2625,0,108;0,1,0.0875,2,164;3,3,0.2225,0,166;5,5,0.1215,0,107;0,3,0.8875,2,103
claim-interventional-train-00111	6	3	1	52,40,191,91,121,154,114,59,192,13,192,69,4,45,183,38,141,131,197,77,178,93,117,29,169,87,107,148,177,139,99,24,67,19,150,181	3,3,0.6875,3,69;4,4,0.1265,0,5;3,1,0.7735,0,23;4,5,0.6285,0,191;2,1,0.4845,0,170;0,1,0.7405,0,162
claim-interventional-train-00112	1	0	2	145,151,154,93,45,211,193,209,66,61,41,141,36,89,98,134,156,17,117,12,69,4,27,185,75,82,170,136,194,114,122,109,170,21,51,211	3,2,0.2715,0,15;2,2,0.2925,0,108;2,3,0.5005,0,151;2,0,0.2325,0,31;1,3,0.4295,0,81;1,4,0.1335,0,91
claim-interventional-train-00113	9	1	0	210,125,66,141,149,85,136,40,110,197,184,4,164,112,37,93,174,62,21,146,100,89,202,25,152,69,56,202,11,20,45,130,161,118,197,78	3,1,0.8535,0,66;0,3,0.1265,0,248;7,4,0.5515,0,197;5,3,0.2005,0,229;3,4,0.0775,1,43;4,0,0.1135,0,62
claim-interventional-train-00114	1	0	1	117,165,145,18,205,69,141,186,130,3,104,192,209,108,138,93,45,154,51,84,164,15,150,160,66,21,75,27,44,164,121,35,114,92,192,63	2,5,0.4955,0,40;2,1,0.8145,0,189;2,5,0.5375,0,171;2,2,0.8375,0,6;7,2,0.5145,0,199;0,0,0.4355,0,58
claim-interventional-train-00115	8	1	1	34,136,209,45,117,69,141,113,92,8,133,166,107,102,18,95,150,205,177,41,76,67,160,87,61,202,10,197,146,54,215,207,187,21,123,25	7,0,0.5395,0,158;0,0,0.2675,0,104;5,3,0.7825,0,14;3,5,0.9395,2,148;5,1,0.2045,0,1;2,3,0.1265,0,242
claim-interventional-train-00116	9	1	2	183,172,167,45,16,49,117,171,140,73,144,88,3,61,21,135,114,146,13,106,153,66,86,215,32,123,43,37,187,189,176,205,93,102,69,151	2,3,0.0475,0,115;7,3,0.7705,0,2;0,3,0.4515,0,152;0,4,0.1425,0,11;5,0,0.5095,0,57;2,5,0.9035,3,240
claim-interventional-train-00117	6	0	2	192,165,12,93,117,61,131,36,116,69,18,49,196,195,137,91,74,175,158,106,159,105,127,197,45,21,3,171,67,199,141,151,83,145,40,33	2,2,0.4115,0,192;8,2,0.1565,0,182;0,3,0.6815,0,135;1,1,0.6095,0,81;8,0,0.9895,0,174;6,1,0.3645,0,238
claim-interventional-train-00118	7	2	1	13,126,41,85,103,147,55,163,114,94,108,67,131,136,79,45,162,150,89,30,72,119,177,62,21,213,2,163,160,163,35,195,19,208,141,181	1,3,0.6295,0,217;5,1,0.2645,0,53;6,4,0.6205,3,248;6,3,0.3645,1,70;6,2,0.4495,2,92;5,1,0.0375,0,228
claim-interventional-train-00119	6	0	0	25,185,149,123,196,99,137,1,45,17,193,44,53,12,61,37,191,159,108,158,133,86,168,204,141,67,92,69,80,207,145,112,117,186,21,93	0,2,0.2065,0,64;0,3,0.8985,0,96;4,3,0.6185,0,181;7,4,0.8665,0,58;2,2,0.0985,0,28;2,3,0.2465,0,134
claim-interventional-train-00120	5	2	0	178,111,74,117,19,45,147,103,91,184,124,53,156,165,2,193,166,182,21,95,40,112,35,137,149,64,133,61,82,168,28,153,152,69,10,141	1,0,0.6765,0,137;3,1,0.1505,0,157;4,3,0.1415,0,154;1,0,0.6235,2,152;6,5,0.1365,0,77;3,3,0.2325,0,138
claim-interventional-train-00121	6	0	0	109,136,204,144,42,21,100,124,87,31,135,18,1,56,161,194,179,149,36,113,154,69,154,171,90,206,63,64,45,214,13,81,145,93,205,117	0,3,0.4915,0,10;6,2,0.4085,0,123;7,5,0.1215,0,218;8,5,0.4275,0,60;3,3,0.2085,0,255;3,5,0.1015,3,181
claim-interventional-train-00122	1	0	2	89,139,114,26,193,200,190,69,199,19,75,43,62,151,11,53,134,158,21,66,205,156,45,3,100,93,123,117,201,39,108,141,211,145,86,175	2,1,0.7235,0,185;1,5,0.6355,0,123;4,4,0.4725,0,13;2,4,0.2055,0,181;3,2,0.4435,0,160;2,4,0.7735,0,108
claim-interventional-train-00123	5	0	1	70,130,40,78,150,188,60,117,21,140,51,182,158,195,103,39,18,87,122,6,182,209,142,202,46,67,96,10,116,145,208,25,91,163,111,187	5,0,0.4935,0,43;0,5,0.1115,1,208;2,2,0.7735,1,124;5,5,0.6215,3,100;6,5,0.8585,0,232;1,0,0.9045,1,43
claim-interventional-train-00124	1	0	0	69,137,27,44,119,8,208,21,83,159,188,99,152,51,135,91,185,160,39,76,116,215,129,60,177,149,142,160,145,45,65,93,16,109,182,11	7,1,0.1795,0,36;2,5,0.8075,0,59;2,2,0.2285,0,193;3,1,0.6925,0,156;2,3,0.8495,2,175;8,5,0.3095,1,17
claim-interventional-train-00125	6	0	2	36,176,95,1,106,153,114,154,145,203,67,183,151,60,140,20,166,90,55,82,171,69,127,157,29,120,104,40,45,141,131,214,21,80,15,178	0,5,0.9025,0,101;4,2,0.0545,0,21;6,2,0.7355,0,80;7,0,0.4125,2,94;7,0,0.4455,3,143;6,1,0.9975,0,143
claim-interventional-train-00126	9	1	0	79,31,215,10,156,143,72,189,62,41,189,146,98,195,35,117,21,93,45,140,196,53,214,127,209,130,7,83,149,65,181,115,110,89,16,173	6,0,0.1765,0,147;6,1,0.2745,0,196;4,4,0.2525,3,86;6,1,0.2855,0,177;1,4,0.6095,0,39;6,0,0.9945,2,96
claim-interventional-train-00127	4	1	0	64,62,48,85,78,199,190,190,34,193,115,135,194,189,18,88,14,204,149,72,105,190,7,186,55,146,32,43,124,107,141,117,21,93,207,138	6,4,0.4665,0,51;7,0,0.6695,3,90;6,4,0.1335,3,5;5,3,0.0255,0,139;8,1,0.6285,0,123;3,5,0.4775,0,169
claim-interventional-train-00128	5	3	1	83,124,211,12,212,161,206,141,93,17,110,42,74,209,21,133,69,51,148,116,103,45,158,183,64,3,136,150,63,198,170,31,206,118,88,39	2,2,0.2015,0,169;6,5,0.4335,0,90;2,5,0.0055,0,255;1,1,0.0385,0,143;6,4,0.9485,1,52;3,3,0.0045,0,43
claim-interventional-train-00129	8	3	2	12,88,141,117,21,17,156,131,138,161,83,129,39,2,114,214,70,200,67,93,76,53,58,151,211,44,201,148,45,178,160,30,109,170,183,99	1,2,0.3965,0,25;5,5,0.8805,0,77;4,0,0.6505,1,132;3,1,0.0055,0,208;2,3,0.5815,0,152;8,1,0.4095,0,202
claim-interventional-train-00130	2	0	1	84,58,40,55,93,67,203,92,19,156,10,132,106,100,160,120,150,76,163,140,127,45,27,7,24,160,35,174,112,145,141,191,182,70,202,201	6,0,0.6475,3,118;2,1,0.1475,0,147;6,0,0.6535,1,39;3,2,0.9025,0,79;3,0,0.0035,3,81;6,2,0.9845,0,68
claim-interventional-train-00131	2	1	2	151,146,73,48,43,106,140,94,92,141,187,163,27,198,97,161,16,168,124,6,116,186,65,12,21,62,82,210,39,55,184,130,167,69,197,117	5,2,0.0885,0,240;2,5,0.7235,3,133;6,4,0.2205,0,118;0,0,0.9495,1,227;0,0,0.8545,0,220;3,0,0.9975,0,164
claim-interventional-train-00132	10	0	0	157,182,25,167,117,145,21,57,163,141,134,39,112,171,78,196,18,205,13,108,83,140,69,210,93,89,211,46,102,125,214,41,149,62,5,67	4,3,0.4525,0,209;0,5,0.3435,1,248;8,4,0.6235,0,170;5,1,0.3435,0,193;5,2,0.1005,0,165;4,4,0.8015,0,119
claim-interventional-train-00133	1	3	0	172,93,92,134,65,117,148,136,163,199,205,79,203,69,62,144,208,51,40,45,181,20,3,121,109,112,35,27,102,169,158,12,21,82,165,149	2,2,0.9405,0,64;2,1,0.1745,0,187;2,4,0.3565,0,146;6,0,0.9345,0,100;5,3,0.0795,0,227;0,4,0.0095,3,170
claim-interventional-train-00134	1	0	2	117,21,37,180,141,94,210,106,44,55,183,213,151,202,201,145,71,123,138,167,68,89,81,116,99,130,82,17,26,47,198,14,2,61,153,161	1,4,0.2285,0,59;1,3,0.8365,2,147;6,3,0.9025,2,42;8,0,0.3765,1,158;2,0,0.8215,0,174;2,0,0.4165,0,49
claim-interventional-train-00135	9	3	2	61,177,76,117,110,211,67,69,212,123,148,32,113,201,131,151,140,163,182,208,141,99,44,21,9,39,12,20,215,56,89,46,82,93,180,183	8,2,0.8055,0,65;7,5,0.8265,1,69;7,3,0.7915,0,244;3,0,0.2865,0,113;2,4,0.2005,0,89;2,1,0.9365,0,34
claim-interventional-train-00136	1	3	1	74,41,212,198,195,155,109,88,140,150,131,178,45,12,189,124,117,37,142,214,148,82,93,21,115,171,16,9,32,177,189,54,69,99,65,62	8,2,0.0575,0,204;7,3,0.2205,0,222;5,4,0.2985,0,82;1,0,0.1975,0,127;2,3,0.7485,0,90;3,1,0.9495,1,212
claim-interventional-train-00137	2	3	2	186,34,88,209,21,47,136,148,30,208,69,108,44,166,19,60,66,197,141,84,132,151,116,55,205,127,175,170,11,81,203,117,94,204,6,100	5,1,0.7135,0,166;5,0,0.9275,2,65;6,2,0.5595,0,173;8,2,0.0835,1,48;3,2,0.8725,0,62;6,2,0.1945,0,71
claim-interventional-train-00138	2	0	0	145,94,58,76,215,141,91,185,106,116,38,162,68,45,185,210,21,19,52,149,69,176,11,3,161,205,117,139,27,129,208,40,101,193,84,133	2,1,0.7945,0,166;2,4,0.0505,0,132;3,0,0.8225,0,11;3,2,0.6515,1,194;4,0,0.9695,0,212;8,3,0.7505,0,100
claim-interventional-train-00139	1	1	1	69,6,187,85,14,103,61,38,125,137,30,194,51,77,141,21,175,40,111,189,68,96,90,167,130,185,117,207,146,168,45,19,150,114,188,202	5,4,0.6925,0,90;5,4,0.1735,0,142;2,3,0.8725,0,126;4,3,0.5565,3,52;6,5,0.4865,0,220;4,0,0.2545,0,88
claim-interventional-train-00140	5	2	1	141,63,105,39,121,32,183,117,147,76,66,43,21,52,131,187,88,69,114,83,45,12,169,109,174,215,93,17,150,7,167,164,163,137,200,205	6,2,0.3395,0,10;7,5,0.6965,0,246;3,5,0.5595,0,233;3,1,0.1015,0,229;8,3,0.4215,0,196;0,1,0.3695,0,168
claim-interventional-train-00141	5	2	1	43,21,32,39,79,215,65,140,10,175,170,141,54,169,173,164,108,204,92,179,93,165,84,150,177,134,101,45,117,147,60,69,16,4,112,124	3,0,0.0785,0,43;7,5,0.6355,0,107;5,2,0.3615,0,161;6,2,0.8735,0,11;4,2,0.1095,0,151;3,4,0.8525,0,27
claim-interventional-train-00142	7	3	1	93,21,117,70,137,161,26,56,214,178,73,10,83,45,6,153,148,184,66,41,166,107,113,20,202,150,89,37,123,143,61,209,102,207,163,135	5,0,0.9165,0,159;1,3,0.3705,0,200;7,3,0.4685,1,227;0,1,0.2475,0,170;5,1,0.2055,0,160;2,5,0.2535,2,118
claim-interventional-train-00143	2	1	0	91,165,140,11,117,35,174,169,104,149,68,74,141,25,52,146,106,59,166,167,171,126,44,158,112,45,21,186,194,94,69,196,131,82,16,8	7,1,0.1245,0,74;0,1,0.8915,0,33;3,1,0.9175,0,42;1,0,0.7965,1,44;7,0,0.0275,0,198;5,1,0.9795,0,252
claim-interventional-train-00144	7	1	0	61,53,21,26,66,117,113,16,191,110,80,190,154,146,96,194,8,45,209,83,39,15,208,171,44,89,155,139,105,210,130,144,126,71,149,162	7,5,0.0415,0,11;1,5,0.8415,0,226;4,3,0.4075,2,62;7,1,0.3205,3,126;8,4,0.3215,0,171;5,0,0.7115,3,59
claim-interventional-train-00145	1	0	1	21,114,110,66,145,31,167,160,37,172,157,17,164,166,133,43,118,90,100,141,150,13,46,187,51,138,93,123,201,61,5,152,69,84,194,77	4,3,0.2625,0,239;6,3,0.7725,1,108;2,3,0.4635,0,199;4,2,0.4905,0,163;3,4,0.4855,1,42;2,3,0.4265,0,227
claim-interventional-train-00146	5	3	0	154,140,108,117,148,130,143,158,200,200,129,64,51,174,83,98,113,214,158,45,31,39,6,210,189,10,183,93,62,149,89,80,19,69,42,21	5,0,0.7205,0,190;6,5,0.5655,0,94;2,4,0.0635,0,212;7,1,0.2515,0,3;1,2,0.2125,0,128;8,0,0.8505,2,221
claim-interventional-train-00147	2	1	1	103,75,164,141,21,87,166,205,45,94,60,108,196,88,69,12,124,167,40,50,1,116,190,131,18,201,117,33,153,146,150,136,37,166,155,67	0,2,0.4735,0,30;8,3,0.1185,0,25;1,2,0.7705,0,180;2,5,0.1895,1,162;6,2,0.8005,0,111;3,1,0.1245,0,104
claim-interventional-train-00148	2	1	0	10,146,3,165,202,18,54,36,167,115,100,130,94,149,83,141,207,91,137,45,65,106,69,29,59,81,192,153,122,188,181,21,117,186,188,41	2,0,0.5735,0,3;4,2,0.3495,0,197;5,1,0.3435,0,226;8,1,0.6255,1,208;3,0,0.7695,0,142;1,0,0.2155,0,103
claim-interventional-train-00149	10	1	1	171,34,180,84,202,45,63,122,137,2,150,183,81,117,157,65,50,16,110,130,189,15,141,40,93,71,183,21,146,176,31,152,188,92,98,113	1,5,0.1765,0,31;6,0,0.0615,0,52;1,5,0.2975,2,171;8,2,0.9015,0,239;1,4,0.2455,0,197;1,0,0.3645,0,3
claim-interventional-train-00150	10	0	2	169,215,21,170,114,136,196,133,66,198,175,57,62,143,6,42,118,172,31,45,170,18,14,105,124,93,110,199,69,37,77,145,151,165,85,88	5,4,0.5725,0,32;6,3,0.4735,0,120;8,4,0.5415,0,32;4,3,0.1525,0,59;8,4,0.4255,1,200;3,3,0.1795,2,185
claim-interventional-train-00151	2	3	0	104,21,198,166,131,120,16,111,137,45,167,67,35,81,148,86,116,215,58,54,40,152,194,143,209,69,93,2,129,159,203,11,149,32,88,170	1,1,0.0515,0,110;7,1,0.1225,0,166;5,0,0.7825,0,27;8,4,0.0325,0,118;7,5,0.9575,3,122;8,1,0.2085,2,113
claim-interventional-train-00152	6	3	0	64,6,90,107,117,93,137,153,19,43,134,149,154,143,45,183,22,116,189,73,69,12,27,148,51,63,159,159,160,196,186,85,97,126,185,36	5,2,0.7175,1,235;2,2,0.7625,0,135;2,5,0.1265,0,126;0,3,0.5955,0,161;0,1,0.8765,0,39;5,4,0.2035,2,4
claim-interventional-train-00153	1	1	0	149,171,52,131,3,156,98,112,28,119,122,146,71,64,157,39,180,140,165,175,159,92,87,75,45,93,195,208,144,40,11,201,59,23,106,18	2,1,0.5405,2,25;3,5,0.1255,0,196;3,1,0.1775,2,23;2,5,0.9185,0,177;1,0,0.1785,2,235;1,1,0.8995,3,138
claim-interventional-train-00154	7	2	0	141,38,41,108,209,82,93,55,166,4,122,112,147,73,12,201,187,210,152,135,63,45,169,70,177,137,97,117,21,67,28,88,16,149,200,197	3,2,0.1425,0,12;3,4,0.3375,0,200;6,5,0.7975,1,200;0,0,0.0485,0,244;0,2,0.1715,0,180;1,5,0.2715,0,43
claim-interventional-train-00155	9	3	0	58,183,194,155,208,148,86,203,166,136,29,93,43,117,45,106,141,176,74,51,69,17,149,10,199,37,23,132,189,68,124,103,6,184,92,116	5,0,0.2895,2,128;4,3,0.6045,0,241;2,0,0.9955,0,173;1,4,0.9845,0,18;6,0,0.8215,0,244;3,2,0.0815,0,250
claim-interventional-train-00156	4	1	1	44,54,62,80,96,65,14,146,91,115,161,206,199,134,215,109,5,142,46,150,21,185,20,137,85,166,36,100,175,117,182,69,127,209,30,155	4,4,0.8895,0,85;5,2,0.9765,1,163;5,4,0.3305,0,227;7,3,0.7865,3,147;3,3,0.7085,0,159;6,4,0.2585,1,8
claim-interventional-train-00157	10	1	0	183,181,125,141,185,21,72,43,14,58,138,34,91,45,1,201,29,86,16,113,178,74,64,110,189,146,152,153,50,99,149,166,133,93,117,209	0,4,0.1765,0,108;4,0,0.6285,0,149;1,0,0.1425,3,189;1,4,0.7515,0,172;2,4,0.2865,0,228;4,3,0.5675,0,182
claim-interventional-train-00158	5	2	2	110,17,170,37,113,69,43,59,76,151,165,28,68,135,136,21,195,141,101,14,93,92,197,50,117,154,45,125,168,175,4,206,204,147,187,82	3,4,0.2995,0,165;3,3,0.7525,0,246;1,1,0.9335,0,90;3,0,0.9475,0,127;4,4,0.3275,0,112;4,5,0.0855,0,239
claim-interventional-train-00159	2	3	1	175,125,119,110,40,21,141,137,202,32,67,82,178,102,212,80,205,13,4,54,90,178,60,188,17,179,45,93,113,148,150,38,181,69,135,160	3,3,0.2005,0,158;7,4,0.0875,0,214;5,2,0.6395,0,191;7,0,0.4295,0,186;5,4,0.2955,2,187;4,5,0.3905,0,1
claim-interventional-train-00160	10	2	2	195,64,213,213,153,203,48,129,113,87,43,197,175,20,93,52,120,186,5,15,132,140,171,23,88,37,147,58,151,98,205,110,79,141,69,26	4,5,0.8265,2,158;1,3,0.7835,3,185;3,0,0.1635,0,60;6,5,0.1055,0,77;1,4,0.2205,3,230;8,2,0.8275,0,255
claim-interventional-train-00161	9	1	2	68,113,195,9,168,125,84,174,100,107,62,194,45,43,32,11,174,191,207,21,94,151,39,79,137,215,88,157,56,146,19,141,179,130,117,69	8,1,0.6455,0,228;7,5,0.6545,0,225;7,4,0.8035,0,219;6,2,0.0385,1,5;3,1,0.3615,0,250;4,0,0.2085,0,220
claim-interventional-train-00162	10	0	2	95,153,117,171,105,181,11,122,151,69,84,60,28,64,111,204,136,141,172,40,204,50,181,188,115,20,75,45,6,172,92,21,37,145,197,135	5,1,0.8425,0,28;3,3,0.0825,0,52;1,2,0.0045,0,136;2,2,0.8045,2,229;8,5,0.7235,0,3;1,5,0.1505,0,1
claim-interventional-train-00163	9	1	1	69,9,35,114,141,21,93,44,117,65,56,193,139,146,208,131,63,213,150,46,208,121,186,106,15,163,92,84,104,162,215,19,25,153,206,80	8,5,0.6355,0,217;0,1,0.9985,1,123;7,5,0.2385,0,242;7,2,0.9295,0,213;7,0,0.5015,0,252;0,1,0.6215,0,0
claim-interventional-train-00164	10	0	1	115,21,150,137,117,65,135,69,125,141,40,197,17,169,155,45,11,84,163,200,191,56,73,106,31,101,164,211,214,145,36,93,88,3,61,155	2,1,0.3505,0,218;6,2,0.1335,0,159;7,3,0.2655,0,100;0,2,0.1195,0,12;4,0,0.7795,0,38;4,5,0.2075,0,243
claim-interventional-train-00165	9	1	0	139,83,184,45,3,146,16,116,159,64,107,124,75,71,187,133,178,37,153,21,179,88,13,189,44,58,197,104,94,55,210,149,156,26,117,143	2,3,0.1855,0,123;1,3,0.8385,0,194;6,0,0.1155,2,29;2,1,0.1965,1,72;7,1,0.8435,0,164;3,3,0.7835,2,227
claim-interventional-train-00166	7	0	1	109,122,36,202,164,58,93,214,215,150,52,17,181,117,198,45,27,160,186,67,15,214,139,183,97,145,22,4,75,135,141,88,82,115,43,69	3,5,0.2285,1,106;2,2,0.6075,0,77;3,0,0.7385,0,61;2,0,0.0105,0,51;0,3,0.7645,0,28;1,5,0.7235,0,238
claim-interventional-train-00167	9	3	0	135,44,117,35,21,8,69,179,174,148,28,141,83,176,98,73,203,149,175,13,138,66,19,47,210,124,93,211,108,208,63,204,114,210,89,53	7,3,0.6965,0,174;3,1,0.8955,2,247;4,5,0.4835,0,16;0,1,0.3155,0,34;1,2,0.5955,0,37;3,5,0.4975,0,231
claim-interventional-train-00168	1	1	0	169,78,50,84,141,117,3,172,146,181,109,66,165,69,59,38,178,93,157,179,159,99,127,134,139,209,27,91,149,18,45,114,21,209,13,43	2,3,0.4125,0,33;2,4,0.7165,0,173;1,1,0.4705,0,11;5,2,0.7375,0,224;2,3,0.5805,0,15;6,4,0.7365,0,211
claim-interventional-train-00169	7	3	2	141,135,46,21,117,139,160,179,170,112,58,151,95,17,11,82,49,92,69,162,164,164,104,181,148,3,38,160,189,44,197,122,75,31,111,67	2,1,0.3005,0,6;6,4,0.8405,1,84;0,0,0.7415,0,175;2,0,0.8285,2,37;7,5,0.1305,0,201;1,5,0.7655,0,222
claim-interventional-train-00170	9	1	2	146,209,71,107,215,141,151,191,191,44,99,179,115,52,65,208,83,33,123,215,120,8,13,34,94,59,81,131,202,186,21,138,46,88,194,19	7,3,0.6175,0,103;8,0,0.9295,1,118;3,1,0.3845,2,87;8,1,0.0585,1,70;2,1,0.6435,3,16;2,1,0.4165,0,133
claim-interventional-train-00171	2	3	2	108,18,163,188,83,182,11,25,34,163,66,115,210,21,160,162,206,40,52,70,92,151,141,194,136,58,45,93,148,80,4,102,168,131,129,117	3,1,0.5345,0,61;0,0,0.1965,0,249;3,0,0.5255,1,149;7,1,0.8065,0,124;5,2,0.6195,0,19;8,1,0.0485,0,233
claim-interventional-train-00172	9	0	2	131,44,21,117,48,58,74,50,215,127,69,137,111,203,145,1,209,11,207,116,179,92,35,206,28,85,151,67,191,93,185,141,104,195,20,179	0,1,0.8815,0,205;3,1,0.8215,3,140;1,0,0.6295,0,105;1,3,0.8085,0,35;7,5,0.9505,0,2;6,1,0.2305,0,68
claim-interventional-train-00173	3	0	1	22,17,53,175,58,38,117,157,160,178,76,12,42,106,124,184,69,47,68,137,85,175,214,207,141,178,30,9,91,145,130,150,100,93,116,193	8,2,0.3155,1,224;5,4,0.5175,2,217;4,0,0.9645,0,16;3,3,0.7515,0,94;3,0,0.8865,0,211;3,0,0.3045,0,49
claim-interventional-train-00174	2	3	1	192,166,21,115,64,215,138,132,174,153,159,89,210,35,150,13,56,69,28,162,124,148,58,119,181,2,82,17,46,141,110,100,93,205,73,42	1,3,0.2165,0,131;3,1,0.5295,1,166;7,0,0.1765,0,79;0,0,0.2655,0,154;3,4,0.6125,2,25;3,2,0.4655,0,74
claim-interventional-train-00175	0	3	1	112,199,214,93,10,61,182,69,52,185,207,197,36,162,84,32,131,150,136,42,92,118,16,4,206,186,108,68,141,21,45,75,148,121,152,98	3,0,0.0925,0,92;7,2,0.4105,0,107;3,3,0.9305,0,106;2,2,0.8165,0,56;1,2,0.1995,1,185;0,1,0.0005,0,233
claim-interventional-train-00176	3	0	2	106,145,65,117,72,202,1,123,141,177,213,41,10,21,86,133,91,76,45,18,35,99,151,63,184,51,164,155,184,165,138,30,152,203,93,114	0,0,0.4645,0,199;5,1,0.3975,0,118;2,5,0.3755,3,13;3,4,0.7995,0,234;2,0,0.5575,0,120;2,3,0.5295,0,235
claim-interventional-train-00177	6	0	2	36,209,205,25,21,87,141,174,14,112,93,59,196,53,164,19,76,161,121,69,140,99,64,164,44,132,180,118,151,45,164,175,4,145,89,108	3,4,0.6325,0,129;0,2,0.9155,0,8;4,1,0.1445,0,106;3,5,0.2815,0,143;2,2,0.1045,1,28;0,2,0.9505,0,154
claim-interventional-train-00178	10	3	0	110,7,180,149,127,213,192,69,180,93,42,45,176,203,141,76,57,212,166,101,114,88,82,68,20,37,148,206,14,132,62,204,136,21,117,30	6,4,0.8715,0,37;5,3,0.5415,0,36;8,4,0.9445,0,81;3,0,0.1795,0,55;4,4,0.4835,0,250;6,2,0.0735,0,240
claim-interventional-train-00179	4	1	0	201,21,69,64,93,86,149,171,110,35,146,181,190,117,19,46,197,88,121,179,135,52,58,100,15,81,4,139,171,112,31,194,192,213,142,40	3,5,0.6315,0,80;6,1,0.1065,1,33;3,0,0.1925,0,50;8,4,0.0535,0,62;3,4,0.1335,0,56;0,5,0.6505,1,17
claim-interventional-train-00180	7	2	2	74,201,116,67,58,92,188,13,34,118,85,70,210,40,45,135,187,18,151,147,213,93,198,140,202,141,208,28,160,21,104,2,167,126,106,55	1,3,0.5385,0,136;3,0,0.1115,0,166;6,0,0.6255,1,111;1,3,0.9715,0,128;7,0,0.9095,1,168;5,5,0.9315,0,130
claim-interventional-train-00181	9	0	1	63,52,161,13,89,200,150,133,69,213,43,115,117,93,145,141,169,84,177,201,21,139,99,45,37,76,154,111,17,186,121,215,65,155,8,32	7,3,0.2985,0,161;7,3,0.7375,0,60;3,5,0.3235,0,14;3,2,0.2835,0,75;2,5,0.7455,0,213;0,3,0.6465,0,166
claim-interventional-train-00182	0	3	0	157,142,87,38,26,71,176,149,97,42,64,163,162,148,89,120,76,200,159,55,163,21,202,140,11,212,110,93,208,127,130,16,48,112,59,1	0,1,0.0855,0,115;1,4,0.5445,3,17;6,1,0.1185,2,144;3,5,0.2865,0,54;0,4,0.1925,3,69;6,0,0.8395,1,255
claim-interventional-train-00183	1	1	1	140,33,207,45,117,121,37,150,62,75,191,183,22,195,187,146,212,93,40,180,71,54,84,106,201,130,15,92,112,104,7,208,20,141,178,66	6,5,0.9535,1,76;8,3,0.1645,0,52;5,4,0.4035,2,66;2,2,0.8595,0,28;7,0,0.0395,0,73;0,0,0.8205,0,241
claim-interventional-train-00184	0	3	0	45,3,138,54,101,148,61,185,192,111,21,187,80,215,42,92,135,19,13,29,69,141,149,124,67,165,202,117,93,113,176,35,211,160,87,204	2,3,0.6765,0,180;4,1,0.4995,0,177;5,3,0.7355,0,3;7,5,0.8055,0,55;4,5,0.3375,0,169;3,5,0.5825,0,94
claim-interventional-train-00185	2	3	2	3,207,169,12,117,108,69,52,116,213,181,205,199,97,84,62,174,187,172,79,44,131,67,148,88,21,18,93,124,205,141,137,31,45,35,151	2,2,0.5365,0,194;6,1,0.8525,0,8;3,4,0.6475,0,53;6,2,0.1415,0,150;0,2,0.8815,0,7;3,1,0.2165,0,247
claim-interventional-train-00186	9	1	0	206,39,134,77,146,40,170,153,149,21,112,17,55,139,65,200,11,176,191,29,59,88,83,45,171,98,152,141,106,128,69,117,201,93,4,173	3,1,0.3705,0,75;4,5,0.1245,0,214;6,1,0.2485,0,27;4,1,0.0365,0,135;1,0,0.1225,0,157;7,4,0.7775,0,71
claim-interventional-train-00187	5	0	2	63,24,151,208,40,114,92,17,69,182,159,27,93,36,145,110,48,99,117,86,123,198,79,2,142,184,68,132,202,55,173,13,211,182,139,158	1,3,0.2715,3,141;2,2,0.1165,3,137;6,5,0.9285,0,31;6,4,0.9555,0,226;2,4,0.5145,0,115;2,2,0.6255,1,255
claim-interventional-train-00188	2	0	0	173,75,28,132,106,139,141,11,37,41,59,92,64,145,180,50,100,95,4,170,149,123,17,116,47,168,167,178,85,69,173,21,173,117,165,215	3,1,0.3215,0,105;3,3,0.2415,2,22;1,1,0.0865,0,49;2,3,0.8935,2,120;3,0,0.9755,0,178;2,2,0.7745,0,117
claim-interventional-train-00189	1	0	0	141,69,173,165,123,84,26,212,21,18,34,65,196,183,167,186,170,111,51,171,48,62,93,133,196,138,99,43,92,149,76,12,145,3,112,117	2,2,0.5355,0,143;1,0,0.7105,3,160;2,4,0.3025,0,35;3,2,0.8425,0,40;2,5,0.0185,0,121;2,3,0.5735,0,67
claim-interventional-train-00190	1	3	0	28,45,22,3,141,111,127,75,165,131,173,117,114,68,10,69,40,208,99,206,61,16,166,165,209,93,177,149,185,139,148,83,90,36,57,206	2,0,0.1755,1,201;3,2,0.1045,0,120;8,3,0.8755,0,5;2,1,0.4505,0,205;2,5,0.4625,0,6;6,1,0.7525,0,67
claim-interventional-train-00191	3	0	0	26,208,113,149,145,194,55,16,60,90,106,64,187,35,177,45,191,21,177,172,167,76,41,1,102,135,119,143,129,169,93,69,85,137,15,152	0,5,0.0155,0,120;1,1,0.3735,0,98;6,2,0.0555,0,12;3,3,0.5375,0,10;5,0,0.3615,2,79;8,5,0.3005,2,251
claim-interventional-train-00192	1	1	0	214,194,149,153,132,113,188,204,64,87,75,117,146,183,33,110,59,136,207,93,4,99,39,69,141,55,10,186,17,127,89,40,185,208,45,22	3,0,0.2195,1,243;8,5,0.0455,0,210;6,1,0.0475,0,176;2,5,0.3505,0,114;2,4,0.3085,0,162;6,2,0.0885,0,156
claim-interventional-train-00193	10	0	2	70,24,1,156,18,154,86,207,166,75,101,41,64,172,117,211,53,11,152,92,35,33,184,141,45,196,94,138,129,145,108,116,60,134,151,176	0,1,0.4465,3,193;8,1,0.3195,0,217;4,2,0.1315,1,185;2,4,0.9205,1,187;4,2,0.8185,0,161;8,4,0.4125,0,184
claim-interventional-train-00194	3	0	2	45,68,41,18,175,117,88,62,52,207,36,186,122,130,21,214,214,136,190,145,201,195,109,151,2,115,188,80,201,141,93,14,83,31,105,69	1,4,0.4215,0,82;6,2,0.3835,0,172;3,4,0.9785,0,233;7,1,0.1585,0,182;8,3,0.7255,0,176;1,0,0.0715,0,62
claim-interventional-train-00195	10	1	2	117,158,199,213,27,16,69,191,134,91,211,125,215,116,102,163,39,23,176,53,111,60,95,76,185,141,139,180,67,151,146,46,84,41,10,7	6,0,0.1475,2,120;2,5,0.3485,1,164;4,2,0.6465,0,25;3,2,0.7325,2,212;5,5,0.9825,0,174;4,4,0.7055,0,86
claim-interventional-train-00196	6	0	1	145,40,33,171,121,210,11,24,89,168,73,178,112,189,99,139,182,67,17,45,85,54,69,166,193,38,155,141,117,93,62,133,5,150,109,198	4,1,0.2535,3,52;8,4,0.1245,0,158;5,4,0.7565,0,27;0,3,0.2525,0,83;2,3,0.0395,0,43;0,3,0.7725,0,124
claim-interventional-train-00197	9	3	0	141,104,53,132,149,21,79,138,127,148,172,90,46,114,117,61,165,155,15,42,165,17,95,38,65,204,83,173,186,7,201,109,212,33,206,69	6,5,0.2845,0,54;8,4,0.4005,1,169;4,3,0.2135,0,210;6,1,0.5665,2,175;7,3,0.4835,0,74;6,2,0.5865,0,204
claim-interventional-train-00198	1	0	0	27,163,145,42,35,89,75,19,112,179,55,87,202,183,102,12,6,21,149,117,123,195,167,156,45,215,93,68,132,179,59,136,110,141,70,189	5,2,0.6485,0,81;2,1,0.4155,0,52;6,1,0.9885,1,45;2,5,0.3475,0,82;5,4,0.1165,0,4;2,2,0.0545,0,19
claim-interventional-train-00199	8	0	2	114,155,192,105,133,120,152,185,137,68,18,93,107,153,5,36,29,89,42,155,142,71,47,24,123,59,190,12,85,145,199,151,54,78,209,203	4,2,0.5565,3,209;4,2,0.5265,2,90;5,1,0.9385,2,172;5,3,0.3865,0,195;8,1,0.4405,3,160;2,3,0.2585,1,150
claim-interventional-train-00200	8	0	2	113,170,85,19,205,39,145,93,151,201,44,66,200,12,140,30,121,160,118,143,5,214,55,97,80,45,21,89,156,188,132,108,197,192,59,71	4,2,0.6475,0,129;5,5,0.8935,0,86;6,1,0.4555,2,179;7,3,0.2585,0,187;0,2,0.3865,1,138;0,2,0.9315,2,156
claim-interventional-train-00201	10	0	2	163,131,145,184,59,141,189,115,76,47,212,169,98,165,89,42,137,38,17,21,180,65,153,203,49,30,5,93,13,86,128,200,120,110,151,70	4,3,0.2045,0,216;5,4,0.4275,2,62;0,1,0.2035,1,38;3,4,0.2945,0,68;1,4,0.7475,3,156;7,1,0.2525,0,66
claim-interventional-train-00202	1	3	0	20,148,36,58,66,117,131,87,51,165,154,104,178,21,88,186,149,69,191,209,3,45,33,154,113,143,157,137,93,111,190,123,42,11,76,183	2,1,0.8525,0,156;8,2,0.5535,0,64;2,0,0.4475,0,171;3,5,0.1195,0,19;7,5,0.3915,0,140;2,1,0.3215,2,28
claim-interventional-train-00203	5	2	2	26,147,87,173,102,40,196,74,194,198,112,141,166,47,151,54,215,12,127,93,189,58,64,16,138,8,192,37,21,108,117,69,135,212,91,178	7,2,0.0645,0,72;1,3,0.1875,2,129;5,0,0.1585,0,226;1,5,0.6665,0,112;5,2,0.0945,0,68;6,5,0.4365,0,63
claim-interventional-train-00204	3	0	0	145,98,2,28,207,112,214,149,121,39,18,158,21,68,62,85,74,189,11,136,198,54,117,69,106,169,141,209,174,89,93,42,160,200,45,135	1,1,0.4085,0,121;3,5,0.4565,0,255;5,4,0.9165,0,160;1,3,0.3455,0,250;1,0,0.0035,0,31;0,5,0.0315,0,131
claim-interventional-train-00205	8	2	1	111,158,1,117,40,100,61,29,82,45,69,150,141,50,126,204,203,183,213,183,203,35,113,73,197,90,19,65,147,93,134,140,22,205,15,169	0,5,0.7465,1,125;4,1,0.1355,0,16;1,3,0.2185,0,200;0,0,0.4585,0,135;3,5,0.2925,0,246;5,4,0.8425,0,13
claim-interventional-train-00206	9	1	2	128,179,29,138,174,44,93,61,68,112,172,203,117,89,53,107,133,37,85,45,20,146,8,157,141,214,196,105,72,15,186,202,78,21,186,151	7,5,0.9525,0,168;4,3,0.8215,0,122;4,3,0.9665,3,185;5,3,0.3905,0,60;8,1,0.0585,0,52;7,3,0.5345,0,91
claim-interventional-train-00207	2	1	1	62,128,163,102,168,152,131,196,140,44,67,83,110,28,36,9,21,201,203,176,96,17,146,141,159,10,69,114,182,150,91,53,117,45,194,79	8,0,0.2285,0,74;3,2,0.9185,0,59;4,4,0.6795,0,148;6,1,0.7165,3,168;5,4,0.5165,0,9;7,1,0.8305,0,210
claim-interventional-train-00208	0	3	2	124,189,86,93,39,159,60,19,153,177,135,12,140,148,78,21,167,119,191,141,101,46,159,151,153,178,109,50,64,27,69,191,115,40,4,92	3,2,0.7975,0,191;2,5,0.1045,1,173;1,2,0.0455,0,114;5,4,0.8405,0,164;4,3,0.7465,2,195;3,5,0.9115,0,61
claim-interventional-train-00209	3	0	0	108,83,189,112,95,210,185,120,21,212,132,184,38,4,101,206,31,88,127,145,67,50,14,72,181,137,19,186,211,46,60,202,141,149,40,75	3,4,0.6015,0,121;6,4,0.1945,1,153;1,2,0.6865,3,116;2,1,0.0475,2,56;4,2,0.1155,3,203;6,2,0.2425,0,27
claim-interventional-train-00210	2	1	2	108,166,23,137,181,93,146,124,14,207,117,68,34,210,60,185,174,99,193,83,151,28,53,89,1,20,134,155,69,116,45,79,194,141,43,189	0,4,0.9095,2,202;3,0,0.6745,0,76;4,2,0.9335,0,29;6,1,0.2845,0,59;2,2,0.8465,0,24;3,4,0.3965,0,114
claim-interventional-train-00211	10	2	2	168,132,54,34,120,33,209,13,66,194,93,162,89,166,69,202,183,44,76,147,107,122,167,45,9,82,112,205,184,62,140,151,141,98,20,21	8,3,0.8015,0,155;8,0,0.8885,0,241;5,4,0.4915,0,255;3,0,0.3765,0,229;1,1,0.1525,3,42;1,2,0.8775,0,175
claim-interventional-train-00212	2	0	0	21,41,4,154,209,196,136,166,51,81,132,149,60,114,31,152,118,198,205,18,45,11,83,209,38,145,93,109,72,206,141,65,154,129,102,92	3,1,0.4025,0,228;6,4,0.2135,0,44;2,2,0.3065,3,234;8,1,0.9545,0,114;5,3,0.4065,1,138;8,2,0.1955,0,112
claim-interventional-train-00213	8	0	1	123,68,17,150,35,117,184,45,130,201,113,145,78,198,188,103,141,86,21,188,136,29,53,156,209,93,41,63,177,11,203,108,6,159,72,89	5,1,0.3405,0,97;4,1,0.2645,0,189;4,5,0.9985,3,60;5,4,0.3395,0,166;6,2,0.2025,0,109;2,0,0.1135,0,255
claim-interventional-train-00214	5	2	1	115,45,139,103,31,44,152,192,150,162,110,91,203,121,195,77,87,71,117,192,191,131,21,203,37,93,52,61,67,17,147,189,215,13,142,5	4,3,0.3145,0,224;6,3,0.8575,0,91;3,3,0.6315,2,65;4,5,0.6285,0,250;6,4,0.6565,0,73;0,1,0.7715,1,191
claim-interventional-train-00215	1	0	2	85,184,165,145,69,203,114,162,210,20,93,27,141,205,151,59,8,117,156,50,99,136,24,111,15,90,197,45,134,75,43,65,38,198,124,167	7,5,0.8555,3,234;2,4,0.7085,0,169;1,1,0.3075,0,252;2,3,0.5625,0,127;2,5,0.5185,0,52;3,4,0.0735,0,98
claim-interventional-train-00216	0	3	0	163,215,21,66,39,194,190,82,19,149,5,63,45,123,148,141,103,106,40,135,170,69,117,93,75,136,167,27,114,169,206,13,52,172,188,92	4,3,0.7225,0,240;2,5,0.0545,0,77;3,5,0.5435,0,236;2,0,0.9335,0,12;6,0,0.5975,0,54;2,5,0.1565,0,38
claim-interventional-train-00217	9	0	2	46,117,50,2,164,34,153,64,141,41,22,131,10,190,25,92,93,113,110,79,145,18,190,182,151,136,104,82,63,70,206,121,210,185,178,192	1,0,0.5035,1,121;0,0,0.2395,1,24;1,5,0.0585,1,84;6,0,0.9895,0,207;7,4,0.2335,0,248;0,1,0.0295,0,95
claim-interventional-train-00218	6	1	0	45,85,92,21,184,190,38,152,202,187,32,97,134,1,68,162,141,170,149,166,146,69,125,52,108,43,202,137,13,115,94,58,20,199,117,75	0,3,0.8655,0,49;7,4,0.6735,0,194;3,0,0.9305,0,158;2,3,0.8815,1,49;0,2,0.7985,0,124;4,4,0.3305,0,67
claim-interventional-train-00219	7	1	1	18,146,12,108,179,152,141,121,45,4,64,212,150,73,179,208,160,26,88,93,103,37,85,21,42,163,112,61,167,69,163,117,55,130,138,180	3,2,0.4095,0,222;1,3,0.4515,0,65;6,3,0.0665,0,83;0,3,0.1705,0,214;6,2,0.0115,0,219;0,0,0.4305,0,129
claim-interventional-train-00220	1	1	2	13,84,146,18,46,210,67,61,184,151,159,3,199,118,71,208,21,54,132,42,197,141,38,207,88,99,94,164,138,215,121,184,32,116,81,110	2,3,0.5305,0,176;7,4,0.5735,1,71;5,3,0.6655,2,94;8,2,0.0055,1,217;2,4,0.9515,1,240;0,2,0.4575,0,245
claim-interventional-train-00221	1	1	1	203,141,205,178,19,172,39,27,117,87,69,201,43,15,181,55,58,208,139,109,65,24,180,104,132,128,45,150,88,185,5,112,158,74,93,146	4,5,0.7675,3,2;2,5,0.7015,0,38;6,0,0.3425,0,95;1,5,0.1195,0,115;7,3,0.0575,0,22;7,2,0.7145,0,124
claim-interventional-train-00222	8	3	1	69,2,153,66,162,106,105,21,45,55,160,89,58,117,126,207,19,10,179,115,148,153,40,141,135,35,139,74,150,85,176,94,167,33,208,166	1,0,0.7565,0,213;8,1,0.0245,0,20;6,0,0.4165,0,91;1,3,0.3895,1,18;8,0,0.6605,0,245;5,5,0.6955,0,9
claim-interventional-train-00223	1	0	0	132,138,171,175,8,44,127,66,188,117,149,167,160,98,156,114,145,108,197,93,158,166,160,29,17,75,86,45,39,92,21,49,59,69,11,141	7,1,0.3525,0,183;4,5,0.8885,0,255;0,1,0.4855,0,109;2,4,0.8115,0,47;1,2,0.5995,0,153;6,2,0.4335,0,201
claim-interventional-train-00224	10	2	0	190,189,17,194,141,89,81,113,147,69,139,66,45,93,196,201,181,162,133,117,98,10,5,165,42,149,59,33,39,87,125,111,156,52,21,179	4,0,0.3875,0,196;8,5,0.4885,0,241;3,1,0.4235,0,82;8,5,0.3165,0,240;1,5,0.2325,0,136;4,3,0.7935,0,52
claim-interventional-train-00225	9	3	0	162,14,45,207,21,66,159,131,201,114,209,125,117,86,79,43,16,27,139,141,149,35,98,92,164,69,155,203,148,56,3,168,111,197,59,93	2,4,0.1715,0,59;2,1,0.7115,0,157;7,1,0.4415,0,93;6,4,0.9085,0,225;1,5,0.5865,0,108;4,1,0.7085,0,30
claim-interventional-train-00226	1	1	1	39,84,109,46,165,93,209,150,141,200,17,116,49,21,160,130,179,129,99,64,146,30,210,41,69,117,158,11,208,88,199,6,73,176,60,139	5,1,0.2495,0,207;5,5,0.2905,1,33;0,2,0.1575,0,193;0,2,0.0205,0,203;2,3,0.9395,0,31;8,0,0.7615,0,85
claim-interventional-train-00227	0	3	0	93,53,149,81,194,45,63,29,206,111,191,206,207,163,4,38,148,21,138,118,82,92,41,209,191,121,175,134,141,67,98,185,70,115,15,18	3,5,0.4405,0,188;4,4,0.3105,0,194;4,5,0.7725,1,163;8,0,0.8825,0,3;1,5,0.6185,1,200;0,4,0.5895,0,118
claim-interventional-train-00228	1	1	1	51,41,204,169,106,165,113,153,136,141,21,126,20,45,28,117,15,91,63,150,87,152,135,73,3,202,37,72,146,67,186,159,188,93,105,161	2,5,0.8415,0,254;3,3,0.3855,0,227;2,5,0.7595,3,224;0,5,0.6525,0,86;8,0,0.2655,0,169;5,5,0.0495,0,140
claim-interventional-train-00229	9	1	2	28,151,93,165,134,211,77,45,116,9,194,88,65,37,21,43,156,86,12,141,69,104,20,174,152,60,146,157,137,117,110,176,159,50,128,176	8,2,0.9135,0,74;3,3,0.6485,0,202;1,2,0.3695,0,52;4,4,0.1575,0,194;7,4,0.9105,0,92;7,4,0.3815,0,105
claim-interventional-train-00230	1	0	2	184,165,151,35,66,93,88,210,145,69,11,215,117,83,123,206,206,141,179,76,7,33,50,175,106,103,44,114,24,173,140,190,133,18,45,61	6,1,0.5855,3,77;8,1,0.9155,0,136;1,3,0.5555,0,67;3,1,0.0705,0,222;6,0,0.4115,0,74;2,3,0.9525,0,104
claim-interventional-train-00231	1	3	2	214,214,116,17,13,169,148,137,198,39,84,27,208,73,6,198,175,151,99,210,66,167,130,156,141,93,50,121,90,21,59,109,69,44,46,117	5,3,0.2995,0,199;2,5,0.8565,1,37;1,1,0.4235,0,187;0,2,0.4995,0,104;2,3,0.8365,0,69;0,0,0.2455,0,254
claim-interventional-train-00232	2	0	1	173,141,78,92,93,3,185,189,36,154,30,117,138,21,153,44,11,115,65,164,17,132,199,60,109,127,100,189,69,150,192,84,45,55,145,198	2,1,0.2185,0,13;5,2,0.9275,0,109;6,2,0.2045,0,28;5,2,0.8705,0,46;3,3,0.6615,0,229;6,2,0.4285,0,169
claim-interventional-train-00233	0	3	0	34,93,45,165,117,184,12,5,130,18,49,149,113,64,40,102,27,59,69,210,139,148,92,129,141,171,202,158,24,76,193,191,85,111,165,192	4,2,0.4825,3,55;2,0,0.1145,0,34;0,1,0.0355,0,223;3,3,0.9945,0,71;5,5,0.3465,0,124;8,0,0.6515,0,134
claim-interventional-train-00234	9	3	1	87,52,130,107,4,165,137,150,208,42,45,12,93,129,167,206,34,180,206,114,105,69,65,201,148,61,16,177,182,208,119,21,80,25,90,141	3,2,0.0465,0,119;0,0,0.5665,0,224;3,3,0.3995,0,84;7,5,0.4745,0,124;8,1,0.4035,2,51;8,0,0.3495,0,218
claim-interventional-train-00235	2	1	0	93,188,11,141,106,100,69,20,21,45,58,125,92,173,171,56,115,6,64,35,84,28,44,117,206,140,146,76,210,149,182,157,132,199,152,191	5,1,0.9475,0,114;3,1,0.8705,0,27;7,0,0.1865,0,249;3,2,0.8515,0,252;3,0,0.7715,0,101;4,2,0.9475,0,82
claim-interventional-train-00236	5	0	2	166,185,45,78,193,37,180,145,114,61,93,64,82,107,57,151,167,21,186,119,90,16,197,3,141,122,70,11,132,195,104,31,43,140,211,194	2,1,0.1725,0,58;6,3,0.7445,0,231;8,3,0.1515,1,77;5,0,0.4845,0,111;7,1,0.4355,2,159;1,2,0.9945,0,189
claim-interventional-train-00237	2	1	0	132,174,88,146,45,152,163,97,81,123,60,34,138,30,4,149,114,205,93,10,52,108,42,194,158,117,185,22,16,144,201,87,185,65,154,69	3,0,0.1455,1,195;5,0,0.5185,0,239;3,2,0.3115,0,173;8,5,0.1775,0,209;0,2,0.5035,0,243;2,2,0.5145,3,86
claim-interventional-train-00238	2	2	2	136,117,10,200,147,213,37,64,206,56,177,191,130,126,60,46,21,43,85,17,155,186,73,207,100,1,106,141,96,33,92,212,115,69,156,151	0,0,0.3425,0,0;8,3,0.7465,1,0;7,2,0.1565,0,65;0,3,0.8435,3,22;3,0,0.6865,0,238;5,0,0.1715,0,114
claim-interventional-train-00239	6	1	1	150,69,189,182,208,146,93,141,112,65,136,21,155,172,78,117,39,25,14,5,43,187,53,201,127,99,90,111,58,180,45,86,130,211,194,20	4,4,0.9015,0,40;0,5,0.6715,0,64;4,0,0.3555,0,124;5,4,0.5575,0,161;2,5,0.1355,0,226;6,0,0.0505,0,52
claim-interventional-train-00240	2	0	1	69,78,89,194,156,150,49,17,1,108,131,45,158,123,66,154,169,116,184,138,32,34,21,117,100,60,175,161,145,93,201,87,44,168,11,141	0,1,0.2405,0,162;7,0,0.8315,0,56;0,2,0.5325,0,98;5,5,0.2735,0,132;3,2,0.8625,0,113;2,1,0.5915,0,164
claim-interventional-train-00241	3	0	2	155,194,11,199,44,180,145,90,135,113,3,190,69,141,20,28,105,174,107,37,151,167,191,52,140,197,64,45,85,73,22,196,117,124,93,63	2,1,0.8525,1,21;3,3,0.8405,0,204;3,5,0.0355,0,220;0,3,0.5865,0,137;8,1,0.2255,0,122;3,5,0.9445,0,209
claim-interventional-train-00242	7	0	1	57,157,212,199,21,123,45,208,154,164,87,64,34,161,26,195,195,112,43,97,93,92,135,11,188,69,141,120,106,74,150,139,1,19,62,145	0,1,0.6145,0,89;1,0,0.6465,0,216;8,4,0.1795,0,226;1,5,0.8885,0,195;0,0,0.1455,3,46;2,5,0.7505,0,120
claim-interventional-train-00243	10	0	1	12,197,1,69,132,175,110,75,17,37,84,55,209,214,100,145,112,173,137,167,117,44,33,164,161,64,186,167,89,93,63,129,141,150,45,21	0,2,0.2775,0,43;8,3,0.9475,0,185;6,5,0.0105,0,227;2,2,0.2005,0,247;3,4,0.1385,0,126;8,2,0.3755,0,200
claim-interventional-train-00244	8	0	2	72,52,175,21,131,37,59,117,87,144,16,165,145,151,4,168,107,183,123,45,104,168,113,30,170,65,12,173,75,214,136,90,173,165,41,96	3,2,0.0015,0,254;5,3,0.2115,0,12;3,1,0.3515,3,188;2,5,0.5355,3,109;7,1,0.3735,0,124;2,1,0.0955,3,10
claim-interventional-train-00245	0	3	0	22,193,179,113,87,59,1,135,45,64,188,172,127,205,93,39,193,13,171,148,117,44,81,153,100,49,16,90,149,182,28,173,141,109,70,139	0,3,0.1585,1,10;3,5,0.8275,0,205;0,1,0.1175,1,175;8,5,0.5455,0,158;3,3,0.3395,0,233;6,5,0.7155,0,122
claim-interventional-train-00246	1	0	0	156,52,117,90,137,16,109,70,75,21,141,93,169,208,125,10,132,45,172,85,203,37,182,59,210,100,40,68,168,149,25,112,153,145,4,191	3,0,0.0555,0,102;0,3,0.1025,0,4;3,1,0.8285,1,47;2,3,0.5245,0,241;3,3,0.1725,0,173;4,2,0.2505,0,31
claim-interventional-train-00247	7	2	2	131,81,151,159,95,192,189,37,141,70,44,88,21,109,161,68,147,117,127,45,52,200,18,189,10,165,186,60,26,136,196,168,83,9,113,100	8,0,0.4955,0,41;1,3,0.9395,0,154;3,2,0.8245,1,10;8,1,0.1945,2,151;3,3,0.2465,0,175;6,1,0.0025,0,174
claim-interventional-train-00248	4	1	2	199,158,112,93,37,103,146,207,189,138,124,143,187,63,21,183,11,91,52,151,208,9,69,87,117,163,68,19,45,108,42,182,133,152,75,28	8,1,0.7915,0,180;3,3,0.5065,0,50;3,5,0.9975,0,37;2,5,0.6265,0,134;6,2,0.0475,0,169;3,3,0.4815,2,244
claim-interventional-train-00249	10	0	2	170,89,145,132,174,140,21,157,199,75,184,16,126,114,141,33,178,101,108,93,168,204,15,44,66,87,2,46,120,210,34,53,69,151,183,63	1,5,0.1365,0,61;8,0,0.9985,1,240;4,5,0.4315,0,169;2,5,0.3935,0,167;4,2,0.4965,3,127;5,2,0.9765,0,161
claim-interventional-train-00250	8	3	0	21,172,211,46,88,115,85,138,44,75,6,188,13,149,37,117,199,132,186,162,51,148,69,123,165,19,105,142,66,165,173,93,27,59,107,175	5,3,0.7485,0,151;2,3,0.8655,1,241;2,1,0.5025,0,209;2,3,0.0025,0,152;8,1,0.6435,0,221;2,2,0.5595,1,78
claim-interventional-train-00251	6	1	1	209,27,77,184,139,183,66,89,122,183,85,24,69,146,185,150,62,36,10,205,117,172,3,143,99,132,93,116,49,41,16,162,158,108,152,48	2,0,0.1425,3,97;2,2,0.2925,3,224;0,4,0.4815,0,89;4,3,0.2265,0,116;2,2,0.8315,0,234;1,2,0.6445,2,150
claim-interventional-train-00252	7	3	0	136,69,189,74,196,92,209,106,22,50,45,5,141,168,197,169,167,157,65,117,148,149,15,18,31,41,35,130,93,126,209,198,62,115,97,86	4,5,0.4515,1,13;6,1,0.2905,0,145;1,4,0.3645,0,193;1,4,0.9275,0,19;0,0,0.7265,0,20;5,0,0.0775,0,215
claim-interventional-train-00253	4	1	0	54,206,134,41,39,139,179,19,155,115,123,210,193,15,90,110,70,27,76,102,149,120,161,214,45,201,21,184,5,93,203,144,68,85,63,146	4,5,0.7155,0,57;2,5,0.3005,0,255;5,5,0.9855,1,195;3,3,0.4925,0,220;5,4,0.6155,3,196;2,4,0.7245,3,96
claim-interventional-train-00254	2	3	2	4,202,161,114,151,182,117,159,73,91,142,139,123,148,66,36,41,173,106,188,51,19,71,205,60,214,93,12,82,104,21,130,48,208,158,26	3,2,0.6495,0,101;1,2,0.3295,3,189;2,2,0.4675,2,1;0,0,0.7555,0,51;7,0,0.5945,0,108;2,0,0.6605,1,129
claim-interventional-train-00255	4	1	1	201,68,150,77,179,30,18,127,45,4,21,44,210,88,69,130,190,186,159,94,59,204,82,138,100,146,184,116,110,161,141,152,56,15,39,117	3,5,0.4715,0,156;5,5,0.8235,0,202;7,1,0.9345,0,239;4,0,0.1035,1,229;3,4,0.8475,0,170;6,0,0.4955,0,135
claim-interventional-train-00256	10	1	2	151,156,139,11,84,40,143,197,132,146,183,116,3,106,124,93,45,69,57,16,117,63,167,166,89,200,187,21,27,199,79,66,202,195,100,36	2,1,0.1665,0,175;2,2,0.0955,0,44;8,5,0.4945,0,22;6,2,0.3235,0,252;3,0,0.8425,0,136;3,2,0.7115,2,157
claim-interventional-train-00257	2	2	1	147,169,34,77,60,164,89,18,108,153,117,121,69,138,10,21,150,205,100,31,171,165,54,213,141,187,115,131,4,96,45,85,68,166,41,157	3,0,0.4705,0,102;6,0,0.3065,0,86;5,2,0.8175,0,22;4,3,0.2865,3,102;3,2,0.7345,0,66;0,1,0.4535,0,92
claim-interventional-train-00258	6	1	0	149,136,134,29,211,102,93,190,86,49,170,182,124,46,116,21,146,16,120,68,89,111,202,141,44,1,206,80,62,69,182,210,165,172,39,11	0,1,0.1445,0,71;4,5,0.8955,1,70;0,4,0.8275,0,91;7,4,0.3465,0,34;5,5,0.8785,3,180;3,4,0.1395,0,102
claim-interventional-train-00259	1	0	0	187,152,14,135,45,21,42,204,207,117,64,209,99,28,127,55,93,139,1,149,38,19,176,200,202,182,85,59,107,141,71,145,80,155,114,88	0,4,0.6125,0,106;3,4,0.5165,0,235;6,1,0.0755,2,75;7,3,0.0605,0,101;2,1,0.5905,0,25;6,5,0.7445,0,1
claim-interventional-train-00260	9	0	0	74,172,149,93,111,66,128,25,130,40,178,104,210,69,211,92,159,145,37,52,21,114,138,141,15,18,212,168,192,2,82,207,201,45,62,117	1,5,0.4665,0,79;0,3,0.0805,0,217;3,4,0.4755,0,214;1,0,0.9715,0,118;7,5,0.4445,0,187;7,0,0.5015,0,29
claim-interventional-train-00261	1	0	1	71,116,108,123,21,3,134,197,15,140,92,172,67,93,63,159,166,198,34,50,150,141,190,173,100,187,48,173,84,145,175,20,119,44,29,76	2,5,0.9155,0,72;4,0,0.8145,3,75;1,5,0.7565,2,33;3,2,0.9985,0,115;3,2,0.8085,2,216;2,4,0.9385,0,89
claim-interventional-train-00262	10	0	2	52,40,26,4,83,194,156,151,186,107,117,158,162,70,39,162,91,96,66,23,74,141,125,145,187,189,45,130,10,99,17,63,156,112,154,138	3,0,0.2055,2,198;1,5,0.1955,0,103;3,5,0.4345,1,64;1,1,0.6695,3,102;2,1,0.0975,0,40;4,0,0.5455,0,16
claim-interventional-train-00263	3	0	1	41,215,140,202,50,144,195,64,22,158,27,116,75,4,109,62,18,145,69,14,117,129,100,199,93,38,87,89,160,178,179,150,45,133,157,195	3,4,0.4255,1,99;2,4,0.2335,0,33;1,4,0.1035,0,231;2,5,0.2065,0,176;3,3,0.9935,0,162;8,3,0.9345,3,18
claim-interventional-train-00264	10	2	1	156,64,20,164,63,89,125,79,49,207,140,42,104,117,181,154,106,113,197,155,150,159,36,170,14,47,141,82,93,133,69,21,198,6,29,147	5,4,0.9155,0,227;4,2,0.5105,2,164;0,5,0.1365,0,91;6,0,0.2675,0,242;7,0,0.2735,0,69;4,3,0.9405,0,235
claim-interventional-train-00265	2	0	2	34,167,68,182,208,45,102,11,151,76,117,141,58,112,7,207,21,110,187,123,207,84,19,134,90,53,145,181,174,93,174,40,175,139,25,69	6,1,0.7425,0,59;0,0,0.1715,0,253;4,0,0.8285,0,165;3,2,0.4145,0,183;5,4,0.0635,0,54;2,4,0.7035,0,221
claim-interventional-train-00266	4	1	0	34,19,59,21,130,91,83,101,155,158,117,190,45,189,93,178,73,207,167,187,185,149,69,13,109,51,182,146,141,115,42,33,64,137,128,4	3,3,0.6345,0,103;8,0,0.4475,0,146;2,1,0.0865,0,108;0,1,0.7435,0,112;4,3,0.6525,0,176;7,0,0.3315,0,201
claim-interventional-train-00267	10	0	2	77,184,69,165,151,116,207,63,196,53,153,34,30,67,203,21,6,47,93,42,85,212,155,172,111,88,20,126,12,145,130,192,141,117,138,99	5,2,0.8495,0,83;5,0,0.5555,2,245;4,5,0.6975,0,143;4,3,0.0975,0,134;2,5,0.8655,0,252;5,0,0.4025,0,165
claim-interventional-train-00268	0	3	1	193,89,43,150,178,155,19,69,62,93,67,152,12,32,83,75,197,3,21,105,117,171,152,186,148,124,110,141,178,166,133,45,116,138,51,35	2,2,0.7505,0,8;7,1,0.6585,0,247;2,4,0.6895,0,47;2,1,0.2805,0,63;8,4,0.8645,0,17;3,3,0.5105,0,149
claim-interventional-train-00269	2	0	0	139,12,141,57,186,108,117,206,173,130,78,158,84,20,28,63,21,35,4,104,64,185,91,192,45,116,124,195,43,199,212,93,189,149,69,145	3,2,0.8025,0,90;3,1,0.7085,0,57;8,5,0.1255,0,181;5,2,0.6155,0,210;7,2,0.9415,0,64;3,0,0.7885,0,120
claim-interventional-train-00270	6	0	2	92,131,45,212,166,145,210,43,27,174,169,9,117,211,203,69,107,170,137,141,49,166,11,112,73,65,93,100,82,38,21,151,20,63,189,124	8,1,0.9205,0,53;2,4,0.7285,0,182;0,5,0.3585,0,238;0,0,0.9745,0,184;3,1,0.0495,0,177;3,1,0.3915,0,38
claim-interventional-train-00271	9	0	0	96,202,186,207,49,61,21,128,149,30,162,141,145,83,108,43,36,199,90,3,168,14,116,135,158,18,100,45,170,205,117,70,212,138,79,67	2,4,0.5355,0,108;5,2,0.6455,0,193;0,3,0.7545,1,246;6,1,0.4415,3,219;3,2,0.9495,0,96;7,5,0.5095,0,199
claim-interventional-train-00272	5	2	1	177,169,111,11,92,52,129,117,68,35,29,193,175,85,73,96,150,105,184,63,8,206,113,42,17,162,189,141,48,69,131,152,21,166,138,147	7,1,0.3955,0,188;4,1,0.4745,3,134;3,5,0.9095,0,78;0,3,0.8925,3,246;8,5,0.3225,0,117;8,1,0.5615,0,251
claim-interventional-train-00273	5	3	0	92,182,209,21,142,168,67,124,19,149,191,136,120,55,93,44,34,28,199,106,11,168,8,69,47,104,74,186,130,148,158,169,82,61,116,185	7,1,0.7545,0,80;3,0,0.9615,2,75;6,3,0.7165,0,65;1,0,0.8555,0,217;7,0,0.8015,3,78;3,0,0.0995,1,86
claim-interventional-train-00274	7	3	2	21,78,167,122,196,151,134,104,37,170,40,113,215,120,93,141,215,10,70,148,156,199,178,83,88,166,20,110,9,49,67,172,62,138,33,48	8,0,0.8535,0,23;8,3,0.1285,3,115;0,4,0.7065,1,172;5,1,0.0895,0,144;7,4,0.2365,3,255;1,4,0.5895,0,106
claim-interventional-train-00275	2	1	0	195,117,149,102,153,21,11,212,34,138,43,179,155,72,200,108,85,131,177,61,124,81,200,93,45,67,51,146,141,115,33,90,6,206,156,20	5,1,0.9045,0,136;8,0,0.6455,0,221;2,3,0.7765,3,151;8,3,0.4925,0,63;5,2,0.6825,0,104;3,1,0.5225,0,108
claim-interventional-train-00276	1	1	1	182,200,68,11,93,215,139,55,35,109,60,69,1,75,146,197,117,175,84,209,174,27,155,135,122,19,45,41,141,150,99,21,169,161,114,92	0,1,0.7175,0,200;2,1,0.2805,0,27;6,2,0.8345,0,195;2,2,0.9595,0,9;2,3,0.4355,0,209;1,5,0.7955,0,154
claim-interventional-train-00277	1	1	0	178,211,93,66,146,141,154,72,21,205,49,34,131,89,106,4,129,87,16,180,40,99,45,177,113,139,10,158,149,75,165,63,28,196,117,196	3,0,0.0915,0,166;3,0,0.1035,0,245;0,5,0.5825,3,121;2,5,0.3225,0,120;2,0,0.2705,0,205;8,1,0.7325,0,136
claim-interventional-train-00278	1	0	0	23,105,179,92,36,115,54,214,133,176,175,8,41,45,82,123,58,170,167,118,26,19,152,109,161,95,157,145,137,66,149,141,13,152,72,77	7,3,0.7925,2,189;1,2,0.3135,0,69;5,0,0.4655,3,142;4,0,0.8665,2,48;8,3,0.6655,1,242;2,3,0.2435,0,74
claim-interventional-train-00279	4	1	0	90,181,157,36,202,95,17,86,120,167,195,206,112,132,5,168,21,149,69,28,98,62,45,138,143,174,52,207,67,146,74,123,44,106,11,174	4,1,0.2865,0,253;3,2,0.9995,0,88;3,4,0.7625,0,12;1,4,0.4865,2,54;1,0,0.0855,3,246;2,2,0.4765,2,12
claim-interventional-train-00280	10	2	2	93,91,136,166,183,21,44,49,115,159,187,35,196,126,174,189,65,173,132,178,107,147,26,71,151,12,103,16,48,197,84,1,77,118,59,141	0,2,0.1215,0,61;1,1,0.9035,3,100;0,1,0.3355,2,88;4,2,0.7295,0,2;6,1,0.6185,1,227;5,2,0.0965,0,64
claim-interventional-train-00281	0	3	1	44,79,130,50,69,127,185,141,31,148,164,184,155,93,117,15,115,103,150,20,48,21,193,208,183,83,140,210,109,66,179,58,4,88,34,157	3,5,0.8465,0,139;6,0,0.8095,3,181;1,0,0.5275,0,166;6,1,0.0385,0,250;6,3,0.6775,0,150;6,0,0.8595,0,28
claim-interventional-train-00282	1	3	2	200,180,195,151,122,28,137,4,92,14,111,206,63,21,189,68,36,148,74,51,189,141,167,93,97,131,83,166,45,158,117,115,69,40,16,204	3,4,0.0415,0,85;3,2,0.0035,0,204;2,5,0.9085,0,198;1,1,0.8715,0,19;0,5,0.6085,0,79;1,1,0.3125,0,211
claim-interventional-train-00283	4	1	1	21,17,35,192,182,40,45,64,176,98,63,189,125,91,167,93,138,141,8,152,146,113,87,150,185,27,167,108,10,52,134,70,172,117,76,179	7,0,0.2985,0,110;2,1,0.1165,0,85;3,5,0.0315,1,100;3,5,0.7485,0,191;1,2,0.3325,0,162;4,4,0.5285,0,151
claim-interventional-train-00284	0	3	1	82,197,44,150,100,110,141,69,206,156,176,35,45,201,93,89,124,81,58,5,199,197,140,115,207,28,117,148,167,135,50,20,64,188,21,11	4,1,0.9025,0,108;3,1,0.8755,0,177;1,0,0.1265,0,243;8,0,0.3805,0,50;3,4,0.7995,0,223;3,5,0.9065,0,182
claim-interventional-train-00285	2	0	2	141,97,179,51,112,84,132,61,206,170,159,110,145,69,28,78,44,16,176,36,45,64,124,151,136,21,152,10,185,188,93,210,165,9,117,92	8,0,0.1565,0,121;3,2,0.9255,0,194;2,3,0.1675,0,177;5,2,0.9545,0,210;0,4,0.1335,0,133;3,2,0.0295,0,224
claim-interventional-train-00286	10	3	2	35,42,134,184,45,60,185,124,151,160,117,101,29,64,56,197,136,111,90,21,72,116,77,14,82,141,157,165,93,159,7,148,16,196,199,206	6,4,0.0085,0,224;4,1,0.4115,0,3;7,2,0.0465,3,105;4,0,0.5375,0,193;4,5,0.8105,0,202;3,4,0.1905,0,248
claim-interventional-train-00287	10	1	1	12,55,208,21,44,69,165,126,202,34,81,93,209,29,215,101,130,146,150,141,20,179,205,169,68,110,139,167,88,117,58,87,6,46,190,114	5,2,0.9375,0,152;4,0,0.9225,1,41;6,0,0.8295,0,37;8,5,0.1465,0,52;4,4,0.4105,0,250;5,0,0.6895,0,226
claim-interventional-train-00288	9	1	0	196,181,181,205,117,45,181,11,146,149,135,54,25,137,152,88,18,208,104,188,108,58,5,141,93,197,41,21,35,71,66,127,115,86,171,79	4,1,0.4655,0,85;0,1,0.2355,0,172;5,0,0.5585,2,188;6,4,0.1625,0,248;7,2,0.6135,0,243;6,5,0.3785,0,1
claim-interventional-train-00289	4	1	1	155,165,117,139,69,159,164,182,2,13,17,81,114,56,195,198,158,124,109,150,169,146,91,193,131,25,44,99,85,34,141,21,62,45,93,66	1,3,0.2625,0,61;0,0,0.8295,0,11;7,4,0.5285,0,113;8,3,0.6295,0,51;2,3,0.4745,0,206;3,1,0.6895,0,89
claim-interventional-train-00290	1	1	2	203,196,107,34,114,151,189,78,202,20,171,2,72,175,21,90,140,62,146,68,154,46,100,83,171,156,133,123,49,186,117,10,28,41,93,141	1,0,0.9035,0,196;3,0,0.2385,1,104;0,4,0.9785,3,9;5,1,0.4335,0,115;3,1,0.5425,0,70;2,3,0.9615,0,4
claim-interventional-train-00291	7	2	1	98,168,64,93,39,147,86,117,127,42,46,92,141,196,165,10,156,160,205,5,150,71,155,111,55,183,131,21,163,73,115,19,137,190,58,29	4,0,0.7375,0,200;4,5,0.5315,1,40;6,0,0.1105,2,144;0,4,0.8715,0,141;1,5,0.7115,0,54;6,1,0.2785,0,200
claim-interventional-train-00292	10	3	1	111,4,117,215,150,143,91,105,69,59,114,148,178,15,178,121,80,45,84,40,189,198,21,140,173,161,197,34,66,178,131,16,95,25,208,52	3,5,0.1765,0,25;0,0,0.0785,0,156;3,1,0.5805,0,67;7,2,0.6235,2,224;8,5,0.5245,0,82;0,1,0.9865,2,178
claim-interventional-train-00293	10	3	2	67,158,45,180,42,69,93,148,113,21,151,138,26,192,133,97,58,106,180,5,194,125,89,160,10,187,171,166,53,17,141,83,153,35,117,76	4,0,0.2225,0,194;1,1,0.4625,0,124;4,0,0.7905,0,189;3,1,0.3825,0,62;0,0,0.2965,0,104;4,3,0.4415,0,214
claim-interventional-train-00294	5	3	2	17,84,8,68,198,189,42,203,76,139,91,166,15,117,122,198,130,212,151,105,116,95,45,61,160,55,148,69,207,141,214,21,171,34,110,25	7,5,0.2015,0,137;0,0,0.5485,0,118;6,3,0.9335,0,214;3,2,0.7665,2,222;8,4,0.9235,0,51;1,0,0.7875,0,200
claim-interventional-train-00295	3	0	0	108,66,78,52,208,180,207,130,16,141,165,28,83,174,38,59,21,43,115,69,145,9,206,124,185,45,117,96,99,15,159,158,149,154,91,139	8,5,0.1205,0,54;3,4,0.7375,0,149;3,1,0.4095,0,74;5,1,0.6185,3,20;2,2,0.6155,0,219;3,0,0.6335,0,41
claim-interventional-train-00296	1	0	0	110,25,68,159,143,69,92,182,97,211,112,45,159,9,17,34,128,145,79,138,176,117,10,211,207,132,87,40,61,212,149,21,93,51,173,179	8,0,0.2905,0,80;0,0,0.1375,0,82;2,3,0.8755,0,198;6,5,0.9795,0,41;0,4,0.1965,0,62;7,2,0.4555,2,189
claim-interventional-train-00297	3	0	1	67,10,34,201,212,92,167,51,104,145,86,42,114,16,117,61,108,175,124,133,70,28,76,21,136,2,142,215,150,208,190,198,165,153,93,45	1,0,0.1205,0,253;3,0,0.4965,0,56;2,3,0.7625,1,220;3,4,0.8465,0,135;7,2,0.4345,0,40;3,3,0.0415,1,224
claim-interventional-train-00298	5	1	0	196,146,110,11,190,62,185,17,93,163,184,33,118,178,133,97,79,45,57,69,143,87,139,39,149,7,196,64,189,124,92,21,113,44,164,180	6,1,0.3165,0,118;8,5,0.8405,0,146;8,4,0.1555,0,190;6,5,0.9475,0,204;0,4,0.3045,1,12;3,3,0.6995,2,119
claim-interventional-train-00299	3	0	0	102,198,161,69,47,20,197,63,65,15,93,37,118,82,170,189,113,157,76,141,42,21,4,137,201,90,162,132,149,111,32,145,161,158,55,125	3,5,0.8375,0,197;7,3,0.5495,2,2;6,5,0.3505,0,112;3,0,0.5145,0,21;5,5,0.3015,1,49;4,2,0.2725,0,29
claim-interventional-train-00300	5	0	0	149,119,116,211,201,46,110,201,188,67,52,42,93,140,90,29,35,199,71,211,21,10,127,7,100,77,86,168,190,145,163,60,201,141,133,17	6,0,0.2725,0,11;4,1,0.4545,1,27;3,2,0.7645,2,140;4,4,0.5245,0,93;3,4,0.8875,2,249;6,3,0.9385,0,131
claim-interventional-train-00301	1	3	0	177,148,161,75,45,183,116,40,188,177,135,69,96,110,21,127,37,140,13,211,99,20,86,28,63,209,149,67,90,141,9,195,176,212,52,117	8,3,0.9425,0,62;3,3,0.0615,0,129;3,5,0.7365,0,251;2,4,0.5735,3,8;2,4,0.9725,0,113;6,5,0.8625,0,124
claim-interventional-train-00302	2	3	1	90,56,107,185,34,203,117,67,135,203,96,177,62,153,4,43,148,155,123,116,213,97,69,175,161,75,136,21,150,11,200,20,47,85,30,141	3,1,0.9335,0,49;5,0,0.7315,2,24;7,4,0.6875,0,20;2,3,0.4315,3,207;0,1,0.9015,0,247;2,5,0.0955,0,227
claim-interventional-train-00303	8	2	1	117,66,122,47,172,109,94,112,21,38,20,55,88,131,86,193,137,196,213,181,150,73,144,100,159,164,44,6,147,14,28,69,215,60,169,170	5,4,0.9995,0,252;3,4,0.9725,2,31;6,2,0.5275,0,176;0,4,0.0925,1,62;3,3,0.1255,0,14;1,1,0.3815,3,7
claim-interventional-train-00304	10	3	2	133,45,194,205,168,101,23,111,77,92,213,178,164,40,129,142,10,16,64,39,137,160,158,69,56,8,62,117,195,93,162,148,30,151,85,116	7,0,0.0235,2,61;5,5,0.1385,0,167;7,4,0.1255,0,207;4,3,0.9385,0,149;4,5,0.9205,0,85;8,3,0.3625,1,128
claim-interventional-train-00305	4	1	0	82,67,11,107,69,28,141,21,146,94,166,194,152,113,3,52,20,38,118,207,136,63,135,177,43,177,105,215,174,149,213,90,79,129,45,173	2,1,0.9055,0,103;3,4,0.6835,0,150;3,5,0.6905,0,43;6,0,0.4975,1,35;8,1,0.3745,1,189;8,5,0.1385,0,70
claim-interventional-train-00306	3	0	2	21,206,65,117,69,141,41,45,76,110,145,137,92,154,151,153,61,27,211,212,182,196,105,12,82,52,93,124,211,4,154,19,131,165,35,114	3,2,0.6935,0,243;2,1,0.2995,0,4;3,3,0.3145,0,147;3,0,0.8535,0,190;8,4,0.4215,0,56;3,1,0.3115,0,102
claim-interventional-train-00307	9	1	1	184,146,200,130,21,139,150,79,51,69,117,68,112,88,124,45,179,109,141,85,93,186,183,98,164,10,3,44,37,195,32,175,168,17,204,59	2,0,0.3075,0,117;7,3,0.9585,0,146;2,1,0.8765,0,241;6,3,0.1405,0,82;1,3,0.0755,0,71;3,0,0.6055,0,84
claim-interventional-train-00308	2	0	2	117,3,89,142,55,21,209,30,189,67,166,185,130,69,173,122,145,114,60,151,83,180,42,208,35,93,11,17,98,107,80,192,188,211,45,140	2,1,0.2195,0,145;5,1,0.5235,0,150;6,2,0.7515,0,94;7,1,0.3145,0,111;1,1,0.5925,0,238;1,0,0.9845,1,249
claim-interventional-train-00309	1	3	1	18,183,189,51,69,189,38,134,78,123,189,168,209,25,111,198,193,115,21,4,14,90,137,148,150,162,141,48,67,169,43,99,62,93,83,117	3,4,0.4395,0,59;0,4,0.7915,3,29;2,4,0.6635,0,117;5,1,0.4415,0,28;2,5,0.7245,0,182;2,4,0.3275,0,54
claim-interventional-train-00310	10	0	1	215,171,125,195,139,56,14,182,117,96,42,175,145,5,45,150,165,83,62,32,203,114,70,34,75,66,135,191,171,106,21,183,141,88,18,101	4,4,0.4355,0,124;7,0,0.5685,0,158;7,4,0.5655,1,5;2,1,0.0275,3,77;4,0,0.4695,0,76;4,5,0.7875,0,25
claim-interventional-train-00311	5	0	1	67,45,152,3,150,11,171,109,79,85,93,54,208,137,164,36,131,210,207,115,17,169,141,196,21,103,183,41,61,203,123,145,89,117,27,69	2,1,0.2465,0,235;2,2,0.2505,0,102;5,3,0.6505,0,8;6,3,0.2835,0,45;6,3,0.7215,0,242;2,1,0.3525,0,33
claim-interventional-train-00312	3	0	0	108,211,192,161,63,41,21,149,130,172,141,113,117,145,27,183,45,152,76,64,86,69,12,35,198,51,92,127,2,93,16,174,203,138,198,100	1,2,0.1355,0,182;2,1,0.3825,0,237;2,5,0.1685,0,215;3,4,0.9185,0,212;3,2,0.2385,0,10;6,0,0.4695,0,121
claim-interventional-train-00313	0	3	2	115,42,93,86,174,52,110,209,133,3,129,16,21,29,117,69,154,92,136,63,156,45,141,191,11,164,151,38,158,197,195,148,168,99,67,78	2,1,0.0125,0,53;4,4,0.4645,0,92;3,5,0.6125,0,102;5,4,0.8605,0,119;2,4,0.6745,0,21;8,3,0.1385,0,1
claim-interventional-train-00314	1	0	0	38,28,136,184,153,178,153,185,149,156,99,20,160,58,92,11,7,178,69,131,204,42,86,145,46,157,93,124,117,21,109,75,50,141,116,68	6,1,0.8915,0,205;3,4,0.4735,1,38;1,0,0.8255,0,53;2,4,0.8505,0,208;2,3,0.8485,0,97;3,1,0.0865,0,84
claim-interventional-train-00315	5	0	1	210,88,150,65,199,212,152,38,45,205,145,58,163,74,130,167,175,139,204,114,43,102,83,4,31,69,13,123,49,22,117,93,110,166,20,141	3,3,0.9465,1,7;6,4,0.6295,0,252;0,0,0.2735,0,199;1,1,0.1615,0,200;5,4,0.4715,0,29;2,0,0.6735,0,118
claim-interventional-train-00316	1	0	2	93,43,166,141,92,75,151,186,11,145,20,53,112,177,117,27,62,153,193,190,106,37,132,124,105,4,170,22,87,48,65,139,152,69,182,196	3,1,0.9435,1,2;2,3,0.7055,3,88;4,4,0.2125,0,134;2,5,0.9295,0,211;8,0,0.1925,0,61;3,2,0.6045,0,250
claim-interventional-train-00317	10	3	1	5,166,156,15,106,213,139,148,117,84,27,59,93,202,198,167,131,21,208,45,64,97,20,89,150,166,199,141,79,40,125,53,69,37,116,206	4,5,0.9365,0,2;2,3,0.1955,0,106;4,1,0.1225,0,85;6,2,0.3725,0,13;0,0,0.8975,0,242;4,1,0.6935,0,82
claim-interventional-train-00318	5	3	2	151,148,21,203,166,93,45,188,69,201,169,156,30,122,17,118,15,112,43,138,55,194,181,98,165,141,81,108,1,134,68,61,36,89,87,207	0,5,0.3045,0,59;5,2,0.6445,0,114;6,3,0.8255,0,205;8,5,0.2195,0,223;1,2,0.0065,1,128;1,4,0.4475,0,95
claim-interventional-train-00319	6	0	2	165,49,15,167,116,145,76,21,141,133,136,16,151,92,180,208,126,34,119,210,96,67,45,104,27,69,82,204,204,158,41,159,63,110,4,168	3,5,0.1725,0,247;2,0,0.3995,0,132;0,5,0.7545,0,205;3,0,0.9635,3,200;7,4,0.8965,2,38;5,3,0.1465,0,72
claim-interventional-train-00320	4	1	1	134,150,66,117,34,100,3,184,90,176,179,146,93,141,45,41,193,81,114,204,153,180,87,110,201,21,70,128,51,20,187,169,14,139,27,63	2,4,0.8565,0,144;2,0,0.2235,0,66;2,5,0.4105,1,61;8,5,0.4945,0,81;3,4,0.5465,0,220;7,4,0.6635,0,87
claim-interventional-train-00321	7	1	1	134,114,14,92,40,21,58,5,193,86,209,19,150,93,97,156,211,179,136,121,35,67,74,120,205,146,141,69,190,190,207,194,32,106,57,45	4,4,0.6165,0,78;7,1,0.0805,0,242;8,0,0.7915,0,37;1,4,0.9305,0,109;0,0,0.5435,3,110;0,4,0.0335,0,5
claim-interventional-train-00322	1	3	0	143,136,21,174,3,69,115,129,149,29,45,152,110,209,134,193,19,148,13,205,100,41,90,177,68,93,39,87,163,75,63,55,179,117,177,175	2,3,0.6175,0,15;4,5,0.3845,0,250;6,5,0.8295,0,214;2,5,0.4035,0,242;3,4,0.6675,0,164;8,4,0.1555,2,65
claim-interventional-train-00323	5	0	2	161,69,175,165,155,117,180,64,113,82,141,52,206,127,137,151,12,133,61,92,3,21,191,93,16,42,158,45,210,27,101,160,145,79,34,110	2,2,0.0505,0,7;2,0,0.5725,0,164;3,3,0.1875,0,73;6,0,0.9465,0,37;4,4,0.3165,0,182;6,3,0.3975,0,121
claim-interventional-train-00324	6	0	2	1,77,64,141,194,92,21,69,186,140,27,36,55,198,120,40,173,163,20,63,111,93,115,128,187,191,46,131,87,14,145,202,97,151,177,201	0,4,0.9845,0,145;2,2,0.1865,1,254;6,5,0.0955,0,68;4,5,0.9585,0,248;0,5,0.7965,3,238;7,1,0.8135,0,207
claim-interventional-train-00325	2	0	1	202,58,16,124,145,21,96,211,28,141,81,172,98,155,34,196,43,90,195,173,113,130,138,176,14,65,107,49,84,205,69,45,198,117,150,6	5,4,0.1285,0,139;3,0,0.6995,0,191;0,0,0.3045,0,217;8,2,0.4735,3,188;1,1,0.2015,0,2;3,0,0.5445,0,73
claim-interventional-train-00326	10	3	0	127,191,34,44,193,66,30,111,135,60,9,178,112,57,18,45,148,13,76,153,82,21,117,163,71,176,136,149,141,186,205,186,99,94,89,187	8,3,0.5355,0,150;5,0,0.8015,0,63;8,2,0.4365,2,110;3,0,0.3865,1,35;2,5,0.0975,0,135;6,5,0.0975,0,187
claim-interventional-train-00327	6	0	1	75,110,41,138,177,128,197,152,200,51,208,25,116,83,142,66,90,37,150,208,191,188,19,12,21,95,172,133,69,117,97,45,62,152,145,8	7,2,0.6945,0,116;0,3,0.3215,0,168;2,4,0.4135,0,139;2,1,0.4865,2,103;0,4,0.9975,0,104;7,3,0.5045,1,142
claim-interventional-train-00328	0	3	0	189,178,124,174,134,99,29,205,215,113,73,111,43,63,83,141,178,69,35,19,120,181,206,10,149,21,213,3,89,56,93,45,138,148,64,179	2,0,0.6515,0,69;4,1,0.7825,0,125;7,5,0.1415,0,229;0,1,0.2395,0,196;2,5,0.3205,3,5;3,4,0.4965,0,9
claim-interventional-train-00329	10	0	2	63,83,158,151,17,69,214,93,106,66,21,141,88,125,112,35,172,4,77,45,138,209,40,167,214,145,99,158,170,54,185,10,134,117,206,28	3,0,0.2485,0,54;3,1,0.1115,0,125;5,5,0.5035,0,140;4,1,0.0455,0,250;2,0,0.1195,0,251;4,4,0.4615,0,135
claim-interventional-train-00330	1	0	0	31,66,3,34,63,21,106,73,82,45,135,157,171,197,205,20,197,204,93,176,70,90,113,104,141,159,118,202,149,44,15,139,53,127,156,145	2,5,0.8965,0,254;6,0,0.9805,0,20;4,5,0.4035,1,109;0,0,0.4865,0,248;7,0,0.3465,1,201;6,5,0.7545,0,231
claim-interventional-train-00331	6	0	1	106,190,105,166,75,61,137,190,150,172,83,28,201,21,19,145,171,132,155,67,203,114,34,119,90,46,93,175,162,49,141,128,44,5,69,13	4,3,0.7695,0,158;3,0,0.8385,1,193;0,3,0.7695,0,101;2,1,0.5735,0,116;8,0,0.4945,2,118;7,2,0.3565,0,90
claim-interventional-train-00332	10	0	1	157,126,115,117,103,44,145,162,18,21,53,157,178,33,169,89,12,75,209,69,179,144,130,64,62,5,111,93,179,87,199,150,39,45,174,139	4,2,0.5715,0,164;8,5,0.8305,0,68;4,4,0.0955,0,204;2,5,0.2085,0,52;6,5,0.7055,0,57;5,0,0.7415,3,114
claim-interventional-train-00333	10	3	0	75,96,208,137,175,45,163,129,61,149,162,184,135,200,113,34,5,110,27,186,100,66,41,16,141,204,148,205,53,88,117,69,86,14,22,181	4,4,0.1665,1,145;2,0,0.2925,0,17;4,3,0.4335,0,114;2,4,0.0225,3,200;3,4,0.3595,0,55;8,5,0.2655,0,33
claim-interventional-train-00334	9	0	2	151,152,200,186,17,183,117,80,144,38,133,45,145,26,181,52,59,108,187,40,103,65,188,21,69,92,112,10,4,93,125,201,136,190,178,85	3,0,0.3255,0,115;1,4,0.0755,0,107;3,1,0.2405,0,208;7,3,0.8375,0,192;6,2,0.1395,0,128;4,3,0.1855,3,157
claim-interventional-train-00335	9	3	1	93,152,131,190,41,182,91,21,141,148,8,57,47,69,60,123,213,150,117,215,28,187,213,38,13,112,81,66,99,183,173,137,172,19,83,108	7,3,0.7705,0,48;3,4,0.2065,2,93;8,2,0.4085,0,1;8,1,0.7015,0,124;2,2,0.0385,0,219;2,1,0.2165,0,49
claim-interventional-train-00336	7	0	1	92,150,196,60,205,107,158,36,93,133,3,145,21,180,167,87,170,205,141,55,136,16,114,105,123,187,69,117,65,47,162,15,43,74,27,155	2,5,0.0865,0,46;2,2,0.7595,2,157;6,2,0.2085,0,120;1,5,0.8235,0,29;8,1,0.5555,0,12;2,3,0.0715,0,189
claim-interventional-train-00337	0	3	1	51,201,140,188,44,170,35,186,100,124,59,109,161,17,12,148,64,69,45,181,22,120,89,141,82,32,168,210,3,150,207,135,75,116,194,93	2,2,0.3045,1,132;7,1,0.9065,0,132;2,1,0.1245,0,115;2,0,0.3455,0,63;3,3,0.8245,3,64;3,5,0.9285,0,129
claim-interventional-train-00338	5	0	0	93,21,145,190,140,79,185,202,201,103,65,135,149,45,196,69,175,114,60,37,177,10,121,176,28,160,43,86,107,6,212,55,92,141,117,17	5,0,0.3705,0,242;3,3,0.7875,0,173;6,2,0.3995,0,8;6,4,0.8955,0,26;6,1,0.4605,0,252;0,5,0.9885,0,145
claim-interventional-train-00339	1	1	2	99,151,204,4,84,92,59,28,194,117,55,131,158,141,94,207,20,125,196,81,199,44,14,38,172,111,66,180,24,138,146,201,115,167,69,48	3,4,0.8515,3,114;3,4,0.9635,3,113;6,1,0.5005,0,233;8,2,0.9355,1,196;2,5,0.7175,0,159;4,1,0.5935,0,13
claim-interventional-train-00340	4	1	0	210,93,157,73,65,28,211,149,51,18,198,45,102,37,128,69,141,185,43,162,146,5,185,130,82,119,114,90,10,168,58,140,21,187,187,108	4,0,0.5555,0,206;3,3,0.6795,0,196;2,0,0.3375,0,225;0,0,0.5525,0,215;5,2,0.4525,2,152;7,0,0.8155,0,203
claim-interventional-train-00341	3	0	1	66,92,100,21,163,69,45,130,114,10,212,150,44,58,161,144,109,136,75,153,51,214,16,145,188,164,35,82,25,117,93,184,204,5,124,176	4,0,0.1195,0,78;0,1,0.8485,0,199;2,0,0.4685,0,2;2,0,0.8065,0,209;3,3,0.4865,0,124;3,0,0.0415,3,108
claim-interventional-train-00342	1	3	1	6,183,30,186,174,69,63,205,140,83,141,21,80,10,150,117,127,156,188,93,45,170,51,88,17,164,132,67,115,107,43,148,101,38,182,168	5,0,0.3505,0,12;5,4,0.7435,0,239;2,5,0.6925,0,112;7,1,0.0285,0,164;4,1,0.6635,0,76;6,2,0.8625,0,65
claim-interventional-train-00343	1	0	0	112,11,84,75,45,117,109,178,121,89,174,27,211,138,99,178,149,173,93,68,37,41,167,179,165,21,6,20,211,55,58,174,141,145,69,134	5,1,0.9415,0,188;2,3,0.2075,0,186;6,0,0.8565,0,135;2,2,0.2475,0,110;2,3,0.0935,0,62;0,4,0.4985,0,169
claim-interventional-train-00344	4	1	1	38,157,77,93,155,86,20,165,67,135,186,128,199,161,175,152,141,21,150,72,137,115,43,60,146,27,193,100,48,3,117,56,15,111,184,88	2,5,0.8115,0,25;2,4,0.6775,3,239;7,2,0.7465,3,153;4,4,0.1175,0,129;3,5,0.6115,0,181;7,5,0.2515,0,45
claim-interventional-train-00345	3	0	0	168,76,30,88,169,35,68,135,208,20,42,8,46,208,117,172,52,93,141,159,99,69,124,149,188,199,201,63,114,13,82,170,145,21,139,109	7,3,0.8945,0,168;5,1,0.4165,1,97;3,5,0.9655,0,217;3,0,0.1185,0,41;2,3,0.5465,0,36;3,5,0.6985,0,181
claim-interventional-train-00346	9	1	1	99,139,188,117,69,21,141,128,30,162,65,78,113,35,150,134,42,88,208,17,45,180,93,107,169,169,174,146,63,87,187,192,11,49,197,9	8,1,0.2185,0,109;5,1,0.5975,0,39;0,5,0.2485,0,75;5,5,0.0655,0,63;2,1,0.2335,0,49;7,4,0.7265,0,64
claim-interventional-train-00347	2	0	1	93,55,193,211,140,100,18,141,62,202,195,145,184,39,117,4,21,70,177,77,132,92,182,45,156,27,200,64,150,40,11,107,191,112,86,122	3,1,0.4385,0,197;2,5,0.0865,0,85;6,4,0.0685,1,21;4,4,0.8445,0,160;3,1,0.0975,0,224;1,2,0.8815,0,107
claim-interventional-train-00348	9	1	0	93,209,12,38,149,162,212,74,60,133,21,33,202,109,122,146,140,117,40,45,190,141,208,214,185,69,18,91,56,100,114,82,3,68,195,162	2,2,0.5085,0,214;8,4,0.0315,0,12;7,2,0.9485,0,57;1,0,0.7745,0,144;3,3,0.5465,0,31;1,3,0.8605,0,141
claim-interventional-train-00349	9	0	2	11,104,156,141,196,16,86,58,134,136,194,151,203,36,145,160,171,54,88,73,111,27,43,129,116,45,206,21,187,67,117,69,4,211,93,159	3,1,0.1395,0,221;2,2,0.6195,0,146;5,0,0.7885,0,184;0,4,0.0005,0,9;7,5,0.9295,0,212;8,4,0.1655,0,93
claim-interventional-train-00350	2	0	0	171,113,41,149,175,181,84,19,138,8,79,117,100,10,167,93,68,174,36,21,111,57,141,123,169,179,195,28,200,162,130,59,145,45,69,92	7,0,0.7655,0,186;3,2,0.3515,0,226;8,1,0.9585,0,137;6,2,0.9635,0,194;3,5,0.3925,0,128;2,0,0.5135,0,246
claim-interventional-train-00351	2	1	1	115,98,208,136,106,64,88,40,206,87,193,158,196,130,45,11,146,93,197,79,162,52,150,21,176,37,128,4,141,188,58,18,69,117,28,164	3,1,0.5135,0,227;3,3,0.1965,0,23;3,0,0.1245,0,183;6,5,0.1935,0,127;1,0,0.6195,0,123;7,0,0.0555,0,113
claim-interventional-train-00352	10	1	2	93,87,27,69,101,151,54,166,181,19,46,3,111,165,179,187,91,117,124,61,130,21,138,189,65,211,43,144,146,194,78,114,214,11,167,39	2,1,0.7405,0,167;2,5,0.7525,1,188;5,3,0.2735,0,225;5,5,0.7375,0,191;4,5,0.4035,0,131;3,0,0.5165,3,254
claim-interventional-train-00353	2	0	2	183,84,162,116,44,107,19,38,81,188,105,12,1,145,142,67,130,128,88,169,117,55,72,192,151,63,182,137,156,204,27,93,177,21,174,48	0,2,0.6415,0,90;2,4,0.9695,3,131;6,5,0.6285,3,76;8,2,0.0565,0,249;8,1,0.8455,0,50;7,0,0.2825,1,87
claim-interventional-train-00354	9	0	1	67,84,92,69,5,188,110,43,150,26,18,141,114,63,136,121,178,134,93,152,100,145,21,117,56,214,35,182,164,180,81,12,178,164,180,45	4,2,0.4715,0,147;1,1,0.6855,0,194;7,5,0.7735,0,12;8,2,0.8865,0,219;3,4,0.4895,0,33;0,4,0.0025,0,177
claim-interventional-train-00355	1	0	0	40,187,209,145,130,89,207,115,109,82,149,28,197,98,203,77,93,55,210,210,45,173,126,21,15,3,141,117,68,17,139,61,205,167,36,69	2,5,0.2695,0,153;3,2,0.0155,0,38;6,3,0.9715,0,175;4,0,0.3115,0,102;1,3,0.6445,0,217;5,0,0.7775,0,100
claim-interventional-train-00356	2	2	1	168,76,83,197,14,202,98,4,108,150,158,206,192,162,183,128,114,215,96,50,131,43,35,147,177,144,33,69,45,20,139,60,21,117,90,65	3,4,0.8025,0,131;8,1,0.7805,0,252;1,2,0.3815,0,244;3,1,0.4115,3,237;1,2,0.5745,0,95;7,1,0.7155,3,59
claim-interventional-train-00357	3	0	1	87,115,12,122,2,130,45,165,59,180,89,21,35,69,55,159,178,190,75,100,117,42,65,163,176,18,109,139,212,33,93,145,150,142,160,188	1,2,0.5885,0,111;8,1,0.5525,0,160;6,1,0.3335,0,173;2,5,0.2325,0,93;3,3,0.6555,0,126;1,0,0.7475,1,219
claim-interventional-train-00358	0	3	0	59,67,170,51,15,100,131,114,36,198,87,19,69,148,81,110,4,136,212,89,169,190,45,156,149,117,21,198,26,93,141,43,186,124,172,172	3,5,0.7035,0,196;1,2,0.6315,0,79;2,1,0.6695,0,81;8,5,0.2085,0,24;3,4,0.5785,0,57;3,1,0.0855,0,187
claim-interventional-train-00359	5	3	1	34,62,171,215,66,141,106,127,189,79,150,104,83,208,90,115,31,17,69,202,215,93,7,187,214,15,52,44,136,148,132,154,169,21,117,45	6,5,0.3055,0,243;6,0,0.8965,0,44;3,4,0.5905,0,138;6,1,0.4345,0,91;7,0,0.7775,0,106;6,2,0.1475,0,136
claim-interventional-train-00360	1	0	1	108,45,83,42,93,197,81,64,150,209,174,90,112,134,3,163,14,141,136,101,69,26,145,20,196,174,59,160,160,161,35,21,51,155,128,117	2,4,0.9325,0,79;1,1,0.4995,0,254;2,1,0.0395,0,148;8,1,0.5715,0,234;4,2,0.1725,0,146;7,4,0.1085,0,61
claim-interventional-train-00361	10	1	1	64,146,182,201,160,69,21,86,62,154,169,6,131,45,196,105,30,202,184,110,115,138,14,150,141,18,55,38,179,117,124,154,93,88,75,40	5,4,0.4295,0,131;5,4,0.1655,0,165;6,4,0.1845,0,139;2,4,0.0755,0,8;8,4,0.7595,0,118;3,1,0.5505,0,55
claim-interventional-train-00362	5	2	2	52,93,82,192,61,155,192,212,151,178,204,212,147,117,141,138,31,42,156,69,169,21,76,110,7,67,112,17,45,90,126,100,134,164,15,38	6,5,0.3275,0,249;6,4,0.4935,0,32;3,3,0.6125,0,200;3,0,0.5035,0,10;3,4,0.1475,0,39;5,4,0.4735,0,238
claim-interventional-train-00363	0	3	0	210,149,123,79,155,190,1,204,54,110,173,152,82,93,21,91,29,189,162,117,139,68,34,114,148,45,100,135,13,58,199,69,153,141,16,41	0,3,0.0415,0,204;4,0,0.3645,0,21;5,0,0.9355,0,64;6,0,0.7185,0,76;3,4,0.4085,0,21;2,5,0.7605,0,142
claim-interventional-train-00364	0	3	1	15,169,178,137,2,117,48,148,93,44,78,189,208,155,122,110,83,66,36,167,91,155,141,63,113,177,22,189,103,30,150,18,52,69,132,174	1,5,0.4185,1,76;5,2,0.8935,3,94;3,5,0.4735,0,138;5,1,0.7405,0,198;6,4,0.3315,0,4;1,2,0.2085,0,155
claim-interventional-train-00365	8	1	1	174,154,33,89,60,161,6,198,68,142,110,114,150,99,117,201,153,20,174,37,124,174,74,93,47,21,134,146,40,83,139,69,152,56,178,15	5,5,0.9815,0,143;8,3,0.1075,2,124;7,2,0.9935,0,232;1,1,0.2245,0,135;2,4,0.5865,0,75;3,4,0.7835,1,148
claim-interventional-train-00366	5	1	2	121,120,58,33,87,132,79,102,45,194,212,65,15,154,41,51,162,21,166,151,7,159,69,91,141,195,110,140,115,20,192,35,146,154,188,93	6,5,0.9895,0,152;8,1,0.2255,0,12;2,0,0.3775,0,172;6,5,0.7235,0,222;5,4,0.6715,3,44;0,2,0.9075,0,49
claim-interventional-train-00367	2	3	2	94,133,115,92,117,65,212,148,21,214,141,136,45,83,15,183,56,27,209,73,101,69,191,16,151,187,159,44,9,123,198,60,107,209,176,34	8,5,0.1435,0,6;2,0,0.8245,0,115;7,2,0.2745,0,72;0,1,0.8785,1,86;4,1,0.6665,0,53;2,3,0.0735,0,137
claim-interventional-train-00368	2	0	1	12,102,68,69,131,113,24,212,180,164,193,165,129,150,34,20,58,145,206,168,209,25,93,141,140,43,92,76,106,7,55,45,182,84,168,117	6,2,0.9855,3,37;0,0,0.6245,0,152;6,0,0.8125,0,92;3,2,0.9795,0,226;5,0,0.2985,0,39;8,1,0.9485,0,219
claim-interventional-train-00369	2	1	2	88,151,154,8,10,183,47,163,60,107,164,93,185,17,182,31,116,122,40,146,130,209,192,69,76,117,174,139,154,67,52,36,100,87,141,21	7,0,0.2485,0,244;6,2,0.1525,2,205;3,2,0.6765,0,79;3,5,0.1905,0,172;3,1,0.8875,0,61;1,0,0.6425,0,199
claim-interventional-train-00370	8	3	2	102,69,123,148,34,62,6,45,75,204,141,117,191,83,136,132,113,27,169,15,18,21,182,161,177,90,171,187,108,192,151,42,93,50,171,64	5,5,0.5595,0,27;2,0,0.5395,0,130;1,4,0.0395,0,146;2,1,0.5235,0,144;5,2,0.2235,0,247;2,2,0.1195,0,55
claim-interventional-train-00371	9	0	1	169,90,138,111,93,172,35,82,16,208,54,141,150,209,40,135,153,116,23,62,207,190,145,104,124,75,69,2,153,45,67,14,186,117,28,200	1,4,0.1355,2,115;3,1,0.1305,0,218;5,4,0.7325,0,36;2,0,0.4355,0,195;7,5,0.8615,0,196;3,5,0.4175,0,84
claim-interventional-train-00372	7	3	0	69,19,21,98,14,136,213,52,91,35,141,148,159,74,116,149,204,123,205,93,172,64,62,6,161,186,85,45,179,26,134,43,204,117,110,153	5,4,0.6595,0,85;1,1,0.7135,0,145;3,4,0.1905,0,205;1,3,0.7955,0,46;1,4,0.9175,0,199;2,4,0.1065,0,112
claim-interventional-train-00373	9	3	1	28,37,206,140,177,88,150,188,45,120,141,77,135,162,154,207,114,161,58,3,69,184,128,12,85,16,67,57,40,148,110,210,188,101,93,21	2,2,0.0615,0,240;3,3,0.0885,0,110;8,0,0.6945,0,165;4,3,0.0815,0,17;4,4,0.5645,3,187;7,5,0.9105,0,217
claim-interventional-train-00374	10	0	1	108,153,171,78,39,33,69,145,44,183,3,62,82,150,170,154,125,22,93,88,49,160,12,117,154,18,203,141,116,135,138,193,182,98,45,66	2,2,0.4535,1,231;8,5,0.9705,0,58;0,4,0.5485,0,161;5,0,0.1755,0,163;1,2,0.9015,0,27;4,5,0.5035,0,5
claim-interventional-train-00375	5	2	1	140,134,65,160,158,192,92,116,28,191,39,45,44,86,110,52,181,7,150,141,147,96,21,161,103,69,63,189,14,152,117,204,200,16,121,77	6,4,0.0505,0,63;3,5,0.9025,0,26;3,5,0.2715,0,252;4,4,0.9445,3,32;6,4,0.9205,0,103;0,4,0.9615,0,78
claim-interventional-train-00376	8	0	2	174,67,55,214,188,28,37,45,40,12,203,93,214,85,145,62,124,17,69,151,189,139,212,113,157,161,101,78,110,132,206,143,90,117,21,1	0,2,0.3955,0,68;3,3,0.1035,0,10;6,4,0.7375,0,91;5,3,0.4245,0,58;4,4,0.3715,0,198;3,2,0.7955,2,117
claim-interventional-train-00377	9	3	0	153,8,201,41,172,57,93,65,149,45,69,73,114,190,21,197,141,181,14,29,205,130,99,196,19,36,58,86,136,123,183,106,148,90,117,212	7,4,0.7615,0,21;4,2,0.2835,0,78;8,0,0.3795,0,207;0,4,0.5965,0,65;2,0,0.5375,0,19;2,0,0.1905,0,99
claim-interventional-train-00378	3	0	2	52,200,134,116,18,48,67,93,209,97,29,145,208,141,10,140,183,111,90,79,166,34,163,178,69,62,44,188,193,190,4,151,82,123,21,117	3,0,0.4685,0,13;4,0,0.8575,3,134;3,4,0.7105,0,203;6,0,0.4925,0,44;0,5,0.8755,0,58;2,4,0.8555,0,151
claim-interventional-train-00379	2	0	1	91,59,30,150,4,21,118,126,143,69,192,114,163,34,94,45,153,209,19,40,67,198,100,215,111,173,76,145,135,157,11,162,185,137,57,85	3,1,0.6595,0,248;5,0,0.1145,0,163;8,1,0.6375,0,76;3,3,0.7925,1,232;3,5,0.4745,1,73;5,5,0.3835,2,17
claim-interventional-train-00380	2	0	0	169,21,176,145,164,12,141,69,140,190,57,149,177,132,165,63,195,121,4,93,117,45,76,16,103,42,113,37,31,108,215,67,90,163,176,84	3,2,0.0805,0,203;6,3,0.4665,0,57;8,5,0.6185,0,225;3,2,0.5455,0,42;6,2,0.2035,0,148;0,2,0.9785,0,68
claim-interventional-train-00381	1	1	0	95,176,201,67,143,41,106,70,137,3,126,149,213,117,103,200,63,203,158,112,146,163,74,19,54,89,27,10,133,39,186,21,83,165,45,210	2,0,0.6855,0,27;2,5,0.2205,0,198;5,5,0.7505,1,67;1,1,0.3215,2,31;6,0,0.1075,0,105;5,3,0.2025,2,11
claim-interventional-train-00382	5	3	1	76,150,214,172,180,206,93,39,128,70,148,191,88,202,66,131,103,117,41,136,115,22,82,179,45,11,17,199,109,1,62,178,31,155,54,141	0,1,0.3455,1,107;6,5,0.2125,0,7;5,4,0.5455,1,140;3,0,0.1655,0,156;6,3,0.6675,0,115;7,1,0.0255,0,212
claim-interventional-train-00383	6	3	1	73,175,68,148,36,93,72,61,92,214,193,117,86,121,107,178,116,19,207,26,15,139,45,183,40,150,202,174,172,56,5,99,177,141,133,21	4,5,0.7965,0,151;1,2,0.0425,0,190;7,3,0.9825,3,141;0,4,0.8795,0,88;2,1,0.9745,0,181;0,3,0.6495,0,244
claim-interventional-train-00384	10	2	2	179,158,187,193,151,125,36,115,67,16,21,110,141,76,48,117,52,133,158,147,84,90,207,11,58,29,1,166,198,69,102,42,95,139,174,187	0,1,0.0695,0,174;4,2,0.4555,3,237;3,0,0.7025,0,5;3,2,0.4035,2,132;5,4,0.7395,0,142;4,3,0.7085,0,172
claim-interventional-train-00385	5	2	0	44,69,90,160,149,182,1,203,153,78,147,93,50,134,45,126,11,21,191,159,136,16,117,158,112,67,100,165,141,110,86,215,38,173,59,28	0,1,0.1515,0,144;3,4,0.8785,0,146;1,1,0.7775,0,239;5,4,0.5575,0,237;3,4,0.1185,0,30;5,4,0.1645,0,162
claim-interventional-train-00386	5	0	1	131,49,13,67,79,191,103,214,58,156,201,128,117,139,91,200,38,209,93,110,41,153,203,26,141,115,150,23,86,69,145,48,214,199,20,3	2,3,0.9295,2,155;1,4,0.2405,3,186;0,0,0.7025,0,204;6,4,0.6475,0,121;6,4,0.7905,0,187;7,1,0.7535,0,115
claim-interventional-train-00387	6	1	2	125,73,17,161,187,151,110,40,38,93,101,164,3,11,45,66,70,22,90,162,33,181,55,117,133,138,192,146,194,195,215,141,186,59,113,87	2,1,0.2945,1,211;8,4,0.0945,0,126;6,1,0.5045,1,249;0,5,0.5155,0,186;4,4,0.2455,0,49;4,3,0.4005,0,225
claim-interventional-train-00388	5	0	1	84,190,140,155,107,48,55,117,93,91,37,134,12,79,21,20,172,145,112,174,41,150,66,176,7,69,103,189,141,33,183,159,129,206,61,196	6,2,0.8265,0,153;8,3,0.3075,3,230;6,3,0.4875,0,51;6,2,0.6435,0,190;6,1,0.0885,0,96;8,4,0.9095,0,241
claim-interventional-train-00389	2	1	0	18,149,93,51,141,171,164,79,36,84,136,105,124,12,28,135,193,210,44,176,21,183,112,4,68,146,69,106,160,164,200,45,118,153,59,90	3,2,0.4075,0,129;3,2,0.8435,0,253;2,1,0.9595,0,126;6,2,0.4955,0,171;8,0,0.1165,1,112;3,5,0.1245,0,43
claim-interventional-train-00390	1	3	2	188,65,141,117,87,139,196,110,9,197,45,11,20,116,54,31,204,191,34,151,42,201,134,78,123,60,215,93,88,148,207,21,99,156,69,172	8,1,0.9145,0,80;6,0,0.4345,0,132;5,2,0.2195,0,236;5,5,0.1375,0,77;2,4,0.8985,0,19;2,4,0.7045,0,89
claim-interventional-train-00391	10	3	2	114,104,183,85,138,210,31,133,93,208,41,10,155,141,201,120,203,205,64,107,187,70,151,91,49,169,4,37,45,81,21,17,148,126,59,202	3,0,0.3775,0,61;6,3,0.3035,0,6;0,1,0.1035,1,7;8,3,0.7445,0,39;7,1,0.4975,3,117;5,3,0.4305,0,40
claim-interventional-train-00392	1	0	0	42,177,187,84,93,17,123,24,114,49,5,173,117,145,197,79,183,141,140,69,149,103,89,64,170,196,27,195,13,63,111,132,200,45,36,213	4,3,0.2135,3,201;2,2,0.5725,0,124;0,5,0.1135,0,180;6,2,0.2685,0,239;6,5,0.5295,0,143;2,2,0.8545,0,5
claim-interventional-train-00393	1	0	2	190,175,76,69,43,83,214,3,190,213,67,169,105,117,154,59,90,110,15,25,197,54,93,123,21,38,145,141,151,45,19,188,135,116,140,180	2,5,0.7405,0,98;0,4,0.6455,0,104;5,1,0.7035,0,214;3,1,0.5265,0,145;8,4,0.8045,0,205;2,5,0.8675,0,99
claim-interventional-train-00394	0	3	2	202,117,76,65,45,157,139,52,209,167,62,69,151,37,82,30,43,123,89,108,193,4,154,15,135,159,112,185,159,105,20,21,209,148,94,141	3,5,0.9985,0,162;5,3,0.7085,0,160;3,4,0.2375,0,141;3,0,0.2335,1,127;8,2,0.0875,0,246;2,5,0.6085,0,35
claim-interventional-train-00395	3	0	0	93,207,161,138,149,61,72,117,135,41,124,76,45,169,208,154,36,21,145,214,167,175,33,176,53,112,15,181,111,20,89,98,2,141,68,86	1,5,0.8775,0,22;8,2,0.3835,0,31;4,3,0.8495,3,10;3,4,0.3085,0,193;1,5,0.1145,0,151;3,5,0.5405,0,224
claim-interventional-train-00396	10	1	2	117,69,153,12,108,138,88,193,53,87,21,198,166,146,151,154,93,63,105,75,30,38,43,115,17,3,194,193,141,45,178,68,215,132,162,123	2,2,0.3105,0,240;5,4,0.7345,0,104;4,5,0.9895,0,137;2,5,0.1005,0,37;8,2,0.6335,0,79;2,2,0.5895,0,83
claim-interventional-train-00397	10	3	1	90,42,21,9,175,194,150,114,162,202,14,171,191,56,83,66,28,193,38,154,148,19,45,78,117,141,196,69,110,138,153,135,129,93,105,62	8,4,0.6535,0,195;3,4,0.5625,0,245;7,4,0.5195,0,172;5,1,0.4005,0,254;8,4,0.4485,0,228;8,5,0.4165,0,29
claim-interventional-train-00398	1	3	1	148,125,10,32,136,62,21,93,112,67,107,42,200,150,45,8,98,82,16,88,185,141,176,69,181,209,202,117,135,201,79,51,183,35,191,212	7,0,0.0805,0,173;7,1,0.5755,0,38;2,4,0.7385,0,168;6,0,0.0285,0,30;1,1,0.0025,0,15;4,5,0.1995,0,176
claim-interventional-train-00399	2	0	0	189,113,204,149,12,152,66,21,126,141,93,187,18,182,105,83,198,117,145,207,139,7,134,200,49,92,71,63,110,76,39,47,43,27,157,212	6,2,0.5225,0,33;2,5,0.6695,2,28;0,5,0.4445,2,186;3,1,0.8235,0,64;8,4,0.2515,0,56;5,4,0.6945,0,63
claim-interventional-train-00400	5	2	0	16,21,85,112,200,5,106,14,165,70,138,199,58,42,124,171,50,89,201,131,147,117,187,149,76,67,152,197,31,45,141,37,102,93,186,160	4,4,0.0185,0,51;6,3,0.4935,0,101;1,0,0.7455,1,89;3,3,0.3185,0,138;5,0,0.0925,0,239;3,1,0.5665,0,247
claim-interventional-train-00401	10	1	2	164,61,120,138,39,107,11,29,17,99,161,141,186,125,152,158,64,156,75,84,188,188,151,160,69,90,135,146,96,55,21,42,7,203,45,116	6,1,0.2185,0,45;4,5,0.5545,0,147;6,3,0.0245,0,64;2,2,0.5555,3,131;2,1,0.9925,3,136;4,5,0.5025,0,225
claim-interventional-train-00402	1	1	0	42,21,65,115,95,92,123,154,141,51,214,85,202,6,212,99,191,146,149,203,13,117,69,153,75,110,45,133,181,179,59,34,137,29,158,20	5,3,0.8895,0,217;4,0,0.5625,0,33;2,1,0.2145,0,84;2,3,0.8975,2,202;2,4,0.7845,0,178;2,3,0.3555,0,118
claim-interventional-train-00403	5	0	2	134,136,195,162,28,169,15,41,39,176,58,21,7,145,69,199,128,76,163,51,18,94,67,89,175,107,98,209,151,45,117,153,83,141,112,205	6,5,0.4625,0,39;3,5,0.3235,0,20;2,0,0.6355,0,11;3,1,0.3795,1,57;1,1,0.1485,0,158;7,4,0.0245,0,16
claim-interventional-train-00404	1	0	2	191,69,141,112,195,153,44,33,81,145,14,140,117,202,88,204,68,98,51,61,93,110,38,82,130,162,122,178,45,180,2,157,151,19,24,209	1,4,0.7495,3,247;8,4,0.9855,0,73;2,3,0.9405,0,245;8,0,0.1925,0,73;1,4,0.0175,0,195;1,0,0.9335,0,12
claim-interventional-train-00405	5	0	1	58,154,215,15,30,186,136,162,180,18,22,40,115,103,180,180,56,39,45,117,4,77,92,93,69,133,83,129,162,111,145,141,150,174,67,177	3,5,0.4165,1,29;5,5,0.1875,0,103;7,0,0.6455,0,228;4,1,0.8265,0,245;6,5,0.6615,0,21;8,3,0.0235,0,221
claim-interventional-train-00406	2	0	1	141,19,129,130,93,108,194,113,11,150,4,117,56,89,170,100,200,45,198,140,42,195,21,58,26,34,87,145,189,193,164,65,190,169,76,69	3,1,0.7575,0,130;1,0,0.5325,0,22;7,0,0.2985,0,141;3,5,0.3575,0,209;3,2,0.2995,0,212;8,0,0.8525,0,38
claim-interventional-train-00407	2	3	0	117,139,24,97,214,16,83,92,200,13,153,125,73,43,69,59,162,149,65,207,52,178,93,181,38,31,130,187,113,45,141,2,175,108,148,204	1,3,0.0795,3,40;6,4,0.7585,0,187;3,1,0.3435,0,156;0,1,0.8205,0,100;0,2,0.3375,0,37;4,0,0.6255,0,21
claim-interventional-train-00408	5	1	0	74,60,19,116,12,162,137,65,38,141,174,31,195,146,89,93,106,45,210,149,160,193,105,69,203,211,5,117,44,21,167,213,129,57,130,86	4,2,0.7985,0,28;6,4,0.8685,0,124;8,2,0.3995,0,15;1,4,0.3155,0,188;8,0,0.9345,0,66;8,0,0.2315,0,250
claim-interventional-train-00409	10	0	2	159,20,165,30,193,211,145,203,45,60,77,93,202,141,117,122,198,151,212,56,116,34,24,210,103,40,69,6,87,90,195,67,11,110,138,134	5,1,0.8815,3,165;5,0,0.0515,0,219;7,2,0.7305,0,200;4,5,0.5785,0,144;6,4,0.9385,0,83;1,4,0.4955,0,23
claim-interventional-train-00410	8	0	2	184,117,114,163,151,209,103,145,27,68,63,167,38,215,106,70,141,2,45,175,13,77,211,135,82,22,90,16,51,181,41,157,157,93,126,138	1,3,0.1225,1,11;2,4,0.3855,0,30;2,5,0.8095,1,103;4,0,0.5715,0,182;6,0,0.5965,0,251;5,5,0.4695,0,127
claim-interventional-train-00411	2	1	1	39,150,20,146,40,207,22,11,71,108,116,75,122,105,59,153,135,166,93,186,92,117,67,9,196,190,30,176,167,141,83,137,174,45,52,181	8,1,0.8305,1,170;5,5,0.1815,0,240;3,1,0.6835,2,66;2,1,0.8375,0,209;8,2,0.9965,0,201;1,5,0.2925,0,147
claim-interventional-train-00412	7	0	1	130,201,202,19,92,121,106,54,155,93,207,200,12,4,71,154,35,85,45,113,142,61,150,139,21,178,208,99,74,119,193,145,42,28,64,210	3,2,0.6835,0,217;3,1,0.4065,0,69;5,3,0.1455,2,207;1,3,0.9015,0,181;2,0,0.3225,2,194;0,0,0.7915,1,245
claim-interventional-train-00413	8	1	2	45,123,78,58,108,64,211,154,69,137,151,43,5,141,162,15,27,191,53,117,163,133,102,194,16,193,112,90,93,209,34,202,21,85,155,146	4,5,0.0155,0,70;2,0,0.7695,0,77;4,0,0.1085,0,69;5,3,0.5105,0,119;5,2,0.0105,0,233;2,3,0.3455,0,68
claim-interventional-train-00414	0	3	2	93,16,75,184,185,140,131,116,35,28,123,52,89,64,99,106,21,208,8,148,184,10,86,119,208,61,181,166,151,43,69,154,143,207,45,174	7,0,0.0755,0,202;3,1,0.6245,0,215;3,3,0.1995,0,61;2,4,0.3435,0,199;2,0,0.8805,2,13;2,1,0.9805,2,188
claim-interventional-train-00415	5	1	0	159,199,91,93,136,40,179,124,39,117,21,64,171,173,105,161,45,203,146,149,160,7,115,106,210,19,13,141,86,74,26,69,211,131,58,54	6,3,0.7025,0,172;1,5,0.0125,0,219;5,0,0.1925,0,66;1,4,0.6405,0,170;8,0,0.7325,0,40;3,1,0.1845,0,178
claim-interventional-train-00416	6	1	0	13,207,141,131,149,112,97,85,47,146,110,206,18,163,162,140,93,155,185,121,21,1,156,206,173,117,68,27,175,60,69,77,37,55,89,40	0,3,0.4405,0,160;2,3,0.0225,2,33;6,2,0.9525,0,196;4,3,0.2755,0,209;0,4,0.0245,0,14;0,1,0.8725,0,154
claim-interventional-train-00417	8	3	0	85,208,214,130,185,25,61,66,108,3,52,201,92,10,136,37,155,149,21,16,158,141,183,113,117,78,71,93,170,205,98,148,158,43,45,122	2,0,0.0875,0,255;0,3,0.7895,0,100;3,3,0.4615,2,125;5,3,0.8085,0,17;1,2,0.3335,0,129;1,0,0.1575,0,109
claim-interventional-train-00418	4	1	0	97,34,12,182,204,174,175,146,177,21,177,80,135,3,20,149,137,68,52,198,112,25,141,129,63,86,43,89,117,69,169,45,171,96,189,110	2,2,0.9285,0,155;0,0,0.6125,0,7;3,5,0.8765,0,33;7,4,0.3955,3,238;0,4,0.1715,0,89;8,5,0.2505,0,181
claim-interventional-train-00419	10	0	2	45,88,14,153,192,40,118,96,151,33,18,186,205,135,169,182,82,76,164,21,145,125,70,65,207,141,53,111,114,137,5,184,100,34,192,63	4,4,0.4195,0,191;8,0,0.1925,0,223;4,5,0.2615,1,46;3,0,0.0105,3,153;3,5,0.5285,1,178;4,5,0.3055,0,89
claim-interventional-train-00420	6	2	1	154,150,13,160,136,69,108,118,20,163,68,78,44,45,21,179,115,209,122,34,93,101,56,26,88,197,202,1,141,202,62,190,131,147,209,85	0,3,0.8225,0,159;1,0,0.8825,0,233;7,4,0.9595,0,120;5,3,0.1285,0,239;4,2,0.7935,1,4;1,1,0.0865,0,189
claim-interventional-train-00421	1	3	1	187,85,119,14,108,172,60,132,95,30,3,51,90,69,45,99,67,177,141,113,42,182,35,139,123,153,199,148,21,155,162,163,73,16,150,194	2,4,0.0395,0,199;5,1,0.4935,0,166;2,2,0.6475,0,144;0,3,0.5285,2,24;2,2,0.2235,2,29;2,2,0.6395,0,184
claim-interventional-train-00422	1	3	1	68,58,202,21,41,157,137,141,107,55,161,36,88,81,13,102,148,130,189,163,193,3,93,69,117,114,121,150,174,207,86,185,19,168,28,45	2,3,0.7705,0,205;3,2,0.2695,0,186;6,0,0.8625,0,123;8,4,0.0885,0,32;5,1,0.4535,0,7;0,0,0.3595,0,136
claim-interventional-train-00423	10	0	0	137,191,81,41,14,117,93,21,181,108,88,5,69,45,128,83,55,99,179,212,145,183,37,62,170,198,20,163,194,112,141,194,131,33,149,67	4,4,0.8715,0,248;8,3,0.2975,0,209;6,4,0.6615,0,64;8,1,0.0875,0,166;2,2,0.0835,0,89;7,1,0.2565,0,92
claim-interventional-train-00424	3	0	1	87,69,75,11,45,208,52,7,43,29,113,141,135,63,197,181,178,157,162,21,183,68,145,117,39,90,136,193,110,93,18,195,121,103,150,173	6,1,0.5865,0,61;4,5,0.7195,0,42;3,5,0.8025,0,208;2,5,0.5085,0,123;6,4,0.2195,0,55;0,5,0.0565,0,179
claim-interventional-train-00425	3	0	0	66,69,131,168,174,194,82,117,159,158,40,180,175,60,12,110,21,139,45,18,175,76,100,93,142,145,123,51,27,89,210,116,149,34,207,7	6,2,0.5315,0,204;2,0,0.0015,0,221;2,2,0.4485,0,24;3,0,0.2685,0,109;3,4,0.8175,0,212;2,1,0.6195,1,119
claim-interventional-train-00426	2	1	2	90,197,208,102,57,168,82,19,139,121,215,4,151,169,27,65,210,164,110,71,117,112,45,11,179,132,165,93,61,146,81,21,175,37,40,141	3,1,0.7905,0,245;2,3,0.1385,0,233;8,3,0.3255,2,110;8,0,0.4455,0,208;5,4,0.1125,0,120;0,2,0.7235,0,158
claim-interventional-train-00427	1	0	0	131,206,115,144,88,99,83,196,37,67,149,75,121,169,110,207,27,54,93,198,180,13,208,21,42,137,61,3,47,16,203,69,177,172,117,145	2,3,0.0725,0,60;2,3,0.4975,2,227;5,3,0.7675,0,85;2,1,0.0605,0,151;2,4,0.7705,0,107;0,1,0.3475,3,251
claim-interventional-train-00428	1	1	0	91,76,43,67,167,1,15,122,146,141,194,85,185,163,186,198,51,34,106,154,117,28,21,69,133,96,62,173,201,102,17,45,149,156,138,116	0,5,0.3125,0,28;3,0,0.6465,0,9;2,4,0.6735,0,115;3,3,0.7975,3,105;5,0,0.8585,0,48;1,3,0.5135,0,250
claim-interventional-train-00429	1	0	1	176,86,77,105,186,39,206,61,65,95,44,150,145,69,117,136,13,194,27,197,115,45,141,19,210,135,169,123,208,199,108,179,52,89,21,2	1,3,0.7015,0,150;2,5,0.9975,0,175;3,3,0.2435,0,118;4,4,0.2485,2,239;8,2,0.7515,0,237;2,5,0.1435,0,183
claim-interventional-train-00430	8	0	1	166,206,107,184,21,20,88,134,122,59,43,150,69,203,37,83,6,194,55,208,213,76,28,45,117,138,145,116,214,170,13,103,67,141,93,181	5,3,0.9975,0,203;3,3,0.7415,0,160;6,1,0.7925,0,134;3,1,0.0165,0,193;6,1,0.9765,0,178;1,4,0.4015,0,49
claim-interventional-train-00431	5	2	2	98,162,93,117,35,215,200,89,133,147,209,112,151,44,46,179,211,21,69,67,53,157,62,177,4,79,18,12,128,138,180,172,141,25,86,108	3,2,0.5095,0,126;0,1,0.8595,1,15;4,4,0.7885,0,64;6,4,0.3135,0,168;1,2,0.1505,0,189;7,3,0.4855,0,3
claim-interventional-train-00432	2	3	1	90,69,93,35,16,164,112,111,150,3,58,26,154,141,180,197,118,45,211,11,172,148,67,169,76,184,49,24,138,99,40,127,82,192,131,162	2,1,0.0005,3,8;1,1,0.0915,0,192;0,0,0.7595,0,15;3,0,0.5505,0,186;2,5,0.1135,1,36;6,1,0.4795,0,26
claim-interventional-train-00433	9	1	0	146,177,5,68,69,202,138,165,80,134,116,193,154,35,92,166,149,87,209,141,129,111,212,26,101,60,14,50,21,45,16,117,168,41,93,191	4,4,0.0835,0,62;1,1,0.2095,0,78;1,2,0.9065,0,20;7,5,0.8315,0,109;4,5,0.9285,0,89;8,4,0.5185,0,161
claim-interventional-train-00434	9	0	1	61,65,145,177,204,198,190,175,82,116,150,75,111,156,32,117,45,131,154,5,34,69,11,98,171,43,88,141,123,93,158,56,205,20,21,137	4,1,0.9625,0,200;7,0,0.6985,0,175;7,3,0.2805,0,101;2,0,0.0865,0,119;1,5,0.8925,0,208;2,1,0.3255,0,230
claim-interventional-train-00435	1	1	1	41,110,150,123,185,188,195,204,207,45,103,204,15,163,187,146,69,21,117,91,93,75,208,50,36,114,67,83,132,158,136,3,28,17,141,63	2,5,0.3715,0,45;3,2,0.3305,0,250;1,5,0.6465,0,188;2,1,0.6525,0,144;6,4,0.5145,0,78;2,2,0.1455,0,48
claim-interventional-train-00436	3	0	0	117,67,93,145,107,149,197,55,85,88,104,78,122,183,29,43,141,62,4,21,18,192,69,188,159,134,209,169,45,172,175,13,37,207,113,136	3,3,0.5525,0,2;4,3,0.6575,0,114;6,4,0.6005,0,30;5,3,0.1415,0,131;7,1,0.2375,0,100;1,4,0.0835,0,162
claim-interventional-train-00437	1	3	2	64,18,113,69,117,88,81,210,209,45,35,109,99,52,141,188,27,148,21,151,1,136,184,128,83,155,95,156,130,210,213,44,60,192,12,160	0,2,0.5885,0,38;2,1,0.9765,0,38;3,2,0.0755,0,243;8,1,0.1405,2,100;2,3,0.2185,0,253;7,0,0.1235,0,168
claim-interventional-train-00438	0	3	2	45,87,4,36,114,17,199,79,191,148,62,22,100,69,179,40,211,136,214,117,88,141,154,215,187,11,164,67,110,122,135,25,152,151,93,51	3,1,0.3045,1,49;0,2,0.1835,0,66;2,4,0.7365,0,230;6,5,0.0265,0,6;3,4,0.5185,0,183;1,5,0.0995,0,88
claim-interventional-train-00439	9	1	0	110,21,52,182,113,117,201,6,39,26,141,65,44,202,128,177,92,153,149,137,93,146,45,133,82,214,69,104,205,183,153,12,17,80,60,198	5,2,0.3075,0,240;1,5,0.9635,0,222;3,2,0.3915,0,58;7,0,0.9625,0,31;7,4,0.3945,0,174;7,3,0.3495,0,165
claim-interventional-train-00440	1	0	2	140,10,83,27,186,166,108,43,117,184,155,145,153,101,21,96,60,55,79,123,134,165,35,66,6,141,69,162,173,91,210,112,18,166,151,45	5,0,0.4435,0,4;2,1,0.6645,0,11;6,2,0.4855,0,31;6,1,0.7365,3,6;4,2,0.0545,0,231;2,4,0.8035,0,164
claim-interventional-train-00441	0	3	1	88,198,143,194,72,201,21,60,148,131,67,45,116,215,101,93,213,43,82,38,4,57,175,20,212,187,197,14,150,137,106,31,194,117,123,79	3,4,0.8655,0,8;6,4,0.6295,0,221;8,2,0.6545,3,243;6,0,0.1695,0,105;4,0,0.8005,0,72;2,1,0.2085,2,91
claim-interventional-train-00442	2	3	2	209,88,124,77,107,112,20,117,141,21,190,99,38,198,10,166,148,69,67,32,186,45,58,43,140,5,151,183,164,156,156,93,83,55,131,195	4,0,0.8695,0,101;7,4,0.6735,0,178;6,0,0.6555,0,35;4,1,0.1065,0,194;2,1,0.0865,0,255;3,1,0.9185,0,204
claim-interventional-train-00443	9	3	1	93,134,11,21,47,44,204,192,89,137,148,77,69,150,62,16,141,173,39,85,110,66,178,152,185,117,105,196,175,112,30,164,182,56,4,124	3,1,0.1515,0,65;5,5,0.8015,2,210;7,4,0.5395,0,81;4,3,0.3685,0,11;8,4,0.0945,0,144;3,4,0.2315,0,29
claim-interventional-train-00444	4	1	2	214,61,158,132,38,172,27,45,64,129,93,202,137,16,13,188,21,91,51,119,2,111,42,115,85,143,76,146,176,200,69,169,97,207,151,200	1,3,0.0265,0,48;2,4,0.4545,0,44;2,3,0.1825,0,30;3,3,0.6745,0,226;0,5,0.6775,2,75;8,2,0.3705,2,244
claim-interventional-train-00445	1	0	2	151,179,57,33,199,182,66,192,145,14,141,19,99,187,110,193,92,131,74,3,113,93,45,192,123,201,36,137,117,191,159,58,41,69,86,21	2,4,0.6315,0,178;8,2,0.3265,0,49;8,0,0.5295,0,239;1,4,0.9175,0,121;2,4,0.2845,0,165;2,1,0.2795,0,150
claim-interventional-train-00446	7	0	1	121,114,80,68,145,43,188,180,53,37,110,150,168,105,87,202,71,2,117,21,158,12,92,199,60,31,202,215,132,94,141,161,191,20,139,48	1,2,0.8665,0,98;6,3,0.6445,3,85;4,2,0.8545,2,122;7,5,0.9945,1,145;8,4,0.5445,0,81;0,2,0.6895,0,99
claim-interventional-train-00447	9	1	0	212,211,197,87,211,195,124,146,8,21,141,155,28,99,65,163,203,149,34,20,13,45,152,135,93,117,182,52,70,110,137,43,88,115,59,81	7,3,0.8005,0,196;3,0,0.7805,0,171;3,1,0.2985,1,141;8,5,0.1865,0,248;2,4,0.6745,0,242;3,5,0.3455,0,165
claim-interventional-train-00448	3	0	0	145,70,17,200,141,36,30,49,187,90,45,166,185,187,197,197,10,107,117,157,149,93,99,23,138,166,82,161,112,61,76,9,124,65,133,42	8,0,0.3195,2,150;5,2,0.5175,0,206;0,3,0.2685,1,126;3,0,0.5445,0,49;2,1,0.1345,0,235;3,3,0.4605,0,204
claim-interventional-train-00449	8	3	2	69,214,33,140,207,87,179,207,123,35,102,185,90,93,116,64,188,62,174,176,22,117,148,141,48,54,14,78,19,130,110,44,209,161,151,3	2,4,0.6995,1,92;8,1,0.9025,3,209;5,4,0.1435,0,98;5,5,0.5365,0,215;5,4,0.8765,0,76;2,0,0.8765,0,177
claim-interventional-train-00450	4	1	2	124,88,35,21,134,75,95,18,137,169,42,141,165,178,146,63,159,65,177,158,29,71,188,51,13,45,115,100,152,151,190,212,83,8,117,108	7,3,0.4955,0,113;4,1,0.5065,0,33;2,5,0.2545,2,229;2,1,0.0315,2,130;3,2,0.6085,0,198;3,4,0.3865,0,195
claim-interventional-train-00451	3	0	1	145,183,4,107,42,76,39,93,150,117,89,113,104,21,64,180,169,130,72,62,49,141,12,170,157,179,20,191,28,201,45,126,166,85,208,137	3,2,0.8065,0,48;3,5,0.5605,0,199;0,4,0.0305,3,102;3,3,0.3195,0,39;7,1,0.2855,0,115;5,0,0.2925,0,6
claim-interventional-train-00452	8	3	0	88,152,192,23,181,102,173,205,58,165,148,54,116,69,65,93,149,84,10,45,173,133,171,117,74,124,139,17,39,107,200,152,144,40,28,5	4,0,0.2915,2,44;3,5,0.0465,0,171;5,0,0.3965,0,167;1,2,0.0655,0,153;5,1,0.8935,0,53;3,3,0.6635,3,187
claim-interventional-train-00453	1	1	0	167,137,82,153,42,141,186,58,176,90,67,16,197,70,108,37,123,57,113,146,152,78,21,120,99,31,161,9,183,45,195,93,149,158,14,135	8,4,0.1345,0,240;6,3,0.5315,0,3;8,0,0.7355,1,68;5,0,0.4965,0,222;2,2,0.3435,3,67;2,5,0.3185,0,92
claim-interventional-train-00454	9	2	0	179,178,183,11,115,192,80,120,141,167,177,153,178,149,91,41,21,45,130,121,110,209,35,188,104,31,69,56,93,18,83,65,61,147,139,7	6,1,0.5035,0,57;6,1,0.3815,0,29;7,3,0.2195,0,145;7,1,0.6835,0,205;7,4,0.7155,3,182;0,0,0.7875,0,137
claim-interventional-train-00455	7	0	0	145,192,157,71,45,212,134,173,157,188,149,92,14,26,141,93,115,55,58,110,136,4,17,206,122,36,44,117,178,74,214,86,100,152,64,21	3,4,0.2255,0,209;1,2,0.9915,0,160;6,0,0.1675,2,63;1,4,0.8155,0,194;3,4,0.7815,0,165;1,4,0.0605,0,1
claim-interventional-train-00456	8	0	0	40,213,65,95,32,71,188,192,10,166,2,114,124,102,157,197,139,89,79,201,51,149,34,159,47,111,21,131,117,145,160,163,141,61,85,20	1,0,0.9365,0,187;7,0,0.1215,2,87;2,3,0.2365,2,10;6,3,0.3155,2,144;5,5,0.4445,0,93;3,1,0.7145,0,132
claim-interventional-train-00457	7	2	1	13,62,194,118,74,29,87,150,147,34,138,50,21,2,20,70,93,180,41,199,90,162,45,116,133,210,124,154,65,181,141,106,102,205,196,209	1,3,0.9575,0,162;4,0,0.3235,0,52;1,4,0.3445,1,129;1,5,0.5815,0,78;5,0,0.8635,1,42;3,3,0.5305,0,210
claim-interventional-train-00458	9	0	2	139,195,40,145,206,202,80,85,103,67,93,128,164,63,158,16,141,116,151,21,161,199,110,11,88,190,56,34,69,212,33,117,130,45,213,5	4,1,0.0115,0,44;8,0,0.1415,0,153;7,5,0.6345,0,254;7,3,0.0495,0,121;6,4,0.9175,0,249;7,0,0.6795,0,81
claim-interventional-train-00459	10	2	0	115,59,93,198,69,215,190,204,175,90,45,164,14,74,64,20,56,149,141,117,106,193,154,187,82,34,147,175,29,21,140,98,5,43,130,126	4,4,0.9495,0,28;4,0,0.7055,0,178;7,1,0.0735,0,168;1,0,0.4375,0,214;1,0,0.7315,0,227;5,0,0.8285,0,228
claim-interventional-train-00460	4	1	1	38,170,210,117,115,141,205,193,150,21,158,59,75,146,93,156,110,65,136,82,183,165,19,45,101,41,177,126,89,7,51,28,69,165,132,10	6,0,0.6015,0,161;3,4,0.2055,0,97;2,1,0.3485,0,187;2,0,0.2475,0,153;4,4,0.6655,0,96;5,2,0.0295,0,81
claim-interventional-train-00461	6	0	1	52,37,111,93,62,194,145,123,141,42,199,133,23,10,45,33,160,82,158,91,7,139,212,65,197,79,150,20,115,97,177,69,161,164,213,117	6,0,0.8385,2,123;8,3,0.4575,0,48;3,4,0.3745,0,13;6,0,0.6025,0,99;0,5,0.7445,0,222;2,3,0.6215,0,85
claim-interventional-train-00462	0	3	1	148,133,207,126,113,163,144,117,45,168,83,51,139,110,44,69,158,4,180,200,21,95,92,196,210,68,177,38,16,155,150,12,59,28,73,104	3,2,0.1865,0,105;3,4,0.8715,0,87;2,1,0.8585,0,196;0,1,0.9655,2,243;7,4,0.2885,0,174;5,3,0.7025,3,149
claim-interventional-train-00463	0	3	0	20,127,180,213,111,55,65,21,157,214,102,161,4,76,36,28,156,206,41,195,69,205,203,45,117,11,93,86,148,141,61,132,114,89,136,149	3,1,0.8235,0,107;3,2,0.2955,0,109;6,3,0.2415,0,113;3,4,0.3855,0,244;5,5,0.5835,0,245;6,2,0.0485,0,226
claim-interventional-train-00464	1	0	0	1,91,75,43,171,13,93,51,176,87,119,106,17,21,132,158,149,180,179,102,201,145,34,114,65,139,62,126,69,30,183,173,215,46,199,141	0,3,0.2035,0,124;5,0,0.7875,1,205;2,4,0.3985,0,196;2,5,0.7055,0,136;5,0,0.4745,2,177;5,2,0.6265,0,56
claim-interventional-train-00465	10	0	0	48,167,49,156,12,123,177,145,130,110,75,155,9,84,186,141,171,89,69,105,93,136,64,207,163,41,60,28,117,16,21,116,39,149,201,177	8,2,0.1995,0,143;3,5,0.2965,3,17;0,2,0.0755,0,248;2,2,0.2445,0,17;8,4,0.8865,0,17;2,0,0.0375,0,180
claim-interventional-train-00466	1	0	0	154,186,67,208,74,69,2,149,117,89,45,199,31,114,137,212,44,193,24,145,50,35,11,133,16,93,83,121,144,153,160,175,107,58,197,99	1,1,0.1085,3,222;6,1,0.8245,0,23;1,0,0.7105,0,218;1,1,0.3455,0,80;2,1,0.4055,0,242;0,3,0.2855,3,32
claim-interventional-train-00467	7	1	2	96,151,43,146,30,5,15,16,45,195,182,183,155,60,116,200,141,65,137,190,69,98,21,34,160,184,108,172,206,92,130,124,117,49,85,81	4,5,0.1485,0,46;5,0,0.6295,0,45;0,2,0.2795,0,7;8,3,0.9975,3,67;1,2,0.8505,0,225;3,0,0.2045,0,177
claim-interventional-train-00468	2	3	2	59,67,183,43,161,87,148,32,13,21,1,132,93,69,205,138,76,112,191,204,151,55,111,36,16,184,45,89,144,98,179,162,161,117,129,197	0,3,0.1625,0,191;7,2,0.7745,0,30;6,1,0.6525,0,133;3,5,0.2185,0,0;1,5,0.1745,0,194;8,2,0.5555,3,239
claim-interventional-train-00469	9	0	0	202,78,165,203,14,194,9,145,197,141,205,59,182,52,41,69,98,84,162,195,128,116,21,201,35,149,46,109,137,26,117,18,68,92,132,94	8,4,0.4055,0,144;1,1,0.3385,1,58;3,1,0.9735,0,21;5,2,0.8045,1,141;1,3,0.9225,0,45;7,2,0.3125,0,150
claim-interventional-train-00470	6	0	0	25,141,93,202,55,130,198,137,92,105,64,177,149,1,185,43,39,17,69,117,177,21,129,63,82,106,76,12,162,45,158,206,186,116,145,169	0,2,0.2205,0,110;0,5,0.7945,0,107;6,5,0.0745,0,146;3,0,0.8135,0,184;8,0,0.8545,0,235;8,0,0.2485,0,225
claim-interventional-train-00471	10	0	1	133,196,143,36,162,173,156,150,101,152,173,215,43,109,92,85,112,45,171,154,9,93,69,15,145,124,49,65,190,81,21,117,137,19,31,62	8,5,0.7265,0,251;6,2,0.7585,0,92;0,4,0.3865,0,30;8,3,0.8355,0,152;4,3,0.0915,0,150;3,3,0.2275,2,240
claim-interventional-train-00472	2	1	2	188,71,93,165,11,75,200,43,100,107,52,146,151,125,45,208,59,19,91,84,1,131,185,183,117,115,169,189,65,152,141,199,35,21,137,27	0,1,0.6725,0,84;2,1,0.6145,0,255;3,1,0.2885,2,226;2,2,0.6795,0,164;3,1,0.7715,0,196;4,1,0.2685,0,17
claim-interventional-train-00473	2	2	2	170,117,141,4,154,153,13,72,124,215,45,86,132,33,24,147,20,180,88,112,93,61,108,98,78,41,200,54,151,214,153,205,192,36,65,138	3,3,0.9645,3,68;8,2,0.2235,0,132;5,3,0.2495,3,213;5,4,0.1195,0,59;1,2,0.1525,0,250;3,2,0.4005,0,106
claim-interventional-train-00474	8	2	2	20,76,127,157,95,151,175,174,104,156,30,158,117,154,147,176,141,13,198,69,36,24,134,92,64,45,9,172,137,188,85,52,108,58,43,114	8,3,0.9215,3,202;5,2,0.6665,0,174;3,0,0.0435,0,44;3,3,0.8745,2,152;7,2,0.4635,0,56;6,4,0.2075,0,97
claim-interventional-train-00475	6	3	0	70,193,122,26,116,159,153,20,144,21,64,140,193,149,92,134,110,182,117,62,165,51,170,76,94,37,178,154,1,86,183,102,14,148,41,45	0,4,0.8715,0,128;1,3,0.2175,0,228;2,4,0.0735,1,63;3,4,0.8075,1,242;5,4,0.9495,0,229;1,4,0.9805,3,33
claim-interventional-train-00476	4	1	0	193,43,178,4,21,34,146,120,31,115,129,12,208,62,194,69,187,141,94,99,48,177,176,65,52,111,197,132,90,84,165,149,81,191,136,20	3,2,0.8425,0,214;6,0,0.6725,3,10;3,4,0.2905,0,232;8,2,0.4635,1,217;2,5,0.7085,3,204;8,2,0.0785,0,192
claim-interventional-train-00477	6	2	2	121,24,62,87,102,38,26,140,151,113,147,108,93,17,170,192,91,135,177,45,40,141,81,117,169,173,191,70,2,180,66,49,214,172,13,214	1,3,0.3255,3,197;1,4,0.1595,0,223;0,4,0.4705,1,88;8,5,0.6805,0,108;5,2,0.3435,0,85;0,5,0.9865,0,203
claim-interventional-train-00478	8	1	2	96,64,212,15,6,35,101,193,52,20,176,124,170,41,180,151,45,91,59,112,166,81,206,130,154,27,117,82,146,21,203,106,141,137,182,69	5,5,0.9375,0,42;2,1,0.2285,0,98;3,1,0.1815,0,104;8,0,0.7965,3,151;4,0,0.1265,0,140;3,0,0.2615,0,156
claim-interventional-train-00479	3	0	1	93,152,155,150,135,136,180,7,45,109,12,99,68,203,143,113,91,87,157,160,117,69,194,196,191,80,20,145,193,52,28,43,63,21,36,121	6,2,0.8545,0,25;3,2,0.7165,0,88;3,5,0.8335,0,47;7,5,0.7505,0,235;2,3,0.3115,0,143;0,5,0.1945,2,232
claim-interventional-train-00480	7	1	1	45,150,22,176,146,59,99,166,90,55,138,189,93,67,69,113,185,85,179,37,117,135,19,141,40,185,10,192,74,122,203,28,4,192,195,109	3,0,0.7275,1,136;3,3,0.1885,0,45;6,1,0.6715,0,72;1,3,0.5685,0,101;2,3,0.2355,0,154;1,5,0.5925,0,78
claim-interventional-train-00481	3	0	0	196,196,177,51,196,133,20,144,167,69,44,102,11,87,48,59,186,93,112,76,191,136,145,119,163,32,125,23,149,176,91,64,195,5,37,110	4,1,0.9385,2,117;7,3,0.9515,3,121;2,1,0.0225,0,130;3,5,0.6515,0,128;5,4,0.1475,2,128;4,3,0.0205,3,183
claim-interventional-train-00482	1	1	0	93,64,60,6,99,149,113,123,205,198,16,44,178,146,87,90,49,168,37,69,10,22,170,109,133,79,181,117,143,164,163,186,45,30,140,180	5,0,0.0655,1,60;5,3,0.9905,0,227;0,2,0.1775,0,77;6,5,0.4595,0,33;2,3,0.2705,0,10;2,3,0.9895,2,247
claim-interventional-train-00483	10	0	2	54,178,27,207,159,142,215,173,152,112,21,93,91,39,182,202,18,8,87,43,140,109,63,212,145,68,81,117,10,102,182,151,69,121,130,45	7,0,0.4315,0,189;2,5,0.7605,0,252;5,5,0.9395,0,159;8,5,0.7765,0,158;5,3,0.0495,0,190;0,0,0.8525,1,198
claim-interventional-train-00484	3	0	0	21,149,196,6,15,34,92,45,177,160,103,17,145,141,135,185,61,156,69,42,140,117,171,182,106,25,53,184,213,164,113,93,66,124,86,80	5,5,0.2595,0,34;0,0,0.4965,0,0;4,3,0.4845,0,170;7,4,0.8365,0,87;6,0,0.3935,0,192;3,5,0.9595,0,5
claim-interventional-train-00485	1	1	1	4,181,173,45,187,31,136,117,93,42,186,20,70,150,108,199,123,65,59,22,203,175,171,13,53,35,141,146,115,197,102,85,90,189,130,75	3,3,0.8685,1,62;6,1,0.5485,0,206;4,1,0.3655,1,103;2,3,0.4255,0,252;5,2,0.6635,0,4;2,0,0.1895,0,231
claim-interventional-train-00486	2	3	2	180,82,38,125,151,58,69,77,29,148,107,45,120,178,168,99,161,68,3,161,93,21,210,170,171,212,141,165,136,40,16,115,134,91,50,11	2,1,0.0865,0,205;4,4,0.1785,0,70;1,0,0.9555,0,10;4,0,0.6365,0,10;2,1,0.6615,3,245;4,4,0.0395,0,201
claim-interventional-train-00487	6	2	1	69,87,184,153,150,125,35,33,42,114,13,147,91,176,204,155,73,141,45,53,117,93,17,9,193,156,111,138,103,155,65,62,212,21,198,131	8,3,0.2155,0,212;8,1,0.5035,0,50;4,4,0.2295,0,240;0,5,0.6825,0,132;6,5,0.5165,0,253;4,1,0.5905,0,80
claim-interventional-train-00488	6	1	1	45,14,38,42,156,66,98,21,165,121,71,141,92,167,134,2,154,150,28,190,53,73,17,95,140,198,115,146,170,87,118,60,212,109,161,185	1,4,0.2845,0,174;3,4,0.4065,0,205;4,2,0.4225,2,101;0,5,0.9815,2,1;1,3,0.7815,1,103;0,4,0.8135,0,231
claim-interventional-train-00489	7	1	1	64,204,33,122,190,93,141,88,24,204,215,114,138,51,41,107,156,105,36,19,117,190,71,48,162,62,146,195,14,150,166,134,84,3,155,73	2,4,0.7655,3,55;8,2,0.3175,3,6;2,4,0.1325,2,90;0,2,0.1095,0,15;8,1,0.4675,0,160;1,4,0.5585,0,255
claim-interventional-train-00490	1	3	1	183,214,124,40,93,152,131,65,46,83,148,53,155,17,141,187,99,137,117,114,74,28,59,175,9,21,110,156,36,14,192,92,71,187,193,150	8,4,0.2615,0,51;3,2,0.0235,1,61;4,1,0.3305,2,168;1,1,0.8025,0,85;2,4,0.4015,0,26;3,1,0.3055,0,24
claim-interventional-train-00491	1	0	2	47,53,76,114,69,183,215,91,96,126,26,64,44,13,162,191,83,198,17,137,21,170,141,131,5,117,204,198,151,34,99,170,145,160,110,62	4,3,0.2195,0,212;1,0,0.9845,2,178;4,4,0.0225,0,25;3,1,0.7385,3,108;2,4,0.4755,0,173;5,1,0.2925,0,166
claim-interventional-train-00492	10	3	2	193,115,33,43,210,124,69,100,148,91,86,93,210,174,21,171,11,134,140,187,77,50,45,141,188,182,37,16,117,151,9,61,215,157,107,64	8,1,0.0155,0,11;8,3,0.7285,0,247;1,3,0.0065,0,106;4,4,0.6875,0,144;3,1,0.6105,0,227;3,4,0.9585,0,92
claim-interventional-train-00493	10	2	0	214,90,149,18,117,9,172,86,175,93,115,124,155,33,42,64,173,45,152,197,198,147,130,52,10,62,21,105,69,140,169,38,77,143,193,109	8,0,0.5315,0,41;8,4,0.4455,0,168;3,4,0.1745,0,44;4,4,0.4105,0,153;8,3,0.6475,0,194;3,0,0.9845,2,38
claim-interventional-train-00494	6	0	1	67,28,190,69,114,12,40,198,156,111,207,118,145,63,76,37,150,84,133,212,183,123,18,138,200,1,195,90,21,45,93,99,172,49,211,141	0,2,0.4175,0,73;3,3,0.1075,0,238;0,5,0.6245,0,55;3,2,0.5825,0,115;2,5,0.4415,1,213;2,3,0.5445,0,97
claim-interventional-train-00495	1	0	1	45,75,132,168,166,2,19,179,141,104,117,12,121,172,150,91,34,53,61,212,72,29,159,108,42,87,93,155,145,21,152,158,203,137,113,68	1,2,0.6125,0,116;4,0,0.5135,0,91;4,3,0.8235,3,206;2,5,0.7905,0,172;7,2,0.3525,0,9;0,2,0.3335,0,52
claim-interventional-train-00496	1	3	2	141,45,93,155,3,213,148,63,78,109,117,72,84,213,37,155,187,18,89,116,180,68,185,138,42,123,23,97,210,50,27,13,190,131,158,151	2,3,0.5465,2,152;2,3,0.4595,0,78;1,5,0.9845,3,89;5,2,0.2405,0,90;0,3,0.9075,0,33;2,1,0.4495,0,5
claim-interventional-train-00497	1	3	2	11,151,140,102,83,29,69,23,209,206,206,43,148,152,124,17,130,38,91,3,51,172,106,78,45,117,93,188,68,141,162,196,115,166,61,159	2,1,0.2355,2,203;4,4,0.6485,0,125;2,3,0.8835,0,132;5,1,0.6435,0,145;5,0,0.6125,0,124;3,0,0.8455,0,23
claim-interventional-train-00498	10	1	1	53,99,131,80,13,28,92,175,159,84,188,209,139,191,166,146,166,178,125,117,169,106,142,95,63,21,44,150,175,68,112,20,2,34,69,45	1,3,0.9055,0,111;3,0,0.8465,0,123;4,5,0.8745,0,176;7,2,0.8765,2,64;2,0,0.1995,0,167;4,1,0.7155,1,110
claim-interventional-train-00499	1	3	0	69,189,149,15,67,127,148,214,51,106,131,44,20,199,76,45,113,27,200,88,140,21,63,35,100,93,170,141,86,187,8,117,155,205,202,191	7,5,0.8395,0,121;2,1,0.9125,0,46;2,5,0.7465,0,126;3,4,0.1815,0,135;3,0,0.3315,0,149;6,1,0.8545,0,175
claim-interventional-train-00500	7	0	2	69,45,108,141,26,196,96,36,130,211,183,20,175,151,117,198,137,63,67,5,200,152,78,23,116,210,54,91,183,98,145,13,44,84,180,123	4,3,0.8565,2,104;1,2,0.9325,0,167;5,5,0.7905,0,78;5,2,0.6975,3,5;1,2,0.9405,0,164;2,0,0.2635,0,236
claim-interventional-train-00501	7	0	2	89,68,16,134,154,34,50,80,93,107,113,151,158,187,84,45,206,123,154,193,158,61,105,145,27,21,117,11,186,41,142,155,137,164,3,69	2,1,0.0175,0,27;2,0,0.3145,0,188;1,3,0.9095,0,107;7,2,0.3465,0,206;8,1,0.2555,0,7;2,4,0.2665,1,52
claim-interventional-train-00502	10	1	2	201,68,137,181,9,33,16,195,69,116,44,107,87,94,170,45,97,74,128,205,135,141,180,117,182,60,50,151,14,215,37,162,90,183,146,24	8,4,0.0275,3,132;8,3,0.8405,0,91;1,2,0.8735,0,33;1,5,0.5855,1,210;0,1,0.9485,0,197;7,5,0.3525,0,185
claim-interventional-train-00503	0	3	0	140,135,13,114,184,123,69,4,93,149,162,203,162,18,119,75,156,92,37,141,160,148,82,41,202,174,105,57,61,108,194,28,211,45,68,21	3,3,0.5945,0,210;3,3,0.3755,0,75;8,3,0.8395,0,253;2,0,0.9215,0,243;8,2,0.5815,2,101;2,5,0.8425,0,80
claim-interventional-train-00504	9	3	0	16,65,207,148,5,205,110,59,193,180,21,69,26,158,184,185,133,117,76,176,37,140,54,45,93,141,11,104,215,116,149,44,90,159,123,86	4,1,0.0645,0,115;1,3,0.9775,0,231;5,1,0.3395,0,79;3,4,0.4405,0,244;7,4,0.8865,0,52;2,3,0.9675,0,250
claim-interventional-train-00505	2	0	0	65,184,149,177,117,162,36,81,21,14,188,130,42,179,115,45,83,108,58,204,69,125,145,141,207,174,182,16,101,89,140,2,52,96,187,25	1,4,0.1735,0,81;0,2,0.5685,0,131;3,0,0.3275,0,227;8,1,0.2335,3,137;4,2,0.6475,0,121;4,0,0.8435,0,195
claim-interventional-train-00506	8	1	0	113,134,204,21,186,83,64,154,141,149,16,146,106,101,42,138,88,175,61,80,10,172,30,179,1,50,93,37,126,117,69,45,156,155,156,208	0,0,0.1775,0,233;5,3,0.4345,0,189;1,3,0.0565,0,37;7,1,0.0735,0,82;4,0,0.3245,0,140;5,4,0.4815,0,185
claim-interventional-train-00507	6	0	1	127,73,44,83,211,91,150,141,37,16,186,96,201,145,130,188,187,69,45,5,103,179,171,114,117,181,161,66,25,13,50,136,174,60,106,21	4,3,0.1865,0,237;0,3,0.8575,0,198;1,2,0.5845,0,42;0,1,0.7185,3,67;6,0,0.4685,0,216;6,0,0.1655,0,23
claim-interventional-train-00508	5	1	0	63,45,69,100,55,160,188,137,93,18,42,118,79,21,146,165,198,91,111,112,189,196,86,144,124,176,149,209,194,131,34,28,15,6,210,65	5,5,0.5635,0,43;3,0,0.4745,0,188;6,5,0.3095,0,101;6,4,0.6255,0,169;3,5,0.1395,1,102;3,1,0.2995,3,248
claim-interventional-train-00509	10	3	2	66,148,123,196,17,38,139,21,170,101,151,43,134,33,110,155,92,10,45,59,69,210,211,171,117,73,161,158,114,187,7,141,86,93,156,53	6,0,0.2005,0,84;8,4,0.7305,0,98;4,1,0.5155,0,185;0,4,0.8055,0,247;4,4,0.5655,0,174;2,4,0.7145,0,71
claim-interventional-train-00510	1	3	2	50,99,45,137,93,201,109,173,173,91,148,123,35,132,113,69,117,144,33,204,41,63,67,75,207,205,14,151,21,209,4,85,215,182,18,161	3,4,0.4985,0,44;8,1,0.3395,0,232;1,5,0.6915,0,143;2,3,0.6035,0,18;2,3,0.3695,0,223;2,2,0.3735,3,89
claim-interventional-train-00511	1	3	2	141,21,85,207,17,123,176,167,151,51,69,66,140,93,134,7,108,117,198,14,185,209,40,91,113,45,148,76,170,38,191,63,182,105,177,28	6,4,0.3425,0,71;3,4,0.1885,0,189;2,5,0.4135,0,170;3,3,0.6655,0,22;8,2,0.3525,0,237;2,4,0.9795,0,76
claim-interventional-train-00512	9	0	2	63,190,145,178,164,211,215,131,157,27,110,189,91,209,42,141,138,21,37,76,82,113,215,117,69,93,10,151,51,159,123,64,46,8,19,104	7,0,0.7165,0,50;2,3,0.5545,1,115;2,5,0.1095,0,133;3,0,0.7445,0,179;7,4,0.2995,0,114;2,1,0.5755,0,27
claim-interventional-train-00513	4	1	2	61,139,53,151,45,132,163,10,160,183,21,155,117,194,64,69,214,124,20,76,7,146,188,114,108,37,201,204,83,104,189,93,90,33,44,141	6,0,0.9305,0,79;8,3,0.8785,0,77;4,3,0.0425,0,13;3,1,0.4645,0,15;7,2,0.4505,0,172;3,2,0.6185,0,60
claim-interventional-train-00514	1	0	2	166,105,46,145,158,92,154,192,132,3,193,78,95,171,21,118,167,44,115,123,137,10,153,17,28,111,49,60,37,178,64,158,151,86,69,141	2,0,0.3225,0,187;3,3,0.9435,1,126;0,2,0.0145,0,5;5,4,0.8825,2,103;8,5,0.6995,1,51;2,2,0.2475,0,39
claim-interventional-train-00515	10	1	1	10,93,67,163,69,209,33,178,200,124,155,4,45,115,52,212,84,150,211,107,102,90,146,42,136,18,199,196,131,21,77,39,117,141,58,202	3,0,0.5305,0,245;8,5,0.4855,0,241;3,0,0.7855,0,173;4,2,0.4255,0,137;5,1,0.6685,0,138;3,1,0.0175,0,157
claim-interventional-train-00516	3	0	0	145,159,59,142,133,215,166,138,1,171,104,13,75,16,88,93,57,45,149,38,111,212,156,69,21,129,65,113,117,28,83,213,210,43,159,164	0,3,0.0585,0,204;3,4,0.6035,0,80;8,1,0.2445,0,15;2,1,0.0785,0,62;7,5,0.3945,0,170;8,3,0.5875,1,125
claim-interventional-train-00517	7	3	1	106,21,93,6,211,54,168,69,48,17,186,134,14,114,137,166,30,77,82,39,154,141,97,122,64,197,60,40,204,148,173,90,166,150,120,172	5,4,0.3975,0,18;5,5,0.0705,3,53;5,2,0.0395,0,105;4,0,0.5605,0,146;0,0,0.4645,3,60;1,4,0.2765,0,99
claim-interventional-train-00518	4	1	1	212,124,202,167,193,27,150,146,141,178,14,193,117,201,20,40,38,2,179,45,86,135,110,138,113,66,93,90,174,197,61,21,105,69,80,49	1,4,0.8605,0,45;2,4,0.1095,0,206;0,3,0.4985,0,59;7,4,0.5925,0,67;8,4,0.2475,0,155;3,5,0.4955,0,17
claim-interventional-train-00519	7	2	2	13,193,88,107,63,136,30,112,157,21,40,46,161,132,65,194,147,104,167,93,69,143,76,5,177,198,50,151,84,37,153,127,17,214,186,117	4,3,0.2665,0,244;5,3,0.0765,1,215;1,5,0.2505,0,82;3,2,0.1495,0,35;7,1,0.0485,0,41;6,2,0.0525,2,235
claim-interventional-train-00520	8	3	0	93,197,21,192,213,79,136,190,64,110,119,89,102,41,208,122,168,69,27,203,14,34,82,178,148,209,141,58,19,6,50,149,133,195,115,45	5,4,0.7095,0,95;2,0,0.2735,0,50;1,0,0.1025,0,249;6,0,0.2145,0,238;5,4,0.6365,2,95;1,3,0.0345,0,171
claim-interventional-train-00521	4	1	0	158,149,124,212,19,62,36,116,198,69,134,146,108,118,9,141,138,179,198,82,67,52,91,93,201,76,208,98,43,23,45,208,10,181,29,156	8,0,0.6005,2,43;4,2,0.7735,0,98;3,4,0.6075,0,22;3,0,0.7885,0,186;1,2,0.8575,1,45;3,4,0.5105,0,104
claim-interventional-train-00522	7	3	2	39,206,117,193,110,3,17,61,160,167,205,136,116,15,98,47,141,69,21,64,148,57,196,79,132,41,206,33,185,187,151,122,88,192,93,85	2,5,0.3775,0,190;8,5,0.2965,2,74;8,3,0.1725,0,161;6,3,0.0515,0,21;1,4,0.8375,0,108;1,2,0.1505,0,219
claim-interventional-train-00523	1	0	1	135,45,150,14,184,171,137,84,38,153,129,16,66,184,76,141,145,21,117,4,111,30,160,209,43,51,60,205,93,180,99,116,69,90,198,164	3,4,0.0625,0,237;5,4,0.6825,0,156;2,2,0.4585,0,72;3,2,0.5935,0,204;2,5,0.8645,0,186;8,5,0.2205,0,157
claim-interventional-train-00524	10	2	2	33,142,200,10,147,35,45,137,117,122,41,135,166,166,5,174,102,55,201,206,66,93,59,76,88,21,169,70,19,158,173,82,107,112,212,151	4,0,0.6955,0,101;8,1,0.2255,0,71;6,1,0.4085,1,162;3,0,0.0605,0,246;5,1,0.1635,0,120;1,5,0.2915,1,9
claim-interventional-train-00525	3	0	0	157,113,168,76,20,13,6,124,156,65,145,149,130,200,141,43,89,117,45,21,69,152,99,202,85,155,164,139,49,26,38,108,208,58,93,202	5,3,0.8025,0,182;1,4,0.6365,0,110;0,0,0.3015,0,184;3,3,0.3705,0,99;2,2,0.3925,0,94;3,0,0.6925,0,155
claim-interventional-train-00526	8	0	1	209,19,102,213,84,109,140,186,134,152,12,178,126,34,22,53,208,117,44,61,163,145,113,92,96,30,153,45,67,76,182,205,5,69,141,150	4,2,0.6855,1,131;5,0,0.8475,0,14;4,3,0.6765,0,126;3,2,0.9875,3,33;5,3,0.3455,0,234;5,4,0.8895,0,48
claim-interventional-train-00527	3	0	1	69,63,167,197,97,107,145,211,21,201,47,141,5,52,68,31,92,14,133,166,184,113,153,157,156,74,93,138,162,44,150,84,117,124,16,36	4,4,0.0005,0,125;6,2,0.8195,2,61;3,5,0.9885,0,82;1,2,0.8175,0,10;0,1,0.2465,0,204;3,3,0.4015,0,217
claim-interventional-train-00528	4	1	0	3,141,106,190,58,163,121,155,93,188,201,100,149,199,76,37,31,146,45,65,86,20,11,53,114,160,160,21,162,90,139,41,134,117,69,164	2,1,0.9215,0,130;6,3,0.3435,0,6;4,0,0.2085,0,22;3,4,0.5365,0,15;3,0,0.5335,0,124;0,4,0.6615,0,80
claim-interventional-train-00529	2	0	1	188,91,129,145,131,117,139,152,14,152,197,215,104,182,49,188,29,59,69,150,19,22,114,45,204,76,64,208,141,41,161,86,93,38,3,108	2,4,0.6175,1,216;4,4,0.3435,0,46;0,1,0.1075,0,140;3,4,0.7865,0,255;7,2,0.5385,0,180;8,1,0.7415,0,200
claim-interventional-train-00530	5	3	0	171,49,65,130,194,69,20,149,148,161,166,79,45,120,35,159,129,43,32,179,141,152,95,186,58,15,7,21,116,86,107,92,215,138,185,100	6,5,0.9795,0,210;7,1,0.6375,0,168;0,0,0.2685,0,56;6,4,0.9295,2,51;3,1,0.8425,3,33;8,0,0.4565,0,116
claim-interventional-train-00531	5	1	1	182,117,79,131,10,155,192,5,35,66,195,45,180,55,60,163,69,86,213,150,139,111,31,100,93,174,21,19,40,201,164,91,142,122,146,115	4,0,0.6285,0,63;6,1,0.1145,0,226;6,2,0.4055,0,182;6,4,0.7655,0,22;3,5,0.6535,0,105;1,1,0.6095,1,192
claim-interventional-train-00532	9	1	1	191,163,14,88,131,37,21,116,49,20,139,191,44,197,196,127,98,45,2,32,146,158,193,118,67,69,180,81,150,141,59,108,93,159,83,174	1,4,0.9075,0,22;7,3,0.8075,0,190;0,1,0.7665,0,187;8,1,0.0875,0,61;1,2,0.9325,1,180;6,1,0.6575,0,160
claim-interventional-train-00533	1	1	2	190,65,86,207,59,146,204,54,79,173,12,113,177,7,140,152,45,123,99,196,17,39,69,32,141,89,170,111,135,93,151,117,187,21,44,198	6,2,0.2995,0,190;7,5,0.9665,0,93;5,1,0.2345,0,21;6,4,0.3405,0,52;2,5,0.2015,0,182;2,5,0.8145,0,170
claim-interventional-train-00534	4	1	0	167,89,141,192,175,107,210,69,146,5,124,201,188,27,112,65,45,93,139,134,206,42,11,117,19,87,60,35,215,149,21,104,156,75,185,52	4,1,0.6395,0,132;2,1,0.4695,0,203;3,2,0.3215,0,41;2,5,0.2685,0,238;7,1,0.0285,0,151;3,4,0.7485,0,84
claim-interventional-train-00535	4	1	1	8,109,169,117,88,152,194,178,150,161,77,204,164,45,65,141,155,158,192,85,146,28,69,12,137,21,58,57,39,93,135,113,43,123,99,20	7,2,0.8155,0,58;3,5,0.7535,0,162;8,0,0.3015,0,243;4,3,0.0565,0,35;2,3,0.2725,0,74;2,5,0.3505,0,203
claim-interventional-train-00536	6	0	1	92,45,119,63,11,150,137,113,168,179,205,73,93,214,41,33,135,196,21,184,142,69,86,111,34,16,5,174,101,145,159,198,65,52,126,190	4,1,0.1545,0,161;8,0,0.2555,0,42;3,5,0.3275,0,201;0,4,0.9645,0,220;4,5,0.3755,2,138;5,5,0.2975,1,213
claim-interventional-train-00537	4	1	2	118,17,177,103,215,214,151,88,11,190,69,28,52,85,130,141,21,34,137,183,181,169,128,168,93,75,116,109,8,68,157,146,41,61,45,182	7,1,0.3215,0,120;3,0,0.3345,0,213;3,3,0.8025,0,244;2,3,0.0605,0,93;6,3,0.9125,1,45;7,0,0.3265,0,233
claim-interventional-train-00538	1	3	1	135,75,21,64,109,169,148,36,13,211,183,44,213,92,153,166,69,204,136,141,102,19,115,54,87,59,3,181,93,118,127,204,45,150,168,31	2,3,0.7165,0,59;6,2,0.8585,0,242;5,1,0.0575,0,136;2,5,0.9465,0,108;5,3,0.6595,1,251;6,5,0.0115,0,68
claim-interventional-train-00539	0	3	0	92,187,115,140,42,70,177,196,148,214,21,59,109,128,4,165,141,149,186,168,36,211,119,215,131,45,67,19,95,15,99,191,31,77,52,82	3,5,0.7245,0,243;6,2,0.4695,0,178;3,1,0.6525,1,115;4,0,0.8765,2,56;2,3,0.7855,2,34;7,1,0.9275,0,149
claim-interventional-train-00540	8	1	2	38,179,215,146,76,213,111,40,102,136,128,157,211,46,141,91,69,17,62,83,117,24,10,116,96,196,66,153,151,9,57,212,27,174,133,186	8,0,0.3115,3,154;2,4,0.1615,1,122;8,4,0.4455,0,42;3,1,0.7395,3,69;5,5,0.9155,0,60;7,3,0.0345,0,106
claim-interventional-train-00541	10	3	1	91,176,84,155,63,150,48,141,4,191,69,166,36,107,161,15,104,129,21,136,172,40,165,156,16,148,93,184,112,117,133,78,66,179,53,31	3,5,0.0615,0,61;6,2,0.0795,3,92;4,5,0.5795,0,29;5,2,0.7595,0,97;7,1,0.1825,0,235;8,3,0.1615,0,232
claim-interventional-train-00542	2	3	0	120,58,81,141,168,21,66,51,45,155,136,132,100,29,93,10,6,69,184,116,166,200,188,109,90,174,84,149,43,123,205,183,35,20,188,148	5,0,0.8075,0,185;4,1,0.6565,0,127;2,0,0.5105,0,240;8,2,0.4255,0,240;3,3,0.9395,3,249;2,2,0.0385,0,170
claim-interventional-train-00543	4	1	1	21,166,212,41,117,16,152,89,206,132,183,93,152,136,150,111,191,144,13,100,45,203,211,8,69,146,49,68,116,78,39,63,32,126,179,85	7,3,0.1285,0,180;7,5,0.3815,0,30;0,5,0.9185,0,156;5,3,0.2175,0,138;3,5,0.8375,0,155;5,2,0.1165,3,45
claim-interventional-train-00544	9	0	0	104,55,141,93,37,19,44,149,172,10,208,67,137,190,207,74,85,129,133,3,170,69,63,111,32,155,112,200,168,145,45,91,117,21,194,179	2,0,0.7445,0,56;7,3,0.9305,0,116;6,5,0.7075,0,127;1,3,0.7455,0,65;7,5,0.0305,0,177;8,3,0.2015,0,223
claim-interventional-train-00545	7	3	2	175,62,40,111,91,28,2,182,151,117,164,153,47,112,212,18,123,67,136,12,39,192,141,192,198,82,157,80,100,183,21,135,69,96,148,49	1,2,0.4515,0,115;3,5,0.0615,2,65;0,4,0.6455,0,198;7,0,0.7625,3,42;3,5,0.0615,0,30;2,5,0.1135,0,132
claim-interventional-train-00546	2	0	1	183,9,184,117,145,175,82,10,114,71,81,41,45,53,187,132,152,139,177,150,88,68,182,25,34,20,21,171,58,93,106,129,177,104,160,141	8,0,0.8895,0,83;0,0,0.3125,0,56;4,0,0.9725,2,141;8,0,0.0125,0,138;7,0,0.5805,0,47;8,2,0.7575,0,74
claim-interventional-train-00547	7	3	0	45,205,191,58,69,85,40,92,149,112,19,207,132,35,10,22,117,93,198,202,206,74,141,122,49,148,28,173,104,204,106,204,175,138,64,8	7,0,0.6255,1,87;3,1,0.1965,0,111;0,0,0.1935,0,184;1,3,0.9815,0,187;7,0,0.1745,0,70;1,2,0.4375,0,131
claim-interventional-train-00548	10	3	1	88,4,84,23,117,101,33,72,112,195,93,76,108,189,63,20,48,148,150,194,167,36,159,51,41,11,133,141,164,138,179,171,64,129,183,198	3,1,0.9335,2,205;8,2,0.3485,3,177;2,5,0.1625,3,154;3,2,0.1965,0,77;4,2,0.0685,0,43;8,3,0.5825,0,236
claim-interventional-train-00549	1	1	1	174,127,55,167,27,93,12,194,88,140,116,184,19,117,45,37,150,141,21,159,160,192,212,146,201,3,60,69,75,43,68,100,131,191,84,109	2,2,0.7755,0,158;2,3,0.6525,0,31;6,2,0.8785,0,180;2,2,0.0175,0,215;3,3,0.9915,0,215;6,1,0.8995,0,114
claim-interventional-train-00550	2	3	0	171,89,117,45,87,124,143,6,19,209,21,99,194,77,112,172,70,63,106,95,130,41,167,149,139,26,202,211,35,10,181,53,161,148,154,67	5,0,0.7755,0,78;1,1,0.2025,0,252;4,5,0.6575,1,201;4,5,0.3195,2,97;2,0,0.0045,0,207;3,0,0.7765,2,16
claim-interventional-train-00551	1	1	0	93,122,117,99,23,169,207,136,66,184,133,75,209,12,149,42,141,208,56,160,34,69,45,198,207,111,85,206,29,61,92,146,18,115,5,167	4,2,0.4715,2,79;4,0,0.5965,0,91;7,3,0.5765,0,164;2,3,0.9725,0,186;2,5,0.6465,0,104;1,3,0.1315,0,231
claim-interventional-train-00552	1	3	2	159,93,27,84,148,140,44,187,64,21,54,17,11,187,4,126,70,118,209,215,38,190,142,165,170,110,133,163,60,79,151,113,103,45,174,88	3,1,0.2385,0,119;2,4,0.9325,0,32;5,2,0.1825,1,1;6,2,0.1725,0,174;6,4,0.3925,1,178;5,3,0.8935,1,224
claim-interventional-train-00553	10	3	2	124,40,190,98,137,151,108,179,114,4,87,19,77,132,38,58,93,13,117,22,148,90,206,31,46,164,193,177,194,174,141,50,161,209,67,69	3,3,0.7955,1,120;6,4,0.1435,1,158;1,0,0.7985,0,15;4,5,0.4125,0,142;1,2,0.5785,0,135;3,2,0.2875,0,186
claim-interventional-train-00554	5	2	2	68,81,33,1,70,14,93,131,115,111,188,137,141,151,147,117,17,166,21,84,122,45,169,160,57,59,198,152,100,204,180,44,89,177,34,189	0,4,0.3315,0,118;8,0,0.9125,0,3;8,1,0.9505,1,113;8,2,0.3505,0,227;3,5,0.7635,0,82;1,1,0.2505,0,159
claim-interventional-train-00555	10	0	2	143,40,89,76,52,69,121,136,117,175,47,21,101,204,12,36,59,151,213,130,153,25,19,183,111,145,174,198,168,116,83,3,153,68,153,93	2,2,0.7535,0,111;0,2,0.0365,2,236;3,1,0.9555,0,242;3,1,0.2245,0,249;4,5,0.8435,0,117;0,0,0.1945,2,219
claim-interventional-train-00556	4	1	0	55,93,111,92,146,45,43,69,207,207,84,193,134,76,197,15,165,124,34,156,61,22,189,136,18,116,117,64,100,173,198,141,149,160,2,28	1,5,0.5465,1,232;3,0,0.6515,0,97;6,3,0.1225,0,195;3,2,0.9655,0,23;3,5,0.8885,0,130;3,4,0.0015,0,162
claim-interventional-train-00557	2	0	1	145,123,154,93,23,71,185,66,7,135,117,150,29,207,207,17,183,191,158,205,12,76,88,175,141,82,136,107,45,35,178,115,99,61,43,51	6,2,0.2425,2,217;4,1,0.7935,0,6;2,3,0.4545,2,39;3,0,0.0625,0,163;2,1,0.6475,0,30;2,5,0.0355,0,36
claim-interventional-train-00558	3	0	0	76,124,86,106,60,64,138,176,16,45,49,193,159,23,34,104,14,214,72,165,27,91,7,130,117,196,141,186,185,93,40,188,113,149,165,145	6,4,0.0325,2,234;2,0,0.1355,0,228;0,2,0.1915,3,59;3,4,0.7555,0,62;7,0,0.3495,0,169;3,0,0.5565,0,245
claim-interventional-train-00559	0	3	2	5,109,57,214,141,148,66,28,12,82,35,151,206,180,188,88,60,93,185,203,127,117,45,71,21,211,77,210,177,100,40,114,20,188,133,136	4,2,0.8705,0,244;3,1,0.0625,0,104;8,2,0.5075,2,8;4,0,0.1395,0,144;3,3,0.4805,0,79;6,3,0.0765,0,36
claim-interventional-train-00560	2	1	1	80,36,160,69,64,93,123,106,146,176,82,117,187,59,168,199,100,161,150,158,89,175,17,11,52,4,40,177,30,138,21,201,45,114,141,131	3,1,0.2625,0,100;5,2,0.0355,0,105;3,1,0.0145,0,190;7,0,0.2185,0,252;3,0,0.4035,0,99;2,1,0.4755,0,69
claim-interventional-train-00561	8	3	1	97,58,41,67,203,36,131,78,112,25,90,156,196,18,12,117,188,21,45,148,69,189,150,194,141,170,50,136,5,165,213,204,87,108,129,93	4,2,0.4285,0,254;0,2,0.3215,0,59;1,0,0.7285,0,190;5,5,0.5485,0,135;0,2,0.1415,0,73;8,1,0.0875,0,121
claim-interventional-train-00562	0	3	2	70,215,197,164,8,93,124,203,148,66,100,162,163,26,45,118,173,40,115,88,50,132,24,157,84,58,195,12,141,18,195,77,151,137,110,38	7,2,0.4055,3,14;1,4,0.0745,0,152;1,0,0.5085,1,36;4,2,0.0425,0,99;3,4,0.7815,1,78;3,2,0.3475,0,82
claim-interventional-train-00563	9	3	0	11,56,65,135,45,80,148,71,137,19,100,7,128,32,84,198,185,155,175,115,205,169,93,43,117,141,88,62,160,107,153,35,21,161,180,149	6,1,0.7515,0,49;7,1,0.6815,0,194;7,4,0.3255,2,211;7,2,0.1925,0,158;3,1,0.6185,0,239;7,5,0.2035,0,67
claim-interventional-train-00564	2	1	0	190,10,73,25,69,84,102,93,146,149,124,132,174,21,206,120,190,18,193,54,45,205,214,137,8,44,68,161,35,90,114,111,60,174,141,163	7,0,0.4565,0,68;0,1,0.9175,0,173;5,2,0.8235,0,255;0,2,0.4695,0,108;5,5,0.4645,3,3;3,2,0.3975,0,14
claim-interventional-train-00565	10	3	1	200,135,150,162,69,63,45,140,12,106,209,141,73,126,148,115,43,169,160,21,65,52,197,29,39,170,20,89,3,83,211,155,117,167,99,93	2,2,0.9555,0,90;4,5,0.7385,0,72;3,5,0.2675,0,247;0,1,0.2045,0,34;2,0,0.6385,0,161;5,5,0.8415,0,238
claim-interventional-train-00566	8	1	0	37,108,89,126,186,64,169,149,104,75,135,49,61,26,83,139,168,153,119,93,141,116,146,21,198,172,181,69,13,17,182,211,42,9,45,202	8,3,0.2715,0,46;1,3,0.4025,0,23;0,3,0.1795,0,192;2,1,0.3905,0,148;7,2,0.8025,2,189;5,5,0.7625,0,233
claim-interventional-train-00567	2	1	1	194,146,192,21,181,41,83,113,56,204,4,89,189,125,45,103,64,215,95,164,119,34,192,17,106,69,28,141,75,63,137,174,208,150,130,12	3,2,0.3115,0,138;3,0,0.3995,0,117;7,5,0.0845,0,124;2,1,0.3485,2,140;6,0,0.2045,2,88;4,0,0.3685,0,111
claim-interventional-train-00568	6	0	0	21,71,208,201,76,198,15,1,127,182,41,82,63,130,145,178,162,18,52,38,162,169,141,68,27,190,89,110,47,183,93,117,100,113,149,139	0,5,0.4715,0,36;2,4,0.2085,2,134;3,5,0.9915,2,231;3,0,0.3185,0,58;3,4,0.3545,0,89;6,0,0.6115,0,81
claim-interventional-train-00569	6	0	2	171,100,54,17,168,120,178,140,208,171,6,121,47,66,84,145,114,109,151,21,10,62,210,81,39,71,141,88,153,130,95,160,44,28,201,179	5,0,0.3975,0,207;3,5,0.8695,2,106;5,4,0.4005,2,244;8,2,0.1855,2,77;3,3,0.5455,3,106;0,0,0.9725,0,0
claim-interventional-train-00570	2	0	1	76,214,132,141,93,88,139,150,34,202,7,25,145,54,188,83,21,67,43,117,45,157,16,189,99,180,107,190,122,182,13,60,69,191,116,193	6,3,0.0485,0,139;0,0,0.7465,0,161;5,2,0.6765,0,214;3,1,0.1815,0,110;2,1,0.9585,0,92;1,2,0.6525,0,238
claim-interventional-train-00571	9	0	2	145,136,90,62,179,110,127,141,168,67,10,84,40,93,151,114,176,19,118,213,3,32,76,155,130,45,169,102,69,167,39,21,161,174,183,56	2,0,0.6945,0,250;7,5,0.1455,0,136;7,4,0.7305,0,45;3,2,0.5205,0,80;5,4,0.4805,1,88;6,0,0.1825,0,177
claim-interventional-train-00572	6	3	2	64,21,45,148,157,93,180,69,201,90,73,35,162,4,197,113,187,44,173,154,11,140,85,151,123,107,16,60,169,170,133,117,55,141,100,25	3,1,0.0685,0,37;0,1,0.8855,0,117;6,2,0.1515,0,162;0,3,0.5265,0,49;3,1,0.2045,0,33;2,3,0.9065,0,48
claim-interventional-train-00573	10	3	1	84,106,169,150,27,73,93,67,139,19,212,210,141,148,117,214,171,57,173,130,69,43,98,63,1,88,39,14,214,168,21,168,122,112,162,46	0,4,0.6235,0,141;2,5,0.7445,1,158;8,5,0.6525,0,119;0,2,0.1935,0,67;1,0,0.0505,0,20;1,0,0.7315,0,101
claim-interventional-train-00574	2	0	2	21,117,10,44,176,52,132,161,35,110,200,27,203,61,204,195,145,112,171,93,64,75,69,17,161,137,122,151,82,98,47,185,3,141,90,188	2,0,0.2245,0,27;2,1,0.9035,2,26;3,3,0.0835,0,200;2,0,0.5405,0,90;1,4,0.0685,0,140;1,2,0.3525,0,40
claim-interventional-train-00575	7	3	1	64,143,75,44,150,179,166,205,176,99,117,199,108,4,133,45,148,21,159,69,138,26,126,112,13,183,53,198,94,156,18,90,176,84,39,58	3,3,0.5075,0,182;1,5,0.8215,0,157;4,0,0.0105,0,212;2,2,0.5945,1,30;2,2,0.0685,0,61;5,3,0.5565,2,229
claim-interventional-train-00576	9	0	0	203,181,81,158,67,104,205,85,96,168,141,51,111,34,22,153,145,185,121,208,41,117,89,113,59,3,28,11,132,157,48,156,16,69,149,136	2,1,0.1535,1,72;3,0,0.3485,3,194;2,1,0.7035,0,92;8,3,0.3695,3,70;7,5,0.2065,0,124;0,2,0.1755,0,245
claim-interventional-train-00577	4	1	1	176,45,88,20,215,62,93,66,150,116,43,141,103,193,117,7,87,124,69,106,80,52,154,33,174,35,138,157,173,21,146,15,166,134,205,202	6,5,0.8865,0,70;8,1,0.6505,0,254;3,4,0.5305,0,81;7,5,0.0935,0,6;6,0,0.9165,0,194;3,4,0.5085,0,138
claim-interventional-train-00578	3	0	1	196,4,21,117,191,133,181,45,142,99,116,90,34,13,110,122,52,185,69,74,145,162,95,63,140,41,171,67,175,206,191,30,18,167,86,150	3,3,0.4155,0,145;5,0,0.2445,0,54;3,5,0.6415,0,203;1,4,0.5885,2,42;2,4,0.8505,0,215;1,3,0.8275,1,177
claim-interventional-train-00579	10	1	1	21,38,184,146,81,117,193,207,194,43,58,45,128,150,53,189,93,106,139,9,14,133,164,182,213,113,69,101,90,19,84,25,64,156,181,141	8,4,0.6485,0,223;0,4,0.6465,0,195;4,0,0.0765,0,128;8,2,0.4745,0,132;4,0,0.3685,0,157;7,3,0.7735,0,145
claim-interventional-train-00580	10	2	1	45,140,16,157,133,196,177,65,183,144,40,82,147,213,53,77,176,21,175,112,119,124,172,100,9,36,150,111,72,200,93,61,90,10,29,210	8,0,0.1325,0,107;4,2,0.0515,0,132;4,3,0.3325,3,123;4,0,0.4925,0,13;3,5,0.0115,2,91;3,3,0.8575,3,116
claim-interventional-train-00581	3	0	2	163,48,153,82,164,138,42,93,145,187,76,109,141,130,69,4,21,214,97,177,89,51,14,179,201,17,118,129,200,114,37,67,62,210,27,151	3,4,0.3385,0,149;2,3,0.4195,3,151;2,4,0.6405,0,157;3,0,0.3445,0,164;0,3,0.4255,1,65;8,0,0.4255,0,213
claim-interventional-train-00582	2	3	1	153,157,14,176,41,2,32,164,152,132,60,94,16,45,150,57,127,82,37,76,69,21,201,114,215,117,200,108,141,100,163,89,139,68,179,148	1,4,0.0135,0,67;7,3,0.2425,0,188;8,2,0.8955,0,169;3,0,0.3725,1,221;3,2,0.4425,0,148;6,2,0.6175,0,108
claim-interventional-train-00583	3	0	0	94,70,186,141,82,34,183,48,156,21,78,68,165,173,149,63,4,27,13,201,117,19,162,169,208,131,42,92,56,100,145,137,129,112,107,199	3,3,0.7955,0,14;2,0,0.4895,3,25;7,5,0.8805,1,55;5,0,0.9115,1,110;3,1,0.0935,0,219;8,1,0.3625,0,142
claim-interventional-train-00584	9	1	0	204,18,180,39,133,46,28,114,149,77,146,69,8,141,42,170,123,21,93,166,91,194,104,67,54,138,59,11,165,117,109,162,166,84,177,204	7,1,0.4505,0,80;3,5,0.4005,1,184;5,1,0.6865,0,141;4,2,0.7725,0,80;7,3,0.5325,0,221;2,3,0.4995,0,59
claim-interventional-train-00585	3	0	0	69,58,178,37,78,167,117,114,18,168,98,149,208,182,166,141,93,90,52,136,67,42,110,193,210,87,21,128,168,45,1,156,132,145,28,15	0,5,0.5655,0,173;3,3,0.4315,0,242;3,0,0.6715,0,58;5,5,0.5475,0,38;1,4,0.4725,0,118;7,2,0.0695,0,208
claim-interventional-train-00586	9	0	1	116,206,140,197,198,65,141,193,188,49,93,37,100,45,7,107,150,122,92,117,83,215,32,159,71,134,21,206,174,187,145,41,18,62,10,78	6,0,0.5315,0,254;7,3,0.3655,0,214;0,4,0.3825,2,168;5,1,0.9845,0,231;3,1,0.9105,0,78;1,4,0.8555,0,139
claim-interventional-train-00587	10	1	1	40,157,19,45,4,214,50,12,71,60,87,180,117,105,93,214,192,187,141,64,165,164,150,22,116,124,89,28,164,183,136,34,132,80,111,146	3,2,0.7325,1,220;3,0,0.1715,0,94;1,2,0.1795,2,157;7,5,0.2785,0,43;8,5,0.8385,0,120;3,2,0.1295,0,29
claim-interventional-train-00588	1	1	0	194,90,4,159,212,195,93,84,146,61,14,44,117,211,207,34,23,199,116,19,138,46,142,68,124,28,190,107,76,169,51,134,149,69,202,99	3,4,0.6735,2,88;3,0,0.9885,1,53;2,3,0.8235,0,166;3,2,0.4185,0,224;2,1,0.8215,0,204;3,4,0.4345,1,102
claim-interventional-train-00589	4	1	2	117,28,99,135,165,146,17,23,58,168,159,67,39,169,42,157,109,129,73,152,198,112,55,12,151,137,45,91,141,3,169,207,210,69,87,93	2,2,0.2385,2,149;3,5,0.4675,0,29;6,0,0.6755,0,46;0,5,0.7055,0,126;2,3,0.1955,0,124;8,5,0.3775,0,200
claim-interventional-train-00590	7	0	2	5,93,90,124,211,58,145,131,17,115,178,175,141,203,171,21,172,37,64,15,108,69,51,100,206,45,117,137,43,30,154,87,151,175,172,74	4,5,0.3845,0,13;5,3,0.7415,0,172;2,0,0.1735,0,143;1,5,0.4965,0,19;3,2,0.7675,0,51;3,1,0.2265,0,48
claim-interventional-train-00591	5	0	0	202,133,55,188,172,19,145,69,149,14,181,26,85,112,141,96,214,63,68,45,77,200,208,88,38,129,44,120,212,21,136,110,4,104,193,164	3,4,0.6125,0,2;1,4,0.9935,0,210;6,5,0.9715,0,26;4,3,0.0135,3,227;7,4,0.1405,3,25;8,3,0.1465,0,9
claim-interventional-train-00592	6	0	1	206,154,172,203,24,135,107,208,187,63,194,145,16,28,187,200,52,3,97,15,75,92,121,35,46,42,72,117,139,141,113,85,64,171,150,94	2,5,0.1295,3,123;3,1,0.5945,1,153;3,5,0.0515,3,190;2,3,0.8865,1,208;0,1,0.2605,0,72;0,5,0.6405,0,110
claim-interventional-train-00593	2	0	0	19,204,195,154,59,167,100,12,203,21,82,8,107,122,114,76,117,208,28,89,145,42,212,65,173,72,51,149,130,144,138,35,96,192,168,45	7,2,0.6125,0,44;3,1,0.5135,0,187;2,1,0.3405,3,237;3,0,0.3235,3,246;3,1,0.4255,0,170;1,0,0.5805,3,76
claim-interventional-train-00594	1	1	0	109,91,146,81,112,201,204,66,31,141,139,52,4,123,45,214,82,154,17,185,43,195,201,149,103,153,134,60,211,10,38,120,22,94,69,199	3,0,0.2575,1,251;6,4,0.7875,0,4;3,2,0.4685,0,208;8,0,0.6935,1,34;6,3,0.0885,3,198;2,4,0.6905,0,230
claim-interventional-train-00595	2	0	2	161,132,210,153,94,168,14,141,100,45,84,212,108,173,66,188,114,145,151,81,180,41,117,7,89,124,140,32,34,51,177,23,69,58,19,175	6,4,0.7955,2,113;7,0,0.2305,0,216;2,0,0.4865,0,44;8,2,0.3035,1,51;3,2,0.5675,0,236;3,2,0.9575,0,91
claim-interventional-train-00596	10	2	2	133,138,141,185,100,199,84,18,31,109,69,60,147,185,67,213,184,151,178,38,44,48,118,54,202,80,163,22,184,88,112,125,93,211,5,14	4,4,0.5915,1,54;6,4,0.9635,3,127;5,2,0.7665,0,192;7,2,0.0605,0,244;3,3,0.0755,1,151;4,3,0.4115,0,25
claim-interventional-train-00597	7	3	2	123,160,40,180,163,79,117,90,137,133,110,151,67,187,21,16,148,8,200,211,211,60,45,93,26,116,72,171,144,84,205,36,98,197,57,15	7,5,0.1635,0,189;1,2,0.0015,0,59;8,2,0.6435,3,85;6,2,0.5915,0,73;1,4,0.9595,0,196;2,3,0.2055,3,201
claim-interventional-train-00598	1	1	2	136,146,19,180,204,151,171,60,64,21,55,99,15,161,124,179,213,108,131,42,117,80,84,113,91,153,69,3,173,45,25,36,180,191,141,93	2,5,0.6555,0,116;0,2,0.5685,0,88;6,2,0.0475,0,169;7,2,0.6355,0,192;2,2,0.2455,0,9;3,1,0.0035,0,23
claim-interventional-train-00599	1	1	0	69,102,152,175,112,182,45,184,19,23,171,210,146,149,35,41,51,63,141,92,111,177,204,93,117,130,25,162,78,193,4,12,124,139,84,68	3,2,0.6255,2,245;0,1,0.2505,0,34;2,5,0.9115,0,197;5,2,0.8185,0,187;5,5,0.0835,0,235;3,0,0.7495,0,154
claim-interventional-train-00600	1	0	2	45,118,188,199,34,111,188,134,33,40,66,202,193,94,170,57,151,3,21,123,71,166,140,161,116,13,16,190,77,58,145,84,211,92,141,97	2,3,0.1785,0,251;8,0,0.0015,0,23;8,0,0.4305,2,171;4,2,0.9765,1,227;0,5,0.9855,1,39;2,4,0.9085,0,16
claim-interventional-train-00601	2	1	0	167,205,130,149,209,93,86,42,106,54,4,202,14,100,146,118,67,123,208,182,16,71,63,33,21,138,155,144,213,34,79,45,88,184,190,113	3,4,0.1805,0,32;8,0,0.4725,0,81;5,5,0.6005,2,68;6,4,0.0815,0,243;3,0,0.2845,1,109;2,0,0.5695,3,211
claim-interventional-train-00602	5	2	1	119,4,147,138,67,124,20,112,194,181,84,185,188,21,130,76,214,45,150,31,107,141,176,102,184,42,158,179,89,57,157,59,10,69,37,93	3,0,0.8615,0,149;6,3,0.4215,0,194;8,1,0.6405,0,134;3,2,0.2495,0,88;5,1,0.0195,2,108;3,0,0.4955,0,65
claim-interventional-train-00603	8	3	2	60,151,198,114,21,181,193,208,67,195,180,18,141,56,111,14,134,139,5,30,210,93,148,87,69,154,123,74,120,89,42,195,101,162,37,45	4,4,0.5915,0,157;5,3,0.5725,0,250;7,2,0.6475,0,137;1,5,0.2405,0,82;4,5,0.5335,3,183;2,4,0.6695,0,196
claim-interventional-train-00604	1	1	2	151,112,156,45,203,68,58,72,28,19,166,90,161,117,121,155,132,94,49,81,168,101,3,193,12,83,137,39,163,141,183,109,40,146,180,21	2,2,0.7615,0,118;3,5,0.0665,0,94;0,0,0.9305,3,255;8,1,0.4565,1,130;4,3,0.0165,0,116;0,2,0.3755,0,120
claim-interventional-train-00605	6	1	1	212,53,16,89,209,113,69,200,8,21,84,74,45,43,182,146,108,177,117,182,209,150,25,130,103,126,12,168,63,93,141,139,68,159,156,37	7,2,0.1275,0,192;0,3,0.7075,0,124;4,5,0.8905,0,175;1,2,0.2865,0,143;6,2,0.2635,0,183;5,0,0.6725,0,217
claim-interventional-train-00606	2	1	1	45,85,165,88,50,93,65,10,131,152,21,35,111,28,146,136,170,4,155,174,43,77,69,104,182,150,190,117,162,170,17,141,112,129,58,170	3,0,0.2125,0,100;3,1,0.7625,0,202;1,0,0.3285,0,7;4,3,0.0385,0,108;7,5,0.1285,0,203;8,1,0.1115,0,11
claim-interventional-train-00607	5	1	0	171,64,149,137,116,93,146,180,16,2,57,69,102,45,172,44,201,10,110,86,135,123,31,144,155,76,21,117,91,37,184,200,208,168,61,156	1,0,0.1075,0,216;6,3,0.9865,0,108;8,3,0.0385,0,161;3,4,0.7915,0,40;5,4,0.8935,0,219;2,5,0.3275,3,129
claim-interventional-train-00608	1	1	2	104,146,21,184,51,45,90,129,198,3,67,189,114,107,201,131,41,151,74,183,11,153,176,28,192,83,69,17,117,96,61,38,178,140,157,142	2,1,0.2505,0,225;3,4,0.3415,0,255;2,3,0.7165,0,220;1,1,0.5285,3,84;7,1,0.5735,0,11;8,1,0.8665,1,85
claim-interventional-train-00609	1	3	0	69,170,173,148,157,18,149,21,142,45,79,117,137,25,49,131,156,3,170,62,181,111,64,113,178,203,11,83,93,41,125,39,104,159,164,92	2,1,0.4275,0,255;0,5,0.2525,0,217;0,4,0.1825,0,233;6,1,0.8505,0,218;7,5,0.2365,0,227;4,1,0.2305,1,13
claim-interventional-train-00610	4	1	0	161,152,64,115,45,80,85,175,39,211,60,184,1,125,12,156,135,103,107,57,188,93,19,92,44,69,28,146,149,178,141,21,137,117,178,163	0,2,0.6745,0,162;3,5,0.9225,0,102;8,2,0.1715,0,25;7,3,0.9755,0,141;6,1,0.7315,0,72;4,5,0.3655,0,34
claim-interventional-train-00611	9	2	0	38,45,26,194,147,92,212,178,208,86,117,41,76,128,149,17,133,67,116,58,192,105,57,188,206,197,93,21,108,138,212,5,69,14,141,213	4,4,0.3235,0,18;1,4,0.3595,0,231;8,0,0.6945,0,9;3,4,0.8505,0,152;8,2,0.8005,0,68;7,3,0.5235,0,17
claim-interventional-train-00612	0	3	1	4,65,39,12,88,117,87,153,21,140,150,109,130,191,61,45,69,177,42,124,187,100,204,93,141,54,115,203,18,27,201,210,148,185,214,75	3,2,0.4905,0,89;2,5,0.5965,0,142;5,3,0.2485,0,171;2,5,0.0535,0,51;3,3,0.6265,0,87;3,0,0.8155,0,37
claim-interventional-train-00613	8	1	1	103,43,38,71,67,208,93,186,107,169,14,134,45,201,117,177,199,150,58,146,166,2,78,20,27,140,189,183,83,141,22,51,155,91,126,112	1,4,0.8245,1,62;2,4,0.6735,0,46;2,0,0.7285,2,105;5,1,0.7595,0,168;6,1,0.0775,0,253;5,4,0.8155,0,84
claim-interventional-train-00614	0	3	0	92,149,112,51,193,211,38,21,160,129,178,169,163,100,197,67,135,86,69,14,148,76,45,62,117,43,204,31,141,93,210,107,138,19,4,190	3,4,0.7345,0,240;6,4,0.7645,0,112;2,4,0.6735,0,81;3,4,0.9195,0,138;3,1,0.1975,0,71;8,5,0.5575,0,136
claim-interventional-train-00615	4	1	1	128,69,150,92,186,152,159,109,169,141,120,163,67,99,33,116,166,77,13,52,210,154,61,93,21,17,35,146,44,83,139,164,3,212,45,131	2,3,0.2475,0,224;8,1,0.8025,0,170;3,3,0.7995,0,129;4,1,0.9455,0,45;2,3,0.8815,3,247;7,1,0.6635,0,219
claim-interventional-train-00616	10	0	1	96,64,117,212,8,21,145,173,115,87,194,166,134,16,45,110,140,40,69,39,141,150,88,184,105,25,200,163,61,10,74,56,152,215,183,129	7,0,0.0925,0,20;0,5,0.0005,0,156;7,3,0.1445,0,170;1,5,0.0415,3,39;8,4,0.6205,0,59;8,4,0.9235,0,202
claim-interventional-train-00617	5	2	2	16,34,203,67,79,40,45,21,8,92,117,209,212,151,93,198,69,193,52,124,113,131,200,107,170,11,105,32,147,139,86,179,61,202,141,175	7,1,0.1745,0,213;7,0,0.0525,0,144;3,3,0.7585,0,71;6,4,0.8545,0,122;8,1,0.2885,0,134;3,1,0.7415,0,85
claim-interventional-train-00618	4	1	0	129,211,69,43,141,89,93,21,202,106,171,149,185,204,84,2,45,52,168,176,12,173,34,61,20,120,27,146,134,68,213,137,164,114,75,99	1,2,0.9995,0,147;2,0,0.6805,0,20;3,3,0.9415,0,211;2,2,0.3105,0,151;2,0,0.5535,3,72;8,4,0.2625,0,131
claim-interventional-train-00619	4	1	1	169,52,129,93,173,73,141,87,187,45,203,28,112,135,12,1,42,138,39,109,207,154,205,21,117,72,62,64,104,89,150,191,208,146,202,20	0,2,0.9945,0,144;3,5,0.4015,0,163;3,4,0.1075,3,159;0,5,0.2565,0,227;7,3,0.0805,0,240;8,5,0.4685,0,130
claim-interventional-train-00620	6	1	1	106,66,138,117,146,27,160,35,202,193,57,44,21,73,71,116,175,166,186,160,85,150,63,134,155,141,125,8,15,203,91,189,45,101,93,19	7,5,0.6875,0,30;2,1,0.8395,0,175;8,5,0.5795,2,91;0,3,0.6795,0,124;4,0,0.8345,0,219;4,4,0.5815,0,79
claim-interventional-train-00621	2	3	1	126,3,105,133,45,141,21,158,60,44,12,175,76,108,19,69,176,162,150,202,205,37,148,90,93,167,68,117,184,112,136,52,82,178,176,33	2,2,0.6245,0,139;8,3,0.9545,0,239;3,2,0.9245,0,147;3,0,0.5495,0,142;8,2,0.1135,0,35;5,3,0.1965,0,163
claim-interventional-train-00622	1	0	2	117,215,124,21,132,60,17,176,141,25,65,145,192,12,99,163,89,211,185,180,51,151,137,162,206,45,162,86,71,42,3,114,93,81,34,111	2,2,0.2175,0,109;0,0,0.5035,0,137;2,2,0.2125,2,59;8,4,0.2045,0,215;2,5,0.4015,0,201;3,2,0.3145,0,143
claim-interventional-train-00623	1	0	0	21,47,65,81,30,54,3,123,108,211,16,149,202,117,199,87,60,201,171,159,69,93,142,138,15,170,186,185,99,145,37,90,43,116,131,200	2,5,0.0755,0,99;5,3,0.7045,2,65;5,2,0.3145,0,230;8,5,0.4265,0,4;2,2,0.9625,0,151;2,1,0.5475,1,111
claim-interventional-train-00624	2	0	0	117,62,121,186,141,11,64,170,183,93,69,191,35,86,57,81,137,195,149,199,27,181,1,88,145,154,108,183,115,105,17,42,131,46,206,22	0,1,0.2885,1,192;2,1,0.5595,1,197;8,4,0.1445,0,111;8,4,0.1095,0,134;8,2,0.7855,0,177;0,1,0.2125,0,170
claim-interventional-train-00625	1	0	0	213,5,34,209,179,69,138,76,83,145,21,204,12,134,141,88,102,188,117,93,58,207,111,27,115,68,149,123,45,156,43,162,202,50,19,173	4,2,0.7545,0,173;2,0,0.6055,0,78;1,0,0.8185,0,149;3,1,0.0025,0,244;5,5,0.7995,0,164;2,4,0.4655,0,220
claim-interventional-train-00626	9	0	1	11,5,45,56,84,75,214,69,39,145,150,93,198,62,91,141,41,112,169,136,162,135,210,180,18,100,124,21,213,108,66,179,210,25,193,117	4,1,0.5965,0,21;0,5,0.2845,0,223;7,4,0.4885,0,179;2,2,0.7915,0,121;3,2,0.1675,0,66;3,5,0.1585,0,66
claim-interventional-train-00627	1	1	0	93,172,27,160,117,178,44,102,141,45,195,16,38,69,133,205,179,128,14,108,114,165,146,170,82,21,137,149,152,204,65,63,55,91,7,80	6,4,0.0815,0,128;2,4,0.9105,0,241;6,5,0.2815,0,9;7,0,0.7055,0,49;5,2,0.5275,0,113;7,3,0.2395,0,164
claim-interventional-train-00628	5	0	2	211,206,185,151,31,126,67,112,16,169,145,139,209,90,44,82,141,205,130,9,70,194,21,100,14,73,207,196,93,50,45,120,203,106,38,58	8,4,0.0525,0,84;6,4,0.9025,0,56;1,0,0.6865,1,107;0,0,0.4025,0,200;3,0,0.0845,3,150;5,0,0.6925,0,200
claim-interventional-train-00629	1	3	1	164,192,39,118,210,92,199,59,164,21,42,167,135,16,138,67,93,26,112,150,173,141,178,45,51,6,148,158,199,69,108,11,123,73,83,98	5,1,0.0365,0,156;1,5,0.4095,0,125;2,1,0.7295,0,253;0,1,0.8605,0,250;1,2,0.1175,1,161;2,5,0.4995,0,18
claim-interventional-train-00630	0	3	0	91,205,191,35,45,158,117,76,21,204,149,93,184,173,56,123,3,110,100,27,141,148,14,69,114,209,66,86,202,43,175,17,139,180,130,58	2,4,0.2085,0,115;2,1,0.7465,0,14;7,0,0.5235,0,137;3,4,0.6425,0,141;3,4,0.5585,0,181;2,0,0.6815,0,61
claim-interventional-train-00631	4	1	1	155,129,203,152,140,18,67,205,160,27,210,199,85,76,141,150,93,182,114,21,88,212,47,55,61,70,166,41,117,34,8,15,135,146,100,110	7,5,0.5545,0,51;2,0,0.3715,2,80;6,3,0.6355,1,147;3,3,0.1935,0,19;3,4,0.5195,0,76;8,5,0.9525,0,144
claim-interventional-train-00632	8	3	1	166,109,7,190,126,98,24,115,51,185,203,35,150,205,70,204,137,13,131,188,63,206,86,64,40,47,30,148,209,93,88,119,141,170,19,79	6,3,0.6785,3,40;5,1,0.0695,2,210;2,5,0.0745,1,161;6,4,0.1045,0,24;1,3,0.7875,2,180;5,1,0.2975,0,180
claim-interventional-train-00633	6	2	2	192,53,117,76,204,13,45,151,39,21,137,18,147,1,60,135,152,114,90,163,157,178,82,69,144,31,93,211,175,197,65,128,102,41,159,107	0,3,0.4125,0,162;6,5,0.2785,0,26;4,2,0.3025,0,206;3,0,0.5125,0,99;5,1,0.5075,0,217;7,5,0.2355,3,217
claim-interventional-train-00634	2	2	1	10,64,50,82,183,136,147,185,28,189,135,80,150,166,117,108,115,36,103,158,20,141,69,91,42,59,168,176,201,21,2,173,45,93,127,191	1,0,0.8165,0,63;3,2,0.5925,0,118;1,1,0.0585,0,18;7,0,0.7185,0,25;6,2,0.6685,0,122;6,5,0.1455,0,65
claim-interventional-train-00635	2	2	0	80,135,149,212,141,156,66,117,57,170,93,205,107,159,147,140,28,44,157,48,124,18,155,195,84,21,36,2,173,71,116,61,101,10,153,92	1,0,0.4915,0,91;3,2,0.9055,3,57;8,3,0.4745,2,232;7,2,0.9365,0,78;4,1,0.9105,0,143;3,5,0.9125,0,126
claim-interventional-train-00636	1	1	0	23,138,122,109,146,181,27,56,171,62,118,210,64,101,141,41,174,196,85,93,208,149,4,115,176,45,13,88,73,191,201,16,69,35,188,130	3,3,0.1145,2,34;2,1,0.3705,0,215;7,4,0.0405,0,242;0,3,0.0335,0,112;4,3,0.7605,1,97;1,0,0.4475,0,162
claim-interventional-train-00637	1	0	0	67,198,122,117,17,54,188,185,168,149,14,75,201,3,59,136,91,188,21,199,145,40,111,141,28,210,37,99,85,166,69,116,198,93,45,134	2,4,0.2945,0,57;3,3,0.1515,0,3;5,1,0.7475,0,254;2,3,0.6225,0,154;2,5,0.9965,0,215;1,4,0.0125,0,158
claim-interventional-train-00638	3	0	1	211,171,208,24,41,33,47,73,145,106,5,206,177,182,195,69,136,129,164,180,117,93,62,116,135,150,141,52,20,206,92,82,39,66,13,97	4,3,0.8275,3,20;8,5,0.3275,2,254;3,4,0.4935,0,234;0,0,0.8725,0,220;0,0,0.9975,0,100;8,5,0.1105,0,58
claim-interventional-train-00639	1	1	2	14,140,35,127,91,197,115,133,202,117,196,69,21,93,151,42,67,169,160,86,29,4,109,162,172,197,146,53,171,78,141,59,45,99,185,17	3,4,0.3355,0,135;4,1,0.4235,0,172;4,1,0.7525,0,60;5,4,0.6155,0,231;2,3,0.6605,0,187;6,3,0.8955,0,166
claim-interventional-train-00640	1	0	2	26,15,99,53,168,116,93,69,47,124,135,67,34,203,136,3,21,169,160,203,204,18,151,186,87,182,117,75,62,145,141,174,180,90,106,41	2,5,0.5375,0,80;1,0,0.3655,2,97;4,4,0.7445,0,215;2,5,0.4265,0,58;2,0,0.8125,0,19;3,5,0.0915,0,123
claim-interventional-train-00641	1	0	1	176,21,45,51,197,81,176,86,132,123,162,139,120,12,195,115,111,173,141,67,93,145,17,2,58,100,195,41,38,69,91,28,200,150,200,189	1,2,0.3995,0,87;3,4,0.2015,0,230;2,0,0.6585,0,102;8,4,0.6015,0,129;3,5,0.6815,3,128;2,2,0.7905,0,227
claim-interventional-train-00642	7	0	1	61,206,40,65,113,89,195,17,210,134,171,165,141,84,45,77,21,93,36,169,122,3,164,117,145,150,15,176,137,26,184,101,109,211,69,50	2,5,0.3825,0,109;1,2,0.0925,0,17;1,3,0.2335,0,68;4,2,0.3035,0,42;4,3,0.2605,0,32;1,4,0.2055,0,179
claim-interventional-train-00643	3	0	0	200,52,83,45,12,96,153,195,200,149,141,214,38,40,102,9,67,113,133,157,69,111,117,138,160,145,75,124,189,21,58,33,16,173,206,90	8,2,0.1565,0,6;8,4,0.0145,0,132;3,0,0.7345,0,99;2,1,0.4225,3,239;5,5,0.2915,0,168;3,3,0.5545,0,231
claim-interventional-train-00644	6	3	1	158,92,211,210,93,117,135,7,139,40,19,150,35,199,196,82,202,69,148,68,13,114,107,46,214,58,141,49,121,75,102,180,27,21,176,176	6,3,0.7825,0,237;2,1,0.0105,1,125;0,0,0.8795,0,221;2,0,0.8015,0,223;5,1,0.4245,0,87;0,5,0.6625,0,203
claim-interventional-train-00645	10	3	1	22,7,42,99,12,179,171,150,87,117,136,141,148,212,93,132,48,34,66,69,90,125,215,112,28,204,81,179,192,18,107,58,192,182,55,183	6,2,0.5355,1,11;3,0,0.4315,3,36;6,0,0.5925,0,133;8,5,0.4295,0,151;2,1,0.0425,0,228;4,2,0.1565,0,20
claim-interventional-train-00646	2	3	0	69,93,24,82,179,182,117,200,181,51,136,128,132,58,116,67,88,157,175,45,5,33,203,191,102,178,168,35,43,107,78,12,141,148,20,149	4,2,0.9765,3,178;8,1,0.7135,0,146;2,0,0.7925,0,140;5,0,0.0425,0,170;5,1,0.8335,0,179;7,2,0.0855,0,216
claim-interventional-train-00647	4	1	1	28,110,60,124,57,9,24,100,200,137,69,45,41,117,15,159,188,18,92,141,188,116,93,182,180,35,213,200,186,152,79,134,150,146,86,66	8,5,0.4125,3,224;3,1,0.2375,0,222;8,2,0.5385,0,123;6,4,0.9395,0,164;3,4,0.8225,0,148;3,4,0.3035,0,20
claim-interventional-train-00648	10	1	0	36,106,64,170,72,45,117,173,93,43,190,163,114,187,79,20,122,13,141,149,51,136,134,31,178,160,5,88,100,212,84,146,209,21,163,60	4,3,0.8995,0,225;6,2,0.6255,0,182;2,2,0.1395,3,15;6,2,0.1475,0,228;3,0,0.5355,0,60;1,4,0.1055,0,31
claim-interventional-train-00649	10	2	2	135,83,107,96,21,141,45,202,33,125,52,69,12,103,160,41,152,179,151,176,138,61,16,181,160,1,208,81,112,214,66,147,37,172,90,120	0,2,0.1825,0,233;8,3,0.2615,0,82;3,3,0.4335,0,183;8,1,0.5265,3,110;6,1,0.0185,3,217;4,5,0.5055,0,85
claim-interventional-train-00650	7	0	2	181,14,106,36,44,73,208,181,20,139,69,115,103,135,190,164,208,167,207,2,63,92,151,122,141,93,21,32,145,57,212,45,87,66,153,117	1,4,0.8265,0,57;7,2,0.9085,0,220;8,5,0.4695,0,239;0,5,0.9535,0,239;6,0,0.6055,0,158;1,5,0.6575,0,8
claim-interventional-train-00651	5	3	1	176,205,117,210,113,97,21,153,150,167,206,19,77,42,70,15,83,64,31,45,110,187,133,39,148,91,157,53,155,129,141,139,188,93,59,2	1,5,0.6435,0,89;6,5,0.4785,0,144;4,1,0.1175,1,20;4,1,0.7465,0,76;0,4,0.3165,0,41;8,3,0.7325,0,85
claim-interventional-train-00652	3	0	0	179,177,209,21,58,166,116,119,100,203,77,141,13,137,49,65,210,129,45,205,93,149,109,134,82,28,189,40,4,20,145,92,39,212,177,69	3,3,0.8065,0,130;3,5,0.0725,0,236;0,0,0.2915,0,143;4,0,0.8735,0,248;3,3,0.9895,2,179;8,4,0.2745,0,171
claim-interventional-train-00653	10	1	1	83,126,39,163,21,174,25,78,141,47,169,169,12,51,199,202,43,99,146,114,64,93,20,134,9,191,140,117,207,150,182,207,108,62,69,88	8,2,0.8885,0,170;0,5,0.6135,2,164;2,4,0.0645,0,71;5,1,0.0315,0,242;2,2,0.5875,0,179;5,4,0.9565,0,249
claim-interventional-train-00654	5	1	1	179,97,162,181,163,88,69,45,82,119,93,184,138,77,160,64,3,16,146,205,35,209,191,107,60,12,116,134,150,22,52,201,30,141,127,43	2,2,0.0415,1,102;5,1,0.6955,0,181;3,2,0.1315,0,253;4,0,0.0165,0,32;0,1,0.8455,2,34;6,4,0.5195,0,241
claim-interventional-train-00655	8	0	2	76,83,188,69,116,206,106,190,207,120,145,45,14,132,183,17,27,200,151,21,60,212,137,88,43,162,93,104,6,36,180,67,54,141,123,168	5,4,0.2635,0,152;2,2,0.7755,0,170;5,2,0.7965,0,25;3,1,0.0545,0,130;7,0,0.8115,3,125;2,2,0.3455,0,85
claim-interventional-train-00656	7	2	1	57,15,111,147,139,153,204,16,189,93,21,127,141,213,4,182,164,45,69,134,171,30,117,179,150,205,68,61,78,114,86,182,88,41,98,34	3,5,0.0405,0,215;5,0,0.2295,0,240;8,3,0.9955,0,143;5,4,0.0785,0,117;1,5,0.5645,0,8;6,4,0.7035,0,188
claim-interventional-train-00657	6	3	1	124,117,68,69,21,197,49,214,11,61,7,45,185,186,148,94,20,197,141,202,112,164,82,150,159,139,172,75,111,180,31,130,92,35,43,103	6,1,0.8175,0,112;6,1,0.6105,0,151;0,3,0.8445,0,250;2,0,0.9755,1,194;6,5,0.0785,0,124;3,0,0.6265,0,81
claim-interventional-train-00658	1	3	2	173,161,69,124,108,93,35,132,75,139,11,114,92,98,193,148,193,117,40,141,153,51,82,212,207,9,16,23,63,45,152,198,31,194,67,151	8,1,0.0825,2,39;6,1,0.1565,0,236;2,5,0.7545,0,161;2,0,0.9505,0,25;1,2,0.5415,0,128;3,2,0.6905,0,239
claim-interventional-train-00659	7	2	1	141,111,181,68,164,112,175,74,91,15,200,63,84,132,17,215,154,45,200,54,21,69,172,93,36,120,42,140,121,150,5,147,97,26,202,185	4,5,0.2645,0,158;1,2,0.4495,0,255;5,5,0.9085,0,127;1,2,0.6965,0,220;0,5,0.1885,3,28;0,2,0.8165,0,101
claim-interventional-train-00660	1	1	0	196,14,146,45,99,113,19,184,49,149,108,137,165,39,171,201,134,69,88,215,211,65,41,156,123,31,24,93,166,3,86,75,60,203,141,119	2,4,0.7255,3,34;6,5,0.3355,0,32;0,2,0.2345,0,75;2,4,0.0305,0,142;2,2,0.3145,2,4;2,4,0.3785,0,7
claim-interventional-train-00661	10	0	2	152,44,75,102,215,85,169,33,39,151,135,45,145,89,69,198,2,172,182,141,51,136,198,93,204,117,116,168,122,60,108,18,64,161,21,15	1,5,0.4515,0,42;8,5,0.9305,0,22;2,2,0.1305,0,57;2,3,0.3765,0,191;5,2,0.9355,0,249;1,5,0.1285,0,115
claim-interventional-train-00662	5	2	2	93,151,45,193,212,14,181,85,187,100,59,71,73,208,106,18,26,34,88,4,147,137,50,21,208,189,164,66,186,43,114,135,141,118,156,126	3,4,0.5835,0,193;1,0,0.7095,0,27;1,1,0.4045,2,231;0,3,0.0785,0,114;3,0,0.5845,1,202;5,5,0.3015,0,217
claim-interventional-train-00663	4	1	1	4,69,44,55,93,138,141,158,117,15,29,21,113,91,124,85,48,34,146,167,81,133,171,60,107,193,68,172,214,19,206,175,188,101,150,209	3,5,0.6285,0,249;4,0,0.8915,3,157;6,2,0.8725,0,178;8,3,0.6895,0,135;4,1,0.3895,0,12;3,3,0.5645,0,241
claim-interventional-train-00664	10	1	1	115,193,14,45,52,64,158,204,30,167,60,21,70,86,198,36,6,92,117,18,188,130,99,155,124,42,93,146,139,111,150,141,77,179,206,207	5,4,0.4345,0,8;5,2,0.5655,0,166;3,2,0.0395,1,61;4,4,0.9085,0,240;2,5,0.7115,0,60;3,0,0.7635,0,153
claim-interventional-train-00665	10	1	2	206,95,151,101,117,19,87,69,63,64,53,173,37,180,211,134,196,45,141,14,2,28,88,204,108,114,188,193,42,21,158,177,125,140,146,77	1,4,0.7275,0,13;3,3,0.5695,0,14;4,5,0.1775,0,183;4,5,0.0125,2,152;4,2,0.5435,0,30;4,4,0.9845,0,201
claim-interventional-train-00666	10	1	0	195,15,74,108,31,157,45,183,116,93,65,149,101,141,146,210,159,170,82,62,129,183,90,44,69,177,18,170,134,39,138,199,53,9,117,21	8,5,0.4995,0,93;6,5,0.8615,0,95;4,4,0.2685,0,216;1,0,0.5975,0,53;4,2,0.8375,0,132;8,4,0.5925,0,215
claim-interventional-train-00667	9	3	1	191,152,60,67,93,182,84,134,205,148,164,8,69,103,150,117,189,116,21,20,161,76,178,27,88,13,124,51,160,138,40,45,108,141,178,35	7,3,0.9665,0,198;2,1,0.0345,0,137;2,2,0.6365,0,210;3,2,0.1355,0,53;6,2,0.9355,0,201;3,4,0.4075,0,4
claim-interventional-train-00668	4	1	0	39,56,59,101,146,4,87,139,207,40,194,129,109,178,116,73,119,141,203,175,94,169,210,91,149,68,69,197,20,132,192,13,21,46,182,32	3,3,0.8825,0,167;7,5,0.0645,1,139;7,1,0.8965,0,24;0,5,0.6975,1,141;4,3,0.8995,2,28;8,2,0.6845,0,127
claim-interventional-train-00669	10	1	1	62,35,194,179,5,66,157,141,153,11,139,69,32,79,100,44,110,50,202,211,169,94,168,150,162,86,16,21,146,45,88,120,129,135,155,114	4,1,0.0585,0,153;7,1,0.8445,0,63;1,4,0.4545,0,134;6,4,0.1585,1,223;3,4,0.4655,3,42;8,5,0.7695,0,98
claim-interventional-train-00670	10	0	0	12,54,88,141,211,93,188,160,41,145,59,123,21,64,176,163,133,149,187,164,69,117,101,156,181,197,136,79,36,109,9,31,84,45,116,17	8,2,0.3785,0,122;6,2,0.2235,0,209;5,1,0.1715,0,38;6,2,0.0115,0,209;4,3,0.8275,0,58;2,3,0.1415,0,242
claim-interventional-train-00671	10	3	2	104,148,39,89,180,156,45,159,21,133,205,96,193,141,65,27,117,40,179,107,139,3,173,78,59,196,212,116,52,18,14,87,151,69,129,168	2,4,0.5765,0,7;2,5,0.0045,0,48;3,1,0.2055,0,57;5,5,0.2115,3,209;7,1,0.9135,0,72;8,3,0.7745,0,53
claim-interventional-train-00672	1	3	0	120,189,103,210,44,39,87,14,115,149,141,135,106,57,148,123,90,16,21,173,165,213,64,69,206,45,140,177,58,7,188,201,201,31,74,96	6,4,0.1185,0,180;6,5,0.8165,0,248;8,0,0.0425,0,75;1,5,0.5105,3,165;6,0,0.7455,3,171;2,5,0.9525,0,134
claim-interventional-train-00673	6	0	1	45,125,162,150,107,206,83,73,145,93,165,203,69,162,184,92,97,179,133,6,65,115,49,117,16,40,201,14,154,21,25,207,58,39,144,138	5,4,0.0215,0,150;0,5,0.1845,0,223;0,0,0.3485,0,193;0,1,0.8065,0,165;0,1,0.7715,0,74;4,3,0.5745,3,189
claim-interventional-train-00674	8	3	1	54,30,20,150,194,66,106,183,69,22,89,9,93,148,116,208,212,121,83,138,210,99,39,152,131,62,182,75,117,177,40,141,192,45,15,196	8,5,0.8215,1,116;5,5,0.0075,0,216;5,4,0.4135,0,236;2,1,0.3975,0,29;2,0,0.9965,0,218;0,1,0.4935,0,163
claim-interventional-train-00675	7	0	1	109,201,145,166,54,214,209,164,61,130,101,35,82,196,45,89,25,179,73,165,69,93,15,2,21,18,138,115,117,64,210,122,41,150,202,141	1,5,0.5625,0,195;0,1,0.3275,0,193;5,3,0.0945,0,194;0,0,0.2345,0,123;4,3,0.7655,0,203;1,0,0.5385,0,212
claim-interventional-train-00676	1	3	2	151,152,24,58,45,194,2,128,109,185,15,136,72,132,112,117,76,39,43,209,27,174,54,206,159,143,68,89,197,19,203,191,93,99,148,82	1,5,0.6565,3,83;2,5,0.6675,0,165;5,0,0.9265,3,113;3,0,0.3565,0,18;2,3,0.1895,0,14;7,2,0.0395,2,124
claim-interventional-train-00677	1	3	2	166,41,86,11,62,165,74,168,132,20,148,175,151,45,141,21,191,205,161,3,65,31,167,99,111,117,122,90,39,71,204,136,93,113,49,166	2,1,0.8625,0,89;6,5,0.2735,0,165;0,4,0.2735,2,47;1,4,0.4785,0,225;2,5,0.2545,0,92;1,2,0.1085,0,242
claim-interventional-train-00678	7	2	0	197,98,197,67,166,18,114,134,183,46,12,87,149,60,31,72,125,137,40,195,74,93,108,175,206,147,56,91,203,4,193,21,209,141,35,117	3,2,0.5115,0,161;6,1,0.1395,1,14;7,2,0.6045,3,216;1,5,0.6155,0,186;1,2,0.5025,0,192;4,4,0.2885,0,168
claim-interventional-train-00679	10	0	2	141,61,44,95,154,90,86,26,151,45,206,53,131,103,20,177,75,21,207,145,124,117,138,161,64,159,178,70,181,173,9,106,113,175,34,14	8,4,0.9375,0,130;1,0,0.8875,0,199;4,3,0.1275,1,72;2,4,0.4155,2,225;6,0,0.3385,0,151;3,1,0.4215,0,243
claim-interventional-train-00680	9	0	1	93,117,104,183,29,57,170,45,64,204,169,180,171,86,183,12,150,111,2,131,155,185,69,140,90,145,43,21,34,114,193,129,141,20,61,75	1,2,0.9435,0,7;4,0,0.7975,0,175;8,3,0.0535,0,176;2,4,0.4655,0,173;7,5,0.4235,0,225;8,1,0.8195,0,246
claim-interventional-train-00681	10	3	2	114,169,20,52,77,163,123,39,133,154,210,64,12,166,58,151,171,41,177,152,148,9,107,144,88,179,93,137,84,45,21,31,97,185,70,117	8,2,0.9095,0,80;6,5,0.2605,0,254;3,0,0.1785,1,74;4,2,0.0885,0,236;0,1,0.4325,0,255;2,3,0.3075,3,105
claim-interventional-train-00682	6	3	0	63,66,34,148,15,32,117,198,48,168,139,122,93,209,111,161,172,102,131,42,21,88,204,173,83,69,114,9,49,75,201,193,141,16,149,215	8,5,0.0015,0,189;7,0,0.5355,3,174;0,5,0.5685,0,33;2,1,0.0575,0,92;5,5,0.4045,0,126;1,1,0.7565,0,194
claim-interventional-train-00683	3	0	2	38,197,145,45,151,211,93,51,72,122,195,82,14,90,198,110,17,43,131,79,114,170,27,136,182,2,191,21,67,187,117,169,100,189,62,141	1,4,0.3675,0,33;2,4,0.6555,0,80;2,4,0.7665,3,252;6,0,0.4605,0,108;3,4,0.4825,0,110;1,1,0.1745,0,127
claim-interventional-train-00684	2	3	2	69,215,82,156,200,123,141,62,162,130,42,186,25,196,14,178,99,34,119,9,196,79,148,21,45,213,90,93,139,64,158,151,107,51,115,17	8,4,0.3435,0,211;0,0,0.5955,0,182;2,4,0.0435,0,90;6,0,0.4215,0,229;2,1,0.7935,2,89;2,0,0.7245,0,92
claim-interventional-train-00685	2	3	0	149,111,160,21,45,138,171,141,207,214,53,159,148,101,156,158,75,68,96,69,87,3,203,130,16,58,157,184,36,127,13,114,28,89,42,117	2,3,0.0775,0,191;3,2,0.4895,0,77;4,0,0.9185,0,159;2,5,0.3705,3,251;4,5,0.4025,0,159;6,0,0.4965,0,28
claim-interventional-train-00686	6	0	2	66,82,113,180,170,121,48,3,130,206,189,117,171,31,78,13,185,140,192,93,37,97,69,49,109,170,61,89,173,143,151,17,145,44,21,176	2,3,0.2215,0,131;6,3,0.9365,3,246;0,3,0.5745,0,246;5,0,0.2645,0,189;0,3,0.3335,0,243;0,0,0.9825,2,89
claim-interventional-train-00687	1	3	1	155,170,34,135,21,41,163,117,115,52,3,172,108,45,13,199,136,75,58,204,69,213,66,124,19,150,213,93,92,148,82,102,26,185,158,141	2,3,0.7095,0,36;1,0,0.3095,0,75;3,0,0.4115,0,1;2,0,0.9935,0,195;5,2,0.6005,0,29;3,5,0.0105,0,89
claim-interventional-train-00688	3	0	0	2,167,149,131,46,145,21,119,90,40,27,76,93,87,177,35,141,212,59,213,194,182,105,152,69,50,10,121,167,64,107,177,138,112,19,202	1,0,0.7595,0,233;2,1,0.0175,1,213;1,1,0.1645,0,226;3,5,0.5095,0,113;8,1,0.0255,2,124;0,1,0.5685,0,164
claim-interventional-train-00689	1	0	1	37,117,183,187,178,66,91,141,116,186,27,137,69,168,106,93,150,7,105,135,126,145,188,200,14,45,21,58,189,75,19,51,43,86,182,215	6,4,0.6895,0,36;2,3,0.6695,0,127;2,0,0.5495,0,66;2,4,0.7365,0,120;8,0,0.8535,0,14;5,5,0.2375,0,48
claim-interventional-train-00690	10	1	1	81,161,4,119,138,23,53,211,180,205,143,161,150,196,45,146,202,29,35,133,106,69,169,184,19,84,185,93,115,60,12,123,40,67,98,91	3,2,0.6725,2,142;4,1,0.1285,0,67;4,2,0.7625,0,138;8,2,0.6685,0,36;1,0,0.6115,2,96;2,3,0.5005,2,207
claim-interventional-train-00691	5	3	2	62,192,21,20,168,186,190,151,79,140,141,132,15,111,7,205,127,39,26,98,148,41,199,93,208,118,82,88,112,54,210,45,69,66,155,205	6,5,0.8175,0,215;1,5,0.3545,0,117;5,4,0.5305,0,209;6,0,0.1505,0,181;1,5,0.0435,1,197;6,2,0.8845,0,58
claim-interventional-train-00692	4	1	2	62,31,196,160,175,185,124,142,210,67,106,194,215,69,151,92,113,76,93,4,132,98,45,41,146,161,140,24,117,195,86,20,38,15,50,209	3,5,0.9155,3,48;6,4,0.2585,0,53;1,4,0.7895,0,114;3,4,0.9825,0,203;1,0,0.3845,0,198;3,2,0.8465,1,27
claim-interventional-train-00693	7	1	2	21,50,165,94,166,103,131,42,115,47,165,157,161,19,173,170,75,137,158,141,12,84,4,151,61,107,34,156,117,33,69,163,146,128,88,68	3,2,0.6595,0,85;8,0,0.5545,2,153;1,3,0.8185,0,200;2,2,0.1345,1,31;6,1,0.7785,0,24;7,1,0.3455,0,60
claim-interventional-train-00694	9	0	0	101,37,139,172,199,164,145,14,75,42,92,69,45,190,86,174,117,173,181,63,128,56,93,208,18,202,29,170,68,149,132,114,106,4,24,141	3,4,0.5515,3,208;4,3,0.4455,0,246;7,5,0.8225,0,36;2,4,0.9915,0,137;4,0,0.5145,0,106;7,2,0.7535,0,139
claim-interventional-train-00695	0	3	0	109,148,69,65,12,21,135,171,179,112,45,139,205,102,96,44,200,167,28,7,149,117,60,74,83,35,210,124,141,196,56,18,167,215,177,92	6,2,0.4165,0,132;3,1,0.9125,0,245;7,2,0.2385,0,81;1,1,0.8925,3,166;5,3,0.1685,0,194;3,5,0.7065,0,242
claim-interventional-train-00696	6	0	0	43,149,145,75,55,173,176,203,85,97,141,199,36,21,69,94,66,88,16,205,177,207,115,178,133,188,13,200,140,32,7,129,117,111,45,62	6,3,0.1385,0,194;7,2,0.6225,0,237;6,4,0.4485,0,204;2,3,0.0635,1,185;0,5,0.6535,0,178;8,3,0.8205,0,104
claim-interventional-train-00697	7	0	2	213,96,45,178,206,91,107,14,141,190,21,151,145,102,16,3,42,127,138,35,132,184,119,112,158,67,174,27,50,86,196,192,207,61,69,77	2,4,0.0055,0,202;2,1,0.4965,0,140;1,3,0.6745,0,201;4,4,0.7305,3,119;5,1,0.1685,2,42;6,2,0.4885,0,69
claim-interventional-train-00698	8	1	2	85,141,20,74,69,146,21,109,99,114,26,176,93,12,154,55,89,171,117,42,37,163,126,64,174,213,8,175,151,183,140,215,197,135,63,45	7,2,0.9515,0,125;1,3,0.4975,0,214;6,5,0.0085,0,78;1,3,0.3225,0,101;2,3,0.5045,0,242;5,5,0.9045,0,42
claim-interventional-train-00699	9	0	0	62,99,69,130,8,21,94,139,178,180,141,108,160,149,124,113,37,33,44,64,145,117,88,174,208,82,45,75,209,51,214,205,15,19,205,209	7,5,0.6435,0,179;8,3,0.9435,0,196;2,4,0.0145,0,104;2,0,0.0815,1,35;2,2,0.3125,0,186;3,0,0.6965,0,248
claim-interventional-train-00700	0	3	2	195,20,95,47,11,120,38,49,148,100,112,63,21,130,65,143,162,109,201,161,153,4,139,160,88,165,205,151,123,75,32,41,85,72,197,167	3,1,0.8015,0,122;7,4,0.2875,2,157;0,5,0.2755,3,44;2,3,0.0625,2,78;3,3,0.0675,3,217;2,0,0.6345,2,96
claim-interventional-train-00701	1	0	0	88,145,51,59,207,207,162,21,69,14,113,160,84,139,27,164,4,123,20,93,149,157,141,45,210,35,209,66,117,75,109,134,103,200,40,195	3,4,0.8605,0,227;2,1,0.1185,0,170;2,1,0.4925,0,43;2,2,0.1575,0,233;6,3,0.3035,0,174;2,4,0.6315,0,59
claim-interventional-train-00702	7	3	1	72,189,116,26,192,68,108,198,39,131,19,157,93,2,57,77,140,164,160,141,150,59,129,117,148,88,87,99,184,45,21,160,13,173,40,208	1,3,0.6435,0,177;1,5,0.0565,0,59;8,1,0.8685,3,191;4,5,0.1765,0,116;2,2,0.8115,0,49;8,1,0.9605,0,168
claim-interventional-train-00703	1	0	1	7,132,10,145,169,141,93,107,138,21,55,31,89,184,117,202,128,215,87,19,150,189,214,168,45,162,69,75,67,62,40,171,100,34,198,114	6,0,0.7125,0,190;6,0,0.1915,0,143;6,4,0.7605,0,251;2,5,0.3265,0,43;3,1,0.5855,0,0;7,2,0.4285,0,132
claim-interventional-train-00704	9	0	0	149,24,69,16,59,215,134,190,93,206,214,145,36,213,116,106,41,48,85,184,53,27,4,187,91,136,122,100,66,141,80,176,10,178,120,199	3,0,0.0095,3,215;2,2,0.3255,3,234;4,1,0.5405,0,17;7,3,0.7505,0,158;3,0,0.9885,3,174;1,4,0.1595,0,148
claim-interventional-train-00705	9	3	0	93,149,185,197,45,21,192,18,212,184,166,43,197,164,170,83,76,99,13,119,139,89,35,169,8,62,141,122,69,148,67,49,112,27,107,130	7,3,0.4835,0,206;2,1,0.7595,0,224;0,4,0.6125,0,131;3,1,0.2615,0,99;2,1,0.1425,2,134;1,0,0.6275,0,216
claim-interventional-train-00706	5	0	1	31,69,76,215,54,37,14,119,184,21,208,9,183,145,136,89,95,131,116,19,163,68,85,177,42,206,101,141,45,172,205,153,108,58,150,123	8,4,0.7435,0,73;6,3,0.4375,0,82;5,0,0.9275,0,85;3,3,0.2515,2,235;4,2,0.8735,2,212;2,1,0.1535,0,187
claim-interventional-train-00707	10	0	0	75,163,62,86,149,21,38,132,45,43,185,108,116,169,192,138,103,56,176,193,9,165,184,143,29,19,170,13,179,88,65,145,117,93,124,69	8,3,0.6825,0,82;4,4,0.6025,0,222;7,4,0.3835,0,159;2,4,0.0835,0,113;6,2,0.9325,0,126;3,2,0.4485,2,42
claim-interventional-train-00708	1	3	2	209,21,207,86,137,98,210,16,110,3,179,122,135,213,69,38,45,12,88,151,176,75,51,148,168,63,187,93,141,115,163,120,27,66,197,41	2,2,0.0975,0,138;2,4,0.3235,0,175;2,5,0.5065,0,57;2,4,0.1375,0,86;1,4,0.6305,3,163;1,5,0.3425,0,167
claim-interventional-train-00709	6	3	2	171,148,104,128,117,21,152,1,113,141,182,192,207,27,131,157,151,111,163,35,211,69,64,63,190,13,20,139,189,76,42,93,84,50,48,90	0,3,0.9025,0,25;2,1,0.4685,3,175;1,5,0.1425,0,129;3,2,0.4475,0,187;7,5,0.3955,0,55;7,1,0.7935,0,150
claim-interventional-train-00710	6	3	1	193,191,61,34,69,95,41,167,45,131,168,66,144,169,21,6,116,210,49,90,150,175,84,73,148,177,25,120,106,152,123,13,17,194,99,137	5,3,0.3815,0,237;0,0,0.3665,0,171;0,3,0.4225,0,109;0,2,0.4985,2,96;2,0,0.9655,3,165;2,1,0.2155,3,243
claim-interventional-train-00711	1	0	1	176,75,163,102,19,29,181,11,137,204,197,213,130,191,106,42,116,172,21,45,163,118,65,3,123,145,188,59,150,34,90,93,85,141,69,49	2,1,0.6285,0,44;4,0,0.5405,0,243;0,1,0.3495,0,154;2,3,0.4285,0,237;5,0,0.9115,1,231;2,0,0.3715,0,50
claim-interventional-train-00712	10	3	2	175,198,116,195,35,214,21,18,148,110,82,101,54,200,67,74,89,45,71,195,138,141,4,202,31,121,215,174,176,117,41,130,93,58,151,14	3,4,0.5805,0,62;6,1,0.2825,0,219;5,0,0.6915,2,201;1,0,0.3995,0,107;4,4,0.8655,0,98;0,0,0.4715,0,21
claim-interventional-train-00713	10	3	2	208,92,158,159,83,204,117,134,9,140,171,70,123,191,93,151,104,206,106,45,16,21,207,40,203,114,63,65,163,81,148,144,13,37,29,56	8,3,0.1125,0,9;4,3,0.0505,0,97;7,5,0.3235,1,43;8,1,0.8465,0,78;7,0,0.4555,0,154;2,4,0.8475,3,89
claim-interventional-train-00714	10	0	0	214,90,50,73,2,69,201,25,106,48,185,193,188,162,65,138,200,114,149,85,16,60,129,35,43,94,211,141,12,24,105,120,133,157,190,145	1,2,0.0905,3,109;0,1,0.6215,3,19;1,2,0.3445,0,199;0,3,0.5225,1,21;8,0,0.4445,3,86;8,3,0.5785,0,111
claim-interventional-train-00715	5	3	1	141,180,58,210,17,102,160,74,40,192,13,136,113,7,117,48,186,69,124,21,189,164,55,106,150,33,93,65,166,134,148,211,37,89,207,83	6,3,0.2225,0,19;8,3,0.0855,3,211;6,0,0.2345,0,24;1,1,0.3585,0,20;5,0,0.3435,0,80;3,4,0.1735,0,245
claim-interventional-train-00716	7	0	0	107,68,192,188,149,192,200,37,90,139,26,104,19,173,193,188,159,21,126,2,72,115,142,130,44,77,85,117,52,45,145,156,177,94,59,12	1,2,0.7765,0,116;1,3,0.9655,0,255;3,1,0.8425,3,70;4,3,0.5465,1,79;7,1,0.6085,0,152;5,0,0.7635,1,88
claim-interventional-train-00717	10	3	2	9,168,93,130,212,143,117,210,165,163,92,178,29,121,86,52,180,39,16,66,148,44,151,62,108,101,153,13,138,21,77,45,188,190,113,69	8,3,0.0275,0,123;4,5,0.8905,0,24;3,4,0.5895,0,210;4,4,0.9335,0,64;4,2,0.3305,0,121;0,0,0.4025,2,218
claim-interventional-train-00718	4	1	0	117,167,113,149,88,146,93,137,87,55,69,13,213,44,124,185,165,197,192,173,156,106,45,134,27,75,18,35,141,4,63,68,152,160,21,102	3,3,0.4115,0,48;2,1,0.9125,0,237;6,5,0.9915,0,5;2,5,0.1145,0,147;5,0,0.3695,0,78;3,4,0.3665,0,39
claim-interventional-train-00719	3	0	1	17,195,191,140,110,54,145,45,13,41,29,206,205,169,198,58,117,150,141,78,99,86,96,135,181,91,209,21,181,68,124,69,113,153,35,7	6,3,0.3035,0,178;4,1,0.3315,0,53;5,0,0.9825,0,31;5,4,0.6535,3,17;2,4,0.2585,0,186;3,5,0.8335,0,186
claim-interventional-train-00720	9	0	1	199,121,150,87,26,145,45,72,36,110,187,21,168,75,64,164,18,192,185,161,113,204,91,56,58,141,8,43,183,100,134,93,158,117,138,15	7,5,0.4365,0,207;1,2,0.6065,0,230;7,0,0.0905,3,50;2,5,0.7915,0,49;3,4,0.3215,0,96;0,4,0.5875,0,54
claim-interventional-train-00721	6	3	2	67,212,106,186,196,58,16,77,51,212,14,93,21,7,104,176,83,118,115,209,48,138,134,91,35,153,162,153,121,43,172,151,148,141,69,32	6,4,0.1285,0,176;7,1,0.7515,3,178;2,0,0.7295,0,225;4,1,0.6775,0,48;7,0,0.7515,1,184;0,4,0.4435,0,81
claim-interventional-train-00722	6	0	1	159,82,49,45,111,207,192,165,38,113,81,91,190,117,99,141,62,161,137,69,211,19,6,41,93,67,13,170,130,127,150,145,178,21,183,28	5,3,0.6405,0,30;3,4,0.2165,0,72;0,4,0.7825,0,69;8,0,0.6885,0,238;2,5,0.3225,0,211;6,0,0.3215,0,97
claim-interventional-train-00723	5	2	0	149,42,157,178,137,172,169,86,45,63,22,52,35,185,178,89,67,17,141,147,112,79,111,93,117,121,11,166,100,135,201,208,199,7,31,69	6,1,0.2405,1,219;6,1,0.4735,0,25;3,5,0.6905,0,26;6,4,0.2285,0,73;3,5,0.0145,0,226;0,5,0.2425,0,168
claim-interventional-train-00724	5	2	2	173,208,69,88,178,93,131,45,42,20,56,13,202,180,87,60,190,116,7,140,151,66,200,117,21,188,78,183,110,141,28,173,121,102,37,147	6,3,0.8285,0,138;3,3,0.4275,0,214;7,2,0.4815,0,90;5,5,0.1935,0,106;5,4,0.8845,0,175;0,1,0.8965,0,17
claim-interventional-train-00725	10	1	1	81,150,133,153,193,69,45,39,141,33,214,4,190,180,139,190,64,121,93,16,98,21,204,82,208,120,108,114,13,63,42,146,91,206,163,50	3,3,0.1185,0,203;8,5,0.5605,0,204;1,5,0.0055,0,104;8,0,0.6155,0,123;1,2,0.4165,3,250;0,3,0.6095,0,14
claim-interventional-train-00726	0	3	0	140,13,82,199,96,213,69,159,17,45,117,212,134,4,52,76,21,115,108,175,124,148,34,66,89,204,99,141,149,167,202,28,63,203,174,41	3,3,0.2325,0,185;3,0,0.2645,0,232;3,5,0.5505,0,27;3,0,0.3205,3,121;2,2,0.7475,0,208;3,4,0.9775,0,144
claim-interventional-train-00727	3	0	1	2,59,145,180,29,10,141,49,174,111,140,41,20,184,179,69,37,210,200,21,93,76,45,92,68,215,120,97,133,87,152,150,197,129,114,186	1,0,0.9145,0,65;4,3,0.2525,0,231;0,1,0.8515,0,156;3,5,0.8595,0,127;0,5,0.4285,3,136;8,3,0.8895,0,111
claim-interventional-train-00728	5	3	2	161,201,210,47,119,21,122,201,158,89,151,65,106,20,153,148,76,135,69,28,7,93,42,182,142,113,158,82,138,39,61,203,190,50,14,97	6,4,0.9095,0,155;3,5,0.4285,2,11;1,3,0.3925,0,8;3,0,0.2865,0,193;0,0,0.2525,2,255;1,5,0.5455,1,106
claim-interventional-train-00729	3	0	1	93,162,14,18,197,160,123,40,4,21,65,117,134,138,74,209,103,141,180,113,150,90,45,39,69,110,86,145,201,30,205,195,54,154,60,185	3,4,0.5005,0,0;5,5,0.0085,0,117;5,2,0.2755,0,1;1,4,0.4075,0,247;6,4,0.3985,0,243;2,4,0.4645,0,152
claim-interventional-train-00730	2	3	1	180,131,49,35,93,114,19,186,68,41,150,21,166,117,171,189,148,182,27,10,77,110,141,163,59,138,191,69,98,197,9,83,171,45,123,89	8,0,0.6345,0,6;2,1,0.3115,0,34;0,1,0.8465,0,219;4,1,0.3645,0,248;1,4,0.4285,0,79;2,1,0.5645,0,149
claim-interventional-train-00731	9	3	1	33,88,211,75,140,65,148,212,41,158,35,188,8,60,45,130,11,186,110,101,21,51,150,20,70,118,129,204,157,143,96,113,173,158,83,160	7,1,0.9185,0,115;8,1,0.3915,0,212;2,2,0.3295,1,70;2,1,0.0155,3,172;4,4,0.3455,1,144;8,0,0.8105,2,86
claim-interventional-train-00732	9	1	0	186,40,152,128,51,60,163,87,7,117,184,45,183,146,99,141,201,149,69,12,25,75,112,88,68,188,187,106,181,139,16,24,210,93,134,36	6,2,0.0505,3,232;0,2,0.0025,0,52;2,2,0.9705,0,71;2,5,0.1575,0,249;2,0,0.1065,0,107;7,4,0.6325,0,56
claim-interventional-train-00733	1	0	0	117,69,34,145,204,64,169,195,93,12,149,43,74,140,205,101,33,189,109,160,194,123,9,134,116,52,174,215,23,201,60,45,16,141,87,89	8,2,0.0985,2,179;8,0,0.7685,0,95;3,2,0.1615,0,177;1,5,0.2735,0,196;4,3,0.8505,0,245;2,4,0.8375,0,180
claim-interventional-train-00734	1	0	0	93,183,57,134,149,169,68,100,75,15,19,106,61,45,138,196,188,127,164,6,145,195,84,112,141,211,193,69,117,23,157,43,26,158,91,37	5,5,0.6835,2,172;1,3,0.6735,0,142;8,3,0.9045,0,56;2,2,0.6855,0,139;3,0,0.0635,0,159;6,4,0.4345,0,249
claim-interventional-train-00735	7	2	1	64,21,157,134,34,141,147,197,140,180,25,69,117,183,73,205,122,204,5,103,93,53,115,150,168,17,163,86,90,58,155,12,111,41,184,45	4,2,0.2995,0,80;0,0,0.3005,0,23;4,0,0.0345,0,171;0,4,0.5805,0,106;6,5,0.7135,0,224;1,4,0.8815,0,40
claim-interventional-train-00736	5	0	1	194,93,115,78,141,180,165,58,193,43,107,21,90,131,215,29,45,127,65,100,85,117,196,19,156,140,163,145,157,150,7,38,155,14,69,55	6,4,0.7715,0,193;4,4,0.7305,0,219;6,0,0.3475,0,45;5,3,0.4035,0,92;3,1,0.7475,0,40;6,1,0.9895,0,93
claim-interventional-train-00737	6	3	2	85,153,100,6,69,112,213,17,12,193,141,111,93,155,153,24,117,181,187,56,46,160,88,121,151,35,148,157,66,140,73,42,133,25,63,202	5,2,0.3265,3,212;0,1,0.4235,1,122;7,5,0.4435,0,230;0,3,0.0665,0,24;3,5,0.0135,0,34;0,3,0.9475,0,49
claim-interventional-train-00738	7	1	0	149,106,44,26,18,88,141,131,204,10,215,162,74,214,21,97,64,85,175,56,190,146,38,93,3,45,69,156,215,187,203,60,117,127,112,139	2,0,0.4495,0,159;1,4,0.9205,0,21;7,2,0.1225,0,125;1,3,0.1975,0,179;0,0,0.0445,0,127;6,1,0.6955,0,193
claim-interventional-train-00739	7	1	0	137,146,142,91,161,100,82,123,203,2,74,26,108,176,45,49,190,113,16,192,42,65,117,215,39,94,149,13,23,135,156,165,210,63,209,70	1,3,0.1305,2,148;1,5,0.5915,0,100;0,5,0.3475,1,180;1,0,0.7985,1,146;3,2,0.3415,0,229;2,5,0.3545,1,19
claim-interventional-train-00740	9	1	0	92,122,146,194,106,33,199,45,194,210,9,187,117,67,141,41,61,79,169,184,37,191,56,18,69,84,105,139,149,93,112,154,189,132,22,13	8,3,0.4745,1,41;8,3,0.3885,0,196;7,3,0.7535,0,216;6,2,0.9985,0,164;8,0,0.1845,0,99;1,2,0.7885,0,93
claim-interventional-train-00741	10	3	0	118,40,149,45,9,140,142,193,210,161,114,56,81,156,38,134,61,21,156,83,90,30,13,19,207,192,101,152,95,193,176,69,127,64,108,148	8,3,0.7985,0,121;5,4,0.0725,0,21;7,3,0.0895,0,84;8,1,0.5855,2,133;4,2,0.5595,1,63;6,4,0.8235,1,102
claim-interventional-train-00742	0	3	1	21,91,69,137,76,67,172,135,186,155,162,37,148,208,46,115,41,162,160,109,100,117,200,59,14,127,17,150,154,28,51,198,2,141,85,93	1,4,0.2125,0,167;3,3,0.2025,1,33;2,1,0.7395,0,253;3,3,0.7385,0,234;3,3,0.6845,0,128;6,5,0.2855,0,170
claim-interventional-train-00743	2	0	0	140,118,145,149,45,201,92,81,123,154,169,69,157,19,198,141,53,130,105,44,36,28,207,58,93,185,6,83,180,12,189,214,113,67,107,21	5,2,0.6005,0,238;3,2,0.9335,0,178;4,0,0.7695,0,4;8,1,0.9655,0,232;8,1,0.2035,1,204;2,0,0.8375,0,204
claim-interventional-train-00744	4	1	1	180,183,107,21,69,4,113,146,212,32,167,60,86,15,75,93,141,163,180,208,105,90,44,17,49,165,126,210,133,67,162,150,138,120,47,35	3,5,0.2465,0,137;7,1,0.8985,2,159;0,2,0.7515,0,150;2,4,0.5675,0,203;8,1,0.2395,3,45;5,3,0.5435,0,94
claim-interventional-train-00745	2	0	1	161,201,34,43,174,183,136,194,145,117,93,214,91,200,2,124,114,199,69,130,13,59,30,67,99,18,80,45,82,24,106,190,141,49,150,178	1,3,0.5595,3,243;5,0,0.6315,0,20;0,1,0.7575,0,14;7,0,0.6445,0,83;2,0,0.5635,0,232;3,0,0.0685,0,139
claim-interventional-train-00746	4	1	1	184,199,52,117,176,146,106,171,89,11,141,76,64,99,69,58,192,211,116,196,45,35,124,93,24,150,27,209,163,42,3,136,177,85,19,132	2,1,0.7875,3,136;2,1,0.5575,0,83;3,0,0.1545,0,234;3,3,0.3855,0,88;2,0,0.8535,0,152;3,2,0.0845,0,190
claim-interventional-train-00747	5	2	2	52,105,136,172,169,185,124,110,32,199,187,115,87,4,141,204,163,117,88,14,45,74,38,59,147,166,67,21,40,17,199,201,151,69,93,133	3,4,0.2795,0,53;7,4,0.1335,0,28;3,1,0.6465,0,114;1,5,0.0995,0,49;8,4,0.7695,0,131;3,3,0.1645,0,240
claim-interventional-train-00748	5	1	1	164,178,69,106,174,117,156,198,144,128,99,176,21,130,10,3,18,88,150,206,189,45,67,53,94,137,44,62,73,84,31,39,116,210,201,146	2,0,0.4495,0,83;6,5,0.8815,0,247;4,4,0.7495,0,3;0,2,0.0635,1,52;2,0,0.8785,0,233;7,0,0.3405,3,19
claim-interventional-train-00749	9	3	0	64,204,23,16,32,127,116,148,45,44,88,93,209,208,172,197,52,156,10,195,36,9,133,107,69,60,118,137,149,141,87,75,99,160,202,162	8,0,0.0995,2,118;7,2,0.9055,0,200;3,2,0.1755,0,93;2,5,0.0095,0,198;2,1,0.8045,1,131;6,3,0.3665,0,68
claim-interventional-train-00750	8	3	2	101,151,117,76,85,12,214,141,133,19,45,21,93,106,39,194,201,198,169,203,68,137,157,3,69,186,148,204,54,28,40,92,112,63,197,126	2,2,0.7975,0,116;3,5,0.1295,0,120;5,5,0.9465,0,207;3,3,0.9935,0,101;4,0,0.1615,0,20;5,3,0.2025,0,223
claim-interventional-train-00751	0	3	2	21,52,151,115,68,186,104,123,37,89,135,63,168,11,107,167,185,69,201,45,160,215,172,148,4,118,140,17,30,93,143,73,82,40,171,205	3,1,0.2905,0,64;5,3,0.0085,0,207;3,5,0.8115,0,33;0,0,0.3295,0,119;7,1,0.6035,1,228;2,5,0.8865,2,192
claim-interventional-train-00752	8	2	1	166,92,45,168,167,147,150,65,168,86,212,54,12,59,111,139,160,102,37,40,141,114,73,16,169,69,126,21,172,95,117,172,28,189,2,134	1,2,0.1695,0,65;3,3,0.0465,0,248;5,1,0.3985,0,48;0,4,0.9235,2,147;5,5,0.5095,0,247;5,4,0.6305,0,54
claim-interventional-train-00753	4	1	1	130,109,54,43,83,215,128,11,9,183,93,170,140,98,185,76,45,89,141,152,213,21,65,69,154,197,114,39,117,150,146,18,178,185,58,28	8,1,0.5745,0,191;3,5,0.7285,0,147;5,0,0.2455,0,0;3,1,0.3095,0,157;1,3,0.5865,0,72;7,0,0.8225,0,107
claim-interventional-train-00754	1	3	2	122,133,105,89,206,63,87,212,51,45,167,18,68,21,38,148,197,4,115,93,151,139,210,110,164,152,213,10,142,69,79,30,175,117,200,41	3,0,0.5345,0,60;5,4,0.2785,0,235;2,5,0.8185,0,152;6,5,0.2875,0,199;8,4,0.7905,0,24;1,3,0.6735,1,244
claim-interventional-train-00755	2	0	2	117,89,21,189,129,171,35,114,145,197,44,9,193,182,69,206,134,141,107,192,45,85,153,151,164,18,136,93,68,73,205,100,12,25,58,50	8,2,0.4885,0,123;0,1,0.8165,0,207;1,0,0.9155,0,152;0,3,0.3715,0,147;3,1,0.5535,0,66;8,4,0.1825,0,96
claim-interventional-train-00756	8	2	2	162,69,58,190,111,13,154,21,42,115,141,125,86,147,212,166,45,200,155,50,102,77,120,2,39,162,137,173,91,17,160,30,130,94,151,64	1,3,0.3525,0,23;5,5,0.5275,0,169;1,0,0.1425,0,3;4,4,0.6615,1,108;5,5,0.7785,3,206;4,0,0.3555,0,189
claim-interventional-train-00757	4	1	1	196,90,168,202,141,44,45,204,113,6,131,197,69,175,18,58,110,100,53,87,146,117,10,183,39,123,80,21,160,28,154,150,64,161,93,139	5,0,0.4335,0,214;3,5,0.9055,0,191;4,0,0.1855,0,190;7,5,0.5265,0,103;3,4,0.2285,0,104;2,1,0.7715,0,75
claim-interventional-train-00758	5	3	1	15,132,34,86,61,45,129,207,162,42,92,194,18,165,141,172,105,215,117,64,167,110,69,186,148,150,114,5,136,22,93,79,28,53,197,163	4,5,0.5795,1,117;3,0,0.4215,0,194;4,3,0.1195,0,248;6,4,0.8415,0,244;8,4,0.5665,0,51;8,2,0.0895,0,54
claim-interventional-train-00759	6	0	1	117,141,28,115,176,47,65,145,90,3,201,204,97,44,196,208,108,53,20,124,179,37,161,150,61,22,173,161,13,79,132,178,69,93,137,86	2,3,0.9755,1,144;3,3,0.9265,2,253;4,3,0.3835,0,209;6,4,0.4185,0,143;0,2,0.7125,0,75;3,2,0.2135,0,147
claim-interventional-train-00760	7	0	2	50,206,93,42,74,180,47,36,113,168,151,21,90,179,138,85,97,69,117,20,141,201,124,29,211,61,111,162,213,173,66,145,175,3,11,134	2,1,0.9195,0,197;4,2,0.4095,2,141;1,3,0.5295,0,226;1,3,0.4865,0,125;0,5,0.3475,0,48;3,4,0.4335,0,237
claim-interventional-train-00761	9	3	1	7,44,203,11,134,92,60,17,160,26,208,212,78,36,82,150,177,127,187,115,21,53,69,117,110,164,45,136,141,148,165,104,94,66,166,197	6,1,0.2385,0,21;1,2,0.9875,0,215;4,2,0.5245,0,59;5,0,0.8025,1,242;7,4,0.6005,0,123;6,4,0.0275,0,232
claim-interventional-train-00762	2	1	1	82,191,90,6,184,146,34,16,141,14,130,103,107,127,206,185,26,21,213,136,45,166,78,44,188,179,204,69,68,117,200,114,56,93,150,60	5,4,0.1505,0,206;1,0,0.8775,0,243;7,2,0.8055,0,0;5,0,0.5025,0,228;6,1,0.5855,0,209;6,0,0.1845,0,55
claim-interventional-train-00763	6	0	2	21,208,88,164,143,153,191,45,40,97,69,154,11,86,202,161,107,39,152,64,134,1,151,17,117,125,202,74,57,93,114,172,30,61,136,145	0,1,0.2315,0,197;5,5,0.1375,0,53;8,3,0.0585,0,231;1,4,0.1895,0,81;0,1,0.4645,0,211;4,4,0.1205,2,194
claim-interventional-train-00764	10	0	1	45,198,94,212,66,63,44,8,116,145,161,204,123,181,20,27,108,22,137,172,141,159,117,178,87,159,76,53,130,91,69,150,10,207,34,103	7,0,0.9065,1,35;2,0,0.9695,0,252;4,5,0.5285,0,40;3,5,0.6855,1,245;6,2,0.9915,0,237;2,0,0.2195,0,103
claim-interventional-train-00765	4	1	0	43,93,68,63,4,132,33,126,101,69,76,137,17,206,49,211,113,11,117,197,146,110,90,166,161,149,192,168,159,45,21,208,141,36,183,87	3,1,0.3335,0,195;8,2,0.6525,0,133;0,5,0.9475,0,68;3,5,0.5275,0,240;4,4,0.2815,0,181;5,2,0.3085,0,80
claim-interventional-train-00766	5	3	2	114,215,178,144,129,164,184,110,91,104,40,17,79,13,133,191,118,72,210,37,67,207,45,169,57,86,151,28,93,148,21,136,58,206,188,7	6,3,0.2235,0,51;3,3,0.1695,0,98;8,0,0.6425,3,186;6,4,0.6735,0,38;7,4,0.4625,1,171;8,3,0.1885,3,183
claim-interventional-train-00767	5	1	1	21,209,146,196,3,103,37,110,137,69,186,114,16,130,80,192,117,43,197,64,82,172,11,90,150,144,45,93,31,58,178,121,173,55,188,177	2,1,0.1085,0,137;6,3,0.7115,0,191;6,0,0.0755,0,140;7,0,0.4185,0,2;6,4,0.4955,0,216;0,0,0.2505,3,72
claim-interventional-train-00768	5	1	2	7,187,146,38,70,28,135,112,137,21,17,45,93,187,41,141,210,151,196,177,166,65,182,117,15,127,103,165,166,58,57,78,195,87,110,90	6,5,0.3685,0,23;3,4,0.3725,0,118;8,0,0.3775,1,25;5,5,0.5085,0,74;6,4,0.1855,0,64;6,5,0.2505,0,87
claim-interventional-train-00769	8	1	2	77,60,4,188,141,56,194,117,151,32,191,99,110,45,39,202,185,134,89,179,146,191,93,11,71,207,126,137,112,84,204,177,19,41,66,22	3,1,0.7435,1,50;7,5,0.3355,0,231;7,2,0.4665,2,105;4,2,0.3805,0,186;2,4,0.0685,0,78;5,4,0.3465,0,232
claim-interventional-train-00770	8	0	2	51,126,30,21,17,48,98,145,14,117,114,151,78,179,205,40,195,36,106,188,87,138,132,196,8,64,180,215,93,169,141,92,61,193,69,204	7,4,0.2575,0,76;5,2,0.0905,3,227;2,3,0.0095,0,134;5,5,0.9865,0,100;1,0,0.5375,0,177;5,2,0.4235,0,191
claim-interventional-train-00771	9	3	1	30,93,184,108,204,18,132,11,207,80,150,71,208,59,141,113,180,165,92,206,137,38,162,82,65,21,117,2,167,148,208,128,56,104,43,45	1,1,0.5375,0,232;5,4,0.6925,0,171;7,1,0.3255,2,144;7,0,0.8015,0,41;7,2,0.3075,0,63;7,2,0.2365,0,173
claim-interventional-train-00772	4	1	0	139,3,45,38,149,118,109,86,100,61,28,43,200,179,205,93,181,185,206,88,57,189,21,131,205,126,165,141,115,78,18,205,69,146,64,14	2,4,0.5735,0,161;3,4,0.7575,0,242;8,3,0.0605,0,180;5,4,0.1665,0,67;3,3,0.7735,1,224;5,1,0.6565,0,199
claim-interventional-train-00773	9	0	0	91,112,63,122,192,202,141,21,70,210,19,209,15,41,93,140,45,117,192,85,80,213,149,181,106,37,32,4,130,200,66,105,55,157,183,145	3,5,0.6315,0,152;7,3,0.3115,0,70;6,5,0.5025,1,252;7,3,0.6035,0,207;8,0,0.0165,0,115;1,0,0.8305,0,14
claim-interventional-train-00774	9	0	2	103,84,207,186,129,145,143,107,33,23,66,91,18,117,189,63,56,209,139,5,158,36,166,151,93,163,69,45,131,11,207,165,43,76,183,112	4,1,0.4055,2,170;8,2,0.6725,0,247;7,5,0.4635,0,97;3,2,0.7855,0,176;6,1,0.0075,0,53;8,1,0.7315,2,51
claim-interventional-train-00775	2	1	2	146,61,164,110,204,16,187,115,98,91,141,55,93,36,9,28,44,201,138,132,117,125,151,154,69,211,184,85,78,45,212,183,21,15,66,202	8,5,0.0845,0,242;3,2,0.9855,0,73;6,3,0.4585,0,157;5,3,0.7635,0,181;1,4,0.7715,0,123;4,2,0.5765,0,75
claim-interventional-train-00776	1	0	0	94,175,205,172,14,112,152,84,67,52,134,117,16,73,3,186,62,141,39,203,170,156,110,145,98,27,41,92,45,72,22,149,138,189,159,122	2,4,0.0475,1,132;2,5,0.3305,0,153;3,4,0.7305,3,36;0,2,0.9975,1,99;1,4,0.0375,0,189;1,4,0.5115,0,212
claim-interventional-train-00777	2	1	1	58,196,215,137,115,100,76,205,69,181,40,146,52,16,123,172,5,27,158,131,93,45,208,166,85,141,117,150,68,21,36,166,108,168,14,88	4,4,0.1275,0,25;2,2,0.1615,0,189;3,0,0.9905,0,234;3,3,0.0245,0,132;3,2,0.7075,0,62;2,1,0.2405,0,77
claim-interventional-train-00778	10	3	2	160,169,141,159,204,124,76,151,40,3,137,183,22,83,148,45,60,213,66,131,13,57,156,88,190,110,105,36,27,117,17,93,69,181,115,171	2,3,0.3215,1,154;2,2,0.1745,0,226;8,2,0.4205,0,229;3,1,0.1175,0,109;8,4,0.7015,0,228;3,1,0.2415,0,137
claim-interventional-train-00779	0	3	0	57,212,176,100,21,115,165,41,205,59,135,28,67,157,4,141,94,10,45,19,148,117,160,205,110,38,70,77,128,173,91,185,177,149,85,138	3,0,0.7395,0,239;3,4,0.3735,0,225;8,1,0.6115,1,39;4,3,0.7275,1,73;3,4,0.7725,0,165;7,5,0.5815,0,152
claim-interventional-train-00780	1	3	1	25,141,135,91,184,152,16,51,83,161,12,136,108,193,129,100,21,93,116,208,172,66,9,48,40,148,209,62,214,120,75,213,150,36,69,212	8,2,0.1295,0,168;0,2,0.1995,3,4;2,4,0.4415,0,135;2,1,0.7005,0,87;3,2,0.8895,3,174;8,5,0.0915,0,146
claim-interventional-train-00781	10	0	2	184,178,172,154,133,78,21,66,160,117,28,212,59,188,84,14,211,49,93,125,45,163,203,88,140,141,145,108,115,98,7,38,16,40,69,151	6,4,0.0595,0,36;3,4,0.1625,0,156;0,1,0.5875,0,32;5,2,0.0125,0,145;1,2,0.6345,0,210;4,3,0.8365,0,39
claim-interventional-train-00782	2	3	1	206,12,153,38,113,51,29,84,92,93,18,130,62,77,70,152,213,128,157,157,154,154,48,119,21,180,150,141,2,152,148,67,41,107,136,97	1,2,0.4945,0,70;4,4,0.2695,3,89;2,4,0.7635,1,146;4,2,0.9395,0,239;0,1,0.2525,2,1;7,0,0.0605,0,94
claim-interventional-train-00783	2	0	0	112,8,32,184,145,171,97,15,124,59,133,111,167,42,183,24,16,48,89,197,207,153,149,172,93,69,83,174,176,119,68,137,75,37,141,53	7,5,0.1025,3,33;7,3,0.5605,3,230;4,1,0.8135,0,65;2,1,0.2425,0,34;0,5,0.1525,2,85;3,3,0.3445,0,105
claim-interventional-train-00784	2	1	1	94,164,19,177,54,4,35,180,159,45,114,21,97,40,190,117,172,65,130,73,185,107,171,150,159,69,144,92,209,11,87,146,137,32,61,125	3,1,0.7855,0,8;7,1,0.0965,0,240;5,3,0.3925,0,105;0,5,0.8195,1,230;0,1,0.4945,0,163;4,0,0.2875,3,239
claim-interventional-train-00785	10	3	0	162,101,196,86,207,215,149,157,123,197,93,63,135,148,206,141,69,154,116,38,28,117,74,57,18,212,196,108,15,40,21,45,89,67,6,139	5,5,0.4255,0,164;3,4,0.0245,0,73;8,5,0.7135,0,246;1,4,0.3595,0,92;4,2,0.8855,0,179;2,5,0.7845,0,34
claim-interventional-train-00786	9	1	0	91,84,157,45,184,28,157,71,156,113,137,14,80,141,58,21,173,99,207,108,128,204,9,174,195,146,35,40,64,52,93,133,16,149,117,169	8,4,0.1825,0,133;3,1,0.0905,0,168;3,0,0.1455,2,185;7,2,0.7865,0,242;2,2,0.3645,0,15;7,3,0.3365,0,80
claim-interventional-train-00787	1	3	0	92,110,73,49,206,124,21,202,17,207,195,10,39,60,209,101,141,153,149,68,27,113,45,3,95,168,154,210,148,69,44,86,117,131,139,185	2,0,0.2705,0,118;2,5,0.9495,0,12;0,2,0.9375,0,162;0,4,0.8155,2,161;4,4,0.3665,0,57;3,1,0.7395,0,251
claim-interventional-train-00788	10	2	0	40,136,32,93,21,48,169,119,152,141,188,20,125,69,147,104,66,34,167,5,203,12,207,106,85,176,149,57,130,177,113,215,195,90,73,63	4,2,0.9565,0,108;7,0,0.1615,3,142;8,5,0.5005,0,168;0,3,0.4675,0,91;7,0,0.2205,2,110;4,0,0.1715,0,66
claim-interventional-train-00789	9	1	0	190,69,99,96,41,85,172,21,189,45,14,149,91,146,52,75,108,114,160,124,209,6,64,59,196,34,171,136,26,134,206,16,154,119,144,204	5,4,0.0775,0,87;1,0,0.2625,0,196;3,1,0.0065,0,80;2,3,0.7095,3,12;2,2,0.4215,2,93;3,4,0.1935,3,176
claim-interventional-train-00790	1	0	1	39,95,144,150,62,24,126,72,187,106,186,171,207,20,145,117,204,103,85,92,175,164,45,42,139,188,57,78,116,130,12,166,64,4,157,27	3,2,0.8845,3,93;2,5,0.5725,0,97;8,4,0.1355,3,72;5,3,0.8055,2,183;6,0,0.8665,0,56;5,0,0.6285,3,136
claim-interventional-train-00791	4	1	1	141,113,19,67,195,161,100,135,107,39,150,89,13,169,152,4,152,117,175,63,182,42,69,87,30,50,93,81,136,124,194,47,186,21,177,146	3,3,0.7125,0,46;5,5,0.5555,2,114;1,5,0.7235,0,111;8,5,0.2845,0,99;3,1,0.3605,0,193;3,5,0.0705,0,147
claim-interventional-train-00792	3	0	0	131,29,93,83,183,210,45,60,75,139,145,166,4,20,41,66,175,21,69,14,53,169,178,189,191,143,39,109,113,92,123,208,101,154,120,149	3,4,0.8935,0,138;4,5,0.3915,0,62;4,2,0.5375,0,11;2,1,0.9955,0,28;4,3,0.3445,3,72;2,1,0.6535,2,134
claim-interventional-train-00793	8	2	1	183,107,147,45,65,69,44,158,18,104,191,150,210,93,137,12,121,5,132,190,21,194,141,202,34,118,115,29,91,152,78,54,183,63,173,86	4,2,0.4195,0,192;4,0,0.9885,0,160;5,5,0.2765,0,85;5,4,0.6425,0,242;7,1,0.7415,1,227;0,2,0.2755,0,48
claim-interventional-train-00794	1	1	0	41,168,66,108,93,27,203,23,211,46,75,205,35,149,112,100,212,146,200,170,69,137,10,214,123,141,19,132,210,209,117,7,90,59,85,53	6,0,0.6885,2,93;2,1,0.2835,1,51;4,1,0.5085,0,70;2,3,0.5525,0,226;3,2,0.0825,0,129;2,2,0.3045,0,8
claim-interventional-train-00795	10	3	2	21,17,59,14,93,197,207,9,37,115,209,111,185,105,137,122,89,68,40,45,186,50,141,86,117,151,74,69,131,168,148,177,158,29,213,189	8,4,0.2315,0,92;4,3,0.0535,0,233;1,1,0.9075,0,139;1,4,0.2045,0,54;8,5,0.6465,0,93;1,1,0.3355,0,26
claim-interventional-train-00796	8	3	1	212,150,167,107,115,211,78,138,177,174,58,165,15,32,174,124,64,4,131,51,101,200,148,118,69,45,155,35,43,141,91,85,16,93,21,159	3,5,0.1265,0,118;7,1,0.6975,0,60;2,0,0.1855,0,149;5,3,0.7345,0,245;4,1,0.7655,1,244;3,1,0.4885,0,164
claim-interventional-train-00797	2	2	0	91,10,102,153,87,109,67,147,195,57,160,131,139,164,166,20,207,185,202,69,5,121,160,41,30,149,76,34,114,45,58,94,21,118,141,179	4,0,0.8365,0,91;5,0,0.2095,0,191;8,0,0.7795,0,142;3,5,0.7495,1,119;5,3,0.4815,1,182;0,1,0.7625,0,13
claim-interventional-train-00798	6	3	0	149,187,34,160,116,84,197,198,169,108,65,78,50,141,5,134,69,44,200,21,209,25,45,58,117,148,97,140,17,160,169,127,93,90,197,14	4,4,0.3865,0,196;0,0,0.9415,0,4;1,0,0.3575,0,129;5,2,0.4365,0,46;0,2,0.8555,0,19;6,4,0.9185,0,92
claim-interventional-train-00799	8	3	0	21,158,149,127,43,159,11,111,211,153,207,69,4,45,189,144,19,73,87,116,93,97,118,60,54,30,148,136,64,37,165,174,133,197,88,197	3,1,0.6105,0,255;5,3,0.7785,0,250;5,2,0.1285,0,105;0,5,0.0455,0,168;0,5,0.9875,1,71;6,3,0.0395,3,245
claim-interventional-train-00800	10	3	2	67,194,123,188,110,203,134,69,9,38,148,120,202,93,21,198,53,113,167,209,16,30,82,13,89,137,179,45,100,160,59,189,141,81,151,42	8,3,0.0575,0,226;5,4,0.5015,0,35;4,1,0.6435,0,62;8,0,0.2985,0,206;3,4,0.3605,3,134;2,4,0.3425,0,61
claim-interventional-train-00801	10	1	1	170,137,152,12,209,92,124,175,190,130,97,6,21,43,191,93,69,114,48,39,141,19,156,163,117,33,155,150,53,106,200,146,77,65,84,61	5,2,0.7125,0,251;8,5,0.7225,3,179;4,3,0.2905,0,65;4,2,0.8675,0,115;0,0,0.5605,0,110;3,0,0.3055,0,14
claim-interventional-train-00802	6	0	2	131,210,39,153,21,207,204,93,92,86,67,50,145,25,151,1,116,101,75,184,110,117,164,11,183,201,141,45,20,69,200,63,209,126,140,44	0,1,0.8835,0,188;0,5,0.9985,0,5;1,5,0.6795,0,207;2,4,0.9705,0,60;4,4,0.8965,0,47;5,1,0.8675,0,183
claim-interventional-train-00803	3	0	2	138,108,39,86,159,164,171,62,65,215,208,120,201,16,175,181,21,203,151,45,112,141,91,7,28,51,157,75,123,100,14,145,134,44,69,93	6,4,0.1245,0,1;3,5,0.8695,0,0;2,4,0.2595,0,133;2,4,0.7195,0,230;3,2,0.1255,3,240;2,4,0.5305,0,223
claim-interventional-train-00804	1	1	2	60,135,21,84,146,189,188,67,185,180,213,20,45,151,93,206,206,52,12,69,115,107,36,42,137,27,143,91,7,161,212,117,122,196,99,75	6,2,0.9785,0,87;2,2,0.4795,0,114;3,2,0.7005,0,145;2,2,0.7555,0,98;2,1,0.7605,0,253;1,5,0.3125,2,95
claim-interventional-train-00805	3	0	0	88,35,116,192,158,60,149,145,28,188,136,186,97,66,135,161,129,187,18,13,208,164,85,48,52,163,93,209,119,22,4,107,141,69,42,79	3,3,0.5935,1,29;3,1,0.4655,3,245;3,2,0.4845,0,37;6,3,0.1875,0,240;0,1,0.9235,2,31;8,5,0.0105,0,8
claim-interventional-train-00806	10	3	1	140,13,205,148,77,29,39,64,170,56,132,201,43,150,45,198,120,93,107,85,24,20,113,103,144,92,3,190,205,214,181,195,126,71,62,156	2,3,0.9665,3,230;4,5,0.7565,0,38;7,4,0.0485,2,150;4,3,0.9695,0,112;6,1,0.2225,3,151;5,2,0.8105,3,40
claim-interventional-train-00807	9	3	1	150,45,14,200,183,190,180,148,59,136,26,3,93,86,69,21,211,141,155,164,202,118,34,130,17,111,115,200,78,42,56,173,88,99,67,123	2,4,0.3455,0,248;1,0,0.4115,0,213;7,1,0.7985,0,98;5,4,0.1775,0,114;2,5,0.7225,1,187;2,0,0.0475,0,56
claim-interventional-train-00808	8	3	2	75,5,94,134,128,112,10,33,203,54,61,141,214,42,69,190,105,198,172,187,16,148,137,21,153,169,91,110,36,153,45,151,117,67,87,190	4,0,0.0735,0,23;8,2,0.5295,0,254;5,3,0.6435,0,216;2,5,0.6125,1,101;8,4,0.0955,0,65;7,4,0.3855,0,213
claim-interventional-train-00809	10	0	1	170,19,201,129,69,59,169,199,112,76,203,95,40,30,21,141,145,187,119,67,168,102,86,57,158,6,36,135,45,12,109,152,90,140,193,150	5,2,0.7705,0,228;5,2,0.0365,0,253;8,1,0.6995,0,240;3,4,0.5205,2,54;5,3,0.0865,2,245;8,5,0.8805,0,4
claim-interventional-train-00810	5	2	1	199,137,28,177,172,4,112,90,127,42,147,178,168,93,156,104,158,130,76,45,206,195,70,55,65,150,18,109,155,63,13,82,39,119,21,141	3,3,0.4785,0,254;3,5,0.4345,0,27;6,5,0.2295,1,6;3,0,0.5055,0,71;7,3,0.0745,2,86;6,0,0.2945,0,65
claim-interventional-train-00811	9	3	2	115,67,31,212,201,13,201,21,110,69,154,93,178,73,141,41,20,88,45,8,134,212,213,148,105,38,87,151,211,138,51,117,180,60,170,121	7,3,0.8605,0,78;6,4,0.3445,0,77;2,2,0.7045,0,173;0,5,0.1715,0,184;8,4,0.7495,0,55;0,4,0.4795,0,61
claim-interventional-train-00812	9	0	1	86,160,204,185,17,130,107,27,2,195,184,168,21,193,56,69,67,150,45,142,118,140,129,114,35,208,11,158,207,62,42,145,74,93,91,99	1,1,0.2675,0,218;2,1,0.5785,0,37;7,4,0.7095,0,205;1,4,0.6425,0,195;2,1,0.5635,1,220;8,0,0.8125,1,183
claim-interventional-train-00813	3	0	0	159,41,133,159,117,107,46,164,82,39,100,69,149,215,93,141,27,62,89,157,138,145,183,115,52,67,196,24,161,20,177,5,121,13,74,196	4,3,0.9055,3,85;2,5,0.2795,1,112;3,4,0.7055,0,242;1,0,0.2745,0,197;3,1,0.6485,0,229;0,3,0.5085,0,3
claim-interventional-train-00814	2	3	0	178,82,139,4,174,164,186,122,89,148,108,37,69,193,174,81,117,41,68,98,114,52,30,58,132,12,187,149,173,16,46,94,141,190,161,21	3,2,0.1245,0,214;5,3,0.2825,1,103;3,0,0.9065,0,246;8,0,0.2515,1,204;1,2,0.4365,0,32;1,2,0.6875,0,186
claim-interventional-train-00815	9	1	1	150,178,89,21,168,196,111,117,84,135,94,104,161,128,65,29,57,11,62,172,141,159,47,175,138,42,113,39,146,215,6,17,211,73,69,159	5,1,0.2935,0,115;4,5,0.4485,2,155;8,4,0.3635,0,231;0,2,0.2185,1,5;7,5,0.2975,0,59;7,5,0.4435,0,193
claim-interventional-train-00816	10	2	2	89,15,5,29,141,209,185,147,111,69,124,169,77,113,43,104,136,17,171,183,93,45,53,151,205,64,174,214,34,198,62,117,84,167,21,133	4,5,0.2255,0,119;4,0,0.7315,0,10;4,4,0.0235,0,255;4,2,0.2275,0,155;7,5,0.2105,0,253;3,3,0.1905,0,43
claim-interventional-train-00817	0	3	2	151,188,141,130,127,184,117,202,11,176,62,38,199,168,41,8,157,148,173,102,93,19,171,26,107,208,52,139,69,112,45,90,76,66,82,23	7,1,0.6125,2,186;1,4,0.2445,0,111;3,4,0.4305,0,116;3,0,0.5435,0,181;5,1,0.0035,0,2;6,0,0.7315,0,61
claim-interventional-train-00818	10	2	2	66,187,187,28,117,69,93,92,87,139,134,151,215,58,185,104,191,126,12,50,116,77,199,24,41,111,141,171,1,188,169,36,16,204,147,45	0,2,0.1675,3,72;3,2,0.2805,0,4;1,0,0.4495,0,74;4,5,0.8725,0,236;7,5,0.9295,0,250;5,4,0.6865,0,144
claim-interventional-train-00819	2	0	1	176,72,113,204,40,150,173,21,197,154,29,145,84,184,20,131,54,6,93,66,38,10,138,141,45,193,214,100,60,92,81,121,117,163,108,166	5,0,0.9155,0,222;4,4,0.1855,0,170;5,2,0.4925,3,204;8,2,0.8655,0,201;3,2,0.3255,0,143;0,1,0.5125,0,7
claim-interventional-train-00820	5	3	2	205,85,13,79,45,93,21,139,100,179,16,68,70,190,151,191,141,90,42,115,61,108,28,129,148,117,54,133,155,192,6,181,159,200,34,211	5,3,0.0275,0,231;3,0,0.4125,0,207;5,3,0.9375,1,25;6,3,0.4605,0,9;3,2,0.6735,0,83;8,3,0.7755,0,212
claim-interventional-train-00821	6	1	0	168,92,154,119,23,141,140,171,106,77,159,124,11,20,42,167,93,45,69,37,67,134,149,198,146,2,179,85,177,112,169,61,99,184,26,49	1,1,0.8425,2,185;1,3,0.5125,0,128;0,3,0.7755,0,75;4,3,0.9615,0,90;2,0,0.1955,2,189;3,4,0.9105,0,15
claim-interventional-train-00822	5	1	0	177,141,66,62,192,31,153,9,206,117,202,89,131,159,82,211,93,206,184,123,39,100,24,177,13,116,136,81,50,42,69,146,108,45,149,16	8,3,0.1205,3,124;6,5,0.4485,0,164;1,4,0.4365,0,235;8,0,0.3795,0,166;3,2,0.9105,0,181;2,1,0.1805,0,154
claim-interventional-train-00823	8	1	2	69,168,176,116,137,83,21,77,66,109,153,51,33,151,133,196,190,37,11,141,167,88,102,62,191,129,189,2,117,17,47,180,93,179,40,146	1,1,0.2615,0,143;8,3,0.1025,2,210;2,4,0.5225,0,42;4,1,0.1035,0,115;5,3,0.8785,0,234;8,3,0.3745,0,127
claim-interventional-train-00824	6	1	2	210,110,54,73,160,93,151,153,41,202,179,141,35,184,22,45,16,146,117,136,65,33,11,104,5,135,113,188,157,92,178,174,123,62,86,71	4,1,0.0715,1,247;8,1,0.3905,0,178;5,4,0.2295,2,90;0,4,0.9015,0,1;7,4,0.3475,0,5;2,5,0.1215,0,219
claim-interventional-train-00825	9	2	2	65,91,107,12,21,155,93,212,86,44,210,72,59,9,56,189,130,121,204,117,147,30,45,151,138,141,165,115,34,187,19,170,156,104,210,80	8,2,0.7405,0,6;5,0,0.9025,0,70;7,1,0.3345,3,156;7,4,0.6425,0,143;7,1,0.6705,0,186;0,0,0.5315,0,173
claim-interventional-train-00826	9	3	0	21,114,170,148,214,140,199,34,58,6,41,32,121,109,212,141,65,17,189,91,10,50,85,130,157,190,78,158,93,71,45,177,104,117,196,149	5,0,0.2525,0,1;7,0,0.3885,0,136;1,0,0.3895,2,202;5,3,0.7245,0,219;7,3,0.4255,0,32;0,0,0.9185,0,80
claim-interventional-train-00827	1	3	2	148,114,21,69,76,175,100,213,206,20,185,189,37,82,117,93,15,202,151,139,166,3,169,181,62,47,42,49,199,131,141,127,27,90,108,64	2,5,0.8145,0,133;2,3,0.4105,2,176;0,4,0.1955,0,60;3,0,0.5005,0,123;3,2,0.5735,0,228;6,1,0.6875,0,88
claim-interventional-train-00828	10	2	0	130,37,32,113,141,147,52,202,136,11,21,211,169,1,44,101,92,48,124,62,69,175,66,18,196,107,77,87,180,152,117,149,178,190,179,93	0,1,0.4855,0,213;7,3,0.8635,3,3;3,4,0.5695,0,137;4,5,0.8935,0,232;4,1,0.3875,0,69;3,0,0.1775,0,247
claim-interventional-train-00829	2	0	2	138,177,86,94,157,101,91,145,116,38,78,201,124,67,164,180,141,54,69,42,118,162,10,48,21,151,32,179,181,4,132,59,107,17,187,191	3,0,0.3495,0,203;7,4,0.5905,3,254;5,1,0.6595,0,201;5,4,0.7685,1,45;4,1,0.9165,1,93;3,2,0.4995,0,26
claim-interventional-train-00830	7	3	2	158,88,26,11,5,20,206,82,202,182,65,179,215,171,151,69,117,45,79,93,141,191,21,61,138,175,126,99,131,37,53,44,148,207,113,109	4,1,0.9575,0,139;1,3,0.9155,0,250;4,3,0.2605,0,53;6,0,0.0035,0,67;2,3,0.3625,0,235;5,1,0.4655,0,35
claim-interventional-train-00831	7	0	1	4,125,141,64,150,138,210,88,153,207,172,160,44,84,45,69,93,54,178,26,108,21,189,130,78,120,116,101,12,145,171,192,37,212,20,59	3,2,0.9415,0,203;1,3,0.8685,0,135;5,1,0.0345,0,213;5,2,0.1625,0,198;4,2,0.9285,3,255;4,0,0.4025,0,229
claim-interventional-train-00832	1	1	0	80,66,167,28,141,160,146,7,14,35,84,189,93,116,136,51,42,98,61,110,192,200,117,149,124,176,45,21,88,153,186,162,69,130,18,197	6,4,0.4725,0,55;3,1,0.4085,0,198;2,3,0.5215,0,112;7,2,0.1805,0,186;1,4,0.8875,0,159;3,0,0.0575,0,77
claim-interventional-train-00833	4	1	1	152,93,120,44,185,51,91,187,11,172,63,19,76,69,150,199,132,110,211,141,86,188,146,189,138,158,99,37,113,21,8,191,124,45,32,67	7,1,0.6375,0,107;7,3,0.8505,0,161;2,5,0.7415,0,19;3,4,0.6705,0,208;2,4,0.3325,3,23;3,2,0.4005,0,135
claim-interventional-train-00834	8	0	2	69,22,189,145,60,141,169,196,93,1,137,88,45,172,176,210,151,44,19,135,15,160,76,86,181,116,119,30,181,52,38,64,108,126,175,100	0,5,0.6265,1,37;5,4,0.8105,0,218;3,2,0.1605,0,42;3,4,0.0955,0,247;3,2,0.8765,2,16;5,5,0.2225,0,180
claim-interventional-train-00835	4	1	2	12,170,76,117,87,49,67,180,100,135,92,146,189,198,116,140,192,1,205,198,127,203,35,176,108,151,19,45,93,44,28,69,24,60,144,209	0,2,0.6655,3,142;3,1,0.8945,0,46;0,2,0.7715,0,170;3,5,0.9785,0,187;3,2,0.9295,0,237;6,5,0.8825,3,76
claim-interventional-train-00836	6	3	1	115,47,69,40,156,150,136,51,31,83,11,4,121,148,196,64,39,182,17,58,164,180,180,73,89,159,97,108,96,176,182,24,131,141,177,117	3,1,0.2945,3,46;6,5,0.1345,2,142;2,0,0.1215,0,146;0,1,0.2955,3,25;0,2,0.7915,0,175;0,1,0.0515,0,119
claim-interventional-train-00837	6	0	2	115,24,9,126,108,175,88,52,164,18,12,119,130,141,207,145,196,97,93,171,45,41,201,82,25,77,67,151,69,58,188,172,39,170,173,140	8,2,0.5035,3,196;0,5,0.2795,0,197;3,0,0.7705,0,150;4,0,0.1595,0,57;0,2,0.7605,2,196;5,0,0.9065,0,90
claim-interventional-train-00838	3	0	0	144,88,145,33,45,159,162,169,123,69,215,149,139,67,84,191,52,78,41,24,182,100,185,7,12,38,183,131,164,62,117,111,93,17,173,115	6,2,0.2205,3,177;8,4,0.2985,0,135;3,4,0.6455,0,141;5,2,0.0285,0,16;3,5,0.6595,0,38;2,1,0.6995,3,168
claim-interventional-train-00839	1	1	2	3,146,123,96,18,109,62,133,15,41,118,169,151,88,45,213,165,174,102,21,188,77,69,154,113,142,68,191,176,29,183,210,84,56,35,139	2,5,0.5485,0,4;4,1,0.3865,0,14;7,4,0.8605,0,234;4,2,0.1925,3,209;5,3,0.2925,1,197;2,3,0.6545,1,125
claim-interventional-train-00840	10	1	2	184,107,92,3,206,69,170,56,83,33,68,114,181,46,93,18,181,42,36,199,155,179,195,120,23,151,129,141,152,138,99,63,133,81,12,146	2,2,0.4935,2,4;8,2,0.5985,1,124;7,5,0.8885,0,199;8,1,0.8425,0,234;2,1,0.4065,3,230;8,3,0.5525,0,184
claim-interventional-train-00841	5	0	0	188,132,121,108,59,20,161,155,96,103,13,117,116,8,186,203,66,192,84,69,22,143,177,213,36,40,200,196,78,145,88,149,136,45,25,49	7,3,0.9085,1,168;0,2,0.0565,0,232;0,1,0.5165,0,203;5,2,0.0935,3,246;6,2,0.8555,0,16;0,2,0.0245,2,126
claim-interventional-train-00842	1	1	1	141,162,109,45,1,215,68,21,146,204,112,63,150,19,15,189,118,69,53,27,87,75,177,179,157,100,132,158,92,136,160,166,39,93,121,44	0,5,0.6785,0,137;2,5,0.8105,0,70;4,5,0.9805,0,195;2,5,0.8805,0,146;3,3,0.1395,1,49;0,2,0.0365,0,86
claim-interventional-train-00843	5	2	2	93,4,137,210,57,141,40,65,173,126,188,31,34,173,178,186,85,110,147,91,151,170,209,12,46,117,69,116,100,21,131,194,59,165,78,20	3,2,0.8295,0,163;6,0,0.1215,1,45;8,1,0.3085,0,25;5,3,0.7105,0,93;3,4,0.8905,0,108;5,1,0.3435,0,102
claim-interventional-train-00844	6	0	0	69,25,44,21,145,58,201,186,149,136,38,167,133,158,13,53,101,211,212,109,46,96,1,76,215,68,87,117,198,116,91,141,215,17,128,186	0,3,0.2235,0,79;0,4,0.8645,1,6;4,0,0.8865,0,138;3,5,0.7725,3,31;4,3,0.8365,0,185;7,3,0.0715,0,237
claim-interventional-train-00845	1	0	0	190,145,20,149,64,134,5,53,155,69,162,61,97,198,143,182,35,201,82,93,170,121,194,138,27,117,169,74,115,45,23,176,12,106,42,92	4,2,0.9005,2,22;2,1,0.5225,0,72;4,3,0.1995,0,11;1,0,0.9295,0,78;0,0,0.6995,0,211;0,4,0.4785,2,10
claim-interventional-train-00846	1	3	2	183,194,151,73,161,48,167,14,70,206,24,41,111,117,58,93,209,17,148,57,209,123,202,4,90,141,99,163,86,37,186,131,33,65,116,137	3,4,0.3315,3,48;8,3,0.2905,3,156;8,0,0.3605,1,88;0,4,0.4305,0,199;2,5,0.9175,0,2;2,1,0.2495,0,112
claim-interventional-train-00847	10	0	2	139,21,80,26,59,199,125,106,88,16,151,35,134,190,163,65,141,15,162,94,4,112,165,117,49,69,87,213,145,179,105,179,169,47,40,180	3,5,0.1105,0,0;1,1,0.1655,2,158;0,1,0.2585,0,209;7,5,0.1775,1,162;8,0,0.1235,0,253;4,4,0.7805,0,192
claim-interventional-train-00848	10	3	1	43,58,83,93,148,195,109,18,152,15,114,29,150,6,204,90,165,198,51,97,188,117,125,158,38,154,138,172,72,135,204,21,78,45,66,141	5,5,0.5725,0,91;4,4,0.7135,0,81;2,0,0.4095,3,214;5,1,0.4785,0,199;0,3,0.5725,0,3;4,5,0.5605,0,41
claim-interventional-train-00849	1	0	0	149,173,18,138,214,210,182,21,201,141,51,156,98,62,5,68,41,89,75,45,26,133,117,191,34,93,162,123,69,15,107,145,113,86,205,196	4,5,0.5075,0,43;1,0,0.2475,0,5;2,4,0.8125,0,177;2,4,0.2445,0,65;1,1,0.3955,0,37;2,3,0.4155,0,245
claim-interventional-train-00850	8	1	1	69,176,125,162,100,204,141,170,137,57,91,108,117,146,78,34,43,167,68,30,59,150,85,203,13,182,171,21,187,93,131,19,112,45,159,3	2,3,0.7715,0,99;5,0,0.6165,0,139;8,1,0.8565,0,97;5,3,0.7065,0,187;3,2,0.0795,0,223;4,1,0.2295,0,77
claim-interventional-train-00851	2	3	0	61,5,100,42,148,215,205,178,116,69,149,117,18,13,93,34,160,122,84,68,201,204,179,53,33,92,183,45,141,108,23,74,182,140,134,167	4,3,0.4385,2,24;8,0,0.4045,0,13;4,3,0.8345,0,21;1,2,0.8405,0,189;3,2,0.8545,0,212;1,4,0.8295,0,126
claim-interventional-train-00852	2	0	0	4,171,106,159,18,195,28,174,193,21,104,145,68,69,114,159,156,35,196,120,50,132,88,61,93,45,43,10,141,85,174,127,78,138,149,170	3,0,0.5225,0,238;3,1,0.6135,0,109;1,3,0.9445,0,238;5,3,0.0085,0,16;7,0,0.5235,3,23;6,2,0.4915,0,180
claim-interventional-train-00853	4	1	1	146,52,117,193,31,94,16,124,8,138,116,203,21,80,42,69,90,182,68,206,45,141,202,62,131,154,13,34,192,196,200,159,150,85,102,106	7,3,0.0025,0,19;6,0,0.5685,0,193;3,4,0.9595,0,79;7,3,0.4305,1,32;5,0,0.9965,0,162;3,1,0.5395,0,26
claim-interventional-train-00854	10	2	2	18,136,183,215,141,128,190,163,169,33,71,77,59,164,87,151,190,155,116,34,189,43,108,158,21,101,13,55,64,130,45,147,4,93,118,92	3,3,0.5465,0,38;8,0,0.7145,0,78;6,1,0.1105,2,230;4,5,0.9045,0,239;4,2,0.8295,1,6;7,0,0.1345,0,32
claim-interventional-train-00855	6	1	2	131,202,210,16,197,107,137,159,100,93,193,32,207,172,40,124,66,142,8,116,45,117,21,10,146,51,69,85,37,188,208,92,58,73,198,151	7,0,0.0725,0,146;7,3,0.0555,0,73;2,0,0.4325,0,199;0,3,0.8895,0,104;3,1,0.9645,0,142;3,1,0.2685,1,219
claim-interventional-train-00856	0	3	1	42,117,150,14,175,163,93,184,141,85,131,21,194,39,174,126,17,168,178,136,28,6,49,148,102,112,68,69,92,45,75,188,165,192,111,62	5,4,0.3915,0,179;3,5,0.5275,0,145;0,4,0.8505,0,129;2,3,0.9225,0,4;5,5,0.0655,0,115;5,1,0.0875,0,140
claim-interventional-train-00857	9	0	1	208,14,117,92,128,5,150,80,101,36,114,30,191,45,44,184,171,141,210,69,145,139,134,66,194,61,186,153,16,21,213,84,94,111,56,154	4,4,0.1035,0,254;5,2,0.8845,0,159;7,3,0.4995,0,203;7,2,0.8645,1,205;4,5,0.4135,0,76;7,4,0.7905,0,76
claim-interventional-train-00858	5	1	2	184,187,89,28,100,9,18,185,62,117,173,45,93,130,139,69,41,106,190,76,12,183,146,141,87,55,113,23,151,68,35,127,197,158,182,168	8,2,0.5395,2,248;3,1,0.3845,0,202;6,4,0.9375,0,65;3,5,0.3495,0,42;3,0,0.3525,0,187;6,0,0.7215,0,189
claim-interventional-train-00859	6	0	1	75,124,174,141,180,117,9,111,40,198,84,11,166,167,39,178,31,150,97,161,64,92,131,58,16,145,116,22,208,192,140,71,93,57,164,45	8,1,0.0165,1,122;6,5,0.0645,0,183;8,0,0.1195,2,245;2,2,0.9375,0,152;0,5,0.8415,0,30;3,1,0.8255,0,96
claim-interventional-train-00860	3	0	1	150,158,145,112,4,176,165,161,124,56,45,117,69,141,181,93,63,138,13,164,215,130,28,171,203,111,20,38,100,82,91,21,44,66,184,76	3,3,0.9295,0,181;3,4,0.9795,0,135;7,5,0.5805,0,173;3,0,0.7765,0,32;3,5,0.1635,0,160;3,0,0.4415,0,225
claim-interventional-train-00861	4	1	2	194,93,52,166,198,84,213,60,20,116,151,119,146,5,141,205,27,133,160,75,10,164,45,187,153,188,69,37,24,68,44,108,139,103,92,124	4,0,0.8405,3,237;2,3,0.9975,0,172;3,2,0.8965,0,120;2,2,0.9695,0,187;6,2,0.8455,2,11;3,3,0.6225,0,240
claim-interventional-train-00862	7	1	1	153,205,113,93,65,141,150,155,185,134,40,18,172,45,200,57,2,192,59,214,89,106,79,124,27,136,197,69,38,13,185,146,117,84,98,21	1,3,0.5695,0,37;2,4,0.1025,0,79;8,1,0.3725,0,131;6,2,0.2125,0,232;1,0,0.2995,0,95;3,4,0.1195,0,59
claim-interventional-train-00863	0	3	2	184,94,148,77,112,129,172,161,60,86,185,16,103,46,21,167,204,108,136,91,117,64,52,8,15,160,36,32,143,176,43,135,163,72,163,151	7,5,0.1705,0,27;7,2,0.6035,1,50;3,2,0.1345,3,142;4,4,0.6865,1,52;6,2,0.1625,0,208;8,5,0.1215,2,173
claim-interventional-train-00864	1	3	2	112,18,33,192,157,69,200,99,208,37,15,127,195,135,119,175,21,176,62,45,93,3,148,41,138,89,165,151,51,80,182,106,82,208,141,65	2,5,0.4525,0,206;8,3,0.2545,0,236;2,4,0.3125,0,138;7,0,0.3005,0,191;2,0,0.1365,2,156;6,5,0.5425,0,240
claim-interventional-train-00865	1	0	2	113,117,141,42,173,160,24,67,49,62,5,107,153,151,93,214,20,201,180,29,145,132,69,87,156,123,91,185,168,45,38,10,195,136,98,75	4,0,0.8635,3,141;4,4,0.4925,0,160;0,4,0.6695,0,123;2,5,0.6135,0,59;1,1,0.3765,0,97;2,2,0.0195,0,198
claim-interventional-train-00866	4	1	2	151,14,169,109,25,93,135,83,21,195,45,128,52,153,163,19,59,144,66,8,146,194,99,179,168,179,209,116,91,35,69,76,166,41,138,117	7,4,0.6155,0,195;0,1,0.3825,0,214;3,1,0.4915,0,117;3,1,0.6965,0,125;2,3,0.9465,0,55;7,5,0.5575,3,12
claim-interventional-train-00867	4	1	0	201,67,22,46,95,31,204,146,166,12,141,178,51,59,137,162,163,88,2,20,43,120,124,109,112,214,149,75,83,212,103,69,153,135,36,196	1,2,0.9715,1,239;6,2,0.7375,1,28;2,1,0.7785,0,36;2,1,0.1535,2,200;6,3,0.1135,3,245;3,5,0.2525,0,228
claim-interventional-train-00868	9	2	1	152,94,60,30,141,128,35,154,211,101,88,138,106,83,41,210,191,68,180,150,52,45,132,4,156,206,13,147,16,78,117,166,70,21,112,196	3,3,0.0765,0,56;5,1,0.2795,0,68;3,2,0.9615,1,18;5,1,0.1855,1,250;4,0,0.1355,0,15;7,2,0.5095,0,189
claim-interventional-train-00869	1	3	1	21,112,86,192,20,182,93,144,76,69,150,130,45,148,51,124,163,102,161,171,154,3,61,138,106,162,117,13,154,67,182,41,196,31,39,92	2,3,0.8835,0,222;6,5,0.3025,0,160;2,3,0.6335,0,110;3,4,0.8165,0,91;5,0,0.1225,0,149;3,0,0.5885,3,242
claim-interventional-train-00870	4	1	0	107,181,41,46,173,143,68,52,163,124,158,34,113,119,84,146,175,28,62,149,19,133,93,158,99,160,163,1,203,202,138,90,15,21,69,76	0,5,0.7795,0,244;3,0,0.2635,1,148;3,4,0.8865,0,89;3,2,0.5545,0,161;2,1,0.2005,2,125;3,3,0.4375,2,7
claim-interventional-train-00871	3	0	2	151,192,92,45,212,96,210,197,36,113,52,105,180,182,133,123,140,64,76,107,4,60,40,117,192,205,19,69,84,174,14,202,145,141,32,21	3,4,0.6225,0,126;7,2,0.1265,0,208;3,2,0.1405,0,128;3,2,0.8525,3,241;8,1,0.2785,0,148;2,3,0.9795,0,69
claim-interventional-train-00872	6	1	1	45,69,158,91,166,131,104,9,62,87,159,29,150,39,22,93,136,205,51,65,111,157,141,14,73,43,146,201,17,178,117,181,115,206,177,122	8,4,0.2405,1,231;4,5,0.7915,0,198;2,4,0.3995,0,8;0,5,0.7045,0,47;7,5,0.6025,0,138;1,1,0.0675,0,73
claim-interventional-train-00873	2	2	1	8,159,44,128,76,158,193,86,193,21,45,50,135,194,94,70,117,214,108,90,188,10,115,144,181,36,147,19,103,66,160,60,150,138,29,171	7,0,0.6445,0,25;4,2,0.9775,0,246;1,2,0.5905,1,9;3,4,0.5805,1,200;6,2,0.7415,0,43;7,5,0.4265,3,63
claim-interventional-train-00874	10	3	2	15,205,128,153,93,151,102,36,45,65,193,89,156,4,130,18,136,198,33,53,77,60,184,188,198,42,155,110,171,69,87,117,24,141,113,148	3,5,0.5925,3,197;8,2,0.5735,0,76;4,2,0.3275,0,80;4,5,0.3965,0,38;5,4,0.2495,0,170;7,0,0.1215,0,189
claim-interventional-train-00875	1	3	0	141,178,213,176,66,63,21,3,69,123,167,93,25,117,114,176,162,166,46,91,109,42,158,135,182,87,11,101,138,209,38,50,17,148,149,79	2,1,0.3875,0,109;0,4,0.4335,1,33;1,5,0.5175,0,159;6,5,0.6815,0,73;4,3,0.4555,0,74;2,5,0.5355,0,198
claim-interventional-train-00876	9	0	1	195,32,93,10,171,150,67,57,195,134,117,60,137,44,110,17,36,48,83,145,1,207,104,187,114,75,164,21,69,90,164,144,154,169,125,199	0,0,0.3425,0,206;7,2,0.8755,3,217;8,2,0.7125,0,58;2,1,0.4945,0,32;7,4,0.4155,0,85;4,4,0.2565,3,32
claim-interventional-train-00877	10	3	2	21,154,29,151,10,140,86,108,54,38,172,122,205,69,91,16,148,187,144,172,208,197,170,117,44,61,66,93,45,168,3,167,101,78,115,133	2,0,0.0905,0,185;4,4,0.9485,0,26;5,3,0.4195,0,201;5,4,0.7415,0,145;4,2,0.6835,0,93;1,3,0.8265,3,82
claim-interventional-train-00878	3	0	1	171,88,174,114,106,213,59,189,45,71,93,17,80,36,154,41,173,150,65,124,214,25,153,15,211,145,100,140,3,84,53,120,209,141,21,132	2,5,0.3125,0,102;0,2,0.3285,0,154;4,1,0.3605,2,45;7,2,0.0305,0,232;3,0,0.4015,3,11;3,2,0.8545,0,230
claim-interventional-train-00879	6	0	1	92,150,30,197,10,86,37,197,44,178,73,3,145,114,47,164,117,17,189,141,63,121,199,106,193,71,66,53,136,93,132,168,162,169,23,100	2,0,0.2325,2,112;5,3,0.9685,2,21;4,5,0.5805,2,102;0,4,0.9895,0,197;3,0,0.4155,0,101;0,2,0.0515,0,109
claim-interventional-train-00880	1	1	0	212,51,84,134,141,35,209,149,7,146,15,155,75,195,185,123,201,163,176,16,27,70,59,209,66,136,21,103,191,112,89,40,45,108,93,118	6,5,0.0005,0,47;2,1,0.1705,0,18;2,1,0.4295,1,195;2,2,0.3045,0,247;6,2,0.1205,1,230;2,4,0.1425,0,208
claim-interventional-train-00881	1	0	0	20,191,159,27,21,183,13,50,105,149,69,178,110,45,93,126,62,141,41,80,116,117,189,92,145,7,195,131,38,183,165,173,139,164,67,83	6,3,0.9165,0,139;2,4,0.2645,0,190;1,4,0.7345,0,249;7,1,0.8985,0,28;8,4,0.9775,0,242;5,1,0.7785,0,238
claim-interventional-train-00882	2	1	2	214,156,108,210,35,140,80,28,151,130,146,97,215,89,62,182,117,11,49,185,163,66,17,192,41,204,114,141,45,72,127,93,21,157,5,85	4,1,0.2345,0,227;3,1,0.3815,0,135;0,4,0.4375,3,233;7,3,0.3005,0,137;0,2,0.5705,0,13;6,0,0.8395,0,71
claim-interventional-train-00883	7	1	2	42,135,39,183,139,110,92,75,69,86,205,214,21,187,50,66,121,17,158,146,165,185,100,119,27,115,45,2,58,157,96,166,141,183,151,15	1,5,0.3125,0,213;2,5,0.5545,0,120;1,0,0.5355,0,34;2,4,0.8085,3,219;3,4,0.6285,2,63;0,5,0.6985,0,90
claim-interventional-train-00884	7	0	2	141,191,13,65,117,40,203,34,140,21,145,196,83,201,63,115,170,196,134,81,90,107,123,206,29,52,98,151,19,69,45,175,207,2,95,157	1,3,0.7475,0,143;4,0,0.1305,0,199;3,5,0.3455,0,153;8,1,0.4105,2,222;1,1,0.6235,0,165;2,4,0.8125,0,123
claim-interventional-train-00885	0	3	1	130,93,165,213,144,160,103,162,88,4,65,69,17,15,197,148,165,159,162,127,45,60,150,80,21,193,49,140,34,113,85,117,25,107,161,40	3,5,0.3295,0,122;0,0,0.0045,0,28;0,2,0.3105,0,109;7,3,0.0665,0,96;6,1,0.3185,0,138;6,0,0.9635,3,146
claim-interventional-train-00886	8	1	1	82,16,183,146,76,161,183,41,179,93,34,155,116,3,33,21,181,107,166,101,68,46,132,191,138,69,143,54,90,123,150,14,211,62,120,195	2,4,0.0715,0,150;8,0,0.3855,1,54;5,4,0.9575,0,132;3,0,0.4135,0,24;4,1,0.9905,3,247;2,2,0.5015,2,53
claim-interventional-train-00887	1	1	2	33,112,154,210,45,185,69,137,21,167,12,93,20,141,63,214,5,117,131,176,41,178,75,163,151,183,85,90,107,146,55,124,171,68,100,36	4,2,0.8555,0,92;8,2,0.3705,0,243;6,5,0.8105,0,49;2,3,0.4965,0,80;3,1,0.0845,0,189;3,1,0.3705,0,246
claim-interventional-train-00888	0	3	0	182,100,93,207,176,155,126,28,134,148,181,13,19,149,51,38,60,116,117,22,4,44,66,110,154,141,164,140,69,172,84,178,45,90,76,198	3,3,0.7535,1,161;3,4,0.9135,0,156;2,2,0.4675,0,26;3,2,0.5155,0,112;3,4,0.9835,0,14;5,4,0.8295,0,194
claim-interventional-train-00889	10	0	2	40,141,39,169,10,53,175,21,19,106,200,88,61,94,98,66,129,139,3,135,145,84,153,69,155,200,117,180,112,45,81,157,169,151,29,163	2,0,0.7815,0,60;4,5,0.0935,0,233;4,3,0.5315,0,195;8,2,0.0315,1,167;1,0,0.1625,0,4;8,5,0.6395,0,182
claim-interventional-train-00890	3	0	1	195,188,10,162,114,16,4,126,138,64,165,88,21,105,189,117,61,44,52,150,45,152,174,134,141,179,107,38,93,178,69,28,75,203,145,84	3,0,0.1735,0,96;3,4,0.8035,0,249;3,3,0.0465,0,54;2,2,0.1385,0,4;8,1,0.4255,0,87;5,4,0.4305,0,128
claim-interventional-train-00891	10	2	2	16,83,21,151,68,128,35,53,159,198,147,203,205,135,45,10,100,6,108,78,141,41,184,189,28,62,89,136,117,202,213,115,192,182,93,69	5,0,0.1775,0,193;3,1,0.2265,0,223;4,4,0.8215,0,216;5,1,0.2055,0,133;3,2,0.7005,0,12;7,5,0.0565,0,238
claim-interventional-train-00892	5	2	2	39,19,60,117,147,157,28,45,176,159,130,142,208,77,44,151,85,124,107,140,187,201,91,160,101,14,197,66,176,52,93,116,69,4,194,22	3,4,0.6685,1,231;3,5,0.9275,0,163;3,2,0.5675,0,211;4,3,0.7325,0,213;4,1,0.8295,0,22;3,0,0.8875,1,133
claim-interventional-train-00893	1	1	2	28,95,184,21,37,45,137,115,80,206,157,146,152,85,63,90,179,41,141,118,15,109,69,20,68,177,135,193,99,8,214,123,162,174,151,51	7,5,0.9485,0,73;3,3,0.2245,0,26;2,5,0.8995,0,101;7,3,0.5505,2,60;2,3,0.7175,1,204;2,5,0.3155,0,208
claim-interventional-train-00894	9	0	2	78,138,23,112,102,14,19,207,117,188,86,39,151,69,180,32,45,182,205,89,163,122,6,93,68,58,164,207,194,109,133,215,49,144,145,42	5,4,0.7515,2,183;7,5,0.4845,0,227;0,0,0.9925,0,188;5,4,0.3795,0,163;5,3,0.1395,0,199;1,3,0.5095,3,106
claim-interventional-train-00895	9	0	1	159,113,61,141,161,163,109,22,145,183,169,77,47,128,16,70,82,117,211,165,6,196,29,39,200,65,97,150,42,93,138,90,50,13,133,155	5,3,0.0715,1,10;4,5,0.4275,2,147;1,3,0.2315,1,23;4,0,0.5855,0,233;0,3,0.3035,0,226;7,3,0.4125,0,68
claim-interventional-train-00896	7	1	1	21,186,72,41,138,202,2,19,146,141,15,134,118,116,59,88,28,206,191,80,84,210,38,150,205,182,208,101,193,126,57,45,106,96,68,186	1,5,0.7095,0,232;3,4,0.2575,0,86;8,1,0.9225,3,179;7,2,0.0715,3,47;4,0,0.9555,1,203;5,4,0.5815,0,154
claim-interventional-train-00897	1	1	1	45,21,66,150,140,69,87,188,43,178,117,75,54,193,33,189,115,39,146,127,105,61,7,90,175,202,162,93,214,106,169,141,20,210,130,13	6,3,0.8975,0,103;8,5,0.6315,0,55;5,3,0.4285,0,99;2,5,0.4735,0,19;8,0,0.7735,0,35;6,0,0.9335,0,22
claim-interventional-train-00898	1	3	0	116,29,177,182,6,117,56,79,107,205,24,139,141,10,204,62,82,99,159,154,211,149,130,125,40,195,68,89,45,179,17,93,38,71,164,148	5,0,0.3825,3,125;4,4,0.1755,0,79;7,4,0.9425,2,106;6,0,0.2295,0,229;2,1,0.8305,0,117;4,0,0.6225,0,27
claim-interventional-train-00899	0	3	2	116,135,151,26,156,37,163,97,7,85,66,69,76,202,141,124,44,91,157,60,198,139,21,110,119,190,170,19,172,93,148,48,11,49,210,214	6,1,0.7295,0,67;1,3,0.9075,3,203;0,2,0.5485,0,87;3,3,0.7665,0,230;0,4,0.8385,2,155;3,5,0.6295,0,238
claim-interventional-train-00900	1	0	1	123,117,92,135,108,31,204,140,41,112,21,212,142,19,75,45,69,52,65,61,180,87,162,196,158,145,215,209,7,97,187,11,93,199,150,37	6,1,0.6475,0,87;6,3,0.3595,0,106;3,3,0.3415,0,10;2,5,0.8285,0,28;0,2,0.0215,0,103;2,5,0.9675,1,2
claim-interventional-train-00901	10	3	2	132,151,141,201,157,29,69,209,195,76,213,36,192,21,65,40,86,45,99,155,90,117,58,9,115,157,170,202,20,93,138,53,121,148,13,107	8,3,0.8255,0,127;4,2,0.1335,0,223;4,0,0.2375,0,192;3,4,0.5015,0,165;2,1,0.6625,0,214;0,2,0.4695,0,94
claim-interventional-train-00902	10	1	0	65,204,117,5,45,15,149,89,93,152,198,21,20,193,114,69,86,39,75,130,200,141,165,183,106,199,33,63,188,127,42,54,97,214,138,146	4,5,0.9555,0,145;8,5,0.4165,0,29;5,5,0.2195,0,184;2,4,0.2495,0,193;0,0,0.4155,0,245;6,0,0.4795,0,254
claim-interventional-train-00903	1	0	0	172,21,89,18,138,45,200,206,87,55,145,69,117,110,185,103,41,149,126,93,210,175,60,68,141,166,37,31,172,15,3,134,115,185,79,208	2,5,0.5305,0,211;6,3,0.2335,0,202;6,2,0.9045,0,197;6,5,0.3315,0,162;6,4,0.7915,0,56;5,4,0.4205,0,243
claim-interventional-train-00904	5	0	2	198,18,54,21,167,91,151,165,6,131,34,112,211,108,204,173,145,97,72,10,28,189,85,93,128,47,185,165,61,162,79,140,117,41,65,141	5,0,0.5385,0,31;3,0,0.2155,2,127;5,3,0.2135,3,88;6,3,0.7335,0,252;0,2,0.0345,0,123;7,1,0.8215,0,199
claim-interventional-train-00905	10	1	1	180,39,93,88,79,15,193,132,63,180,180,112,117,30,101,200,45,150,201,66,121,21,111,87,69,139,19,179,141,204,55,9,205,204,43,146	8,5,0.7765,0,59;5,5,0.6375,0,172;6,5,0.5225,0,17;6,5,0.0275,0,63;4,5,0.1415,0,182;0,2,0.6255,0,221
claim-interventional-train-00906	1	1	1	64,173,146,93,21,20,102,174,142,150,130,215,56,196,200,139,108,175,45,116,58,38,188,75,122,33,44,88,3,13,213,85,117,199,155,69	2,3,0.9675,0,123;8,4,0.9465,0,213;7,0,0.1945,0,88;2,3,0.0585,0,178;5,2,0.9225,0,197;1,0,0.7745,1,32
claim-interventional-train-00907	10	1	0	128,59,38,177,101,181,10,204,149,110,141,19,66,81,47,115,172,163,200,132,42,183,27,90,93,87,171,139,154,146,189,69,50,1,117,21	0,0,0.7475,0,62;2,4,0.4435,2,249;1,1,0.4845,0,149;8,5,0.5105,0,98;4,4,0.6625,0,39;7,2,0.7645,0,110
claim-interventional-train-00908	5	1	1	36,89,141,113,64,45,117,103,210,192,10,26,192,174,87,96,150,78,9,164,138,20,42,63,109,52,205,70,146,158,205,132,205,164,21,127	8,0,0.8555,0,185;1,2,0.5425,0,182;3,5,0.1345,1,249;5,5,0.2655,3,219;6,3,0.3435,0,228;6,2,0.5475,0,127
claim-interventional-train-00909	10	1	1	36,184,204,63,159,117,19,40,108,21,87,56,141,9,153,203,81,114,179,185,133,150,45,139,93,122,159,102,65,70,92,15,210,192,146,27	8,5,0.6925,0,122;2,2,0.1385,0,205;7,5,0.2235,1,175;8,5,0.8285,0,243;5,2,0.5245,0,199;1,3,0.7665,0,52
claim-interventional-train-00910	1	0	0	27,157,172,176,20,149,196,132,141,145,103,160,106,124,152,52,88,154,116,165,37,93,117,74,85,152,5,45,69,21,64,62,11,174,140,42	4,1,0.8835,0,62;2,3,0.5605,0,151;3,4,0.1325,0,245;1,3,0.0405,0,244;6,0,0.8175,0,202;3,2,0.9915,0,47
claim-interventional-train-00911	1	1	1	34,4,150,45,21,89,158,69,31,94,140,64,187,116,108,171,133,141,44,58,20,117,156,146,11,84,153,157,104,51,200,197,210,123,159,79	3,1,0.8295,0,177;6,0,0.9335,0,120;2,0,0.0895,0,16;6,2,0.2375,1,70;7,2,0.8275,0,217;2,3,0.8785,0,173
claim-interventional-train-00912	9	1	2	144,200,205,38,122,117,138,93,21,146,110,134,27,68,43,49,199,59,47,195,104,89,80,174,6,17,173,114,83,71,215,13,213,178,151,179	5,3,0.3945,0,32;2,4,0.7235,2,39;0,1,0.8665,2,59;7,1,0.3765,0,179;7,4,0.4595,0,179;1,4,0.4215,3,169
claim-interventional-train-00913	1	0	1	57,199,44,21,69,109,198,185,83,214,58,92,125,120,137,101,183,7,112,198,133,93,74,64,14,27,160,45,182,144,20,150,195,145,161,39	6,4,0.9625,0,132;2,5,0.8865,0,226;8,0,0.1175,0,0;1,1,0.8795,0,35;4,3,0.0495,3,124;4,3,0.2395,3,180
claim-interventional-train-00914	2	3	0	206,86,180,128,109,189,65,112,215,140,57,99,141,69,174,76,60,149,148,21,170,13,6,212,181,17,132,93,190,169,36,45,117,42,30,92	5,3,0.2885,0,241;5,2,0.5565,0,238;8,2,0.2045,0,205;3,4,0.9765,0,204;2,3,0.1535,0,214;7,2,0.9015,0,49
claim-interventional-train-00915	5	0	1	60,45,89,207,99,209,139,70,106,150,145,87,16,159,21,173,192,74,68,132,41,117,127,35,29,189,113,170,14,141,178,93,57,179,155,9	8,4,0.0015,0,246;4,1,0.2635,0,79;8,2,0.8195,1,122;1,5,0.2325,0,222;2,0,0.2935,0,185;6,2,0.7195,0,38
claim-interventional-train-00916	3	0	2	107,86,173,52,121,72,170,38,193,193,145,136,166,74,5,43,141,12,28,198,188,163,113,45,59,174,101,88,191,17,66,130,21,93,151,119	4,2,0.2635,0,29;3,4,0.6765,0,64;3,1,0.5805,3,181;1,4,0.1115,0,115;4,1,0.3105,2,243;0,0,0.0215,0,111
claim-interventional-train-00917	10	3	0	178,85,161,38,19,29,161,153,129,1,133,104,194,108,78,141,11,137,190,148,93,149,56,58,44,194,89,66,207,24,117,69,168,165,113,45	0,1,0.6105,3,231;4,4,0.9695,0,125;7,0,0.5805,0,193;5,3,0.2585,0,160;7,2,0.2505,0,99;8,3,0.3865,0,39
claim-interventional-train-00918	2	3	2	100,10,82,189,141,179,163,21,151,67,46,92,17,172,39,178,59,129,69,139,148,51,215,164,7,117,178,43,111,77,202,113,93,132,28,153	6,0,0.2175,0,29;3,5,0.6395,1,43;2,1,0.6185,0,167;4,0,0.8195,0,10;3,5,0.3075,0,226;8,2,0.6175,0,242
claim-interventional-train-00919	9	3	1	170,101,148,161,161,117,110,37,172,18,141,133,87,93,198,139,33,128,91,8,72,44,61,74,164,150,21,65,205,45,55,195,196,177,114,15	7,5,0.5435,0,31;8,3,0.8605,0,234;6,3,0.2565,3,159;1,5,0.7875,0,145;4,4,0.4395,0,154;7,3,0.6435,0,21
claim-interventional-train-00920	9	2	1	200,184,39,150,23,164,45,141,18,50,215,130,147,117,186,187,88,93,108,214,85,8,128,116,13,105,44,32,69,61,206,79,67,137,173,185	7,3,0.4885,2,22;7,5,0.9455,0,221;1,3,0.6075,0,57;6,3,0.0105,0,140;8,2,0.9385,0,187;7,0,0.3575,0,221
claim-interventional-train-00921	10	3	2	39,174,148,71,21,47,60,33,3,77,205,165,156,153,111,131,93,205,164,86,140,200,126,54,42,18,151,117,160,89,141,112,208,12,68,98	2,2,0.4245,0,94;8,5,0.4455,2,193;5,2,0.9425,2,31;4,4,0.3655,0,45;1,5,0.1835,0,78;5,1,0.9365,0,181
claim-interventional-train-00922	1	0	2	21,210,56,123,93,168,99,195,64,42,186,15,69,114,117,182,35,144,108,79,182,16,192,1,168,58,185,45,138,145,27,92,83,151,203,131	0,5,0.1445,0,216;2,1,0.5535,0,12;7,0,0.1115,0,49;6,1,0.8205,0,29;2,2,0.5795,0,166;2,1,0.5065,3,229
claim-interventional-train-00923	9	0	1	136,191,179,19,62,107,28,21,87,105,145,183,45,88,116,44,195,215,69,134,38,8,74,150,68,128,178,214,154,144,13,93,182,210,117,50	7,3,0.7315,0,48;3,4,0.8845,0,100;1,4,0.9375,0,106;1,5,0.0985,0,192;8,1,0.9925,0,78;7,4,0.0905,3,142
claim-interventional-train-00924	0	3	0	105,136,4,166,189,69,155,109,64,61,180,90,169,32,197,20,205,143,148,198,117,133,38,21,45,129,15,85,193,57,93,114,78,149,189,42	3,5,0.9235,0,41;7,4,0.4845,0,98;8,3,0.1175,0,171;5,3,0.4545,0,166;8,3,0.4955,0,213;8,3,0.0915,2,48
claim-interventional-train-00925	10	3	1	110,84,11,117,187,182,93,45,150,148,137,116,60,155,77,201,92,144,204,181,102,41,66,128,21,153,49,16,33,7,36,69,197,134,174,189	6,1,0.1525,0,152;8,2,0.2245,0,240;0,2,0.5035,0,92;4,2,0.8175,0,244;5,4,0.9355,0,41;7,4,0.2785,3,97
claim-interventional-train-00926	8	1	0	149,58,173,139,141,135,194,194,55,196,157,93,66,43,117,104,6,72,17,87,114,195,164,78,177,21,36,109,91,146,121,27,14,186,45,167	5,4,0.2915,0,215;2,2,0.7325,0,138;6,0,0.5785,3,51;5,5,0.7865,0,111;7,3,0.5855,0,243;0,5,0.7755,0,129
claim-interventional-train-00927	2	1	1	78,86,93,118,98,183,13,150,132,52,141,210,24,9,35,195,122,60,156,137,196,45,91,18,40,33,169,198,146,68,165,107,114,69,154,162	8,3,0.5085,3,151;8,1,0.1305,0,195;3,2,0.8455,0,111;5,4,0.7735,0,200;1,1,0.4935,1,131;1,2,0.2695,0,223
claim-interventional-train-00928	1	1	1	113,203,58,93,68,146,75,31,192,4,111,207,150,182,214,44,195,171,84,88,45,190,187,69,141,176,52,13,39,135,120,123,21,98,140,17	3,3,0.3365,0,53;6,5,0.8105,0,224;3,0,0.8135,0,248;2,2,0.1945,0,170;1,5,0.2145,3,234;2,5,0.8275,0,230
claim-interventional-train-00929	10	0	0	177,93,43,161,136,164,190,133,141,82,13,5,113,19,52,45,21,149,158,128,77,90,34,63,145,209,69,27,64,185,205,187,102,169,117,107	4,3,0.7275,0,196;2,0,0.7165,0,13;3,5,0.0105,0,61;4,0,0.5425,0,153;5,1,0.2755,0,167;7,3,0.1265,0,3
claim-interventional-train-00930	2	0	0	200,189,125,21,42,192,149,173,112,85,80,35,133,159,45,69,212,109,49,145,99,92,11,28,9,187,66,16,136,177,117,59,158,174,141,94	8,1,0.1065,0,179;3,1,0.4605,0,240;0,1,0.4595,0,179;7,3,0.9445,1,44;2,3,0.0545,0,81;4,3,0.1565,0,229
claim-interventional-train-00931	9	0	0	110,19,193,128,149,160,145,93,140,45,85,35,195,131,168,166,32,43,163,8,21,88,141,79,152,117,157,55,72,64,169,113,14,60,201,105	7,4,0.7345,0,36;7,1,0.7205,0,88;6,2,0.1565,3,209;6,3,0.1335,0,33;8,4,0.2665,0,136;7,1,0.8325,0,118
claim-interventional-train-00932	10	0	1	177,45,145,4,29,103,144,186,178,212,91,10,37,81,150,21,155,139,182,52,40,124,69,159,178,20,120,87,172,65,113,93,107,61,133,197	3,0,0.9495,0,207;4,3,0.0805,0,124;3,3,0.2915,0,28;8,5,0.6165,0,49;6,1,0.2805,3,86;3,3,0.7635,3,232
claim-interventional-train-00933	10	0	1	13,45,108,7,141,120,93,196,152,22,170,164,20,214,145,60,92,69,188,74,39,140,98,40,67,125,150,166,213,134,114,26,174,215,84,51	6,3,0.8815,1,137;1,5,0.0465,0,75;2,2,0.6665,0,129;1,2,0.8765,0,86;1,2,0.5955,3,131;4,4,0.8325,0,171
claim-interventional-train-00934	6	1	2	21,205,75,135,201,89,100,198,93,146,112,20,193,14,177,151,141,48,84,212,117,111,194,41,51,165,212,5,69,31,38,174,121,63,64,137	4,4,0.8045,0,219;6,4,0.2195,3,162;2,5,0.0205,0,62;2,2,0.2445,0,251;3,5,0.0105,0,74;0,5,0.3465,0,26
claim-interventional-train-00935	4	1	1	162,88,118,39,16,135,153,150,45,99,21,83,200,53,114,9,141,44,207,63,168,146,76,13,123,152,28,199,65,111,71,158,139,183,162,93	8,3,0.0105,0,26;3,5,0.8475,0,132;4,5,0.2485,2,2;3,1,0.1475,0,239;2,5,0.4035,1,202;2,5,0.7135,0,114
claim-interventional-train-00936	10	0	1	181,69,27,204,39,117,137,145,192,77,150,99,158,58,107,5,205,172,87,40,182,141,174,155,19,51,91,113,64,135,46,93,10,24,192,123	4,0,0.7255,3,240;2,5,0.1355,1,199;2,0,0.0205,0,59;4,5,0.6045,0,62;2,1,0.2155,0,219;2,5,0.3935,0,248
claim-interventional-train-00937	8	0	0	76,121,155,87,102,21,152,69,19,189,183,38,116,149,3,182,111,117,161,134,160,64,45,141,145,93,10,43,49,202,138,215,188,29,88,61	2,0,0.7475,0,162;4,4,0.6325,0,241;0,3,0.0455,0,33;3,5,0.0705,0,125;5,5,0.9945,0,144;0,4,0.4165,0,147
claim-interventional-train-00938	0	3	2	140,193,184,151,82,43,69,21,90,108,124,179,45,20,184,95,159,148,161,114,205,65,62,50,192,4,204,135,26,14,99,81,118,34,170,141	3,4,0.9675,0,18;1,0,0.6485,0,95;1,4,0.3595,0,102;8,0,0.5885,2,133;2,2,0.5685,1,114;3,5,0.8445,0,180
claim-interventional-train-00939	9	3	0	22,69,26,112,138,45,183,100,165,132,43,169,20,197,66,74,10,59,107,83,212,173,90,148,56,212,141,38,201,149,93,7,121,193,120,175	6,0,0.8585,1,50;1,4,0.6435,0,222;7,1,0.4595,0,149;1,1,0.5905,0,21;3,1,0.0575,3,19;0,2,0.5375,0,61
claim-interventional-train-00940	2	0	0	86,211,195,158,110,41,208,69,56,137,60,141,102,208,36,149,5,118,91,13,45,16,200,199,201,68,145,194,207,93,112,134,25,21,76,125	4,3,0.1735,0,235;0,2,0.2815,0,103;7,2,0.9735,0,58;3,4,0.6605,0,13;5,4,0.1695,1,181;4,4,0.2305,0,179
claim-interventional-train-00941	9	0	0	14,198,85,39,32,165,76,6,203,200,99,93,133,184,62,66,109,16,56,69,182,92,162,141,42,45,195,149,145,116,129,137,175,21,209,117	5,4,0.1635,0,146;7,5,0.4055,0,248;7,4,0.5845,0,5;3,3,0.9555,0,134;2,3,0.8335,0,101;8,3,0.3945,0,72
claim-interventional-train-00942	10	3	1	148,208,113,86,150,110,158,152,140,93,117,68,69,5,43,201,58,77,25,179,47,181,19,55,162,143,182,186,128,90,12,135,105,199,39,21	4,2,0.6355,0,28;0,5,0.6635,2,141;6,0,0.9045,0,94;4,4,0.5915,0,214;8,4,0.3335,0,27;7,5,0.9315,2,183
claim-interventional-train-00943	0	3	1	150,118,173,33,82,103,123,35,72,198,201,58,160,18,189,200,130,51,45,14,107,44,112,64,93,197,76,207,141,181,92,4,194,138,148,21	3,4,0.5205,0,89;8,1,0.9065,0,99;2,0,0.1555,3,99;3,0,0.9035,0,7;6,1,0.1585,1,55;2,0,0.5925,0,192
claim-interventional-train-00944	4	1	2	36,21,191,59,132,144,88,77,117,97,94,128,138,213,146,45,4,200,69,169,192,52,193,151,65,201,114,20,84,15,28,199,107,171,156,41	3,5,0.9785,0,188;3,2,0.2915,0,215;3,1,0.3925,0,72;4,2,0.0465,1,53;0,1,0.4455,0,221;7,2,0.4835,3,2
claim-interventional-train-00945	4	1	0	168,185,144,117,198,166,9,45,113,87,170,166,212,191,34,21,69,123,146,111,19,15,165,52,93,134,99,41,136,214,30,59,74,89,64,149	8,5,0.6775,0,242;5,0,0.2375,0,126;3,1,0.1325,0,7;1,5,0.3435,0,124;2,5,0.2525,0,77;2,4,0.0115,3,77
claim-interventional-train-00946	10	1	0	63,208,158,131,43,45,69,157,102,181,38,29,146,92,178,87,141,170,208,11,123,95,57,3,167,138,149,117,115,74,21,108,196,68,156,18	2,1,0.5505,0,171;4,4,0.7215,0,247;8,5,0.8845,0,15;1,5,0.9705,2,205;5,2,0.6855,0,126;2,1,0.5885,0,62
claim-interventional-train-00947	1	1	2	101,4,190,164,172,34,81,45,89,158,40,183,69,131,212,13,112,59,17,66,172,51,140,141,21,151,118,170,215,26,108,172,123,146,84,95	3,3,0.2415,0,170;1,0,0.0075,0,125;2,1,0.5935,0,161;8,2,0.2695,2,168;4,2,0.0255,1,18;2,1,0.9125,0,113
claim-interventional-train-00948	9	3	2	40,154,148,14,37,64,208,161,183,75,53,93,135,186,128,204,206,165,31,103,151,138,82,113,88,9,70,141,62,18,117,214,107,21,169,45	8,4,0.4935,0,158;6,3,0.1425,0,130;4,4,0.0525,1,187;2,0,0.0895,0,69;6,1,0.2285,0,7;7,5,0.4955,0,122
claim-interventional-train-00949	10	2	0	93,119,37,205,33,105,155,149,21,122,9,64,72,16,141,201,107,86,207,10,49,61,200,76,130,158,140,152,44,147,169,45,89,115,186,205	8,0,0.1085,0,68;8,3,0.8915,0,78;0,3,0.0295,3,1;3,4,0.2015,0,237;8,1,0.7935,2,252;1,0,0.9505,0,25
claim-interventional-train-00950	8	1	1	97,155,146,43,26,160,167,9,21,180,91,106,59,16,38,180,50,45,69,93,176,80,133,141,117,178,82,181,64,140,150,182,113,208,126,14	8,4,0.0695,0,207;1,4,0.6655,0,68;1,1,0.1015,0,130;7,0,0.7555,0,149;0,0,0.2595,0,113;5,3,0.8725,0,189
claim-interventional-train-00951	1	1	1	39,140,84,203,29,12,23,47,18,61,69,120,146,4,154,150,43,51,203,93,191,116,163,107,125,141,92,180,73,163,172,185,66,100,130,164	3,2,0.4755,2,91;4,5,0.7855,2,94;2,3,0.5425,0,177;0,2,0.8515,0,160;3,1,0.8375,3,57;4,0,0.8295,0,159
claim-interventional-train-00952	10	1	0	60,146,111,215,48,129,135,113,9,196,149,20,200,194,29,171,92,12,93,23,69,140,87,117,35,158,100,78,161,141,41,65,198,49,193,172	8,2,0.8805,2,16;4,1,0.2195,3,131;0,2,0.3345,0,125;5,5,0.9805,0,149;3,5,0.3305,0,35;8,5,0.9455,0,237
claim-interventional-train-00953	9	2	0	21,14,6,149,215,91,165,165,74,69,122,147,26,132,47,62,34,168,159,104,179,40,160,136,53,170,117,93,85,201,106,116,67,141,160,20	5,4,0.8595,0,244;1,0,0.1235,2,109;4,4,0.7195,0,149;1,3,0.7235,0,220;7,0,0.9855,0,115;1,2,0.0625,0,23
claim-interventional-train-00954	6	1	2	135,178,116,21,14,140,117,157,182,146,66,30,185,80,121,169,42,141,108,69,172,83,5,63,191,151,102,208,49,19,91,34,183,45,161,93	4,4,0.6425,0,73;5,0,0.5785,0,201;0,5,0.4665,0,119;7,1,0.6505,0,132;5,2,0.9455,0,131;0,5,0.8485,0,79
claim-interventional-train-00955	9	1	0	85,73,66,4,39,42,215,165,176,196,141,117,98,146,115,171,163,69,188,21,123,164,61,17,110,133,168,47,212,93,29,56,149,138,88,14	3,4,0.2135,0,132;4,5,0.4485,2,4;7,3,0.5815,0,218;0,3,0.0035,0,11;1,4,0.6995,0,136;2,3,0.4195,0,8
claim-interventional-train-00956	1	1	1	51,45,159,192,33,174,21,116,124,3,143,105,41,191,66,93,138,146,199,61,107,35,69,20,182,187,117,207,135,15,89,190,211,73,150,85	2,5,0.9475,0,184;8,1,0.3385,0,78;2,3,0.5495,0,55;0,3,0.3055,0,157;8,1,0.8675,0,250;3,5,0.5655,2,203
claim-interventional-train-00957	6	2	2	97,147,190,144,55,65,159,92,117,14,195,87,113,34,137,175,184,130,93,45,21,182,26,60,8,43,125,178,165,106,151,209,69,175,19,73	7,4,0.6345,0,243;1,0,0.6335,0,34;6,2,0.3705,0,231;0,5,0.8685,0,194;0,0,0.2155,0,65;4,0,0.3615,3,74
claim-interventional-train-00958	5	2	2	191,122,154,31,179,84,108,43,147,174,162,93,91,103,37,45,213,9,20,117,10,130,63,190,80,116,141,186,21,52,151,174,65,140,69,193	8,0,0.8615,0,157;6,3,0.6405,0,253;3,5,0.2075,0,150;7,2,0.6315,0,166;6,2,0.8375,0,229;1,0,0.9335,0,25
claim-interventional-train-00959	1	0	0	77,117,193,1,149,69,130,21,185,139,27,59,15,184,17,85,170,209,116,64,202,52,154,145,142,204,107,121,45,93,103,44,36,188,91,162	0,5,0.3185,0,252;2,2,0.9665,0,204;3,1,0.0935,0,101;4,3,0.7865,0,72;6,1,0.8595,0,219;0,0,0.7435,1,169
claim-interventional-train-00960	1	3	1	5,41,121,86,154,92,205,45,213,98,203,148,36,66,211,16,96,139,63,107,117,75,141,211,27,198,114,51,69,150,190,23,175,131,15,184	4,5,0.1605,2,131;2,2,0.3465,0,139;2,5,0.5805,0,65;2,4,0.9145,3,201;1,1,0.5605,0,115;0,1,0.7955,0,124
claim-interventional-train-00961	8	3	1	152,65,106,100,89,58,21,215,115,38,205,93,130,125,6,85,18,27,141,199,208,148,191,42,168,165,150,177,48,51,169,15,139,80,120,71	5,5,0.4995,0,49;2,4,0.5695,3,232;2,0,0.3065,2,182;7,3,0.3085,0,89;3,0,0.7315,3,252;4,0,0.7305,0,48
claim-interventional-train-00962	10	2	2	88,168,210,101,136,115,43,147,174,46,58,28,64,165,14,17,117,21,151,124,153,208,49,73,212,133,71,141,166,5,82,160,38,93,111,175	4,4,0.3415,0,147;3,4,0.6295,1,171;0,0,0.1135,2,58;0,0,0.1645,0,232;4,5,0.6965,0,195;3,3,0.1875,0,168
claim-interventional-train-00963	5	1	1	45,200,76,16,90,58,117,21,187,201,201,130,150,93,199,64,121,35,69,167,14,53,146,205,139,110,173,114,160,103,83,169,41,3,27,142	2,4,0.1185,0,156;2,1,0.2945,0,35;4,0,0.1505,0,107;3,1,0.4415,0,34;6,4,0.4555,0,154;0,0,0.6395,1,199
claim-interventional-train-00964	2	2	2	25,120,65,183,196,141,41,163,93,58,174,189,97,83,188,151,215,1,90,132,45,113,128,180,70,21,49,35,79,18,138,107,189,12,206,147	0,2,0.4135,0,200;0,1,0.2165,0,209;0,0,0.3885,1,99;6,1,0.4055,0,38;0,1,0.3915,3,140;7,2,0.5145,0,42
claim-interventional-train-00965	1	1	1	146,210,27,91,15,187,39,154,93,21,45,158,113,65,3,173,103,197,140,123,71,117,110,18,141,199,86,150,213,58,41,132,52,186,204,79	2,5,0.5165,0,61;2,5,0.2115,0,89;3,0,0.2025,2,171;6,4,0.6415,0,129;6,4,0.2145,0,180;2,2,0.8865,0,250
claim-interventional-train-00966	7	1	1	69,180,141,120,126,44,56,86,163,60,74,166,133,214,28,2,99,150,46,39,20,67,93,91,166,156,137,14,161,146,21,154,109,113,211,164	1,4,0.8115,0,229;3,5,0.9675,1,16;7,2,0.7445,0,59;1,4,0.7875,0,104;2,3,0.3015,3,134;5,3,0.3735,0,225
claim-interventional-train-00967	2	0	0	125,115,90,74,138,16,34,62,45,64,171,107,21,161,152,167,145,54,117,149,154,82,100,205,172,69,13,28,42,141,201,175,3,195,130,93	2,3,0.1475,0,225;3,0,0.4555,0,30;5,4,0.1205,0,218;1,0,0.5735,0,175;3,1,0.7005,0,190;4,0,0.4305,0,129
claim-interventional-train-00968	6	0	2	156,141,91,93,162,20,112,106,73,126,10,209,169,151,22,166,87,117,175,178,58,48,210,39,136,5,69,26,188,132,40,56,67,192,145,104	4,0,0.9155,1,40;1,5,0.1505,3,136;7,0,0.7265,0,201;0,5,0.6065,0,58;7,0,0.0975,0,128;5,2,0.1375,0,199
claim-interventional-train-00969	9	1	0	182,69,210,208,153,45,149,21,113,184,188,120,174,59,133,84,141,205,93,80,56,17,91,137,34,153,68,5,146,107,123,196,11,99,42,28	4,1,0.3095,0,103;3,0,0.5405,0,217;7,1,0.8915,0,76;7,2,0.6785,0,161;2,1,0.2905,3,232;2,3,0.2275,0,210
claim-interventional-train-00970	2	1	0	21,52,146,117,76,47,112,204,127,91,110,36,149,208,182,59,25,211,160,141,16,3,213,211,131,100,66,209,69,138,179,82,185,10,42,95	2,0,0.1965,0,70;0,2,0.4515,2,115;3,1,0.4775,0,135;3,0,0.7005,2,101;3,4,0.0135,0,48;6,1,0.5685,0,252
claim-interventional-train-00971	6	1	0	21,87,168,38,192,157,129,93,209,67,131,136,63,116,89,177,76,193,146,185,196,69,16,191,3,104,149,41,45,120,205,107,49,141,33,14	2,4,0.0735,0,193;8,4,0.2565,0,177;0,5,0.6765,0,233;3,5,0.3465,0,114;7,1,0.8825,3,55;8,1,0.1265,0,228
claim-interventional-train-00972	2	0	0	4,88,149,114,68,201,185,96,100,183,125,176,180,22,106,17,69,136,189,120,141,207,84,29,170,36,133,14,55,76,41,156,145,59,45,181	3,4,0.2335,1,131;4,2,0.3245,0,85;6,1,0.8065,0,88;3,2,0.1075,3,48;3,0,0.4675,3,100;4,3,0.0485,0,191
claim-interventional-train-00973	9	1	2	151,29,17,207,146,42,211,135,11,56,61,66,159,180,34,127,162,176,205,100,69,187,21,169,138,107,45,75,87,8,116,141,117,95,90,188	7,1,0.3095,0,61;4,0,0.4145,0,188;7,3,0.5155,0,30;2,5,0.4045,2,169;3,1,0.8045,0,14;6,5,0.4935,0,93
claim-interventional-train-00974	6	2	0	215,80,41,59,190,164,28,147,108,170,137,128,130,16,90,66,12,95,112,39,213,213,69,180,117,46,149,215,87,201,101,21,141,1,49,182	0,2,0.1805,0,115;3,5,0.2435,1,105;0,1,0.4455,0,2;7,5,0.5645,2,88;4,2,0.0545,0,107;7,0,0.2445,0,12
claim-interventional-train-00975	2	0	0	35,83,101,186,58,205,145,69,196,65,6,199,118,91,21,178,155,41,11,141,124,202,25,96,79,162,149,202,115,19,47,110,130,50,138,203	5,1,0.6965,0,239;0,1,0.2145,2,155;1,0,0.2975,0,59;6,1,0.6885,3,176;4,4,0.7655,1,181;3,0,0.5685,0,166
claim-interventional-train-00976	1	3	1	172,35,171,119,150,52,212,90,107,85,167,72,153,3,102,12,165,130,113,177,140,16,21,75,45,41,58,148,93,195,66,26,152,144,206,126	2,2,0.0625,0,98;1,1,0.2435,0,224;3,0,0.5665,3,1;2,3,0.5645,0,113;5,1,0.2435,2,200;5,0,0.9825,3,13
claim-interventional-train-00977	6	1	0	89,153,135,149,113,188,37,184,172,211,53,107,102,126,42,25,118,20,171,139,161,93,141,85,204,21,69,1,45,201,79,64,11,63,146,164	0,1,0.8955,0,72;0,3,0.4055,0,175;4,5,0.0975,0,241;6,3,0.2025,0,4;5,1,0.2515,1,235;5,5,0.7285,0,160
claim-interventional-train-00978	7	1	2	146,90,16,201,192,45,141,58,42,12,151,67,25,195,93,8,117,115,189,109,200,34,98,124,214,136,195,69,170,214,75,21,198,86,135,52	7,2,0.0295,0,206;0,0,0.5245,0,131;3,0,0.7415,0,216;2,4,0.5845,0,86;1,3,0.6135,0,229;3,5,0.1195,0,128
claim-interventional-train-00979	6	0	1	93,92,117,128,65,166,206,102,154,154,86,107,3,16,23,73,206,37,133,139,214,114,145,61,150,191,41,45,52,212,69,141,15,28,215,156	2,5,0.0215,2,88;3,3,0.2995,0,119;3,3,0.3345,0,245;0,4,0.8785,0,211;5,1,0.5385,0,153;7,3,0.7715,0,67
claim-interventional-train-00980	0	3	0	82,90,167,37,197,40,112,19,134,9,206,179,158,75,124,65,15,93,211,141,149,103,148,30,69,21,138,45,184,154,110,49,174,62,175,120	8,5,0.6195,0,155;5,3,0.1385,0,219;0,4,0.3335,0,14;2,0,0.5805,0,171;6,4,0.1745,3,252;3,4,0.4335,0,30
claim-interventional-train-00981	6	0	1	67,26,154,153,86,189,136,141,40,48,93,181,189,53,2,69,112,107,124,145,195,150,16,39,154,59,90,207,100,159,14,23,117,73,131,207	1,4,0.0825,2,42;1,5,0.0975,3,170;4,1,0.7725,0,239;0,4,0.4015,0,51;3,1,0.0015,0,14;3,1,0.1365,0,242
claim-interventional-train-00982	1	3	0	154,31,215,149,2,138,75,61,52,157,21,91,176,18,141,93,119,69,207,98,65,113,188,166,148,107,10,43,192,189,35,128,47,132,203,87	1,0,0.4335,0,16;6,1,0.7235,2,190;3,3,0.2205,0,146;2,5,0.7435,0,90;1,1,0.2935,2,66;7,2,0.4885,0,52
claim-interventional-train-00983	2	0	2	58,89,151,45,75,165,41,132,169,162,20,122,100,145,12,93,85,113,51,197,191,167,25,68,192,166,139,21,117,5,70,213,109,141,168,39	4,2,0.9035,0,114;0,5,0.3565,0,9;2,0,0.8045,1,8;2,3,0.3925,0,188;3,3,0.3435,0,106;1,2,0.6645,0,1
claim-interventional-train-00984	2	0	0	7,69,37,156,117,19,64,98,136,51,208,215,203,212,115,204,210,30,87,89,59,141,149,10,93,48,108,160,78,154,163,121,42,134,21,145	6,0,0.7405,0,153;5,3,0.5025,3,22;2,1,0.1895,0,234;5,5,0.2565,0,164;1,2,0.7785,0,196;0,4,0.1115,0,251
claim-interventional-train-00985	4	1	0	114,214,117,149,155,135,66,62,16,171,109,100,37,146,201,21,86,167,141,203,79,136,163,44,161,14,27,129,45,161,5,196,72,92,95,50	4,4,0.1495,0,55;2,3,0.9635,0,41;1,4,0.4675,3,187;6,4,0.8385,2,23;3,3,0.4475,0,135;8,5,0.0825,0,50
claim-interventional-train-00986	1	3	0	2,75,34,93,117,168,136,48,182,21,181,148,110,113,189,149,144,58,131,170,40,177,65,103,53,69,153,16,30,82,182,124,158,92,13,156	1,3,0.1585,0,149;5,0,0.0435,3,196;4,0,0.3265,0,202;2,0,0.9305,0,140;6,4,0.2785,0,225;3,1,0.1555,3,31
claim-interventional-train-00987	7	1	1	50,146,4,126,20,150,111,213,117,80,141,131,91,180,201,168,169,45,199,40,182,86,94,112,68,139,10,62,36,33,21,179,200,69,99,153	3,0,0.8575,0,227;8,2,0.1045,0,70;1,4,0.9585,0,167;7,4,0.6485,1,80;2,5,0.1695,0,54;5,1,0.7185,0,240
claim-interventional-train-00988	2	0	0	141,125,187,90,4,203,73,201,41,66,206,34,48,149,174,60,165,21,140,103,166,117,52,93,132,168,145,204,114,109,18,12,82,25,214,72	3,2,0.5985,0,91;0,0,0.2275,3,11;3,2,0.5645,3,169;0,0,0.4775,0,185;6,3,0.5185,0,187;4,2,0.9755,0,164
claim-interventional-train-00989	6	1	2	181,69,68,130,55,45,25,93,12,146,195,141,43,123,86,38,154,182,211,137,189,114,21,3,89,151,108,153,101,80,158,16,210,60,117,180	2,2,0.0455,0,41;0,4,0.7975,0,73;6,2,0.8705,0,42;7,4,0.3795,0,142;4,2,0.5345,0,201;2,0,0.3175,0,240
claim-interventional-train-00990	10	2	2	197,101,141,56,184,66,112,111,43,87,21,71,129,117,177,38,153,178,139,147,5,47,175,30,89,58,188,151,20,93,12,170,134,186,81,156	4,2,0.9025,0,74;5,4,0.7765,2,126;7,0,0.5005,2,215;8,5,0.2155,0,167;4,5,0.1075,0,187;8,4,0.6265,0,187
claim-interventional-train-00991	5	1	2	68,215,151,6,35,141,92,207,80,178,166,127,204,28,23,45,17,69,215,109,115,146,60,93,10,57,140,170,158,182,98,200,84,117,133,40	5,0,0.3265,2,114;3,1,0.1135,0,132;8,2,0.9585,0,251;7,2,0.9215,0,183;1,3,0.7265,0,31;6,3,0.9305,0,220
claim-interventional-train-00992	5	2	0	127,189,160,172,163,188,69,140,178,46,33,117,58,115,17,173,83,68,93,149,147,73,90,10,43,21,111,141,186,100,34,174,9,135,197,50	8,0,0.3915,0,5;8,0,0.7535,1,139;1,0,0.8555,0,214;0,1,0.5125,0,41;3,5,0.7125,0,37;6,5,0.8835,0,140
claim-interventional-train-00993	5	2	2	154,135,44,82,115,90,154,169,30,14,21,174,151,67,45,8,61,147,182,98,141,69,106,35,169,96,80,18,117,202,124,137,206,204,215,52	7,4,0.4425,0,126;5,1,0.8285,0,140;3,3,0.7005,0,159;7,0,0.4845,3,104;1,0,0.6975,0,178;3,5,0.3075,0,64
claim-interventional-train-00994	0	3	0	203,117,184,148,63,16,87,128,92,76,69,105,109,66,49,155,149,152,141,29,12,131,184,45,93,37,41,161,183,139,154,8,165,113,181,21	7,2,0.0625,0,227;4,3,0.2485,0,103;0,5,0.4645,0,156;3,5,0.9235,0,19;8,3,0.2835,0,103;7,1,0.6415,0,203
claim-interventional-train-00995	10	0	0	177,102,117,93,23,166,68,10,149,122,45,92,55,177,71,115,134,152,141,81,41,27,38,1,109,84,199,192,18,171,191,157,145,136,61,213	0,0,0.5985,2,94;2,4,0.3325,0,119;6,3,0.8325,2,242;8,2,0.8035,0,223;5,3,0.7065,0,185;1,4,0.0895,0,7
claim-interventional-train-00996	0	3	2	45,68,20,124,154,199,108,89,84,21,54,205,75,156,31,44,69,93,61,186,148,39,209,117,170,203,151,99,167,4,132,189,141,15,116,137	3,5,0.9345,0,34;6,5,0.8785,0,65;5,3,0.9125,0,174;2,2,0.3815,0,43;2,2,0.9655,0,26;3,2,0.2345,0,168
claim-interventional-train-00997	3	0	1	171,88,111,211,115,69,123,137,93,38,67,181,10,6,204,73,58,84,19,100,155,202,145,21,198,212,32,132,44,171,159,57,45,141,117,150	5,0,0.6375,0,101;7,4,0.9785,0,157;8,0,0.7585,0,249;0,2,0.1455,0,117;3,5,0.7285,0,102;2,2,0.2335,0,193
claim-interventional-train-00998	9	1	2	175,2,198,60,155,40,202,195,111,93,166,151,136,67,117,210,14,121,130,88,173,21,143,17,86,116,104,78,178,214,69,146,45,39,27,56	1,4,0.3425,0,52;2,5,0.1835,0,199;7,2,0.6125,0,194;5,4,0.1105,0,100;7,5,0.9795,0,101;0,0,0.0195,2,123
claim-interventional-train-00999	1	1	0	141,214,114,74,83,21,68,6,127,44,102,138,16,45,51,117,110,207,206,146,133,185,93,149,29,69,155,164,188,13,172,90,38,156,174,60	5,3,0.1905,0,69;4,4,0.8305,0,249;2,2,0.8895,0,54;1,1,0.5895,0,161;5,4,0.4635,0,132;6,3,0.5015,0,129
claim-interventional-train-01000	7	1	1	20,182,1,69,165,82,164,11,213,197,212,141,81,150,50,26,62,191,105,138,45,195,42,146,114,35,110,120,21,127,208,213,90,68,134,93	0,1,0.8315,0,247;1,1,0.5505,0,124;1,4,0.8045,0,33;8,0,0.4915,0,31;8,4,0.4505,3,145;6,4,0.5515,0,75
claim-interventional-train-01001	5	2	2	109,24,4,136,208,151,93,100,194,127,135,79,26,176,89,153,46,44,168,37,190,56,86,144,176,173,116,14,58,119,17,147,69,67,157,182	3,4,0.3835,3,123;1,3,0.9345,1,201;7,0,0.6315,0,250;6,4,0.2935,0,22;3,3,0.8395,2,143;6,5,0.1755,3,232
claim-interventional-train-01002	6	1	1	17,175,146,93,48,117,21,11,188,97,85,5,129,150,40,114,37,168,141,204,174,190,52,179,73,156,30,61,110,65,132,137,90,160,214,69	4,1,0.3295,0,149;5,3,0.1015,3,135;3,3,0.2805,0,10;0,3,0.4145,0,147;0,4,0.5845,0,35;8,2,0.2355,0,13
claim-interventional-train-01003	4	1	0	120,68,15,112,32,82,69,141,176,34,23,78,107,197,191,199,130,52,199,42,93,146,89,140,181,100,61,123,157,159,45,149,176,8,17,202	7,5,0.3375,2,187;7,0,0.5965,0,51;3,3,0.9755,0,47;5,0,0.2315,0,174;3,1,0.0585,3,112;2,0,0.9395,0,190
claim-interventional-train-01004	0	3	1	82,36,55,187,190,131,42,5,139,69,90,190,12,165,75,155,141,62,213,166,150,148,109,22,191,211,121,171,100,116,117,45,18,27,68,96	4,2,0.4435,1,84;2,2,0.5665,0,251;6,4,0.8345,0,225;2,0,0.5385,3,59;3,3,0.9685,0,45;0,1,0.7125,0,34
claim-interventional-train-01005	7	0	1	91,83,141,205,21,15,95,154,74,201,55,140,2,195,213,35,108,127,132,99,33,173,45,214,113,40,71,60,145,150,200,203,117,67,173,18	1,5,0.5875,0,168;8,1,0.1175,0,68;6,2,0.7825,2,175;1,1,0.6325,2,205;2,2,0.3595,0,126;6,2,0.9545,0,131
claim-interventional-train-01006	5	1	0	167,12,194,32,161,84,41,202,100,142,21,134,38,92,79,5,45,66,69,146,201,114,111,93,209,19,149,55,138,117,172,61,162,189,211,128	4,2,0.7295,0,53;7,4,0.3835,0,145;6,3,0.5865,0,71;6,2,0.8675,0,147;3,5,0.4065,0,58;7,4,0.4115,1,65
claim-interventional-train-01007	8	1	2	206,67,15,212,59,202,93,116,80,163,180,45,169,89,214,70,187,82,151,141,117,55,21,146,27,102,179,176,140,133,40,108,17,6,34,127	5,5,0.3535,0,55;2,0,0.1855,0,78;6,1,0.6315,1,87;7,0,0.3395,0,50;5,2,0.9725,0,239;6,3,0.8005,0,82
claim-interventional-train-01008	9	0	0	197,65,145,207,117,159,13,194,21,93,110,69,161,169,85,36,154,122,19,138,143,130,186,91,115,47,149,63,25,80,7,165,97,43,187,57	6,3,0.6745,0,47;0,2,0.7475,2,202;8,5,0.2455,0,97;7,3,0.7485,0,175;0,4,0.7745,0,29;1,0,0.4095,2,64
claim-interventional-train-01009	2	3	0	21,166,67,195,93,123,179,73,156,158,141,39,15,148,158,199,130,140,84,20,114,213,29,58,41,212,149,161,48,108,117,89,69,100,51,5	4,5,0.8945,0,209;4,5,0.2275,3,246;2,0,0.7695,0,202;0,2,0.2545,0,19;3,2,0.5765,0,188;2,0,0.8445,0,80
claim-interventional-train-01010	8	0	2	213,134,161,151,65,77,185,141,106,201,14,145,205,88,35,114,85,21,167,103,45,69,126,4,51,60,26,119,158,177,93,138,17,169,195,42	3,4,0.3495,0,68;1,1,0.4845,0,50;2,2,0.2195,0,214;4,3,0.0745,0,226;6,0,0.4815,2,148;5,4,0.5375,0,161
claim-interventional-train-01011	6	0	0	192,201,149,188,181,76,108,53,192,136,126,141,84,159,14,155,88,29,9,195,132,97,177,93,23,58,113,117,145,69,41,16,45,160,64,35	8,4,0.1635,2,19;4,1,0.2975,0,110;4,0,0.0165,0,222;3,2,0.0565,0,85;0,2,0.3575,0,221;5,2,0.1965,0,145
claim-interventional-train-01012	3	0	0	117,159,62,69,178,138,115,124,145,88,153,201,67,13,85,182,141,93,42,37,28,158,45,155,99,188,57,167,107,77,149,7,19,159,21,133	6,3,0.6715,0,43;3,3,0.5225,0,213;8,4,0.6205,0,189;4,3,0.1575,0,166;2,1,0.7295,0,221;3,3,0.4305,0,113
claim-interventional-train-01013	5	0	1	24,117,76,12,198,34,110,47,200,62,194,134,205,43,141,93,115,69,215,85,207,185,4,156,139,98,150,67,16,195,163,129,145,28,88,55	3,2,0.1785,3,1;3,0,0.7685,2,4;6,4,0.6255,0,159;3,3,0.1635,0,129;1,4,0.6275,0,141;8,4,0.7685,0,41
claim-interventional-train-01014	2	1	0	117,189,159,135,91,141,122,179,14,171,114,187,93,73,106,16,84,187,212,21,27,146,152,34,208,66,57,100,137,40,154,45,149,69,4,59	3,4,0.1285,0,74;2,0,0.1185,0,115;8,1,0.4285,0,15;0,2,0.7195,0,248;3,0,0.5835,0,216;1,5,0.3855,0,222
claim-interventional-train-01015	8	3	0	186,54,149,194,148,4,21,124,27,112,14,109,47,130,93,166,186,78,102,186,66,18,170,62,139,161,87,38,215,176,43,69,90,169,117,141	3,4,0.4895,0,204;2,4,0.6575,2,87;5,4,0.4975,0,30;5,5,0.5535,0,148;5,3,0.0915,0,29;3,0,0.6395,0,247
claim-interventional-train-01016	8	1	2	117,29,123,114,50,107,213,146,135,172,180,214,48,153,78,44,177,59,91,210,159,69,21,7,12,93,64,141,86,156,19,36,182,136,151,102	6,2,0.6735,0,136;4,2,0.8135,3,223;1,1,0.0375,0,13;5,4,0.6775,0,178;5,1,0.5275,0,225;2,5,0.0015,0,141
claim-interventional-train-01017	2	0	2	49,69,37,162,152,157,125,11,28,47,165,99,113,40,198,108,58,18,141,65,88,201,132,163,21,211,117,137,151,74,145,6,209,166,83,93	5,1,0.4355,0,3;3,3,0.0995,2,192;0,0,0.3875,0,61;1,1,0.0275,0,53;2,2,0.2925,0,165;4,2,0.2995,0,107
claim-interventional-train-01018	10	3	2	38,116,213,89,200,177,93,21,13,107,212,86,141,6,42,49,135,192,69,140,66,181,125,28,191,205,117,104,48,20,206,148,59,151,198,81	5,3,0.9865,0,177;3,4,0.4955,3,37;0,1,0.4445,0,88;8,4,0.3875,0,13;7,1,0.9115,0,210;4,5,0.8085,0,61
claim-interventional-train-01019	1	3	2	5,88,76,209,162,160,22,64,20,45,141,29,189,117,151,52,174,123,14,94,179,86,184,133,36,61,138,212,193,113,41,182,148,109,69,104	4,4,0.9165,1,246;4,2,0.2345,0,221;3,3,0.1735,0,207;3,4,0.0995,1,0;7,3,0.2335,0,84;2,3,0.5165,0,146
claim-interventional-train-01020	4	1	1	117,88,167,155,168,181,17,131,170,173,150,97,42,146,6,140,71,76,21,45,168,167,28,38,121,49,169,143,113,109,62,66,93,82,12,165	5,2,0.3765,0,222;3,4,0.4535,0,217;0,4,0.5615,2,88;3,0,0.0465,0,98;0,3,0.3545,0,216;0,1,0.8495,2,45
claim-interventional-train-01021	0	3	2	6,117,162,64,179,23,115,11,17,93,148,75,151,31,45,215,179,209,69,202,184,36,61,134,88,138,100,141,163,110,164,41,191,125,53,84	5,1,0.3135,2,97;6,2,0.2745,0,81;4,3,0.0105,0,170;2,2,0.1155,0,89;3,4,0.7215,0,248;4,4,0.5335,0,69
claim-interventional-train-01022	6	3	2	129,69,148,159,99,86,181,154,156,53,117,93,208,132,108,19,63,169,136,45,66,151,14,113,42,27,38,185,188,23,143,7,73,157,188,92	6,4,0.7565,2,4;2,4,0.5905,0,85;4,5,0.4965,0,149;0,4,0.9395,0,220;2,2,0.2825,0,163;8,2,0.1615,2,161
claim-interventional-train-01023	1	3	2	199,80,183,9,139,116,69,83,181,12,99,59,45,68,27,17,151,215,215,40,148,121,56,92,111,168,21,204,117,193,36,93,165,141,133,201	8,2,0.2715,0,224;2,2,0.0365,0,173;7,1,0.9235,0,221;7,1,0.9875,0,190;2,5,0.8205,0,154;0,3,0.6315,0,121
claim-interventional-train-01024	3	0	2	27,41,215,51,186,209,134,21,145,140,75,36,89,4,13,141,98,85,184,151,117,20,112,107,127,69,61,187,175,175,94,170,176,64,157,48	3,3,0.9175,0,181;2,2,0.3775,3,24;2,3,0.1375,0,8;2,3,0.2915,1,144;1,1,0.1855,0,33;6,4,0.9055,0,142
claim-interventional-train-01025	8	0	0	183,14,4,65,89,76,159,201,102,110,39,208,43,117,171,182,116,60,140,53,130,193,155,22,165,145,149,83,69,128,142,93,46,167,19,28	3,4,0.7425,1,16;3,5,0.6525,1,27;4,2,0.2835,0,217;3,1,0.3015,0,88;5,4,0.9055,0,119;7,0,0.9545,1,134
claim-interventional-train-01026	6	3	0	25,113,162,214,4,77,96,185,42,185,141,49,154,117,64,102,152,200,45,184,14,149,89,148,160,69,108,60,202,21,83,38,16,129,130,136	3,4,0.0315,0,195;0,4,0.4505,0,208;0,2,0.1635,0,25;4,1,0.3685,3,154;5,2,0.3275,0,26;8,0,0.0005,0,131
claim-interventional-train-01027	1	3	0	171,120,166,34,153,135,69,149,148,138,123,32,64,91,162,161,42,14,141,93,85,191,2,100,18,74,116,195,45,51,59,110,196,21,213,207	1,4,0.5235,0,230;7,0,0.4815,0,26;2,1,0.0855,0,254;1,3,0.7905,0,112;3,4,0.8135,3,86;2,5,0.4155,0,20
claim-interventional-train-01028	1	3	0	84,45,137,69,117,179,63,21,99,185,123,209,195,141,200,9,93,160,109,18,149,115,91,76,64,51,13,204,164,135,171,208,40,33,39,148	8,3,0.5235,0,141;8,5,0.1035,0,132;2,5,0.1845,0,97;3,2,0.7995,0,245;2,3,0.7235,0,169;2,5,0.2455,0,40
claim-interventional-train-01029	4	1	0	118,156,45,5,141,41,22,187,171,206,61,138,112,189,156,93,90,28,146,75,39,135,149,13,56,103,20,86,167,180,106,160,71,124,66,178	4,3,0.8455,1,225;3,5,0.3465,0,135;7,3,0.4855,2,10;2,4,0.4175,0,127;6,0,0.0145,1,193;3,5,0.4225,0,7
claim-interventional-train-01030	1	1	0	42,130,214,82,4,45,141,146,209,149,182,124,117,95,167,15,163,99,115,25,38,109,67,77,159,140,196,20,163,69,193,22,91,57,166,60	3,5,0.9455,1,96;0,4,0.4935,0,28;8,2,0.6435,0,195;4,0,0.7615,2,124;2,3,0.7595,0,75;3,0,0.8755,0,246
claim-interventional-train-01031	1	0	2	76,116,200,45,32,10,205,65,195,180,21,145,138,179,93,89,121,151,202,35,134,173,99,153,6,19,109,203,203,86,43,62,117,69,141,51	5,0,0.7795,0,37;7,1,0.7685,0,200;2,4,0.2735,0,124;3,4,0.2735,0,178;2,3,0.9865,0,36;0,4,0.5885,0,104
claim-interventional-train-01032	2	3	0	174,175,21,117,84,35,58,134,160,149,45,144,15,93,55,42,69,122,213,98,107,136,112,158,2,197,90,65,73,148,31,205,205,187,170,17	1,5,0.3625,0,215;6,1,0.4595,0,78;6,0,0.2105,0,192;0,2,0.5115,0,67;1,1,0.1865,0,77;1,4,0.0745,3,136
claim-interventional-train-01033	9	3	1	58,173,44,214,45,148,69,203,2,141,118,180,22,186,115,68,32,108,131,10,157,165,121,52,37,139,179,160,192,81,150,82,90,93,104,16	1,0,0.1895,1,0;7,3,0.9905,0,235;3,0,0.9775,0,211;8,0,0.5655,0,191;7,2,0.6025,1,190;0,1,0.6815,0,147
claim-interventional-train-01034	1	1	0	93,207,184,72,122,197,67,75,138,205,53,31,1,45,192,188,168,117,161,187,21,97,149,191,132,16,39,84,12,92,143,58,42,114,111,146	0,2,0.0885,0,29;6,5,0.5725,0,209;4,0,0.6345,3,24;2,2,0.9125,0,40;0,5,0.5315,0,212;1,2,0.4785,2,191
claim-interventional-train-01035	1	3	1	21,15,155,38,58,83,29,93,20,66,153,117,194,113,148,152,150,141,161,179,188,99,131,176,70,51,89,167,47,3,76,129,44,136,111,210	2,5,0.9385,0,92;4,4,0.8235,2,23;2,0,0.4785,1,195;3,1,0.2315,0,7;2,5,0.3735,0,244;8,1,0.0835,0,100
claim-interventional-train-01036	10	2	1	195,202,109,147,43,10,187,69,191,93,137,50,30,161,124,45,184,8,38,210,154,67,92,16,102,117,86,214,204,22,131,81,60,141,112,150	7,0,0.1495,1,161;5,4,0.7095,0,131;1,2,0.6475,0,217;8,4,0.9045,0,110;5,3,0.1825,0,188;3,1,0.2325,0,10
claim-interventional-train-01037	6	3	1	38,125,18,207,43,148,141,99,11,90,152,85,60,185,66,213,51,208,201,117,69,110,154,21,115,179,93,150,139,184,25,215,134,77,45,4	3,1,0.4495,0,192;0,4,0.7195,0,200;2,2,0.4085,0,12;4,3,0.4445,0,199;2,4,0.7855,0,44;4,4,0.6715,0,50
claim-interventional-train-01038	10	3	2	151,45,155,184,21,69,114,10,160,93,141,167,148,157,134,44,215,67,105,16,31,211,7,214,121,54,109,75,36,117,59,154,138,90,206,84	6,0,0.1535,0,33;6,2,0.9755,0,116;5,1,0.7935,0,39;2,2,0.5785,0,243;8,3,0.5795,0,125;0,4,0.5035,0,204
claim-interventional-train-01039	8	1	0	54,85,143,205,117,109,12,40,202,132,114,138,164,65,206,102,81,177,70,201,62,177,45,213,4,88,146,35,21,19,30,149,93,174,123,204	3,2,0.7875,0,241;5,1,0.0955,0,169;5,4,0.2065,1,84;8,3,0.1495,0,8;5,3,0.5385,0,18;2,2,0.4245,2,208
claim-interventional-train-01040	1	0	1	67,13,150,79,35,182,170,143,178,111,135,45,5,125,88,170,165,69,85,115,156,60,145,26,156,199,139,172,20,100,175,51,119,44,23,93	4,3,0.8965,2,226;1,1,0.8865,0,251;2,2,0.7755,0,179;6,3,0.0415,0,31;3,5,0.6765,2,175;4,5,0.6945,2,112
claim-interventional-train-01041	8	3	1	112,126,117,134,21,100,197,7,201,73,90,54,93,45,148,150,157,152,35,199,167,141,183,42,199,139,71,27,106,63,181,11,65,84,176,16	6,1,0.0985,0,213;2,1,0.5415,0,180;5,5,0.3475,2,54;0,2,0.4045,0,143;3,0,0.1985,0,140;5,4,0.6045,0,127
claim-interventional-train-01042	4	1	2	141,154,21,5,17,134,52,123,153,201,93,206,26,69,146,35,101,195,151,91,15,82,183,75,63,117,140,107,112,68,203,154,205,42,47,215	4,5,0.3975,0,107;1,1,0.5625,2,107;3,5,0.8185,0,250;2,0,0.6435,0,160;4,1,0.0255,0,248;2,4,0.9925,0,229
claim-interventional-train-01043	10	1	2	146,189,197,3,151,69,12,33,82,168,90,172,99,51,165,108,36,76,45,135,93,114,172,183,211,139,162,62,65,16,44,141,210,117,126,21	2,2,0.1945,0,194;8,2,0.8145,0,130;2,4,0.3075,0,67;3,0,0.4335,0,53;2,2,0.4435,0,10;5,5,0.7815,0,146
claim-interventional-train-01044	4	1	1	209,122,113,170,137,93,69,176,91,97,35,167,81,52,16,146,6,67,62,131,119,87,24,141,161,193,109,31,158,43,150,46,11,185,196,160	5,1,0.0145,3,221;6,1,0.7245,1,203;3,4,0.6175,0,108;8,5,0.6755,0,148;0,3,0.3015,2,198;1,1,0.2205,0,222
claim-interventional-train-01045	8	3	1	45,106,85,133,16,44,54,99,203,21,93,78,115,150,192,141,137,213,68,69,33,5,198,59,117,14,121,208,148,179,187,186,36,199,92,173	4,4,0.0555,0,225;8,2,0.9275,0,78;5,1,0.8855,0,65;5,3,0.8115,0,137;2,0,0.6295,0,63;0,3,0.2945,0,104
claim-interventional-train-01046	4	1	1	2,142,213,150,87,92,50,154,19,100,39,114,111,59,146,130,208,28,14,203,179,182,140,65,79,22,128,199,93,69,45,117,153,190,44,194	1,4,0.6715,1,160;3,5,0.9155,0,216;1,1,0.3025,0,180;6,5,0.9315,0,105;3,5,0.4845,0,81;7,0,0.9845,1,73
claim-interventional-train-01047	2	1	0	164,117,96,182,141,86,35,67,193,44,116,132,195,21,168,149,104,191,18,91,60,123,53,139,146,170,110,167,152,4,31,13,69,75,167,45	3,3,0.5655,0,27;6,1,0.9705,0,61;4,2,0.7745,0,30;2,4,0.7895,3,93;7,4,0.9725,0,30;2,2,0.6115,0,138
claim-interventional-train-01048	1	0	2	113,95,28,140,200,151,110,43,169,20,101,204,46,206,58,212,67,134,69,89,10,194,141,117,215,24,184,199,145,34,51,123,85,191,3,75	2,0,0.8085,3,35;3,0,0.6005,1,145;2,0,0.7905,0,40;2,3,0.3075,2,205;4,4,0.3405,0,190;2,4,0.8575,0,138
claim-interventional-train-01049	0	3	1	134,58,117,175,70,186,36,91,26,125,148,111,191,83,183,67,137,93,5,41,150,17,166,21,174,15,55,189,201,141,45,205,114,100,165,79	4,5,0.2115,0,195;1,2,0.2665,0,3;6,0,0.7845,1,19;6,1,0.6295,0,45;3,5,0.5235,0,1;4,4,0.2995,0,232
claim-interventional-train-01050	2	0	0	78,207,171,176,167,26,1,145,65,56,155,131,69,210,141,115,17,108,82,11,149,89,45,94,21,199,154,123,139,117,101,166,58,39,40,208	0,1,0.3335,0,90;1,5,0.0095,0,127;7,0,0.3675,0,131;5,0,0.2875,1,147;4,2,0.6585,0,144;2,1,0.6245,0,167
claim-interventional-train-01051	6	0	1	187,68,79,202,150,172,45,105,69,179,132,92,129,93,10,106,180,152,153,49,37,145,209,31,137,61,187,192,82,141,117,22,113,41,17,3	2,0,0.2525,1,138;6,3,0.3045,0,181;0,3,0.9715,0,224;6,0,0.9785,0,16;8,0,0.2305,0,23;8,2,0.2645,0,107
claim-interventional-train-01052	6	1	0	38,69,17,85,59,174,45,76,51,5,21,188,91,149,215,65,191,102,146,166,10,211,215,25,43,159,118,111,114,137,96,160,133,200,129,141	4,0,0.3945,0,2;0,4,0.6115,0,164;2,1,0.2155,0,129;3,3,0.6375,3,246;5,5,0.4535,1,153;8,3,0.2185,0,212
claim-interventional-train-01053	5	3	2	110,191,46,53,182,117,58,151,127,95,192,196,67,194,10,207,141,140,43,156,16,148,84,2,90,112,34,135,27,69,172,21,99,213,76,181	1,0,0.1555,0,202;2,0,0.6935,1,160;4,0,0.6475,0,197;3,2,0.5765,2,203;2,4,0.0415,0,34;6,5,0.8295,0,10
claim-interventional-train-01054	9	3	0	210,69,25,15,174,117,141,137,113,109,49,84,164,196,157,135,44,99,68,18,165,2,48,165,35,164,21,206,93,59,148,194,90,80,149,125	1,5,0.4265,0,212;0,1,0.8095,3,58;0,1,0.8595,0,194;7,2,0.5595,0,179;2,3,0.2125,0,203;4,5,0.2005,0,23
claim-interventional-train-01055	4	1	0	133,27,149,84,167,69,167,13,122,34,136,117,142,45,203,164,116,93,65,110,89,156,163,50,75,16,60,21,105,146,215,5,41,195,195,173	4,3,0.1385,0,133;2,0,0.2315,0,10;1,2,0.3845,0,126;2,2,0.3495,0,125;8,4,0.8075,0,214;1,3,0.0225,1,43
claim-interventional-train-01056	5	0	0	89,45,167,7,161,134,67,140,144,201,93,149,63,18,176,52,86,100,31,192,174,21,41,190,117,38,121,215,166,71,107,145,15,81,116,163	6,5,0.4445,0,54;6,4,0.3755,0,39;3,5,0.7165,2,9;8,4,0.3455,0,147;3,1,0.9455,0,81;0,4,0.8545,3,99
claim-interventional-train-01057	2	2	1	81,34,121,45,194,154,63,203,64,140,28,214,19,69,21,93,168,198,101,88,113,144,8,86,147,10,49,214,117,133,150,41,191,166,107,160	7,0,0.6605,0,126;3,0,0.2025,0,25;0,5,0.0395,0,117;8,4,0.0385,0,60;4,1,0.3695,0,3;0,3,0.8515,3,228
claim-interventional-train-01058	6	0	2	17,72,151,199,8,152,13,178,119,187,40,164,35,145,80,93,92,137,141,121,50,165,24,179,83,112,207,135,161,29,107,58,67,102,172,45	7,3,0.2455,3,40;4,1,0.1355,0,116;1,0,0.6145,3,179;7,1,0.8655,0,31;5,1,0.0165,2,244;0,5,0.2345,0,85
claim-interventional-train-01059	9	1	2	157,196,67,41,69,169,8,176,187,87,59,197,21,91,12,141,109,151,160,80,138,97,130,201,112,34,27,93,52,146,45,117,123,193,188,19	7,2,0.7235,0,100;2,0,0.3105,0,45;3,1,0.7665,0,165;7,5,0.6425,0,114;0,3,0.1185,0,211;2,0,0.5075,0,71
claim-interventional-train-01060	8	1	2	8,54,107,187,196,86,165,69,75,141,43,146,198,15,45,39,63,117,92,196,179,179,124,116,165,213,132,151,95,179,25,68,102,17,139,21	7,5,0.2425,0,31;0,5,0.6325,0,167;5,5,0.8715,0,127;2,4,0.9005,2,139;5,1,0.9895,0,113;3,2,0.6975,0,144
claim-interventional-train-01061	2	1	1	58,168,183,54,158,3,132,42,127,150,174,161,139,45,83,106,212,69,167,98,146,10,170,164,186,21,79,35,92,93,19,141,66,113,117,26	2,0,0.7505,0,109;1,1,0.4465,0,66;5,0,0.5315,0,6;6,1,0.8055,0,247;1,0,0.2405,0,105;6,2,0.6215,0,159
claim-interventional-train-01062	9	0	0	104,79,159,163,124,10,69,4,31,152,88,186,66,44,21,141,176,115,212,110,61,136,145,93,190,87,178,132,50,149,35,17,117,45,191,201	3,0,0.2255,0,215;6,1,0.9875,0,219;1,3,0.4405,0,25;6,5,0.0085,0,167;7,4,0.6505,0,227;3,2,0.0055,0,139
claim-interventional-train-01063	9	1	0	68,32,37,165,60,21,13,40,49,141,122,71,45,138,104,82,117,75,164,6,18,146,161,153,163,202,177,209,159,130,169,149,90,93,116,110	5,3,0.4495,0,140;7,3,0.1755,0,221;0,2,0.9655,2,135;2,0,0.4055,0,214;7,4,0.9185,0,45;1,0,0.4665,0,121
claim-interventional-train-01064	9	3	0	6,55,134,138,202,10,128,88,179,115,33,188,141,60,183,154,148,117,45,193,109,70,197,170,206,78,103,21,93,194,83,149,34,18,42,65	5,0,0.5405,0,164;8,0,0.5355,0,113;6,2,0.2325,1,225;5,1,0.1885,0,77;6,3,0.6375,0,142;7,4,0.5865,0,227
claim-interventional-train-01065	7	1	0	154,141,138,109,21,77,135,10,39,185,177,64,156,113,17,159,3,44,149,166,117,53,45,202,126,146,178,26,83,63,69,93,182,88,173,100	2,0,0.3135,0,4;1,5,0.9005,0,30;4,5,0.0445,0,138;4,1,0.0695,0,47;3,3,0.3885,0,241;5,5,0.4215,0,96
claim-interventional-train-01066	1	3	2	209,114,183,213,129,160,1,93,117,50,75,178,68,45,148,24,108,41,11,151,20,130,90,192,86,155,34,141,202,59,155,30,213,69,103,139	0,1,0.9695,3,34;5,0,0.3105,0,86;1,1,0.8255,0,16;2,4,0.4465,0,63;6,2,0.5615,0,48;8,0,0.7375,0,65
claim-interventional-train-01067	1	1	0	15,93,20,84,47,192,186,138,203,21,69,201,182,97,109,33,65,130,3,179,183,161,117,40,149,89,146,37,76,112,54,165,141,190,61,122	2,5,0.8025,0,117;8,3,0.0865,2,5;5,3,0.2255,0,48;3,2,0.2065,0,182;0,3,0.1335,0,49;1,0,0.4415,0,25
claim-interventional-train-01068	1	3	0	44,37,192,110,50,159,69,141,131,202,78,97,208,163,148,208,117,17,112,204,45,10,9,129,91,87,206,137,93,149,22,198,169,66,27,62	8,0,0.2745,1,218;2,3,0.9255,0,29;1,4,0.4375,0,41;5,5,0.6385,0,165;0,4,0.1765,0,216;8,1,0.2245,0,69
claim-interventional-train-01069	8	1	1	59,141,80,173,69,175,93,146,41,8,54,90,117,195,110,170,167,115,18,87,45,36,125,150,10,102,168,139,67,202,134,21,160,28,186,181	7,0,0.5745,0,127;3,2,0.3855,0,164;5,1,0.7275,0,89;7,5,0.5585,0,205;5,4,0.6075,0,103;4,4,0.6365,0,190
claim-interventional-train-01070	10	3	2	27,45,129,111,213,115,191,154,192,155,148,191,140,163,151,41,200,86,5,95,119,141,12,63,100,180,69,16,35,133,21,67,73,55,91,190	4,2,0.1235,0,86;2,1,0.2365,0,87;6,5,0.7295,0,12;0,4,0.7705,2,140;3,5,0.7095,2,159;8,3,0.8345,0,54
claim-interventional-train-01071	3	0	2	201,93,69,180,54,28,138,35,183,44,153,98,115,194,117,125,21,151,61,157,134,92,45,201,200,107,163,66,76,2,87,10,186,143,16,145	1,0,0.1565,0,245;3,1,0.8345,0,73;5,3,0.4355,0,241;3,5,0.8125,0,109;1,1,0.6025,0,253;4,4,0.5195,2,129
claim-interventional-train-01072	5	0	0	213,210,76,93,6,202,52,21,65,109,182,185,121,82,162,149,27,45,184,18,143,134,145,116,185,38,103,137,117,157,40,69,92,14,61,191	5,4,0.4425,0,17;2,4,0.1645,0,241;3,3,0.2915,0,215;3,0,0.9135,0,144;6,3,0.9755,0,88;0,4,0.2565,2,198
claim-interventional-train-01073	2	3	0	117,86,18,135,64,189,78,21,115,98,47,162,148,38,40,136,163,50,62,90,12,69,33,159,172,193,184,93,204,205,4,128,202,141,149,106	3,2,0.4715,0,203;8,4,0.0285,2,0;1,4,0.0605,0,127;5,4,0.4455,0,23;1,0,0.6545,0,176;7,5,0.1725,0,193
claim-interventional-train-01074	8	3	0	67,95,148,199,54,214,213,206,174,113,176,160,134,44,15,16,166,21,92,82,38,142,138,69,117,181,99,127,111,149,61,200,73,3,47,30	2,5,0.0315,0,169;5,4,0.8735,2,91;5,3,0.6575,0,241;0,0,0.8425,2,68;2,5,0.3095,0,168;6,4,0.5555,1,56
claim-interventional-train-01075	2	0	0	202,93,167,32,197,18,58,117,136,145,170,77,97,110,72,45,179,170,181,141,149,92,4,130,207,49,68,35,161,112,83,123,44,11,192,21	3,1,0.5085,0,20;7,1,0.8955,0,255;0,0,0.8405,3,171;4,1,0.9345,0,250;0,4,0.0245,0,165;2,0,0.0765,0,179
claim-interventional-train-01076	2	1	0	60,141,123,93,163,15,173,77,139,209,192,56,177,146,84,117,66,92,45,149,40,108,195,32,71,113,132,16,21,203,212,103,4,166,195,38	3,5,0.0135,0,241;7,4,0.0825,0,240;7,2,0.5335,2,204;4,2,0.9655,0,250;6,2,0.3635,0,0;2,2,0.7565,0,158
claim-interventional-train-01077	0	3	2	125,151,135,176,164,148,43,100,152,163,12,21,171,69,8,60,32,35,114,117,172,207,139,189,111,67,93,211,16,45,160,52,75,141,85,91	7,2,0.1775,0,206;7,1,0.6655,0,53;3,2,0.7175,0,110;2,3,0.6595,0,95;3,5,0.4635,0,193;4,5,0.7745,0,216
claim-interventional-train-01078	5	3	2	158,119,105,7,21,141,131,47,109,209,151,87,58,210,12,79,201,174,180,20,44,170,93,69,68,123,208,139,166,38,51,176,31,116,91,148	6,2,0.8385,0,86;6,4,0.9535,2,234;2,0,0.8585,0,126;6,5,0.6355,0,231;8,3,0.9885,2,98;2,1,0.6315,0,255
claim-interventional-train-01079	0	3	1	141,116,150,180,169,214,108,69,29,45,21,44,202,100,6,124,84,140,20,148,14,119,36,77,195,88,210,154,203,133,50,65,58,96,193,197	5,4,0.9095,0,86;4,2,0.8305,0,178;1,0,0.2305,0,176;4,2,0.1565,3,180;3,2,0.9165,2,102;3,3,0.8395,0,52
claim-interventional-train-01080	10	1	2	45,16,175,146,10,139,169,202,34,41,118,212,92,194,169,97,21,172,151,189,53,93,67,115,203,143,131,108,123,25,63,82,169,5,69,81	4,0,0.0185,0,90;0,0,0.2035,0,234;4,5,0.7355,0,245;8,0,0.9435,0,191;0,2,0.7325,1,0;2,1,0.6465,2,83
claim-interventional-train-01081	1	1	0	174,214,206,92,50,99,215,21,38,198,174,7,43,164,181,128,70,177,15,78,141,146,60,86,133,113,47,109,138,68,93,28,18,192,149,117	6,5,0.5365,0,23;3,4,0.6605,2,108;1,2,0.9645,1,95;5,4,0.9475,0,253;2,3,0.2415,0,2;7,3,0.4125,0,247
claim-interventional-train-01082	8	3	2	91,45,109,59,141,185,151,200,113,138,99,188,69,117,133,41,37,163,195,184,17,86,56,124,174,68,155,93,13,5,21,78,148,152,32,177	4,3,0.3055,0,26;7,3,0.2845,0,218;7,1,0.8375,0,25;5,4,0.6705,0,231;2,3,0.2505,0,250;3,3,0.4325,0,47
claim-interventional-train-01083	3	0	1	136,76,17,202,38,54,32,14,41,145,212,120,184,181,171,202,21,141,194,105,69,47,107,58,90,156,93,65,150,121,85,212,134,113,8,166	7,4,0.3655,0,45;7,4,0.3365,2,70;5,0,0.3045,0,189;3,3,0.4125,0,152;8,1,0.2535,3,121;0,4,0.1805,0,222
claim-interventional-train-01084	5	3	1	136,197,212,208,188,45,30,61,148,117,150,170,127,40,69,11,204,115,38,93,204,19,79,55,177,134,92,85,141,21,4,174,109,163,99,68	3,1,0.6915,0,105;5,4,0.0835,0,78;6,3,0.9115,0,163;6,3,0.8155,0,218;2,3,0.7925,0,18;6,4,0.1965,0,148
claim-interventional-train-01085	0	3	2	199,160,112,143,117,84,151,170,148,187,102,40,21,183,133,39,91,3,187,15,125,45,72,59,153,107,76,178,28,65,17,93,215,137,51,177	2,5,0.2885,0,20;3,5,0.0935,0,75;2,1,0.2405,3,10;3,2,0.7285,0,16;5,1,0.0545,0,12;4,3,0.2225,2,0
claim-interventional-train-01086	9	0	0	52,93,107,97,128,8,180,10,141,70,149,68,202,209,139,194,206,21,33,187,160,60,159,191,191,145,45,117,17,132,73,89,35,86,43,116	7,0,0.2755,0,39;8,1,0.7125,0,20;3,2,0.9245,1,177;0,4,0.2815,0,135;0,1,0.8075,0,83;7,2,0.7095,0,213
claim-interventional-train-01087	1	1	2	1,21,163,212,146,49,59,126,152,32,130,46,93,117,79,215,36,44,208,151,155,69,99,68,141,138,110,85,192,89,116,192,210,190,15,17	0,5,0.2505,0,226;7,2,0.9615,1,1;0,1,0.8645,0,3;6,3,0.2965,0,135;2,4,0.9995,0,106;5,0,0.4205,0,90
claim-interventional-train-01088	8	3	1	66,45,150,4,159,194,110,171,179,21,43,93,148,137,200,170,16,69,117,36,53,161,91,191,124,28,62,142,87,12,116,213,134,80,153,102	3,2,0.0585,0,114;3,2,0.7905,0,14;4,4,0.5275,0,123;7,5,0.6205,0,225;5,4,0.8465,0,177;3,4,0.2555,1,50
claim-interventional-train-01089	6	2	1	92,147,199,68,196,69,24,199,41,180,17,61,49,165,76,94,14,211,153,87,29,37,5,141,199,150,108,124,112,102,190,201,139,130,117,45	4,4,0.2325,3,18;4,3,0.3875,0,21;0,3,0.8435,0,183;3,5,0.9195,1,221;5,2,0.1845,0,35;3,0,0.7615,0,83
claim-interventional-train-01090	2	0	0	45,42,4,123,89,185,141,93,55,204,149,210,16,32,165,212,65,189,131,198,63,23,145,36,107,100,69,13,137,85,205,190,114,117,205,76	3,3,0.0265,2,182;7,2,0.4555,0,14;6,5,0.2095,0,21;3,3,0.3665,0,203;3,1,0.5495,0,149;2,1,0.2945,0,2
claim-interventional-train-01091	2	1	1	191,203,138,171,141,192,87,203,54,41,11,21,176,34,88,93,27,130,2,69,146,17,176,192,115,78,111,66,123,150,100,170,58,45,172,118	1,1,0.2545,0,80;2,0,0.3865,0,203;5,0,0.4175,0,139;5,5,0.1575,0,141;3,5,0.6995,1,55;2,0,0.4525,0,166
claim-interventional-train-01092	4	1	2	184,8,146,93,76,163,151,69,143,159,15,45,134,99,117,209,17,90,51,37,166,206,208,177,65,41,21,138,123,109,87,200,113,62,191,25	7,5,0.3735,0,190;0,3,0.2205,0,150;2,4,0.2065,0,124;3,5,0.5935,0,122;2,3,0.3035,0,21;2,4,0.4745,2,219
claim-interventional-train-01093	10	1	0	159,18,179,88,180,170,149,69,21,192,83,182,42,115,33,111,101,159,35,141,199,62,46,76,10,7,136,118,127,96,133,146,68,173,170,53	6,0,0.4975,0,254;8,1,0.4825,1,79;4,4,0.9185,0,169;3,1,0.0405,3,251;4,5,0.7895,1,38;6,3,0.0435,0,116
claim-interventional-train-01094	5	2	0	39,85,212,77,106,168,69,159,197,55,129,149,1,133,40,22,104,113,33,47,206,147,15,93,164,141,136,66,117,92,165,155,187,16,61,165	0,5,0.1085,1,246;8,5,0.1535,2,106;6,3,0.5745,0,83;4,3,0.8935,0,197;7,0,0.2255,0,151;8,3,0.1195,0,63
claim-interventional-train-01095	10	2	1	147,189,141,33,115,93,58,106,81,165,136,98,24,178,150,86,127,119,133,211,9,10,17,45,66,52,153,193,215,181,43,213,90,37,193,69	8,0,0.3505,3,210;8,3,0.7555,0,36;3,0,0.5905,0,82;8,4,0.5825,0,89;1,0,0.7355,2,114;6,3,0.0845,0,125
claim-interventional-train-01096	1	0	2	17,38,163,178,204,93,158,61,108,126,88,145,143,44,100,82,155,13,79,138,112,159,67,179,5,214,215,151,21,53,161,117,27,45,133,72	4,3,0.3435,0,231;2,4,0.9415,0,106;4,3,0.6065,3,5;6,0,0.0515,0,249;3,2,0.0645,0,13;5,3,0.4815,2,245
claim-interventional-train-01097	7	2	1	69,130,93,212,21,157,160,98,67,173,92,73,183,136,183,85,7,147,117,181,183,13,125,57,58,40,17,150,142,111,38,196,32,45,213,116	6,3,0.2925,0,179;7,4,0.1335,0,101;8,0,0.7135,0,101;0,3,0.9535,0,123;1,5,0.9455,0,172;4,0,0.1855,1,203
claim-interventional-train-01098	2	1	0	146,141,90,123,65,183,28,136,166,9,108,210,57,21,102,75,83,15,149,17,162,40,69,166,152,117,93,135,116,170,59,178,189,39,205,46	8,5,0.3535,0,12;3,5,0.0405,1,169;8,1,0.3865,0,69;2,1,0.4885,0,253;5,2,0.8545,0,189;2,5,0.0265,0,145
claim-interventional-train-01099	0	3	1	176,143,196,87,210,199,103,166,93,28,114,176,196,150,161,62,42,121,7,136,135,37,10,182,148,108,90,76,55,45,211,66,69,117,17,21	6,0,0.3815,0,57;3,3,0.5595,0,226;6,4,0.5925,0,45;3,5,0.4885,0,148;6,2,0.4395,0,237;0,5,0.0435,2,62
claim-interventional-train-01100	6	3	1	17,207,150,191,191,4,38,25,142,187,45,21,185,58,92,70,206,148,94,106,132,44,51,115,117,77,14,136,186,188,215,64,97,178,85,123	3,4,0.2255,0,198;0,4,0.9025,0,222;2,0,0.0475,1,150;4,3,0.9175,1,245;0,0,0.7715,0,158;2,2,0.0515,1,88
claim-interventional-train-01101	10	1	1	184,41,24,89,152,146,117,170,203,126,13,112,105,176,20,111,45,26,200,7,69,215,80,57,66,176,143,150,84,134,39,62,137,166,93,174	6,3,0.9815,3,105;1,5,0.3685,0,134;8,4,0.5015,0,154;7,2,0.2435,0,132;8,5,0.0495,0,70;5,4,0.2685,2,120
claim-interventional-train-01102	7	3	1	196,139,69,161,141,68,178,185,150,31,79,47,197,107,199,206,88,20,15,135,174,148,198,4,93,114,119,98,59,193,86,40,50,122,21,35	3,5,0.9885,0,7;6,1,0.1725,2,242;1,1,0.9285,0,105;6,4,0.0355,0,190;1,1,0.4925,2,159;1,5,0.6635,0,235
claim-interventional-train-01103	1	1	0	61,51,3,184,141,210,91,117,212,109,40,134,162,204,29,45,149,177,140,123,93,14,20,190,146,186,169,65,180,37,82,75,21,71,112,102	2,4,0.8445,0,155;4,3,0.1215,0,179;2,3,0.2465,2,240;2,0,0.7165,0,190;5,3,0.1855,0,206;2,4,0.8605,0,37
claim-interventional-train-01104	10	0	2	187,94,9,196,151,141,110,18,187,21,101,59,192,115,14,145,178,132,207,69,51,34,190,155,128,91,45,67,40,87,31,140,117,168,80,177	8,4,0.5635,0,165;6,0,0.0835,0,3;2,1,0.7755,0,126;7,5,0.7205,1,179;4,4,0.7585,0,50;7,2,0.8235,0,55
claim-interventional-train-01105	4	1	0	111,153,68,113,146,172,46,165,52,137,30,213,76,215,21,210,58,130,13,214,19,87,157,195,99,117,141,43,4,149,210,93,90,39,124,72	3,3,0.7645,0,225;5,5,0.7705,1,228;3,0,0.9735,3,225;3,5,0.4265,0,128;2,5,0.3875,0,138;3,0,0.2935,0,49
claim-interventional-train-01106	9	3	0	32,111,92,117,61,78,148,149,94,205,184,21,42,215,140,169,141,4,172,176,121,83,45,35,15,187,69,113,103,67,183,16,56,215,190,130	3,5,0.1885,0,157;7,1,0.4755,0,209;7,3,0.6255,0,203;5,1,0.9325,1,70;6,5,0.3805,0,234;0,0,0.9645,0,80
claim-interventional-train-01107	1	1	0	192,19,194,139,149,188,132,112,35,88,67,146,27,84,99,49,47,21,117,124,196,69,3,106,166,62,171,76,204,182,93,41,200,15,143,209	2,5,0.6515,0,140;2,1,0.2675,2,245;0,4,0.7505,0,139;3,2,0.1095,0,252;2,0,0.0595,0,75;3,2,0.7285,2,237
claim-interventional-train-01108	1	1	0	46,156,69,207,119,146,99,20,189,89,67,42,21,123,79,194,197,106,112,163,62,153,94,139,149,51,154,141,34,133,33,9,86,13,196,210	8,3,0.8135,0,170;8,0,0.5405,1,201;2,4,0.7975,0,128;6,4,0.2755,1,145;2,0,0.0075,2,23;2,3,0.6185,0,192
claim-interventional-train-01109	1	1	2	160,87,191,96,197,196,162,77,15,69,135,65,168,16,195,151,40,213,90,2,117,24,113,110,105,205,51,45,136,29,125,39,152,61,141,146	1,5,0.1395,3,84;4,5,0.1245,0,110;2,3,0.2565,0,4;4,5,0.4355,3,129;8,4,0.2075,0,49;4,5,0.0355,0,223
claim-interventional-train-01110	6	2	2	187,147,124,58,49,20,195,186,66,45,136,111,194,96,167,116,15,177,23,157,5,86,205,26,151,42,88,213,97,142,36,134,211,117,80,69	4,5,0.9475,2,186;1,2,0.5435,0,119;0,0,0.5425,0,138;7,4,0.1765,3,172;0,5,0.9525,0,193;3,4,0.1385,1,144
claim-interventional-train-01111	1	0	2	13,112,171,27,75,200,184,162,41,93,67,8,118,106,59,187,133,143,145,172,69,21,90,100,207,198,124,164,86,38,151,138,52,179,45,18	7,3,0.5615,0,5;2,4,0.2895,0,225;3,1,0.6565,0,56;2,4,0.5255,0,225;3,0,0.1145,1,186;3,3,0.5205,2,210
claim-interventional-train-01112	1	3	1	209,93,3,69,211,113,46,173,142,28,109,117,130,58,169,152,184,39,56,187,41,19,136,84,123,156,65,12,171,148,21,98,76,202,150,88	2,2,0.7295,0,190;3,5,0.2775,1,228;7,0,0.3535,0,148;3,2,0.1835,0,88;1,3,0.2655,0,100;2,0,0.1845,1,80
claim-interventional-train-01113	10	2	2	35,41,114,193,102,207,72,83,110,164,77,122,151,60,137,182,165,135,11,19,92,57,118,170,213,157,45,147,21,33,66,93,162,8,141,167	7,1,0.6975,0,197;8,1,0.3925,0,223;8,2,0.5825,3,179;4,1,0.9585,0,28;5,4,0.5705,1,160;1,5,0.2365,0,247
claim-interventional-train-01114	6	3	1	148,131,160,41,111,188,61,150,126,45,22,66,116,19,28,168,70,103,207,53,12,119,87,73,136,182,199,39,141,215,191,210,6,93,92,178	5,2,0.7555,1,118;3,5,0.2205,0,67;4,3,0.5835,1,230;0,5,0.9695,0,225;6,5,0.8335,2,155;5,1,0.1975,0,253
claim-interventional-train-01115	6	1	0	75,109,172,45,88,39,25,113,165,44,200,157,67,157,96,21,86,7,195,129,117,103,205,16,193,143,137,199,165,146,61,51,134,14,149,72	6,4,0.1205,0,231;0,5,0.9165,0,8;2,3,0.6765,3,171;2,4,0.0265,3,249;6,3,0.3485,0,80;8,4,0.3985,2,78
claim-interventional-train-01116	1	3	2	187,203,89,112,136,73,49,133,179,37,27,82,117,18,151,109,62,181,141,14,42,93,148,64,153,200,212,185,104,123,176,45,69,211,21,3	2,4,0.5725,0,172;2,3,0.5595,0,64;0,4,0.1825,0,5;0,0,0.2495,0,103;7,3,0.0155,0,66;2,3,0.1815,0,109
claim-interventional-train-01117	0	3	2	44,51,167,100,148,138,209,13,202,45,65,200,4,130,191,18,21,114,141,129,215,91,117,154,108,94,151,26,34,83,194,175,59,69,207,81	3,3,0.4285,0,187;1,0,0.9335,0,187;2,1,0.3185,0,66;8,1,0.7475,1,169;3,2,0.5235,0,82;8,0,0.5945,0,48
claim-interventional-train-01118	1	3	2	90,189,21,99,196,191,148,199,58,15,2,69,114,165,124,67,199,215,27,80,38,151,215,52,110,20,135,215,137,42,141,181,86,45,94,117	1,5,0.9515,0,22;2,4,0.4195,0,70;3,0,0.7615,0,46;7,4,0.5285,1,4;2,4,0.4895,0,221;3,5,0.3745,0,176
claim-interventional-train-01119	0	3	0	167,35,148,24,113,141,188,160,111,69,29,60,156,167,200,45,76,206,120,20,7,40,87,51,99,93,13,138,213,134,189,201,66,92,128,149	6,3,0.8865,3,229;4,1,0.0135,0,93;2,2,0.5425,0,38;3,5,0.9895,0,45;2,5,0.3425,3,96;7,4,0.5135,0,141
claim-interventional-train-01120	0	3	2	213,199,77,181,56,124,85,175,91,19,69,148,68,60,151,170,106,115,40,186,134,141,119,48,209,21,28,14,152,93,204,34,99,4,182,137	3,4,0.7005,0,204;3,0,0.0485,3,28;7,2,0.9145,0,25;4,3,0.6315,0,210;2,0,0.6915,2,7;3,4,0.3015,0,49
claim-interventional-train-01121	7	3	2	157,144,203,148,139,196,82,2,40,18,21,96,98,214,14,70,116,201,179,130,55,39,160,65,165,151,110,58,92,117,77,177,128,30,45,209	1,4,0.5705,0,62;5,5,0.1295,0,197;6,0,0.2065,1,146;4,0,0.9465,3,97;1,4,0.9555,0,184;7,0,0.6105,3,110
claim-interventional-train-01122	1	0	0	12,63,44,19,129,134,160,161,161,149,137,88,190,65,30,185,114,47,76,155,170,23,69,210,143,215,165,34,49,99,145,86,93,117,9,111	8,2,0.7455,2,223;5,0,0.9615,2,216;0,5,0.2415,0,194;3,4,0.0335,0,63;2,5,0.5305,0,204;8,4,0.2205,2,219
claim-interventional-train-01123	0	3	0	44,74,20,65,31,115,89,61,130,93,109,124,140,100,180,84,162,185,148,149,22,209,143,69,57,3,211,15,182,203,37,208,117,48,159,159	2,5,0.9985,1,123;6,3,0.8875,3,145;8,3,0.2265,0,131;1,2,0.3495,0,62;3,3,0.6365,0,4;3,0,0.9455,2,210
claim-interventional-train-01124	9	1	1	172,138,163,111,161,46,93,135,174,59,91,21,141,189,12,1,43,65,34,128,87,150,100,166,31,146,164,20,116,51,175,81,174,69,190,118	0,2,0.8885,0,19;6,0,0.6945,1,109;2,1,0.3775,0,254;8,5,0.6705,0,2;3,5,0.9155,1,31;7,5,0.4335,0,178
claim-interventional-train-01125	0	3	2	156,93,160,86,181,12,120,202,174,4,111,141,153,128,76,23,69,90,116,132,205,148,37,201,46,151,52,58,68,183,29,105,20,43,179,137	3,2,0.9335,2,130;4,3,0.6315,1,240;3,0,0.8145,0,227;3,4,0.4295,0,200;8,5,0.8075,3,145;7,2,0.2355,0,238
claim-interventional-train-01126	0	3	0	149,69,173,190,40,180,168,116,109,93,148,86,100,18,160,74,28,36,215,91,4,202,10,179,67,51,45,21,212,127,139,141,61,191,117,135	3,0,0.5705,0,170;3,2,0.0225,0,153;2,3,0.7305,0,204;1,4,0.7175,0,208;3,3,0.9385,0,37;6,5,0.6035,0,190
claim-interventional-train-01127	0	3	1	168,57,10,45,111,117,150,92,136,58,148,191,18,76,197,171,93,27,35,22,203,158,100,193,82,124,141,40,116,69,3,64,192,133,209,212	2,0,0.4365,1,38;2,1,0.1155,0,13;8,0,0.0835,0,140;3,0,0.9365,0,41;3,5,0.8355,0,200;3,3,0.0175,0,233
claim-interventional-train-01128	6	1	0	116,203,23,107,186,43,181,69,168,133,146,140,35,117,124,18,183,46,63,186,88,68,11,75,32,149,82,165,101,7,93,180,49,169,172,141	6,1,0.4625,2,232;7,1,0.7485,1,147;0,5,0.9285,0,71;2,0,0.1235,0,240;4,1,0.8315,0,95;3,3,0.8295,0,184
claim-interventional-train-01129	1	0	0	187,93,75,169,90,36,161,10,149,190,106,152,46,144,124,145,214,86,213,114,40,64,175,130,51,158,118,102,4,215,27,140,69,20,60,21	3,0,0.8715,0,140;2,2,0.1455,1,92;2,2,0.1915,0,168;2,4,0.5025,0,168;5,0,0.5415,1,92;3,0,0.9265,3,131
claim-interventional-train-01130	1	1	2	60,15,201,214,4,47,27,117,141,160,172,172,138,123,85,213,185,133,19,108,42,207,69,50,24,116,93,99,64,91,187,37,196,151,81,146	3,5,0.6405,3,117;2,3,0.5545,2,20;1,2,0.1685,0,30;8,3,0.7285,0,252;2,2,0.8805,0,164;2,3,0.5585,0,72
claim-interventional-train-01131	3	0	0	212,93,43,21,172,117,28,45,206,55,140,97,182,114,149,65,135,10,17,141,203,86,6,207,89,203,167,80,197,108,60,69,35,145,160,124	5,0,0.2535,0,200;3,1,0.6375,0,169;6,2,0.2805,0,207;7,4,0.2285,0,33;0,2,0.4415,0,208;3,5,0.9185,0,105
claim-interventional-train-01132	9	0	2	170,213,139,185,145,151,78,93,141,21,123,115,104,169,41,5,68,209,14,69,28,61,56,109,180,17,90,82,198,45,132,120,180,170,36,169	4,4,0.3065,0,98;3,2,0.3915,0,167;7,3,0.8785,0,202;5,0,0.4245,0,250;7,3,0.7675,3,164;2,2,0.7705,0,216
claim-interventional-train-01133	2	3	0	149,190,10,205,170,41,184,194,93,81,69,86,67,45,124,18,157,50,181,132,60,114,162,117,34,21,139,161,110,141,98,26,3,165,90,148	2,0,0.5485,0,66;1,0,0.2295,0,96;1,2,0.6645,0,67;8,4,0.5605,0,209;1,4,0.4565,0,158;3,2,0.7205,0,25
claim-interventional-train-01134	8	1	2	35,141,146,114,88,204,212,184,109,215,125,16,76,10,52,102,151,183,69,87,5,136,133,154,43,198,117,193,59,46,31,172,179,23,93,65	4,0,0.0325,2,217;6,1,0.7085,1,187;3,1,0.3025,0,253;3,5,0.1535,0,183;5,3,0.5205,0,147;4,3,0.1615,0,183
claim-interventional-train-01135	3	0	2	181,89,69,172,159,13,145,45,107,124,189,68,63,40,3,138,208,52,94,34,21,185,113,78,84,151,117,165,25,206,104,20,131,141,211,173	2,3,0.8185,0,141;0,0,0.1845,0,92;3,5,0.8535,0,38;5,2,0.2625,1,246;7,1,0.3825,0,184;3,1,0.4395,0,221
claim-interventional-train-01136	5	2	1	177,28,147,106,182,39,114,43,76,93,167,144,214,135,117,69,89,173,138,162,67,60,163,190,102,21,152,86,45,2,150,165,17,13,126,50	1,3,0.3685,0,251;3,5,0.7405,0,46;1,2,0.7145,0,164;3,4,0.3655,0,185;5,0,0.4645,0,122;5,5,0.4955,3,87
claim-interventional-train-01137	8	0	2	34,117,85,141,207,48,137,6,102,111,65,21,161,145,90,215,151,73,164,196,63,128,130,33,172,12,69,43,164,56,206,161,19,93,196,116	5,2,0.6135,0,202;8,0,0.7545,3,47;7,5,0.3485,0,211;0,3,0.5405,0,186;5,5,0.8055,0,11;7,0,0.3025,0,109
claim-interventional-train-01138	8	1	0	128,7,77,85,69,100,67,10,175,40,93,19,141,197,135,107,38,21,209,211,63,198,179,149,117,114,54,208,146,88,137,165,27,194,45,170	6,0,0.6475,0,12;2,4,0.1805,0,140;5,5,0.7905,0,101;4,3,0.1415,0,184;3,1,0.5035,0,38;7,5,0.3165,0,166
claim-interventional-train-01139	10	2	0	167,178,68,61,36,114,177,16,117,95,107,203,149,100,155,127,141,147,5,33,69,57,89,136,44,184,203,21,15,76,153,157,47,134,169,82	4,5,0.0475,0,136;8,2,0.9665,2,44;8,3,0.8045,0,51;3,0,0.3875,2,91;3,1,0.5195,0,251;6,4,0.1835,0,19
claim-interventional-train-01140	7	0	2	215,74,171,91,108,112,202,166,145,204,14,60,151,195,50,123,9,133,36,28,155,200,96,40,136,17,45,69,210,67,84,117,141,155,21,103	8,4,0.3295,0,32;3,2,0.0005,0,225;1,2,0.7585,0,240;1,2,0.6105,3,68;6,2,0.0265,0,150;2,3,0.0935,0,179
claim-interventional-train-01141	2	1	1	174,16,21,162,2,150,164,196,45,14,141,112,146,132,152,184,58,36,140,155,87,88,69,66,93,109,53,177,168,117,79,31,104,156,129,43	1,4,0.1245,0,143;6,2,0.7965,0,27;4,0,0.4235,0,214;6,5,0.0835,0,253;7,3,0.0925,0,195;8,2,0.8935,0,140
claim-interventional-train-01142	1	1	2	157,77,146,63,132,19,151,36,45,205,98,199,14,123,193,162,40,202,82,21,187,117,154,28,67,112,51,108,6,69,156,141,165,139,93,92	5,4,0.6245,0,5;3,2,0.0945,0,144;2,5,0.6025,0,241;4,0,0.9585,0,25;1,2,0.0075,0,92;2,2,0.7295,0,22
claim-interventional-train-01143	8	3	2	137,161,114,151,3,129,59,92,160,160,10,174,144,41,45,148,68,39,206,102,131,19,75,200,30,192,155,21,94,161,83,54,117,108,70,192	2,0,0.6395,0,15;5,5,0.2475,0,251;5,1,0.9605,1,210;2,1,0.8965,1,189;5,2,0.5275,0,92;8,1,0.3975,3,138
claim-interventional-train-01144	2	1	0	58,166,66,8,44,149,82,28,111,101,57,22,158,89,45,141,11,122,198,117,160,140,198,205,146,161,69,95,182,130,16,153,36,155,113,75	7,1,0.1345,1,39;3,2,0.9725,0,142;8,0,0.5915,0,11;2,0,0.3535,2,117;4,5,0.3765,0,5;1,0,0.9675,0,234
claim-interventional-train-01145	1	0	1	99,16,142,177,93,106,150,91,51,68,26,185,213,213,210,175,86,119,69,165,192,73,139,145,38,134,3,10,208,45,23,44,129,200,63,114	2,0,0.1045,2,125;1,4,0.9235,0,195;2,5,0.9865,0,180;0,4,0.7775,0,78;2,0,0.5865,2,189;8,4,0.7545,1,39
claim-interventional-train-01146	5	1	0	107,69,40,192,50,18,89,157,99,146,84,187,155,14,181,134,21,34,149,127,141,117,204,65,7,93,30,197,139,115,81,190,191,205,45,62	6,4,0.5295,0,153;5,0,0.1105,0,132;1,4,0.3165,0,224;8,2,0.2335,0,103;2,1,0.7375,0,130;6,4,0.7995,0,197
claim-interventional-train-01147	2	1	0	45,187,123,93,149,86,17,153,59,141,68,200,24,80,180,132,88,100,203,202,110,15,70,197,155,187,140,29,2,36,174,56,113,117,44,146	1,5,0.2365,3,26;4,2,0.9345,0,154;7,1,0.9775,1,182;7,4,0.1645,0,3;3,4,0.3005,0,155;2,2,0.9575,0,108
claim-interventional-train-01148	5	3	0	99,175,208,69,198,148,183,199,168,124,45,88,108,7,39,20,119,185,82,51,175,112,40,58,136,133,184,190,141,149,21,14,68,93,26,81	6,4,0.9765,0,84;1,5,0.0245,0,140;2,0,0.8025,0,106;8,0,0.0325,0,147;2,2,0.0465,2,130;3,3,0.1085,0,128
claim-interventional-train-01149	8	3	1	35,159,69,128,117,78,173,206,44,116,93,91,58,109,162,64,83,52,169,150,17,141,200,162,102,130,15,140,148,45,4,191,32,157,160,21	3,5,0.2955,0,108;7,1,0.9135,0,40;3,0,0.0845,0,23;5,1,0.7335,0,139;5,3,0.9865,0,154;7,0,0.8525,0,51
claim-interventional-train-01150	8	1	2	202,99,52,87,176,167,45,146,93,42,1,177,66,188,168,195,13,59,179,90,106,17,121,80,70,30,172,141,138,151,22,131,117,115,39,152	0,3,0.2975,1,137;5,5,0.5205,0,158;3,1,0.4305,1,139;7,5,0.4145,0,53;2,0,0.6215,0,181;0,1,0.4845,0,24
claim-interventional-train-01151	6	1	2	21,180,175,40,163,136,25,58,180,190,55,128,203,170,38,151,109,132,69,73,146,120,112,67,196,92,141,104,17,93,178,12,8,84,176,45	7,2,0.3415,0,83;0,4,0.0895,0,70;6,0,0.7695,0,212;0,2,0.9065,0,184;7,3,0.0595,3,221;7,2,0.0615,0,150
claim-interventional-train-01152	7	1	2	91,160,85,50,141,124,20,68,154,137,207,14,166,151,133,35,187,76,43,5,21,116,146,95,106,164,117,153,166,206,69,27,105,204,46,63	4,4,0.8055,0,24;2,1,0.7385,1,41;1,5,0.8055,0,73;3,3,0.6495,2,54;8,0,0.8315,0,136;3,3,0.2735,0,213
claim-interventional-train-01153	3	0	2	95,12,21,158,107,138,69,58,20,201,145,76,202,125,57,173,160,39,209,97,114,179,118,189,45,130,152,66,143,151,91,84,4,28,42,211	3,2,0.9605,0,1;3,5,0.4395,0,174;8,0,0.4425,0,207;3,2,0.6895,2,85;0,1,0.4185,1,218;4,0,0.5285,2,80
claim-interventional-train-01154	8	3	0	93,39,107,30,87,21,203,207,148,3,209,58,156,117,116,10,193,134,102,212,142,78,43,66,69,51,149,197,45,159,17,92,169,157,139,126	2,0,0.3885,0,125;5,5,0.7385,0,76;2,0,0.4285,0,136;5,5,0.8265,0,25;5,1,0.8095,0,88;5,4,0.6525,1,85
claim-interventional-train-01155	10	0	0	112,132,145,154,141,68,41,21,168,9,149,184,93,63,117,111,201,45,166,140,82,100,54,212,69,89,39,200,125,191,204,26,160,20,14,75	8,4,0.9745,0,86;1,5,0.3345,0,97;5,5,0.9705,0,254;2,0,0.3665,0,196;3,5,0.1055,0,127;4,2,0.8325,0,25
claim-interventional-train-01156	5	2	0	128,188,86,12,185,38,93,137,71,62,31,184,199,147,196,153,117,21,215,45,112,149,4,91,76,64,153,43,160,131,98,16,158,49,144,108	3,2,0.1555,0,216;6,4,0.6825,0,1;0,4,0.0915,2,75;3,4,0.7085,0,130;1,2,0.0515,0,207;7,1,0.2675,3,106
claim-interventional-train-01157	5	2	1	116,59,210,150,45,134,69,178,163,204,170,76,117,83,143,7,42,37,28,12,92,21,180,194,138,54,68,124,18,147,164,180,166,109,100,93	6,2,0.4985,0,133;3,3,0.5475,0,193;5,1,0.8315,0,197;3,1,0.9815,0,165;3,3,0.9245,0,167;3,4,0.5535,2,14
claim-interventional-train-01158	3	0	1	19,54,156,93,12,202,196,44,215,117,178,179,214,84,3,178,116,39,69,73,98,28,135,175,107,150,90,63,67,138,141,122,213,45,21,145	2,2,0.7795,0,237;3,5,0.8655,0,151;5,5,0.6705,0,19;0,2,0.4075,0,182;1,1,0.9805,0,63;1,5,0.5345,0,164
claim-interventional-train-01159	10	0	2	139,132,89,145,69,183,189,81,4,195,176,32,214,45,201,54,187,167,117,184,62,111,38,112,21,191,17,41,11,87,124,144,101,151,65,93	3,1,0.3775,0,15;7,4,0.3905,0,213;5,4,0.3485,0,1;8,5,0.2815,0,185;4,5,0.0675,0,168;3,2,0.6035,3,182
claim-interventional-train-01160	10	2	0	129,159,149,44,81,69,24,17,33,214,85,187,119,141,67,54,190,182,136,164,91,100,45,112,195,169,152,132,201,7,61,14,93,147,111,37	6,4,0.3055,3,35;8,3,0.9505,0,173;5,3,0.7045,0,154;8,3,0.6645,0,107;3,5,0.0895,2,204;8,2,0.1135,0,125
claim-interventional-train-01161	8	2	2	184,90,10,117,93,151,215,21,9,73,59,159,33,197,20,147,143,212,65,202,115,84,154,124,49,43,132,102,207,71,170,200,140,35,46,109	8,0,0.9715,0,42;8,1,0.6685,1,37;0,1,0.3355,2,45;0,2,0.4165,0,71;5,3,0.6765,0,64;3,2,0.9825,2,107
claim-interventional-train-01162	2	0	0	58,98,112,40,27,90,75,69,149,141,117,47,177,173,15,210,84,34,16,206,166,130,159,126,211,52,145,68,3,139,93,109,23,212,203,160	2,5,0.0095,2,74;2,0,0.1905,2,130;3,0,0.9335,0,66;2,2,0.5525,0,118;1,3,0.0625,0,48;5,0,0.6335,0,87
claim-interventional-train-01163	7	2	2	88,26,45,42,121,115,166,39,158,196,190,138,21,151,84,159,93,187,103,65,141,195,204,13,131,74,117,63,163,69,5,108,147,17,181,56	4,3,0.3195,0,38;1,5,0.5705,0,229;7,5,0.3305,0,183;1,2,0.1445,0,241;6,2,0.7865,0,169;0,1,0.5605,0,251
claim-interventional-train-01164	5	0	0	65,145,161,31,196,69,86,80,173,58,120,115,21,10,211,141,159,166,38,16,106,149,154,126,45,90,43,157,100,6,94,52,132,161,136,176	5,0,0.1705,0,35;6,4,0.6085,0,116;3,0,0.2215,0,93;7,4,0.4455,1,81;3,0,0.6635,3,6;5,2,0.1615,0,94
claim-interventional-train-01165	5	0	0	155,88,157,36,59,127,2,101,94,45,149,201,139,145,49,114,43,204,70,82,31,14,171,134,17,109,141,73,201,211,66,210,21,117,198,196	1,4,0.2365,0,87;6,2,0.7355,0,190;0,1,0.5205,1,199;0,0,0.1705,1,77;4,3,0.5705,0,165;6,4,0.6325,0,10
claim-interventional-train-01166	1	3	1	141,189,16,54,15,215,80,133,169,189,114,66,152,123,100,87,47,89,160,168,150,157,106,93,148,42,203,26,210,34,138,1,60,72,21,117	0,5,0.1745,0,3;1,0,0.4095,2,196;5,2,0.5335,3,126;7,5,0.3355,0,130;3,0,0.4175,0,207;2,3,0.4465,0,81
claim-interventional-train-01167	3	0	0	165,91,141,56,60,72,132,162,172,212,100,68,117,114,167,124,21,140,75,28,109,18,158,197,93,2,35,189,85,15,161,173,145,149,43,45	1,5,0.4885,0,17;3,1,0.7475,0,83;7,2,0.9615,3,140;2,3,0.6935,0,121;3,3,0.4265,0,130;3,2,0.8345,0,207
claim-interventional-train-01168	2	2	1	1,201,191,40,187,185,138,168,204,132,87,68,164,150,11,182,91,129,147,69,17,47,141,111,100,197,191,77,21,93,117,116,60,34,56,25	0,1,0.3415,0,22;0,0,0.1475,2,222;7,2,0.8415,0,215;4,5,0.7065,0,122;3,5,0.8405,0,225;8,2,0.5105,0,94
claim-interventional-train-01169	10	0	0	145,182,67,130,141,109,24,149,61,44,166,12,125,77,93,116,210,91,37,187,207,17,86,9,102,182,180,51,158,45,33,204,69,117,157,136	8,2,0.2865,3,84;8,3,0.9325,0,77;2,3,0.6675,0,159;4,4,0.6265,0,23;5,3,0.9545,0,189;4,0,0.0915,0,221
claim-interventional-train-01170	4	1	1	212,190,120,180,157,40,82,15,150,124,198,45,53,19,93,135,210,108,38,60,1,139,141,99,153,68,72,22,157,210,207,91,75,27,146,116	0,5,0.7855,1,62;2,4,0.0115,0,116;4,2,0.8575,3,109;2,0,0.6695,0,104;2,2,0.9185,3,105;3,5,0.6285,0,189
claim-interventional-train-01171	4	1	1	172,177,169,176,85,15,117,141,91,158,109,65,33,5,16,180,196,43,76,45,190,93,130,105,21,50,150,187,146,124,61,114,69,211,37,139	4,5,0.1855,0,154;8,3,0.7815,0,92;1,3,0.2945,0,21;3,3,0.6865,0,188;8,3,0.5705,0,160;3,0,0.6755,0,106
claim-interventional-train-01172	2	2	0	136,215,111,209,214,5,93,120,190,164,90,74,125,41,21,66,180,45,98,13,147,28,70,58,130,84,115,16,141,176,54,213,162,164,149,35	4,3,0.1095,0,89;3,1,0.3185,0,73;5,0,0.4965,1,189;1,2,0.5485,0,99;1,5,0.6885,3,102;4,0,0.0755,0,186
claim-interventional-train-01173	6	0	0	154,14,73,65,19,145,169,215,29,157,41,113,91,85,176,132,69,38,199,58,50,157,141,149,45,117,93,100,168,5,200,123,21,139,181,109	4,4,0.7855,0,243;4,4,0.2825,0,140;1,0,0.3885,0,34;0,3,0.7095,0,116;3,3,0.2555,0,225;2,2,0.7755,0,212
claim-interventional-train-01174	9	0	2	139,157,169,21,175,85,187,27,164,76,69,141,124,151,19,134,45,40,110,165,93,62,88,155,37,67,56,119,154,10,115,145,100,168,7,195	6,0,0.6605,0,30;2,3,0.1755,0,226;7,4,0.7205,0,12;3,3,0.0295,0,118;3,4,0.7315,2,66;3,4,0.7985,0,208
claim-interventional-train-01175	5	3	1	201,206,114,50,111,78,181,44,94,157,155,117,198,187,31,213,38,91,129,10,158,20,187,64,141,21,45,60,148,84,103,150,4,131,72,140	3,0,0.8455,0,165;6,4,0.9285,0,213;1,2,0.0315,3,26;5,2,0.7575,1,170;6,5,0.4905,0,78;8,1,0.8855,0,109
claim-interventional-train-01176	6	1	2	100,202,52,178,211,58,69,112,90,28,134,38,117,183,12,151,20,201,141,6,85,67,178,146,93,73,45,41,107,21,171,174,177,137,159,129	5,2,0.9095,0,100;3,4,0.3075,0,214;3,0,0.6365,0,86;0,3,0.5125,0,228;3,1,0.0725,0,180;8,4,0.2405,0,10
claim-interventional-train-01177	10	1	1	115,200,77,135,111,117,150,68,126,21,69,188,214,174,137,141,17,13,214,87,101,164,90,56,93,5,45,35,146,160,43,33,204,187,183,58	4,3,0.3575,0,28;8,1,0.7385,0,221;7,0,0.9395,0,21;4,5,0.4385,0,206;4,5,0.7545,0,19;5,5,0.2595,0,2
claim-interventional-train-01178	8	3	1	1,45,140,91,21,141,173,52,14,162,185,181,197,109,69,214,179,115,156,129,130,120,182,87,16,148,78,100,37,42,150,66,191,61,93,31	0,4,0.0685,0,91;6,3,0.5255,0,106;3,3,0.5965,0,120;5,5,0.6385,0,177;3,3,0.7265,3,213;8,0,0.8905,0,92
claim-interventional-train-01179	1	1	0	144,99,157,69,160,138,21,55,93,28,112,182,135,89,10,109,149,195,75,170,117,146,177,67,87,122,178,19,185,61,46,43,160,35,2,167	1,0,0.7985,0,135;3,1,0.6955,1,63;6,3,0.7975,0,236;2,5,0.3715,0,9;2,3,0.1385,0,34;1,5,0.4405,3,244
claim-interventional-train-01180	10	3	1	164,44,94,45,34,73,55,150,66,139,117,109,21,213,162,69,200,92,100,188,141,214,30,20,185,202,210,134,129,84,12,164,58,9,148,116	8,2,0.8195,0,72;5,0,0.8955,0,43;6,0,0.4355,0,172;0,2,0.9195,1,145;3,3,0.9125,0,24;8,4,0.7255,0,161
claim-interventional-train-01181	1	3	2	27,151,44,141,117,136,178,86,110,59,207,90,39,171,199,69,114,93,211,185,75,123,186,132,175,156,65,16,47,160,148,103,4,11,53,21	3,1,0.1345,0,94;2,5,0.9145,2,166;4,1,0.2065,0,115;2,4,0.5825,0,69;6,4,0.4515,0,225;2,2,0.0005,0,173
claim-interventional-train-01182	5	0	1	176,180,210,31,158,45,12,7,167,21,41,171,63,99,64,80,153,107,145,85,170,113,95,69,137,119,39,153,134,150,89,125,141,49,17,184	6,2,0.3255,0,58;6,5,0.3225,0,111;0,5,0.1445,0,83;7,3,0.2955,2,254;2,1,0.2605,2,168;4,4,0.3265,0,129
claim-interventional-train-01183	10	3	2	209,117,92,113,192,38,138,202,45,25,62,16,93,3,72,151,53,214,109,81,21,172,104,12,208,148,172,130,142,86,126,203,40,180,65,187	2,2,0.0045,0,193;0,4,0.1205,0,94;4,4,0.3565,3,30;8,4,0.9575,0,106;7,3,0.3075,0,64;5,0,0.5995,1,3
claim-interventional-train-01184	5	1	1	111,143,173,194,186,86,174,93,150,18,13,174,195,90,41,191,81,48,146,137,131,30,112,117,124,187,36,166,167,63,21,55,8,68,103,69	7,3,0.4265,0,218;5,2,0.3005,3,123;6,5,0.8035,0,214;8,4,0.4865,0,12;6,5,0.0105,0,79;3,1,0.3955,2,183
claim-interventional-train-01185	2	3	0	75,149,169,157,44,141,183,182,97,20,94,121,137,117,203,26,157,132,69,113,181,21,4,66,45,148,196,107,53,62,164,172,91,37,12,86	3,2,0.8835,0,218;1,3,0.8995,0,153;4,4,0.4735,0,46;2,4,0.7275,1,175;0,1,0.2395,0,51;0,2,0.3415,0,81
claim-interventional-train-01186	2	1	0	21,64,62,116,48,98,106,134,141,213,27,36,117,16,11,176,146,89,158,185,125,93,190,42,215,9,136,179,50,159,149,69,205,183,84,76	8,1,0.0435,0,82;2,2,0.4385,3,169;1,4,0.0535,0,138;3,2,0.3085,0,4;1,0,0.9335,0,172;4,4,0.1825,0,54
claim-interventional-train-01187	1	1	1	114,141,13,16,192,146,174,69,117,93,40,51,79,22,187,196,155,136,4,68,188,86,133,27,36,45,62,215,209,150,152,88,100,107,125,206	3,3,0.1475,1,20;2,2,0.0115,0,61;2,4,0.8695,0,40;6,4,0.1115,0,3;3,1,0.5425,0,118;4,3,0.0205,0,230
claim-interventional-train-01188	7	0	2	190,93,38,92,58,176,132,204,107,21,10,203,139,98,18,49,200,85,169,44,32,166,69,126,1,64,47,160,118,145,193,116,162,74,151,141	0,0,0.4565,0,60;7,4,0.8895,2,30;0,0,0.0755,0,228;1,3,0.8665,0,184;1,1,0.8765,1,222;5,2,0.6505,0,71
claim-interventional-train-01189	0	3	0	121,14,39,116,96,141,88,117,69,179,159,45,149,9,64,180,202,148,161,162,164,16,176,75,106,189,28,63,102,136,21,167,85,56,132,43	8,4,0.1385,0,125;3,5,0.7515,0,245;7,5,0.0075,0,82;2,3,0.0635,3,226;5,0,0.9585,0,234;0,2,0.1085,0,49
claim-interventional-train-01190	1	1	0	33,141,112,84,88,186,126,117,168,203,167,79,44,202,62,36,16,177,101,5,51,45,214,93,135,110,66,184,200,205,146,21,69,138,12,149	4,2,0.1495,0,14;8,2,0.8645,0,116;2,4,0.5965,0,122;6,2,0.1355,0,34;4,4,0.0505,0,228;5,5,0.4805,0,216
claim-interventional-train-01191	9	0	0	80,181,173,35,13,102,2,199,193,118,32,40,141,17,93,45,164,82,166,140,190,168,114,65,145,56,107,90,24,179,149,58,131,128,178,69	1,3,0.2085,3,75;7,1,0.0895,0,237;7,0,0.2885,0,140;7,0,0.4665,0,235;5,1,0.5225,1,219;7,1,0.8475,0,178
claim-interventional-train-01192	2	0	0	88,165,93,202,126,153,170,141,115,66,17,59,10,165,140,4,36,69,51,22,169,100,118,45,82,41,192,181,149,74,153,145,196,26,131,108	3,0,0.3375,1,97;1,2,0.2315,0,61;2,1,0.4155,0,53;1,0,0.1355,0,61;3,2,0.6755,1,247;5,1,0.9315,0,218
claim-interventional-train-01193	6	0	2	39,122,189,160,93,114,98,196,172,151,8,83,142,75,117,155,203,175,66,106,139,169,40,205,145,14,132,45,17,21,69,33,61,49,89,171	7,4,0.3005,0,62;8,5,0.0495,0,250;0,3,0.5705,0,53;2,1,0.2395,0,216;1,0,0.4635,0,71;1,2,0.7425,1,127
claim-interventional-train-01194	6	3	2	167,151,54,101,183,161,27,22,45,44,201,135,187,144,9,17,148,87,66,13,166,73,38,183,171,171,90,106,175,117,136,114,93,62,124,72	8,3,0.2765,1,180;2,4,0.9695,0,166;5,4,0.4385,3,114;0,5,0.5325,0,15;4,0,0.4715,0,141;3,5,0.0905,3,194
claim-interventional-train-01195	10	1	0	174,170,184,67,20,182,177,87,110,37,201,15,77,21,140,135,3,117,59,28,149,91,115,146,45,129,194,141,69,51,42,101,156,93,160,162	2,5,0.9645,0,195;3,3,0.5255,0,250;2,1,0.7165,0,172;4,5,0.6905,0,76;4,4,0.6175,0,2;8,5,0.8675,0,126
claim-interventional-train-01196	1	3	1	40,105,148,114,160,75,199,179,136,13,182,48,120,150,91,211,123,108,141,159,178,21,66,61,17,28,134,69,49,211,34,87,153,208,93,8	7,3,0.2185,0,249;3,0,0.1745,3,14;0,3,0.4095,0,37;2,5,0.6875,0,120;8,2,0.4855,3,7;2,4,0.0015,0,253
claim-interventional-train-01197	1	1	2	82,37,214,106,14,80,170,124,117,113,146,88,136,131,175,158,215,27,190,98,159,45,51,24,93,151,141,65,17,1,62,69,153,192,41,178	0,4,0.2855,3,111;2,3,0.2165,0,141;2,4,0.3075,0,143;7,0,0.1185,0,1;1,0,0.2215,0,104;3,1,0.0995,0,89
claim-interventional-train-01198	7	3	0	209,58,137,192,34,148,117,74,154,42,93,51,108,46,29,20,126,196,92,69,85,153,116,165,134,157,141,23,210,149,162,14,64,9,100,202	8,4,0.8615,2,186;4,0,0.4305,1,31;2,0,0.1945,0,42;1,3,0.8905,0,227;3,2,0.9935,0,74;5,4,0.2915,0,149
claim-interventional-train-01199	8	1	1	56,135,208,93,196,78,10,19,188,146,183,36,87,28,168,129,67,62,192,112,90,111,21,141,69,150,105,45,4,136,41,168,190,188,117,178	3,0,0.6105,0,82;3,2,0.2535,0,5;7,4,0.6915,0,172;5,5,0.5815,0,207;8,5,0.0615,0,136;8,5,0.0105,0,65
claim-interventional-train-01200	4	1	1	206,63,191,69,140,191,175,2,109,68,34,146,200,160,115,130,15,205,47,93,16,176,117,79,102,201,32,214,91,150,21,40,85,141,122,52	1,5,0.0915,0,149;7,0,0.0525,2,61;3,5,0.8395,0,126;6,3,0.7465,0,71;5,3,0.6275,0,206;1,0,0.8785,0,160
claim-interventional-train-01201	1	1	2	3,207,21,203,189,91,153,152,72,198,119,155,99,133,29,14,65,146,111,159,141,20,139,51,126,151,186,43,45,36,82,114,75,62,171,93	2,4,0.9045,0,80;4,2,0.6655,0,137;2,4,0.2725,3,234;2,0,0.7455,0,36;2,5,0.4305,2,95;5,3,0.6125,0,37
claim-interventional-train-01202	6	0	2	176,140,116,42,94,39,4,91,84,202,21,141,212,12,208,170,69,102,17,213,62,109,191,47,121,73,66,157,195,120,167,55,133,151,145,25	3,2,0.2985,0,129;0,5,0.5025,2,199;6,4,0.4895,0,212;0,2,0.6135,1,139;5,3,0.8855,3,86;0,3,0.8945,0,249
claim-interventional-train-01203	2	3	0	140,133,94,31,83,70,183,78,185,35,208,209,164,45,169,43,116,209,148,11,165,108,100,21,17,62,122,66,56,141,1,165,117,149,92,171	0,1,0.3115,0,198;6,1,0.7915,0,212;7,4,0.5145,1,220;5,1,0.9615,1,115;3,2,0.8105,0,103;1,3,0.8715,0,78
claim-interventional-train-01204	9	2	1	28,93,207,40,141,147,155,150,107,160,131,154,137,116,89,69,20,49,60,166,100,37,157,8,87,74,117,21,67,122,13,160,196,170,213,45	7,3,0.8925,0,132;3,3,0.0105,0,179;0,2,0.7825,0,206;1,5,0.3675,0,88;3,1,0.8915,0,60;1,1,0.2395,0,245
claim-interventional-train-01205	6	2	2	52,163,142,167,151,88,69,45,152,212,21,127,108,181,12,190,20,97,182,147,64,58,183,80,93,205,114,1,36,135,86,190,117,41,140,28	0,2,0.9155,0,207;3,2,0.2665,0,64;3,0,0.1965,0,136;7,4,0.1405,0,85;0,2,0.4035,0,253;6,5,0.9865,1,197
claim-interventional-train-01206	4	1	2	151,130,1,42,75,55,146,152,176,66,39,19,21,108,93,140,115,211,91,71,117,87,197,156,168,141,192,45,14,61,98,28,208,180,125,170	0,4,0.7255,0,15;3,5,0.4985,0,20;6,3,0.5895,2,221;2,5,0.6435,0,102;1,2,0.7095,0,162;4,0,0.9285,0,154
claim-interventional-train-01207	1	0	1	44,45,159,65,10,166,139,186,69,150,58,109,93,164,112,117,173,141,162,212,188,56,36,74,131,27,126,19,174,97,145,89,83,175,3,21	2,0,0.7595,0,113;2,2,0.8575,0,163;7,0,0.2675,0,120;1,1,0.2515,0,149;0,3,0.0245,0,182;5,1,0.6875,0,221
claim-interventional-train-01208	8	0	1	201,91,133,150,178,66,126,178,10,28,205,141,145,138,186,160,167,78,117,46,108,58,19,99,21,195,69,5,207,93,112,162,84,36,41,53	4,0,0.6285,0,30;3,2,0.2495,1,57;4,0,0.4655,0,98;5,2,0.7325,0,16;2,2,0.1505,0,48;5,3,0.5835,0,145
claim-interventional-train-01209	1	3	2	34,148,117,65,197,61,185,21,187,93,13,195,92,189,27,195,3,211,45,70,79,99,208,85,137,44,151,141,20,132,114,179,125,51,107,164	2,3,0.8425,0,55;2,0,0.9825,0,193;2,3,0.2555,1,176;6,3,0.8565,0,85;2,1,0.4615,0,231;4,2,0.2925,0,140
claim-interventional-train-01210	1	0	0	184,123,112,104,187,65,45,135,145,209,140,173,20,31,40,34,95,186,62,141,8,149,57,78,187,87,117,10,22,204,69,162,91,193,188,109	7,0,0.8435,1,119;6,0,0.0315,0,36;8,4,0.2115,0,54;5,5,0.7305,2,139;7,3,0.0855,0,46;2,5,0.9175,0,109
claim-interventional-train-01211	1	3	1	75,10,173,34,87,40,21,148,173,182,51,197,92,134,140,64,19,176,97,213,184,117,166,186,174,93,32,4,59,45,111,150,69,143,113,123	3,0,0.7525,0,168;7,0,0.1065,0,40;2,1,0.1095,0,164;2,5,0.8555,0,204;0,5,0.3595,0,103;2,4,0.9255,2,247
claim-interventional-train-01212	2	3	2	141,13,93,69,178,36,89,78,122,151,4,191,18,189,132,60,21,40,194,111,113,183,160,27,68,178,176,137,148,97,155,117,55,45,186,87	3,3,0.4255,0,161;2,2,0.0575,0,26;6,2,0.9045,0,150;5,5,0.3035,0,92;0,5,0.3545,0,128;1,2,0.2895,0,127
claim-interventional-train-01213	2	0	1	191,117,138,26,59,143,174,101,204,19,49,133,36,106,93,75,66,21,82,205,92,213,150,145,174,46,12,115,161,213,42,129,164,168,4,69	3,2,0.7145,0,231;1,2,0.5745,1,186;0,1,0.5975,0,171;2,0,0.9035,0,215;4,0,0.7905,0,213;8,3,0.5145,2,236
claim-interventional-train-01214	9	1	2	87,36,104,10,129,157,77,146,45,89,94,114,208,177,41,151,111,16,159,175,211,179,28,142,70,134,117,53,177,65,5,23,58,175,140,180	4,0,0.0335,2,227;3,2,0.3935,0,79;4,0,0.2065,1,127;4,5,0.2255,1,181;7,5,0.4335,0,96;8,4,0.9405,1,43
claim-interventional-train-01215	9	3	0	8,34,74,100,83,148,13,45,191,136,171,214,51,131,44,153,93,149,70,141,26,208,109,167,117,64,123,59,205,204,201,92,21,113,20,159	7,3,0.8435,0,85;1,0,0.8555,0,14;2,1,0.1215,1,155;1,1,0.9715,0,128;3,3,0.3985,0,140;2,1,0.1515,0,156
claim-interventional-train-01216	4	1	0	81,155,52,165,163,72,45,137,202,43,186,115,141,98,107,204,68,149,169,17,83,169,146,95,126,62,38,21,9,175,11,133,199,88,28,120	8,1,0.2845,0,57;3,4,0.7135,0,142;3,4,0.8395,3,9;8,1,0.0545,2,189;1,1,0.6095,3,115;5,3,0.3235,0,201
claim-interventional-train-01217	3	0	1	20,144,102,108,191,32,45,131,15,4,179,181,54,157,93,171,206,43,158,213,150,119,87,92,129,21,76,71,113,145,36,140,153,62,201,65	3,5,0.9385,0,154;7,2,0.7265,0,169;5,4,0.3585,2,181;3,5,0.9675,0,229;5,2,0.3045,2,20;8,1,0.9455,3,133
claim-interventional-train-01218	9	1	0	68,188,126,149,77,21,178,110,4,93,13,183,17,146,112,117,37,193,56,191,40,141,138,31,158,104,87,190,69,135,63,91,202,45,204,189	3,3,0.3325,0,218;6,3,0.1835,0,212;7,5,0.8125,0,239;4,5,0.6545,0,117;7,4,0.0615,0,35;5,5,0.5765,0,240
claim-interventional-train-01219	10	0	2	85,152,133,205,215,139,145,78,33,64,12,195,45,151,103,191,91,117,93,38,206,21,60,201,192,17,44,126,161,69,5,53,107,114,186,141	4,2,0.2405,0,111;8,4,0.8505,0,172;4,2,0.1675,0,239;5,3,0.7145,0,250;6,1,0.5135,0,216;5,3,0.7525,0,6
claim-interventional-train-01220	0	3	0	19,167,114,201,92,45,59,107,170,136,24,101,204,49,149,155,27,148,141,86,134,186,93,69,161,191,14,67,124,117,39,187,41,168,76,1	0,4,0.6405,3,169;2,5,0.2805,0,53;0,1,0.7425,0,68;3,4,0.8855,0,151;4,1,0.4095,0,48;3,4,0.1105,0,204
claim-interventional-train-01221	2	0	0	36,190,193,176,203,21,63,42,105,145,164,82,144,89,133,14,139,93,75,200,124,64,16,107,115,4,51,28,45,69,155,149,191,211,208,117	3,4,0.1635,0,198;3,2,0.5205,0,109;2,5,0.1565,0,156;2,0,0.2445,0,42;8,1,0.6155,0,253;3,3,0.7955,3,79
claim-interventional-train-01222	2	1	2	10,45,140,25,103,146,197,43,21,124,58,209,183,93,202,175,74,110,132,19,49,117,3,151,112,188,88,183,69,191,141,164,35,84,197,66	2,0,0.6165,0,49;0,1,0.6125,0,71;0,0,0.4885,0,153;1,2,0.0135,0,27;6,4,0.0195,0,191;3,2,0.8175,0,242
claim-interventional-train-01223	10	3	0	47,89,171,209,85,164,192,177,18,109,130,38,115,141,60,149,66,41,69,101,184,137,148,93,27,194,21,124,190,57,10,162,184,117,6,75	5,0,0.4675,0,2;2,4,0.3155,2,88;8,2,0.4625,0,141;2,3,0.2975,0,116;4,3,0.6925,0,234;3,0,0.3255,0,255
claim-interventional-train-01224	4	1	0	92,137,19,41,114,149,175,52,141,93,206,190,129,159,62,66,165,107,146,134,100,84,197,74,69,15,178,118,34,152,3,176,29,45,21,170	2,5,0.7775,0,146;4,0,0.3155,0,102;3,4,0.5605,0,89;1,2,0.8335,0,246;3,1,0.5635,1,74;8,4,0.3555,0,244
claim-interventional-train-01225	1	3	1	14,100,38,158,5,90,167,130,136,59,169,164,124,93,80,45,209,64,21,82,148,27,150,212,44,69,200,117,111,194,178,192,112,20,56,141	4,4,0.9275,0,57;2,4,0.9015,0,48;7,1,0.1435,0,248;7,0,0.5115,0,28;3,5,0.1535,0,95;3,0,0.0995,0,41
claim-interventional-train-01226	1	0	0	183,67,21,25,16,6,204,141,15,100,35,200,116,43,156,108,172,93,45,51,133,69,174,149,214,92,189,75,190,58,117,145,87,122,207,137	5,5,0.0115,0,129;0,1,0.7605,0,29;2,0,0.6275,0,201;2,5,0.8605,0,94;3,2,0.8845,0,35;1,3,0.3985,0,19
claim-interventional-train-01227	10	3	1	212,33,51,117,186,39,148,18,99,150,198,122,112,141,131,82,136,197,107,167,45,91,75,166,62,180,23,42,93,178,72,65,164,168,8,13	7,3,0.5775,2,93;8,5,0.4905,0,152;2,4,0.2305,3,130;2,0,0.7025,0,130;2,1,0.0655,0,202;1,1,0.1975,0,1
claim-interventional-train-01228	6	0	1	43,154,73,32,20,145,202,192,167,91,134,159,69,117,24,115,87,11,65,58,48,9,165,107,178,193,93,138,121,51,199,34,141,102,150,190	8,1,0.9415,3,2;7,0,0.7145,3,6;2,0,0.2475,0,127;0,5,0.6925,0,33;5,1,0.6345,0,29;0,4,0.4145,0,136
claim-interventional-train-01229	0	3	0	21,49,44,30,170,141,140,117,105,148,84,106,210,208,149,176,73,61,72,192,193,4,66,19,124,185,210,191,156,130,39,91,114,94,45,15	3,5,0.7545,0,155;5,5,0.8505,0,238;0,3,0.4225,3,53;0,2,0.7425,1,178;8,0,0.5375,0,153;3,0,0.9125,0,224
claim-interventional-train-01230	0	3	0	4,106,199,209,210,30,124,188,141,21,82,168,171,149,113,135,48,20,100,139,187,37,194,117,68,42,160,15,50,92,148,93,70,62,74,153	3,5,0.8005,0,136;5,3,0.5075,3,37;1,4,0.8785,1,72;1,0,0.8965,0,27;3,0,0.2315,0,141;3,5,0.6795,0,21
claim-interventional-train-01231	1	1	2	101,12,146,45,109,8,65,49,164,88,169,41,37,23,163,134,172,199,62,75,17,181,27,188,151,112,141,138,86,127,72,119,213,212,93,167	7,2,0.2385,2,201;2,3,0.2585,0,195;0,4,0.2555,3,185;2,4,0.1275,0,24;4,3,0.1075,2,110;6,4,0.5805,0,220
claim-interventional-train-01232	10	2	1	16,207,197,117,197,45,69,93,23,193,80,168,4,105,202,89,138,133,64,52,44,111,83,150,60,192,129,154,141,112,12,34,147,173,26,194	3,2,0.1215,2,46;1,0,0.9095,0,23;3,2,0.1595,0,119;7,1,0.3705,0,184;8,5,0.1465,0,42;8,3,0.5335,0,131
claim-interventional-train-01233	5	0	2	124,95,161,209,83,162,31,61,21,117,112,100,45,78,213,17,205,132,106,52,182,39,67,145,89,191,6,137,13,141,191,198,43,208,72,151	5,3,0.3855,0,87;6,5,0.6635,0,199;3,3,0.7665,3,57;5,1,0.2975,2,72;3,0,0.0035,0,198;3,2,0.3335,0,175
claim-interventional-train-01234	8	2	2	4,117,78,85,131,100,191,165,21,147,19,59,204,194,107,30,69,37,14,41,125,91,151,166,173,199,138,175,45,65,54,93,211,113,141,187	3,4,0.7695,0,204;5,3,0.3115,0,230;5,1,0.3325,0,124;5,3,0.7705,0,209;3,1,0.2725,0,51;4,1,0.5655,0,217
claim-interventional-train-01235	9	1	2	185,72,185,105,92,18,154,196,87,109,34,44,209,136,66,141,58,53,47,210,124,197,167,146,116,192,151,93,31,194,117,23,134,14,80,4	3,4,0.4565,2,134;6,0,0.8525,2,229;4,0,0.5625,3,25;7,5,0.8955,0,215;8,3,0.9595,0,152;3,4,0.0025,0,246
claim-interventional-train-01236	2	1	0	152,52,174,163,213,165,129,102,83,91,161,149,178,138,114,117,63,72,18,141,215,146,21,35,132,76,215,6,43,93,45,185,10,28,107,65	5,0,0.4255,0,162;3,1,0.6675,0,174;3,5,0.3555,3,2;3,1,0.7365,0,193;5,1,0.5865,0,82;8,2,0.4405,0,188
claim-interventional-train-01237	1	0	1	20,215,152,92,193,100,184,195,208,86,21,13,68,134,106,145,141,126,40,95,56,3,168,137,61,38,69,117,176,46,115,150,26,155,170,73	2,3,0.8095,0,62;1,4,0.0015,1,63;7,3,0.9135,0,206;0,4,0.8595,2,153;3,0,0.7995,0,196;5,4,0.3925,0,215
claim-interventional-train-01238	0	3	0	166,111,189,179,139,69,148,18,134,76,153,141,149,168,13,92,116,59,123,212,117,66,8,182,207,93,105,35,40,45,191,55,21,206,25,86	7,3,0.4575,0,200;0,1,0.0225,0,68;6,1,0.5205,0,52;3,4,0.9075,0,148;8,5,0.9385,0,181;2,4,0.6255,0,7
claim-interventional-train-01239	2	1	2	130,141,43,163,214,179,140,45,21,97,63,162,55,12,93,113,1,193,204,88,215,151,106,163,198,19,76,117,127,159,69,146,28,65,86,36	0,2,0.7295,0,36;3,2,0.7045,0,153;6,5,0.3735,0,170;3,4,0.1445,0,221;0,0,0.3655,0,158;6,0,0.8325,0,129
claim-interventional-train-01240	4	1	1	89,66,131,34,117,155,7,99,141,76,196,194,93,51,166,185,138,107,150,21,205,165,43,125,25,173,156,10,63,85,146,16,112,164,72,47	6,0,0.1265,0,79;0,0,0.7255,2,3;2,5,0.5175,3,38;3,3,0.2375,0,97;2,1,0.0525,0,164;4,1,0.5165,0,101
claim-interventional-train-01241	9	0	0	45,92,145,149,38,52,117,74,154,22,96,122,134,168,7,32,172,114,69,193,188,215,209,136,59,198,104,18,108,141,191,64,44,11,173,87	6,1,0.5835,1,36;7,4,0.8325,0,71;3,1,0.0485,0,215;1,5,0.8325,3,157;7,2,0.4295,0,214;1,4,0.0255,0,193
claim-interventional-train-01242	4	1	1	150,14,201,136,129,178,39,18,69,28,21,100,42,159,83,59,109,76,162,134,49,45,146,198,1,171,114,117,92,93,64,141,180,205,192,208	0,4,0.5005,0,26;3,5,0.5835,0,38;0,1,0.0245,0,220;3,1,0.8825,0,164;3,3,0.5075,0,127;8,4,0.0005,0,169
claim-interventional-train-01243	1	1	0	61,186,214,116,41,129,213,19,209,45,51,141,77,130,146,87,69,2,39,111,137,165,101,64,10,153,203,163,27,180,88,158,93,21,119,149	1,0,0.7155,0,64;2,5,0.3375,0,81;2,3,0.0315,0,156;4,5,0.1335,0,158;4,5,0.8455,2,144;8,0,0.2595,0,62
claim-interventional-train-01244	4	1	1	206,120,37,136,179,55,15,146,182,62,115,210,176,181,132,45,66,107,44,127,173,33,21,18,80,90,95,180,208,141,104,4,82,71,185,150	3,5,0.5635,0,240;8,3,0.9175,0,245;6,4,0.5335,2,42;7,0,0.5395,2,72;7,1,0.6515,3,213;6,2,0.1365,0,147
claim-interventional-train-01245	9	3	0	148,97,27,55,93,212,107,117,141,69,80,170,207,58,116,149,21,83,132,92,136,182,175,41,208,209,9,168,195,210,45,123,20,37,13,64	8,3,0.8105,0,152;2,3,0.2115,0,199;6,0,0.0595,0,52;7,1,0.9485,0,165;0,1,0.9145,0,142;2,2,0.1955,0,220
claim-interventional-train-01246	8	3	1	213,127,28,85,175,41,208,45,93,104,148,156,110,68,166,51,37,130,59,78,116,6,20,150,88,160,197,118,195,159,69,21,143,177,137,13	5,3,0.8105,0,193;3,3,0.3175,0,137;2,1,0.8715,0,40;5,3,0.0815,0,231;7,4,0.9335,1,155;6,0,0.3805,2,6
claim-interventional-train-01247	6	2	2	172,135,107,64,1,183,207,121,115,25,94,198,141,176,215,16,195,117,38,21,155,147,79,186,90,140,155,13,85,151,70,48,100,63,40,52	0,3,0.1815,0,138;0,4,0.1405,3,246;3,5,0.0735,1,184;6,3,0.5715,1,132;3,1,0.7235,0,220;0,5,0.9065,0,82
claim-interventional-train-01248	10	3	2	164,77,202,4,181,148,67,63,177,118,189,43,110,207,161,93,129,45,17,97,91,31,11,202,141,156,139,21,72,34,133,202,151,87,116,54	3,1,0.2705,0,45;6,0,0.7275,0,134;5,5,0.7175,3,130;4,5,0.7525,0,146;0,4,0.9645,1,135;8,3,0.6525,0,65
claim-interventional-train-01249	10	0	2	132,169,43,21,151,189,189,117,90,93,69,136,45,14,58,35,81,155,107,127,202,51,67,113,165,194,83,181,152,209,145,17,9,141,102,30	8,4,0.3455,0,22;5,1,0.7435,0,109;2,0,0.6625,0,156;8,1,0.5685,0,215;5,1,0.2125,0,36;6,2,0.0625,0,78
claim-interventional-train-01250	9	3	0	124,148,15,67,108,69,38,190,51,141,140,149,93,82,92,112,33,186,189,120,132,186,213,199,41,21,202,97,63,8,45,178,185,74,177,20	7,5,0.8575,0,92;8,4,0.2645,0,137;2,5,0.7385,0,197;1,0,0.9915,0,22;0,2,0.1145,3,66;3,2,0.8755,0,73
claim-interventional-train-01251	10	3	1	9,208,60,19,91,141,24,94,160,195,64,106,102,71,206,45,195,10,33,150,189,42,87,113,77,135,57,148,187,137,195,118,125,168,199,37	8,0,0.6845,3,235;8,3,0.5035,0,168;8,2,0.0015,2,253;4,5,0.6415,1,193;5,0,0.3425,1,158;4,5,0.3695,0,104
claim-interventional-train-01252	1	3	1	3,154,150,116,169,111,173,163,141,20,192,148,45,156,83,160,117,211,69,39,137,10,57,74,24,129,41,95,27,193,64,99,133,168,88,61	2,0,0.9235,3,84;2,5,0.2265,0,151;8,3,0.1655,0,48;1,1,0.1615,2,166;2,5,0.9295,0,243;8,3,0.3985,0,99
claim-interventional-train-01253	7	0	1	205,141,84,93,175,187,150,22,48,189,166,106,122,55,167,64,10,37,74,26,214,117,134,20,188,58,177,42,137,69,88,5,104,113,166,145	4,0,0.8605,1,141;1,3,0.5945,3,138;6,0,0.0975,0,47;1,2,0.1465,0,171;7,0,0.2245,0,197;1,4,0.2635,0,42
claim-interventional-train-01254	5	3	0	208,86,213,155,181,13,148,69,149,42,67,196,47,21,102,120,32,58,116,127,141,111,130,39,7,202,189,93,20,73,57,192,175,170,88,137	6,3,0.8235,0,69;7,5,0.5875,2,42;8,0,0.6825,0,26;0,4,0.1655,0,141;5,5,0.9085,3,212;6,0,0.2385,0,119
claim-interventional-train-01255	10	1	2	21,85,26,46,11,73,88,3,66,117,16,180,138,177,153,112,69,184,146,141,100,151,135,111,49,59,125,43,182,174,153,200,206,35,173,93	2,1,0.1105,0,59;1,1,0.6665,1,224;0,1,0.5555,0,113;0,3,0.0785,0,178;3,5,0.0535,0,60;4,5,0.4065,0,48
claim-interventional-train-01256	7	3	1	202,123,96,35,32,21,175,157,161,115,91,75,83,64,179,212,51,98,187,150,117,148,45,153,141,111,42,10,69,158,135,3,136,17,62,214	2,0,0.2185,0,160;7,1,0.4875,0,10;2,4,0.0495,0,90;2,1,0.6835,3,40;1,5,0.6275,0,255;2,5,0.1575,0,199
claim-interventional-train-01257	10	1	0	77,159,31,149,128,93,47,11,18,41,167,131,161,204,208,143,208,35,112,137,111,9,23,146,70,89,186,66,174,54,62,117,158,203,86,99	8,1,0.5495,2,69;6,1,0.3915,2,140;5,4,0.4875,1,124;4,4,0.3465,0,172;2,5,0.1935,0,233;7,1,0.3085,2,26
claim-interventional-train-01258	4	1	0	117,21,173,81,188,93,140,110,89,130,168,180,16,27,66,52,69,114,144,200,40,3,194,173,48,15,61,158,99,86,175,203,149,38,124,146	2,5,0.0535,0,188;2,4,0.1975,3,249;3,3,0.5415,0,122;8,4,0.3265,0,47;2,4,0.4865,0,82;3,0,0.8395,3,122
claim-interventional-train-01259	2	3	1	150,104,10,77,205,199,21,33,212,56,125,138,109,148,7,203,153,41,189,18,93,47,143,67,72,154,60,119,39,153,90,112,201,173,82,131	6,0,0.5125,0,20;8,5,0.2905,2,219;7,2,0.7195,3,146;4,0,0.4125,0,180;7,3,0.0815,2,99;4,1,0.5605,2,106
claim-interventional-train-01260	1	1	0	116,28,69,170,61,161,207,87,111,89,16,44,80,9,135,64,103,179,51,38,93,123,159,149,137,21,162,215,184,209,13,206,141,117,45,146	8,3,0.1865,0,244;3,4,0.8485,0,49;2,3,0.1245,0,211;7,5,0.2855,0,9;6,5,0.9705,0,38;2,5,0.2475,0,237
claim-interventional-train-01261	1	1	0	89,65,13,215,80,99,213,159,111,6,51,190,121,28,115,181,46,176,138,146,16,201,63,94,166,21,214,209,149,42,132,69,34,87,117,141	5,3,0.0665,0,88;3,0,0.4465,1,200;2,5,0.3935,0,75;7,5,0.3815,1,70;2,5,0.6675,0,188;0,2,0.4625,0,140
claim-interventional-train-01262	7	1	2	201,136,69,16,23,141,164,164,73,43,82,146,151,183,26,205,110,45,91,184,68,192,117,200,10,60,37,97,162,208,112,122,3,133,51,93	2,0,0.0345,2,156;1,3,0.7325,0,190;2,2,0.8685,0,204;0,0,0.6275,0,231;0,4,0.1755,0,98;1,3,0.0525,0,196
claim-interventional-train-01263	5	3	0	137,69,100,142,171,113,110,91,16,66,2,54,208,166,207,215,189,182,79,87,180,148,117,36,197,130,44,45,123,13,26,149,21,58,93,189	1,3,0.1045,0,106;1,2,0.8965,0,121;5,0,0.5185,0,80;6,5,0.7505,0,3;3,4,0.2985,0,150;2,0,0.2265,1,196
claim-interventional-train-01264	10	1	2	204,5,102,83,176,116,58,183,161,137,200,93,117,151,66,90,69,126,141,46,77,146,36,197,132,21,29,41,202,197,164,179,17,49,13,106	4,3,0.3245,0,47;4,2,0.2505,1,46;0,0,0.5305,0,239;4,1,0.4505,0,159;5,0,0.8495,0,38;5,2,0.2205,0,140
claim-interventional-train-01265	0	3	1	87,36,153,58,148,117,168,175,12,157,199,91,160,74,71,150,133,161,173,42,66,127,140,116,26,47,93,188,109,143,21,100,165,3,53,19	2,2,0.7515,0,81;1,2,0.5255,2,179;4,0,0.4065,2,3;1,5,0.7135,0,238;3,3,0.9255,0,88;6,3,0.9125,2,242
claim-interventional-train-01266	6	1	2	184,60,192,19,115,50,69,117,152,29,210,162,173,35,175,76,65,162,82,193,93,109,90,146,134,43,121,21,151,4,141,13,45,139,101,179	3,3,0.6915,0,86;4,1,0.7455,0,11;1,2,0.3665,0,1;3,0,0.4945,0,171;4,3,0.7495,0,81;0,4,0.7565,0,164
claim-interventional-train-01267	10	3	2	21,12,69,9,117,45,93,184,199,174,148,20,161,40,68,82,106,135,151,141,173,37,116,127,139,28,188,155,57,92,169,153,75,211,63,99	8,2,0.9105,0,227;3,3,0.0135,0,30;8,5,0.9045,0,210;2,0,0.9565,0,199;2,0,0.9565,0,18;6,5,0.6015,0,180
claim-interventional-train-01268	8	0	0	141,106,58,20,159,4,204,117,38,149,204,47,102,124,56,135,199,208,87,32,42,157,72,153,93,92,78,208,13,138,115,182,158,64,24,145	3,3,0.9875,3,212;7,4,0.5895,2,31;7,0,0.0325,3,211;5,5,0.8685,0,250;5,0,0.7875,0,60;3,5,0.4025,0,28
claim-interventional-train-01269	2	1	2	20,58,201,139,116,160,151,103,42,202,21,162,156,130,141,106,12,194,82,195,146,27,45,51,93,34,200,89,157,210,117,124,69,9,80,68	8,2,0.8975,0,208;2,0,0.5915,0,180;2,0,0.8215,0,13;7,0,0.3055,0,44;6,0,0.9735,0,8;3,0,0.6745,0,187
claim-interventional-train-01270	2	0	0	206,178,128,132,7,42,149,213,137,60,145,195,115,143,45,37,76,16,189,185,67,21,214,29,117,161,49,215,92,93,69,83,11,107,99,214	6,1,0.0285,0,7;4,3,0.5685,0,64;0,2,0.7445,0,247;3,1,0.9595,0,224;2,1,0.6585,0,52;7,2,0.3955,2,205
claim-interventional-train-01271	10	0	2	138,141,162,9,112,104,178,61,198,133,45,110,15,151,156,196,159,39,169,117,49,145,44,19,193,66,198,74,90,84,93,21,29,71,123,207	8,5,0.6685,0,7;4,5,0.9545,0,3;0,3,0.4775,2,179;1,2,0.5555,0,129;7,4,0.1005,0,254;2,3,0.5855,0,172
claim-interventional-train-01272	10	3	0	208,159,111,195,75,177,115,85,105,209,138,130,204,19,149,60,45,42,34,14,154,172,93,206,117,124,52,29,88,148,187,5,69,21,68,141	4,4,0.6665,0,219;4,0,0.4355,0,78;3,2,0.9695,0,166;2,3,0.0255,0,11;8,5,0.7965,0,160;3,0,0.5335,0,88
claim-interventional-train-01273	9	1	2	205,82,66,173,22,117,69,128,146,214,177,164,45,40,35,1,214,112,213,135,209,140,26,103,18,94,13,151,165,58,73,108,90,169,141,50	0,3,0.5265,1,164;1,1,0.1955,0,180;1,0,0.4775,0,60;0,0,0.4655,1,42;6,2,0.1135,0,224;7,5,0.9555,0,98
claim-interventional-train-01274	1	1	1	141,189,15,119,135,213,110,191,159,3,68,84,169,206,146,150,45,79,123,139,188,16,27,177,89,21,195,39,94,51,72,178,58,40,113,100	2,5,0.0535,0,114;2,5,0.1015,0,187;2,0,0.8285,3,184;6,2,0.2195,1,132;3,4,0.3475,2,195;2,5,0.6225,0,108
claim-interventional-train-01275	1	3	0	214,213,43,203,93,88,136,117,197,149,214,160,64,76,110,211,21,18,34,195,124,45,72,30,208,9,135,148,99,10,51,60,163,87,142,115	8,0,0.4065,0,30;5,0,0.7455,0,50;2,2,0.0035,3,83;3,5,0.1695,0,255;2,4,0.6075,0,22;3,5,0.0995,1,60
claim-interventional-train-01276	9	1	2	117,68,21,69,5,45,186,182,141,200,135,151,108,206,75,203,93,138,104,146,32,89,63,14,190,129,113,178,188,85,190,44,49,39,206,17	4,4,0.3735,0,67;7,5,0.9415,0,215;0,5,0.8975,0,95;2,3,0.2265,0,187;7,2,0.2015,0,93;8,5,0.4565,0,237
claim-interventional-train-01277	1	3	0	88,215,117,183,55,179,19,66,59,184,99,134,44,141,159,21,148,93,149,199,114,111,29,166,161,37,5,136,87,75,11,126,171,160,45,69	4,1,0.6435,0,212;4,3,0.8115,0,141;6,1,0.5815,0,10;2,5,0.0905,0,137;2,5,0.4735,0,243;5,4,0.0135,0,173
claim-interventional-train-01278	7	2	1	137,143,7,20,90,35,28,182,67,13,69,45,107,157,147,131,63,161,122,174,164,153,177,169,73,84,50,205,100,40,215,93,24,116,150,117	6,3,0.9835,3,210;3,1,0.0745,0,49;1,5,0.7155,0,86;0,2,0.4275,0,183;3,1,0.8485,0,100;1,1,0.3285,2,95
claim-interventional-train-01279	7	1	1	43,110,88,93,10,69,124,167,115,200,189,117,49,150,98,196,167,21,79,141,173,4,67,84,26,155,182,181,36,146,130,45,166,62,17,136	3,0,0.2215,0,201;1,2,0.6405,0,223;0,4,0.7505,0,1;6,2,0.1735,0,25;1,4,0.6585,0,209;3,0,0.0125,0,81
claim-interventional-train-01280	7	3	1	12,104,50,148,61,34,196,176,20,213,45,162,136,165,83,123,92,107,23,208,112,117,3,93,29,190,131,67,168,74,150,40,72,141,212,213	2,2,0.8135,2,153;4,0,0.0955,0,128;1,3,0.6595,3,57;1,1,0.8365,0,140;7,1,0.0175,0,17;2,1,0.1905,0,16
claim-interventional-train-01281	5	1	1	141,133,174,125,117,88,39,136,162,146,61,214,181,46,21,152,76,14,8,173,204,55,150,166,19,27,164,85,43,66,114,176,99,93,106,69	7,4,0.6755,0,59;2,5,0.7735,1,77;6,3,0.5965,0,49;3,3,0.1955,0,105;2,0,0.4065,0,135;4,3,0.0325,0,4
claim-interventional-train-01282	1	0	0	179,145,172,149,141,157,105,117,157,135,215,69,51,113,184,140,64,3,58,44,82,90,198,191,80,45,12,210,20,27,196,122,38,94,110,21	2,2,0.8775,0,158;2,4,0.8405,0,146;2,0,0.1315,0,246;7,0,0.4185,1,102;8,4,0.2495,0,64;1,5,0.8205,0,39
claim-interventional-train-01283	1	3	1	150,6,163,176,14,34,168,210,199,95,45,117,20,183,148,24,205,32,83,92,141,63,55,69,175,140,123,112,44,67,81,182,111,134,104,176	5,4,0.8345,3,187;7,0,0.8845,0,236;6,5,0.7485,0,197;8,1,0.9445,2,200;7,5,0.1855,0,66;2,4,0.9655,0,26
claim-interventional-train-01284	2	3	2	214,132,201,21,144,174,89,75,38,46,168,185,10,123,161,82,117,64,205,116,93,191,106,58,3,138,148,32,102,52,167,168,69,151,17,42	2,0,0.3395,0,148;7,4,0.5105,1,42;3,0,0.1535,0,218;2,0,0.3455,0,156;5,0,0.8535,0,179;2,2,0.4885,3,126
claim-interventional-train-01285	1	3	0	21,180,75,12,131,125,16,108,3,169,119,149,112,187,28,169,51,171,166,43,93,171,141,140,91,35,200,83,98,69,66,45,61,203,178,148	2,2,0.0535,0,63;3,1,0.6865,0,177;2,3,0.4305,0,253;2,1,0.7815,0,97;1,2,0.1445,2,230;4,1,0.9715,0,153
claim-interventional-train-01286	2	3	1	16,86,150,64,69,21,158,212,127,111,156,179,2,93,141,76,100,169,182,89,60,130,181,138,148,152,30,45,42,11,212,112,35,117,50,215	1,1,0.1845,0,87;5,1,0.4695,0,177;1,2,0.0555,0,72;3,4,0.2545,0,177;3,5,0.1545,0,65;6,0,0.5945,0,211
claim-interventional-train-01287	8	0	1	100,140,82,179,181,42,19,117,54,8,145,130,175,21,170,123,78,93,213,173,215,112,107,39,150,166,10,46,63,198,68,33,185,91,141,69	7,0,0.7885,0,219;8,5,0.4855,1,157;5,5,0.9675,0,165;5,0,0.7615,0,85;3,1,0.0335,0,103;2,0,0.9815,0,134
claim-interventional-train-01288	7	0	2	161,203,78,68,31,41,93,173,141,145,6,109,136,35,211,18,59,13,208,211,189,83,202,186,98,45,121,23,54,117,151,196,115,130,89,69	5,3,0.5925,2,55;6,1,0.3275,0,174;5,1,0.9245,0,37;5,1,0.3435,0,217;1,3,0.7275,0,130;0,0,0.1895,0,132
claim-interventional-train-01289	1	1	1	69,134,168,186,53,160,48,146,209,162,62,42,74,123,107,94,67,13,85,117,21,115,140,92,28,196,168,39,141,157,5,155,150,183,16,99	4,3,0.0095,0,85;3,5,0.4165,3,244;4,4,0.6095,0,24;1,3,0.9885,1,237;2,1,0.7495,0,108;2,4,0.8735,0,251
claim-interventional-train-01290	1	3	2	79,45,20,118,40,61,107,86,141,68,188,10,176,69,21,91,113,51,148,124,97,38,94,138,154,193,134,187,163,183,151,7,174,191,152,29	6,0,0.8755,0,132;4,4,0.0145,0,230;2,3,0.9945,0,148;6,4,0.6095,1,160;0,1,0.3935,1,169;3,4,0.4015,0,134
claim-interventional-train-01291	5	3	1	91,176,22,18,171,176,209,135,208,58,3,138,203,190,159,45,112,150,141,55,213,69,148,93,41,13,98,75,110,127,84,118,157,38,66,28	2,3,0.5425,1,164;3,4,0.2065,0,88;6,0,0.5015,0,208;2,2,0.7595,0,24;1,4,0.0865,1,38;6,5,0.5155,0,70
claim-interventional-train-01292	7	3	0	37,114,143,182,9,21,149,33,176,186,134,186,94,164,47,148,111,91,187,82,59,210,43,11,73,117,72,53,200,66,185,98,19,137,124,168	8,1,0.6035,0,99;8,3,0.7415,2,87;4,1,0.4915,3,221;0,0,0.6925,1,119;1,5,0.5155,0,238;3,4,0.2335,2,195
claim-interventional-train-01293	3	0	0	68,135,28,69,112,177,4,18,185,79,88,117,85,58,105,156,39,111,137,157,165,43,174,196,149,209,172,141,49,193,145,23,13,45,123,93	3,3,0.4465,2,79;3,5,0.7885,0,17;0,0,0.9185,0,199;6,3,0.1615,0,226;8,5,0.1925,0,181;2,5,0.3565,0,183
claim-interventional-train-01294	4	1	0	108,93,214,77,23,182,5,149,141,176,159,99,28,199,18,206,173,187,89,37,11,69,146,134,53,112,164,43,126,117,214,136,45,62,83,66	4,1,0.5695,2,20;3,3,0.7855,0,64;4,4,0.4025,0,192;4,1,0.2295,0,80;2,2,0.0585,0,3;5,4,0.1975,0,63
claim-interventional-train-01295	5	2	1	50,58,65,190,10,212,92,16,179,45,165,147,26,21,157,186,121,164,180,93,111,115,8,35,69,41,85,211,77,141,150,131,117,182,140,100	7,0,0.1925,0,195;1,1,0.3555,0,134;1,0,0.2965,0,8;4,3,0.8205,0,51;3,5,0.6625,0,227;0,1,0.9215,0,149
claim-interventional-train-01296	9	3	1	28,120,35,191,205,61,148,183,125,77,92,17,115,83,110,93,210,150,12,187,7,131,165,215,104,68,45,141,41,137,181,56,69,21,206,215	6,2,0.3795,0,102;3,1,0.2475,0,177;7,3,0.9725,0,148;4,1,0.8185,0,165;7,4,0.7295,3,243;4,1,0.2385,0,190
claim-interventional-train-01297	0	3	1	38,150,117,209,121,48,93,159,169,175,141,212,215,25,21,42,59,14,140,100,165,51,204,6,109,116,19,90,68,203,148,69,133,189,76,85	5,4,0.7955,0,187;0,4,0.5145,3,247;2,1,0.9915,0,33;3,3,0.4645,0,229;3,3,0.8595,0,139;0,3,0.9565,0,124
claim-interventional-train-01298	0	3	0	162,86,43,75,59,178,45,10,215,149,100,65,189,124,200,137,114,117,93,186,17,34,69,207,148,132,55,4,92,199,25,144,154,24,109,183	3,0,0.2725,3,58;0,0,0.7275,0,176;6,1,0.3545,0,72;2,4,0.8465,0,63;3,3,0.5215,0,63;3,2,0.2815,3,117
claim-interventional-train-01299	7	3	1	112,132,148,21,31,173,144,139,196,111,45,191,67,2,99,53,91,34,128,73,172,69,14,160,150,165,86,198,213,62,20,212,93,41,194,117	1,4,0.8255,0,27;6,0,0.3915,0,218;4,4,0.7405,0,27;0,4,0.6345,0,224;2,5,0.1035,0,205;7,2,0.7635,3,81
claim-interventional-train-01300	2	1	2	53,21,113,41,208,151,17,139,190,207,83,93,159,107,28,117,7,46,164,67,144,76,185,133,190,167,103,187,10,58,124,35,91,165,146,69	6,0,0.3085,0,153;3,1,0.2325,1,63;4,0,0.7975,0,44;3,1,0.6705,0,177;6,1,0.3315,0,223;3,3,0.6605,3,195
claim-interventional-train-01301	7	1	0	53,11,149,122,93,24,45,58,210,36,199,117,3,156,90,198,195,199,154,69,180,42,141,25,138,64,102,185,110,132,16,116,87,74,173,146	2,1,0.0635,3,14;0,2,0.4515,0,117;4,0,0.1215,0,113;1,5,0.5535,0,209;5,4,0.8115,0,44;1,2,0.4645,0,235
claim-interventional-train-01302	1	0	0	117,63,88,152,51,199,123,36,107,69,141,93,149,214,116,75,166,18,169,45,4,188,195,14,145,41,32,99,130,139,68,82,170,209,22,158	3,4,0.4205,1,156;7,2,0.2105,0,65;2,5,0.9725,0,66;2,0,0.1325,0,36;2,1,0.8455,0,98;2,0,0.6575,0,81
claim-interventional-train-01303	2	0	1	66,131,150,14,86,39,145,116,174,206,69,41,210,157,45,16,88,200,129,139,5,117,107,28,52,79,93,60,177,21,206,104,141,180,170,195	4,4,0.0445,0,100;3,5,0.2535,0,49;3,2,0.5175,0,224;6,4,0.0305,0,41;7,1,0.8185,0,21;8,1,0.6015,0,86
claim-interventional-train-01304	7	0	0	69,145,171,202,153,98,45,79,122,65,116,82,52,93,34,210,214,162,165,16,31,40,176,4,110,21,185,11,142,132,90,117,140,58,165,149	3,1,0.1565,0,140;6,0,0.1925,0,42;3,0,0.3765,0,246;6,0,0.4075,0,115;1,4,0.9405,0,164;1,2,0.8875,1,152
claim-interventional-train-01305	1	3	2	93,21,167,85,201,112,165,5,88,79,69,56,120,175,14,133,19,141,189,209,181,35,138,105,26,42,123,64,148,172,110,205,46,61,151,167	4,4,0.7765,0,220;1,1,0.5465,1,52;7,3,0.0125,0,163;6,3,0.1665,0,193;8,4,0.1655,3,165;2,3,0.5145,0,29
claim-interventional-train-01306	6	1	2	68,151,177,44,202,200,48,198,125,139,146,75,193,21,63,165,104,195,132,93,116,31,91,111,182,18,143,188,180,120,35,11,49,4,84,69	3,1,0.4385,0,194;6,1,0.9295,3,158;0,5,0.8315,0,50;2,2,0.6155,0,30;7,5,0.8595,3,0;4,2,0.6665,2,182
claim-interventional-train-01307	8	1	1	207,198,203,44,189,28,45,85,146,88,182,156,133,35,140,150,116,15,117,168,23,175,18,161,3,143,124,63,109,71,93,170,76,64,102,52	2,5,0.5345,2,138;3,1,0.8565,0,84;3,5,0.0465,2,7;3,3,0.1865,0,186;5,3,0.8775,0,83;3,3,0.8795,2,15
claim-interventional-train-01308	8	1	1	78,54,21,69,203,12,212,131,7,58,186,163,103,201,150,141,136,183,203,184,93,87,67,44,106,36,25,16,124,92,113,146,170,117,185,45	6,2,0.0275,0,234;0,2,0.8635,0,123;5,0,0.7075,0,10;5,5,0.8325,0,47;6,0,0.3285,0,24;3,1,0.1535,0,79
claim-interventional-train-01309	8	2	1	215,137,2,186,90,173,189,147,179,62,190,109,47,42,119,150,71,199,38,97,187,112,52,78,11,83,141,22,156,93,28,179,20,66,126,130	1,1,0.9995,1,114;3,4,0.4845,2,98;3,4,0.5715,2,65;5,1,0.5385,0,23;0,3,0.1025,2,102;5,0,0.2935,0,64
claim-interventional-train-01310	10	3	1	129,184,173,84,42,93,90,116,6,215,209,56,183,17,101,59,38,140,27,76,69,158,22,141,120,205,133,148,150,45,155,64,200,110,13,195	5,3,0.2295,1,47;2,4,0.5065,0,71;7,1,0.0715,0,114;3,2,0.4065,0,187;4,4,0.9765,3,234;8,3,0.9305,0,1
claim-interventional-train-01311	6	0	0	212,36,141,188,149,93,135,199,46,178,68,82,110,42,102,3,177,23,115,209,118,16,145,72,213,58,31,194,140,89,14,121,159,81,198,52	2,4,0.0175,2,198;6,2,0.5065,1,156;3,0,0.8305,3,77;8,0,0.2235,0,183;5,4,0.7765,1,140;0,5,0.9405,0,188
claim-interventional-train-01312	2	0	1	117,150,58,21,100,114,66,2,12,177,85,90,43,69,166,139,152,131,78,45,28,210,107,141,196,182,93,161,156,189,57,156,34,129,145,18	1,2,0.4125,0,3;3,0,0.6865,0,36;8,0,0.5845,0,213;5,3,0.4185,0,99;3,1,0.4035,0,63;8,1,0.7675,0,173
claim-interventional-train-01313	1	3	0	180,148,203,66,131,99,45,120,63,36,123,142,212,185,24,15,79,43,17,92,27,54,93,172,4,192,111,114,149,196,140,198,84,69,168,190	3,5,0.3365,3,51;2,2,0.7935,0,106;5,5,0.5745,0,96;6,2,0.8905,0,151;2,5,0.5105,3,68;2,1,0.8815,1,237
claim-interventional-train-01314	6	3	1	178,163,162,21,215,65,213,11,156,90,41,61,186,137,87,45,51,162,117,73,197,97,144,32,93,20,134,112,69,108,3,36,148,128,150,154	2,1,0.9575,0,12;7,2,0.3245,0,203;2,3,0.2165,0,83;0,5,0.4965,0,94;0,2,0.0825,0,232;7,4,0.3075,3,235
claim-interventional-train-01315	8	3	1	171,12,104,168,181,27,80,93,21,150,112,18,123,65,191,54,63,6,117,86,179,133,41,148,90,38,166,188,183,143,69,45,136,107,179,172	5,2,0.4945,0,31;2,4,0.2535,0,79;5,5,0.3735,0,34;7,4,0.5495,0,240;7,1,0.0075,0,225;2,3,0.0165,2,53
claim-interventional-train-01316	10	0	2	86,101,202,166,111,80,44,5,52,20,93,117,158,175,167,116,133,151,91,13,177,126,47,145,136,35,210,58,69,162,33,21,197,64,210,141	4,3,0.8675,0,122;8,1,0.9425,2,186;3,0,0.0925,0,193;7,4,0.6225,0,100;4,5,0.8065,0,159;5,3,0.1495,0,108
claim-interventional-train-01317	1	0	2	63,43,83,117,65,191,196,19,27,130,194,69,4,199,143,182,92,195,167,174,39,123,139,145,151,93,45,51,15,111,112,176,179,101,21,75	3,5,0.7495,0,57;2,5,0.7415,0,147;2,5,0.2085,0,85;2,1,0.9565,0,88;4,5,0.1405,0,255;2,0,0.6885,2,128
claim-interventional-train-01318	4	1	2	11,90,113,163,178,162,74,54,66,153,155,109,135,21,20,69,151,119,30,187,190,39,85,4,62,93,138,141,161,124,45,158,97,41,146,167	3,1,0.8965,0,61;5,5,0.2795,0,91;5,4,0.5635,0,226;1,3,0.4475,0,110;0,3,0.3765,2,114;3,5,0.4195,0,87
claim-interventional-train-01319	2	3	0	124,137,7,211,204,130,109,195,161,37,169,181,40,83,148,154,90,45,69,62,28,16,64,119,149,22,15,74,212,164,141,49,93,113,201,99	6,5,0.1975,1,228;3,3,0.1055,0,133;0,4,0.1345,0,243;1,1,0.4945,0,219;2,3,0.3345,2,55;3,0,0.2825,0,107
claim-interventional-train-01320	10	1	2	124,25,37,174,188,152,168,146,117,45,17,93,59,164,107,81,43,174,141,86,13,151,136,50,105,69,173,68,3,21,210,170,159,130,90,116	2,3,0.3345,0,197;0,3,0.7055,0,169;1,1,0.9065,0,194;8,4,0.5085,0,66;8,1,0.9815,0,13;3,0,0.0855,0,55
claim-interventional-train-01321	4	1	2	159,59,73,117,185,56,92,82,112,124,95,43,182,10,174,146,38,99,69,45,199,180,141,200,16,138,184,110,6,65,177,132,169,21,27,151	5,0,0.1355,0,30;2,4,0.7685,0,178;7,1,0.3505,0,208;0,0,0.9075,2,55;2,4,0.1825,0,190;3,2,0.4295,0,91
claim-interventional-train-01322	9	1	1	131,91,59,127,112,34,161,140,21,93,30,65,14,150,110,8,117,200,46,212,69,98,20,173,141,52,189,202,199,82,162,42,75,183,164,146	7,4,0.8935,0,122;5,0,0.5235,1,69;3,1,0.2145,0,196;2,0,0.7395,0,204;1,4,0.1455,0,246;6,1,0.8035,0,136
claim-interventional-train-01323	5	2	2	198,69,137,35,44,151,14,143,91,131,45,21,125,155,174,115,57,147,83,174,28,110,152,194,77,117,104,58,93,152,191,177,66,7,19,161	6,4,0.7805,0,216;3,1,0.8345,0,32;8,0,0.4815,0,248;4,1,0.6475,0,140;7,4,0.6215,0,194;4,1,0.3065,2,123
claim-interventional-train-01324	1	3	0	139,107,27,192,202,168,165,92,141,13,203,16,63,102,130,49,39,172,113,95,148,43,84,45,125,211,149,203,69,117,200,67,21,170,80,3	2,3,0.0305,0,54;2,5,0.7405,0,22;0,5,0.6105,0,197;7,2,0.8475,2,254;5,1,0.2045,0,214;4,0,0.6185,0,47
claim-interventional-train-01325	0	3	1	117,28,200,16,163,79,204,126,69,82,51,89,148,137,43,93,183,35,135,66,208,153,100,114,109,169,141,4,150,211,46,173,15,21,59,166	3,5,0.1815,0,92;3,1,0.7315,1,14;2,1,0.4945,0,84;6,0,0.3105,0,54;3,3,0.5445,0,150;5,5,0.2135,0,147
claim-interventional-train-01326	8	1	1	108,191,104,13,141,64,202,87,32,38,48,180,114,120,150,132,20,192,88,169,146,93,178,137,174,42,78,201,21,196,6,123,168,70,60,49	5,3,0.8565,0,68;7,4,0.4165,3,224;0,2,0.1595,1,102;5,5,0.0285,0,218;7,2,0.5385,3,229;2,2,0.3195,0,32
claim-interventional-train-01327	0	3	2	182,8,15,139,178,123,22,148,135,30,40,84,177,91,108,73,151,67,62,190,52,200,185,141,205,192,35,117,47,112,174,99,173,93,69,19	7,5,0.7385,1,36;5,1,0.0665,2,163;3,4,0.6535,0,50;0,2,0.7235,0,235;2,2,0.0425,0,67;2,5,0.7215,0,95
claim-interventional-train-01328	5	2	2	93,204,112,153,40,46,62,117,154,134,16,141,21,87,185,101,151,28,7,90,147,207,76,197,52,196,68,185,161,34,126,69,138,15,106,209	6,5,0.0145,0,218;3,0,0.1495,1,130;3,4,0.8595,0,64;3,5,0.5105,0,101;4,0,0.1865,0,113;5,4,0.4875,0,125
claim-interventional-train-01329	5	2	2	180,69,157,48,116,147,166,151,52,93,67,106,41,90,175,187,140,62,120,163,183,36,127,182,16,141,14,98,21,84,78,8,201,135,32,173	7,4,0.1905,0,39;7,2,0.2375,3,184;3,4,0.7465,0,51;5,2,0.4675,0,78;1,0,0.9625,3,98;6,5,0.9155,0,253
claim-interventional-train-01330	9	3	2	152,144,67,113,189,59,179,56,36,45,155,177,123,208,28,137,176,10,9,117,151,84,70,102,92,148,40,165,21,80,177,135,187,93,20,108	8,0,0.8705,0,242;3,2,0.0205,0,14;7,1,0.7885,1,111;7,2,0.9635,0,57;5,2,0.3665,0,50;2,5,0.2315,3,131
claim-interventional-train-01331	6	3	0	168,123,17,92,117,106,3,73,161,148,66,25,205,12,45,187,21,69,58,114,149,194,38,101,193,212,50,141,137,164,93,173,132,44,194,87	2,2,0.2855,0,36;0,4,0.9205,0,78;1,0,0.5425,0,201;0,5,0.9705,0,212;4,0,0.4365,0,219;2,2,0.2885,0,116
claim-interventional-train-01332	1	0	1	87,81,47,131,150,38,93,53,166,155,192,41,117,21,191,128,33,194,141,111,145,69,114,18,99,158,14,189,140,7,181,58,159,91,155,64	6,4,0.5425,0,249;8,4,0.2885,2,179;4,0,0.1795,0,25;8,5,0.7945,0,190;2,5,0.4195,0,159;7,1,0.9545,0,140
claim-interventional-train-01333	1	1	0	114,26,18,139,208,86,149,110,21,69,5,62,212,45,175,124,40,118,90,37,79,104,51,192,12,93,166,180,146,144,203,68,191,203,131,195	4,2,0.5925,0,147;1,3,0.1365,0,80;2,4,0.9085,0,190;6,4,0.5895,0,158;7,4,0.5165,1,252;3,1,0.6245,3,202
claim-interventional-train-01334	1	0	0	75,60,113,145,8,31,202,111,86,123,66,69,200,215,159,149,51,21,142,94,38,135,118,17,43,136,162,88,196,46,99,10,179,208,154,153	7,0,0.3065,0,113;6,4,0.7425,1,117;2,2,0.5605,0,229;2,4,0.0225,1,61;2,5,0.3875,1,185;2,5,0.1435,1,122
claim-interventional-train-01335	1	1	2	133,194,62,15,203,39,210,21,49,125,3,70,114,199,117,189,96,33,67,102,166,48,210,90,136,19,162,213,79,108,41,141,146,151,85,194	2,5,0.7545,0,28;8,5,0.3575,3,14;0,4,0.7975,1,237;6,3,0.4425,3,19;5,2,0.4135,0,153;4,3,0.0735,0,75
claim-interventional-train-01336	8	0	1	13,180,207,93,41,126,209,77,132,61,153,38,190,64,201,82,69,90,145,178,136,157,102,141,106,6,21,31,45,150,194,50,116,20,191,117	5,3,0.8415,0,56;6,4,0.2825,0,100;1,3,0.1255,0,16;4,0,0.4255,0,221;5,0,0.9925,0,105;5,2,0.1355,0,131
claim-interventional-train-01337	0	3	0	114,165,69,36,76,124,135,174,149,63,213,4,178,141,206,106,90,197,19,93,198,200,167,83,41,66,52,117,148,98,14,138,47,175,21,28	3,4,0.7835,0,22;3,2,0.2765,2,109;3,5,0.4565,0,152;3,1,0.5865,0,106;1,0,0.5495,0,85;3,5,0.4445,0,233
claim-interventional-train-01338	2	3	2	160,168,212,66,151,103,130,166,23,117,36,205,141,148,5,116,174,52,93,204,212,90,107,27,69,42,128,198,60,47,19,10,82,79,186,139	4,0,0.7225,2,130;2,2,0.5365,2,112;3,2,0.5175,0,231;6,0,0.4895,0,247;6,1,0.8165,0,12;7,0,0.6615,0,0
claim-interventional-train-01339	4	1	1	138,212,203,176,166,131,28,116,141,52,90,196,21,18,44,104,123,45,84,181,93,117,74,194,69,208,154,59,15,108,146,150,68,3,38,202	2,5,0.4875,0,139;3,4,0.8945,0,171;3,1,0.9325,0,90;1,2,0.4575,0,215;7,2,0.9185,0,250;2,1,0.4125,0,38
claim-interventional-train-01340	4	1	1	89,189,42,66,141,193,135,150,173,38,201,112,49,3,161,87,17,126,69,96,45,213,10,62,183,117,195,74,21,162,98,146,209,111,28,136	2,0,0.2595,0,130;3,4,0.4365,0,4;0,4,0.4345,0,135;1,5,0.3985,3,118;1,5,0.0915,0,253;5,5,0.1445,0,115
claim-interventional-train-01341	9	0	1	45,112,170,79,173,191,69,158,58,32,134,141,117,104,155,93,43,196,155,82,14,91,127,106,64,145,150,37,205,182,21,52,4,136,17,201	3,4,0.3095,0,67;7,3,0.6395,0,8;3,0,0.1345,0,84;6,0,0.6005,0,221;7,0,0.0885,0,21;6,4,0.1675,0,183
claim-interventional-train-01342	10	2	1	90,170,141,63,179,83,187,28,139,81,22,125,212,57,36,20,204,9,117,150,67,69,102,203,162,192,135,147,14,110,43,93,163,114,45,170	8,4,0.8605,1,54;3,2,0.6525,0,51;8,5,0.6195,0,90;8,1,0.5735,0,232;5,4,0.4405,0,10;4,5,0.6255,0,211
claim-interventional-train-01343	8	2	0	194,141,176,149,70,113,68,104,111,197,5,196,58,13,44,160,73,198,118,21,82,133,28,91,140,17,47,147,93,193,36,194,165,56,126,198	4,3,0.3085,0,211;3,2,0.8045,2,206;7,0,0.9745,1,64;0,0,0.7065,0,115;7,5,0.3585,1,127;5,3,0.8605,0,214
claim-interventional-train-01344	2	0	0	145,16,124,36,195,45,64,188,104,23,117,82,70,177,177,93,89,110,169,7,149,33,131,201,203,63,115,44,13,165,141,54,76,173,140,213	6,3,0.0045,2,32;8,2,0.8065,0,238;5,5,0.1445,1,203;3,0,0.2955,0,16;7,4,0.7165,0,205;3,1,0.8225,0,37
claim-interventional-train-01345	8	3	1	129,102,137,117,168,148,82,135,40,107,73,61,179,34,182,54,26,66,207,167,112,174,45,159,152,15,5,144,150,22,205,93,209,88,20,69	4,5,0.9855,1,62;1,0,0.1195,0,115;5,3,0.5475,0,252;0,0,0.0305,0,63;5,1,0.0675,0,88;8,5,0.2745,3,141
claim-interventional-train-01346	7	3	2	45,119,133,21,19,148,161,76,88,111,185,63,64,2,34,53,141,114,138,197,151,93,193,14,82,183,194,186,26,171,43,105,185,194,126,71	1,4,0.7285,0,41;1,0,0.6415,0,53;4,5,0.0745,2,147;3,0,0.1405,0,229;8,5,0.4885,2,152;5,3,0.4205,0,229
claim-interventional-train-01347	1	3	1	176,113,117,148,100,59,93,57,212,84,10,200,150,19,24,141,183,135,69,171,206,122,137,45,152,183,174,163,91,75,27,42,107,8,39,68	7,0,0.7065,3,36;2,5,0.4675,0,214;8,1,0.9925,0,39;2,2,0.6765,0,84;3,1,0.3075,0,5;1,5,0.3955,0,25
claim-interventional-train-01348	1	3	0	188,14,117,201,19,199,182,21,63,69,127,169,105,208,66,196,132,40,45,149,38,181,91,136,141,93,87,51,148,112,183,33,6,81,111,153	5,4,0.7605,0,22;8,4,0.0455,0,100;2,5,0.5925,0,106;8,5,0.6135,0,146;8,5,0.0785,0,3;6,2,0.0615,0,231
claim-interventional-train-01349	5	2	2	161,147,135,115,10,79,66,141,187,38,110,177,117,177,200,151,69,83,20,136,33,63,98,179,2,52,159,23,90,43,169,212,47,96,177,128	1,0,0.8065,2,106;8,4,0.7825,2,43;3,5,0.4005,0,9;6,1,0.5785,3,106;1,4,0.6285,0,210;7,5,0.1225,0,221
claim-interventional-train-01350	1	1	0	159,5,108,40,171,135,69,51,171,29,46,21,141,101,137,86,16,11,35,214,124,187,155,93,149,119,166,186,213,113,146,207,90,68,63,78	4,1,0.1585,0,78;4,1,0.0965,1,181;2,5,0.9955,0,250;5,4,0.5825,0,24;4,2,0.3345,2,73;3,5,0.2075,0,71
claim-interventional-train-01351	4	1	1	146,21,199,157,202,38,170,150,11,69,9,115,28,91,19,107,184,118,93,57,130,152,126,166,139,141,67,166,104,157,203,45,58,87,81,42	8,1,0.6705,0,240;3,4,0.5175,0,115;8,0,0.6705,0,232;8,5,0.7975,0,95;7,1,0.7735,1,87;5,0,0.7975,0,213
claim-interventional-train-01352	10	2	1	147,31,117,20,97,50,150,66,90,71,169,21,141,85,9,78,138,35,13,114,163,201,45,195,130,93,43,183,215,125,61,197,111,187,182,159	8,3,0.9115,0,163;6,1,0.6925,0,178;1,3,0.5535,2,127;5,3,0.4785,0,81;0,5,0.5855,0,150;4,0,0.5935,0,204
claim-interventional-train-01353	1	1	2	187,116,146,99,21,62,189,93,45,130,166,88,171,64,179,141,128,20,173,154,52,36,136,86,117,109,167,13,203,28,7,69,73,151,177,44	6,3,0.8715,0,241;3,2,0.9435,0,21;3,4,0.0585,0,164;0,4,0.1345,0,249;2,3,0.8605,0,112;7,0,0.1055,0,138
claim-interventional-train-01354	5	0	1	150,181,158,180,69,208,108,176,93,29,100,144,45,188,65,90,44,82,63,209,11,20,55,112,35,136,128,23,6,190,134,73,183,117,145,176	5,1,0.9275,2,121;4,1,0.8815,0,103;6,5,0.3265,0,134;0,0,0.4795,0,145;3,2,0.0005,0,225;7,4,0.0055,3,29
claim-interventional-train-01355	3	0	0	208,13,161,160,203,180,73,136,4,28,201,45,21,167,149,130,53,66,115,164,58,107,92,44,102,141,117,176,145,95,71,20,129,82,215,37	3,3,0.8825,0,126;3,3,0.8005,0,77;4,0,0.4165,2,241;0,0,0.9005,2,224;5,1,0.6245,0,99;8,0,0.0485,0,162
claim-interventional-train-01356	7	0	0	131,171,40,68,185,145,162,93,141,137,202,149,63,85,20,179,207,108,31,112,38,163,10,52,117,92,3,190,74,123,183,212,21,72,45,97	2,0,0.8095,0,170;6,4,0.1595,0,211;3,5,0.9215,3,25;1,3,0.8815,0,59;0,2,0.0005,0,46;2,1,0.2145,0,164
claim-interventional-train-01357	9	2	1	209,158,114,21,210,129,147,181,173,141,65,93,45,106,212,150,8,83,14,56,170,73,19,134,156,189,58,28,35,166,69,43,137,97,117,89	7,4,0.7755,0,198;3,1,0.7285,0,202;7,0,0.2765,0,78;0,1,0.2495,0,246;0,0,0.5515,0,70;8,4,0.3995,0,91
claim-interventional-train-01358	8	0	1	202,64,45,150,60,202,167,21,141,123,36,84,3,109,136,168,52,71,211,167,88,135,95,112,44,11,98,117,145,30,16,199,77,205,165,179	2,1,0.0595,0,245;5,2,0.9285,0,123;3,2,0.1885,2,201;4,2,0.0005,2,50;1,3,0.0975,0,2;2,5,0.1015,0,190
claim-interventional-train-01359	10	1	1	14,211,3,97,146,93,108,130,181,194,90,191,42,77,45,70,196,66,192,82,215,137,163,113,150,186,188,125,34,33,21,118,144,54,16,59	2,4,0.1175,0,212;8,0,0.5325,0,158;5,1,0.4085,1,217;4,0,0.4205,0,109;0,2,0.2725,1,0;4,0,0.2465,3,50
claim-interventional-train-01360	10	3	1	115,21,98,180,18,211,139,29,52,10,67,150,84,135,144,1,93,118,74,61,178,165,72,213,122,111,89,45,42,190,169,39,159,199,148,195	0,0,0.4475,0,160;4,5,0.5015,0,123;3,3,0.6955,3,39;1,2,0.2625,0,198;1,5,0.7765,1,246;1,5,0.7815,3,219
claim-interventional-train-01361	10	1	2	58,131,69,140,197,67,100,16,116,155,152,42,182,117,142,45,93,212,201,78,108,187,21,211,90,146,188,51,122,195,33,14,6,87,151,39	5,4,0.0815,0,79;8,5,0.4225,0,202;2,0,0.6695,0,122;5,5,0.5435,0,198;3,2,0.9905,0,108;1,1,0.8235,1,170
claim-interventional-train-01362	6	3	1	96,121,63,36,69,148,88,53,1,161,78,134,100,154,111,45,116,84,31,184,140,141,155,190,66,21,10,161,150,163,165,42,152,117,202,16	0,0,0.1495,0,121;6,2,0.5495,0,224;4,5,0.5295,0,159;5,2,0.1715,3,231;3,5,0.8205,0,214;0,4,0.8885,0,33
claim-interventional-train-01363	2	2	2	45,32,131,114,141,100,108,21,11,160,65,96,188,185,44,215,214,207,171,147,151,52,19,86,90,192,179,119,35,69,129,9,194,58,136,80	8,1,0.7565,0,41;7,1,0.9895,0,64;3,0,0.3855,0,81;7,4,0.5945,3,35;3,2,0.5005,2,132;8,1,0.1865,0,246
claim-interventional-train-01364	2	0	0	145,149,177,41,55,141,208,72,19,14,163,202,117,168,206,132,68,37,89,139,4,21,45,61,101,32,153,122,107,114,206,198,93,84,200,76	3,4,0.6805,0,36;7,3,0.3825,0,178;6,3,0.8805,3,156;3,2,0.2365,0,143;4,1,0.4155,0,251;1,2,0.7505,0,52
claim-interventional-train-01365	9	0	2	92,35,115,212,10,211,66,197,58,85,33,137,204,151,18,152,180,145,49,48,77,94,162,69,153,104,200,21,117,133,4,109,44,129,173,142	3,0,0.4715,0,216;8,1,0.9845,3,84;0,0,0.4535,0,89;4,3,0.8625,1,132;7,3,0.6415,0,96;8,3,0.2915,1,169
claim-interventional-train-01366	4	1	0	20,116,3,53,90,86,69,32,65,174,149,81,63,13,135,182,141,127,93,215,193,41,21,201,146,160,117,138,207,36,182,111,201,194,100,45	2,3,0.9715,0,17;7,2,0.2955,0,195;4,5,0.2325,0,2;8,4,0.4635,0,249;3,5,0.8425,0,9;6,5,0.4675,0,65
claim-interventional-train-01367	2	3	0	23,55,101,42,15,108,189,144,207,3,17,35,133,112,149,60,70,148,198,91,31,212,45,193,84,78,66,117,185,170,136,93,188,193,125,184	2,5,0.3055,2,128;6,1,0.4715,0,37;6,2,0.5735,1,240;5,2,0.7885,0,165;4,2,0.1615,0,36;4,3,0.0595,3,180
claim-interventional-train-01368	4	1	1	83,160,168,52,109,76,158,187,192,132,194,19,88,117,3,29,93,67,193,41,146,141,125,11,46,38,201,69,185,137,150,114,22,100,189,62	2,1,0.7745,1,77;4,4,0.3725,1,220;3,4,0.6375,0,97;3,1,0.0445,0,115;3,3,0.4345,0,92;4,2,0.2485,0,172
claim-interventional-train-01369	8	3	1	2,141,15,114,21,66,197,30,210,214,55,106,93,183,126,19,194,34,60,165,76,150,184,198,82,120,189,45,207,44,69,140,97,133,148,90	1,5,0.7475,0,209;5,0,0.9265,0,43;6,2,0.5005,0,73;3,0,0.4295,0,163;0,0,0.4245,3,51;5,3,0.9815,0,152
claim-interventional-train-01370	1	0	2	109,124,53,69,66,169,190,179,92,162,151,63,117,26,97,211,21,176,213,176,85,137,113,199,145,144,13,43,134,4,75,16,93,166,46,37	3,3,0.1955,0,51;1,3,0.6495,1,154;4,5,0.5495,0,111;2,3,0.8615,0,196;0,3,0.2505,0,89;3,4,0.3025,3,10
claim-interventional-train-01371	6	2	2	36,116,18,141,151,168,171,45,138,7,82,173,41,79,93,118,186,98,63,12,130,121,28,190,160,111,214,49,23,147,209,69,68,177,181,88	6,2,0.4085,2,90;3,2,0.3455,0,172;0,5,0.8445,0,214;6,0,0.1735,0,18;1,5,0.9505,1,183;0,0,0.4305,0,60
claim-interventional-train-01372	4	1	0	134,4,181,77,146,121,212,67,18,45,89,38,101,188,149,27,50,141,194,69,212,44,117,21,154,62,93,116,86,177,15,213,204,179,107,139	3,5,0.4885,0,96;2,4,0.9265,0,186;1,4,0.6385,0,18;4,4,0.2975,0,246;4,1,0.9515,0,245;0,4,0.7435,0,187
claim-interventional-train-01373	5	0	2	128,117,156,20,81,69,40,86,209,169,93,145,39,189,184,98,59,191,21,108,66,112,15,141,188,198,133,45,7,168,88,151,140,28,162,52	6,5,0.8855,0,248;3,5,0.1925,0,146;3,1,0.4525,0,220;8,4,0.1655,0,69;1,2,0.0635,0,5;7,3,0.9995,0,196
claim-interventional-train-01374	3	0	2	93,7,69,19,117,44,115,109,39,67,90,151,21,215,138,214,45,125,28,141,49,191,14,74,190,83,185,156,131,99,197,177,61,180,153,145	6,4,0.7425,0,27;3,5,0.9775,0,165;0,3,0.7255,0,188;1,1,0.5915,0,197;2,3,0.6315,0,97;4,1,0.5645,0,9
claim-interventional-train-01375	2	2	1	147,155,150,134,168,170,153,98,93,59,125,13,9,137,163,177,56,161,45,17,84,159,144,37,113,107,91,29,119,189,69,24,66,41,76,198	8,3,0.2185,3,93;4,3,0.3315,0,224;7,1,0.4275,0,205;3,2,0.6095,0,173;1,1,0.2405,2,241;4,4,0.2635,3,219
claim-interventional-train-01376	7	1	2	141,68,153,169,146,115,41,195,15,153,93,17,47,117,92,106,21,57,151,29,74,38,186,85,123,173,99,131,2,69,137,177,166,171,61,215	1,5,0.2295,0,12;4,4,0.3485,2,69;8,3,0.8895,0,214;1,3,0.9155,0,14;2,0,0.7195,0,19;2,1,0.3665,0,83
claim-interventional-train-01377	7	0	0	116,160,197,177,159,136,91,211,145,149,69,154,164,18,47,75,93,141,82,7,134,12,203,117,53,59,163,109,34,185,30,42,67,21,98,124	6,2,0.4055,0,218;5,0,0.5875,2,231;4,1,0.7595,0,211;2,0,0.6545,0,245;1,3,0.9015,0,1;3,4,0.1335,0,13
claim-interventional-train-01378	6	3	0	21,205,19,67,122,93,87,113,37,196,111,54,97,200,61,204,134,141,73,45,69,204,33,137,148,149,161,117,165,190,199,90,40,1,202,10	0,0,0.7765,0,84;8,3,0.0035,0,28;5,3,0.6665,0,23;0,5,0.5165,0,15;0,5,0.3035,0,228;1,4,0.2535,0,182
claim-interventional-train-01379	2	1	1	123,47,65,189,107,183,55,161,93,4,186,152,112,33,134,61,136,12,117,150,89,72,158,194,19,40,161,146,141,104,175,209,81,82,21,37	3,2,0.7065,0,125;8,3,0.1765,2,230;6,3,0.2615,3,235;8,0,0.2595,0,249;7,1,0.1955,0,139;2,4,0.1035,0,156
claim-interventional-train-01380	9	3	2	2,141,148,117,45,124,159,21,28,151,131,166,181,159,56,91,69,198,38,202,98,108,19,196,82,14,182,112,67,44,205,62,172,93,74,136	1,4,0.6985,0,192;3,4,0.8215,0,153;7,4,0.7005,0,221;1,0,0.6645,0,101;1,2,0.0495,0,214;3,1,0.1815,0,223
claim-interventional-train-01381	10	3	1	93,208,40,111,15,190,69,141,16,21,115,165,200,178,37,60,196,120,133,129,28,88,86,205,51,101,148,198,150,140,186,73,156,64,45,8	7,5,0.0495,0,154;3,3,0.1805,0,206;2,2,0.0105,0,222;0,4,0.1945,0,155;4,5,0.7165,3,41;8,3,0.9205,0,168
claim-interventional-train-01382	9	0	1	152,173,69,122,141,9,93,188,18,164,66,85,168,145,58,157,107,21,98,215,150,180,130,13,113,44,91,117,52,80,29,170,47,136,36,174	8,3,0.5935,0,66;4,2,0.8735,2,29;3,0,0.4095,0,129;7,3,0.6675,0,174;1,1,0.2985,0,10;1,0,0.1255,0,106
claim-interventional-train-01383	2	0	2	158,117,41,53,179,68,129,21,10,69,60,206,82,158,80,16,161,5,133,178,36,45,145,106,93,103,151,164,25,89,141,136,195,115,162,196	4,0,0.0805,0,41;0,2,0.2845,0,200;4,2,0.9165,0,200;7,0,0.2865,0,163;6,0,0.6515,0,77;8,3,0.0855,0,76
claim-interventional-train-01384	0	3	0	132,81,176,29,149,92,124,39,188,111,205,10,3,21,175,156,100,51,40,65,171,194,141,95,117,193,71,170,116,48,139,82,187,148,16,58	2,0,0.0795,0,107;4,5,0.0905,3,65;2,0,0.2975,2,90;8,0,0.8005,2,128;3,5,0.8385,0,108;3,2,0.7265,0,145
claim-interventional-train-01385	6	0	1	157,93,150,97,141,171,201,10,61,41,128,213,53,32,177,65,196,134,1,163,181,69,45,83,140,145,21,37,20,174,117,115,109,73,155,92	0,0,0.8605,0,50;7,3,0.2795,0,126;4,3,0.2035,0,53;0,1,0.8425,0,23;0,3,0.6655,0,17;7,4,0.8795,0,118
claim-interventional-train-01386	8	1	2	103,35,187,156,45,191,19,14,21,110,133,201,138,198,49,117,115,61,141,69,206,93,202,67,4,92,87,156,78,146,194,27,151,122,194,44	3,4,0.7045,0,205;2,1,0.9515,0,101;0,3,0.7745,0,138;5,5,0.9715,0,142;6,4,0.6115,0,31;1,3,0.4735,0,120
claim-interventional-train-01387	5	2	2	14,202,118,29,35,69,106,155,185,134,81,164,147,204,88,141,21,207,100,195,43,66,62,16,45,151,158,127,116,93,139,173,50,9,85,184	8,4,0.0215,0,73;4,1,0.6945,0,235;1,4,0.4445,0,227;8,3,0.1825,0,241;3,0,0.9855,1,241;6,4,0.6255,0,46
claim-interventional-train-01388	7	1	0	120,42,11,141,85,133,168,34,112,27,204,16,146,67,93,109,53,167,167,138,149,170,60,184,21,177,189,122,7,45,78,99,69,204,170,88	6,1,0.0635,0,153;2,0,0.5465,0,38;4,2,0.7795,0,155;5,3,0.1095,0,233;2,3,0.0385,3,34;1,3,0.4655,0,114
claim-interventional-train-01389	2	3	0	5,44,14,124,117,66,135,53,75,31,211,23,184,158,45,83,69,156,153,90,165,105,108,191,34,17,93,136,149,148,190,115,58,210,157,141	4,4,0.3985,2,133;6,0,0.9045,0,49;4,0,0.5865,0,87;2,1,0.4625,0,67;8,2,0.7535,0,91;3,5,0.0215,0,174
claim-interventional-train-01390	10	3	2	5,79,72,152,19,129,212,134,37,184,116,92,97,141,27,107,140,21,161,60,46,148,56,12,66,159,177,156,164,41,193,119,82,152,95,151	4,2,0.6045,0,195;2,3,0.2415,1,141;7,2,0.4275,3,165;6,0,0.9695,2,205;0,1,0.9605,2,218;8,4,0.8685,0,17
claim-interventional-train-01391	2	0	0	178,84,76,42,154,209,4,120,92,47,127,104,20,109,145,113,10,28,24,154,183,93,69,132,60,37,190,139,177,142,53,149,175,203,175,66	3,0,0.8545,3,107;3,3,0.4345,2,244;4,2,0.4845,0,226;3,2,0.8155,0,177;7,3,0.3875,3,103;6,2,0.6915,1,87
claim-interventional-train-01392	0	3	2	151,117,170,55,188,93,213,186,140,4,115,101,207,25,45,21,189,42,15,79,65,123,184,88,86,135,69,20,106,164,148,191,37,60,141,199	3,5,0.8185,0,207;0,3,0.5575,0,2;6,2,0.2555,0,128;6,4,0.1775,0,19;4,0,0.7655,0,13;2,5,0.8755,0,156
claim-interventional-train-01393	3	0	0	37,81,62,10,66,23,139,9,42,145,157,172,141,166,175,134,124,117,177,198,111,113,45,51,186,89,69,149,93,103,181,20,28,85,167,180	8,0,0.9335,2,14;3,3,0.5805,0,189;2,4,0.4565,0,55;8,3,0.3705,0,24;6,5,0.3425,0,201;3,4,0.7875,0,93
claim-interventional-train-01394	7	0	2	124,76,117,49,106,136,66,175,164,45,171,89,11,69,43,141,115,145,153,9,86,211,93,180,63,21,208,103,26,166,151,205,205,135,19,39	8,1,0.6625,0,159;1,5,0.6305,0,68;0,5,0.4365,0,134;3,4,0.2285,0,107;6,0,0.7695,0,108;3,5,0.1115,0,144
claim-interventional-train-01395	9	2	0	135,61,52,69,93,13,38,45,175,178,92,87,65,80,117,162,18,147,105,186,207,178,171,42,112,149,208,33,180,8,24,125,111,138,142,177	7,3,0.5905,3,101;8,4,0.4015,0,123;3,3,0.3335,0,196;7,5,0.9305,0,35;8,5,0.1765,0,129;4,5,0.5095,1,76
claim-interventional-train-01396	1	0	2	36,41,14,199,99,116,54,194,84,162,108,145,135,69,208,4,32,208,117,214,58,141,209,78,45,91,66,93,21,123,140,181,151,174,18,190	3,4,0.4315,0,206;7,2,0.2845,0,176;5,0,0.5305,0,175;5,2,0.6695,0,180;2,2,0.9605,0,214;2,5,0.8535,0,179
claim-interventional-train-01397	6	0	0	44,12,165,204,50,89,159,60,23,45,39,100,126,149,93,180,199,25,117,143,82,69,67,177,113,76,175,4,195,210,133,106,177,16,136,145	3,2,0.0205,2,37;0,5,0.9595,0,218;1,2,0.6725,0,171;3,0,0.2465,0,200;3,0,0.2275,0,47;5,3,0.0895,2,241
claim-interventional-train-01398	10	3	2	21,25,110,42,204,81,93,6,189,148,92,105,69,20,53,87,195,119,160,62,177,179,130,163,202,15,137,115,37,65,122,141,45,185,151,205	5,5,0.9365,0,91;0,3,0.4145,0,71;4,4,0.3305,0,197;8,5,0.8235,0,10;8,4,0.6955,2,24;1,0,0.3855,0,114
claim-interventional-train-01399	3	0	2	201,73,182,16,135,118,50,65,26,21,172,200,115,69,190,141,45,82,36,14,199,151,8,99,188,170,111,140,203,164,93,41,91,145,124,61	7,4,0.0605,0,89;1,2,0.2275,0,29;1,3,0.2325,0,42;0,0,0.7265,0,136;2,5,0.6355,1,193;3,5,0.8985,0,2
claim-interventional-train-01400	6	0	1	87,93,210,127,113,47,210,208,1,74,145,202,26,36,150,156,89,132,21,41,180,107,99,71,188,63,191,156,117,213,66,137,19,141,15,54	0,5,0.7375,0,204;1,2,0.3765,2,194;5,5,0.5465,2,10;1,5,0.3475,0,77;2,1,0.2545,0,213;6,2,0.3695,0,63
claim-interventional-train-01401	9	2	0	22,163,128,6,95,103,71,132,141,66,74,179,112,31,190,198,166,209,182,54,42,147,36,83,139,91,183,12,117,20,106,174,149,45,58,198	5,2,0.8835,1,80;6,2,0.4755,0,34;5,0,0.4195,2,116;1,1,0.7285,2,69;6,0,0.1385,0,92;7,2,0.6245,0,199
claim-interventional-train-01402	7	1	2	17,55,71,146,160,93,3,13,86,131,207,58,199,97,123,189,45,109,21,188,42,173,116,36,136,187,212,173,151,212,117,28,68,141,90,74	2,3,0.3845,0,40;3,2,0.5675,0,23;6,0,0.8015,2,121;1,4,0.4905,0,54;0,3,0.9805,0,132;2,1,0.0545,0,148
claim-interventional-train-01403	3	0	2	115,111,124,54,39,27,141,47,151,193,58,170,120,198,197,183,10,182,71,17,159,6,93,88,40,21,67,75,133,104,82,176,168,139,145,182	5,0,0.3975,0,90;2,5,0.0955,2,160;5,0,0.6225,2,26;2,0,0.1605,0,151;7,5,0.6665,3,205;3,3,0.6595,0,162
claim-interventional-train-01404	9	0	0	176,76,132,201,141,145,93,42,136,64,107,58,186,162,21,186,38,55,203,211,152,18,117,104,32,5,89,149,174,86,45,69,112,188,126,10	4,0,0.4285,0,50;7,4,0.5105,0,149;6,0,0.1365,0,160;3,4,0.3245,0,18;7,1,0.0975,0,54;5,2,0.0985,0,122
claim-interventional-train-01405	6	1	1	117,123,21,168,97,63,183,36,116,162,142,90,162,2,190,199,188,64,146,69,82,130,93,51,40,33,16,139,13,45,211,76,161,111,154,150	1,3,0.1985,0,106;8,2,0.1375,0,247;2,5,0.1485,0,232;3,0,0.5695,0,170;0,5,0.8465,0,104;2,0,0.7755,1,193
claim-interventional-train-01406	1	1	0	63,133,171,76,146,93,16,204,175,66,106,3,161,202,71,179,149,53,15,141,37,44,123,139,205,91,47,83,33,180,162,117,99,113,210,21	2,5,0.1695,0,136;8,3,0.9565,2,85;4,5,0.5045,2,217;3,1,0.7765,0,127;2,0,0.2015,0,79;2,3,0.6745,0,239
claim-interventional-train-01407	3	0	2	117,17,87,95,199,41,136,36,46,181,114,67,77,127,145,176,194,106,201,56,158,135,196,141,21,97,180,71,32,88,151,202,164,14,60,4	3,4,0.3565,0,18;7,2,0.2785,1,94;7,2,0.7535,2,69;4,5,0.0975,2,129;0,0,0.4515,0,132;6,5,0.1655,0,124
claim-interventional-train-01408	9	3	1	58,36,158,193,158,141,137,14,82,112,50,8,119,150,76,29,124,173,100,134,89,43,93,111,20,45,148,21,206,183,68,214,157,187,194,69	7,4,0.8815,0,56;4,2,0.6475,0,93;1,0,0.8545,0,184;3,0,0.3205,0,224;3,5,0.1895,2,205;3,4,0.3405,0,93
claim-interventional-train-01409	10	0	2	10,33,5,208,137,124,197,34,18,171,112,130,178,103,107,193,215,174,58,144,177,155,77,53,151,89,45,21,41,145,83,71,202,93,117,64	4,0,0.5265,0,202;8,0,0.3165,0,218;4,0,0.1025,2,203;4,1,0.3755,0,17;6,1,0.0305,0,241;3,0,0.3745,3,43
claim-interventional-train-01410	10	3	1	93,182,30,45,18,52,43,169,101,37,14,144,194,198,77,87,131,3,69,165,114,106,138,215,21,124,150,180,90,169,62,64,148,169,118,196	2,4,0.4835,0,33;5,3,0.7345,0,144;3,4,0.1275,0,3;4,5,0.5205,0,31;4,0,0.5435,1,58;3,1,0.5635,3,16
claim-interventional-train-01411	2	3	0	73,195,190,89,114,51,202,11,149,99,169,119,132,43,148,110,36,177,58,2,162,157,21,72,180,19,93,68,198,212,45,125,138,28,141,84	1,1,0.7835,0,112;3,2,0.6415,0,162;2,0,0.9225,3,239;0,2,0.2285,0,10;2,4,0.5975,2,73;4,2,0.5025,0,140
claim-interventional-train-01412	6	0	2	18,60,141,170,119,112,5,85,52,137,130,29,177,124,73,213,157,109,158,145,11,42,21,215,160,156,190,151,69,90,67,45,158,103,93,39	4,1,0.5595,0,35;4,5,0.5275,0,61;3,2,0.6775,0,96;0,3,0.4785,0,108;6,3,0.0205,2,85;3,0,0.3655,0,84
claim-interventional-train-01413	6	0	2	93,117,178,189,192,51,88,20,69,81,165,66,208,124,173,116,47,141,171,27,34,138,134,111,86,197,97,151,145,61,177,194,9,15,43,21	8,5,0.9855,0,127;2,0,0.6135,2,171;2,3,0.5535,0,94;8,4,0.1645,0,135;0,5,0.9815,0,165;3,4,0.5035,0,149
claim-interventional-train-01414	1	3	1	187,117,116,186,36,162,170,68,107,63,88,166,150,21,211,161,131,49,190,45,93,139,99,125,83,209,141,198,16,13,40,148,81,4,26,70	3,3,0.1405,0,112;1,2,0.1085,0,153;0,5,0.9745,1,43;8,1,0.0255,0,133;2,1,0.8625,0,3;4,1,0.6575,0,72
claim-interventional-train-01415	0	3	0	89,45,15,69,104,194,197,20,163,67,106,131,93,161,188,75,86,140,193,141,168,124,34,33,117,152,60,196,115,148,3,21,52,42,149,166	2,5,0.8035,0,155;8,0,0.4535,0,8;3,2,0.6635,0,6;2,4,0.3125,0,86;7,0,0.7235,0,33;3,1,0.8965,0,159
claim-interventional-train-01416	2	2	1	114,108,34,69,86,150,160,147,81,172,156,68,212,41,117,89,212,188,124,138,45,210,130,214,21,60,4,31,102,186,93,176,12,56,141,18	3,2,0.4045,0,139;6,0,0.3285,0,152;7,2,0.9355,0,134;8,4,0.3275,0,86;5,2,0.4165,0,130;3,0,0.4865,0,49
claim-interventional-train-01417	0	3	1	40,18,38,95,179,45,206,69,206,78,52,28,148,67,205,178,132,114,144,117,188,9,90,21,10,203,150,110,137,129,105,82,192,61,167,161	8,0,0.4435,0,198;3,4,0.0315,0,88;3,3,0.7825,0,101;5,0,0.4295,2,92;8,4,0.4215,0,144;8,2,0.2335,3,14
claim-interventional-train-01418	10	2	1	50,126,177,89,190,182,170,45,31,34,191,201,214,67,21,101,114,136,93,4,208,117,204,147,79,142,13,163,16,134,60,70,150,86,44,109	3,3,0.1105,0,41;6,0,0.9445,0,253;1,2,0.7785,1,253;6,4,0.3225,0,231;4,3,0.4825,0,105;5,4,0.0155,1,172
claim-interventional-train-01419	10	1	2	109,141,82,45,74,120,152,188,66,35,151,20,146,93,112,92,21,40,156,32,164,69,176,62,138,130,213,178,10,127,2,196,201,53,97,210	1,0,0.8565,0,68;7,1,0.0055,0,88;4,4,0.5535,0,124;1,0,0.8685,0,158;0,3,0.0665,3,111;6,0,0.5035,0,120
claim-interventional-train-01420	9	0	1	109,21,93,136,101,180,160,28,203,145,150,117,164,141,15,207,160,155,134,88,45,85,34,19,64,76,8,112,52,189,61,182,123,43,161,70	7,5,0.7475,0,153;3,0,0.6885,0,179;3,3,0.0855,1,105;3,3,0.0965,0,30;4,3,0.1535,0,155;2,4,0.0295,0,137
claim-interventional-train-01421	10	0	2	93,108,181,145,18,60,129,152,99,139,117,69,78,67,21,186,133,154,155,13,52,29,182,6,38,169,206,116,141,85,44,45,167,194,90,151	5,3,0.5075,0,137;4,4,0.9245,0,69;3,2,0.6115,0,20;5,3,0.5325,0,233;2,2,0.9315,0,120;8,3,0.7935,0,111
claim-interventional-train-01422	4	1	0	37,93,103,28,75,212,212,45,110,20,158,89,141,117,136,128,175,3,215,146,87,186,113,43,149,64,10,186,187,130,53,209,61,69,21,160	2,0,0.9225,0,134;3,3,0.6895,0,102;4,3,0.1255,0,109;2,5,0.2175,0,150;6,4,0.2735,0,103;7,0,0.1905,0,71
claim-interventional-train-01423	1	1	1	117,204,187,190,17,212,85,64,215,59,146,170,75,150,26,152,54,93,22,116,97,90,132,71,123,10,189,41,178,141,45,38,108,138,8,212	7,0,0.2045,1,197;1,4,0.2495,0,95;5,1,0.0785,2,71;2,3,0.4025,0,234;0,2,0.9325,0,93;2,2,0.4655,0,193
claim-interventional-train-01424	1	3	0	96,162,157,198,185,126,45,141,19,11,117,67,44,158,30,1,61,161,51,161,136,149,86,199,38,21,88,109,148,105,69,73,114,174,202,135	0,1,0.7075,0,115;5,4,0.8535,0,49;2,3,0.7515,0,248;0,4,0.1135,3,250;8,3,0.4605,0,58;5,5,0.0485,0,213
claim-interventional-train-01425	7	1	1	19,198,109,76,72,211,52,146,153,93,21,201,84,169,137,186,33,212,14,58,45,98,124,131,88,3,34,116,41,150,141,65,156,117,199,195	2,4,0.6685,0,22;8,0,0.2845,0,141;3,0,0.3765,3,23;3,2,0.1475,0,83;1,3,0.8255,0,110;3,1,0.2515,0,192
claim-interventional-train-01426	6	1	1	115,150,106,124,200,43,130,202,58,191,89,70,1,94,138,213,188,51,21,102,214,66,45,202,20,13,34,164,146,143,181,27,179,119,87,79	0,3,0.8485,0,247;2,0,0.6585,0,92;2,0,0.5675,1,188;6,5,0.3445,1,28;5,0,0.7825,2,70;3,0,0.4085,2,240
claim-interventional-train-01427	6	1	0	210,199,165,39,8,20,45,117,88,159,79,144,94,70,15,68,134,163,104,22,107,161,44,191,52,140,184,123,61,165,25,149,115,84,146,188	7,5,0.9645,1,79;0,5,0.8985,0,71;3,3,0.9685,1,143;6,2,0.1355,1,161;7,1,0.6595,0,28;2,4,0.8395,3,227
claim-interventional-train-01428	6	3	2	151,117,14,93,190,173,180,148,134,101,21,65,127,86,40,36,115,45,182,138,198,111,91,16,69,63,50,29,141,191,185,73,181,2,166,163	1,4,0.1235,0,38;4,2,0.0095,0,128;1,5,0.2745,0,160;0,4,0.7655,0,180;4,5,0.7465,0,90;6,4,0.4945,0,128
claim-interventional-train-01429	0	3	1	52,142,184,17,86,45,167,175,150,67,38,81,91,44,69,174,93,156,131,161,195,204,28,14,110,182,148,123,61,115,3,21,117,160,105,139	2,4,0.2625,0,38;3,4,0.8715,0,161;3,3,0.6475,0,168;8,4,0.6565,0,89;8,4,0.7355,0,106;2,1,0.7925,1,210
claim-interventional-train-01430	1	3	0	64,41,69,93,149,19,169,117,90,137,167,182,32,75,85,63,45,163,157,1,173,15,135,107,166,205,21,34,213,128,101,170,52,148,113,142	0,5,0.7345,0,176;7,0,0.2785,0,13;3,5,0.0515,0,19;2,3,0.5125,0,95;4,1,0.3845,0,124;7,5,0.2175,1,66
claim-interventional-train-01431	5	1	0	188,135,43,167,178,155,172,12,60,100,141,54,31,69,45,112,107,202,149,92,146,128,117,18,21,64,96,137,154,208,84,184,78,37,7,204	6,2,0.4205,0,4;6,3,0.7225,0,135;5,2,0.1395,0,225;5,2,0.8015,3,58;3,1,0.1755,0,31;7,5,0.3905,0,138
claim-interventional-train-01432	5	2	2	61,152,19,76,130,137,64,143,196,110,147,89,192,176,71,36,49,4,97,93,163,32,82,172,42,118,190,151,181,182,124,21,45,202,13,112	3,3,0.7695,0,224;7,2,0.4535,0,219;0,3,0.0505,2,217;3,0,0.2605,0,187;0,4,0.0395,1,237;3,0,0.3475,2,188
claim-interventional-train-01433	9	0	0	69,200,149,124,200,199,158,82,132,51,115,167,141,75,93,105,8,210,107,136,211,45,118,89,65,191,44,35,61,202,32,213,21,145,20,15	7,5,0.8485,0,74;7,1,0.9355,0,209;2,3,0.3965,0,220;2,0,0.2565,0,156;8,1,0.6825,1,170;3,2,0.1895,0,171
claim-interventional-train-01434	1	1	2	92,95,28,198,62,139,69,11,157,51,141,115,146,68,162,43,173,19,182,169,214,103,117,128,204,131,151,77,36,86,7,110,164,46,21,161	6,1,0.7455,0,7;3,2,0.7875,1,245;2,4,0.8305,0,143;4,4,0.8115,2,205;6,4,0.6245,0,9;7,1,0.7615,0,55
claim-interventional-train-01435	10	0	0	134,63,35,159,215,162,85,93,149,54,107,194,46,117,128,28,184,77,20,21,105,9,145,162,10,114,163,174,67,138,163,154,91,69,141,44	8,0,0.9975,0,96;3,1,0.9805,1,165;5,5,0.6205,0,179;4,3,0.6945,0,158;8,1,0.5335,0,86;7,4,0.5835,0,39
claim-interventional-train-01436	9	1	2	112,151,27,176,176,146,93,131,61,38,190,187,74,180,98,7,69,67,209,18,42,141,170,121,86,171,140,45,21,162,92,198,12,56,117,108	6,2,0.5945,0,119;2,4,0.4385,0,35;7,3,0.7875,0,11;1,4,0.8255,0,24;1,2,0.0745,0,9;0,1,0.8235,0,209
claim-interventional-train-01437	8	0	2	93,214,68,155,155,21,151,172,141,139,117,14,30,173,108,88,164,39,83,166,112,8,158,44,75,47,189,16,69,145,100,133,124,158,54,63	7,4,0.0595,0,205;5,5,0.8365,2,22;5,5,0.8325,0,205;2,1,0.0975,0,244;3,2,0.0465,0,230;3,3,0.6065,0,169
claim-interventional-train-01438	5	0	1	133,144,24,93,53,69,150,14,192,197,158,163,140,97,115,75,106,161,8,175,129,196,90,31,83,45,145,61,64,42,117,20,163,214,178,38	7,4,0.9905,3,181;6,4,0.5455,0,186;4,3,0.0845,0,0;2,1,0.5445,0,253;0,0,0.6655,0,120;8,3,0.8375,3,172
claim-interventional-train-01439	2	1	1	210,15,165,152,103,146,28,106,65,58,94,74,141,36,191,16,112,160,136,178,41,83,150,178,69,2,194,91,212,117,124,52,135,47,21,214	1,5,0.0365,0,167;3,2,0.2925,2,5;3,0,0.2525,0,243;1,1,0.6175,1,94;6,0,0.1405,0,187;3,5,0.0905,0,22
claim-interventional-train-01440	10	3	2	40,200,105,80,93,108,188,148,211,117,53,167,69,155,64,116,89,151,177,197,199,14,62,201,20,141,34,83,24,136,130,45,192,7,122,30	6,4,0.9075,3,48;5,0,0.0305,0,236;4,4,0.1295,0,108;7,1,0.3595,0,248;8,2,0.8715,0,107;1,0,0.0805,0,152
claim-interventional-train-01441	2	1	1	45,108,14,21,179,82,51,77,59,69,140,123,170,193,26,130,205,150,67,38,203,93,16,180,177,186,146,41,100,141,156,163,115,91,3,117	2,4,0.1115,0,82;1,4,0.3575,0,9;2,1,0.7885,0,155;4,0,0.7615,0,201;3,2,0.7135,0,186;2,0,0.9845,0,214
claim-interventional-train-01442	8	0	2	156,16,191,66,35,187,69,45,144,187,123,112,209,78,175,85,117,175,55,21,145,40,139,10,89,167,151,133,163,27,93,103,187,59,1,108	0,0,0.1715,0,7;2,1,0.1035,0,196;6,1,0.4005,0,67;5,3,0.3025,0,58;6,2,0.0945,0,21;2,3,0.7415,3,106
claim-interventional-train-01443	10	1	2	144,194,91,186,33,187,174,152,21,117,51,146,69,36,209,87,45,159,151,81,139,64,131,124,6,209,97,93,15,44,16,113,107,58,170,160	5,5,0.1405,0,215;8,2,0.9975,0,232;2,0,0.0265,0,23;8,5,0.6685,0,114;0,1,0.3995,0,142;3,1,0.7245,3,77
claim-interventional-train-01444	10	1	1	195,213,25,42,66,141,93,210,136,69,21,63,16,112,158,7,146,82,188,76,38,178,117,167,91,122,159,100,135,45,110,205,57,156,11,150	6,1,0.1805,0,71;0,4,0.5045,0,185;8,5,0.5805,0,56;3,0,0.7705,0,234;3,4,0.1945,0,92;1,5,0.0285,0,63
claim-interventional-train-01445	7	3	2	45,117,73,135,18,116,69,182,191,168,98,151,110,144,38,136,89,194,13,42,129,164,21,167,27,187,85,167,61,93,161,68,4,49,148,158	3,3,0.5345,0,105;2,4,0.4865,0,19;0,3,0.8745,0,160;0,3,0.2195,0,202;1,4,0.8715,0,150;8,5,0.0745,3,40
claim-interventional-train-01446	10	3	2	213,87,45,92,135,174,72,154,2,96,151,106,16,162,32,201,153,14,114,148,59,197,42,21,103,64,37,75,139,141,117,129,152,50,202,205	1,4,0.1485,0,125;7,3,0.4455,0,250;1,1,0.0585,3,85;2,5,0.8815,3,21;6,0,0.5935,0,207;8,5,0.6055,0,1
claim-interventional-train-01447	2	3	0	27,205,11,66,45,154,158,140,141,190,185,128,93,90,50,58,112,34,106,148,130,206,43,100,2,118,149,77,178,200,82,198,72,17,21,189	1,1,0.3165,0,244;2,0,0.7315,0,178;1,0,0.4325,3,122;4,0,0.4825,0,212;3,0,0.1585,1,57;7,0,0.9875,0,168
claim-interventional-train-01448	2	0	0	156,65,60,115,136,33,34,166,45,210,96,158,195,142,201,53,128,214,84,117,21,134,43,16,12,69,90,106,3,145,102,196,77,149,201,164	2,2,0.1025,0,200;8,0,0.7485,0,19;4,2,0.2085,0,59;4,2,0.5585,3,63;5,0,0.7835,0,112;7,4,0.0005,1,180
claim-interventional-train-01449	5	1	0	21,103,131,114,204,109,161,74,12,93,84,16,136,52,33,146,127,181,117,191,163,149,154,141,89,69,203,8,59,207,45,155,35,65,41,155	7,2,0.1685,0,81;8,1,0.2005,0,125;3,1,0.3025,0,112;1,2,0.3265,0,253;6,3,0.4135,0,149;6,1,0.0985,0,72
claim-interventional-train-01450	6	3	1	210,11,83,93,45,176,140,75,114,42,193,148,183,72,17,66,134,58,7,103,117,21,161,91,215,179,150,141,200,121,192,107,35,33,213,51	6,1,0.3455,0,215;8,1,0.4025,0,124;2,0,0.4805,3,197;2,1,0.7875,0,130;6,1,0.5505,0,213;0,4,0.9495,0,113
claim-interventional-train-01451	5	1	1	122,173,96,16,113,146,84,162,38,209,208,55,197,33,117,21,9,150,73,178,98,44,214,45,182,144,89,69,15,132,161,106,66,187,62,140	8,5,0.0895,0,50;8,4,0.8435,0,45;6,4,0.5585,0,180;0,2,0.2195,3,95;1,0,0.2705,0,34;1,2,0.9155,3,198
claim-interventional-train-01452	3	0	1	167,21,93,141,3,74,111,156,25,138,100,84,118,116,44,171,123,175,35,90,180,175,156,145,150,69,18,68,52,205,14,211,130,45,61,158	2,4,0.5005,0,148;0,1,0.9375,0,199;3,3,0.9825,0,103;1,2,0.5945,0,205;3,5,0.8995,1,20;2,0,0.4125,0,229
claim-interventional-train-01453	3	0	1	139,176,131,173,150,198,52,117,182,197,69,28,43,110,124,16,100,93,142,37,114,145,65,21,88,45,10,155,213,8,167,194,61,161,86,75	7,0,0.0065,0,140;3,3,0.6415,0,93;3,3,0.2225,0,74;2,4,0.1885,0,183;3,4,0.4505,0,209;3,1,0.6265,1,231
claim-interventional-train-01454	1	1	1	154,189,111,27,34,10,54,182,172,153,134,117,67,62,4,195,99,44,141,88,79,20,168,188,93,114,166,84,165,69,146,47,23,125,150,139	3,0,0.8135,2,232;2,0,0.9405,2,191;5,4,0.7335,0,34;6,2,0.0105,0,156;2,5,0.4835,0,178;4,4,0.6245,0,102
claim-interventional-train-01455	10	3	0	177,149,129,26,86,55,193,64,69,175,184,45,179,140,20,102,180,59,79,93,199,114,108,156,148,118,15,141,22,90,135,5,35,205,44,191	4,5,0.8615,1,109;1,1,0.8495,0,222;6,1,0.1045,0,223;6,4,0.5085,0,18;5,2,0.4945,1,117;8,5,0.9055,0,137
claim-interventional-train-01456	1	3	2	135,137,119,77,37,69,151,3,100,194,44,45,184,208,152,89,63,180,141,51,108,93,23,85,122,11,31,214,112,148,212,68,203,204,189,16	2,1,0.1175,2,221;6,3,0.8275,0,160;2,5,0.8225,0,108;4,3,0.3295,0,80;3,2,0.1985,2,190;1,5,0.2975,0,254
claim-interventional-train-01457	2	0	0	80,197,69,45,135,149,210,139,97,117,177,63,176,179,183,106,93,12,21,18,145,44,52,90,156,192,84,182,34,115,27,2,65,143,124,153	1,2,0.5255,0,1;2,0,0.8805,0,2;3,5,0.2005,0,230;7,2,0.4655,0,180;0,0,0.6245,0,181;3,5,0.6865,2,75
claim-interventional-train-01458	4	1	1	165,172,45,135,164,144,121,52,195,182,71,76,168,66,36,103,60,26,150,212,204,13,170,109,88,117,146,115,18,85,93,4,138,213,21,40	3,3,0.4045,0,72;1,2,0.0445,0,3;3,2,0.5325,2,247;3,3,0.1045,0,102;6,3,0.6275,0,164;0,5,0.5575,3,41
claim-interventional-train-01459	1	0	0	191,141,157,85,3,10,114,68,21,177,62,200,53,20,40,32,214,107,164,104,93,145,75,206,69,120,205,149,45,131,89,39,137,168,201,126	2,0,0.9205,0,82;7,5,0.0405,0,127;4,4,0.9545,0,101;2,3,0.3005,0,183;7,1,0.4355,3,151;5,1,0.2955,0,202
claim-interventional-train-01460	2	2	0	45,187,117,69,4,133,93,28,16,140,144,68,21,149,161,13,129,199,52,194,98,213,42,116,186,34,92,83,80,152,147,60,210,110,157,209	3,3,0.1325,0,90;3,0,0.5365,0,228;3,2,0.9315,0,74;7,1,0.8035,0,238;1,4,0.8775,0,36;8,3,0.8565,3,14
claim-interventional-train-01461	2	3	2	178,161,92,199,110,139,115,3,175,141,148,12,45,172,124,101,70,68,28,20,154,82,40,52,93,178,21,78,39,132,168,181,169,117,59,151	2,2,0.8275,0,218;3,5,0.1475,0,124;3,1,0.9655,1,208;5,0,0.8235,0,241;4,4,0.7005,0,105;3,2,0.7125,0,42
claim-interventional-train-01462	1	0	1	18,168,177,165,45,77,39,116,157,44,27,90,98,139,127,14,21,93,55,1,109,150,119,188,188,179,172,69,198,63,67,133,145,141,173,86	0,4,0.4645,0,195;2,5,0.9885,0,86;6,5,0.6185,0,176;4,4,0.4085,0,143;1,3,0.9315,2,111;6,3,0.7295,0,41
claim-interventional-train-01463	2	0	0	209,34,91,119,59,177,185,102,145,131,139,32,177,87,175,69,106,76,20,21,45,93,55,149,184,2,113,68,152,11,44,202,141,190,122,159	1,1,0.9915,0,192;7,0,0.9475,0,14;6,1,0.8665,0,171;3,5,0.7015,0,248;5,0,0.2255,2,50;1,1,0.7935,0,159
claim-interventional-train-01464	1	1	1	188,146,163,45,29,138,100,21,114,193,43,171,20,107,69,170,190,9,141,90,168,54,150,123,38,75,64,195,117,11,86,59,93,134,187,186	8,1,0.9945,0,11;4,4,0.7865,0,24;5,1,0.0145,0,167;2,4,0.5155,0,235;3,1,0.4115,0,104;2,4,0.4955,0,17
claim-interventional-train-01465	10	0	0	191,135,63,137,24,188,129,185,163,2,92,117,27,199,116,48,93,39,187,110,69,145,164,64,77,101,15,172,149,213,143,17,176,84,52,40	1,5,0.3845,3,142;2,5,0.1645,3,123;3,5,0.1105,0,16;4,2,0.8575,0,105;4,4,0.8585,0,164;8,5,0.2745,2,135
claim-interventional-train-01466	5	0	0	41,105,149,141,34,163,108,179,120,60,16,21,135,92,116,170,69,145,94,32,11,127,185,191,198,45,159,68,138,203,8,198,76,56,172,82	7,1,0.0795,0,125;7,0,0.2055,0,29;7,2,0.9075,0,113;3,0,0.8135,1,185;8,2,0.8845,3,158;6,5,0.4345,0,205
claim-interventional-train-01467	7	0	1	185,198,65,141,122,69,34,92,150,185,108,112,60,51,9,140,145,209,13,152,215,176,16,21,30,93,77,84,102,208,159,117,45,135,189,40	8,3,0.0745,0,87;5,0,0.1545,0,112;2,2,0.2115,0,209;4,2,0.9945,0,26;5,2,0.0525,0,218;1,5,0.9435,0,170
claim-interventional-train-01468	7	0	0	18,141,211,214,200,80,39,54,114,137,210,85,88,202,145,21,31,111,194,130,71,63,64,98,43,168,149,191,182,126,163,11,9,96,117,48	8,1,0.5455,0,214;6,5,0.6085,3,162;5,5,0.1425,2,240;7,3,0.1255,3,84;1,5,0.4585,0,228;5,0,0.2735,0,60
claim-interventional-train-01469	6	1	1	133,90,31,20,215,106,71,121,12,8,213,199,165,96,86,176,209,190,115,180,117,141,193,51,146,150,47,98,65,21,35,182,61,73,140,43	7,2,0.8085,0,147;6,1,0.6295,2,37;2,3,0.3875,2,135;0,4,0.5685,3,59;1,0,0.6565,0,38;0,3,0.9595,0,219
claim-interventional-train-01470	1	1	0	212,190,109,19,137,41,21,170,45,95,209,49,15,173,165,141,75,34,101,149,186,84,123,134,120,155,114,3,69,146,61,191,65,163,30,89	2,5,0.6695,0,7;5,0,0.2125,0,65;0,3,0.3055,0,87;2,2,0.2245,2,45;4,3,0.5375,3,6;2,4,0.2995,0,155
claim-interventional-train-01471	3	0	1	66,202,93,210,46,129,84,215,4,152,137,106,162,17,15,90,21,145,25,150,117,191,143,75,192,153,193,162,34,69,115,52,63,43,130,104	3,5,0.3755,0,213;0,0,0.6465,1,95;3,5,0.5835,0,78;2,2,0.5405,0,172;7,0,0.6235,0,127;8,0,0.2945,2,84
claim-interventional-train-01472	10	1	2	157,134,98,6,151,187,33,108,53,79,156,114,202,206,87,42,45,69,89,137,177,93,146,13,196,188,153,18,120,179,62,124,141,34,66,24	5,3,0.5485,3,223;8,0,0.4685,0,59;4,4,0.5175,0,187;6,5,0.3295,0,104;1,2,0.4315,3,53;3,4,0.2185,0,247
claim-interventional-train-01473	3	0	2	152,183,193,176,114,17,178,190,58,145,198,118,110,11,25,4,124,132,91,51,39,43,188,166,76,163,93,65,21,151,83,141,138,103,45,70	3,1,0.2285,0,101;0,5,0.7405,0,214;2,0,0.3825,1,201;3,1,0.7895,0,148;6,4,0.5945,1,2;3,2,0.4435,0,210
claim-interventional-train-01474	6	3	1	70,174,155,141,158,150,1,188,93,124,139,18,83,116,89,189,45,64,210,43,25,182,148,104,21,176,208,74,198,60,111,131,13,38,49,117	0,3,0.5345,0,102;0,4,0.6485,0,90;0,2,0.0695,1,250;1,1,0.3845,0,87;7,5,0.8545,0,167;3,1,0.6455,0,245
claim-interventional-train-01475	6	0	2	138,35,206,69,210,135,158,192,159,185,145,23,153,73,151,89,45,44,101,108,3,66,121,96,191,115,117,141,52,212,15,199,82,58,16,31	2,5,0.1665,2,37;6,1,0.8495,0,55;3,0,0.5825,0,197;0,0,0.2965,3,144;4,2,0.6015,0,166;0,5,0.4015,0,43
claim-interventional-train-01476	9	1	0	189,164,208,207,103,69,11,198,19,169,41,86,185,108,211,22,30,117,60,146,140,34,158,93,149,45,180,90,52,80,65,134,112,121,143,1	0,1,0.6095,1,51;5,0,0.3395,0,160;3,2,0.3235,0,8;7,4,0.5035,0,180;6,2,0.0575,0,255;0,4,0.8235,2,168
claim-interventional-train-01477	0	3	2	177,138,151,120,115,52,93,82,45,69,11,68,100,188,201,202,28,109,16,200,36,131,123,161,141,92,21,4,158,61,74,148,205,165,44,175	3,1,0.0425,0,133;3,2,0.8955,0,98;3,3,0.8465,0,204;1,0,0.8225,0,219;3,3,0.6125,3,177;2,1,0.4685,0,179
claim-interventional-train-01478	10	0	2	181,112,18,117,34,100,60,171,40,68,69,90,137,141,151,15,194,131,211,145,129,186,27,21,171,166,45,5,196,84,53,176,77,211,95,108	4,5,0.5135,0,51;2,0,0.0635,0,181;4,2,0.8635,0,226;4,2,0.5105,2,235;3,2,0.1305,0,208;8,1,0.2155,0,14
claim-interventional-train-01479	7	1	0	117,39,173,134,59,193,194,84,127,137,45,93,21,209,116,156,78,98,146,15,1,111,72,44,176,152,65,144,54,211,91,193,29,149,17,192	0,5,0.3685,0,221;4,5,0.8735,0,156;5,1,0.2255,3,154;5,2,0.6325,0,230;1,5,0.8725,0,55;6,4,0.3905,3,158
claim-interventional-train-01480	0	3	2	69,167,124,117,67,165,190,76,91,112,173,174,174,130,176,35,59,51,151,45,172,141,26,172,99,93,21,86,40,7,10,190,136,110,20,148	6,0,0.8655,0,134;1,1,0.0975,0,45;2,1,0.6135,0,160;3,4,0.7945,0,247;2,4,0.0865,0,146;3,0,0.1485,0,134
claim-interventional-train-01481	9	3	1	7,71,128,191,207,50,64,148,137,75,186,198,150,105,135,167,109,141,114,174,40,13,83,45,185,22,118,61,91,16,29,93,215,192,39,161	6,3,0.0815,1,26;4,5,0.1015,0,176;1,3,0.1965,2,217;2,1,0.6045,0,190;8,3,0.4525,1,247;7,5,0.2045,0,134
claim-interventional-train-01482	4	1	2	134,15,17,171,37,44,22,155,178,106,121,83,151,171,178,96,201,176,4,57,117,77,69,89,201,141,99,60,146,45,67,112,180,180,28,138	3,5,0.3245,1,127;3,3,0.8425,0,72;8,2,0.7975,0,206;4,1,0.3755,3,131;2,0,0.0665,0,66;0,4,0.4225,0,135
claim-interventional-train-01483	1	3	0	86,36,134,92,117,45,110,21,113,148,141,199,41,182,186,75,198,123,162,165,49,208,69,64,63,93,157,101,185,149,8,27,139,165,11,17	7,1,0.2265,0,225;2,2,0.2185,0,217;0,5,0.0185,0,80;2,4,0.9195,0,7;4,4,0.2135,0,129;2,4,0.7935,0,179
claim-interventional-train-01484	4	1	0	146,65,69,11,52,117,29,124,202,164,38,77,109,182,3,101,173,180,88,141,215,17,192,165,149,42,21,116,93,140,62,45,179,178,85,135	2,1,0.2475,0,241;4,4,0.5875,0,36;3,4,0.3225,0,238;4,3,0.0525,0,12;4,3,0.9785,0,203;3,5,0.8225,0,103
claim-interventional-train-01485	2	0	2	155,4,128,117,160,186,65,141,151,190,45,180,44,135,12,88,69,145,107,100,75,19,27,214,35,137,21,61,112,199,193,188,207,49,93,85	3,2,0.6015,0,205;2,1,0.9585,0,129;0,3,0.2945,0,7;2,3,0.1425,0,73;3,1,0.1375,0,115;7,5,0.3545,0,146
claim-interventional-train-01486	9	3	0	12,3,203,148,99,197,155,109,112,36,153,93,45,117,185,202,134,40,84,61,28,91,204,57,186,149,66,139,16,80,21,141,122,69,152,183	2,2,0.1075,0,42;3,2,0.1585,0,30;8,3,0.5535,0,185;7,2,0.6205,0,134;2,3,0.1675,0,187;1,4,0.6435,0,92
claim-interventional-train-01487	6	2	0	197,211,133,76,96,69,15,114,176,20,110,186,97,45,207,141,180,58,25,181,21,139,163,127,149,6,117,88,162,37,66,86,147,208,41,49	5,5,0.9125,0,126;0,3,0.2295,0,90;0,0,0.4565,0,25;3,4,0.0675,3,117;0,4,0.4335,0,10;6,3,0.6725,0,141
claim-interventional-train-01488	2	0	0	51,201,90,157,141,76,106,156,134,68,30,177,93,58,208,21,173,139,145,17,126,83,97,113,35,2,117,149,186,42,187,69,196,45,14,160	1,4,0.2485,0,208;5,1,0.4435,0,175;2,0,0.8225,0,170;3,1,0.4725,0,243;0,0,0.3885,0,169;5,4,0.7965,0,2
claim-interventional-train-01489	9	1	2	93,15,45,59,68,21,213,213,203,114,156,43,8,179,163,76,130,151,195,30,127,137,156,110,146,20,92,142,37,168,86,104,69,117,52,210	7,5,0.9855,0,62;5,3,0.6545,0,81;3,1,0.8985,0,222;3,4,0.8085,0,164;7,4,0.4775,0,148;6,0,0.3085,1,176
claim-interventional-train-01490	5	1	1	203,175,129,12,206,21,69,55,200,45,112,38,62,156,19,74,193,90,93,141,140,150,67,162,82,8,25,98,176,110,41,146,211,177,117,131	7,2,0.6015,0,155;0,4,0.3975,0,54;6,4,0.7585,0,241;1,0,0.4785,0,92;1,4,0.1725,0,57;8,1,0.9275,0,103
claim-interventional-train-01491	6	0	0	149,93,102,189,114,44,137,206,108,45,13,122,61,145,35,68,16,27,193,89,213,161,86,161,49,21,130,78,214,197,69,120,185,142,3,215	2,3,0.0875,0,227;2,1,0.8955,0,193;0,3,0.9345,0,1;5,4,0.2965,0,22;5,2,0.5395,3,142;1,0,0.3015,1,7
claim-interventional-train-01492	6	1	2	100,66,43,121,208,186,80,14,49,206,16,151,61,206,134,139,162,27,45,116,8,117,35,213,69,107,146,197,93,157,83,204,209,21,89,141	7,4,0.1215,0,204;2,1,0.6835,0,22;0,3,0.5855,0,71;7,1,0.3935,0,145;3,1,0.9095,0,106;0,4,0.7045,0,47
claim-interventional-train-01493	5	1	1	37,146,62,69,92,44,24,132,128,96,117,111,205,179,195,139,187,116,85,169,5,177,66,192,142,150,103,161,33,215,79,51,10,188,45,17	4,0,0.2275,3,93;8,3,0.8425,0,173;2,4,0.4075,0,109;6,3,0.9475,3,99;6,5,0.8605,0,235;7,2,0.7275,1,205
claim-interventional-train-01494	10	0	2	77,139,23,28,194,191,130,141,185,85,117,110,93,123,35,156,12,57,41,151,113,101,192,188,45,184,59,209,5,66,91,165,18,212,145,71	4,2,0.5315,2,161;3,1,0.3255,0,171;8,1,0.4155,2,55;4,3,0.7895,0,242;4,4,0.3045,0,83;2,0,0.6915,0,28
claim-interventional-train-01495	3	0	2	39,145,21,176,79,113,206,69,93,207,83,130,17,117,151,141,59,45,107,203,66,97,137,49,88,213,170,122,15,211,44,169,28,2,162,171	1,5,0.3585,0,210;3,5,0.8435,0,113;0,1,0.5675,0,124;6,1,0.0885,0,131;0,1,0.3455,0,10;1,0,0.3525,0,235
claim-interventional-train-01496	8	1	1	146,187,208,40,73,93,141,54,28,163,113,109,137,215,66,204,199,150,117,36,132,45,182,180,211,14,21,184,89,99,128,63,19,69,82,4	3,4,0.7335,0,222;3,2,0.0205,0,252;5,5,0.4045,0,123;0,0,0.3285,0,124;2,3,0.3395,0,148;7,2,0.3915,0,128
claim-interventional-train-01497	0	3	0	96,107,69,85,5,166,168,98,137,54,201,206,164,144,213,68,114,45,20,148,89,132,169,207,37,125,13,185,206,22,81,117,44,149,28,62	4,3,0.9695,1,106;3,3,0.9275,0,215;5,4,0.8385,0,217;8,3,0.3525,3,223;1,1,0.5465,0,45;4,2,0.3845,3,80
claim-interventional-train-01498	1	3	2	209,43,73,116,27,141,45,62,71,175,52,117,203,11,110,1,160,210,88,212,137,98,18,68,38,155,21,86,162,95,180,123,148,135,190,151	0,1,0.4745,0,170;2,4,0.6455,0,29;3,4,0.8895,2,31;0,4,0.0105,2,64;1,4,0.8865,0,238;2,5,0.3235,0,154
claim-interventional-train-01499	9	3	0	100,35,4,18,208,126,50,10,80,117,106,206,85,65,132,213,173,160,93,212,62,191,183,148,139,45,113,44,30,159,149,23,141,184,69,92	3,0,0.4375,2,176;5,1,0.9285,0,249;1,4,0.2285,0,80;7,3,0.8895,0,220;3,0,0.3225,0,229;5,2,0.7275,0,23
claim-interventional-train-01500	1	0	0	133,194,141,128,106,40,50,145,100,21,212,162,194,66,213,117,138,3,89,58,165,85,37,19,13,197,25,182,186,149,69,203,93,75,116,45	2,3,0.6685,0,194;0,3,0.0025,0,192;1,0,0.4855,0,219;2,3,0.2435,0,132;3,0,0.9735,0,105;7,3,0.4215,0,163
claim-interventional-train-01501	4	1	0	39,93,155,17,200,21,116,61,15,141,101,207,124,161,7,187,84,215,133,45,149,146,54,90,117,108,164,66,191,28,163,69,80,201,42,140	6,5,0.2605,0,231;3,5,0.4105,0,41;5,3,0.4235,0,101;7,2,0.4535,0,197;4,2,0.8725,0,171;3,3,0.9965,0,217
claim-interventional-train-01502	9	2	0	160,20,140,85,125,213,172,112,166,149,178,94,88,206,111,174,135,39,58,147,64,28,105,81,143,8,41,69,186,183,119,55,21,11,206,45	7,1,0.8555,0,4;3,5,0.2305,0,187;6,0,0.1675,0,113;8,3,0.1805,1,72;8,5,0.1355,2,11;4,5,0.9455,2,237
claim-interventional-train-01503	1	1	1	69,203,2,153,185,124,66,93,58,183,207,150,172,132,185,45,86,184,107,37,44,104,12,27,53,159,23,114,17,146,139,89,212,77,117,141	1,2,0.3365,2,191;2,3,0.8085,0,149;4,0,0.4215,0,193;4,4,0.2455,0,9;7,1,0.4315,0,60;3,2,0.7255,0,122
claim-interventional-train-01504	2	1	0	33,113,181,80,45,83,66,126,154,50,42,195,160,58,141,149,38,93,146,21,89,17,107,10,156,195,211,101,203,140,69,2,199,184,117,131	1,0,0.3495,0,219;8,4,0.5635,0,55;1,0,0.4055,0,27;7,1,0.3635,0,124;4,1,0.2945,0,73;5,1,0.8225,0,193
claim-interventional-train-01505	6	0	2	90,187,56,151,157,117,66,138,21,141,114,186,75,1,37,145,194,106,165,207,93,185,101,163,133,182,86,19,29,69,15,127,212,47,43,63	0,5,0.6005,0,153;4,3,0.7225,2,160;7,5,0.4435,0,158;2,4,0.5535,0,237;4,0,0.4425,0,12;6,3,0.4015,0,141
claim-interventional-train-01506	1	3	0	148,47,116,66,43,149,155,1,157,69,25,16,134,105,21,75,173,177,86,175,199,90,117,136,93,176,10,61,142,109,51,124,202,168,36,164	0,0,0.1645,0,160;0,2,0.7265,2,147;2,3,0.5755,0,240;2,4,0.4375,0,89;8,3,0.8125,0,242;3,4,0.0495,1,189
claim-interventional-train-01507	5	0	0	20,145,88,123,182,101,181,182,177,164,160,24,189,172,8,31,113,66,201,143,45,195,110,131,60,93,117,85,41,149,36,54,79,13,136,71	7,3,0.8775,3,130;6,2,0.2615,0,192;5,2,0.4125,2,236;6,3,0.0185,0,2;4,4,0.2035,0,225;2,1,0.1695,2,166
claim-interventional-train-01508	2	1	1	178,35,4,196,53,42,64,45,150,69,90,163,130,165,98,177,108,146,160,21,14,139,33,19,188,141,93,76,211,204,117,168,82,115,63,128	3,4,0.6465,0,60;8,1,0.5525,0,56;4,5,0.1545,0,154;3,0,0.4655,0,136;1,2,0.6145,0,194;7,0,0.7115,0,161
claim-interventional-train-01509	8	3	0	5,89,30,69,149,123,45,85,152,93,116,10,185,110,141,177,173,183,57,132,67,21,137,102,148,58,159,159,17,181,202,75,42,39,196,117	4,0,0.3675,0,85;5,5,0.5125,0,91;8,0,0.7555,0,128;2,3,0.3155,0,113;5,4,0.9155,0,221;2,2,0.3165,0,99
claim-interventional-train-01510	10	0	1	162,43,65,211,135,21,6,88,112,163,117,213,150,202,181,58,199,69,199,45,26,74,108,158,179,145,138,129,141,52,97,87,93,15,39,18	5,5,0.4635,0,206;1,5,0.6295,0,150;3,0,0.2795,0,127;1,5,0.0065,0,36;0,2,0.0275,0,117;8,5,0.4245,0,14
claim-interventional-train-01511	3	0	0	145,142,31,93,54,9,60,113,20,149,76,192,117,44,184,101,172,21,206,45,197,167,138,192,85,68,90,167,130,125,174,36,70,191,111,14	8,4,0.8435,0,13;6,2,0.9055,0,65;5,2,0.9925,1,137;3,3,0.4385,0,16;4,5,0.2725,0,80;4,0,0.4325,1,105
claim-interventional-train-01512	8	1	1	82,150,39,18,43,21,108,89,50,28,99,146,69,134,94,112,48,6,64,165,138,174,184,173,212,214,144,171,181,191,126,12,117,76,60,156	5,2,0.4865,0,235;3,5,0.6875,3,109;1,2,0.0025,0,80;3,0,0.3475,1,43;2,2,0.1495,0,12;5,4,0.5515,3,139
claim-interventional-train-01513	0	3	2	27,17,60,64,161,103,151,69,156,142,165,45,119,76,93,180,108,189,10,214,35,50,1,87,40,115,122,152,148,156,91,136,178,189,22,132	0,0,0.2725,1,117;2,1,0.0685,0,13;1,2,0.0185,0,158;3,5,0.6985,0,124;6,2,0.7395,2,55;1,2,0.1615,1,162
claim-interventional-train-01514	8	0	2	109,45,15,88,55,35,85,172,145,21,58,93,206,182,68,144,191,113,19,130,137,206,194,208,117,151,129,99,163,196,69,43,6,30,73,198	5,5,0.7555,0,234;5,1,0.7705,0,195;6,0,0.8525,0,252;0,3,0.0205,0,98;2,3,0.2345,0,95;8,0,0.3225,3,40
claim-interventional-train-01515	10	1	0	149,139,105,45,17,85,40,135,21,179,160,88,146,117,206,2,182,168,26,202,77,111,72,93,183,66,58,128,143,115,38,212,13,56,171,179	1,3,0.2815,0,163;1,4,0.1955,0,179;7,0,0.4245,3,70;4,3,0.0485,0,14;8,5,0.7185,0,31;7,5,0.7765,2,65
claim-interventional-train-01516	10	0	1	162,45,52,14,155,204,123,136,141,93,117,150,101,21,165,195,115,69,76,61,164,203,83,132,145,42,92,202,2,173,64,37,111,17,205,30	1,4,0.2235,0,150;5,3,0.5175,0,63;3,3,0.1015,0,192;3,1,0.9655,0,201;4,5,0.6385,0,227;2,2,0.0485,0,235
claim-interventional-train-01517	2	1	2	164,131,41,203,14,210,27,189,61,213,69,117,141,196,136,64,193,186,165,83,46,116,100,24,36,127,146,75,54,17,4,194,151,90,93,107	3,4,0.2575,3,15;2,2,0.2295,1,103;5,3,0.0625,0,1;2,1,0.4985,0,13;3,1,0.9635,0,227;6,1,0.1215,0,55
claim-interventional-train-01518	10	0	0	145,18,45,66,183,114,199,124,81,141,24,109,84,101,135,193,39,215,154,54,94,59,177,117,69,92,152,149,187,137,5,179,11,32,40,173	4,1,0.5525,3,174;7,5,0.0605,0,26;5,1,0.4765,0,197;8,2,0.9955,1,81;4,3,0.5685,0,196;3,5,0.3785,0,201
claim-interventional-train-01519	1	0	1	93,42,126,69,45,38,152,167,87,27,98,112,4,131,17,75,141,176,55,88,145,184,150,139,162,108,58,12,163,117,183,195,167,22,66,202	3,2,0.2315,1,68;2,4,0.5725,0,84;6,0,0.4545,0,28;2,5,0.1075,0,94;1,2,0.0065,0,94;5,1,0.7445,0,99
claim-interventional-train-01520	9	3	1	37,12,103,156,69,211,1,19,181,107,134,21,119,128,31,58,64,176,164,148,88,207,45,198,175,156,113,140,79,198,141,43,93,85,52,150	0,2,0.7575,0,202;6,3,0.7605,0,49;3,0,0.1365,0,114;6,3,0.0985,0,1;6,1,0.2485,2,1;7,4,0.9475,0,146
claim-interventional-train-01521	1	0	0	145,123,93,163,21,191,206,28,199,109,133,75,60,15,45,113,88,149,36,4,99,195,139,169,141,200,210,157,83,17,66,117,40,208,54,69	3,5,0.2635,0,235;3,2,0.1325,0,52;5,2,0.5615,0,62;2,1,0.1335,0,156;2,3,0.2445,0,142;2,3,0.7345,0,62
claim-interventional-train-01522	10	0	2	160,45,130,64,83,200,17,117,111,79,98,136,39,51,112,29,209,58,190,90,213,206,12,69,8,168,141,145,151,129,158,44,166,93,187,21	7,2,0.2485,0,17;4,5,0.9065,0,78;2,0,0.1615,0,101;6,1,0.5085,0,82;1,5,0.1075,0,20;8,0,0.0805,0,189
claim-interventional-train-01523	4	1	0	140,149,146,61,18,28,3,74,115,11,152,167,162,100,135,173,144,194,45,68,51,156,40,88,36,213,121,69,93,111,117,185,183,200,84,21	2,1,0.5655,0,67;3,2,0.1985,0,31;2,3,0.8785,0,57;1,2,0.0025,0,180;3,5,0.6375,0,82;0,5,0.8675,3,89
claim-interventional-train-01524	10	1	2	208,175,183,93,6,203,161,115,69,91,141,41,76,146,66,160,86,21,163,37,45,140,59,151,30,101,122,117,18,185,14,130,52,166,111,163	5,4,0.4735,0,226;5,3,0.2105,0,202;3,1,0.4435,0,65;3,4,0.7085,0,164;4,5,0.7485,0,220;1,0,0.8765,0,210
claim-interventional-train-01525	10	2	2	147,162,199,156,152,21,19,134,112,139,170,32,141,212,53,185,117,151,36,155,14,43,129,69,100,90,9,93,179,202,108,58,66,77,45,87	8,4,0.6195,0,66;7,2,0.6815,0,35;4,0,0.5615,0,70;4,5,0.5925,0,208;3,2,0.1385,0,136;8,4,0.7895,0,161
claim-interventional-train-01526	5	0	0	111,139,21,39,59,69,104,183,149,165,141,66,193,28,93,83,7,117,45,55,166,44,11,159,194,145,75,213,88,135,20,199,210,115,152,127	6,1,0.8785,0,80;3,5,0.8435,0,15;6,1,0.4735,0,156;2,1,0.1685,0,68;7,5,0.7335,0,195;6,5,0.7295,0,190
claim-interventional-train-01527	0	3	0	106,120,215,160,192,4,157,141,69,185,92,76,177,32,12,44,115,21,48,199,180,93,138,38,148,171,67,124,62,149,16,55,161,135,86,97	3,2,0.0325,0,204;7,4,0.8435,3,149;6,4,0.7495,0,99;3,4,0.9145,0,228;0,0,0.7305,3,51;3,5,0.5025,0,247
claim-interventional-train-01528	2	2	2	184,4,83,147,21,72,54,118,181,89,197,178,190,44,165,66,200,10,29,19,171,130,100,167,141,58,76,45,112,151,140,36,106,93,170,122	3,0,0.7715,0,92;4,2,0.8735,0,55;5,0,0.4675,3,232;3,1,0.3595,0,94;3,0,0.0675,1,181;1,0,0.9655,0,34
claim-interventional-train-01529	2	0	0	149,155,84,58,69,196,170,93,23,139,57,112,179,15,132,207,40,207,192,145,36,119,27,158,91,128,67,176,111,19,141,211,1,101,46,73	0,5,0.6555,2,192;2,2,0.0885,1,171;8,0,0.7965,0,194;0,2,0.6485,0,200;4,5,0.0175,2,45;7,2,0.6815,0,176
claim-interventional-train-01530	10	1	0	109,210,178,93,162,215,101,82,26,146,45,75,164,69,129,24,152,49,135,64,117,14,149,181,141,202,92,63,18,38,210,115,8,154,42,139	7,4,0.5385,3,44;1,4,0.5505,0,161;0,5,0.0525,0,104;2,0,0.8305,0,218;4,3,0.7525,0,133;8,5,0.6595,0,219
claim-interventional-train-01531	0	3	2	57,69,28,158,117,172,132,90,98,68,43,165,173,37,195,85,144,115,16,151,170,153,136,93,11,45,111,76,169,198,5,21,60,168,148,124	4,1,0.0875,0,188;3,3,0.7285,0,226;8,2,0.8735,0,164;3,3,0.4605,0,190;1,5,0.6715,0,156;3,2,0.1815,3,159
claim-interventional-train-01532	10	2	1	61,209,64,21,17,2,114,134,32,150,94,78,177,188,47,201,139,90,141,147,69,14,195,34,212,184,82,173,125,40,106,198,53,102,164,119	1,4,0.3575,0,249;7,0,0.0185,2,138;4,3,0.1305,0,83;5,0,0.4375,1,192;5,0,0.5755,2,227;4,4,0.7565,0,235
claim-interventional-train-01533	1	1	0	65,137,190,203,155,117,45,146,43,99,87,116,181,200,69,17,176,149,212,141,162,51,76,168,37,135,21,121,88,58,109,28,3,93,152,11	2,1,0.3405,0,21;3,3,0.6305,0,131;2,0,0.3775,0,10;3,5,0.0295,0,121;2,3,0.9585,0,33;0,5,0.2575,0,141
claim-interventional-train-01534	0	3	2	16,118,41,173,51,65,141,161,166,28,93,88,139,12,191,151,45,154,77,38,69,8,184,125,109,112,86,210,193,61,148,130,193,101,24,159	7,2,0.0685,3,39;3,4,0.3975,0,205;2,3,0.3775,0,146;4,4,0.1005,0,195;4,3,0.1875,1,31;4,0,0.7085,0,32
claim-interventional-train-01535	9	3	0	139,177,68,63,141,95,166,189,128,148,196,22,111,149,45,171,91,116,85,164,131,188,41,34,117,210,3,53,27,184,98,79,195,14,20,69	2,4,0.9575,1,228;2,0,0.2125,0,140;4,5,0.9735,0,242;6,3,0.7715,2,72;1,5,0.8475,0,178;7,1,0.7755,0,193
claim-interventional-train-01536	2	3	0	155,45,96,190,51,141,117,114,19,68,5,127,149,60,137,189,169,184,196,101,32,83,170,181,36,21,89,110,165,76,44,69,160,11,148,132	4,1,0.6205,0,157;7,2,0.8875,0,145;2,2,0.9115,0,116;3,1,0.2245,3,57;4,4,0.5035,0,30;6,2,0.2445,0,187
claim-interventional-train-01537	0	3	2	190,69,32,187,200,133,209,17,66,168,174,4,100,168,21,83,151,91,148,209,35,139,107,116,141,117,44,13,52,127,172,93,48,63,163,79	3,3,0.2375,0,168;7,1,0.9365,3,56;3,5,0.4565,0,200;6,1,0.7985,0,154;3,1,0.8045,0,23;6,3,0.7495,0,10
claim-interventional-train-01538	7	2	1	126,17,21,10,61,56,156,109,210,154,188,28,114,69,137,76,192,147,37,40,190,150,141,96,199,64,2,130,164,161,214,117,98,84,90,47	1,0,0.2855,0,126;3,3,0.1915,2,41;7,3,0.0805,0,209;3,2,0.4505,3,106;1,3,0.4825,0,6;5,0,0.3685,0,81
claim-interventional-train-01539	10	1	2	21,20,105,141,125,13,64,29,116,76,194,199,151,88,86,196,53,162,36,8,59,40,45,182,117,189,108,133,146,194,166,69,172,140,93,178	7,3,0.8465,0,254;4,2,0.0875,0,132;4,1,0.0855,0,82;3,4,0.1785,0,230;8,2,0.9535,0,173;4,3,0.8585,0,24
claim-interventional-train-01540	9	1	0	11,90,93,66,85,69,22,179,56,202,167,115,117,98,149,7,111,135,146,190,19,196,27,61,141,138,173,190,77,194,124,42,208,38,180,45	6,1,0.7905,1,16;2,4,0.4415,0,138;7,3,0.5845,0,166;4,3,0.5335,0,100;1,5,0.7895,0,64;3,5,0.5905,0,186
claim-interventional-train-01541	3	0	2	45,62,206,66,133,124,36,151,168,77,82,212,152,160,1,51,113,93,198,141,139,10,91,40,107,120,23,20,69,159,178,176,194,29,145,101	0,0,0.8845,2,93;4,2,0.0965,0,200;2,4,0.5005,0,148;4,0,0.6255,0,90;4,1,0.2455,3,104;3,3,0.7075,0,163
claim-interventional-train-01542	2	0	0	133,35,79,179,116,167,45,145,124,69,176,149,141,4,66,198,60,158,107,25,159,117,12,159,88,49,100,20,136,21,43,82,181,164,214,93	3,2,0.8105,0,191;0,1,0.7375,0,184;0,2,0.5915,0,225;6,0,0.0365,0,46;3,1,0.9735,0,40;3,3,0.0885,0,117
claim-interventional-train-01543	1	0	1	82,88,209,42,125,194,150,174,16,54,168,31,99,145,66,4,204,114,134,141,21,110,117,48,15,62,168,188,163,137,76,38,162,69,185,93	3,5,0.0785,0,57;6,4,0.4565,3,243;5,4,0.4265,0,153;3,0,0.1705,0,99;2,4,0.5905,0,45;4,4,0.2585,0,242
claim-interventional-train-01544	1	1	0	60,146,102,27,205,167,200,82,20,179,186,136,162,21,51,180,152,11,156,69,132,44,45,114,141,5,80,88,67,117,39,93,172,149,125,108	4,1,0.9715,0,27;2,5,0.8055,0,190;2,2,0.6995,0,207;7,0,0.0675,0,65;5,2,0.4805,0,240;4,2,0.0745,0,182
claim-interventional-train-01545	10	2	1	129,61,172,4,141,139,56,132,117,64,14,21,98,45,40,37,199,193,153,112,202,87,147,199,188,32,189,92,81,72,19,150,93,160,173,109	3,4,0.7465,0,108;7,3,0.0855,0,83;7,3,0.0815,3,188;8,5,0.8175,0,40;1,3,0.1085,0,101;8,2,0.7785,0,79
claim-interventional-train-01546	9	3	0	3,199,214,135,204,149,13,163,37,141,69,33,116,66,117,106,205,45,164,93,99,85,124,183,51,160,40,209,80,16,91,213,21,148,136,60	2,3,0.0085,0,188;8,3,0.0205,0,56;2,2,0.4335,0,244;7,3,0.6395,0,7;2,0,0.9915,0,44;3,5,0.0575,0,159
claim-interventional-train-01547	9	0	1	165,21,26,102,79,156,150,42,145,120,171,62,113,13,158,65,82,176,111,17,93,50,197,45,35,190,198,193,138,135,122,8,69,142,168,91	7,3,0.3135,0,138;1,1,0.4625,0,103;1,4,0.2935,0,74;6,0,0.7205,0,20;5,5,0.2335,3,65;1,5,0.5925,1,105
claim-interventional-train-01548	2	3	2	117,148,212,198,21,60,195,132,65,124,193,141,40,11,78,210,48,5,173,92,107,34,26,93,100,86,113,69,138,160,213,151,19,158,51,201	4,1,0.7335,0,215;1,0,0.1805,3,155;2,2,0.2765,0,17;5,4,0.9995,0,129;3,1,0.2075,0,181;3,2,0.5225,0,223
claim-interventional-train-01549	8	0	2	78,45,15,133,145,66,61,36,154,206,30,151,109,152,85,72,93,201,99,4,173,40,53,24,190,92,160,154,138,18,117,126,172,116,176,141	3,5,0.4555,3,32;5,2,0.0575,0,153;4,3,0.4175,3,245;5,3,0.8585,0,197;2,3,0.8765,0,92;5,3,0.5005,0,127
claim-interventional-train-01550	5	2	1	111,20,114,9,197,173,58,140,23,154,11,141,79,45,93,150,64,193,90,199,129,202,97,39,201,40,172,173,117,131,52,207,147,87,69,29	8,1,0.9455,2,71;4,5,0.0925,0,253;3,0,0.1655,0,172;6,5,0.5275,0,22;0,5,0.4185,0,106;8,1,0.8995,0,191
claim-interventional-train-01551	8	3	0	133,52,106,45,214,87,141,148,124,69,171,167,114,79,13,93,89,30,64,117,169,198,212,63,149,195,43,21,36,98,137,167,6,20,208,206	5,3,0.8885,0,89;5,2,0.7205,0,243;3,5,0.1675,0,231;6,5,0.3225,0,128;1,0,0.4295,0,13;3,3,0.3895,0,100
claim-interventional-train-01552	10	2	1	194,17,127,176,179,184,96,21,82,173,52,115,181,105,58,171,67,189,131,110,38,179,28,46,8,150,117,76,88,71,142,10,147,188,40,139	7,0,0.2925,0,222;3,4,0.1335,1,163;3,0,0.6435,2,131;3,0,0.1115,3,144;8,4,0.7325,0,149;6,1,0.6635,1,110
claim-interventional-train-01553	9	3	2	84,158,13,113,156,64,34,190,141,170,124,119,140,21,163,107,91,187,188,43,45,102,69,148,151,96,18,27,154,168,131,74,61,172,8,55	7,3,0.5375,0,168;2,0,0.6785,0,173;6,3,0.1315,0,173;1,2,0.7855,3,80;5,1,0.3795,2,216;3,1,0.8705,0,249
claim-interventional-train-01554	4	1	0	127,158,93,187,174,58,176,211,83,133,18,24,3,114,207,117,195,69,14,37,199,138,28,88,43,46,64,76,56,208,111,142,100,146,149,182	2,4,0.5775,3,64;3,3,0.7765,1,239;7,0,0.0625,0,0;3,1,0.0405,0,248;3,5,0.5705,0,109;6,3,0.4645,1,129
claim-interventional-train-01555	8	3	2	84,198,148,88,194,174,155,8,101,131,208,52,141,122,21,138,45,157,72,202,19,93,113,117,15,79,30,42,170,68,111,151,59,37,158,212	7,5,0.6635,0,11;5,3,0.5615,0,51;3,1,0.8825,3,70;6,2,0.1295,0,253;4,5,0.3595,0,29;1,1,0.4295,0,158
claim-interventional-train-01556	0	3	2	75,177,160,83,201,138,64,173,177,153,151,69,148,10,176,101,124,39,43,61,113,88,141,107,117,196,27,171,45,3,16,135,49,94,21,185	2,0,0.0525,0,71;2,5,0.6525,0,249;0,3,0.1955,0,94;2,1,0.0305,1,15;4,1,0.2535,0,10;3,5,0.5425,0,216
claim-interventional-train-01557	6	3	0	194,5,41,17,205,185,37,131,99,158,113,179,31,24,148,165,60,154,14,86,68,93,106,141,125,140,149,180,164,73,55,90,45,72,173,117	4,4,0.3725,3,64;6,3,0.2065,0,115;6,2,0.8425,3,69;0,4,0.5985,0,214;2,0,0.3025,0,51;4,1,0.8115,0,170
claim-interventional-train-01558	3	0	0	69,161,85,3,145,77,42,162,48,117,62,25,136,52,149,159,21,36,94,161,116,125,181,197,65,107,207,141,191,152,16,209,10,134,100,92	2,0,0.1775,0,121;0,2,0.4335,3,204;3,4,0.3745,0,210;4,3,0.9755,1,79;3,1,0.8855,0,243;4,4,0.1895,0,121
claim-interventional-train-01559	9	1	2	18,190,168,69,60,82,185,8,113,151,161,89,56,109,153,167,155,121,133,117,14,36,211,146,44,65,137,93,98,30,144,196,75,21,206,45	7,4,0.5485,0,157;5,2,0.9485,0,103;7,2,0.2795,0,170;2,0,0.3425,0,28;1,3,0.2465,0,205;0,3,0.2055,3,150
claim-interventional-train-01560	1	3	2	20,176,14,151,160,194,141,148,61,166,161,86,37,66,113,91,117,9,51,125,30,23,74,194,99,42,204,93,111,172,69,180,137,132,202,45	8,4,0.8905,2,102;5,3,0.4775,0,67;2,3,0.5015,0,118;1,4,0.6625,0,19;2,5,0.3285,0,139;4,2,0.2165,0,159
claim-interventional-train-01561	10	1	1	34,40,25,169,81,12,45,82,109,154,21,16,125,53,105,91,117,141,146,208,58,196,181,197,150,213,5,93,115,177,163,139,187,69,131,67	4,2,0.1505,0,79;0,0,0.0455,0,23;4,0,0.7695,0,53;8,0,0.6315,0,113;8,3,0.6685,0,93;4,1,0.7775,0,73
claim-interventional-train-01562	1	0	1	61,13,127,30,46,210,197,206,88,169,117,72,139,21,191,116,192,202,50,141,2,212,99,93,35,109,150,145,40,83,160,67,77,169,135,20	1,3,0.9835,0,233;5,1,0.1545,1,182;1,3,0.7945,3,81;4,1,0.0305,0,40;2,3,0.8295,0,4;6,5,0.7455,0,161
claim-interventional-train-01563	5	3	1	150,54,192,117,210,2,172,45,125,171,31,41,79,148,107,38,130,112,99,21,211,93,154,11,71,16,180,159,88,60,141,210,87,171,139,65	1,1,0.0585,0,84;6,4,0.3545,0,171;5,2,0.2235,2,95;6,5,0.0905,0,169;2,1,0.1355,0,47;4,0,0.7955,0,135
claim-interventional-train-01564	6	0	1	93,34,90,197,12,69,65,150,84,183,136,73,53,174,62,141,42,185,45,159,162,164,145,103,21,19,129,180,204,120,3,33,188,112,131,107	2,2,0.6975,0,94;8,0,0.5455,0,239;4,4,0.3465,0,199;0,2,0.5105,0,93;6,1,0.0345,3,233;8,1,0.0025,0,52
claim-interventional-train-01565	5	1	2	202,56,152,141,45,169,117,74,66,87,125,210,40,172,97,25,151,136,39,191,116,181,7,21,187,107,14,61,132,70,94,89,166,146,20,155	6,4,0.9435,0,29;0,5,0.0845,0,50;7,3,0.5255,1,3;1,5,0.2005,1,111;0,1,0.9295,0,142;4,2,0.1145,0,121
claim-interventional-train-01566	5	1	2	21,93,111,167,195,51,62,13,115,76,151,45,207,71,157,105,130,89,18,127,167,155,35,154,117,188,32,146,199,169,140,41,141,86,7,65	6,3,0.4875,0,238;7,1,0.2775,0,0;2,4,0.2985,2,35;3,4,0.2845,0,79;8,5,0.7595,0,185;6,0,0.8815,0,240
claim-interventional-train-01567	10	0	2	145,83,9,45,154,16,213,184,62,69,117,64,164,101,133,175,116,29,155,34,93,190,91,21,79,136,141,151,109,194,12,41,181,197,51,126	8,2,0.0665,0,186;4,0,0.3105,0,200;2,4,0.1615,0,170;6,1,0.6425,0,125;4,3,0.9355,0,255;5,3,0.0085,0,72
claim-interventional-train-01568	10	3	1	47,184,148,76,150,5,66,30,206,141,182,42,207,112,211,137,128,214,191,169,88,10,133,62,93,19,38,69,108,179,82,119,194,21,98,57	4,0,0.7175,0,243;5,4,0.5535,2,240;8,4,0.5115,0,58;3,0,0.1735,0,45;1,2,0.1835,2,239;7,3,0.2805,0,191
claim-interventional-train-01569	2	1	1	31,43,46,132,183,80,84,54,180,19,156,139,207,21,6,93,197,150,66,88,106,105,160,202,117,183,171,35,141,154,58,146,124,10,112,70	5,0,0.6395,0,53;6,1,0.7925,1,43;5,0,0.5625,1,82;7,2,0.1905,0,152;8,0,0.0565,0,43;3,2,0.7505,0,53
claim-interventional-train-01570	10	3	2	99,176,6,120,186,201,51,141,81,58,152,91,123,116,34,212,69,28,148,44,130,93,18,170,190,154,138,193,185,86,47,21,11,66,151,106	5,1,0.4895,0,192;3,0,0.8265,2,118;2,0,0.4095,0,141;8,4,0.7195,0,189;2,0,0.9395,3,49;2,0,0.5435,0,86
claim-interventional-train-01571	4	1	2	138,211,151,161,69,11,154,63,92,22,32,45,87,110,196,146,113,81,141,180,118,43,183,199,67,93,123,163,182,3,34,101,159,52,133,17	2,1,0.2875,1,73;7,0,0.6425,0,151;3,5,0.6995,0,39;8,5,0.9895,0,20;4,4,0.3015,1,82;2,3,0.4615,0,120
claim-interventional-train-01572	8	0	2	64,18,145,204,40,84,123,45,55,187,134,165,21,181,141,102,76,6,204,92,29,36,93,69,175,170,58,151,139,13,117,154,169,111,172,113	5,3,0.4745,0,199;4,2,0.0325,0,55;6,0,0.1605,0,81;3,2,0.8225,0,79;5,5,0.2275,0,152;2,4,0.7665,0,187
claim-interventional-train-01573	9	0	1	42,130,84,21,34,157,73,95,153,192,171,68,167,137,45,159,101,126,71,143,211,168,110,5,205,16,88,61,32,112,52,14,145,215,120,150	4,4,0.0435,0,82;7,0,0.4145,0,125;3,3,0.8505,2,192;0,2,0.0475,2,232;4,4,0.1525,3,247;5,0,0.3025,2,115
claim-interventional-train-01574	3	0	2	203,86,181,45,39,207,79,69,24,61,3,114,28,157,145,207,42,52,97,136,209,65,151,109,214,89,20,123,93,179,133,141,177,117,200,14	2,4,0.8935,3,146;3,5,0.5175,0,30;3,3,0.2995,0,97;6,4,0.2535,0,45;0,3,0.5835,0,178;2,3,0.1425,0,5
claim-interventional-train-01575	1	0	0	110,160,138,185,177,116,19,187,8,45,25,182,44,101,130,172,79,119,93,191,174,128,86,90,157,21,145,61,11,51,144,69,68,198,39,149	7,1,0.6695,0,253;0,5,0.9345,0,25;2,3,0.9775,0,21;6,4,0.5235,0,42;4,4,0.9635,2,211;7,0,0.4315,3,232
claim-interventional-train-01576	0	3	2	210,71,76,113,93,173,64,136,54,47,39,21,87,151,142,44,10,130,127,153,209,97,31,117,108,153,199,198,63,2,148,89,175,192,19,170	1,0,0.6165,0,104;6,5,0.9555,2,120;5,5,0.0265,2,79;3,5,0.3305,0,219;0,2,0.3065,0,160;6,0,0.1795,1,77
claim-interventional-train-01577	0	3	0	18,131,79,92,122,45,72,149,36,141,152,106,93,44,201,192,65,184,58,175,49,21,163,117,99,4,148,154,85,136,28,194,116,12,194,215	3,2,0.4505,0,128;3,2,0.8995,0,153;0,0,0.2055,3,36;6,3,0.9305,0,82;2,0,0.8705,0,157;1,1,0.1005,0,31
claim-interventional-train-01578	3	0	2	30,64,156,151,127,96,194,212,189,193,19,43,138,83,90,10,110,78,52,159,141,145,167,38,215,69,58,183,100,134,3,46,117,197,114,21	2,0,0.7225,0,53;5,4,0.7985,1,95;3,0,0.1325,0,119;5,1,0.4725,3,19;3,4,0.4015,0,108;6,4,0.5595,0,16
claim-interventional-train-01579	4	1	2	21,93,199,136,146,40,172,167,38,110,19,75,100,69,15,7,117,158,158,141,132,30,167,193,151,67,47,121,174,116,202,61,90,189,86,52	6,5,0.6715,0,78;5,4,0.0725,2,95;3,3,0.6465,0,21;2,4,0.4215,0,146;3,4,0.8225,0,226;0,2,0.1765,0,211
claim-interventional-train-01580	1	1	2	211,169,16,164,33,91,48,85,151,153,146,213,140,153,49,205,155,23,115,10,123,176,111,67,41,70,93,183,132,38,105,5,141,79,117,62	4,0,0.0705,2,196;8,4,0.3925,3,84;0,4,0.6155,1,12;6,3,0.7395,0,180;8,5,0.6425,0,89;2,2,0.8935,0,51
claim-interventional-train-01581	10	3	2	148,117,62,40,110,78,173,174,1,175,161,203,36,13,31,129,151,135,207,199,23,82,45,69,197,159,65,140,200,141,54,17,105,113,93,89	0,3,0.3695,2,249;6,2,0.0845,0,138;5,4,0.2975,0,185;5,0,0.2595,0,145;8,4,0.3865,0,35;8,5,0.8975,0,164
claim-interventional-train-01582	1	1	2	162,45,115,146,139,21,63,91,175,93,82,1,75,12,107,19,123,165,142,44,152,64,210,182,54,103,69,168,162,27,117,151,130,192,155,37	0,2,0.6845,0,225;2,3,0.8725,0,239;5,5,0.0365,0,144;2,0,0.7615,0,38;6,1,0.7105,0,43;2,0,0.7565,1,32
claim-interventional-train-01583	1	3	0	60,56,103,45,123,34,212,191,96,3,164,19,85,76,134,165,21,214,211,137,115,10,191,91,149,141,29,69,196,212,188,41,67,148,109,117	2,0,0.6275,0,64;4,0,0.3905,0,40;7,2,0.7685,0,171;3,3,0.7065,3,15;6,3,0.6435,0,229;2,4,0.3575,0,237
claim-interventional-train-01584	5	0	1	143,153,68,108,92,31,201,112,178,21,70,133,5,82,117,38,48,200,103,79,187,184,205,207,43,173,17,93,138,52,150,127,184,61,11,145	4,1,0.2435,0,38;6,4,0.7815,3,77;3,3,0.8465,1,57;6,0,0.8725,0,171;6,2,0.1615,0,215;6,3,0.4165,2,89
claim-interventional-train-01585	9	0	2	120,60,141,109,152,161,168,3,16,45,138,44,166,87,81,38,145,69,100,151,23,27,93,159,189,134,13,172,177,197,128,115,50,168,88,67	2,3,0.1835,2,78;2,4,0.8505,0,198;1,2,0.6795,0,57;8,5,0.0305,0,209;3,3,0.6285,3,107;7,4,0.4075,0,28
claim-interventional-train-01586	5	0	2	49,31,141,45,161,100,190,93,158,168,151,24,61,145,39,177,212,76,43,15,177,167,69,88,126,110,162,113,154,131,136,9,16,117,84,66	8,5,0.1405,3,6;6,5,0.7775,0,134;0,3,0.5915,0,12;3,2,0.0255,0,30;3,4,0.3585,0,150;5,1,0.0135,0,16
claim-interventional-train-01587	2	3	1	196,164,170,148,112,191,85,25,110,69,136,15,45,60,143,150,194,207,182,185,117,2,35,92,173,68,21,43,174,16,77,96,52,103,133,121	1,5,0.1545,0,119;0,1,0.6345,0,192;3,2,0.8655,0,113;4,3,0.8865,3,214;6,4,0.0505,0,149;0,3,0.0105,2,239
claim-interventional-train-01588	5	2	0	214,154,21,93,149,65,45,105,130,34,121,56,147,26,69,175,89,163,193,4,60,138,44,160,116,117,15,207,18,106,76,177,87,141,186,185	3,5,0.5595,0,64;1,0,0.8915,0,27;7,2,0.3475,0,198;3,5,0.3375,0,6;8,0,0.8375,0,232;0,0,0.5625,0,211
claim-interventional-train-01589	3	0	0	123,65,42,92,130,193,190,109,69,105,180,19,174,138,60,87,206,30,4,145,141,114,149,94,75,37,21,13,206,196,156,117,45,203,55,154	3,3,0.7075,0,214;5,3,0.5965,0,187;6,2,0.3695,0,195;2,5,0.8145,1,163;8,3,0.4985,0,250;2,0,0.5775,0,220
claim-interventional-train-01590	9	1	2	146,82,164,45,167,158,156,21,76,32,3,135,93,16,115,35,117,207,69,56,121,191,104,198,200,144,67,200,91,40,10,206,151,138,109,59	2,0,0.1985,0,53;7,1,0.1575,0,141;7,1,0.6405,0,229;3,0,0.6265,0,135;7,3,0.7875,0,151;0,5,0.5045,3,170
claim-interventional-train-01591	0	3	2	91,10,36,86,187,100,117,43,32,128,141,198,76,69,58,190,20,7,137,45,21,202,64,93,114,171,191,170,206,151,57,148,110,205,177,130	6,0,0.9945,0,21;7,2,0.7845,0,11;8,0,0.1815,0,203;3,4,0.6285,0,247;3,4,0.4865,0,206;7,0,0.2115,0,149
claim-interventional-train-01592	4	1	2	196,210,93,3,137,34,213,117,91,141,124,166,212,67,166,55,100,211,84,114,151,24,18,111,130,170,58,185,79,12,44,146,45,29,163,71	2,2,0.5605,3,227;4,0,0.9295,0,21;6,0,0.6595,2,39;6,2,0.6195,0,165;3,5,0.4075,0,124;3,0,0.3495,0,233
claim-interventional-train-01593	8	1	2	7,151,116,58,93,20,110,158,168,55,45,102,40,203,24,73,31,143,135,146,138,160,153,117,91,66,153,69,37,15,163,160,198,195,83,123	6,5,0.9775,3,99;6,3,0.1575,0,39;6,0,0.5885,0,78;0,1,0.7265,0,91;5,4,0.9175,0,39;2,5,0.4485,2,167
claim-interventional-train-01594	2	1	1	13,195,117,69,146,131,183,21,84,159,73,177,68,93,183,150,107,116,140,173,181,50,91,203,98,42,45,168,16,8,168,36,141,58,28,124	7,3,0.1065,0,93;3,2,0.4375,0,67;1,0,0.9585,0,216;0,2,0.7385,0,196;1,1,0.8715,0,94;3,1,0.8075,0,254
claim-interventional-train-01595	1	1	0	100,78,36,69,108,86,177,65,193,47,93,210,9,132,154,11,56,16,40,116,196,26,123,21,177,63,139,208,146,118,88,149,170,162,141,172	8,1,0.1385,0,196;1,2,0.0325,2,246;7,5,0.2985,0,79;5,4,0.0825,0,214;3,2,0.9435,1,30;2,2,0.6215,0,14
claim-interventional-train-01596	1	1	0	69,169,164,21,46,10,123,184,170,116,204,28,8,67,168,91,36,93,76,169,117,146,149,160,141,139,133,103,207,86,207,49,20,109,41,62	7,0,0.9875,0,206;3,2,0.2335,1,107;0,4,0.6135,0,34;3,4,0.6515,0,86;6,3,0.8775,0,154;2,3,0.7445,0,57
claim-interventional-train-01597	9	2	2	17,190,151,133,158,197,38,4,40,117,45,197,137,127,179,58,87,93,65,108,69,21,80,112,213,211,56,11,170,160,97,147,31,192,89,141	3,1,0.3775,0,102;6,4,0.1745,0,167;7,0,0.3995,0,160;7,5,0.2325,0,175;0,2,0.1275,0,48;6,3,0.2015,0,221
claim-interventional-train-01598	5	3	1	68,45,154,17,152,161,53,79,30,34,133,148,114,202,109,6,195,10,173,150,215,89,85,117,43,141,69,103,21,200,213,93,59,124,136,208	5,0,0.2665,0,250;5,0,0.7855,0,120;4,1,0.9555,0,167;6,3,0.2465,0,9;6,3,0.4585,0,246;3,3,0.0465,0,186
claim-interventional-train-01599	10	3	2	204,175,106,169,53,168,181,77,24,141,15,19,178,37,177,82,61,95,69,25,68,136,212,212,99,44,200,7,123,46,151,148,135,119,89,116	6,5,0.7925,3,154;0,3,0.9595,1,117;4,3,0.9625,0,148;4,0,0.2645,2,105;2,0,0.9475,2,187;2,5,0.0425,0,236
claim-interventional-train-01600	3	0	2	13,56,99,154,64,151,124,45,175,88,110,59,145,156,83,35,74,171,141,134,6,44,207,21,17,69,160,173,96,163,161,30,140,164,117,114	5,3,0.3945,0,43;5,1,0.9875,0,109;7,1,0.1105,0,120;1,1,0.1035,3,183;2,4,0.4245,0,53;3,4,0.8595,0,222
claim-interventional-train-01601	2	2	0	155,67,175,92,30,86,97,34,4,117,157,24,106,189,16,133,45,206,113,60,122,138,162,52,69,203,93,147,15,43,141,149,169,212,159,77	3,5,0.1535,3,97;5,0,0.7275,0,225;3,2,0.6525,0,203;4,4,0.8235,0,97;0,0,0.2635,0,196;1,3,0.4795,0,218
claim-interventional-train-01602	1	3	1	148,192,21,208,45,183,101,133,116,10,204,63,127,69,91,200,108,28,66,198,117,137,41,198,85,141,185,168,20,150,39,78,1,96,51,156	0,0,0.9005,0,143;3,5,0.3795,0,183;2,5,0.5605,0,4;5,3,0.7475,3,243;4,2,0.9895,0,122;6,3,0.2875,0,111
claim-interventional-train-01603	6	3	0	103,19,121,67,90,113,195,46,141,192,149,110,132,191,78,117,60,198,93,148,5,15,26,168,21,170,82,192,201,43,69,56,138,38,164,163	4,5,0.6015,0,255;1,4,0.6325,1,79;7,2,0.6835,0,2;5,0,0.4635,0,49;6,4,0.3315,0,119;0,2,0.5745,0,117
claim-interventional-train-01604	6	1	0	30,196,192,97,76,21,17,96,88,212,149,166,140,109,209,214,42,1,191,179,130,141,47,86,57,165,71,112,124,117,35,146,60,65,160,14	0,4,0.2045,0,157;5,1,0.5425,2,96;8,2,0.3435,2,191;3,4,0.0345,3,132;0,3,0.1465,0,172;3,0,0.8935,0,161
claim-interventional-train-01605	6	3	2	178,142,205,111,137,105,156,46,151,159,28,79,189,120,60,1,167,148,162,71,113,132,129,154,20,90,206,41,190,65,93,14,56,21,37,82	0,4,0.8515,0,201;3,3,0.2225,1,220;7,2,0.3635,2,197;6,0,0.4735,0,240;8,5,0.3635,3,224;8,2,0.3405,1,138
claim-interventional-train-01606	10	3	2	53,129,76,101,189,151,12,155,4,162,197,26,209,141,168,115,71,65,106,138,183,132,93,23,89,45,87,117,205,153,61,193,40,148,35,19	3,2,0.7295,2,122;1,1,0.1335,0,25;4,3,0.3555,2,217;3,5,0.2995,0,134;4,0,0.6835,0,215;8,2,0.5945,0,34
claim-interventional-train-01607	1	0	2	182,29,141,131,158,65,155,116,183,69,21,3,46,145,82,192,106,88,34,156,18,12,138,60,117,151,98,76,40,172,123,95,185,52,208,188	2,2,0.5335,0,238;4,0,0.0605,1,20;3,2,0.3415,0,108;3,0,0.0505,2,19;1,0,0.9785,0,226;2,1,0.4435,0,164
claim-interventional-train-01608	1	0	0	28,62,214,82,50,135,141,21,178,168,3,184,149,207,92,64,198,145,138,98,123,14,45,185,36,93,117,114,106,44,158,20,167,69,170,75	2,4,0.9515,0,31;3,2,0.9925,0,36;1,4,0.0415,0,10;2,0,0.9535,0,227;1,0,0.5865,0,218;2,5,0.5305,0,223
claim-interventional-train-01609	1	0	1	54,62,27,205,215,38,43,160,145,116,45,194,176,154,196,83,123,81,18,15,164,150,200,117,132,69,141,9,106,93,179,90,66,103,21,140	8,5,0.5025,0,101;2,4,0.6625,0,153;5,4,0.4865,0,51;8,1,0.4845,0,119;6,0,0.9595,0,75;2,2,0.8155,0,46
claim-interventional-train-01610	1	3	2	75,13,98,86,3,107,45,114,168,169,117,148,90,41,54,69,58,26,38,18,21,143,151,214,192,157,93,187,201,131,198,208,137,64,168,127	2,3,0.4685,0,66;1,4,0.2135,0,42;5,0,0.0985,0,168;2,4,0.5035,0,179;1,1,0.5835,0,154;6,1,0.2655,2,176
claim-interventional-train-01611	3	0	0	70,138,60,44,13,38,50,209,93,45,90,178,170,197,183,167,114,85,196,123,149,188,66,109,76,211,4,134,193,145,26,104,22,143,120,18	3,3,0.5425,1,199;1,4,0.8555,0,153;1,2,0.4315,1,45;3,3,0.5255,0,23;7,3,0.5245,3,69;2,4,0.5425,2,36
claim-interventional-train-01612	2	2	0	106,17,33,149,215,46,100,138,177,115,119,91,204,70,141,93,193,84,122,53,37,9,131,14,192,40,185,68,193,208,155,63,76,21,159,147	8,4,0.3175,0,50;8,3,0.0075,1,71;4,5,0.9145,1,22;3,2,0.7905,0,252;3,0,0.7225,2,146;1,1,0.5535,0,144
claim-interventional-train-01613	9	3	0	128,52,160,141,149,165,191,158,195,100,139,69,32,43,45,118,80,65,23,112,183,63,34,197,196,7,93,212,135,148,111,92,18,194,86,10	6,0,0.5675,2,154;7,0,0.7665,0,3;3,5,0.3715,0,182;7,4,0.9015,0,108;3,5,0.0315,1,248;7,5,0.7665,0,5
claim-interventional-train-01614	1	3	2	115,141,162,197,211,44,37,131,66,45,27,160,187,59,140,174,83,163,103,95,182,189,17,117,151,148,74,153,11,21,110,123,3,50,91,69	2,1,0.3265,0,174;2,3,0.8285,0,92;1,1,0.4555,0,91;1,1,0.7955,2,34;6,4,0.6925,0,233;2,1,0.8565,0,188
claim-interventional-train-01615	5	3	0	69,140,45,213,155,149,73,159,23,93,3,16,193,135,117,99,203,110,161,29,13,174,166,62,113,90,148,53,38,141,181,209,83,64,40,127	2,3,0.0555,2,106;4,4,0.1685,0,136;4,4,0.0895,0,180;0,1,0.4375,0,154;2,4,0.2755,0,20;6,5,0.8705,0,20
claim-interventional-train-01616	2	0	1	35,117,145,45,99,167,2,176,193,150,114,58,160,82,133,136,33,17,11,90,213,141,108,93,172,21,68,187,171,75,70,54,123,192,44,204	1,1,0.3965,0,115;8,1,0.8875,0,188;5,0,0.9395,1,24;2,0,0.5615,0,74;2,2,0.4725,0,81;2,3,0.0895,0,160
claim-interventional-train-01617	10	0	2	5,128,92,195,111,28,34,189,188,206,171,57,187,213,84,14,69,138,21,65,42,180,154,145,96,141,60,17,118,76,193,132,48,116,102,151	4,4,0.2015,0,35;3,0,0.4165,3,19;8,2,0.3005,0,146;3,2,0.9715,3,136;5,5,0.9085,1,21;7,2,0.5685,0,5
claim-interventional-train-01618	6	0	2	98,121,66,21,155,28,108,138,199,141,183,19,37,201,171,45,14,196,58,133,92,156,78,3,158,112,117,50,157,84,145,69,94,40,151,192	2,4,0.6555,0,234;3,3,0.0565,0,105;1,0,0.5705,0,95;5,2,0.8335,1,59;1,2,0.1715,0,148;0,3,0.5255,0,153
claim-interventional-train-01619	10	1	1	157,175,10,185,133,101,198,59,197,141,84,35,91,146,117,176,125,19,80,178,68,116,110,3,45,157,167,178,55,69,150,29,21,93,139,42	2,0,0.6825,0,54;4,1,0.5095,0,28;6,1,0.9055,0,226;7,2,0.7305,0,105;4,4,0.9375,0,18;4,3,0.6525,0,66
claim-interventional-train-01620	4	1	2	157,18,206,62,68,76,214,193,196,130,181,146,141,39,151,117,46,12,172,164,165,44,93,30,121,106,69,21,99,138,88,163,112,52,87,1	0,2,0.5805,0,96;5,5,0.8075,1,207;3,4,0.9745,0,96;3,5,0.0525,0,6;2,0,0.0345,0,96;0,0,0.4215,0,20
claim-interventional-train-01621	10	1	1	90,141,32,180,146,69,80,169,179,117,100,163,172,21,214,188,13,57,174,45,189,95,112,37,111,197,84,1,132,16,43,150,123,68,137,61	0,3,0.1565,0,166;7,3,0.6765,0,18;8,3,0.9485,0,229;7,2,0.4025,2,24;3,5,0.1345,0,55;2,2,0.2445,0,247
claim-interventional-train-01622	0	3	0	19,109,86,92,197,154,69,115,180,35,142,93,139,49,104,160,198,21,60,183,127,64,14,148,47,4,119,130,149,28,78,44,198,194,170,212	3,4,0.7975,0,3;3,1,0.9935,2,71;0,2,0.1005,0,142;5,4,0.9795,0,92;7,3,0.6945,2,179;6,0,0.6195,1,158
claim-interventional-train-01623	4	1	0	83,31,56,195,20,183,146,114,117,13,21,108,129,100,168,157,90,60,149,93,215,141,166,163,37,80,66,169,43,70,48,193,134,3,140,153	2,3,0.9695,0,234;6,3,0.7065,3,201;7,2,0.5315,1,82;7,1,0.5665,0,134;3,2,0.5185,0,13;8,4,0.9195,0,78
claim-interventional-train-01624	6	3	0	169,73,58,72,9,45,112,158,139,17,192,117,148,93,181,166,123,194,12,107,87,97,51,169,40,37,141,133,183,66,32,203,24,149,174,92	8,2,0.2175,3,33;7,3,0.1755,0,108;2,0,0.5305,3,104;0,5,0.9025,0,217;0,1,0.1335,0,165;2,3,0.6275,0,82
claim-interventional-train-01625	10	0	2	11,79,151,105,95,121,182,156,117,16,72,187,41,202,152,51,114,86,158,142,195,61,134,188,45,196,162,9,139,28,109,34,145,92,67,21	8,1,0.1515,0,231;3,0,0.2945,0,103;2,3,0.6675,3,229;6,4,0.8915,2,153;8,3,0.4955,0,215;0,4,0.6875,1,216
claim-interventional-train-01626	8	1	1	140,14,164,43,37,164,63,27,91,19,150,181,183,132,203,144,67,82,197,106,146,192,125,81,200,176,45,186,54,69,6,21,117,97,93,113	5,4,0.7615,0,87;2,3,0.7745,0,0;5,5,0.7655,0,235;8,0,0.7325,0,170;0,0,0.3415,0,237;4,2,0.8625,3,58
claim-interventional-train-01627	5	1	2	45,151,110,177,14,67,136,205,126,93,162,185,141,35,131,90,59,168,79,182,210,173,85,184,57,69,28,18,44,7,181,104,21,118,146,116	6,4,0.4525,0,237;3,1,0.9395,0,125;8,1,0.6315,0,201;6,3,0.4065,0,5;7,4,0.8465,1,48;5,1,0.0385,0,59
claim-interventional-train-01628	3	0	2	105,161,199,108,93,151,14,144,25,163,17,130,192,117,159,212,67,85,69,89,145,44,125,61,203,37,76,136,21,45,153,206,116,52,166,7	6,4,0.3425,0,67;0,3,0.9815,0,122;3,3,0.6255,0,131;3,3,0.2815,0,0;8,2,0.9425,0,104;4,0,0.0075,3,12
claim-interventional-train-01629	9	3	2	106,90,159,19,36,131,184,193,85,58,112,213,128,162,151,141,13,177,68,104,69,214,148,8,163,45,41,93,136,80,21,28,118,177,211,56	7,3,0.7805,0,54;3,2,0.3445,0,79;7,0,0.9555,0,117;7,3,0.5355,0,236;7,0,0.1305,1,154;7,1,0.1345,0,178
claim-interventional-train-01630	6	0	1	73,86,136,93,69,108,63,184,102,1,155,185,212,210,91,42,144,156,189,19,134,187,13,68,150,24,202,45,145,121,34,112,53,28,205,117	0,3,0.6885,3,201;3,0,0.5785,0,4;4,5,0.8585,0,50;0,4,0.7295,0,41;5,2,0.1075,0,11;0,4,0.1715,3,225
claim-interventional-train-01631	3	0	2	141,13,44,106,76,58,93,36,52,20,117,65,132,165,145,192,204,21,189,151,179,86,45,155,113,6,192,138,123,188,204,92,69,163,103,27	5,3,0.9825,0,18;2,2,0.8345,0,22;3,0,0.3875,0,115;3,4,0.9225,0,239;6,0,0.2455,0,152;2,2,0.5595,0,219
claim-interventional-train-01632	9	1	2	66,134,79,104,143,21,151,16,61,200,207,110,50,117,40,209,187,45,146,35,91,28,14,115,196,93,136,121,86,184,182,69,168,165,198,8	7,4,0.0865,0,113;3,1,0.1765,0,102;1,3,0.4395,0,126;6,4,0.7235,0,194;7,4,0.6625,0,21;0,4,0.1095,2,117
claim-interventional-train-01633	6	2	0	60,39,182,186,109,69,83,169,156,93,30,113,52,198,163,21,147,121,4,149,92,194,101,214,205,140,17,10,133,169,64,117,45,141,44,76	3,0,0.3105,0,16;5,5,0.8695,0,81;3,2,0.0685,0,197;3,1,0.9665,0,118;4,3,0.3835,0,40;0,3,0.9375,0,178
claim-interventional-train-01634	7	1	1	90,117,126,191,50,63,181,85,177,21,42,203,150,137,45,116,146,170,93,186,177,175,141,99,38,2,19,156,69,67,132,27,210,13,77,106	1,3,0.7725,0,107;2,4,0.4185,0,45;1,5,0.7025,0,5;4,3,0.4885,0,252;2,0,0.9215,0,189;5,2,0.2965,0,225
claim-interventional-train-01635	1	1	2	9,115,93,141,135,205,85,75,99,214,186,15,110,19,64,158,155,22,126,140,159,185,45,206,41,183,69,39,92,192,31,62,52,146,151,117	8,5,0.6485,1,56;6,5,0.2945,0,116;3,4,0.0495,0,253;2,3,0.8375,0,84;2,4,0.7245,0,135;5,5,0.8275,0,154
claim-interventional-train-01636	8	0	1	51,166,176,162,209,136,167,192,113,70,13,109,125,117,67,28,141,150,87,207,186,34,93,5,21,133,92,61,17,153,47,145,78,42,103,172	4,3,0.2785,0,21;3,0,0.5285,2,155;2,3,0.6445,1,127;5,5,0.8075,0,56;6,3,0.2985,0,61;4,3,0.1435,0,112
claim-interventional-train-01637	7	0	0	173,140,82,116,43,174,1,145,111,21,174,36,93,126,149,179,209,92,131,214,27,180,144,79,119,48,167,66,16,187,50,69,159,10,102,63	0,0,0.0245,0,160;2,2,0.7135,3,61;1,5,0.4555,0,119;6,0,0.9995,0,137;5,5,0.8635,2,88;5,1,0.9705,3,163
claim-interventional-train-01638	9	2	2	49,128,107,141,147,117,214,42,138,215,200,21,199,31,85,6,178,115,151,182,66,91,38,133,18,61,81,164,93,180,72,11,205,45,104,177	5,1,0.4865,0,210;6,4,0.5105,0,176;0,3,0.4365,3,122;8,3,0.6915,0,230;7,1,0.7855,0,180;7,3,0.5765,0,113
claim-interventional-train-01639	2	2	2	107,173,90,164,215,98,185,58,138,166,11,113,69,21,208,43,45,39,151,132,183,147,179,30,19,121,183,52,93,9,79,117,67,165,84,141	8,1,0.6165,0,135;5,5,0.7965,0,213;3,0,0.6545,0,240;6,2,0.5325,0,215;1,1,0.3225,0,46;0,2,0.4825,0,184
claim-interventional-train-01640	1	1	2	192,135,146,139,15,92,45,32,41,141,74,117,155,95,68,59,83,34,98,211,198,151,69,21,128,52,208,205,20,162,112,3,165,158,106,169	2,5,0.8905,0,118;7,0,0.2985,0,183;3,1,0.9915,0,247;1,1,0.8905,2,160;1,0,0.0955,0,146;7,5,0.7845,0,131
claim-interventional-train-01641	0	3	1	28,80,153,202,13,115,59,42,4,91,64,203,98,136,192,84,51,45,21,20,109,193,180,120,141,124,159,148,38,95,131,172,177,69,177,150	3,3,0.9815,0,162;3,4,0.5105,0,153;2,1,0.1445,0,62;7,2,0.6645,2,97;1,3,0.7985,3,20;3,1,0.1435,0,164
claim-interventional-train-01642	1	3	0	113,71,157,82,16,210,34,4,47,212,149,215,138,43,161,159,182,90,117,175,123,61,67,11,21,93,202,111,54,74,188,148,30,99,141,132	3,1,0.1965,0,164;5,0,0.6875,2,88;5,3,0.6005,2,118;1,0,0.5355,0,234;2,5,0.3415,0,255;2,2,0.4265,0,152
claim-interventional-train-01643	1	0	0	69,196,186,131,115,14,149,141,41,158,99,28,187,208,175,189,24,110,84,62,137,75,145,129,188,117,18,211,50,38,89,45,96,176,5,65	4,4,0.5615,3,21;3,4,0.2325,0,39;1,4,0.3695,0,253;2,2,0.2925,3,107;2,4,0.6445,0,112;8,1,0.3685,0,37
claim-interventional-train-01644	8	0	0	131,28,45,109,14,141,34,190,73,113,69,197,184,167,158,149,93,214,20,126,137,60,178,100,154,21,44,119,201,145,68,6,178,86,89,56	5,4,0.8675,0,5;3,0,0.9535,0,226;7,2,0.9395,0,124;0,4,0.3405,0,120;3,3,0.3755,2,17;5,1,0.2325,0,32
claim-interventional-train-01645	10	3	2	62,99,211,192,148,81,89,35,21,153,139,29,151,12,7,190,124,106,66,174,113,198,141,70,87,93,19,179,162,45,168,117,56,44,152,131	6,2,0.7105,0,143;4,1,0.9745,0,224;7,4,0.5235,1,94;8,5,0.2525,0,180;2,0,0.2915,0,6;3,1,0.7315,0,175
claim-interventional-train-01646	2	0	0	11,110,21,1,41,92,20,152,190,195,194,145,132,117,45,136,112,153,39,141,170,51,208,149,202,157,67,77,99,33,82,122,69,93,58,208	0,1,0.9145,0,153;8,5,0.3605,0,229;2,0,0.6925,0,253;4,0,0.8715,0,4;2,4,0.0445,0,64;1,2,0.1525,0,106
claim-interventional-train-01647	1	3	2	153,172,168,186,96,104,109,141,117,215,79,213,58,43,148,184,88,203,54,45,84,140,13,116,158,24,19,38,123,151,69,3,134,31,64,171	2,3,0.6615,3,105;6,4,0.7145,0,156;5,0,0.0595,0,95;6,2,0.0995,3,246;7,3,0.8985,0,245;2,4,0.9245,0,63
claim-interventional-train-01648	2	1	2	15,120,160,116,75,16,166,60,151,146,131,21,202,84,188,196,173,138,40,52,104,158,26,185,190,35,88,110,93,45,141,157,1,126,68,69	0,5,0.0255,0,130;1,1,0.0945,0,206;3,2,0.8865,0,171;2,2,0.1425,0,22;7,4,0.8185,3,235;5,1,0.5475,0,166
claim-interventional-train-01649	10	3	1	192,179,144,87,117,150,29,154,91,68,38,44,45,168,81,156,51,123,193,4,107,206,166,155,16,130,136,116,21,155,148,99,69,14,93,62	3,4,0.0965,0,98;4,4,0.9035,0,99;2,4,0.9845,0,52;8,5,0.6565,0,84;2,1,0.8075,0,178;2,0,0.1555,3,233
claim-interventional-train-01650	7	1	1	76,206,89,146,9,183,15,45,19,106,117,150,122,60,66,33,50,141,133,158,40,140,116,203,93,188,175,214,154,175,22,69,98,35,204,83	8,5,0.7505,1,145;8,1,0.1575,0,64;1,2,0.4555,0,242;3,1,0.2955,0,214;1,0,0.9565,0,151;1,3,0.9465,0,199
claim-interventional-train-01651	0	3	1	43,141,107,161,4,88,162,69,20,53,153,21,136,128,191,154,30,183,135,83,148,176,209,120,38,73,198,94,45,61,13,114,161,100,64,150	3,3,0.9285,0,64;5,4,0.7565,0,22;4,3,0.1455,0,243;0,1,0.0565,1,160;3,1,0.4475,3,62;7,5,0.1395,0,34
claim-interventional-train-01652	2	1	0	139,10,92,45,158,108,104,21,156,93,9,132,58,35,184,83,174,55,180,115,119,149,26,76,155,141,146,179,20,41,126,64,69,174,189,195	8,0,0.8405,0,141;1,1,0.2045,0,238;6,0,0.1225,0,14;3,1,0.8845,0,163;7,2,0.6155,2,183;5,2,0.6525,0,67
claim-interventional-train-01653	2	1	0	209,139,21,209,29,50,91,142,214,76,154,213,212,114,117,130,154,63,13,146,41,100,45,184,70,210,17,196,149,128,34,84,5,107,94,68	4,3,0.2305,0,178;4,0,0.3245,0,137;1,5,0.9755,1,123;3,2,0.7565,1,65;3,1,0.5085,0,191;7,0,0.7745,1,211
claim-interventional-train-01654	2	1	0	51,8,211,21,212,177,134,66,141,44,100,180,138,161,199,45,173,93,188,78,149,170,146,59,112,91,31,82,120,107,18,181,11,125,35,69	7,1,0.4985,0,155;6,1,0.9385,0,141;2,1,0.5645,0,231;5,0,0.7925,0,19;3,1,0.0755,3,11;4,4,0.5825,0,120
claim-interventional-train-01655	1	1	2	69,108,114,3,182,58,36,151,158,129,202,90,32,146,215,93,141,75,98,23,198,16,14,85,51,41,180,117,176,131,139,45,171,154,64,154	2,4,0.1215,2,147;7,2,0.3465,0,145;2,0,0.0795,0,20;2,3,0.4135,0,125;1,2,0.4825,0,61;8,1,0.6645,0,79
claim-interventional-train-01656	6	1	1	150,137,103,176,112,130,164,184,184,122,89,64,110,174,14,79,180,146,204,62,51,119,93,25,4,44,38,69,186,23,200,144,45,17,82,214	3,4,0.2525,2,185;0,4,0.9575,0,213;2,4,0.0595,0,179;6,0,0.2765,0,241;6,4,0.1675,2,138;1,0,0.3945,3,217
claim-interventional-train-01657	9	1	0	69,106,149,166,114,206,117,189,159,26,34,139,80,91,93,66,21,176,58,121,2,42,146,154,13,100,135,141,45,211,83,178,52,172,19,153	1,3,0.6195,0,56;1,0,0.4245,0,96;3,0,0.4425,0,19;7,1,0.7595,0,113;3,0,0.4645,0,72;0,5,0.7045,0,229
claim-interventional-train-01658	10	1	1	130,196,29,150,83,69,93,21,67,117,3,121,88,154,19,193,191,38,101,183,115,182,138,46,13,162,57,60,146,80,109,155,166,40,193,141	2,3,0.7205,0,132;4,4,0.1785,1,54;8,2,0.7395,0,58;7,1,0.0245,0,154;4,3,0.7565,0,81;0,0,0.4495,0,127
claim-interventional-train-01659	6	0	2	167,14,97,40,204,93,39,128,151,107,117,154,90,180,200,141,136,201,67,21,69,85,54,114,178,60,19,8,45,208,73,135,211,145,159,26	7,4,0.7245,0,126;1,5,0.1695,0,74;5,2,0.6515,0,120;0,3,0.5005,0,66;0,1,0.4975,0,212;7,5,0.1845,0,64
claim-interventional-train-01660	8	0	0	74,35,16,111,65,180,117,183,190,141,149,102,10,6,211,178,186,95,56,60,133,214,165,92,145,21,208,86,114,31,41,183,126,69,45,137	5,0,0.0375,0,254;6,1,0.3405,0,77;7,2,0.3155,0,67;1,4,0.9795,2,169;5,5,0.4975,0,95;5,3,0.2305,0,222
claim-interventional-train-01661	9	3	0	155,164,82,198,8,192,148,149,56,71,141,211,77,93,36,133,19,164,46,117,65,116,100,106,58,21,158,92,163,152,180,128,139,42,10,33	7,0,0.6615,0,43;8,2,0.5675,1,234;7,0,0.3045,2,114;4,0,0.8395,0,8;3,0,0.9615,0,182;7,3,0.6985,0,0
claim-interventional-train-01662	1	3	2	214,138,175,134,13,148,185,51,27,183,118,93,8,107,181,188,24,62,67,178,82,38,187,89,179,45,17,114,141,123,97,73,178,44,71,151	7,3,0.3065,3,45;2,4,0.8295,0,15;2,4,0.6635,2,215;0,0,0.3595,0,151;0,1,0.5575,1,191;2,4,0.5425,0,121
claim-interventional-train-01663	0	3	2	22,69,170,88,15,166,45,141,18,130,28,191,178,107,100,64,75,96,161,118,137,170,5,168,62,115,151,126,85,39,56,148,203,200,174,42	4,5,0.5995,1,199;3,5,0.5265,0,164;7,4,0.1755,0,82;2,3,0.1825,3,232;3,1,0.7045,1,80;5,0,0.2415,0,25
claim-interventional-train-01664	4	1	1	209,102,26,159,15,165,93,36,197,146,150,112,119,45,44,69,106,92,4,140,20,62,193,170,130,199,55,87,198,76,128,21,202,141,67,187	3,5,0.8025,0,25;1,2,0.9875,0,171;6,4,0.7305,0,111;3,5,0.8035,0,233;5,0,0.1755,2,183;7,0,0.8355,0,238
claim-interventional-train-01665	9	0	0	56,149,181,182,207,111,209,154,189,43,87,11,93,202,143,89,63,176,21,18,215,73,170,117,38,64,121,32,138,45,4,105,69,134,145,113	3,1,0.4945,0,69;7,4,0.6195,0,179;7,5,0.0815,0,109;0,5,0.3585,0,66;8,5,0.2435,0,161;0,4,0.5185,2,154
claim-interventional-train-01666	2	1	0	31,134,149,36,80,201,152,42,146,117,143,161,83,170,45,64,89,60,69,107,205,140,93,188,21,162,2,123,14,166,113,17,159,52,166,102	1,4,0.3785,0,251;6,2,0.5315,0,151;3,2,0.0155,0,26;7,1,0.3615,0,37;5,1,0.2775,0,131;2,4,0.8125,2,179
claim-interventional-train-01667	6	3	1	117,212,111,25,103,5,61,195,167,52,181,41,148,64,187,112,21,86,14,200,144,150,69,137,75,96,16,133,88,201,178,38,166,45,123,179	4,4,0.0565,0,190;0,4,0.3045,0,204;3,3,0.1955,0,147;2,4,0.1835,3,255;6,5,0.0345,0,202;2,3,0.2535,3,169
claim-interventional-train-01668	10	3	2	81,163,184,126,213,43,130,169,193,69,24,29,55,148,10,188,59,92,154,107,84,117,141,157,151,208,139,37,17,45,3,191,96,112,103,65	2,0,0.2215,3,96;4,3,0.6625,0,85;6,1,0.3455,0,202;8,2,0.8955,3,79;6,1,0.1545,0,167;5,0,0.7505,0,17
claim-interventional-train-01669	10	3	0	87,45,210,132,91,21,10,102,57,61,136,93,68,16,124,179,181,149,165,178,115,213,28,173,3,156,188,40,35,111,69,74,117,141,196,148	2,0,0.1335,0,216;3,1,0.0905,0,82;8,3,0.9215,0,210;1,5,0.7135,0,88;5,5,0.7125,0,214;3,2,0.0385,0,219
claim-interventional-train-01670	1	3	0	17,184,174,126,117,64,45,135,83,21,114,99,191,136,167,192,88,13,93,54,35,213,149,7,58,171,156,25,187,107,141,148,77,44,159,70	6,3,0.2375,0,246;0,1,0.8175,0,6;5,0,0.1925,1,221;4,1,0.1985,0,73;2,1,0.5795,0,222;5,5,0.1855,0,45
claim-interventional-train-01671	4	1	1	146,133,153,27,215,109,70,182,24,45,39,43,117,121,89,16,115,65,3,215,136,100,93,150,193,58,162,52,215,159,82,73,11,166,188,141	2,1,0.0495,3,18;2,5,0.6585,0,165;3,0,0.3255,1,170;0,0,0.3785,0,156;3,3,0.6205,0,41;0,3,0.1355,0,224
claim-interventional-train-01672	6	3	2	195,186,66,9,10,151,168,37,102,185,93,148,87,189,45,153,174,136,88,25,113,117,75,52,199,42,61,70,134,169,198,16,21,108,143,124	8,0,0.0025,0,181;0,3,0.5135,0,241;3,3,0.4815,1,71;2,5,0.1655,0,56;5,2,0.3855,0,166;3,4,0.0365,2,255
claim-interventional-train-01673	6	3	1	148,43,1,14,58,45,88,64,105,173,170,116,197,76,141,207,135,192,199,39,106,51,120,163,165,138,26,150,94,19,121,200,158,21,69,83	0,4,0.6585,0,194;1,5,0.7785,0,22;2,0,0.0565,0,9;3,1,0.0795,1,19;8,0,0.9285,3,168;0,5,0.4265,0,162
claim-interventional-train-01674	0	3	2	135,93,167,21,174,179,114,19,148,29,181,191,184,8,91,193,100,69,141,136,64,74,123,11,109,41,57,82,192,35,45,192,180,151,59,117	7,1,0.7105,0,131;4,1,0.2935,0,201;8,1,0.0815,0,239;1,0,0.7195,0,219;3,3,0.4595,0,167;2,5,0.1185,0,235
claim-interventional-train-01675	1	1	0	49,114,16,134,36,181,103,29,191,146,194,120,75,190,4,161,12,137,87,21,128,43,202,62,90,70,149,178,179,205,141,109,65,93,45,183	3,2,0.0185,0,101;4,2,0.7395,0,183;0,4,0.3835,1,153;2,5,0.5645,0,34;6,3,0.4415,3,17;7,4,0.3975,0,95
claim-interventional-train-01676	1	1	2	117,11,64,18,99,34,144,123,91,210,181,166,146,57,132,151,173,207,116,82,58,40,3,199,69,166,94,29,21,107,194,75,209,137,180,45	2,1,0.5515,0,155;4,0,0.1155,0,134;8,0,0.1125,0,83;2,0,0.6825,1,162;2,1,0.9735,0,139;2,2,0.3235,3,250
claim-interventional-train-01677	6	1	2	21,207,166,40,168,93,151,206,67,146,159,80,63,141,110,16,181,33,36,70,139,135,116,174,158,117,100,121,11,90,82,158,7,53,48,196	6,1,0.1035,0,155;8,2,0.0915,3,68;4,5,0.7255,1,115;7,0,0.4825,0,170;3,4,0.9085,0,61;0,5,0.7915,0,102
claim-interventional-train-01678	1	1	0	42,6,73,64,93,108,37,159,146,204,115,85,206,21,27,100,92,58,190,141,215,134,15,160,181,45,138,149,155,49,129,18,213,119,70,180	5,5,0.4285,0,179;2,3,0.5605,0,45;0,0,0.1845,1,123;0,3,0.8205,0,228;3,2,0.6975,2,87;8,4,0.5275,0,103
claim-interventional-train-01679	4	1	0	199,99,95,45,41,207,141,85,149,89,75,199,109,117,138,69,52,177,113,17,3,180,65,124,146,202,165,133,171,28,63,189,11,214,36,24	2,1,0.3805,3,45;3,2,0.3355,0,127;3,5,0.2025,0,22;2,3,0.3135,2,45;2,3,0.3875,0,82;3,3,0.5135,0,83
claim-interventional-train-01680	7	3	1	116,4,181,45,22,34,193,50,83,61,123,26,117,178,43,66,199,196,175,133,150,107,155,17,102,141,11,200,93,148,172,77,88,69,154,136	3,1,0.2615,1,50;1,0,0.6885,0,239;1,3,0.5555,0,4;4,1,0.1665,0,225;5,1,0.8335,0,160;2,3,0.0685,0,34
claim-interventional-train-01681	10	1	2	93,161,138,69,73,197,146,110,171,206,195,88,19,134,125,39,151,41,116,97,64,210,141,15,164,183,52,87,23,120,152,1,203,28,45,63	0,5,0.7505,2,19;3,5,0.3705,0,212;3,5,0.1175,0,245;0,5,0.0565,0,31;0,4,0.8035,3,127;4,4,0.5795,0,189
claim-interventional-train-01682	8	1	0	152,93,141,87,21,133,184,162,69,139,40,205,114,146,73,179,46,63,212,149,32,108,204,92,15,39,168,181,6,66,198,54,104,129,18,117	5,5,0.5165,0,112;7,5,0.0285,1,224;5,5,0.5955,0,12;0,5,0.9625,0,70;7,2,0.4665,0,236;8,3,0.6835,0,25
claim-interventional-train-01683	10	2	2	126,110,82,188,64,215,44,92,131,102,49,73,17,37,140,214,151,214,141,179,45,190,113,93,175,200,147,14,33,177,62,119,21,72,206,2	1,4,0.2125,0,32;8,3,0.9615,0,39;0,4,0.1565,3,46;0,0,0.9525,0,44;5,4,0.2915,2,118;5,1,0.9265,0,225
claim-interventional-train-01684	1	0	1	17,87,174,215,80,158,145,69,139,68,45,36,89,116,161,170,141,150,206,132,107,6,129,158,172,169,21,11,93,43,157,25,51,117,99,63	5,1,0.3165,0,139;0,2,0.6185,0,171;2,5,0.9905,0,143;7,5,0.3135,0,104;2,1,0.9955,0,147;8,2,0.6015,0,104
claim-interventional-train-01685	7	3	1	81,17,171,68,86,45,109,160,9,21,192,189,150,92,117,139,94,148,39,162,50,143,61,171,25,195,69,154,41,115,165,134,98,121,180,12	8,2,0.3915,0,209;0,5,0.2485,0,167;1,3,0.9295,0,6;8,4,0.8245,1,127;1,3,0.7095,0,182;0,4,0.7025,2,23
claim-interventional-train-01686	4	1	2	37,28,161,99,165,213,189,175,122,165,54,41,116,151,146,18,93,134,45,193,85,76,191,136,203,69,92,15,106,60,8,172,117,68,141,23	7,5,0.4045,2,254;3,3,0.2165,0,75;5,2,0.8035,0,115;3,3,0.9995,0,14;2,0,0.8605,0,120;1,4,0.0005,0,243
claim-interventional-train-01687	0	3	0	83,2,45,205,124,210,75,178,106,11,53,19,61,141,212,172,207,21,148,149,112,117,210,36,165,64,92,69,208,164,93,140,29,41,100,133	1,1,0.6345,0,213;4,2,0.2115,0,144;4,3,0.1595,0,163;2,1,0.8225,0,170;3,0,0.1635,0,123;3,3,0.9505,0,10
claim-interventional-train-01688	1	0	1	97,150,141,171,27,185,156,69,117,39,113,83,21,139,92,157,169,134,12,75,45,16,170,111,4,123,198,61,145,179,93,43,54,156,169,67	3,2,0.1755,0,251;2,5,0.6725,0,205;5,3,0.6725,0,61;2,1,0.9535,0,177;0,5,0.2645,0,113;2,4,0.7245,0,143
claim-interventional-train-01689	4	1	0	66,202,45,133,20,182,31,183,42,11,69,52,89,93,116,119,103,82,138,144,179,21,35,172,180,149,61,152,146,190,81,123,6,183,161,108	5,1,0.9595,0,255;6,1,0.5755,0,197;3,3,0.5015,0,63;8,0,0.3175,0,219;6,2,0.9515,2,22;2,3,0.4095,3,106
claim-interventional-train-01690	1	1	2	121,86,172,108,7,63,205,75,72,21,206,51,183,170,202,164,151,34,115,45,199,212,65,117,27,141,194,146,12,140,89,20,41,93,134,99	6,2,0.9835,0,191;2,0,0.2505,0,25;2,5,0.2235,3,197;2,4,0.2775,0,200;2,2,0.6855,0,175;0,4,0.8255,0,102
claim-interventional-train-01691	10	2	1	194,98,93,38,86,41,52,22,200,199,58,137,179,113,126,176,141,150,92,119,192,81,108,45,8,147,25,19,194,167,207,133,68,183,69,12	7,2,0.7395,1,89;0,4,0.2505,0,25;3,0,0.8675,0,16;8,4,0.9445,0,77;1,2,0.2645,2,189;5,3,0.3385,0,103
claim-interventional-train-01692	0	3	0	142,87,197,160,6,92,68,69,22,175,202,117,137,110,179,174,112,12,148,104,124,59,193,201,28,45,18,42,39,54,206,173,76,133,149,94	5,2,0.4355,1,151;3,5,0.4575,0,140;5,1,0.9575,0,51;3,5,0.9065,1,232;7,4,0.0205,0,94;3,3,0.3385,1,54
claim-interventional-train-01693	1	1	1	1,215,57,206,101,76,131,44,37,27,172,150,174,45,164,140,141,17,116,82,70,117,180,199,95,146,214,128,175,10,23,89,170,107,61,65	0,0,0.2275,2,80;2,3,0.8025,0,72;8,3,0.2145,1,53;3,0,0.2745,2,225;4,1,0.9205,0,167;7,1,0.9035,0,158
claim-interventional-train-01694	3	0	2	135,211,164,31,39,113,170,109,100,139,167,21,179,145,91,158,171,49,176,4,68,40,45,143,117,128,69,151,19,78,12,87,197,180,58,96	3,2,0.7065,0,18;6,5,0.0885,0,216;0,0,0.8825,0,93;5,5,0.6345,3,29;3,3,0.2385,0,252;7,5,0.7805,2,134
claim-interventional-train-01695	9	1	1	36,8,141,179,133,173,190,99,170,215,51,126,45,139,150,196,18,64,69,194,82,107,26,15,159,159,21,62,77,146,112,93,88,43,168,118	7,5,0.5315,0,194;1,2,0.6935,0,141;2,4,0.0525,0,42;4,0,0.1185,0,233;2,1,0.1755,1,61;5,3,0.7405,0,23
claim-interventional-train-01696	2	3	1	150,179,215,178,159,19,161,171,141,163,116,189,181,90,103,23,140,95,108,69,59,52,118,34,27,123,47,82,66,132,9,148,75,211,41,15	8,5,0.7795,2,126;2,0,0.2285,2,248;3,1,0.4705,0,251;2,0,0.5245,2,22;6,2,0.9905,1,171;2,2,0.9565,0,29
claim-interventional-train-01697	9	1	0	48,107,72,63,149,213,90,114,208,8,53,190,119,21,65,33,170,146,80,15,170,153,180,127,183,139,176,133,101,189,93,19,39,84,141,41	7,5,0.7085,0,253;8,5,0.2905,3,8;4,5,0.3865,3,15;7,2,0.5785,0,118;4,1,0.4595,2,66;6,3,0.6375,0,133
claim-interventional-train-01698	9	3	2	151,10,45,135,177,169,190,177,43,185,148,116,75,19,69,21,95,100,51,203,38,140,2,141,128,90,175,108,181,201,165,117,66,60,30,85	1,0,0.6915,0,128;5,4,0.7735,0,116;2,2,0.5495,0,0;2,3,0.4475,2,202;3,2,0.8875,0,140;7,5,0.8395,0,149
claim-interventional-train-01699	10	0	2	207,9,18,151,45,120,197,101,85,179,94,214,133,189,66,106,124,34,91,76,198,177,21,157,69,59,41,145,29,13,114,140,142,201,175,52	8,3,0.5855,0,12;4,0,0.2735,0,166;3,1,0.5885,0,182;3,3,0.7965,1,210;4,0,0.5015,3,101;3,3,0.8035,1,105
claim-interventional-train-01700	1	0	0	114,38,40,82,32,21,3,128,176,133,96,45,211,155,144,149,68,203,76,54,184,91,111,145,58,139,176,69,14,170,201,200,188,103,117,18	2,4,0.5985,0,107;7,4,0.0375,0,61;5,0,0.8795,0,118;3,0,0.6835,3,6;6,5,0.5275,0,190;7,3,0.7945,3,254
claim-interventional-train-01701	8	0	1	156,59,191,123,215,43,91,85,161,136,93,67,191,141,162,150,203,117,106,7,13,145,178,29,166,78,17,114,21,47,69,100,53,185,133,37	6,3,0.2485,0,246;4,3,0.7155,2,218;4,1,0.6985,0,126;5,3,0.7055,0,254;3,0,0.4755,0,38;2,3,0.1695,0,80
claim-interventional-train-01702	2	1	2	199,69,45,36,19,203,185,136,104,112,64,111,10,28,155,209,21,89,151,8,117,93,82,125,61,141,195,49,75,166,164,200,130,198,43,146	7,0,0.7595,0,137;3,2,0.7255,0,95;0,3,0.0315,0,193;2,0,0.3815,0,48;7,5,0.1035,0,186;4,0,0.0255,0,92
claim-interventional-train-01703	6	3	1	67,43,150,100,17,137,185,191,142,86,14,174,113,118,183,134,92,127,3,93,63,157,73,181,171,148,21,201,51,70,32,45,181,34,215,106	2,4,0.2055,0,177;7,0,0.7715,0,50;2,5,0.6835,1,189;0,4,0.8755,0,19;3,0,0.2905,1,227;6,4,0.2905,1,205
claim-interventional-train-01704	8	1	1	175,112,126,195,87,98,152,21,20,141,211,8,39,153,68,51,169,146,61,74,117,135,140,30,150,14,71,93,187,202,47,162,196,110,90,44	7,4,0.8845,0,99;5,5,0.9355,2,175;2,3,0.8365,2,247;1,5,0.5515,0,51;1,4,0.0135,0,41;5,5,0.8365,0,20
claim-interventional-train-01705	9	3	0	116,211,41,180,135,56,65,48,149,37,101,171,148,62,161,174,2,174,76,90,110,167,21,211,140,82,166,117,69,13,17,143,29,167,93,124	1,3,0.2585,0,181;4,3,0.2325,3,209;7,4,0.3995,0,79;3,0,0.4155,0,86;4,4,0.9905,0,164;3,5,0.9665,2,61
claim-interventional-train-01706	10	3	2	134,210,112,155,159,144,209,75,174,123,161,199,93,21,34,62,20,91,151,204,45,100,44,148,5,13,69,154,205,139,51,86,110,27,64,120	4,3,0.9695,0,188;2,0,0.8175,0,46;2,4,0.1845,0,50;2,4,0.7495,0,120;3,4,0.1585,3,59;2,4,0.7765,3,128
claim-interventional-train-01707	0	3	1	124,62,183,77,7,212,203,141,21,111,83,88,148,95,36,45,134,178,114,14,52,178,101,67,182,42,69,20,176,117,156,140,33,150,210,203	6,4,0.9365,0,83;8,2,0.5975,0,179;3,4,0.6515,0,175;4,1,0.0895,2,185;4,5,0.5295,0,129;3,4,0.8195,0,58
claim-interventional-train-01708	10	3	0	198,141,148,58,199,43,163,85,110,176,153,184,119,69,50,114,149,18,91,5,152,133,21,74,45,214,34,100,93,203,140,68,129,12,27,190	4,2,0.4245,0,39;2,0,0.7985,0,9;1,0,0.8145,0,103;1,3,0.6185,0,253;3,4,0.4195,2,230;8,3,0.9435,0,27
claim-interventional-train-01709	2	1	1	141,44,205,164,4,19,130,114,36,194,170,119,32,202,200,79,15,21,101,109,62,150,213,91,72,45,146,93,125,64,178,84,204,137,198,51	3,5,0.6315,0,91;7,2,0.9675,0,250;2,4,0.1975,3,4;6,2,0.7225,0,128;4,3,0.5885,2,237;4,0,0.3925,0,245
claim-interventional-train-01710	4	1	0	116,17,82,5,47,58,183,75,142,21,93,117,35,136,153,160,65,130,11,178,51,100,177,43,164,28,179,69,161,146,181,125,90,149,109,175	4,1,0.3075,0,182;3,1,0.6045,2,216;2,0,0.3635,0,223;2,0,0.5465,0,30;3,3,0.8185,0,247;4,0,0.0235,1,201
claim-interventional-train-01711	9	1	1	21,128,146,69,41,62,106,141,134,215,15,26,38,66,150,161,88,155,93,166,82,138,50,18,163,117,176,114,101,4,187,45,194,204,157,78	3,5,0.4125,0,92;1,4,0.3175,0,146;1,4,0.4065,0,140;5,0,0.0655,0,248;4,0,0.5315,0,31;7,4,0.5865,0,57
claim-interventional-train-01712	1	3	2	141,75,211,107,170,203,114,45,162,56,34,89,197,181,20,117,148,134,156,3,151,87,209,21,66,103,125,44,166,138,26,15,93,156,61,69	2,5,0.9885,0,107;1,0,0.9525,0,207;7,3,0.5125,0,145;2,5,0.3585,0,194;6,1,0.5695,0,237;4,4,0.5305,0,86
claim-interventional-train-01713	5	2	1	68,41,119,159,21,196,89,56,93,110,112,180,39,76,10,161,135,167,62,29,173,147,202,141,152,137,127,200,150,45,102,87,69,1,18,194	0,0,0.5235,0,88;4,5,0.3325,0,20;7,4,0.8215,0,188;3,5,0.2275,0,74;5,4,0.1625,2,2;6,5,0.2645,0,177
claim-interventional-train-01714	0	3	2	34,182,124,140,135,71,22,151,197,17,117,181,82,141,13,26,188,165,93,183,40,107,8,60,75,67,54,114,157,148,90,180,200,99,45,214	7,3,0.2745,1,38;1,0,0.1885,0,104;5,2,0.6755,2,228;2,0,0.4175,0,185;2,1,0.5895,0,225;3,5,0.9945,0,5
claim-interventional-train-01715	6	0	1	69,62,41,117,140,193,97,112,193,162,68,182,141,208,190,94,106,31,178,49,128,3,78,21,154,130,90,150,45,16,145,207,39,10,85,188	2,0,0.1125,0,3;6,5,0.2925,0,224;0,4,0.8905,0,51;5,3,0.4305,1,220;0,0,0.0165,0,212;7,0,0.8955,0,73
claim-interventional-train-01716	6	0	1	206,45,136,117,88,189,59,34,164,181,21,18,1,28,112,127,133,83,107,202,173,93,141,42,195,14,78,69,196,99,180,150,145,213,50,68	0,4,0.4085,0,23;3,0,0.4745,0,93;1,1,0.9855,0,210;5,1,0.0625,0,74;2,1,0.1205,0,73;6,3,0.0585,0,110
claim-interventional-train-01717	0	3	0	198,124,193,102,107,27,141,71,134,42,4,186,66,115,87,212,76,92,45,138,188,209,19,208,167,149,196,49,63,117,15,197,21,38,148,94	3,5,0.7905,0,106;2,4,0.5905,0,96;0,5,0.4495,2,94;3,5,0.9605,1,207;5,1,0.7885,0,95;3,4,0.4945,0,166
claim-interventional-train-01718	5	2	1	4,103,69,107,13,93,179,208,187,44,18,147,45,214,117,113,52,90,66,194,138,150,167,76,61,84,34,125,28,141,190,154,131,21,191,184	3,3,0.5935,0,73;3,0,0.8635,0,233;3,3,0.4555,0,50;3,2,0.4735,0,215;6,1,0.3345,0,120;4,1,0.4315,0,167
claim-interventional-train-01719	9	1	2	213,15,151,40,29,60,141,38,204,137,69,181,46,105,203,158,82,93,207,75,133,114,118,16,146,152,21,181,89,66,56,108,122,152,181,3	2,5,0.0195,0,171;4,4,0.1235,1,31;7,2,0.5755,0,217;2,0,0.3265,0,242;8,2,0.5175,1,183;1,3,0.3805,0,244
claim-interventional-train-01720	1	0	0	51,30,74,114,134,97,145,169,65,93,117,92,7,179,165,45,200,128,136,69,188,149,40,204,175,63,19,141,11,21,189,39,163,110,82,166	6,1,0.6275,0,44;5,5,0.0495,0,52;2,5,0.2535,0,96;1,0,0.8655,0,85;0,4,0.4895,0,87;7,4,0.0685,0,60
claim-interventional-train-01721	5	0	1	144,64,132,48,215,110,19,210,1,129,150,209,69,14,21,138,52,44,145,179,115,62,182,168,36,30,158,185,160,117,163,74,86,94,103,88	0,4,0.7385,0,118;5,2,0.8725,3,147;3,4,0.0465,0,64;1,4,0.1785,1,209;6,4,0.6375,0,126;8,2,0.5835,3,113
claim-interventional-train-01722	3	0	1	108,21,36,156,162,47,192,114,175,52,93,145,83,61,191,79,40,166,132,68,199,123,6,150,185,171,138,26,14,90,18,69,141,204,101,117	5,4,0.4885,0,158;1,2,0.0565,2,129;3,3,0.9585,0,239;6,1,0.4285,0,195;4,2,0.5315,0,244;2,2,0.5645,0,14
claim-interventional-train-01723	5	1	0	21,165,20,178,209,47,204,136,73,84,66,112,55,28,36,163,177,117,125,61,215,146,69,141,130,96,42,92,5,110,203,202,149,14,185,98	4,4,0.8335,0,27;3,2,0.5355,2,234;6,3,0.5585,0,227;0,2,0.9835,3,30;1,4,0.0795,0,120;4,0,0.1885,0,87
claim-interventional-train-01724	3	0	1	42,36,150,205,15,200,174,164,76,145,211,105,83,140,144,45,91,124,2,17,71,158,112,117,133,180,28,59,106,166,21,175,67,202,93,49	1,5,0.3415,0,98;3,2,0.5295,0,8;0,1,0.7355,2,202;3,1,0.6845,0,80;8,0,0.1895,0,34;3,3,0.8765,3,59
claim-interventional-train-01725	4	1	0	21,113,138,205,26,174,183,124,102,166,44,160,61,35,161,149,85,165,5,73,134,65,93,107,166,69,175,13,51,146,45,141,88,17,198,120	4,3,0.3355,0,134;1,1,0.9775,0,228;2,3,0.3665,0,110;0,3,0.0355,0,101;5,1,0.3865,3,247;3,4,0.4025,0,9
claim-interventional-train-01726	1	0	1	117,31,11,39,180,58,199,2,137,190,175,45,51,198,145,41,123,161,78,99,109,96,82,144,65,69,130,18,179,113,89,207,150,21,160,187	1,1,0.4275,0,221;6,5,0.2385,0,70;2,0,0.3745,0,32;5,0,0.2865,3,255;2,3,0.3825,0,233;2,0,0.3705,3,234
claim-interventional-train-01727	9	1	1	69,97,181,140,59,44,11,120,208,39,110,50,135,155,146,125,154,22,93,192,116,174,76,32,64,206,90,150,154,18,169,160,87,8,141,45	7,1,0.4605,1,91;7,5,0.8755,0,86;1,1,0.0385,0,44;3,5,0.5165,0,71;0,4,0.8145,3,125;4,5,0.8895,0,152
claim-interventional-train-01728	1	0	1	176,69,170,82,7,213,20,73,54,29,189,117,21,137,93,196,66,110,99,191,91,145,215,141,11,114,134,177,39,43,150,161,127,197,45,60	6,1,0.9925,0,237;4,5,0.7105,0,150;5,2,0.4695,0,208;0,0,0.6695,0,23;2,4,0.5405,0,245;6,4,0.3255,0,133
claim-interventional-train-01729	4	1	1	91,15,177,23,117,152,74,191,66,135,96,184,146,114,174,177,58,150,44,138,176,125,141,4,28,99,45,153,39,51,71,109,197,87,190,16	3,5,0.1045,2,117;3,5,0.9635,0,84;2,0,0.4285,2,157;1,5,0.6735,3,15;2,3,0.4665,0,6;4,5,0.5305,0,218
claim-interventional-train-01730	2	0	1	60,204,170,204,69,199,214,117,17,187,123,45,107,113,3,40,39,93,134,136,89,66,79,208,13,50,22,153,82,198,145,26,152,150,141,99	2,3,0.2585,1,56;1,5,0.0565,0,192;1,2,0.5205,0,185;6,0,0.3305,0,255;2,1,0.3585,0,197;2,4,0.0585,0,250
claim-interventional-train-01731	6	3	0	185,141,10,121,55,69,131,181,115,87,137,160,148,20,165,149,176,215,110,61,97,93,152,201,204,66,117,44,2,91,81,48,36,211,21,30	1,0,0.9545,0,216;5,2,0.9035,3,176;6,3,0.4435,0,249;8,5,0.6425,0,20;0,4,0.6905,0,126;0,1,0.3005,0,70
claim-interventional-train-01732	6	3	1	64,97,91,70,58,111,35,197,181,140,21,188,141,204,159,45,123,150,215,206,8,148,130,14,168,160,116,31,16,117,57,42,80,93,85,203	7,4,0.1735,0,84;6,1,0.4975,0,215;8,0,0.0655,1,220;7,3,0.6935,0,113;0,5,0.8365,0,100;2,0,0.8155,0,163
claim-interventional-train-01733	2	1	0	140,117,214,184,82,130,93,182,40,115,183,45,146,31,37,125,3,163,21,143,11,89,69,19,58,76,155,54,164,106,185,157,67,187,149,101	2,1,0.6065,0,181;6,3,0.1025,0,112;5,0,0.7545,0,56;3,0,0.2005,0,127;4,0,0.7365,0,73;4,0,0.8265,2,161
claim-interventional-train-01734	0	3	0	209,189,169,100,2,189,149,14,140,21,20,106,64,27,196,90,131,148,168,40,200,79,55,39,141,93,157,180,114,159,69,85,117,124,46,59	1,4,0.8605,0,145;2,5,0.1905,1,95;6,1,0.0035,0,166;6,3,0.4565,0,2;3,0,0.4235,0,237;3,1,0.8785,0,210
claim-interventional-train-01735	4	1	0	69,77,65,15,130,44,185,187,45,17,21,8,146,60,137,184,180,143,37,106,28,162,198,123,104,115,156,96,117,149,50,90,156,87,196,157	7,5,0.3995,0,125;3,3,0.8385,0,43;1,2,0.3355,0,102;4,5,0.5035,3,131;7,0,0.7885,0,160;2,0,0.2765,2,134
claim-interventional-train-01736	6	1	1	9,16,115,187,75,173,121,178,49,14,83,155,150,170,117,184,187,27,46,178,183,34,100,69,138,41,141,107,24,59,93,88,64,195,135,146	8,4,0.1895,3,128;2,0,0.3475,1,129;0,1,0.0355,0,164;2,1,0.0085,0,106;3,1,0.7195,0,84;0,5,0.5405,0,70
claim-interventional-train-01737	7	3	0	124,141,109,6,45,24,103,11,51,79,60,161,20,96,26,162,72,90,148,117,162,191,83,169,136,113,64,208,196,134,158,42,155,182,39,149	5,1,0.8355,3,176;1,5,0.5765,0,158;2,2,0.1345,3,77;6,1,0.4805,3,106;6,3,0.3965,0,123;3,4,0.0525,0,77
claim-interventional-train-01738	8	3	0	148,69,140,93,61,166,51,200,115,149,40,98,19,141,162,161,6,158,31,83,163,109,126,117,21,15,135,152,161,208,203,81,68,45,91,35	5,5,0.7045,0,196;6,1,0.0925,0,14;2,3,0.9775,0,235;8,1,0.7445,0,5;1,3,0.7615,0,242;5,5,0.9195,0,103
claim-interventional-train-01739	10	1	2	134,74,88,97,70,190,44,62,197,84,45,123,65,174,29,179,51,146,34,143,10,151,188,140,116,195,16,159,108,155,166,21,153,119,3,93	2,0,0.1645,0,158;4,0,0.8575,0,60;2,4,0.3315,1,241;1,2,0.1235,0,35;0,2,0.8265,2,72;2,4,0.8205,2,17
claim-interventional-train-01740	2	0	1	164,44,83,194,116,76,195,7,63,150,106,91,45,161,145,93,154,167,19,52,134,119,26,158,123,137,98,142,166,34,71,68,21,203,12,196	6,2,0.6005,0,59;1,0,0.9105,0,207;3,5,0.8765,2,250;3,1,0.6855,0,226;1,0,0.9405,2,95;2,4,0.2425,1,142
claim-interventional-train-01741	1	0	1	69,33,88,152,63,9,41,23,145,83,159,16,139,141,117,207,174,109,99,68,112,176,80,212,126,51,150,134,172,178,37,47,93,207,184,13	8,3,0.0355,2,183;8,3,0.3865,2,210;2,5,0.9615,0,208;7,1,0.1975,0,228;2,3,0.0805,0,242;5,4,0.7455,0,78
claim-interventional-train-01742	2	3	1	41,100,178,64,207,76,157,33,115,148,205,21,125,90,37,198,4,150,83,181,59,16,117,57,164,153,107,11,69,176,141,138,93,180,45,130	3,1,0.1685,0,233;8,3,0.2775,0,88;8,1,0.0705,0,130;3,1,0.5975,0,253;3,1,0.7535,0,60;4,0,0.5985,0,160
claim-interventional-train-01743	4	1	1	112,65,21,63,198,141,213,93,202,30,37,179,194,168,51,103,106,4,82,158,150,196,126,117,43,18,132,146,12,75,45,179,69,136,167,89	3,2,0.4895,0,49;5,3,0.7505,0,54;2,5,0.3975,0,227;2,0,0.2485,0,215;6,0,0.0365,0,232;5,2,0.0665,0,189
claim-interventional-train-01744	9	0	0	116,157,99,162,45,62,180,19,83,69,26,156,149,128,93,203,22,165,135,79,108,68,41,6,161,145,117,215,52,13,141,208,90,140,34,205	5,3,0.7505,1,67;1,0,0.3705,0,175;3,4,0.8385,0,231;6,1,0.5525,0,239;2,2,0.8195,0,23;7,5,0.9505,0,46
claim-interventional-train-01745	4	1	2	100,141,116,136,195,134,192,205,123,45,151,153,187,88,146,69,21,41,117,86,75,11,198,155,38,172,180,178,53,93,66,6,62,111,17,27	5,1,0.2975,0,149;2,4,0.3095,0,1;4,4,0.4765,0,13;2,4,0.0205,0,132;3,5,0.8495,0,227;2,4,0.1875,0,94
claim-interventional-train-01746	2	3	0	164,191,92,66,184,200,45,141,117,170,93,74,27,177,69,34,113,21,163,2,44,12,138,148,110,152,60,153,52,97,130,124,149,20,86,176	1,2,0.8005,0,51;2,0,0.9325,0,186;3,2,0.5945,0,133;1,4,0.8905,0,9;0,4,0.3835,0,247;3,0,0.4515,0,229
claim-interventional-train-01747	4	1	2	116,4,111,84,97,40,213,174,151,91,77,146,14,192,93,71,45,34,21,120,141,161,56,135,25,157,65,124,19,191,185,208,155,58,212,136	3,4,0.6855,0,86;0,0,0.1455,0,77;7,0,0.2875,2,114;4,2,0.6515,0,114;0,5,0.9945,3,155;3,5,0.1675,0,5
claim-interventional-train-01748	6	0	0	21,3,135,19,38,162,167,25,115,197,97,138,73,209,159,127,149,40,12,60,145,152,173,174,117,111,92,183,141,45,93,69,51,177,66,87	2,2,0.7755,0,42;0,4,0.1795,0,247;2,2,0.4465,0,195;0,5,0.8695,0,179;0,5,0.7385,0,169;6,5,0.5595,0,252
claim-interventional-train-01749	7	1	2	161,45,113,68,188,21,35,109,2,94,32,69,60,156,211,180,90,77,153,86,118,98,54,151,136,13,141,20,130,194,207,195,201,124,40,146	1,3,0.8275,0,82;7,1,0.0345,0,157;5,2,0.8665,0,21;4,4,0.5435,1,58;1,3,0.2315,1,54;3,0,0.1345,0,137
claim-interventional-train-01750	1	3	1	115,179,48,63,186,101,194,137,155,174,108,25,148,177,86,150,132,74,51,117,68,4,20,69,11,92,180,141,21,163,211,179,43,93,125,34	3,1,0.8675,0,146;0,0,0.7515,3,225;2,5,0.9735,0,19;1,4,0.8115,0,188;4,2,0.7565,0,160;4,2,0.2565,0,245
claim-interventional-train-01751	4	1	0	76,137,169,39,66,25,181,189,17,87,61,93,69,45,21,188,133,208,90,57,7,195,117,10,42,165,108,183,128,210,146,210,102,114,141,149	6,0,0.2845,0,93;0,5,0.5795,0,88;8,3,0.5535,0,73;3,5,0.5845,0,36;5,2,0.5885,0,188;7,3,0.2125,0,244
claim-interventional-train-01752	1	1	2	27,59,117,163,158,211,151,215,214,192,83,38,69,21,45,127,81,175,146,49,170,201,65,113,43,139,13,105,133,88,141,17,93,6,183,108	5,3,0.2705,0,133;2,4,0.6475,0,16;0,1,0.3995,0,21;8,1,0.0505,0,26;8,2,0.3805,0,97;6,3,0.6435,0,42
claim-interventional-train-01753	6	3	0	85,92,57,40,210,149,8,180,73,130,61,38,155,165,162,93,213,16,64,100,156,24,170,162,179,141,113,122,110,69,117,33,148,45,12,138	7,2,0.1805,3,177;8,4,0.0435,0,115;8,3,0.1405,0,149;0,3,0.9125,0,90;3,4,0.2645,0,12;1,0,0.4265,0,66
claim-interventional-train-01754	9	1	1	168,91,130,164,20,56,140,29,171,126,117,21,114,106,40,82,164,10,39,198,63,180,198,68,150,146,141,202,180,93,69,177,8,45,100,80	7,0,0.9355,0,116;4,5,0.0575,0,140;7,5,0.8645,0,74;7,0,0.7345,0,0;3,0,0.4125,0,202;5,0,0.8075,0,207
claim-interventional-train-01755	2	2	2	158,41,18,193,11,117,106,168,175,134,193,35,69,165,207,59,21,112,48,199,136,88,57,141,78,128,151,147,105,202,96,67,28,83,7,163	6,1,0.4505,0,150;3,1,0.3275,3,239;8,1,0.7885,0,110;5,1,0.0285,3,126;8,0,0.1165,0,126;7,4,0.0125,0,61
claim-interventional-train-01756	7	2	1	108,69,156,137,126,185,39,201,214,152,150,18,135,64,73,147,21,176,40,55,87,91,28,141,213,45,115,174,209,2,61,105,93,196,13,117	1,3,0.5245,0,47;3,5,0.0705,0,50;6,3,0.0845,0,95;0,5,0.7945,0,0;8,2,0.7045,0,55;5,5,0.2335,0,183
claim-interventional-train-01757	10	1	2	13,77,125,141,113,177,54,30,151,63,140,42,146,199,66,21,83,2,93,203,212,36,18,99,165,194,196,203,160,117,89,72,161,135,106,45	1,3,0.5465,0,242;5,2,0.5495,0,143;5,5,0.5235,3,171;4,1,0.3695,0,211;2,0,0.2355,0,121;4,5,0.8075,0,136
claim-interventional-train-01758	10	0	1	157,163,69,202,93,102,21,9,177,130,123,172,68,141,81,145,150,171,84,29,191,59,11,204,45,117,34,92,139,116,160,110,56,192,41,19	8,1,0.7085,0,72;4,0,0.3735,0,238;7,1,0.8275,0,226;8,2,0.9185,0,164;5,4,0.9495,0,179;2,0,0.7005,0,158
claim-interventional-train-01759	7	0	1	11,77,4,134,109,69,140,50,40,145,197,170,141,93,166,122,21,185,64,101,45,83,208,168,27,62,113,38,20,117,174,150,92,178,212,204	3,1,0.8155,0,222;2,4,0.1485,0,67;1,4,0.0695,0,176;4,1,0.9445,0,191;4,3,0.3015,0,70;1,4,0.8975,0,5
claim-interventional-train-01760	6	3	1	101,178,138,129,78,215,32,49,83,3,91,175,63,186,35,135,12,150,42,48,18,167,148,185,141,93,68,209,167,108,21,112,213,158,117,69	2,2,0.5235,0,189;7,1,0.4245,3,122;0,5,0.9305,0,43;5,1,0.6885,0,158;4,2,0.0475,0,29;8,5,0.4755,0,95
claim-interventional-train-01761	2	3	2	210,106,51,130,93,21,116,67,139,4,45,204,86,103,117,19,69,12,204,127,148,74,214,92,141,43,157,185,62,151,163,30,163,35,162,211	3,2,0.7405,0,250;5,1,0.7015,0,164;2,4,0.6705,0,202;1,4,0.9195,0,130;6,0,0.8695,0,163;6,0,0.7105,0,95
claim-interventional-train-01762	1	3	1	16,111,209,209,170,9,148,170,133,144,75,199,150,32,21,56,161,215,93,66,14,124,62,114,158,88,173,72,117,45,99,40,34,152,137,86	8,4,0.0635,0,57;7,0,0.1025,0,101;7,4,0.5545,3,220;2,4,0.0095,0,137;2,5,0.5585,0,73;3,3,0.2675,3,17
claim-interventional-train-01763	5	3	1	30,207,148,152,201,43,69,175,45,140,183,106,208,93,116,78,21,184,209,54,58,130,90,36,99,7,82,190,141,13,164,17,119,65,127,150	6,3,0.2935,0,116;5,2,0.6375,0,180;5,0,0.2495,0,207;5,0,0.5595,0,134;2,0,0.9525,2,65;6,0,0.9545,0,52
claim-interventional-train-01764	6	3	1	42,61,200,148,130,201,66,21,153,49,25,143,136,34,150,84,199,88,20,124,1,108,11,103,153,96,185,69,45,193,190,166,117,113,79,182	0,1,0.8575,0,215;0,0,0.5495,0,64;0,3,0.4985,0,89;6,2,0.1915,3,121;6,2,0.2995,0,162;3,0,0.1945,2,33
claim-interventional-train-01765	10	3	0	44,123,64,136,157,6,38,113,130,61,52,69,188,110,189,200,149,193,33,89,148,178,117,21,95,180,105,73,141,204,87,45,208,16,179,12	5,2,0.1545,0,138;8,4,0.8445,0,231;3,3,0.0755,0,6;0,5,0.3145,2,181;8,4,0.2745,0,95;2,0,0.0485,0,78
claim-interventional-train-01766	2	2	0	69,162,115,149,34,117,193,189,90,93,45,19,210,107,60,154,147,78,132,66,209,2,82,140,29,181,55,121,152,186,141,11,105,43,21,204	1,1,0.6875,0,172;4,0,0.6525,0,228;6,2,0.4005,0,214;5,0,0.4725,0,52;8,1,0.7955,0,0;0,2,0.9845,0,103
claim-interventional-train-01767	9	1	0	149,80,191,120,12,93,40,84,141,207,19,54,107,21,182,202,146,67,139,205,91,114,38,72,31,8,101,176,174,200,45,58,134,191,174,127	7,2,0.7035,0,249;6,4,0.1045,0,69;5,0,0.6685,3,115;7,2,0.7635,0,177;4,1,0.5505,3,147;6,4,0.7695,0,219
claim-interventional-train-01768	3	0	1	113,145,21,51,64,25,180,69,123,87,210,76,197,5,117,45,167,167,213,150,41,18,90,132,168,141,59,14,214,99,93,36,184,138,184,109	4,4,0.5265,0,164;0,2,0.3025,0,110;2,1,0.0245,0,205;3,5,0.4945,0,0;2,3,0.2835,0,196;2,2,0.5035,0,191
claim-interventional-train-01769	8	3	0	202,41,203,168,88,207,114,21,104,17,169,28,192,45,195,143,128,93,108,85,59,38,74,15,187,117,67,189,148,54,69,196,138,149,6,134	5,5,0.2635,0,7;3,4,0.3325,0,208;5,1,0.6685,0,22;1,3,0.0945,0,209;7,2,0.5675,0,23;7,4,0.4835,2,51
claim-interventional-train-01770	3	0	0	4,40,140,80,176,202,117,37,107,200,99,188,69,93,48,60,89,132,113,23,141,20,182,85,163,15,124,202,68,149,181,163,145,52,201,28	3,5,0.8205,2,95;3,3,0.1445,3,93;3,2,0.8025,0,173;7,3,0.2875,0,79;2,1,0.2285,0,178;3,2,0.9135,0,192
claim-interventional-train-01771	6	1	0	45,124,199,21,41,75,174,162,89,132,69,13,201,208,149,93,178,1,208,19,109,136,171,53,101,68,158,25,146,120,194,116,62,37,83,141	0,3,0.6945,0,170;0,3,0.3815,0,23;4,4,0.8905,0,116;2,1,0.3765,0,74;4,3,0.8055,3,158;3,2,0.1895,0,120
claim-interventional-train-01772	1	1	2	99,4,133,146,90,115,107,27,42,117,206,72,209,45,64,23,151,19,188,144,50,136,38,164,175,87,129,197,152,11,93,185,74,61,160,175	3,1,0.6345,2,60;2,4,0.4945,0,153;1,3,0.0695,3,51;1,5,0.4145,0,25;2,1,0.7565,0,34;8,3,0.1755,3,201
claim-interventional-train-01773	0	3	1	38,202,113,88,165,108,180,211,150,148,19,141,81,69,85,94,99,154,208,132,59,124,165,189,51,117,30,3,64,175,14,44,140,21,200,45	2,4,0.7335,0,99;5,4,0.9965,0,72;2,1,0.0085,0,232;8,3,0.0255,1,18;2,2,0.3485,0,134;3,2,0.9435,0,131
claim-interventional-train-01774	1	3	0	44,139,180,71,11,39,27,205,80,95,168,126,57,8,114,155,87,18,191,204,141,130,209,21,45,190,175,58,165,117,149,148,66,92,104,108	7,1,0.4505,0,130;2,5,0.9685,0,66;8,0,0.5895,2,62;7,5,0.8925,2,231;7,2,0.5335,0,227;5,0,0.6025,0,177
claim-interventional-train-01775	3	0	0	19,208,159,21,159,40,165,12,8,145,69,52,116,38,141,86,149,123,78,28,111,208,194,118,90,168,45,138,62,93,134,207,102,162,175,67	7,2,0.7105,0,185;3,4,0.1245,0,199;3,4,0.6885,0,131;5,4,0.5915,0,155;5,5,0.9005,1,13;2,4,0.4985,0,200
claim-interventional-train-01776	2	3	0	130,27,148,49,175,188,37,19,154,66,41,90,178,59,172,180,100,126,115,15,23,1,84,141,140,191,69,81,120,111,209,163,45,149,93,177	0,5,0.7295,2,80;2,3,0.3135,0,173;0,1,0.4525,0,192;8,2,0.5505,0,239;3,5,0.6675,3,55;5,0,0.8165,0,32
claim-interventional-train-01777	7	1	0	214,138,60,33,91,131,94,43,162,214,37,45,212,141,21,155,210,69,169,120,159,161,81,1,149,86,122,109,100,185,113,50,12,146,66,16	0,2,0.0165,0,20;8,3,0.7855,0,18;1,2,0.5165,0,62;8,4,0.6255,1,173;3,3,0.2135,3,18;1,1,0.5925,0,89
claim-interventional-train-01778	0	3	1	69,87,99,3,93,163,140,38,76,152,13,203,176,110,212,141,132,114,68,212,44,92,203,26,52,162,117,123,148,20,60,45,193,150,21,193	2,3,0.9855,0,41;1,4,0.8035,0,0;3,2,0.9465,0,139;3,5,0.8965,0,24;2,4,0.5675,0,201;2,2,0.9195,0,115
claim-interventional-train-01779	10	3	2	165,112,45,151,39,197,27,159,173,141,214,119,188,40,194,180,165,53,15,61,134,139,99,21,111,126,192,82,19,91,7,66,69,93,148,81	6,5,0.6025,0,6;2,5,0.0185,0,37;4,3,0.4865,0,216;8,0,0.6305,0,189;2,5,0.1715,2,47;5,4,0.7335,0,204
claim-interventional-train-01780	2	1	2	113,84,52,79,153,21,123,3,41,176,17,58,140,100,146,45,190,165,117,10,93,206,108,198,89,144,71,35,194,64,212,27,187,151,135,155	2,0,0.2685,0,3;2,1,0.3965,0,150;3,0,0.1755,2,228;6,2,0.2155,0,141;3,2,0.2005,0,172;2,5,0.8215,3,15
claim-interventional-train-01781	0	3	1	93,63,25,181,3,194,67,117,41,70,100,13,37,122,134,73,137,150,156,45,51,187,108,179,148,82,201,17,114,141,160,202,156,171,90,21	2,3,0.3705,0,18;0,3,0.2135,0,188;2,5,0.7775,1,35;0,0,0.4895,0,164;3,2,0.4985,0,22;1,4,0.3375,0,49
claim-interventional-train-01782	10	0	0	178,13,137,149,17,172,182,194,66,83,181,92,21,27,117,43,69,177,131,4,93,141,54,63,128,145,108,186,105,181,81,36,116,46,159,173	3,3,0.3075,0,34;2,2,0.6515,1,41;5,5,0.5255,0,42;8,1,0.8945,0,34;8,2,0.8825,0,212;7,1,0.3355,0,34
claim-interventional-train-01783	5	1	1	113,178,142,182,45,158,138,179,9,93,177,64,111,22,32,13,91,40,171,190,63,126,146,79,102,117,135,170,36,69,201,84,153,51,19,150	8,3,0.7065,1,252;7,2,0.0325,0,68;2,5,0.0625,0,179;6,2,0.6395,0,84;5,5,0.2555,0,159;5,5,0.5595,1,100
claim-interventional-train-01784	6	3	0	148,117,49,110,154,103,121,112,140,86,93,66,48,175,17,89,193,177,75,152,203,141,132,193,21,63,33,4,149,38,12,160,186,69,43,156	3,2,0.2015,0,16;8,4,0.6605,3,165;0,5,0.5875,0,187;2,4,0.2405,0,88;6,4,0.0865,0,134;0,2,0.8415,0,234
claim-interventional-train-01785	6	0	2	91,93,1,183,15,151,163,116,131,138,167,51,179,85,170,212,101,20,145,196,64,21,29,108,127,69,34,141,79,198,43,45,195,117,61,187	0,5,0.9265,0,62;4,0,0.7695,0,130;2,3,0.1155,0,117;6,3,0.6795,0,3;4,2,0.9475,0,255;6,1,0.4635,0,20
claim-interventional-train-01786	7	3	2	74,17,148,40,151,4,54,195,21,117,210,45,203,69,114,171,179,28,178,99,68,201,38,138,85,122,132,141,62,186,92,211,176,109,13,93	3,3,0.2205,0,99;3,4,0.0945,0,152;5,4,0.9445,0,202;1,3,0.8335,0,4;2,3,0.5985,0,245;1,2,0.4045,0,96
claim-interventional-train-01787	1	0	2	115,58,95,174,162,18,30,134,107,14,21,151,197,34,45,9,163,91,52,138,43,123,209,75,145,171,117,187,141,83,193,68,197,182,99,69	8,4,0.4705,0,36;5,0,0.7365,0,81;3,0,0.9345,0,89;2,1,0.7415,2,16;2,1,0.6535,0,141;2,4,0.5155,0,90
claim-interventional-train-01788	4	1	0	51,91,21,172,190,29,213,117,154,124,146,93,154,41,85,112,97,64,213,195,76,211,58,141,206,8,72,149,133,16,185,14,45,106,140,34	7,4,0.0145,0,156;4,0,0.3295,0,40;2,0,0.1165,3,138;3,3,0.6985,0,1;0,0,0.1485,0,88;3,3,0.8075,0,206
claim-interventional-train-01789	8	1	0	85,207,23,182,110,2,201,97,63,42,69,112,135,158,117,51,37,30,17,45,181,146,173,197,149,138,73,65,126,141,209,157,14,90,95,168	1,4,0.3615,2,242;5,3,0.5485,0,97;2,5,0.2385,0,244;0,3,0.4455,2,238;0,4,0.0355,0,197;5,5,0.5375,0,97
claim-interventional-train-01790	0	3	0	115,202,138,157,210,124,45,173,176,21,69,58,56,134,213,111,20,42,29,88,141,85,93,166,3,65,149,98,37,117,187,157,148,163,78,12	2,2,0.8715,0,87;4,3,0.4665,0,190;7,0,0.2325,0,153;5,3,0.0545,0,137;1,5,0.7565,0,113;3,4,0.5295,0,64
claim-interventional-train-01791	10	1	2	90,151,12,191,200,16,63,65,2,134,206,165,28,43,166,118,76,24,125,173,154,197,146,55,82,141,69,110,115,139,45,179,160,34,93,100	1,2,0.1795,3,239;3,0,0.6975,0,40;6,5,0.2685,0,125;3,0,0.5385,0,92;3,4,0.6505,1,227;4,4,0.7995,0,140
claim-interventional-train-01792	7	3	2	135,1,98,143,18,117,21,167,156,95,30,148,62,173,87,189,34,168,64,14,114,45,55,69,139,215,91,151,127,185,77,166,43,158,110,183	0,4,0.4825,0,247;5,0,0.7665,0,10;6,4,0.1395,0,40;4,5,0.7015,2,223;1,4,0.5055,0,112;6,5,0.6755,2,238
claim-interventional-train-01793	6	2	2	103,141,140,90,115,147,40,178,200,81,57,206,69,45,176,19,134,39,174,110,93,175,196,210,151,118,24,28,121,63,211,11,82,4,65,162	3,1,0.7365,3,87;3,5,0.1695,0,95;8,5,0.3785,0,56;8,0,0.4915,0,136;6,4,0.7845,1,121;0,4,0.9935,0,74
claim-interventional-train-01794	9	1	2	136,185,45,28,102,156,128,110,61,184,205,203,69,134,214,41,118,11,56,84,146,21,68,89,6,38,116,187,75,18,184,176,195,141,95,151	5,1,0.5495,0,209;3,4,0.2875,0,191;7,3,0.8185,0,92;2,2,0.2355,2,181;5,4,0.8095,1,207;7,4,0.0935,0,52
claim-interventional-train-01795	0	3	1	140,46,69,116,37,200,44,107,163,131,191,93,129,176,19,175,11,52,150,63,75,28,208,3,200,183,89,199,118,148,83,21,141,103,68,183	2,1,0.7675,0,85;3,3,0.9545,1,207;3,5,0.8635,0,51;2,1,0.3685,0,114;6,1,0.9065,1,172;8,1,0.8415,0,36
claim-interventional-train-01796	6	3	1	10,178,180,116,74,29,53,167,190,24,90,4,67,96,166,136,117,148,122,19,211,97,36,72,161,85,108,134,143,44,199,154,178,47,150,59	3,0,0.7085,3,122;4,2,0.9355,2,146;4,1,0.6435,3,207;1,3,0.4335,3,90;0,2,0.9295,0,194;1,4,0.0295,2,188
claim-interventional-train-01797	2	3	2	27,107,153,48,69,43,64,12,62,195,133,76,3,148,140,93,152,83,117,168,188,151,113,99,20,166,90,182,128,209,208,50,22,39,173,142	2,2,0.8085,1,25;2,5,0.7725,3,149;1,4,0.1165,0,162;3,1,0.4085,0,194;2,1,0.2835,0,217;7,3,0.9115,1,120
claim-interventional-train-01798	6	1	2	51,151,206,85,182,93,103,138,120,114,21,92,13,44,198,27,8,178,69,212,144,73,127,208,212,58,133,146,45,183,108,35,65,208,16,178	7,3,0.1255,0,174;2,1,0.9265,0,17;2,0,0.3655,0,79;0,3,0.8555,0,150;6,2,0.5345,3,137;6,3,0.4585,3,143
claim-interventional-train-01799	10	0	1	42,145,213,117,81,93,12,69,130,3,97,200,215,87,16,199,137,124,158,141,190,64,107,21,166,51,36,169,59,27,193,150,211,45,90,113	2,2,0.1355,0,44;2,2,0.4705,0,93;2,1,0.0135,0,33;8,5,0.5125,0,84;0,1,0.3145,0,14;3,0,0.2085,0,24
claim-interventional-train-01800	3	0	0	113,134,119,175,170,16,69,157,184,167,63,92,105,85,64,149,107,187,49,11,193,145,35,123,158,93,137,44,45,141,76,26,181,1,194,21	0,1,0.0975,0,64;1,1,0.8035,0,80;0,5,0.0315,0,240;3,3,0.9345,0,176;8,1,0.2935,2,173;2,4,0.2515,0,35
claim-interventional-train-01801	0	3	0	1,210,50,89,82,149,194,205,196,202,197,128,165,62,117,72,39,16,137,78,13,148,193,114,169,45,93,100,27,21,143,65,208,40,109,130	0,3,0.0615,0,45;2,5,0.0405,0,29;1,4,0.3185,3,195;5,0,0.2115,0,180;3,3,0.4135,0,42;7,0,0.2955,2,163
claim-interventional-train-01802	8	1	1	21,108,146,25,65,18,173,63,126,39,42,204,194,150,73,113,154,51,182,48,91,131,164,6,105,141,14,177,84,93,166,152,199,138,69,117	5,4,0.5185,0,43;0,5,0.5265,3,95;2,5,0.3215,0,223;0,2,0.6875,0,1;8,2,0.2555,0,241;5,1,0.4985,0,42
claim-interventional-train-01803	1	3	0	123,207,165,214,199,173,140,21,213,56,117,66,93,89,152,76,148,84,13,112,149,179,42,69,59,173,38,27,132,18,45,98,144,106,205,6	5,3,0.4785,0,131;2,4,0.5855,0,210;7,1,0.5435,0,90;3,2,0.3105,0,28;1,0,0.0945,0,49;2,2,0.9965,3,8
claim-interventional-train-01804	6	1	0	24,212,86,149,28,172,75,51,135,10,65,172,94,138,152,59,89,211,44,69,48,146,214,171,34,18,179,116,123,97,209,117,111,171,8,143	7,0,0.5175,3,167;3,0,0.9355,3,206;2,1,0.3455,0,168;2,4,0.2095,1,61;0,5,0.9375,0,177;2,5,0.5945,2,104
claim-interventional-train-01805	1	0	1	89,16,140,171,41,93,186,156,141,45,31,128,4,145,65,130,214,150,63,97,10,39,185,174,156,184,107,21,75,115,120,208,86,69,192,49	3,0,0.0245,0,242;6,5,0.2045,0,100;0,5,0.2195,0,79;2,4,0.2015,0,13;0,1,0.7905,3,239;7,0,0.8115,0,190
claim-interventional-train-01806	5	0	2	40,14,180,30,21,80,145,195,201,111,141,69,193,186,102,116,35,169,133,91,123,93,117,7,45,171,169,137,19,166,151,84,55,63,66,180	6,4,0.6435,0,247;5,1,0.1865,0,188;6,5,0.5365,0,221;7,2,0.7105,0,160;5,5,0.9265,0,92;2,3,0.3505,0,131
claim-interventional-train-01807	4	1	1	16,157,213,100,82,169,196,74,70,89,132,66,93,28,128,108,2,45,137,141,11,112,39,150,174,51,193,117,41,60,146,160,192,154,158,21	1,1,0.0855,0,61;3,5,0.2785,0,157;2,2,0.5835,1,141;1,0,0.3545,0,6;3,2,0.0175,0,166;7,2,0.3985,0,126
claim-interventional-train-01808	6	1	1	189,69,68,130,195,54,115,4,150,102,141,193,21,18,198,146,175,45,44,11,211,106,63,136,93,82,213,203,120,163,123,39,92,75,25,175	3,1,0.5565,0,70;0,5,0.9075,0,1;5,5,0.9325,0,0;2,0,0.9835,0,208;5,0,0.6985,3,173;2,0,0.1115,0,125
claim-interventional-train-01809	6	1	0	35,135,161,205,92,118,188,18,78,27,137,201,102,58,21,15,95,165,141,173,70,112,149,40,109,181,55,213,5,64,85,121,45,154,146,193	4,5,0.5085,0,50;2,1,0.0915,0,209;6,0,0.0165,1,119;5,3,0.9035,2,176;5,3,0.1515,1,164;0,5,0.3565,0,118
claim-interventional-train-01810	8	1	2	141,21,123,187,43,204,81,25,135,69,201,165,192,16,82,45,64,151,109,15,34,93,92,52,193,8,174,168,60,177,136,114,194,146,117,102	7,5,0.1205,0,134;0,0,0.6035,0,74;3,2,0.0625,0,35;8,0,0.8825,0,6;5,3,0.4605,0,145;2,5,0.1625,0,230
claim-interventional-train-01811	3	0	2	154,4,188,32,13,21,87,184,93,76,160,139,20,213,151,204,132,215,69,182,126,145,153,51,99,43,45,141,68,109,117,62,36,155,115,91	3,3,0.8965,0,108;7,2,0.7525,0,179;2,4,0.8095,0,87;3,5,0.6295,0,59;2,3,0.6935,0,211;5,2,0.6315,0,87
claim-interventional-train-01812	10	1	1	162,106,27,199,21,117,90,115,20,175,202,199,173,150,152,139,37,51,201,81,168,146,48,101,165,141,86,1,60,93,66,69,40,135,126,10	0,0,0.9915,0,38;2,3,0.0995,3,143;2,2,0.4945,0,58;8,4,0.4445,0,112;4,0,0.7675,0,138;5,5,0.7315,0,232
claim-interventional-train-01813	4	1	0	134,118,21,77,27,199,152,146,139,165,93,189,149,89,144,184,36,106,62,152,173,66,69,43,52,17,170,98,45,114,193,10,86,4,128,161	3,0,0.3015,0,60;2,2,0.7455,0,44;3,4,0.5765,0,47;4,4,0.3445,0,240;1,0,0.5355,1,71;7,4,0.6195,3,153
claim-interventional-train-01814	9	3	1	62,173,201,144,32,98,43,150,50,89,157,93,138,189,2,113,181,67,11,117,214,36,110,69,19,45,23,75,193,148,131,180,208,197,126,85	1,1,0.6525,2,54;7,2,0.6645,0,73;1,4,0.6555,0,47;2,3,0.3255,0,100;1,4,0.3565,0,193;5,1,0.4195,3,67
claim-interventional-train-01815	5	0	1	52,191,69,85,180,66,128,44,173,203,11,31,21,145,215,39,213,111,137,135,7,195,170,113,162,141,191,45,18,81,95,97,150,120,92,59	6,1,0.4195,0,129;6,5,0.8515,0,1;3,1,0.4065,0,32;8,3,0.8615,2,35;0,5,0.3475,3,147;7,5,0.2245,0,92
claim-interventional-train-01816	0	3	0	37,19,91,45,100,141,54,179,129,148,193,93,149,64,193,87,180,21,160,43,138,69,9,10,167,135,174,62,171,166,114,26,181,117,111,79	8,0,0.6195,0,122;1,3,0.6905,0,255;5,4,0.0505,0,39;6,5,0.6815,0,4;3,5,0.4735,0,18;8,5,0.4965,0,124
claim-interventional-train-01817	1	0	2	49,141,92,19,3,103,137,173,46,130,189,182,33,82,62,65,23,15,113,180,44,164,117,179,151,110,173,129,215,38,75,190,145,208,69,93	2,5,0.7695,2,125;8,4,0.8515,1,190;0,4,0.2685,0,243;2,0,0.9255,0,73;6,4,0.2135,0,81;8,0,0.3505,0,155
claim-interventional-train-01818	6	3	2	12,141,36,178,1,188,112,171,18,151,26,62,40,53,22,117,69,121,83,107,45,105,93,135,140,148,193,188,155,202,206,64,88,165,81,189	0,2,0.5895,1,234;1,2,0.1945,0,107;4,4,0.0925,0,144;8,1,0.1705,0,116;8,1,0.1285,0,79;0,5,0.9765,0,202
claim-interventional-train-01819	10	0	0	24,141,154,123,183,149,214,61,88,103,11,81,31,106,131,209,68,191,19,176,115,44,93,87,48,191,145,1,69,57,169,203,36,195,117,136	0,1,0.7485,3,2;6,2,0.8105,3,243;8,3,0.8105,0,9;8,5,0.0385,0,198;6,0,0.6395,0,185;2,1,0.1285,0,185
claim-interventional-train-01820	5	2	2	204,107,35,83,201,151,135,45,43,113,124,31,7,147,11,55,93,76,187,141,185,20,189,203,175,173,23,72,91,64,61,139,117,179,166,104	6,1,0.9315,2,152;6,1,0.6075,0,199;6,3,0.1915,3,17;3,1,0.6185,0,169;7,1,0.3305,0,91;3,5,0.6605,0,76
claim-interventional-train-01821	9	0	2	35,145,175,102,85,81,21,69,151,193,63,136,20,191,173,92,115,41,56,185,208,189,2,187,184,202,13,45,117,125,93,110,25,144,131,68	1,3,0.9885,0,235;0,1,0.3645,0,12;7,5,0.8455,0,159;8,3,0.9735,0,175;5,4,0.6755,0,232;4,1,0.0295,3,70
claim-interventional-train-01822	0	3	0	139,69,7,175,198,155,190,157,64,21,43,51,93,34,84,183,11,133,31,162,213,187,102,199,114,149,76,20,63,117,124,148,111,141,90,47	6,1,0.9535,0,52;6,0,0.6415,2,197;2,5,0.1535,0,80;3,2,0.5105,0,175;5,5,0.5235,0,110;3,3,0.6715,0,71
claim-interventional-train-01823	3	0	2	87,42,67,63,9,10,104,113,16,52,89,27,188,141,75,138,21,151,155,135,175,118,203,34,156,69,93,126,177,205,45,106,190,194,158,145	8,0,0.0415,0,19;2,0,0.5275,0,9;3,5,0.6915,0,85;2,5,0.2005,0,3;7,0,0.3305,1,90;5,5,0.5605,0,245
claim-interventional-train-01824	10	3	1	57,39,20,189,162,47,109,74,140,92,3,187,148,179,42,66,69,214,170,22,128,181,116,163,185,95,150,141,13,86,61,100,165,120,27,132	2,3,0.8365,1,108;2,5,0.5605,2,87;8,3,0.4965,0,172;1,4,0.8645,2,38;3,3,0.9305,3,35;7,2,0.9315,0,203
claim-interventional-train-01825	10	3	2	185,186,123,142,148,156,63,44,99,93,72,171,85,140,21,81,186,190,175,36,132,204,154,151,51,199,20,117,91,113,110,45,14,68,5,32	4,4,0.8515,0,50;7,2,0.9745,0,175;2,5,0.8215,3,91;8,3,0.7945,0,190;2,4,0.2105,0,55;2,2,0.8615,1,38
claim-interventional-train-01826	2	0	1	137,59,158,210,142,214,36,11,169,79,86,145,113,93,42,186,160,30,52,4,124,45,133,197,211,18,65,206,184,117,111,21,88,69,150,101	3,1,0.4395,0,178;5,2,0.5645,0,234;3,1,0.2075,0,42;6,4,0.0565,0,223;4,5,0.2055,0,110;3,3,0.3475,1,237
claim-interventional-train-01827	5	0	1	210,91,206,114,208,180,141,127,46,107,36,150,69,181,63,181,21,172,27,79,3,140,145,134,93,117,11,64,210,18,158,84,152,44,53,101	2,1,0.5375,0,94;2,2,0.9175,1,128;4,5,0.0005,0,43;6,2,0.7305,0,171;4,1,0.4685,0,155;6,4,0.8885,0,131
claim-interventional-train-01828	6	3	1	164,204,61,111,184,41,115,180,38,21,125,158,150,79,5,55,162,141,83,153,148,212,176,138,89,29,134,69,19,15,203,67,93,97,117,45	4,5,0.7875,0,20;4,4,0.2265,0,137;6,3,0.7415,0,168;6,1,0.3485,0,193;0,5,0.6695,0,164;4,4,0.5595,0,96
claim-interventional-train-01829	10	2	2	163,116,182,166,176,28,200,185,69,40,194,147,141,64,24,136,50,117,131,5,79,151,45,60,83,208,105,182,35,10,16,96,126,90,109,161	4,0,0.1985,3,215;3,1,0.0325,0,230;1,2,0.0415,0,15;6,1,0.5165,3,234;8,3,0.8265,0,27;5,1,0.0435,0,194
claim-interventional-train-01830	0	3	2	144,106,117,45,187,99,19,148,61,202,113,89,123,25,34,4,69,151,85,139,164,51,193,212,172,93,12,194,198,21,41,195,78,132,195,67	3,2,0.7005,0,138;0,0,0.3135,0,212;2,3,0.6575,0,176;5,3,0.3295,0,161;2,0,0.2135,0,181;2,2,0.7015,3,63
claim-interventional-train-01831	7	0	2	151,166,4,69,165,93,187,24,50,82,174,186,137,76,47,145,40,176,61,163,106,66,92,97,204,16,39,141,132,12,30,193,159,115,123,117	3,2,0.1965,3,32;5,5,0.1555,2,174;1,3,0.4305,0,165;3,0,0.9515,0,88;0,0,0.6775,0,182;2,2,0.3135,0,238
claim-interventional-train-01832	10	3	1	72,34,185,206,30,156,20,168,185,150,105,87,49,166,204,134,148,75,21,68,45,110,115,9,123,137,44,141,117,91,203,93,161,13,192,62	8,3,0.8765,0,81;5,0,0.8455,0,218;0,4,0.8995,3,100;2,5,0.7095,0,59;8,4,0.6245,0,0;2,4,0.3895,0,50
claim-interventional-train-01833	4	1	0	2,78,159,167,28,199,149,185,54,115,64,15,141,93,166,180,82,171,38,21,111,91,199,129,140,20,103,200,117,45,62,133,44,200,146,71	1,5,0.9225,0,163;3,4,0.9435,0,204;5,4,0.1845,2,254;5,0,0.6595,0,123;6,5,0.6205,0,99;8,3,0.8005,0,35
claim-interventional-train-01834	1	0	0	20,116,175,41,69,214,186,66,117,149,154,211,21,12,89,138,194,39,51,28,175,143,3,124,86,165,182,111,62,78,95,163,45,99,145,132	2,2,0.9685,0,215;3,5,0.2865,0,165;2,4,0.5405,0,214;5,4,0.2155,2,138;2,5,0.8815,0,215;3,2,0.5755,2,35
claim-interventional-train-01835	9	3	1	117,49,205,69,73,133,107,142,205,84,139,24,116,153,214,40,104,65,166,201,11,39,19,125,148,45,185,62,95,150,170,172,29,5,90,206	4,1,0.6875,3,207;4,5,0.0195,0,237;0,4,0.2315,0,67;0,2,0.4965,2,89;7,1,0.8505,0,134;4,3,0.6695,1,184
claim-interventional-train-01836	2	3	2	40,120,113,214,176,163,21,60,148,65,139,195,188,69,131,141,88,45,169,169,39,4,28,80,194,105,128,93,152,87,18,111,166,55,12,151	3,2,0.5725,0,241;3,5,0.1185,0,78;6,2,0.3735,0,255;7,5,0.1725,0,17;8,5,0.2675,3,244;7,1,0.7925,0,228
claim-interventional-train-01837	10	2	1	136,168,15,199,114,5,185,54,141,70,190,60,183,155,204,89,105,135,44,150,118,109,21,87,190,45,66,147,173,125,96,35,79,20,212,31	4,5,0.8325,0,141;6,1,0.8335,0,143;5,2,0.5375,1,9;6,5,0.3635,3,211;8,3,0.5465,1,29;4,5,0.0565,0,36
claim-interventional-train-01838	1	0	0	105,167,117,197,145,108,76,85,47,210,69,169,212,201,141,21,36,28,60,14,149,152,134,128,66,51,43,18,187,154,3,116,138,89,164,93	2,4,0.5825,0,144;3,2,0.6775,2,193;2,2,0.5695,0,5;3,3,0.2435,0,68;8,2,0.8365,0,92;7,4,0.5095,0,46
claim-interventional-train-01839	6	1	0	87,17,174,204,32,69,174,136,156,161,38,92,23,93,57,209,128,153,108,117,113,58,40,149,68,141,179,11,204,146,104,164,73,134,45,3	2,1,0.3585,2,134;7,4,0.0615,0,213;8,0,0.9585,0,49;0,5,0.9445,0,168;7,2,0.2265,0,253;7,4,0.1745,0,170
claim-interventional-train-01840	7	3	2	43,35,171,148,109,50,141,27,69,124,151,115,84,157,6,204,68,195,133,175,62,136,91,93,15,22,181,203,101,202,185,209,17,74,117,45	5,5,0.2935,1,29;2,1,0.6905,0,247;1,4,0.8305,0,65;1,2,0.6205,0,45;4,3,0.6875,0,206;3,3,0.0235,0,75
claim-interventional-train-01841	1	0	0	63,184,93,4,188,191,141,149,100,191,145,44,27,116,52,91,207,118,125,21,176,133,84,137,69,209,37,20,154,10,108,64,176,48,215,75	3,0,0.8435,0,234;2,3,0.9695,3,179;3,5,0.1635,0,91;2,2,0.6715,0,66;3,2,0.8135,1,216;4,3,0.3665,0,69
claim-interventional-train-01842	5	2	0	21,119,69,147,202,13,149,74,93,164,66,111,157,187,82,189,141,140,134,178,17,38,154,113,92,181,53,4,28,45,124,102,175,43,211,61	3,3,0.3015,0,16;3,4,0.6505,0,185;4,3,0.5975,0,69;1,0,0.8195,0,119;5,5,0.3095,2,56;3,4,0.8055,0,80
claim-interventional-train-01843	8	2	1	192,173,69,23,36,107,175,63,201,55,150,112,13,87,103,45,64,32,141,134,138,1,202,16,93,91,193,168,44,147,194,192,208,129,78,117	0,3,0.0405,2,21;7,2,0.9525,0,125;6,5,0.1585,0,172;5,5,0.6495,0,98;6,1,0.1045,0,24;8,4,0.4385,0,246
claim-interventional-train-01844	2	3	1	45,50,183,10,155,21,171,59,130,162,141,126,214,177,28,162,8,116,34,148,70,76,97,106,68,196,41,164,18,86,93,150,117,89,140,200	7,0,0.5265,0,186;3,0,0.3415,0,56;1,1,0.8565,1,14;3,4,0.2035,0,28;0,0,0.8975,0,19;5,0,0.8295,0,185
claim-interventional-train-01845	1	1	0	183,169,85,117,116,96,123,192,131,34,191,66,18,97,161,149,31,88,78,159,192,11,190,199,146,107,139,51,59,45,206,1,69,141,42,21	0,1,0.4185,0,79;6,0,0.5695,0,219;2,1,0.5205,0,14;5,3,0.0015,3,143;0,1,0.8625,0,18;2,1,0.6695,0,12
claim-interventional-train-01846	2	1	1	82,207,188,150,36,157,76,117,164,93,59,199,127,92,142,28,146,169,69,113,205,21,67,42,5,11,45,178,106,183,188,16,54,99,140,135	4,1,0.1435,0,189;3,2,0.4625,0,72;5,1,0.6135,0,175;3,0,0.9925,0,205;2,0,0.3885,0,23;6,5,0.9365,1,215
claim-interventional-train-01847	2	1	1	10,45,66,209,133,150,170,159,28,19,58,41,179,141,7,107,139,146,93,35,114,210,103,51,92,176,169,198,21,203,182,80,69,82,117,129	6,0,0.6425,0,98;3,1,0.3945,0,183;2,0,0.4245,0,186;7,0,0.9935,0,140;6,1,0.5465,0,21;8,3,0.7205,0,66
claim-interventional-train-01848	2	1	1	12,140,70,41,141,123,178,93,130,215,205,146,198,211,87,160,33,107,61,45,114,117,6,20,68,24,36,54,150,182,100,210,177,163,80,89	5,2,0.8675,3,190;8,2,0.2485,0,6;5,3,0.9095,1,174;7,5,0.3875,0,43;3,1,0.4025,0,158;2,0,0.8205,0,212
claim-interventional-train-01849	8	1	2	194,111,102,61,1,116,131,144,51,90,67,44,20,206,21,69,96,13,166,195,117,168,176,172,47,186,146,172,87,129,151,35,178,77,136,29	0,3,0.8555,0,119;4,1,0.8325,2,131;2,3,0.6645,0,195;4,5,0.4805,3,232;5,5,0.8375,0,125;8,1,0.1755,3,83
claim-interventional-train-01850	7	0	1	135,111,33,89,9,205,97,55,170,168,21,125,113,117,74,198,138,20,157,150,47,93,58,69,145,40,173,11,209,39,208,144,87,211,67,212	8,1,0.9115,0,156;8,5,0.0545,2,253;6,0,0.6135,0,19;1,5,0.3655,0,55;0,5,0.2075,0,238;4,5,0.5745,3,11
claim-interventional-train-01851	0	3	0	167,156,53,113,192,44,78,157,28,69,208,201,106,87,105,141,36,61,93,117,88,10,21,45,156,159,195,133,124,16,138,149,65,165,148,3	2,0,0.0675,0,240;3,2,0.9435,0,112;4,3,0.2345,0,166;5,5,0.1915,0,100;8,0,0.3095,0,114;3,3,0.5715,0,222
claim-interventional-train-01852	6	2	0	112,117,210,104,176,5,210,35,134,199,45,32,138,204,89,82,42,147,14,16,69,57,74,60,204,141,121,212,149,64,186,183,109,93,23,215	4,4,0.1055,2,220;7,1,0.4775,0,21;8,2,0.0935,0,120;1,0,0.3105,0,40;7,3,0.1605,0,18;0,4,0.4625,0,182
claim-interventional-train-01853	2	1	2	93,44,11,25,69,20,92,132,125,151,66,183,190,21,59,2,36,117,84,45,190,192,75,179,146,141,155,205,49,177,102,113,106,139,176,181	1,1,0.9965,0,171;0,2,0.9175,0,36;0,1,0.5975,0,128;2,2,0.9515,0,170;5,0,0.2735,0,116;4,2,0.6325,0,239
claim-interventional-train-01854	1	1	1	50,168,183,140,177,126,181,171,37,18,132,146,93,186,211,25,62,3,64,100,197,40,75,181,69,112,150,11,107,164,45,143,91,117,85,21	2,1,0.4775,0,150;0,3,0.0395,0,131;1,4,0.1745,0,154;2,3,0.7115,0,67;3,1,0.1245,0,85;5,2,0.9505,2,77
claim-interventional-train-01855	1	0	1	153,85,154,75,159,90,145,215,64,137,141,14,132,152,107,215,21,42,45,35,7,206,19,120,150,98,126,183,189,30,62,69,93,168,115,50	6,4,0.7175,0,100;5,1,0.5215,0,70;1,4,0.1585,0,27;2,3,0.4355,0,217;1,1,0.6125,3,143;5,2,0.3845,0,211
claim-interventional-train-01856	10	0	1	40,209,36,108,205,66,75,21,202,45,51,190,17,94,5,124,117,13,177,28,134,150,210,198,86,112,58,145,164,89,195,136,99,69,198,142	4,3,0.2665,0,219;3,2,0.0515,0,156;2,0,0.5455,0,247;2,4,0.2815,1,177;2,2,0.1105,0,200;3,4,0.0835,1,34
claim-interventional-train-01857	10	1	2	146,117,35,175,134,5,108,69,140,215,93,90,20,113,151,104,211,205,201,15,157,54,141,27,156,66,182,62,21,83,74,185,212,43,129,45	4,5,0.8265,0,24;2,1,0.6535,0,95;5,4,0.4655,0,68;1,1,0.4435,0,84;7,2,0.3125,0,93;8,4,0.8115,0,118
claim-interventional-train-01858	1	1	0	182,155,109,141,174,19,167,26,181,128,146,75,22,90,131,180,188,178,102,173,138,58,40,113,179,93,37,45,87,4,149,69,11,120,54,64	3,1,0.6045,1,6;1,3,0.1885,0,46;5,0,0.1585,0,40;2,5,0.5635,0,230;5,3,0.3565,3,23;7,1,0.5075,0,167
claim-interventional-train-01859	5	2	0	39,149,147,176,69,125,52,111,203,195,208,143,58,44,152,170,77,171,12,97,116,137,194,202,28,92,17,135,198,45,87,6,95,67,22,117	5,2,0.2575,1,237;3,5,0.8125,0,9;3,0,0.7355,0,105;4,5,0.9865,2,116;0,5,0.9035,0,150;4,5,0.3035,2,154
claim-interventional-train-01860	9	0	2	160,38,207,145,153,3,181,141,12,162,110,137,54,151,17,189,129,22,186,88,189,69,76,116,44,202,86,45,117,171,60,26,66,131,104,94	2,2,0.2195,1,52;1,4,0.8155,0,132;5,2,0.5345,0,32;3,4,0.0495,1,70;7,4,0.9705,0,60;8,1,0.2005,0,221
claim-interventional-train-01861	4	1	0	199,149,171,107,13,84,21,153,146,141,18,154,60,37,194,75,130,44,189,66,202,2,45,101,169,69,120,203,140,112,124,33,93,88,213,55	1,3,0.5655,0,11;8,3,0.8655,0,236;6,2,0.4245,0,88;2,2,0.0135,0,120;4,1,0.0095,3,240;3,0,0.9185,0,163
claim-interventional-train-01862	5	2	1	16,36,28,15,141,91,203,150,54,9,178,45,131,170,206,169,117,21,169,147,192,194,64,125,69,110,41,167,76,196,140,84,95,61,100,115	8,5,0.1685,0,28;3,2,0.2925,0,228;5,3,0.0475,0,29;3,2,0.6335,2,17;3,4,0.6525,0,159;4,1,0.8555,0,241
claim-interventional-train-01863	7	1	1	93,19,45,67,43,198,7,177,31,202,92,189,198,207,34,109,133,62,150,21,115,212,182,117,83,146,144,136,54,69,124,73,11,98,169,177	6,1,0.6825,0,209;6,0,0.6085,0,22;5,4,0.6245,0,230;0,1,0.8065,0,184;1,3,0.6395,0,137;3,3,0.0935,3,165
claim-interventional-train-01864	10	0	2	118,122,135,87,45,89,51,109,145,180,187,33,13,65,101,151,113,8,184,21,18,71,206,190,39,162,190,141,201,195,78,189,93,44,59,136	7,3,0.5805,0,43;8,5,0.9085,0,252;2,1,0.2635,2,30;5,5,0.2345,0,234;4,3,0.3585,1,35;1,5,0.0425,0,168
claim-interventional-train-01865	2	1	0	41,112,186,6,63,210,75,93,163,32,82,18,177,149,191,11,98,70,117,159,141,34,200,177,130,45,198,125,146,51,65,108,136,91,203,21	5,1,0.5055,0,58;7,0,0.3265,0,50;2,5,0.3915,1,119;2,0,0.6485,0,30;1,2,0.1685,0,189;4,0,0.1555,0,134
claim-interventional-train-01866	2	3	2	196,72,90,214,151,141,45,139,184,198,211,68,85,16,62,191,35,102,131,49,113,117,43,21,76,184,4,148,109,13,124,194,171,96,31,182	3,3,0.1185,0,138;6,1,0.6565,0,55;0,4,0.8305,3,36;3,3,0.4925,3,255;5,3,0.2245,0,218;3,1,0.6025,0,185
claim-interventional-train-01867	9	1	1	173,146,150,195,120,106,18,65,203,13,87,3,208,132,23,192,92,77,138,93,175,49,180,69,124,173,44,99,116,163,32,45,58,141,37,157	2,3,0.4655,2,255;7,3,0.9265,0,243;0,0,0.3225,0,37;4,5,0.8785,0,150;2,0,0.9815,3,39;3,2,0.5005,0,166
claim-interventional-train-01868	6	2	1	69,65,150,44,176,20,63,85,48,5,37,106,147,163,172,21,121,78,155,100,132,49,188,91,138,185,179,95,141,214,28,198,180,116,14,117	4,4,0.8395,0,229;3,3,0.8145,3,173;0,5,0.2775,0,211;5,3,0.6195,2,136;3,0,0.9135,0,13;0,2,0.4865,0,197
claim-interventional-train-01869	6	1	2	16,88,27,136,132,2,127,21,79,104,156,198,146,198,171,170,117,49,69,169,151,84,14,169,41,45,35,191,142,187,110,65,60,215,112,93	1,4,0.1205,0,28;2,1,0.2375,0,175;0,2,0.3415,0,0;6,2,0.1485,0,187;7,4,0.1345,0,126;6,2,0.1095,1,41
claim-interventional-train-01870	1	1	1	14,35,190,166,58,196,130,44,21,180,117,146,178,75,88,124,93,108,45,143,33,3,207,172,150,65,51,177,177,20,69,206,139,99,85,116	2,4,0.8995,0,152;8,1,0.9575,0,213;2,0,0.3195,0,161;2,3,0.0335,0,250;2,2,0.9565,0,186;3,0,0.6645,2,46
claim-interventional-train-01871	10	1	0	117,44,69,8,100,45,81,86,193,20,13,207,132,21,38,61,54,175,187,90,125,106,139,149,176,146,190,175,182,93,154,29,142,152,112,65	7,3,0.8465,0,248;4,4,0.8825,0,50;5,3,0.2335,0,82;8,4,0.5485,0,62;3,0,0.0975,0,108;4,2,0.6585,1,100
claim-interventional-train-01872	6	1	1	19,75,146,38,109,96,91,67,41,132,46,62,190,29,120,8,87,176,150,174,193,141,207,69,49,189,137,214,12,100,113,164,127,187,211,21	7,2,0.7575,0,134;4,4,0.3065,1,197;0,4,0.6315,0,254;2,5,0.6945,3,199;3,3,0.3495,3,76;6,2,0.3045,0,255
claim-interventional-train-01873	3	0	1	137,93,19,15,92,45,194,107,173,161,120,132,27,150,62,198,64,85,142,43,190,76,23,211,179,99,113,69,165,50,193,38,163,124,1,145	0,5,0.6145,2,228;2,4,0.7145,0,231;1,4,0.0685,0,98;3,3,0.8575,0,77;2,1,0.3725,3,246;3,2,0.3245,1,7
claim-interventional-train-01874	9	2	0	149,60,87,69,203,12,170,121,186,181,181,33,147,140,21,34,98,172,45,68,93,135,7,114,175,80,20,162,197,55,92,141,176,43,109,117	6,2,0.8225,0,131;8,0,0.6495,0,48;6,2,0.9065,0,137;7,5,0.8025,0,27;1,3,0.5655,0,89;0,5,0.8145,0,186
claim-interventional-train-01875	4	1	2	22,88,69,133,124,151,117,43,49,75,139,171,183,59,15,203,195,100,37,144,146,154,174,106,174,9,93,45,28,185,67,190,86,19,112,190	8,5,0.7365,1,165;3,3,0.6945,0,26;0,1,0.6795,0,214;2,4,0.1185,0,223;3,0,0.0275,0,221;3,3,0.7835,3,167
claim-interventional-train-01876	0	3	0	169,65,58,14,198,171,125,30,167,157,76,117,113,69,215,17,98,185,92,143,132,82,153,5,155,52,149,106,159,137,148,93,45,23,38,41	4,4,0.2635,2,62;5,4,0.2205,0,140;3,0,0.3455,0,94;3,0,0.8605,0,129;1,0,0.3925,0,176;4,2,0.2065,2,157
claim-interventional-train-01877	1	1	1	34,64,76,69,87,117,113,51,44,175,215,175,141,204,62,17,132,95,180,103,15,157,146,182,111,3,185,25,195,45,139,21,150,171,88,126	2,5,0.2015,0,154;0,0,0.9935,0,111;2,4,0.1415,0,118;3,5,0.0855,2,232;6,5,0.3835,0,48;5,2,0.7915,0,107
claim-interventional-train-01878	0	3	0	67,135,93,20,46,109,92,117,116,200,24,148,200,44,141,82,69,80,211,149,194,11,127,25,54,187,188,158,181,61,35,180,7,139,100,173	6,1,0.9495,3,239;0,1,0.8045,1,14;5,3,0.7365,0,197;7,0,0.9765,0,149;3,3,0.9525,0,32;6,5,0.7975,0,138
claim-interventional-train-01879	7	0	2	21,95,145,154,44,140,4,141,201,85,11,62,69,99,192,122,48,117,109,56,151,184,179,207,28,113,176,65,18,88,34,79,212,134,210,180	3,1,0.4175,0,129;3,0,0.9605,3,230;7,4,0.2885,0,121;6,3,0.0875,2,223;2,3,0.3435,0,125;1,4,0.8945,0,32
claim-interventional-train-01880	0	3	0	60,38,45,169,3,122,137,131,149,83,51,114,181,91,100,93,208,24,176,111,14,20,69,148,80,178,180,157,31,68,141,117,154,201,44,185	2,4,0.9895,3,170;6,4,0.8485,0,165;2,2,0.8985,0,74;7,1,0.7345,0,2;3,5,0.5765,0,248;1,1,0.2035,0,249
claim-interventional-train-01881	6	3	1	29,80,157,150,1,46,117,87,139,185,43,141,152,194,131,186,127,116,90,97,68,93,148,62,205,21,14,203,186,198,106,49,37,20,69,208	0,4,0.9115,0,43;4,3,0.7705,1,150;0,4,0.9925,0,1;7,5,0.4695,0,100;0,0,0.9655,0,55;6,1,0.7205,0,20
claim-interventional-train-01882	7	3	2	12,86,61,116,21,139,141,163,91,65,117,189,135,191,40,181,161,45,17,151,27,161,187,154,111,35,123,148,186,197,74,69,6,93,98,50	5,2,0.3675,0,235;2,1,0.0445,0,253;1,3,0.2185,0,44;1,4,0.7555,0,83;1,5,0.9455,0,27;2,5,0.7675,0,112
claim-interventional-train-01883	3	0	0	68,69,21,77,205,178,11,99,181,83,59,171,145,115,187,50,203,39,2,166,138,124,19,45,134,106,188,172,90,117,141,28,96,149,183,41	1,1,0.6975,0,159;3,5,0.2015,0,181;1,1,0.9735,0,92;4,1,0.5445,3,121;2,0,0.6345,0,139;3,4,0.5955,0,188
claim-interventional-train-01884	1	3	1	174,148,206,139,181,47,85,215,99,69,77,91,150,93,3,34,106,207,132,152,21,152,20,195,121,141,26,67,174,14,114,117,188,41,55,59	2,4,0.8435,0,94;1,0,0.2625,2,30;6,1,0.7135,0,16;4,3,0.6295,0,56;2,0,0.5975,0,123;0,2,0.6855,0,187
claim-interventional-train-01885	9	3	0	106,38,177,131,94,21,79,183,162,204,186,72,18,52,8,148,117,83,14,210,166,63,197,105,40,122,113,149,157,88,137,65,205,32,45,141	7,4,0.4735,0,199;7,4,0.1565,0,224;3,5,0.2245,3,230;6,1,0.0125,1,143;8,0,0.3445,0,61;1,1,0.3305,0,139
claim-interventional-train-01886	8	0	1	191,117,83,18,67,106,40,93,185,166,61,69,113,145,31,193,101,45,4,150,88,73,195,133,215,54,169,34,141,168,197,136,21,14,124,195	3,4,0.5135,0,217;6,0,0.1165,0,15;5,3,0.6605,0,102;0,1,0.0955,0,207;4,0,0.3425,0,236;3,3,0.0785,0,14
claim-interventional-train-01887	10	1	2	212,167,79,135,188,63,69,203,36,190,136,162,24,2,108,17,53,43,112,180,123,209,25,94,87,151,146,45,14,66,199,91,141,97,192,117	1,4,0.2855,3,8;0,2,0.6935,0,250;4,5,0.4205,0,225;6,5,0.7595,1,58;0,2,0.1885,0,174;2,5,0.0275,0,133
claim-interventional-train-01888	6	3	1	60,161,84,108,121,196,95,200,150,200,117,68,89,105,166,141,140,179,55,11,36,70,148,40,168,16,4,180,29,22,76,112,160,132,167,45	3,1,0.1685,1,113;4,2,0.0515,0,49;6,2,0.8505,1,160;3,2,0.3935,2,133;8,2,0.0155,0,21;0,2,0.9485,0,238
claim-interventional-train-01889	7	1	1	136,70,125,201,18,93,206,117,170,66,141,169,76,159,88,208,98,84,194,146,159,107,150,7,202,37,45,23,133,155,113,10,40,60,30,56	6,0,0.5805,2,208;5,3,0.1865,0,147;7,2,0.5935,1,199;3,2,0.1865,0,41;1,1,0.2115,0,25;4,3,0.0235,0,154
claim-interventional-train-01890	10	3	1	150,209,33,175,87,88,202,148,117,66,123,21,58,69,169,154,5,175,109,93,56,19,141,100,37,139,170,196,134,45,42,202,13,81,154,115	4,3,0.7775,0,82;8,3,0.5075,0,10;7,0,0.5005,0,63;8,5,0.1435,0,19;3,3,0.6705,0,169;2,4,0.6325,0,2
claim-interventional-train-01891	4	1	0	192,182,80,101,149,204,118,64,110,165,42,4,89,82,53,21,115,141,28,45,123,208,93,156,138,39,10,146,198,209,157,69,59,16,132,200	3,0,0.0765,0,68;3,5,0.4085,0,198;4,1,0.1765,0,244;7,0,0.3465,0,140;4,4,0.6575,1,135;2,2,0.4025,0,33
claim-interventional-train-01892	5	2	2	115,93,141,47,41,28,69,76,38,151,194,152,52,211,164,135,195,24,193,147,215,62,13,117,19,85,88,152,136,129,66,110,179,101,195,4	3,3,0.7445,3,58;3,4,0.2195,2,198;3,4,0.5025,0,16;3,3,0.0205,0,159;4,4,0.7015,0,106;8,5,0.0255,0,17
claim-interventional-train-01893	1	1	2	146,58,153,36,27,89,214,127,184,170,42,10,21,16,115,5,55,131,199,93,45,215,87,151,66,76,139,69,141,165,107,214,99,155,188,117	4,0,0.0125,0,254;2,2,0.4745,0,165;6,0,0.5215,0,215;3,5,0.3255,0,187;2,1,0.7425,0,202;6,1,0.6265,0,105
claim-interventional-train-01894	2	0	1	204,194,34,129,145,69,204,84,195,14,68,117,93,88,49,203,199,98,76,134,45,161,18,44,170,4,112,150,143,175,32,59,110,192,21,136	3,4,0.5575,0,87;7,0,0.9315,0,84;0,1,0.8675,0,8;3,2,0.0655,0,48;1,4,0.0945,0,180;8,4,0.1585,2,222
claim-interventional-train-01895	9	0	2	13,209,100,42,56,120,152,93,38,214,69,92,115,155,141,167,73,47,21,145,129,29,132,86,162,190,63,211,110,196,138,151,66,4,17,209	3,3,0.3235,0,13;4,4,0.5995,2,0;7,5,0.5995,0,23;0,4,0.8045,0,43;3,4,0.6725,3,236;8,2,0.4425,0,21
claim-interventional-train-01896	1	1	2	60,214,117,136,151,157,11,51,161,19,130,124,76,113,45,193,109,91,27,87,68,157,146,154,206,169,69,97,142,93,44,180,39,160,23,2	1,1,0.6315,2,159;2,5,0.8805,0,112;2,2,0.9495,0,147;3,5,0.6415,0,225;0,3,0.3335,0,176;3,0,0.1955,1,41
claim-interventional-train-01897	5	3	1	21,139,28,150,80,116,212,110,83,11,117,71,54,7,154,201,45,123,141,62,90,96,172,183,152,38,130,103,41,18,152,148,67,184,179,168	6,1,0.5625,0,69;3,4,0.2775,0,189;5,4,0.6865,2,111;7,1,0.4755,3,80;6,4,0.8215,0,101;2,0,0.6825,0,30
claim-interventional-train-01898	2	0	0	48,140,102,159,156,174,128,141,20,184,10,21,119,110,189,57,131,194,88,166,156,44,3,60,31,38,94,177,82,73,114,145,207,69,68,149	2,0,0.8165,0,200;6,4,0.9895,3,211;8,2,0.9795,0,169;0,0,0.1035,1,186;5,4,0.4005,2,139;7,1,0.9115,0,34
claim-interventional-train-01899	1	3	1	175,171,52,123,84,21,69,45,93,107,210,11,116,166,182,89,195,196,120,34,43,67,104,17,58,166,141,31,150,170,148,138,3,168,81,135	2,1,0.2335,0,156;6,0,0.7495,0,126;3,0,0.6235,0,163;8,2,0.3895,0,51;7,1,0.8765,3,203;2,5,0.5385,0,68
claim-interventional-train-01900	2	0	2	212,52,151,90,145,109,103,186,15,45,141,138,76,193,8,117,38,210,192,40,61,130,161,20,93,69,112,32,197,198,64,24,122,184,83,214	7,5,0.8635,3,60;7,4,0.1365,0,137;3,3,0.1185,0,121;3,1,0.4185,0,30;6,3,0.0265,0,165;1,0,0.4575,0,250
claim-interventional-train-01901	5	0	2	69,79,209,124,143,38,22,117,115,40,15,137,102,184,171,2,84,213,208,65,134,106,162,92,168,26,17,95,45,151,157,200,55,145,61,180	1,5,0.3715,1,171;1,4,0.0305,0,197;6,3,0.3745,0,108;6,2,0.9365,2,140;5,0,0.7595,0,174;3,4,0.2645,2,172
claim-interventional-train-01902	5	0	1	47,138,69,4,156,155,209,55,43,39,108,87,21,113,145,160,157,207,80,127,90,204,10,62,150,93,118,141,105,133,177,19,196,68,28,171	3,0,0.7875,0,81;3,5,0.7505,2,35;6,4,0.9125,0,100;7,5,0.5925,0,165;8,2,0.3705,1,154;6,3,0.4355,0,238
claim-interventional-train-01903	2	2	0	106,163,76,83,132,39,168,149,206,114,41,100,20,212,117,64,52,152,160,141,124,189,93,137,45,147,4,29,174,70,21,170,91,12,164,61	3,2,0.8755,0,203;4,5,0.3895,0,232;3,3,0.1825,1,14;3,1,0.7435,0,114;3,0,0.4945,0,52;3,2,0.3025,0,27
claim-interventional-train-01904	9	0	2	52,136,59,20,151,93,210,14,117,168,69,169,67,134,114,159,167,141,42,23,36,111,1,145,30,89,122,75,167,45,185,173,189,104,198,82	0,4,0.8145,2,123;5,2,0.5385,0,212;3,1,0.7305,0,181;2,0,0.3225,0,160;7,5,0.5045,0,86;1,4,0.1545,0,94
claim-interventional-train-01905	2	0	2	16,114,145,110,64,152,160,182,58,117,76,36,93,132,164,84,21,124,56,139,15,163,42,153,45,191,151,199,156,165,141,69,97,7,25,90	6,5,0.1695,0,244;0,2,0.5435,0,46;7,0,0.0225,0,80;3,2,0.5265,0,155;0,4,0.4935,0,112;3,2,0.7835,0,173
claim-interventional-train-01906	5	3	0	39,113,101,190,15,153,117,66,21,180,58,45,182,17,209,109,92,127,85,141,49,164,93,140,186,31,1,215,148,42,149,69,78,166,131,187	0,5,0.3705,0,186;6,5,0.5415,0,192;0,0,0.4595,0,93;5,3,0.9625,0,97;4,3,0.2145,0,75;6,1,0.9735,0,106
claim-interventional-train-01907	1	3	0	88,93,124,198,141,102,190,164,203,76,202,200,63,15,45,38,138,180,149,3,66,206,116,201,194,148,51,24,69,17,117,132,85,41,26,108	2,5,0.2855,3,14;1,4,0.2875,0,100;2,5,0.5685,0,133;3,3,0.0155,0,50;5,2,0.9595,0,240;3,2,0.4085,0,19
claim-interventional-train-01908	0	3	2	136,184,41,14,89,109,18,117,69,61,191,156,21,202,8,27,154,141,96,124,67,78,154,148,215,37,84,194,53,100,151,200,116,45,212,132	7,4,0.4475,0,62;2,3,0.2785,0,55;4,3,0.7225,0,145;5,2,0.3005,3,20;3,3,0.8765,0,239;3,2,0.0075,0,240
claim-interventional-train-01909	6	3	1	93,108,6,139,51,194,185,186,69,15,73,20,171,113,45,150,83,24,37,171,122,188,141,59,117,148,25,201,65,197,177,88,191,132,102,44	5,5,0.8085,3,160;0,3,0.9895,0,250;2,1,0.2495,0,167;0,1,0.1505,0,255;5,2,0.3785,0,237;1,2,0.7655,0,178
claim-interventional-train-01910	5	2	0	178,35,140,141,131,107,161,92,33,102,81,20,147,152,45,154,158,56,69,15,179,161,61,85,192,204,40,149,93,125,67,21,120,162,4,115	3,5,0.9415,0,0;8,1,0.0495,0,144;7,3,0.7815,0,186;8,3,0.9625,0,155;5,1,0.7295,3,113;4,1,0.8935,0,110
claim-interventional-train-01911	6	0	1	79,197,3,132,67,21,189,112,16,33,165,108,42,190,201,163,117,150,92,173,126,83,10,159,93,145,213,142,69,100,49,37,45,208,61,138	2,0,0.0485,0,57;8,3,0.5655,0,38;0,3,0.6935,0,124;6,1,0.9135,0,112;3,2,0.0595,0,229;5,2,0.5155,1,71
claim-interventional-train-01912	2	1	1	16,21,100,81,67,168,32,60,201,42,150,34,176,184,49,117,167,196,93,9,141,137,113,45,69,188,134,15,127,110,89,146,207,83,166,161	8,5,0.0835,0,69;7,0,0.4475,0,54;0,2,0.6185,0,116;8,1,0.2485,0,77;3,4,0.2185,0,125;6,4,0.3965,0,178
claim-interventional-train-01913	0	3	0	107,100,62,117,52,152,27,209,88,214,183,17,87,14,35,178,157,125,163,132,8,21,141,41,93,116,136,79,183,68,199,215,69,149,148,45	7,4,0.2605,0,132;2,1,0.2465,0,88;3,4,0.9715,0,219;6,5,0.1825,0,172;3,1,0.8835,0,194;4,2,0.1895,0,130
claim-interventional-train-01914	8	3	1	165,104,117,141,136,42,18,148,150,6,73,190,172,93,214,15,45,122,51,107,194,26,200,163,161,112,21,89,38,135,83,183,67,70,180,58	5,5,0.5395,0,193;1,4,0.4555,0,243;2,0,0.6815,1,72;0,1,0.2995,0,140;7,1,0.0715,0,106;1,5,0.0905,0,234
claim-interventional-train-01915	5	2	0	141,20,66,35,108,115,196,89,85,45,184,197,72,60,191,205,189,138,2,149,77,162,22,117,135,14,101,208,124,93,52,185,147,43,28,196	1,4,0.9335,1,31;3,1,0.6295,0,238;3,2,0.5425,3,46;4,3,0.3515,0,151;4,2,0.7125,0,90;3,5,0.5975,0,89
claim-interventional-train-01916	10	0	2	90,199,167,43,203,93,117,69,168,154,45,61,102,151,133,12,9,35,174,67,78,161,28,86,137,108,141,21,152,162,198,125,116,145,49,19	8,2,0.6265,0,249;3,1,0.6535,0,19;0,3,0.7015,0,163;5,4,0.5815,0,76;5,2,0.8405,0,29;4,3,0.2365,0,208
claim-interventional-train-01917	6	0	1	196,150,21,20,182,93,32,14,79,67,197,131,41,113,213,61,144,1,110,201,145,156,49,117,139,163,127,100,189,36,87,163,194,90,69,47	0,4,0.8455,0,200;7,2,0.2825,2,9;0,3,0.6605,0,237;6,5,0.5145,0,239;3,4,0.2705,0,152;6,1,0.7145,3,111
claim-interventional-train-01918	1	0	0	89,16,185,173,55,145,185,113,139,164,11,45,72,130,93,103,61,124,149,176,85,39,41,178,75,141,169,4,33,64,157,118,21,153,107,203	3,1,0.0725,0,210;8,5,0.3245,0,249;6,3,0.1445,3,125;2,3,0.2415,0,133;6,1,0.3485,1,166;3,0,0.7825,0,181
claim-interventional-train-01919	0	3	1	137,72,120,88,102,80,150,133,124,85,174,66,141,194,23,203,201,175,198,212,113,172,15,28,46,148,40,176,62,160,39,6,109,57,93,16	5,5,0.0875,2,229;3,5,0.1595,1,159;8,4,0.4185,3,220;7,3,0.0035,0,24;5,3,0.2775,3,107;3,3,0.3945,0,173
claim-interventional-train-01920	8	0	1	20,127,107,143,153,76,155,208,130,169,45,63,69,39,13,99,140,209,203,89,117,150,87,43,4,64,93,214,210,23,145,188,113,56,155,30	3,3,0.8045,2,150;5,5,0.7625,0,45;7,5,0.1295,0,238;3,5,0.3955,0,123;2,1,0.2765,0,144;6,0,0.9845,2,239
claim-interventional-train-01921	9	2	1	205,58,73,52,165,206,150,197,4,38,16,45,147,186,112,124,136,42,82,141,92,166,93,64,119,107,196,135,203,203,10,97,32,21,71,186	3,0,0.0955,0,105;7,4,0.4115,0,184;3,0,0.0345,2,183;0,0,0.9255,0,188;0,1,0.0965,2,213;3,5,0.1005,0,229
claim-interventional-train-01922	3	0	0	133,11,186,111,94,156,136,210,141,4,117,116,197,201,18,173,89,100,48,149,157,178,83,165,73,69,21,29,52,199,127,62,64,38,145,40	3,1,0.5835,0,82;4,4,0.0415,3,171;3,4,0.0115,0,13;0,1,0.2615,1,19;3,5,0.8745,0,234;6,3,0.1945,0,15
claim-interventional-train-01923	8	0	1	92,190,140,164,112,82,6,48,29,20,66,81,54,130,179,175,69,41,93,63,141,199,179,109,206,39,11,185,145,207,21,169,117,150,99,123	5,1,0.8005,0,204;4,5,0.2885,3,142;5,5,0.5865,0,167;8,0,0.8915,0,72;2,3,0.1695,0,206;2,0,0.9205,0,237
claim-interventional-train-01924	2	1	2	117,163,28,79,44,163,68,60,140,211,69,163,109,151,146,51,122,85,115,10,95,102,36,16,45,160,88,205,159,187,185,132,144,3,21,190	2,0,0.0955,0,116;3,2,0.8835,0,194;2,2,0.8715,0,125;6,3,0.1325,2,215;5,3,0.6715,0,224;1,2,0.9265,3,164
claim-interventional-train-01925	6	1	2	151,120,182,3,86,159,34,69,199,161,116,21,177,93,187,10,88,146,110,172,76,59,19,45,40,66,156,99,141,121,32,185,135,158,52,138	2,0,0.6615,0,140;7,0,0.1315,0,178;3,1,0.4605,0,154;3,4,0.1315,0,43;2,4,0.9215,3,254;0,5,0.5045,0,250
claim-interventional-train-01926	5	3	1	139,186,207,21,184,193,8,69,13,178,89,19,117,44,194,84,81,113,55,126,193,150,199,199,97,63,38,66,143,133,93,173,108,48,148,27	7,3,0.7905,0,160;2,4,0.8795,3,42;6,5,0.4605,0,90;8,2,0.2075,0,120;0,2,0.2705,0,97;5,3,0.6625,2,111
claim-interventional-train-01927	0	3	2	21,89,179,94,171,167,43,116,196,98,61,10,155,215,83,117,51,128,195,70,204,138,178,81,143,134,67,148,151,28,37,110,19,192,3,45	2,0,0.6545,0,70;3,3,0.7635,0,239;2,3,0.7325,1,61;8,1,0.2545,1,74;1,4,0.9685,0,245;7,4,0.4395,2,201
claim-interventional-train-01928	2	1	2	211,93,44,211,106,181,29,133,197,137,98,8,39,47,49,160,114,19,151,129,119,144,21,60,194,77,70,89,146,167,213,10,182,159,68,83	7,0,0.6685,0,150;4,5,0.8145,2,8;0,2,0.9935,1,154;4,1,0.2075,0,212;1,0,0.5775,2,134;8,3,0.2725,3,161
claim-interventional-train-01929	1	0	2	169,168,171,3,45,182,158,95,170,82,12,161,123,193,69,20,141,117,151,25,175,43,107,145,56,38,60,116,21,100,135,139,89,77,64,193	2,2,0.8355,0,208;0,4,0.7215,0,181;7,2,0.1335,0,109;4,0,0.3045,2,88;3,1,0.9865,0,168;2,5,0.6945,0,87
claim-interventional-train-01930	5	2	2	138,117,69,209,168,89,147,31,158,39,84,166,159,42,187,134,151,93,57,61,80,184,23,64,45,141,101,124,114,20,200,106,8,198,212,13	7,3,0.9235,2,140;6,5,0.5665,0,182;8,3,0.1045,0,207;7,2,0.2545,0,3;4,0,0.5435,0,160;3,4,0.5085,0,194
claim-interventional-train-01931	2	3	2	69,148,96,35,186,52,206,129,92,20,201,202,21,11,197,32,87,104,60,151,107,45,159,137,117,190,160,7,214,75,113,135,144,43,188,65	6,1,0.9095,0,132;7,1,0.7965,0,135;3,2,0.2175,0,47;2,5,0.8265,3,163;7,1,0.2055,0,226;8,5,0.2855,3,9
claim-interventional-train-01932	1	1	1	90,144,22,4,134,87,40,63,204,165,27,178,150,72,75,186,67,123,184,34,192,210,191,113,108,57,136,117,154,10,97,177,93,45,146,20	3,0,0.8275,1,218;2,0,0.1965,0,39;8,5,0.7235,3,130;2,5,0.4475,0,233;0,2,0.3585,0,40;2,4,0.0785,3,147
claim-interventional-train-01933	5	1	1	35,25,146,150,66,200,133,13,62,155,194,161,21,118,206,182,153,113,75,7,71,93,83,40,138,45,111,144,91,129,54,178,18,103,193,178	6,3,0.5395,0,8;0,1,0.0895,0,9;5,4,0.4935,2,146;2,1,0.6015,0,101;6,5,0.3825,1,89;8,3,0.4515,3,4
claim-interventional-train-01934	8	1	1	198,158,164,117,61,168,113,210,141,21,82,45,136,12,69,107,26,104,40,150,54,155,132,79,16,124,146,93,90,181,202,38,197,8,174,65	7,2,0.0095,0,89;1,4,0.0605,0,36;5,3,0.3375,0,58;6,0,0.5955,0,98;7,1,0.3365,0,76;3,2,0.1135,0,107
claim-interventional-train-01935	7	0	0	94,157,37,155,65,21,33,107,210,69,86,2,136,89,213,18,119,112,80,57,173,129,203,45,145,15,160,152,203,58,142,41,130,149,102,207	1,5,0.4475,0,0;8,3,0.2515,0,112;8,0,0.2925,0,244;7,4,0.2665,1,84;5,1,0.1645,2,106;8,0,0.1645,1,64
claim-interventional-train-01936	0	3	0	215,64,100,69,136,126,76,52,162,89,21,45,188,82,16,62,149,131,167,196,210,106,175,116,142,13,117,30,178,148,154,93,37,7,205,40	6,3,0.1115,0,145;5,3,0.0725,0,173;3,4,0.0195,0,79;3,0,0.2855,0,51;3,0,0.9425,0,250;5,1,0.1215,1,32
claim-interventional-train-01937	0	3	0	52,195,120,44,192,181,157,141,91,20,208,186,124,66,184,82,45,27,69,194,93,39,115,139,213,81,101,135,202,148,10,21,4,60,108,149	3,0,0.8605,0,87;2,5,0.8915,0,85;3,2,0.5255,0,5;8,0,0.7165,0,201;4,2,0.7095,3,149;3,5,0.6675,0,138
claim-interventional-train-01938	6	3	0	111,97,90,41,115,149,29,160,171,140,132,204,5,93,21,80,86,10,148,69,177,199,141,208,194,212,117,39,65,188,45,61,16,189,123,52	4,0,0.1355,0,45;4,5,0.3635,0,220;3,3,0.2485,0,90;7,4,0.4155,0,69;0,5,0.7835,0,128;2,2,0.9545,0,26
claim-interventional-train-01939	1	1	0	12,43,32,7,130,146,203,45,125,190,84,18,76,141,93,117,170,105,51,21,63,109,113,191,136,167,149,89,180,166,205,152,34,69,67,202	6,2,0.4385,0,21;7,0,0.7495,0,125;2,5,0.6715,0,33;3,2,0.3455,0,36;8,3,0.3585,0,84;4,0,0.0155,0,137
claim-interventional-train-01940	5	2	0	116,206,149,201,45,134,127,4,91,194,213,65,191,197,43,107,93,31,140,177,154,21,215,76,53,83,69,142,12,117,147,100,36,193,18,62	3,2,0.5045,0,90;6,2,0.6905,0,149;4,4,0.2555,0,33;3,1,0.7915,0,89;3,1,0.9995,0,178;6,4,0.9685,1,226
claim-interventional-train-01941	9	0	2	186,109,196,45,133,36,11,32,174,171,49,65,145,141,70,136,103,82,91,192,151,129,166,58,96,117,170,163,43,7,23,19,113,80,215,191	6,1,0.7715,2,103;7,2,0.6905,0,44;0,0,0.3745,1,58;7,0,0.6535,3,53;6,3,0.3465,0,225;8,3,0.0955,0,32
claim-interventional-train-01942	1	0	0	93,83,109,8,10,188,21,201,26,65,92,76,69,165,198,145,97,43,35,139,58,195,171,176,113,141,149,117,173,51,134,19,211,123,45,161	7,0,0.6835,0,155;1,1,0.7285,0,7;2,0,0.3965,0,12;3,1,0.8795,0,255;0,3,0.3065,0,243;2,4,0.7265,0,188
claim-interventional-train-01943	3	0	2	89,19,87,200,34,155,12,115,54,141,165,132,139,171,61,117,42,158,168,6,145,106,172,67,165,24,151,183,27,124,190,45,104,69,76,93	5,2,0.6925,3,162;2,0,0.5325,0,209;5,3,0.6735,0,0;3,5,0.2595,0,33;7,0,0.7725,0,85;3,2,0.6715,0,69
claim-interventional-train-01944	5	2	1	178,144,45,36,150,117,181,85,155,11,196,66,157,81,160,17,22,203,25,124,137,131,93,43,69,200,147,90,107,212,61,103,52,158,5,115	4,1,0.3195,1,119;0,2,0.6065,0,211;3,3,0.5405,0,220;8,3,0.4755,0,77;6,1,0.6725,0,185;3,1,0.2375,3,223
claim-interventional-train-01945	1	0	0	181,127,133,139,69,18,45,178,92,83,51,113,174,2,141,205,161,43,103,194,35,12,33,21,76,66,117,201,156,62,167,93,145,110,214,149	1,2,0.5905,0,64;8,1,0.6115,0,182;2,4,0.5345,0,157;3,1,0.9175,0,112;6,4,0.2725,0,111;6,3,0.6595,0,15
claim-interventional-train-01946	10	0	0	72,10,9,117,168,41,135,76,190,56,89,47,190,115,111,36,61,125,17,145,93,210,208,182,140,166,199,214,143,190,21,149,64,33,101,85	8,0,0.2215,0,127;8,2,0.2945,2,14;7,3,0.1615,3,236;3,3,0.3585,0,145;4,5,0.6305,0,170;4,5,0.9915,2,226
claim-interventional-train-01947	2	3	0	176,19,11,44,141,21,93,158,185,130,159,100,57,116,166,159,117,35,84,59,29,69,207,3,108,149,129,64,91,45,139,148,203,81,206,199	2,1,0.7825,0,126;4,1,0.8405,0,185;8,1,0.0525,0,236;8,2,0.7205,0,175;3,2,0.9105,0,105;8,0,0.6015,0,70
claim-interventional-train-01948	9	0	2	91,19,93,186,151,191,128,59,22,2,211,179,110,163,213,117,69,50,138,191,167,141,34,145,40,104,14,180,45,65,75,191,114,135,29,86	1,4,0.6855,1,75;4,0,0.0045,0,162;1,1,0.3545,0,62;2,4,0.6055,0,117;7,4,0.5355,0,31;7,5,0.4775,0,175
claim-interventional-train-01949	9	0	0	21,195,8,138,183,44,34,45,145,149,16,59,191,27,168,129,209,176,142,79,117,90,183,161,111,93,55,211,83,70,104,116,133,11,168,65	7,1,0.1375,0,122;2,0,0.8065,0,142;6,1,0.3345,1,60;6,1,0.5075,0,154;7,5,0.8945,0,161;8,3,0.4195,1,38
claim-interventional-train-01950	3	0	0	141,110,178,138,161,82,129,95,62,69,183,28,23,78,205,188,165,211,145,149,135,52,14,5,157,44,103,91,113,35,202,160,67,18,118,45	4,4,0.5275,2,181;3,1,0.9765,0,165;3,4,0.6055,0,73;5,0,0.6785,2,146;6,4,0.2375,1,86;8,5,0.4885,0,164
claim-interventional-train-01951	4	1	0	65,165,82,69,4,62,202,90,34,141,156,192,93,78,163,204,15,102,204,130,191,49,123,149,44,117,21,107,180,136,45,18,146,116,25,157	3,5,0.5125,0,148;0,0,0.8595,0,91;0,4,0.2865,0,199;5,0,0.4985,0,127;5,1,0.9835,0,12;2,0,0.1315,0,99
claim-interventional-train-01952	9	0	2	64,181,38,141,207,137,21,151,112,87,153,88,182,111,194,52,69,104,128,6,160,214,32,181,73,44,18,59,12,145,117,133,177,162,45,93	5,2,0.5955,0,14;7,4,0.8615,0,233;3,1,0.1185,0,126;0,5,0.0975,0,12;7,5,0.1325,0,198;7,3,0.2985,0,108
claim-interventional-train-01953	2	3	2	72,64,184,12,151,164,35,184,132,126,197,86,107,28,46,186,8,63,161,183,44,141,57,16,214,88,21,99,206,116,206,139,95,74,117,148	7,2,0.1135,0,110;3,1,0.8845,1,95;8,5,0.0315,3,124;1,4,0.1055,2,106;2,1,0.8445,0,10;5,2,0.6005,0,34
claim-interventional-train-01954	9	3	2	169,130,10,90,190,93,179,181,123,172,42,208,62,39,206,25,21,7,67,80,141,18,214,173,56,148,115,109,151,117,137,45,82,104,69,195	6,0,0.4845,0,247;0,5,0.5955,0,14;7,4,0.6685,0,91;7,0,0.5895,0,6;7,3,0.6765,0,76;2,0,0.3885,0,168
claim-interventional-train-01955	1	3	1	39,51,61,42,83,107,163,66,175,156,195,12,180,117,90,45,22,141,27,20,152,69,214,75,4,174,140,103,122,113,132,208,157,150,95,148	3,2,0.8795,1,211;2,5,0.4815,0,251;2,3,0.4265,0,41;2,1,0.4575,2,76;6,1,0.2865,0,251;1,2,0.9315,0,219
claim-interventional-train-01956	1	0	0	143,203,197,119,86,214,61,137,29,67,69,92,21,128,10,195,134,2,41,149,208,145,187,99,165,185,51,159,16,112,170,35,93,81,106,45	1,0,0.1905,0,40;4,1,0.3085,0,117;2,3,0.7995,0,79;8,4,0.9225,0,179;2,0,0.1705,2,59;7,4,0.3785,2,178
claim-interventional-train-01957	6	0	1	169,150,141,134,208,205,198,19,163,112,209,42,93,160,158,12,145,92,87,27,72,117,22,60,107,45,73,166,180,64,99,51,129,139,34,1	0,2,0.6015,1,95;2,0,0.5235,0,198;2,2,0.0055,3,26;0,5,0.8525,0,246;2,1,0.0335,0,169;8,4,0.6015,0,180
claim-interventional-train-01958	1	0	2	151,96,92,206,140,198,58,97,39,183,181,111,116,141,195,69,42,174,81,123,145,10,16,167,67,167,85,7,23,195,135,31,51,156,117,45	6,0,0.0695,2,155;6,5,0.4035,0,190;2,0,0.6325,0,211;8,3,0.9855,3,235;0,5,0.9715,0,172;2,5,0.8465,0,255
claim-interventional-train-01959	7	0	1	51,177,107,26,135,96,150,18,143,214,203,21,91,155,42,6,145,169,137,76,14,112,164,45,82,182,102,212,66,199,58,153,69,117,122,38	5,4,0.4415,0,236;1,4,0.5725,0,44;2,0,0.4745,0,119;3,0,0.6825,3,47;5,1,0.0125,0,232;1,5,0.3095,2,51
claim-interventional-train-01960	6	1	0	21,64,34,43,179,87,166,88,46,93,200,193,106,11,214,196,19,116,153,146,171,149,175,191,141,27,140,121,99,51,134,69,58,79,117,3	2,1,0.7875,0,96;2,0,0.7835,1,104;2,0,0.0555,0,120;6,5,0.1955,0,2;2,0,0.9605,0,180;0,4,0.9955,0,248
claim-interventional-train-01961	7	3	2	141,93,117,21,112,40,35,170,82,73,187,174,6,188,151,69,50,129,187,130,28,173,104,68,138,155,164,215,148,153,92,12,18,111,62,45	5,2,0.4065,0,253;3,1,0.1395,0,99;1,4,0.9825,0,170;0,0,0.8175,0,37;7,5,0.0935,0,206;8,0,0.5905,0,172
claim-interventional-train-01962	6	0	2	184,21,1,117,139,141,25,145,166,177,151,20,210,64,56,176,205,35,60,187,93,103,44,90,69,131,110,74,123,207,115,191,11,162,45,82	0,1,0.8625,0,134;0,1,0.9995,0,178;7,2,0.0095,0,165;1,0,0.4885,0,220;6,4,0.7245,0,161;2,1,0.6835,0,168
claim-interventional-train-01963	7	1	2	53,74,164,117,3,61,42,12,201,64,132,209,21,187,93,198,186,126,17,107,99,151,141,87,90,70,39,176,146,184,206,45,26,138,199,115	2,2,0.3455,0,5;1,5,0.5115,0,139;4,3,0.1645,1,78;1,5,0.4065,0,253;2,1,0.7455,0,81;5,2,0.4255,0,2
claim-interventional-train-01964	1	0	1	145,74,150,4,129,25,169,61,163,117,14,136,111,93,21,135,161,191,113,45,214,36,97,16,212,90,152,41,200,173,164,51,69,66,82,141	3,4,0.0655,0,14;0,2,0.3145,0,224;2,3,0.5675,0,163;1,0,0.4655,0,126;0,5,0.3405,0,35;8,5,0.0525,0,241
claim-interventional-train-01965	9	3	0	149,215,34,211,169,117,197,29,60,93,99,162,14,158,21,66,141,132,180,42,111,177,56,69,121,160,136,45,17,113,148,90,200,74,2,86	1,4,0.2255,0,20;4,0,0.5085,0,201;7,2,0.5325,0,255;1,4,0.4585,0,6;2,5,0.2105,0,235;0,2,0.1405,0,16
claim-interventional-train-01966	0	3	1	2,55,65,21,59,184,44,148,82,111,136,100,204,90,150,157,45,10,154,154,19,213,125,35,114,202,141,133,27,78,117,72,193,93,157,166	1,0,0.6125,0,52;2,1,0.9315,0,138;6,1,0.2985,3,239;5,0,0.4315,0,204;3,5,0.4045,0,38;4,3,0.0675,0,214
claim-interventional-train-01967	1	0	0	215,86,164,63,14,8,117,69,134,210,149,67,40,32,154,188,74,137,103,170,34,168,193,91,110,19,206,45,113,51,141,124,158,93,21,145	7,4,0.6295,0,212;7,0,0.0605,0,206;2,5,0.6455,0,45;1,4,0.6295,0,9;6,4,0.2675,0,21;3,4,0.3875,0,26
claim-interventional-train-01968	1	1	0	93,66,84,57,187,8,195,213,141,205,10,123,210,149,16,137,154,191,113,215,75,146,45,92,152,100,37,31,69,117,40,110,188,131,59,21	7,0,0.0025,0,183;6,3,0.0865,0,20;8,1,0.4825,0,54;2,2,0.9425,0,25;3,4,0.3445,0,250;2,1,0.3035,0,162
claim-interventional-train-01969	8	3	2	130,210,141,154,47,84,117,54,175,59,69,159,200,11,191,148,158,151,43,121,178,180,39,113,107,168,78,65,136,23,18,100,89,5,93,27	4,1,0.4765,2,71;2,5,0.7245,2,111;5,1,0.2225,0,91;5,2,0.3945,0,104;3,1,0.2475,0,40;0,0,0.0515,0,214
claim-interventional-train-01970	1	1	0	53,149,66,91,154,183,96,107,157,40,99,173,146,9,81,30,165,162,135,142,183,188,21,36,10,117,47,69,87,129,209,62,161,116,136,19	8,0,0.6225,0,91;5,2,0.1235,2,204;4,4,0.4705,0,191;8,5,0.6685,3,56;2,1,0.9775,0,91;8,5,0.1135,1,241
claim-interventional-train-01971	1	1	0	48,16,12,194,169,28,130,114,123,188,69,138,191,65,149,152,110,91,175,37,75,206,146,141,56,21,84,61,93,215,194,101,44,155,3,118	2,2,0.1805,0,5;3,3,0.9315,3,69;7,3,0.2895,0,216;2,2,0.6035,0,12;4,4,0.5285,1,45;2,0,0.5205,0,177
claim-interventional-train-01972	6	3	0	18,141,152,137,92,167,211,163,60,148,9,71,73,93,149,117,135,179,101,185,206,168,38,43,26,21,178,106,66,45,87,112,163,124,52,10	8,0,0.4165,0,214;1,4,0.7975,0,77;3,2,0.4315,2,165;0,5,0.8155,0,110;4,0,0.1865,0,138;3,5,0.2315,0,124
claim-interventional-train-01973	9	3	0	50,213,47,83,40,124,148,16,91,60,149,69,130,198,190,114,10,209,106,166,181,4,38,117,141,80,93,30,64,185,181,153,99,23,203,136	3,0,0.1375,2,201;5,4,0.1435,2,177;1,2,0.0695,0,246;7,1,0.7945,0,138;2,0,0.5005,0,127;3,0,0.1175,0,163
claim-interventional-train-01974	5	1	0	203,118,210,190,135,152,21,79,113,164,141,137,63,89,203,95,15,146,110,104,39,129,42,67,69,18,193,167,48,149,87,55,1,164,205,25	0,5,0.5695,0,151;0,5,0.5975,3,193;6,5,0.6565,0,136;6,5,0.3675,2,20;7,4,0.3785,1,114;8,5,0.2595,0,128
claim-interventional-train-01975	0	1	2	37,7,117,88,187,93,81,204,64,58,151,215,146,198,125,208,184,194,203,157,10,133,109,99,45,29,83,22,69,207,112,40,143,17,139,50	6,0,0.2945,1,48;4,3,0.1045,0,153;1,0,0.1515,0,203;8,1,0.0555,0,137;2,3,0.1725,0,148;4,3,0.7395,2,190
claim-interventional-train-01976	2	3	1	194,69,150,152,135,162,10,214,117,173,204,103,148,20,37,125,136,45,205,79,5,141,95,83,54,208,193,152,40,28,64,113,91,60,107,21	4,0,0.8635,0,161;3,3,0.0735,0,157;5,2,0.0425,0,158;6,1,0.7825,2,7;6,1,0.2655,0,212;4,5,0.1325,0,254
claim-interventional-train-01977	7	2	1	5,69,93,152,175,12,139,23,117,45,30,37,63,200,101,112,177,41,141,111,89,55,147,78,192,201,193,65,133,208,122,202,150,84,19,182	4,2,0.7915,2,43;5,3,0.3395,0,51;6,5,0.3225,0,198;5,2,0.3915,0,62;4,5,0.0795,0,123;1,3,0.7275,0,237
claim-interventional-train-01978	1	3	2	120,93,45,79,67,69,109,28,152,40,186,133,8,12,174,196,39,90,116,19,151,148,21,183,209,208,63,191,101,85,121,159,51,140,143,164	7,2,0.6265,0,253;3,5,0.0235,0,77;2,5,0.7395,0,8;6,3,0.4695,0,186;4,3,0.9215,3,112;0,3,0.8345,2,159
claim-interventional-train-01979	2	0	2	136,20,114,151,83,69,206,38,12,200,175,168,167,21,130,40,52,141,211,98,45,29,163,187,60,175,66,3,204,111,93,89,117,145,121,76	2,2,0.9385,0,98;4,4,0.1295,0,201;3,2,0.4555,0,170;3,1,0.2225,0,244;1,5,0.5225,0,40;0,0,0.1325,0,253
claim-interventional-train-01980	1	1	0	121,72,208,81,93,207,85,116,207,142,130,63,181,37,171,6,52,12,18,27,42,155,91,120,214,21,214,210,65,146,149,102,154,107,45,140	5,2,0.4425,0,152;2,3,0.4635,0,96;3,5,0.2985,3,65;8,3,0.6795,0,253;5,1,0.8335,3,178;0,0,0.8725,1,252
claim-interventional-train-01981	1	3	1	114,166,148,106,131,93,15,185,209,90,215,75,141,213,45,82,55,117,104,211,124,28,69,40,17,139,150,65,196,202,209,189,37,61,3,21	2,5,0.3615,0,85;3,3,0.1585,0,96;6,3,0.3675,0,144;2,0,0.5685,0,81;7,0,0.5545,0,139;3,1,0.7205,0,226
claim-interventional-train-01982	4	1	2	58,91,21,66,134,141,161,117,84,138,193,54,97,124,69,81,37,151,197,146,4,166,19,203,41,96,114,110,153,14,166,28,45,214,155,183	3,4,0.7455,0,44;3,3,0.2795,0,51;5,0,0.5745,0,242;8,2,0.6615,3,228;0,4,0.5325,0,15;3,4,0.5235,0,120
claim-interventional-train-01983	7	3	2	83,38,208,4,108,114,206,14,105,26,137,93,151,177,42,92,209,57,173,117,195,67,177,174,69,122,45,134,16,58,148,141,76,21,162,180	3,4,0.0355,0,127;1,4,0.5855,0,189;8,0,0.6945,0,3;3,1,0.8765,0,105;8,2,0.5995,0,126;1,4,0.2505,0,101
claim-interventional-train-01984	4	1	0	21,39,141,129,110,99,44,30,66,146,118,90,116,20,131,198,149,199,93,75,61,45,178,187,166,171,206,69,182,140,155,14,193,52,86,9	8,4,0.9195,0,247;5,5,0.9835,0,35;3,3,0.4585,0,240;2,4,0.5605,0,234;2,4,0.9275,1,145;8,1,0.8955,0,34
claim-interventional-train-01985	8	3	0	93,21,169,124,44,66,33,149,196,182,91,72,158,54,136,141,38,47,132,117,204,181,18,159,207,6,79,82,61,13,102,156,148,107,115,175	5,3,0.5825,0,89;8,4,0.8385,2,188;5,3,0.5595,3,167;6,0,0.7425,0,214;5,1,0.6805,0,127;3,2,0.0025,0,70
claim-interventional-train-01986	2	3	2	91,208,26,21,134,208,182,205,84,65,19,104,148,62,127,95,186,173,209,151,69,4,114,40,141,107,49,202,158,75,35,117,12,136,45,213	3,2,0.7955,0,196;1,1,0.0295,0,149;0,4,0.3935,0,43;2,2,0.6785,2,88;7,1,0.5465,0,95;6,4,0.1335,0,138
claim-interventional-train-01987	1	0	1	155,19,167,63,135,115,99,186,117,79,88,21,27,68,209,123,141,171,181,45,191,209,5,44,70,10,139,156,93,106,38,150,87,56,145,153	4,0,0.7055,0,169;2,4,0.9295,0,74;7,5,0.9185,1,219;6,5,0.0675,0,99;2,0,0.6635,0,60;2,5,0.7525,0,130
claim-interventional-train-01988	5	1	2	207,127,173,90,66,93,37,45,55,134,74,83,140,69,151,117,23,12,2,16,158,168,192,180,40,144,104,110,113,192,184,30,209,62,146,194	1,2,0.1835,2,122;5,3,0.1785,0,101;6,4,0.4585,0,100;1,1,0.5005,0,135;7,4,0.2665,0,236;6,4,0.9445,3,87
claim-interventional-train-01989	0	3	1	123,28,91,117,87,108,194,190,45,69,141,93,114,4,60,100,44,190,183,170,156,75,21,135,167,67,161,13,52,39,148,138,150,177,174,20	3,3,0.8625,0,219;3,5,0.8805,0,80;3,2,0.7665,0,169;2,5,0.6115,0,113;3,2,0.4235,0,76;2,5,0.5595,0,66
claim-interventional-train-01990	1	0	0	44,39,188,90,215,21,4,108,60,132,202,208,78,189,53,117,183,64,124,116,85,101,145,16,184,185,141,153,27,69,45,140,159,14,149,93	3,4,0.0715,0,95;2,5,0.9615,0,162;4,2,0.1125,0,191;5,3,0.4745,0,24;4,2,0.8115,0,2;3,2,0.9075,0,15
claim-interventional-train-01991	10	3	2	148,151,187,110,157,69,203,67,11,115,129,162,138,27,45,194,61,40,141,154,117,102,155,86,134,23,4,88,199,76,93,186,50,20,182,38	3,1,0.8665,2,40;2,4,0.1175,0,44;1,3,0.6625,0,73;3,4,0.1515,0,47;5,4,0.6675,0,214;8,4,0.4795,0,28
claim-interventional-train-01992	0	3	0	175,210,148,69,121,108,155,172,52,90,18,21,45,82,136,205,195,117,4,113,181,189,94,78,135,149,203,61,68,177,41,141,102,27,39,10	3,0,0.4065,0,132;2,5,0.2665,0,53;3,3,0.9615,0,78;5,0,0.4945,1,200;5,2,0.2895,0,250;0,5,0.0035,0,179
claim-interventional-train-01993	3	0	2	14,213,151,196,91,64,196,42,145,124,207,34,118,108,159,76,21,138,184,17,100,93,58,52,70,156,192,113,132,8,178,85,27,189,45,141	7,4,0.3415,0,108;2,0,0.5435,0,200;3,0,0.0825,1,155;3,3,0.7385,0,212;3,2,0.2475,1,210;3,2,0.5475,0,22
claim-interventional-train-01994	9	1	1	66,34,146,179,166,11,89,168,84,21,44,62,206,178,128,159,107,178,167,71,78,17,45,101,162,49,119,114,163,93,141,2,135,150,137,26	1,1,0.3515,0,180;1,0,0.9125,0,75;0,4,0.4695,2,248;5,2,0.3165,0,98;4,1,0.5955,2,33;7,5,0.3065,0,212
claim-interventional-train-01995	10	0	2	151,45,121,142,117,103,95,84,26,69,21,3,57,75,174,178,160,108,189,38,213,40,145,182,186,173,171,137,115,67,92,135,16,63,168,11	2,1,0.1855,0,51;1,4,0.0745,0,65;8,5,0.7965,0,160;2,2,0.9505,2,60;6,2,0.7065,0,66;0,5,0.3095,1,109
claim-interventional-train-01996	3	0	1	60,184,81,65,150,110,145,51,187,173,100,208,117,88,37,45,169,135,186,143,28,125,87,13,193,96,174,40,22,139,69,19,163,114,3,204	2,3,0.7745,1,9;3,3,0.0725,0,74;2,2,0.3745,0,240;8,5,0.0165,3,157;3,4,0.5085,0,180;4,5,0.7755,2,49
claim-interventional-train-01997	2	1	1	52,171,47,28,37,11,88,198,183,117,155,69,215,93,132,170,4,102,40,20,168,110,21,140,59,81,165,146,113,205,127,82,150,154,141,68	3,1,0.9995,0,49;3,3,0.1755,2,98;3,1,0.9195,0,253;8,0,0.1345,0,13;5,4,0.2805,0,117;6,2,0.9675,0,31
claim-interventional-train-01998	1	0	1	206,162,52,83,200,41,3,38,66,75,96,199,179,155,184,174,103,17,150,114,117,15,92,31,145,72,61,45,107,132,171,141,123,21,186,138	2,5,0.3805,0,135;6,4,0.2125,0,202;3,3,0.5745,3,107;2,1,0.8895,3,106;6,1,0.5055,0,137;2,2,0.4205,0,123
claim-interventional-train-01999	1	0	2	156,207,137,41,127,173,83,93,130,201,159,116,54,45,194,21,18,164,62,103,164,91,152,173,70,108,65,145,151,118,141,14,33,3,79,35	2,4,0.5975,0,71;8,1,0.2825,0,33;5,4,0.2575,1,219;6,1,0.7065,0,229;6,2,0.9365,1,34;6,0,0.3725,0,76
claim-interventional-train-02000	5	1	0	189,149,209,133,35,163,13,106,66,195,194,7,205,81,101,82,69,146,21,17,175,90,55,114,45,93,123,117,187,63,141,41,189,33,136,201	6,3,0.3285,0,121;8,1,0.2955,0,192;6,5,0.4315,0,80;8,0,0.5335,0,70;4,0,0.4025,0,208;2,3,0.1245,0,26
claim-interventional-train-02001	10	1	2	51,153,177,110,140,21,198,76,43,151,188,38,188,11,4,124,17,155,87,143,117,64,61,89,33,161,69,132,199,171,45,146,169,94,103,113	3,1,0.2275,0,155;8,4,0.6075,0,122;2,3,0.0885,0,68;3,5,0.3555,1,148;6,4,0.2545,0,86;3,2,0.9855,2,156
claim-interventional-train-02002	3	0	0	113,198,182,45,158,157,131,141,4,69,49,149,117,44,188,30,89,20,172,164,60,35,64,93,140,123,99,108,208,80,15,86,145,21,204,174	3,5,0.9915,0,108;5,1,0.8165,0,197;0,2,0.1105,0,228;7,4,0.2425,0,228;2,2,0.2455,0,245;2,1,0.8055,0,75
claim-interventional-train-02003	8	2	0	38,186,97,157,153,149,163,143,120,110,129,190,41,115,90,198,56,58,194,15,147,93,183,136,76,130,21,86,32,6,20,69,45,184,166,65	5,5,0.8875,0,216;7,4,0.2415,0,127;7,0,0.3095,0,48;3,4,0.4855,0,150;0,4,0.7825,3,122;8,0,0.1315,2,167
claim-interventional-train-02004	4	1	0	117,21,201,88,102,138,113,186,143,149,67,32,146,135,4,154,185,203,69,199,57,210,123,86,110,177,45,93,19,15,200,74,212,43,58,34	3,5,0.6015,0,73;7,0,0.7695,0,168;8,0,0.7085,0,216;1,4,0.0475,0,10;5,4,0.2615,0,179;2,5,0.5735,2,103
claim-interventional-train-02005	8	0	1	132,93,106,67,40,185,9,186,212,114,91,78,201,32,51,62,141,24,69,117,179,128,145,182,194,185,139,45,162,38,150,85,188,12,20,102	8,2,0.8925,3,49;7,4,0.0065,0,42;2,4,0.6345,0,168;5,3,0.6335,0,254;5,0,0.4705,0,189;7,2,0.7755,0,170
claim-interventional-train-02006	3	0	0	198,59,149,45,110,27,213,125,202,76,55,174,85,100,64,202,89,21,4,177,93,200,69,140,10,37,177,120,145,153,130,18,141,114,163,40	3,0,0.5825,0,177;2,3,0.0045,0,30;6,1,0.0285,0,168;3,3,0.2635,0,126;3,4,0.4195,3,179;4,0,0.8685,0,251
claim-interventional-train-02007	0	3	0	179,5,52,173,109,80,35,141,32,85,68,206,162,62,185,97,149,198,43,69,21,121,19,187,169,133,117,176,45,112,88,182,148,12,96,138	4,2,0.7555,0,131;7,1,0.7705,0,241;3,4,0.9585,0,53;7,3,0.0045,3,33;0,3,0.1725,0,58;0,3,0.5625,0,224
claim-interventional-train-02008	4	1	2	28,92,63,96,164,111,84,75,192,67,170,5,102,41,155,45,168,114,151,143,146,38,120,215,169,123,70,207,132,16,14,194,23,204,138,54	4,4,0.1875,2,195;3,4,0.3355,0,144;5,5,0.7505,1,7;2,2,0.9345,3,77;5,5,0.4495,3,205;2,2,0.5545,2,255
claim-interventional-train-02009	9	0	0	145,17,37,123,85,207,45,209,114,64,89,192,163,117,173,72,24,110,141,44,194,191,93,62,74,13,138,25,4,161,133,104,199,157,149,52	3,3,0.3625,3,152;0,3,0.8855,0,69;3,4,0.0165,3,246;1,3,0.2205,0,25;7,4,0.5685,0,230;2,3,0.4065,0,177
claim-interventional-train-02010	4	1	0	209,146,195,54,111,200,16,4,45,15,182,38,91,160,155,81,141,138,124,149,182,70,154,84,134,40,65,58,117,112,21,99,28,162,211,93	3,5,0.1765,0,138;3,4,0.1535,0,62;5,0,0.2235,1,20;8,2,0.7735,0,128;2,5,0.1295,0,14;3,4,0.5935,0,150
claim-interventional-train-02011	8	1	2	91,69,185,200,188,12,34,134,45,55,86,207,117,98,189,44,156,93,28,122,61,185,146,203,112,151,137,167,108,17,21,9,160,78,64,141	8,2,0.2475,0,140;3,0,0.8385,0,79;6,3,0.0725,0,190;5,4,0.6535,0,160;1,2,0.1455,0,206;1,4,0.2225,0,89
claim-interventional-train-02012	1	0	0	70,88,52,149,34,192,60,206,64,46,15,125,20,116,117,174,141,76,138,184,44,85,133,170,30,156,21,95,3,160,110,105,192,211,145,155	2,5,0.9095,0,22;5,0,0.9895,1,162;3,2,0.0955,1,12;3,3,0.0885,2,2;8,4,0.9855,0,60;4,3,0.4595,0,69
claim-interventional-train-02013	10	3	2	11,180,88,21,122,186,117,17,105,137,148,111,151,84,76,163,141,42,153,208,131,5,69,38,50,204,173,114,60,93,67,193,192,45,30,168	4,1,0.2105,0,61;5,4,0.4355,0,87;1,2,0.6755,0,221;3,2,0.1605,0,235;8,5,0.4305,0,198;1,1,0.3635,0,249
claim-interventional-train-02014	3	0	0	177,149,66,134,99,138,204,186,61,52,107,163,125,36,93,112,206,29,145,19,197,188,92,24,12,82,4,169,195,41,117,181,73,45,69,141	3,2,0.6705,3,206;4,2,0.2435,0,210;3,3,0.4915,0,105;0,0,0.8515,0,24;2,1,0.0285,0,220;4,4,0.4165,0,0
claim-interventional-train-02015	9	3	1	214,185,107,135,77,93,37,45,113,62,11,201,16,30,201,24,205,99,3,148,180,141,117,172,128,69,83,158,66,139,171,167,150,90,40,54	2,1,0.0995,3,149;5,3,0.1355,0,63;5,4,0.5745,0,82;4,1,0.5225,0,168;2,1,0.3895,0,69;7,5,0.6585,0,204
claim-interventional-train-02016	5	3	1	126,19,69,179,113,194,21,108,174,132,150,40,45,153,85,154,67,148,91,38,214,93,77,152,141,55,140,28,60,12,153,104,209,188,120,7	6,2,0.7065,0,243;3,4,0.0235,0,89;6,2,0.6255,0,156;4,3,0.7485,0,183;7,2,0.3165,3,253;5,2,0.8905,0,55
claim-interventional-train-02017	1	3	1	153,61,110,48,178,73,133,201,23,208,17,150,64,159,69,165,154,141,118,10,51,93,91,103,34,123,179,161,116,6,86,43,148,26,210,139	5,0,0.3915,2,44;1,0,0.6785,3,157;2,3,0.1775,0,91;0,4,0.6435,0,169;6,4,0.8255,1,63;2,3,0.6655,0,3
claim-interventional-train-02018	6	1	0	11,28,169,17,138,146,206,62,117,34,45,201,141,175,194,44,66,134,6,149,129,215,81,84,160,97,110,21,155,113,160,49,162,69,93,88	5,1,0.3805,0,215;3,0,0.9705,0,42;0,4,0.4705,0,54;8,2,0.1615,0,114;0,4,0.2375,0,123;8,4,0.4545,0,9
claim-interventional-train-02019	1	1	1	41,84,51,137,150,45,125,1,65,21,108,190,116,162,117,17,203,207,93,183,176,63,37,180,80,14,99,186,211,143,156,146,33,133,92,69	0,4,0.3365,0,9;8,3,0.3115,0,100;2,5,0.2575,0,250;7,2,0.8225,0,250;2,2,0.8375,0,197;4,3,0.2695,2,172
claim-interventional-train-02020	10	1	1	68,82,101,164,188,180,21,155,69,150,112,11,39,199,170,140,199,107,41,89,141,93,51,80,9,146,45,119,33,19,196,126,131,188,58,154	8,1,0.7825,0,160;8,5,0.2535,0,151;2,0,0.9425,0,68;7,0,0.3935,0,149;4,1,0.1295,2,99;5,1,0.8565,0,86
claim-interventional-train-02021	2	0	2	189,145,92,141,191,215,112,42,93,38,59,167,177,209,165,13,189,121,151,28,117,140,131,69,98,56,155,67,22,161,48,19,76,107,84,7	6,3,0.6675,1,118;3,4,0.4025,3,222;7,1,0.6285,0,201;3,2,0.9815,0,180;1,1,0.0775,0,117;0,1,0.8045,0,138
claim-interventional-train-02022	5	2	0	38,100,11,160,207,62,179,69,169,20,149,192,49,93,141,65,92,155,164,21,147,80,117,136,111,40,33,156,4,156,135,173,125,46,82,114	3,1,0.8435,0,199;8,4,0.1805,1,20;0,4,0.2015,0,25;7,0,0.9955,0,54;3,5,0.4565,0,41;4,5,0.1055,0,75
claim-interventional-train-02023	2	0	1	69,196,145,65,117,172,186,42,134,28,93,128,100,170,194,182,11,106,85,206,5,178,53,89,21,61,207,150,136,116,36,19,75,187,141,45	4,1,0.6765,0,102;3,2,0.4235,0,195;4,3,0.3015,0,48;2,3,0.2835,0,53;3,0,0.8335,0,83;7,4,0.0435,0,135
claim-interventional-train-02024	6	3	2	93,182,141,20,69,21,86,115,28,109,13,53,179,99,41,151,205,200,61,1,119,176,184,130,48,202,126,65,167,79,148,39,169,190,136,89	0,3,0.9175,0,113;3,5,0.3775,3,185;4,3,0.3525,0,155;6,4,0.2025,0,22;2,3,0.7305,2,97;5,0,0.0095,0,48
claim-interventional-train-02025	10	0	2	167,155,85,133,129,52,192,14,196,119,194,110,42,176,45,20,145,141,92,93,138,187,58,21,68,151,211,170,183,77,25,98,4,112,39,69	3,4,0.8735,0,113;0,5,0.4525,0,24;3,0,0.8025,0,150;4,3,0.8655,0,244;1,4,0.1565,2,140;8,3,0.4735,0,61
claim-interventional-train-02026	5	1	2	183,117,143,146,85,190,89,21,130,45,69,109,63,73,29,39,55,103,44,186,166,157,169,195,190,67,137,186,20,212,151,6,114,93,13,124	5,3,0.8755,0,3;4,5,0.8815,0,171;6,5,0.7695,0,76;0,3,0.3875,0,8;6,3,0.5855,0,30;3,0,0.2945,2,28
claim-interventional-train-02027	6	0	2	139,95,80,117,151,11,175,50,182,126,134,209,68,192,213,85,181,21,169,145,30,71,20,200,161,46,62,183,88,40,116,111,39,141,7,97	6,1,0.8135,0,48;5,5,0.0255,1,82;1,4,0.8315,2,128;7,3,0.0195,2,56;0,5,0.8935,0,106;5,4,0.7105,0,56
claim-interventional-train-02028	10	1	2	21,86,45,135,200,34,108,113,56,16,100,129,117,68,15,141,168,71,93,33,153,179,154,3,43,60,151,213,92,139,146,208,164,196,78,181	2,5,0.1905,0,48;8,0,0.7295,0,153;7,2,0.8195,2,123;5,4,0.9305,0,191;3,2,0.2325,0,116;8,5,0.6265,0,225
claim-interventional-train-02029	9	0	2	109,69,138,28,93,80,152,176,196,39,208,169,56,88,174,9,11,66,176,19,181,135,128,200,45,151,117,165,115,102,83,63,44,141,21,145	8,1,0.6075,0,8;3,5,0.8775,0,87;7,5,0.4545,0,219;7,1,0.1765,0,250;5,3,0.7775,0,98;7,5,0.4465,0,249
claim-interventional-train-02030	1	0	1	203,75,41,14,69,87,145,35,2,197,115,93,139,168,210,23,117,183,197,45,141,131,125,202,99,88,111,64,150,62,210,213,49,178,26,19	1,4,0.7905,2,182;1,1,0.2915,0,65;0,4,0.1875,0,125;2,5,0.1745,0,144;2,5,0.6275,0,122;4,1,0.7865,0,84
claim-interventional-train-02031	4	1	1	136,141,35,2,66,16,190,146,204,208,188,168,109,83,117,100,133,69,205,213,167,29,150,169,42,180,13,76,88,54,93,124,59,114,45,21	1,3,0.0875,0,181;4,1,0.5345,0,20;5,1,0.4305,0,118;3,1,0.0215,0,126;3,3,0.4565,0,139;3,3,0.1945,0,14
claim-interventional-train-02032	0	3	0	179,4,149,163,51,113,25,70,191,67,117,107,172,58,186,21,45,148,136,172,93,86,161,91,135,141,42,124,162,188,74,19,180,102,13,34	3,3,0.7375,0,114;0,0,0.5635,0,140;2,0,0.7755,1,110;1,4,0.7685,0,83;5,1,0.3255,0,224;3,5,0.1615,0,188
claim-interventional-train-02033	2	0	0	115,149,59,93,215,156,107,88,159,5,12,121,43,45,21,64,167,133,57,17,136,83,75,141,98,145,185,35,183,163,176,168,117,69,28,175	4,2,0.3195,0,47;3,1,0.6925,0,248;8,1,0.1145,0,12;2,1,0.0935,0,248;1,1,0.6185,0,118;0,3,0.1095,0,165
claim-interventional-train-02034	1	0	0	15,207,21,210,100,38,111,176,27,69,89,45,42,174,164,159,129,68,55,83,178,18,209,141,182,193,138,145,149,2,95,63,132,117,75,114	1,5,0.4495,0,0;2,4,0.5855,0,166;6,5,0.8775,0,197;2,1,0.3085,2,106;3,5,0.5355,0,220;8,2,0.5085,0,212
claim-interventional-train-02035	9	1	0	79,45,43,69,24,161,15,198,209,173,117,63,86,121,143,170,169,138,90,146,7,108,93,68,182,19,162,149,32,115,196,50,204,131,97,37	6,5,0.7355,3,243;7,3,0.6365,0,173;1,5,0.8065,0,180;6,4,0.5115,0,23;0,2,0.7245,0,6;0,1,0.5085,2,4
claim-interventional-train-02036	1	1	1	165,42,140,109,172,55,80,21,127,154,1,93,134,61,86,209,117,150,45,170,65,39,89,16,69,28,141,207,171,99,193,191,12,215,114,146	0,2,0.0435,0,99;3,5,0.5625,0,67;6,3,0.3005,0,143;7,4,0.3595,0,221;2,3,0.5965,0,48;6,4,0.8315,0,207
claim-interventional-train-02037	6	0	0	104,187,192,204,174,187,88,145,112,61,132,8,188,10,139,149,87,28,117,16,93,72,108,73,50,38,41,193,45,186,141,182,195,67,121,21	7,0,0.1715,0,230;3,4,0.3525,0,0;1,3,0.6855,3,39;0,5,0.1755,0,224;7,2,0.0075,0,106;0,2,0.6115,0,201
claim-interventional-train-02038	1	0	0	61,69,180,55,145,142,93,185,127,202,75,182,43,21,92,134,154,104,84,7,106,30,37,20,12,180,45,149,115,183,214,119,212,67,157,139	6,2,0.9945,0,75;5,3,0.6465,0,228;6,3,0.7095,0,54;2,2,0.8505,0,144;7,0,0.7105,2,196;6,4,0.6845,1,133
claim-interventional-train-02039	8	0	1	114,97,92,21,54,214,203,137,93,192,156,188,69,11,32,76,150,204,212,63,45,9,37,117,166,121,110,205,19,44,85,145,67,135,156,141	8,1,0.7145,0,198;7,3,0.9495,0,51;5,5,0.6115,0,4;3,3,0.8885,0,134;0,4,0.4475,0,106;0,5,0.3015,0,247
claim-interventional-train-02040	10	0	1	65,117,173,196,40,206,9,62,132,20,45,145,75,105,141,85,136,53,21,94,107,161,150,25,205,69,125,88,169,116,37,12,158,188,155,174	8,2,0.8435,0,9;0,3,0.0995,0,55;4,4,0.2285,0,58;2,3,0.0085,1,151;8,1,0.9685,0,84;4,2,0.1915,0,153
claim-interventional-train-02041	6	1	0	158,45,117,93,154,140,97,92,213,62,108,9,214,53,86,21,182,141,132,193,68,44,69,37,113,181,215,149,124,159,73,146,10,153,19,25	8,0,0.6325,0,200;0,3,0.8725,0,100;4,4,0.8295,0,197;0,4,0.9485,0,186;0,2,0.3275,0,152;3,2,0.9845,0,10
claim-interventional-train-02042	10	3	1	188,126,38,45,105,148,142,214,191,168,68,3,53,214,26,210,17,78,69,40,150,163,134,23,12,61,117,183,168,116,90,108,87,182,136,93	2,2,0.3485,2,192;1,4,0.1725,0,206;4,3,0.9115,0,7;5,5,0.4415,0,198;8,2,0.8005,0,69;5,4,0.1245,1,231
claim-interventional-train-02043	8	0	1	102,50,129,134,204,150,92,162,109,78,48,30,14,141,37,85,145,3,174,24,167,207,114,164,59,213,160,155,165,93,69,44,67,17,117,139	2,4,0.2715,3,224;5,3,0.9655,3,153;1,1,0.6865,0,141;5,3,0.8355,0,172;5,3,0.4625,0,155;8,4,0.6355,0,209
claim-interventional-train-02044	2	1	1	63,124,109,101,10,45,155,114,133,146,154,93,165,24,4,72,203,27,91,176,42,17,161,137,178,118,68,175,74,169,34,50,150,173,142,82	3,0,0.3965,3,142;2,0,0.5435,0,236;1,5,0.8975,3,165;1,0,0.7485,0,57;4,3,0.5025,1,48;3,3,0.3315,1,167
claim-interventional-train-02045	9	0	0	75,207,161,39,117,69,133,168,24,145,136,11,155,40,124,61,208,66,107,17,116,155,191,149,83,29,57,141,90,104,182,154,45,93,8,190	7,1,0.2305,3,212;4,5,0.0575,0,14;8,3,0.5125,0,239;2,1,0.4555,0,105;7,1,0.8145,0,249;3,3,0.1685,0,156
claim-interventional-train-02046	9	1	0	103,21,16,184,194,10,187,69,26,171,52,43,173,141,117,135,160,91,180,139,38,146,45,201,66,7,112,202,149,208,93,86,60,108,126,80	6,0,0.1275,0,71;1,4,0.6235,0,234;3,2,0.5835,0,135;7,4,0.7045,0,8;6,2,0.1785,0,122;5,5,0.6785,0,90
claim-interventional-train-02047	9	3	1	60,12,150,40,54,68,111,80,27,21,141,208,136,178,45,160,113,117,166,209,69,91,160,168,7,84,133,208,189,17,39,104,192,127,148,93	6,2,0.2385,0,4;2,5,0.0475,0,26;5,2,0.8375,0,224;7,2,0.7405,0,158;7,5,0.2385,0,185;6,3,0.0465,0,222
