ood_compose_regime-00000	1	2	0	3,51,132,20,21,164,108,39,99,126,45,169,117,149,76,65,155,136,168,205,40,147,141,200,69,91,195,116,87,27,93,14,185,59,187,165	2,4,0.8005,0,163;2,5,0.1355,0,197;2,1,0.2985,0,92;3,5,0.6475,0,91;2,2,0.9755,0,32;5,2,0.0435,0,159
ood_compose_regime-00001	9	2	0	189,21,58,199,52,93,194,132,149,45,139,211,193,144,85,199,15,180,43,147,163,66,31,99,69,8,117,189,124,106,153,112,91,17,36,74	7,5,0.2975,0,23;6,2,0.6035,0,26;3,0,0.5465,0,187;1,3,0.7405,0,136;2,0,0.0935,0,68;3,2,0.6395,3,157
ood_compose_regime-00002	10	2	0	112,174,190,110,76,189,143,131,195,208,53,119,85,149,48,21,18,42,156,173,35,102,69,90,93,140,123,29,147,66,195,190,60,204,5,13	4,3,0.4555,0,215;4,1,0.4295,3,86;4,2,0.4035,0,67;3,3,0.5445,0,121;5,4,0.0515,2,199;2,1,0.9435,2,60
ood_compose_regime-00003	5	2	0	89,24,161,187,40,141,147,192,153,36,195,58,2,137,178,213,175,85,130,69,52,116,106,66,45,79,93,149,169,170,13,98,118,27,123,20	1,3,0.9865,3,186;2,2,0.1715,0,255;3,0,0.4565,0,55;6,3,0.3995,0,130;1,0,0.9055,1,28;2,0,0.2945,0,148
ood_compose_regime-00004	1	2	2	175,91,60,82,67,21,12,16,123,177,35,26,110,132,99,199,117,3,116,202,57,141,187,136,45,194,180,40,154,69,175,76,147,151,93,153	2,2,0.0975,0,17;1,1,0.1545,0,23;8,2,0.6545,0,17;3,0,0.6945,0,147;2,4,0.9125,0,111;2,2,0.1575,0,115
ood_compose_regime-00005	6	2	0	37,88,52,86,112,179,194,197,202,60,43,110,165,149,21,141,203,164,69,93,11,67,45,76,3,117,121,167,134,137,25,16,99,147,208,163	2,1,0.0935,0,30;0,3,0.7945,0,11;3,2,0.7435,0,109;3,4,0.0675,0,200;2,4,0.0105,0,48;0,4,0.3945,0,111
ood_compose_regime-00006	9	2	1	66,206,173,63,22,184,159,178,53,212,69,117,28,47,135,80,8,43,141,164,16,114,209,85,100,128,106,15,150,93,147,165,137,91,36,166	7,5,0.1215,1,57;3,2,0.6345,2,152;4,5,0.4575,0,67;7,3,0.6455,0,146;3,0,0.5285,0,86;7,5,0.3165,0,110
ood_compose_regime-00007	6	2	0	141,21,158,116,28,157,197,138,149,213,178,214,176,49,124,37,17,97,67,69,117,75,215,154,1,108,84,88,93,11,42,61,147,214,48,132	0,1,0.2495,0,98;3,3,0.4375,3,134;0,3,0.6175,0,192;2,2,0.1185,0,49;0,2,0.9485,0,249;3,2,0.5045,0,214
ood_compose_regime-00008	5	2	0	50,82,182,27,114,140,141,147,89,20,38,205,66,149,186,102,204,11,93,21,107,172,62,118,41,157,134,172,183,124,45,3,202,157,69,75	2,1,0.9845,0,252;2,4,0.2735,0,165;1,4,0.5365,0,119;2,0,0.2305,0,117;5,1,0.4765,1,252;3,4,0.8775,0,64
ood_compose_regime-00009	5	2	2	22,109,178,198,151,147,167,100,4,67,124,16,133,28,193,82,139,89,180,112,48,14,62,118,37,52,69,81,178,40,186,93,215,174,144,177	3,4,0.1595,1,193;3,3,0.0045,3,111;3,4,0.6565,0,243;8,0,0.2945,0,89;3,3,0.0935,1,99;3,3,0.7915,3,60
ood_compose_regime-00010	5	2	0	196,69,172,16,132,42,39,170,52,174,21,83,8,159,173,93,78,149,102,62,45,141,14,117,203,68,28,180,157,112,190,147,136,91,124,107	7,4,0.0475,0,51;3,5,0.4395,0,109;3,4,0.8705,0,163;5,1,0.6555,0,167;5,1,0.0925,0,163;3,2,0.0135,0,171
ood_compose_regime-00011	1	2	0	21,115,147,65,177,177,43,28,140,51,17,158,141,74,87,7,165,117,174,204,123,110,93,191,165,12,99,159,134,38,45,69,149,88,59,203	6,2,0.3345,0,139;3,4,0.6985,0,179;2,1,0.2605,0,58;1,5,0.1265,0,128;2,4,0.6165,0,96;2,4,0.9935,0,227
ood_compose_regime-00012	5	2	2	180,141,137,151,69,117,202,131,204,92,202,21,28,122,107,45,98,10,115,19,82,68,176,75,43,39,213,93,51,160,205,147,215,2,60,190	1,0,0.7085,0,118;3,5,0.7575,0,77;2,2,0.9895,0,192;2,0,0.8945,0,242;1,1,0.6295,0,71;1,1,0.3405,0,203
ood_compose_regime-00013	5	2	2	139,109,38,4,40,68,93,45,191,147,141,157,166,199,63,31,10,76,181,151,69,131,54,182,92,87,117,180,194,17,186,160,123,21,97,114	3,0,0.2715,0,140;6,4,0.1115,0,129;5,5,0.9485,0,250;3,5,0.9905,0,45;0,3,0.4185,0,58;2,1,0.6435,0,251
ood_compose_regime-00014	5	2	2	126,181,114,37,141,57,23,135,65,84,151,4,20,194,170,170,60,136,214,117,69,43,110,28,88,212,194,172,159,179,97,45,147,93,77,12	3,2,0.8235,2,192;3,3,0.7225,0,237;8,2,0.3905,0,56;4,2,0.1705,0,8;0,4,0.5325,0,16;5,5,0.0175,0,151
ood_compose_regime-00015	5	2	1	173,37,150,154,30,197,115,84,89,134,14,158,19,50,117,164,126,72,21,110,2,164,63,208,67,211,100,93,178,79,142,45,173,147,42,136	1,4,0.6925,0,59;5,3,0.4595,0,31;1,5,0.6405,3,13;6,2,0.3675,0,176;3,4,0.6725,0,184;5,4,0.1595,1,90
ood_compose_regime-00016	5	2	1	84,175,45,196,182,127,168,93,10,136,152,19,103,31,41,150,197,131,113,54,60,4,203,144,147,77,64,109,211,21,204,190,117,69,38,90	3,0,0.7725,0,55;6,4,0.3875,0,111;5,2,0.1245,0,74;4,2,0.5095,0,244;6,3,0.2835,0,82;6,1,0.1495,3,201
ood_compose_regime-00017	5	2	2	76,201,163,17,109,191,141,52,90,162,154,115,127,61,93,132,194,155,138,209,15,24,67,70,151,147,164,27,156,84,6,103,43,117,38,47	5,5,0.2495,3,253;2,4,0.7615,2,146;3,3,0.6835,1,86;3,2,0.5005,0,221;6,3,0.6455,0,249;6,2,0.4315,0,30
ood_compose_regime-00018	10	2	2	38,147,76,82,67,2,57,209,14,192,182,40,154,151,193,20,69,160,28,92,196,96,188,126,117,138,215,172,106,45,63,114,132,21,100,141	1,4,0.9425,0,156;3,4,0.1405,0,247;8,5,0.7585,0,78;3,0,0.8895,3,29;3,0,0.5975,0,140;5,2,0.4065,0,43
ood_compose_regime-00019	1	2	0	152,179,141,76,9,14,45,202,43,103,196,116,27,82,158,212,149,117,17,21,51,93,110,121,90,66,203,189,208,166,60,133,147,69,140,38	8,4,0.3085,0,145;2,4,0.7895,0,187;2,2,0.4405,0,32;3,0,0.4165,0,54;6,4,0.8305,0,201;0,3,0.9875,0,229
ood_compose_regime-00020	5	2	2	10,33,100,136,163,39,157,147,16,200,141,132,94,151,110,92,182,66,153,73,180,129,155,56,70,114,117,183,9,188,186,23,40,83,62,45	8,0,0.0195,2,141;8,5,0.1705,0,199;7,4,0.4435,1,233;0,1,0.8355,1,95;3,4,0.5865,0,157;8,2,0.1805,0,154
ood_compose_regime-00021	2	2	2	179,151,25,107,86,53,36,43,102,19,160,141,124,3,89,45,93,213,147,207,63,200,140,162,70,167,10,21,134,114,164,117,78,161,177,65	2,0,0.7315,0,235;0,2,0.7145,0,105;4,5,0.2275,1,222;5,4,0.3465,0,68;5,1,0.4555,0,222;3,4,0.8795,0,106
ood_compose_regime-00022	5	2	1	69,171,86,154,14,210,141,186,35,112,93,63,110,117,212,21,54,185,153,76,140,45,204,90,150,190,16,42,3,204,27,132,147,124,65,99	2,4,0.1565,0,173;2,1,0.5385,0,152;5,5,0.3465,0,185;3,4,0.5245,0,173;2,4,0.1665,0,50;3,2,0.8255,0,126
ood_compose_regime-00023	10	2	2	30,159,164,36,141,135,87,174,92,171,202,100,159,45,147,129,18,62,110,169,191,43,172,117,189,139,69,15,77,49,93,64,21,151,114,8	7,5,0.5665,0,64;5,2,0.7035,0,50;0,4,0.0735,0,85;4,5,0.8765,0,225;3,4,0.4065,0,81;8,5,0.7865,0,143
ood_compose_regime-00024	5	2	0	40,176,210,138,69,77,149,4,109,147,130,91,21,172,14,83,208,212,173,183,96,45,53,123,37,98,141,197,20,204,29,117,58,191,67,113	3,4,0.8475,0,87;4,3,0.0865,0,7;4,0,0.6065,0,186;4,1,0.6855,3,83;1,3,0.2695,0,240;2,0,0.4285,0,0
ood_compose_regime-00025	5	2	0	141,67,96,117,80,212,129,45,199,13,19,31,112,191,170,4,54,149,167,38,147,97,21,171,107,172,61,136,87,183,131,69,88,215,42,169	3,3,0.7125,0,237;6,4,0.4095,0,151;5,3,0.6025,0,241;7,5,0.0255,3,167;0,1,0.1535,0,138;8,1,0.0615,0,247
ood_compose_regime-00026	2	2	2	21,93,151,69,175,117,84,91,161,162,45,62,190,214,12,81,32,4,141,99,137,182,18,52,41,113,134,154,163,64,128,110,37,147,206,208	3,2,0.5415,0,62;7,3,0.3805,0,65;3,4,0.0635,0,155;8,2,0.6005,0,213;2,4,0.3725,0,184;7,4,0.3945,0,215
ood_compose_regime-00027	2	2	1	67,35,137,158,21,59,186,150,108,3,42,163,76,117,163,16,48,124,86,213,91,14,69,93,30,143,57,114,105,130,163,147,158,165,165,191	2,4,0.1925,0,68;5,1,0.4285,3,2;8,1,0.7545,0,51;3,4,0.7935,0,212;8,2,0.5365,0,243;3,0,0.3735,2,226
ood_compose_regime-00028	9	2	0	53,212,209,21,202,44,167,45,86,210,149,152,167,147,11,35,16,136,114,91,68,132,187,123,111,171,104,76,32,59,93,117,72,8,161,141	7,1,0.0885,0,8;7,1,0.8865,0,152;4,1,0.8415,3,189;3,4,0.7875,0,174;7,5,0.5735,0,124;2,2,0.0025,0,242
ood_compose_regime-00029	5	2	2	27,52,93,87,16,90,178,118,67,175,140,167,141,147,4,108,69,189,163,180,60,167,125,13,24,151,38,100,76,153,199,154,43,112,131,45	3,3,0.1665,3,253;2,4,0.6655,0,197;3,2,0.6365,0,84;3,5,0.5955,0,83;3,2,0.1735,1,155;4,1,0.8495,0,201
ood_compose_regime-00030	2	2	1	161,61,39,93,47,70,185,64,129,108,177,41,16,131,33,100,21,172,214,117,81,139,52,209,12,147,9,82,116,211,150,213,214,92,143,194	8,2,0.0035,0,186;8,5,0.3145,2,104;3,3,0.0335,1,190;8,0,0.8255,0,80;3,2,0.8965,0,59;8,1,0.6405,2,143
ood_compose_regime-00031	5	2	2	45,184,155,100,42,185,185,92,18,87,38,93,113,159,67,11,139,183,1,208,165,56,196,141,193,128,58,76,110,28,117,69,147,151,130,24	0,1,0.5865,3,98;3,4,0.4955,0,64;7,0,0.6175,0,251;3,5,0.8245,0,241;3,4,0.3885,0,76;7,0,0.7375,0,66
ood_compose_regime-00032	5	2	0	202,45,188,172,62,160,87,138,182,116,147,51,32,167,13,19,69,149,107,90,184,126,202,177,93,177,66,101,39,117,23,141,76,40,135,4	3,3,0.6205,2,52;7,5,0.1395,0,25;2,4,0.4725,0,224;3,5,0.5965,0,13;4,1,0.9735,0,89;5,5,0.5655,0,193
ood_compose_regime-00033	5	2	0	163,69,183,137,93,149,208,163,156,83,77,63,141,14,41,100,159,117,21,147,28,16,110,114,204,66,45,52,131,164,164,176,126,34,8,92	7,4,0.1855,0,137;3,0,0.2955,0,22;3,5,0.4495,0,90;4,1,0.8025,0,143;3,4,0.4435,0,121;5,1,0.2185,0,101
ood_compose_regime-00034	8	2	1	43,102,150,115,147,180,198,107,67,21,93,117,60,138,173,53,10,163,126,177,78,163,166,37,175,141,4,90,69,161,174,83,131,20,30,45	3,0,0.8935,0,20;5,3,0.6135,0,158;4,2,0.7315,0,107;5,1,0.5635,0,132;5,1,0.6775,0,48;5,1,0.4645,0,51
ood_compose_regime-00035	10	2	2	117,89,141,97,147,69,35,13,212,41,191,18,156,26,205,116,45,157,151,93,52,135,209,152,77,110,63,21,175,125,165,87,68,139,155,5	4,3,0.5805,0,230;1,1,0.2945,0,116;3,5,0.8405,0,204;4,5,0.3555,0,203;0,4,0.9995,0,21;4,5,0.6035,0,26
ood_compose_regime-00036	5	2	0	158,62,28,186,82,6,131,15,190,174,39,210,170,177,147,149,123,161,76,45,69,21,194,89,115,17,141,190,52,93,118,108,66,140,102,44	5,5,0.3695,0,27;3,5,0.9895,0,201;3,4,0.4735,0,25;3,0,0.3285,0,140;5,2,0.7025,1,33;2,1,0.9005,0,157
ood_compose_regime-00037	10	2	2	193,37,60,109,167,147,69,115,130,52,1,93,20,172,177,74,212,203,11,66,176,141,40,140,91,125,167,101,117,196,151,22,154,45,87,29	0,1,0.8905,1,35;4,3,0.0725,0,135;3,2,0.5085,0,61;1,5,0.7255,0,75;4,3,0.6145,0,134;4,0,0.8135,0,235
ood_compose_regime-00038	5	2	0	118,185,36,149,114,180,188,47,76,109,12,141,89,147,86,181,191,28,63,201,93,52,69,188,4,173,126,132,21,66,192,209,140,16,100,44	3,2,0.0935,0,171;3,2,0.8505,2,74;3,5,0.4625,0,60;3,4,0.2515,0,255;3,3,0.4635,1,224;5,2,0.9485,0,80
ood_compose_regime-00039	2	2	2	59,151,182,10,2,46,19,186,132,147,117,42,197,166,215,210,172,99,76,121,197,206,113,69,21,141,68,34,172,57,90,93,28,136,107,84	1,0,0.6195,0,34;3,0,0.5225,1,137;8,1,0.9145,0,218;3,2,0.4795,0,58;2,1,0.3975,0,192;0,2,0.0655,0,3
ood_compose_regime-00040	9	2	0	82,147,120,79,169,197,141,106,50,43,155,159,138,128,104,69,36,180,64,11,3,149,45,21,18,215,93,28,116,185,135,63,175,156,90,193	2,1,0.5945,0,189;3,2,0.7465,0,214;1,5,0.1305,0,187;6,0,0.5865,0,224;7,0,0.9225,3,54;7,5,0.5975,0,69
ood_compose_regime-00041	5	2	2	147,93,190,45,151,87,177,111,15,207,69,62,138,21,214,100,90,195,55,159,124,213,114,176,20,75,120,4,27,39,66,132,42,199,200,144	3,5,0.9165,0,155;2,5,0.5715,0,121;6,4,0.5485,0,225;2,5,0.4845,0,93;3,5,0.4415,3,14;3,2,0.4035,3,20
ood_compose_regime-00042	5	2	1	17,199,213,212,43,93,141,98,110,28,13,21,158,2,68,87,55,153,196,61,138,193,38,124,119,154,78,210,90,45,69,150,147,204,132,116	1,3,0.2845,0,18;3,4,0.7775,0,5;6,3,0.9775,0,61;5,5,0.4865,0,184;1,4,0.8605,2,26;3,2,0.4645,0,160
ood_compose_regime-00043	2	2	2	70,124,151,199,21,160,106,147,112,92,93,177,80,156,141,58,100,180,198,158,132,45,173,68,41,85,29,140,56,117,186,34,20,207,12,4	3,2,0.9815,0,250;4,0,0.2815,0,62;7,0,0.8225,1,146;7,3,0.9995,0,237;3,0,0.0675,0,139;3,2,0.9485,0,78
ood_compose_regime-00044	6	2	1	131,64,84,204,32,202,20,73,114,69,167,202,127,193,4,211,147,201,42,93,55,34,117,59,21,45,10,90,107,187,136,211,190,141,150,97	3,0,0.9785,0,231;7,0,0.5145,0,32;6,1,0.0115,0,244;0,2,0.4615,0,179;0,1,0.5865,0,45;6,1,0.0655,0,130
ood_compose_regime-00045	2	2	1	166,140,75,25,147,20,208,65,165,208,150,168,191,1,141,13,22,134,212,124,91,51,96,83,35,69,210,209,174,115,60,117,102,45,42,108	0,3,0.9025,1,73;0,1,0.4865,0,187;2,2,0.2315,0,100;2,1,0.6605,3,203;5,2,0.7885,0,128;3,4,0.8375,0,104
ood_compose_regime-00046	5	2	2	112,182,93,3,194,105,141,137,75,45,165,154,180,35,190,92,147,186,71,27,110,124,134,17,58,117,51,11,24,193,193,151,40,83,207,68	2,1,0.3585,3,213;2,1,0.0565,0,11;2,0,0.9035,2,112;2,1,0.8195,0,221;8,4,0.0995,0,121;3,4,0.2055,0,100
ood_compose_regime-00047	5	2	0	11,52,45,113,182,40,6,207,16,37,88,21,198,62,110,69,119,136,161,127,84,93,149,213,188,28,212,147,141,77,134,67,182,196,99,176	5,1,0.1825,0,191;3,3,0.0715,0,130;3,4,0.7775,0,205;4,2,0.0305,0,199;2,4,0.3205,2,37;6,4,0.0625,0,137
ood_compose_regime-00048	1	2	0	65,149,134,87,141,45,140,38,69,147,63,204,91,153,106,122,18,40,157,196,160,195,2,114,180,100,51,179,28,152,117,78,156,10,21,93	1,0,0.4665,0,50;3,4,0.1725,0,77;2,5,0.3155,0,205;5,5,0.7955,0,140;3,0,0.4875,0,140;1,4,0.8505,0,163
ood_compose_regime-00049	5	2	2	152,187,17,45,167,76,125,93,113,34,13,186,185,137,21,170,101,28,191,117,4,44,87,170,141,69,151,132,107,49,59,91,147,163,68,194	3,3,0.2125,0,60;3,0,0.9265,0,248;0,1,0.8165,0,240;3,5,0.6845,0,12;4,1,0.3105,0,113;4,2,0.2365,0,224
ood_compose_regime-00050	5	2	1	117,34,140,123,147,43,132,193,87,143,174,208,80,7,52,114,45,93,153,17,21,63,99,11,190,191,88,206,28,70,68,201,106,150,209,162	6,1,0.3035,0,25;3,0,0.7575,0,232;3,5,0.8055,1,158;7,5,0.0075,0,59;2,0,0.4955,0,15;2,2,0.8535,2,94
ood_compose_regime-00051	10	2	2	24,156,113,80,163,68,110,193,194,14,53,135,141,17,69,89,93,174,83,151,63,40,39,186,117,201,138,147,128,45,100,196,4,158,28,203	3,4,0.3725,3,229;3,5,0.1505,0,20;4,5,0.9575,0,238;7,1,0.3445,0,84;3,4,0.2555,0,147;7,5,0.4255,0,91
ood_compose_regime-00052	9	2	2	45,107,183,56,89,120,159,28,8,58,128,80,181,14,151,133,114,162,69,156,83,170,93,179,147,183,43,141,159,139,21,97,17,203,38,68	7,4,0.2075,0,111;3,4,0.6925,0,113;7,0,0.8395,0,105;7,1,0.2065,0,124;0,1,0.5595,3,90;7,3,0.6085,0,241
ood_compose_regime-00053	10	2	1	140,190,150,120,152,185,89,160,131,173,147,29,113,111,58,215,194,157,53,141,99,3,67,39,84,12,45,21,16,125,69,44,157,207,93,76	2,2,0.0275,0,139;4,5,0.8175,0,132;4,0,0.7885,0,116;3,2,0.3985,0,235;2,5,0.3305,3,125;4,1,0.9205,0,194
ood_compose_regime-00054	5	2	2	28,86,81,195,207,93,115,185,129,117,141,45,153,42,136,158,134,91,21,207,151,109,147,177,51,12,69,3,39,20,59,171,166,67,100,153	2,2,0.9555,0,8;3,5,0.4255,0,150;2,1,0.6805,0,20;8,4,0.6875,0,190;3,3,0.7095,0,30;8,4,0.1645,0,129
ood_compose_regime-00055	10	2	2	14,147,21,69,52,28,76,99,61,93,47,209,120,43,125,82,37,183,106,179,162,151,17,133,160,182,112,139,88,64,141,204,181,4,211,177	3,4,0.2185,0,62;3,3,0.6085,2,0;3,3,0.0535,0,146;3,0,0.0435,0,148;2,0,0.1595,3,137;4,3,0.7515,0,56
ood_compose_regime-00056	5	2	2	43,34,156,157,204,85,124,159,14,25,141,169,89,71,1,147,96,17,213,140,161,151,51,21,97,206,201,158,133,73,110,117,45,63,68,113	0,4,0.3325,0,184;0,0,0.6765,0,25;2,5,0.9165,2,158;0,3,0.3145,3,95;0,4,0.3945,0,73;3,3,0.8645,0,168
ood_compose_regime-00057	6	2	1	112,137,186,201,63,141,14,50,29,64,69,8,82,98,171,21,171,45,18,186,93,156,150,89,194,39,209,134,199,121,117,111,160,147,43,76	7,4,0.5765,0,222;4,5,0.6575,0,49;1,5,0.1725,0,210;3,0,0.3075,0,164;1,5,0.1235,0,24;0,4,0.2505,0,67
ood_compose_regime-00058	2	2	1	141,202,95,100,20,41,68,211,45,177,92,77,163,117,54,2,11,60,186,83,131,129,21,108,210,35,114,152,166,30,203,138,150,198,69,147	1,1,0.8165,0,82;5,1,0.3205,0,12;5,2,0.9495,0,65;4,1,0.8735,2,240;3,2,0.5175,0,87;8,1,0.4745,0,149
ood_compose_regime-00059	5	2	1	210,121,52,117,139,95,19,66,60,191,175,86,37,150,199,45,170,21,14,108,100,134,26,141,212,42,177,147,155,211,174,113,3,69,80,91	2,4,0.6845,0,62;1,3,0.5555,0,132;3,2,0.4545,0,99;7,4,0.7295,2,134;3,2,0.3765,0,247;0,4,0.7265,0,43
ood_compose_regime-00060	7	2	0	174,112,14,142,166,110,91,149,127,77,95,117,99,134,41,71,137,67,168,196,28,184,2,55,62,39,198,184,45,19,203,215,87,147,21,182	1,4,0.7355,0,229;3,5,0.2405,0,133;6,4,0.7735,2,78;4,5,0.6835,2,199;2,4,0.1655,0,65;6,4,0.3365,1,233
ood_compose_regime-00061	5	2	1	117,127,52,109,200,84,95,176,31,133,45,188,65,90,37,114,147,186,13,163,69,61,42,21,177,98,78,150,172,173,8,163,141,139,20,180	7,3,0.9065,0,131;6,3,0.4215,0,178;3,3,0.3065,0,183;5,2,0.5725,2,40;1,3,0.5425,0,168;6,3,0.6845,0,138
ood_compose_regime-00062	5	2	2	19,2,21,204,117,179,171,147,170,27,109,69,90,204,133,58,93,167,193,38,47,100,40,124,112,65,212,140,51,151,141,191,82,75,195,10	1,0,0.6065,0,28;2,4,0.1125,2,255;2,0,0.2115,0,222;2,0,0.4785,0,217;3,3,0.0385,0,162;3,3,0.8265,0,155
ood_compose_regime-00063	5	2	2	100,211,210,176,115,84,111,142,88,34,192,167,59,69,211,44,205,21,135,139,5,161,65,45,55,151,18,93,125,147,117,75,161,27,10,183	4,0,0.5485,0,156;2,0,0.8235,0,80;6,1,0.3575,0,138;2,2,0.1455,0,144;3,5,0.6515,0,98;4,5,0.6415,1,213
ood_compose_regime-00064	9	2	1	32,37,186,187,63,67,21,69,116,135,20,176,108,93,150,45,172,52,43,178,8,179,128,147,82,155,139,214,90,141,105,13,80,117,208,169	7,3,0.8035,0,156;7,3,0.6225,0,89;3,5,0.7905,0,87;7,0,0.4005,0,74;8,2,0.8175,0,25;7,5,0.6735,0,143
ood_compose_regime-00065	5	2	1	195,147,136,181,124,4,84,134,21,204,93,164,179,75,60,111,72,209,115,150,117,42,30,206,205,100,200,89,141,177,20,65,55,14,39,45	3,4,0.8885,0,133;5,5,0.5615,0,6;6,2,0.3395,3,128;2,2,0.2715,0,151;3,5,0.7065,0,113;3,4,0.0205,0,246
ood_compose_regime-00066	5	2	0	73,85,110,21,100,33,141,211,153,60,49,93,92,140,12,69,149,48,113,194,191,207,167,44,16,117,162,189,147,34,64,133,162,5,124,187	4,2,0.0145,0,112;8,0,0.8965,3,74;0,2,0.0255,0,74;0,3,0.9345,0,116;3,4,0.3015,0,129;3,3,0.9985,0,95
ood_compose_regime-00067	5	2	1	90,21,141,117,168,69,150,50,124,46,86,130,95,100,192,173,158,111,186,205,11,62,39,28,183,155,113,183,137,41,7,147,189,18,76,65	6,1,0.5805,0,149;3,5,0.2245,1,49;1,4,0.3335,0,6;3,4,0.4385,2,102;3,5,0.3475,0,33;3,0,0.3755,0,95
ood_compose_regime-00068	1	2	0	66,132,147,45,24,138,93,180,106,149,18,193,152,163,159,75,117,41,181,51,14,89,210,28,3,112,191,187,100,69,144,123,60,204,38,84	2,4,0.4285,3,108;3,4,0.3885,0,208;2,2,0.4945,0,182;2,2,0.3925,0,7;3,0,0.1045,0,147;2,2,0.4815,3,218
ood_compose_regime-00069	5	2	2	3,83,198,11,123,180,198,69,65,142,46,147,195,19,88,29,172,109,117,156,100,77,200,55,21,59,42,134,93,140,163,167,151,185,39,113	2,1,0.7625,0,91;4,5,0.5245,1,217;6,1,0.3165,0,243;4,1,0.1005,0,21;3,3,0.3245,0,168;2,4,0.8985,1,153
ood_compose_regime-00070	5	2	0	166,205,154,78,96,124,141,69,139,86,183,68,13,45,203,133,149,118,89,147,58,52,195,4,37,160,43,186,31,109,102,21,206,16,211,115	3,3,0.1775,0,244;6,3,0.6995,0,232;3,0,0.9885,0,81;5,4,0.2305,3,29;5,3,0.7355,1,205;3,3,0.6005,0,88
ood_compose_regime-00071	5	2	0	154,125,42,136,73,37,20,28,152,84,211,65,198,4,55,21,162,105,93,213,198,117,157,45,178,89,60,111,141,112,149,147,15,155,135,69	3,5,0.9565,0,150;3,3,0.4045,0,79;6,2,0.3805,0,191;0,2,0.2555,0,74;8,5,0.0075,0,80;4,5,0.1625,0,34
ood_compose_regime-00072	5	2	2	110,127,151,66,190,167,4,201,137,42,91,93,147,156,19,46,59,100,79,116,82,141,161,191,69,157,157,175,168,51,131,21,38,117,12,28	3,2,0.6075,0,234;3,4,0.4535,1,82;2,1,0.4565,0,250;6,0,0.6985,0,65;3,4,0.8575,0,213;6,1,0.2765,0,206
ood_compose_regime-00073	5	2	1	72,133,57,45,100,190,173,141,89,106,42,37,204,21,31,10,75,117,147,211,136,84,150,196,174,4,60,208,16,66,160,210,113,124,176,95	3,0,0.0935,0,57;6,3,0.5005,0,21;8,2,0.5805,3,210;2,2,0.2525,2,11;3,0,0.3125,0,39;3,3,0.1625,0,213
ood_compose_regime-00074	5	2	2	184,18,129,154,206,69,79,162,94,137,90,21,151,130,184,3,62,68,198,147,155,100,43,109,52,117,10,36,177,33,116,158,45,85,194,143	2,0,0.5775,0,222;8,2,0.6165,0,123;3,4,0.8815,0,234;6,3,0.5135,1,227;3,3,0.8355,0,26;8,0,0.3525,2,232
ood_compose_regime-00075	1	2	0	44,11,110,74,19,162,34,117,2,169,130,24,85,158,93,58,162,139,45,195,197,56,99,69,91,28,166,182,203,124,68,187,149,147,141,115	1,1,0.7695,3,78;3,0,0.8075,0,105;7,0,0.8205,0,71;1,3,0.6505,0,73;2,4,0.7005,0,5;3,0,0.6545,0,83
ood_compose_regime-00076	9	2	2	58,159,32,76,6,199,113,70,93,100,151,111,22,56,132,147,87,88,206,16,141,175,199,15,66,181,178,120,42,190,124,140,38,155,214,45	5,5,0.1725,1,177;7,4,0.5215,0,143;7,0,0.5815,1,111;3,5,0.1505,0,158;3,5,0.2905,3,38;3,2,0.9635,0,146
ood_compose_regime-00077	6	2	0	117,25,136,113,211,193,164,149,121,92,37,16,199,64,210,70,45,95,195,100,58,2,44,106,141,52,134,73,161,203,147,208,85,10,21,152	1,0,0.1445,0,144;0,3,0.9215,0,60;3,0,0.0335,1,210;0,3,0.8865,2,144;3,0,0.3405,0,245;0,4,0.0935,0,43
ood_compose_regime-00078	10	2	2	41,83,117,181,182,25,140,147,36,96,20,21,169,111,15,121,73,56,183,151,5,141,45,171,176,69,193,115,200,91,130,181,68,100,177,61	4,5,0.9685,0,78;0,2,0.3755,0,0;7,3,0.8005,0,152;0,1,0.6985,3,108;3,5,0.6955,0,103;0,0,0.8355,0,245
ood_compose_regime-00079	6	2	1	45,93,188,186,85,110,69,116,39,51,16,76,213,202,62,160,182,165,137,117,40,150,135,5,97,15,190,90,23,169,64,125,141,30,179,147	4,5,0.0575,2,166;5,5,0.1875,0,56;2,4,0.1475,0,69;3,3,0.4015,0,135;0,4,0.9165,0,63;4,5,0.2145,0,78
ood_compose_regime-00080	2	2	2	45,17,192,35,21,117,196,13,59,136,71,197,132,101,66,108,171,53,183,199,29,91,169,44,4,204,141,184,152,147,75,93,151,112,82,125	3,3,0.3705,0,212;4,1,0.9735,0,57;4,1,0.5515,2,3;2,0,0.6865,0,218;4,2,0.1325,0,179;4,2,0.1475,0,131
ood_compose_regime-00081	5	2	1	93,117,214,206,66,113,81,214,140,53,90,186,147,199,18,12,45,213,36,109,150,141,43,4,23,133,189,30,98,72,175,124,162,86,154,61	3,2,0.4255,2,219;5,2,0.6255,0,181;4,3,0.5345,3,201;8,4,0.5755,0,248;1,3,0.2695,0,171;3,3,0.8155,0,195
ood_compose_regime-00082	5	2	2	121,45,109,115,213,137,77,192,51,117,93,21,130,151,4,147,12,36,159,18,190,67,100,177,69,42,192,172,27,202,141,85,190,90,152,59	3,2,0.4175,0,55;2,2,0.5445,0,127;2,1,0.7455,0,141;4,3,0.5805,0,83;3,3,0.7765,0,231;0,0,0.2565,0,220
ood_compose_regime-00083	5	2	2	19,39,210,53,89,107,203,3,215,77,11,135,21,69,117,154,203,82,125,141,211,137,151,60,93,184,42,114,65,180,164,45,28,147,98,173	2,1,0.6755,0,235;3,5,0.4455,0,236;4,2,0.2765,0,142;4,0,0.2315,0,251;1,1,0.4995,0,225;4,5,0.3905,0,5
ood_compose_regime-00084	5	2	2	21,211,93,103,165,56,66,45,124,19,188,76,198,40,112,147,58,38,7,158,152,117,162,205,31,92,69,136,168,151,133,106,12,190,144,84	6,2,0.7755,0,139;6,4,0.1505,0,239;7,0,0.5725,0,45;3,2,0.9715,0,207;6,0,0.1535,0,73;3,3,0.0835,3,14
ood_compose_regime-00085	1	2	2	140,123,178,176,215,88,41,62,3,69,147,38,64,141,14,83,178,51,75,21,116,156,20,99,45,203,184,108,130,159,118,182,93,188,28,151	2,4,0.9485,0,68;3,4,0.3505,0,150;2,4,0.0185,0,77;2,1,0.1675,0,228;2,2,0.8055,1,110;2,0,0.8165,0,133
ood_compose_regime-00086	9	2	2	4,76,151,32,131,16,93,21,147,163,92,139,112,188,175,100,202,108,142,117,171,39,45,180,65,56,122,61,199,44,14,87,213,181,153,69	3,4,0.1005,0,187;7,5,0.8665,0,67;7,3,0.3975,0,162;3,5,0.8475,0,250;3,2,0.0285,0,77;1,1,0.7715,1,37
ood_compose_regime-00087	10	2	1	77,87,41,102,45,14,109,165,137,50,212,16,93,171,28,34,153,112,117,214,69,62,150,163,169,154,92,207,2,147,201,142,130,21,64,122	1,4,0.1195,0,230;3,0,0.3135,0,98;1,4,0.0585,0,162;4,5,0.9545,0,65;5,3,0.1275,0,194;1,0,0.2915,1,146
ood_compose_regime-00088	5	2	2	134,210,63,21,164,30,136,176,10,117,45,129,156,214,107,35,42,170,173,87,141,151,68,206,204,52,72,147,7,113,93,76,103,90,166,16	6,0,0.1695,0,245;5,1,0.4155,0,123;3,5,0.9095,3,159;3,5,0.4395,0,54;6,1,0.3715,0,164;8,4,0.1445,0,168
ood_compose_regime-00089	5	2	0	91,76,2,154,147,209,141,52,40,134,124,195,85,149,199,212,106,93,157,61,46,100,115,165,21,67,163,20,136,117,39,69,10,181,28,156	1,0,0.9015,0,135;3,5,0.1495,1,214;3,3,0.7885,0,53;3,3,0.7925,0,223;3,0,0.6345,0,5;3,4,0.0215,0,227
ood_compose_regime-00090	2	2	1	44,186,165,195,191,116,141,211,147,17,105,14,193,91,150,189,33,187,130,22,140,52,69,85,107,68,117,6,207,124,76,202,45,95,36,58	5,4,0.2565,1,229;8,2,0.9135,0,93;3,0,0.9645,0,15;3,3,0.7855,2,69;8,1,0.9155,0,253;3,0,0.8455,0,226
ood_compose_regime-00091	7	2	1	19,177,210,173,93,160,35,55,3,128,76,42,137,22,196,117,69,185,86,150,166,115,15,152,64,89,48,62,131,141,98,147,33,188,110,212	2,5,0.6145,1,109;8,1,0.4035,3,164;6,4,0.0805,0,91;3,4,0.2435,0,41;1,4,0.6195,0,176;7,1,0.2735,0,14
ood_compose_regime-00092	1	2	1	15,147,28,117,123,62,197,191,190,52,141,132,90,40,150,16,168,93,189,115,189,45,137,23,191,107,3,87,69,202,215,157,75,66,101,36	2,5,0.0105,2,98;3,2,0.0315,0,201;3,4,0.5205,0,159;2,5,0.4595,0,15;4,1,0.6915,0,153;2,2,0.3675,0,240
ood_compose_regime-00093	7	2	0	206,141,204,108,180,50,89,82,67,176,96,130,180,62,100,45,76,117,201,2,136,70,28,166,190,115,19,21,15,149,38,40,147,122,184,179	1,5,0.6065,0,238;3,4,0.0325,0,125;1,4,0.7175,1,81;3,0,0.2015,3,231;3,2,0.6775,0,182;1,0,0.1175,0,212
ood_compose_regime-00094	5	2	1	124,150,215,181,34,137,14,27,43,52,166,24,196,113,130,191,69,88,141,93,117,204,100,85,64,61,4,207,19,78,109,147,45,210,177,158	3,4,0.7875,3,208;2,0,0.6885,0,240;3,3,0.1795,0,100;5,3,0.1365,0,50;3,3,0.2515,0,9;3,0,0.2275,0,28
ood_compose_regime-00095	5	2	0	32,157,4,125,141,83,190,74,59,50,109,178,165,14,91,37,181,116,165,45,117,197,69,170,132,149,95,17,184,136,147,21,100,40,179,67	3,4,0.2915,0,231;7,3,0.0995,0,119;1,1,0.6275,0,91;1,1,0.7255,2,212;3,3,0.9065,0,73;4,2,0.1715,0,246
ood_compose_regime-00096	2	2	0	34,45,187,179,89,197,208,7,16,57,105,137,197,159,58,116,110,76,147,190,118,200,42,211,65,166,11,149,29,93,141,69,130,87,129,21	6,1,0.1045,0,53;4,0,0.5575,0,48;8,0,0.3925,0,232;3,5,0.3205,0,124;8,4,0.8935,1,58;8,0,0.3305,0,78
ood_compose_regime-00097	2	2	0	8,137,29,186,35,53,67,130,58,109,69,208,80,128,17,149,21,141,163,165,46,171,157,147,113,205,88,87,205,41,10,159,191,93,117,100	7,0,0.3815,0,250;4,1,0.2105,1,212;4,0,0.6095,0,72;7,5,0.1595,0,86;3,3,0.2555,0,40;7,0,0.3995,0,19
ood_compose_regime-00098	5	2	1	69,75,206,93,213,56,128,102,110,18,147,62,150,162,117,161,21,14,204,197,83,27,39,211,88,180,42,155,112,168,133,141,4,65,45,137	3,4,0.4965,0,63;2,5,0.5005,0,161;7,4,0.2525,0,169;2,1,0.1105,0,76;5,4,0.0935,0,2;7,3,0.3885,0,252
ood_compose_regime-00099	5	2	1	190,93,46,124,178,154,150,189,75,4,205,141,14,113,17,69,172,117,134,65,208,147,136,83,34,100,42,108,167,59,26,202,51,21,90,157	3,4,0.2045,0,164;1,0,0.5185,1,114;2,1,0.3445,0,221;2,1,0.4995,0,158;3,2,0.3875,0,144;3,4,0.0615,0,196
ood_compose_regime-00100	5	2	2	106,16,156,186,87,135,162,42,117,68,93,159,210,125,89,170,151,39,23,27,52,75,69,136,170,207,115,48,14,60,147,152,141,3,169,99	2,4,0.0765,2,93;2,5,0.5345,3,69;3,2,0.9555,0,95;2,5,0.3355,0,122;2,0,0.7085,0,136;4,5,0.0835,0,77
ood_compose_regime-00101	8	2	1	202,40,14,112,117,45,69,155,38,199,175,137,153,130,84,107,176,147,96,171,68,174,52,32,210,102,212,6,58,150,21,144,89,20,77,124	5,4,0.9305,0,37;7,4,0.1925,0,76;3,0,0.8675,0,91;4,2,0.3845,3,26;5,1,0.0695,0,101;3,0,0.2615,3,156
ood_compose_regime-00102	5	2	2	151,66,193,214,63,72,187,161,4,21,106,191,42,117,27,87,147,168,143,197,14,45,129,57,81,93,137,212,130,176,115,39,91,209,20,99	3,4,0.9605,0,52;2,5,0.4265,0,135;8,5,0.5185,3,191;8,5,0.7785,0,238;2,0,0.7825,0,196;8,0,0.2335,2,122
ood_compose_regime-00103	10	2	2	87,172,178,58,93,39,45,21,196,131,117,68,147,100,29,138,53,109,43,174,20,195,115,151,77,69,206,2,14,159,164,185,161,90,125,142	1,4,0.8655,0,238;4,5,0.6535,0,148;4,0,0.9115,0,163;4,5,0.4435,0,232;3,3,0.6975,0,243;4,1,0.4105,1,69
ood_compose_regime-00104	10	2	0	9,147,93,190,141,62,120,173,21,84,134,116,27,77,180,40,194,105,124,91,139,19,195,191,197,213,149,212,160,71,15,65,45,57,106,38	8,5,0.6785,0,39;2,4,0.1555,0,134;8,4,0.2235,2,34;4,2,0.7515,0,161;8,0,0.8255,3,137;3,4,0.6695,0,173
ood_compose_regime-00105	5	2	1	76,176,25,62,133,4,209,181,16,40,112,163,93,138,69,117,98,202,21,51,175,188,158,186,141,36,92,64,45,13,147,111,150,122,177,86	3,3,0.0725,0,0;0,2,0.1615,0,144;2,4,0.0215,0,36;3,4,0.8445,0,249;1,5,0.0195,0,142;1,3,0.4825,0,227
ood_compose_regime-00106	9	2	2	45,200,151,147,93,32,204,63,39,87,171,100,69,133,21,187,42,127,88,164,65,20,117,157,15,110,114,75,214,188,152,204,141,137,54,8	7,5,0.9465,0,251;7,5,0.4215,0,115;5,5,0.2655,0,115;2,5,0.1035,0,117;3,4,0.4875,0,254;6,3,0.3745,0,94
ood_compose_regime-00107	8	2	0	168,135,205,154,204,136,63,21,141,215,35,18,27,178,117,198,13,185,40,149,54,102,125,83,147,79,94,45,4,69,185,68,116,152,90,110	3,3,0.5315,0,133;2,1,0.0125,0,150;5,5,0.9725,0,73;6,1,0.4745,1,102;5,4,0.8195,0,210;4,5,0.0565,0,176
ood_compose_regime-00108	5	2	1	165,76,45,91,182,152,71,150,188,100,82,124,165,138,20,176,178,3,166,58,11,141,37,66,53,21,132,194,115,147,109,29,117,41,165,94	2,1,0.8725,0,44;4,3,0.3385,0,159;4,0,0.4055,2,60;3,0,0.6845,1,199;3,3,0.7335,0,152;3,2,0.5635,0,114
ood_compose_regime-00109	5	2	2	173,151,117,197,4,169,76,51,90,15,84,66,21,137,40,103,114,122,28,39,93,166,187,141,133,109,147,63,45,70,188,154,176,192,177,17	3,5,0.3895,0,229;3,5,0.0595,0,149;2,5,0.5655,1,152;3,2,0.5695,0,44;6,3,0.4455,0,88;1,3,0.3885,0,241
ood_compose_regime-00110	5	2	2	7,200,47,215,69,19,154,82,117,68,52,147,173,132,144,137,214,124,93,151,91,42,173,176,105,195,37,113,199,61,21,14,111,31,202,75	6,4,0.6605,0,17;6,3,0.4405,2,26;3,3,0.8305,0,33;2,0,0.7395,0,70;8,5,0.2465,0,104;3,2,0.3065,3,131
ood_compose_regime-00111	5	2	0	21,69,100,114,34,111,121,176,28,169,166,66,40,117,147,62,87,178,137,88,149,142,13,154,45,201,189,19,207,167,153,93,52,76,132,4	3,3,0.7145,0,52;3,0,0.1025,0,54;3,4,0.4915,0,193;3,5,0.0125,0,150;3,5,0.5815,0,13;0,2,0.3485,1,29
ood_compose_regime-00112	2	2	1	88,40,207,21,46,10,180,111,208,19,158,93,191,141,201,117,4,161,57,134,36,175,76,136,196,69,147,150,28,60,124,113,100,66,214,84	3,0,0.6445,0,249;3,2,0.1695,1,161;8,2,0.4995,0,234;3,2,0.1595,0,146;3,5,0.3145,0,28;3,4,0.1505,0,208
ood_compose_regime-00113	5	2	1	192,197,186,150,134,64,109,87,28,58,20,116,147,21,163,188,2,141,10,70,180,139,183,208,36,45,122,182,93,90,50,76,40,117,212,100	1,0,0.9865,0,255;3,2,0.1985,0,212;1,0,0.0255,1,48;3,5,0.5745,0,81;3,3,0.8385,0,7;1,4,0.7645,0,243
ood_compose_regime-00114	10	2	2	100,33,124,130,151,114,159,203,200,137,175,83,17,91,21,40,117,56,9,106,201,70,211,201,58,141,186,147,75,152,187,39,14,65,45,94	8,4,0.2675,0,165;8,5,0.1665,0,68;7,0,0.3635,1,232;2,1,0.6835,1,20;3,0,0.5855,0,63;3,0,0.3825,0,85
ood_compose_regime-00115	2	2	2	102,117,4,60,45,107,36,169,171,44,20,21,164,30,159,203,68,147,79,197,157,129,14,57,115,72,151,179,89,141,188,130,93,168,83,140	3,4,0.8605,0,126;5,2,0.9635,0,195;8,2,0.9595,3,65;6,1,0.2055,0,6;5,1,0.7425,0,88;8,0,0.8615,0,116
ood_compose_regime-00116	5	2	0	87,117,50,196,76,19,12,140,133,153,33,175,110,197,72,67,176,147,104,194,40,36,21,45,189,149,177,62,93,112,90,191,141,3,210,125	2,2,0.6485,0,2;8,2,0.0465,0,248;1,4,0.6975,3,209;3,5,0.4085,0,29;7,4,0.0145,0,142;4,3,0.9875,0,202
ood_compose_regime-00117	1	2	2	134,92,65,87,151,147,35,40,5,168,159,186,75,52,192,106,45,193,93,116,166,117,121,99,137,12,16,182,213,195,62,141,23,165,69,29	4,2,0.0615,2,187;4,1,0.1385,0,209;3,4,0.3275,0,182;2,5,0.9175,0,86;2,0,0.9625,0,76;0,4,0.2815,0,91
ood_compose_regime-00118	6	2	2	114,117,28,135,147,57,137,67,85,16,69,1,165,212,39,110,62,45,169,21,13,187,161,122,41,97,156,151,190,159,73,144,184,195,94,88	0,3,0.0335,0,254;3,5,0.2725,0,250;8,4,0.6245,0,131;0,3,0.0095,1,228;0,4,0.4805,0,21;1,5,0.3735,3,36
ood_compose_regime-00119	5	2	0	154,100,117,147,85,160,178,136,60,126,208,149,106,171,141,21,15,175,53,37,92,133,158,70,64,209,44,191,93,115,16,4,189,25,45,76	3,5,0.0545,0,110;0,3,0.9635,0,143;4,2,0.0375,1,28;3,3,0.8235,0,180;3,0,0.7785,0,125;5,3,0.0785,0,55
ood_compose_regime-00120	2	2	2	132,83,11,73,6,187,190,45,114,184,59,141,151,109,40,20,21,140,90,125,100,195,195,180,39,162,93,117,29,147,66,194,187,181,57,70	5,1,0.8675,0,155;4,5,0.0645,0,237;8,1,0.5025,1,108;0,1,0.4645,0,70;3,3,0.4215,0,51;4,2,0.9005,0,155
ood_compose_regime-00121	5	2	0	112,88,52,36,202,165,25,87,212,97,21,118,45,182,12,172,122,140,63,109,76,93,40,131,159,153,210,141,147,4,160,149,67,69,17,163	3,2,0.2705,0,45;0,2,0.0565,0,122;3,5,0.7175,0,112;3,5,0.1595,0,138;0,3,0.1595,1,27;1,1,0.8105,0,212
ood_compose_regime-00122	9	2	0	63,69,201,182,134,21,45,184,32,111,89,180,100,123,160,138,113,42,188,13,169,186,168,118,16,39,149,141,147,5,52,87,180,64,93,76	4,3,0.0415,0,74;7,5,0.4625,0,158;3,5,0.0775,0,142;3,5,0.2675,0,83;3,5,0.3455,1,50;2,4,0.5115,0,247
ood_compose_regime-00123	9	2	0	122,149,197,103,80,138,141,188,14,202,30,88,4,106,93,184,85,69,171,116,45,135,182,117,170,63,56,20,37,171,147,180,66,21,41,215	3,4,0.8375,0,8;5,3,0.2515,0,206;7,5,0.4175,0,97;7,3,0.0885,0,101;6,0,0.9225,0,224;1,5,0.4255,0,203
ood_compose_regime-00124	5	2	1	155,124,44,161,178,84,100,154,197,35,52,137,21,69,63,118,33,89,191,150,66,76,109,147,174,172,47,134,93,189,6,141,112,20,14,165	5,4,0.9855,0,7;8,1,0.8855,2,86;3,5,0.4635,0,32;3,2,0.2785,0,116;3,3,0.0975,1,101;3,4,0.3685,0,235
ood_compose_regime-00125	2	2	0	34,93,200,158,140,141,11,80,208,98,117,147,158,206,92,71,62,124,109,18,182,83,21,175,3,160,215,54,149,112,132,42,45,197,28,66	2,1,0.5815,0,124;3,0,0.4895,0,92;5,4,0.4135,2,240;7,1,0.8915,0,127;1,3,0.0915,0,224;3,2,0.9095,0,103
ood_compose_regime-00126	5	2	2	198,201,208,175,18,37,21,92,52,184,45,42,84,100,194,58,120,93,9,71,109,210,141,177,76,147,151,174,14,212,123,132,115,139,68,28	8,4,0.5495,0,107;3,3,0.5035,0,217;3,0,0.9575,2,220;3,2,0.9155,0,212;3,3,0.7685,3,93;2,2,0.6745,0,7
ood_compose_regime-00127	5	2	2	117,42,23,52,163,200,68,151,28,138,1,180,83,111,132,73,141,63,155,159,100,11,215,190,154,205,116,121,147,200,17,90,45,95,38,71	0,1,0.2795,2,46;3,4,0.4285,0,176;3,5,0.8065,2,171;0,1,0.5495,2,167;3,5,0.8205,0,253;0,2,0.5825,0,239
ood_compose_regime-00128	5	2	0	78,170,147,156,84,91,132,112,15,138,62,57,106,95,16,9,117,28,149,178,69,166,129,142,172,215,213,177,43,65,169,39,21,45,174,101	8,5,0.1685,0,163;3,5,0.7465,0,227;8,4,0.2995,0,229;5,2,0.6345,2,54;4,0,0.0115,0,155;8,2,0.5335,1,113
ood_compose_regime-00129	2	2	1	98,203,71,45,52,147,208,155,16,8,13,85,93,67,115,126,58,107,141,40,211,153,117,162,132,76,167,33,185,21,190,138,91,150,213,38	7,3,0.1685,0,125;8,4,0.1645,0,159;3,0,0.6185,2,241;3,3,0.7005,0,46;1,1,0.7365,0,35;5,2,0.4225,0,118
ood_compose_regime-00130	6	2	2	45,70,190,158,209,134,147,75,97,158,1,28,174,162,43,82,117,203,21,151,110,13,61,18,115,93,124,203,64,215,152,53,142,137,37,92	0,3,0.5645,0,176;3,3,0.7755,0,223;4,3,0.1095,1,31;2,0,0.8605,0,116;0,4,0.7875,0,108;3,4,0.2265,1,251
ood_compose_regime-00131	8	2	1	141,211,117,52,176,30,39,15,215,147,69,150,167,131,85,6,45,185,65,44,16,108,89,191,21,152,93,113,178,168,78,97,123,60,140,159	5,5,0.0175,0,123;5,5,0.8535,0,197;3,2,0.2355,0,182;5,3,0.2575,0,236;0,2,0.3685,0,8;2,1,0.9575,0,34
ood_compose_regime-00132	10	2	2	117,19,133,190,86,4,106,33,171,67,202,100,184,170,48,93,151,38,184,124,91,63,69,137,158,159,181,156,81,116,147,57,21,141,44,14	3,4,0.6625,0,1;8,4,0.9695,3,114;8,5,0.7115,0,32;8,4,0.6635,0,20;3,0,0.9235,0,215;3,3,0.2985,0,47
ood_compose_regime-00133	5	2	0	88,198,172,117,73,84,69,166,215,58,198,4,123,213,52,21,147,149,131,44,27,139,18,169,113,13,45,100,93,192,161,66,171,141,109,39	3,3,0.5115,0,12;2,5,0.9055,0,182;3,0,0.5525,0,234;0,2,0.1395,0,153;3,3,0.3525,0,164;2,1,0.7095,0,229
ood_compose_regime-00134	5	2	2	134,124,77,154,91,197,45,213,108,10,99,140,185,151,65,85,60,29,205,40,21,141,147,17,114,93,117,197,170,207,4,35,168,204,69,53	3,0,0.2425,0,44;4,1,0.1865,0,242;4,2,0.3845,0,51;4,3,0.7485,0,41;2,2,0.4985,0,200;3,4,0.9495,0,107
ood_compose_regime-00135	5	2	2	58,28,100,69,43,21,212,112,176,164,151,147,111,57,46,185,126,117,144,196,76,152,84,167,89,132,93,20,159,211,4,64,163,137,12,36	3,2,0.8425,0,133;3,2,0.6405,1,126;8,0,0.1445,0,120;3,2,0.2765,0,245;3,5,0.1315,0,167;5,2,0.3625,3,3
ood_compose_regime-00136	8	2	1	167,135,213,28,99,118,147,83,12,18,46,140,69,162,67,78,106,21,155,116,178,128,188,155,199,93,43,54,150,4,142,63,39,92,173,208	3,2,0.4575,0,110;3,5,0.7385,1,0;5,5,0.7945,0,92;5,1,0.9295,0,48;2,0,0.8855,1,210;7,5,0.9905,1,134
ood_compose_regime-00137	2	2	0	87,172,69,147,206,107,45,10,93,144,29,43,7,58,213,21,160,132,36,196,149,125,191,184,49,90,76,16,163,205,140,113,117,68,99,214	6,0,0.0235,0,230;4,2,0.7965,0,97;0,0,0.9625,0,245;3,5,0.4685,0,67;2,1,0.3775,0,89;4,2,0.8815,3,223
ood_compose_regime-00138	5	2	2	65,90,165,193,137,93,135,43,151,147,10,201,34,141,76,99,169,117,70,61,124,182,52,209,112,45,2,182,107,87,27,20,177,170,21,172	1,0,0.9225,0,173;2,0,0.6375,0,127;3,3,0.2625,1,2;3,5,0.5255,0,110;2,1,0.0825,0,117;3,5,0.3195,0,89
ood_compose_regime-00139	5	2	2	117,167,110,44,4,189,213,163,65,141,178,82,29,156,151,98,52,13,132,124,147,74,45,69,114,159,96,20,137,159,21,61,195,199,89,36	3,3,0.8065,0,230;4,2,0.8135,0,250;3,3,0.3845,0,130;1,0,0.2305,3,1;1,4,0.5735,0,60;3,2,0.2695,0,100
ood_compose_regime-00140	5	2	1	76,40,147,68,176,69,193,90,162,24,17,139,106,45,27,62,150,50,38,184,3,93,10,163,178,87,183,155,141,116,119,101,192,135,199,126	2,0,0.3105,3,57;2,4,0.1365,0,159;1,4,0.8285,0,150;3,5,0.5765,0,210;4,0,0.9345,2,105;5,5,0.6105,0,141
ood_compose_regime-00141	5	2	2	86,197,195,90,116,131,69,195,14,66,213,21,151,61,141,41,93,126,140,166,213,37,30,45,16,79,52,103,147,117,109,210,7,208,174,163	6,4,0.0465,0,216;5,3,0.3385,0,47;3,3,0.4855,0,169;6,4,0.5075,0,141;6,3,0.8685,0,27;5,1,0.8645,0,240
ood_compose_regime-00142	5	2	1	134,155,112,19,193,58,45,186,177,203,24,64,42,30,208,141,140,14,69,100,92,195,93,86,6,147,52,117,106,35,150,124,191,81,158,211	5,4,0.6525,3,188;5,1,0.4685,0,165;3,0,0.0735,0,63;8,4,0.9045,0,196;3,0,0.1015,0,176;3,4,0.8565,0,229
ood_compose_regime-00143	5	2	2	136,215,80,40,134,171,93,196,160,62,25,69,83,184,183,174,14,37,172,64,153,113,117,128,88,147,46,21,141,50,151,19,184,106,98,4	3,4,0.7065,0,251;0,3,0.0365,1,18;1,4,0.0045,0,225;7,1,0.0605,0,38;1,0,0.3535,0,33;7,4,0.0115,0,186
ood_compose_regime-00144	5	2	2	61,55,204,68,174,1,72,117,38,73,159,147,170,103,136,28,206,170,159,116,89,109,151,42,189,93,19,209,121,82,133,21,141,45,10,178	0,0,0.7335,0,17;3,4,0.4185,0,173;6,3,0.9355,3,146;0,0,0.2245,0,115;6,3,0.9025,0,154;0,3,0.1515,0,167
ood_compose_regime-00145	5	2	1	113,110,59,150,45,194,21,33,117,78,147,96,208,194,141,137,64,83,130,70,208,210,4,128,92,203,18,36,40,206,157,178,51,100,14,211	3,4,0.4515,0,136;8,2,0.0265,0,216;2,1,0.0955,1,107;5,1,0.8385,3,23;3,4,0.2825,0,244;7,0,0.3445,0,64
ood_compose_regime-00146	5	2	1	138,92,68,169,21,164,27,17,147,117,10,189,124,183,142,63,93,132,36,162,69,150,156,82,111,183,99,45,77,193,186,115,52,169,8,42	7,0,0.2445,0,10;2,2,0.5065,0,122;3,5,0.8645,0,58;4,0,0.9085,0,91;2,5,0.6415,0,170;3,2,0.5575,1,102
ood_compose_regime-00147	5	2	1	150,139,160,194,76,19,203,45,147,128,207,152,93,116,117,68,202,141,86,15,131,198,162,89,28,52,102,176,63,109,44,37,69,21,156,4	3,5,0.7515,0,234;3,3,0.9015,0,90;3,5,0.9565,0,66;3,4,0.2845,0,234;5,3,0.8495,0,71;7,1,0.6965,0,28
ood_compose_regime-00148	5	2	1	108,90,64,135,208,43,204,39,138,76,147,45,186,16,21,124,150,14,210,177,95,117,28,50,100,61,116,86,69,141,171,214,153,7,186,185	6,4,0.0875,0,184;3,5,0.6155,0,68;1,3,0.0755,0,198;3,4,0.5815,2,36;3,2,0.8705,0,116;3,5,0.5215,0,117
ood_compose_regime-00149	7	2	0	138,202,183,26,156,197,45,91,66,193,73,43,173,84,2,141,185,167,124,97,62,147,11,72,37,149,157,50,96,18,133,108,115,213,21,117	1,1,0.5985,0,38;1,3,0.6745,0,112;1,4,0.4905,3,199;0,2,0.6325,3,160;0,2,0.6095,0,138;3,3,0.4215,0,179
ood_compose_regime-00150	1	2	0	160,63,68,92,138,124,193,206,3,194,30,111,51,149,98,93,75,45,175,165,19,161,36,10,147,84,161,213,117,23,114,40,69,141,208,132	2,0,0.6465,2,52;5,2,0.0295,0,75;2,5,0.9515,0,97;2,2,0.9225,0,82;1,5,0.5535,0,228;3,2,0.4945,0,36
ood_compose_regime-00151	9	2	0	154,45,161,56,69,117,147,25,34,108,123,21,170,40,67,176,94,141,155,194,74,100,131,61,176,201,90,10,137,149,188,87,115,3,16,181	2,0,0.1965,0,124;0,0,0.1515,0,102;7,3,0.7695,0,137;1,5,0.5765,1,236;3,2,0.7585,0,166;2,1,0.3505,0,236
ood_compose_regime-00152	5	2	2	175,108,68,48,183,42,172,93,21,113,147,214,170,76,168,142,62,151,152,52,117,69,7,87,122,133,183,174,100,89,136,11,39,28,18,184	6,1,0.4385,0,1;3,5,0.5225,3,4;3,4,0.8235,0,252;3,5,0.2815,0,181;3,2,0.3365,0,94;1,3,0.1595,1,17
ood_compose_regime-00153	5	2	0	192,186,154,79,130,4,175,127,69,18,51,88,102,21,176,95,14,113,117,110,30,64,149,141,179,139,36,45,201,195,41,83,58,147,179,189	3,4,0.5855,0,13;5,2,0.2565,0,73;2,0,0.1135,0,173;6,1,0.0515,2,215;5,4,0.3665,0,192;6,0,0.7045,0,11
ood_compose_regime-00154	8	2	2	78,194,182,13,90,209,85,16,181,139,24,4,141,130,99,71,117,202,38,45,93,151,147,107,58,41,52,66,124,200,27,188,203,112,157,170	3,3,0.0175,3,160;2,4,0.3775,0,190;3,0,0.5735,2,217;5,3,0.4385,0,161;2,1,0.1045,0,237;3,0,0.6425,0,150
ood_compose_regime-00155	5	2	0	173,19,64,21,99,173,15,166,107,141,124,93,134,153,63,202,174,169,57,149,147,85,5,114,175,46,69,29,138,76,90,117,42,157,181,35	4,5,0.6215,0,60;4,1,0.4785,1,51;8,5,0.1725,0,192;3,3,0.4665,0,214;2,1,0.5875,0,3;3,4,0.4145,0,250
ood_compose_regime-00156	5	2	2	42,208,70,167,163,99,190,6,135,151,141,93,123,91,147,21,27,38,158,62,154,116,213,13,137,20,46,64,85,76,118,212,52,179,163,106	5,3,0.8315,0,219;2,4,0.4775,1,99;3,4,0.0945,1,144;3,3,0.7375,0,248;2,0,0.9855,1,216;2,5,0.3295,0,49
ood_compose_regime-00157	7	2	1	134,111,214,143,124,114,184,117,98,150,211,167,213,13,28,93,51,88,157,7,45,41,147,211,212,69,64,175,38,76,21,16,87,62,190,137	6,3,0.1365,0,125;3,4,0.3025,0,199;2,4,0.0555,0,128;3,5,0.0615,0,108;1,5,0.4915,0,230;3,4,0.3275,2,238
ood_compose_regime-00158	10	2	2	213,100,133,93,193,204,117,151,29,147,64,44,22,69,14,20,172,158,112,51,45,138,7,111,188,88,124,199,73,179,206,62,213,82,37,141	6,4,0.8895,1,66;4,3,0.9885,0,137;2,4,0.0135,0,126;0,0,0.0095,0,161;3,5,0.0655,0,215;3,3,0.4455,0,182
ood_compose_regime-00159	7	2	2	155,68,35,138,93,206,17,82,122,167,151,45,44,181,3,24,113,147,106,117,15,211,69,200,133,141,194,191,100,158,173,49,92,27,59,74	2,5,0.3085,3,102;2,1,0.8115,0,215;0,1,0.9065,0,255;1,0,0.8995,0,113;3,0,0.3495,0,55;1,3,0.5245,0,97
ood_compose_regime-00160	2	2	0	207,203,127,198,144,206,91,149,76,136,170,57,60,17,177,180,21,28,69,34,147,87,93,215,206,45,117,15,9,42,68,99,108,154,114,131	8,5,0.3455,0,87;3,0,0.4755,0,158;8,2,0.8155,0,27;3,5,0.7065,0,208;2,2,0.5995,0,98;6,1,0.0075,3,138
ood_compose_regime-00161	1	2	0	77,189,69,90,45,116,147,140,192,107,50,198,169,21,193,211,66,149,171,27,14,58,40,3,124,35,93,117,20,195,189,193,83,141,130,99	2,4,0.9475,0,90;2,1,0.1425,0,157;1,0,0.5905,0,254;4,1,0.5455,0,85;2,1,0.8925,0,60;3,0,0.8985,0,255
ood_compose_regime-00162	7	2	2	167,134,63,187,212,193,28,98,141,147,180,24,38,2,40,151,65,206,159,83,46,113,15,19,94,69,110,91,205,124,137,50,193,117,74,166	1,5,0.7275,3,156;3,4,0.1925,1,18;1,5,0.3435,0,0;1,1,0.7775,1,138;1,4,0.3975,0,53;3,4,0.3455,0,253
ood_compose_regime-00163	5	2	1	49,134,4,136,164,39,195,20,215,115,144,147,215,93,196,76,150,21,45,174,41,14,103,117,69,82,92,107,60,169,123,180,160,153,65,28	3,4,0.8625,0,49;3,5,0.2535,0,19;0,2,0.2495,0,194;3,0,0.9375,0,203;6,1,0.6605,0,234;2,4,0.1885,3,74
ood_compose_regime-00164	2	2	0	21,132,83,50,119,101,69,42,193,160,63,91,10,158,181,93,209,155,74,2,124,147,195,141,115,64,149,27,173,39,20,174,210,46,139,108	1,0,0.8885,0,78;2,5,0.5985,1,126;1,5,0.1055,0,173;1,1,0.7935,0,217;4,2,0.6215,2,131;3,2,0.7855,0,125
ood_compose_regime-00165	10	2	2	117,195,110,42,123,164,21,87,96,132,68,157,141,36,115,29,165,90,69,147,75,45,10,57,136,190,151,19,181,190,62,215,99,188,4,157	3,0,0.6985,0,67;4,2,0.5785,0,20;8,4,0.8925,0,193;2,5,0.4645,3,243;2,4,0.7645,0,167;2,2,0.1015,0,165
ood_compose_regime-00166	8	2	0	45,86,194,54,68,211,115,89,99,28,195,190,18,206,120,69,76,134,137,207,4,198,21,63,42,149,147,175,141,110,164,36,122,10,200,94	3,0,0.4705,0,139;3,2,0.5705,0,24;5,5,0.9975,0,233;3,4,0.2655,1,62;2,4,0.6295,3,117;1,4,0.3595,0,141
ood_compose_regime-00167	7	2	1	156,34,140,68,191,162,69,109,198,74,91,28,196,160,112,147,12,155,16,123,150,87,134,117,102,50,58,192,21,3,144,165,93,206,44,45	2,2,0.0415,0,147;3,0,0.8015,0,29;1,0,0.8935,0,137;1,5,0.7525,0,7;5,3,0.0185,0,30;2,4,0.8495,3,125
ood_compose_regime-00168	5	2	0	182,106,41,113,87,117,34,187,17,21,190,158,76,45,179,97,93,124,13,205,135,141,147,65,92,62,203,152,138,52,161,149,71,25,1,161	0,3,0.3235,0,237;0,0,0.2025,0,168;3,4,0.2995,2,122;3,5,0.8875,0,65;0,0,0.3315,0,195;3,5,0.5935,0,39
ood_compose_regime-00169	5	2	1	174,179,24,110,215,69,130,82,147,90,124,25,45,41,139,93,150,62,19,188,10,141,194,172,55,66,36,76,190,188,180,201,116,118,1,100	0,0,0.6825,3,149;0,2,0.2605,0,224;6,4,0.4735,0,90;3,0,0.4565,0,42;3,4,0.9415,1,168;3,0,0.6225,0,205
ood_compose_regime-00170	7	2	2	107,125,75,97,147,45,180,41,14,198,205,153,92,22,133,20,164,215,4,158,136,160,34,62,116,67,28,151,84,93,203,69,117,50,211,141	3,4,0.9735,1,5;3,0,0.3035,0,194;1,4,0.6805,0,147;2,2,0.8035,0,116;0,1,0.9615,0,86;4,3,0.1785,0,203
ood_compose_regime-00171	5	2	1	10,128,52,62,213,117,165,38,95,140,164,110,160,207,45,180,144,69,83,114,79,21,4,161,133,184,172,147,201,89,100,28,150,44,16,65	3,0,0.0515,0,120;3,4,0.8155,0,143;3,4,0.3645,0,246;6,1,0.3255,2,76;3,4,0.5065,0,219;7,3,0.9535,3,135
ood_compose_regime-00172	5	2	1	173,45,83,147,152,100,69,212,59,55,141,75,213,137,184,92,117,132,93,65,7,32,116,193,41,161,152,38,111,188,150,124,19,153,21,12	6,2,0.7385,0,240;7,4,0.2815,0,91;6,1,0.3095,0,67;2,1,0.9045,0,24;3,5,0.9715,0,26;3,2,0.3135,0,235
ood_compose_regime-00173	1	2	1	147,52,113,202,150,21,64,29,161,93,110,89,58,141,165,73,195,185,40,164,100,156,197,86,70,194,11,123,117,139,2,37,135,45,18,203	1,1,0.4025,0,15;4,3,0.1395,0,226;3,0,0.1465,1,80;0,4,0.2725,0,42;3,4,0.2455,0,120;2,5,0.6685,0,55
ood_compose_regime-00174	5	2	1	86,93,150,117,76,176,197,18,70,101,124,21,65,214,140,155,199,47,3,147,109,176,212,212,51,37,114,132,141,192,60,43,28,152,12,89	2,2,0.5385,0,27;3,3,0.6465,2,0;2,2,0.3825,1,63;3,4,0.3985,0,135;4,3,0.5055,0,243;3,2,0.8075,0,190
ood_compose_regime-00175	9	2	2	124,191,21,39,81,147,32,185,179,135,44,20,93,139,69,92,178,117,114,173,60,141,208,82,13,64,99,155,180,151,2,45,111,185,51,213	1,3,0.8775,0,11;7,5,0.8065,0,51;2,2,0.0125,0,118;8,0,0.8935,0,134;2,5,0.5605,0,46;3,5,0.6845,0,37
ood_compose_regime-00176	5	2	1	100,76,109,117,169,86,21,158,131,50,45,41,150,115,213,12,192,158,138,159,69,61,126,141,67,198,160,147,19,36,93,27,3,90,176,193	2,2,0.6395,0,4;2,2,0.3345,0,132;1,3,0.7495,0,25;3,4,0.4145,0,190;3,3,0.6075,0,153;5,1,0.5745,0,248
ood_compose_regime-00177	1	2	0	72,21,160,166,147,203,187,137,94,141,117,112,3,82,110,207,42,75,64,182,27,203,92,134,201,52,149,19,63,99,205,36,10,124,172,45	2,0,0.7535,0,194;2,2,0.5755,0,232;3,5,0.1515,3,167;2,0,0.8025,1,131;2,4,0.1085,0,191;3,4,0.3535,0,101
ood_compose_regime-00178	2	2	2	129,66,161,206,60,201,72,57,132,141,166,92,178,214,93,44,151,207,10,147,28,79,103,21,110,9,45,165,36,84,172,199,113,138,20,118	8,0,0.8225,0,6;3,2,0.9195,0,23;8,2,0.5245,3,43;6,2,0.8725,0,119;6,4,0.2225,1,77;8,2,0.5565,0,241
ood_compose_regime-00179	5	2	0	133,140,93,189,67,52,31,149,186,206,166,105,173,116,147,40,154,124,21,45,5,84,200,111,209,77,61,117,17,195,69,34,91,141,163,15	4,5,0.2795,0,227;6,0,0.1945,0,167;3,3,0.6615,0,147;4,2,0.6185,0,50;8,5,0.8185,0,13;3,3,0.8805,0,221
ood_compose_regime-00180	5	2	2	44,117,38,45,93,21,176,53,141,81,161,72,159,18,209,100,110,176,139,151,123,68,88,15,63,3,202,189,147,33,115,87,176,130,158,164	2,5,0.4025,0,179;8,4,0.9415,0,206;4,5,0.8325,3,181;8,5,0.0575,0,22;3,4,0.7875,0,166;2,0,0.7505,0,210
ood_compose_regime-00181	9	2	2	19,97,93,160,113,139,147,106,45,152,204,42,171,21,36,73,68,14,141,62,179,161,86,89,215,69,132,151,183,210,120,8,124,28,56,207	7,4,0.7065,0,67;3,2,0.5345,0,30;7,4,0.8645,0,197;0,4,0.3095,0,66;0,0,0.3975,3,216;3,2,0.7655,0,213
ood_compose_regime-00182	5	2	1	59,187,168,4,51,78,48,170,16,113,68,180,13,147,141,190,108,39,99,203,88,138,165,158,93,27,124,83,202,21,150,40,135,191,117,72	3,3,0.0915,0,135;2,5,0.0485,3,18;2,1,0.9805,3,246;5,1,0.0485,0,25;2,2,0.2495,0,241;3,5,0.5475,0,133
ood_compose_regime-00183	2	2	0	16,147,117,158,174,194,116,92,45,178,69,164,15,100,49,84,149,171,25,58,154,34,67,21,108,41,141,93,166,3,135,169,204,136,129,81	2,5,0.0645,0,142;0,0,0.3105,0,132;0,0,0.6285,0,36;8,2,0.9865,0,125;3,2,0.9195,0,142;8,5,0.0185,0,41
ood_compose_regime-00184	5	2	2	69,21,176,147,76,7,135,151,184,199,11,129,41,196,45,176,82,59,177,90,17,139,93,212,215,117,35,143,100,106,27,206,114,66,162,55	6,1,0.3825,0,204;2,1,0.3935,0,33;6,1,0.4675,0,72;3,0,0.4005,0,103;3,0,0.4315,0,37;8,5,0.6395,2,143
ood_compose_regime-00185	5	2	2	106,116,93,197,136,45,174,100,211,158,206,21,10,76,131,147,44,35,68,211,141,176,117,87,52,69,58,164,91,26,151,165,4,18,129,152	3,0,0.4705,0,177;1,1,0.8485,0,172;3,0,0.9675,0,121;3,5,0.7915,0,63;3,0,0.8715,0,162;8,1,0.0485,0,95
ood_compose_regime-00186	7	2	0	184,111,100,2,205,147,214,95,170,11,141,122,168,156,80,87,133,117,45,113,21,181,177,60,90,185,54,137,44,26,20,38,149,69,67,171	1,1,0.8485,0,177;1,4,0.8315,0,23;5,2,0.7665,0,187;7,5,0.4855,2,99;3,5,0.2075,0,83;1,3,0.3935,0,65
ood_compose_regime-00187	5	2	0	215,159,117,209,179,132,180,16,178,138,28,93,21,141,87,62,178,15,37,149,108,147,92,45,8,112,44,186,66,166,201,80,127,97,69,51	7,5,0.1355,0,209;3,3,0.8705,0,132;2,4,0.5675,0,158;7,5,0.9205,0,46;0,2,0.1905,0,44;6,2,0.5005,0,16
ood_compose_regime-00188	2	2	1	147,52,89,181,208,69,180,166,76,183,141,108,45,18,150,212,93,12,21,165,115,102,117,63,6,66,126,44,135,210,136,30,207,86,35,191	5,2,0.4415,0,220;5,1,0.9485,0,63;3,5,0.5285,0,81;3,4,0.2285,0,53;5,2,0.7045,0,86;5,5,0.1315,0,201
ood_compose_regime-00189	5	2	1	192,199,117,10,1,177,113,64,45,51,18,69,188,60,191,37,111,139,134,215,157,141,174,213,153,21,95,147,99,150,75,29,92,124,87,44	0,0,0.5965,0,103;4,3,0.9325,0,17;2,2,0.1455,0,37;2,5,0.9745,2,85;2,5,0.2775,0,121;3,4,0.6445,0,196
ood_compose_regime-00190	6	2	1	13,178,193,140,69,150,64,34,45,158,100,75,142,93,122,165,19,44,147,49,29,59,86,169,1,211,21,212,200,108,161,202,114,117,88,131	0,3,0.6325,0,120;4,0,0.8365,0,171;0,1,0.1495,0,21;2,4,0.0185,0,174;3,2,0.5825,0,85;1,1,0.8355,1,242
ood_compose_regime-00191	5	2	1	215,140,21,130,40,20,195,182,112,180,199,45,75,34,150,100,63,196,117,92,110,124,66,3,26,84,93,192,185,143,147,195,52,69,14,161	2,4,0.8585,0,125;1,0,0.1645,0,124;3,5,0.5585,0,85;2,2,0.8995,0,158;3,4,0.1995,0,139;3,0,0.9995,2,12
ood_compose_regime-00192	7	2	2	206,183,20,64,43,45,91,10,55,141,58,69,28,82,122,215,173,98,136,117,151,193,5,147,110,74,93,158,179,36,204,183,21,133,184,114	4,0,0.9985,0,164;3,2,0.7575,0,191;6,0,0.1815,0,203;1,0,0.6265,0,40;1,4,0.4885,0,178;1,3,0.1795,0,217
ood_compose_regime-00193	5	2	1	96,36,99,74,68,160,46,115,21,57,189,203,71,161,124,19,141,150,4,90,117,195,139,85,62,147,175,27,134,210,44,203,164,166,106,14	3,4,0.6585,0,95;2,2,0.8295,1,164;8,4,0.9795,2,176;1,3,0.5495,3,132;2,0,0.6595,0,202;3,4,0.7165,0,87
ood_compose_regime-00194	5	2	1	134,138,150,113,167,212,192,27,207,8,18,36,197,60,85,52,106,93,45,15,155,165,191,69,90,204,100,42,22,163,117,66,141,123,76,147	7,5,0.5205,1,240;2,2,0.4075,0,171;3,2,0.5355,0,121;3,3,0.5235,0,13;3,0,0.2985,0,166;2,4,0.4415,0,86
ood_compose_regime-00195	9	2	0	37,21,155,45,147,66,84,133,179,75,60,149,163,32,52,173,95,174,8,143,195,115,106,128,13,136,117,160,169,20,69,88,43,105,164,208	7,3,0.8815,0,202;7,3,0.7905,0,247;3,2,0.5345,0,143;2,2,0.0575,2,25;8,0,0.7835,0,30;7,3,0.1585,2,28
ood_compose_regime-00196	5	2	2	192,163,135,178,57,151,147,43,77,141,157,65,107,69,170,58,97,95,20,214,113,90,128,4,120,48,15,21,87,38,201,208,208,165,137,28	3,5,0.8515,0,43;3,4,0.6635,3,76;8,0,0.3135,0,147;4,5,0.5535,2,64;0,1,0.2845,3,55;7,5,0.2735,0,107
ood_compose_regime-00197	5	2	2	191,86,65,147,131,4,213,90,41,196,112,137,52,158,63,141,93,28,188,37,98,165,76,69,200,21,152,117,12,122,180,111,20,202,45,151	3,2,0.9725,0,41;3,3,0.3355,0,186;3,5,0.3085,0,33;3,4,0.4865,0,180;1,5,0.1605,0,177;1,1,0.2325,0,179
ood_compose_regime-00198	5	2	0	139,196,3,109,173,183,45,184,34,81,21,15,214,178,123,161,91,86,72,149,117,93,134,100,52,16,165,40,161,141,64,114,211,147,58,28	2,5,0.1435,0,195;3,0,0.0025,0,161;3,0,0.1395,3,84;8,4,0.6585,0,56;3,3,0.4805,0,232;2,4,0.6375,0,189
ood_compose_regime-00199	8	2	2	23,93,189,129,45,61,131,168,16,64,102,4,138,76,113,181,166,212,85,147,143,69,34,213,171,88,28,117,44,50,13,151,191,168,109,178	3,3,0.0545,2,135;3,0,0.9495,0,243;1,3,0.1995,0,205;3,3,0.1175,0,167;5,3,0.3835,0,179;8,1,0.4945,2,40
ood_compose_regime-00200	2	2	2	117,121,52,45,187,4,196,137,41,86,106,13,147,69,28,131,199,64,19,115,179,95,24,194,34,214,90,209,206,151,168,189,75,141,104,58	3,3,0.7175,3,145;3,0,0.3655,0,104;3,0,0.0275,0,210;2,4,0.4405,2,82;7,0,0.6605,0,178;0,1,0.3175,0,2
ood_compose_regime-00201	5	2	1	147,167,152,183,28,141,44,123,58,94,14,130,51,172,208,190,18,170,117,99,91,68,85,112,3,189,21,150,140,36,77,199,69,106,45,154	2,4,0.4925,0,218;3,2,0.8915,0,4;2,0,0.9135,0,169;4,3,0.7015,1,36;2,0,0.0775,0,171;2,0,0.9655,0,149
ood_compose_regime-00202	10	2	1	87,188,93,147,152,138,19,42,112,150,29,172,9,124,69,117,97,58,191,154,52,21,15,36,188,207,158,134,204,45,172,91,109,77,144,65	8,5,0.7105,0,188;4,2,0.5545,0,24;3,0,0.2405,0,53;4,5,0.7125,0,48;0,3,0.1725,0,29;3,4,0.5835,3,179
ood_compose_regime-00203	5	2	2	192,115,104,37,14,4,147,18,21,28,140,142,151,85,215,190,42,60,77,69,65,179,117,212,163,107,52,45,155,211,134,192,91,128,93,171	3,4,0.5155,0,171;3,3,0.5135,0,135;3,2,0.3575,0,99;4,3,0.6325,0,50;7,1,0.6125,0,118;7,4,0.8375,1,28
ood_compose_regime-00204	5	2	1	166,9,88,106,138,105,93,209,69,20,141,59,112,84,64,156,123,45,147,49,153,39,117,170,154,210,150,165,75,23,41,11,132,204,28,204	8,1,0.9215,2,184;3,5,0.3705,0,77;0,1,0.1085,0,197;2,2,0.1955,0,207;8,0,0.0515,0,65;2,2,0.4045,0,181
ood_compose_regime-00205	5	2	2	95,137,187,21,42,130,19,83,80,151,201,55,64,28,88,156,69,117,112,186,110,156,152,171,10,163,100,58,47,7,205,124,147,184,141,34	6,0,0.7825,0,38;3,0,0.5335,2,206;6,0,0.1125,0,110;7,1,0.1835,2,254;3,4,0.0415,0,205;3,0,0.2605,0,132
ood_compose_regime-00206	10	2	2	45,140,159,21,12,29,65,4,117,176,195,17,62,188,75,84,190,69,130,167,207,101,211,109,52,151,37,92,215,114,93,210,147,123,42,144	3,2,0.3545,0,224;4,3,0.4725,0,34;3,4,0.3945,0,31;2,2,0.8915,0,90;4,3,0.5515,0,129;2,0,0.8205,3,235
ood_compose_regime-00207	2	2	0	140,27,89,114,57,82,97,21,117,144,163,149,9,71,155,186,155,200,188,45,189,34,147,76,59,11,68,180,106,40,93,132,165,16,123,207	8,1,0.0345,0,197;2,0,0.1125,0,15;8,1,0.9595,2,25;3,0,0.2375,0,185;0,0,0.4095,0,5;2,2,0.8155,3,37
ood_compose_regime-00208	5	2	2	117,130,194,152,4,58,202,211,93,89,28,34,16,124,86,139,69,48,22,41,203,106,151,141,68,76,204,13,103,114,187,52,194,173,165,147	3,3,0.0455,1,97;3,0,0.2665,3,114;3,0,0.8915,0,2;3,4,0.2385,0,148;6,0,0.5875,0,19;3,0,0.6745,0,122
ood_compose_regime-00209	8	2	1	114,199,154,175,69,93,6,90,76,32,63,56,21,15,134,147,47,138,104,213,40,34,17,212,200,82,179,141,180,166,126,67,150,109,178,117	5,5,0.3805,0,95;7,0,0.0965,2,46;7,5,0.6665,0,179;3,0,0.5825,0,74;7,3,0.4465,0,57;5,4,0.4335,0,66
ood_compose_regime-00210	5	2	2	184,9,72,19,185,204,193,117,100,214,133,42,142,186,182,124,33,48,179,82,22,110,151,147,38,138,76,90,58,156,68,52,193,12,93,113	8,2,0.6825,1,6;8,4,0.5055,3,71;3,0,0.8045,3,156;3,0,0.5585,0,218;3,4,0.3635,0,59;3,3,0.4345,1,198
ood_compose_regime-00211	5	2	0	134,58,79,96,55,181,69,27,99,149,174,181,167,43,64,201,21,139,46,110,164,124,39,3,90,147,154,19,118,152,11,160,116,141,84,175	2,1,0.7305,0,88;2,5,0.6555,1,36;6,0,0.1295,0,26;6,2,0.5925,3,159;2,4,0.9735,1,20;3,4,0.7425,0,162
ood_compose_regime-00212	5	2	0	154,155,69,187,100,177,95,200,164,194,114,28,141,189,131,149,75,147,40,108,20,172,82,45,61,90,13,4,202,21,117,53,38,125,139,67	3,3,0.9745,0,138;3,4,0.0575,0,70;4,3,0.7235,0,10;2,0,0.4935,2,52;3,2,0.5885,0,77;4,1,0.7465,0,194
ood_compose_regime-00213	6	2	1	175,131,10,21,161,42,69,150,141,39,112,66,4,18,164,162,123,109,48,50,157,200,100,162,73,139,208,28,195,147,165,85,59,90,93,120	3,0,0.4895,0,168;3,5,0.4605,3,94;1,1,0.5825,0,133;0,3,0.5035,0,142;3,3,0.1345,3,254;2,1,0.6425,0,172
ood_compose_regime-00214	10	2	2	114,170,125,156,76,147,179,136,18,151,86,67,162,40,93,132,28,45,12,21,117,5,69,88,102,154,201,52,109,189,62,171,187,213,38,143	4,2,0.4105,0,35;3,4,0.1295,0,40;3,4,0.7575,0,184;3,4,0.1935,0,98;5,3,0.4945,0,46;4,2,0.1375,2,233
ood_compose_regime-00215	2	2	0	60,86,144,168,99,89,41,76,2,23,194,203,52,117,188,33,182,202,205,147,149,191,114,19,35,69,45,66,93,13,199,106,169,132,139,124	1,3,0.6475,2,169;8,1,0.2125,0,140;3,2,0.5595,0,149;3,4,0.3215,0,52;2,0,0.5555,0,195;3,2,0.7905,3,91
ood_compose_regime-00216	1	2	0	149,123,68,97,49,117,59,130,207,196,24,89,202,108,93,2,206,197,114,76,177,42,69,11,27,156,202,38,20,86,158,147,141,139,153,45	1,1,0.9075,3,153;2,4,0.4765,0,178;0,1,0.8655,0,68;3,4,0.3855,0,196;0,2,0.4985,0,150;2,0,0.7715,0,197
ood_compose_regime-00217	2	2	1	90,85,107,36,51,200,96,65,117,171,129,171,23,45,59,169,28,72,104,139,134,7,77,14,190,115,178,147,150,162,170,143,43,188,212,18	6,4,0.4635,2,39;3,2,0.7585,0,61;2,1,0.2905,3,194;4,3,0.5545,3,15;7,1,0.7635,0,15;8,4,0.7075,2,35
ood_compose_regime-00218	9	2	1	196,124,197,194,66,150,69,114,16,157,13,93,208,90,111,192,44,45,61,192,32,201,143,83,117,147,37,52,22,191,4,139,135,73,98,178	3,3,0.1275,1,13;7,3,0.9475,0,248;3,3,0.5735,0,49;0,1,0.5865,0,50;1,5,0.4425,0,171;3,5,0.6975,2,102
ood_compose_regime-00219	5	2	2	188,189,14,28,34,9,45,151,200,40,189,190,65,147,165,100,181,21,93,74,140,82,69,124,141,117,167,134,89,197,164,60,109,52,115,18	8,4,0.5845,0,75;3,0,0.1825,0,75;3,2,0.2095,0,26;1,0,0.3365,0,198;3,3,0.7715,0,208;3,4,0.9335,0,46
ood_compose_regime-00220	10	2	2	141,21,6,173,200,178,39,76,110,15,138,147,28,151,63,135,189,66,112,40,125,184,172,202,117,20,52,45,195,174,82,99,69,95,88,157	5,5,0.9345,0,159;3,5,0.0045,0,12;3,5,0.5225,0,9;3,0,0.1125,2,217;2,4,0.1005,0,174;4,5,0.4365,0,137
ood_compose_regime-00221	5	2	1	179,144,193,44,132,69,164,91,27,105,163,93,208,185,4,211,147,38,113,68,46,160,58,175,117,52,79,188,150,14,125,17,21,85,111,139	3,4,0.2675,0,255;2,4,0.8915,1,132;3,0,0.9915,0,175;6,3,0.7915,0,133;8,5,0.2335,0,170;4,2,0.6215,3,14
ood_compose_regime-00222	5	2	2	78,132,45,4,157,50,179,192,198,136,14,198,20,165,147,29,215,69,44,169,85,62,129,90,94,141,195,99,34,117,151,110,152,21,64,116	3,4,0.9815,0,86;4,0,0.9455,0,83;1,4,0.0945,0,9;5,3,0.4875,1,170;2,4,0.8955,0,20;8,2,0.1355,0,252
ood_compose_regime-00223	5	2	1	15,127,110,21,95,114,147,3,136,133,150,154,105,201,88,65,201,172,141,37,55,45,180,43,160,28,85,79,18,198,210,117,69,58,156,191	2,5,0.5275,0,34;3,3,0.7625,0,74;6,0,0.3065,0,26;6,3,0.1965,2,3;8,4,0.5225,0,111;6,3,0.1855,0,20
ood_compose_regime-00224	8	2	1	208,66,147,93,28,141,191,3,15,37,173,91,156,126,119,45,72,116,168,200,214,58,18,22,78,52,150,135,140,100,167,110,152,44,83,164	2,5,0.4535,1,24;3,3,0.9735,0,191;3,0,0.5845,3,225;5,1,0.6825,0,209;3,4,0.9105,2,28;5,5,0.8875,0,48
ood_compose_regime-00225	5	2	0	191,138,21,85,168,189,173,93,149,132,214,65,117,4,205,195,69,55,158,88,40,45,189,147,142,164,28,124,111,113,100,34,79,59,13,17	3,3,0.2935,0,129;3,0,0.0175,0,110;6,1,0.2305,0,222;6,3,0.1545,0,252;3,5,0.3965,0,10;3,2,0.4295,1,97
ood_compose_regime-00226	7	2	2	178,147,4,93,87,126,194,185,110,120,42,21,199,25,196,63,74,204,17,202,157,50,38,203,131,92,141,65,115,69,140,15,105,209,151,45	3,5,0.2235,0,26;0,4,0.5375,0,102;1,5,0.2585,0,139;1,5,0.8305,0,169;8,4,0.6785,3,31;5,1,0.8275,0,48
ood_compose_regime-00227	7	2	2	42,19,141,67,134,28,155,34,175,185,45,151,90,122,190,140,107,209,55,155,58,2,147,152,69,14,74,168,21,86,117,95,171,99,199,115	1,4,0.6385,0,135;3,0,0.5355,0,214;6,0,0.7895,0,3;1,4,0.4855,2,108;2,1,0.6495,0,216;1,4,0.8615,0,158
ood_compose_regime-00228	5	2	1	150,39,12,169,86,117,158,28,179,153,188,210,147,137,93,5,100,58,74,191,175,111,141,88,199,116,41,72,68,45,170,130,56,17,125,23	4,2,0.2185,2,153;3,5,0.2605,0,214;7,0,0.9725,3,114;1,4,0.1025,0,192;3,5,0.8265,0,225;4,0,0.3555,0,197
ood_compose_regime-00229	8	2	1	175,201,68,182,207,51,165,206,36,59,150,87,45,93,208,13,135,21,206,136,143,30,123,78,185,100,113,44,117,147,5,69,17,108,186,90	4,3,0.3865,0,136;5,2,0.9355,0,242;2,1,0.9845,0,167;5,5,0.5545,0,81;3,2,0.3435,0,25;2,5,0.0925,2,38
ood_compose_regime-00230	9	2	0	147,208,17,135,51,14,203,197,122,116,41,86,141,165,76,149,189,45,197,8,98,180,21,110,28,136,58,67,94,92,162,117,70,206,172,37	7,4,0.2355,0,175;3,3,0.2805,0,60;2,0,0.7555,1,158;3,4,0.8935,1,40;1,4,0.8155,0,184;1,5,0.1495,0,214
ood_compose_regime-00231	5	2	0	206,168,85,11,30,204,93,122,141,91,184,7,160,162,65,76,116,153,51,138,190,46,60,18,149,21,117,108,40,211,69,134,200,36,147,103	6,1,0.5485,0,238;5,2,0.0035,1,103;2,2,0.3465,0,26;3,3,0.7265,0,1;6,2,0.9415,0,0;1,4,0.4755,0,161
ood_compose_regime-00232	2	2	1	42,79,147,52,58,36,45,155,105,111,181,7,66,95,162,195,90,112,21,135,206,137,117,128,29,203,141,86,183,11,69,210,161,150,211,20	6,1,0.9685,0,152;4,2,0.4015,0,21;3,0,0.4875,0,215;6,4,0.5785,2,132;8,5,0.1395,0,212;7,5,0.2675,0,183
ood_compose_regime-00233	5	2	1	46,38,205,135,193,21,4,100,150,65,33,117,56,186,18,69,205,174,141,170,113,124,62,43,138,79,93,88,187,86,163,109,14,147,166,170	3,4,0.4835,0,196;8,4,0.6145,1,135;7,4,0.3045,0,177;6,4,0.0965,0,75;3,3,0.3765,0,248;3,5,0.5135,0,218
ood_compose_regime-00234	5	2	2	93,36,67,113,147,133,28,18,87,89,75,52,4,209,13,41,190,181,141,138,191,69,117,45,180,111,128,21,213,100,198,158,198,215,151,60	3,3,0.4945,0,123;3,2,0.3055,0,225;3,2,0.6615,0,6;2,5,0.2545,0,139;3,5,0.2845,0,12;7,3,0.4715,0,178
ood_compose_regime-00235	5	2	2	122,157,69,28,196,21,44,20,15,90,39,93,152,117,147,159,111,206,74,208,59,64,176,50,136,144,45,169,100,133,201,151,114,2,157,83	1,5,0.8805,0,219;3,5,0.8665,0,105;1,1,0.1395,0,77;1,1,0.5375,0,80;3,5,0.4365,0,63;1,3,0.1195,3,64
ood_compose_regime-00236	5	2	2	167,198,92,124,62,52,140,188,178,27,195,9,182,69,133,115,141,151,117,198,35,86,110,20,40,24,14,100,48,147,76,177,169,163,93,65	8,4,0.9385,3,162;2,1,0.0925,3,88;3,4,0.2085,0,187;3,4,0.8455,0,137;3,4,0.6985,0,47;3,3,0.9285,0,214
ood_compose_regime-00237	5	2	2	28,185,154,21,180,147,168,188,6,111,192,184,124,138,88,195,115,14,42,104,151,69,45,65,78,61,141,85,174,133,54,118,34,167,93,16	5,4,0.0365,0,247;3,0,0.4965,0,34;5,3,0.2635,0,226;5,3,0.1425,0,136;7,5,0.7925,1,9;3,3,0.4685,0,232
ood_compose_regime-00238	5	2	1	35,187,141,93,147,64,69,41,150,91,55,110,170,22,197,137,192,181,113,204,117,130,31,103,162,198,45,166,79,5,203,13,18,59,124,86	4,3,0.4595,1,84;6,1,0.2015,0,174;6,1,0.1035,0,88;6,4,0.6625,0,211;6,4,0.3085,0,4;3,0,0.3745,0,201
ood_compose_regime-00239	5	2	0	21,164,33,108,126,84,134,178,13,90,154,149,20,141,93,44,138,69,154,112,196,78,160,45,4,189,62,102,147,38,189,66,169,52,155,117	3,3,0.9585,0,176;8,4,0.9815,0,109;3,4,0.4355,0,142;5,2,0.5815,0,177;5,2,0.1905,0,43;5,4,0.4515,0,143
ood_compose_regime-00240	5	2	1	92,110,85,159,58,208,36,52,45,204,150,7,65,140,196,162,43,125,24,69,208,104,28,133,117,193,13,93,158,147,143,170,174,76,112,19	6,3,0.7985,3,198;3,2,0.6885,0,152;3,0,0.2705,0,86;3,3,0.9165,0,64;7,4,0.1855,0,117;4,3,0.8985,2,84
ood_compose_regime-00241	5	2	2	130,93,40,27,113,117,58,122,3,109,52,47,136,88,80,69,14,185,65,34,196,144,147,152,206,100,19,183,167,208,151,213,184,161,21,82	2,4,0.7715,0,215;2,0,0.0705,2,131;3,0,0.3645,0,30;7,0,0.0865,0,87;3,3,0.2785,0,46;1,0,0.1665,3,46
ood_compose_regime-00242	10	2	2	64,84,132,20,210,28,9,108,51,69,136,151,21,117,180,187,92,45,78,160,37,141,15,124,168,179,200,200,209,112,62,100,95,206,44,147	8,5,0.8955,0,127;3,3,0.9095,0,54;2,4,0.0065,0,203;5,2,0.9625,2,107;3,2,0.1875,0,140;3,2,0.0005,0,255
ood_compose_regime-00243	5	2	1	213,69,213,173,1,93,116,187,150,207,16,179,110,76,147,44,160,137,21,86,209,57,11,141,45,100,210,62,182,132,30,36,67,117,89,129	0,1,0.1065,0,54;5,2,0.8685,0,73;8,4,0.6495,0,171;3,4,0.2815,0,90;3,4,0.9295,0,175;8,2,0.2145,0,13
ood_compose_regime-00244	2	2	2	206,210,114,105,93,158,11,35,45,181,138,117,205,147,201,151,60,69,141,81,191,88,132,20,129,158,107,21,176,31,3,180,65,86,40,52	2,1,0.9635,0,22;6,1,0.0205,0,93;3,2,0.3645,0,158;8,4,0.0975,0,8;8,1,0.4235,0,52;8,2,0.5825,0,61
ood_compose_regime-00245	2	2	1	163,93,153,48,128,130,40,20,92,110,76,84,104,147,24,36,193,150,164,144,117,173,153,60,13,215,199,137,69,156,153,67,113,51,4,31	3,3,0.8255,3,238;6,2,0.1325,3,7;2,2,0.7335,0,128;3,2,0.9045,0,239;7,4,0.3235,0,71;7,0,0.3975,3,107
ood_compose_regime-00246	9	2	1	58,123,189,196,178,107,8,38,147,131,150,117,95,15,69,20,214,112,45,163,81,136,52,67,190,42,87,193,101,196,142,33,92,164,215,21	7,5,0.9025,0,41;8,4,0.4155,0,99;3,0,0.7835,0,40;8,5,0.9055,2,81;4,1,0.1925,0,71;2,1,0.1095,1,168
ood_compose_regime-00247	2	2	0	214,117,23,15,36,173,16,53,185,45,75,4,194,130,69,149,141,124,41,67,208,147,107,59,189,139,115,28,99,163,199,93,90,187,82,197	3,5,0.1955,2,138;3,2,0.3035,0,13;4,1,0.7845,0,217;2,0,0.4945,0,88;2,1,0.7815,0,14;3,0,0.6585,0,110
ood_compose_regime-00248	5	2	1	36,193,192,203,137,133,69,63,124,19,160,92,159,108,117,51,160,21,187,65,168,172,93,114,10,194,85,25,99,76,45,141,147,4,41,150	3,0,0.6495,0,92;0,2,0.2695,0,215;2,5,0.3055,0,158;3,3,0.8745,0,158;2,2,0.4865,0,55;3,3,0.2425,0,4
ood_compose_regime-00249	2	2	1	110,136,20,47,67,58,104,117,44,197,201,96,39,158,21,83,89,179,133,29,10,190,79,153,5,69,150,191,163,202,147,126,142,52,186,113	4,0,0.8455,0,40;4,5,0.8605,2,114;3,0,0.6855,0,97;6,1,0.2045,3,67;7,4,0.2125,0,198;5,3,0.0955,1,61
ood_compose_regime-00250	7	2	2	76,200,89,122,85,93,28,147,38,133,62,175,212,40,162,137,17,210,69,103,2,47,107,117,67,141,151,192,14,21,49,157,114,171,201,212	1,4,0.2425,0,26;3,4,0.1455,2,141;0,4,0.6765,0,114;3,3,0.2825,0,73;6,1,0.5215,0,151;1,3,0.3745,0,10
ood_compose_regime-00251	10	2	0	116,167,171,172,141,28,88,10,210,149,124,182,40,111,135,163,19,186,21,137,101,200,77,71,95,206,180,68,52,117,4,46,34,85,62,147	3,0,0.7865,0,236;3,0,0.0225,1,78;3,4,0.9405,2,209;4,3,0.1805,2,111;4,5,0.9135,0,146;3,5,0.3495,0,98
ood_compose_regime-00252	2	2	1	28,44,21,1,117,195,186,137,156,20,60,97,144,107,37,124,150,82,69,52,11,208,74,113,135,95,91,48,213,68,200,164,162,171,210,147	0,1,0.9825,0,73;3,3,0.9555,3,161;3,2,0.9205,0,112;1,0,0.7305,2,53;0,1,0.2135,0,62;3,5,0.2515,3,132
ood_compose_regime-00253	1	2	2	116,16,117,34,192,45,42,178,193,132,170,141,73,163,93,177,206,151,171,60,111,1,13,90,124,68,207,57,82,188,99,25,69,137,147,21	0,3,0.0045,0,34;0,0,0.4215,0,80;8,2,0.9005,0,128;0,0,0.5895,0,178;2,5,0.9605,0,208;3,2,0.2265,0,83
ood_compose_regime-00254	5	2	2	21,27,185,102,68,156,93,147,3,166,172,19,107,69,36,52,115,117,81,192,208,125,176,199,131,178,209,12,138,141,151,45,84,88,63,42	2,2,0.6645,0,169;2,2,0.5865,0,199;3,5,0.8525,0,252;8,2,0.0505,0,111;5,1,0.6085,0,142;4,1,0.4345,0,243
ood_compose_regime-00255	6	2	1	194,89,53,93,177,22,97,150,58,202,42,147,117,76,124,3,162,116,192,130,36,182,69,200,12,20,33,66,85,170,194,110,143,139,45,197	2,2,0.8705,1,12;8,2,0.4585,0,92;4,0,0.4595,0,74;3,3,0.2925,0,41;0,4,0.9115,0,45;3,0,0.6085,2,67
ood_compose_regime-00256	5	2	1	134,22,175,34,168,109,25,180,185,150,213,147,161,48,2,40,86,117,189,76,63,139,212,156,93,127,115,69,141,16,160,52,98,67,15,90	1,5,0.1495,1,206;0,0,0.1305,3,24;3,5,0.7155,0,30;3,4,0.5045,0,93;1,3,0.6105,0,94;6,4,0.7365,0,61
ood_compose_regime-00257	10	2	2	152,89,41,138,110,188,66,34,214,189,142,147,105,93,85,21,211,205,74,114,26,164,57,198,134,69,47,15,60,117,18,4,215,206,123,151	3,5,0.5095,0,145;1,0,0.2145,2,212;8,2,0.4135,0,199;1,3,0.3975,0,89;8,4,0.5355,0,13;2,4,0.5135,1,95
ood_compose_regime-00258	5	2	2	83,178,137,108,180,113,69,15,21,162,93,181,212,123,151,147,92,37,45,16,144,176,42,99,68,28,167,75,117,61,166,134,167,3,49,160	2,5,0.1925,0,204;3,3,0.5215,0,64;0,3,0.8065,0,26;2,1,0.8125,0,213;2,2,0.2745,0,204;2,4,0.3145,3,41
ood_compose_regime-00259	5	2	2	170,4,69,21,68,141,83,180,113,37,57,117,164,14,31,202,129,136,108,134,175,93,160,91,177,19,44,201,97,199,156,147,45,151,75,63	3,4,0.7635,0,123;6,3,0.9855,0,74;8,5,0.8915,0,90;2,1,0.7125,0,130;0,2,0.2515,0,23;8,4,0.1425,0,77
ood_compose_regime-00260	5	2	1	154,210,147,97,12,165,42,93,143,84,158,37,65,3,69,19,124,109,45,59,28,159,130,209,215,90,21,115,175,198,77,140,51,212,117,150	2,2,0.7115,0,3;3,3,0.4415,0,75;2,1,0.2155,0,210;4,2,0.4745,0,187;0,3,0.6675,0,247;3,0,0.8825,2,170
ood_compose_regime-00261	5	2	1	192,63,147,31,21,133,16,79,185,169,136,141,89,208,100,52,207,116,185,10,44,108,45,153,168,9,84,93,154,35,124,150,176,117,69,66	8,0,0.1055,0,250;6,1,0.9055,0,126;3,5,0.5915,0,31;6,2,0.3205,0,96;3,2,0.9185,0,93;3,3,0.0645,0,10
ood_compose_regime-00262	2	2	0	139,149,69,206,3,41,51,130,125,68,180,147,159,89,144,10,108,158,59,35,45,173,207,33,21,117,194,86,197,17,81,195,115,179,93,100	2,0,0.2025,0,64;8,1,0.3645,0,20;2,1,0.8645,0,235;8,4,0.2815,0,169;3,2,0.7975,0,213;4,0,0.6945,3,79
ood_compose_regime-00263	5	2	1	94,89,147,183,156,212,119,209,187,15,60,103,45,128,75,150,18,195,86,67,44,4,70,51,207,133,38,164,138,143,106,115,195,32,173,21	3,5,0.4265,0,109;7,4,0.9365,0,215;2,2,0.6615,1,157;2,4,0.3235,1,204;6,0,0.7285,2,96;7,3,0.5185,2,121
ood_compose_regime-00264	8	2	1	82,147,137,64,52,93,189,176,76,113,133,90,13,128,186,23,150,152,177,182,39,104,17,45,142,154,177,61,43,30,110,69,208,120,203,4	3,3,0.2185,2,99;5,5,0.6735,0,167;3,3,0.0285,0,171;3,0,0.4525,0,25;7,4,0.2785,3,210;7,3,0.3655,1,120
ood_compose_regime-00265	5	2	1	88,87,180,117,60,16,160,35,157,72,77,188,52,147,93,214,170,192,212,139,21,30,45,110,200,155,64,40,100,141,123,8,10,130,150,114	7,0,0.1995,0,214;5,1,0.1945,0,2;3,2,0.0495,3,235;4,5,0.0635,0,129;3,4,0.4065,0,6;2,0,0.7315,0,223
ood_compose_regime-00266	5	2	0	106,174,40,157,201,125,159,64,149,174,86,153,171,27,22,137,3,117,144,113,206,58,147,20,133,179,72,45,93,50,92,12,179,76,99,38	2,2,0.8965,1,144;2,4,0.1015,0,239;1,0,0.0435,3,113;3,4,0.9645,0,65;2,0,0.2505,0,88;4,3,0.2245,3,41
ood_compose_regime-00267	5	2	0	66,149,177,12,106,45,167,37,59,152,164,138,174,28,4,117,100,87,132,41,21,115,180,147,69,165,193,51,141,75,169,93,90,19,124,200	3,2,0.7895,0,166;3,3,0.2905,0,109;2,1,0.5445,0,254;2,5,0.4895,0,83;3,0,0.7655,0,145;3,2,0.4605,0,245
ood_compose_regime-00268	5	2	2	209,116,100,39,28,21,215,136,214,45,192,77,93,106,175,59,142,69,133,117,170,125,11,151,88,54,193,9,67,44,16,82,147,178,180,171	8,1,0.0555,0,30;3,5,0.9955,0,235;5,1,0.6455,0,134;4,0,0.0945,0,124;3,0,0.9445,0,27;4,3,0.1665,1,6
ood_compose_regime-00269	9	2	2	110,198,170,48,173,15,116,178,84,184,162,147,88,206,133,41,151,61,19,170,138,187,144,38,170,69,52,93,21,66,8,27,128,77,98,117	7,5,0.6585,0,36;2,4,0.2315,3,104;3,3,0.4315,0,108;4,2,0.1605,0,43;1,4,0.9815,0,222;7,3,0.4695,3,45
ood_compose_regime-00270	9	2	0	214,202,141,44,18,93,115,39,69,21,104,135,58,92,49,45,124,8,147,155,201,117,111,11,204,173,27,66,174,182,139,193,83,80,152,149	7,1,0.5925,0,174;2,5,0.8665,0,164;0,0,0.4715,0,238;7,1,0.9965,0,242;7,5,0.6795,0,166;3,5,0.7975,0,201
ood_compose_regime-00271	1	2	2	46,75,141,123,213,10,99,192,135,202,60,93,82,188,117,113,26,204,88,52,41,34,202,203,170,183,21,151,147,136,17,174,4,72,108,65	3,0,0.2525,0,36;1,0,0.2715,1,159;3,2,0.3755,3,214;2,0,0.0185,0,61;2,2,0.2085,0,153;2,5,0.0025,0,150
ood_compose_regime-00272	5	2	2	134,168,65,102,4,117,93,10,189,41,62,142,181,21,19,31,37,187,113,200,126,76,151,147,166,111,209,155,86,45,91,138,190,54,69,165	3,0,0.6735,0,83;6,3,0.2665,0,231;5,4,0.2165,0,225;3,4,0.7075,0,24;5,5,0.2025,0,28;5,4,0.4975,1,187
ood_compose_regime-00273	5	2	0	66,107,173,55,117,61,140,82,101,21,28,147,214,141,162,93,38,45,76,133,69,124,177,90,18,42,115,201,200,149,12,181,153,4,213,189	3,2,0.4105,0,174;3,4,0.5605,0,241;6,3,0.5915,0,81;3,0,0.4405,0,253;4,1,0.7545,0,45;3,3,0.8105,0,139
ood_compose_regime-00274	6	2	2	188,99,93,169,62,142,45,151,196,121,52,25,85,207,191,12,90,67,21,171,175,132,167,147,73,69,108,37,137,116,117,42,18,183,209,6	5,2,0.4785,0,78;0,3,0.5445,0,114;3,4,0.6645,0,178;0,3,0.4935,0,253;2,2,0.8605,0,116;0,2,0.2445,1,226
ood_compose_regime-00275	5	2	2	69,76,58,186,109,2,181,139,162,194,93,21,142,64,97,124,87,15,37,31,42,165,187,147,48,114,55,195,132,157,17,117,157,212,151,91	1,5,0.2125,0,95;6,3,0.5195,3,194;6,0,0.0145,0,93;3,5,0.6465,0,190;0,3,0.4495,0,49;3,2,0.7515,1,244
ood_compose_regime-00276	10	2	2	101,38,93,45,23,140,134,184,167,116,17,141,82,88,51,147,59,188,213,40,198,205,151,192,68,11,69,182,117,7,185,27,190,109,124,74	6,1,0.3655,2,118;2,4,0.0985,0,191;2,1,0.9615,0,58;1,0,0.1845,0,79;4,3,0.8165,0,139;3,4,0.9525,0,186
ood_compose_regime-00277	5	2	1	190,72,163,75,94,160,135,139,152,108,147,3,199,16,170,190,152,117,158,43,101,12,52,124,82,33,38,89,199,68,45,150,60,115,21,141	2,2,0.0045,0,219;8,4,0.6015,0,247;3,2,0.9655,3,41;2,0,0.2945,1,194;4,2,0.6525,0,143;3,5,0.6105,0,28
ood_compose_regime-00278	5	2	2	45,100,51,65,18,8,166,202,151,121,85,141,211,117,177,182,199,37,147,111,139,93,11,88,204,21,78,116,193,69,44,155,131,28,179,63	7,1,0.5485,0,48;3,3,0.8995,0,31;2,5,0.3465,0,85;5,3,0.1595,0,251;3,5,0.9145,0,237;0,1,0.6825,0,12
ood_compose_regime-00279	2	2	2	194,60,110,27,4,140,113,154,117,67,88,151,44,125,10,147,76,201,69,21,35,193,155,85,215,208,18,141,100,53,94,131,210,190,205,45	3,0,0.5695,0,148;2,1,0.8435,0,231;4,2,0.6065,0,104;3,3,0.1335,1,250;3,4,0.2665,0,11;4,1,0.9075,0,19
ood_compose_regime-00280	10	2	1	87,159,140,15,182,69,202,204,21,41,147,182,155,125,29,210,36,100,76,208,111,133,150,117,52,18,89,5,64,61,192,141,47,180,115,95	4,5,0.5285,0,180;4,2,0.2285,2,178;3,3,0.1485,0,156;3,5,0.3245,2,231;3,5,0.6285,0,0;4,3,0.9355,0,221
ood_compose_regime-00281	8	2	2	123,69,45,42,115,27,151,10,21,190,183,88,160,20,93,83,77,171,34,117,181,155,201,169,135,179,62,4,147,102,52,141,136,109,64,200	3,0,0.9235,0,190;2,0,0.4935,0,185;3,4,0.1835,0,43;4,1,0.0045,0,126;5,3,0.6355,0,158;2,5,0.0265,0,224
ood_compose_regime-00282	8	2	2	66,86,132,91,61,188,194,174,117,191,30,151,200,164,189,142,123,112,106,3,99,138,191,167,38,44,52,21,69,73,162,45,93,16,11,147	2,1,0.1225,0,175;5,4,0.9745,0,250;3,3,0.5505,0,139;0,4,0.6925,0,125;2,0,0.1675,0,243;2,2,0.5605,1,69
ood_compose_regime-00283	8	2	2	151,191,178,66,45,37,100,158,32,136,78,61,212,86,69,88,157,19,125,14,109,165,116,141,53,205,174,147,6,44,93,117,204,133,21,207	5,4,0.6385,0,189;7,3,0.8055,0,246;4,3,0.5535,0,189;5,4,0.1025,0,172;3,3,0.9345,0,128;4,3,0.0225,0,66
ood_compose_regime-00284	9	2	0	147,130,7,159,207,165,52,87,65,141,114,47,37,21,60,155,211,117,122,76,104,13,167,40,89,110,149,16,196,138,190,200,93,186,71,32	6,3,0.0015,0,131;7,3,0.1115,2,234;3,2,0.3685,2,205;3,5,0.2305,0,222;7,4,0.4395,0,174;1,0,0.5105,0,119
ood_compose_regime-00285	2	2	2	191,82,28,142,108,191,136,198,147,100,130,192,117,4,75,183,121,45,179,36,165,69,14,210,215,55,23,181,20,151,58,64,93,41,116,90	3,4,0.9055,2,123;3,2,0.2785,0,175;6,0,0.0375,0,149;2,0,0.4535,0,253;3,2,0.8515,0,122;0,0,0.0815,1,52
ood_compose_regime-00286	5	2	1	44,13,72,4,150,134,157,75,147,138,192,210,100,213,27,96,176,141,50,117,87,194,39,114,89,20,64,177,124,110,159,47,206,21,58,173	3,3,0.9895,0,245;2,5,0.8985,2,216;1,0,0.1815,3,118;2,5,0.2345,3,190;3,4,0.5455,0,118;3,4,0.5235,0,66
ood_compose_regime-00287	5	2	2	137,65,27,63,147,99,197,203,124,120,84,95,210,133,141,8,165,19,75,45,38,156,115,176,213,160,40,110,69,151,161,21,89,52,11,175	7,1,0.7475,0,163;2,4,0.1835,0,27;3,5,0.3465,0,69;2,2,0.3875,2,131;2,4,0.6345,3,215;3,3,0.3345,0,181
ood_compose_regime-00288	5	2	0	171,100,45,18,125,53,109,172,44,13,208,141,149,155,117,21,34,185,69,167,130,67,4,184,138,147,182,82,29,166,92,115,213,93,80,58	3,3,0.4705,0,122;4,0,0.9165,0,40;4,0,0.7345,0,191;7,0,0.9105,0,147;3,3,0.6755,0,162;4,0,0.4235,0,3
ood_compose_regime-00289	10	2	2	130,93,81,102,204,87,190,152,67,61,151,36,129,179,156,177,212,183,43,27,147,45,138,69,90,14,201,107,117,169,21,19,141,52,115,9	8,4,0.7075,0,183;2,2,0.6445,0,74;3,3,0.7935,0,194;8,5,0.4485,0,94;5,1,0.7105,0,41;8,0,0.4195,0,223
ood_compose_regime-00290	5	2	2	51,125,20,65,108,208,161,34,147,62,91,21,151,207,136,119,77,42,142,96,72,208,32,211,99,211,84,45,169,114,14,4,206,159,130,200	3,4,0.9325,0,131;7,0,0.4915,0,52;2,4,0.2325,3,29;4,2,0.6295,3,140;2,2,0.4255,2,158;4,0,0.1525,1,109
ood_compose_regime-00291	8	2	1	82,150,193,197,138,198,54,180,27,2,174,115,143,194,89,65,61,23,48,11,211,132,69,39,43,106,198,100,117,213,125,166,94,147,75,20	1,1,0.9225,2,36;2,5,0.6735,3,12;5,3,0.2935,0,246;2,0,0.2955,1,93;3,0,0.6735,0,116;4,2,0.4245,2,174
ood_compose_regime-00292	10	2	0	139,14,132,69,117,57,67,45,43,17,179,93,115,215,211,37,183,156,21,182,123,87,106,172,147,180,176,181,9,81,28,105,141,149,89,63	8,4,0.2425,0,227;3,3,0.6685,0,174;8,5,0.7975,0,50;8,5,0.2165,0,31;8,0,0.7525,0,243;2,2,0.6635,0,170
ood_compose_regime-00293	5	2	2	117,46,38,107,18,206,124,32,136,63,166,83,196,133,176,192,141,42,69,52,92,206,147,194,64,151,104,169,93,21,75,13,206,198,115,4	3,3,0.5765,0,174;7,4,0.4145,1,61;3,5,0.1745,0,138;2,1,0.8215,0,80;7,1,0.7335,0,214;3,3,0.1705,0,111
ood_compose_regime-00294	5	2	1	105,156,133,205,158,25,115,42,66,76,69,177,124,182,3,37,82,21,139,106,20,147,61,93,46,10,159,184,158,53,117,150,173,205,141,88	2,0,0.9925,0,115;0,3,0.5395,1,110;4,3,0.5055,0,174;3,0,0.0165,0,37;8,0,0.6065,0,181;3,3,0.6815,0,203
ood_compose_regime-00295	5	2	1	76,166,110,96,147,87,116,18,202,185,141,69,15,36,138,28,123,41,45,55,117,130,160,150,191,100,24,2,91,66,204,61,211,184,157,174	1,5,0.4615,3,53;3,2,0.3265,0,46;6,3,0.5085,0,199;3,5,0.7435,3,58;3,4,0.8555,0,128;2,0,0.4615,0,78
ood_compose_regime-00296	9	2	2	141,182,61,177,124,192,107,192,34,93,76,155,8,137,162,21,44,13,207,215,82,29,118,158,68,92,20,179,116,72,130,147,151,52,104,45	7,3,0.9715,0,178;4,0,0.8855,0,251;3,3,0.8225,3,105;3,0,0.8735,0,156;7,1,0.8715,1,18;3,0,0.3955,0,249
ood_compose_regime-00297	8	2	2	141,154,20,34,212,155,163,15,90,69,170,110,66,121,179,199,147,4,134,100,136,206,190,61,41,22,83,120,45,78,165,151,93,114,28,54	3,5,0.8575,1,99;3,0,0.3525,0,92;5,3,0.4865,0,92;5,1,0.4955,0,232;3,4,0.4875,3,171;0,4,0.1935,0,125
ood_compose_regime-00298	1	2	0	209,110,69,184,67,21,45,15,40,99,189,16,183,76,183,86,177,141,113,130,6,177,93,117,51,92,123,212,206,147,138,37,63,29,165,149	5,5,0.1835,0,56;4,3,0.0595,0,150;2,5,0.7025,0,253;3,4,0.8515,0,219;2,4,0.2625,0,198;2,0,0.5535,0,40
ood_compose_regime-00299	5	2	0	99,214,115,169,57,167,59,27,123,22,117,193,153,76,132,41,45,93,90,108,149,85,153,12,36,142,214,139,64,16,4,202,69,205,201,147	3,2,0.1705,1,22;2,2,0.3495,0,127;8,1,0.0055,0,136;3,3,0.4355,0,49;2,2,0.7485,0,236;2,2,0.6415,1,251
ood_compose_regime-00300	5	2	1	92,45,184,143,180,215,202,203,211,68,117,5,209,116,28,52,12,82,122,17,69,21,63,212,167,147,44,77,134,137,36,93,108,171,150,101	4,2,0.3095,0,9;3,2,0.8125,0,235;3,5,0.9805,0,34;4,0,0.8255,0,116;4,2,0.8015,0,242;1,4,0.3355,2,225
ood_compose_regime-00301	2	2	2	211,165,25,115,75,140,92,165,175,4,68,70,43,21,12,45,151,133,63,182,104,93,82,141,201,204,125,36,20,199,147,111,52,163,120,164	3,2,0.9605,0,67;0,2,0.7995,0,34;3,5,0.9665,1,58;2,0,0.8565,0,125;7,5,0.7845,3,64;4,3,0.9795,0,191
ood_compose_regime-00302	5	2	1	171,190,150,147,214,94,77,100,70,63,41,36,211,113,87,66,141,182,45,11,18,28,170,128,131,176,136,163,175,56,89,158,108,23,2,117	1,1,0.5025,2,226;3,2,0.3565,0,75;7,5,0.5225,1,221;4,5,0.3745,1,34;3,2,0.3035,0,88;7,1,0.0325,0,231
ood_compose_regime-00303	10	2	2	181,106,166,208,86,215,15,151,69,215,26,34,141,154,63,100,68,88,117,4,41,75,147,137,45,18,153,130,174,169,188,116,57,93,21,129	3,5,0.4025,0,72;1,0,0.3255,0,3;8,5,0.8105,0,200;2,4,0.0505,0,131;3,0,0.8325,0,55;8,0,0.3175,0,193
ood_compose_regime-00304	2	2	1	180,11,189,209,60,158,150,37,104,161,32,177,117,92,21,133,83,168,18,8,114,40,80,93,106,141,152,136,155,45,67,69,128,163,52,147	7,1,0.5305,0,59;7,3,0.0375,0,254;3,2,0.6655,0,130;7,1,0.9385,0,183;7,0,0.4535,0,117;7,3,0.0375,0,127
ood_compose_regime-00305	5	2	2	133,115,88,108,11,151,208,93,182,171,190,84,45,141,21,171,75,147,172,171,16,162,209,62,69,179,52,138,66,42,36,31,100,121,5,119	4,1,0.1485,0,160;6,2,0.4075,0,224;3,4,0.4585,0,176;2,2,0.0965,0,70;3,2,0.7715,2,33;0,3,0.4775,0,132
ood_compose_regime-00306	5	2	1	41,36,93,45,62,150,30,203,154,10,88,20,108,52,141,165,139,188,131,103,116,147,87,187,21,207,119,205,122,177,66,163,191,69,7,76	6,0,0.9155,0,36;5,2,0.3105,0,183;3,4,0.4915,0,237;3,5,0.0505,0,103;6,2,0.8725,2,210;1,1,0.6885,0,167
ood_compose_regime-00307	2	2	0	89,165,179,141,43,115,140,28,11,64,69,45,3,147,157,20,126,156,149,172,132,51,118,161,21,99,75,82,58,111,93,171,37,201,206,202	2,1,0.8915,0,169;3,3,0.6025,0,248;2,0,0.0125,0,38;2,0,0.3775,0,184;2,5,0.7585,1,21;5,2,0.9005,0,11
ood_compose_regime-00308	1	2	0	137,64,167,132,180,88,127,45,85,60,93,199,214,110,192,28,99,57,160,22,73,16,3,71,11,141,183,43,194,213,149,34,117,207,113,147	2,1,0.0855,1,227;3,0,0.7085,0,240;8,2,0.0935,2,222;0,3,0.0885,0,248;2,4,0.2525,0,243;6,2,0.2125,0,22
ood_compose_regime-00309	1	2	1	36,21,68,93,15,184,134,187,147,109,90,43,69,201,3,123,180,152,187,207,87,59,155,45,51,104,19,75,179,169,28,150,117,141,114,137	2,5,0.6105,0,143;3,2,0.7395,0,33;2,1,0.9885,0,113;2,5,0.5755,0,195;7,3,0.4915,0,181;2,4,0.2855,0,216
ood_compose_regime-00310	5	2	2	214,28,191,130,90,140,153,4,39,60,51,76,112,69,19,199,189,46,151,180,147,14,64,85,43,93,177,110,122,201,207,191,21,141,104,117	3,4,0.7415,0,53;3,5,0.6975,1,223;2,2,0.0645,0,203;3,3,0.4295,0,140;7,4,0.0865,0,64;1,0,0.8905,0,78
ood_compose_regime-00311	5	2	0	169,58,185,208,117,89,10,21,111,141,76,67,166,190,69,37,214,98,56,160,45,147,29,93,124,41,175,135,112,84,3,140,18,165,149,165	2,0,0.4365,0,199;4,3,0.2795,0,141;7,0,0.6295,0,182;3,2,0.2175,0,237;1,5,0.1885,0,248;3,5,0.8525,0,120
ood_compose_regime-00312	9	2	0	110,35,147,65,42,69,162,144,179,138,2,87,24,113,48,149,130,117,203,175,61,162,50,76,10,104,93,124,89,161,19,153,209,32,203,211	1,0,0.7685,3,187;7,1,0.4285,3,123;1,3,0.3175,0,235;3,5,0.3015,0,18;7,4,0.3395,0,73;3,0,0.5765,3,155
ood_compose_regime-00313	5	2	0	149,88,13,106,101,45,135,38,85,136,21,2,52,171,153,115,152,40,94,65,185,196,141,117,158,147,16,198,76,215,157,69,61,213,33,129	1,3,0.1505,0,173;8,4,0.1015,0,249;3,3,0.2415,0,35;3,3,0.0115,1,102;4,0,0.7925,0,6;8,5,0.1615,0,148
ood_compose_regime-00314	1	2	0	64,117,1,111,170,182,28,92,149,99,213,123,43,134,19,87,12,191,45,116,161,215,171,58,56,147,21,93,74,184,69,38,142,205,138,195	0,2,0.7975,0,61;3,4,0.7925,0,210;7,0,0.1775,0,98;1,5,0.9115,0,99;2,5,0.9865,0,159;2,4,0.5695,1,139
ood_compose_regime-00315	2	2	0	132,73,176,90,181,188,93,204,113,126,200,23,13,44,84,37,192,117,69,100,141,63,149,26,19,6,147,45,196,139,156,206,66,106,52,179	5,3,0.6375,2,132;1,3,0.9745,0,116;3,5,0.5375,0,129;0,2,0.5415,0,212;3,0,0.3605,0,53;5,2,0.7135,0,43
ood_compose_regime-00316	5	2	1	52,179,5,133,110,66,141,117,11,31,139,116,18,81,84,92,124,100,213,37,21,200,199,45,61,206,150,41,155,176,208,147,190,214,93,69	4,1,0.5755,0,168;6,3,0.2925,0,132;3,3,0.5065,0,169;8,2,0.9235,0,101;3,4,0.8355,0,178;3,3,0.7325,0,46
ood_compose_regime-00317	2	2	0	100,130,18,160,159,43,52,108,206,30,89,185,182,128,68,140,36,174,149,21,117,10,81,154,8,69,61,177,147,203,82,116,160,141,93,45	7,0,0.5065,0,40;5,2,0.7405,0,222;3,3,0.8685,0,103;8,0,0.3545,0,21;3,2,0.9785,0,118;7,0,0.9335,0,93
ood_compose_regime-00318	5	2	1	58,75,150,86,147,56,161,43,123,72,28,34,4,165,153,204,90,117,191,21,65,93,132,12,116,141,137,163,109,159,181,45,19,100,185,170	3,2,0.6415,0,92;3,0,0.7025,0,32;7,0,0.3065,3,73;2,4,0.4025,0,216;3,3,0.9785,0,232;2,2,0.3925,0,197
ood_compose_regime-00319	5	2	2	56,94,175,68,179,204,138,45,188,10,191,151,133,147,34,76,189,124,19,92,153,98,69,42,84,22,162,114,212,28,58,117,141,4,185,106	3,0,0.6465,1,218;3,0,0.5935,0,108;7,0,0.9205,0,17;3,2,0.8185,1,27;1,0,0.5755,0,0;3,3,0.4775,0,76
ood_compose_regime-00320	5	2	0	28,44,93,117,45,77,69,21,52,100,178,159,37,136,106,180,17,179,153,149,64,187,213,62,184,15,189,147,141,89,133,87,5,190,127,112	4,5,0.2285,0,169;3,3,0.8055,0,144;3,4,0.0585,0,116;4,5,0.3115,0,152;3,0,0.1975,0,82;6,3,0.1355,0,186
ood_compose_regime-00321	5	2	0	21,149,37,45,117,209,208,207,93,82,125,155,108,183,206,28,63,116,70,97,141,65,90,51,173,3,44,76,147,131,11,136,213,17,210,169	2,1,0.2405,0,207;3,3,0.9335,0,60;2,5,0.2365,1,238;3,0,0.4255,0,19;0,2,0.9855,0,20;4,1,0.0495,0,57
ood_compose_regime-00322	5	2	2	140,86,151,141,48,69,174,210,117,199,21,68,179,55,39,147,93,116,17,108,99,177,89,213,14,191,80,28,190,124,166,185,9,44,60,133	8,4,0.2065,0,192;3,5,0.9345,3,58;6,2,0.9515,0,108;7,4,0.3555,0,252;2,2,0.8465,0,35;3,3,0.8085,0,213
ood_compose_regime-00323	5	2	0	94,191,175,162,138,58,99,36,147,192,163,209,209,69,27,141,119,135,52,199,113,124,12,110,88,179,149,203,79,22,64,43,82,20,47,6	5,2,0.9565,1,30;2,2,0.6595,2,197;3,0,0.1255,0,227;6,0,0.1005,1,136;2,4,0.3915,2,177;3,5,0.4975,0,204
ood_compose_regime-00324	9	2	0	113,61,45,56,147,137,149,132,21,15,40,27,36,86,92,107,186,209,19,68,93,105,185,182,184,76,69,197,2,164,129,160,204,141,190,117	1,5,0.7465,0,110;2,2,0.0525,0,19;7,3,0.9725,0,230;3,4,0.8295,0,35;8,1,0.3765,0,82;8,2,0.2495,0,250
ood_compose_regime-00325	5	2	0	23,117,40,199,165,133,166,26,89,137,215,85,114,152,34,12,147,59,109,100,69,215,93,164,74,186,152,64,149,17,122,4,50,208,48,141	3,2,0.2125,2,203;1,0,0.1885,3,245;1,1,0.1735,0,126;1,3,0.2055,0,48;3,3,0.4575,0,82;1,3,0.2405,0,173
ood_compose_regime-00326	9	2	1	124,93,191,163,68,147,104,57,141,203,152,10,198,185,18,60,69,41,137,132,161,150,28,153,8,198,80,117,37,87,115,111,21,91,167,45	7,0,0.4755,0,28;3,3,0.3375,0,216;8,2,0.8195,0,89;7,5,0.7165,0,20;7,5,0.6845,0,122;3,2,0.3995,0,21
ood_compose_regime-00327	2	2	0	162,127,117,149,34,69,16,21,136,44,155,106,63,52,159,31,82,64,203,97,93,186,208,176,76,141,131,154,202,10,45,114,92,212,1,147	0,0,0.0215,0,96;6,0,0.9025,0,224;3,5,0.0165,0,11;3,0,0.9645,0,175;0,0,0.5485,0,245;6,1,0.1905,0,97
ood_compose_regime-00328	5	2	0	167,93,72,197,138,15,38,113,78,99,45,141,176,21,127,19,40,210,110,190,175,90,58,4,51,149,86,178,147,134,215,153,215,28,120,68	3,5,0.6205,0,131;3,4,0.1675,0,232;2,0,0.8765,3,14;5,4,0.5785,0,13;2,4,0.2915,3,226;6,4,0.4085,0,231
ood_compose_regime-00329	5	2	2	166,21,147,109,69,188,61,76,151,89,52,64,31,141,137,100,40,169,175,84,206,166,4,17,190,168,117,45,174,206,134,37,12,93,127,114	3,2,0.3355,0,201;6,3,0.1935,0,126;3,3,0.1605,0,189;3,2,0.2505,0,66;3,3,0.5505,0,36;6,4,0.2475,0,111
ood_compose_regime-00330	2	2	1	183,137,17,141,107,190,1,179,101,130,174,157,66,40,74,88,14,153,69,117,208,27,150,185,87,45,179,22,194,58,53,124,95,147,116,39	0,4,0.2355,1,253;2,5,0.1425,0,30;4,0,0.5295,0,164;1,5,0.1815,2,83;4,1,0.9455,0,169;3,0,0.2025,0,101
ood_compose_regime-00331	5	2	2	113,179,130,137,52,110,147,189,151,184,66,16,174,117,177,45,63,69,191,170,36,15,83,176,127,21,99,5,194,81,28,91,152,42,93,141	4,5,0.1095,0,99;3,2,0.5545,0,211;3,5,0.5545,0,228;8,1,0.7485,0,184;2,4,0.2435,0,166;6,0,0.3785,0,199
ood_compose_regime-00332	8	2	0	102,111,166,175,115,80,191,30,208,18,137,49,199,45,124,59,133,15,64,173,93,185,210,187,214,147,44,89,149,117,87,141,3,69,36,21	2,5,0.5815,0,112;5,2,0.9605,0,252;0,1,0.1175,0,113;7,5,0.3005,0,201;5,5,0.7615,0,80;3,3,0.3115,0,98
ood_compose_regime-00333	5	2	1	171,87,3,110,77,173,52,157,117,141,170,11,189,180,204,150,93,130,19,45,43,70,34,61,207,136,116,147,212,21,27,91,67,189,100,125	2,1,0.7145,0,228;2,0,0.6775,0,206;3,3,0.6515,1,183;4,5,0.6975,0,10;3,4,0.8765,0,155;4,0,0.0975,0,8
ood_compose_regime-00334	2	2	2	98,107,4,141,76,44,164,209,10,131,113,93,158,172,159,19,69,147,64,62,186,128,140,34,21,27,192,119,170,45,52,203,88,157,151,82	3,0,0.6215,0,127;2,0,0.8095,0,99;3,4,0.0575,0,131;3,0,0.0835,0,89;1,1,0.2795,2,64;7,1,0.9945,0,225
ood_compose_regime-00335	5	2	1	45,44,69,175,61,93,7,31,141,20,80,180,67,12,85,36,203,150,176,138,147,213,198,164,167,128,192,176,108,99,21,114,91,135,119,52	6,2,0.8985,0,44;6,2,0.8075,0,17;3,3,0.7555,0,64;7,3,0.7795,0,153;2,2,0.5805,2,222;7,5,0.5595,0,27
ood_compose_regime-00336	9	2	1	67,90,41,61,102,77,205,147,139,164,179,213,21,186,124,162,56,176,17,130,150,193,119,115,45,108,69,207,39,85,1,141,186,14,93,28	0,4,0.2435,0,14;3,5,0.3245,0,202;7,3,0.6315,0,96;4,3,0.4285,0,79;5,2,0.6495,2,132;3,0,0.7995,0,252
ood_compose_regime-00337	5	2	1	121,113,76,117,36,60,99,13,21,7,150,93,182,155,169,45,53,208,28,214,91,19,107,69,85,201,198,179,132,196,147,68,141,41,140,177	6,3,0.7015,0,198;3,2,0.2125,0,128;4,2,0.8685,0,35;3,3,0.6515,0,154;2,1,0.3635,0,125;0,2,0.9595,0,56
ood_compose_regime-00338	9	2	2	198,22,137,215,162,97,68,166,40,147,37,17,107,73,117,178,69,186,181,135,124,25,151,180,92,12,211,82,56,1,141,61,113,93,45,168	0,2,0.2615,1,210;0,3,0.1795,0,181;7,3,0.8065,0,183;0,0,0.8595,0,106;0,1,0.2245,0,19;3,5,0.2565,0,248
ood_compose_regime-00339	5	2	0	59,93,45,149,67,4,26,198,55,192,147,97,13,40,37,158,139,80,112,92,70,110,160,127,83,170,141,17,202,191,201,156,133,21,174,117	3,3,0.3485,0,223;1,3,0.1545,0,122;6,1,0.7845,1,35;7,1,0.8435,0,141;0,4,0.1875,0,145;6,3,0.7405,0,225
ood_compose_regime-00340	9	2	0	196,171,203,118,124,195,66,163,179,156,34,141,193,41,90,100,213,116,149,135,69,61,4,75,108,147,26,93,21,45,84,17,13,191,56,136	3,3,0.2495,0,125;1,0,0.3865,0,22;7,3,0.5045,0,208;2,2,0.5615,0,84;3,2,0.9205,1,49;3,5,0.1985,0,28
ood_compose_regime-00341	9	2	2	156,136,184,160,53,39,100,48,141,43,108,151,76,63,187,198,163,93,157,114,126,117,88,206,71,147,28,133,21,19,87,8,161,13,195,64	7,3,0.6785,0,160;3,5,0.7055,3,232;4,5,0.0785,2,166;3,5,0.0955,0,106;3,2,0.4705,0,123;5,3,0.0375,0,116
ood_compose_regime-00342	5	2	1	127,171,79,45,52,106,132,179,197,41,37,171,141,147,117,10,97,157,112,210,67,69,94,150,181,88,19,140,58,21,173,5,26,202,86,160	4,0,0.6515,0,131;1,3,0.3055,0,193;3,0,0.6875,0,11;6,4,0.1725,1,196;0,0,0.1335,0,13;6,2,0.8255,0,16
ood_compose_regime-00343	2	2	1	17,154,90,176,155,192,130,38,83,21,150,100,199,75,25,203,147,40,112,109,72,93,56,123,152,117,153,45,184,12,141,61,68,137,4,182	3,2,0.3885,0,169;0,4,0.1155,0,187;7,3,0.9845,3,150;2,1,0.5715,0,95;3,3,0.1595,0,254;2,0,0.2225,0,24
ood_compose_regime-00344	5	2	0	113,123,18,94,203,89,162,141,136,55,195,66,45,86,78,28,120,207,149,100,21,157,110,207,198,193,188,43,38,3,11,130,62,147,70,213	2,1,0.4635,0,229;3,4,0.6865,0,65;6,4,0.5935,1,17;5,4,0.3115,1,252;3,4,0.2775,3,41;2,0,0.1955,0,224
ood_compose_regime-00345	5	2	1	167,138,150,114,93,10,60,100,202,16,208,77,130,143,210,200,23,196,5,209,84,45,153,69,35,67,160,111,29,128,44,117,88,53,210,147	4,0,0.1505,2,45;4,1,0.8345,0,225;4,2,0.7145,0,97;4,2,0.1925,0,185;3,5,0.4655,0,26;7,0,0.5175,2,224
ood_compose_regime-00346	7	2	1	147,58,93,133,45,106,26,212,161,115,19,141,4,179,157,10,167,164,69,40,73,175,66,158,88,56,179,117,86,150,99,21,122,138,178,35	3,0,0.7375,0,10;1,1,0.0865,0,207;7,0,0.4505,0,172;0,4,0.0415,0,12;2,0,0.6935,0,229;1,3,0.4715,0,73
ood_compose_regime-00347	5	2	0	169,176,68,209,93,44,149,21,38,30,171,132,48,58,188,16,143,82,76,4,174,180,115,189,138,161,55,100,180,69,117,121,14,91,108,147	3,4,0.0005,0,195;5,4,0.9675,3,174;6,0,0.8425,0,26;3,0,0.7225,0,90;3,2,0.7525,0,208;0,2,0.4165,2,214
ood_compose_regime-00348	5	2	1	157,173,61,147,45,10,202,113,165,170,180,65,162,141,69,187,28,36,52,150,100,215,180,124,117,132,110,21,76,93,139,84,3,90,20,44	2,0,0.8855,0,197;3,2,0.9455,0,146;3,3,0.2465,0,232;3,2,0.5575,0,131;3,4,0.2495,0,229;3,2,0.6455,0,69
ood_compose_regime-00349	5	2	2	141,12,35,42,123,107,207,58,117,65,186,139,178,151,57,93,69,197,147,20,185,4,210,21,170,114,103,176,207,25,92,45,82,134,73,155	3,2,0.8675,0,128;0,1,0.5675,0,213;8,0,0.2885,0,19;0,0,0.8085,0,31;6,1,0.5895,0,209;2,4,0.6605,0,35
ood_compose_regime-00350	10	2	2	162,139,147,81,39,117,211,1,21,151,33,202,134,57,90,166,18,69,165,83,215,63,176,202,42,113,68,95,141,111,173,102,197,45,124,13	0,3,0.4895,0,249;8,5,0.5175,0,211;8,5,0.9155,0,69;8,1,0.5705,2,118;5,5,0.2765,0,247;3,4,0.7275,0,28
ood_compose_regime-00351	2	2	0	154,139,126,215,74,5,92,108,12,21,141,159,206,117,147,179,149,53,93,181,44,208,112,69,165,45,100,134,190,65,28,58,36,18,154,85	4,2,0.4385,0,17;3,2,0.8645,0,223;4,0,0.2955,0,151;1,3,0.9815,0,233;3,2,0.0035,0,10;5,4,0.6805,0,94
ood_compose_regime-00352	5	2	1	3,175,174,210,156,152,163,147,141,137,76,57,16,32,165,40,197,63,35,150,192,93,21,134,71,108,210,117,92,68,113,87,97,121,45,11	2,1,0.1465,0,223;7,1,0.0265,0,84;8,5,0.9525,2,68;3,5,0.8035,0,210;0,2,0.2245,0,165;0,4,0.2445,0,52
ood_compose_regime-00353	2	2	1	159,9,44,28,50,93,206,116,36,20,10,108,199,209,159,58,45,188,147,105,130,141,180,185,89,85,21,117,180,166,122,150,69,74,65,140	8,0,0.9055,0,79;3,2,0.9105,0,82;1,0,0.3005,0,75;1,3,0.3955,0,37;8,2,0.9715,0,76;1,0,0.8135,0,195
ood_compose_regime-00354	5	2	0	210,63,38,108,69,166,100,11,114,21,45,19,5,85,76,117,67,130,141,203,88,93,52,203,149,204,147,40,33,215,199,183,140,178,185,124	4,1,0.7435,0,11;8,4,0.1905,0,86;3,5,0.7055,0,34;3,3,0.1855,0,116;3,2,0.5255,0,70;3,0,0.9495,0,164
ood_compose_regime-00355	1	2	0	44,84,164,89,167,18,138,69,21,132,14,162,141,45,184,93,75,163,111,64,28,114,56,34,180,195,195,167,3,117,147,99,149,121,62,200	2,4,0.4255,0,220;3,0,0.9645,0,97;7,4,0.1215,0,33;2,2,0.2855,0,64;2,5,0.4515,0,46;0,2,0.5895,0,80
ood_compose_regime-00356	1	2	0	188,160,58,149,89,183,169,107,3,93,197,76,67,181,18,27,131,205,21,36,139,207,48,42,125,114,147,14,142,155,98,206,86,49,69,119	2,4,0.4665,0,139;2,2,0.4165,3,58;0,0,0.7105,0,140;3,4,0.2985,0,226;1,1,0.4285,2,220;4,1,0.7125,1,19
ood_compose_regime-00357	10	2	2	69,147,117,170,75,87,162,178,167,142,93,151,116,67,88,123,156,178,27,35,53,180,132,21,100,45,19,137,13,61,193,40,106,196,5,201	4,3,0.7395,0,61;2,1,0.0805,0,46;4,3,0.7425,0,231;2,5,0.1045,0,248;3,0,0.9555,0,110;2,2,0.3155,1,207
ood_compose_regime-00358	9	2	1	141,58,177,130,117,83,175,37,128,8,28,45,185,165,110,13,137,75,113,150,186,98,93,167,57,20,44,21,156,155,69,170,92,147,67,215	7,3,0.9545,0,197;3,3,0.8125,0,253;8,0,0.7755,0,37;2,1,0.8545,0,192;1,4,0.3975,0,118;7,0,0.3645,0,97
ood_compose_regime-00359	5	2	1	205,122,106,153,50,206,15,45,143,170,188,207,205,18,66,116,88,21,119,136,69,4,205,130,38,147,160,150,84,170,58,26,81,98,93,40	3,5,0.5825,0,240;1,4,0.0015,0,69;1,0,0.5835,0,32;8,2,0.1555,0,237;1,0,0.9735,2,229;1,0,0.0635,2,135
ood_compose_regime-00360	7	2	2	196,15,151,116,147,40,134,174,118,50,197,27,156,184,141,178,35,69,94,140,21,66,76,186,100,9,177,124,63,45,176,88,207,87,18,106	8,5,0.5735,0,57;2,1,0.1665,0,205;1,5,0.4635,0,75;3,5,0.0525,1,245;3,0,0.8075,1,52;3,4,0.8975,0,239
ood_compose_regime-00361	5	2	2	53,213,164,16,214,165,189,43,151,124,64,45,71,209,190,114,85,76,117,135,214,159,35,60,14,22,100,147,27,3,202,93,108,141,138,88	2,4,0.0275,1,56;2,1,0.6955,0,206;4,2,0.1235,2,135;3,3,0.0685,0,11;3,2,0.5385,0,67;3,5,0.4675,0,15
ood_compose_regime-00362	9	2	0	75,113,161,82,119,10,32,93,152,152,56,154,153,34,162,41,108,124,130,69,137,204,141,21,65,61,5,19,99,181,149,172,201,47,147,90	4,0,0.6405,0,153;7,0,0.3695,2,87;7,3,0.2225,0,47;2,0,0.5065,0,37;2,2,0.3795,2,167;3,0,0.2965,0,45
ood_compose_regime-00363	1	2	0	117,43,21,147,188,90,45,76,124,60,160,52,184,156,6,69,82,195,192,26,99,139,179,111,12,39,16,114,133,143,209,211,66,149,93,208	5,2,0.1405,0,34;1,5,0.7855,0,131;3,2,0.4975,0,85;3,0,0.4585,0,177;2,5,0.4515,0,221;3,3,0.7275,2,77
ood_compose_regime-00364	5	2	0	28,36,158,139,108,44,174,17,141,45,4,177,69,149,159,181,174,130,93,102,80,165,147,168,82,89,117,113,67,61,128,202,15,186,21,52	3,5,0.3505,0,208;3,2,0.9145,0,122;3,3,0.7575,0,212;7,0,0.2805,0,133;5,2,0.2665,0,246;7,0,0.6865,0,81
ood_compose_regime-00365	2	2	0	16,108,183,141,76,128,63,37,82,155,90,191,64,93,137,99,149,10,47,189,32,69,43,147,214,50,177,113,187,209,174,21,131,117,179,3	2,0,0.1295,0,44;7,3,0.7465,2,19;1,5,0.1155,0,200;3,0,0.4455,0,158;2,2,0.2845,0,50;7,1,0.2945,0,237
ood_compose_regime-00366	5	2	1	93,141,201,1,114,177,45,100,10,162,21,111,137,171,117,147,177,202,187,82,68,35,214,75,60,169,175,132,69,52,43,150,92,26,123,20	0,0,0.9905,0,59;1,1,0.7775,0,128;3,2,0.8805,0,235;2,0,0.9855,0,164;3,5,0.4285,0,128;2,2,0.3795,0,236
ood_compose_regime-00367	2	2	1	124,54,170,92,12,137,78,117,162,133,66,1,147,152,99,17,45,59,113,21,188,84,93,141,40,183,194,34,213,29,111,165,150,185,170,69	0,2,0.2075,0,8;4,0,0.1065,0,209;5,1,0.4375,0,191;5,2,0.9965,0,120;2,5,0.3025,0,118;3,3,0.2345,0,16
ood_compose_regime-00368	5	2	2	40,212,151,93,21,91,45,17,100,155,172,58,82,52,119,15,9,166,76,141,210,183,153,67,133,124,112,108,28,69,186,147,38,137,195,173	8,5,0.2425,0,94;3,4,0.1215,0,23;3,0,0.7355,0,155;3,0,0.6505,0,96;3,2,0.0735,2,143;3,3,0.2755,0,209
ood_compose_regime-00369	8	2	2	21,16,189,211,93,214,64,49,59,106,137,213,211,195,192,6,151,13,69,152,113,45,147,141,44,30,199,39,100,76,134,183,122,84,92,117	5,3,0.0695,0,88;5,5,0.8485,0,213;0,1,0.0765,0,97;3,2,0.9915,0,231;3,0,0.3945,0,98;1,4,0.2425,0,238
ood_compose_regime-00370	5	2	0	186,70,61,183,93,76,88,112,42,140,158,11,2,135,141,207,124,147,191,117,104,50,149,110,20,35,86,24,45,33,165,155,198,68,208,193	1,1,0.9505,3,84;8,1,0.5655,0,97;1,3,0.8995,1,86;3,4,0.1885,0,248;7,4,0.1285,0,172;3,5,0.9375,0,8
ood_compose_regime-00371	2	2	0	177,77,178,112,147,136,187,53,9,107,45,143,22,93,28,103,166,176,149,67,89,207,11,18,41,82,125,69,38,182,60,164,130,166,117,215	8,1,0.4425,1,1;3,4,0.3105,0,175;4,2,0.7505,0,34;4,0,0.2155,0,254;6,1,0.1045,0,55;4,0,0.0895,2,36
ood_compose_regime-00372	9	2	1	52,150,85,180,67,21,189,212,13,44,178,106,140,128,117,131,177,147,80,5,156,71,167,63,169,155,141,113,38,104,45,93,19,89,28,191	4,3,0.6325,0,218;3,4,0.8375,0,7;3,5,0.6035,2,111;7,3,0.3455,0,49;7,0,0.3385,0,246;7,1,0.9625,0,173
ood_compose_regime-00373	1	2	0	63,67,9,93,128,82,76,27,35,92,131,14,71,42,52,45,170,149,21,137,166,177,110,187,113,16,163,117,201,99,155,192,141,147,164,158	8,4,0.1555,0,155;2,1,0.5195,0,94;3,5,0.6195,2,2;3,0,0.8885,0,85;2,4,0.2925,0,143;7,1,0.2095,0,135
ood_compose_regime-00374	7	2	0	149,134,98,147,20,90,140,2,80,69,203,172,182,39,42,205,111,62,93,122,173,82,67,167,152,213,14,45,26,21,159,196,141,115,118,52	1,4,0.9275,0,215;1,5,0.4425,0,191;3,4,0.6635,0,248;7,0,0.5195,0,197;1,5,0.6745,1,5;1,4,0.9245,0,126
ood_compose_regime-00375	7	2	2	29,162,14,152,45,205,98,41,107,147,194,207,135,64,151,113,154,140,122,206,141,174,69,21,86,76,92,206,93,62,39,117,192,18,52,2	1,4,0.5025,0,221;4,5,0.2515,0,38;3,4,0.0275,0,209;3,4,0.9015,0,59;1,1,0.3445,0,162;1,5,0.8005,0,247
ood_compose_regime-00376	5	2	0	28,117,158,18,139,65,215,112,206,86,102,43,92,163,132,24,51,149,94,45,174,184,164,107,72,166,11,127,147,141,79,154,39,63,191,5	4,1,0.4615,3,50;3,5,0.7505,0,217;2,5,0.3695,3,170;6,4,0.9245,1,40;5,1,0.1225,0,40;6,2,0.7885,0,39
ood_compose_regime-00377	2	2	0	84,188,97,49,149,81,141,69,167,5,214,189,112,140,93,147,167,130,28,17,123,158,45,61,12,117,192,110,91,36,178,205,44,21,65,156	4,2,0.3835,0,47;3,2,0.8485,0,33;0,3,0.2255,0,215;8,2,0.7515,0,6;0,4,0.0375,0,191;2,0,0.8885,0,220
ood_compose_regime-00378	2	2	0	121,190,109,93,194,181,52,205,200,38,84,41,156,149,152,141,64,154,164,13,69,76,60,112,24,137,91,98,147,132,173,45,118,4,17,32	3,3,0.3865,3,15;7,4,0.3105,0,147;3,2,0.0145,0,211;3,2,0.6305,0,8;1,3,0.1045,1,238;0,2,0.2115,0,174
ood_compose_regime-00379	5	2	1	165,14,199,115,69,55,193,178,141,147,30,17,117,40,124,59,139,212,35,7,209,64,180,150,45,134,196,24,93,111,100,83,79,213,175,90	6,4,0.2745,3,50;5,1,0.1415,0,231;6,1,0.1695,0,15;6,1,0.4055,0,151;3,5,0.7955,0,29;3,4,0.7345,0,149
ood_compose_regime-00380	6	2	0	68,170,21,28,114,93,117,161,188,17,147,164,121,183,97,90,156,46,171,4,38,69,178,15,141,132,149,189,139,205,107,44,76,49,62,82	3,5,0.3865,0,136;3,4,0.9175,1,173;0,4,0.8535,0,176;3,0,0.4335,0,109;0,1,0.4015,0,190;0,2,0.6445,0,155
ood_compose_regime-00381	5	2	1	45,103,92,44,75,173,67,21,69,109,28,154,39,113,202,196,141,156,86,51,140,214,212,126,16,14,197,93,210,63,9,134,147,117,204,150	8,4,0.1225,0,234;3,5,0.8195,0,254;2,5,0.7965,0,121;2,4,0.8425,0,158;6,3,0.3585,0,233;5,4,0.8095,0,99
ood_compose_regime-00382	2	2	1	69,89,45,9,129,42,59,215,82,202,186,208,184,131,55,156,81,147,197,185,16,21,117,107,65,28,141,93,105,36,170,137,11,114,181,150	8,1,0.1145,0,184;3,2,0.5835,0,233;6,1,0.2285,0,137;8,0,0.2095,0,114;8,1,0.5555,0,245;8,1,0.2435,0,161
ood_compose_regime-00383	5	2	0	21,45,42,100,78,116,185,141,25,147,93,139,11,84,195,119,89,188,109,52,165,178,37,149,208,124,208,68,185,6,69,178,179,135,18,61	5,1,0.5045,0,19;0,3,0.4365,0,16;3,3,0.9135,0,138;5,2,0.2525,0,118;3,3,0.9145,2,137;3,5,0.7425,0,254
ood_compose_regime-00384	6	2	1	156,168,21,185,19,69,39,180,150,203,191,147,119,144,48,134,44,192,93,1,84,204,123,65,14,114,62,27,139,52,178,78,91,101,106,209	0,4,0.6065,0,117;2,5,0.8725,3,242;3,4,0.3705,0,35;5,2,0.6925,0,207;4,0,0.5255,2,136;2,4,0.6565,3,187
ood_compose_regime-00385	5	2	0	28,207,38,210,16,192,124,86,165,118,69,141,108,208,188,149,50,96,177,130,169,10,97,181,147,2,58,67,78,156,45,138,114,42,21,92	1,0,0.0325,0,75;3,4,0.5795,0,111;1,0,0.6465,0,44;5,4,0.8645,3,36;0,2,0.4875,1,141;3,0,0.4535,0,242
ood_compose_regime-00386	8	2	0	169,69,120,6,74,192,68,181,28,39,100,21,93,176,199,45,141,11,158,52,179,88,87,197,16,209,139,149,109,40,126,134,113,211,147,58	5,1,0.0805,0,251;3,5,0.0075,0,26;3,0,0.8655,0,220;1,5,0.1075,0,136;3,3,0.3375,3,52;5,4,0.7435,0,147
ood_compose_regime-00387	5	2	1	49,21,152,147,12,76,136,64,3,101,150,121,36,47,90,215,168,157,210,18,117,206,131,25,93,180,153,170,191,69,86,44,112,58,143,106	2,2,0.4465,0,115;0,2,0.8445,2,211;0,0,0.0335,0,130;3,4,0.5645,0,251;4,0,0.0455,0,180;0,1,0.1025,2,232
ood_compose_regime-00388	5	2	2	38,52,19,204,91,147,136,110,100,93,193,141,166,21,151,173,195,69,182,112,124,212,45,4,25,134,85,62,77,43,193,68,189,14,214,119	3,4,0.6645,0,238;0,4,0.7815,0,137;3,4,0.8915,0,133;4,3,0.6165,0,236;3,4,0.0785,2,186;3,4,0.0095,0,57
ood_compose_regime-00389	5	2	1	62,180,167,28,13,150,66,215,169,172,44,141,100,126,140,116,76,117,210,84,69,90,110,4,188,191,210,135,52,45,21,147,38,190,19,93	3,3,0.7965,0,175;3,4,0.9215,0,154;3,4,0.4295,0,73;3,2,0.5045,0,37;3,4,0.9995,0,18;5,5,0.8725,0,91
ood_compose_regime-00390	7	2	2	28,74,208,117,122,42,181,2,106,161,65,141,215,176,14,45,113,151,89,37,19,56,162,137,183,85,131,21,62,170,170,93,147,205,69,103	1,4,0.7445,0,144;3,3,0.5275,0,88;7,4,0.3695,0,136;1,3,0.2795,0,172;6,0,0.2235,0,136;1,1,0.3555,0,160
ood_compose_regime-00391	7	2	1	21,26,118,147,179,76,211,150,142,82,16,204,110,158,61,89,124,93,42,45,169,13,69,49,115,183,38,97,1,176,65,195,185,133,187,139	0,3,0.1715,0,51;1,4,0.4295,0,29;0,3,0.2765,0,40;3,0,0.2005,0,251;0,4,0.6135,1,188;3,3,0.7125,1,17
ood_compose_regime-00392	1	2	0	45,117,195,88,29,18,58,149,66,182,21,130,50,164,137,3,194,41,93,179,124,114,162,11,202,202,141,177,82,34,103,147,76,212,108,69	2,1,0.4155,0,168;4,0,0.3625,0,63;1,0,0.5915,0,54;3,0,0.0995,0,140;6,2,0.4085,0,73;3,0,0.2625,0,248
ood_compose_regime-00393	10	2	2	57,153,209,157,199,151,111,36,45,162,76,95,28,69,211,195,43,141,21,12,116,92,68,121,84,9,117,147,195,101,136,187,134,60,19,162	8,2,0.7565,0,193;3,2,0.6175,0,69;8,2,0.9425,0,19;3,2,0.8595,2,68;4,5,0.9905,0,3;0,4,0.0585,0,212
ood_compose_regime-00394	1	2	1	208,203,147,31,44,69,153,193,214,106,34,45,98,87,112,93,160,150,139,135,214,91,75,21,162,141,180,188,66,18,13,123,4,63,54,120	3,3,0.4605,0,14;6,0,0.9045,0,168;5,5,0.5255,0,130;2,5,0.7885,0,22;1,0,0.0995,3,217;2,5,0.6835,0,176
ood_compose_regime-00395	5	2	0	36,1,93,117,185,147,14,142,208,132,22,179,65,45,179,100,30,51,123,110,162,16,155,205,176,149,84,76,154,69,43,215,62,140,92,116	0,4,0.0175,1,50;5,2,0.7395,0,153;2,4,0.3885,0,127;3,2,0.9855,0,174;3,4,0.9675,0,86;2,2,0.9285,1,43
ood_compose_regime-00396	10	2	0	9,211,136,91,141,114,16,158,154,195,119,149,29,37,97,147,68,173,93,192,182,207,76,21,109,45,41,63,129,134,57,85,203,159,69,15	8,5,0.0015,0,139;4,3,0.3585,0,25;8,5,0.9405,0,242;3,3,0.7425,0,84;0,3,0.5575,2,147;8,4,0.1015,0,172
ood_compose_regime-00397	10	2	0	197,113,182,82,89,106,141,66,206,20,204,185,44,167,63,98,45,5,93,10,70,166,123,138,39,53,132,76,205,186,29,147,214,21,117,149	4,0,0.9825,0,110;4,5,0.8805,0,54;4,5,0.4145,1,217;3,0,0.2495,0,83;1,0,0.3275,0,112;2,2,0.5605,0,221
ood_compose_regime-00398	2	2	0	193,96,189,195,36,25,78,69,20,92,132,106,100,117,141,12,149,205,5,165,58,175,43,194,24,179,45,136,160,68,203,123,147,116,84,56	4,2,0.8695,3,112;0,2,0.7565,0,112;7,0,0.9655,0,130;5,2,0.8935,3,84;3,0,0.9235,0,242;2,2,0.0135,0,176
ood_compose_regime-00399	5	2	2	159,66,161,181,21,10,195,3,135,85,151,117,49,170,41,45,60,112,109,88,137,16,37,71,141,32,102,124,156,78,147,93,204,182,183,162	2,0,0.0965,0,177;7,3,0.2465,0,216;0,2,0.5295,2,54;5,3,0.1335,0,15;5,3,0.1355,0,2;3,5,0.3525,0,170
ood_compose_regime-00400	5	2	2	141,132,127,172,68,71,44,83,34,200,99,166,18,91,205,197,93,21,117,78,184,51,4,27,151,14,136,62,45,215,196,188,211,112,147,110	3,4,0.4515,0,141;2,0,0.8445,0,171;2,4,0.9865,2,220;5,1,0.6405,0,1;2,4,0.0425,0,251;6,2,0.0595,0,222
ood_compose_regime-00401	5	2	1	64,185,15,43,4,194,174,210,204,28,150,99,46,141,69,62,76,113,124,108,139,21,91,152,147,135,52,162,117,36,87,94,209,16,158,176	3,5,0.0545,0,56;3,2,0.6735,1,121;3,4,0.1805,0,251;3,5,0.7485,1,234;2,2,0.3525,0,40;3,5,0.6765,0,123
ood_compose_regime-00402	10	2	2	176,159,93,138,86,21,147,154,67,45,112,57,180,186,117,20,75,124,69,105,144,15,162,197,151,169,5,28,171,132,44,39,110,62,89,171	4,5,0.8835,0,45;3,5,0.8435,0,3;8,4,0.6585,0,27;2,4,0.2025,0,80;8,4,0.1075,0,248;3,2,0.5445,3,187
ood_compose_regime-00403	5	2	0	149,137,76,168,117,207,171,147,185,37,157,103,86,65,175,89,161,69,54,17,44,176,122,141,131,153,180,14,6,21,110,47,29,116,59,93	5,4,0.2265,0,189;4,3,0.9015,2,116;5,1,0.3785,0,167;3,4,0.3075,0,217;6,4,0.9835,0,20;1,1,0.3585,0,34
ood_compose_regime-00404	5	2	2	140,65,194,214,77,10,117,62,19,21,27,157,3,131,151,199,71,116,100,129,83,174,215,141,54,90,147,190,165,202,44,34,172,93,111,45	2,0,0.7795,0,174;2,0,0.9805,0,172;5,4,0.2755,2,128;4,1,0.5605,0,10;3,5,0.9505,0,96;8,1,0.9135,0,210
ood_compose_regime-00405	5	2	1	182,173,154,150,13,93,24,190,147,116,43,45,5,177,123,34,213,26,100,71,189,136,85,142,117,202,79,213,109,17,91,208,68,132,51,59	4,3,0.3375,3,116;1,0,0.7005,0,240;2,1,0.8835,2,170;6,3,0.7085,0,32;3,3,0.8925,0,168;2,2,0.1585,1,101
ood_compose_regime-00406	8	2	1	207,208,168,166,215,135,203,71,157,178,114,14,90,76,43,93,51,65,117,35,111,147,4,183,82,20,59,186,27,128,21,46,138,141,150,102	3,4,0.9515,0,124;2,1,0.7015,1,22;2,1,0.3125,2,7;3,0,0.5475,0,164;5,5,0.5465,0,98;7,5,0.5785,0,239
ood_compose_regime-00407	5	2	1	4,17,177,62,176,69,183,93,163,186,75,88,51,141,112,132,12,67,140,117,124,100,189,45,197,34,164,21,28,111,150,205,41,147,185,82	3,2,0.3775,0,209;3,0,0.2745,0,117;2,4,0.6195,0,37;2,0,0.1945,0,117;3,5,0.0745,0,157;3,2,0.8055,0,119
ood_compose_regime-00408	2	2	0	143,149,45,10,4,160,83,21,65,174,202,189,147,41,106,114,136,188,58,191,33,20,169,81,36,163,52,98,208,202,118,90,130,128,69,93	3,0,0.9675,0,184;8,2,0.2945,0,31;3,0,0.3955,0,109;8,1,0.5395,0,80;1,0,0.5275,1,122;7,0,0.0815,2,119
ood_compose_regime-00409	9	2	0	62,201,112,169,199,19,83,110,43,167,96,69,203,31,134,147,137,21,35,102,117,149,124,14,77,141,54,191,163,92,8,45,67,162,201,166	7,4,0.7295,0,233;6,1,0.6255,0,248;5,4,0.6865,0,61;4,1,0.9775,3,236;5,4,0.1285,0,206;3,4,0.2095,0,137
ood_compose_regime-00410	2	2	2	152,151,147,130,92,21,205,10,8,137,185,71,28,65,176,189,42,53,76,97,184,195,124,197,84,34,183,107,93,196,19,112,144,58,117,45	7,0,0.6365,0,125;3,0,0.5285,0,1;4,0,0.2685,2,36;3,2,0.9225,0,156;0,1,0.0505,0,126;3,0,0.2385,3,231
ood_compose_regime-00411	5	2	1	119,155,112,195,18,188,57,69,64,150,124,41,76,152,45,3,93,188,87,147,166,38,90,136,187,100,179,155,21,62,109,176,141,130,25,15	2,5,0.4495,0,150;0,4,0.3715,0,99;8,4,0.1605,0,210;3,5,0.4055,0,191;3,3,0.1905,2,86;3,0,0.0115,0,116
ood_compose_regime-00412	2	2	1	109,141,159,150,89,52,136,117,160,65,183,41,164,192,191,58,135,203,69,17,77,98,193,93,21,147,83,34,187,12,112,179,32,45,4,124	3,2,0.2985,0,235;7,0,0.2885,0,125;3,0,0.3715,0,119;4,1,0.3215,0,210;1,3,0.1675,0,82;3,5,0.1835,0,45
ood_compose_regime-00413	5	2	0	141,29,76,91,153,212,16,179,37,125,52,108,114,204,149,181,3,58,93,147,69,203,45,130,100,87,154,21,177,136,12,117,163,162,68,42	2,2,0.0205,0,29;4,3,0.4655,0,128;3,0,0.8875,0,28;3,5,0.6725,0,118;3,2,0.5065,0,254;4,0,0.0645,0,145
ood_compose_regime-00414	5	2	2	158,45,165,69,91,7,141,31,158,147,18,34,113,105,62,10,40,106,84,117,73,93,203,135,68,21,175,197,151,193,157,172,52,140,123,205	6,0,0.4065,0,149;6,0,0.1275,0,217;3,4,0.9725,0,157;0,2,0.6805,0,96;8,0,0.2035,0,238;2,5,0.8345,0,81
ood_compose_regime-00415	6	2	2	208,52,21,214,177,45,117,27,72,171,16,38,135,153,147,179,93,86,209,40,92,139,97,187,108,124,61,67,206,200,116,73,141,3,151,11	2,1,0.0745,0,176;2,4,0.0035,0,171;3,3,0.6765,3,16;0,4,0.8575,0,184;0,2,0.8465,0,175;3,5,0.6305,0,230
ood_compose_regime-00416	5	2	0	171,205,110,36,141,147,19,85,89,45,21,13,149,69,42,200,93,173,140,113,117,192,130,209,76,65,59,170,157,50,171,200,100,28,127,4	3,3,0.6845,0,253;3,2,0.4785,0,16;1,1,0.3805,0,212;3,3,0.3905,0,123;3,4,0.2675,0,254;6,0,0.9475,0,107
ood_compose_regime-00417	2	2	0	99,43,123,162,75,188,60,214,149,141,45,177,185,188,136,93,173,113,16,69,108,171,118,67,28,207,88,83,10,199,147,34,21,8,52,131	7,0,0.0005,0,76;3,0,0.7725,0,0;3,2,0.7865,0,154;2,1,0.1505,0,21;2,2,0.2665,1,245;2,1,0.1205,0,174
ood_compose_regime-00418	9	2	1	52,135,207,210,61,80,113,147,83,188,68,99,17,107,21,141,173,117,34,185,173,91,185,139,128,2,95,212,150,32,163,188,40,45,69,14	1,4,0.3815,0,165;7,0,0.0445,0,229;3,3,0.9425,0,20;7,1,0.7945,2,143;2,1,0.3745,0,229;7,5,0.6235,0,204
ood_compose_regime-00419	10	2	2	119,30,41,124,144,93,187,88,167,53,4,147,83,69,105,176,215,18,190,184,138,185,39,14,45,112,196,154,21,135,166,63,66,107,151,80	3,4,0.5775,0,119;5,5,0.3885,0,58;4,5,0.5775,0,89;7,1,0.0175,0,78;8,1,0.1835,2,211;3,5,0.5175,3,148
ood_compose_regime-00420	5	2	1	176,167,21,13,76,141,147,185,91,87,187,6,117,140,44,99,36,206,61,178,132,111,123,163,28,93,45,150,114,69,64,49,206,17,168,201	5,3,0.2375,0,216;3,2,0.9095,0,29;0,3,0.0795,0,238;3,5,0.6965,0,93;2,5,0.4005,0,127;2,2,0.8955,0,1
ood_compose_regime-00421	9	2	0	117,58,149,195,174,88,101,124,147,174,77,167,17,57,114,157,69,12,141,44,21,159,198,212,45,133,84,111,39,152,32,65,5,188,94,139	4,2,0.3765,0,168;7,5,0.9365,0,149;8,0,0.2985,0,116;4,2,0.0775,1,81;4,5,0.5205,0,125;3,3,0.6265,0,119
ood_compose_regime-00422	8	2	2	30,152,104,45,132,144,93,140,112,188,117,177,171,109,76,87,15,213,89,164,66,193,166,61,6,18,208,21,126,147,37,151,50,69,40,188	5,5,0.5175,0,93;5,3,0.1625,0,198;1,3,0.4505,0,130;3,5,0.2285,0,138;7,3,0.0675,0,43;5,2,0.9255,3,56
ood_compose_regime-00423	5	2	1	183,192,181,100,90,29,144,93,161,138,65,86,181,16,123,211,150,3,131,213,158,109,113,14,69,51,203,76,117,21,45,44,39,59,161,147	2,4,0.1805,0,11;4,5,0.8055,0,104;2,1,0.2345,0,191;3,4,0.5625,0,131;3,3,0.2015,0,179;2,1,0.5845,3,3
ood_compose_regime-00424	2	2	1	100,21,213,33,187,168,109,64,130,69,96,112,45,88,35,147,62,169,141,163,42,140,17,2,124,150,205,52,86,10,154,210,76,203,210,117	1,0,0.3855,0,84;8,1,0.5975,0,236;3,4,0.0355,0,171;3,4,0.0665,3,181;3,3,0.0515,0,16;3,0,0.9485,0,194
ood_compose_regime-00425	5	2	0	149,32,147,208,84,44,205,141,13,45,93,204,99,110,62,157,187,117,174,157,19,21,6,135,90,35,69,129,139,114,76,179,214,189,52,66	5,3,0.7045,0,234;7,1,0.9315,0,192;3,4,0.5665,0,1;3,2,0.4745,0,114;2,4,0.4905,0,37;8,5,0.7975,0,8
ood_compose_regime-00426	5	2	2	24,192,86,41,66,153,88,45,161,11,53,141,114,100,182,7,139,37,76,28,151,130,17,147,197,211,93,152,69,129,163,59,189,172,109,117	6,1,0.2255,3,208;3,3,0.2695,0,80;4,1,0.5375,0,49;3,4,0.1035,0,90;3,3,0.5515,0,138;8,0,0.6205,0,231
ood_compose_regime-00427	2	2	0	65,58,157,195,134,154,88,1,44,79,50,147,174,149,23,117,93,208,137,141,165,69,107,16,165,105,184,14,86,121,116,45,36,200,209,28	0,4,0.1375,2,118;3,2,0.9065,0,121;1,0,0.3125,0,1;6,4,0.0695,0,245;8,1,0.8065,0,206;0,4,0.3345,0,204
ood_compose_regime-00428	5	2	2	19,142,21,173,49,137,64,82,168,154,153,28,92,161,132,38,43,179,117,107,45,124,168,75,199,97,58,174,3,112,14,93,69,151,175,147	2,4,0.7235,0,242;3,4,0.6725,0,208;0,0,0.1145,0,79;2,0,0.8225,0,116;0,1,0.1285,0,111;3,2,0.3925,1,127
ood_compose_regime-00429	5	2	1	112,130,193,75,196,147,10,176,182,69,33,144,182,139,213,106,90,21,48,96,105,177,87,1,68,40,34,150,18,203,129,52,215,61,120,154	0,0,0.4205,0,249;8,0,0.0235,3,244;3,3,0.8315,0,78;2,5,0.5885,3,55;8,0,0.1755,3,111;8,0,0.7765,3,66
ood_compose_regime-00430	1	2	2	151,27,117,163,147,153,18,139,21,56,68,14,111,4,69,87,152,208,116,59,165,89,80,45,132,41,152,123,187,197,159,166,141,93,39,99	3,4,0.5605,0,105;2,5,0.2005,0,11;7,1,0.9565,0,220;7,5,0.2015,0,46;2,5,0.8145,0,19;2,2,0.7115,0,62
ood_compose_regime-00431	5	2	0	201,192,190,45,81,167,21,133,143,147,69,97,162,149,52,4,166,121,138,204,33,91,94,157,186,84,62,117,157,44,67,109,17,12,35,113	3,2,0.3545,0,210;8,1,0.9865,0,171;3,4,0.7815,0,10;8,2,0.7365,1,171;0,3,0.2595,0,48;0,3,0.4685,2,60
ood_compose_regime-00432	5	2	1	199,147,21,38,8,190,59,93,69,138,124,102,166,176,158,47,141,92,112,135,84,10,117,196,204,109,67,33,76,43,211,150,17,178,174,54	7,0,0.2345,0,160;8,4,0.6025,2,134;5,1,0.7515,0,219;3,2,0.9795,0,157;5,3,0.0225,0,212;3,5,0.4535,0,86
ood_compose_regime-00433	1	2	0	189,16,194,3,96,189,52,74,164,99,178,45,156,208,147,60,21,43,133,82,69,91,10,27,39,65,117,141,110,203,124,139,165,116,149,206	2,0,0.0965,0,67;2,5,0.6175,0,28;3,2,0.3345,0,168;1,0,0.7675,3,56;2,4,0.9565,0,166;3,3,0.6135,0,163
ood_compose_regime-00434	5	2	2	139,19,180,134,124,22,57,75,151,93,184,141,155,179,34,109,42,63,201,3,83,45,15,147,72,117,116,215,66,154,100,92,153,210,157,32	2,5,0.6335,1,60;7,0,0.5355,0,2;8,5,0.4205,3,70;2,1,0.8715,0,104;3,3,0.9035,0,101;3,4,0.7995,0,199
ood_compose_regime-00435	5	2	2	44,27,161,45,175,139,93,14,162,21,154,141,184,100,67,76,19,203,113,55,197,88,200,35,117,151,132,175,1,106,84,61,147,129,168,69	0,4,0.7205,0,78;2,1,0.8595,0,82;6,3,0.7325,0,192;3,2,0.1825,0,94;3,0,0.3185,0,202;8,2,0.6285,0,50
ood_compose_regime-00436	8	2	2	110,44,68,190,19,54,215,85,213,141,102,164,151,69,207,187,168,35,190,63,33,157,124,114,80,117,91,21,1,179,147,139,14,95,45,132	0,4,0.7795,0,226;8,1,0.9915,0,130;5,5,0.9225,0,113;7,3,0.6135,2,126;5,4,0.5115,0,5;3,2,0.6865,0,17
ood_compose_regime-00437	5	2	1	64,154,139,141,29,83,13,117,147,59,21,115,20,178,93,123,100,180,209,177,78,157,173,41,72,150,56,201,8,109,167,172,132,37,45,89	7,3,0.9385,0,218;4,3,0.2825,0,215;7,1,0.1435,3,3;5,1,0.2485,0,90;3,3,0.7245,0,109;2,2,0.6005,0,209
ood_compose_regime-00438	9	2	0	45,28,38,91,116,117,106,21,93,206,175,136,15,194,212,105,175,149,69,66,75,122,180,130,83,62,170,198,141,198,57,43,147,20,8,184	7,5,0.8095,0,69;3,4,0.7915,0,42;8,4,0.5205,0,185;2,1,0.6045,0,81;8,0,0.8555,0,45;1,0,0.0635,0,47
ood_compose_regime-00439	5	2	2	90,140,164,4,156,183,73,110,19,151,21,208,83,112,99,207,45,40,61,94,180,69,215,13,141,49,154,39,157,66,130,147,117,27,124,186	3,3,0.7925,0,241;2,5,0.1965,0,240;0,3,0.4905,0,30;0,1,0.4375,1,113;2,4,0.0875,0,8;3,0,0.8385,0,123
ood_compose_regime-00440	8	2	0	186,129,62,134,117,37,70,116,147,86,157,137,65,100,106,160,168,41,205,45,156,93,26,198,198,6,21,192,89,18,14,149,78,141,52,168	5,4,0.5825,0,184;1,3,0.3495,0,166;3,4,0.2875,1,236;5,4,0.3405,0,193;3,0,0.9755,0,22;8,4,0.2965,0,31
ood_compose_regime-00441	5	2	0	18,24,93,141,164,52,76,205,149,45,147,91,122,163,196,115,4,58,138,85,117,41,70,177,37,201,107,209,64,134,209,165,29,196,98,14	3,4,0.5325,3,13;4,3,0.2205,0,120;3,0,0.0395,1,211;3,3,0.7545,0,134;1,1,0.7665,0,162;1,4,0.4815,0,176
ood_compose_regime-00442	5	2	2	167,141,56,193,120,45,61,155,69,191,137,15,19,157,112,88,104,160,160,4,96,125,77,21,151,107,36,133,83,65,155,147,25,165,205,42	3,5,0.6525,0,187;0,2,0.4015,0,85;7,3,0.2065,0,226;4,1,0.0925,3,180;7,1,0.1615,3,7;4,3,0.3545,0,169
ood_compose_regime-00443	2	2	0	149,21,80,85,213,68,93,193,195,33,52,120,147,10,8,132,112,188,88,121,154,184,141,164,44,108,170,18,140,69,35,105,63,187,45,196	7,0,0.4265,0,1;8,1,0.8575,0,120;3,5,0.8955,0,238;7,3,0.0915,0,130;8,2,0.0555,3,238;0,2,0.9145,0,200
ood_compose_regime-00444	10	2	1	77,141,135,87,17,150,179,105,93,214,117,28,204,115,123,166,177,9,192,67,106,38,57,69,140,12,147,160,204,45,42,212,21,90,62,156	8,2,0.2865,0,50;3,4,0.4365,0,169;8,4,0.7395,0,124;4,5,0.5765,0,233;8,0,0.6175,0,35;2,5,0.9755,0,48
ood_compose_regime-00445	5	2	2	171,83,42,21,10,208,19,177,69,100,27,141,114,3,93,45,75,211,68,89,164,168,194,39,138,151,187,52,147,123,201,130,164,117,61,106	2,0,0.6445,0,193;2,5,0.5735,0,192;3,3,0.9475,0,1;2,1,0.2935,0,152;3,0,0.5055,0,90;2,0,0.4275,0,147
ood_compose_regime-00446	5	2	0	44,196,178,28,52,189,68,85,47,79,16,69,149,195,133,100,110,206,122,116,163,61,178,141,175,88,36,1,139,169,10,21,206,96,147,117	0,0,0.1875,0,221;3,2,0.8675,2,22;3,3,0.8935,0,213;6,3,0.0045,3,76;3,4,0.8785,0,26;1,3,0.6995,0,79
ood_compose_regime-00447	2	2	0	124,64,98,158,39,156,10,147,175,153,21,152,130,168,202,26,119,172,4,46,50,141,76,95,88,19,69,110,140,86,113,192,42,149,203,63	3,0,0.7785,0,170;1,5,0.4575,1,27;1,5,0.1435,0,153;3,4,0.1415,2,243;1,4,0.3425,2,75;3,0,0.8845,0,146
ood_compose_regime-00448	10	2	2	160,57,86,69,81,19,203,209,164,15,132,106,21,89,94,183,147,68,141,117,114,9,162,203,174,151,124,197,37,97,178,25,139,44,60,45	8,5,0.7645,0,189;0,3,0.8835,0,169;8,2,0.8575,0,225;8,4,0.2305,1,4;0,0,0.4375,0,85;3,2,0.6245,0,246
ood_compose_regime-00449	9	2	2	128,115,38,25,210,194,189,184,100,21,210,147,138,187,46,170,167,135,41,117,19,141,69,80,63,85,12,110,162,89,151,93,68,1,51,156	0,2,0.6765,0,224;0,4,0.3615,1,85;2,5,0.9615,0,58;7,3,0.3525,0,213;3,4,0.6785,0,110;7,5,0.5895,0,240
ood_compose_regime-00450	2	2	2	5,137,100,154,166,151,155,21,28,58,45,20,68,114,204,130,108,170,10,57,141,40,83,181,165,69,93,191,124,175,147,36,117,91,202,74	4,0,0.8045,0,53;3,2,0.1955,0,72;8,0,0.8125,0,213;1,1,0.7045,0,25;3,2,0.4855,0,133;3,0,0.3185,0,164
ood_compose_regime-00451	5	2	2	76,21,87,43,134,100,194,64,12,142,59,69,45,147,4,95,51,138,123,202,179,179,202,178,153,18,114,111,29,92,151,182,117,197,214,35	3,2,0.4955,0,24;4,1,0.7625,0,197;2,1,0.1285,0,92;3,5,0.9175,2,220;3,5,0.4515,0,103;2,4,0.5745,1,61
ood_compose_regime-00452	5	2	0	159,71,12,214,52,28,3,181,115,149,93,43,86,20,208,170,117,190,21,45,90,107,147,76,62,102,198,141,129,38,208,169,138,68,157,135	2,2,0.8365,0,206;3,4,0.6155,0,50;3,4,0.8835,2,105;3,4,0.5435,0,214;5,1,0.7165,0,108;8,5,0.5185,0,211
ood_compose_regime-00453	5	2	2	65,38,200,171,162,69,19,139,32,101,166,205,21,112,126,132,61,12,52,171,82,117,158,147,94,108,92,79,42,151,143,45,184,7,206,153	6,2,0.6245,0,23;7,4,0.4255,0,67;3,3,0.2135,0,90;6,0,0.9535,1,60;4,2,0.0695,0,59;5,2,0.6275,2,189
ood_compose_regime-00454	5	2	1	55,20,153,154,173,114,84,169,75,147,107,67,181,95,69,123,190,130,201,14,28,8,150,166,117,22,141,36,42,170,90,62,158,99,137,45	7,4,0.9585,1,30;3,2,0.4625,0,245;6,4,0.6375,0,161;2,2,0.4735,2,211;2,1,0.5575,0,8;2,0,0.3495,0,111
ood_compose_regime-00455	5	2	1	21,93,208,129,67,57,15,19,207,33,147,206,188,131,91,108,184,165,191,204,201,40,83,117,115,143,80,102,63,159,36,137,150,69,45,4	3,5,0.7715,0,146;8,2,0.1255,0,210;8,5,0.7065,0,20;7,1,0.6055,0,86;5,2,0.7385,0,186;8,1,0.2185,2,218
ood_compose_regime-00456	9	2	2	151,141,15,42,59,53,80,8,184,21,139,152,131,45,174,212,147,157,100,121,82,69,162,65,93,202,92,176,37,18,115,32,109,117,186,202	7,5,0.5415,0,66;7,3,0.5905,0,197;4,1,0.3635,0,97;7,0,0.9745,0,240;3,3,0.7925,0,71;0,1,0.7155,0,153
ood_compose_regime-00457	5	2	2	175,158,166,190,90,140,93,124,204,143,147,20,158,97,61,82,213,25,169,21,120,45,73,35,69,44,110,151,68,15,135,208,178,115,52,3	2,5,0.8175,0,98;0,1,0.8775,0,133;3,3,0.8635,0,5;0,0,0.4625,0,234;0,4,0.7075,3,10;3,5,0.8755,2,152
ood_compose_regime-00458	1	2	1	158,28,168,195,180,141,45,110,123,150,66,186,12,63,163,40,186,93,131,117,3,18,201,52,147,21,196,99,75,92,181,114,139,34,69,84	2,2,0.5375,0,23;3,0,0.0335,0,198;3,5,0.5075,0,245;2,2,0.8935,0,221;2,4,0.5145,0,11;2,1,0.6375,0,165
ood_compose_regime-00459	2	2	1	69,188,76,207,12,84,152,36,139,183,52,179,154,111,112,117,162,215,94,150,141,44,89,18,147,123,4,201,180,104,134,45,61,64,29,21	3,2,0.4165,0,197;4,2,0.9065,0,135;3,3,0.0135,0,45;3,2,0.3025,1,58;7,5,0.1565,0,9;2,4,0.7875,0,168
ood_compose_regime-00460	5	2	2	160,186,7,102,134,91,87,151,52,43,93,10,124,140,159,152,177,39,66,195,46,202,147,117,116,58,196,28,17,69,76,167,141,21,211,107	6,0,0.3525,0,107;3,5,0.7935,1,240;3,0,0.4385,0,29;3,5,0.7145,0,248;5,1,0.8675,0,224;3,4,0.9375,0,58
ood_compose_regime-00461	5	2	1	214,38,51,79,117,107,19,191,83,187,21,93,132,137,141,11,3,124,88,185,180,147,155,69,41,162,45,150,31,113,58,98,198,201,66,183	2,1,0.7265,0,245;6,4,0.2075,0,211;2,0,0.4505,0,49;6,1,0.0675,0,72;1,1,0.2295,0,49;3,2,0.3755,0,123
ood_compose_regime-00462	5	2	1	174,98,24,179,46,147,138,69,29,15,91,182,64,52,18,212,205,141,117,76,162,93,42,206,112,167,2,39,209,125,85,110,131,150,156,63	1,5,0.4745,3,139;4,5,0.5955,1,5;3,5,0.0105,0,147;3,3,0.7395,0,229;1,4,0.1055,0,245;4,1,0.4075,0,128
ood_compose_regime-00463	5	2	2	85,66,166,141,200,88,110,151,62,18,213,93,3,33,188,73,170,48,193,166,139,118,105,147,44,10,174,135,36,69,49,21,161,116,206,124	2,0,0.4435,0,75;8,2,0.9405,3,42;0,4,0.4155,0,154;0,3,0.0385,0,255;8,4,0.8535,1,166;3,5,0.6525,0,184
ood_compose_regime-00464	7	2	1	153,170,60,4,147,111,211,201,25,98,139,67,69,74,21,116,82,125,19,41,130,174,52,37,117,169,150,156,204,90,45,10,161,141,200,93	3,0,0.7875,0,37;0,3,0.3775,0,110;3,2,0.7615,0,177;1,0,0.4665,0,117;1,5,0.9035,0,104;4,0,0.6885,0,243
ood_compose_regime-00465	5	2	0	135,149,4,89,39,21,78,196,115,70,15,100,212,136,147,54,194,190,185,183,184,60,158,141,28,195,108,93,83,191,19,117,45,124,40,66	3,5,0.7085,0,148;3,5,0.0815,0,122;5,2,0.5435,1,11;5,1,0.2395,0,184;3,2,0.6135,0,38;3,5,0.0085,0,214
ood_compose_regime-00466	10	2	1	93,136,52,156,87,150,117,154,42,6,203,58,33,191,21,39,108,152,147,76,189,129,186,70,17,45,105,92,114,141,130,182,11,204,68,193	5,1,0.3385,0,144;8,5,0.4225,0,195;3,0,0.8485,1,125;3,5,0.9235,0,200;8,2,0.4165,0,55;8,0,0.1035,0,62
ood_compose_regime-00467	1	2	1	84,64,211,118,90,170,111,27,141,93,192,137,51,39,45,123,23,131,178,179,104,76,152,201,3,62,147,20,69,188,152,150,12,196,115,44	2,2,0.9945,2,102;2,5,0.8615,0,211;2,4,0.0415,0,68;3,2,0.5725,0,197;7,5,0.6045,1,4;2,1,0.2385,0,85
ood_compose_regime-00468	7	2	2	167,71,130,137,50,45,192,12,7,92,26,93,64,122,151,86,198,147,117,203,113,176,76,61,208,154,193,108,39,44,164,100,141,201,19,22	6,2,0.7245,1,44;1,5,0.8365,0,19;1,3,0.1415,2,53;3,4,0.8275,0,178;3,2,0.2235,0,171;1,0,0.2675,0,190
ood_compose_regime-00469	5	2	1	63,21,72,138,210,135,19,95,175,12,178,213,91,45,74,116,111,66,38,203,208,141,122,100,163,150,153,6,117,82,147,188,44,30,214,51	5,2,0.7905,0,117;5,4,0.9165,0,209;2,5,0.5315,3,53;1,0,0.6065,2,40;3,5,0.9035,0,88;1,5,0.4565,0,148
ood_compose_regime-00470	9	2	1	106,153,204,185,139,191,76,59,32,135,171,104,37,19,171,42,3,141,21,84,200,69,15,147,67,56,176,128,93,177,45,90,150,116,179,117	2,5,0.6135,0,208;7,3,0.5585,0,134;7,1,0.6205,0,2;3,2,0.4955,0,248;7,0,0.9085,0,225;7,5,0.6475,0,196
ood_compose_regime-00471	7	2	1	28,3,162,87,65,71,76,52,185,21,117,147,124,175,109,36,16,150,114,212,173,130,90,189,195,63,171,144,188,98,157,139,94,43,45,11	2,1,0.0785,0,153;3,2,0.7835,0,220;3,5,0.3155,2,63;3,5,0.4215,1,219;1,3,0.4775,0,2;3,0,0.6055,3,48
ood_compose_regime-00472	2	2	0	177,141,186,69,21,44,149,115,98,147,7,49,93,196,140,47,60,215,92,117,10,206,16,181,181,173,76,36,164,86,31,123,106,209,67,130	6,0,0.1205,0,168;6,2,0.9505,2,115;0,2,0.7625,0,20;3,4,0.8765,0,157;1,0,0.6705,0,203;2,0,0.8385,0,205
ood_compose_regime-00473	5	2	1	89,52,36,113,66,147,4,128,63,173,93,150,85,136,196,197,72,12,76,188,135,45,166,17,99,21,119,107,199,214,141,208,28,165,191,42	3,2,0.3285,0,200;3,2,0.4825,0,243;3,5,0.5495,3,179;3,3,0.2745,0,38;2,1,0.2385,2,66;7,5,0.0485,0,219
ood_compose_regime-00474	5	2	0	60,10,41,167,154,160,212,3,28,167,117,93,75,200,21,109,212,103,201,16,45,52,126,141,82,69,137,131,149,147,198,67,113,171,37,88	2,0,0.1505,0,142;3,3,0.2915,0,68;3,2,0.6645,0,85;2,0,0.1385,0,86;6,3,0.3715,0,166;5,1,0.3915,0,0
ood_compose_regime-00475	5	2	1	16,12,157,178,43,204,53,93,38,103,141,4,21,125,76,65,91,200,60,176,139,28,189,184,114,107,147,176,150,199,157,120,85,47,131,69	3,2,0.1255,0,76;3,4,0.6545,2,60;4,2,0.2105,0,113;3,3,0.7865,0,132;6,1,0.4445,3,174;4,1,0.7745,0,58
ood_compose_regime-00476	5	2	1	184,203,160,210,16,28,117,150,147,129,91,140,13,100,45,80,116,134,41,141,200,165,7,157,156,52,21,63,171,93,65,215,86,106,37,69	6,3,0.1555,0,46;3,3,0.3455,0,52;3,5,0.2345,0,226;7,4,0.7335,0,216;3,0,0.9895,0,27;8,4,0.8525,0,236
ood_compose_regime-00477	5	2	1	40,114,212,69,34,56,189,5,110,119,47,202,204,19,179,86,134,208,100,91,33,62,76,139,64,93,147,11,124,21,158,150,168,193,205,141	4,1,0.6145,0,12;8,0,0.1565,2,13;7,4,0.1745,0,153;3,4,0.6085,0,110;3,4,0.5935,2,205;3,4,0.6455,0,220
ood_compose_regime-00478	9	2	1	117,4,61,128,150,141,69,56,162,191,37,160,139,147,14,201,93,66,171,76,82,30,134,19,204,156,104,211,92,161,114,111,21,45,44,198	3,4,0.7635,0,159;5,3,0.9645,0,37;7,3,0.5035,0,143;3,0,0.9085,0,101;7,5,0.4445,0,23;7,4,0.7845,0,223
ood_compose_regime-00479	5	2	0	133,149,159,141,44,76,174,27,166,195,7,136,63,189,179,21,187,188,35,113,86,108,208,121,97,66,93,69,166,52,147,88,14,117,45,18	6,4,0.4565,0,196;2,1,0.8145,0,227;3,5,0.5125,0,141;3,4,0.0485,0,5;0,2,0.2285,0,66;0,3,0.0495,0,245
ood_compose_regime-00480	7	2	2	30,170,135,39,60,166,93,45,192,16,151,107,64,3,211,54,139,174,91,156,113,21,102,82,122,76,162,71,43,163,14,200,147,176,141,119	2,4,0.0765,0,211;5,5,0.6545,0,104;5,2,0.1555,2,167;3,0,0.6155,0,46;5,1,0.2235,2,188;1,5,0.7215,0,215
ood_compose_regime-00481	1	2	0	88,78,158,100,135,188,69,67,106,21,203,163,154,142,139,3,63,45,83,201,15,116,197,30,149,41,200,123,18,147,160,117,93,191,51,35	2,5,0.4405,0,197;5,1,0.2805,0,180;2,5,0.6555,0,25;5,1,0.0955,0,142;3,0,0.8765,0,247;2,5,0.7035,1,194
ood_compose_regime-00482	5	2	2	141,178,100,65,85,134,173,108,127,62,185,76,96,5,10,151,41,21,31,155,45,136,194,147,155,166,207,113,69,52,213,158,17,92,34,117	4,0,0.3925,0,178;6,0,0.2415,0,102;3,4,0.3425,0,205;3,3,0.8835,3,208;3,2,0.2575,0,151;6,4,0.0195,0,197
ood_compose_regime-00483	5	2	2	129,201,137,119,21,173,69,203,182,113,193,63,45,147,105,28,94,19,193,107,37,13,78,52,142,66,203,90,167,151,83,42,161,4,192,135	3,3,0.7765,0,43;3,3,0.4695,0,255;3,5,0.4855,0,174;5,1,0.4825,1,146;8,1,0.2145,2,102;8,5,0.2175,1,31
ood_compose_regime-00484	6	2	0	168,195,69,117,78,186,172,93,190,42,133,57,143,18,97,33,149,194,62,171,190,116,201,14,85,124,137,147,110,4,21,213,48,39,68,90	3,4,0.5815,0,209;8,5,0.5885,3,130;8,4,0.9845,0,43;5,3,0.5605,0,167;0,4,0.9615,0,178;3,3,0.2175,2,42
ood_compose_regime-00485	7	2	2	21,63,194,207,117,93,104,147,199,193,141,27,124,151,130,74,5,42,194,176,19,38,196,91,106,69,113,13,137,161,64,196,203,45,51,87	4,3,0.7925,0,38;2,4,0.4805,0,37;2,5,0.1375,0,132;1,5,0.7435,0,127;7,0,0.3405,0,235;3,0,0.3575,0,51
ood_compose_regime-00486	2	2	2	131,18,89,123,69,41,177,25,141,21,174,147,178,99,212,87,45,209,207,138,74,4,68,35,151,107,189,53,201,112,14,192,201,93,60,117	3,4,0.4545,0,214;0,1,0.3615,0,225;4,2,0.9795,0,141;1,5,0.2175,0,221;2,1,0.1185,0,105;2,1,0.5555,0,113
ood_compose_regime-00487	5	2	1	213,185,99,136,214,83,125,79,45,89,201,117,16,185,180,34,161,9,11,69,28,60,93,170,21,67,55,110,150,173,114,147,43,211,135,141	8,1,0.0725,0,202;3,0,0.7905,0,56;6,2,0.6905,0,216;6,1,0.3565,0,159;2,4,0.4425,0,249;4,5,0.0675,0,129
ood_compose_regime-00488	9	2	0	206,184,141,117,61,106,197,200,97,11,3,209,149,210,133,55,41,32,82,65,147,128,35,171,93,112,139,45,91,187,157,76,69,16,21,186	2,1,0.0005,0,29;7,1,0.3485,0,105;6,3,0.2365,0,166;3,0,0.7095,0,136;0,0,0.0515,0,207;7,3,0.6445,0,233
ood_compose_regime-00489	5	2	2	159,100,138,48,207,36,117,199,93,17,22,179,129,147,210,10,116,151,69,168,27,109,43,76,86,90,159,3,54,213,131,177,60,66,156,141	2,0,0.2975,1,18;2,2,0.6855,3,93;5,2,0.5645,0,99;3,4,0.4995,0,208;3,3,0.8805,0,231;8,1,0.5825,0,199
ood_compose_regime-00490	9	2	0	120,147,88,154,212,164,192,174,138,105,45,175,107,51,67,163,149,141,20,59,69,124,114,93,166,135,36,13,181,21,76,187,8,27,84,40	7,3,0.9975,0,115;2,2,0.0045,0,19;2,1,0.7395,0,84;3,2,0.1715,0,158;8,1,0.5765,3,125;3,5,0.5445,0,137
ood_compose_regime-00491	5	2	2	160,151,93,191,156,76,147,187,91,21,62,152,211,139,86,141,194,70,124,16,102,67,162,11,134,202,45,188,5,35,54,108,114,29,117,42	4,1,0.0495,0,13;4,1,0.5145,0,77;5,4,0.6365,1,105;3,4,0.6365,0,247;5,2,0.4585,0,22;3,4,0.7855,0,1
ood_compose_regime-00492	2	2	0	92,207,21,147,56,69,40,12,93,117,39,172,84,65,77,19,149,170,206,48,176,124,114,100,63,28,138,5,163,130,141,155,111,186,164,178	4,2,0.7525,0,58;3,5,0.1885,3,66;7,5,0.3735,0,15;4,2,0.8345,0,160;3,5,0.4095,0,105;3,0,0.4445,0,192
ood_compose_regime-00493	2	2	0	55,161,45,172,214,28,169,20,123,67,115,8,135,202,193,21,44,93,162,149,60,186,73,34,71,100,90,109,82,201,143,197,138,147,117,11	7,1,0.8695,0,147;3,0,0.9195,0,251;6,2,0.7985,2,163;0,0,0.4905,0,78;3,3,0.6075,0,248;2,5,0.5825,2,224
ood_compose_regime-00494	10	2	1	45,69,120,20,155,183,113,62,185,214,5,77,140,10,188,154,42,21,39,96,134,107,182,128,141,85,29,162,104,156,90,150,147,177,68,52	4,0,0.9515,0,228;4,5,0.5955,0,36;3,4,0.9285,0,75;4,3,0.4575,3,236;7,1,0.3955,3,148;7,4,0.8935,0,14
ood_compose_regime-00495	5	2	0	26,130,55,116,79,201,89,213,194,47,17,117,41,71,125,65,111,199,82,184,213,147,140,62,180,181,3,191,193,144,149,11,21,39,100,95	2,1,0.2855,0,19;1,5,0.3925,2,242;6,4,0.3865,2,224;6,0,0.3525,2,31;3,5,0.9445,0,239;4,0,0.9995,3,193
ood_compose_regime-00496	5	2	0	175,55,15,131,141,38,149,66,86,28,22,95,202,190,162,178,184,8,197,209,59,20,115,108,167,138,203,89,125,117,81,103,44,69,45,147	7,5,0.8705,1,143;3,4,0.8435,0,76;6,1,0.4245,0,238;8,4,0.2465,2,153;6,2,0.6155,0,160;4,1,0.5735,0,133
ood_compose_regime-00497	5	2	2	44,156,63,51,178,176,129,93,141,192,17,69,188,12,147,105,131,117,152,85,199,38,215,89,45,110,116,21,139,31,153,9,65,151,76,163	8,2,0.2155,0,245;6,4,0.8595,0,186;2,5,0.2875,0,71;3,3,0.3085,0,182;8,4,0.8495,0,70;8,1,0.7085,0,145
ood_compose_regime-00498	5	2	1	60,69,117,1,147,100,88,115,18,38,179,183,150,45,172,28,167,133,185,214,67,44,200,83,12,21,136,93,185,106,143,167,179,55,124,73	0,2,0.5915,0,223;3,4,0.9485,0,150;6,2,0.6935,0,170;0,1,0.0785,0,1;3,0,0.7505,0,236;3,3,0.1195,2,68
ood_compose_regime-00499	5	2	0	159,135,16,114,140,39,82,211,141,208,180,170,1,58,129,33,43,173,13,73,149,197,21,51,46,91,66,195,117,93,147,111,100,187,69,161	0,3,0.1205,0,141;8,5,0.7005,1,187;2,0,0.4885,0,12;0,0,0.6905,0,182;3,5,0.5305,0,113;8,5,0.8955,0,94
ood_compose_regime-00500	1	2	1	213,141,26,41,69,117,147,212,73,68,34,159,198,188,161,139,92,23,51,4,153,150,184,82,16,99,107,93,130,124,116,63,199,46,192,13	3,3,0.0165,2,143;1,0,0.2515,1,0;2,5,0.8145,0,147;0,0,0.8685,0,176;2,1,0.9725,0,229;3,0,0.7605,0,10
ood_compose_regime-00501	5	2	1	79,165,45,196,173,21,107,55,207,66,103,83,12,178,117,126,19,135,191,209,154,40,164,139,150,28,88,69,39,4,62,93,141,112,147,181	3,2,0.6635,0,71;3,5,0.1915,0,50;6,4,0.4345,0,19;6,1,0.1455,0,126;6,1,0.1975,0,43;5,5,0.7765,0,163
ood_compose_regime-00502	2	2	2	43,60,51,91,12,66,181,183,21,45,182,151,84,34,120,81,69,93,26,19,147,141,124,101,115,193,202,139,155,211,209,3,153,134,108,199	2,2,0.7235,0,8;1,0,0.7695,0,61;2,2,0.4005,0,192;8,2,0.7785,0,124;4,2,0.7785,3,155;3,4,0.6185,0,165
ood_compose_regime-00503	5	2	2	170,132,198,28,73,64,147,151,116,164,93,182,164,208,63,45,157,181,121,138,109,88,100,14,37,24,141,40,86,206,209,69,19,51,117,9	8,4,0.6155,3,152;3,3,0.1435,0,90;2,5,0.0685,0,141;0,4,0.1155,0,68;3,3,0.9035,0,42;0,2,0.4045,0,103
ood_compose_regime-00504	5	2	2	85,161,6,141,129,174,44,112,62,151,132,170,52,93,138,14,77,213,213,88,193,158,197,33,147,68,21,117,69,189,182,19,34,108,48,103	5,4,0.6265,0,203;8,0,0.8625,3,232;3,4,0.8065,0,186;4,3,0.1235,0,196;6,2,0.0675,0,210;8,2,0.4745,0,93
ood_compose_regime-00505	5	2	2	117,151,16,186,204,142,162,21,27,155,69,134,164,4,100,15,147,115,64,92,177,36,80,161,42,197,45,62,52,96,179,167,137,87,111,128	3,5,0.1295,0,170;2,2,0.5775,0,2;3,4,0.1035,0,67;7,5,0.9895,3,149;3,5,0.7865,0,246;7,4,0.2325,1,36
ood_compose_regime-00506	2	2	2	113,188,214,85,45,111,28,187,161,136,42,192,134,157,147,3,151,188,100,118,56,88,69,11,141,59,36,203,66,124,161,168,93,21,77,16	2,1,0.1415,0,36;3,2,0.4145,0,195;7,1,0.4565,0,255;4,3,0.1535,0,17;3,5,0.2955,1,219;3,4,0.0195,0,145
ood_compose_regime-00507	5	2	2	159,11,117,109,151,173,36,165,136,157,143,3,147,69,87,41,92,67,128,113,202,176,45,21,197,103,93,31,76,51,18,189,130,59,167,193	2,1,0.5045,0,151;6,2,0.2605,0,60;2,1,0.7595,0,225;3,5,0.9475,0,89;6,3,0.2595,0,57;7,0,0.1655,2,130
ood_compose_regime-00508	5	2	2	26,136,116,4,205,66,151,58,143,15,185,39,209,106,45,76,84,130,147,18,124,163,178,164,209,94,156,202,52,117,69,21,213,100,43,88	3,5,0.4645,0,68;1,5,0.7575,0,81;3,0,0.5435,0,123;3,2,0.1405,1,241;3,0,0.9565,0,243;3,0,0.1885,2,142
ood_compose_regime-00509	5	2	2	45,52,133,6,82,89,202,62,180,96,168,138,21,69,164,164,181,18,15,25,141,124,42,190,177,120,68,212,151,181,111,76,99,115,147,35	5,5,0.5495,0,249;0,1,0.5695,0,20;3,4,0.9275,0,131;3,0,0.3225,3,57;2,5,0.6825,3,77;3,3,0.4385,0,203
ood_compose_regime-00510	5	2	2	4,58,165,177,96,182,52,208,176,186,87,18,141,21,113,197,39,151,209,14,117,44,65,88,76,155,147,28,208,108,135,136,124,48,69,100	3,4,0.5985,0,156;3,5,0.9245,3,5;3,0,0.3105,0,245;3,5,0.0935,3,110;3,2,0.2535,0,97;3,5,0.0325,0,114
ood_compose_regime-00511	7	2	1	174,50,102,175,17,69,171,21,61,189,198,48,141,78,185,163,67,116,13,175,89,117,35,86,135,110,147,93,210,43,137,26,122,150,4,157	3,3,0.3775,0,200;1,1,0.7745,3,208;1,3,0.6765,0,123;5,4,0.2975,0,193;5,4,0.8015,0,44;1,5,0.2065,0,50
ood_compose_regime-00512	9	2	1	208,66,140,28,150,11,17,93,45,78,86,198,117,107,206,89,215,42,183,104,21,34,113,56,177,135,59,194,168,69,8,147,128,156,141,163	7,1,0.2185,0,44;3,0,0.5475,0,208;7,1,0.4915,0,170;5,4,0.2905,0,170;7,1,0.3995,0,130;7,5,0.9815,0,181
ood_compose_regime-00513	1	2	1	150,63,164,3,86,38,208,147,135,114,15,40,140,93,22,69,45,124,51,108,161,117,76,189,99,154,33,199,203,213,67,172,90,19,143,178	2,5,0.6825,1,23;8,4,0.0315,0,147;2,5,0.7915,0,89;3,4,0.5665,0,50;2,2,0.4465,0,67;3,5,0.9015,2,158
ood_compose_regime-00514	5	2	1	93,64,117,15,147,31,130,3,155,16,141,184,137,156,45,34,43,161,76,111,178,123,184,116,165,155,21,150,92,100,165,59,179,69,57,82	2,5,0.1525,0,53;6,0,0.7725,0,178;8,1,0.1785,0,63;3,0,0.9015,0,107;3,5,0.8595,0,205;2,0,0.2715,0,125
ood_compose_regime-00515	5	2	0	4,69,112,62,43,147,120,133,172,57,45,174,84,174,103,141,79,17,177,28,136,93,66,149,127,22,208,187,107,39,180,92,189,200,12,176	3,2,0.2685,1,1;3,5,0.6745,0,174;8,4,0.4225,0,5;6,2,0.9775,0,193;6,1,0.0855,3,117;6,3,0.0735,0,185
ood_compose_regime-00516	5	2	0	69,171,27,202,21,45,209,164,184,130,155,159,117,60,17,149,103,113,11,166,124,93,140,76,147,87,92,66,109,1,35,187,44,141,52,212	0,1,0.2935,0,46;2,1,0.8255,0,208;3,2,0.4265,0,84;3,5,0.8545,0,35;6,3,0.3605,0,60;3,0,0.9285,0,146
ood_compose_regime-00517	5	2	1	11,88,141,188,150,189,20,100,83,117,153,157,180,65,111,207,35,33,23,5,60,194,93,132,45,196,69,208,125,136,52,147,168,77,115,40	4,1,0.9835,2,34;8,1,0.1195,0,113;3,2,0.2015,0,149;4,1,0.1645,0,107;3,5,0.6975,0,44;4,2,0.1175,0,153
ood_compose_regime-00518	2	2	0	67,171,45,193,11,195,29,183,21,210,52,137,147,183,168,69,112,144,206,9,88,75,36,159,18,110,63,95,120,42,125,188,131,149,103,86	8,1,0.5135,0,124;4,2,0.4155,0,64;3,5,0.6075,0,85;2,4,0.0225,2,20;6,4,0.0055,3,103;4,1,0.2375,3,177
ood_compose_regime-00519	8	2	0	174,157,87,139,147,192,174,102,60,111,28,114,201,42,75,6,14,36,149,93,141,117,181,161,45,71,20,161,196,54,134,154,21,88,68,124	5,4,0.9355,0,251;3,2,0.5705,0,255;5,2,0.8955,2,8;2,5,0.0775,0,28;5,5,0.5025,0,37;3,4,0.6515,0,198
ood_compose_regime-00520	5	2	0	202,202,147,40,84,45,111,88,4,117,38,128,69,100,156,176,33,63,183,134,68,166,191,93,112,143,149,15,136,197,177,73,21,162,57,20	3,5,0.9285,0,217;8,4,0.0685,0,247;8,5,0.8215,0,38;0,2,0.1715,0,227;3,5,0.0505,0,188;7,4,0.1095,2,39
ood_compose_regime-00521	9	2	0	104,28,196,188,69,191,191,19,114,214,120,174,92,80,136,162,160,165,45,93,42,56,21,130,147,8,59,14,87,123,34,149,66,178,111,141	7,4,0.6605,0,240;3,0,0.4395,0,252;7,1,0.5595,0,231;7,5,0.8635,0,133;7,5,0.4335,3,99;2,0,0.1405,0,61
ood_compose_regime-00522	5	2	2	112,44,104,33,131,19,62,93,169,136,152,147,21,166,91,76,86,207,47,106,70,190,7,127,141,197,198,117,151,194,52,201,11,174,39,68	6,1,0.7415,0,192;8,5,0.8755,2,95;3,4,0.8055,1,212;3,4,0.6965,0,221;7,0,0.0585,0,239;6,1,0.0605,0,103
ood_compose_regime-00523	2	2	2	64,12,124,36,202,151,187,114,136,132,93,141,101,20,45,160,172,179,182,28,119,147,108,69,173,44,90,76,3,82,21,51,158,181,183,58	2,2,0.8475,0,178;3,2,0.9405,0,81;2,0,0.0135,0,45;3,0,0.4485,0,172;4,2,0.5145,2,204;3,2,0.0285,0,83
ood_compose_regime-00524	6	2	2	107,167,133,141,210,72,17,67,172,84,1,176,174,35,13,147,50,206,182,76,119,41,101,92,121,112,151,194,93,45,33,139,21,203,154,61	0,3,0.3985,0,191;8,1,0.3415,0,179;1,3,0.6315,3,195;3,2,0.9645,0,181;4,1,0.1495,2,200;0,3,0.7345,0,42
ood_compose_regime-00525	5	2	0	89,197,200,18,57,124,109,63,117,27,147,87,69,42,93,195,149,213,98,162,202,21,155,135,66,158,187,75,138,10,141,115,8,190,35,45	7,0,0.4025,0,113;2,1,0.4015,0,58;8,5,0.5545,0,96;2,5,0.2425,0,52;1,3,0.6495,0,92;3,5,0.5555,0,24
ood_compose_regime-00526	7	2	0	89,69,21,51,133,86,158,4,175,93,172,28,45,117,141,149,109,13,182,205,39,62,203,157,40,74,186,19,171,140,147,167,122,98,67,115	3,3,0.6805,0,35;3,5,0.0445,0,249;2,4,0.6465,0,21;1,4,0.2555,0,180;1,3,0.6995,0,109;1,3,0.8175,0,140
ood_compose_regime-00527	9	2	0	115,138,4,42,98,207,12,170,147,38,59,166,82,66,134,161,48,69,109,25,167,176,213,154,92,168,20,95,122,21,152,117,149,80,141,56	3,2,0.9555,0,155;0,4,0.5995,3,188;7,1,0.5505,0,21;7,0,0.8565,2,154;1,3,0.6875,0,16;1,4,0.5815,0,21
ood_compose_regime-00528	5	2	2	131,126,207,141,203,21,93,112,17,61,117,82,152,214,180,36,28,4,42,151,90,194,152,13,105,193,69,56,45,66,136,147,207,205,108,75	3,3,0.2245,0,155;3,2,0.4065,0,114;7,3,0.5255,0,207;2,0,0.5405,0,134;8,2,0.1835,0,91;5,1,0.0455,0,162
ood_compose_regime-00529	8	2	2	78,102,210,204,41,13,45,186,71,177,36,141,209,122,57,33,114,131,107,194,66,151,90,4,21,18,196,138,188,147,204,118,184,93,60,87	3,3,0.4435,0,8;8,2,0.3235,0,161;8,2,0.5995,2,214;5,5,0.4655,0,217;5,1,0.5195,1,127;1,1,0.5425,0,36
ood_compose_regime-00530	8	2	2	91,176,19,58,208,134,116,15,138,142,189,175,94,110,21,52,120,36,151,176,147,67,78,85,193,45,69,124,163,102,191,197,6,42,178,28	5,5,0.6585,0,120;3,2,0.4205,0,213;3,0,0.6815,0,80;5,3,0.6295,1,252;5,4,0.9885,3,50;3,4,0.5495,1,216
ood_compose_regime-00531	2	2	2	147,45,13,111,114,151,58,214,176,102,4,43,132,165,93,19,50,82,21,119,125,176,35,69,207,26,92,182,76,140,205,191,64,157,184,141	3,3,0.6955,0,41;1,1,0.7365,0,175;1,0,0.1495,0,127;3,0,0.9235,0,76;5,5,0.4415,2,73;4,2,0.9485,0,102
ood_compose_regime-00532	1	2	0	40,70,68,92,167,99,27,18,197,194,35,114,124,142,108,135,75,21,149,207,45,139,15,93,196,204,205,201,182,60,57,4,117,192,147,87	3,5,0.4915,0,254;2,1,0.0675,0,131;8,2,0.9765,1,0;2,5,0.9435,0,159;2,2,0.4385,0,175;3,5,0.6985,1,19
ood_compose_regime-00533	6	2	1	158,93,136,36,168,88,82,179,14,33,49,97,67,21,114,74,186,69,210,141,4,18,147,214,61,176,120,177,160,178,126,150,46,43,108,133	3,4,0.5695,0,152;8,2,0.7775,1,126;0,3,0.7145,0,182;1,0,0.1385,0,148;0,2,0.4605,3,202;5,3,0.1955,0,154
ood_compose_regime-00534	5	2	0	56,31,58,194,3,194,129,44,132,11,91,16,171,47,179,149,100,174,117,184,138,94,37,141,167,86,195,147,68,73,161,116,70,110,21,199	2,1,0.0855,0,132;6,3,0.8705,2,173;7,0,0.9245,1,190;0,4,0.6515,1,44;3,4,0.8495,0,62;8,2,0.5495,0,49
ood_compose_regime-00535	10	2	0	107,93,158,66,157,101,125,77,141,5,147,161,185,203,87,61,132,89,149,54,136,113,186,19,38,205,205,11,209,28,117,21,41,187,45,71	4,1,0.7885,0,21;3,4,0.2885,0,172;5,3,0.5155,2,32;4,5,0.3325,0,89;4,1,0.3455,0,38;4,2,0.0405,0,4
ood_compose_regime-00536	5	2	2	69,21,160,103,213,110,191,154,147,112,84,31,37,4,68,12,135,20,124,40,140,163,210,92,199,55,59,211,168,47,151,141,93,76,117,188	3,2,0.9775,0,197;6,3,0.0345,2,161;6,1,0.9795,0,216;3,2,0.8705,0,138;6,4,0.1715,0,236;3,5,0.9595,0,194
ood_compose_regime-00537	5	2	0	52,89,159,153,19,82,171,204,139,66,21,93,76,32,44,173,202,178,100,63,108,7,69,179,45,141,147,163,122,117,35,114,149,207,14,130	6,4,0.6945,0,165;7,1,0.8445,0,11;3,5,0.5175,0,153;3,0,0.3425,0,185;3,2,0.4645,0,209;1,0,0.7205,0,189
ood_compose_regime-00538	7	2	2	176,179,141,156,45,93,15,91,26,104,68,147,189,131,117,21,42,69,157,76,139,114,34,182,179,84,20,49,151,107,200,189,2,61,162,129	1,5,0.8515,0,215;1,0,0.4565,0,23;0,3,0.8985,0,158;3,2,0.6425,0,162;7,1,0.4695,0,68;8,1,0.7735,0,143
ood_compose_regime-00539	10	2	2	90,125,37,192,69,210,58,55,151,156,136,110,117,93,142,105,21,185,66,169,18,29,147,15,152,183,205,135,211,114,42,84,5,48,212,76	4,5,0.4425,0,70;4,3,0.5895,3,219;6,0,0.5015,0,203;3,2,0.4265,0,47;8,4,0.4195,0,112;4,5,0.1255,1,168
ood_compose_regime-00540	6	2	1	117,188,39,28,116,150,213,14,141,56,121,73,147,89,100,21,195,69,181,61,163,45,110,1,20,213,67,134,208,140,193,208,84,42,93,176	0,4,0.9145,0,244;3,5,0.5575,0,32;7,3,0.7175,0,64;0,2,0.2375,0,27;3,4,0.8175,0,6;0,4,0.9905,0,166
ood_compose_regime-00541	5	2	1	198,117,41,60,20,36,113,172,155,82,123,110,75,45,141,51,93,88,69,185,197,147,30,210,13,4,178,197,183,21,137,68,100,150,131,163	3,3,0.8325,0,96;5,2,0.3075,0,131;2,2,0.9935,0,78;2,0,0.1595,0,62;3,4,0.2415,0,96;2,1,0.3075,0,31
ood_compose_regime-00542	9	2	2	89,4,190,76,63,128,104,84,65,19,141,28,165,10,133,21,157,154,176,151,93,111,116,137,147,45,50,187,155,38,42,206,191,117,157,69	3,0,0.6415,0,166;3,4,0.5035,0,76;1,5,0.2625,0,28;3,2,0.3395,0,94;7,5,0.8015,0,131;7,3,0.3995,0,37
ood_compose_regime-00543	5	2	2	96,14,17,45,199,162,128,211,214,214,8,114,151,140,147,79,175,59,167,100,130,141,36,117,171,50,198,71,90,21,27,86,64,42,189,110	7,4,0.3485,0,155;2,2,0.5835,0,130;1,1,0.1635,2,220;6,4,0.4445,3,206;3,4,0.4215,0,199;7,0,0.9075,0,230
ood_compose_regime-00544	5	2	0	13,126,86,147,100,141,45,42,90,208,21,111,37,116,133,117,180,16,93,191,162,137,7,176,198,149,56,159,170,170,26,69,185,58,78,67	6,3,0.1215,0,59;1,3,0.4035,0,13;7,0,0.6615,0,152;5,4,0.5195,0,81;3,5,0.8625,0,89;5,3,0.2635,0,245
ood_compose_regime-00545	5	2	2	163,115,151,211,117,13,180,206,36,68,41,158,86,96,18,22,74,52,2,213,122,63,27,182,105,139,197,45,147,92,141,180,69,201,107,135	1,3,0.5355,1,229;2,2,0.3705,0,88;3,5,0.9055,0,132;1,4,0.9875,3,101;8,1,0.7405,0,64;1,5,0.7175,0,76
ood_compose_regime-00546	5	2	0	63,76,16,147,45,106,190,93,138,181,141,152,52,21,69,68,104,172,114,36,195,182,170,167,214,40,11,82,27,127,193,149,134,118,6,91	5,1,0.0915,0,29;2,2,0.1255,0,204;3,5,0.9215,0,163;3,0,0.6385,0,184;7,0,0.4345,1,17;6,4,0.5415,0,249
ood_compose_regime-00547	5	2	2	178,152,87,191,69,100,21,88,151,38,183,147,25,167,45,124,3,114,65,63,165,154,93,14,117,137,52,133,178,41,193,17,205,141,108,76	2,4,0.2245,0,174;0,4,0.2605,0,15;3,5,0.3805,0,195;3,5,0.0365,0,152;3,2,0.5465,0,181;3,3,0.2485,0,113
ood_compose_regime-00548	5	2	1	144,10,117,35,53,197,87,207,125,195,182,5,150,210,69,92,132,41,114,212,45,64,60,93,147,176,21,137,101,204,16,76,29,183,194,106	4,0,0.1055,0,79;4,1,0.3535,0,244;4,2,0.0695,0,59;3,5,0.8125,0,177;4,0,0.5765,0,158;4,2,0.2335,3,6
ood_compose_regime-00549	5	2	2	170,45,23,87,151,27,126,20,93,142,3,36,180,112,110,178,119,71,138,76,66,164,12,168,147,102,132,201,91,194,63,203,42,54,205,169	2,2,0.9365,2,117;2,2,0.4535,0,178;5,5,0.4215,2,63;3,5,0.6965,0,229;5,4,0.0835,2,186;5,2,0.4705,1,194
ood_compose_regime-00550	2	2	2	35,193,147,161,91,208,1,135,93,21,117,138,116,14,152,151,79,125,143,201,55,156,82,212,16,163,44,163,100,45,194,29,64,62,108,71	0,4,0.0425,0,239;4,1,0.8275,0,20;6,4,0.1575,2,126;6,0,0.6205,0,140;3,2,0.8675,0,191;4,5,0.4025,2,148
ood_compose_regime-00551	5	2	0	85,141,69,29,120,52,209,93,15,139,173,125,98,34,4,47,149,196,40,58,111,177,191,112,147,64,159,90,76,19,172,135,177,21,205,181	3,5,0.6795,0,71;4,0,0.0535,2,30;3,0,0.1905,0,238;3,3,0.4435,0,115;1,5,0.0105,3,68;4,5,0.7515,0,86
ood_compose_regime-00552	5	2	0	141,180,127,192,209,208,76,189,88,29,47,161,18,52,4,139,69,131,113,21,203,108,117,39,160,147,67,181,12,87,149,42,100,93,174,58	3,2,0.4305,0,118;4,5,0.4155,2,34;3,0,0.6435,0,84;3,5,0.0935,0,129;3,2,0.3695,0,75;6,1,0.6535,0,116
ood_compose_regime-00553	5	2	0	46,32,93,51,201,21,194,117,63,80,147,166,110,85,201,65,124,69,12,141,100,192,42,182,34,133,4,149,155,112,154,89,19,157,171,138	3,2,0.6895,0,184;7,0,0.5935,1,134;2,5,0.2095,0,198;7,3,0.2485,0,250;3,4,0.1935,0,92;3,3,0.5295,0,58
ood_compose_regime-00554	6	2	1	24,115,3,118,76,139,49,153,41,133,150,38,69,147,169,190,192,11,89,82,68,180,20,121,106,156,45,93,25,163,191,188,144,100,60,200	2,1,0.8995,3,41;0,4,0.3785,0,121;0,2,0.9805,0,217;3,0,0.2795,0,120;3,0,0.6775,1,185;0,3,0.7535,3,66
ood_compose_regime-00555	6	2	1	73,18,49,212,163,150,64,93,110,174,167,12,121,69,25,171,115,21,159,45,196,61,103,42,147,210,92,35,141,138,189,4,118,132,210,83	3,2,0.5575,0,81;0,1,0.4295,0,118;0,3,0.1585,0,221;0,1,0.9925,0,239;6,4,0.7975,1,6;0,2,0.5925,0,242
ood_compose_regime-00556	9	2	1	181,140,167,189,141,69,74,56,150,45,173,63,117,197,198,165,88,28,209,134,38,21,8,67,158,173,85,121,113,15,18,41,147,93,107,97	7,5,0.5755,0,129;3,4,0.2625,0,161;7,5,0.7855,0,234;1,3,0.1775,0,46;0,1,0.2245,0,22;0,4,0.8755,0,119
ood_compose_regime-00557	2	2	1	141,21,124,5,107,33,150,173,104,134,69,87,156,93,59,50,67,20,201,44,166,115,163,11,208,119,195,89,152,137,45,206,181,76,36,147	4,1,0.8495,0,23;8,2,0.8335,0,14;1,1,0.6095,0,49;3,5,0.2125,0,246;7,1,0.7735,2,196;3,4,0.3025,0,255
ood_compose_regime-00558	5	2	0	75,41,118,45,10,147,106,139,163,130,201,123,181,82,64,141,172,162,88,56,171,28,158,38,99,72,96,192,214,212,17,8,21,149,58,116	7,0,0.2495,0,129;3,4,0.2115,0,69;7,0,0.0095,3,96;2,0,0.0455,3,253;2,0,0.8725,1,146;2,0,0.7195,0,164
ood_compose_regime-00559	10	2	2	99,85,3,200,204,141,165,151,93,200,202,186,29,125,69,163,67,52,132,92,15,40,115,77,170,48,107,117,181,208,140,37,19,63,147,21	2,5,0.7905,0,125;4,3,0.0395,3,36;3,5,0.7215,0,101;4,3,0.8805,0,132;2,1,0.7625,0,220;4,2,0.8635,0,179
ood_compose_regime-00560	6	2	2	117,16,164,113,152,70,5,40,202,100,73,197,154,180,11,65,182,181,91,109,63,35,160,86,45,147,21,129,137,57,160,93,25,151,141,131	4,1,0.0325,0,188;0,1,0.0515,0,167;8,5,0.3905,1,31;0,4,0.6725,0,255;3,3,0.3915,0,164;8,1,0.2955,0,197
ood_compose_regime-00561	2	2	0	112,117,185,185,26,74,13,52,69,139,185,93,67,147,172,132,149,45,83,124,141,58,16,92,158,105,197,21,2,43,158,201,157,35,160,111	1,3,0.0735,0,4;1,1,0.6855,0,211;3,0,0.7145,0,18;1,1,0.8375,0,1;8,5,0.0325,0,31;3,2,0.7185,0,73
ood_compose_regime-00562	1	2	1	93,68,2,191,117,69,124,48,210,140,175,153,40,25,112,168,38,58,97,191,21,165,87,11,50,75,141,130,106,92,165,150,20,147,214,215	1,1,0.8975,0,241;0,4,0.0395,3,94;1,0,0.8855,0,156;2,5,0.9995,0,189;0,0,0.1445,0,211;3,0,0.9995,0,255
ood_compose_regime-00563	9	2	0	111,147,121,69,211,42,175,45,84,11,140,117,177,1,68,141,76,19,32,39,21,49,174,58,149,212,104,186,93,168,131,89,114,179,158,181	0,1,0.7395,0,127;7,5,0.5215,0,72;0,0,0.8525,0,83;3,2,0.2875,0,21;7,5,0.5315,0,177;0,1,0.8595,0,213
ood_compose_regime-00564	1	2	2	147,82,136,194,185,35,11,108,214,158,21,113,69,64,152,103,93,195,62,27,132,19,76,3,141,200,120,198,184,42,45,173,151,91,124,52	2,1,0.7055,0,159;2,1,0.5235,0,112;3,4,0.0705,0,217;3,0,0.6615,0,53;6,2,0.2545,3,204;3,2,0.0905,0,194
ood_compose_regime-00565	5	2	1	150,200,21,141,38,104,112,147,207,127,16,117,91,161,206,83,176,51,93,215,28,78,4,68,136,58,43,169,15,70,45,192,131,111,168,188	3,5,0.1725,0,120;3,4,0.7715,0,118;2,0,0.8495,1,129;5,1,0.7145,0,186;7,5,0.0975,0,21;6,1,0.0305,0,24
ood_compose_regime-00566	5	2	0	141,100,147,159,156,90,194,214,21,170,63,1,192,11,124,114,52,17,138,204,93,175,133,77,108,66,207,71,149,87,117,45,200,42,38,25	0,1,0.2695,0,196;0,4,0.5025,0,249;3,5,0.4415,2,189;4,5,0.5895,0,195;3,2,0.5175,0,208;3,3,0.4705,0,179
ood_compose_regime-00567	9	2	2	84,192,23,39,140,198,215,93,133,147,151,108,158,117,161,186,19,49,112,173,122,141,166,32,15,176,68,76,92,105,61,3,190,45,44,69	2,5,0.6285,2,107;7,5,0.8795,0,96;0,3,0.8735,0,231;3,2,0.8565,0,24;8,2,0.1515,0,116;1,3,0.8505,0,95
ood_compose_regime-00568	5	2	0	200,134,176,65,45,83,115,58,182,35,153,93,204,4,27,91,40,111,75,188,141,204,69,100,51,168,21,10,202,140,16,147,149,117,126,203	3,0,0.0425,0,126;2,1,0.0565,0,166;2,0,0.2795,0,36;2,1,0.6315,0,253;3,5,0.7055,0,88;5,4,0.9135,0,20
ood_compose_regime-00569	1	2	0	114,93,147,66,69,183,124,141,99,21,91,42,184,15,3,108,152,75,51,149,17,168,45,35,130,190,194,210,87,207,154,62,29,173,138,117	2,5,0.3965,0,241;4,1,0.4015,0,154;2,4,0.5925,0,183;2,5,0.6645,0,153;2,2,0.4305,0,40;3,0,0.5535,0,135
ood_compose_regime-00570	1	2	2	60,135,93,114,179,175,151,186,199,51,18,117,185,32,189,69,141,90,10,156,4,67,44,126,87,75,21,104,136,147,48,109,35,157,212,205	3,0,0.4955,0,93;7,1,0.8375,3,174;2,2,0.7895,0,22;2,5,0.5015,0,241;7,3,0.5245,0,82;5,5,0.1145,0,231
ood_compose_regime-00571	5	2	2	147,60,110,197,13,17,132,127,176,84,156,51,45,141,67,69,155,76,151,158,117,95,100,175,113,23,28,34,156,44,139,1,159,89,154,191	0,3,0.2885,2,156;3,0,0.9235,0,93;2,2,0.7235,0,231;3,2,0.3585,2,10;3,4,0.3175,0,149;6,2,0.6295,0,225
ood_compose_regime-00572	10	2	2	187,115,82,22,68,212,28,96,130,3,199,117,53,14,138,69,45,205,175,161,157,151,59,215,124,75,34,170,147,141,42,108,105,20,188,88	2,4,0.9225,1,22;3,0,0.5045,0,251;4,1,0.9825,0,13;2,0,0.1325,3,80;8,2,0.6445,0,2;3,0,0.5225,0,91
ood_compose_regime-00573	10	2	2	124,117,115,87,20,105,196,199,140,33,182,93,190,151,130,184,39,214,52,43,179,13,4,69,68,92,111,45,173,147,201,21,142,60,193,81	3,3,0.9865,0,221;8,5,0.7015,0,126;3,2,0.8735,0,126;8,5,0.9975,0,209;8,5,0.7805,0,151;3,0,0.9715,1,10
ood_compose_regime-00574	5	2	0	170,21,28,141,76,61,101,8,181,93,149,39,11,182,114,175,118,180,44,18,140,66,53,107,161,86,169,130,127,69,45,91,196,211,147,180	7,1,0.5725,0,142;3,5,0.8015,0,131;4,3,0.4595,0,220;3,4,0.7125,0,169;4,1,0.5755,1,117;6,0,0.8455,0,123
ood_compose_regime-00575	5	2	1	93,21,201,87,97,138,176,18,15,66,187,45,91,61,131,106,114,157,34,142,117,29,147,123,192,150,56,164,41,158,207,208,78,71,4,184	3,5,0.5435,0,234;4,0,0.2325,0,22;7,3,0.5985,2,199;5,5,0.7695,0,7;0,0,0.5385,0,132;2,1,0.4465,1,125
ood_compose_regime-00576	5	2	0	155,20,106,45,149,163,199,194,147,100,124,167,69,141,93,211,117,21,191,5,175,91,41,133,184,82,115,58,139,66,52,188,15,37,25,76	4,5,0.8605,0,177;0,3,0.2355,0,249;3,0,0.5965,0,57;3,0,0.7505,0,123;3,0,0.7655,0,133;3,3,0.6555,0,228
ood_compose_regime-00577	10	2	0	107,156,174,126,131,84,155,113,46,198,51,117,67,141,9,149,156,69,20,62,44,91,147,193,21,28,176,39,186,15,93,203,105,193,137,76	8,5,0.9445,0,14;3,5,0.8775,1,229;2,4,0.6305,0,4;3,2,0.6765,0,18;8,1,0.3955,0,25;5,1,0.3345,0,195
ood_compose_regime-00578	5	2	0	117,193,13,106,67,69,20,176,43,45,155,90,205,52,161,138,121,149,27,83,63,144,73,182,185,131,96,210,182,174,21,35,97,115,147,6	5,3,0.8475,0,176;2,1,0.7685,0,20;3,5,0.6695,0,214;0,1,0.5255,3,21;0,0,0.6835,0,234;0,1,0.4635,3,173
ood_compose_regime-00579	5	2	1	3,65,183,172,61,150,44,156,174,69,181,114,125,19,38,141,93,158,107,28,147,153,99,45,91,52,170,11,135,86,21,78,136,157,197,117	2,1,0.7555,0,231;3,4,0.8075,0,230;3,3,0.2615,0,86;5,4,0.6885,0,81;2,1,0.4345,0,228;4,5,0.1395,0,221
ood_compose_regime-00580	5	2	2	147,28,101,78,69,108,16,182,45,58,134,154,207,93,53,155,166,141,123,211,13,21,5,42,214,151,85,168,196,91,65,136,37,120,190,112	4,3,0.0515,0,204;3,3,0.5675,0,228;4,0,0.2045,0,113;5,3,0.7505,0,165;4,2,0.0495,3,23;2,4,0.1915,0,28
ood_compose_regime-00581	5	2	1	118,150,21,16,45,130,177,169,69,201,170,179,68,52,178,137,74,38,211,101,93,28,213,12,141,147,82,4,210,107,90,124,63,173,116,44	3,2,0.1955,0,161;3,4,0.8045,0,21;3,5,0.9065,0,166;1,0,0.5595,0,105;4,1,0.9715,1,165;3,0,0.3645,0,98
ood_compose_regime-00582	9	2	1	40,160,178,58,131,183,127,117,80,202,45,212,197,11,108,91,67,18,141,86,188,159,150,147,21,100,6,175,203,113,140,27,93,69,56,39	5,1,0.4245,0,154;2,5,0.0875,0,153;7,0,0.6815,0,114;7,4,0.7135,0,241;3,2,0.2545,0,91;6,1,0.8445,0,148
ood_compose_regime-00583	1	2	0	197,75,91,96,17,165,196,72,14,192,122,201,147,39,52,21,87,181,130,115,63,45,67,200,149,205,154,4,187,43,98,140,117,27,111,141	3,4,0.2965,0,193;2,5,0.6005,0,236;3,5,0.6945,3,199;2,5,0.7345,3,146;1,5,0.6395,0,218;1,0,0.9675,0,78
ood_compose_regime-00584	5	2	0	139,28,62,16,197,176,52,69,211,39,9,159,141,73,124,108,43,200,117,92,112,100,176,153,167,83,165,21,93,45,10,152,149,67,132,147	8,0,0.0385,0,65;3,5,0.6015,0,70;3,4,0.7485,0,46;0,1,0.8285,0,111;3,2,0.1555,0,188;3,2,0.6565,0,119
ood_compose_regime-00585	5	2	1	107,155,69,181,52,162,37,21,117,155,17,45,67,87,91,173,40,203,99,140,179,141,147,28,62,4,124,132,93,150,115,184,76,14,165,182	3,4,0.2235,0,32;3,3,0.0925,0,51;3,4,0.6805,0,117;3,5,0.7155,0,59;2,1,0.7635,0,162;3,2,0.8615,0,48
ood_compose_regime-00586	1	2	0	93,34,198,130,161,69,48,17,189,163,21,147,68,116,210,62,75,99,149,111,138,13,196,52,117,86,173,141,185,7,181,27,199,44,123,92	6,3,0.2875,0,3;2,0,0.8575,3,232;3,4,0.9115,0,113;2,4,0.8265,0,251;2,5,0.9385,0,222;2,0,0.4935,0,241
ood_compose_regime-00587	1	2	0	40,149,99,141,189,172,93,189,63,158,3,69,147,14,89,200,123,76,27,39,208,111,119,152,21,68,19,152,51,174,157,139,135,45,115,85	2,4,0.6145,0,170;2,5,0.0275,0,179;2,5,0.9315,0,232;3,3,0.2415,0,35;2,5,0.7745,2,104;2,5,0.7965,0,57
ood_compose_regime-00588	5	2	2	137,151,4,100,106,135,93,141,199,161,70,52,124,16,200,198,178,65,207,199,76,119,29,42,87,170,195,35,152,114,21,147,92,45,61,13	3,3,0.0545,0,102;4,1,0.5825,0,86;3,3,0.2675,1,4;3,5,0.9195,0,69;3,0,0.5475,2,22;3,5,0.2345,0,87
ood_compose_regime-00589	5	2	2	147,113,27,211,54,210,141,45,44,21,13,159,137,93,128,155,20,62,157,151,91,189,152,210,70,35,4,109,104,134,73,85,118,66,175,162	3,3,0.9485,0,137;2,1,0.9235,0,118;5,4,0.5335,1,95;0,3,0.6975,0,191;7,3,0.2645,1,193;7,4,0.3105,0,53
ood_compose_regime-00590	10	2	0	184,191,76,100,170,164,123,69,115,93,141,3,139,85,60,45,53,149,21,33,67,208,132,147,198,106,43,16,189,117,88,211,15,190,198,39	2,5,0.0375,0,118;8,5,0.6225,0,64;4,2,0.7195,0,50;3,3,0.0625,0,127;3,0,0.7915,0,25;2,2,0.6795,0,25
ood_compose_regime-00591	10	2	2	11,25,68,155,34,176,99,93,188,151,106,57,19,185,168,9,41,141,82,47,159,125,69,76,135,92,120,177,147,21,189,139,199,116,63,209	8,1,0.7765,0,36;0,0,0.2495,2,132;8,5,0.8345,0,54;3,0,0.8455,0,252;2,0,0.8775,3,33;4,5,0.6845,0,88
ood_compose_regime-00592	5	2	2	68,61,87,147,162,100,69,138,206,52,158,130,48,188,162,94,141,182,26,121,180,151,196,18,21,89,43,206,76,13,213,106,117,1,39,115	0,3,0.5905,0,221;1,5,0.7375,3,88;3,3,0.9725,0,232;3,5,0.3795,1,92;3,0,0.6075,0,76;0,0,0.5485,0,144
ood_compose_regime-00593	9	2	0	93,42,111,80,69,203,179,212,181,159,29,181,184,88,114,82,8,45,141,21,18,137,135,35,201,100,68,62,56,149,10,147,123,183,204,117	7,0,0.5845,0,200;4,1,0.4545,0,146;7,4,0.9935,0,127;7,0,0.0395,0,59;3,5,0.5745,0,156;2,5,0.3855,0,179
ood_compose_regime-00594	9	2	1	38,95,33,65,2,184,194,154,124,150,172,141,115,175,97,210,21,56,147,92,132,44,69,155,214,162,18,14,45,106,80,82,117,61,138,166	1,4,0.4805,0,240;8,4,0.9805,0,151;7,3,0.3665,0,236;7,0,0.8415,2,202;0,0,0.7145,0,141;3,2,0.4985,0,127
ood_compose_regime-00595	10	2	0	205,209,106,140,48,113,13,192,8,52,81,67,141,16,117,92,21,187,125,210,70,63,41,176,166,30,93,100,171,170,158,87,149,147,38,132	7,3,0.0975,0,187;5,4,0.2445,3,243;3,5,0.7365,1,168;8,5,0.9815,0,159;3,0,0.3405,0,75;4,2,0.8155,0,48
ood_compose_regime-00596	10	2	1	157,60,193,75,7,193,110,136,184,69,45,16,52,86,194,95,66,38,180,99,114,135,119,141,92,11,43,150,21,175,156,33,180,147,187,126	6,1,0.1225,0,217;8,4,0.6335,0,193;3,2,0.4535,0,207;2,4,0.8645,2,62;2,4,0.5445,2,22;5,5,0.0055,0,218
ood_compose_regime-00597	5	2	1	171,106,164,150,27,147,105,93,41,58,195,53,134,170,177,176,64,78,193,88,84,21,143,137,184,34,117,209,45,15,18,198,4,69,123,114	3,5,0.4905,0,56;2,0,0.2805,0,15;4,0,0.1185,0,53;5,2,0.0505,0,204;8,0,0.5295,0,243;2,4,0.3655,2,88
ood_compose_regime-00598	5	2	1	113,184,65,138,52,28,85,153,170,44,147,21,211,141,93,76,122,161,61,119,34,150,182,100,71,197,170,111,10,199,90,45,19,8,130,176	7,0,0.6715,0,213;3,0,0.9505,0,172;3,3,0.3315,2,53;3,3,0.5125,0,47;3,5,0.2765,2,93;1,0,0.4075,0,142
ood_compose_regime-00599	5	2	0	82,147,90,67,174,165,165,69,62,187,117,107,168,52,19,142,183,45,159,21,34,75,138,189,99,156,93,149,14,113,135,28,2,44,182,125	1,4,0.7405,0,139;3,0,0.9015,0,160;3,4,0.7585,0,217;2,0,0.4525,0,207;2,1,0.2965,0,219;4,5,0.4065,1,219
ood_compose_regime-00600	5	2	1	76,162,61,182,185,181,128,32,182,65,141,23,40,117,69,157,147,85,150,52,107,203,45,92,166,3,34,210,116,16,137,203,93,134,98,12	2,2,0.1735,2,222;7,0,0.0765,0,0;3,3,0.3455,0,84;3,3,0.9125,0,43;1,1,0.9845,0,165;7,4,0.2625,0,248
ood_compose_regime-00601	5	2	1	44,70,134,16,147,62,117,163,157,79,137,206,36,45,21,92,64,114,94,197,198,55,162,207,14,7,100,165,85,109,150,144,188,127,167,28	6,4,0.0685,0,39;3,2,0.9125,0,217;6,4,0.0675,1,49;6,3,0.8065,1,57;3,3,0.4415,0,131;6,4,0.3665,3,166
ood_compose_regime-00602	5	2	1	214,158,49,163,141,37,20,193,45,21,42,117,150,123,71,84,92,93,160,106,28,58,64,130,171,186,136,76,11,9,198,211,147,105,114,206	8,1,0.8575,0,147;3,3,0.4685,0,193;0,0,0.1555,2,106;3,2,0.9395,0,34;8,0,0.5495,0,30;2,0,0.0615,0,218
ood_compose_regime-00603	5	2	2	89,147,115,51,27,123,12,151,197,34,69,159,169,130,85,111,45,23,100,138,19,170,93,6,170,60,164,44,180,76,141,117,157,170,165,65	5,2,0.7055,2,37;2,0,0.8475,0,34;2,2,0.2525,0,121;3,3,0.3485,0,253;3,5,0.6595,0,205;2,0,0.5405,0,140
ood_compose_regime-00604	2	2	0	40,149,198,117,200,89,21,70,56,77,26,141,190,138,34,154,199,84,93,107,4,124,191,166,16,113,130,15,68,97,206,211,147,45,59,193	3,5,0.0765,0,203;1,0,0.0075,0,168;7,1,0.8435,1,143;4,2,0.3985,0,207;0,1,0.3645,0,238;3,0,0.4245,0,169
ood_compose_regime-00605	5	2	1	109,68,165,154,28,150,177,206,100,93,117,4,84,207,143,123,42,176,147,75,56,21,88,69,135,170,115,10,20,170,62,139,45,155,34,205	3,0,0.8375,0,144;3,0,0.4605,0,252;7,4,0.9215,0,168;2,2,0.1955,0,133;3,3,0.7085,0,126;2,5,0.7725,2,188
ood_compose_regime-00606	5	2	0	180,84,52,38,147,106,79,188,141,152,90,112,18,93,45,149,69,9,203,28,152,211,21,62,213,44,10,124,117,137,99,66,207,198,135,178	8,0,0.4255,0,138;3,4,0.9535,0,33;3,4,0.5355,0,92;6,2,0.5065,0,42;2,0,0.0495,0,230;3,5,0.3455,0,111
ood_compose_regime-00607	1	2	0	167,44,25,21,93,214,75,153,193,34,140,160,132,3,91,192,141,149,117,194,124,86,209,69,53,147,112,111,99,45,60,15,211,65,18,165	2,5,0.4435,0,4;0,0,0.8655,0,156;4,2,0.3795,0,19;2,4,0.7635,0,175;2,5,0.0635,0,68;3,2,0.9315,0,254
ood_compose_regime-00608	5	2	0	185,16,28,37,85,120,149,91,176,45,65,133,139,23,113,79,181,105,55,58,193,110,4,141,69,199,124,14,178,93,41,164,186,177,189,147	3,4,0.1385,2,219;3,3,0.3515,0,182;6,0,0.2125,0,169;6,3,0.7775,0,139;8,4,0.3705,3,93;3,3,0.6585,0,34
ood_compose_regime-00609	10	2	2	15,87,113,154,134,167,21,77,20,33,100,151,67,165,200,117,168,106,179,57,171,69,204,141,147,209,45,194,43,93,90,136,5,62,36,129	4,5,0.8045,0,133;8,2,0.6575,0,253;8,4,0.7395,0,83;4,5,0.5595,0,124;3,0,0.2355,0,107;8,4,0.1105,0,149
ood_compose_regime-00610	5	2	0	210,88,84,117,147,103,18,141,149,138,159,108,135,200,76,157,54,186,185,185,116,67,61,45,36,44,182,12,21,4,212,69,129,28,93,155	3,2,0.4235,0,29;3,2,0.8325,0,41;5,3,0.7725,0,216;3,2,0.0085,0,96;6,2,0.9165,0,212;8,5,0.5665,0,114
ood_compose_regime-00611	5	2	0	126,12,58,149,212,68,169,42,28,45,87,154,132,70,163,175,111,202,23,153,93,214,167,117,136,74,142,4,116,39,147,91,19,169,105,51	3,2,0.6185,2,69;3,5,0.4235,0,115;2,0,0.8055,1,104;1,5,0.6985,0,205;8,5,0.9615,0,235;5,2,0.0715,1,20
ood_compose_regime-00612	5	2	2	104,198,63,190,141,192,53,21,33,130,8,64,109,165,117,151,181,16,90,42,11,86,158,112,168,167,71,128,197,76,192,35,45,147,140,93	7,1,0.0715,0,72;8,1,0.5375,0,14;4,5,0.0285,2,209;3,4,0.5455,0,34;7,3,0.1135,0,230;7,0,0.9705,0,87
ood_compose_regime-00613	5	2	0	190,149,147,133,82,13,67,186,90,184,51,4,187,201,160,27,69,120,44,46,115,190,38,21,93,100,19,124,154,76,199,143,110,169,59,137	3,3,0.6975,0,200;2,4,0.8975,1,119;2,1,0.7145,0,195;3,0,0.4685,0,45;3,4,0.7805,3,85;3,3,0.3975,2,190
ood_compose_regime-00614	10	2	2	195,117,42,10,93,176,185,179,141,207,214,147,20,129,134,211,65,52,88,33,99,45,2,151,107,157,160,60,164,139,21,83,38,69,81,112	1,0,0.8945,0,153;8,4,0.4765,0,59;3,2,0.3925,0,60;8,1,0.1555,0,143;2,1,0.1345,0,223;8,4,0.6235,0,28
ood_compose_regime-00615	1	2	2	55,64,75,183,182,199,147,189,93,164,107,4,10,117,188,152,123,69,47,83,39,91,19,171,21,135,58,113,141,138,162,99,152,29,42,151	3,0,0.7005,0,109;4,5,0.4095,2,79;6,0,0.1715,0,207;2,1,0.6225,0,121;2,1,0.3615,0,105;2,5,0.4565,0,132
ood_compose_regime-00616	7	2	2	101,52,69,171,93,203,122,151,138,141,207,165,74,117,188,180,66,58,206,187,32,178,45,108,10,17,82,21,41,158,133,35,116,147,1,91	0,0,0.3425,0,125;7,1,0.3715,0,119;3,0,0.5435,0,73;1,0,0.6605,0,8;4,2,0.9005,0,178;1,3,0.5785,0,253
ood_compose_regime-00617	9	2	0	166,69,32,43,188,117,91,62,147,156,141,100,134,45,1,140,80,122,108,149,65,199,173,156,17,116,172,21,173,93,210,83,57,159,11,39	0,1,0.3965,0,152;7,5,0.6595,0,246;8,4,0.2805,0,67;7,1,0.7405,0,134;3,2,0.8795,0,51;1,4,0.8975,0,192
ood_compose_regime-00618	1	2	0	171,149,132,64,40,14,137,45,111,177,84,69,76,39,60,113,197,161,27,141,119,200,124,93,207,199,169,20,88,99,21,147,3,187,52,213	2,4,0.9125,0,141;2,5,0.1835,0,90;3,2,0.0855,0,63;3,2,0.0835,0,206;2,5,0.2365,2,229;3,2,0.2825,0,102
ood_compose_regime-00619	5	2	1	73,109,131,69,37,153,93,41,127,1,12,191,19,55,140,45,115,171,89,172,141,21,117,150,65,164,201,214,58,197,193,25,100,84,184,147	0,2,0.7215,0,65;0,3,0.2275,0,155;6,0,0.2415,0,2;0,2,0.3945,0,234;3,3,0.7355,0,178;6,1,0.8495,0,92
ood_compose_regime-00620	6	2	0	197,35,203,111,69,100,140,3,29,131,18,113,90,178,21,149,213,96,75,117,62,49,159,44,11,177,147,141,172,167,45,121,178,67,207,87	2,1,0.5755,0,243;4,1,0.9875,0,1;0,4,0.7975,0,112;2,5,0.5385,3,24;3,5,0.3635,0,92;0,1,0.8865,0,245
ood_compose_regime-00621	2	2	0	64,147,203,39,203,134,69,112,141,117,173,89,110,163,212,83,124,21,48,99,165,96,59,208,195,43,211,4,27,12,195,136,79,17,149,51	3,2,0.3215,0,114;2,5,0.7785,3,69;2,1,0.1265,0,40;6,1,0.2555,3,34;2,4,0.0505,0,25;3,4,0.0595,0,75
ood_compose_regime-00622	10	2	1	194,15,33,44,39,69,45,4,147,101,150,204,62,141,169,135,211,140,57,205,128,17,207,80,21,164,91,196,178,112,93,109,82,172,68,117	3,5,0.2465,0,16;8,5,0.9285,0,30;8,4,0.9075,0,78;7,0,0.7315,0,63;4,3,0.0105,0,8;7,5,0.8705,0,255
ood_compose_regime-00623	8	2	1	128,120,150,15,69,113,152,89,159,131,93,206,42,160,109,136,28,163,97,45,162,174,141,56,168,147,65,167,20,62,21,74,154,38,82,6	5,5,0.8405,0,183;3,4,0.4005,0,252;7,4,0.3245,0,220;1,0,0.2375,0,39;0,3,0.3065,3,15;7,1,0.1095,0,209
ood_compose_regime-00624	7	2	0	108,2,83,38,174,59,26,137,47,93,194,78,115,124,182,178,141,186,134,69,185,15,105,50,147,182,189,19,206,65,149,120,44,21,88,191	1,5,0.7045,0,107;1,4,0.9795,2,245;1,1,0.2505,0,217;5,1,0.0415,0,194;8,2,0.6095,3,30;3,4,0.3895,0,222
ood_compose_regime-00625	5	2	2	138,163,174,185,9,28,169,188,119,152,89,108,20,85,212,99,121,45,151,43,175,141,59,93,114,131,147,21,69,194,210,15,68,39,79,56	8,5,0.9385,0,122;3,5,0.7785,0,223;7,1,0.9105,0,64;6,3,0.3645,0,74;2,2,0.4325,2,106;0,1,0.5415,0,232
ood_compose_regime-00626	10	2	0	21,91,204,60,117,103,147,93,186,76,209,87,210,138,106,19,64,37,149,141,167,189,69,194,44,30,114,165,45,5,192,135,54,195,125,12	4,2,0.7355,0,148;5,3,0.8605,0,54;5,2,0.0635,0,193;3,5,0.6685,0,127;6,0,0.4715,0,45;4,5,0.4555,0,236
ood_compose_regime-00627	10	2	0	198,183,164,93,149,180,45,43,140,197,100,17,131,76,109,5,33,185,21,144,54,112,89,147,38,82,71,15,68,128,181,210,63,117,199,158	4,5,0.2025,0,199;8,4,0.7255,0,125;5,5,0.9165,2,146;3,0,0.3355,0,49;3,3,0.1585,0,112;7,1,0.8415,3,234
ood_compose_regime-00628	9	2	1	184,211,139,190,174,21,203,14,150,161,45,155,172,93,147,141,109,28,34,91,112,166,69,98,135,50,17,2,87,192,62,67,81,117,128,42	1,4,0.2535,0,163;3,0,0.4485,0,59;1,4,0.7175,0,12;8,5,0.7905,0,127;1,3,0.0065,0,143;7,5,0.7595,0,236
ood_compose_regime-00629	5	2	1	155,27,196,96,190,38,178,9,139,84,81,64,50,40,175,109,124,20,165,117,170,194,147,198,62,100,21,14,45,69,161,115,133,143,88,150	8,4,0.8975,0,196;2,4,0.1495,0,129;1,4,0.1835,0,101;8,2,0.0505,3,88;3,3,0.6815,0,207;3,3,0.6365,2,40
ood_compose_regime-00630	5	2	0	149,186,159,21,200,142,85,91,93,117,212,42,8,110,211,183,180,76,100,72,68,205,197,112,134,32,35,56,10,138,147,16,124,45,58,178	7,0,0.1405,0,7;7,1,0.5245,0,161;7,0,0.9705,3,237;3,3,0.6425,0,44;3,4,0.1065,0,110;3,4,0.5875,1,92
ood_compose_regime-00631	5	2	1	58,38,194,91,206,93,76,176,4,150,28,140,87,115,108,42,45,69,105,123,68,147,205,117,169,12,155,51,196,21,16,213,141,188,184,134	3,2,0.1115,0,202;3,4,0.4285,0,64;2,0,0.8915,0,11;3,5,0.6445,0,188;8,2,0.6655,0,104;2,4,0.8795,0,117
ood_compose_regime-00632	5	2	1	84,155,191,150,100,141,28,14,113,76,136,188,45,206,4,126,18,176,38,93,211,69,106,21,117,63,167,132,40,169,66,92,182,175,147,52	3,4,0.4035,0,60;3,4,0.1435,0,161;3,5,0.5555,0,48;3,2,0.8635,0,112;3,0,0.2825,0,233;5,2,0.1465,0,104
ood_compose_regime-00633	7	2	2	210,11,50,124,20,134,108,82,80,214,156,101,45,93,141,113,139,214,171,196,160,170,212,69,42,68,151,117,24,29,63,181,89,1,35,147	0,1,0.8255,3,77;4,1,0.4795,0,81;1,5,0.8765,0,142;7,0,0.3575,0,155;4,2,0.3605,0,154;3,4,0.7065,0,136
ood_compose_regime-00634	6	2	2	9,147,199,136,11,70,170,93,17,203,116,163,45,130,210,49,97,151,213,154,215,41,62,28,208,125,119,141,85,156,92,65,73,108,36,21	8,1,0.3945,0,83;3,2,0.3865,0,161;0,4,0.2165,1,229;0,3,0.8795,0,194;0,2,0.8465,2,78;4,0,0.1675,0,67
ood_compose_regime-00635	10	2	1	136,186,6,154,162,173,141,135,13,76,33,93,126,211,179,117,16,44,69,59,50,182,23,154,112,89,110,147,99,45,191,195,150,38,82,65	5,3,0.0785,2,107;8,4,0.8855,0,60;1,1,0.2585,0,76;3,0,0.2025,0,123;2,4,0.0515,0,61;5,5,0.1945,0,170
ood_compose_regime-00636	5	2	1	19,140,163,36,105,67,174,124,93,107,76,141,120,14,3,51,177,147,206,112,194,150,21,153,45,63,202,33,69,178,89,135,196,44,159,82	2,4,0.7475,0,33;8,2,0.8865,0,201;2,5,0.7705,0,226;3,0,0.2655,0,213;8,1,0.0695,3,29;3,5,0.9905,0,179
ood_compose_regime-00637	10	2	2	20,97,45,76,28,178,69,189,169,141,10,4,164,93,117,137,170,62,147,21,151,39,159,88,40,108,67,57,123,213,84,135,212,112,214,161	3,0,0.9115,0,9;3,5,0.0625,0,37;8,4,0.7795,0,157;3,2,0.0065,0,197;0,2,0.0455,0,118;2,5,0.3925,0,26
ood_compose_regime-00638	5	2	0	155,172,86,136,160,52,133,88,80,114,127,149,45,63,109,15,71,100,162,96,34,147,202,183,117,3,180,23,184,42,141,18,202,28,170,68	2,5,0.5045,2,67;3,0,0.4945,0,112;3,5,0.9045,2,37;7,4,0.1585,3,123;3,3,0.4925,0,217;6,3,0.0765,0,56
ood_compose_regime-00639	9	2	1	76,91,150,104,66,184,20,203,63,181,195,45,141,40,140,212,128,209,69,113,21,8,86,28,192,36,111,52,162,15,130,180,161,117,147,93	7,5,0.8385,0,173;3,2,0.0925,0,147;3,5,0.4445,0,143;3,4,0.6655,0,1;7,5,0.2535,0,244;7,0,0.9085,0,102
ood_compose_regime-00640	1	2	0	62,195,45,117,131,123,147,40,93,99,86,175,187,39,113,205,140,197,78,141,52,32,149,89,166,69,24,6,17,110,201,66,183,13,212,155	5,3,0.2335,3,170;7,5,0.0315,0,34;3,4,0.5475,0,95;5,4,0.2325,0,48;2,4,0.3525,0,147;2,1,0.8945,0,75
ood_compose_regime-00641	2	2	0	76,128,17,143,93,169,194,60,51,67,43,45,69,215,107,161,104,200,208,21,210,147,115,214,149,209,117,27,4,82,34,178,136,131,89,12	3,2,0.2245,0,237;2,0,0.7325,0,223;2,2,0.7905,0,143;3,0,0.2985,0,39;7,1,0.6195,0,245;7,1,0.1935,2,100
ood_compose_regime-00642	9	2	0	152,213,63,56,198,209,101,106,173,81,113,149,66,69,136,28,152,89,84,189,147,93,18,127,44,39,21,45,170,195,117,10,214,131,1,141	0,0,0.4465,0,24;3,5,0.9655,0,57;7,5,0.4435,0,52;8,2,0.2925,0,116;4,0,0.2845,0,110;6,1,0.0785,0,94
ood_compose_regime-00643	5	2	1	87,113,150,139,93,172,15,124,110,117,141,155,197,130,185,99,21,61,2,45,17,44,38,147,215,159,197,204,31,158,89,72,68,81,50,170	1,5,0.3945,0,65;6,4,0.8895,0,212;1,3,0.9805,3,61;8,5,0.2625,0,96;2,4,0.2965,0,60;3,0,0.6105,0,160
ood_compose_regime-00644	2	2	0	32,69,183,170,117,84,141,163,21,62,122,199,134,107,149,67,189,6,170,113,93,43,34,13,105,140,193,164,45,76,167,147,52,19,181,90	5,3,0.7595,0,196;7,0,0.7595,0,48;3,4,0.6765,0,176;3,2,0.5235,0,148;8,1,0.3395,0,201;1,4,0.9575,0,209
ood_compose_regime-00645	5	2	1	87,174,195,64,109,38,45,147,28,114,69,168,157,52,14,63,182,126,16,119,181,96,139,4,43,141,104,152,180,167,22,76,134,172,90,150	3,4,0.1585,1,156;3,4,0.6155,0,228;3,5,0.0855,0,207;3,5,0.5475,3,105;7,3,0.5215,2,187;5,4,0.7785,0,252
ood_compose_regime-00646	5	2	0	21,149,190,125,92,46,17,69,26,161,192,39,190,44,93,196,101,174,84,117,63,12,133,66,114,7,141,52,147,200,78,107,173,136,192,199	6,2,0.2975,0,12;1,5,0.8595,1,33;3,5,0.5175,0,238;5,2,0.9345,0,245;4,1,0.5205,0,114;4,3,0.0835,0,217
ood_compose_regime-00647	5	2	1	141,69,187,95,45,24,140,182,189,36,52,187,147,132,68,159,86,210,100,63,76,2,43,198,214,114,31,117,150,17,109,214,90,158,11,127	1,1,0.3655,3,18;6,2,0.7075,0,90;3,5,0.9045,0,195;3,4,0.4515,2,170;3,3,0.5485,0,155;6,2,0.8565,0,239
ood_compose_regime-00648	9	2	2	211,176,32,43,171,45,168,209,19,137,115,117,126,207,10,71,39,64,93,108,85,188,147,56,80,173,100,151,91,207,158,141,21,61,8,133	7,0,0.7425,0,119;7,5,0.6865,0,183;7,3,0.1805,2,19;7,3,0.6355,0,215;3,2,0.7405,0,148;5,3,0.2665,0,39
ood_compose_regime-00649	5	2	2	121,152,18,44,100,113,200,93,165,28,68,61,209,132,194,141,147,106,39,56,160,158,204,165,119,45,21,4,151,76,69,194,82,137,91,13	3,3,0.4675,0,36;3,5,0.9795,0,75;7,3,0.8715,0,90;3,0,0.7315,0,124;3,0,0.3575,2,97;0,2,0.3235,0,191
ood_compose_regime-00650	5	2	2	139,59,183,64,191,41,199,151,124,91,135,8,10,75,164,117,17,49,45,93,70,207,99,26,34,186,21,203,191,87,110,115,141,147,196,210	7,0,0.2855,0,125;1,0,0.2145,0,243;0,1,0.1865,1,153;2,5,0.6705,0,17;2,4,0.6545,0,193;3,5,0.7425,0,33
ood_compose_regime-00651	8	2	1	34,67,163,155,111,201,160,150,60,147,161,139,133,45,69,44,28,124,20,141,52,88,74,170,206,102,93,180,117,208,86,114,206,15,6,21	5,5,0.9415,0,127;3,0,0.9225,0,138;3,2,0.7735,0,81;1,4,0.0235,0,165;5,5,0.5875,0,6;3,3,0.6205,0,235
ood_compose_regime-00652	2	2	0	21,11,135,3,93,110,67,116,137,20,149,42,45,164,158,177,54,156,215,129,81,39,141,28,147,69,82,60,161,117,188,89,192,98,180,212	2,1,0.8865,0,12;3,5,0.4055,0,87;5,2,0.7365,0,207;8,0,0.2245,0,161;1,4,0.9535,0,43;8,5,0.3975,0,160
ood_compose_regime-00653	5	2	1	16,206,85,178,130,21,196,157,92,174,10,141,209,57,166,139,28,67,121,108,94,77,100,4,69,171,147,150,45,62,37,116,117,179,170,43	3,0,0.1065,0,99;3,3,0.7265,0,78;8,4,0.6735,0,97;4,3,0.8955,1,112;3,2,0.9605,0,77;0,0,0.6595,0,46
ood_compose_regime-00654	5	2	2	151,29,106,147,19,176,105,156,137,69,141,168,117,58,93,39,182,66,45,42,91,4,158,86,213,191,75,21,51,125,184,160,112,130,13,199	3,3,0.6495,0,118;4,5,0.4775,0,184;2,0,0.4655,0,5;2,4,0.7615,0,80;8,0,0.0155,0,17;4,0,0.2565,0,191
ood_compose_regime-00655	5	2	0	34,101,200,93,67,12,21,156,176,120,111,16,47,181,128,193,69,166,86,53,214,186,141,172,176,29,136,147,90,76,134,114,61,149,42,1	0,2,0.0365,0,180;4,0,0.5195,2,111;4,3,0.7825,0,10;3,4,0.5835,0,136;4,5,0.5605,3,226;7,4,0.1115,0,127
ood_compose_regime-00656	5	2	0	35,21,214,141,56,183,66,76,62,88,133,93,147,4,158,82,69,113,176,189,117,10,139,212,159,99,159,19,124,45,149,111,183,42,26,184	3,0,0.6995,0,84;1,1,0.5005,0,32;7,4,0.4815,0,34;3,0,0.1985,0,183;2,5,0.2805,0,130;3,3,0.7645,0,222
ood_compose_regime-00657	5	2	2	127,147,182,171,141,189,50,203,21,151,103,107,86,69,79,89,198,28,11,59,120,65,93,194,175,131,195,34,153,138,7,113,195,17,41,45	6,1,0.3165,0,168;3,0,0.3605,0,107;1,1,0.2745,0,248;6,4,0.3045,0,155;6,1,0.3105,3,132;6,1,0.5765,0,47
ood_compose_regime-00658	5	2	0	53,67,147,191,93,189,76,110,177,182,21,165,91,40,165,157,18,86,137,124,141,45,34,63,117,100,175,10,115,175,28,149,135,69,204,4	3,0,0.5465,0,165;3,0,0.1195,0,133;4,5,0.7995,0,90;3,4,0.6415,0,54;3,4,0.6365,0,44;3,5,0.3005,0,187
ood_compose_regime-00659	5	2	0	110,208,37,113,160,117,21,199,189,133,79,94,84,193,52,182,62,40,138,20,45,149,5,157,89,141,182,64,69,147,124,204,206,15,103,31	4,5,0.8205,0,201;6,3,0.0575,0,202;3,4,0.0615,0,15;6,2,0.2255,1,107;6,4,0.2735,0,215;3,3,0.5305,0,22
ood_compose_regime-00660	10	2	1	169,141,203,150,177,213,138,9,130,121,45,57,81,154,97,214,92,147,19,63,14,69,156,21,115,108,41,178,34,117,82,202,28,93,66,165	8,4,0.6965,0,44;3,0,0.2265,0,194;8,5,0.5645,0,7;8,0,0.9065,0,27;0,2,0.7175,0,37;0,0,0.4095,0,133
ood_compose_regime-00661	9	2	1	43,132,117,123,150,141,38,113,21,193,18,3,69,11,56,91,213,196,197,63,86,32,147,185,138,100,181,178,159,182,186,110,94,66,45,76	2,1,0.4075,0,130;7,4,0.7455,0,132;7,5,0.4275,0,26;3,4,0.7795,1,98;3,4,0.3995,0,35;2,2,0.5445,0,241
ood_compose_regime-00662	5	2	2	206,45,155,57,137,163,166,132,182,20,33,114,70,42,119,15,152,21,177,105,143,151,186,147,38,64,74,89,86,59,95,161,106,4,192,129	3,5,0.9595,0,38;8,4,0.5015,0,142;8,1,0.1475,1,208;1,4,0.2775,2,137;8,0,0.5355,2,75;8,2,0.2715,2,134
ood_compose_regime-00663	5	2	1	160,154,21,59,109,160,152,84,136,100,42,65,93,34,45,173,147,150,141,88,69,55,117,170,19,125,131,187,113,165,78,181,28,13,7,192	6,3,0.7575,0,213;3,0,0.4825,0,170;6,1,0.2645,0,169;5,2,0.1455,0,247;3,3,0.2445,0,111;4,1,0.0725,0,227
ood_compose_regime-00664	5	2	1	115,157,180,19,51,160,36,119,130,93,141,128,45,4,109,101,89,58,21,66,43,86,76,153,147,198,184,178,213,150,15,189,136,29,69,211	3,5,0.6645,0,37;4,2,0.7595,0,224;2,0,0.4055,0,218;3,4,0.3415,0,144;4,3,0.7445,2,227;7,0,0.1855,0,33
ood_compose_regime-00665	5	2	1	14,93,189,189,170,100,161,207,117,40,50,85,139,111,183,175,73,124,36,156,24,28,88,48,179,147,8,66,173,134,114,18,63,69,150,143	7,4,0.5325,3,1;3,2,0.1615,3,224;1,5,0.5015,0,216;0,3,0.0155,0,197;3,5,0.4445,0,179;3,4,0.6385,2,185
ood_compose_regime-00666	2	2	1	34,118,166,62,163,141,193,88,93,76,161,69,132,43,201,24,121,109,150,162,147,203,167,33,13,100,84,194,116,52,1,202,19,65,139,45	0,3,0.6505,3,201;8,0,0.7905,0,133;3,4,0.2885,0,139;3,2,0.0845,0,167;3,3,0.8575,1,235;0,2,0.6365,0,174
ood_compose_regime-00667	2	2	1	123,162,58,116,140,5,19,184,34,117,144,183,179,64,53,208,134,21,69,157,150,45,88,212,157,28,183,82,147,93,108,81,12,189,43,100	4,2,0.7545,0,249;3,0,0.7345,0,108;4,0,0.1475,0,210;8,0,0.1745,0,175;3,2,0.8505,0,62;2,4,0.8205,3,196
ood_compose_regime-00668	2	2	2	18,93,181,167,133,108,187,44,68,69,114,199,92,45,141,60,185,35,13,151,21,195,138,4,121,100,83,54,176,203,119,81,29,172,147,193	3,3,0.5975,0,190;4,1,0.8835,0,82;5,2,0.8145,0,231;8,1,0.8185,0,121;3,2,0.4755,2,200;0,3,0.4525,0,121
ood_compose_regime-00669	5	2	1	124,60,181,114,177,19,136,153,134,179,28,96,192,198,182,78,102,184,150,66,45,92,84,69,38,14,4,22,119,43,107,54,166,141,147,171	3,4,0.6485,1,22;3,4,0.7825,0,8;5,2,0.5905,0,254;5,2,0.9205,3,104;5,1,0.5335,2,82;3,4,0.1315,0,121
ood_compose_regime-00670	2	2	2	147,132,160,193,34,60,64,165,69,88,137,83,99,14,106,151,141,184,158,17,49,45,178,4,75,184,32,115,117,44,21,192,126,184,196,93	3,4,0.3085,0,106;7,0,0.9855,0,82;0,2,0.0395,0,170;2,1,0.1445,0,190;2,0,0.6435,0,119;5,2,0.2865,0,63
ood_compose_regime-00671	10	2	2	178,174,194,135,92,93,207,212,67,211,84,151,185,141,136,115,147,15,17,45,124,52,43,215,211,106,21,158,37,117,62,77,100,70,4,29	3,5,0.2565,0,45;4,3,0.6435,0,209;3,4,0.6885,1,234;4,2,0.8735,0,13;3,0,0.7435,0,24;3,5,0.1315,0,197
ood_compose_regime-00672	7	2	2	147,114,21,194,184,76,14,164,82,141,93,98,63,44,176,20,126,69,109,137,188,215,47,8,91,50,135,26,162,153,66,34,151,117,177,211	7,4,0.8295,0,62;1,0,0.8155,2,183;1,5,0.4585,0,194;3,0,0.7835,0,253;1,3,0.4865,0,37;5,5,0.3445,0,248
ood_compose_regime-00673	5	2	2	123,137,169,89,207,27,117,41,45,4,52,177,157,174,75,58,197,147,188,93,21,204,141,64,205,104,83,39,205,115,12,69,18,110,132,151	3,2,0.5385,0,34;2,5,0.2475,0,206;3,0,0.1995,0,201;2,1,0.2435,0,173;7,4,0.7655,0,25;2,2,0.2815,0,192
ood_compose_regime-00674	5	2	1	45,209,108,134,194,164,65,97,10,49,141,159,117,62,115,69,18,212,93,90,31,147,194,76,127,209,21,167,37,156,87,1,150,171,42,140	0,0,0.5215,0,104;6,3,0.4565,0,76;0,4,0.3025,0,131;3,5,0.4715,0,71;0,2,0.6965,0,208;6,4,0.8685,0,234
ood_compose_regime-00675	5	2	1	14,7,87,109,189,45,62,181,124,93,206,169,21,52,76,167,181,91,66,150,44,132,112,18,139,169,117,204,141,36,160,30,147,69,100,207	6,4,0.4535,0,155;5,2,0.9725,0,140;3,4,0.5485,0,52;3,5,0.6125,0,13;3,3,0.0185,0,187;3,2,0.7635,0,255
ood_compose_regime-00676	5	2	0	28,69,162,79,60,185,149,41,202,153,189,93,130,84,141,204,6,167,45,37,114,162,179,107,15,68,137,55,16,147,117,23,105,178,91,125	5,5,0.1865,2,61;3,3,0.3135,0,137;6,2,0.8515,0,244;6,2,0.6345,0,86;8,1,0.4175,0,44;4,0,0.3695,0,201
ood_compose_regime-00677	5	2	2	57,16,21,160,126,75,115,141,10,71,140,99,191,176,60,200,185,36,45,166,169,147,42,86,8,201,106,131,117,209,91,93,151,28,65,164	7,0,0.0915,0,39;3,2,0.5475,0,246;8,2,0.3205,2,226;2,4,0.7255,0,137;2,0,0.7555,0,78;5,1,0.9565,0,243
ood_compose_regime-00678	5	2	2	21,44,14,173,199,115,69,170,141,89,117,173,194,137,76,45,93,201,161,86,17,194,147,59,65,8,100,190,153,131,108,39,151,57,28,121	7,4,0.2355,0,144;3,5,0.8035,0,149;8,1,0.2515,0,150;3,4,0.2905,0,7;3,2,0.6135,0,77;0,1,0.3675,0,85
ood_compose_regime-00679	7	2	1	137,141,99,204,28,125,21,130,95,159,114,20,77,158,166,211,198,69,117,45,174,184,89,147,67,87,50,63,171,36,212,4,10,41,107,150	3,0,0.8795,0,97;3,2,0.2735,0,137;1,5,0.6065,0,103;4,5,0.2005,2,5;2,1,0.5625,0,26;4,0,0.3215,0,27
ood_compose_regime-00680	8	2	2	166,202,18,199,168,190,78,147,6,72,98,112,89,34,96,61,26,45,134,151,192,66,21,141,54,42,124,139,197,83,170,184,15,106,117,188	5,5,0.4375,0,12;1,0,0.4575,0,191;5,3,0.5265,3,104;5,1,0.3755,3,165;1,0,0.0965,0,227;3,4,0.7185,0,236
ood_compose_regime-00681	5	2	1	139,150,124,108,185,91,38,141,9,10,33,83,21,213,113,62,40,93,175,188,158,74,154,147,194,45,69,117,105,193,57,212,184,67,133,19	8,0,0.7225,0,53;8,4,0.1585,0,139;8,4,0.7485,0,253;1,1,0.7405,0,22;8,2,0.3655,0,34;3,3,0.7885,0,141
ood_compose_regime-00682	5	2	2	78,185,202,37,169,210,141,94,119,147,194,28,83,69,64,45,151,42,14,152,17,209,208,112,130,2,21,123,138,89,205,102,54,110,213,63	1,4,0.2215,0,190;3,3,0.5715,0,14;5,5,0.1425,0,134;5,1,0.3655,1,174;5,4,0.1625,2,243;2,0,0.4475,0,233
ood_compose_regime-00683	5	2	1	100,69,147,61,111,87,187,159,15,38,32,131,150,196,45,128,117,93,144,153,200,88,8,214,171,198,162,49,21,76,40,159,64,136,17,114	7,5,0.2365,0,200;7,4,0.1245,0,139;0,3,0.1075,0,220;3,5,0.1805,0,68;3,5,0.5955,0,44;7,1,0.0775,3,66
ood_compose_regime-00684	10	2	0	165,115,130,172,53,188,21,149,191,167,4,45,212,141,117,100,166,34,94,19,106,63,139,84,198,202,68,124,29,81,147,69,10,42,92,201	3,0,0.6575,0,221;4,0,0.4045,0,155;4,5,0.8675,0,35;8,2,0.8235,1,204;3,0,0.6225,0,188;3,0,0.6735,0,199
ood_compose_regime-00685	5	2	0	213,37,154,13,104,173,175,61,44,188,124,65,190,87,45,138,117,149,95,141,160,203,195,28,16,116,147,89,213,52,109,134,69,76,21,6	5,3,0.1055,0,121;3,3,0.9975,0,247;3,3,0.2585,0,79;3,5,0.3025,2,144;7,3,0.9775,0,250;3,4,0.5755,0,227
ood_compose_regime-00686	8	2	1	45,156,6,114,166,15,34,212,147,150,21,205,124,77,60,69,138,165,111,88,141,100,84,32,186,118,93,195,66,52,195,130,160,158,18,44	5,5,0.4185,0,140;7,0,0.8475,0,159;3,2,0.5655,0,171;4,2,0.1925,0,155;3,5,0.4995,1,36;3,0,0.4725,0,134
ood_compose_regime-00687	9	2	0	158,93,180,45,107,133,174,68,13,76,205,34,159,147,92,177,190,63,19,24,85,56,8,138,42,69,125,200,149,141,175,117,28,116,207,102	7,3,0.7545,3,206;3,0,0.5715,0,104;7,5,0.9965,0,206;3,3,0.9485,0,255;5,1,0.8985,0,240;4,3,0.4965,0,129
ood_compose_regime-00688	5	2	2	136,160,89,31,113,212,124,69,81,117,21,184,214,133,93,57,66,181,142,179,203,106,82,34,17,200,42,200,100,206,45,147,151,13,4,59	3,3,0.2875,0,230;6,0,0.4005,0,108;8,1,0.4765,0,240;8,0,0.2155,0,171;3,0,0.3045,0,50;3,3,0.0315,1,144
ood_compose_regime-00689	6	2	2	66,137,18,95,160,176,141,21,147,113,25,60,4,13,35,175,188,49,74,206,107,85,104,151,44,169,69,164,45,156,125,120,191,90,174,130	3,3,0.4345,0,197;0,1,0.9095,0,155;0,2,0.5245,0,69;1,3,0.4355,2,115;7,1,0.3575,3,107;4,0,0.3295,0,11
ood_compose_regime-00690	5	2	0	69,159,112,28,147,215,117,207,20,4,174,167,99,149,93,130,166,68,38,168,90,106,43,76,197,62,15,84,177,52,205,21,123,138,143,45	3,5,0.9305,0,194;3,4,0.7425,0,216;3,4,0.9375,0,215;3,2,0.4535,0,116;2,0,0.1765,0,224;2,0,0.5425,2,138
ood_compose_regime-00691	10	2	2	28,140,180,207,86,170,91,135,93,36,40,195,17,147,111,80,192,112,129,64,141,62,70,151,205,13,152,50,178,21,117,98,198,45,4,175	3,3,0.2735,0,39;3,2,0.1545,0,235;1,4,0.1645,1,42;7,4,0.6815,0,26;1,5,0.1385,0,231;8,5,0.8125,0,68
ood_compose_regime-00692	5	2	2	115,199,132,10,70,170,106,28,51,151,58,196,45,161,86,7,73,191,99,117,141,193,202,44,64,20,37,155,93,121,191,137,91,159,21,147	6,0,0.8655,0,154;3,3,0.9715,0,88;2,0,0.0015,1,197;0,4,0.7485,0,152;2,0,0.6135,0,149;0,2,0.3345,0,172
ood_compose_regime-00693	1	2	0	197,163,166,11,21,149,60,126,181,54,28,141,147,45,69,90,207,43,191,95,66,99,111,3,139,131,114,155,117,215,169,206,36,76,82,20	2,1,0.8325,0,140;3,2,0.6735,0,92;5,2,0.5315,0,120;3,0,0.5855,2,231;2,5,0.5335,0,118;5,1,0.6255,0,77
ood_compose_regime-00694	5	2	0	13,112,135,47,182,69,93,128,149,37,31,161,184,179,111,40,100,64,160,89,181,87,20,61,4,117,187,139,147,175,21,202,144,212,81,54	3,3,0.8595,0,34;6,3,0.0155,2,16;5,3,0.0305,0,134;8,5,0.2205,0,212;3,5,0.1555,0,96;7,5,0.7365,3,148
ood_compose_regime-00695	5	2	1	43,137,37,178,150,147,55,91,13,141,62,162,76,133,45,72,199,195,214,20,179,188,152,115,117,101,66,127,84,93,106,2,174,204,21,28	1,3,0.9435,0,118;3,3,0.7145,0,215;6,4,0.5205,3,235;3,2,0.6725,0,183;4,0,0.6255,0,69;6,3,0.3525,0,102
ood_compose_regime-00696	5	2	1	136,174,110,125,209,185,155,80,61,141,202,152,21,10,93,35,41,131,150,67,147,116,100,53,25,117,163,45,69,189,86,91,17,5,178,192	4,0,0.3605,0,20;0,1,0.2875,0,235;4,3,0.7335,0,145;7,4,0.6895,0,222;3,4,0.8975,0,139;4,1,0.0305,0,223
ood_compose_regime-00697	2	2	0	10,122,91,2,21,106,95,195,182,147,192,141,178,116,45,136,28,100,16,69,161,195,190,134,65,36,207,59,50,149,202,43,84,206,78,117	1,0,0.0265,0,229;3,2,0.6405,0,217;1,1,0.3685,0,196;5,2,0.6925,2,134;3,0,0.9565,0,102;1,4,0.1545,0,216
ood_compose_regime-00698	5	2	2	19,68,124,93,50,21,61,82,79,201,107,200,45,134,215,185,201,191,69,37,152,9,112,14,102,175,139,117,151,147,141,157,192,31,42,89	8,4,0.7975,0,95;6,3,0.5795,0,39;1,3,0.8375,0,236;6,0,0.3885,0,171;5,1,0.1205,0,132;3,4,0.6065,0,0
ood_compose_regime-00699	5	2	0	159,105,141,16,41,179,69,90,195,137,184,106,156,212,127,178,66,149,4,182,119,206,21,134,76,52,12,180,147,60,114,38,87,45,30,93	3,2,0.0565,0,100;5,4,0.3525,0,58;3,2,0.4595,0,103;3,5,0.4185,0,80;8,0,0.5015,2,85;6,4,0.2495,0,214
ood_compose_regime-00700	9	2	0	24,147,39,117,132,166,59,107,116,104,19,90,184,149,69,199,214,86,45,15,43,51,32,141,202,196,80,93,137,196,211,186,124,199,8,67	7,5,0.7425,3,109;7,5,0.6895,0,102;2,1,0.6175,0,135;7,4,0.5255,0,87;7,1,0.9665,0,160;3,2,0.3925,0,158
ood_compose_regime-00701	5	2	1	40,21,80,58,147,117,48,139,135,195,171,115,28,65,18,166,180,70,163,211,141,13,124,181,153,82,37,99,4,194,57,106,91,93,150,203	3,3,0.5555,0,234;3,3,0.0255,3,196;8,0,0.2715,1,248;7,0,0.6045,0,41;2,0,0.6015,0,0;3,5,0.6375,0,111
ood_compose_regime-00702	5	2	0	57,69,166,191,138,86,38,73,124,105,9,26,134,164,180,162,14,45,43,196,141,197,106,20,166,187,63,147,198,88,149,117,115,93,64,21	8,4,0.9185,0,175;1,4,0.7245,0,133;8,5,0.0055,0,185;0,4,0.1005,0,231;8,0,0.7465,0,214;3,4,0.5315,0,59
ood_compose_regime-00703	1	2	0	14,99,110,93,189,133,52,44,136,147,152,86,3,149,29,78,45,126,21,37,198,58,179,141,165,117,115,197,67,19,165,202,69,180,169,89	2,4,0.6125,0,155;4,3,0.9035,0,105;3,0,0.6625,0,237;5,4,0.2795,0,221;2,4,0.6945,0,111;5,3,0.0905,0,45
ood_compose_regime-00704	5	2	0	163,61,147,193,192,16,185,138,6,13,149,158,141,132,69,212,116,23,179,27,85,124,108,93,100,88,76,55,117,44,64,215,39,211,197,45	5,3,0.1135,2,216;2,5,0.9375,0,126;6,3,0.1095,0,58;3,3,0.1065,0,250;3,2,0.8615,0,33;3,2,0.4085,0,42
ood_compose_regime-00705	5	2	1	171,108,61,176,185,150,64,184,4,88,84,159,118,162,43,138,73,38,182,13,130,147,93,116,141,187,21,45,170,19,32,97,69,124,52,190	3,3,0.6405,0,191;7,4,0.6185,0,147;3,3,0.0105,0,158;0,2,0.0725,0,174;0,2,0.8815,1,195;3,0,0.4645,0,180
ood_compose_regime-00706	6	2	1	147,30,93,174,43,115,141,58,132,91,210,21,109,79,150,20,210,177,200,139,97,4,49,117,176,206,152,37,12,69,121,168,162,67,47,84	3,2,0.8215,0,153;5,3,0.6655,2,40;0,0,0.6245,0,123;6,2,0.7245,0,28;0,3,0.6845,0,244;0,2,0.6395,0,119
ood_compose_regime-00707	5	2	2	151,88,19,93,33,140,211,124,106,164,152,193,40,105,4,45,193,87,182,214,21,39,212,195,166,113,58,69,147,117,15,65,76,141,57,132	3,5,0.6365,0,154;8,5,0.0825,0,71;8,0,0.3835,0,170;3,5,0.0695,0,106;8,0,0.3495,0,4;3,2,0.8735,0,72
ood_compose_regime-00708	5	2	2	162,39,166,141,115,90,192,99,76,200,42,26,210,58,147,55,125,47,108,151,93,11,189,1,117,188,69,18,164,202,68,87,152,21,131,139	0,1,0.5095,0,124;1,5,0.5995,2,11;6,0,0.8715,0,34;3,5,0.5345,0,70;2,2,0.6555,0,57;4,1,0.6405,0,177
ood_compose_regime-00709	2	2	0	17,138,207,21,68,130,69,52,141,149,62,105,113,200,162,191,213,9,12,186,182,147,74,108,122,89,117,93,45,181,39,169,33,209,41,86	8,2,0.3415,0,163;8,5,0.3885,0,197;3,4,0.8005,0,120;1,4,0.3025,0,248;8,2,0.2535,0,135;1,0,0.5155,0,68
ood_compose_regime-00710	9	2	0	14,80,172,164,117,18,131,137,62,186,69,191,39,43,49,82,200,164,27,104,65,93,111,149,157,91,208,45,175,147,4,126,163,115,21,142	3,4,0.4925,0,25;2,5,0.6405,0,224;0,4,0.3315,0,146;7,0,0.7525,0,202;7,5,0.7145,0,200;5,1,0.2135,1,24
ood_compose_regime-00711	5	2	2	76,21,11,184,203,187,187,86,99,111,208,68,48,138,52,9,147,135,94,89,117,144,69,27,34,151,186,20,43,172,172,186,212,129,113,61	8,1,0.8635,0,126;2,0,0.6975,3,224;3,3,0.9675,0,245;3,4,0.2775,1,243;2,5,0.2495,0,221;8,5,0.5875,3,47
ood_compose_regime-00712	10	2	0	69,179,141,1,124,81,193,93,200,40,97,133,49,162,109,92,147,211,87,156,58,186,67,137,114,10,22,162,17,159,45,182,149,34,31,120	0,0,0.3415,1,56;6,0,0.0595,0,107;0,0,0.7335,0,70;8,5,0.9195,0,126;0,3,0.5205,3,223;3,3,0.2425,0,96
ood_compose_regime-00713	2	2	2	132,209,74,91,159,69,107,68,27,18,201,4,114,176,141,188,12,151,85,147,42,21,136,126,97,60,159,154,93,34,174,166,45,52,182,117	3,2,0.5185,0,141;2,0,0.5055,0,249;3,2,0.9205,0,52;1,3,0.7025,0,211;0,1,0.5455,0,51;5,2,0.1765,0,42
ood_compose_regime-00714	5	2	1	178,66,195,202,42,119,136,186,76,10,169,100,94,124,4,150,198,69,26,141,196,193,113,38,61,19,52,162,162,21,147,91,45,110,87,132	3,0,0.6225,0,118;1,4,0.5345,0,178;3,3,0.4275,0,14;3,5,0.6935,1,253;3,4,0.2415,2,91;3,2,0.0375,0,161
ood_compose_regime-00715	5	2	0	117,192,185,103,141,214,198,45,36,175,64,93,62,69,91,147,4,112,109,170,20,159,214,124,21,87,132,81,139,27,13,175,198,41,149,49	3,3,0.9255,0,215;2,2,0.3035,0,198;0,4,0.1085,0,190;8,5,0.7285,0,14;6,3,0.1725,0,153;3,2,0.6175,0,87
ood_compose_regime-00716	5	2	1	158,6,90,67,188,42,37,26,69,14,141,100,113,187,207,61,176,178,19,111,21,130,183,137,86,93,49,121,150,185,79,185,147,117,182,45	5,4,0.6865,0,66;1,3,0.4515,0,77;0,3,0.6065,0,177;6,4,0.5815,0,123;3,5,0.3805,0,171;0,0,0.3555,0,98
ood_compose_regime-00717	5	2	1	64,92,205,5,38,117,175,168,43,69,150,141,183,21,76,84,52,60,101,206,194,27,45,93,183,115,130,171,111,20,147,163,201,124,11,138	4,1,0.9135,0,186;2,4,0.7315,0,139;3,2,0.1735,0,70;3,2,0.8465,0,230;4,5,0.6455,0,15;3,0,0.5795,0,41
ood_compose_regime-00718	6	2	2	20,130,89,117,111,178,214,1,76,67,184,25,114,36,141,45,21,137,69,209,85,121,61,194,151,11,147,178,159,42,189,95,49,156,100,154	0,1,0.8815,0,1;0,2,0.5815,0,160;0,3,0.7185,0,156;3,3,0.2635,2,98;3,5,0.5165,0,22;0,0,0.2195,0,151
ood_compose_regime-00719	5	2	0	136,181,178,69,30,64,117,100,21,147,92,14,42,149,202,76,124,113,39,110,54,84,60,210,20,134,153,93,152,48,210,154,141,4,199,214	3,4,0.8575,0,131;5,5,0.4775,3,80;5,2,0.1835,0,15;3,2,0.9965,0,59;3,4,0.2885,0,10;3,4,0.1135,0,82
ood_compose_regime-00720	5	2	2	195,208,21,12,93,82,33,203,204,3,203,76,88,43,176,116,72,109,135,35,124,66,141,45,137,181,53,155,120,199,100,20,153,60,147,151	2,2,0.9325,0,16;8,1,0.6025,0,206;4,2,0.4715,3,56;3,0,0.0345,0,131;3,3,0.9765,3,107;3,5,0.3865,0,116
ood_compose_regime-00721	5	2	0	156,141,149,196,213,178,175,132,4,189,27,75,42,100,162,117,137,51,21,36,14,64,123,179,69,155,89,16,82,60,115,93,152,45,111,147	3,4,0.0825,0,232;2,2,0.5855,0,78;2,2,0.1415,0,18;2,0,0.2795,0,48;3,5,0.7745,0,24;2,2,0.3825,0,4
ood_compose_regime-00722	9	2	0	194,87,184,31,62,24,165,92,190,51,69,20,169,106,40,201,144,37,64,80,166,93,147,149,135,200,124,47,100,13,210,4,188,116,117,138	3,3,0.9985,3,112;6,3,0.1235,2,47;2,4,0.1525,0,224;7,5,0.9765,0,146;3,0,0.9395,0,145;3,5,0.5255,3,131
ood_compose_regime-00723	2	2	2	106,188,64,50,69,45,93,205,203,161,131,5,117,21,19,141,156,84,136,147,187,153,90,36,40,76,174,122,11,185,151,97,115,63,28,174	4,1,0.7375,0,5;3,2,0.1875,0,175;1,5,0.0995,0,40;3,2,0.4255,0,137;0,0,0.6785,0,231;1,1,0.0035,0,225
ood_compose_regime-00724	9	2	0	210,138,116,67,192,154,69,198,56,74,42,208,121,63,93,203,130,141,187,210,18,117,91,199,111,149,5,82,100,147,21,15,27,207,46,35	4,5,0.5555,0,210;2,1,0.5895,1,4;7,5,0.6055,0,201;1,0,0.7575,0,39;3,5,0.9755,0,118;0,0,0.5175,0,210
ood_compose_regime-00725	5	2	1	167,27,67,4,205,141,99,206,147,45,214,39,135,89,93,199,51,21,12,136,85,200,20,113,181,80,40,194,210,150,111,72,60,117,125,164	3,2,0.8265,0,13;2,5,0.1635,0,81;2,2,0.6565,3,21;7,3,0.2985,0,209;2,5,0.3905,0,186;4,5,0.0415,0,199
ood_compose_regime-00726	5	2	1	170,129,115,199,93,173,6,134,156,141,137,24,147,61,185,215,66,38,75,42,45,174,203,150,101,69,14,106,27,89,117,183,52,18,86,172	5,4,0.5535,3,28;2,4,0.5015,0,17;3,3,0.4085,0,251;2,4,0.2655,0,165;4,0,0.6395,0,255;8,4,0.2285,0,123
ood_compose_regime-00727	5	2	2	147,25,108,16,15,211,65,189,170,62,172,192,87,112,214,197,200,97,93,117,4,45,139,52,43,141,161,37,21,76,131,151,126,91,69,203	3,5,0.1675,0,37;0,3,0.6715,0,150;3,4,0.3615,0,35;3,5,0.6835,0,183;0,2,0.1165,0,86;5,1,0.6635,0,248
ood_compose_regime-00728	6	2	1	16,172,65,110,56,96,150,124,175,41,147,1,12,177,21,137,92,85,58,135,172,117,116,188,141,45,199,36,189,210,179,179,76,97,31,71	0,2,0.1265,0,168;6,2,0.2935,0,251;7,0,0.3055,2,59;3,3,0.9485,3,192;0,4,0.9355,0,181;3,5,0.3505,0,64
ood_compose_regime-00729	5	2	0	83,69,14,147,39,105,154,207,117,45,197,175,149,41,214,141,2,158,60,20,123,92,68,191,93,23,130,162,211,52,75,106,180,136,28,115	1,4,0.9655,2,111;3,5,0.3155,0,49;3,2,0.9715,0,168;2,1,0.9105,0,3;8,0,0.6345,0,228;2,0,0.0955,0,100
ood_compose_regime-00730	5	2	2	211,45,63,209,68,101,174,69,96,5,211,168,138,52,28,36,76,17,85,22,151,115,164,11,117,144,147,209,40,92,106,132,215,191,192,123	4,1,0.3515,1,120;3,2,0.1855,0,140;3,5,0.8565,0,16;3,3,0.9815,3,5;4,0,0.6785,0,30;2,2,0.4785,3,128
ood_compose_regime-00731	5	2	0	48,84,137,181,115,147,187,176,76,178,69,124,160,92,192,13,64,188,52,93,99,176,170,19,61,117,149,189,141,43,106,38,4,21,27,134	3,3,0.7605,0,72;2,4,0.6265,3,224;3,3,0.1175,0,114;3,2,0.8715,0,7;2,0,0.7645,0,169;3,4,0.2585,0,43
ood_compose_regime-00732	7	2	0	160,91,197,117,161,40,155,136,133,87,3,198,152,147,60,110,175,141,74,25,19,51,45,164,14,167,114,93,149,65,24,208,100,128,35,69	2,4,0.6325,3,61;0,1,0.0095,0,172;2,2,0.2505,0,87;1,5,0.6025,0,5;3,4,0.5355,0,13;7,3,0.0125,0,238
ood_compose_regime-00733	1	2	2	3,65,141,21,100,27,42,162,138,39,132,207,162,106,17,147,186,75,123,117,63,82,45,114,175,161,89,207,173,213,201,69,51,14,151,93	2,4,0.2845,0,221;2,5,0.5045,0,144;2,5,0.2895,0,217;2,0,0.3675,0,134;3,0,0.5265,0,75;2,2,0.4565,0,158
ood_compose_regime-00734	5	2	1	82,176,117,131,102,18,138,7,60,35,52,88,169,126,113,12,69,159,93,109,152,31,21,185,150,44,191,75,66,46,199,141,188,210,209,147	6,2,0.4365,0,64;6,1,0.8125,1,238;3,2,0.4115,0,170;2,0,0.0205,0,152;5,3,0.3265,0,204;5,1,0.5875,0,187
ood_compose_regime-00735	5	2	1	68,14,20,141,204,93,135,203,123,52,213,105,69,139,119,35,30,45,153,115,92,42,181,107,62,8,81,189,23,211,147,159,173,150,209,87	7,4,0.9545,2,105;5,1,0.4675,0,9;3,4,0.8935,0,27;8,5,0.8885,0,176;8,1,0.6845,2,234;2,5,0.7715,0,38
ood_compose_regime-00736	5	2	1	69,12,176,64,183,200,112,123,157,16,199,60,147,92,141,48,21,76,41,163,99,163,117,111,131,213,3,28,93,205,39,139,51,184,150,87	2,2,0.0115,0,153;3,5,0.3005,3,80;2,2,0.1195,0,12;3,5,0.9555,0,85;2,5,0.1895,0,199;2,1,0.6725,0,245
ood_compose_regime-00737	10	2	1	132,17,123,141,34,160,21,14,67,93,180,77,147,9,100,203,157,212,119,52,63,113,92,45,71,108,85,215,166,170,150,42,140,176,28,162	8,4,0.2245,0,41;3,0,0.4235,0,157;3,5,0.6615,2,78;4,3,0.9185,0,155;3,2,0.3465,2,46;2,2,0.8935,0,241
ood_compose_regime-00738	2	2	1	107,11,68,150,153,57,175,190,45,132,73,21,214,157,91,147,93,116,105,60,42,174,119,140,188,213,85,69,167,213,16,141,123,28,3,34	2,1,0.0915,0,160;3,0,0.5665,0,200;8,2,0.9015,0,161;0,3,0.7805,0,151;8,1,0.8415,2,199;2,2,0.8425,0,144
ood_compose_regime-00739	10	2	2	67,117,45,208,141,125,114,5,93,207,75,92,151,214,28,102,147,110,43,205,70,170,168,58,87,20,130,38,140,191,15,53,164,191,212,21	4,5,0.8225,0,106;3,4,0.7805,0,227;4,0,0.6915,1,119;2,5,0.9065,0,142;5,4,0.4905,0,163;4,0,0.8055,0,168
ood_compose_regime-00740	1	2	1	173,214,91,132,176,66,32,56,138,39,3,209,40,173,69,206,96,83,153,117,80,21,124,141,152,15,150,111,18,112,101,184,147,176,59,45	2,5,0.4465,0,61;7,5,0.0885,0,158;7,1,0.4545,0,136;7,1,0.6755,3,136;4,5,0.0445,0,114;3,2,0.4885,0,209
ood_compose_regime-00741	2	2	1	150,68,113,191,4,34,82,159,138,210,189,203,92,45,144,96,120,182,26,59,21,173,17,44,134,69,164,110,12,75,147,51,182,208,97,122	3,2,0.3155,0,87;1,0,0.9435,0,139;2,1,0.8895,0,126;2,0,0.9895,3,121;0,4,0.3565,3,40;1,4,0.4195,3,62
ood_compose_regime-00742	5	2	1	171,102,43,139,176,150,21,31,160,60,6,165,93,117,110,124,14,45,69,158,184,134,182,212,88,36,114,55,78,163,141,66,86,19,159,147	5,4,0.7355,0,180;6,2,0.6335,0,188;6,2,0.4685,0,181;5,4,0.1155,0,102;5,4,0.4835,0,5;3,4,0.6855,0,142
ood_compose_regime-00743	5	2	2	147,17,86,38,52,44,202,32,135,128,93,205,69,116,117,21,45,187,195,200,13,108,75,169,164,210,100,66,141,4,60,151,155,164,92,139	3,3,0.3715,0,204;7,4,0.9885,0,66;3,2,0.4435,0,48;2,4,0.8025,0,176;3,2,0.9775,0,21;7,5,0.7855,0,71
ood_compose_regime-00744	6	2	1	78,98,113,1,147,20,45,69,21,42,83,201,93,65,89,14,214,123,211,193,157,141,136,61,150,111,52,36,134,117,189,187,30,161,187,210	0,4,0.8415,0,183;5,2,0.5415,0,42;3,3,0.3405,0,95;5,1,0.2135,0,144;1,5,0.2335,0,227;2,4,0.0555,0,81
ood_compose_regime-00745	8	2	2	126,40,56,136,102,34,65,169,133,107,186,17,21,115,93,119,153,27,141,61,78,180,173,194,69,12,155,196,147,91,4,207,151,171,48,83	3,2,0.3025,0,110;2,0,0.0365,3,85;7,3,0.3565,0,157;5,1,0.6785,0,4;5,1,0.6345,2,108;5,3,0.1345,0,150
ood_compose_regime-00746	5	2	1	62,44,141,21,114,212,135,57,84,188,93,10,188,189,71,170,147,5,150,39,100,137,88,19,175,194,111,27,48,211,191,123,66,117,174,78	4,0,0.7095,0,139;2,5,0.8945,3,247;8,4,0.5575,2,93;5,2,0.1085,0,157;3,5,0.4005,0,94;2,5,0.3285,0,77
ood_compose_regime-00747	2	2	2	157,112,131,59,172,106,104,68,34,201,117,141,76,213,147,194,27,46,89,151,10,8,184,155,87,123,157,21,43,210,174,93,69,137,56,17	7,0,0.3185,0,248;2,0,0.7785,1,235;7,1,0.8805,0,239;3,5,0.2415,0,117;7,0,0.0265,0,82;2,1,0.3895,0,134
ood_compose_regime-00748	5	2	2	20,100,172,21,84,59,117,194,197,114,111,65,154,126,164,135,161,193,141,208,88,207,40,45,28,96,38,163,11,151,136,54,147,69,77,8	7,1,0.8275,0,112;3,4,0.0885,0,102;5,1,0.3385,0,48;4,2,0.1405,3,116;3,5,0.4125,0,196;5,5,0.1085,0,232
ood_compose_regime-00749	5	2	1	75,27,3,179,185,131,14,164,65,170,155,117,150,58,34,43,110,69,18,161,184,147,204,203,82,53,22,100,113,45,143,136,96,90,123,214	2,4,0.4265,1,79;2,0,0.7205,0,111;4,0,0.2425,0,107;2,0,0.5565,3,214;3,4,0.3075,0,137;2,1,0.0535,2,32
ood_compose_regime-00750	9	2	0	139,56,166,205,124,21,141,190,61,149,107,41,45,135,191,185,74,147,91,117,174,14,174,8,112,69,20,28,199,86,38,105,66,200,161,93	7,4,0.9715,0,182;3,4,0.3455,0,161;7,3,0.5765,0,197;1,4,0.6825,0,63;8,1,0.0585,0,131;3,5,0.7645,0,176
ood_compose_regime-00751	5	2	2	212,186,198,12,86,51,113,117,107,68,158,174,147,167,62,75,28,124,36,94,17,151,135,45,195,21,70,141,194,3,139,175,92,43,194,99	2,2,0.3475,0,1;3,2,0.7295,0,144;2,4,0.9835,1,245;2,4,0.9885,1,114;2,1,0.3045,0,103;3,5,0.6445,0,48
ood_compose_regime-00752	9	2	0	139,69,152,147,149,113,196,100,188,130,192,68,117,198,109,21,172,127,61,17,171,210,89,50,142,43,96,32,73,13,45,4,35,159,213,84	3,3,0.3535,0,152;7,1,0.7225,0,79;1,3,0.8525,0,241;0,2,0.3545,3,80;3,3,0.2525,0,247;6,0,0.6265,1,163
ood_compose_regime-00753	5	2	1	65,166,114,86,198,176,109,161,154,43,203,203,63,117,21,125,12,56,80,188,189,28,7,45,16,100,140,162,131,37,69,150,92,147,141,93	6,2,0.0365,0,52;3,3,0.7215,0,162;7,5,0.2555,0,20;7,4,0.9215,0,57;3,3,0.5795,0,73;4,1,0.8625,0,48
ood_compose_regime-00754	5	2	1	139,142,69,202,63,166,181,20,174,42,14,124,37,64,87,3,45,93,181,109,153,24,163,113,201,32,132,150,76,199,101,147,210,92,117,53	2,4,0.9765,3,97;7,3,0.4275,0,25;4,5,0.0495,0,46;3,5,0.8975,0,102;4,3,0.2445,0,221;3,2,0.7515,1,218
ood_compose_regime-00755	1	2	0	53,140,147,154,87,107,117,90,44,45,101,27,76,64,196,211,113,69,21,177,141,39,149,214,58,20,171,174,93,155,159,129,8,132,213,14	7,4,0.9455,0,224;2,5,0.9685,0,18;4,0,0.0275,0,213;3,5,0.5115,0,210;4,1,0.3405,0,205;8,2,0.9425,0,93
ood_compose_regime-00756	5	2	2	213,62,70,52,211,80,174,116,117,159,182,83,13,147,93,140,21,45,205,192,201,100,19,133,125,190,6,28,91,37,151,141,67,44,108,201	5,3,0.6005,0,17;3,3,0.9315,0,167;3,4,0.7225,1,78;7,1,0.7035,0,115;3,2,0.9895,0,199;4,3,0.9445,0,99
ood_compose_regime-00757	5	2	1	83,69,150,100,115,61,16,110,43,2,92,164,27,93,184,78,162,171,139,68,152,142,147,191,133,125,50,117,167,15,38,184,189,21,45,165	1,5,0.0095,0,13;2,4,0.6565,0,237;1,3,0.8695,0,226;5,1,0.9665,0,92;3,4,0.7175,0,139;4,3,0.6515,1,50
ood_compose_regime-00758	5	2	1	106,167,43,112,140,66,69,147,18,134,194,165,62,150,188,37,21,182,99,215,127,83,78,50,153,11,191,141,193,119,28,196,89,5,93,45	4,1,0.4975,0,219;3,3,0.7085,0,39;1,4,0.4425,0,200;5,1,0.2825,0,5;2,0,0.1925,2,127;6,4,0.8665,0,169
ood_compose_regime-00759	2	2	0	201,199,69,17,149,68,10,188,182,42,7,212,89,59,103,54,147,173,36,135,33,45,141,165,93,114,203,124,110,120,85,194,74,21,139,211	6,0,0.2965,0,7;8,2,0.5395,0,200;5,1,0.9985,0,247;1,3,0.3725,0,5;6,4,0.4155,3,13;3,5,0.7685,0,15
ood_compose_regime-00760	10	2	0	186,69,21,165,39,135,137,100,42,86,45,141,149,88,152,182,18,153,173,129,12,66,63,79,33,54,117,190,172,162,108,147,9,93,113,194	8,2,0.4625,0,19;8,5,0.4975,0,63;5,5,0.5275,0,175;6,4,0.0055,0,32;3,2,0.3965,0,189;8,5,0.2945,0,63
ood_compose_regime-00761	10	2	1	82,139,51,9,76,92,33,115,15,171,66,159,69,107,172,166,184,191,181,45,214,21,130,93,150,60,141,36,105,117,20,147,124,170,43,210	8,5,0.8955,0,37;8,2,0.7445,0,238;2,2,0.5995,0,74;3,0,0.9765,0,106;8,1,0.6785,0,47;3,0,0.6615,0,106
ood_compose_regime-00762	10	2	2	187,204,45,183,147,136,167,30,37,168,100,3,141,90,93,183,199,208,12,151,71,113,21,108,41,176,87,57,62,66,18,135,123,215,81,117	2,2,0.5625,0,26;5,3,0.2375,0,241;8,4,0.4355,2,242;8,5,0.5665,0,77;3,2,0.2825,0,129;2,5,0.1695,0,243
ood_compose_regime-00763	2	2	1	140,169,189,45,99,141,83,34,93,107,150,147,75,198,44,116,117,178,132,51,91,168,129,65,21,176,215,4,25,10,198,69,17,164,59,187	3,0,0.2815,0,161;0,0,0.8865,0,176;2,1,0.3525,0,125;2,1,0.6945,0,152;2,1,0.9455,0,196;8,2,0.8465,0,222
ood_compose_regime-00764	5	2	1	127,21,101,164,67,183,199,69,45,147,106,190,138,76,42,84,194,132,90,7,117,59,18,150,114,141,198,93,31,55,158,11,184,192,170,37	6,1,0.4575,0,133;6,3,0.4905,0,92;6,1,0.7155,0,152;3,2,0.5345,0,64;4,0,0.5345,0,63;6,2,0.4345,0,235
ood_compose_regime-00765	9	2	0	65,8,105,167,32,106,45,85,136,44,177,147,178,23,63,207,189,213,76,20,214,213,141,123,132,89,118,52,38,94,69,115,13,192,168,149	7,3,0.9345,2,143;7,4,0.8835,0,41;3,5,0.2435,0,10;3,3,0.3475,1,178;8,0,0.7365,1,94;2,2,0.0535,0,81
ood_compose_regime-00766	7	2	2	74,165,10,141,59,87,137,147,176,69,197,26,92,97,151,152,21,213,45,18,113,49,108,93,169,135,124,4,117,64,154,213,41,160,207,38	3,0,0.4125,0,142;1,4,0.3255,0,67;0,1,0.1705,0,142;1,5,0.8035,0,200;0,2,0.3015,0,179;3,5,0.3965,0,36
ood_compose_regime-00767	5	2	2	21,123,189,45,11,130,19,98,27,147,41,90,197,141,151,82,52,186,207,180,185,69,166,81,215,63,65,110,93,137,38,211,209,3,120,112	2,1,0.6645,0,136;2,4,0.3455,0,166;3,5,0.2435,0,97;8,0,0.4455,0,199;1,4,0.1975,3,245;2,0,0.3045,0,98
ood_compose_regime-00768	5	2	1	45,210,61,106,69,93,66,21,199,142,176,196,89,204,173,157,211,116,35,40,130,104,128,50,14,166,26,117,4,147,139,86,20,150,196,75	3,4,0.8395,0,167;1,1,0.1565,0,79;1,3,0.5965,0,159;2,4,0.2255,0,80;7,0,0.8165,0,191;7,0,0.7825,1,251
ood_compose_regime-00769	5	2	0	187,63,127,211,65,165,176,186,101,131,93,52,109,21,164,26,117,77,88,112,147,42,69,45,149,162,84,11,35,168,160,141,165,1,16,139	0,1,0.0235,0,246;1,1,0.5315,0,78;3,5,0.3445,0,123;4,2,0.0855,0,239;4,3,0.1085,0,97;6,1,0.6155,0,55
ood_compose_regime-00770	5	2	0	33,117,14,115,58,90,40,180,179,147,124,211,57,66,164,141,149,194,99,184,45,21,36,18,93,2,133,82,70,213,81,154,209,140,182,111	1,4,0.4735,0,26;8,2,0.0765,0,109;8,0,0.4485,1,152;8,0,0.4515,0,246;2,5,0.7275,0,95;3,3,0.8245,0,23
ood_compose_regime-00771	5	2	0	204,51,167,158,100,19,44,109,3,45,157,29,199,141,117,134,207,149,75,210,69,124,116,136,21,93,208,59,39,89,65,86,147,11,169,192	2,1,0.7515,0,171;4,5,0.9955,0,111;2,1,0.2295,0,133;2,4,0.3205,0,187;3,3,0.8885,0,150;3,4,0.0795,0,114
ood_compose_regime-00772	5	2	1	127,75,214,44,147,86,62,21,155,13,153,193,186,112,104,117,172,141,93,214,4,139,28,20,68,150,88,183,174,52,130,34,45,71,158,111	3,3,0.8965,0,255;3,0,0.9875,0,152;3,4,0.8755,2,113;2,4,0.1285,0,134;7,5,0.0585,0,67;6,0,0.7255,0,244
ood_compose_regime-00773	2	2	1	21,34,68,208,121,132,190,207,62,99,141,52,28,41,194,1,157,69,45,82,150,93,204,107,140,76,116,214,117,90,18,179,159,193,147,11	0,1,0.5205,0,43;3,0,0.2855,0,138;3,4,0.9315,0,17;3,0,0.5645,0,145;2,1,0.9595,0,156;0,2,0.9285,0,254
ood_compose_regime-00774	9	2	1	194,15,8,161,40,21,210,82,18,128,147,191,93,28,150,211,140,117,212,62,133,107,190,104,89,64,45,141,214,112,57,154,183,39,69,76	7,5,0.5715,0,76;3,5,0.1645,0,57;8,4,0.1465,0,149;3,0,0.2815,0,185;7,1,0.1045,0,204;7,3,0.9555,0,153
ood_compose_regime-00775	5	2	0	173,65,69,139,4,84,76,60,147,45,92,124,52,29,93,149,100,115,21,164,163,190,110,158,10,117,134,192,187,162,165,44,19,203,141,36	3,0,0.6655,0,76;4,2,0.8075,0,40;3,2,0.3675,0,210;3,2,0.8415,0,160;3,4,0.7475,0,251;3,4,0.6915,0,120
ood_compose_regime-00776	5	2	0	43,162,88,37,196,60,204,83,117,2,17,157,141,68,147,127,45,134,202,93,136,154,184,155,116,10,51,100,197,109,28,149,199,69,79,21	1,0,0.3785,0,101;3,3,0.7925,0,167;2,2,0.9855,0,15;6,1,0.1665,0,203;3,3,0.8075,0,38;6,4,0.0685,0,132
ood_compose_regime-00777	6	2	2	140,114,49,184,22,141,3,203,92,10,25,132,108,45,69,151,174,179,124,36,201,42,215,93,19,99,157,119,68,147,197,169,177,62,82,74	2,0,0.6475,1,176;0,2,0.5095,0,189;0,4,0.8475,0,173;1,0,0.8845,0,178;2,2,0.4415,2,92;3,2,0.9675,0,191
ood_compose_regime-00778	5	2	1	141,175,7,82,41,124,182,10,210,150,166,63,108,179,117,19,69,133,21,36,93,31,116,68,45,92,215,50,177,105,207,138,186,198,147,76	6,0,0.6575,0,137;6,2,0.3375,0,132;1,5,0.8845,0,248;3,0,0.9625,0,212;8,2,0.9585,0,37;3,3,0.5295,0,53
ood_compose_regime-00779	5	2	2	115,215,139,54,43,147,45,151,28,95,159,69,4,152,92,21,38,124,210,193,59,204,169,211,65,13,76,213,169,106,100,117,141,82,17,133	3,3,0.3335,0,124;3,4,0.6965,0,177;5,1,0.2785,0,126;3,0,0.9295,2,251;3,0,0.6095,0,115;3,3,0.7055,0,75
ood_compose_regime-00780	5	2	2	64,189,84,134,186,49,137,69,39,142,76,186,180,175,165,90,4,147,168,180,93,23,44,118,27,48,100,115,62,124,181,175,13,108,16,151	3,3,0.1495,2,191;2,5,0.8435,3,113;0,4,0.0685,0,10;3,2,0.4345,0,73;3,2,0.7575,1,238;3,4,0.2965,1,60
ood_compose_regime-00781	5	2	1	18,193,180,181,70,65,34,15,168,42,158,51,150,123,116,45,32,4,195,182,58,131,93,119,140,147,99,213,167,21,141,86,110,160,90,76	3,5,0.4875,0,107;7,0,0.4425,0,1;2,0,0.3105,1,77;3,4,0.4685,0,125;2,4,0.9325,2,244;2,1,0.9055,0,3
ood_compose_regime-00782	5	2	1	76,27,93,137,204,166,52,186,192,104,21,141,204,171,114,165,65,4,38,147,117,157,45,60,18,69,109,123,194,131,150,10,86,44,212,92	3,0,0.4435,0,166;2,4,0.8725,0,12;3,2,0.3255,0,138;3,4,0.9995,0,31;7,3,0.4115,0,87;2,1,0.3895,0,254
ood_compose_regime-00783	5	2	1	63,181,112,45,132,28,37,166,44,194,69,175,182,150,93,80,87,139,21,154,91,124,106,168,117,15,103,67,168,199,147,141,6,207,16,51	5,5,0.0245,0,55;3,3,0.9435,0,212;2,5,0.6865,0,28;7,5,0.7945,0,234;6,0,0.0595,0,172;3,2,0.6065,0,88
ood_compose_regime-00784	9	2	0	160,32,149,122,37,18,15,2,110,147,115,211,204,100,131,117,65,93,213,92,74,160,141,59,45,54,205,86,162,21,137,159,170,41,69,199	1,5,0.4375,0,249;7,3,0.2975,0,59;5,1,0.2145,0,140;1,4,0.9995,0,130;3,4,0.7885,0,202;1,1,0.3085,0,202
ood_compose_regime-00785	5	2	2	175,11,175,98,198,141,65,134,93,45,147,123,76,178,62,72,91,215,171,21,107,139,117,159,16,40,204,31,151,200,36,55,213,116,7,84	6,1,0.1935,0,94;6,2,0.1625,0,175;6,4,0.3435,3,32;3,2,0.6495,0,252;1,1,0.9695,0,107;2,4,0.7985,0,153
ood_compose_regime-00786	5	2	0	66,134,21,84,110,163,28,113,15,51,89,169,129,69,19,203,93,152,99,147,141,59,42,206,149,167,36,170,4,117,75,165,137,45,207,214	3,5,0.6065,0,41;3,2,0.5065,0,173;2,1,0.4845,0,215;2,2,0.3465,0,121;2,4,0.3645,0,140;8,4,0.3495,0,183
ood_compose_regime-00787	5	2	0	37,106,52,210,149,184,8,124,21,93,141,117,32,17,66,69,98,76,164,48,41,147,184,89,155,140,13,158,135,85,179,184,112,215,63,203	7,3,0.3755,0,232;7,3,0.3305,3,140;3,5,0.5415,0,116;3,3,0.2805,0,164;1,0,0.1905,0,255;3,5,0.9485,0,49
ood_compose_regime-00788	5	2	1	44,19,82,141,178,91,3,69,95,150,12,189,108,147,130,173,215,205,45,117,139,155,201,37,169,114,59,206,129,21,100,51,152,80,67,31	2,2,0.7605,0,33;6,3,0.9735,0,63;2,1,0.6355,0,205;7,0,0.7305,2,239;3,2,0.4405,0,35;8,0,0.7485,0,201
ood_compose_regime-00789	2	2	0	47,16,147,107,69,119,26,34,21,207,173,122,136,76,209,193,149,166,160,191,114,41,143,209,91,82,68,202,12,133,50,188,93,4,58,105	3,2,0.1695,0,160;1,0,0.3465,2,105;1,0,0.8965,0,255;3,0,0.6665,0,90;8,1,0.4825,2,227;1,3,0.1125,2,87
ood_compose_regime-00790	1	2	0	12,91,67,208,129,57,45,110,149,183,152,214,27,141,115,195,23,86,36,9,20,93,163,147,100,162,132,167,71,184,140,41,209,63,117,75	8,2,0.8805,2,108;2,2,0.3685,0,171;8,5,0.7995,2,236;2,4,0.6835,0,229;3,4,0.6885,0,53;8,2,0.8185,0,124
ood_compose_regime-00791	5	2	2	11,135,168,55,91,151,69,199,36,103,67,85,164,175,61,30,198,43,7,204,141,107,93,48,140,147,112,162,153,78,124,16,117,173,206,21	6,1,0.0145,0,148;5,2,0.6635,3,132;6,3,0.7925,0,188;5,3,0.6515,0,179;6,1,0.0115,0,60;3,5,0.9145,0,234
ood_compose_regime-00792	5	2	0	127,189,87,61,4,157,157,43,147,194,160,78,99,67,34,141,192,170,14,149,28,21,69,93,89,52,17,45,130,108,183,112,117,136,208,190	3,4,0.2495,0,217;3,0,0.7275,0,9;3,3,0.7175,0,19;5,5,0.2185,0,114;2,2,0.1205,0,92;6,0,0.1545,0,235
ood_compose_regime-00793	2	2	0	107,90,62,189,83,47,215,52,153,215,136,31,153,161,10,78,16,35,180,1,43,23,101,69,117,124,93,142,163,67,197,174,115,132,149,147	0,0,0.1025,2,196;6,1,0.7095,2,234;3,4,0.6395,0,79;5,1,0.4205,0,43;4,1,0.7045,0,188;3,2,0.0245,1,91
ood_compose_regime-00794	5	2	2	163,4,20,52,40,156,92,210,197,215,61,213,93,143,66,85,37,45,138,131,69,147,211,76,164,100,112,170,28,12,126,117,111,151,208,21	3,2,0.9065,0,108;3,3,0.0185,0,82;3,3,0.4535,0,68;3,3,0.8135,0,233;3,5,0.0605,0,197;5,1,0.5505,2,86
ood_compose_regime-00795	2	2	0	119,9,124,161,69,88,36,152,112,60,93,147,14,183,160,171,18,180,73,21,144,176,85,138,40,132,110,67,208,149,52,99,196,162,47,27	8,4,0.4025,0,103;2,2,0.1395,2,184;3,2,0.7995,0,134;0,3,0.1835,0,4;2,4,0.1925,2,81;3,2,0.5585,3,97
ood_compose_regime-00796	9	2	1	91,195,59,152,162,81,27,97,138,71,45,41,147,34,166,53,213,93,64,124,115,18,169,188,130,110,84,13,21,175,150,8,141,208,117,188	7,3,0.4775,0,49;2,0,0.2505,0,221;4,1,0.1875,2,112;8,2,0.7065,0,110;0,4,0.7085,0,26;3,0,0.4135,0,78
ood_compose_regime-00797	5	2	0	181,121,19,131,112,67,39,97,33,141,155,62,177,119,52,2,79,182,69,88,136,195,159,22,152,84,149,15,47,215,185,108,40,147,93,161	1,5,0.6945,1,144;8,5,0.1325,2,242;3,4,0.7555,0,39;6,2,0.0175,0,147;0,2,0.0065,2,99;0,1,0.0005,0,20
ood_compose_regime-00798	5	2	2	41,184,114,182,15,46,137,117,124,84,4,21,198,71,92,99,16,30,54,161,76,65,197,151,135,61,168,93,35,170,107,141,171,205,147,180	3,5,0.0415,0,191;5,1,0.2145,1,94;5,3,0.3195,2,39;3,2,0.8065,0,235;2,1,0.5965,0,208;3,5,0.3165,0,126
ood_compose_regime-00799	5	2	2	184,147,215,161,92,93,7,182,69,138,85,112,201,158,11,195,141,16,107,66,46,184,61,36,131,104,204,41,28,52,79,151,165,22,117,127	6,1,0.1555,1,213;3,2,0.2685,1,226;3,3,0.5205,0,36;6,3,0.9445,0,236;7,1,0.0635,0,214;6,1,0.5905,0,53
ood_compose_regime-00800	5	2	0	175,136,112,39,93,149,147,186,42,86,52,141,92,130,155,209,16,76,203,4,154,198,119,10,124,109,45,67,174,28,21,202,58,69,164,100	3,0,0.1135,0,137;3,5,0.4695,0,162;3,0,0.7835,0,243;3,4,0.8895,0,251;3,3,0.1795,2,251;3,0,0.0385,0,255
ood_compose_regime-00801	5	2	2	141,170,56,155,213,38,59,167,117,18,80,100,154,176,147,86,88,173,93,175,10,151,115,69,158,66,22,45,130,40,124,136,4,154,32,110	3,0,0.4895,1,70;7,4,0.0795,0,251;7,1,0.4155,0,186;7,4,0.0565,0,113;3,4,0.7265,0,68;3,0,0.1695,0,166
ood_compose_regime-00802	5	2	1	52,20,58,40,45,166,147,197,12,90,93,139,100,113,124,205,69,132,150,214,108,161,26,117,21,76,86,65,161,186,158,4,141,188,34,197	3,2,0.9615,0,228;1,0,0.1315,0,142;3,0,0.3965,0,161;3,4,0.5765,0,50;3,2,0.2735,0,43;3,2,0.7025,0,203
ood_compose_regime-00803	2	2	0	124,214,67,149,110,200,164,27,105,180,91,82,141,138,188,45,2,74,191,24,35,117,205,69,17,40,161,96,183,113,59,132,147,164,56,15	1,5,0.2445,3,167;2,1,0.1535,0,188;7,1,0.7165,0,10;1,0,0.6105,3,26;8,4,0.3455,0,253;3,2,0.4435,0,244
ood_compose_regime-00804	10	2	2	141,23,41,191,132,45,16,178,91,86,157,8,176,62,115,28,51,101,151,197,196,137,117,38,10,109,159,96,147,69,190,125,202,67,81,176	7,0,0.1895,2,82;3,4,0.3845,0,44;2,4,0.7925,0,14;8,4,0.6665,3,30;4,3,0.6185,0,68;4,2,0.2425,0,228
ood_compose_regime-00805	2	2	2	62,195,170,170,187,108,41,151,196,123,117,56,115,179,14,36,18,140,4,208,193,22,45,77,156,141,211,100,27,147,91,64,93,83,131,69	3,4,0.5715,1,193;2,2,0.3825,0,11;7,4,0.1655,0,254;4,1,0.6785,0,58;3,2,0.7685,0,218;2,1,0.8745,0,0
ood_compose_regime-00806	5	2	2	61,159,152,67,21,134,203,98,172,33,180,214,204,17,137,74,117,151,141,35,95,4,164,186,147,42,12,47,52,112,69,88,201,121,82,107	3,2,0.3985,0,8;8,1,0.4455,2,116;3,3,0.6315,0,143;1,0,0.1905,2,242;1,1,0.0975,0,20;0,4,0.2585,0,169
ood_compose_regime-00807	9	2	1	150,106,116,188,117,80,125,93,59,42,100,54,86,171,205,69,144,194,181,29,161,21,206,90,65,186,8,45,147,130,14,177,179,35,138,18	7,4,0.4845,0,251;4,1,0.4315,0,243;5,1,0.3995,0,64;7,4,0.4725,0,93;3,0,0.8485,0,160;4,0,0.4075,3,49
ood_compose_regime-00808	5	2	0	51,163,1,27,125,189,174,149,179,147,160,91,117,139,45,178,76,93,21,86,34,177,59,44,18,113,66,14,69,130,108,181,189,144,100,196	0,4,0.4355,0,198;2,0,0.9245,0,211;2,1,0.5565,0,236;3,4,0.7105,0,20;3,2,0.2525,0,203;4,0,0.7905,3,217
ood_compose_regime-00809	10	2	2	49,90,154,124,112,69,176,64,134,166,171,36,210,138,201,45,147,18,176,87,93,117,108,81,3,97,155,61,169,11,21,151,31,171,40,141	2,1,0.4435,0,23;6,2,0.0135,0,111;0,3,0.1395,0,50;8,5,0.5655,0,154;0,2,0.1255,0,113;3,4,0.5425,0,157
ood_compose_regime-00810	5	2	2	208,106,208,124,24,209,93,29,134,69,44,188,63,141,80,179,147,4,117,15,52,167,151,99,19,45,191,177,37,89,112,67,159,87,137,170	3,5,0.7925,3,217;4,3,0.9565,0,121;3,5,0.6725,0,74;7,5,0.3965,0,224;2,0,0.0375,0,237;3,4,0.3425,0,147
ood_compose_regime-00811	5	2	2	45,59,169,205,32,158,189,111,140,151,10,117,141,147,21,116,41,100,213,4,65,132,180,53,82,93,76,190,194,186,18,90,72,124,184,35	3,0,0.5235,0,33;7,1,0.3825,0,240;4,1,0.3775,3,143;3,0,0.4635,0,62;3,5,0.8605,0,135;3,2,0.9115,0,87
ood_compose_regime-00812	6	2	1	20,21,124,173,189,209,74,47,88,117,155,197,34,147,66,115,169,69,168,86,93,133,13,105,214,141,58,175,150,110,1,41,139,50,170,32	0,3,0.8315,0,69;7,0,0.2645,2,84;1,0,0.4235,0,39;1,4,0.0865,0,176;8,4,0.6295,0,49;3,3,0.7745,0,17
ood_compose_regime-00813	5	2	0	87,108,131,202,56,100,18,15,89,31,189,177,4,152,149,176,93,37,113,117,62,21,66,166,44,147,75,45,69,141,199,136,187,162,128,200	3,5,0.5895,0,115;6,3,0.8445,0,30;7,4,0.5165,0,200;2,5,0.3165,0,21;3,2,0.2215,0,233;7,1,0.0785,0,39
ood_compose_regime-00814	10	2	2	92,199,151,21,15,202,178,210,69,45,33,189,99,76,123,147,134,214,117,39,53,44,141,19,162,163,108,5,93,157,86,112,60,195,67,140	4,5,0.6465,0,1;8,5,0.9565,0,245;4,2,0.7135,0,25;3,4,0.8925,0,192;2,2,0.1555,0,224;2,4,0.8555,0,220
ood_compose_regime-00815	7	2	2	138,15,69,147,211,166,45,50,200,193,130,124,26,209,165,98,170,59,90,67,82,151,118,115,34,111,74,22,19,195,42,159,5,93,141,189	4,5,0.6245,1,2;1,0,0.5185,0,253;1,1,0.6185,0,37;1,0,0.5195,0,95;1,5,0.6965,1,16;3,0,0.4895,0,227
ood_compose_regime-00816	5	2	0	15,41,143,100,161,21,179,175,116,109,152,147,93,63,45,204,180,149,132,117,28,180,66,181,57,138,87,3,36,123,17,169,75,201,71,90	2,5,0.3115,0,192;3,2,0.3095,0,253;8,5,0.4685,2,34;2,5,0.5245,0,243;3,3,0.9655,0,4;2,2,0.5845,2,34
ood_compose_regime-00817	1	2	0	165,176,147,185,141,149,206,177,153,116,28,21,93,20,137,12,204,213,34,50,66,90,210,83,212,62,3,104,117,122,130,45,106,69,79,44	2,2,0.9755,0,211;3,0,0.8725,0,166;1,4,0.5925,0,28;6,1,0.5275,0,56;7,0,0.9295,0,174;1,0,0.3125,0,136
ood_compose_regime-00818	5	2	0	99,93,149,3,87,137,92,156,55,188,212,12,39,117,206,189,44,64,75,198,107,18,113,123,45,141,23,165,211,130,69,58,147,28,164,179	2,2,0.5155,2,193;3,5,0.8975,0,55;6,0,0.0905,0,250;2,5,0.9945,0,71;2,1,0.3565,0,216;2,0,0.3695,0,138
ood_compose_regime-00819	5	2	1	75,174,29,90,215,69,178,214,124,59,205,113,147,45,16,3,12,168,35,42,164,51,108,82,157,118,150,201,66,105,185,141,95,21,137,135	2,2,0.1715,0,134;4,1,0.5375,0,217;2,1,0.5035,0,111;2,0,0.4565,2,142;8,2,0.3005,1,160;3,5,0.2635,0,148
ood_compose_regime-00820	10	2	2	7,147,70,160,106,44,198,76,66,31,100,115,159,152,192,93,91,163,153,45,16,175,135,151,139,207,10,84,117,63,186,141,57,21,129,34	6,0,0.1925,0,144;6,0,0.9635,0,92;8,5,0.4815,1,71;3,2,0.7795,0,91;3,0,0.6015,0,94;8,5,0.6585,0,185
ood_compose_regime-00821	5	2	2	143,92,66,187,147,63,27,108,171,123,151,100,190,48,211,175,20,135,75,34,51,137,215,21,43,198,166,170,13,117,4,69,93,113,175,87	3,3,0.8985,0,244;2,0,0.6255,3,74;2,5,0.5985,0,15;2,5,0.8825,0,99;3,2,0.2465,0,107;2,5,0.2595,2,128
ood_compose_regime-00822	5	2	2	38,130,207,19,210,11,158,196,193,139,47,76,111,8,44,214,115,92,50,151,141,161,69,65,187,171,93,21,28,117,86,100,63,127,170,147	7,1,0.7445,0,34;3,4,0.9485,2,84;1,5,0.3335,0,122;3,4,0.8925,0,204;3,5,0.7335,0,96;6,0,0.6985,0,88
ood_compose_regime-00823	2	2	2	66,13,151,117,89,141,182,78,69,16,192,110,175,36,41,121,147,21,139,60,45,25,215,173,196,85,188,100,112,163,174,131,93,158,4,52	3,3,0.1795,0,94;0,2,0.3835,0,13;3,2,0.4485,0,180;5,3,0.3445,0,255;3,4,0.0835,0,7;0,1,0.7225,0,15
ood_compose_regime-00824	2	2	0	147,93,195,149,200,168,6,172,152,70,73,192,154,60,86,116,100,42,45,209,137,65,117,108,19,21,31,91,52,159,12,128,163,131,141,34	5,2,0.6905,0,102;6,0,0.4755,0,7;3,2,0.3215,1,64;0,4,0.6775,0,206;3,2,0.8715,0,29;7,1,0.3015,0,33
ood_compose_regime-00825	2	2	0	54,34,102,59,12,111,65,209,171,141,149,181,4,159,147,187,88,44,93,132,137,198,114,33,19,45,211,179,119,81,69,21,84,210,169,129	3,2,0.7105,0,134;8,0,0.8015,0,101;5,1,0.3505,0,91;8,2,0.1905,0,229;5,5,0.5995,2,29;8,2,0.3465,0,76
ood_compose_regime-00826	7	2	1	66,169,134,14,100,197,116,82,26,198,128,93,73,43,59,150,212,56,111,176,188,19,37,161,205,71,88,21,2,147,185,177,138,45,117,142	1,4,0.6555,0,65;1,3,0.6445,0,193;7,1,0.5145,2,147;0,0,0.1615,0,40;3,5,0.8855,0,177;7,4,0.4925,1,138
ood_compose_regime-00827	6	2	1	164,87,66,175,106,117,60,34,97,150,45,170,213,141,207,9,21,215,166,88,115,147,49,121,140,18,69,10,191,214,93,76,42,28,133,203	8,0,0.4285,0,51;3,0,0.5955,0,119;0,2,0.5175,0,197;3,5,0.1055,0,57;0,0,0.7995,0,102;0,3,0.8505,0,236
ood_compose_regime-00828	5	2	2	45,135,31,210,124,4,136,106,69,206,172,61,21,151,141,147,40,34,19,176,76,113,89,117,170,93,68,161,86,200,198,15,101,204,52,162	3,5,0.6135,0,122;6,0,0.0185,0,100;3,3,0.8605,0,188;3,4,0.2465,0,205;4,0,0.3815,0,6;3,5,0.0115,0,36
ood_compose_regime-00829	1	2	1	173,51,88,117,69,141,174,76,167,34,26,182,150,62,194,67,166,152,140,21,44,12,186,93,161,87,128,110,187,17,147,131,45,4,97,114	3,2,0.3455,0,7;1,0,0.8515,0,113;2,4,0.6245,0,123;3,5,0.1505,0,145;0,4,0.5775,0,10;7,1,0.8985,0,48
ood_compose_regime-00830	5	2	1	93,82,13,38,210,64,120,195,45,114,156,111,136,49,129,4,147,167,100,60,141,150,76,21,28,205,166,90,132,180,19,72,199,177,41,194	3,3,0.6715,0,239;3,4,0.3885,0,81;0,2,0.1465,3,179;3,0,0.5275,0,19;3,5,0.4815,3,190;8,2,0.0325,0,31
ood_compose_regime-00831	7	2	2	27,180,202,213,164,147,151,110,194,82,17,45,80,88,133,122,42,7,69,52,62,184,195,112,141,117,139,177,21,209,10,65,93,104,153,38	6,0,0.3025,0,4;2,4,0.4205,0,172;3,4,0.2825,0,200;7,0,0.0395,0,71;7,4,0.1855,0,212;1,3,0.6155,0,237
ood_compose_regime-00832	5	2	1	197,141,147,124,45,28,36,184,44,162,93,117,110,21,209,65,211,211,59,150,80,103,152,10,19,186,136,132,116,2,69,54,190,83,205,88	1,0,0.6055,0,197;3,2,0.9125,0,12;5,1,0.2755,0,27;7,1,0.0005,0,217;6,4,0.8765,0,236;3,2,0.0735,0,215
ood_compose_regime-00833	5	2	1	170,20,152,150,195,140,118,198,141,45,114,88,164,176,82,52,107,121,205,94,74,204,62,99,12,147,4,193,37,41,69,196,64,133,21,28	3,2,0.9895,0,226;3,3,0.3205,0,122;3,4,0.1915,0,84;1,0,0.1705,1,128;2,1,0.4585,1,16;0,3,0.8105,0,118
ood_compose_regime-00834	5	2	2	111,126,87,177,52,208,69,93,41,117,152,45,91,58,201,197,4,10,141,32,204,200,100,151,147,38,135,19,137,21,157,81,189,116,172,67	3,0,0.6165,0,196;7,4,0.3015,0,213;3,0,0.7685,0,79;8,5,0.7435,0,170;3,5,0.9505,0,107;5,5,0.3745,0,71
ood_compose_regime-00835	7	2	0	61,41,74,116,93,100,69,117,178,211,45,38,137,198,152,13,26,159,175,207,4,149,141,190,110,92,161,147,85,189,50,125,66,132,21,18	3,3,0.5595,0,87;1,4,0.3955,0,194;1,3,0.4645,0,162;1,3,0.8735,0,157;3,4,0.8045,0,252;4,2,0.2825,0,32
ood_compose_regime-00836	5	2	2	119,188,123,174,66,151,28,106,82,140,193,147,93,132,60,104,161,52,141,113,45,14,215,206,168,202,69,214,17,21,2,77,43,37,213,90	1,4,0.3915,0,151;3,3,0.6805,0,127;3,2,0.5245,0,71;4,0,0.4835,0,139;7,0,0.3795,2,126;2,2,0.9925,0,158
ood_compose_regime-00837	5	2	0	156,142,43,69,149,208,21,208,147,76,117,165,139,153,93,28,114,109,82,38,169,4,45,51,92,19,13,160,124,100,65,176,132,177,58,160	3,3,0.6625,0,207;3,4,0.7745,0,167;2,0,0.2165,0,184;3,0,0.9975,0,119;3,3,0.4155,0,84;3,2,0.6705,1,40
ood_compose_regime-00838	2	2	0	112,188,109,189,21,44,175,57,133,19,36,147,86,154,169,117,194,11,28,45,149,183,190,81,140,125,59,98,93,65,69,170,163,91,3,144	2,1,0.7545,0,66;3,2,0.8795,0,139;8,1,0.3665,0,213;8,4,0.7785,0,80;1,3,0.1745,0,77;4,3,0.9095,3,127
ood_compose_regime-00839	5	2	1	46,58,93,7,136,89,147,84,141,21,195,134,154,127,117,10,29,205,19,113,69,49,179,203,211,79,150,100,190,66,43,196,34,109,189,162	6,0,0.6195,0,141;4,0,0.7565,1,19;0,0,0.4985,0,190;6,2,0.2645,0,35;3,3,0.2415,0,28;6,4,0.0915,0,20
ood_compose_regime-00840	8	2	1	215,59,69,181,136,45,147,208,57,6,41,204,102,109,163,17,134,90,141,117,194,87,209,185,93,30,36,179,76,116,196,12,150,21,126,65	5,2,0.2335,0,36;5,2,0.3765,0,208;8,1,0.2545,0,126;3,5,0.4115,0,104;5,3,0.9905,0,185;5,4,0.0335,0,167
ood_compose_regime-00841	2	2	0	207,134,45,100,141,184,147,17,117,21,71,10,123,108,209,84,60,199,190,36,154,137,4,159,91,81,116,149,65,164,28,44,93,152,178,52	3,0,0.3455,0,214;3,2,0.9775,0,251;3,2,0.2915,2,201;8,2,0.7015,0,224;3,2,0.8655,0,107;2,4,0.2195,0,6
ood_compose_regime-00842	10	2	0	103,4,211,10,156,127,90,86,26,173,69,63,212,43,68,136,166,149,147,201,57,21,157,93,113,19,46,132,212,117,159,110,73,211,35,141	3,0,0.7265,0,136;1,1,0.7855,1,244;8,5,0.9655,0,129;0,4,0.4425,0,239;6,4,0.3935,0,117;6,2,0.0335,0,132
ood_compose_regime-00843	5	2	2	90,69,52,206,210,114,192,40,173,140,95,67,110,7,63,45,17,192,209,144,160,117,77,200,83,13,147,151,36,175,131,125,23,99,158,29	6,3,0.2605,2,234;4,2,0.0195,0,93;3,5,0.6875,0,131;4,1,0.4155,2,179;2,4,0.4285,0,195;4,1,0.8185,3,115
ood_compose_regime-00844	5	2	1	109,138,28,156,206,119,21,209,57,85,79,10,215,113,150,147,92,41,192,69,158,141,202,162,3,163,132,182,18,123,45,37,93,64,102,58	2,0,0.5715,0,3;3,3,0.3315,0,250;8,0,0.1755,0,82;6,3,0.8085,0,2;5,3,0.2155,2,178;2,2,0.4275,0,73
ood_compose_regime-00845	5	2	2	132,65,100,163,180,45,16,138,159,167,62,75,117,190,123,147,171,40,168,25,116,193,192,151,21,200,141,109,92,84,95,10,69,4,50,37	3,0,0.1845,0,53;0,3,0.1015,0,236;1,4,0.3025,0,71;2,2,0.9385,2,69;3,3,0.8745,0,201;2,2,0.4385,0,80
ood_compose_regime-00846	5	2	1	98,36,206,142,150,157,197,93,2,69,119,147,109,124,137,170,43,17,85,191,33,78,45,22,199,89,181,66,52,174,13,130,212,169,61,116	1,3,0.3885,1,153;8,2,0.7695,0,6;3,3,0.5185,0,230;5,3,0.3125,0,15;1,3,0.9945,2,239;3,0,0.2955,1,172
ood_compose_regime-00847	5	2	0	179,119,210,82,93,127,67,60,113,163,89,110,136,187,157,141,14,133,36,46,31,69,43,21,179,17,147,52,104,149,3,75,180,206,163,158	2,4,0.2755,0,231;6,2,0.6115,1,95;3,2,0.6625,0,135;2,0,0.3975,0,11;7,4,0.2675,2,242;6,3,0.0875,0,160
ood_compose_regime-00848	1	2	0	92,69,112,130,188,123,68,149,204,182,51,157,93,76,44,138,45,207,3,63,147,15,117,183,84,181,159,21,99,158,141,35,110,166,27,18	2,5,0.5395,0,103;2,1,0.9765,0,125;2,5,0.8135,0,103;3,2,0.8255,0,30;2,4,0.0865,0,9;2,0,0.5905,0,239
ood_compose_regime-00849	5	2	1	117,85,167,68,199,30,21,43,175,147,76,206,111,168,158,190,141,137,178,93,100,115,164,10,3,123,17,215,37,132,91,150,69,56,45,59	2,0,0.3365,0,234;5,3,0.7175,0,222;7,1,0.9035,0,174;3,3,0.6185,0,45;3,5,0.7915,0,171;2,2,0.3735,0,159
ood_compose_regime-00850	9	2	0	147,87,183,102,15,42,155,90,138,135,93,117,211,186,141,64,4,113,207,69,45,33,21,184,17,80,191,63,107,167,181,149,36,52,206,126	3,5,0.3605,0,235;8,2,0.5725,0,6;3,5,0.1845,0,82;7,5,0.5625,0,221;5,1,0.2525,0,208;5,5,0.5525,0,70
ood_compose_regime-00851	5	2	1	69,45,56,85,118,173,124,39,107,91,43,211,93,197,28,139,76,21,147,208,170,17,13,66,58,142,132,169,2,116,197,188,150,214,195,97	1,3,0.2415,0,179;3,5,0.6245,0,36;7,0,0.5195,0,128;3,3,0.7915,0,179;0,1,0.9135,1,102;3,2,0.7745,1,7
ood_compose_regime-00852	6	2	2	139,141,107,151,59,21,97,112,153,147,172,197,49,132,196,119,66,4,38,214,204,189,162,42,91,17,93,207,73,69,25,181,82,121,45,12	3,2,0.2215,0,155;0,4,0.5155,0,54;0,1,0.4975,0,249;0,0,0.7945,0,79;0,1,0.1095,2,194;0,2,0.6085,0,103
ood_compose_regime-00853	7	2	2	147,165,194,202,27,151,14,50,196,90,183,193,131,74,154,86,45,93,137,21,9,38,211,69,67,100,63,117,179,115,16,190,121,141,111,43	8,4,0.0825,0,180;2,4,0.7225,0,125;1,5,0.6485,0,132;1,4,0.5145,0,186;3,5,0.6335,0,166;0,1,0.3975,0,92
ood_compose_regime-00854	1	2	2	108,21,157,124,14,86,92,141,115,213,93,138,75,34,44,173,51,177,147,168,185,45,3,69,19,194,119,31,151,101,130,178,165,67,152,60	2,4,0.7245,0,225;6,0,0.9325,0,130;2,2,0.7495,0,48;2,4,0.9285,0,55;4,2,0.6235,2,139;3,0,0.5705,0,87
ood_compose_regime-00855	5	2	0	166,115,19,4,15,181,26,35,40,156,134,183,106,93,141,163,21,140,69,51,205,47,149,64,87,129,147,215,118,177,76,91,100,60,212,155	3,5,0.6385,0,193;1,1,0.1045,2,116;2,2,0.0805,0,100;3,5,0.7975,0,199;3,0,0.7335,1,212;8,4,0.9245,0,93
ood_compose_regime-00856	5	2	1	132,40,158,20,213,160,155,15,157,90,85,49,37,100,169,67,117,114,28,186,142,121,109,172,147,6,150,24,183,137,93,70,58,45,73,208	5,5,0.8365,3,16;3,3,0.1035,0,246;0,0,0.6615,1,73;0,3,0.4055,0,145;3,3,0.5485,0,135;0,2,0.2275,1,133
ood_compose_regime-00857	5	2	2	187,41,66,147,75,141,138,21,166,10,59,3,208,93,83,53,174,28,124,166,208,45,151,112,107,19,101,153,168,170,72,91,38,132,163,120	2,0,0.7465,0,112;3,4,0.3235,0,44;4,1,0.5335,3,184;2,1,0.7195,0,219;4,1,0.0085,3,40;3,2,0.5225,0,69
ood_compose_regime-00858	1	2	0	75,83,153,147,65,20,192,28,212,188,149,117,102,137,123,51,21,184,60,207,38,113,107,9,45,164,167,89,132,174,41,69,10,141,93,175	8,0,0.8235,0,24;3,4,0.2175,0,166;2,2,0.3135,0,64;2,1,0.3885,0,137;5,1,0.2965,0,66;2,2,0.3245,0,37
ood_compose_regime-00859	1	2	2	60,83,4,173,49,70,109,21,15,147,133,158,75,115,143,27,165,151,45,17,39,154,204,188,42,163,194,162,68,136,117,92,163,93,125,101	3,5,0.2365,0,166;2,5,0.4275,0,3;0,2,0.8415,1,54;2,1,0.9065,0,213;4,3,0.6695,0,157;4,3,0.0065,2,181
ood_compose_regime-00860	5	2	1	39,209,69,21,123,112,107,9,213,147,170,138,10,158,213,195,29,17,92,190,41,51,76,99,68,141,45,181,60,205,180,93,150,85,131,117	8,0,0.3635,0,78;4,5,0.3125,0,75;2,2,0.9615,0,144;3,3,0.8145,0,90;2,1,0.0185,0,242;2,1,0.5625,0,21
ood_compose_regime-00861	1	2	1	117,172,198,202,21,203,3,104,204,191,113,55,123,201,186,134,43,17,66,178,147,150,141,90,82,14,62,140,25,206,46,93,76,106,69,38	2,4,0.3065,0,115;0,4,0.6925,1,36;6,4,0.4555,0,186;3,0,0.5995,0,187;7,0,0.3535,0,20;2,4,0.8925,0,18
ood_compose_regime-00862	10	2	2	33,201,93,201,153,99,44,64,123,151,90,186,155,210,117,39,84,177,157,45,21,112,141,106,11,140,189,130,50,200,147,76,62,72,18,9	8,1,0.4865,0,124;8,5,0.8425,0,15;1,4,0.0965,3,42;3,2,0.5375,0,57;2,0,0.0305,0,121;2,0,0.9335,0,124
ood_compose_regime-00863	10	2	0	198,147,21,93,18,149,153,111,36,69,156,64,4,61,167,133,139,214,176,174,120,144,48,194,115,14,91,189,157,43,77,87,28,52,127,99	3,4,0.5445,0,144;3,2,0.6525,3,86;3,3,0.0945,0,184;4,5,0.7015,0,102;2,5,0.7415,3,96;6,3,0.7235,3,40
ood_compose_regime-00864	5	2	1	111,44,121,159,182,181,163,136,162,209,94,75,62,120,177,28,150,113,147,90,99,45,10,55,141,37,82,177,202,21,69,154,19,1,132,66	0,0,0.7805,0,106;3,3,0.9755,0,25;6,4,0.5395,0,174;2,0,0.5075,1,242;2,5,0.3575,3,141;0,2,0.1825,0,138
ood_compose_regime-00865	5	2	2	115,136,10,20,152,51,212,152,133,37,110,44,28,200,104,204,68,3,200,62,143,96,171,124,45,147,75,87,156,88,117,69,162,151,21,188	2,0,0.9525,0,4;3,3,0.8405,0,142;2,4,0.9545,0,47;2,5,0.1885,3,138;7,4,0.7185,0,170;3,3,0.1485,2,212
ood_compose_regime-00866	9	2	2	70,155,162,11,117,51,39,141,93,2,167,89,206,208,198,19,147,76,194,26,110,60,178,82,180,184,132,41,21,124,65,114,104,151,45,136	1,1,0.6025,0,175;1,5,0.3695,0,235;2,2,0.3115,1,26;3,0,0.3055,0,200;7,4,0.5165,0,224;3,2,0.1565,0,244
ood_compose_regime-00867	10	2	1	117,58,73,124,9,42,64,147,69,168,158,215,15,84,163,137,213,116,150,92,189,97,130,94,19,21,180,161,158,30,57,141,38,201,46,106	8,5,0.6215,0,57;5,4,0.5925,1,230;8,0,0.0705,0,11;0,2,0.8435,1,145;0,0,0.8365,0,131;3,0,0.2715,0,127
ood_compose_regime-00868	5	2	0	18,100,37,87,13,167,132,200,141,110,154,45,67,89,7,56,121,157,149,21,43,28,139,189,199,196,112,117,162,93,76,147,61,167,194,69	6,3,0.5135,0,240;3,3,0.6165,0,224;7,3,0.6015,0,26;3,5,0.2715,0,187;3,4,0.0535,0,55;0,2,0.7525,0,164
ood_compose_regime-00869	10	2	0	45,35,139,76,160,169,179,188,125,30,117,44,201,10,5,67,101,164,179,86,109,116,57,147,162,149,92,141,69,19,187,93,133,187,24,62	4,0,0.6405,3,116;5,1,0.9935,0,146;8,4,0.7195,0,111;3,4,0.9945,0,210;4,3,0.9015,0,186;4,3,0.7765,0,68
ood_compose_regime-00870	5	2	0	69,153,149,90,107,207,125,135,158,182,213,85,147,93,51,21,117,76,141,38,180,26,157,180,159,113,40,137,59,67,17,99,46,4,180,12	3,2,0.2795,0,122;1,4,0.0055,1,223;2,1,0.6415,0,176;3,3,0.5705,0,36;2,1,0.3785,0,64;4,5,0.2045,0,208
ood_compose_regime-00871	5	2	1	124,52,178,141,130,69,67,16,178,62,83,181,115,3,21,27,194,212,45,108,90,35,77,147,176,40,117,156,12,100,150,212,140,187,93,180	2,2,0.1585,0,170;2,1,0.0435,0,156;3,4,0.6925,0,156;4,1,0.5665,0,166;3,2,0.7775,0,200;3,0,0.9815,0,198
ood_compose_regime-00872	5	2	0	193,36,160,178,149,45,174,107,127,97,201,144,176,18,13,114,64,58,147,52,28,93,206,21,138,164,117,155,69,75,42,92,7,83,134,188	6,3,0.4185,0,117;3,2,0.5525,0,130;3,0,0.0585,0,252;2,1,0.8045,0,69;0,1,0.4645,0,51;6,4,0.4265,3,115
ood_compose_regime-00873	5	2	2	99,120,90,25,191,182,147,68,21,197,3,93,199,190,181,178,151,213,193,133,124,11,40,69,153,139,141,45,36,55,79,82,58,112,107,17	2,1,0.2835,0,10;0,2,0.0415,0,7;6,0,0.9815,0,232;6,0,0.5015,0,125;2,1,0.0985,3,5;3,3,0.6885,0,97
ood_compose_regime-00874	2	2	1	16,82,14,70,192,204,150,88,137,45,75,199,193,130,21,103,66,210,42,34,169,208,122,141,116,147,3,28,93,108,120,196,206,173,62,49	2,4,0.1945,0,142;3,0,0.4105,0,1;0,4,0.5265,1,18;2,0,0.1375,0,107;6,2,0.9465,3,144;1,0,0.3475,0,196
ood_compose_regime-00875	5	2	2	197,206,183,13,201,139,69,31,93,151,141,44,91,189,52,79,195,45,108,117,147,179,198,185,85,100,66,135,35,124,58,23,114,162,19,4	3,3,0.7835,2,100;6,1,0.9895,0,244;3,0,0.4515,0,21;6,3,0.6845,0,215;3,2,0.5025,0,248;3,5,0.7455,0,201
ood_compose_regime-00876	1	2	1	205,68,189,209,21,156,150,183,158,160,111,138,197,167,4,91,141,18,93,40,129,69,99,37,135,117,10,176,45,113,28,86,75,63,51,147	3,0,0.5835,0,4;3,3,0.0915,0,14;2,5,0.8425,0,162;2,4,0.6865,0,188;2,5,0.2205,0,100;8,5,0.5425,0,2
ood_compose_regime-00877	5	2	1	85,39,69,120,154,52,15,114,110,28,207,16,197,61,177,211,76,121,4,133,64,91,140,211,93,206,179,45,21,147,97,141,188,44,207,150	3,5,0.0075,0,96;3,5,0.8385,0,109;3,3,0.1795,0,38;3,3,0.7735,0,127;0,4,0.4855,3,129;0,3,0.8885,0,8
ood_compose_regime-00878	9	2	0	132,213,197,66,45,117,38,4,187,76,147,194,123,93,40,69,104,202,15,63,149,141,86,17,137,89,165,203,23,53,163,195,32,113,109,207	3,5,0.2685,2,228;7,4,0.1145,0,99;4,5,0.4365,0,244;3,4,0.3285,0,139;7,3,0.3505,0,251;2,2,0.2085,0,55
ood_compose_regime-00879	5	2	2	44,199,172,203,205,76,93,151,117,63,65,144,147,23,205,187,100,177,14,208,91,136,113,185,45,124,56,28,38,199,86,16,4,106,134,71	3,4,0.1365,2,45;3,4,0.8055,0,108;7,5,0.2825,2,185;3,4,0.7645,0,62;3,0,0.2095,0,126;3,4,0.1765,3,175
ood_compose_regime-00880	5	2	2	45,92,112,4,93,86,200,21,100,61,67,69,117,160,28,52,163,151,214,133,38,177,13,210,127,17,147,110,206,42,163,141,136,211,180,76	3,3,0.2635,0,220;3,4,0.5075,0,134;3,3,0.7295,0,98;3,4,0.9845,0,9;3,4,0.0855,0,88;6,3,0.0705,0,50
ood_compose_regime-00881	5	2	2	91,117,84,203,19,124,213,185,60,205,64,69,159,138,151,93,10,21,100,147,43,106,184,133,28,115,48,191,141,211,51,2,191,73,39,173	1,0,0.6855,0,165;3,5,0.6155,3,147;2,2,0.0645,0,155;0,2,0.6955,0,55;3,0,0.7825,0,224;3,3,0.5315,0,246
ood_compose_regime-00882	5	2	0	69,100,140,182,88,169,47,41,115,182,209,38,192,123,14,25,207,85,80,65,117,17,111,132,8,93,62,56,149,184,155,147,143,173,180,21	7,4,0.3455,0,18;0,4,0.2715,2,3;7,4,0.2855,0,185;7,3,0.0625,0,154;3,5,0.7635,0,88;2,2,0.8455,2,252
ood_compose_regime-00883	5	2	2	69,151,112,19,52,45,123,147,42,143,27,82,165,185,195,198,134,75,11,6,90,61,166,107,169,173,118,34,140,152,68,21,101,205,93,180	5,1,0.7575,0,135;2,0,0.4875,0,138;3,3,0.9425,0,19;2,0,0.4435,0,42;4,1,0.1235,1,52;2,4,0.8315,2,117
ood_compose_regime-00884	5	2	1	171,176,117,90,99,201,150,124,142,206,4,45,214,51,67,84,106,168,114,76,147,184,140,185,25,69,93,41,132,38,21,160,15,58,205,17	3,5,0.3685,0,3;0,4,0.2425,0,49;2,0,0.6855,0,20;3,2,0.4825,0,222;2,0,0.4835,0,135;3,2,0.9795,1,105
ood_compose_regime-00885	5	2	2	39,94,174,108,158,21,4,100,112,13,137,19,71,166,190,28,161,209,180,52,147,129,64,130,88,165,199,120,62,151,161,73,45,83,141,44	3,3,0.6975,0,151;3,5,0.9735,0,114;3,4,0.0525,2,17;0,1,0.1505,1,86;3,2,0.1685,3,111;8,0,0.2175,0,236
ood_compose_regime-00886	2	2	0	192,69,206,140,23,17,114,106,141,188,211,205,205,52,85,130,100,158,121,88,64,147,13,149,45,37,62,199,205,73,41,93,30,181,117,7	6,3,0.2495,2,2;5,3,0.3835,0,176;3,4,0.0965,0,244;0,3,0.1095,0,49;3,0,0.4475,0,157;0,0,0.8875,0,27
ood_compose_regime-00887	5	2	0	196,213,166,21,149,67,37,164,123,47,212,43,91,93,196,215,13,30,83,110,57,115,147,59,144,186,140,132,100,79,4,69,213,196,19,117	3,3,0.7945,0,206;5,3,0.6045,2,194;8,1,0.7575,0,34;6,1,0.6925,0,235;3,4,0.7765,0,47;2,2,0.9095,3,252
ood_compose_regime-00888	5	2	2	132,178,67,16,180,127,206,69,136,21,44,85,91,151,15,171,179,39,147,49,28,8,112,93,106,209,103,187,61,165,45,141,119,181,158,77	7,5,0.0805,0,168;3,5,0.8395,0,84;0,3,0.7675,0,18;4,3,0.6765,0,178;6,0,0.0005,2,159;6,2,0.1005,0,210
ood_compose_regime-00889	2	2	0	149,125,190,206,35,58,139,52,169,15,115,157,88,108,86,100,161,171,2,117,29,132,45,44,69,21,147,65,94,74,141,162,159,156,198,19	1,5,0.6475,0,220;4,1,0.8975,0,231;3,0,0.3445,0,181;1,4,0.0145,1,30;3,2,0.7295,0,37;4,2,0.6925,0,133
ood_compose_regime-00890	5	2	1	34,45,76,28,115,88,211,153,108,155,21,150,93,204,147,100,53,16,201,163,190,59,132,141,138,84,170,12,41,6,127,119,190,65,69,211	5,2,0.1815,0,127;3,0,0.2285,0,43;4,1,0.2845,0,76;3,2,0.1625,0,254;3,2,0.6195,2,242;6,2,0.5245,0,92
ood_compose_regime-00891	2	2	2	193,92,170,185,107,192,116,123,151,21,174,140,94,210,141,29,11,162,44,147,117,3,84,75,45,36,52,66,200,16,69,60,132,99,206,160	2,1,0.0365,0,107;4,2,0.9435,0,172;3,2,0.5665,0,146;2,2,0.8045,1,60;2,1,0.9075,0,206;2,2,0.8845,0,182
ood_compose_regime-00892	10	2	0	186,15,142,77,69,21,66,187,157,60,26,52,149,97,213,123,93,92,84,20,206,113,171,117,175,189,43,182,106,147,37,131,140,5,213,45	4,5,0.9375,0,45;1,3,0.7205,0,74;3,2,0.4355,0,90;4,2,0.8655,0,59;0,0,0.3205,0,176;2,1,0.9035,1,203
ood_compose_regime-00893	5	2	2	109,93,165,4,213,22,151,10,20,37,137,71,166,176,131,61,117,100,54,87,177,46,91,206,114,174,30,128,141,189,147,155,41,76,64,186	3,0,0.8805,1,80;5,3,0.3825,1,215;5,3,0.1255,2,147;3,5,0.6125,0,219;3,3,0.5555,0,41;7,1,0.3605,0,131
ood_compose_regime-00894	9	2	1	21,141,80,132,40,208,150,39,93,110,187,14,100,87,212,215,117,19,201,121,52,28,64,201,116,69,63,1,136,185,192,92,159,198,45,147	0,4,0.6755,0,41;3,5,0.1625,0,116;3,5,0.0505,0,150;7,5,0.8585,0,93;3,4,0.9055,0,2;0,2,0.1115,0,40
ood_compose_regime-00895	5	2	1	196,39,66,92,150,56,210,198,32,114,78,203,100,190,48,147,133,191,201,16,43,24,14,118,141,202,210,139,109,156,93,3,124,69,83,59	2,4,0.1335,3,167;7,5,0.7465,3,180;7,1,0.5555,0,135;5,1,0.8005,0,92;3,3,0.4145,1,126;3,3,0.6075,0,196
ood_compose_regime-00896	7	2	2	187,41,125,82,109,213,98,68,38,185,28,176,147,20,141,21,114,175,45,154,69,80,187,117,132,93,151,58,180,90,3,174,206,136,12,53	2,2,0.9105,0,132;3,4,0.3455,0,213;4,0,0.8605,0,57;7,0,0.5565,0,49;1,3,0.5685,0,236;4,2,0.0115,0,111
ood_compose_regime-00897	5	2	1	2,187,37,113,110,130,28,162,59,20,23,188,211,117,171,88,147,201,93,10,54,141,210,45,121,69,68,167,150,97,205,84,191,139,78,42	1,0,0.8985,2,58;3,3,0.5315,0,222;5,1,0.8735,0,80;5,2,0.0545,0,199;0,4,0.2415,0,9;0,0,0.7855,0,46
ood_compose_regime-00898	5	2	2	86,91,62,32,41,21,147,100,160,114,9,206,46,142,69,128,165,18,52,156,66,199,212,204,117,75,110,39,138,206,11,213,93,151,130,193	8,1,0.5505,0,180;7,5,0.3915,1,122;3,4,0.5435,0,243;2,4,0.7055,0,157;3,4,0.4235,0,59;7,0,0.5445,1,210
ood_compose_regime-00899	2	2	1	100,21,153,20,126,84,42,214,155,114,69,45,141,93,191,66,194,60,26,160,150,200,89,3,134,54,139,205,196,179,111,34,117,11,147,73	2,1,0.8305,0,230;1,0,0.4635,0,226;5,2,0.5945,0,192;0,2,0.2285,0,70;3,5,0.4005,0,124;5,4,0.7625,0,170
ood_compose_regime-00900	1	2	1	123,161,196,44,180,139,27,38,95,115,202,141,67,45,58,10,187,171,56,21,18,110,161,176,69,100,150,92,80,131,153,117,160,82,147,3	2,0,0.4605,0,150;2,4,0.8305,0,252;7,0,0.6395,0,73;7,0,0.9765,2,68;3,4,0.7255,0,253;2,1,0.7075,0,168
ood_compose_regime-00901	9	2	1	180,17,177,172,108,45,193,103,56,66,117,113,32,80,87,93,4,125,188,130,69,184,58,156,215,150,90,213,141,136,12,21,208,147,37,41	3,2,0.2465,0,105;7,3,0.3225,0,9;7,0,0.5035,0,200;7,5,0.4715,0,9;6,2,0.3605,0,102;4,0,0.0335,0,181
ood_compose_regime-00902	5	2	0	140,117,210,166,97,93,207,129,42,68,109,45,15,26,186,162,18,4,196,147,91,213,149,52,162,132,172,87,76,37,69,158,141,112,60,21	3,5,0.5505,0,132;1,3,0.4375,0,97;3,2,0.8315,0,140;3,5,0.6955,0,72;0,3,0.0455,0,205;8,2,0.9545,0,203
ood_compose_regime-00903	10	2	1	124,171,52,188,92,114,77,87,66,62,212,93,19,107,69,191,136,21,147,2,207,181,208,102,133,117,35,45,150,25,165,141,204,13,158,42	1,3,0.6055,0,133;0,1,0.5045,0,197;3,4,0.4455,0,116;4,5,0.9565,0,251;5,1,0.5605,0,33;3,3,0.1345,0,190
ood_compose_regime-00904	5	2	2	69,30,81,46,147,209,141,89,114,202,125,117,111,162,39,16,41,199,63,138,12,96,100,215,4,214,151,174,130,209,172,83,21,50,64,175	3,2,0.0675,0,183;5,5,0.3435,1,230;1,5,0.0655,0,87;8,1,0.3555,3,214;3,5,0.5025,0,240;4,0,0.4785,0,95
ood_compose_regime-00905	5	2	2	108,187,183,151,209,138,68,189,123,21,175,203,144,45,103,18,117,131,89,12,41,76,192,54,86,62,147,36,69,154,176,177,7,31,93,116	6,2,0.4075,0,208;6,2,0.3195,0,113;5,4,0.9805,0,123;3,4,0.2775,0,80;6,2,0.8245,0,40;2,1,0.4415,3,59
ood_compose_regime-00906	9	2	2	34,205,13,140,78,194,57,141,175,196,62,151,33,66,42,93,88,115,20,45,8,147,100,21,181,71,162,117,180,131,172,111,157,170,129,86	7,3,0.9775,0,103;8,0,0.4105,0,55;8,4,0.5525,2,14;5,4,0.0905,0,104;3,5,0.6435,0,249;8,1,0.8435,0,15
ood_compose_regime-00907	5	2	1	72,15,93,142,150,214,194,52,82,19,34,113,185,88,184,140,209,180,163,45,179,193,66,21,106,76,60,167,134,97,42,124,4,28,147,120	3,5,0.6445,0,28;3,0,0.4745,0,40;3,2,0.4645,3,106;3,0,0.1035,0,84;0,0,0.2125,3,83;3,4,0.9105,1,114
ood_compose_regime-00908	5	2	2	139,52,207,64,84,69,107,147,161,89,117,61,201,103,26,168,205,215,21,79,112,128,141,151,45,4,12,38,169,192,167,20,42,206,130,93	3,2,0.9935,0,204;1,4,0.4595,0,223;3,3,0.0165,0,197;6,2,0.2915,0,207;6,1,0.1415,0,188;7,0,0.6405,0,222
ood_compose_regime-00909	5	2	1	93,47,199,106,19,155,135,89,3,21,113,124,64,150,184,176,200,117,99,202,147,138,69,76,197,63,209,40,51,192,27,10,167,34,86,141	2,0,0.6585,0,87;2,0,0.1915,2,19;2,5,0.0525,0,6;3,4,0.3715,0,102;2,0,0.2345,0,121;3,5,0.4115,0,143
ood_compose_regime-00910	5	2	0	124,185,186,3,149,135,211,36,116,182,213,119,81,201,40,101,177,45,31,159,51,88,177,64,141,109,93,21,69,15,60,147,87,140,19,161	2,5,0.6485,0,118;6,2,0.1355,0,112;2,2,0.1805,0,18;8,5,0.1255,0,56;4,3,0.8075,2,181;3,5,0.9425,0,246
ood_compose_regime-00911	10	2	1	15,67,115,37,189,124,111,174,196,30,51,84,163,141,139,147,69,117,93,155,90,192,193,44,21,75,134,45,150,206,161,98,155,20,58,9	8,5,0.8175,0,75;5,3,0.9845,0,60;2,0,0.7595,0,10;2,2,0.5835,0,218;1,5,0.7515,0,116;3,4,0.6775,0,181
ood_compose_regime-00912	6	2	1	45,206,214,6,43,184,190,90,183,150,138,73,93,26,133,177,154,15,85,68,147,111,117,24,37,17,125,191,62,113,69,211,176,52,141,101	5,5,0.3055,3,207;1,3,0.7295,0,105;3,4,0.9425,0,108;0,3,0.4125,0,93;4,5,0.2495,0,14;4,3,0.4495,0,46
ood_compose_regime-00913	7	2	0	87,207,14,74,140,160,64,54,123,205,192,192,61,108,147,115,18,188,48,117,35,161,195,25,70,166,130,141,204,41,3,91,149,93,100,24	2,4,0.5965,3,248;0,1,0.3405,3,166;5,3,0.1015,1,206;1,5,0.7515,0,63;3,2,0.6485,0,214;2,0,0.9625,0,123
ood_compose_regime-00914	8	2	1	69,120,93,137,212,177,206,130,11,28,170,82,107,75,42,141,68,89,63,179,112,213,102,36,183,147,3,162,17,205,54,150,123,21,194,45	2,1,0.3945,0,157;3,2,0.5155,0,54;5,5,0.8285,0,184;2,0,0.3185,0,67;5,1,0.0495,3,79;2,0,0.2605,0,236
ood_compose_regime-00915	9	2	2	206,92,83,209,190,56,45,14,128,28,8,139,58,169,165,133,117,147,38,207,67,41,182,141,152,69,93,21,80,112,18,151,106,185,201,100	7,4,0.5445,0,58;3,4,0.2655,0,177;7,0,0.7975,0,175;7,1,0.8675,0,143;3,0,0.0595,0,112;7,3,0.6345,0,145
ood_compose_regime-00916	10	2	0	18,114,184,179,81,64,89,147,44,59,93,141,170,108,149,12,37,166,21,214,57,69,119,137,165,196,124,45,130,156,30,9,205,87,105,214	8,2,0.5995,0,117;5,3,0.9655,0,227;8,1,0.1705,0,171;8,5,0.3875,0,26;8,2,0.5115,2,195;3,0,0.2165,0,42
ood_compose_regime-00917	5	2	0	197,106,130,48,55,100,185,121,39,182,28,87,18,60,152,21,90,181,117,140,66,94,13,41,141,149,76,196,213,116,162,4,147,179,69,175	3,3,0.4425,0,99;3,5,0.2925,3,147;6,2,0.5065,0,158;3,5,0.4075,1,141;3,0,0.9825,0,80;0,0,0.8345,0,151
ood_compose_regime-00918	5	2	1	29,147,62,93,107,198,157,203,99,83,155,45,5,163,135,124,119,65,137,77,19,10,165,204,92,153,69,141,55,21,115,197,200,150,43,34	4,0,0.7915,0,221;4,0,0.7545,0,96;6,4,0.3655,0,95;4,1,0.8825,0,212;2,1,0.6205,2,189;3,5,0.3225,0,81
ood_compose_regime-00919	1	2	0	138,170,191,43,49,14,108,100,76,149,184,2,147,141,167,89,205,45,60,122,68,39,135,197,93,69,158,27,113,85,183,152,17,23,154,117	1,4,0.3525,2,117;2,5,0.6035,0,225;0,2,0.8285,0,47;3,3,0.2445,0,181;3,2,0.2365,0,27;1,5,0.4245,0,134
ood_compose_regime-00920	5	2	0	100,183,116,173,21,119,185,174,147,27,73,93,19,52,175,191,45,44,140,156,85,144,68,206,69,162,149,14,121,4,214,92,106,34,60,130	3,4,0.6955,0,115;2,0,0.9565,0,198;3,2,0.9415,0,88;0,3,0.8045,0,215;3,0,0.9745,2,149;0,0,0.8375,3,80
ood_compose_regime-00921	5	2	0	189,116,52,152,100,158,35,109,11,159,72,176,157,149,18,194,81,124,147,24,45,96,88,84,157,60,117,5,185,138,43,144,134,171,27,68	4,1,0.5695,3,124;2,1,0.7975,0,164;3,2,0.8815,3,155;8,2,0.1165,3,193;3,3,0.9905,0,107;3,4,0.4575,3,202
ood_compose_regime-00922	6	2	0	21,147,171,139,196,114,121,117,162,13,149,164,141,28,91,73,46,4,41,134,94,82,215,163,60,100,69,68,169,214,38,192,17,49,108,172	3,3,0.2585,0,62;3,4,0.3945,1,16;0,2,0.9015,0,75;0,0,0.7825,1,236;3,2,0.4325,0,112;0,4,0.7865,0,125
ood_compose_regime-00923	7	2	0	88,163,132,200,42,173,162,98,4,115,169,119,26,93,124,197,209,147,141,67,75,10,39,16,45,58,106,180,84,138,202,149,21,52,186,69	3,0,0.1475,0,180;1,5,0.4965,0,124;3,0,0.7085,0,223;2,2,0.0255,0,71;1,0,0.6025,2,90;3,2,0.5475,0,190
ood_compose_regime-00924	5	2	2	17,4,100,122,93,76,133,205,37,151,174,52,114,118,66,21,171,60,42,171,91,141,198,209,154,28,178,85,69,188,10,45,163,147,136,108	3,0,0.2085,0,127;3,3,0.5465,0,51;3,2,0.5135,0,222;3,3,0.6205,0,109;3,2,0.4545,1,25;1,3,0.1375,0,254
ood_compose_regime-00925	5	2	2	215,152,67,207,102,186,117,204,174,138,38,88,208,10,157,69,20,93,43,60,21,112,160,124,4,31,151,74,147,86,45,52,108,130,141,200	3,0,0.9215,0,119;6,4,0.7215,0,85;3,2,0.7905,0,45;1,4,0.1265,0,107;5,2,0.0265,0,182;3,0,0.5875,0,116
ood_compose_regime-00926	10	2	2	67,192,127,15,9,93,195,62,142,202,190,111,69,151,83,105,117,21,116,136,147,45,42,52,170,81,35,134,162,201,25,152,177,19,172,88	8,5,0.6425,0,112;0,1,0.4445,0,39;3,4,0.6945,0,58;8,1,0.0605,0,47;8,5,0.9585,0,58;6,4,0.0695,1,58
ood_compose_regime-00927	7	2	1	192,69,52,141,210,105,147,119,152,45,159,21,186,85,35,58,9,68,202,43,113,90,122,150,136,26,153,188,190,74,110,10,207,16,131,93	8,0,0.1615,0,231;1,1,0.6985,0,13;3,0,0.9015,0,84;1,3,0.5025,0,229;8,4,0.3125,2,187;1,1,0.1335,0,198
ood_compose_regime-00928	5	2	2	195,109,32,91,84,45,35,51,209,100,130,158,137,141,171,117,123,151,40,21,93,66,3,113,147,63,69,210,76,182,16,177,194,176,15,160	2,5,0.0955,0,224;7,1,0.1455,0,203;2,5,0.4855,0,244;3,2,0.6375,0,122;3,3,0.2505,0,159;2,0,0.2295,0,235
ood_compose_regime-00929	5	2	2	124,37,154,48,117,44,137,28,93,18,141,58,152,51,14,147,115,109,163,198,76,175,91,21,194,4,84,168,210,171,170,151,64,134,69,97	3,4,0.4695,0,52;3,3,0.8545,3,176;2,0,0.1805,0,121;3,2,0.7815,0,47;0,3,0.7325,0,164;3,4,0.2035,0,196
ood_compose_regime-00930	5	2	0	183,93,194,179,27,19,125,158,117,78,69,159,149,114,195,43,130,144,208,137,108,87,52,99,198,38,9,61,45,21,153,68,11,190,147,92	8,1,0.6465,0,63;2,4,0.6105,0,164;3,3,0.8775,0,80;5,5,0.9225,0,92;2,2,0.4975,0,73;4,0,0.2775,3,151
ood_compose_regime-00931	5	2	1	102,4,69,96,108,170,58,39,52,21,154,150,137,205,13,40,176,126,18,212,76,45,189,184,87,113,88,65,153,147,117,30,156,143,135,202	3,3,0.5965,0,166;5,5,0.1075,0,160;3,0,0.2225,0,187;3,5,0.0635,3,96;5,2,0.2385,0,86;5,5,0.3795,2,171
ood_compose_regime-00932	10	2	1	213,36,82,174,48,110,42,129,21,93,141,15,64,30,89,147,80,135,140,186,169,99,69,63,114,150,188,194,166,17,50,213,207,117,4,185	3,5,0.3485,0,184;5,2,0.5075,3,28;1,5,0.1975,0,46;7,0,0.3515,0,87;2,4,0.4895,0,104;8,5,0.9045,0,142
ood_compose_regime-00933	5	2	1	139,63,176,93,182,113,23,106,37,84,4,212,130,45,161,150,179,117,211,52,101,122,152,40,147,143,31,69,191,76,13,179,20,89,66,180	3,3,0.8295,2,7;6,3,0.1375,0,218;3,5,0.5665,0,175;3,2,0.2385,0,108;4,0,0.3675,0,80;1,0,0.7505,2,76
ood_compose_regime-00934	2	2	1	150,2,28,45,58,162,168,37,77,19,195,14,185,139,141,196,69,117,93,132,165,100,21,53,44,147,125,174,177,67,91,111,84,181,112,207	1,4,0.7565,0,131;3,3,0.8795,0,243;4,0,0.7665,0,150;4,2,0.7605,0,104;3,5,0.1485,0,55;4,2,0.7905,0,111
ood_compose_regime-00935	5	2	0	124,175,120,140,174,116,76,214,4,65,109,183,21,174,164,70,86,90,166,49,130,164,15,28,18,141,44,59,93,169,100,149,36,147,183,45	3,5,0.5305,0,179;3,2,0.9285,0,170;0,1,0.3265,1,247;3,4,0.4005,0,91;3,3,0.8455,3,91;3,0,0.9345,0,117
ood_compose_regime-00936	1	2	2	87,147,114,45,153,75,64,106,137,9,161,93,33,187,101,41,69,195,179,141,21,53,92,186,10,17,199,151,117,124,133,199,60,186,167,34	8,0,0.2755,0,8;8,0,0.3215,0,237;4,2,0.0915,0,253;2,5,0.9425,0,83;4,0,0.5285,0,105;3,3,0.2975,0,218
ood_compose_regime-00937	2	2	0	84,41,6,147,117,190,134,65,14,108,195,34,72,58,173,101,149,91,165,138,184,141,45,93,52,128,160,172,202,163,18,210,76,21,115,28	5,4,0.4935,0,72;3,0,0.3225,0,187;3,0,0.2635,3,195;3,2,0.7335,0,100;4,2,0.6655,0,173;7,4,0.5415,0,173
ood_compose_regime-00938	5	2	1	90,117,3,156,141,147,84,95,211,16,44,206,208,150,28,56,69,164,115,78,39,140,127,181,111,185,12,133,184,194,45,23,183,67,102,59	2,2,0.1905,2,169;3,5,0.9605,0,85;7,1,0.6245,0,80;5,2,0.5965,2,228;5,5,0.6525,0,253;6,3,0.9705,0,173
ood_compose_regime-00939	2	2	1	77,189,12,159,167,45,91,60,52,33,192,147,82,93,205,127,199,6,173,114,69,193,17,35,141,21,107,160,136,67,103,132,117,150,44,204	5,2,0.3265,0,187;8,1,0.9205,0,125;3,2,0.7835,0,250;4,0,0.7295,0,233;6,1,0.5195,0,52;6,2,0.0745,0,86
ood_compose_regime-00940	6	2	1	20,97,42,171,128,73,141,10,93,150,28,162,175,21,45,181,117,82,116,52,198,205,62,189,147,109,89,173,34,130,152,4,69,168,136,64	3,0,0.9075,0,36;3,0,0.5745,0,67;3,4,0.1645,0,217;0,0,0.2265,0,178;0,3,0.9905,0,42;7,0,0.1665,0,141
ood_compose_regime-00941	1	2	0	160,157,58,8,68,193,38,27,76,90,141,45,124,192,199,136,21,190,159,147,57,177,93,85,160,149,116,13,111,99,16,41,117,135,69,166	7,3,0.1075,0,87;2,4,0.3905,0,23;8,0,0.8335,0,194;3,3,0.5685,0,38;2,5,0.9495,0,25;3,5,0.1225,0,100
ood_compose_regime-00942	5	2	1	111,30,69,42,20,113,173,189,85,7,21,100,150,155,125,137,38,177,67,204,147,45,170,161,117,133,12,144,52,60,172,90,79,94,210,164	6,2,0.9255,0,74;5,4,0.4295,0,20;3,2,0.6825,0,99;6,3,0.5125,1,21;3,5,0.2485,0,100;4,3,0.2445,3,123
ood_compose_regime-00943	5	2	0	111,95,201,88,117,76,69,84,168,166,210,132,138,141,173,38,213,43,180,176,213,59,175,100,51,21,116,11,125,45,32,147,5,149,65,18	4,1,0.5465,0,230;7,4,0.7415,0,166;2,1,0.3325,0,61;3,2,0.0325,2,129;3,5,0.8625,0,112;4,2,0.4315,0,134
ood_compose_regime-00944	9	2	0	158,78,149,93,104,120,165,52,21,187,44,106,141,147,39,201,69,198,8,123,61,137,177,85,18,188,176,90,65,201,208,45,131,114,13,29	7,3,0.5655,0,12;4,5,0.8325,0,41;3,3,0.2725,0,18;5,3,0.5875,0,139;7,0,0.5335,3,216;2,1,0.3785,0,102
ood_compose_regime-00945	5	2	0	21,10,36,149,63,181,147,184,93,209,170,141,117,109,20,67,214,180,82,204,5,131,76,116,69,159,45,40,53,100,125,28,91,140,158,179	4,0,0.8365,0,87;3,2,0.0215,0,150;4,5,0.7025,0,139;3,0,0.6725,0,165;3,3,0.8165,0,232;4,1,0.9715,0,253
ood_compose_regime-00946	2	2	0	172,45,34,136,62,57,85,15,179,195,111,95,177,201,91,41,99,124,16,142,147,28,153,214,135,191,117,21,112,76,149,206,72,67,152,4	3,5,0.0035,0,18;3,0,0.2175,0,110;8,4,0.6265,3,61;3,3,0.6445,2,16;2,5,0.0535,0,27;3,5,0.0315,1,227
ood_compose_regime-00947	5	2	2	162,115,98,4,110,141,147,45,132,140,93,21,193,164,199,117,62,51,208,69,82,43,151,37,90,215,17,12,79,202,201,66,123,156,152,28	3,2,0.2535,0,6;3,3,0.7975,0,193;2,4,0.4535,0,169;6,0,0.5775,0,213;1,4,0.6985,0,84;2,2,0.9195,0,194
ood_compose_regime-00948	5	2	2	45,101,23,78,186,12,40,84,116,106,119,156,189,143,151,5,38,68,91,52,28,135,125,208,95,215,210,16,200,62,69,178,147,140,156,206	4,2,0.0625,2,32;3,4,0.1135,0,60;3,4,0.8865,0,17;5,2,0.7165,2,130;4,0,0.9815,2,11;4,5,0.8265,2,66
ood_compose_regime-00949	5	2	0	137,45,112,65,9,147,187,121,37,183,21,15,168,184,134,98,28,19,141,152,51,72,176,202,117,149,109,44,86,90,95,58,79,180,172,176	8,5,0.6655,0,197;3,3,0.9465,0,34;2,0,0.3705,3,211;6,4,0.5265,2,231;1,3,0.1215,0,138;0,4,0.3615,0,27
ood_compose_regime-00950	6	2	2	17,199,192,38,121,185,147,45,110,93,21,61,72,132,28,64,12,43,112,211,84,75,205,49,141,210,88,117,151,139,97,159,206,202,1,186	0,2,0.2985,0,90;3,4,0.7995,0,185;0,3,0.1115,3,237;2,2,0.1295,0,177;0,4,0.0485,0,51;0,2,0.7325,0,175
ood_compose_regime-00951	9	2	0	90,177,136,45,62,176,141,189,8,115,107,66,133,17,56,93,34,200,28,174,147,82,124,13,155,149,21,208,69,156,76,44,187,118,195,98	7,3,0.2755,0,235;3,0,0.8465,0,156;7,4,0.5595,0,199;3,0,0.4105,0,156;1,1,0.6395,1,106;3,3,0.0875,0,222
ood_compose_regime-00952	6	2	1	70,117,86,175,207,207,97,136,150,199,131,160,166,20,165,25,21,121,141,38,76,163,44,45,12,63,52,106,67,147,185,113,6,93,175,92	5,2,0.9895,0,123;0,4,0.8035,0,145;3,5,0.6655,1,41;3,4,0.8255,0,223;0,0,0.3735,0,95;0,1,0.1215,0,41
ood_compose_regime-00953	5	2	2	210,101,106,12,184,63,91,165,116,87,196,117,69,174,76,52,41,21,37,181,3,124,132,157,151,147,30,205,137,94,178,141,208,16,45,67	2,2,0.0745,0,66;5,3,0.2465,0,168;3,5,0.7575,0,197;3,5,0.7615,1,69;4,0,0.9625,0,198;3,2,0.2935,0,69
ood_compose_regime-00954	5	2	1	208,54,21,147,93,199,208,69,76,100,125,183,18,175,89,207,137,117,68,4,44,141,182,15,62,45,150,113,132,108,185,183,168,86,30,35	3,5,0.4885,0,249;5,1,0.9565,0,227;5,4,0.8065,0,87;3,4,0.2825,0,120;3,2,0.3475,0,86;4,2,0.3245,0,195
ood_compose_regime-00955	6	2	1	130,152,139,112,73,45,8,141,17,10,21,30,165,86,194,213,161,69,68,205,161,90,104,197,93,162,119,111,124,147,166,38,56,150,59,40	7,0,0.3775,0,132;5,4,0.1335,0,210;7,1,0.9945,0,149;0,4,0.4675,0,55;7,5,0.0375,2,218;3,0,0.6145,0,100
ood_compose_regime-00956	5	2	0	57,203,149,147,170,107,16,125,192,133,191,7,12,93,99,192,64,211,72,28,84,141,88,117,63,136,81,113,23,201,37,43,45,166,164,186	6,2,0.0225,2,176;3,3,0.6865,0,44;8,5,0.1955,3,168;8,2,0.1635,0,175;2,1,0.2285,0,47;4,3,0.0525,0,51
ood_compose_regime-00957	5	2	0	23,169,93,190,162,45,8,26,109,131,100,72,149,160,188,117,64,213,196,122,137,85,141,17,114,50,147,42,58,174,15,74,210,88,34,189	7,5,0.3505,2,118;1,0,0.5655,0,71;1,0,0.1705,3,88;1,3,0.1525,0,81;3,3,0.5665,0,129;1,1,0.2885,0,96
ood_compose_regime-00958	5	2	2	52,10,22,64,117,72,28,108,84,179,133,91,151,58,136,75,162,182,4,42,201,176,38,20,105,147,124,93,112,204,162,186,141,173,192,45	3,0,0.9215,1,25;3,4,0.5575,0,238;3,0,0.1225,3,196;2,2,0.6745,0,153;8,2,0.1735,0,142;3,3,0.0235,0,188
ood_compose_regime-00959	5	2	1	69,16,147,14,65,188,92,82,40,162,117,161,79,181,194,186,136,175,206,93,195,45,60,150,141,39,112,21,106,123,100,215,4,130,52,28	3,4,0.0715,0,212;3,5,0.1815,0,254;3,2,0.3505,0,98;6,0,0.8655,0,207;3,0,0.1775,0,69;2,0,0.0185,0,61
ood_compose_regime-00960	6	2	1	121,18,83,45,139,66,150,193,192,115,183,71,160,117,4,21,141,44,195,92,156,212,73,38,93,147,98,206,152,30,14,63,132,106,185,57	3,4,0.4875,0,128;5,4,0.8695,0,186;8,5,0.5735,2,130;0,1,0.8405,0,104;1,0,0.6685,0,104;0,2,0.7155,0,124
ood_compose_regime-00961	10	2	2	170,114,36,13,71,130,143,165,4,93,78,183,191,172,17,110,105,66,193,171,156,147,31,21,151,40,83,55,59,88,176,117,124,140,174,45	3,3,0.2845,0,149;6,2,0.1255,0,161;6,1,0.4915,2,206;5,1,0.0195,0,184;8,4,0.5635,0,129;3,0,0.9595,2,194
ood_compose_regime-00962	1	2	0	141,175,19,21,198,140,3,99,149,147,36,185,92,28,44,11,177,107,69,185,116,93,67,169,86,45,117,123,204,152,50,197,80,132,177,62	2,1,0.6335,0,182;3,2,0.8595,0,255;1,4,0.6585,0,113;7,4,0.8645,0,133;2,1,0.8345,0,131;2,2,0.9615,0,105
ood_compose_regime-00963	5	2	1	82,147,110,43,34,137,13,198,117,31,135,116,52,21,45,150,93,186,8,67,179,159,16,212,158,170,69,141,91,168,125,74,99,60,171,194	7,3,0.1545,0,119;6,0,0.7595,0,203;3,2,0.6095,0,10;1,0,0.7795,0,22;2,4,0.8965,0,64;4,5,0.2485,0,118
ood_compose_regime-00964	7	2	0	34,98,180,147,106,49,160,124,9,117,93,59,41,69,194,116,21,153,74,12,17,66,205,149,92,141,190,206,213,45,195,87,31,178,135,138	8,2,0.2965,0,146;6,0,0.2885,0,220;0,1,0.4485,0,47;1,5,0.9295,0,148;1,0,0.9185,0,42;3,5,0.5935,0,158
ood_compose_regime-00965	9	2	0	14,149,99,212,194,18,28,153,128,154,169,181,76,135,43,93,69,8,86,92,147,45,152,181,115,58,138,64,187,108,21,118,141,52,38,160	7,4,0.4035,0,5;3,4,0.6345,0,250;3,0,0.1305,0,193;3,4,0.8165,0,218;2,2,0.7885,1,234;7,5,0.5735,0,138
ood_compose_regime-00966	5	2	0	177,165,106,165,44,58,149,155,183,176,69,136,65,89,168,76,37,21,93,121,117,192,10,205,147,45,55,133,143,103,30,19,192,85,7,113	6,0,0.6355,0,249;5,3,0.8725,0,158;6,0,0.2785,0,13;3,3,0.2425,0,67;6,0,0.2875,0,125;0,3,0.0975,2,181
ood_compose_regime-00967	5	2	1	176,137,82,203,91,201,141,62,150,196,96,76,21,66,153,120,114,52,147,37,106,168,213,44,161,31,45,15,98,134,161,69,127,213,4,16	3,5,0.1265,0,156;6,3,0.9515,0,18;3,4,0.4385,0,13;3,0,0.6725,3,197;1,0,0.5935,3,169;6,4,0.2915,0,11
ood_compose_regime-00968	2	2	1	21,130,86,111,163,11,92,147,43,74,183,68,2,69,124,105,112,171,152,215,207,155,150,36,139,141,60,93,177,17,117,167,199,28,45,52	1,1,0.3095,0,252;3,2,0.7455,0,9;3,2,0.8285,0,188;1,4,0.9155,0,235;8,5,0.0695,0,216;3,0,0.6135,0,140
ood_compose_regime-00969	7	2	1	141,92,122,45,50,100,40,69,94,76,147,17,183,115,205,67,117,186,196,152,11,1,21,207,62,110,159,150,87,28,159,203,180,39,137,130	0,1,0.3325,0,91;3,5,0.1015,0,113;1,4,0.7755,0,67;3,5,0.8475,1,119;3,4,0.7955,0,160;1,0,0.3585,0,246
ood_compose_regime-00970	10	2	1	39,168,45,90,141,117,138,150,6,112,147,23,132,203,61,11,93,125,182,204,168,174,40,205,212,101,199,29,106,76,53,69,85,17,152,66	5,1,0.3485,2,91;4,5,0.0205,0,83;4,3,0.5395,0,3;3,3,0.4945,0,191;4,0,0.0375,0,182;4,2,0.5085,0,84
ood_compose_regime-00971	9	2	1	121,150,153,69,137,201,87,27,132,44,147,201,163,198,212,38,167,80,9,93,141,18,112,181,117,11,45,60,91,181,111,52,188,66,21,99	8,1,0.4405,0,118;2,4,0.9325,0,113;3,2,0.4815,0,239;7,5,0.6215,0,193;2,5,0.1195,0,225;0,2,0.3125,0,2
ood_compose_regime-00972	5	2	1	164,107,208,167,150,140,69,131,141,188,193,129,114,211,214,45,190,34,61,174,93,103,89,41,52,163,147,117,18,12,1,28,75,21,65,87	0,2,0.4935,0,151;3,0,0.3725,0,26;3,3,0.3925,0,86;2,5,0.2985,0,31;6,1,0.4835,0,95;8,1,0.8015,0,175
ood_compose_regime-00973	5	2	2	161,51,139,153,21,45,113,106,1,215,99,147,169,39,124,151,173,156,69,159,67,174,75,133,40,28,17,13,86,187,93,117,210,60,88,141	0,3,0.2745,0,196;3,5,0.0625,0,194;2,2,0.6685,0,113;2,4,0.0365,0,141;2,0,0.2665,0,235;3,3,0.6845,0,3
ood_compose_regime-00974	5	2	2	171,208,45,133,93,97,68,204,60,141,147,36,161,28,76,173,88,21,14,19,69,52,4,151,140,198,177,128,213,117,85,112,106,173,43,179	3,4,0.7635,0,129;3,2,0.7125,0,209;3,2,0.8825,0,91;3,3,0.1505,0,128;0,0,0.0455,0,101;7,3,0.8895,0,39
ood_compose_regime-00975	10	2	2	79,200,108,91,136,59,67,53,8,182,208,116,176,185,93,175,125,147,69,187,141,21,206,14,169,117,29,37,84,42,45,100,165,17,151,133	7,4,0.2395,0,39;4,3,0.4245,0,109;4,1,0.7235,0,202;6,2,0.6015,0,253;3,2,0.8065,0,134;4,3,0.1005,0,178
ood_compose_regime-00976	7	2	2	92,86,99,21,52,137,141,128,172,4,156,147,26,198,131,174,115,206,68,111,151,43,160,118,74,45,154,93,69,200,179,12,195,58,18,34	3,2,0.4185,0,192;1,0,0.7395,0,59;3,0,0.9155,0,219;1,4,0.8625,0,137;2,5,0.6955,1,226;7,1,0.2955,0,38
ood_compose_regime-00977	5	2	1	21,165,40,181,175,106,150,74,45,138,58,14,4,196,170,147,208,134,117,19,86,124,93,153,66,69,90,27,52,38,116,210,202,171,100,141	3,4,0.7745,0,244;2,4,0.1745,0,169;3,0,0.5165,0,165;1,4,0.4035,0,127;3,0,0.9615,0,129;3,4,0.5715,0,78
ood_compose_regime-00978	9	2	2	63,141,56,101,172,137,162,44,17,214,33,35,107,207,173,66,114,15,77,90,193,151,147,178,191,45,124,170,3,155,69,21,95,117,135,85	2,5,0.2525,0,186;8,1,0.9925,0,150;7,5,0.4235,0,32;4,3,0.4355,2,241;4,1,0.4635,0,184;3,5,0.3395,0,14
ood_compose_regime-00979	5	2	0	93,137,69,100,196,52,124,15,67,204,62,177,147,4,117,134,19,91,149,87,186,187,108,141,40,48,28,115,210,213,185,75,24,162,191,36	3,5,0.7165,3,148;3,2,0.1855,3,246;3,4,0.7415,0,70;2,5,0.6885,0,188;3,2,0.6805,0,16;3,4,0.3195,0,167
ood_compose_regime-00980	5	2	0	65,93,208,43,147,200,117,52,63,100,3,191,86,182,70,27,92,132,210,171,187,181,14,144,111,137,116,21,212,39,45,19,149,124,76,155	2,4,0.6055,0,191;2,5,0.7745,0,202;3,5,0.3905,1,230;3,4,0.9585,0,27;3,5,0.8355,0,15;3,2,0.3135,3,45
ood_compose_regime-00981	9	2	2	166,215,147,9,195,86,45,67,190,185,104,80,69,28,52,60,167,173,117,112,135,14,141,110,165,41,39,21,17,162,93,185,139,151,92,122	8,4,0.2505,0,14;3,5,0.2715,0,214;3,2,0.6585,0,58;7,4,0.8135,0,188;7,4,0.0685,0,59;1,5,0.6575,0,255
ood_compose_regime-00982	5	2	2	12,50,106,18,137,131,28,48,129,151,44,7,141,118,115,205,170,163,82,183,76,36,91,69,64,100,175,187,21,93,197,170,182,63,147,185	6,2,0.4345,0,153;3,2,0.9525,3,119;1,5,0.1275,0,152;3,0,0.7705,0,30;3,0,0.7285,1,23;8,1,0.3065,0,186
ood_compose_regime-00983	9	2	1	19,177,38,56,141,69,136,32,147,186,150,110,159,207,157,58,93,128,131,116,45,120,152,4,41,172,189,180,76,196,98,87,10,88,21,67	3,0,0.7635,0,211;7,4,0.2425,0,14;7,0,0.7325,0,211;3,5,0.1705,0,35;1,4,0.8345,3,0;7,1,0.0735,0,184
ood_compose_regime-00984	5	2	2	70,181,21,153,84,93,13,215,132,155,16,40,90,106,152,147,141,100,172,124,4,151,59,65,76,27,212,176,38,57,159,181,47,115,118,139	3,3,0.1355,0,193;2,4,0.0465,2,151;8,1,0.3215,1,232;3,2,0.4355,0,140;3,0,0.6315,1,174;3,2,0.7925,0,85
ood_compose_regime-00985	2	2	2	61,181,131,161,34,21,45,212,152,147,197,82,91,141,75,64,137,129,93,100,8,117,174,199,16,170,198,10,28,160,52,69,151,41,114,106	7,0,0.0625,0,153;3,0,0.3265,0,166;3,3,0.0465,0,249;2,0,0.6525,0,108;3,0,0.5715,0,176;8,1,0.3935,0,16
ood_compose_regime-00986	7	2	2	74,100,159,65,188,124,46,214,92,60,15,193,178,194,185,108,137,71,28,151,141,5,40,17,166,147,191,93,49,112,200,117,21,130,36,86	4,5,0.3135,0,254;3,2,0.0565,1,204;0,2,0.3015,2,40;1,4,0.8805,0,166;3,2,0.1265,0,192;3,0,0.2675,0,50
ood_compose_regime-00987	5	2	1	214,28,42,210,19,141,117,100,162,134,186,34,65,91,198,45,69,73,121,181,13,93,147,50,155,106,212,198,136,84,4,150,21,113,58,210	3,3,0.7535,0,36;3,0,0.4625,0,80;1,0,0.3705,0,99;0,2,0.6335,0,204;3,0,0.2695,0,149;0,4,0.0475,0,197
ood_compose_regime-00988	2	2	0	147,138,69,36,16,185,157,159,45,117,181,208,52,78,141,11,83,28,99,65,61,132,108,178,1,21,123,115,214,168,93,44,149,152,186,92	0,1,0.0765,0,134;3,2,0.8205,0,200;3,3,0.2395,0,33;5,1,0.8755,0,255;2,2,0.6425,0,239;2,2,0.5255,0,171
ood_compose_regime-00989	5	2	1	201,14,140,157,75,37,69,44,147,167,52,3,93,45,18,64,21,117,198,150,100,124,114,111,200,194,207,92,87,209,141,58,31,191,154,133	2,4,0.5225,0,103;6,3,0.9395,0,239;3,0,0.0885,0,5;2,5,0.9265,0,13;3,5,0.5865,0,197;3,3,0.9105,0,118
ood_compose_regime-00990	7	2	0	90,37,21,195,83,111,149,2,167,169,20,117,189,136,59,131,15,178,51,72,128,212,100,28,112,141,67,196,45,44,96,164,79,147,201,180	1,5,0.8505,0,12;3,3,0.8855,0,175;2,1,0.7135,3,30;6,1,0.4655,3,78;3,5,0.1115,0,146;7,1,0.1625,0,76
ood_compose_regime-00991	5	2	1	123,180,117,26,52,66,139,154,135,86,15,103,79,46,150,93,72,187,153,147,110,40,171,39,172,173,61,141,4,183,19,21,175,179,89,113	3,5,0.7335,0,43;1,5,0.1895,1,174;3,3,0.5815,3,137;6,4,0.3075,0,244;6,4,0.2475,0,51;2,5,0.6645,0,71
ood_compose_regime-00992	2	2	0	209,149,186,157,147,107,74,117,167,21,188,45,38,65,172,60,92,53,10,18,132,2,113,82,193,42,184,123,93,69,141,163,194,28,102,136	1,0,0.4875,0,224;3,4,0.4135,0,67;4,2,0.3445,0,241;1,0,0.8025,0,53;5,1,0.2655,0,40;2,2,0.0235,0,5
ood_compose_regime-00993	5	2	1	49,119,10,100,132,69,150,64,24,165,208,28,173,44,141,45,4,93,166,123,60,183,203,37,17,115,110,75,136,187,147,82,152,201,157,91	3,0,0.3675,3,54;3,3,0.8165,0,187;0,2,0.0225,0,2;2,0,0.7985,0,64;3,4,0.7095,2,158;2,2,0.1165,0,243
ood_compose_regime-00994	5	2	1	21,150,59,212,134,200,215,91,141,206,190,207,100,87,123,198,41,28,93,147,109,117,3,197,55,66,197,182,75,10,38,115,69,45,17,140	2,0,0.2895,0,253;3,4,0.2655,0,98;6,1,0.5365,0,70;2,5,0.7135,0,41;3,3,0.7125,0,37;2,4,0.9065,0,145
ood_compose_regime-00995	5	2	1	21,150,39,207,47,11,196,204,147,143,176,140,97,26,7,184,190,61,76,209,176,53,69,40,117,112,67,171,215,90,107,87,20,93,124,134	6,1,0.8915,0,253;1,5,0.1355,2,226;4,3,0.7665,0,164;3,5,0.5785,0,70;0,1,0.1845,0,212;3,4,0.9035,2,234
ood_compose_regime-00996	5	2	2	202,116,78,204,152,191,122,93,134,47,92,20,151,156,34,13,21,117,87,213,110,164,68,69,141,4,52,194,40,147,29,195,211,58,139,97	3,3,0.9595,0,222;4,0,0.0235,2,65;3,0,0.8565,0,168;5,5,0.9795,0,254;0,4,0.8155,0,183;1,4,0.7645,0,153
ood_compose_regime-00997	5	2	0	106,39,91,85,141,187,184,188,97,41,17,67,154,69,119,45,136,149,95,166,189,116,197,12,1,59,197,73,190,147,54,129,28,192,22,135	0,2,0.3315,1,99;3,5,0.3765,0,6;5,1,0.7225,0,160;0,3,0.7975,2,40;0,0,0.8315,2,134;8,5,0.0335,0,70
ood_compose_regime-00998	5	2	2	17,193,4,124,28,163,58,130,100,86,208,40,183,147,34,137,120,185,15,151,71,207,178,109,141,163,21,93,76,89,45,161,64,52,116,197	3,5,0.2665,0,3;3,0,0.1265,0,16;3,0,0.0295,2,3;3,4,0.3465,0,251;3,3,0.9475,3,29;3,0,0.3815,0,12
ood_compose_regime-00999	2	2	2	189,176,28,76,85,108,155,170,96,60,188,68,69,114,34,99,20,156,162,130,139,159,124,89,10,185,147,3,44,21,151,141,53,166,45,119	2,0,0.8065,0,115;3,0,0.8665,0,232;4,2,0.8735,0,112;3,3,0.2315,3,253;2,2,0.4055,2,45;3,0,0.6155,0,253
ood_compose_regime-01000	6	2	0	200,141,51,113,212,117,36,164,10,133,66,140,147,75,176,21,178,100,25,189,149,83,70,92,48,158,3,121,20,155,193,40,95,59,108,175	2,0,0.9115,0,116;0,2,0.1155,3,152;2,1,0.4355,1,8;2,1,0.9895,2,149;3,2,0.3205,0,173;0,3,0.9825,0,55
ood_compose_regime-01001	5	2	0	166,92,62,64,141,20,135,104,118,5,126,147,115,51,93,36,24,173,149,45,28,152,206,111,44,166,193,15,84,139,204,173,79,162,194,69	4,5,0.9685,3,147;3,2,0.8735,0,32;2,4,0.0275,0,182;6,2,0.8105,0,130;7,5,0.7895,1,114;5,5,0.7415,0,186
ood_compose_regime-01002	9	2	2	147,184,141,177,16,133,37,93,162,21,157,110,186,7,151,43,86,69,68,90,205,98,52,112,117,122,28,209,212,180,45,213,58,80,140,14	6,4,0.0515,0,51;3,3,0.7915,0,125;3,0,0.9545,0,122;7,4,0.4255,0,178;1,4,0.1575,0,64;1,3,0.8135,0,202
ood_compose_regime-01003	5	2	0	76,135,117,176,149,185,183,194,69,68,87,44,215,208,28,45,116,109,51,147,10,203,17,60,2,124,192,21,103,91,136,180,93,142,39,196	1,0,0.3745,0,187;3,5,0.8695,0,74;2,2,0.8095,0,236;3,5,0.7365,0,214;6,3,0.9705,0,197;3,5,0.1895,1,52
ood_compose_regime-01004	5	2	2	147,159,21,69,67,90,180,106,52,117,42,100,139,125,1,20,188,151,143,208,45,83,163,31,172,78,165,183,38,133,166,159,94,60,11,115	0,1,0.9075,0,193;6,4,0.4095,0,229;3,2,0.6925,0,65;5,1,0.4845,1,69;3,0,0.6795,0,157;4,3,0.6825,2,236
ood_compose_regime-01005	8	2	2	139,14,151,25,21,117,18,121,147,168,93,37,78,141,92,202,100,56,64,213,111,153,69,195,164,181,6,45,86,42,115,155,179,61,132,172	5,4,0.5675,0,254;0,3,0.5475,0,62;7,3,0.1565,0,221;5,4,0.8745,0,0;3,5,0.6695,0,58;0,2,0.6605,0,129
ood_compose_regime-01006	2	2	0	117,173,125,109,205,194,69,11,17,166,66,43,133,154,45,85,137,88,28,34,149,197,178,211,58,147,21,112,50,96,160,102,141,2,76,204	1,1,0.3415,0,108;3,0,0.7315,0,19;1,0,0.5755,0,151;3,3,0.1935,3,166;5,3,0.1775,0,59;4,3,0.2825,0,249
ood_compose_regime-01007	8	2	0	214,52,115,166,141,67,18,194,190,149,63,124,111,10,162,21,76,44,188,89,71,132,188,4,194,214,117,171,87,93,147,39,48,33,102,136	3,0,0.4115,0,28;8,5,0.8595,3,71;3,5,0.6975,2,168;3,5,0.3185,0,199;5,5,0.7625,0,73;3,2,0.0175,0,97
ood_compose_regime-01008	9	2	0	28,2,93,152,189,64,10,111,147,81,128,158,60,69,135,41,200,155,154,34,88,45,138,149,83,114,104,181,210,165,52,208,20,141,21,117	1,0,0.8355,0,65;3,0,0.2005,0,50;3,2,0.0945,0,163;8,1,0.0795,0,40;7,5,0.4715,0,0;7,5,0.4155,0,193
ood_compose_regime-01009	1	2	0	51,112,69,190,79,7,149,152,123,137,168,44,214,11,45,163,157,60,93,21,147,214,68,208,28,89,84,205,214,19,111,98,141,34,117,135	6,1,0.6595,0,171;3,0,0.9275,0,243;2,2,0.8785,0,135;6,2,0.2365,0,137;1,5,0.1175,0,83;2,5,0.3275,0,219
ood_compose_regime-01010	10	2	1	164,147,157,84,40,141,45,123,150,93,17,113,181,165,15,101,176,89,106,192,57,68,181,117,132,63,34,76,171,206,28,69,183,21,4,136	3,5,0.3725,0,213;3,0,0.1155,0,224;8,5,0.9485,0,239;3,2,0.3945,0,3;4,0,0.3735,0,213;2,2,0.1035,0,5
ood_compose_regime-01011	9	2	1	194,44,11,183,171,65,59,140,115,85,212,147,53,19,150,175,198,143,158,32,181,1,45,176,90,39,77,128,100,93,71,21,111,212,117,130	0,1,0.6275,0,176;7,5,0.9865,0,155;4,1,0.3945,2,147;4,3,0.5905,0,253;3,5,0.6055,0,197;7,0,0.8235,2,169
ood_compose_regime-01012	10	2	1	150,115,147,170,5,178,128,117,176,87,96,64,130,173,193,43,172,187,101,213,138,28,141,12,88,69,76,19,45,182,63,23,52,38,111,182	4,2,0.7005,2,185;3,4,0.7475,0,116;3,5,0.0325,0,13;3,5,0.1485,3,124;4,5,0.7635,0,190;7,0,0.4235,0,96
ood_compose_regime-01013	8	2	2	67,14,83,213,74,214,152,4,16,21,45,69,44,91,144,123,140,58,93,147,117,39,202,98,176,157,112,171,109,192,151,52,30,185,134,165	3,4,0.1125,0,186;5,5,0.9965,0,121;3,0,0.6785,0,166;1,1,0.6245,0,43;1,3,0.0325,0,183;2,4,0.9765,3,42
ood_compose_regime-01014	2	2	2	26,196,117,196,165,82,67,44,212,21,60,106,156,69,45,151,175,180,89,147,144,93,15,206,130,17,35,51,201,4,124,105,113,76,140,158	3,5,0.2575,0,193;1,1,0.8705,0,15;2,2,0.6925,0,171;3,0,0.2995,0,209;8,0,0.3005,0,115;3,0,0.8685,3,145
ood_compose_regime-01015	10	2	1	101,74,96,147,12,185,196,64,137,153,43,115,45,181,36,29,162,122,20,131,190,141,158,72,150,59,207,57,199,111,117,83,158,91,21,4	3,2,0.8015,0,46;4,2,0.6315,0,62;8,1,0.1555,3,225;1,1,0.6055,3,81;4,5,0.7545,0,236;1,1,0.2275,0,16
ood_compose_regime-01016	6	2	2	163,76,62,195,45,157,33,151,203,24,90,156,168,65,188,69,140,35,141,131,17,49,109,40,97,4,115,212,186,147,87,213,117,12,93,121	3,2,0.3155,3,94;8,1,0.1515,0,104;0,4,0.3165,0,96;3,5,0.4785,0,9;0,3,0.7145,0,70;0,1,0.9835,0,31
ood_compose_regime-01017	8	2	2	78,15,141,151,194,180,153,126,21,178,17,45,214,42,135,139,34,100,87,59,93,27,117,108,91,65,54,5,203,147,174,113,200,175,170,69	4,5,0.3545,0,239;2,0,0.4905,0,49;5,1,0.2635,0,7;5,5,0.6905,0,57;3,2,0.2205,0,156;5,5,0.6335,0,91
ood_compose_regime-01018	5	2	1	177,179,198,163,41,27,9,49,45,150,39,90,117,93,171,21,15,137,141,20,107,67,87,59,98,121,202,177,131,168,166,112,69,156,76,147	8,5,0.9615,0,252;2,5,0.2155,0,228;0,1,0.6685,0,206;3,5,0.5125,0,196;1,1,0.1925,0,159;0,1,0.2995,0,18
ood_compose_regime-01019	2	2	0	33,7,194,186,36,52,141,82,63,149,77,123,117,147,106,64,17,90,95,168,191,199,42,47,181,21,131,69,12,100,159,189,201,116,212,139	6,2,0.2085,0,100;8,2,0.4485,2,1;3,5,0.0265,0,222;4,0,0.4715,2,207;3,0,0.9465,0,9;2,1,0.6655,0,65
ood_compose_regime-01020	5	2	0	213,208,159,147,149,8,17,60,106,65,42,14,140,76,117,154,154,31,134,21,112,45,51,160,70,37,86,215,141,184,181,127,103,169,93,90	7,4,0.2145,0,1;6,3,0.4575,0,177;2,2,0.3245,1,67;3,4,0.4705,0,220;6,0,0.0155,0,235;6,4,0.9235,0,8
ood_compose_regime-01021	10	2	0	21,154,147,107,9,213,183,141,207,92,173,28,84,192,105,167,73,19,137,116,68,45,132,63,41,10,173,117,69,57,149,39,123,197,96,164	8,0,0.6915,0,155;3,5,0.2335,0,132;8,5,0.9185,0,160;0,2,0.8345,3,231;8,1,0.8295,0,190;2,2,0.2405,0,182
ood_compose_regime-01022	10	2	0	45,186,149,92,58,169,100,147,117,152,195,93,162,81,198,37,114,197,164,210,182,134,20,141,108,30,51,86,64,11,129,7,140,44,69,24	6,1,0.9565,3,158;5,3,0.8345,0,22;2,0,0.0115,0,78;8,4,0.9285,0,165;3,2,0.5185,0,187;8,4,0.9985,0,147
ood_compose_regime-01023	1	2	1	186,14,179,21,117,135,32,37,19,178,141,93,192,67,167,203,91,76,40,61,172,56,140,215,85,147,106,48,3,123,150,69,115,104,153,191	2,4,0.6565,0,229;7,3,0.1785,3,197;7,3,0.6345,0,11;3,3,0.7065,0,92;7,0,0.6665,0,94;2,5,0.9815,0,207
ood_compose_regime-01024	5	2	0	172,205,91,209,46,190,93,147,74,13,170,114,109,149,100,69,55,122,198,67,28,200,197,5,24,117,61,87,138,44,189,16,38,130,141,203	4,3,0.0025,3,47;3,4,0.8105,1,38;6,3,0.7235,0,14;1,5,0.6515,0,155;3,3,0.4095,0,94;1,0,0.4415,0,72
ood_compose_regime-01025	5	2	1	150,40,121,158,139,109,45,17,66,76,141,133,167,52,69,187,12,91,102,180,21,182,171,112,86,213,118,93,198,25,147,36,197,6,63,175	5,2,0.3965,0,208;0,2,0.1815,0,74;3,5,0.5205,0,12;3,4,0.6295,0,254;5,3,0.1575,1,36;0,3,0.6955,0,225
ood_compose_regime-01026	10	2	0	92,69,16,204,171,199,87,45,40,113,163,152,64,117,183,137,133,100,125,149,147,111,38,77,12,21,58,199,207,154,55,175,5,141,27,93	4,2,0.0845,0,154;2,4,0.0495,0,162;6,0,0.1615,0,145;4,5,0.8055,0,23;3,5,0.2235,0,255;4,3,0.3935,0,223
ood_compose_regime-01027	10	2	2	151,109,159,93,114,178,21,137,172,86,90,135,197,212,81,58,100,49,183,69,9,25,141,129,41,147,117,68,45,38,11,178,161,163,17,170	8,1,0.2665,0,98;0,4,0.2465,0,67;0,0,0.8905,0,238;8,4,0.5775,0,38;3,3,0.4365,0,238;8,5,0.2315,0,129
ood_compose_regime-01028	5	2	1	44,128,91,13,182,194,156,141,18,152,139,117,85,150,37,56,158,160,154,45,2,184,28,100,70,21,79,131,178,147,93,64,59,114,111,195	1,3,0.4005,0,135;3,3,0.8085,0,72;7,1,0.0395,1,23;6,3,0.7785,0,102;3,5,0.4075,0,71;7,1,0.6645,0,186
ood_compose_regime-01029	5	2	1	176,87,50,141,184,132,124,201,172,72,93,137,147,32,108,19,45,74,11,154,150,212,89,176,35,103,67,117,21,116,42,193,3,58,198,154	2,1,0.7445,0,121;7,1,0.4385,0,99;1,0,0.7115,3,168;1,5,0.3085,0,195;6,2,0.8505,0,176;3,2,0.2805,0,73
ood_compose_regime-01030	7	2	2	174,18,38,164,141,66,165,99,28,75,107,147,46,178,70,124,188,93,189,15,2,88,166,191,61,202,87,174,140,151,117,40,116,21,130,54	1,5,0.4475,0,69;3,4,0.1625,1,149;5,3,0.5245,1,36;2,5,0.0955,0,255;2,1,0.8235,0,248;3,0,0.9015,0,117
ood_compose_regime-01031	2	2	1	84,42,213,12,60,196,117,65,185,27,93,45,21,141,134,147,136,1,181,52,183,69,207,110,76,104,20,156,91,183,123,200,150,202,112,34	0,2,0.8325,0,24;2,0,0.5155,0,132;3,2,0.3215,0,211;3,2,0.7045,0,83;7,4,0.0955,0,101;2,4,0.1045,0,200
ood_compose_regime-01032	1	2	0	59,149,204,21,17,141,110,136,100,155,42,8,117,38,147,77,113,64,11,91,49,157,124,72,45,132,93,209,83,186,175,27,202,202,160,211	7,1,0.3065,0,92;2,4,0.5105,0,181;0,1,0.0025,3,153;4,1,0.6195,0,86;3,4,0.3635,0,212;3,2,0.0695,0,90
ood_compose_regime-01033	7	2	2	162,83,21,9,69,109,58,151,98,90,14,179,195,43,18,52,47,138,117,121,167,132,147,167,81,142,34,68,201,211,193,116,177,26,214,94	8,4,0.5815,0,155;1,0,0.7965,2,70;3,0,0.8155,0,74;8,1,0.5975,1,15;1,3,0.8305,0,179;0,2,0.4315,1,66
ood_compose_regime-01034	10	2	1	203,20,207,76,117,86,159,52,141,135,210,28,101,6,21,194,147,113,65,93,189,111,139,69,150,179,162,88,15,37,159,125,62,41,47,208	5,5,0.9285,0,170;3,3,0.2905,2,232;3,4,0.2435,0,240;3,4,0.1725,0,53;4,5,0.3245,0,242;4,5,0.6195,0,120
ood_compose_regime-01035	5	2	2	100,147,115,193,133,95,215,42,27,3,160,17,92,143,140,66,193,151,79,174,34,86,52,69,158,109,162,10,210,125,21,212,174,45,117,62	2,0,0.2515,0,230;2,0,0.4775,0,252;3,4,0.5775,0,131;6,4,0.8305,2,172;3,3,0.6245,0,61;4,3,0.9465,2,45
ood_compose_regime-01036	1	2	0	5,11,137,203,193,96,69,43,200,153,163,32,147,87,45,51,63,196,38,164,202,189,117,134,89,124,141,21,20,149,65,81,199,107,99,113	4,1,0.9385,0,234;7,4,0.6345,0,1;2,5,0.3125,0,154;8,5,0.3935,3,5;2,1,0.3825,0,171;3,4,0.3095,0,163
ood_compose_regime-01037	10	2	1	80,14,150,20,69,156,112,179,57,68,117,39,93,139,33,22,124,141,154,41,9,83,59,195,176,181,147,161,88,45,132,109,164,213,100,162	8,4,0.8405,1,64;8,5,0.2815,0,44;8,1,0.8845,0,247;7,1,0.0965,0,157;3,3,0.0235,0,12;3,2,0.6865,0,247
ood_compose_regime-01038	5	2	2	133,196,147,107,204,57,43,39,76,206,90,86,152,113,161,209,10,117,151,101,33,162,69,20,180,47,126,158,191,142,64,137,21,2,63,93	1,0,0.8035,0,230;8,5,0.6375,2,196;8,5,0.0405,0,164;3,4,0.4485,0,84;4,1,0.3665,0,160;5,3,0.2585,1,238
ood_compose_regime-01039	5	2	2	132,147,69,195,99,53,155,176,89,199,175,151,60,76,139,65,19,43,209,117,170,106,158,45,85,38,24,191,15,115,93,30,141,123,3,175	2,5,0.7065,3,237;5,4,0.7385,0,255;4,2,0.2325,0,41;3,3,0.2935,0,152;2,0,0.6995,0,255;2,2,0.7985,0,237
ood_compose_regime-01040	5	2	1	138,117,142,135,160,69,158,93,43,161,58,55,174,169,17,68,201,34,156,113,27,188,22,190,10,91,194,99,111,3,76,85,150,125,45,147	2,0,0.3765,1,62;2,0,0.7845,0,236;6,0,0.9285,0,33;3,3,0.6865,0,102;2,5,0.2495,0,134;4,5,0.4815,1,154
ood_compose_regime-01041	5	2	2	186,205,213,154,26,12,89,215,127,60,202,165,44,93,65,153,117,151,21,141,69,7,100,154,75,147,82,16,213,130,37,48,136,111,114,53	6,2,0.1425,0,26;1,3,0.9825,3,152;4,2,0.2055,0,95;2,0,0.2575,0,12;3,5,0.4445,0,232;6,0,0.0905,0,215
ood_compose_regime-01042	5	2	2	68,117,85,151,192,130,160,18,69,28,21,44,8,115,45,110,122,153,90,180,168,93,100,214,136,39,147,179,78,141,60,208,210,167,52,15	7,5,0.4115,0,202;3,5,0.8815,0,111;3,2,0.9385,0,250;5,3,0.5335,0,21;3,4,0.7995,0,204;1,0,0.0885,0,250
ood_compose_regime-01043	5	2	0	10,194,39,113,175,40,173,47,122,2,111,138,60,153,133,141,86,76,200,158,49,174,193,99,21,117,91,93,147,26,149,71,153,17,189,66	1,0,0.2425,0,63;1,5,0.0035,2,48;0,2,0.4985,2,19;3,4,0.7385,0,229;2,5,0.2325,0,120;1,3,0.4675,0,205
ood_compose_regime-01044	5	2	2	111,141,163,87,198,69,45,159,37,49,4,117,64,151,12,60,197,159,42,176,93,115,21,191,76,92,187,17,28,199,147,136,100,152,130,121	3,2,0.3395,0,226;3,3,0.5615,0,134;0,2,0.1635,0,77;3,5,0.8085,0,80;3,5,0.7435,0,252;0,0,0.0975,0,6
ood_compose_regime-01045	5	2	2	117,124,134,51,151,46,93,28,69,75,199,89,137,153,142,63,102,115,4,64,197,212,109,189,13,171,190,167,34,44,19,187,152,84,21,147	3,3,0.7055,0,150;3,0,0.9855,1,44;2,5,0.0875,0,57;2,2,0.3495,0,91;5,3,0.7895,0,213;3,4,0.3285,1,146
ood_compose_regime-01046	2	2	0	149,45,52,68,42,159,197,107,8,207,92,167,209,10,190,69,93,103,187,204,82,17,80,60,21,124,134,34,140,192,144,32,114,117,201,147	7,0,0.2455,0,31;7,0,0.4505,0,37;3,2,0.8405,0,88;7,0,0.8295,0,84;6,1,0.4005,0,194;3,4,0.8095,3,206
ood_compose_regime-01047	6	2	0	28,160,215,12,55,41,121,183,86,138,3,34,184,147,149,197,166,113,134,45,117,103,93,68,69,161,209,189,59,20,92,106,23,183,73,141	2,2,0.9665,2,68;3,0,0.2915,0,200;6,1,0.9085,0,168;0,4,0.9095,0,217;6,0,0.2165,0,126;0,4,0.5025,0,18
ood_compose_regime-01048	5	2	2	187,20,63,103,10,69,85,196,65,147,180,50,88,35,117,106,169,151,170,212,124,192,140,48,133,44,30,141,197,112,23,155,2,74,206,93	1,0,0.9105,2,131;5,1,0.8045,3,141;1,5,0.2105,0,58;1,3,0.1905,0,100;6,0,0.0425,0,206;3,3,0.9505,0,4
ood_compose_regime-01049	8	2	1	83,152,147,212,126,1,200,45,189,10,109,21,69,150,16,28,141,214,196,58,90,74,102,192,133,182,64,93,115,139,42,117,185,181,38,49	0,0,0.1005,0,164;3,4,0.4465,0,82;0,0,0.0655,0,219;1,1,0.5635,0,254;5,3,0.7825,0,193;5,3,0.7415,0,236
ood_compose_regime-01050	5	2	1	59,147,177,114,202,51,111,187,150,93,79,184,198,197,99,64,46,90,210,126,141,14,36,139,42,69,188,27,159,192,83,20,4,119,134,21	3,4,0.8745,0,204;2,2,0.4115,1,143;2,1,0.0825,0,93;6,1,0.5925,0,191;2,5,0.4845,2,176;5,4,0.6365,0,85
ood_compose_regime-01051	10	2	2	184,38,66,21,147,95,183,52,111,117,124,58,17,113,214,186,90,158,75,44,9,162,151,45,134,69,30,198,141,82,170,105,172,12,159,138	8,2,0.3705,0,178;5,4,0.9785,0,232;3,0,0.5375,0,221;2,0,0.4175,2,95;8,5,0.2845,0,161;3,4,0.5715,0,153
ood_compose_regime-01052	5	2	2	63,151,9,91,187,39,193,45,205,100,69,136,66,203,211,183,152,209,17,115,141,28,120,93,124,166,21,42,147,79,109,83,52,209,15,132	8,5,0.2415,0,53;3,5,0.5315,0,182;3,5,0.4525,0,180;6,1,0.7645,0,134;3,3,0.6565,3,85;3,2,0.0015,0,54
ood_compose_regime-01053	5	2	0	172,184,108,85,60,19,137,147,92,37,25,113,134,169,55,201,190,21,76,149,64,45,124,97,41,4,141,197,191,93,69,172,191,12,117,179	3,2,0.7555,0,10;0,3,0.3885,0,135;6,2,0.0245,0,69;3,3,0.8195,0,173;0,2,0.3415,0,28;3,4,0.2605,0,87
ood_compose_regime-01054	6	2	0	135,117,92,173,124,14,40,189,93,45,59,69,205,85,21,113,160,1,28,64,51,149,106,147,166,164,36,181,77,20,139,100,182,158,141,188	0,4,0.8695,0,100;3,2,0.1965,0,93;2,1,0.1255,0,241;4,3,0.8065,0,31;3,0,0.2515,0,57;3,5,0.7405,0,174
ood_compose_regime-01055	1	2	0	114,73,69,141,91,45,1,19,60,66,27,204,164,149,122,118,134,190,38,155,21,185,138,152,197,183,14,52,147,84,42,109,100,94,177,201	0,4,0.6295,0,25;2,4,0.4105,0,222;3,2,0.5335,0,241;0,2,0.6145,1,117;3,3,0.5465,1,82;1,4,0.5125,0,84
ood_compose_regime-01056	5	2	1	18,194,68,86,152,13,57,213,153,134,98,141,160,203,140,45,147,150,166,26,177,126,90,116,111,44,155,93,117,168,76,21,4,35,60,69	3,3,0.5865,0,1;1,1,0.9925,0,143;8,2,0.8735,0,112;3,4,0.5615,0,218;1,5,0.9725,0,143;5,4,0.9875,0,169
ood_compose_regime-01057	5	2	2	83,116,191,180,198,21,15,151,196,18,4,47,170,141,27,107,51,81,193,171,157,134,136,93,117,35,179,42,180,99,65,60,69,90,121,147	3,5,0.4155,0,228;2,1,0.4775,2,93;2,2,0.3435,0,19;8,1,0.4915,0,197;2,1,0.9525,0,23;0,4,0.0035,0,182
ood_compose_regime-01058	10	2	2	42,192,191,141,197,140,61,14,45,53,186,7,164,190,117,89,135,93,153,66,125,39,151,87,168,21,28,106,203,191,19,98,147,116,69,77	6,4,0.6025,0,32;3,5,0.5575,0,14;4,3,0.5145,0,93;4,5,0.3525,0,215;1,0,0.9045,0,27;4,5,0.8365,0,17
ood_compose_regime-01059	5	2	0	36,21,135,91,60,192,20,45,213,213,113,147,43,31,187,3,124,149,93,64,85,51,154,10,184,165,76,69,111,180,152,142,117,152,138,100	2,0,0.9235,0,7;6,2,0.6825,0,226;2,2,0.0175,0,105;3,3,0.6875,0,46;3,5,0.3935,0,232;3,5,0.4145,1,134
ood_compose_regime-01060	7	2	0	53,149,29,21,175,63,210,138,15,135,172,70,165,39,193,200,161,122,45,198,93,99,19,147,41,111,117,116,90,76,2,169,65,141,86,164	1,5,0.6825,0,151;4,5,0.3635,0,1;4,5,0.2305,1,69;3,4,0.4225,0,157;2,5,0.8955,0,20;1,5,0.5325,0,26
ood_compose_regime-01061	9	2	0	35,21,155,184,93,195,191,83,117,19,212,60,194,75,69,186,134,51,44,158,140,64,100,106,88,33,128,149,11,147,178,7,113,141,46,156	6,1,0.6055,0,92;8,1,0.8755,1,2;2,2,0.0885,0,181;2,1,0.0865,0,62;3,0,0.3965,0,98;7,4,0.8455,0,71
ood_compose_regime-01062	5	2	2	67,117,203,33,75,84,147,186,101,89,157,69,188,141,107,191,155,93,138,201,123,59,132,199,151,188,15,51,4,114,21,213,41,47,20,36	3,5,0.8745,0,158;8,2,0.3045,2,7;2,1,0.6625,0,50;2,2,0.3105,0,77;4,1,0.4865,0,8;2,2,0.5465,0,178
ood_compose_regime-01063	5	2	1	182,166,147,45,66,153,134,40,19,196,35,32,93,76,137,24,13,160,69,8,158,100,158,117,60,51,128,204,199,150,141,89,114,86,106,186	7,3,0.6385,3,218;7,1,0.0315,0,29;2,2,0.5815,0,185;3,4,0.2615,0,82;3,0,0.5205,0,153;7,4,0.3655,0,80
ood_compose_regime-01064	5	2	1	63,189,73,150,162,4,115,45,12,86,51,140,69,213,68,193,141,19,127,203,100,176,93,147,28,42,117,133,169,159,39,88,179,207,108,21	3,2,0.7705,0,206;3,5,0.5375,0,34;2,5,0.8075,0,29;0,4,0.1635,0,251;3,2,0.7695,0,60;6,3,0.9045,0,111
ood_compose_regime-01065	5	2	2	57,135,214,201,214,7,85,157,103,215,74,69,45,147,43,65,88,151,117,199,206,122,58,28,141,170,12,38,93,167,18,24,136,112,107,184	6,2,0.5555,3,90;3,4,0.6065,0,16;8,0,0.2325,0,34;1,3,0.1755,0,218;6,1,0.1465,0,156;1,5,0.0485,0,169
ood_compose_regime-01066	10	2	2	112,23,199,214,63,93,4,147,50,215,47,64,111,165,151,90,20,125,41,31,201,141,187,69,86,139,14,133,76,36,117,176,175,183,165,101	3,4,0.9095,2,76;6,2,0.2495,2,158;1,5,0.0985,0,177;3,4,0.4305,0,24;4,5,0.1005,0,193;4,3,0.6545,0,230
ood_compose_regime-01067	5	2	2	63,147,199,92,69,21,193,28,155,96,139,174,213,20,10,157,105,65,179,200,141,45,172,123,152,84,76,110,119,43,8,54,130,39,116,151	7,0,0.9455,0,61;3,5,0.6615,0,208;5,5,0.3915,0,89;3,2,0.9765,3,87;8,4,0.9605,2,75;2,0,0.6045,0,217
ood_compose_regime-01068	10	2	0	156,76,207,176,82,202,117,67,45,102,164,122,171,131,69,14,93,139,9,158,57,147,206,116,89,40,21,58,197,141,19,157,39,110,30,149	8,4,0.6965,0,161;5,5,0.1465,0,234;8,0,0.7935,0,175;3,0,0.3525,0,99;5,4,0.8905,0,74;1,1,0.6305,0,120
ood_compose_regime-01069	2	2	0	82,109,93,112,69,21,207,63,91,45,136,19,164,167,133,29,147,199,124,201,42,149,5,157,184,189,74,52,143,35,100,176,12,66,213,117	4,2,0.7525,0,229;4,1,0.4675,0,116;3,5,0.5365,0,122;1,0,0.6825,0,145;3,3,0.0415,0,230;3,3,0.0015,2,23
ood_compose_regime-01070	2	2	2	126,147,93,151,105,26,136,175,173,117,21,64,34,20,91,189,191,195,131,62,51,110,113,8,69,11,82,41,76,141,45,209,171,156,185,179	7,1,0.8085,0,137;1,0,0.2675,0,241;2,4,0.0155,0,104;3,0,0.7785,0,52;8,4,0.2385,0,50;5,1,0.0905,0,211
ood_compose_regime-01071	5	2	0	45,172,147,72,175,169,198,109,7,60,199,141,92,31,87,210,136,21,116,133,124,172,36,156,16,40,13,64,76,93,198,206,149,54,117,103	6,3,0.1725,0,33;6,2,0.1665,0,141;5,2,0.1785,3,143;3,5,0.9395,0,144;6,3,0.9715,0,147;3,3,0.0945,0,233
ood_compose_regime-01072	9	2	1	45,158,213,24,192,179,92,69,76,68,42,4,15,200,82,208,150,132,100,117,192,63,147,137,93,197,113,210,56,189,123,108,141,17,30,37	3,5,0.3335,3,247;5,3,0.4045,0,255;7,5,0.9985,0,179;3,0,0.8845,0,204;3,2,0.3555,0,60;2,2,0.2165,0,107
ood_compose_regime-01073	5	2	2	198,134,111,83,196,35,21,203,42,215,147,117,207,69,213,30,141,90,51,181,12,124,6,205,98,62,168,19,80,139,112,172,93,45,151,68	5,2,0.6345,0,113;5,1,0.5215,0,137;2,4,0.9215,0,22;7,1,0.5775,0,230;1,5,0.0855,0,93;3,4,0.7775,0,212
ood_compose_regime-01074	5	2	1	156,90,16,44,79,69,196,153,131,56,2,126,150,68,86,109,170,15,34,21,61,115,165,212,46,157,100,93,141,153,147,137,117,152,33,163	1,5,0.0765,0,210;8,0,0.9145,1,50;7,3,0.8315,0,86;6,4,0.4495,0,131;3,3,0.7205,0,237;5,1,0.3905,0,86
ood_compose_regime-01075	8	2	2	134,151,104,204,214,110,36,165,66,60,93,187,42,69,11,21,141,54,139,45,85,31,147,117,126,92,183,213,114,18,172,76,6,173,184,172	5,1,0.4275,0,236;6,2,0.5235,0,201;5,2,0.4125,0,135;3,3,0.9985,0,228;7,4,0.5565,0,1;5,4,0.6705,0,254
ood_compose_regime-01076	5	2	1	185,101,197,117,16,2,54,63,45,134,124,90,179,71,28,10,199,210,147,141,65,174,150,162,77,21,82,140,93,168,43,37,112,111,196,198	1,0,0.0595,0,8;3,3,0.7975,0,168;5,5,0.2515,2,73;4,0,0.5755,0,85;4,5,0.0265,0,218;3,4,0.9655,0,65
ood_compose_regime-01077	1	2	1	169,21,150,196,124,147,117,99,27,189,137,17,69,43,141,187,36,115,87,1,68,94,194,214,168,130,212,51,11,63,80,111,88,153,213,45	0,1,0.3265,0,241;2,2,0.6405,0,69;2,5,0.9125,0,187;7,5,0.0655,1,22;2,5,0.7575,0,52;3,0,0.2065,0,158
ood_compose_regime-01078	5	2	0	98,36,40,67,69,147,192,201,19,85,173,107,149,92,93,54,157,134,117,10,25,206,122,45,21,211,167,2,76,115,185,194,61,136,141,152	1,0,0.7565,0,208;0,2,0.0485,0,113;5,3,0.6245,0,149;3,3,0.8635,0,62;1,1,0.6865,0,56;1,4,0.0095,0,185
ood_compose_regime-01079	5	2	1	183,18,69,204,27,204,21,40,206,67,93,214,11,7,130,109,113,140,213,82,75,206,103,167,147,39,60,201,141,150,55,177,120,92,45,124	6,1,0.5725,0,195;2,5,0.1125,0,159;6,2,0.7405,0,168;2,0,0.8165,0,4;6,3,0.3875,3,37;3,0,0.9665,0,106
ood_compose_regime-01080	5	2	1	147,69,18,93,52,196,200,155,172,156,127,62,134,117,37,66,83,101,159,180,92,150,177,176,143,112,7,24,111,140,79,46,175,26,10,41	6,0,0.5065,3,135;1,3,0.3705,1,247;3,4,0.5215,0,26;6,1,0.9325,0,102;4,5,0.0715,0,100;6,4,0.8775,2,85
ood_compose_regime-01081	9	2	1	150,56,44,20,202,182,47,147,33,93,91,140,8,188,117,63,116,205,153,82,104,34,172,126,185,13,21,141,76,132,165,106,174,67,170,69	7,3,0.9255,0,183;8,0,0.9375,2,26;7,5,0.7155,0,141;3,0,0.7475,0,220;7,0,0.8875,0,216;5,2,0.8005,0,174
ood_compose_regime-01082	8	2	0	149,69,113,169,117,211,100,177,208,16,93,168,152,24,3,63,85,141,179,54,147,133,45,30,140,91,36,78,126,66,109,41,14,189,195,201	2,4,0.0655,3,11;5,2,0.2075,0,19;5,5,0.4105,0,202;5,3,0.6195,0,94;3,3,0.2565,0,148;5,3,0.8385,0,53
ood_compose_regime-01083	5	2	0	175,124,192,19,51,69,141,149,208,175,45,21,147,9,38,139,76,155,43,93,110,196,67,115,155,187,60,100,130,85,194,92,14,211,120,25	8,4,0.7415,0,144;0,4,0.7515,0,120;2,2,0.6525,0,148;3,3,0.9735,0,153;3,4,0.7555,3,68;3,0,0.6965,0,217
ood_compose_regime-01084	5	2	1	66,7,182,20,168,137,52,103,40,127,147,106,161,141,214,171,30,150,117,179,61,10,89,189,182,133,69,212,93,75,21,38,173,86,113,45	6,0,0.9125,0,37;5,4,0.0385,0,22;3,3,0.4095,0,62;2,4,0.2395,0,6;6,0,0.2795,0,81;6,3,0.2825,0,155
ood_compose_regime-01085	10	2	0	156,108,45,44,149,112,18,15,188,201,39,128,169,86,102,93,90,133,58,198,76,202,21,178,56,206,33,5,141,191,201,139,69,66,147,117	4,5,0.4955,0,124;8,5,0.9515,0,40;7,0,0.4995,0,228;3,4,0.5515,0,79;5,2,0.1485,0,242;7,3,0.6495,0,156
ood_compose_regime-01086	5	2	2	76,93,111,124,100,35,90,151,166,208,40,84,46,204,200,56,117,157,174,140,141,58,7,116,160,133,10,147,21,17,167,68,207,193,26,69	6,0,0.2555,0,70;1,1,0.1175,1,32;7,0,0.9965,0,247;3,2,0.5765,0,54;3,5,0.9005,0,251;3,3,0.9495,0,180
ood_compose_regime-01087	5	2	0	21,34,139,172,109,51,162,191,64,44,45,88,69,98,113,4,117,184,19,80,205,82,171,62,133,213,93,26,127,141,181,149,147,156,15,176	3,5,0.7795,0,109;1,0,0.9405,0,129;2,4,0.1045,0,253;7,0,0.1345,0,96;1,3,0.3145,0,140;6,3,0.7945,0,230
ood_compose_regime-01088	9	2	0	63,141,158,28,213,8,93,160,56,10,133,197,44,191,88,105,114,205,39,17,186,68,207,76,69,137,85,46,149,117,191,21,198,147,124,110	7,0,0.3645,0,45;3,5,0.9695,1,166;7,5,0.9655,0,149;3,3,0.1105,0,95;8,4,0.5695,0,239;3,3,0.2515,0,131
ood_compose_regime-01089	5	2	1	40,117,69,181,160,114,39,68,150,141,174,166,132,140,33,48,165,62,129,202,177,106,178,74,52,18,147,91,181,85,21,103,196,3,10,94	2,0,0.5115,0,91;8,5,0.0165,3,240;3,4,0.8975,0,154;1,3,0.7565,1,190;6,0,0.5655,0,87;8,2,0.9215,0,69
ood_compose_regime-01090	5	2	0	142,92,182,139,82,147,149,215,156,196,34,123,114,4,76,153,164,169,45,66,109,204,26,20,14,21,44,158,104,60,166,131,69,117,93,51	3,4,0.8095,0,57;1,0,0.8055,0,73;2,2,0.5045,0,208;3,0,0.8085,0,17;7,3,0.4245,0,203;2,1,0.6185,1,192
ood_compose_regime-01091	1	2	1	18,161,21,133,195,214,170,150,3,176,45,100,155,27,73,69,156,51,128,108,159,141,11,92,116,84,68,147,39,117,40,199,93,203,140,62	2,1,0.4835,0,228;2,5,0.0405,0,238;2,4,0.8205,0,95;0,2,0.9905,0,167;3,2,0.9135,0,42;7,3,0.9825,0,229
ood_compose_regime-01092	5	2	0	124,65,117,177,3,206,62,39,147,140,92,11,157,213,43,115,201,200,18,96,69,21,141,111,73,132,49,185,208,45,163,149,32,204,82,100	2,1,0.5015,0,47;7,5,0.7515,0,155;0,4,0.2295,0,126;0,0,0.8555,3,105;3,5,0.6245,0,105;3,2,0.8295,0,152
ood_compose_regime-01093	5	2	1	44,65,61,117,90,45,141,28,124,93,205,215,34,1,83,20,156,196,207,10,167,79,147,154,112,52,140,106,69,133,21,150,169,103,191,187	0,0,0.8845,0,104;3,0,0.9305,0,20;3,3,0.2385,0,102;6,1,0.4655,0,188;6,0,0.1955,0,212;3,3,0.9395,0,193
ood_compose_regime-01094	5	2	1	113,30,184,45,160,76,132,51,63,127,138,93,189,198,18,21,91,87,111,177,11,202,204,147,38,69,43,159,215,141,166,102,117,6,150,65	5,1,0.5115,0,169;5,4,0.7605,0,160;2,5,0.3945,0,39;3,5,0.6675,0,15;5,5,0.2055,0,117;6,2,0.4505,0,49
ood_compose_regime-01095	8	2	0	132,153,149,81,89,45,156,39,60,66,160,116,175,111,147,21,117,155,102,207,87,28,43,20,54,192,4,160,69,93,174,141,121,164,10,137	3,0,0.9765,0,129;3,5,0.7315,0,208;5,2,0.4895,0,142;8,5,0.3915,0,129;5,5,0.8555,0,110;0,2,0.2735,0,99
ood_compose_regime-01096	5	2	2	212,120,206,182,45,204,52,10,147,44,199,69,66,28,38,141,81,112,133,215,209,4,212,90,106,93,136,151,99,21,18,58,82,167,188,121	3,0,0.4465,0,254;3,4,0.9615,0,33;3,0,0.5935,0,228;8,0,0.5695,0,156;2,0,0.0975,3,2;0,3,0.0475,0,96
ood_compose_regime-01097	5	2	0	173,48,161,52,147,90,149,81,42,210,106,195,199,186,65,122,21,141,117,93,173,28,19,87,63,37,172,152,134,99,4,13,199,69,113,137	3,3,0.6695,0,91;3,3,0.5215,3,150;3,5,0.2465,0,162;8,5,0.4285,0,134;2,0,0.3175,0,110;1,4,0.2045,0,157
ood_compose_regime-01098	5	2	0	209,73,88,140,98,45,14,117,200,142,35,134,171,31,181,69,168,210,21,110,149,95,211,154,86,49,67,18,4,61,190,129,186,116,147,43	3,4,0.4155,0,246;6,1,0.7385,0,136;0,3,0.6835,0,109;0,4,0.1155,2,120;1,4,0.9795,0,76;8,4,0.8175,1,193
ood_compose_regime-01099	10	2	2	60,137,21,188,162,84,41,12,147,211,188,67,117,90,188,178,5,141,19,93,161,169,47,54,151,69,126,211,111,77,30,100,37,134,114,207	4,2,0.7575,0,144;5,3,0.2815,2,129;5,2,0.7155,0,132;4,2,0.4385,0,185;3,5,0.4285,0,185;5,4,0.2185,0,195
ood_compose_regime-01100	5	2	1	75,91,193,93,109,191,150,153,141,36,87,165,156,13,45,179,188,114,130,137,58,97,21,156,124,4,180,204,27,64,18,56,147,117,69,40	3,3,0.4855,0,231;2,2,0.1145,0,117;7,0,0.1485,0,88;2,5,0.6995,0,249;0,3,0.4245,0,22;3,0,0.3865,0,109
ood_compose_regime-01101	10	2	2	106,21,124,130,82,190,93,99,17,191,213,155,80,15,202,147,57,34,59,114,205,32,66,69,206,210,141,206,137,88,159,117,151,47,9,42	8,5,0.3805,0,100;7,0,0.5515,2,82;8,1,0.4945,0,123;7,0,0.1545,0,221;2,0,0.4825,0,58;3,0,0.2705,0,136
ood_compose_regime-01102	5	2	2	112,31,4,170,66,163,179,140,197,41,84,117,100,55,147,144,70,133,190,45,167,208,23,180,89,151,125,59,35,93,194,110,76,198,14,17	3,4,0.3345,2,198;6,1,0.2935,0,71;6,1,0.4815,1,28;3,2,0.3695,0,152;3,4,0.1255,0,137;4,3,0.8365,3,134
ood_compose_regime-01103	5	2	2	4,213,147,17,58,41,117,46,25,52,151,86,21,168,135,72,112,207,160,191,10,139,188,141,76,66,188,209,94,109,214,98,88,172,124,38	3,0,0.3915,0,126;0,4,0.3165,1,40;3,0,0.4785,3,143;3,4,0.1225,1,61;1,3,0.1095,0,229;3,5,0.7795,0,187
ood_compose_regime-01104	2	2	0	117,21,141,169,200,81,10,52,45,132,192,173,124,207,26,35,182,93,187,172,84,207,58,106,149,5,214,41,147,105,113,139,90,18,72,67	4,0,0.5585,0,14;1,1,0.2915,0,172;3,0,0.6275,3,164;8,2,0.4945,0,229;8,0,0.2385,0,110;3,2,0.7025,0,3
ood_compose_regime-01105	5	2	1	97,88,106,21,37,117,197,4,180,14,67,174,63,134,162,150,158,69,147,194,93,26,86,141,208,157,154,76,41,45,52,137,179,128,19,112	3,4,0.6805,0,74;1,3,0.2735,0,235;3,5,0.6595,0,96;3,4,0.0255,0,27;0,0,0.1615,0,8;7,4,0.3575,0,199
ood_compose_regime-01106	5	2	2	108,45,213,205,63,141,17,68,52,37,28,87,153,103,74,151,2,69,43,166,93,147,124,166,194,204,130,202,139,90,117,184,22,112,196,15	1,5,0.3065,1,3;3,3,0.6615,0,81;3,5,0.9355,0,244;1,5,0.4495,0,9;6,2,0.1365,0,197;3,0,0.6075,0,25
ood_compose_regime-01107	5	2	2	16,28,202,64,82,43,45,151,147,53,93,80,106,69,90,203,133,58,205,37,124,186,116,192,12,21,199,154,117,104,4,205,141,171,138,192	3,2,0.1665,0,56;3,3,0.6685,0,150;4,0,0.0885,0,147;7,0,0.5945,0,140;7,0,0.9335,0,254;3,3,0.4355,0,72
ood_compose_regime-01108	2	2	2	194,117,28,92,14,154,93,107,69,132,105,140,147,45,68,44,188,205,83,58,214,52,161,38,171,115,21,151,78,121,6,16,188,177,141,213	5,4,0.1195,0,134;3,4,0.9895,0,78;3,0,0.9545,0,83;5,1,0.9805,0,204;8,1,0.6545,0,162;0,2,0.8325,0,138
ood_compose_regime-01109	5	2	0	57,152,197,10,213,137,111,100,4,85,21,117,122,156,76,115,16,192,45,141,134,183,25,147,92,189,44,149,36,69,93,66,196,153,59,179	3,0,0.0845,0,73;0,2,0.9525,0,195;8,1,0.4785,0,161;3,3,0.8245,0,211;3,5,0.7595,0,108;1,4,0.2575,0,150
ood_compose_regime-01110	1	2	2	195,110,213,89,51,151,164,123,201,136,182,201,21,68,45,159,96,33,38,75,198,184,114,100,134,144,117,43,147,16,63,204,84,14,4,69	3,4,0.1255,0,180;8,4,0.6295,0,212;2,5,0.9015,0,135;2,2,0.3435,3,18;3,4,0.5525,0,148;2,4,0.0225,3,135
ood_compose_regime-01111	5	2	1	72,143,26,100,57,154,201,19,188,13,161,117,198,169,150,173,5,45,84,76,40,115,211,109,170,91,125,64,93,139,38,132,185,63,147,21	4,3,0.6915,0,192;1,4,0.1305,0,47;8,5,0.1885,3,194;3,2,0.6385,0,142;3,3,0.7255,0,235;4,2,0.6605,2,255
ood_compose_regime-01112	7	2	0	7,136,195,205,63,179,202,98,50,116,17,34,180,69,181,172,45,122,28,117,93,135,41,67,143,86,149,215,184,88,107,155,79,24,147,12	6,2,0.2995,3,127;3,0,0.2685,0,65;1,5,0.6205,0,2;6,4,0.0425,0,233;1,1,0.8005,0,223;1,5,0.1835,2,178
ood_compose_regime-01113	5	2	1	170,134,79,21,155,58,93,4,15,152,45,167,137,196,121,66,147,97,25,116,179,82,141,178,192,178,38,49,41,150,20,210,117,69,89,107	3,5,0.9505,0,138;0,4,0.2185,0,41;0,0,0.4885,0,84;6,0,0.3545,0,75;0,1,0.9465,0,111;0,4,0.3955,0,40
ood_compose_regime-01114	10	2	0	57,162,91,149,168,86,186,42,117,161,107,69,176,141,114,62,93,197,181,45,147,81,212,37,28,67,153,18,129,139,134,105,14,9,167,21	8,4,0.4575,0,126;3,3,0.4005,0,208;8,4,0.6885,0,131;8,4,0.7805,0,46;8,1,0.5125,0,172;8,4,0.7825,0,237
ood_compose_regime-01115	5	2	2	69,194,117,28,61,141,110,151,100,112,19,37,181,92,130,199,52,43,192,45,158,215,23,10,207,73,161,193,155,67,121,86,136,2,147,93	1,0,0.6985,2,239;3,3,0.6425,0,0;3,3,0.7875,0,57;0,4,0.9345,0,146;3,4,0.1265,0,179;0,0,0.0665,0,58
ood_compose_regime-01116	5	2	1	36,68,187,109,170,103,150,10,92,175,117,43,93,184,189,147,54,155,130,184,141,69,85,175,114,28,129,156,60,139,169,18,21,4,45,77	3,0,0.5905,0,40;3,2,0.7165,0,144;5,2,0.9425,0,143;4,3,0.9575,0,89;6,3,0.5075,0,32;8,0,0.7285,0,50
ood_compose_regime-01117	5	2	1	204,70,27,104,38,180,116,7,79,154,147,67,191,165,117,62,159,45,22,141,138,156,42,92,93,109,213,133,13,19,124,57,179,150,164,83	6,3,0.7855,1,42;2,4,0.4135,0,250;8,4,0.7285,1,65;6,1,0.8965,0,59;7,3,0.8505,0,96;3,3,0.4155,0,178
ood_compose_regime-01118	5	2	2	134,139,20,111,61,15,204,102,66,183,171,6,147,177,21,93,87,45,54,92,141,113,213,72,37,177,129,168,200,40,118,160,32,76,195,151	5,5,0.8015,0,64;7,3,0.1765,0,151;5,3,0.5045,3,197;3,5,0.8405,0,184;5,5,0.2015,1,144;8,4,0.7455,0,179
ood_compose_regime-01119	5	2	1	42,88,174,173,177,15,62,130,143,4,173,93,156,147,68,25,203,51,150,122,173,45,82,109,159,21,212,117,100,114,76,205,139,35,19,69	3,5,0.7255,0,6;0,1,0.5395,0,78;2,4,0.8695,0,41;3,0,0.1865,0,77;3,3,0.5105,0,180;1,0,0.6025,2,47
ood_compose_regime-01120	9	2	1	114,126,117,19,80,203,21,83,134,215,40,137,147,192,46,54,93,69,164,60,92,109,203,155,28,98,36,213,14,178,180,150,4,64,187,144	3,4,0.6645,0,159;3,2,0.0105,1,123;5,2,0.1215,0,154;7,1,0.9885,0,117;1,3,0.5835,0,33;5,4,0.2065,3,189
ood_compose_regime-01121	5	2	2	214,28,156,167,18,208,119,147,184,107,112,183,52,151,171,130,79,69,141,123,200,24,11,209,93,101,34,139,85,204,47,61,8,44,67,90	7,1,0.5475,3,162;3,0,0.9435,2,56;3,3,0.7195,0,74;6,3,0.4385,0,83;4,1,0.0715,2,190;2,0,0.6135,0,136
ood_compose_regime-01122	5	2	1	45,17,57,66,191,1,38,100,143,154,150,23,123,176,115,93,89,25,161,147,182,163,58,131,14,82,180,80,69,176,198,214,117,43,140,110	0,4,0.3575,2,29;0,4,0.7245,0,162;8,0,0.4005,0,190;7,0,0.2075,0,92;3,4,0.7575,0,77;2,1,0.8795,2,215
ood_compose_regime-01123	5	2	1	123,147,37,93,157,55,21,69,153,157,77,163,89,12,82,141,155,113,45,136,3,117,131,100,209,18,64,111,43,176,29,203,165,174,150,60	2,2,0.5225,0,215;4,3,0.7995,0,63;6,2,0.0165,0,102;4,0,0.3105,0,31;3,5,0.3785,0,236;2,1,0.0855,0,150
ood_compose_regime-01124	5	2	2	151,205,83,178,62,137,184,69,212,21,75,12,152,100,93,114,44,206,27,124,92,141,132,155,64,38,19,111,147,51,193,202,165,47,4,117	3,2,0.6855,0,243;2,4,0.8485,2,97;2,4,0.1805,0,71;2,1,0.9645,0,32;3,5,0.4975,0,252;3,2,0.2685,0,70
ood_compose_regime-01125	9	2	1	141,195,115,45,69,87,129,163,104,163,76,26,21,93,178,200,147,58,163,150,117,137,14,37,162,135,16,182,3,110,183,157,91,65,51,44	2,4,0.0095,0,153;1,3,0.8675,0,161;2,0,0.2375,0,79;3,5,0.6025,0,24;7,4,0.7145,0,191;8,5,0.3265,0,229
ood_compose_regime-01126	5	2	2	141,63,20,25,151,67,69,193,195,76,168,214,14,125,84,35,100,44,116,21,88,178,52,196,207,208,131,9,139,147,111,117,194,93,159,45	8,4,0.8145,0,141;0,1,0.9635,0,127;3,5,0.7535,0,41;3,2,0.0895,0,174;3,5,0.9685,0,32;4,1,0.6715,0,164
ood_compose_regime-01127	5	2	2	141,207,7,44,166,118,19,11,92,199,97,52,164,124,63,31,45,22,34,134,68,147,139,86,115,151,173,93,159,195,154,81,69,181,183,108	6,1,0.7875,1,88;6,0,0.8965,0,97;3,5,0.9935,0,27;8,4,0.9655,0,218;0,2,0.6465,1,116;3,4,0.7255,0,223
ood_compose_regime-01128	5	2	1	41,202,200,45,82,158,141,124,160,97,117,2,21,150,67,51,167,202,16,147,36,139,15,173,116,152,28,58,88,133,109,76,69,200,183,93	1,5,0.1675,0,239;3,2,0.3135,0,252;2,0,0.6315,0,187;3,0,0.0085,0,12;0,3,0.8165,0,30;3,3,0.6695,0,181
ood_compose_regime-01129	5	2	1	43,210,21,173,210,117,16,186,116,9,109,124,76,46,152,38,12,147,100,141,28,213,150,93,86,164,138,193,134,91,57,68,58,211,69,209	8,2,0.1145,0,31;3,4,0.6465,1,246;8,0,0.9395,0,221;3,4,0.6615,0,34;3,3,0.9685,0,166;3,4,0.5215,0,90
ood_compose_regime-01130	5	2	0	181,170,21,12,29,208,42,149,135,191,91,59,71,147,36,4,141,46,192,86,169,20,156,57,118,115,207,67,214,124,110,75,100,190,138,93	3,2,0.8145,0,129;4,2,0.5485,1,158;8,1,0.6805,2,106;2,4,0.7225,0,91;3,4,0.7845,1,0;3,5,0.5095,0,202
ood_compose_regime-01131	10	2	2	151,21,203,135,45,144,103,69,68,203,185,42,169,112,4,35,213,176,92,53,85,107,18,93,61,124,147,139,212,117,29,180,152,161,12,77	3,2,0.4625,0,62;4,1,0.4425,0,173;4,3,0.9005,0,64;4,3,0.9695,0,67;6,1,0.0195,0,187;3,5,0.7795,3,66
ood_compose_regime-01132	5	2	1	141,19,28,104,127,168,60,90,157,69,154,21,140,177,37,93,65,180,159,114,147,166,117,12,166,173,82,9,165,150,43,45,106,79,130,55	8,2,0.6005,0,4;3,3,0.6325,0,31;6,2,0.2895,0,237;6,0,0.4755,0,171;7,0,0.4745,0,194;6,0,0.9555,0,127
ood_compose_regime-01133	5	2	2	110,161,130,10,45,84,4,147,117,180,161,207,69,206,151,112,182,124,93,21,61,136,164,28,100,64,38,20,214,88,42,56,206,183,141,76	3,0,0.9965,0,142;3,4,0.5355,0,55;7,3,0.1205,0,142;3,2,0.1215,0,179;3,4,0.1455,0,144;3,0,0.1195,0,241
ood_compose_regime-01134	1	2	0	1,149,93,147,75,92,45,115,16,82,162,130,157,14,186,117,165,165,51,21,136,107,62,194,103,215,128,42,192,141,34,28,166,65,69,199	0,4,0.0745,0,21;3,0,0.5925,0,87;2,4,0.2405,0,248;2,0,0.9195,0,222;6,1,0.7005,0,187;7,0,0.1005,0,126
ood_compose_regime-01135	5	2	1	69,150,89,39,147,111,162,135,65,45,12,100,141,161,128,21,112,117,136,156,200,19,93,160,87,162,201,62,77,42,28,199,3,190,203,56	2,2,0.6365,0,46;3,5,0.5345,0,243;7,4,0.2645,0,204;4,5,0.3405,0,110;3,5,0.1625,0,230;7,5,0.0785,0,255
ood_compose_regime-01136	8	2	0	93,126,166,92,194,208,140,78,177,72,38,117,6,212,181,132,147,43,51,108,12,58,149,28,199,21,18,67,203,100,45,200,197,113,141,87	5,2,0.5005,0,50;3,4,0.6975,0,244;2,0,0.7885,3,240;5,5,0.8995,0,90;3,2,0.3025,0,44;5,2,0.8995,0,5
ood_compose_regime-01137	10	2	2	154,101,151,174,76,178,69,45,127,171,42,32,52,107,172,20,85,39,153,132,188,117,147,61,21,15,89,188,116,139,94,199,68,5,141,192	4,5,0.9095,0,149;7,5,0.5905,0,56;3,3,0.8525,0,102;3,3,0.3495,1,28;4,1,0.9465,0,239;6,2,0.7225,0,110
ood_compose_regime-01138	5	2	2	206,59,41,129,111,134,76,13,20,160,169,165,144,67,69,205,45,117,21,86,5,88,204,204,93,28,139,100,210,153,161,34,56,151,147,115	4,3,0.9425,0,45;3,0,0.2975,0,5;7,1,0.7805,0,204;3,4,0.0305,0,202;3,5,0.7655,0,22;8,4,0.6545,3,116
ood_compose_regime-01139	10	2	2	188,20,203,38,99,209,134,58,170,140,42,91,120,177,147,4,33,151,65,183,190,75,201,45,56,10,107,112,156,141,93,86,21,129,69,183	3,0,0.8865,0,69;8,4,0.5385,0,36;7,0,0.2335,0,38;2,4,0.6705,0,85;2,1,0.0295,3,195;8,4,0.9325,0,74
ood_compose_regime-01140	5	2	2	45,69,66,141,213,19,160,113,88,187,117,15,37,100,42,130,110,75,82,189,152,182,4,201,162,124,147,136,28,163,52,172,151,21,93,62	3,5,0.7385,0,226;3,3,0.5725,0,22;3,4,0.4525,0,148;2,0,0.0165,0,174;3,4,0.3875,0,4;3,0,0.1495,0,188
ood_compose_regime-01141	5	2	2	21,198,62,100,202,137,117,199,19,38,27,177,65,69,151,93,164,40,130,91,76,114,46,1,56,147,167,164,158,141,123,86,173,211,13,111	0,3,0.7035,0,76;2,4,0.1825,1,8;7,4,0.3205,0,160;3,4,0.7125,0,52;3,5,0.5355,0,129;2,0,0.2855,0,32
ood_compose_regime-01142	5	2	1	4,88,19,111,61,28,82,143,21,93,150,52,170,166,45,186,157,192,112,100,10,76,69,127,169,140,117,131,147,206,37,67,183,178,197,43	3,0,0.7545,0,207;3,3,0.7545,0,181;3,3,0.7585,0,74;3,0,0.1985,0,103;3,5,0.1665,0,76;6,1,0.9095,2,246
ood_compose_regime-01143	5	2	2	10,214,181,117,193,147,79,198,139,112,43,90,19,61,45,103,130,65,159,37,83,151,184,207,192,122,174,95,69,28,141,4,186,110,21,52	3,0,0.7525,0,142;3,3,0.7635,0,132;3,3,0.3625,0,54;6,1,0.4695,2,27;6,4,0.0895,0,214;1,0,0.6655,0,38
ood_compose_regime-01144	5	2	0	168,117,116,45,147,93,198,89,60,192,157,136,215,28,49,22,36,4,197,41,189,20,162,149,77,123,87,13,202,111,159,135,69,100,141,67	3,3,0.8005,1,57;3,2,0.2965,0,0;0,2,0.6415,0,207;4,5,0.3945,0,76;3,5,0.8485,0,110;2,5,0.0745,0,102
ood_compose_regime-01145	10	2	0	30,116,37,201,90,4,198,188,45,68,103,132,149,198,147,196,142,169,69,40,126,136,62,14,186,57,179,76,84,93,22,181,164,110,118,20	3,4,0.8805,1,203;5,3,0.1915,0,26;8,4,0.8375,0,207;3,2,0.4355,0,37;6,4,0.9275,1,231;5,2,0.0005,1,203
ood_compose_regime-01146	5	2	2	210,147,122,136,20,189,117,26,3,165,89,44,64,151,141,74,189,49,209,39,202,100,190,62,93,133,47,21,115,163,162,111,15,82,69,178	2,5,0.9155,0,226;1,5,0.9255,2,180;0,4,0.0405,0,0;1,0,0.2365,0,219;3,5,0.6005,0,114;1,3,0.0205,0,225
ood_compose_regime-01147	9	2	0	117,44,215,51,65,163,178,76,109,192,33,123,5,147,149,36,11,130,203,153,82,69,115,21,18,104,170,215,136,92,93,207,214,63,141,45	4,1,0.5325,0,195;8,2,0.8345,0,56;2,5,0.2285,0,252;3,0,0.8905,0,29;7,3,0.7205,0,201;2,0,0.1725,0,35
ood_compose_regime-01148	5	2	0	177,184,33,137,64,113,194,36,93,16,108,149,134,170,45,183,83,59,21,3,69,180,201,81,147,55,127,161,100,166,141,40,12,117,161,91	2,2,0.0575,0,192;8,2,0.0455,0,168;6,1,0.0265,0,82;8,1,0.6945,0,80;3,2,0.2005,0,249;6,4,0.2225,0,81
ood_compose_regime-01149	6	2	0	158,52,63,185,14,160,121,141,18,108,196,82,134,1,147,149,32,97,69,153,42,88,93,137,117,199,73,194,48,162,37,113,160,21,170,68	0,4,0.5575,0,130;7,3,0.4115,3,118;3,5,0.9965,0,106;0,0,0.1215,0,59;0,2,0.3815,0,177;0,4,0.3675,0,145
ood_compose_regime-01150	6	2	0	100,49,108,135,123,197,167,206,85,172,21,68,112,92,213,34,136,147,190,177,58,166,48,73,32,14,194,44,19,141,201,149,4,117,93,72	3,4,0.6265,0,145;7,0,0.8075,3,230;0,0,0.8735,3,67;0,3,0.8825,0,9;3,2,0.0195,0,158;2,5,0.0875,0,130
ood_compose_regime-01151	8	2	2	147,42,160,69,4,137,156,185,54,183,112,117,171,39,89,142,187,66,78,61,18,30,14,132,102,184,201,45,126,21,151,173,158,93,84,109	3,4,0.5665,0,186;5,5,0.4695,0,62;5,3,0.5845,0,179;5,2,0.2015,0,156;5,3,0.1025,0,115;5,2,0.3275,1,245
ood_compose_regime-01152	2	2	1	93,141,75,147,152,205,128,62,65,52,163,209,153,42,32,84,9,187,14,115,104,106,45,171,90,117,20,200,134,69,34,154,24,150,202,136	8,4,0.8485,3,121;7,0,0.4035,0,38;3,4,0.2585,0,1;2,2,0.5345,0,156;7,0,0.7345,0,37;7,4,0.1645,0,134
ood_compose_regime-01153	5	2	1	198,84,20,207,150,41,140,12,192,3,60,21,124,185,162,25,141,135,93,198,189,180,110,201,92,37,68,113,69,147,99,51,174,118,45,75	2,2,0.8835,0,118;0,3,0.3495,0,134;2,2,0.9395,0,18;2,2,0.8955,0,39;2,4,0.2075,1,216;3,5,0.9265,0,48
ood_compose_regime-01154	7	2	2	141,94,52,147,76,42,174,67,210,34,107,151,196,140,212,84,21,88,1,152,16,152,99,186,45,117,203,135,25,63,12,69,122,112,167,162	0,2,0.1735,0,4;0,0,0.4885,0,46;3,5,0.6515,0,129;3,2,0.1575,1,159;2,1,0.0975,0,11;1,5,0.8155,0,91
ood_compose_regime-01155	2	2	2	147,109,88,206,20,214,193,48,141,11,83,67,152,33,73,151,8,103,137,120,38,93,51,163,204,124,21,188,192,130,60,184,69,116,212,41	7,1,0.8755,0,217;8,4,0.3725,3,255;2,2,0.7645,0,34;0,1,0.1015,0,87;6,3,0.9535,3,167;3,0,0.2365,0,110
ood_compose_regime-01156	1	2	1	90,59,174,17,43,154,38,28,173,113,207,111,152,67,170,75,177,93,87,21,147,12,150,3,130,69,200,138,50,127,117,174,45,141,179,99	2,2,0.2495,0,80;3,4,0.7935,0,195;1,1,0.7395,0,199;2,5,0.4885,0,33;2,5,0.2415,0,42;6,0,0.5095,0,194
ood_compose_regime-01157	2	2	2	180,200,34,73,210,207,124,69,187,130,140,93,173,147,14,141,58,27,64,24,51,41,114,45,151,152,82,18,161,170,3,202,99,117,91,107	2,4,0.4765,3,140;2,0,0.2405,0,108;2,0,0.0915,0,82;0,0,0.6845,0,179;2,1,0.5435,0,59;3,0,0.8435,0,117
ood_compose_regime-01158	10	2	0	149,30,143,147,117,45,62,195,177,176,87,101,40,111,193,14,20,96,21,132,66,9,193,69,52,138,161,159,188,174,116,39,90,162,75,124	8,4,0.9805,0,12;5,5,0.0945,0,173;3,4,0.4615,0,100;2,5,0.4555,3,67;4,5,0.9905,0,103;3,2,0.4295,2,211
ood_compose_regime-01159	10	2	2	11,169,81,45,186,132,158,147,163,183,141,137,175,89,52,43,18,60,93,27,66,111,115,198,117,8,203,126,38,214,105,174,69,87,151,21	7,1,0.5975,0,151;2,4,0.6485,0,85;3,2,0.4035,0,3;8,5,0.2125,0,246;8,5,0.6505,0,12;5,2,0.2375,0,112
ood_compose_regime-01160	5	2	1	103,43,124,14,167,160,180,204,141,133,90,51,60,93,65,153,198,45,147,75,113,161,150,7,69,117,16,35,164,27,107,137,82,175,21,173	6,4,0.0815,0,7;2,1,0.7635,0,199;2,2,0.3545,0,106;2,0,0.5945,0,240;6,1,0.3965,0,187;3,3,0.2015,0,184
ood_compose_regime-01161	5	2	1	201,46,65,191,69,93,210,132,170,138,87,212,19,116,3,92,97,215,29,108,60,147,15,171,34,21,150,141,121,42,165,76,55,207,155,117	2,5,0.7995,0,129;4,0,0.5075,1,109;6,2,0.2025,0,93;3,5,0.8885,0,252;0,2,0.8495,0,71;0,2,0.4815,0,173
ood_compose_regime-01162	5	2	0	141,164,134,66,124,175,82,15,88,18,93,187,205,181,147,155,110,63,113,27,117,21,36,52,69,73,48,140,102,192,149,214,207,42,9,156	8,5,0.5955,0,210;2,2,0.5155,3,9;3,5,0.4375,0,170;0,0,0.1715,0,70;5,4,0.3625,0,35;3,4,0.8605,0,238
ood_compose_regime-01163	5	2	0	45,93,91,11,40,199,69,123,1,130,147,117,86,114,152,191,204,28,23,100,67,110,197,76,19,136,156,141,166,56,37,214,63,185,209,149	0,1,0.6825,2,59;3,3,0.0955,0,29;7,5,0.6965,0,53;3,4,0.7535,0,182;3,4,0.4035,0,129;2,0,0.0315,0,3
ood_compose_regime-01164	5	2	0	149,201,147,117,177,160,52,114,139,121,192,215,9,14,62,68,25,91,76,19,180,211,108,44,105,206,141,21,93,69,87,37,132,45,214,203	8,4,0.7935,0,66;0,3,0.9105,0,172;3,4,0.8995,0,112;3,5,0.7515,0,118;8,2,0.4805,0,209;0,2,0.7395,0,139
ood_compose_regime-01165	2	2	1	172,20,159,180,150,60,69,139,109,196,174,21,132,147,42,156,14,187,89,124,207,174,141,54,68,117,112,2,93,45,78,25,83,34,164,97	1,4,0.8295,0,47;0,0,0.4655,0,33;5,2,0.9515,0,217;5,1,0.2085,0,244;0,3,0.0745,0,234;3,2,0.7185,0,138
ood_compose_regime-01166	5	2	2	202,125,45,153,179,21,117,133,215,141,8,52,169,209,199,83,91,151,99,16,170,69,147,28,39,41,114,80,168,167,64,10,60,137,93,107	7,0,0.0705,0,159;3,5,0.3595,0,4;3,2,0.1785,0,249;7,1,0.7035,0,2;2,1,0.4245,0,19;4,3,0.3305,0,38
ood_compose_regime-01167	5	2	1	123,17,169,172,14,96,65,150,79,160,55,98,120,202,170,137,134,59,69,205,191,190,147,91,162,35,180,42,26,116,110,4,141,45,85,21	3,4,0.2625,0,166;1,1,0.5095,0,212;6,1,0.2335,0,65;6,3,0.6575,3,235;1,4,0.8255,3,232;2,4,0.3285,0,232
ood_compose_regime-01168	5	2	2	196,28,34,161,141,19,93,85,67,1,204,69,147,121,157,21,151,79,163,130,177,49,44,117,62,138,100,167,45,112,198,92,10,110,165,176	0,0,0.6245,0,215;3,0,0.9415,0,143;0,4,0.6525,0,221;6,3,0.9985,0,170;3,4,0.0755,0,158;0,0,0.5795,0,169
ood_compose_regime-01169	5	2	0	91,109,69,214,28,122,141,23,42,67,182,84,168,149,12,175,117,102,182,147,114,93,61,76,1,45,138,210,179,19,54,133,155,39,174,159	0,2,0.6395,2,86;3,5,0.4725,0,63;5,3,0.7005,0,81;3,2,0.7705,0,76;5,3,0.4825,0,37;1,3,0.4805,0,220
ood_compose_regime-01170	5	2	1	117,38,75,214,147,126,56,86,136,32,13,109,202,215,215,17,44,187,65,21,132,4,100,93,141,210,89,180,195,62,45,150,115,206,69,195	3,3,0.3965,0,18;7,4,0.8225,0,184;7,4,0.3375,0,160;2,4,0.2845,0,104;3,3,0.7255,0,129;5,2,0.1225,0,250
ood_compose_regime-01171	8	2	2	116,182,45,205,13,86,2,51,210,152,39,203,69,177,189,160,20,64,176,100,44,30,151,23,80,106,130,210,141,140,60,117,93,125,147,91	1,3,0.9075,2,192;5,5,0.9485,0,240;2,2,0.0875,0,130;7,4,0.7785,0,87;3,0,0.8745,0,28;4,0,0.9765,0,170
ood_compose_regime-01172	8	2	1	41,6,52,20,76,156,36,132,104,106,123,153,158,171,112,28,182,141,194,70,94,68,13,90,85,159,138,214,45,150,186,170,21,147,61,117	5,3,0.9715,0,32;3,2,0.2565,0,143;3,3,0.9185,1,49;3,3,0.4995,1,222;7,0,0.1345,0,66;2,2,0.4655,0,94
ood_compose_regime-01173	2	2	2	47,142,50,12,184,124,113,89,194,42,16,196,69,151,28,183,76,21,82,38,117,93,198,138,155,204,4,153,67,159,110,147,59,133,168,100	3,2,0.1775,0,171;3,4,0.5255,2,100;1,1,0.7055,0,53;3,0,0.3645,0,146;3,4,0.2685,0,233;3,3,0.5945,1,135
ood_compose_regime-01174	5	2	2	185,156,147,54,89,4,93,141,135,43,72,187,99,68,182,83,14,206,21,45,194,207,207,107,124,30,116,16,187,61,77,151,198,140,117,38	3,4,0.1215,0,70;5,4,0.6645,0,136;5,3,0.8085,3,176;4,1,0.2655,0,47;2,1,0.8475,0,101;3,5,0.8325,0,128
ood_compose_regime-01175	8	2	2	134,69,89,45,21,192,59,116,102,12,172,6,85,212,117,111,68,18,167,203,139,32,124,141,212,165,56,38,147,151,181,41,198,93,80,209	5,2,0.5235,0,211;7,4,0.3105,0,0;7,1,0.8065,0,158;7,3,0.2645,0,207;5,5,0.8185,0,246;3,4,0.6325,0,117
ood_compose_regime-01176	5	2	2	114,184,67,93,210,38,177,200,81,117,210,124,175,141,44,69,135,99,10,110,51,169,45,151,20,4,21,139,177,91,209,152,63,147,33,87	3,0,0.8205,0,36;8,4,0.8415,0,123;2,5,0.6535,0,73;8,5,0.6435,0,181;2,4,0.5185,0,48;3,5,0.6065,0,226
ood_compose_regime-01177	9	2	2	69,147,24,179,207,215,62,183,34,110,188,80,41,66,213,15,129,117,151,198,114,142,187,45,56,104,28,135,83,93,89,4,19,194,140,192	3,5,0.6965,3,34;3,0,0.3865,0,248;7,4,0.5065,0,6;7,1,0.2795,0,26;7,4,0.4085,0,173;8,5,0.9155,1,251
ood_compose_regime-01178	5	2	2	93,133,109,136,76,151,186,179,29,69,147,141,124,64,175,87,63,53,115,91,44,176,161,8,21,165,18,156,117,11,39,208,45,183,103,165	7,1,0.4265,0,20;4,5,0.9715,0,187;4,5,0.0075,0,235;3,5,0.6205,0,60;6,3,0.7455,0,235;3,3,0.0985,0,149
ood_compose_regime-01179	2	2	2	153,90,19,106,93,21,156,182,135,105,213,50,208,12,82,208,193,9,45,152,44,35,141,185,74,69,112,26,65,137,117,147,152,59,124,151	8,2,0.6465,0,232;1,1,0.8065,0,59;1,1,0.2335,0,81;1,0,0.5945,0,218;8,0,0.0125,0,119;3,5,0.3705,0,123
ood_compose_regime-01180	5	2	1	199,19,45,134,190,14,7,86,177,141,60,150,43,188,181,181,21,106,153,128,200,139,103,117,69,112,28,73,91,67,51,208,200,147,94,38	6,4,0.6105,0,70;3,4,0.7795,0,204;2,2,0.7715,0,90;0,4,0.6155,1,250;6,0,0.1945,0,26;7,4,0.6385,0,146
ood_compose_regime-01181	2	2	0	173,37,84,101,108,187,17,123,166,77,4,207,136,59,147,91,67,112,15,177,158,40,131,117,51,141,93,45,21,72,202,171,163,31,173,149	3,5,0.2115,0,221;6,3,0.0295,0,148;2,1,0.6315,3,136;4,2,0.6265,0,217;4,2,0.0895,0,53;2,1,0.1705,0,188
ood_compose_regime-01182	2	2	1	155,52,150,106,206,141,27,115,91,20,97,189,39,191,12,204,207,93,123,147,83,69,168,73,42,1,172,130,162,60,45,67,138,117,21,205	0,2,0.9165,0,156;2,5,0.5855,0,162;3,2,0.6255,0,127;0,1,0.6695,0,38;0,0,0.6495,0,236;2,0,0.4315,0,92
ood_compose_regime-01183	9	2	0	141,169,21,164,2,135,42,124,109,89,113,180,78,200,66,179,104,10,118,32,213,18,138,149,50,196,45,200,93,147,61,84,35,196,167,69	1,0,0.5405,0,189;7,1,0.5525,0,213;1,3,0.4685,0,197;5,2,0.2565,0,153;7,3,0.2925,1,102;3,5,0.4575,0,213
ood_compose_regime-01184	10	2	1	45,202,69,57,2,28,76,215,63,160,107,137,117,177,36,93,11,17,131,150,142,203,40,173,147,113,68,181,180,21,82,105,127,178,91,154	1,1,0.3595,0,72;3,2,0.1945,0,55;8,5,0.9465,0,180;3,0,0.6105,0,216;8,1,0.3895,0,0;6,1,0.3275,1,234
ood_compose_regime-01185	8	2	2	128,151,69,75,91,174,182,117,147,114,36,184,108,41,28,49,157,210,102,6,137,12,176,93,183,203,58,198,83,65,21,45,143,20,135,190	5,2,0.9245,0,217;3,2,0.2925,0,38;0,0,0.3225,0,174;2,1,0.6815,0,195;5,2,0.5525,0,52;7,5,0.3795,2,141
ood_compose_regime-01186	10	2	2	114,66,117,178,160,57,88,159,93,9,213,76,34,45,158,141,10,198,44,204,32,139,21,193,87,110,151,124,59,69,134,105,147,17,188,202	8,0,0.3725,0,10;7,0,0.8045,0,43;8,1,0.4935,0,73;3,5,0.0535,0,13;8,4,0.5315,0,118;3,4,0.6115,0,104
ood_compose_regime-01187	10	2	2	172,35,40,151,102,202,141,56,111,45,4,26,195,21,163,128,183,199,112,131,10,64,92,69,62,83,117,93,165,208,206,136,18,81,195,147	3,0,0.4485,0,249;1,1,0.0685,0,160;7,4,0.0675,0,154;8,1,0.8085,0,50;5,5,0.1715,0,87;7,1,0.0235,0,75
ood_compose_regime-01188	5	2	1	44,189,189,117,201,163,84,92,18,10,54,60,214,150,93,76,156,69,109,21,155,100,38,116,164,180,64,126,45,136,135,31,147,4,160,144	3,0,0.4695,0,192;6,4,0.8975,0,80;5,2,0.1595,0,98;3,2,0.8415,0,227;3,3,0.9755,0,106;5,5,0.0455,3,70
ood_compose_regime-01189	7	2	1	90,6,168,17,44,45,213,116,117,69,147,154,150,205,26,212,141,197,38,12,21,203,205,55,67,204,106,131,93,101,140,76,122,82,175,59	5,2,0.2275,0,164;1,4,0.9105,0,173;6,1,0.6535,0,224;3,0,0.5305,0,202;4,0,0.9465,0,209;1,1,0.8625,0,9
ood_compose_regime-01190	6	2	0	85,167,131,186,14,129,156,3,215,194,93,92,16,60,147,73,24,39,45,41,117,115,172,141,52,64,149,171,100,199,27,169,106,69,140,211	2,4,0.1805,3,240;2,5,0.3095,0,230;3,2,0.0615,0,157;0,3,0.8665,0,251;3,0,0.6525,0,88;8,1,0.8725,0,140
ood_compose_regime-01191	5	2	0	141,157,124,200,67,117,33,134,51,39,166,152,149,167,15,192,86,165,60,16,192,8,147,112,105,69,40,81,88,110,46,164,21,140,180,94	7,5,0.0505,0,116;8,5,0.1045,1,50;2,2,0.7615,0,9;8,4,0.0575,1,116;8,4,0.1895,0,107;3,4,0.9355,0,231
ood_compose_regime-01192	9	2	2	197,124,138,199,21,72,92,132,171,93,7,87,63,27,38,80,178,117,168,151,108,169,65,141,112,166,99,56,19,10,45,152,147,162,165,44	6,0,0.7215,0,195;2,4,0.9175,0,45;7,5,0.2455,3,221;7,5,0.8065,0,26;2,2,0.0585,0,220;3,2,0.4165,0,142
ood_compose_regime-01193	2	2	0	68,92,174,107,46,62,130,40,36,155,152,12,21,129,4,84,98,29,158,155,69,193,117,76,19,54,179,166,93,139,195,147,141,166,116,149	3,2,0.7125,0,41;4,2,0.1625,1,165;5,4,0.9225,0,97;3,2,0.8565,0,249;1,1,0.8935,0,168;8,0,0.6615,0,66
ood_compose_regime-01194	8	2	1	134,84,207,45,102,194,111,164,181,37,116,200,1,141,76,69,54,44,138,184,89,94,185,16,206,117,214,157,150,126,28,147,12,61,21,68	0,2,0.1955,0,182;3,3,0.8645,0,114;5,3,0.8565,0,140;3,2,0.2195,1,106;5,5,0.9715,0,150;5,4,0.5165,0,229
ood_compose_regime-01195	2	2	0	147,18,100,94,34,198,190,89,163,211,166,82,156,205,136,117,21,149,63,131,45,32,114,51,64,80,144,42,69,6,189,129,173,152,11,110	5,1,0.5505,0,65;7,0,0.5435,0,120;2,5,0.1545,0,38;7,0,0.3065,1,24;3,4,0.5725,0,114;8,1,0.0265,3,170
ood_compose_regime-01196	5	2	1	64,147,150,56,72,110,59,178,199,40,190,190,210,183,137,125,100,90,28,21,79,115,198,11,8,117,48,141,39,203,152,131,84,18,186,94	7,1,0.5765,0,109;3,5,0.1905,3,94;7,1,0.1505,3,227;6,2,0.4765,1,87;3,4,0.7565,0,8;4,1,0.2295,0,27
ood_compose_regime-01197	5	2	1	86,30,180,93,150,103,194,91,116,135,194,44,147,185,106,38,20,141,157,171,46,4,191,66,137,69,79,21,205,188,52,125,15,117,167,58	3,5,0.9835,0,53;5,4,0.8725,1,234;3,0,0.4405,0,204;6,4,0.7305,0,213;6,0,0.9935,0,108;4,5,0.3705,0,24
ood_compose_regime-01198	5	2	0	91,76,124,194,21,6,164,28,199,13,85,69,64,133,141,182,210,20,116,100,169,185,186,56,34,120,147,106,44,172,149,140,62,45,93,189	5,3,0.9915,0,115;3,0,0.9625,0,210;7,4,0.0505,0,195;3,3,0.6345,0,207;3,0,0.8575,3,90;3,3,0.8365,0,41
ood_compose_regime-01199	2	2	2	115,21,108,93,152,77,89,157,18,178,117,172,169,184,147,69,130,180,54,151,38,82,66,141,46,121,137,4,100,195,194,44,33,204,14,60	3,4,0.4265,0,203;8,4,0.8125,1,190;5,2,0.4835,0,202;4,0,0.2875,0,174;3,2,0.6405,0,233;0,0,0.3175,0,209
ood_compose_regime-01200	10	2	1	176,141,43,197,38,110,49,213,69,192,212,21,180,45,167,96,114,105,150,10,80,211,195,140,64,60,9,147,90,124,19,117,135,33,82,194	8,0,0.6615,0,180;8,4,0.6125,0,87;0,2,0.1055,0,99;7,0,0.4605,3,213;8,4,0.5835,0,80;3,5,0.9965,0,253
ood_compose_regime-01201	2	2	2	116,68,99,34,211,155,69,151,17,173,21,78,119,60,206,93,15,134,83,91,42,182,52,147,214,141,110,9,171,126,152,45,165,194,136,28	8,5,0.3185,0,153;3,0,0.5535,0,51;3,2,0.9925,0,66;5,1,0.7495,0,29;2,4,0.9075,2,193;5,4,0.1745,0,15
ood_compose_regime-01202	2	2	0	27,170,83,92,187,66,113,101,36,40,149,5,133,136,45,163,152,172,211,52,147,21,142,58,69,128,93,106,75,18,11,118,165,174,156,154	4,1,0.4625,0,238;2,2,0.0285,0,24;3,0,0.5365,0,136;2,1,0.9875,0,236;4,0,0.3855,1,61;7,3,0.0955,1,173
ood_compose_regime-01203	5	2	0	152,69,43,17,191,124,186,108,82,51,62,154,93,21,115,30,38,179,45,88,14,118,168,3,196,75,149,99,141,65,147,200,188,135,138,172	2,4,0.2115,0,3;5,4,0.7305,0,66;2,4,0.2415,0,10;2,0,0.0415,0,150;2,2,0.7855,1,60;3,5,0.4365,0,156
ood_compose_regime-01204	5	2	1	111,47,157,129,100,188,112,85,20,175,62,147,55,39,141,138,69,76,190,169,205,135,150,90,68,185,13,154,117,28,93,22,44,184,8,155	7,3,0.8035,1,206;3,5,0.9045,2,168;6,4,0.8055,0,224;3,3,0.4035,0,68;3,5,0.1505,0,132;8,5,0.4605,0,233
ood_compose_regime-01205	5	2	2	48,139,199,18,204,41,38,2,161,73,195,166,135,151,205,183,65,115,198,98,124,69,93,61,204,147,27,141,107,119,15,83,52,89,182,21	1,5,0.4725,0,173;2,4,0.2575,3,14;3,3,0.3235,0,102;0,1,0.3475,0,124;1,1,0.6555,2,15;3,5,0.6995,0,217
ood_compose_regime-01206	7	2	2	147,169,182,116,69,43,15,215,66,24,101,106,82,36,207,133,167,93,74,185,52,117,60,45,139,19,158,122,195,3,171,141,151,154,92,25	2,5,0.6095,3,72;0,2,0.7235,0,153;3,2,0.5935,0,54;1,0,0.8535,0,237;4,0,0.9285,0,62;1,3,0.7325,0,4
ood_compose_regime-01207	9	2	1	67,62,200,141,158,130,147,84,138,193,150,100,94,192,115,169,162,212,21,166,75,46,8,14,57,117,89,38,159,27,69,44,203,19,127,106	7,4,0.7325,0,8;2,4,0.9275,1,231;8,4,0.7915,0,34;2,2,0.3775,1,39;3,0,0.7485,0,87;6,0,0.4795,0,176
ood_compose_regime-01208	6	2	1	143,147,84,40,66,27,21,205,49,157,115,58,69,45,120,4,100,164,186,73,150,93,164,10,166,17,184,179,39,140,133,155,173,91,124,110	3,0,0.2755,0,228;2,5,0.1115,0,220;0,0,0.4965,0,24;0,2,0.6415,0,191;3,4,0.6375,3,95;3,3,0.8365,2,142
ood_compose_regime-01209	5	2	2	52,89,196,44,190,121,67,96,45,151,75,21,14,156,188,152,60,141,136,84,9,97,175,176,147,112,19,39,187,131,106,179,117,28,182,69	8,4,0.7015,0,113;3,5,0.8475,0,178;3,2,0.6495,0,69;2,2,0.3875,3,142;0,0,0.0265,0,104;0,1,0.0845,0,216
ood_compose_regime-01210	5	2	1	21,35,152,33,205,215,69,138,134,196,65,127,100,213,73,179,93,5,109,187,50,92,10,117,20,41,207,147,58,150,153,170,46,142,83,115	4,0,0.8335,0,196;8,1,0.2195,1,209;1,0,0.3305,0,126;0,1,0.9035,0,252;3,3,0.6855,0,240;6,4,0.4325,1,109
ood_compose_regime-01211	5	2	1	171,103,68,21,207,141,138,193,175,174,71,132,107,58,90,28,93,117,168,147,114,45,2,150,85,50,34,14,156,124,20,43,207,199,162,79	1,4,0.8315,0,160;3,0,0.6915,0,221;1,0,0.9805,2,200;6,3,0.4305,0,219;6,1,0.5945,0,45;3,2,0.5965,0,61
ood_compose_regime-01212	2	2	0	197,111,104,91,10,212,130,49,153,36,27,93,40,189,58,137,177,45,112,21,69,17,164,149,123,147,210,86,141,78,200,210,117,4,68,180	3,0,0.3955,0,211;2,2,0.1395,0,111;0,0,0.8975,0,61;5,4,0.7705,0,124;7,5,0.0815,0,3;2,0,0.3525,0,149
ood_compose_regime-01213	5	2	2	114,30,40,166,198,100,45,86,147,133,54,122,21,209,108,88,65,211,13,17,203,61,188,78,117,151,93,161,214,141,71,201,6,202,37,136	5,3,0.3505,0,243;5,3,0.1735,0,147;5,3,0.2685,2,4;5,4,0.0765,0,157;3,2,0.4545,0,46;1,3,0.0395,0,49
ood_compose_regime-01214	5	2	0	65,70,149,177,184,52,177,158,116,25,93,141,210,63,124,45,23,187,17,105,140,82,135,196,4,76,107,159,43,147,35,91,204,168,15,117	3,5,0.3125,2,19;0,1,0.6125,0,241;3,5,0.2245,1,245;3,0,0.6085,0,161;8,1,0.9105,0,212;3,5,0.9425,0,32
ood_compose_regime-01215	5	2	0	36,40,89,76,28,52,130,62,152,181,158,69,187,183,21,147,158,114,4,139,173,141,87,93,14,184,111,18,167,149,45,182,117,124,65,104	3,4,0.4565,0,137;3,2,0.0275,0,71;3,4,0.2325,0,144;3,5,0.2735,0,110;7,5,0.4805,0,190;3,0,0.6865,0,0
ood_compose_regime-01216	1	2	1	21,60,72,51,87,27,156,158,150,176,16,135,41,117,75,6,109,113,67,45,136,155,165,90,141,199,147,11,164,100,188,174,183,38,93,124	5,1,0.0945,0,8;2,4,0.3305,0,217;2,2,0.7695,3,169;2,5,0.5575,0,37;3,3,0.3565,0,17;3,5,0.1475,0,134
ood_compose_regime-01217	5	2	2	91,42,81,4,122,193,71,142,67,147,21,111,209,169,83,13,134,113,28,19,57,117,152,100,93,151,200,45,192,136,193,184,209,187,38,60	3,3,0.7465,0,92;3,4,0.4295,0,219;8,2,0.6165,2,140;8,1,0.6135,0,110;3,5,0.2905,0,207;1,4,0.1345,1,193
ood_compose_regime-01218	5	2	2	168,87,76,35,99,54,62,152,165,108,44,163,134,1,147,14,127,141,186,202,90,45,140,114,181,157,22,117,184,151,67,16,69,93,26,195	0,4,0.0455,1,217;1,1,0.9205,0,55;5,4,0.7505,0,66;3,5,0.4715,0,86;2,2,0.5055,0,78;6,4,0.8205,0,63
ood_compose_regime-01219	9	2	0	3,69,43,99,156,64,117,149,80,20,82,124,38,147,89,106,93,52,212,61,183,10,169,162,204,32,172,178,114,130,141,138,209,45,21,187	2,0,0.9765,0,96;7,4,0.6065,0,87;3,3,0.1165,0,121;7,0,0.2605,0,112;2,0,0.4165,0,233;3,0,0.4975,0,195
ood_compose_regime-01220	5	2	1	21,185,207,139,76,175,204,169,157,183,56,88,161,141,93,45,43,124,150,63,64,130,162,100,28,201,9,11,70,147,37,106,117,19,115,82	8,1,0.6905,0,189;3,3,0.7415,0,56;7,5,0.0205,1,3;3,0,0.1415,0,68;3,0,0.6355,0,91;3,0,0.7515,0,26
ood_compose_regime-01221	9	2	2	56,165,152,109,40,65,8,161,69,89,187,19,45,10,176,31,180,126,61,199,98,147,84,93,76,132,140,144,151,21,189,154,166,118,38,113	7,0,0.6385,0,208;6,4,0.0725,0,255;7,3,0.2595,0,32;3,2,0.3085,0,211;1,3,0.3255,1,25;5,2,0.8175,3,164
ood_compose_regime-01222	5	2	1	28,10,111,156,141,94,214,150,124,51,161,104,17,87,76,117,58,67,23,155,36,163,212,198,4,44,89,47,135,113,165,147,173,69,138,157	3,0,0.2935,2,183;3,2,0.8905,2,180;2,0,0.6155,0,35;3,5,0.2205,1,239;7,5,0.3775,0,14;3,5,0.5955,0,43
ood_compose_regime-01223	10	2	2	197,67,76,185,72,161,183,155,9,60,117,177,21,113,141,139,35,93,101,19,89,132,53,215,14,45,151,176,86,27,41,106,121,159,208,147	8,4,0.7635,0,11;2,1,0.3685,0,133;4,2,0.6435,3,9;3,4,0.3875,0,215;4,0,0.3225,0,167;0,2,0.7575,0,167
ood_compose_regime-01224	5	2	1	46,114,181,12,150,108,117,40,62,153,89,200,69,67,99,137,192,141,82,174,36,79,135,57,202,93,4,209,211,156,126,147,25,21,214,19	3,2,0.6705,0,100;0,2,0.1575,1,105;8,4,0.6025,0,188;6,0,0.3715,0,219;2,2,0.5955,0,69;5,5,0.2325,0,253
ood_compose_regime-01225	8	2	2	89,113,147,19,21,151,69,135,62,141,41,162,13,117,136,169,171,188,165,184,108,93,6,207,37,68,100,28,51,197,78,87,123,177,45,187	5,3,0.6655,0,122;3,3,0.2695,0,111;2,4,0.8895,0,184;5,5,0.2785,0,242;3,2,0.3915,0,125;2,5,0.1285,0,231
ood_compose_regime-01226	7	2	1	161,168,113,205,91,212,76,62,26,15,136,17,130,93,118,87,47,150,39,204,147,203,111,176,141,21,44,192,202,2,50,129,69,67,100,155	1,5,0.3065,0,79;1,5,0.8705,2,185;1,4,0.7625,0,115;3,5,0.6735,0,83;3,5,0.3485,1,176;8,0,0.1885,0,78
ood_compose_regime-01227	5	2	0	141,47,134,90,100,18,171,44,117,128,205,179,187,69,83,14,21,189,155,36,49,3,205,152,61,116,147,149,157,139,202,28,65,111,80,93	2,4,0.4095,0,246;3,2,0.8585,2,30;0,3,0.3425,0,27;7,1,0.5005,0,243;3,5,0.9755,0,58;7,4,0.7405,0,76
ood_compose_regime-01228	5	2	2	76,34,179,147,210,14,152,17,191,45,111,124,141,101,21,58,154,64,182,151,199,166,9,93,69,90,116,42,86,130,166,29,165,56,136,118	8,4,0.3505,0,197;4,0,0.4535,0,27;7,0,0.1055,0,29;3,4,0.5375,0,156;4,5,0.9675,1,160;3,0,0.0385,0,41
ood_compose_regime-01229	8	2	2	93,33,141,200,151,132,147,192,90,36,19,108,171,41,180,65,116,118,8,86,136,214,154,69,62,203,52,45,100,204,177,13,206,21,124,78	7,3,0.6785,0,101;8,2,0.2815,0,62;3,4,0.2805,0,154;5,4,0.4505,0,52;3,2,0.8595,1,4;3,2,0.0355,0,98
ood_compose_regime-01230	5	2	0	21,176,147,89,10,60,4,117,75,183,132,189,181,69,103,31,52,149,168,65,43,213,82,34,116,127,175,45,182,107,20,139,181,141,93,197	3,0,0.8315,0,92;6,0,0.7605,0,203;3,2,0.2175,0,90;2,0,0.3375,0,2;6,1,0.9305,0,71;6,2,0.6345,0,55
ood_compose_regime-01231	2	2	1	54,157,69,76,141,34,147,18,150,97,199,116,130,137,207,44,14,106,213,45,61,8,174,124,64,206,24,117,86,88,183,171,28,194,96,195	7,4,0.4395,3,178;3,0,0.9525,0,158;5,3,0.1645,0,23;3,4,0.1665,3,17;0,0,0.8105,0,166;3,0,0.2445,0,202
ood_compose_regime-01232	9	2	0	45,165,117,54,169,141,98,82,20,194,93,43,92,72,190,112,110,167,138,128,149,65,214,62,147,13,207,36,23,208,182,74,28,133,6,185	5,3,0.8125,2,238;3,2,0.7865,0,219;5,4,0.3205,3,207;1,0,0.8235,0,77;1,4,0.1765,0,120;7,3,0.4905,0,9
ood_compose_regime-01233	5	2	0	117,178,52,15,43,203,173,124,160,197,149,93,88,86,112,78,9,37,155,202,172,21,66,28,135,19,157,100,45,111,69,60,141,139,166,147	8,5,0.7305,0,85;3,3,0.6315,0,59;3,2,0.4095,0,231;5,4,0.0645,0,155;3,5,0.1565,0,119;3,5,0.6775,0,188
ood_compose_regime-01234	2	2	0	45,104,21,167,33,133,93,149,138,114,109,193,52,12,167,124,147,192,117,84,36,207,44,66,76,143,91,153,177,19,6,179,62,164,69,187	5,2,0.7955,0,156;8,2,0.8785,0,52;3,4,0.5435,0,69;3,2,0.6575,0,163;7,3,0.4985,0,13;3,3,0.4325,2,218
ood_compose_regime-01235	9	2	1	98,53,12,93,128,139,134,184,20,147,34,45,210,26,86,117,150,43,203,63,74,111,191,92,214,189,113,185,166,21,141,4,167,69,65,191	3,2,0.8505,0,71;1,0,0.7345,0,71;4,5,0.3105,0,94;1,4,0.9555,0,116;1,5,0.3835,0,128;7,4,0.6865,0,168
ood_compose_regime-01236	9	2	1	51,26,14,198,174,161,117,76,191,45,113,178,35,170,191,123,99,137,168,150,68,168,85,141,93,43,110,69,20,147,8,130,59,21,157,89	7,4,0.9885,0,182;1,1,0.6335,0,194;2,1,0.9865,0,139;3,3,0.2115,0,54;2,4,0.2195,0,144;2,0,0.2365,0,36
ood_compose_regime-01237	6	2	0	45,93,67,53,75,117,171,133,21,29,61,89,147,149,188,205,1,114,178,44,37,19,202,71,108,139,125,175,14,204,174,170,191,86,141,100	0,4,0.6035,0,91;4,3,0.9075,0,159;4,3,0.6885,2,96;2,4,0.3685,0,138;3,2,0.4875,0,146;4,3,0.7095,0,241
ood_compose_regime-01238	6	2	1	192,61,1,207,152,69,105,33,44,108,112,82,19,167,140,130,73,160,186,154,147,21,214,93,124,12,174,36,65,141,49,45,164,119,150,91	0,2,0.6915,0,178;8,2,0.9915,0,83;0,3,0.2045,0,145;0,0,0.7505,0,86;8,2,0.0555,2,64;3,0,0.8865,0,26
ood_compose_regime-01239	1	2	0	113,11,93,132,75,141,43,198,102,27,205,206,65,16,62,87,111,90,195,162,39,6,177,170,69,127,52,21,196,120,45,136,149,147,159,156	5,1,0.1695,0,55;2,5,0.7545,0,221;3,4,0.3555,0,129;2,5,0.5575,0,123;5,5,0.2705,3,194;6,2,0.1075,0,198
ood_compose_regime-01240	2	2	0	141,139,25,213,99,176,130,69,119,111,147,17,127,44,5,183,65,10,21,114,35,163,91,201,177,84,93,45,78,149,171,52,183,63,173,152	4,0,0.2575,0,147;0,1,0.9985,0,129;3,5,0.3275,0,84;5,2,0.7715,0,120;2,5,0.5035,2,158;6,0,0.7515,0,27
ood_compose_regime-01241	8	2	2	205,151,210,211,30,193,37,136,69,61,40,143,18,180,90,198,109,133,102,48,199,11,117,201,94,201,75,86,147,2,124,21,52,116,207,66	1,1,0.4385,0,43;5,3,0.1015,3,171;3,3,0.5785,0,135;2,4,0.5655,1,123;5,3,0.8995,0,255;3,3,0.1775,2,157
ood_compose_regime-01242	2	2	0	133,172,30,126,102,142,93,108,10,173,60,52,45,214,215,140,159,69,115,192,1,67,35,213,149,24,147,44,89,169,188,83,17,120,79,153	0,0,0.2215,3,224;5,1,0.8815,0,104;3,2,0.6695,0,95;6,1,0.2685,0,205;5,2,0.7095,3,9;5,3,0.9795,1,116
ood_compose_regime-01243	5	2	1	152,116,7,37,75,69,164,143,109,44,102,156,92,204,82,130,129,119,207,58,28,184,138,55,147,21,66,93,207,45,150,11,171,171,17,171	6,1,0.2375,0,87;3,3,0.8265,0,35;6,0,0.4475,0,41;2,0,0.8755,0,35;5,3,0.8715,2,161;8,0,0.4795,2,167
ood_compose_regime-01244	7	2	1	205,128,36,19,21,93,192,215,137,69,91,130,12,67,114,195,50,147,187,108,105,181,208,212,172,40,4,75,210,28,120,63,45,150,82,141	3,2,0.6165,0,10;3,2,0.1265,0,187;1,5,0.6435,0,249;2,0,0.6935,0,146;8,2,0.4645,3,10;7,0,0.2925,0,83
ood_compose_regime-01245	7	2	2	214,74,114,122,44,63,141,66,106,28,199,151,4,34,134,45,18,168,138,192,70,89,154,119,98,152,209,50,14,93,147,21,156,180,157,87	3,4,0.4335,0,161;3,0,0.8195,0,175;1,5,0.5175,1,105;1,5,0.2935,0,20;1,0,0.4595,2,170;1,4,0.4515,0,129
ood_compose_regime-01246	9	2	1	186,125,147,37,32,90,21,67,108,132,150,212,82,93,44,72,175,17,213,183,60,211,141,114,117,14,179,136,214,45,97,189,76,49,4,172	3,4,0.3485,0,239;7,3,0.8255,0,229;0,2,0.6595,3,60;3,0,0.4495,0,9;0,2,0.5765,0,108;4,2,0.1715,0,12
ood_compose_regime-01247	5	2	1	40,169,118,21,169,76,65,141,130,208,33,166,150,90,215,165,69,39,16,195,51,124,93,138,180,115,181,62,167,45,105,86,15,108,147,9	8,5,0.1335,0,150;8,5,0.0765,0,35;2,4,0.3525,0,106;3,4,0.4325,0,198;8,2,0.7755,1,219;3,0,0.5435,0,46
ood_compose_regime-01248	1	2	2	133,201,153,114,70,56,174,194,93,158,200,84,117,89,3,62,46,204,67,38,28,21,124,99,76,18,42,186,170,144,147,208,15,106,151,138	2,5,0.5235,0,108;3,4,0.5165,1,48;7,4,0.6305,1,21;3,2,0.3675,0,50;2,0,0.4065,0,204;3,3,0.5905,3,92
ood_compose_regime-01249	8	2	2	21,69,140,64,61,30,209,151,157,192,100,90,45,132,172,179,17,87,54,76,95,114,42,156,172,123,195,118,141,10,187,147,165,39,4,109	3,0,0.3525,0,76;5,5,0.5965,0,113;5,3,0.0665,0,72;3,5,0.4545,2,44;3,3,0.5015,1,211;2,2,0.8685,0,57
ood_compose_regime-01250	7	2	0	149,67,171,123,186,141,118,21,94,49,160,4,152,69,82,175,135,113,14,100,90,171,111,26,147,61,42,37,175,212,190,77,17,137,189,45	3,4,0.3875,0,89;1,3,0.4395,0,160;0,3,0.7055,0,145;4,0,0.4045,1,35;3,5,0.2745,1,125;2,5,0.2775,0,31
ood_compose_regime-01251	10	2	2	147,81,202,66,151,155,43,117,12,132,96,21,167,45,101,69,199,170,109,202,63,89,184,141,82,164,33,36,114,152,140,57,129,19,4,190	3,2,0.6075,0,72;8,2,0.6365,0,183;8,5,0.5445,0,237;8,0,0.2545,3,61;4,3,0.5875,0,188;8,2,0.8345,0,190
ood_compose_regime-01252	5	2	1	147,67,2,150,72,76,27,185,21,193,175,188,106,173,117,131,203,182,93,45,60,51,86,203,41,125,18,142,191,39,92,114,15,199,99,138	1,5,0.5845,0,82;2,5,0.3715,0,198;2,2,0.7365,3,150;3,4,0.8495,0,142;2,0,0.4955,0,45;4,1,0.5385,1,153
ood_compose_regime-01253	5	2	2	179,190,153,110,78,113,59,41,28,93,86,11,89,100,7,69,162,134,213,127,147,45,211,189,213,141,34,181,21,117,151,139,20,50,64,183	6,1,0.8365,0,219;3,0,0.2695,0,199;1,1,0.1185,0,118;5,4,0.3655,0,190;3,4,0.3745,0,154;6,4,0.6295,0,11
ood_compose_regime-01254	6	2	0	112,28,91,21,119,184,36,141,18,160,173,171,58,69,133,176,139,149,11,95,50,66,98,188,45,76,121,42,147,154,179,1,210,86,192,111	0,1,0.4185,0,136;3,2,0.5905,0,220;1,0,0.4865,0,45;3,4,0.7165,2,11;1,5,0.0195,2,116;0,3,0.6535,0,0
ood_compose_regime-01255	5	2	1	27,164,117,178,14,200,99,147,213,169,66,113,41,174,176,150,55,35,17,168,76,121,108,7,93,69,195,21,141,132,138,160,58,86,90,47	6,4,0.3665,0,48;2,1,0.2865,2,27;6,0,0.4515,0,26;3,4,0.5745,0,236;2,2,0.3395,0,100;0,2,0.5845,0,95
ood_compose_regime-01256	5	2	1	58,88,117,186,135,208,171,204,73,101,173,115,43,150,69,141,84,124,21,106,29,39,197,45,158,68,95,197,178,52,18,147,15,4,197,137	3,5,0.5515,0,40;4,5,0.6315,0,131;3,0,0.9895,0,4;0,2,0.0165,2,157;4,0,0.7745,0,145;3,5,0.3905,0,3
ood_compose_regime-01257	10	2	2	139,85,123,117,116,34,141,186,134,179,28,165,110,76,151,206,147,95,69,67,57,45,21,159,97,186,162,63,194,12,214,4,187,41,90,17	3,2,0.3325,0,159;3,0,0.2335,0,110;8,5,0.6825,0,65;3,3,0.5705,2,246;0,4,0.8045,0,78;2,4,0.6405,0,13
ood_compose_regime-01258	8	2	2	66,210,30,60,142,4,198,180,88,139,126,95,147,215,181,201,87,151,193,10,77,117,41,21,209,53,192,133,206,17,45,72,112,110,38,97	3,0,0.3875,0,140;5,4,0.3275,0,189;4,2,0.4295,3,48;4,5,0.1555,2,58;0,4,0.0855,0,250;5,3,0.7405,1,120
ood_compose_regime-01259	5	2	0	130,58,180,44,184,93,115,38,12,27,76,51,127,202,70,4,45,196,209,117,21,184,92,17,100,194,149,163,87,206,138,64,141,147,203,110	3,2,0.2695,0,105;2,4,0.8415,0,252;2,0,0.0245,1,217;3,5,0.8735,0,216;3,4,0.7625,0,202;6,0,0.5915,0,146
ood_compose_regime-01260	1	2	2	69,99,87,21,75,114,171,91,134,107,163,166,40,137,68,93,47,37,2,60,18,15,117,168,28,199,147,152,141,185,151,153,155,197,55,124	1,5,0.5065,0,45;3,3,0.0525,2,84;6,2,0.9235,0,13;2,5,0.7425,0,248;2,1,0.5705,0,27;3,4,0.3875,0,203
ood_compose_regime-01261	9	2	0	180,21,41,197,93,47,34,172,28,207,90,165,128,149,137,179,147,100,10,117,113,62,208,141,77,110,69,211,202,171,56,65,17,83,8,133	7,0,0.2645,0,199;3,0,0.3745,2,196;7,4,0.3025,0,73;4,1,0.4275,0,133;3,4,0.2415,0,37;7,3,0.3085,0,250
ood_compose_regime-01262	2	2	2	166,106,60,89,85,168,42,177,36,112,193,76,67,99,171,45,69,203,117,21,141,176,25,127,205,193,53,139,9,173,93,12,147,151,131,16	8,2,0.1375,0,231;0,2,0.5385,0,249;4,2,0.6615,0,254;3,3,0.3135,0,61;2,0,0.0285,0,89;6,1,0.6525,0,156
ood_compose_regime-01263	5	2	2	107,208,137,141,45,101,42,18,214,124,21,90,202,187,59,117,135,151,93,55,202,112,4,69,66,28,174,76,155,14,175,82,198,34,197,147	3,4,0.4185,0,12;3,0,0.4335,0,87;6,1,0.5565,0,35;3,0,0.4885,0,241;4,1,0.1785,0,55;3,5,0.2555,0,29
ood_compose_regime-01264	5	2	2	68,113,89,207,42,28,139,206,171,19,36,55,3,69,21,162,172,110,197,171,123,200,93,45,61,151,80,117,15,147,103,131,141,209,87,171	2,5,0.7655,0,199;3,2,0.5345,0,112;6,3,0.8505,0,84;7,5,0.2065,0,30;6,4,0.2675,0,29;2,1,0.7315,0,72
ood_compose_regime-01265	9	2	2	142,20,21,172,40,87,200,178,172,36,199,14,64,95,130,8,46,137,124,100,204,117,193,53,151,195,27,114,75,58,173,92,147,69,109,153	7,4,0.9945,0,65;2,2,0.1995,1,5;4,0,0.0695,0,22;2,5,0.8805,2,253;3,3,0.4935,0,35;3,0,0.3825,1,152
ood_compose_regime-01266	2	2	2	113,93,151,57,21,188,4,120,132,191,143,58,139,34,45,86,101,158,27,188,147,74,72,20,198,203,90,195,44,196,129,12,180,166,106,68	3,2,0.8145,0,91;2,0,0.8085,0,162;8,0,0.9015,3,211;1,4,0.4225,0,116;4,0,0.3465,3,104;8,2,0.7605,2,119
ood_compose_regime-01267	5	2	0	79,88,83,138,62,17,10,69,113,102,183,37,28,180,149,178,65,159,134,192,124,187,153,93,147,41,9,51,45,21,110,186,187,141,208,120	8,0,0.2065,0,138;3,3,0.3885,0,87;2,4,0.2125,0,133;6,1,0.1735,0,127;5,4,0.3245,3,202;3,4,0.5415,0,75
ood_compose_regime-01268	5	2	1	140,13,86,129,21,159,205,200,33,170,67,155,93,176,116,144,19,132,108,168,63,81,207,91,185,72,157,35,47,117,150,99,147,4,40,52	3,3,0.6745,0,131;8,1,0.1415,2,4;3,5,0.7975,3,131;8,4,0.7675,0,178;2,2,0.9845,0,192;8,2,0.9605,3,83
ood_compose_regime-01269	10	2	2	99,160,147,78,119,25,89,24,124,40,141,113,135,209,95,213,202,171,20,151,12,204,38,53,87,152,203,137,69,48,205,106,186,66,4,63	3,2,0.8185,3,198;0,4,0.1575,3,37;4,5,0.5825,0,3;5,5,0.2875,2,112;2,0,0.2215,2,11;3,5,0.3595,0,230
ood_compose_regime-01270	7	2	1	26,21,141,110,189,147,136,45,198,64,85,93,63,183,202,4,34,113,208,18,208,13,211,44,69,198,74,119,193,126,91,52,104,204,150,134	3,3,0.5615,0,73;1,0,0.8625,0,134;3,5,0.0955,0,124;1,3,0.6835,0,179;7,4,0.3285,2,213;5,4,0.1155,0,70
ood_compose_regime-01271	5	2	1	212,39,170,118,96,41,65,21,112,150,18,147,61,138,169,123,52,108,132,169,45,4,192,187,69,76,14,99,141,177,85,167,90,183,213,32	3,4,0.4245,0,145;7,5,0.3765,0,37;3,3,0.2265,0,179;3,3,0.4815,3,80;2,2,0.0985,1,56;2,2,0.5305,0,60
ood_compose_regime-01272	5	2	1	69,68,139,170,168,16,14,133,194,154,21,36,9,147,144,115,52,150,79,197,84,92,41,212,102,117,127,172,171,93,31,165,45,157,58,109	8,4,0.0535,0,139;6,2,0.3675,0,200;3,0,0.9675,0,200;6,2,0.8225,0,104;5,3,0.6645,0,110;6,3,0.7645,3,48
ood_compose_regime-01273	1	2	0	132,186,211,66,106,149,117,28,123,105,147,154,137,162,91,79,141,51,3,82,93,186,44,69,174,16,15,45,21,113,34,196,191,184,59,184	2,5,0.1085,0,209;3,0,0.9095,0,208;2,1,0.4165,0,33;6,0,0.6955,0,5;8,0,0.2515,0,20;2,2,0.2725,0,80
ood_compose_regime-01274	5	2	2	210,92,116,67,28,37,69,87,45,10,178,123,144,52,179,98,117,175,147,197,176,106,3,151,212,199,140,93,21,169,58,75,42,206,130,16	2,0,0.0485,0,28;3,3,0.4045,0,230;3,0,0.6805,0,108;2,5,0.9025,0,57;1,0,0.9275,0,220;2,0,0.9975,3,149
ood_compose_regime-01275	9	2	1	203,117,183,67,97,25,161,69,36,180,214,15,48,124,75,6,206,147,84,165,153,208,95,197,16,21,108,56,130,89,141,113,63,43,150,139	5,5,0.0065,0,70;0,2,0.7055,3,27;7,5,0.6155,0,58;2,2,0.3745,2,138;0,2,0.3115,0,6;3,0,0.7955,0,217
ood_compose_regime-01276	5	2	1	123,42,131,45,154,201,72,61,111,30,11,157,208,113,152,64,19,35,187,21,177,215,76,93,183,203,85,117,91,5,140,147,150,144,53,99	4,1,0.6615,0,190;5,1,0.4165,0,121;4,3,0.0545,3,91;3,3,0.7035,0,158;2,5,0.3015,0,152;2,1,0.9855,3,72
ood_compose_regime-01277	2	2	0	16,102,87,181,93,141,1,183,131,91,36,188,117,57,184,110,160,207,149,156,126,59,112,194,13,147,68,76,140,176,45,40,69,24,172,28	0,3,0.0135,3,254;3,2,0.0445,0,133;8,1,0.9665,0,38;3,5,0.7035,0,106;5,4,0.0785,0,190;5,1,0.9025,0,125
ood_compose_regime-01278	5	2	1	74,106,27,103,159,69,155,21,195,117,13,124,162,194,49,116,141,193,170,150,186,47,34,147,44,65,83,194,93,7,137,194,61,90,130,19	6,3,0.6555,0,201;2,0,0.8355,2,57;0,3,0.2485,0,126;1,1,0.5925,0,168;6,0,0.9185,0,253;3,0,0.3245,0,20
ood_compose_regime-01279	5	2	2	93,116,11,69,188,27,214,135,147,68,23,213,192,3,173,189,139,124,82,58,118,151,142,210,101,34,152,19,152,45,43,108,200,79,92,52	2,1,0.6685,2,137;2,0,0.7605,0,42;3,0,0.8715,0,25;6,0,0.9415,0,169;4,2,0.8435,1,48;3,5,0.7925,1,62
ood_compose_regime-01280	10	2	0	135,102,170,174,64,77,23,10,203,141,192,140,147,69,1,16,49,58,168,213,82,149,42,28,117,45,185,164,36,184,94,92,191,112,125,111	0,0,0.1115,2,55;3,2,0.5005,0,20;0,0,0.0635,0,8;4,0,0.9295,1,92;5,5,0.1765,0,223;4,5,0.8695,0,235
ood_compose_regime-01281	2	2	2	76,23,158,174,186,116,141,167,96,107,151,187,18,68,117,82,4,53,182,181,147,58,124,137,38,194,69,88,199,30,43,189,102,48,14,135	3,4,0.5145,2,240;5,4,0.6715,3,141;4,0,0.9325,0,23;3,0,0.1705,3,198;5,1,0.9065,0,85;3,5,0.2325,0,245
ood_compose_regime-01282	5	2	1	39,202,117,174,135,74,178,16,108,202,52,69,21,147,8,10,26,178,185,137,124,115,90,47,93,82,68,100,203,150,41,186,141,187,190,60	7,0,0.1285,0,42;1,5,0.2705,2,253;3,2,0.8855,0,147;1,0,0.4285,0,218;3,2,0.6875,0,224;3,5,0.2295,0,199
ood_compose_regime-01283	5	2	1	77,4,117,100,69,173,179,96,29,141,12,124,209,45,34,43,92,150,147,171,52,176,113,58,179,180,134,189,109,20,205,21,195,137,87,68	3,2,0.9105,0,155;4,0,0.6005,0,206;3,0,0.8385,0,9;4,5,0.9985,3,4;3,3,0.2985,0,130;3,4,0.2645,0,10
ood_compose_regime-01284	8	2	1	90,150,13,18,28,52,78,143,117,137,69,6,93,162,195,112,43,195,36,23,100,45,124,87,192,134,166,181,147,196,109,167,62,155,191,64	5,3,0.4425,2,115;3,2,0.6695,0,6;3,4,0.0405,0,156;5,5,0.5535,0,94;3,3,0.0245,0,132;3,4,0.3205,2,207
ood_compose_regime-01285	2	2	0	147,149,199,176,52,173,100,75,152,27,130,21,93,39,181,117,108,164,87,19,69,64,41,125,114,11,214,162,61,88,5,214,45,141,182,138	4,1,0.6685,0,214;2,5,0.2815,0,235;3,3,0.1355,0,189;2,5,0.0065,0,113;3,2,0.5615,0,44;4,0,0.4935,0,145
ood_compose_regime-01286	5	2	0	124,117,158,190,69,100,47,162,110,3,159,28,20,65,10,136,186,55,141,149,215,113,61,93,192,83,41,168,207,155,89,147,21,78,133,39	2,0,0.9805,0,156;3,5,0.3945,2,214;6,3,0.3795,0,199;5,1,0.3295,0,171;3,4,0.3485,0,40;3,3,0.1115,0,103
ood_compose_regime-01287	5	2	1	115,80,66,214,117,209,32,143,175,134,90,169,109,211,83,19,70,100,58,137,122,190,93,150,51,13,47,2,37,172,177,42,207,147,172,21	1,3,0.7615,0,6;7,3,0.5075,2,54;2,0,0.5575,1,7;7,1,0.4945,0,15;3,3,0.7545,0,176;1,4,0.3095,2,105
ood_compose_regime-01288	10	2	1	45,133,211,39,124,185,29,93,19,8,101,108,141,66,153,137,152,165,169,114,14,85,61,206,79,92,147,117,42,21,69,177,54,194,214,150	7,4,0.7405,0,203;4,5,0.4175,0,153;5,3,0.4645,0,33;6,3,0.8635,0,214;4,2,0.5115,0,20;3,3,0.2915,0,214
ood_compose_regime-01289	5	2	0	113,190,149,90,63,191,118,110,11,123,174,171,155,93,3,52,130,85,26,45,195,147,66,140,141,153,69,100,197,78,16,156,23,42,157,35	2,1,0.1425,2,219;1,1,0.4305,0,200;3,5,0.5185,0,38;5,3,0.4765,0,235;3,4,0.3985,1,242;2,0,0.9065,0,44
ood_compose_regime-01290	5	2	0	67,69,62,171,154,149,122,117,47,29,52,75,147,134,213,152,114,24,154,93,91,170,3,83,34,205,139,100,182,206,10,141,20,111,40,197	2,0,0.8265,3,25;4,0,0.0345,2,246;3,4,0.6815,0,235;2,1,0.6735,0,153;3,5,0.5785,0,4;1,4,0.6825,0,76
ood_compose_regime-01291	2	2	2	155,151,141,139,170,182,51,39,60,69,65,28,186,168,41,93,88,191,83,48,177,196,99,115,170,4,17,117,81,124,21,201,147,106,132,12	3,2,0.3755,0,21;3,5,0.2295,3,32;2,2,0.3795,0,117;8,1,0.0235,0,98;2,0,0.7965,0,2;3,2,0.7725,0,132
ood_compose_regime-01292	5	2	0	88,44,83,193,102,31,149,115,132,15,136,68,38,48,117,21,93,123,195,58,110,185,69,191,155,144,53,4,75,18,215,147,156,214,210,180	3,5,0.5585,0,146;6,4,0.9305,3,200;4,0,0.9855,0,99;2,1,0.1515,0,153;5,4,0.7935,0,241;2,2,0.1425,3,166
ood_compose_regime-01293	5	2	2	171,37,155,167,45,112,178,196,141,26,69,209,74,208,20,137,43,129,151,164,59,189,4,106,88,171,117,134,98,93,21,86,51,15,147,68	3,5,0.9375,0,207;1,3,0.7095,0,38;2,1,0.9565,0,225;1,4,0.1655,0,238;1,0,0.0975,0,158;8,4,0.2195,0,79
ood_compose_regime-01294	5	2	0	110,70,42,195,100,205,171,57,45,3,166,21,201,136,116,206,147,93,124,157,33,65,158,74,141,117,164,149,159,38,130,88,12,58,82,19	2,2,0.6935,0,87;8,4,0.5375,0,88;8,0,0.3405,1,97;1,0,0.0615,0,147;3,4,0.8365,0,211;3,0,0.1825,0,229
ood_compose_regime-01295	9	2	1	154,197,200,150,27,56,89,21,162,161,15,84,121,108,59,99,157,131,44,147,47,172,114,141,36,68,193,214,137,117,76,69,18,8,179,93	7,5,0.5985,0,228;2,2,0.8485,2,170;7,1,0.9805,0,213;3,2,0.2745,0,50;2,2,0.5745,0,218;0,1,0.3245,0,31
ood_compose_regime-01296	5	2	0	40,199,206,182,7,47,147,51,20,34,136,66,83,153,93,215,21,194,157,79,100,59,142,134,11,190,92,116,149,122,182,195,69,26,117,106	6,1,0.8445,0,92;1,0,0.0895,2,204;2,1,0.5615,0,10;6,1,0.9705,0,142;3,0,0.9355,0,209;1,4,0.1295,1,138
ood_compose_regime-01297	1	2	1	141,41,206,51,109,45,20,58,15,201,69,34,66,178,183,117,131,121,138,150,172,100,206,198,90,3,75,21,83,93,147,182,32,114,152,181	2,5,0.8075,0,159;7,0,0.3725,0,45;2,0,0.5205,0,114;2,1,0.5765,0,188;3,3,0.4805,0,86;0,1,0.4525,0,191
ood_compose_regime-01298	5	2	1	158,45,28,139,147,53,87,15,206,44,38,178,162,90,93,204,150,173,61,133,118,69,142,111,5,76,100,200,16,21,212,125,213,196,64,113	4,5,0.1645,0,152;3,4,0.8145,0,94;4,3,0.0695,0,206;3,5,0.4425,0,69;3,5,0.3365,1,252;4,3,0.7865,1,170
ood_compose_regime-01299	5	2	1	169,185,109,166,42,87,157,112,102,150,134,117,71,34,21,19,76,50,64,206,48,161,147,137,204,143,168,13,59,90,4,124,31,95,212,162	3,3,0.6745,0,4;6,0,0.5375,3,23;1,1,0.0895,2,34;3,5,0.4655,2,57;5,3,0.0895,0,85;3,4,0.3305,2,216
ood_compose_regime-01300	5	2	0	196,183,52,100,75,93,164,28,68,88,168,11,16,62,117,9,69,108,143,164,131,44,21,82,213,48,37,164,139,112,149,147,184,129,167,213	8,1,0.1435,0,184;3,3,0.9905,3,171;3,4,0.9795,0,216;2,0,0.1695,0,200;3,2,0.0675,0,12;8,1,0.7105,2,110
ood_compose_regime-01301	9	2	1	185,68,138,117,45,75,215,28,39,209,110,115,13,69,61,184,150,131,147,174,93,87,56,186,156,141,123,43,166,8,180,21,88,100,212,20	7,3,0.8125,0,41;3,5,0.6385,0,14;7,3,0.8825,0,11;2,5,0.0065,0,83;3,4,0.6735,0,142;2,1,0.5185,0,211
ood_compose_regime-01302	5	2	0	149,196,191,164,127,21,93,133,147,198,45,97,85,117,114,141,68,10,200,32,44,60,166,18,35,89,211,49,1,71,106,181,174,162,139,76	0,0,0.4075,0,154;7,1,0.9475,0,37;0,2,0.8455,2,217;3,3,0.3605,0,59;0,0,0.4505,0,230;6,3,0.7155,0,163
ood_compose_regime-01303	9	2	2	56,26,206,76,110,14,39,211,130,214,173,158,16,90,93,151,147,128,84,117,43,141,172,63,204,70,22,197,138,198,45,215,115,68,9,104	8,4,0.0455,1,81;1,5,0.7065,0,152;7,5,0.9685,1,214;3,2,0.5315,0,130;7,4,0.7465,0,99;7,0,0.5745,0,158
ood_compose_regime-01304	7	2	1	115,35,212,144,21,150,156,45,11,202,93,26,88,147,137,74,177,130,129,186,44,5,69,86,17,190,187,98,195,63,52,67,210,117,109,175	4,1,0.3005,0,92;1,1,0.9425,0,29;3,5,0.6025,0,250;1,4,0.0145,0,29;1,3,0.6555,0,120;8,0,0.3075,3,44
ood_compose_regime-01305	5	2	1	190,130,44,13,86,113,190,128,37,75,119,67,198,28,165,141,147,45,4,137,200,56,59,186,92,69,201,150,165,19,108,94,105,172,155,24	3,3,0.6265,3,100;3,3,0.8415,0,41;7,1,0.7145,0,49;2,4,0.9475,1,88;8,2,0.2795,2,26;7,0,0.2975,0,115
ood_compose_regime-01306	5	2	0	28,67,69,206,19,199,111,185,53,149,58,114,4,147,21,14,201,45,88,153,77,179,159,185,95,42,36,131,125,117,184,84,99,187,141,137	3,4,0.6055,0,23;3,2,0.5695,0,5;4,0,0.6875,0,103;4,2,0.0825,2,78;2,5,0.4075,0,79;4,1,0.2465,0,208
ood_compose_regime-01307	5	2	0	58,124,208,182,31,177,52,200,135,117,116,185,45,89,155,76,174,137,93,160,11,204,147,206,21,69,68,44,149,16,8,100,35,87,141,109	7,1,0.0605,0,69;6,1,0.9775,0,163;3,0,0.9185,0,130;3,5,0.2505,0,34;3,3,0.8665,0,176;3,5,0.3565,0,102
ood_compose_regime-01308	10	2	0	106,162,2,86,39,123,142,68,158,21,93,69,63,147,57,162,90,188,45,100,161,15,149,113,156,20,179,168,117,174,74,139,33,44,208,130	1,5,0.9405,0,79;8,5,0.8435,0,187;8,5,0.8155,0,236;1,4,0.4155,0,211;3,0,0.2545,0,168;2,0,0.7355,1,188
ood_compose_regime-01309	5	2	1	183,76,67,113,4,117,210,141,133,22,202,85,41,14,90,30,200,93,19,63,190,190,150,100,187,140,147,37,179,106,45,175,69,51,211,124	3,4,0.7815,1,165;5,3,0.2205,0,234;2,5,0.7185,0,111;3,3,0.4985,0,94;3,0,0.3695,0,215;3,3,0.9055,0,176
ood_compose_regime-01310	5	2	2	166,49,124,71,67,202,58,100,13,45,21,73,209,139,141,189,90,35,151,1,25,214,42,115,83,135,147,161,198,17,200,206,154,117,93,106	0,3,0.2565,0,249;0,1,0.4815,0,153;0,0,0.7785,2,193;0,1,0.5775,0,244;3,0,0.7905,0,215;3,5,0.6995,0,24
ood_compose_regime-01311	2	2	1	117,161,207,112,211,34,129,150,76,159,21,189,107,11,93,89,141,69,45,155,5,131,147,156,179,103,19,198,87,178,139,68,60,57,28,41	4,1,0.6505,0,0;3,0,0.3565,0,0;8,2,0.8845,0,237;3,5,0.2595,0,82;6,1,0.0615,0,60;8,1,0.6955,0,210
ood_compose_regime-01312	5	2	2	213,182,138,14,151,186,190,141,17,210,147,183,60,68,124,117,36,43,114,45,189,21,9,159,186,52,100,93,110,191,89,84,76,134,28,69	8,4,0.3085,0,198;3,2,0.7445,0,163;3,2,0.9565,0,204;3,2,0.2775,0,255;3,4,0.4775,0,224;3,4,0.4235,0,202
ood_compose_regime-01313	2	2	2	212,214,45,124,155,30,64,198,10,134,141,147,41,59,136,178,117,214,69,56,151,191,113,93,92,207,111,3,100,174,80,16,35,83,169,21	2,0,0.1415,0,146;5,1,0.3035,0,50;7,1,0.0035,0,131;7,1,0.8775,0,58;3,5,0.3805,0,180;3,4,0.1095,0,224
ood_compose_regime-01314	5	2	1	188,109,21,45,136,132,117,84,34,141,206,155,157,12,147,69,100,28,188,16,189,52,89,150,93,193,44,1,61,209,165,113,68,185,76,124	0,2,0.1745,0,196;3,0,0.9005,0,178;3,3,0.9395,0,169;3,2,0.3615,0,208;3,3,0.2335,0,251;3,2,0.0475,0,53
ood_compose_regime-01315	5	2	1	29,189,214,66,17,150,93,69,138,107,153,141,92,213,178,117,128,5,36,147,99,196,51,46,40,112,163,157,169,21,86,76,135,63,204,13	4,3,0.2335,0,152;4,2,0.0475,1,153;2,5,0.4325,0,124;3,4,0.9635,0,183;2,1,0.0195,0,173;7,5,0.4595,0,146
ood_compose_regime-01316	5	2	2	87,147,127,112,21,69,17,158,117,93,134,158,200,214,187,68,202,51,48,189,40,166,141,98,109,39,12,207,4,88,75,140,173,59,151,27	3,2,0.2745,0,212;2,5,0.1445,3,20;2,1,0.8215,0,248;2,5,0.0805,0,62;1,3,0.1225,0,59;6,4,0.9475,0,38
ood_compose_regime-01317	5	2	2	13,69,2,171,151,181,141,132,44,58,156,159,88,106,117,57,205,105,147,175,176,45,193,129,139,65,21,37,83,93,19,195,28,197,113,73	1,3,0.7965,0,155;3,3,0.8845,0,61;8,0,0.2455,0,26;0,1,0.0345,0,230;8,0,0.3145,0,138;8,2,0.6295,0,131
ood_compose_regime-01318	7	2	1	16,169,117,215,200,127,171,41,132,93,21,14,201,115,106,36,168,150,79,189,103,28,147,172,69,199,66,140,61,86,88,45,190,143,50,8	7,4,0.1185,0,141;3,2,0.2445,0,79;1,3,0.4785,0,233;6,4,0.1575,0,29;6,0,0.6795,0,156;6,2,0.8685,2,211
ood_compose_regime-01319	9	2	2	76,106,133,93,21,207,41,128,39,141,116,158,193,189,3,147,204,186,182,14,20,153,211,32,56,58,139,117,101,151,68,86,90,69,196,45	2,4,0.9385,0,91;7,5,0.3575,0,15;7,0,0.8645,0,68;3,4,0.5905,0,243;4,0,0.9115,0,193;7,3,0.7965,0,119
ood_compose_regime-01320	10	2	2	147,179,41,123,151,204,144,181,184,115,18,69,85,4,167,45,137,66,117,21,175,12,196,88,77,101,34,31,200,200,63,54,109,93,174,130	3,2,0.4865,0,132;6,0,0.3935,0,89;5,5,0.5845,0,87;4,3,0.1905,0,142;4,3,0.6925,0,81;2,0,0.3295,3,208
ood_compose_regime-01321	5	2	0	182,123,100,20,113,93,204,90,149,83,7,38,143,117,22,168,147,186,45,131,69,165,66,52,31,111,81,13,178,165,42,138,62,213,175,213	6,3,0.9645,1,119;6,4,0.4025,0,33;3,4,0.5775,0,55;8,1,0.4665,0,105;3,5,0.3215,0,239;2,1,0.5655,2,231
ood_compose_regime-01322	2	2	0	120,27,77,21,194,11,211,51,101,35,194,18,60,147,140,3,124,92,176,65,83,132,149,109,114,93,72,196,158,191,141,154,211,44,45,182	2,1,0.4615,0,96;2,1,0.8915,0,48;2,2,0.2525,3,106;4,1,0.9095,0,56;4,3,0.4565,3,65;3,2,0.8415,0,63
ood_compose_regime-01323	8	2	1	164,203,21,110,150,210,69,51,147,45,141,4,195,38,59,20,102,67,162,192,168,90,75,189,10,93,159,30,131,126,84,206,116,140,117,42	3,0,0.8655,0,147;5,4,0.5285,0,127;2,1,0.6305,0,105;2,2,0.5945,0,18;5,4,0.8825,0,179;5,1,0.8765,0,42
ood_compose_regime-01324	2	2	0	104,160,205,43,157,11,184,54,141,116,21,45,147,215,76,65,121,131,86,198,69,89,19,214,149,180,34,60,140,25,156,1,120,204,106,93	0,1,0.7805,0,43;0,0,0.6865,0,191;5,2,0.3875,0,9;3,4,0.3685,0,115;7,0,0.9525,3,65;0,1,0.9245,0,236
ood_compose_regime-01325	10	2	1	10,214,93,108,204,175,129,138,21,90,198,167,76,197,207,150,66,193,69,57,141,32,42,47,58,114,117,9,135,17,102,147,82,153,37,186	8,0,0.2195,0,202;7,3,0.5905,2,135;8,0,0.5105,0,72;3,0,0.5125,0,165;5,2,0.5525,0,117;8,5,0.5235,0,98
ood_compose_regime-01326	7	2	2	203,10,91,151,9,136,100,26,165,52,61,213,115,141,74,85,93,70,67,209,45,158,147,157,174,124,21,35,181,169,194,18,108,117,40,135	8,0,0.5085,0,81;1,1,0.0715,0,25;3,3,0.7625,1,154;1,3,0.7185,0,232;3,2,0.6025,0,175;3,5,0.1095,0,136
ood_compose_regime-01327	5	2	1	91,56,161,114,100,21,36,215,123,76,58,152,168,139,142,17,40,195,153,93,162,108,162,206,150,4,69,86,118,27,45,14,206,64,134,147	3,4,0.2875,0,173;2,2,0.0305,0,233;7,0,0.0725,0,38;3,4,0.7895,0,250;3,2,0.4855,1,30;2,4,0.7005,1,105
ood_compose_regime-01328	2	2	2	211,43,113,170,156,117,137,157,108,212,72,210,45,10,210,124,81,200,58,18,181,57,84,4,96,64,130,21,34,92,32,105,141,151,147,211	3,0,0.5015,0,115;7,0,0.6675,0,92;8,0,0.0705,3,227;8,2,0.8425,3,5;8,2,0.3965,0,172;3,0,0.3295,0,151
ood_compose_regime-01329	5	2	2	147,172,189,52,117,109,165,89,141,100,165,20,42,85,133,21,203,121,113,62,72,67,155,172,37,7,13,76,168,203,93,45,30,140,151,153	6,3,0.8055,0,135;5,3,0.4505,0,37;3,4,0.7765,3,30;3,3,0.2085,0,101;3,3,0.3875,0,111;0,3,0.9745,0,178
ood_compose_regime-01330	10	2	2	13,185,198,141,147,69,164,21,180,179,41,96,153,140,151,52,87,107,61,65,117,196,25,188,4,116,45,214,92,34,98,78,129,134,17,193	3,3,0.2285,0,80;0,0,0.3465,0,27;3,3,0.3745,0,3;5,5,0.8785,3,33;1,1,0.8845,0,196;8,4,0.8625,0,62
ood_compose_regime-01331	6	2	2	163,147,62,199,37,73,117,203,46,186,4,93,179,154,17,69,21,151,106,85,180,65,89,14,116,140,144,31,158,49,103,198,122,185,135,40	3,4,0.2015,0,156;6,3,0.1485,1,130;0,4,0.3145,0,181;0,3,0.3685,0,193;6,0,0.9665,0,220;1,5,0.8905,3,199
ood_compose_regime-01332	1	2	2	167,179,147,38,50,177,136,157,167,101,45,151,188,44,10,176,115,123,27,62,106,141,65,19,131,117,167,93,4,88,21,78,69,212,83,180	3,0,0.6555,0,24;2,4,0.9445,0,72;1,4,0.3325,0,175;5,1,0.1455,0,210;4,0,0.7975,0,217;2,1,0.0335,0,190
ood_compose_regime-01333	7	2	2	52,102,125,130,139,147,168,174,72,170,201,74,11,202,119,44,38,200,28,18,86,141,172,2,170,114,151,182,109,65,21,45,90,93,210,58	1,1,0.4745,0,76;3,4,0.9485,0,244;3,0,0.2275,3,122;1,4,0.4105,0,138;5,3,0.4745,2,215;4,0,0.6435,0,173
ood_compose_regime-01334	1	2	0	176,108,166,161,202,3,77,17,132,117,115,82,141,149,136,69,51,95,152,147,189,175,172,100,41,11,36,24,127,92,168,175,30,45,68,63	2,1,0.3485,3,218;5,2,0.2855,0,211;2,5,0.8575,0,143;4,0,0.8335,2,37;3,2,0.6925,0,74;6,2,0.0525,0,51
ood_compose_regime-01335	8	2	1	30,21,187,161,44,173,102,90,160,14,65,215,109,178,45,162,156,141,134,6,81,147,58,121,86,150,17,140,39,178,162,117,93,52,114,69	5,4,0.3035,0,22;5,5,0.8695,0,46;3,0,0.2645,0,191;8,4,0.5105,0,93;5,3,0.5355,0,97;0,4,0.8035,0,189
ood_compose_regime-01336	9	2	0	182,181,3,171,117,183,21,66,45,155,112,103,18,179,74,147,208,44,56,190,141,63,191,134,10,124,140,106,28,93,90,87,149,36,69,187	2,0,0.5905,0,98;3,2,0.9235,0,182;7,5,0.4495,0,32;1,5,0.5705,0,253;6,0,0.0895,0,118;3,4,0.9525,0,3
ood_compose_regime-01337	2	2	0	22,178,134,93,215,88,113,155,141,100,117,149,137,81,4,19,190,87,184,26,69,204,45,147,35,110,59,41,57,178,14,123,195,201,170,68	3,4,0.7225,1,248;1,1,0.3585,0,136;8,1,0.8395,0,144;8,5,0.0695,0,14;3,4,0.3395,0,170;2,4,0.3235,0,9
ood_compose_regime-01338	1	2	0	28,39,149,117,19,64,11,2,187,75,69,147,183,138,87,185,179,53,93,41,186,112,123,102,91,130,21,189,141,158,204,59,181,153,107,45	1,1,0.7365,0,206;3,5,0.2525,0,42;4,1,0.0765,0,223;2,5,0.6915,0,128;5,1,0.0005,0,223;2,0,0.5965,0,128
ood_compose_regime-01339	5	2	0	112,124,187,203,100,138,74,45,38,28,10,117,93,215,206,90,60,173,207,133,69,110,178,51,153,20,191,147,175,85,141,67,149,41,7,21	6,0,0.9085,0,87;3,4,0.2395,0,188;2,2,0.6125,0,97;1,3,0.5885,0,175;3,4,0.0885,0,139;3,3,0.5675,0,164
ood_compose_regime-01340	5	2	1	174,143,44,106,116,66,38,131,52,21,25,201,187,104,46,87,117,204,62,173,140,150,201,122,203,147,90,16,15,69,4,93,154,76,180,206	3,5,0.1195,0,243;0,4,0.8375,1,80;3,4,0.4405,0,86;3,5,0.4455,0,35;7,0,0.8415,0,66;1,1,0.9845,2,117
ood_compose_regime-01341	5	2	0	18,117,28,137,163,38,144,107,50,206,175,40,122,189,149,147,130,61,114,82,194,165,167,14,164,21,69,93,76,180,64,90,4,105,45,198	3,4,0.5445,0,152;3,4,0.0325,0,37;1,3,0.1785,0,147;3,0,0.5255,0,157;8,1,0.4935,0,241;1,0,0.2095,3,215
ood_compose_regime-01342	5	2	0	32,208,206,69,141,64,132,76,147,182,156,34,214,174,110,140,85,92,15,124,40,120,186,185,52,18,186,100,190,4,21,46,149,116,62,93	3,5,0.5805,0,111;7,0,0.1465,1,51;3,4,0.0155,0,165;3,3,0.8015,0,255;3,4,0.9275,3,43;3,2,0.8025,0,160
ood_compose_regime-01343	10	2	2	100,6,135,156,114,195,92,13,64,29,19,182,22,94,162,53,169,205,125,44,117,188,137,147,141,61,214,171,151,87,37,111,77,207,45,69	5,3,0.6385,1,58;4,3,0.8735,0,143;4,3,0.1835,0,248;4,5,0.8965,1,208;3,5,0.5385,0,27;4,5,0.2115,0,155
ood_compose_regime-01344	5	2	1	101,21,59,159,174,108,69,29,150,16,93,197,212,140,187,90,45,42,66,179,186,15,5,124,184,134,117,86,37,160,55,76,116,147,162,141	4,5,0.1725,0,81;4,3,0.4305,0,184;6,1,0.5635,0,196;3,4,0.5005,0,104;4,2,0.8935,0,129;3,4,0.9685,0,221
ood_compose_regime-01345	2	2	2	173,17,115,194,164,117,60,22,185,45,166,151,93,140,82,15,69,32,155,89,80,147,196,98,206,142,34,197,42,124,52,4,134,106,67,177	3,5,0.2475,1,172;7,0,0.4575,0,89;3,2,0.7525,0,163;7,0,0.2125,0,48;1,0,0.6595,0,232;3,4,0.9715,1,201
ood_compose_regime-01346	2	2	0	147,21,165,69,149,141,182,43,76,97,123,31,191,3,204,195,57,162,190,35,115,108,177,12,65,60,85,139,93,166,132,117,16,89,45,175	2,2,0.1475,0,177;6,1,0.6055,0,162;8,2,0.2605,0,212;3,3,0.2685,0,251;0,2,0.6865,0,55;2,2,0.7595,0,91
ood_compose_regime-01347	5	2	1	66,45,189,194,110,138,175,150,147,93,88,69,36,115,85,134,100,16,123,141,42,57,159,198,176,33,168,74,205,10,58,117,4,21,161,199	3,0,0.1235,0,210;8,2,0.4745,0,89;8,0,0.4595,0,92;1,3,0.0515,0,195;3,4,0.7255,0,41;2,4,0.4705,0,108
ood_compose_regime-01348	5	2	1	74,197,90,136,203,197,20,161,45,164,68,55,127,106,157,60,99,150,21,141,69,147,31,10,185,119,34,116,130,198,182,152,44,87,93,4	3,0,0.9865,0,218;6,0,0.9975,0,88;6,2,0.9135,0,15;1,5,0.5185,0,69;2,0,0.8205,2,128;6,0,0.0075,0,184
ood_compose_regime-01349	5	2	1	39,21,113,5,106,132,138,69,45,160,179,54,172,169,90,119,190,16,28,163,150,147,141,95,202,183,60,15,169,165,98,121,74,44,86,66	4,5,0.1925,0,54;3,5,0.8295,0,30;5,2,0.4545,0,73;1,4,0.4285,2,241;1,0,0.3595,2,214;0,2,0.4535,0,139
ood_compose_regime-01350	2	2	1	116,45,205,98,147,69,21,5,141,124,27,82,16,204,187,41,130,169,185,59,178,150,117,184,13,204,140,211,73,51,67,106,182,36,89,93	4,3,0.1785,0,216;2,2,0.2445,0,109;2,1,0.7335,0,139;0,0,0.2855,0,85;1,0,0.8275,0,42;3,0,0.8815,0,56
ood_compose_regime-01351	9	2	1	41,215,115,165,170,93,138,88,134,167,74,52,99,198,15,181,34,215,185,62,106,123,185,150,69,147,25,143,18,8,83,21,184,117,45,67	7,5,0.5995,0,21;0,0,0.2375,0,179;3,4,0.7285,0,70;1,1,0.0245,0,11;2,0,0.6975,0,20;2,4,0.4355,2,147
ood_compose_regime-01352	7	2	1	65,156,41,168,69,33,215,203,97,137,147,93,88,141,176,52,173,204,86,107,171,3,135,150,176,60,21,113,11,203,45,16,122,38,74,117	2,1,0.1185,0,168;8,4,0.3965,0,156;3,2,0.3485,0,79;1,4,0.1665,0,251;0,1,0.3355,0,187;1,5,0.2775,0,146
ood_compose_regime-01353	5	2	0	165,182,173,152,147,175,76,149,162,14,141,93,67,52,45,39,133,207,24,69,60,27,40,7,100,114,163,85,198,109,154,91,126,19,117,140	6,4,0.6535,3,164;2,5,0.0905,0,171;3,2,0.6755,0,22;3,3,0.6545,0,202;3,3,0.5255,0,127;5,3,0.8665,0,37
ood_compose_regime-01354	6	2	1	173,150,176,37,10,53,114,124,143,21,147,40,45,139,117,109,213,84,162,90,189,202,97,68,76,29,134,69,154,93,189,5,179,19,58,168	4,0,0.6685,0,63;4,3,0.0805,0,1;4,0,0.9795,0,78;3,2,0.4865,0,135;0,3,0.4365,0,155;3,4,0.7545,2,173
ood_compose_regime-01355	5	2	0	185,52,63,182,162,40,69,209,10,137,189,163,141,37,84,147,118,64,22,133,149,94,116,109,200,100,32,124,45,152,19,4,75,195,183,90	3,0,0.6615,1,234;7,3,0.0695,0,170;3,5,0.1535,0,129;2,2,0.4475,1,234;3,3,0.9305,1,190;3,3,0.3905,0,146
ood_compose_regime-01356	5	2	0	201,117,144,93,149,70,121,201,34,106,114,45,130,91,31,178,194,17,147,12,137,55,76,62,99,194,180,68,182,7,202,24,86,42,195,152	6,2,0.3525,3,162;6,0,0.5695,0,90;6,4,0.9085,1,167;3,4,0.7635,0,70;2,0,0.4025,0,132;0,0,0.2235,3,170
ood_compose_regime-01357	5	2	1	52,21,159,118,141,161,12,88,86,19,108,69,147,193,132,27,187,1,209,175,150,75,127,203,45,43,61,159,105,115,36,140,66,154,94,192	0,2,0.7955,0,3;2,2,0.7585,0,99;3,3,0.4005,0,49;2,4,0.0135,1,54;8,2,0.7045,1,255;6,2,0.9545,0,43
ood_compose_regime-01358	5	2	0	69,63,42,188,12,112,209,34,19,211,195,130,204,92,84,210,187,107,67,128,191,141,28,52,21,75,103,147,197,4,45,117,138,93,167,149	3,2,0.6885,0,186;3,0,0.4415,0,186;3,5,0.6795,0,51;2,2,0.9885,0,16;6,1,0.0915,0,7;7,0,0.5745,0,228
ood_compose_regime-01359	5	2	2	141,179,163,112,62,95,130,4,174,92,177,45,75,26,122,147,21,151,205,84,69,38,111,100,10,19,184,52,117,66,137,196,182,190,183,41	3,0,0.7335,0,173;1,4,0.3045,0,51;3,4,0.5335,0,85;2,2,0.9625,2,162;3,5,0.1795,0,229;1,0,0.2245,0,159
ood_compose_regime-01360	5	2	1	58,150,182,73,13,183,42,113,182,166,67,34,45,147,134,171,89,124,93,117,141,51,28,108,16,137,82,195,215,69,168,177,22,1,194,99	0,3,0.0935,1,156;3,0,0.5835,0,77;2,0,0.6755,0,136;0,0,0.3575,0,129;2,2,0.3245,0,204;3,4,0.2575,0,19
ood_compose_regime-01361	10	2	1	198,207,91,15,168,173,45,36,3,94,134,206,66,70,17,140,210,41,117,113,58,150,147,82,28,23,57,107,158,194,206,141,129,171,99,81	2,5,0.2285,2,163;3,2,0.3655,0,18;8,0,0.4935,1,209;8,0,0.7485,1,14;2,1,0.2585,0,245;8,4,0.8235,0,81
ood_compose_regime-01362	5	2	2	93,111,39,141,43,165,180,172,132,63,213,52,167,147,66,21,69,100,124,28,154,117,87,176,136,116,19,195,5,76,90,181,10,212,151,45	4,0,0.6475,0,31;3,5,0.7595,0,140;3,5,0.4245,0,224;3,5,0.5095,0,193;3,5,0.8465,0,29;3,2,0.0555,0,154
ood_compose_regime-01363	5	2	0	180,11,130,149,45,51,117,31,3,37,164,108,171,165,76,84,208,201,44,69,168,99,138,93,213,123,92,21,67,62,141,19,204,147,112,206	2,1,0.6135,0,128;6,3,0.8575,0,162;2,4,0.7545,0,8;3,2,0.8255,0,133;2,2,0.0605,0,164;2,0,0.4335,0,11
ood_compose_regime-01364	5	2	2	82,178,43,36,28,45,61,89,66,110,174,168,147,163,52,188,161,21,93,204,130,151,179,136,165,100,69,208,15,76,123,19,116,117,4,143	3,5,0.7695,0,248;3,2,0.7985,0,215;3,3,0.5395,0,44;3,0,0.2185,0,243;3,4,0.8075,0,60;2,0,0.1125,2,222
ood_compose_regime-01365	1	2	1	86,93,22,69,163,3,75,209,139,214,123,158,62,153,34,89,65,171,183,164,20,99,11,135,150,29,141,52,112,41,199,45,111,147,117,178	2,1,0.9335,1,66;4,0,0.2925,0,17;3,4,0.3635,0,114;2,4,0.3615,0,12;2,5,0.1575,0,131;2,5,0.6065,0,8
ood_compose_regime-01366	1	2	0	69,130,8,13,195,201,140,157,32,37,214,211,91,84,108,75,207,45,198,182,51,124,66,149,63,103,93,169,141,16,211,21,147,44,120,114	7,3,0.1945,0,244;7,3,0.9735,0,97;2,5,0.4125,0,103;2,2,0.7075,0,164;6,2,0.5555,3,160;3,0,0.9005,0,0
ood_compose_regime-01367	1	2	1	17,147,128,42,4,38,185,15,113,21,117,25,56,62,70,195,48,164,141,75,215,91,66,99,190,110,93,171,133,177,87,169,136,199,150,185	3,5,0.2085,0,151;0,4,0.5815,3,18;7,4,0.4725,1,175;2,5,0.7745,0,117;2,4,0.3085,0,48;7,3,0.0015,0,123
ood_compose_regime-01368	9	2	2	162,69,173,21,62,66,17,108,138,74,151,47,204,56,117,25,177,93,4,143,86,131,34,99,197,164,13,164,114,43,165,167,89,147,128,174	3,3,0.3565,0,51;0,0,0.6575,2,203;7,4,0.5585,0,133;1,4,0.2345,0,11;2,2,0.5635,0,152;7,1,0.5565,2,223
ood_compose_regime-01369	9	2	2	65,195,209,14,182,110,176,186,28,8,36,69,45,137,158,104,141,42,17,93,151,58,147,49,113,127,92,21,117,175,211,200,157,80,133,85	7,4,0.2925,0,108;3,2,0.4825,0,223;0,0,0.3515,0,208;7,3,0.8885,0,1;7,4,0.2815,0,60;6,3,0.3865,0,190
ood_compose_regime-01370	8	2	1	42,180,165,143,117,45,210,202,30,113,53,7,65,133,38,100,21,147,78,110,16,150,84,194,175,14,195,89,59,93,69,136,124,199,212,201	6,4,0.1805,0,16;5,4,0.5725,0,120;4,1,0.3305,0,8;5,2,0.3375,0,150;3,4,0.2985,0,65;3,3,0.1695,2,55
ood_compose_regime-01371	5	2	1	174,177,102,134,27,124,159,10,75,117,3,111,93,115,141,62,20,206,38,153,172,179,65,69,139,186,204,47,203,21,51,147,43,89,84,150	2,0,0.9125,0,199;2,4,0.6575,2,76;2,4,0.2405,0,221;2,2,0.2385,0,205;5,5,0.7675,0,53;3,4,0.7325,0,90
ood_compose_regime-01372	1	2	0	4,123,58,165,37,17,160,93,131,111,154,30,138,84,51,147,141,207,12,213,193,99,48,69,78,68,201,117,184,21,149,91,197,113,162,41	3,2,0.3255,0,20;5,3,0.3765,3,147;2,0,0.8375,0,70;5,2,0.7845,0,220;2,5,0.3785,0,168;2,1,0.4215,0,138
ood_compose_regime-01373	1	2	1	173,117,203,44,131,27,52,12,147,207,36,86,7,186,69,94,150,136,58,107,174,154,88,141,21,76,65,99,116,45,122,16,152,162,182,169	6,2,0.1455,0,99;2,2,0.8045,0,50;3,0,0.2925,0,197;3,4,0.1955,1,85;2,1,0.9355,0,251;1,1,0.0695,0,194
ood_compose_regime-01374	5	2	2	58,172,151,198,198,38,135,69,157,56,21,204,19,147,90,136,112,117,44,93,167,4,48,141,73,161,110,206,123,65,209,155,13,97,85,25	3,3,0.6995,0,47;0,4,0.8315,3,5;7,0,0.2895,0,57;0,3,0.4755,0,91;0,4,0.0115,0,37;2,5,0.0955,0,66
ood_compose_regime-01375	1	2	2	117,139,41,87,196,71,178,4,92,17,67,174,62,107,202,105,141,112,10,93,192,45,132,21,147,127,181,151,75,167,155,163,27,196,57,39	3,0,0.2615,0,241;2,5,0.2465,0,9;8,4,0.6625,2,232;2,5,0.8435,0,5;8,1,0.1585,0,161;6,2,0.7215,0,44
ood_compose_regime-01376	9	2	0	6,133,45,38,143,102,76,166,71,163,91,85,18,138,197,117,21,32,61,67,153,147,54,210,113,156,126,42,189,11,93,149,167,110,165,154	5,1,0.5385,0,64;7,4,0.5915,0,91;5,3,0.7745,2,184;3,3,0.7335,0,22;5,4,0.3045,0,217;5,3,0.5275,2,176
ood_compose_regime-01377	2	2	0	17,172,168,116,200,42,88,174,45,192,9,212,185,135,59,93,34,141,53,69,75,82,120,137,163,68,149,168,28,21,161,109,100,147,10,126	8,0,0.2965,0,7;3,0,0.4175,0,66;4,1,0.9135,0,19;2,0,0.1715,0,140;3,3,0.9945,3,25;5,5,0.3815,0,118
ood_compose_regime-01378	1	2	2	171,164,44,177,117,27,132,154,38,147,115,123,22,52,93,138,83,151,141,155,3,68,60,170,17,99,156,48,152,75,15,211,69,207,111,89	2,5,0.2915,1,135;2,4,0.8585,3,60;3,2,0.8415,0,175;2,1,0.3265,0,35;2,5,0.6715,0,11;2,2,0.5435,0,247
ood_compose_regime-01379	5	2	2	124,37,181,87,190,165,188,191,147,186,130,151,67,24,98,141,52,8,93,118,211,109,200,78,41,114,45,90,28,137,172,61,16,165,69,10	7,0,0.1335,3,13;3,3,0.2425,0,120;3,3,0.7245,0,141;5,5,0.4905,0,174;1,3,0.5925,1,128;3,0,0.3485,0,13
ood_compose_regime-01380	5	2	0	195,21,187,26,127,117,136,194,215,170,206,149,89,141,37,59,208,77,19,192,69,54,133,93,4,82,12,180,100,45,42,111,154,68,147,116	3,2,0.6085,0,66;1,3,0.5905,0,1;5,1,0.9575,0,86;4,0,0.2225,0,116;3,5,0.9065,0,34;6,3,0.0515,0,113
ood_compose_regime-01381	1	2	1	29,200,62,150,112,105,136,93,191,129,51,82,14,45,39,21,18,141,184,9,119,76,176,201,173,210,131,172,107,92,147,156,67,204,40,69	8,4,0.4845,0,222;4,5,0.1065,0,150;2,4,0.7815,0,181;3,0,0.9945,0,188;8,1,0.1545,2,57;8,1,0.0575,0,239
ood_compose_regime-01382	5	2	1	124,4,20,201,60,109,136,93,92,204,187,150,147,15,69,65,117,55,194,76,100,141,41,112,196,205,202,21,45,28,85,194,160,36,130,157	3,5,0.8505,0,255;3,2,0.3255,0,67;6,2,0.2115,0,217;3,3,0.9575,0,53;3,3,0.1845,0,144;3,0,0.0775,0,206
ood_compose_regime-01383	5	2	1	183,140,212,63,181,182,66,119,44,72,28,110,21,34,127,215,82,54,150,178,147,184,45,105,131,17,1,92,116,141,176,200,14,182,79,93	0,4,0.2935,0,189;3,0,0.9185,0,87;5,5,0.5685,3,18;6,0,0.9795,0,77;8,4,0.9205,2,194;6,1,0.8615,0,64
ood_compose_regime-01384	2	2	0	64,75,4,141,153,71,90,200,163,45,97,109,21,28,119,41,113,50,20,190,130,189,123,176,178,197,149,83,36,206,93,12,62,147,163,139	3,2,0.8085,0,207;3,2,0.2715,0,161;1,4,0.0595,2,228;2,1,0.4815,0,247;0,3,0.2855,2,200;2,0,0.7265,0,234
ood_compose_regime-01385	5	2	0	167,45,18,107,154,21,178,60,96,75,121,99,132,112,189,14,117,153,4,188,152,139,141,64,38,25,149,203,69,167,147,82,172,88,49,40	3,4,0.4685,0,3;0,4,0.0405,0,81;0,2,0.1845,0,33;2,0,0.1755,3,253;2,1,0.1745,0,68;0,2,0.6475,0,10
ood_compose_regime-01386	8	2	2	186,65,177,151,84,114,174,161,173,139,69,117,106,13,157,180,192,93,27,91,36,45,42,51,135,99,4,158,126,196,17,141,147,77,59,21	3,3,0.3555,0,165;2,2,0.4145,0,5;2,1,0.3265,0,117;4,2,0.7655,0,192;2,0,0.5135,0,162;5,5,0.6205,0,79
ood_compose_regime-01387	10	2	2	31,59,45,37,167,97,82,151,179,147,153,186,130,205,92,65,112,15,21,198,203,211,141,49,40,9,194,170,140,18,69,93,110,129,76,117	8,5,0.4035,0,137;6,3,0.0435,0,64;0,1,0.2135,0,21;3,0,0.9075,0,28;0,4,0.0475,0,86;8,0,0.9135,0,127
ood_compose_regime-01388	5	2	2	154,171,88,1,27,107,214,195,151,101,147,18,69,141,130,200,137,76,116,67,34,172,175,87,117,10,21,124,45,40,194,93,167,188,61,55	0,0,0.5725,0,227;2,0,0.0875,0,94;6,3,0.7785,0,212;3,5,0.1445,0,247;4,1,0.9125,0,193;3,0,0.2095,0,45
ood_compose_regime-01389	6	2	0	197,48,205,141,173,183,21,58,90,147,149,199,159,117,79,82,159,116,132,109,206,43,97,52,195,37,123,12,136,69,7,20,215,31,65,93	6,2,0.8655,0,213;6,3,0.7535,3,240;3,0,0.2795,0,50;6,0,0.5805,0,21;0,3,0.8795,0,189;2,2,0.1965,0,139
ood_compose_regime-01390	5	2	1	152,133,150,106,195,141,85,45,97,60,155,184,4,136,112,117,20,124,181,52,147,90,162,69,190,42,32,35,15,68,201,167,189,96,76,21	3,5,0.9835,0,65;7,1,0.4405,0,139;3,2,0.8715,0,158;3,3,0.4035,3,181;0,0,0.0605,0,93;3,3,0.0775,0,184
ood_compose_regime-01391	5	2	2	45,52,66,90,141,73,37,117,195,21,112,165,165,205,214,97,25,69,195,124,134,206,200,139,151,82,18,160,3,10,63,147,201,106,43,93	2,0,0.4645,0,88;0,3,0.6035,0,16;3,5,0.4705,0,131;0,0,0.4715,0,34;0,0,0.0765,0,112;3,4,0.7585,0,97
ood_compose_regime-01392	6	2	0	149,141,114,169,158,117,64,21,156,63,69,6,34,107,147,103,50,121,20,162,93,25,205,168,45,174,89,193,140,194,76,87,189,40,133,14	5,4,0.9195,0,64;0,0,0.0115,0,235;1,5,0.1325,0,115;3,5,0.2265,0,98;6,1,0.4585,0,47;0,3,0.8295,0,167
ood_compose_regime-01393	7	2	1	31,122,206,65,186,21,59,186,195,166,92,140,204,147,210,133,212,207,20,117,12,46,54,192,101,93,42,86,150,115,34,1,107,141,76,69	0,2,0.8645,0,68;6,0,0.4155,1,246;5,1,0.2265,0,173;3,4,0.9055,0,160;4,1,0.6025,0,244;1,3,0.9015,0,248
ood_compose_regime-01394	5	2	1	37,114,183,176,28,154,111,45,65,93,153,69,141,52,21,190,10,147,150,17,61,82,128,178,117,42,76,168,136,104,134,88,4,174,200,182	3,0,0.3435,0,153;3,3,0.4485,0,205;3,3,0.3135,0,128;3,0,0.1255,0,213;7,5,0.4705,0,59;7,4,0.0965,0,200
ood_compose_regime-01395	5	2	2	92,109,7,44,16,142,10,165,194,173,135,154,67,126,93,21,31,192,159,52,100,86,151,69,138,116,62,191,178,147,35,212,76,45,117,165	6,0,0.1215,0,159;6,1,0.8165,0,227;3,4,0.7925,0,111;3,4,0.8495,0,29;3,3,0.8495,0,243;5,5,0.4145,1,12
ood_compose_regime-01396	5	2	2	75,3,193,122,45,117,20,28,97,66,52,199,206,131,147,185,93,209,151,183,162,34,199,109,43,141,69,201,137,11,156,112,92,21,62,86	2,1,0.9985,0,134;3,0,0.6035,0,180;3,4,0.4265,0,117;2,4,0.9275,0,226;0,3,0.0345,0,145;1,1,0.2335,0,95
ood_compose_regime-01397	9	2	0	181,39,19,80,179,14,112,155,153,130,107,118,147,152,85,56,141,205,206,188,43,21,212,27,93,92,105,149,175,69,62,121,4,65,139,45	3,4,0.6565,0,165;2,5,0.6395,0,204;7,4,0.2325,0,6;7,3,0.8205,0,20;8,1,0.1775,1,213;0,0,0.7705,0,122
ood_compose_regime-01398	5	2	2	23,157,140,45,196,180,151,68,54,95,75,86,141,210,147,100,28,124,42,6,158,196,200,18,69,133,36,184,63,92,117,114,189,169,13,106	5,3,0.5065,2,235;3,2,0.4065,0,255;5,5,0.9855,0,241;2,4,0.8145,2,63;3,0,0.4575,0,33;3,3,0.9925,0,112
ood_compose_regime-01399	5	2	0	168,18,135,43,166,98,169,52,69,68,107,195,170,141,26,93,147,117,124,21,112,193,164,4,92,45,75,186,183,84,149,61,171,34,140,14	3,4,0.5025,0,190;1,0,0.6085,0,184;3,3,0.8305,0,174;2,2,0.9635,0,91;1,1,0.1185,0,186;3,5,0.9495,0,170
ood_compose_regime-01400	5	2	1	209,154,150,153,183,202,133,8,114,28,41,60,199,124,64,69,147,141,21,100,180,10,52,38,165,85,45,106,76,19,138,204,89,93,172,117	7,0,0.7865,0,232;3,4,0.3195,0,132;3,2,0.1585,0,160;3,3,0.2175,0,254;3,0,0.5285,0,29;3,3,0.4545,0,63
ood_compose_regime-01401	8	2	0	8,173,30,142,15,39,178,147,57,90,108,170,68,149,186,72,42,16,208,117,138,45,193,214,76,130,199,112,21,127,180,62,102,93,194,84	7,5,0.1565,0,233;5,5,0.4695,0,169;8,4,0.9345,3,0;3,2,0.5175,0,162;5,2,0.0595,0,234;6,0,0.5515,1,158
ood_compose_regime-01402	5	2	2	152,100,93,20,147,78,174,159,45,66,92,37,111,151,51,134,191,21,8,141,158,136,117,115,174,84,121,30,204,14,189,63,167,190,41,69	7,4,0.8615,0,18;5,3,0.3875,0,23;2,5,0.5255,0,172;5,2,0.8545,0,200;3,5,0.6905,0,217;0,4,0.0545,0,182
ood_compose_regime-01403	5	2	1	136,200,82,15,37,156,147,101,90,79,106,178,150,118,32,41,66,161,130,173,57,183,155,4,172,124,69,206,45,17,21,60,96,213,141,115	3,5,0.3745,0,187;7,3,0.3635,0,1;8,2,0.5115,0,133;6,0,0.4725,3,237;4,0,0.6335,1,168;3,0,0.0585,0,16
ood_compose_regime-01404	5	2	1	195,60,106,112,164,43,147,52,68,87,184,157,21,150,69,4,88,27,93,123,158,164,10,139,204,77,200,181,99,134,18,157,141,34,47,117	3,0,0.5485,0,217;2,0,0.6615,2,236;3,2,0.8765,0,95;4,5,0.0405,0,73;2,0,0.0725,0,76;2,4,0.7235,0,58
ood_compose_regime-01405	5	2	0	147,98,62,21,194,139,10,113,96,8,80,45,160,124,149,37,41,206,135,70,203,106,176,180,117,56,161,82,28,64,191,141,175,210,18,89	7,0,0.4905,0,159;3,3,0.2205,0,177;7,4,0.0765,1,197;7,0,0.3835,3,177;1,0,0.3145,0,114;3,5,0.6625,0,253
ood_compose_regime-01406	5	2	0	99,123,114,137,176,173,141,93,75,204,68,69,44,117,179,10,176,106,62,52,168,159,38,21,45,214,149,84,208,147,16,90,3,130,33,179	2,0,0.0985,0,216;8,4,0.8545,0,1;3,4,0.8375,0,72;2,2,0.4495,0,49;2,0,0.4385,0,97;2,0,0.3815,0,205
ood_compose_regime-01407	9	2	0	81,8,39,193,67,200,109,93,48,166,21,72,62,26,15,102,188,141,50,189,206,82,147,149,124,171,139,120,18,203,130,172,92,44,175,116	7,5,0.5475,0,120;1,5,0.8345,3,67;1,4,0.7825,3,118;8,0,0.8135,0,5;5,3,0.9725,3,129;3,0,0.6765,0,209
ood_compose_regime-01408	5	2	2	37,147,6,111,124,40,170,69,117,60,86,24,215,93,214,114,135,162,16,67,199,28,45,52,13,191,186,76,178,141,151,137,182,88,100,176	5,3,0.1835,3,197;3,3,0.0185,0,54;3,2,0.6445,0,205;3,4,0.1965,0,89;3,5,0.5305,0,12;3,5,0.2765,0,18
ood_compose_regime-01409	5	2	0	19,113,209,130,141,162,45,11,128,76,21,60,117,67,173,149,154,33,100,199,38,108,185,86,3,43,161,92,177,207,136,69,51,147,93,158	2,1,0.6775,0,80;8,4,0.6885,0,243;2,2,0.6045,0,107;3,4,0.8075,0,216;3,2,0.3425,0,152;7,0,0.1135,0,233
ood_compose_regime-01410	5	2	2	63,207,83,99,169,41,155,140,163,38,209,147,73,111,33,151,92,141,52,152,14,21,188,170,69,124,94,134,117,3,64,112,45,209,20,195	2,4,0.9885,0,140;8,4,0.3625,0,217;3,5,0.0865,0,228;0,1,0.8905,1,73;2,5,0.0455,0,242;3,4,0.9405,0,191
ood_compose_regime-01411	10	2	0	195,176,117,4,207,114,131,21,125,77,169,199,13,87,18,69,109,181,66,212,192,141,93,101,90,213,39,61,200,139,54,28,149,45,147,42	3,3,0.4005,0,64;3,5,0.4185,0,210;5,3,0.5945,0,116;4,5,0.5455,0,187;4,3,0.4775,0,120;4,1,0.7735,0,80
ood_compose_regime-01412	5	2	1	103,215,20,117,92,147,85,77,207,212,21,133,4,12,141,34,176,127,25,140,93,109,167,185,150,45,186,51,70,115,41,188,178,60,67,200	3,2,0.9825,0,88;0,0,0.3785,0,210;2,2,0.6415,1,244;4,3,0.8855,0,183;6,3,0.7145,0,9;6,3,0.8005,0,47
ood_compose_regime-01413	9	2	1	140,93,141,213,100,147,150,159,154,72,51,45,38,193,178,179,68,132,15,126,117,18,92,170,41,113,85,80,23,6,106,171,199,63,215,32	5,5,0.5155,2,163;7,4,0.3185,0,125;2,5,0.8655,3,252;7,3,0.8175,0,155;3,0,0.2035,0,75;5,2,0.8535,0,19
ood_compose_regime-01414	5	2	1	179,194,209,142,45,42,189,139,108,10,198,17,125,99,63,150,38,85,135,69,147,215,52,160,96,21,191,27,117,170,66,80,4,115,208,90	3,0,0.2985,0,84;2,4,0.5415,0,225;3,5,0.5555,0,173;7,3,0.4765,3,28;2,2,0.6635,0,239;4,5,0.6915,1,0
ood_compose_regime-01415	1	2	0	200,40,86,134,97,3,27,193,51,20,69,45,89,63,118,171,197,149,137,173,156,141,204,14,110,113,34,180,21,194,124,147,65,76,185,94	2,4,0.8155,0,253;2,0,0.0545,0,206;2,5,0.2595,0,190;3,4,0.2935,1,211;0,4,0.3535,1,123;3,4,0.3955,0,108
ood_compose_regime-01416	5	2	2	113,94,168,28,156,65,124,189,159,117,82,141,63,171,45,51,69,157,39,184,194,42,4,76,88,21,19,111,151,140,157,147,135,104,178,12	3,2,0.7865,0,105;3,5,0.5235,0,29;2,5,0.2065,0,21;3,0,0.1625,1,238;7,5,0.2005,0,197;3,5,0.8915,0,11
ood_compose_regime-01417	5	2	0	177,42,138,76,159,28,101,21,134,51,189,149,59,107,87,4,168,178,214,209,45,18,38,124,69,155,117,141,90,93,64,202,112,204,147,14	3,4,0.4935,0,137;3,4,0.4185,0,199;2,1,0.1185,0,95;3,5,0.4755,0,95;4,1,0.1895,0,90;3,4,0.4805,0,148
ood_compose_regime-01418	2	2	1	85,205,191,212,165,41,36,65,202,47,147,150,4,120,199,27,112,88,138,12,183,70,169,52,73,100,61,178,18,132,123,93,21,141,166,109	3,2,0.4385,0,236;2,2,0.3005,2,150;3,3,0.2465,1,228;0,3,0.1475,0,69;3,3,0.1115,3,78;2,2,0.5145,0,15
ood_compose_regime-01419	5	2	1	42,81,13,184,86,213,67,55,48,155,182,137,147,114,117,93,132,162,69,18,150,33,21,195,164,38,2,167,58,88,109,100,155,204,121,141	1,3,0.4665,0,118;8,4,0.5015,3,211;6,0,0.6455,0,249;8,4,0.1235,0,42;3,3,0.4335,0,249;0,2,0.2655,0,125
ood_compose_regime-01420	5	2	2	151,110,4,212,10,21,112,141,161,136,39,156,74,99,124,160,93,90,83,68,185,61,147,52,192,211,165,28,117,45,186,69,133,191,41,16	3,0,0.0905,0,224;3,5,0.2295,0,214;3,3,0.8465,0,16;1,1,0.5445,0,10;2,4,0.0115,0,98;3,3,0.1865,0,93
ood_compose_regime-01421	5	2	0	199,2,192,88,212,76,98,170,69,44,31,45,176,203,87,93,172,67,113,117,35,209,147,183,149,184,124,137,19,135,55,21,141,110,62,13	1,3,0.6735,0,232;6,1,0.8355,0,91;6,4,0.7375,0,114;3,5,0.1625,0,216;1,4,0.3235,0,26;3,5,0.3185,0,54
ood_compose_regime-01422	1	2	0	156,65,189,63,123,117,38,182,18,114,147,75,159,201,69,135,153,91,82,43,110,4,93,141,192,45,97,165,21,30,140,149,15,186,57,192	3,5,0.4705,0,224;5,4,0.7375,0,133;8,5,0.2245,0,222;2,0,0.7675,0,211;0,4,0.5215,0,53;2,5,0.9535,0,19
ood_compose_regime-01423	1	2	0	42,168,197,166,93,38,141,149,45,140,102,188,92,176,130,69,154,75,110,68,28,123,59,10,24,147,114,155,117,87,199,178,51,18,179,9	8,0,0.4245,3,77;3,4,0.5335,0,229;2,1,0.9385,0,156;2,5,0.9585,0,54;5,4,0.5455,0,39;2,0,0.9915,0,44
ood_compose_regime-01424	1	2	0	215,21,16,163,106,43,113,117,87,141,207,204,197,61,186,124,190,45,159,187,136,135,94,27,195,14,147,100,3,80,91,52,69,64,34,149	2,4,0.0965,0,231;2,0,0.7125,0,250;3,3,0.0125,0,245;7,5,0.6385,1,138;3,0,0.3265,0,83;3,5,0.1295,0,215
ood_compose_regime-01425	10	2	1	198,52,69,157,186,114,65,93,14,150,16,118,141,4,83,162,60,89,37,140,147,45,186,160,77,153,21,99,125,41,199,133,176,190,28,111	3,4,0.1995,0,201;3,3,0.3575,0,226;3,2,0.2585,0,30;4,1,0.2085,0,57;2,5,0.4275,1,156;4,3,0.9165,0,148
ood_compose_regime-01426	2	2	1	103,21,177,203,11,195,135,90,20,69,129,9,43,82,117,65,52,81,154,152,115,196,106,158,136,196,141,150,33,93,190,45,174,147,35,60	8,1,0.9915,0,222;8,1,0.7655,0,219;3,2,0.2975,0,65;8,0,0.5465,0,209;6,0,0.7635,0,209;8,5,0.1225,0,80
ood_compose_regime-01427	5	2	2	180,15,3,45,171,95,169,203,58,107,21,75,140,64,114,56,69,117,124,177,158,86,135,28,212,179,190,102,90,38,44,147,204,151,141,19	2,5,0.6805,0,79;3,4,0.9385,0,49;7,0,0.0835,0,111;2,4,0.5005,2,12;5,1,0.5185,0,123;3,5,0.8865,0,128
ood_compose_regime-01428	7	2	2	21,26,154,112,60,14,124,76,40,162,133,89,162,142,204,200,105,84,118,45,177,151,138,110,210,173,93,64,19,199,2,177,72,38,52,147	1,4,0.6905,0,220;1,4,0.0145,0,57;3,2,0.1185,3,121;3,2,0.3395,0,225;8,4,0.0865,1,102;3,3,0.4085,1,11
ood_compose_regime-01429	5	2	2	177,28,151,95,41,82,135,45,69,183,166,161,117,36,68,139,178,195,21,111,19,11,100,6,91,141,147,80,206,59,125,56,163,163,114,169	5,1,0.7395,0,21;3,2,0.2845,0,38;7,1,0.8185,0,17;7,0,0.6635,2,56;3,5,0.5695,0,95;4,5,0.7935,0,146
ood_compose_regime-01430	5	2	0	89,214,176,130,207,21,53,39,125,196,214,76,120,93,13,86,40,59,153,170,173,116,140,4,69,141,111,147,149,45,29,100,176,207,17,65	3,3,0.2815,0,102;4,5,0.1165,0,39;4,1,0.2875,0,255;3,4,0.2125,0,86;3,5,0.8085,3,239;4,0,0.9585,0,122
ood_compose_regime-01431	5	2	0	95,20,4,147,52,192,182,92,155,141,108,117,203,112,28,160,198,100,199,155,12,39,137,87,65,76,134,208,204,149,21,45,61,123,69,44	3,2,0.9985,0,233;3,5,0.9765,0,210;3,3,0.3345,0,67;3,5,0.9185,2,240;3,2,0.0645,0,108;2,4,0.3055,0,13
ood_compose_regime-01432	5	2	2	54,14,158,151,117,61,162,89,99,45,4,85,214,124,72,157,40,35,172,64,189,135,94,76,139,21,113,162,197,111,147,141,26,164,205,17	3,4,0.2385,0,69;1,1,0.0245,0,226;5,3,0.1095,3,204;3,3,0.2725,1,58;2,5,0.3555,0,140;3,5,0.6255,0,111
ood_compose_regime-01433	5	2	2	124,62,52,160,116,117,84,20,68,189,164,208,21,177,151,27,134,48,108,194,38,147,75,100,191,159,10,202,89,144,69,138,4,41,94,195	3,0,0.9025,0,199;2,4,0.2245,3,237;3,4,0.9755,0,71;2,2,0.3845,1,37;3,2,0.9535,0,86;3,4,0.5205,3,85
ood_compose_regime-01434	5	2	0	147,172,20,138,174,13,121,84,115,54,69,110,93,33,171,187,100,164,64,48,183,141,149,60,91,8,130,188,117,35,44,76,164,199,22,152	7,3,0.8105,1,199;8,1,0.9865,3,174;5,2,0.0745,0,162;3,2,0.6925,0,59;3,4,0.6515,0,202;0,0,0.5025,0,174
ood_compose_regime-01435	2	2	0	114,93,134,28,45,68,19,105,183,81,36,157,62,84,149,117,147,215,42,129,208,139,10,106,4,196,169,88,207,72,142,215,165,51,21,211	3,0,0.6085,0,238;3,2,0.4915,0,178;2,4,0.9645,3,49;8,2,0.1085,0,229;8,0,0.5325,0,127;8,4,0.6755,1,136
ood_compose_regime-01436	5	2	1	186,53,198,164,168,167,117,82,141,4,121,211,136,170,81,185,93,147,110,64,45,20,40,198,29,36,90,69,115,150,61,133,100,21,174,15	3,5,0.9725,0,179;4,2,0.0875,0,0;4,3,0.0695,0,120;8,0,0.5945,0,132;3,4,0.6315,0,82;0,3,0.1205,0,161
ood_compose_regime-01437	1	2	0	138,162,197,15,63,75,69,212,171,112,166,23,199,67,119,104,178,110,155,149,130,39,45,176,18,147,82,2,93,88,29,51,185,124,43,141	1,5,0.4235,2,45;4,5,0.6745,0,159;2,5,0.6175,0,20;2,0,0.1335,0,247;7,4,0.1715,2,160;3,0,0.4535,0,55
ood_compose_regime-01438	2	2	0	13,70,124,66,45,115,207,160,212,20,139,117,23,107,184,211,37,141,163,30,88,214,78,93,40,54,130,6,206,59,85,149,147,186,102,178	5,3,0.8205,2,161;5,3,0.1335,0,16;5,1,0.5355,1,82;5,3,0.0545,0,188;5,1,0.6625,0,164;3,0,0.7375,0,111
ood_compose_regime-01439	1	2	1	189,47,99,3,58,150,76,91,141,172,147,139,52,21,93,37,123,69,134,163,32,192,44,176,85,113,200,12,195,164,64,173,111,117,18,171	2,2,0.5275,0,157;7,3,0.9015,2,70;3,0,0.0275,0,31;3,3,0.7375,0,78;2,5,0.3765,0,117;2,4,0.7695,0,121
ood_compose_regime-01440	5	2	2	93,99,28,211,15,111,52,21,44,204,58,135,68,70,115,117,80,166,137,147,168,205,151,152,182,86,141,208,18,5,45,195,39,90,198,124	4,5,0.4315,0,120;3,5,0.9275,0,211;3,0,0.8745,1,202;7,4,0.4085,0,116;2,5,0.6925,0,16;3,5,0.3695,0,119
ood_compose_regime-01441	5	2	2	190,155,108,147,43,154,76,93,183,123,158,20,69,200,112,60,215,4,117,199,151,34,132,141,28,14,100,87,21,183,66,51,45,89,185,137	3,4,0.9285,0,110;3,0,0.6045,0,131;2,2,0.4275,0,96;3,5,0.2135,0,43;3,2,0.1435,0,238;2,2,0.3285,0,40
ood_compose_regime-01442	9	2	1	141,200,139,21,150,194,167,188,53,69,17,154,147,59,67,133,117,192,122,4,113,175,161,28,39,111,91,45,82,95,14,201,76,208,104,40	3,4,0.2755,0,29;3,5,0.1475,0,203;4,1,0.7435,0,146;3,0,0.7835,2,25;7,5,0.3595,0,220;1,3,0.6925,0,11
ood_compose_regime-01443	6	2	2	4,42,113,205,181,69,126,93,101,84,65,135,147,109,92,195,172,168,73,158,29,151,117,155,141,198,45,15,49,35,200,21,18,139,60,192	3,5,0.4995,0,82;4,1,0.5385,0,38;0,2,0.2565,0,26;0,2,0.9135,0,184;4,3,0.2005,0,164;5,5,0.7195,0,49
ood_compose_regime-01444	5	2	1	147,104,13,69,176,156,91,198,66,107,80,93,117,141,128,38,4,152,179,27,150,130,191,138,112,86,192,173,59,45,44,20,56,177,158,21	3,3,0.8045,0,13;2,4,0.9975,0,142;7,1,0.4615,0,209;7,4,0.6715,0,207;7,1,0.1015,0,249;7,0,0.4635,0,209
ood_compose_regime-01445	7	2	2	135,147,53,26,141,17,183,174,39,45,10,43,168,201,165,122,87,108,21,100,69,76,138,88,116,197,117,95,154,174,151,61,171,67,172,2	1,0,0.3565,0,134;1,5,0.7455,0,93;4,3,0.6775,0,163;3,5,0.1715,2,99;3,2,0.8305,0,111;1,5,0.4095,0,32
ood_compose_regime-01446	1	2	0	28,3,126,113,186,21,165,10,49,173,111,69,42,149,61,75,141,100,117,34,208,93,203,48,188,156,139,91,66,187,86,147,20,169,181,132	2,0,0.8305,0,47;3,0,0.5745,3,129;0,3,0.5295,0,108;2,4,0.6885,0,181;3,5,0.2045,0,7;5,2,0.6215,0,14
ood_compose_regime-01447	5	2	2	133,180,75,195,110,116,214,28,60,208,124,164,17,82,151,140,21,91,177,46,12,65,38,9,118,72,96,42,184,57,171,103,141,179,147,170	8,2,0.3325,0,158;3,4,0.5555,1,180;8,2,0.2925,3,76;2,0,0.7635,3,162;6,4,0.8895,1,124;3,3,0.8235,0,31
ood_compose_regime-01448	1	2	2	108,206,3,201,178,199,49,73,20,27,197,83,182,137,210,69,65,132,91,211,100,151,42,22,93,117,176,39,113,45,141,60,147,121,183,14	2,4,0.8775,1,60;2,5,0.5965,0,46;0,2,0.3825,0,125;0,1,0.7395,0,33;3,2,0.2215,0,101;0,2,0.2865,0,101
ood_compose_regime-01449	1	2	0	162,21,69,147,205,38,68,141,153,93,51,18,123,27,131,99,113,46,149,4,192,207,159,63,40,90,83,192,176,200,117,14,136,75,156,108	3,4,0.5565,0,217;2,4,0.1895,1,103;2,5,0.8825,0,139;2,1,0.5325,0,233;2,2,0.3405,0,113;2,1,0.1635,0,1
ood_compose_regime-01450	7	2	0	147,47,159,88,13,203,149,66,117,93,122,141,108,185,99,155,43,193,140,69,25,53,152,35,158,135,4,58,75,82,18,189,21,153,113,171	3,3,0.4715,0,18;0,1,0.6525,2,31;4,0,0.4345,0,248;2,0,0.1735,0,119;2,2,0.3025,0,148;1,5,0.8175,0,237
ood_compose_regime-01451	5	2	0	100,209,117,10,86,192,68,21,34,204,89,147,106,176,141,19,177,173,51,45,59,179,78,114,149,8,28,187,133,127,72,155,44,205,93,137	7,0,0.7305,0,69;3,0,0.8675,0,124;2,1,0.9155,3,214;5,4,0.2875,0,250;3,0,0.4365,0,20;6,3,0.2595,0,221
ood_compose_regime-01452	5	2	2	111,122,12,210,80,69,187,55,135,91,206,100,147,93,194,83,181,34,40,179,151,190,163,152,21,136,112,141,19,62,4,45,171,68,28,117	3,2,0.7715,0,134;3,0,0.1015,0,199;6,4,0.9795,0,95;7,1,0.7655,0,61;3,5,0.0295,0,108;1,5,0.0905,0,139
ood_compose_regime-01453	5	2	1	164,155,138,100,46,167,42,160,124,150,165,161,194,184,147,22,109,76,141,4,33,18,71,113,34,206,50,93,120,63,90,85,207,10,135,64	3,0,0.5205,1,99;8,0,0.4825,1,74;1,5,0.1465,2,78;3,3,0.4995,0,59;3,3,0.2445,3,243;3,5,0.4515,0,146
ood_compose_regime-01454	5	2	2	69,20,82,131,65,172,191,151,182,43,8,202,147,181,191,63,117,23,45,28,214,14,172,116,96,88,141,106,139,104,209,123,53,172,39,76	7,4,0.9555,2,184;3,5,0.7895,0,183;4,5,0.2705,0,241;3,0,0.1385,3,163;7,0,0.8875,0,228;2,1,0.6795,0,98
ood_compose_regime-01455	2	2	0	1,21,117,201,100,147,34,192,156,113,122,88,69,141,196,87,139,28,184,40,76,93,67,45,197,11,212,149,209,60,57,171,179,20,134,109	0,1,0.8595,0,53;3,0,0.1845,0,182;8,2,0.7715,0,209;3,5,0.1685,0,195;3,3,0.2925,0,92;1,4,0.7285,0,166
ood_compose_regime-01456	5	2	1	43,73,28,147,116,21,72,172,210,199,11,192,117,90,204,161,64,99,199,85,150,133,160,16,165,45,93,107,56,184,139,141,6,124,62,39	5,1,0.0225,0,126;3,5,0.6125,0,50;7,4,0.1505,3,201;0,3,0.5315,0,21;2,1,0.9145,0,140;3,3,0.7075,0,123
ood_compose_regime-01457	1	2	0	130,195,73,207,65,141,34,128,113,147,1,183,17,152,88,42,110,51,45,188,10,149,136,63,195,84,28,23,69,158,98,214,157,118,95,182	0,0,0.3555,2,11;3,0,0.5035,0,80;2,5,0.2755,0,154;0,2,0.0405,2,143;1,4,0.3985,1,151;7,0,0.1165,0,59
ood_compose_regime-01458	2	2	2	176,34,131,59,45,19,200,114,152,118,91,93,190,172,193,21,160,53,81,151,109,176,44,12,125,101,202,136,147,1,67,82,69,209,143,28	0,2,0.7075,0,217;3,0,0.8045,0,74;4,1,0.7465,0,159;8,0,0.7965,0,78;4,3,0.4455,1,152;4,1,0.0275,2,193
ood_compose_regime-01459	5	2	1	212,68,193,69,135,30,19,192,45,174,190,191,82,117,9,52,194,138,38,23,165,210,109,142,147,190,112,41,60,15,150,76,94,92,123,100	8,5,0.7695,2,83;5,4,0.2645,0,17;3,2,0.8285,0,205;3,0,0.9685,1,69;3,3,0.0275,0,154;2,5,0.4705,1,104
ood_compose_regime-01460	5	2	2	91,205,31,124,20,93,117,215,205,61,86,42,4,21,45,151,171,189,214,14,186,52,106,196,147,112,141,37,80,133,69,164,100,64,182,139	3,4,0.9475,0,49;6,3,0.5065,0,253;3,3,0.0215,0,150;7,4,0.7135,0,224;3,0,0.0955,0,12;3,3,0.6085,0,41
ood_compose_regime-01461	5	2	2	69,87,123,13,92,160,19,137,213,212,52,147,112,169,62,199,45,151,93,31,214,167,195,34,106,21,208,66,103,40,1,130,76,117,179,141	0,3,0.7455,0,162;6,0,0.1255,0,117;3,4,0.5855,0,81;3,5,0.8565,0,20;6,0,0.0555,0,169;2,0,0.2475,0,1
ood_compose_regime-01462	5	2	1	42,173,199,134,191,51,200,10,147,68,214,46,103,113,179,71,127,31,154,84,38,18,63,22,3,89,141,168,93,76,196,106,150,117,140,199	2,0,0.4195,1,167;6,4,0.5915,1,195;2,5,0.9095,2,8;3,2,0.3175,0,77;6,0,0.3125,0,250;6,4,0.9135,0,39
ood_compose_regime-01463	10	2	0	21,30,45,62,141,147,199,15,117,38,54,168,76,155,209,115,204,149,69,17,68,163,43,129,200,153,109,93,6,91,135,169,101,161,86,139	5,5,0.2425,0,21;5,4,0.7935,0,180;5,4,0.8875,0,190;3,4,0.7075,0,193;4,3,0.7045,0,239;8,5,0.7985,0,5
ood_compose_regime-01464	2	2	1	20,43,175,12,206,115,29,96,35,69,211,56,108,22,61,45,147,212,187,206,79,139,180,130,184,213,150,125,100,4,142,86,88,65,117,166	3,2,0.9685,1,207;4,1,0.7105,0,131;7,3,0.3165,0,208;6,4,0.1335,3,20;3,2,0.6635,0,193;4,0,0.7165,1,124
ood_compose_regime-01465	2	2	1	161,183,93,124,60,89,54,117,113,18,69,25,43,34,150,48,170,178,12,141,201,130,4,68,76,198,178,103,82,106,137,179,152,147,24,192	3,2,0.5925,3,127;0,0,0.6715,3,130;5,2,0.8745,0,224;3,0,0.3145,0,192;6,0,0.3585,0,132;3,0,0.2195,0,142
ood_compose_regime-01466	8	2	1	83,124,170,78,114,30,60,166,93,54,107,68,201,16,169,170,37,6,90,163,102,158,201,140,117,211,150,141,44,130,15,21,45,195,69,147	5,5,0.1205,0,152;5,3,0.8735,0,208;5,2,0.9835,0,221;5,1,0.5445,0,160;5,1,0.5105,0,35;3,0,0.9715,0,111
ood_compose_regime-01467	5	2	1	52,177,104,87,36,201,17,173,90,124,42,143,69,21,93,194,117,12,114,28,172,4,202,130,155,76,66,150,153,195,147,139,111,61,45,187	3,2,0.2685,0,109;3,2,0.5985,0,95;3,3,0.5135,0,107;3,5,0.4365,0,11;7,5,0.5025,0,141;3,0,0.7555,2,236
ood_compose_regime-01468	5	2	0	69,185,21,189,130,67,12,193,147,18,35,92,104,110,93,112,54,40,175,124,149,5,31,117,140,173,184,86,61,45,214,185,141,197,76,165	4,2,0.5305,0,123;6,1,0.0015,0,80;5,3,0.7375,0,30;3,4,0.8705,0,0;7,4,0.0025,0,28;3,0,0.8005,0,254
ood_compose_regime-01469	5	2	2	202,89,123,190,4,138,45,100,17,80,147,192,116,170,185,83,176,117,141,191,14,58,180,110,66,93,131,21,35,151,43,32,69,56,188,185	3,4,0.2235,0,7;7,1,0.6105,0,255;7,0,0.5425,0,193;7,1,0.3665,0,134;3,4,0.8195,0,132;2,1,0.5645,0,108
ood_compose_regime-01470	2	2	2	117,11,19,181,23,141,89,58,184,2,173,151,132,45,195,113,84,129,147,212,107,192,28,184,213,37,70,40,97,76,66,157,205,140,49,93	1,1,0.6755,2,241;3,3,0.0255,0,155;0,0,0.4425,1,6;3,2,0.2055,0,213;0,1,0.2995,0,131;8,2,0.8725,0,182
ood_compose_regime-01471	2	2	2	11,52,41,97,151,117,88,190,107,34,140,65,130,21,93,155,165,196,69,45,115,124,186,17,80,63,142,181,6,82,25,147,186,179,154,163	5,1,0.2145,0,48;0,0,0.2065,0,157;3,5,0.3145,0,59;7,0,0.0515,0,217;0,1,0.7555,0,100;3,0,0.9015,1,74
ood_compose_regime-01472	2	2	1	65,147,155,14,191,3,171,185,97,141,21,92,138,207,167,106,153,134,153,41,84,81,200,124,17,33,70,117,34,116,150,45,62,181,51,93	2,4,0.3755,0,219;8,0,0.3135,0,59;2,4,0.3055,1,55;8,2,0.8895,0,92;0,0,0.9515,0,221;3,4,0.4735,0,194
ood_compose_regime-01473	10	2	2	28,11,93,19,65,132,141,9,69,87,186,108,205,168,58,119,147,163,88,81,129,151,21,41,159,45,180,114,160,57,154,38,138,97,204,169	8,1,0.7625,0,191;3,4,0.2445,0,169;8,0,0.2575,0,50;8,5,0.1765,0,40;0,2,0.4835,2,233;8,2,0.4115,0,226
ood_compose_regime-01474	2	2	2	59,36,200,126,201,180,28,5,69,155,44,199,138,57,141,84,64,23,147,215,197,101,131,203,151,45,168,13,77,93,190,16,90,117,115,108	4,3,0.1905,2,176;3,2,0.9995,0,241;8,1,0.0885,0,243;4,2,0.4615,0,188;4,2,0.6175,0,37;5,1,0.4445,0,229
ood_compose_regime-01475	2	2	2	40,163,179,132,20,9,45,52,141,109,183,69,174,119,82,88,14,93,113,206,33,140,38,60,23,151,164,162,200,147,76,209,103,208,129,66	8,4,0.8845,2,103;8,4,0.1975,0,27;3,2,0.4335,0,172;3,0,0.1365,0,178;6,3,0.3365,2,58;8,2,0.8415,0,34
ood_compose_regime-01476	5	2	1	130,16,69,40,45,203,64,153,193,117,21,171,210,39,111,212,28,114,124,52,89,79,158,93,1,150,147,61,14,141,165,165,175,84,136,100	0,4,0.1215,0,32;3,5,0.0425,0,177;3,3,0.1485,0,64;6,2,0.2595,0,17;3,5,0.5695,0,74;3,0,0.0425,0,64
ood_compose_regime-01477	8	2	2	187,39,125,30,21,89,173,188,18,196,113,214,147,43,208,175,151,188,82,175,109,102,141,58,211,45,117,139,11,51,69,133,67,93,76,6	5,1,0.4665,0,106;5,5,0.7815,0,48;2,0,0.6185,0,21;3,0,0.2435,0,44;5,3,0.3765,0,110;4,3,0.6375,0,209
ood_compose_regime-01478	5	2	2	199,13,7,180,151,209,41,179,62,147,159,21,135,86,46,170,171,113,66,52,141,38,17,136,128,108,76,93,213,204,28,117,186,69,99,88	6,3,0.3065,0,220;3,4,0.2345,1,166;3,4,0.4055,0,205;3,4,0.1295,0,82;2,2,0.2205,0,58;7,5,0.1345,0,110
ood_compose_regime-01479	5	2	2	163,151,156,190,7,212,52,87,141,184,89,177,40,100,177,18,68,147,199,60,109,28,45,178,133,69,93,114,21,122,136,37,117,215,75,11	6,1,0.5395,0,212;3,3,0.0445,0,2;3,2,0.8915,0,220;2,5,0.2175,0,175;3,3,0.4385,0,17;1,3,0.0125,0,168
ood_compose_regime-01480	10	2	2	180,65,4,179,81,116,22,15,165,93,203,164,52,154,87,61,120,69,156,107,98,34,167,41,142,19,147,163,160,47,137,125,151,135,28,90	3,5,0.6695,1,81;3,0,0.3675,2,235;3,3,0.2395,0,20;8,5,0.4065,0,106;1,1,0.8595,3,26;4,5,0.3595,1,74
ood_compose_regime-01481	7	2	1	28,156,162,93,13,121,69,197,21,157,113,92,147,166,204,2,104,78,19,58,160,45,150,215,65,109,137,141,182,52,118,39,201,86,40,133	1,3,0.7585,0,192;3,5,0.0665,0,156;3,0,0.2795,0,236;5,4,0.8265,0,196;7,3,0.3095,1,212;0,3,0.3205,0,76
ood_compose_regime-01482	8	2	1	214,176,69,124,116,181,54,97,41,142,176,45,186,107,20,150,83,35,66,170,4,201,191,147,130,92,95,193,117,32,63,14,75,21,138,169	3,4,0.9465,0,43;7,1,0.3735,0,31;5,5,0.5315,0,70;2,1,0.9715,2,46;0,1,0.8795,0,92;3,0,0.4155,1,70
ood_compose_regime-01483	10	2	1	156,16,141,203,150,83,69,210,147,117,46,114,132,28,129,164,65,15,93,162,60,189,140,42,193,101,36,91,52,109,185,80,183,4,177,21	3,5,0.1315,0,124;3,2,0.4365,1,118;3,2,0.3795,0,227;7,1,0.6515,0,90;4,3,0.5235,0,242;8,2,0.9435,0,72
ood_compose_regime-01484	10	2	2	18,130,168,106,69,176,88,112,98,38,59,179,9,184,163,141,64,76,14,180,27,124,194,189,21,93,45,137,40,118,56,82,151,147,174,190	8,4,0.5415,0,110;2,4,0.1625,0,39;7,1,0.0705,0,104;3,0,0.0105,0,155;1,0,0.1565,1,126;3,0,0.3375,0,193
ood_compose_regime-01485	5	2	2	21,35,45,152,117,156,176,213,151,85,69,186,88,147,124,19,186,114,200,52,94,64,139,41,76,141,204,1,133,202,25,61,13,100,154,110	0,3,0.7725,0,235;0,1,0.2765,0,86;3,3,0.0065,0,227;3,3,0.1835,1,240;3,4,0.4065,0,52;3,3,0.6205,0,176
ood_compose_regime-01486	9	2	0	78,68,63,41,205,128,176,208,179,205,205,149,106,56,137,93,112,190,206,89,45,38,4,13,104,147,31,167,117,83,143,69,131,183,21,18	3,3,0.4995,0,176;6,4,0.2875,0,246;7,5,0.9035,0,94;5,1,0.3225,0,93;7,0,0.1235,0,64;7,1,0.2375,2,171
ood_compose_regime-01487	5	2	0	93,21,46,169,197,12,44,100,141,117,69,4,159,190,38,60,52,16,28,133,149,113,147,108,90,76,160,139,87,194,213,124,154,198,65,209	3,2,0.0315,0,61;3,4,0.9465,1,54;3,2,0.3335,0,54;3,5,0.4245,0,126;3,2,0.2605,0,236;3,3,0.7915,0,210
ood_compose_regime-01488	8	2	1	129,177,21,198,117,4,36,27,134,190,52,82,115,162,76,188,109,102,140,150,17,69,147,168,65,185,93,10,191,206,89,154,142,45,62,41	3,0,0.2965,0,200;2,2,0.3505,0,182;3,4,0.2275,0,115;3,0,0.3585,0,39;5,3,0.6585,0,184;8,4,0.8665,1,129
ood_compose_regime-01489	5	2	1	7,66,76,164,191,44,215,215,58,209,90,150,147,136,117,123,141,69,185,214,106,113,190,45,28,135,38,21,94,87,105,172,166,16,52,13	6,3,0.1055,0,26;3,4,0.9955,0,124;3,0,0.5205,0,247;3,5,0.5075,1,31;8,0,0.2685,0,44;2,5,0.0905,0,98
ood_compose_regime-01490	9	2	2	141,83,128,57,196,151,100,70,164,147,204,108,63,21,68,37,135,80,10,93,198,170,44,117,114,186,136,4,20,189,192,170,176,45,32,91	3,0,0.9605,0,127;7,3,0.8455,0,122;8,5,0.9805,1,43;7,1,0.7695,0,249;3,2,0.4075,0,194;7,5,0.0775,0,30
ood_compose_regime-01491	6	2	0	64,21,185,71,28,76,155,157,147,138,149,167,100,175,157,82,132,112,1,19,45,13,59,168,117,106,49,190,44,96,186,141,34,129,90,160	0,3,0.6495,0,128;3,0,0.8435,0,54;0,1,0.0225,2,111;3,0,0.5455,3,38;3,0,0.0095,0,247;8,2,0.5175,0,13
ood_compose_regime-01492	5	2	0	11,61,89,134,76,158,45,42,149,117,66,5,103,37,72,212,147,93,28,20,194,136,115,49,158,192,165,121,193,204,165,87,21,110,142,200	4,1,0.9075,0,254;3,3,0.4825,0,154;0,3,0.5335,3,140;3,5,0.2675,0,12;6,4,0.6315,0,239;0,4,0.1385,1,198
ood_compose_regime-01493	5	2	0	149,164,135,69,210,204,75,164,28,147,13,45,213,87,206,113,17,192,124,111,144,65,93,43,39,8,211,61,161,21,139,90,100,117,176,56	7,3,0.3585,0,29;3,5,0.7425,0,140;7,3,0.3315,0,51;2,5,0.4585,0,253;3,5,0.3075,0,238;3,5,0.7915,3,116
ood_compose_regime-01494	5	2	1	69,33,189,110,157,182,54,91,141,139,206,76,150,210,175,15,102,152,147,35,120,164,48,16,124,134,183,181,4,40,67,62,87,21,112,93	3,5,0.1205,0,221;8,1,0.0235,3,69;5,4,0.6405,0,122;3,5,0.7235,0,60;5,4,0.1195,3,141;3,4,0.6095,0,87
ood_compose_regime-01495	10	2	1	130,147,66,136,38,77,158,21,92,182,43,32,181,193,160,4,193,107,20,125,45,10,59,53,150,114,197,206,177,141,191,70,117,105,87,93	3,0,0.9865,0,198;7,4,0.6755,0,96;4,1,0.4315,1,111;4,5,0.8075,0,60;8,1,0.5755,0,87;4,0,0.1555,0,16
ood_compose_regime-01496	8	2	1	99,69,43,177,22,150,154,131,147,136,79,30,93,128,178,58,7,211,45,119,84,88,52,14,110,20,143,197,211,214,112,36,211,65,200,170	6,4,0.8525,1,13;5,2,0.7685,0,19;3,0,0.2885,0,168;6,2,0.0845,0,28;2,4,0.1425,2,175;7,1,0.1875,2,125
ood_compose_regime-01497	9	2	0	89,45,193,2,160,104,21,93,169,147,10,117,178,124,214,68,180,115,36,141,130,140,81,40,20,204,29,149,109,173,207,84,56,69,63,163	1,0,0.8845,0,171;4,2,0.0185,0,14;7,5,0.9025,0,189;8,2,0.2565,0,219;7,3,0.7125,0,114;3,0,0.8435,0,154
ood_compose_regime-01498	1	2	1	169,4,156,86,12,198,147,91,75,111,21,152,27,153,163,117,187,130,67,17,139,201,180,45,38,199,43,93,142,63,99,116,150,69,123,56	3,2,0.2595,0,0;2,4,0.6705,0,45;7,5,0.7555,0,97;2,4,0.7215,0,10;2,5,0.8845,0,185;2,0,0.7945,1,157
ood_compose_regime-01499	5	2	1	64,4,124,189,133,213,200,141,93,110,28,103,92,201,37,147,117,70,176,114,85,58,170,40,136,194,47,80,14,193,52,186,21,20,150,162	3,4,0.8525,0,234;3,3,0.0845,2,51;3,0,0.0315,1,86;7,3,0.9385,0,71;6,4,0.4115,0,226;3,3,0.1395,0,221
ood_compose_regime-01500	5	2	1	141,42,83,153,209,75,165,203,20,153,165,66,147,117,32,96,170,10,113,136,72,110,34,135,154,150,3,122,58,100,21,45,209,91,51,153	2,0,0.8295,0,218;7,0,0.4275,0,27;2,0,0.5615,3,238;2,1,0.6015,3,82;3,4,0.3145,0,224;1,5,0.0165,0,248
ood_compose_regime-01501	7	2	2	212,137,154,157,127,21,61,2,117,211,168,68,34,106,69,156,83,100,156,114,88,201,95,50,46,151,130,77,175,41,13,147,27,190,20,141	1,3,0.9805,0,175;2,0,0.3235,1,131;1,3,0.9595,0,120;4,1,0.1785,2,28;3,0,0.4145,0,115;6,0,0.3305,0,243
ood_compose_regime-01502	5	2	1	63,178,66,130,197,111,87,141,138,45,194,75,90,44,196,194,15,54,214,5,150,100,36,20,23,30,124,113,187,169,117,147,179,71,175,93	4,5,0.8735,2,50;5,2,0.9405,0,70;5,5,0.4945,2,158;2,5,0.5465,0,17;3,5,0.2165,0,161;3,0,0.4005,0,13
ood_compose_regime-01503	5	2	0	45,97,68,130,84,50,93,20,117,147,106,78,161,28,7,137,164,11,71,39,21,205,157,153,62,170,123,89,41,172,149,181,141,179,116,160	6,1,0.9095,0,17;3,5,0.3855,0,15;1,4,0.9215,2,57;5,2,0.2005,0,94;0,0,0.8005,0,170;2,0,0.2915,0,218
ood_compose_regime-01504	5	2	2	3,117,200,21,65,59,210,159,43,93,81,51,193,107,177,69,31,162,15,155,134,180,124,151,115,141,138,91,36,45,170,147,215,97,84,18	2,5,0.5415,0,182;6,2,0.7495,0,70;2,1,0.3575,0,154;8,2,0.7665,0,79;0,1,0.6235,0,18;3,4,0.4105,0,230
ood_compose_regime-01505	10	2	0	191,69,125,53,147,200,34,191,12,45,92,115,138,189,206,67,73,4,141,110,61,135,93,21,28,119,83,97,208,177,154,166,17,149,197,44	3,2,0.3115,0,51;3,0,0.8245,0,230;4,3,0.6365,0,21;0,1,0.8715,0,225;0,4,0.7225,2,164;4,5,0.5225,0,124
ood_compose_regime-01506	5	2	2	95,21,201,12,131,214,28,138,67,184,196,84,141,178,7,59,79,205,56,208,117,166,205,103,114,108,43,89,147,190,20,45,69,125,38,151	6,2,0.8945,0,110;3,4,0.7325,0,142;7,1,0.7535,0,72;6,2,0.3895,2,68;6,2,0.5375,0,3;4,1,0.4035,0,215
ood_compose_regime-01507	5	2	2	110,12,69,98,20,169,123,52,137,205,178,31,48,76,93,116,67,176,61,43,82,189,195,4,141,132,117,181,147,191,190,89,151,22,37,190	3,2,0.9495,1,238;6,3,0.7765,3,168;3,3,0.6225,0,245;3,0,0.3345,0,210;1,4,0.9075,0,45;2,2,0.3555,0,111
ood_compose_regime-01508	5	2	2	85,49,34,141,28,107,211,210,164,45,160,11,9,76,182,174,124,65,163,21,58,180,138,69,208,97,115,179,93,41,147,151,92,117,19,135	8,1,0.6025,0,218;3,0,0.3465,0,22;0,0,0.2215,0,220;3,3,0.8665,0,10;0,1,0.6245,0,79;3,5,0.5595,0,161
ood_compose_regime-01509	1	2	0	205,57,209,113,117,45,206,21,211,63,10,138,192,27,4,173,106,81,39,147,130,122,43,101,173,191,192,183,69,89,149,68,96,87,141,19	3,0,0.6695,0,131;2,5,0.7985,0,4;8,5,0.9125,0,125;8,5,0.3555,3,226;4,0,0.2745,0,137;1,0,0.5625,0,127
ood_compose_regime-01510	5	2	1	93,152,167,102,62,206,42,172,45,21,10,163,147,132,150,141,119,1,78,203,200,200,33,83,137,39,17,109,69,127,115,168,68,90,52,167	0,0,0.3045,0,185;8,5,0.4945,0,101;3,4,0.9795,0,216;5,1,0.5925,0,88;5,3,0.6415,2,245;6,2,0.2395,0,236
ood_compose_regime-01511	2	2	0	192,48,116,84,6,172,35,168,131,52,202,120,43,100,126,20,149,62,69,64,179,76,12,142,140,30,195,21,180,147,158,158,93,110,90,214	5,2,0.9135,0,76;5,1,0.6095,3,153;3,4,0.0805,0,126;3,2,0.4245,0,64;3,4,0.9995,3,149;5,1,0.8835,1,54
ood_compose_regime-01512	5	2	0	200,21,153,115,185,76,103,91,59,157,177,45,14,176,93,51,118,144,34,179,147,160,65,186,204,140,107,131,69,149,3,42,17,123,26,87	2,4,0.3265,0,25;1,0,0.4465,0,236;2,1,0.2485,0,90;3,5,0.6915,0,198;6,1,0.6985,1,107;2,1,0.9245,3,56
ood_compose_regime-01513	5	2	2	134,34,124,195,45,209,21,61,138,4,203,12,92,147,28,172,142,117,76,197,106,20,167,43,69,52,188,85,211,151,93,213,154,113,105,64	3,2,0.9795,0,144;3,0,0.6235,0,121;3,3,0.0595,0,82;3,3,0.9555,0,115;8,0,0.2965,0,216;3,4,0.4035,1,164
ood_compose_regime-01514	5	2	1	188,189,62,107,69,202,82,35,150,138,185,4,79,117,143,92,152,124,93,104,207,147,204,130,20,207,21,31,68,14,45,212,112,198,44,56	3,4,0.8605,0,183;6,1,0.8265,0,139;7,4,0.8745,0,208;6,0,0.8505,0,47;7,1,0.1275,0,193;3,0,0.5395,2,35
ood_compose_regime-01515	5	2	0	116,54,15,177,92,194,110,28,45,207,141,170,40,34,86,104,213,149,21,124,182,70,93,196,67,173,4,161,81,133,137,18,59,147,117,173	3,5,0.4305,0,207;3,0,0.0165,0,131;5,1,0.6305,1,136;8,4,0.9235,0,3;7,4,0.8295,0,127;3,3,0.3945,0,223
ood_compose_regime-01516	5	2	2	209,189,160,199,141,21,163,151,193,138,117,97,69,192,147,32,18,157,10,187,213,7,108,82,113,55,60,65,41,92,130,76,45,127,38,93	6,0,0.5925,0,123;7,4,0.3845,0,69;6,2,0.3585,0,220;3,0,0.8615,0,205;0,2,0.2145,0,200;6,0,0.5295,0,18
ood_compose_regime-01517	10	2	2	109,117,51,171,130,214,156,63,209,139,151,123,13,34,64,147,208,93,5,170,18,100,197,171,195,43,47,87,89,29,77,21,211,115,141,69	4,3,0.5735,0,226;4,0,0.6195,2,235;2,5,0.0445,0,64;4,5,0.3805,0,75;3,3,0.6185,0,230;2,0,0.6755,0,110
ood_compose_regime-01518	5	2	1	176,10,171,167,9,92,176,147,188,37,130,47,86,124,93,24,110,99,20,141,162,170,69,55,189,64,137,181,76,117,116,150,32,41,58,152	8,0,0.9455,3,203;7,3,0.3255,2,72;6,0,0.1455,0,44;3,4,0.9775,0,239;2,4,0.8265,0,105;3,0,0.3925,0,54
ood_compose_regime-01519	5	2	0	133,141,147,213,124,117,68,188,69,110,161,184,88,62,18,95,149,4,36,160,12,187,40,182,100,113,138,172,48,31,83,170,205,21,74,52	3,2,0.5595,0,231;6,2,0.1975,3,248;3,4,0.8455,0,33;1,1,0.0925,2,91;3,4,0.3575,0,81;3,3,0.4185,0,118
ood_compose_regime-01520	1	2	0	52,190,89,3,210,21,177,141,160,99,42,168,93,69,137,45,124,132,58,191,75,175,149,34,108,84,114,67,117,20,189,15,147,172,167,32	2,5,0.9235,0,62;7,0,0.4735,0,213;3,0,0.6485,0,23;2,2,0.2895,0,161;2,2,0.5165,0,14;3,2,0.2355,0,5
ood_compose_regime-01521	5	2	0	23,203,45,117,36,85,135,79,42,149,124,69,203,88,66,141,147,16,2,177,194,207,165,102,93,55,163,31,176,11,140,116,157,182,110,60	1,1,0.1955,2,115;6,2,0.5305,0,188;6,2,0.4195,0,82;6,3,0.0915,0,60;5,4,0.8175,0,99;3,5,0.8935,0,42
ood_compose_regime-01522	5	2	0	204,211,181,37,100,140,199,41,69,116,92,132,111,30,3,157,141,10,149,45,117,93,181,147,20,186,213,126,64,207,21,60,51,190,81,87	2,0,0.9175,0,91;5,3,0.2765,0,27;2,2,0.0595,0,63;8,5,0.9225,0,31;3,5,0.9935,0,139;5,2,0.8595,0,133
ood_compose_regime-01523	5	2	1	186,35,124,150,138,147,144,168,10,180,75,26,91,21,100,17,168,72,82,116,3,111,160,50,64,165,43,63,117,45,212,189,94,164,133,160	2,0,0.3025,0,29;1,1,0.6275,0,59;1,5,0.0835,3,45;2,0,0.7785,1,173;3,5,0.8085,0,188;3,3,0.5855,3,100
ood_compose_regime-01524	5	2	2	202,205,175,72,172,93,113,2,97,86,28,45,147,55,124,107,138,38,117,89,21,161,214,170,41,65,60,203,141,207,74,132,151,11,16,162	1,1,0.0045,0,40;3,4,0.3215,0,108;6,2,0.3695,3,112;1,4,0.3945,0,150;0,1,0.3695,0,144;3,2,0.4465,0,12
ood_compose_regime-01525	10	2	1	106,45,150,206,125,69,131,164,117,201,213,204,154,67,42,58,77,52,142,84,97,113,93,19,15,5,34,147,90,21,196,174,25,159,160,136	4,5,0.7265,0,156;0,0,0.5365,0,227;3,0,0.6615,0,100;4,2,0.4335,0,46;0,0,0.3655,0,231;4,1,0.0375,1,178
ood_compose_regime-01526	5	2	1	117,141,207,84,150,94,22,133,109,27,20,186,60,114,69,42,201,2,13,100,34,169,215,147,91,64,209,138,208,205,52,45,161,122,194,76	1,3,0.8645,1,134;2,0,0.4565,0,95;3,2,0.1795,0,239;3,2,0.6045,1,231;3,3,0.5945,0,240;1,3,0.5395,0,78
ood_compose_regime-01527	7	2	1	36,93,122,69,150,169,205,117,105,178,184,44,57,183,64,14,147,86,45,141,153,135,81,4,59,21,168,139,116,17,88,152,167,161,106,33	3,4,0.3815,0,13;8,2,0.9975,0,209;8,1,0.1295,0,231;8,4,0.0875,0,115;8,0,0.9115,0,170;1,5,0.6135,0,85
ood_compose_regime-01528	9	2	2	64,129,45,86,75,15,147,50,174,34,107,97,94,151,189,90,17,209,161,72,41,8,112,202,163,157,21,28,59,190,187,191,140,142,117,130	7,5,0.3365,0,160;3,0,0.2645,0,39;1,1,0.0925,3,110;2,4,0.5705,1,128;0,1,0.1315,0,105;8,0,0.8315,1,95
ood_compose_regime-01529	10	2	2	69,100,139,176,45,127,142,117,152,53,75,108,113,21,63,189,15,130,91,93,154,41,17,173,175,83,68,26,2,189,215,180,147,185,151,38	1,5,0.3595,0,85;1,4,0.2785,0,107;4,5,0.8525,0,238;2,1,0.6535,0,32;3,2,0.2985,0,119;6,0,0.6155,1,0
ood_compose_regime-01530	9	2	1	144,161,100,128,61,69,108,40,197,80,28,68,34,182,150,49,135,198,117,88,20,93,184,169,21,8,147,113,174,168,137,173,47,15,85,214	7,5,0.8725,0,130;3,0,0.0785,2,33;0,3,0.8915,0,202;7,3,0.1495,0,193;3,2,0.3965,0,215;7,5,0.2995,3,122
ood_compose_regime-01531	5	2	0	80,46,210,182,141,69,56,82,124,32,40,194,100,94,149,186,183,90,117,183,18,169,61,147,14,155,132,64,109,202,179,138,21,114,2,34	1,4,0.4955,0,138;7,0,0.1175,1,197;7,3,0.1535,0,198;7,0,0.5635,1,154;3,3,0.4995,0,8;3,2,0.5495,0,125
ood_compose_regime-01532	5	2	1	170,150,141,69,133,24,214,34,147,189,186,93,62,174,12,173,52,87,128,31,45,41,5,115,103,76,158,183,211,120,110,139,91,183,64,18	4,2,0.4985,3,61;6,0,0.2915,0,251;3,4,0.1745,0,239;3,5,0.6615,0,107;6,4,0.6915,3,223;7,3,0.6725,0,90
ood_compose_regime-01533	5	2	2	49,171,179,4,151,87,147,117,76,137,93,43,157,14,130,28,180,17,45,181,60,66,124,72,174,91,189,100,158,112,39,106,21,171,141,177	3,4,0.3345,0,106;3,5,0.6575,0,186;0,2,0.4035,3,63;3,5,0.7095,0,191;3,0,0.1325,0,155;3,0,0.3795,0,126
ood_compose_regime-01534	5	2	1	28,87,74,179,21,150,182,59,11,174,193,191,93,166,118,161,99,69,18,132,123,178,141,111,45,147,50,3,39,66,113,91,196,138,206,43	2,1,0.5585,0,53;3,5,0.6465,0,102;1,1,0.4365,0,158;1,5,0.7305,0,28;2,5,0.3665,1,151;2,2,0.4835,0,209
ood_compose_regime-01535	5	2	2	32,22,175,200,90,79,154,68,130,114,86,46,203,52,16,15,196,138,175,60,213,110,71,141,3,124,198,97,147,117,166,151,35,93,171,44	2,5,0.1365,1,152;7,1,0.8445,1,124;3,2,0.9895,2,79;6,4,0.5705,0,235;0,4,0.4195,0,235;3,0,0.4855,0,189
ood_compose_regime-01536	1	2	2	69,166,197,51,161,45,171,35,40,123,151,117,171,59,192,141,139,6,213,174,82,207,68,147,32,190,106,114,17,13,131,89,76,100,21,93	5,3,0.2685,0,112;7,1,0.1045,0,11;2,1,0.9435,0,243;3,0,0.2725,0,179;3,0,0.5675,0,165;2,1,0.6765,0,13
ood_compose_regime-01537	1	2	1	66,58,204,93,135,36,4,189,194,57,195,147,69,117,41,123,19,193,25,207,82,210,116,91,150,207,10,141,21,110,140,47,167,184,99,76	3,0,0.7215,0,10;0,2,0.2255,2,46;8,0,0.4615,0,177;3,0,0.7275,0,188;2,4,0.8025,0,101;2,5,0.8255,0,181
ood_compose_regime-01538	10	2	2	10,57,178,198,165,198,125,139,133,86,151,141,100,159,9,166,96,117,35,165,147,192,76,114,188,17,60,69,30,40,108,23,170,45,89,66	8,0,0.2155,2,25;5,1,0.0095,0,252;8,2,0.5765,0,109;3,4,0.3665,3,52;3,2,0.5585,0,33;4,3,0.6145,0,74
ood_compose_regime-01539	5	2	0	211,73,38,141,149,114,70,59,28,56,155,189,133,117,97,10,147,196,110,45,126,152,178,22,187,193,68,16,43,188,136,8,95,92,208,85	7,0,0.1555,1,100;3,4,0.7835,0,47;7,1,0.9965,1,255;0,3,0.8765,2,1;0,4,0.4765,0,140;5,3,0.0295,0,169
ood_compose_regime-01540	5	2	2	200,40,180,117,215,63,158,4,81,135,100,91,82,136,126,203,147,30,151,45,177,156,37,181,51,109,72,93,175,65,22,18,15,113,175,141	3,5,0.4845,1,18;5,3,0.0775,0,135;2,5,0.3835,3,222;8,0,0.7645,0,247;3,3,0.3965,0,50;5,5,0.0845,0,113
ood_compose_regime-01541	10	2	2	182,157,77,104,159,155,42,169,87,213,19,69,11,151,35,141,60,32,174,5,21,157,66,48,133,52,205,106,147,117,88,139,184,116,93,125	4,1,0.6775,0,147;7,1,0.5735,3,150;3,2,0.4315,0,165;4,5,0.1095,0,235;7,0,0.9725,0,184;4,3,0.7555,0,95
ood_compose_regime-01542	5	2	1	93,110,170,193,182,131,63,69,27,150,38,52,21,76,141,138,147,19,195,196,100,65,13,46,210,188,117,201,178,123,4,114,201,87,88,41	3,3,0.7385,0,197;2,4,0.3155,1,221;3,5,0.3815,0,130;3,5,0.0265,0,220;3,4,0.4545,0,48;2,1,0.4595,0,121
ood_compose_regime-01543	5	2	0	178,58,52,154,89,133,188,37,44,28,141,125,118,139,149,165,18,115,176,100,69,158,86,13,207,75,180,215,109,147,65,93,45,4,156,23	3,3,0.4685,2,105;3,3,0.8585,0,172;3,0,0.3625,0,127;2,4,0.2535,0,148;3,3,0.6695,1,149;4,3,0.7115,0,21
ood_compose_regime-01544	5	2	0	93,46,208,109,89,210,39,119,165,171,65,14,204,134,141,82,165,42,21,69,127,138,52,20,162,113,147,101,81,179,27,207,9,149,61,201	8,4,0.8275,0,85;2,5,0.5505,1,0;3,3,0.2325,0,46;8,0,0.2655,0,69;4,3,0.2105,2,51;6,4,0.4205,0,134
ood_compose_regime-01545	5	2	1	164,21,52,33,210,178,69,120,88,93,4,147,81,105,184,40,108,150,185,35,129,138,45,84,131,113,181,181,167,199,15,141,190,62,66,19	3,5,0.6175,0,175;8,1,0.1385,0,158;3,4,0.4075,0,187;8,2,0.1395,0,223;8,2,0.2865,3,43;8,1,0.4905,0,114
ood_compose_regime-01546	9	2	0	48,175,89,61,176,147,117,77,190,39,8,213,192,93,135,52,18,192,21,114,152,40,85,141,106,69,128,28,179,104,13,149,156,66,175,137	7,3,0.4045,0,190;3,5,0.1965,3,174;3,3,0.5325,0,167;4,3,0.3065,0,248;7,0,0.5945,0,216;7,5,0.3635,0,85
ood_compose_regime-01547	10	2	0	209,81,147,21,184,111,12,44,52,138,91,67,47,31,125,117,84,69,58,197,141,154,194,114,94,200,131,207,178,101,149,176,16,9,191,38	8,2,0.0635,0,113;6,4,0.8065,2,35;3,0,0.6745,0,185;8,2,0.7735,1,198;4,5,0.5615,0,175;4,1,0.4415,0,156
ood_compose_regime-01548	5	2	2	195,4,124,203,21,41,89,117,203,151,12,61,164,186,66,48,52,141,138,189,200,114,191,35,25,133,73,100,153,84,19,201,69,106,147,93	3,2,0.7665,0,78;0,1,0.2095,3,53;3,3,0.5675,0,66;0,2,0.3885,0,224;3,0,0.4085,0,77;3,3,0.5405,0,147
ood_compose_regime-01549	6	2	0	149,35,156,61,90,49,66,21,73,25,139,214,117,202,1,215,135,83,174,69,147,96,162,41,184,14,100,106,115,45,158,19,214,177,141,122	0,4,0.7095,0,189;0,1,0.2525,0,49;0,3,0.4375,0,123;0,1,0.4985,3,202;3,0,0.6005,0,251;1,5,0.7675,0,219
ood_compose_regime-01550	9	2	2	172,198,147,75,69,58,21,200,141,45,67,212,160,138,95,44,18,32,114,37,92,152,168,84,132,109,51,156,121,151,163,100,117,11,1,205	0,1,0.5555,0,129;7,3,0.9175,0,152;2,0,0.7755,0,19;2,2,0.8615,2,251;3,3,0.5235,0,6;0,2,0.4075,0,204
ood_compose_regime-01551	5	2	0	93,86,149,124,208,201,109,176,140,162,17,28,156,42,39,6,45,168,147,115,205,133,58,166,89,179,119,13,162,74,102,69,68,141,52,21	5,3,0.2035,0,203;3,5,0.5065,0,37;3,0,0.8365,0,95;1,4,0.2995,0,147;5,3,0.7505,2,107;3,3,0.9135,0,196
ood_compose_regime-01552	5	2	1	92,156,107,65,24,83,79,52,39,174,172,28,101,150,117,19,141,62,116,133,11,147,96,121,174,171,69,198,156,41,3,137,165,45,209,164	2,1,0.6115,3,152;3,5,0.3765,0,185;3,4,0.3785,0,231;6,1,0.8245,3,190;4,1,0.8145,0,2;0,3,0.3035,0,28
ood_compose_regime-01553	5	2	1	52,19,176,175,67,143,167,3,106,150,77,30,191,180,117,43,36,82,147,124,208,116,10,89,164,23,140,69,100,182,45,94,212,63,135,199	2,0,0.7745,2,238;5,2,0.6085,0,85;3,5,0.6125,0,78;4,0,0.3585,1,85;3,0,0.9695,0,209;3,5,0.8825,2,136
ood_compose_regime-01554	5	2	1	191,159,158,147,73,19,182,124,46,65,206,141,130,2,208,38,117,42,150,84,69,15,206,91,114,139,111,213,28,165,194,100,21,53,63,95	1,5,0.7285,0,180;3,4,0.4215,1,162;4,5,0.3495,0,51;0,2,0.7125,2,110;3,5,0.4585,0,120;3,0,0.7565,0,142
ood_compose_regime-01555	2	2	0	64,149,179,108,14,116,183,84,213,141,205,46,52,69,93,130,204,90,147,30,213,185,20,201,6,117,138,43,21,124,63,76,36,100,152,197	5,4,0.9535,0,45;5,2,0.6325,1,10;3,5,0.1405,0,140;3,2,0.5825,0,215;3,2,0.9715,0,106;3,0,0.4315,0,152
ood_compose_regime-01556	5	2	2	194,17,93,114,100,168,175,151,79,68,215,62,175,44,69,133,147,117,199,170,31,85,212,37,139,124,4,215,51,141,111,45,159,21,88,10	3,0,0.2685,0,163;6,3,0.8845,0,177;2,4,0.9695,0,249;6,3,0.0975,0,90;3,5,0.4355,0,12;3,3,0.6915,0,46
ood_compose_regime-01557	5	2	1	173,63,141,80,54,153,140,164,201,13,41,82,64,195,113,147,159,21,34,124,171,29,183,18,5,110,45,133,94,69,171,150,212,117,88,104	4,3,0.5525,0,217;4,0,0.2975,0,11;5,5,0.0255,0,243;7,0,0.0105,1,231;7,4,0.2095,0,12;3,3,0.8015,0,72
ood_compose_regime-01558	2	2	1	172,195,3,40,118,141,165,50,124,68,139,32,154,74,111,21,93,100,38,45,20,168,112,157,147,86,185,130,153,150,69,187,10,59,190,88	2,0,0.8195,0,80;7,4,0.0545,0,33;1,1,0.9415,0,203;1,4,0.0955,0,176;3,5,0.0315,1,152;3,0,0.6675,0,121
ood_compose_regime-01559	5	2	2	52,147,141,206,199,126,166,89,63,179,206,44,193,93,68,116,15,158,160,117,86,35,26,108,136,2,102,69,213,135,45,21,189,17,73,151	1,5,0.3075,0,28;1,1,0.9525,0,189;3,5,0.9085,0,174;0,4,0.2415,0,222;5,2,0.9855,0,126;5,5,0.0035,0,106
ood_compose_regime-01560	5	2	2	3,186,76,41,147,202,22,117,163,152,157,10,45,134,123,163,108,137,36,69,16,112,185,64,93,97,91,51,141,86,156,171,27,192,151,58	2,0,0.1405,1,241;2,2,0.2205,0,124;2,0,0.0265,0,250;3,4,0.6575,0,192;0,2,0.1945,0,85;2,4,0.2905,0,211
ood_compose_regime-01561	2	2	0	183,212,100,147,137,86,93,15,162,149,116,88,69,20,117,28,22,183,141,189,60,39,211,48,134,129,41,66,162,190,76,191,49,170,4,106	3,5,0.9605,1,237;3,5,0.3765,3,69;0,2,0.4435,0,167;3,4,0.1285,0,174;3,0,0.8505,0,56;8,4,0.2555,0,85
ood_compose_regime-01562	7	2	2	196,211,68,85,141,80,200,138,197,151,197,62,155,115,69,2,89,43,38,93,205,50,110,26,15,147,119,171,45,166,98,124,162,132,21,20	1,5,0.8155,0,186;1,4,0.6465,0,192;1,4,0.9125,0,222;7,3,0.3225,0,107;1,4,0.6385,2,172;3,2,0.5535,0,2
ood_compose_regime-01563	5	2	1	55,202,117,159,75,147,112,42,211,111,204,3,211,173,36,95,68,69,124,18,60,87,141,45,175,140,184,31,132,150,157,24,88,214,11,99	2,1,0.5065,3,153;6,2,0.4185,0,123;6,2,0.8475,0,93;2,5,0.1155,2,46;2,5,0.0995,0,253;3,2,0.8035,0,201
ood_compose_regime-01564	6	2	1	58,130,117,41,112,150,70,10,75,21,168,147,4,65,25,198,45,122,204,38,95,195,212,141,190,170,97,170,139,18,164,108,200,53,86,91	3,0,0.4685,0,232;0,4,0.2895,0,84;4,0,0.3715,1,101;2,4,0.6715,2,80;0,2,0.0935,0,162;1,0,0.6435,0,85
ood_compose_regime-01565	5	2	0	214,113,69,180,215,52,90,163,67,194,7,79,147,169,58,14,43,157,34,29,21,94,106,19,199,140,154,45,132,83,127,141,117,200,103,149	6,4,0.6315,0,17;4,0,0.6185,0,236;3,0,0.7565,0,247;6,1,0.4025,1,134;6,0,0.2015,0,71;6,2,0.8455,0,35
ood_compose_regime-01566	10	2	0	92,149,59,111,130,84,141,29,54,182,45,39,139,68,8,69,93,170,101,211,42,205,211,76,203,181,11,202,22,156,125,113,117,19,147,184	7,1,0.6695,1,189;4,5,0.5335,0,236;5,1,0.9695,0,235;3,2,0.8905,0,75;4,5,0.2555,0,229;4,0,0.6955,0,16
ood_compose_regime-01567	1	2	2	123,110,22,69,35,212,67,43,76,117,184,51,15,162,204,91,147,210,93,20,82,157,181,138,134,59,156,99,27,165,151,45,113,193,3,141	2,5,0.9435,1,91;2,1,0.7115,0,75;2,1,0.7005,0,60;3,0,0.7585,0,250;2,4,0.2265,0,147;2,4,0.5095,0,242
ood_compose_regime-01568	10	2	2	213,212,89,98,14,131,77,33,151,45,42,136,191,117,17,194,165,169,93,114,163,129,215,4,141,21,84,53,147,66,69,109,155,60,181,34	3,4,0.3715,0,120;8,0,0.4265,0,44;4,2,0.5775,0,79;4,2,0.3895,0,156;1,3,0.4385,0,252;8,1,0.0605,0,138
ood_compose_regime-01569	6	2	1	114,34,174,110,28,117,183,171,88,207,68,141,93,75,83,59,154,150,43,20,21,162,177,202,71,12,135,147,51,45,160,136,191,97,9,129	8,2,0.9275,0,90;3,0,0.7315,0,35;2,1,0.8855,2,178;2,1,0.1435,0,79;0,4,0.4685,0,218;8,5,0.0115,0,14
ood_compose_regime-01570	8	2	1	21,59,150,215,154,156,26,174,78,141,92,139,124,93,86,114,196,207,119,17,110,54,163,134,147,100,12,40,209,166,4,180,39,47,67,69	3,2,0.2165,0,61;1,5,0.1095,2,95;5,1,0.7385,0,7;5,4,0.9255,0,13;3,4,0.4435,2,35;3,4,0.6285,0,84
ood_compose_regime-01571	5	2	0	22,117,175,52,135,159,139,204,141,168,169,115,147,188,67,74,13,45,205,86,28,176,34,199,4,92,63,69,124,41,98,110,170,149,93,20	3,3,0.9255,1,140;3,0,0.3445,0,22;3,5,0.6705,0,212;1,4,0.8115,0,184;1,4,0.6515,0,218;3,5,0.6395,0,148
ood_compose_regime-01572	6	2	1	141,109,147,57,45,58,204,124,206,91,116,28,41,81,15,117,93,202,17,150,67,163,34,3,21,215,171,155,182,138,130,197,97,83,175,69	2,5,0.3215,0,16;3,0,0.2625,0,145;8,0,0.7045,0,146;8,1,0.7865,0,23;0,3,0.9195,0,176;3,0,0.4745,0,179
ood_compose_regime-01573	5	2	0	110,68,36,52,207,113,40,100,84,141,12,45,135,215,4,149,88,119,69,196,124,172,206,153,21,93,201,209,17,206,170,147,27,76,62,137	3,2,0.2925,0,167;2,2,0.0345,0,8;3,4,0.8825,0,0;3,2,0.0985,0,181;3,4,0.2275,2,101;3,5,0.2085,0,206
ood_compose_regime-01574	2	2	0	18,201,45,194,88,81,69,9,179,165,57,23,59,134,175,10,139,155,149,86,108,100,33,212,35,147,68,115,209,212,124,117,142,40,157,93	8,0,0.5005,2,248;8,1,0.0845,0,14;8,1,0.9015,0,245;8,4,0.0245,0,98;3,2,0.6285,0,71;3,4,0.6855,1,81
ood_compose_regime-01575	5	2	0	28,158,45,119,149,204,180,157,159,112,17,141,70,93,196,100,133,21,124,91,179,205,108,174,37,12,186,43,63,75,52,137,82,5,147,64	4,2,0.3395,0,78;3,3,0.7155,0,181;3,5,0.0005,1,142;2,0,0.7365,0,18;3,2,0.0475,2,191;3,3,0.2815,0,154
ood_compose_regime-01576	9	2	0	42,9,65,152,122,192,32,70,100,200,19,90,152,45,83,81,192,195,21,147,109,170,113,136,52,172,197,149,93,63,141,203,117,37,10,130	8,0,0.6045,0,218;7,3,0.4295,0,214;3,5,0.2845,1,63;8,1,0.4105,0,144;3,3,0.2105,0,114;1,0,0.0425,0,113
ood_compose_regime-01577	5	2	0	139,117,94,161,157,116,164,26,147,133,168,45,86,75,208,124,60,17,211,21,213,13,141,208,41,107,180,149,69,91,52,68,101,185,4,38	3,3,0.3685,0,68;1,4,0.2025,0,14;3,2,0.8695,0,212;2,4,0.7335,1,189;4,1,0.9175,0,127;3,3,0.6995,0,182
ood_compose_regime-01578	1	2	1	213,38,189,166,51,90,22,147,150,76,182,19,99,93,9,162,120,63,200,197,131,47,40,106,69,141,113,15,163,66,32,173,84,204,123,139	8,5,0.6785,1,129;7,4,0.1625,2,226;2,5,0.5965,0,241;3,2,0.5685,0,0;2,0,0.3355,3,247;2,1,0.7155,0,23
ood_compose_regime-01579	1	2	1	166,173,48,82,136,43,169,141,1,215,130,147,39,117,106,207,198,51,100,67,150,160,93,113,90,76,123,11,62,69,21,154,167,32,205,18	0,1,0.4075,0,171;7,5,0.7945,3,79;2,4,0.6485,0,56;3,0,0.5745,0,165;3,0,0.3765,0,96;2,0,0.0285,0,2
ood_compose_regime-01580	6	2	1	80,14,21,133,1,200,209,121,180,171,163,142,20,90,33,113,207,42,117,93,69,100,47,137,158,177,147,59,49,38,66,174,110,85,175,150	0,4,0.9285,0,220;8,4,0.4185,2,56;0,1,0.4885,0,123;7,3,0.4435,0,53;3,4,0.2825,0,81;0,3,0.3365,1,176
ood_compose_regime-01581	5	2	1	28,178,212,184,203,94,75,21,186,114,141,67,117,181,210,4,52,45,103,208,131,147,90,10,86,69,110,184,41,121,150,62,16,155,138,38	3,0,0.0375,0,93;3,4,0.2165,0,73;3,4,0.6305,0,114;2,4,0.5205,1,81;6,4,0.4325,0,30;0,1,0.5855,0,126
ood_compose_regime-01582	5	2	0	28,141,10,114,149,41,16,100,134,172,207,37,172,48,90,56,124,155,180,198,9,147,69,193,75,108,83,117,159,95,61,65,22,199,204,139	8,0,0.0755,1,62;3,3,0.3245,3,85;7,3,0.3685,0,157;2,1,0.4475,2,38;3,2,0.4175,0,2;3,4,0.6165,0,199
ood_compose_regime-01583	5	2	1	147,38,52,214,3,208,182,150,77,111,158,92,202,128,42,143,161,62,131,69,93,137,26,67,17,99,185,117,12,115,170,22,160,46,191,83	2,2,0.3655,1,141;1,4,0.4985,1,192;3,4,0.7375,0,217;4,1,0.9165,0,187;2,5,0.7005,0,139;7,1,0.3325,2,36
ood_compose_regime-01584	2	2	1	66,150,77,36,87,99,157,41,5,62,124,21,141,181,88,51,207,93,70,161,108,30,117,183,195,12,194,147,112,138,204,132,18,48,171,169	4,2,0.4575,0,9;5,2,0.2165,3,208;2,4,0.4105,1,85;4,5,0.1845,0,90;2,2,0.0175,0,163;3,2,0.5255,0,70
ood_compose_regime-01585	5	2	2	84,43,164,66,3,89,108,166,117,140,151,45,39,112,202,20,159,21,60,75,202,69,141,99,12,196,168,212,202,93,51,134,28,147,163,124	2,2,0.9385,0,221;3,5,0.6065,0,232;2,2,0.5445,0,97;2,2,0.3995,0,195;2,2,0.0085,0,11;3,4,0.9685,0,107
ood_compose_regime-01586	1	2	0	101,53,163,28,147,67,210,84,204,11,36,92,122,106,116,23,189,142,63,177,5,131,41,207,137,69,189,45,19,169,177,93,75,117,175,149	4,1,0.6885,2,255;3,2,0.3695,0,239;4,5,0.6025,0,219;2,2,0.9815,0,81;4,0,0.8045,0,156;1,1,0.2925,1,146
ood_compose_regime-01587	5	2	1	17,204,60,141,165,136,87,147,130,100,28,117,45,3,186,21,125,11,110,150,43,72,116,75,197,213,164,53,210,38,174,66,191,88,93,211	2,1,0.3315,0,16;3,4,0.6195,0,42;4,2,0.5575,3,44;2,5,0.1785,0,162;3,4,0.8195,0,111;4,0,0.0955,0,121
ood_compose_regime-01588	2	2	2	34,4,209,203,93,73,124,69,12,67,199,132,117,53,171,185,147,45,60,19,90,198,113,28,41,151,207,164,21,159,140,106,160,141,105,83	3,2,0.6975,0,217;3,0,0.3905,0,210;4,2,0.6405,0,68;0,1,0.4315,0,38;8,0,0.2495,0,197;3,2,0.8445,0,130
ood_compose_regime-01589	10	2	0	149,206,45,213,105,86,185,143,93,55,147,10,155,4,112,119,35,129,92,165,106,21,68,186,31,169,193,185,72,210,18,40,81,131,60,139	3,0,0.4105,0,134;6,1,0.1485,0,33;6,2,0.9605,3,101;8,4,0.8825,0,64;8,0,0.0305,2,246;8,1,0.7655,2,49
ood_compose_regime-01590	10	2	2	81,208,89,72,93,20,130,82,151,29,137,57,184,116,202,204,141,129,6,37,147,188,45,68,206,100,106,189,14,44,185,168,21,193,117,58	5,4,0.9505,0,78;4,3,0.8925,0,200;8,0,0.8775,3,64;8,0,0.3495,0,132;3,0,0.8845,0,93;8,0,0.3265,0,227
ood_compose_regime-01591	5	2	1	64,91,117,211,165,147,202,13,40,62,113,130,4,95,109,207,171,19,212,150,75,121,69,137,178,45,86,28,166,21,182,97,141,51,36,193	3,3,0.6985,0,157;3,2,0.1575,0,149;2,4,0.0305,0,117;2,4,0.6365,2,144;0,3,0.2715,0,25;0,0,0.3615,0,66
ood_compose_regime-01592	5	2	2	169,200,72,2,151,128,158,212,10,87,117,142,103,152,55,207,138,65,114,172,76,147,31,43,135,152,18,59,177,21,181,93,107,34,89,45	1,0,0.5745,0,167;6,0,0.7665,0,255;6,1,0.3525,3,8;3,5,0.2505,0,200;6,1,0.4755,0,243;7,5,0.5815,1,51
ood_compose_regime-01593	7	2	0	122,116,197,110,20,3,212,213,117,24,43,45,62,141,90,136,38,130,152,76,161,173,69,85,49,67,162,15,147,149,30,210,212,93,211,98	2,5,0.8365,3,38;5,4,0.6785,0,230;0,4,0.7435,0,210;3,3,0.5015,0,241;1,4,0.9295,0,104;1,0,0.0485,0,67
ood_compose_regime-01594	2	2	2	141,45,40,208,34,181,4,178,136,200,93,182,21,67,201,49,147,113,203,20,99,194,69,164,124,76,59,84,151,134,12,90,117,110,28,211	3,2,0.9785,0,154;3,0,0.0075,0,21;0,1,0.6485,0,78;3,2,0.4085,0,231;2,4,0.2055,0,6;3,4,0.1515,0,102
ood_compose_regime-01595	7	2	2	47,109,176,215,87,151,166,19,61,67,100,69,199,74,122,27,199,165,143,4,12,172,34,213,92,116,53,176,134,140,21,93,172,41,120,147	3,2,0.7655,0,33;2,0,0.2095,2,130;4,3,0.7545,0,72;1,5,0.9845,0,237;3,3,0.8615,3,222;1,4,0.8305,2,87
ood_compose_regime-01596	2	2	0	36,211,149,58,117,46,161,67,168,14,214,92,207,189,83,212,124,188,69,78,110,1,98,136,17,147,142,93,28,186,113,24,133,208,43,52	0,4,0.3135,3,52;3,2,0.6925,1,119;3,0,0.7925,0,227;5,1,0.8745,0,89;1,4,0.3925,0,7;3,3,0.1305,1,26
ood_compose_regime-01597	5	2	1	47,147,52,23,206,211,77,3,193,120,134,139,150,208,210,93,89,143,211,14,215,41,18,106,124,66,39,163,83,69,206,112,101,28,187,62	2,4,0.5195,2,224;3,5,0.2955,2,142;3,4,0.4995,0,152;4,1,0.3475,0,171;4,0,0.0575,3,130;3,4,0.7285,2,194
ood_compose_regime-01598	5	2	1	116,134,108,21,61,205,76,69,39,45,187,209,168,141,12,195,87,90,137,150,211,41,190,4,100,124,65,147,52,118,196,93,160,28,212,19	3,2,0.6705,0,5;3,5,0.3185,0,216;3,3,0.3985,0,154;3,5,0.5085,0,81;3,2,0.8605,1,61;3,4,0.3345,0,99
ood_compose_regime-01599	9	2	0	96,141,117,149,136,127,67,100,69,152,88,56,172,14,45,113,4,41,183,30,197,176,35,134,166,63,20,209,85,174,73,195,21,110,147,200	3,4,0.9685,0,110;5,1,0.3835,0,77;7,5,0.7995,0,201;0,3,0.1985,3,71;3,4,0.2995,0,63;6,4,0.1905,0,137
ood_compose_regime-01600	2	2	0	124,107,130,167,169,84,36,62,75,182,89,117,149,174,52,93,147,168,136,69,195,215,105,64,10,4,141,154,114,45,197,184,18,21,42,29	3,0,0.4995,0,220;4,2,0.5955,0,255;3,4,0.1015,0,206;2,2,0.3585,0,216;8,1,0.4915,0,234;3,0,0.0865,0,23
ood_compose_regime-01601	6	2	0	82,195,77,21,214,90,177,40,178,12,141,38,69,180,117,93,140,180,17,52,149,65,182,133,198,147,33,108,201,45,112,101,121,175,3,58	2,2,0.2185,0,210;8,4,0.0215,0,252;3,0,0.3545,0,235;4,0,0.5435,0,204;4,2,0.1605,0,202;0,3,0.9365,0,226
ood_compose_regime-01602	5	2	2	65,139,108,169,206,101,40,124,151,184,210,87,204,76,143,37,90,53,69,197,167,96,59,117,157,21,147,29,199,171,19,45,130,14,4,113	3,4,0.6075,0,136;4,3,0.0805,0,15;4,1,0.3215,0,66;3,5,0.4235,3,210;4,2,0.2485,0,8;3,0,0.7935,2,140
ood_compose_regime-01603	7	2	2	165,58,2,178,21,138,116,80,172,88,107,197,38,173,69,147,13,151,65,20,187,122,134,141,102,93,26,52,183,117,187,198,183,44,83,45	1,3,0.9285,0,132;1,4,0.8695,0,206;3,0,0.3745,0,198;7,1,0.1435,0,186;5,1,0.8975,0,194;1,4,0.5995,0,242
ood_compose_regime-01604	7	2	2	138,108,100,69,66,151,162,131,45,50,43,63,175,185,153,171,3,199,84,147,17,207,143,27,127,91,115,76,161,166,34,119,93,21,202,12	2,2,0.3405,0,189;2,0,0.6825,0,180;1,5,0.5545,0,179;3,2,0.6495,0,127;3,2,0.6565,2,12;6,1,0.5215,2,15
ood_compose_regime-01605	5	2	2	45,22,135,94,156,64,196,8,74,153,117,157,206,176,71,142,29,122,177,39,50,110,19,89,138,115,61,161,41,11,166,83,151,198,147,100	7,1,0.7975,1,181;4,5,0.2795,0,89;1,3,0.1915,2,109;1,1,0.2235,1,146;3,4,0.7625,0,1;1,5,0.5035,1,136
ood_compose_regime-01606	5	2	2	202,177,112,45,93,51,109,98,15,181,86,161,17,88,212,147,123,136,44,69,163,21,36,151,184,193,141,74,28,182,67,3,60,165,117,132	2,5,0.3795,0,154;3,2,0.8175,0,223;2,2,0.7795,0,19;1,4,0.0795,0,42;1,3,0.0695,0,90;2,2,0.1705,0,125
ood_compose_regime-01607	5	2	1	199,107,186,147,127,86,134,120,90,16,69,41,167,141,150,11,180,214,79,177,21,27,196,182,52,66,45,201,93,102,139,199,113,60,9,34	8,1,0.0835,0,13;2,0,0.2995,0,199;3,2,0.5795,0,233;6,4,0.4485,0,42;5,1,0.2265,3,123;6,4,0.6555,0,173
ood_compose_regime-01608	5	2	0	47,147,13,141,164,54,105,194,156,133,92,127,44,190,31,68,69,198,181,149,108,117,21,63,94,113,158,4,139,182,85,20,163,79,156,37	3,3,0.8945,0,134;6,3,0.8765,2,155;5,5,0.9085,0,75;6,3,0.9115,1,205;8,2,0.2795,0,228;6,3,0.6475,0,88
ood_compose_regime-01609	7	2	2	126,141,187,151,102,61,147,136,133,66,158,89,85,109,27,21,40,188,18,155,93,192,153,4,162,182,39,168,163,117,50,69,45,14,74,116	3,4,0.4665,0,184;2,5,0.1305,0,161;1,3,0.5245,0,1;1,3,0.3945,0,254;5,3,0.9445,0,57;5,3,0.1275,0,159
ood_compose_regime-01610	10	2	2	12,153,93,4,45,155,64,113,110,209,100,141,17,60,133,21,39,136,151,69,184,117,155,52,200,83,163,44,126,178,79,29,205,147,204,90	3,2,0.2595,0,236;4,5,0.9395,0,134;3,2,0.0855,0,124;6,1,0.5015,0,28;3,4,0.3495,0,53;5,3,0.1295,0,21
ood_compose_regime-01611	5	2	2	178,157,204,109,67,115,147,141,130,196,100,164,124,117,12,33,51,63,96,213,87,180,180,75,34,42,45,9,20,151,90,137,69,21,209,174	8,2,0.9115,0,137;8,0,0.5065,0,227;2,5,0.6095,0,128;2,5,0.4515,3,47;3,3,0.6885,0,189;3,0,0.3625,0,38
ood_compose_regime-01612	8	2	1	189,141,43,182,186,115,7,62,157,138,69,147,21,158,117,181,80,168,100,108,65,150,180,202,45,93,54,188,90,135,126,20,11,33,83,34	6,1,0.8065,0,171;8,0,0.6865,0,26;5,4,0.3395,0,204;7,1,0.4305,0,129;3,2,0.7895,0,213;5,5,0.5175,0,145
ood_compose_regime-01613	10	2	0	28,89,69,191,8,140,173,18,168,191,40,169,76,104,189,125,107,133,119,115,167,52,48,87,93,149,64,141,62,165,38,21,181,147,10,158	7,0,0.5515,0,174;3,4,0.1935,3,88;3,4,0.0995,0,62;3,5,0.3875,0,178;7,1,0.6955,2,26;4,3,0.9515,0,2
ood_compose_regime-01614	5	2	2	211,43,117,85,63,184,11,198,167,64,52,8,144,154,100,21,156,188,147,137,210,69,20,38,28,76,116,93,45,109,154,151,165,128,131,88	7,1,0.9605,0,144;3,4,0.6445,0,251;3,5,0.1515,0,128;3,3,0.0795,0,23;3,3,0.8655,0,23;7,1,0.2635,3,69
ood_compose_regime-01615	5	2	2	69,82,178,67,74,111,141,151,174,147,59,123,113,38,2,51,132,21,139,189,28,168,91,93,182,120,45,190,14,157,182,170,44,189,99,17	1,4,0.2155,0,208;3,4,0.9135,0,235;2,1,0.7875,0,37;1,0,0.6155,0,49;2,5,0.2675,3,108;2,2,0.6965,0,28
ood_compose_regime-01616	5	2	0	95,91,4,204,43,57,206,181,39,32,172,213,101,117,64,69,115,63,46,76,141,137,200,180,211,18,107,123,211,177,134,13,147,149,21,87	3,3,0.5165,0,0;7,5,0.7515,1,73;8,5,0.1445,0,53;3,5,0.7785,2,135;4,1,0.6275,0,250;2,4,0.2405,0,160
ood_compose_regime-01617	8	2	1	93,6,43,58,68,124,157,172,73,162,97,69,157,185,157,56,15,117,199,38,82,31,150,130,139,147,114,45,20,91,188,21,110,141,190,156	5,5,0.8145,0,169;6,4,0.6495,0,214;7,0,0.9155,0,3;0,0,0.6815,0,169;0,4,0.4905,0,137;3,0,0.7835,0,161
ood_compose_regime-01618	10	2	2	13,177,178,117,138,4,93,155,168,112,155,60,66,69,27,196,23,162,18,99,110,57,158,147,91,193,83,130,124,48,151,34,141,81,41,198	3,3,0.4885,2,70;2,0,0.3335,3,199;8,2,0.4045,0,211;8,1,0.6035,0,70;2,4,0.0675,0,21;3,0,0.5475,0,59
ood_compose_regime-01619	9	2	0	20,141,212,116,111,137,80,71,63,133,47,149,147,203,124,93,85,207,91,41,120,157,185,65,13,157,24,195,201,38,51,185,99,202,27,8	7,3,0.8645,3,244;2,4,0.3785,2,197;2,5,0.2915,2,222;7,3,0.6265,0,228;2,5,0.8905,3,148;3,3,0.3925,0,222
ood_compose_regime-01620	10	2	0	69,110,164,175,176,45,9,24,89,64,38,147,204,93,176,100,173,15,76,117,158,149,20,112,179,130,33,141,60,129,198,52,42,198,87,139	8,5,0.8295,3,158;8,4,0.4975,0,50;3,2,0.1805,0,103;3,5,0.2075,0,200;3,4,0.1475,0,239;8,0,0.7665,0,74
ood_compose_regime-01621	5	2	0	188,42,91,34,115,12,76,98,215,147,16,9,95,71,212,173,139,85,181,28,109,209,117,52,67,45,203,24,149,124,206,62,141,134,184,205	8,2,0.0345,3,197;3,0,0.5285,0,206;3,4,0.6695,2,249;3,3,0.6505,2,199;1,3,0.6445,0,153;3,4,0.7915,0,234
ood_compose_regime-01622	5	2	0	32,67,147,129,38,194,69,83,196,55,105,214,191,137,108,149,42,160,89,21,96,144,112,4,187,131,62,17,167,117,75,169,14,207,45,204	3,4,0.2125,0,58;7,4,0.5945,0,82;6,4,0.7975,0,87;2,1,0.2875,3,188;8,2,0.1045,0,81;8,1,0.2755,3,190
ood_compose_regime-01623	5	2	1	136,108,87,17,113,175,69,76,117,158,161,45,65,21,100,174,190,150,28,39,203,175,208,135,193,55,147,95,58,92,141,129,14,41,4,180	3,4,0.2505,0,19;3,5,0.2245,0,23;6,0,0.3375,0,142;3,5,0.8855,2,93;3,2,0.2905,0,31;8,5,0.0165,0,247
ood_compose_regime-01624	5	2	1	19,117,21,198,89,155,189,76,100,158,6,169,109,93,157,204,147,150,50,157,39,116,69,62,136,128,209,135,45,11,68,160,141,26,40,87	5,1,0.6275,0,31;1,5,0.1815,0,32;1,4,0.8245,0,1;3,5,0.2495,0,148;3,3,0.9525,0,32;7,5,0.1175,0,70
ood_compose_regime-01625	5	2	1	120,138,141,29,172,177,93,35,124,176,212,186,70,41,150,104,67,2,205,91,174,147,107,212,115,20,132,86,76,60,157,52,45,15,21,211	1,5,0.8865,0,6;4,1,0.3005,0,148;3,2,0.6695,1,91;3,4,0.7755,0,194;7,1,0.7235,3,48;3,2,0.5775,0,144
ood_compose_regime-01626	5	2	2	17,117,35,4,42,58,186,110,22,67,92,153,69,166,164,178,15,52,100,93,127,156,143,47,114,190,147,32,151,76,214,186,133,82,137,152	3,5,0.3145,1,20;7,1,0.5365,2,221;3,0,0.6285,0,11;3,0,0.8055,0,196;3,4,0.4865,0,191;6,3,0.2985,2,105
ood_compose_regime-01627	10	2	0	75,33,147,9,21,67,201,39,129,41,89,93,205,19,149,46,86,193,135,157,59,109,192,114,56,138,141,210,100,117,154,188,211,183,14,69	8,4,0.7995,0,90;8,5,0.3285,1,94;7,1,0.7625,0,199;2,4,0.3735,0,205;3,3,0.4555,0,69;8,5,0.4655,0,130
ood_compose_regime-01628	9	2	0	163,147,30,164,131,69,8,116,165,62,14,203,21,91,137,179,193,18,162,141,149,161,168,50,111,94,121,100,46,83,68,35,188,117,75,42	7,4,0.5985,0,112;5,1,0.4685,1,58;1,4,0.9165,0,246;2,1,0.7975,1,218;3,5,0.8935,0,54;0,1,0.3215,0,98
ood_compose_regime-01629	5	2	2	124,163,117,132,151,63,19,28,115,160,4,74,43,45,66,93,69,100,141,178,182,205,176,86,21,147,34,90,165,214,209,140,108,164,10,53	3,0,0.7805,0,154;3,0,0.6915,0,176;4,5,0.4435,0,150;1,4,0.5655,0,121;3,2,0.6865,0,222;3,2,0.8195,0,14
ood_compose_regime-01630	7	2	1	130,213,188,174,109,68,58,55,19,45,113,204,13,138,42,5,203,179,94,196,170,100,91,86,141,122,21,26,150,74,208,161,69,39,117,147	4,3,0.7135,0,183;1,5,0.5455,0,129;6,0,0.9665,0,146;1,4,0.6075,1,82;3,3,0.2305,0,236;1,0,0.4855,0,231
ood_compose_regime-01631	1	2	2	20,60,79,194,28,91,160,202,139,5,154,151,82,205,52,34,117,93,123,157,65,99,214,147,210,42,141,170,135,155,21,72,15,116,45,110	4,5,0.8545,0,41;3,0,0.4155,0,245;3,2,0.3815,3,216;6,0,0.6745,0,205;2,4,0.8145,0,160;2,5,0.6335,0,255
ood_compose_regime-01632	5	2	1	39,147,169,156,132,184,124,45,105,108,28,14,117,17,9,140,178,176,141,76,154,157,63,89,21,93,198,159,57,69,67,115,150,41,87,158	8,4,0.2665,0,10;3,5,0.2115,0,39;8,5,0.6245,0,251;3,5,0.3705,0,49;8,2,0.7455,0,203;3,2,0.8655,0,130
ood_compose_regime-01633	5	2	2	168,69,47,51,100,84,76,89,67,21,137,26,118,191,40,17,60,206,209,39,162,151,183,127,134,213,174,109,153,15,113,205,141,147,93,9	8,5,0.3515,0,205;1,5,0.0915,2,241;2,2,0.6635,0,51;3,2,0.3145,0,159;3,3,0.2185,1,120;6,4,0.3155,0,83
ood_compose_regime-01634	2	2	2	123,176,160,153,58,21,184,65,130,147,197,69,44,47,82,28,92,39,137,195,101,17,117,165,4,151,141,210,52,12,93,107,182,210,73,114	3,2,0.2285,0,138;3,5,0.8875,2,25;3,0,0.2475,0,131;0,0,0.8865,0,116;4,1,0.5975,0,129;2,0,0.2175,0,157
ood_compose_regime-01635	5	2	0	165,20,124,147,34,82,41,10,117,174,55,191,32,109,21,189,96,91,138,194,215,208,69,115,149,184,64,8,103,178,134,141,46,80,207,62	7,0,0.9325,0,224;7,0,0.2275,1,86;6,4,0.1405,0,57;7,0,0.7835,3,148;6,3,0.7915,0,164;3,4,0.5105,0,48
ood_compose_regime-01636	2	2	0	28,9,21,137,66,113,194,213,191,12,124,170,162,43,58,84,180,45,52,108,179,69,117,190,149,191,91,93,143,147,20,130,36,76,101,180	8,2,0.9125,0,94;3,2,0.7385,0,12;3,0,0.5585,0,9;3,2,0.7715,0,23;4,2,0.3135,0,142;3,0,0.3955,2,152
ood_compose_regime-01637	9	2	1	21,170,86,153,39,141,62,40,45,64,121,138,4,117,203,115,147,182,69,213,81,205,104,17,194,171,131,93,150,57,15,33,92,109,152,160	3,5,0.2255,0,95;8,5,0.0345,0,151;8,4,0.0365,0,149;8,4,0.9865,0,11;7,3,0.6525,0,108;0,1,0.5435,0,108
ood_compose_regime-01638	5	2	1	45,141,23,190,2,15,187,186,209,215,150,94,42,62,154,161,38,117,79,159,124,83,100,26,190,132,72,64,116,91,20,52,147,110,163,136	1,5,0.8535,2,113;1,4,0.4335,0,163;3,4,0.0285,3,42;6,1,0.6215,1,26;3,4,0.8975,0,126;3,2,0.0445,0,62
ood_compose_regime-01639	6	2	1	61,38,136,21,177,182,14,209,147,17,155,1,69,161,121,203,25,150,79,107,45,113,52,158,88,94,101,41,65,184,117,141,214,195,133,85	0,4,0.3795,0,53;0,4,0.3155,0,27;3,3,0.3465,0,164;6,3,0.0705,1,182;4,1,0.2055,0,176;0,3,0.0265,0,146
ood_compose_regime-01640	5	2	2	75,203,172,92,70,147,151,189,120,141,19,93,112,132,190,41,61,106,203,2,45,99,195,194,38,14,139,124,155,52,178,27,21,65,83,154	1,4,0.6705,0,76;2,4,0.2965,0,254;3,3,0.3315,1,193;2,1,0.8445,0,144;2,0,0.1565,3,158;3,2,0.7425,0,201
ood_compose_regime-01641	5	2	2	21,195,124,193,138,115,100,186,93,59,117,37,176,158,141,13,106,28,65,147,4,133,45,42,86,198,53,178,73,69,152,185,151,17,90,156	3,3,0.2275,0,229;3,3,0.5095,0,194;4,1,0.3855,0,226;0,4,0.5625,0,147;3,0,0.6765,0,207;3,3,0.4465,0,224
ood_compose_regime-01642	5	2	1	188,21,38,147,2,64,175,84,96,154,141,92,117,56,11,186,100,110,156,123,134,32,175,61,136,76,166,17,114,48,150,44,154,69,166,196	1,1,0.2155,0,224;7,4,0.9375,3,184;7,3,0.0585,0,15;3,2,0.9885,3,204;3,4,0.4695,0,188;2,4,0.0975,0,188
ood_compose_regime-01643	9	2	0	102,21,147,122,149,112,136,210,180,131,36,61,161,168,141,45,197,68,156,71,205,75,120,28,83,8,206,43,89,54,108,177,170,93,18,13	7,3,0.5305,0,204;3,2,0.7045,0,57;5,3,0.8445,2,103;2,1,0.2535,0,59;5,2,0.1065,3,185;1,1,0.1115,0,34
ood_compose_regime-01644	5	2	1	172,113,78,168,28,45,70,141,39,181,92,188,163,152,12,150,65,138,101,86,189,93,190,21,19,63,7,117,204,132,52,123,106,147,158,44	6,2,0.7125,0,118;3,5,0.8895,0,203;3,5,0.3565,1,93;5,4,0.9445,0,225;4,0,0.2395,0,146;2,2,0.4575,0,237
ood_compose_regime-01645	1	2	0	33,60,65,155,190,142,88,52,198,139,197,124,203,178,5,149,21,190,117,74,167,174,212,110,11,39,82,69,114,135,45,99,93,43,16,147	4,1,0.1115,0,133;8,5,0.7145,0,47;3,2,0.3535,0,178;1,0,0.0535,0,140;2,4,0.4645,0,101;3,5,0.7945,1,192
ood_compose_regime-01646	1	2	2	166,65,100,42,69,123,151,181,204,82,179,147,37,110,184,174,60,3,190,46,52,28,19,141,134,93,154,21,209,12,117,112,164,91,75,140	2,2,0.7205,0,188;3,3,0.5655,1,128;3,2,0.3275,0,57;2,0,0.6155,0,251;3,4,0.1235,0,29;2,4,0.8115,0,134
ood_compose_regime-01647	2	2	2	213,186,106,213,76,4,43,115,181,62,117,151,134,136,205,153,101,180,66,19,203,24,93,121,193,45,57,143,36,30,147,70,90,162,15,86	3,5,0.7345,3,250;5,2,0.7845,0,71;8,4,0.5765,1,29;3,4,0.5545,0,157;4,0,0.6355,0,85;0,4,0.0905,2,125
ood_compose_regime-01648	10	2	2	180,183,172,119,21,5,141,208,155,65,147,45,58,124,85,69,196,30,134,196,93,155,195,77,13,140,111,92,151,16,116,101,44,39,205,53	4,3,0.1865,0,70;5,5,0.9735,0,32;4,0,0.2495,0,50;4,3,0.9605,0,6;4,5,0.8135,2,128;3,4,0.9295,0,89
ood_compose_regime-01649	5	2	2	100,209,28,155,172,115,76,208,84,10,58,124,210,140,67,117,199,51,147,168,42,4,90,133,45,141,18,37,95,71,151,21,193,165,181,109	3,0,0.4305,0,157;3,3,0.4885,0,29;2,0,0.6405,2,224;3,2,0.5885,2,255;3,3,0.7645,0,158;3,3,0.8965,0,192
ood_compose_regime-01650	2	2	1	184,141,101,28,11,180,150,53,199,184,147,93,18,45,69,108,117,115,44,136,163,203,170,21,38,135,76,161,86,201,124,9,64,58,88,154	8,1,0.4325,0,47;3,4,0.9695,0,124;4,0,0.0565,0,60;3,4,0.0835,0,91;4,2,0.7035,0,121;3,5,0.1255,0,80
ood_compose_regime-01651	7	2	2	108,196,199,147,54,160,188,41,69,27,208,87,141,212,63,17,140,9,213,65,112,34,76,122,93,46,151,191,195,89,22,134,12,100,117,174	8,2,0.3425,1,4;2,0,0.3355,1,78;5,5,0.2895,0,230;3,5,0.2505,0,187;3,2,0.0215,0,71;1,4,0.9605,0,171
ood_compose_regime-01652	2	2	0	41,52,194,149,147,69,60,197,10,46,99,141,74,201,37,158,116,68,87,119,209,136,20,128,4,89,21,111,185,191,161,130,210,93,28,194	3,0,0.8395,0,80;3,3,0.2505,1,128;3,2,0.9125,0,19;1,5,0.2835,0,244;2,5,0.8615,2,194;7,0,0.0255,0,91
ood_compose_regime-01653	2	2	0	147,99,200,93,106,167,141,116,69,61,136,193,201,24,77,2,84,124,158,204,52,34,65,188,17,132,199,45,90,11,43,117,149,190,26,165	1,1,0.2515,3,130;1,0,0.7085,0,141;3,3,0.3335,0,179;4,2,0.5565,0,99;2,0,0.8135,0,45;3,2,0.1735,0,53
ood_compose_regime-01654	5	2	1	77,160,188,117,193,132,83,4,43,18,70,59,89,103,214,147,140,175,10,184,50,124,110,114,27,211,21,65,141,182,177,93,150,35,45,203	3,0,0.4605,0,236;2,1,0.7735,0,19;1,1,0.2325,1,223;4,1,0.2255,0,70;6,4,0.4945,0,218;3,2,0.8745,0,31
ood_compose_regime-01655	5	2	2	152,199,141,68,19,83,13,90,211,154,79,188,110,60,151,30,69,147,196,184,93,112,52,124,130,97,37,205,43,197,140,7,45,21,117,172	6,3,0.6585,0,195;5,3,0.6255,0,125;3,2,0.8655,0,45;6,1,0.4555,0,46;0,4,0.1595,0,174;3,0,0.9435,0,37
ood_compose_regime-01656	5	2	0	76,184,159,69,115,11,96,28,198,45,152,52,139,161,124,60,44,208,117,92,175,6,34,130,147,85,149,141,109,165,21,207,64,17,100,215	5,1,0.2845,0,247;3,0,0.8845,0,170;3,2,0.1445,0,175;3,3,0.8195,3,63;3,3,0.7685,0,72;3,0,0.6545,0,209
ood_compose_regime-01657	8	2	2	65,200,141,114,84,154,14,164,170,184,69,20,140,43,61,200,100,205,117,34,4,126,23,134,201,151,32,90,78,184,45,179,147,93,49,110	3,4,0.8525,2,82;7,0,0.6215,0,223;0,3,0.2405,0,129;5,2,0.4385,0,253;3,4,0.4645,0,110;5,4,0.8805,0,11
ood_compose_regime-01658	2	2	1	21,117,141,76,197,4,199,69,173,114,186,187,51,172,12,124,147,65,43,137,133,45,106,60,211,34,88,184,202,93,150,98,87,185,19,25	3,2,0.7985,0,213;0,0,0.6815,0,161;2,2,0.2425,0,68;3,5,0.1455,0,71;1,0,0.5135,0,245;3,3,0.3055,0,20
ood_compose_regime-01659	5	2	2	147,91,96,76,111,196,135,60,168,42,19,152,34,141,52,206,190,151,124,116,82,65,176,27,202,100,4,137,21,15,120,45,173,207,69,185	3,5,0.7455,0,192;2,0,0.4165,0,68;3,2,0.2395,0,133;3,0,0.6365,3,235;3,5,0.9275,3,148;3,5,0.2715,0,211
ood_compose_regime-01660	5	2	1	204,186,209,208,45,16,93,123,91,167,109,26,69,66,15,63,44,147,142,119,136,35,21,76,113,173,101,51,184,214,167,203,150,131,87,2	1,5,0.0865,0,234;1,1,0.9605,0,212;2,5,0.5285,0,86;3,5,0.6815,0,108;4,3,0.2355,2,124;2,1,0.1225,1,121
ood_compose_regime-01661	5	2	1	79,44,155,136,36,160,127,112,150,173,64,20,45,93,198,141,108,60,55,103,5,147,28,13,200,134,21,117,86,167,92,209,191,159,153,69	4,3,0.8335,0,250;3,2,0.8405,0,12;6,2,0.1145,0,54;6,4,0.9805,0,130;6,2,0.1885,0,65;6,4,0.1545,0,103
ood_compose_regime-01662	7	2	2	88,122,117,141,135,65,108,13,24,154,114,161,179,45,18,140,170,213,197,61,38,147,168,177,69,78,100,151,93,43,170,154,85,5,53,27	4,3,0.5385,3,128;2,4,0.6845,0,177;4,3,0.2225,0,152;5,3,0.1405,0,127;3,2,0.4095,0,190;1,5,0.8035,0,223
ood_compose_regime-01663	9	2	0	117,109,17,165,45,157,149,21,186,89,115,38,147,71,93,98,166,79,182,121,85,137,152,166,157,191,41,201,11,50,134,28,67,8,141,63	7,1,0.3375,0,107;3,4,0.2685,0,252;1,5,0.6185,2,142;6,3,0.2255,0,4;1,3,0.7055,0,188;0,4,0.2405,0,149
ood_compose_regime-01664	7	2	2	109,177,85,68,69,152,177,33,144,21,88,147,210,135,77,117,2,178,52,58,45,151,123,93,17,137,112,41,155,34,160,197,208,13,214,100	1,3,0.3365,0,73;8,0,0.3855,0,160;3,0,0.8845,0,210;4,3,0.0235,0,194;3,3,0.0045,0,0;2,5,0.3295,3,247
ood_compose_regime-01665	5	2	2	55,196,93,60,141,18,130,69,27,103,84,67,206,21,123,147,140,199,108,6,155,13,35,151,153,41,114,117,202,45,76,90,156,207,179,214	5,3,0.5765,0,253;2,1,0.2115,0,211;6,2,0.6505,0,162;3,2,0.5665,0,33;6,2,0.4235,0,195;2,0,0.9105,0,102
ood_compose_regime-01666	7	2	1	204,76,139,70,97,62,170,122,190,176,117,179,169,173,141,23,33,93,211,42,90,112,150,45,34,107,15,67,54,147,180,16,185,86,4,135	3,5,0.1355,2,213;8,0,0.4725,0,41;5,4,0.6695,1,151;3,4,0.4295,0,82;0,1,0.1275,0,185;1,5,0.7165,0,201
ood_compose_regime-01667	5	2	2	85,168,205,71,18,88,28,147,151,192,80,111,10,137,164,157,56,176,38,44,141,112,59,117,45,100,205,215,95,196,4,126,190,23,131,68	3,0,0.4115,2,145;3,4,0.9755,0,143;7,1,0.8095,2,116;7,3,0.1975,2,200;3,5,0.0465,0,247;5,1,0.2745,0,181
ood_compose_regime-01668	5	2	1	100,180,124,86,28,111,192,184,45,210,4,147,65,144,196,21,93,205,162,160,130,117,76,116,186,52,12,43,36,62,150,18,69,165,89,137	3,2,0.5645,0,46;3,2,0.6845,0,97;3,4,0.2075,0,176;3,4,0.2265,0,199;3,5,0.8825,0,0;3,0,0.3685,3,102
ood_compose_regime-01669	2	2	1	172,28,44,124,195,65,92,10,133,147,141,198,106,100,114,4,150,37,20,194,93,70,117,62,165,163,47,215,21,136,163,190,57,77,166,83	3,0,0.8145,0,39;3,3,0.9735,2,171;8,4,0.3045,1,4;4,1,0.8125,0,168;3,0,0.4805,0,248;3,3,0.1645,0,84
ood_compose_regime-01670	5	2	1	182,108,47,191,15,77,18,50,205,89,212,115,213,58,93,214,69,25,130,68,5,124,41,147,34,82,141,150,212,191,117,208,103,197,140,23	4,5,0.5785,2,68;0,0,0.3955,2,128;1,0,0.9195,0,208;4,0,0.2975,0,150;6,2,0.7485,0,6;3,0,0.9635,0,23
ood_compose_regime-01671	5	2	1	7,153,18,150,136,147,141,100,26,86,215,195,92,133,117,51,212,62,111,121,41,34,70,93,75,159,66,116,182,172,21,208,46,14,195,157	6,4,0.5495,0,137;1,0,0.3505,1,12;2,4,0.5335,1,186;2,4,0.9295,0,251;3,5,0.8245,0,136;0,3,0.1505,0,44
ood_compose_regime-01672	5	2	0	188,140,6,73,128,69,105,83,153,92,45,112,187,41,178,21,12,19,117,191,93,192,149,39,144,52,68,30,63,172,147,176,155,180,106,131	5,2,0.7715,0,132;5,5,0.2845,0,120;3,5,0.8345,0,68;0,1,0.8585,0,176;8,0,0.0755,0,150;7,1,0.8815,3,54
ood_compose_regime-01673	6	2	0	119,69,128,58,164,152,147,166,20,21,115,143,168,188,149,28,14,138,51,130,166,1,93,39,73,45,84,44,202,98,204,111,210,166,66,92	0,4,0.9035,0,74;3,5,0.9945,0,50;2,0,0.4785,0,50;0,2,0.9175,0,193;1,5,0.6925,2,250;7,0,0.4815,2,127
ood_compose_regime-01674	9	2	0	38,116,159,45,68,136,153,126,169,211,16,110,21,171,104,141,156,32,133,93,204,84,60,147,174,52,42,90,170,155,2,10,70,117,149,76	1,0,0.0335,0,213;7,4,0.4265,0,155;3,2,0.8825,1,189;3,2,0.4965,0,250;7,4,0.8705,0,135;5,3,0.0365,0,218
ood_compose_regime-01675	5	2	1	93,61,100,207,209,161,144,64,162,207,132,21,75,18,41,11,52,136,39,69,110,28,184,45,179,117,88,147,116,123,179,178,7,212,150,86	6,1,0.4815,0,149;3,5,0.3485,0,5;3,3,0.0635,0,237;2,4,0.0385,0,172;3,4,0.8595,0,50;2,2,0.0025,3,195
ood_compose_regime-01676	9	2	0	191,206,176,29,149,141,195,93,116,91,10,83,169,137,185,16,100,80,39,147,110,59,21,135,192,122,45,196,43,158,69,206,68,3,117,50	2,0,0.0255,0,157;4,5,0.7325,0,109;1,1,0.8435,0,242;7,1,0.6735,0,42;3,4,0.8925,0,93;1,5,0.2335,0,129
ood_compose_regime-01677	5	2	1	166,187,90,196,60,16,132,136,150,184,78,43,116,45,194,107,117,99,170,127,141,83,28,67,11,213,69,198,195,96,147,21,8,39,53,185	7,1,0.0325,0,156;3,5,0.7885,0,55;4,2,0.6775,0,173;5,1,0.4315,3,80;2,1,0.8535,0,244;6,2,0.0535,0,206
ood_compose_regime-01678	5	2	1	214,118,68,21,140,161,40,100,4,72,181,159,110,130,181,207,147,14,197,57,76,160,129,33,202,150,112,20,87,141,161,60,93,92,39,45	3,4,0.8665,0,116;8,5,0.0815,0,97;8,2,0.9985,3,68;3,5,0.9885,0,182;3,4,0.1725,1,3;8,0,0.9515,0,174
ood_compose_regime-01679	5	2	0	15,94,69,115,152,45,117,37,103,19,169,124,194,201,147,139,179,200,31,9,62,88,110,55,165,160,149,198,21,66,213,135,40,83,141,78	8,5,0.7335,0,230;6,3,0.0085,0,192;6,4,0.5345,0,73;5,1,0.1385,1,133;6,4,0.6615,0,141;3,5,0.7425,0,57
ood_compose_regime-01680	2	2	2	206,82,19,4,45,199,12,68,203,35,139,141,72,90,147,185,103,41,161,115,21,126,164,196,61,77,27,50,132,110,169,119,151,158,96,177	3,2,0.6085,0,247;2,1,0.2685,0,39;1,3,0.8255,3,134;4,0,0.5355,3,198;6,4,0.6735,2,137;5,2,0.6775,0,153
ood_compose_regime-01681	5	2	1	70,14,4,141,43,45,85,21,57,211,29,93,112,195,181,64,138,207,127,18,58,97,205,156,208,147,213,106,150,89,76,37,134,207,118,175	3,4,0.4045,0,150;4,3,0.7435,0,194;8,0,0.1265,1,163;3,3,0.3095,0,194;0,0,0.0295,1,151;6,4,0.5685,0,139
ood_compose_regime-01682	10	2	1	62,90,169,163,87,81,68,120,16,45,72,204,36,157,9,41,147,141,28,178,106,93,203,171,137,21,99,150,57,181,122,12,156,215,115,134	8,2,0.0155,0,235;3,2,0.3035,0,228;8,4,0.9535,3,252;8,5,0.5845,0,220;2,0,0.7245,3,172;1,4,0.2575,0,173
ood_compose_regime-01683	5	2	0	55,91,124,76,159,69,93,42,36,28,195,199,59,162,170,21,17,149,117,141,154,190,112,15,106,68,9,214,138,179,153,45,100,147,133,86	8,5,0.3465,0,110;3,2,0.4225,0,81;6,1,0.8135,0,134;3,4,0.6365,0,179;3,0,0.1185,0,71;3,3,0.5355,0,55
ood_compose_regime-01684	5	2	1	69,90,41,93,198,182,36,113,211,117,204,100,127,21,111,52,209,83,134,147,138,193,47,66,141,186,13,180,27,8,80,17,164,60,150,174	7,3,0.2615,0,242;2,2,0.3775,2,198;3,2,0.4485,0,47;7,1,0.4755,0,246;3,5,0.3265,0,8;6,4,0.4285,0,192
ood_compose_regime-01685	5	2	2	37,92,4,69,82,176,141,130,170,26,52,125,112,194,16,147,106,103,176,117,162,197,167,208,76,63,213,45,184,93,65,12,137,24,151,41	3,2,0.1455,3,147;1,3,0.3365,0,212;3,5,0.3165,0,145;3,0,0.8735,0,146;6,0,0.1985,0,171;4,0,0.3145,0,222
ood_compose_regime-01686	5	2	0	101,114,117,19,175,12,61,90,65,149,211,45,181,212,41,147,122,93,166,191,136,168,141,31,86,70,53,76,214,109,4,213,173,36,21,133	3,2,0.6325,0,234;6,2,0.3575,0,196;4,3,0.2585,1,234;3,4,0.5845,0,185;4,3,0.5485,0,88;1,3,0.0035,0,194
ood_compose_regime-01687	5	2	1	134,141,82,14,119,211,45,178,196,93,179,194,24,44,91,65,165,114,174,100,16,70,61,129,4,167,81,110,38,28,147,164,150,206,52,136	3,4,0.0415,3,79;3,4,0.8185,0,11;3,3,0.3445,1,251;8,0,0.7845,0,38;3,4,0.5725,2,98;8,4,0.1205,0,71
ood_compose_regime-01688	5	2	0	104,170,214,3,127,158,19,155,164,72,132,41,149,90,55,107,61,140,10,24,147,141,93,177,67,45,112,86,38,206,79,117,28,199,172,163	2,0,0.6185,3,154;3,4,0.2645,0,101;6,3,0.7045,3,147;6,4,0.5815,0,45;7,1,0.1895,0,95;6,2,0.8345,0,184
ood_compose_regime-01689	5	2	2	62,141,111,21,68,69,192,147,15,37,168,112,167,134,151,93,9,16,90,207,84,158,99,44,161,195,210,118,76,123,176,159,31,51,45,139	8,5,0.1725,0,91;6,3,0.9465,0,235;2,4,0.8375,0,28;3,2,0.4535,0,69;2,5,0.0965,1,124;2,4,0.6565,0,25
ood_compose_regime-01690	1	2	2	117,163,151,192,198,21,69,92,161,116,143,208,75,107,125,155,139,60,66,171,12,147,51,28,45,6,43,177,99,93,155,205,131,16,36,86	5,2,0.0675,0,90;3,2,0.7225,0,191;2,2,0.4145,0,164;2,4,0.8215,0,4;2,1,0.8435,0,2;4,1,0.6665,2,21
ood_compose_regime-01691	5	2	2	169,210,203,147,100,106,44,202,151,12,4,61,93,56,85,210,214,173,124,186,20,21,213,38,47,191,133,141,113,76,68,136,89,31,69,117	3,2,0.9075,0,241;6,4,0.9875,2,79;7,3,0.9485,0,214;3,3,0.2365,0,197;3,0,0.2945,0,34;3,3,0.1995,0,89
ood_compose_regime-01692	2	2	0	70,42,202,165,187,119,124,92,213,93,162,76,64,214,39,59,45,18,12,109,100,30,84,139,149,50,152,147,3,130,211,21,114,206,141,190	2,2,0.4945,0,254;5,5,0.4215,0,106;1,1,0.1145,1,21;3,2,0.9875,0,5;3,3,0.4975,2,143;3,0,0.7485,0,176
ood_compose_regime-01693	1	2	0	22,100,113,205,187,110,215,80,202,190,132,45,63,117,137,149,19,33,51,86,67,159,147,42,93,127,34,187,12,188,89,155,69,1,158,141	0,2,0.7075,1,113;8,0,0.5575,0,238;2,5,0.7845,0,99;7,4,0.2545,0,78;3,4,0.3445,0,197;6,2,0.2065,0,43
ood_compose_regime-01694	5	2	2	134,42,52,186,21,108,151,15,93,25,186,209,45,147,100,164,5,166,92,115,119,82,80,207,67,209,187,185,36,69,205,141,124,19,138,63	4,5,0.6985,0,62;0,2,0.5845,0,247;3,5,0.6065,0,183;7,0,0.8845,0,128;3,2,0.6625,2,247;3,4,0.5275,0,109
ood_compose_regime-01695	5	2	2	140,45,117,176,191,26,21,99,8,129,87,17,151,93,10,135,212,167,112,147,209,201,154,43,107,69,91,63,141,34,172,201,75,196,67,52	7,0,0.3435,0,181;1,0,0.6305,0,81;3,5,0.7875,0,161;2,5,0.6275,0,191;2,1,0.1825,0,87;8,5,0.9565,0,136
ood_compose_regime-01696	5	2	0	59,100,141,45,117,126,111,71,76,93,183,64,182,149,14,32,82,18,7,197,135,147,115,183,205,192,211,41,21,158,51,138,184,38,92,193	6,4,0.5695,0,107;7,4,0.2585,0,165;2,1,0.0955,2,80;3,0,0.9125,0,104;3,5,0.6975,0,120;5,5,0.4795,0,127
ood_compose_regime-01697	5	2	0	124,28,69,14,112,200,98,8,52,106,149,45,93,42,195,170,141,18,117,153,67,184,39,134,87,81,201,137,167,152,168,207,21,90,147,61	7,4,0.4875,0,109;3,5,0.5215,0,86;3,3,0.6765,0,8;8,5,0.5265,0,18;1,0,0.0335,0,85;3,4,0.3155,0,203
ood_compose_regime-01698	5	2	1	117,161,85,69,112,134,33,139,63,214,144,191,124,165,18,36,66,13,150,197,21,191,45,187,91,76,43,4,56,177,98,111,177,147,212,93	3,3,0.5655,0,66;8,2,0.6095,0,176;7,5,0.5395,0,10;3,3,0.7225,0,22;1,5,0.0895,0,171;3,4,0.7375,3,168
ood_compose_regime-01699	10	2	1	66,111,150,9,87,45,153,37,188,212,123,206,69,119,93,43,207,59,204,195,98,15,205,20,78,140,114,132,21,55,147,91,191,28,167,143	8,5,0.9775,0,111;3,3,0.6865,0,253;6,1,0.4395,0,223;5,5,0.7755,0,39;1,5,0.5525,2,168;2,2,0.9225,2,221
ood_compose_regime-01700	9	2	1	89,45,64,39,182,133,82,95,63,69,189,140,79,202,166,147,52,182,157,3,110,150,18,115,40,28,213,158,100,200,128,141,12,193,21,117	2,2,0.4765,0,155;3,5,0.1605,0,69;3,5,0.1775,0,49;6,0,0.2495,2,148;3,4,0.7965,0,158;7,3,0.8685,0,200
ood_compose_regime-01701	5	2	0	183,114,21,200,40,25,140,190,93,59,11,185,102,45,6,67,37,159,156,183,168,147,141,57,78,84,117,69,135,124,17,155,200,88,110,149	5,1,0.2445,0,216;0,3,0.0275,0,167;8,1,0.7905,0,48;5,2,0.0425,0,155;5,4,0.4645,0,60;3,5,0.8995,0,51
ood_compose_regime-01702	5	2	2	161,171,45,117,205,132,30,129,76,62,110,85,70,137,41,151,211,200,93,89,18,4,195,52,21,35,97,114,13,147,64,141,172,172,153,204	3,3,0.5505,0,174;5,1,0.3275,0,74;3,4,0.1735,1,79;3,3,0.2745,0,5;0,4,0.5135,0,9;8,2,0.3595,0,87
ood_compose_regime-01703	5	2	2	73,38,125,179,4,113,212,154,33,82,191,53,94,21,135,177,168,63,111,72,18,104,14,209,151,65,165,44,137,118,183,147,47,176,92,141	3,4,0.5265,0,218;8,4,0.9715,2,197;4,5,0.3385,3,111;0,0,0.8815,1,90;7,5,0.3575,1,89;4,5,0.2815,0,215
ood_compose_regime-01704	5	2	0	215,86,209,45,88,125,14,192,111,141,28,69,66,21,60,41,100,9,147,117,74,36,166,116,176,131,183,194,170,149,52,140,93,173,17,169	8,4,0.2925,0,87;3,2,0.3715,0,44;3,2,0.4015,0,201;1,4,0.1525,0,82;3,5,0.9635,0,251;4,1,0.8025,0,151
ood_compose_regime-01705	5	2	2	186,167,54,141,189,147,84,61,209,111,79,151,45,21,69,17,15,66,155,123,32,161,184,4,38,88,201,40,135,100,93,140,117,206,206,115	3,5,0.3635,0,63;7,4,0.0915,0,43;5,3,0.4105,0,222;6,2,0.0785,0,47;3,5,0.6925,0,134;2,5,0.8005,0,1
ood_compose_regime-01706	5	2	1	190,118,85,34,136,121,198,172,76,130,183,9,63,107,150,45,159,213,204,93,116,72,147,21,65,40,28,91,188,152,99,11,52,171,144,16	8,1,0.0805,0,24;3,0,0.1375,0,143;3,5,0.2655,3,208;3,3,0.7105,0,113;2,1,0.8905,1,214;0,0,0.0215,3,184
ood_compose_regime-01707	5	2	0	202,157,34,92,68,141,210,86,132,62,76,45,174,147,6,21,214,120,184,16,173,51,31,193,138,116,97,213,41,69,14,109,156,121,149,93	5,4,0.0715,0,208;6,0,0.3975,0,157;2,4,0.8295,0,77;3,4,0.8485,0,232;0,3,0.8715,3,55;0,2,0.4915,0,216
ood_compose_regime-01708	9	2	0	194,52,147,14,100,160,153,177,166,109,149,89,45,69,36,79,141,197,58,134,95,165,67,27,83,128,17,9,43,198,140,118,115,21,156,208	8,4,0.3175,0,117;2,2,0.7845,0,141;3,0,0.7915,0,32;6,1,0.2825,2,36;3,3,0.7495,1,28;7,4,0.9095,0,86
ood_compose_regime-01709	5	2	1	213,203,106,76,136,14,27,90,41,68,204,20,132,171,54,189,198,99,147,85,207,69,4,125,21,45,62,93,115,141,117,150,36,211,208,169	3,4,0.9645,0,44;2,2,0.3535,0,158;5,4,0.8475,0,220;3,3,0.4245,0,13;2,0,0.7895,0,192;4,2,0.1215,0,186
ood_compose_regime-01710	9	2	0	139,65,100,144,133,200,43,117,51,26,69,147,186,199,93,199,37,8,21,176,76,157,92,84,18,197,116,45,106,124,197,59,149,169,187,13	7,3,0.4245,0,163;1,3,0.7155,0,42;2,1,0.3865,0,52;3,2,0.9515,0,186;3,0,0.8925,0,8;3,3,0.6215,3,139
ood_compose_regime-01711	5	2	1	36,201,147,64,93,11,176,118,62,171,75,127,167,158,21,116,178,141,167,69,150,55,131,101,28,6,190,16,137,45,88,86,191,107,153,41	5,1,0.0395,0,11;3,2,0.2515,0,118;6,4,0.1265,0,162;2,4,0.0415,0,134;4,1,0.8475,1,140;6,1,0.2785,0,102
ood_compose_regime-01712	7	2	2	174,153,45,13,138,101,68,93,151,69,135,147,122,165,58,199,141,115,84,111,77,35,52,21,171,117,90,210,191,165,176,18,156,26,2,44	1,3,0.5195,0,209;1,1,0.8345,0,170;3,0,0.9485,0,126;4,2,0.5805,0,19;4,5,0.7485,0,55;1,5,0.4405,0,199
ood_compose_regime-01713	5	2	0	83,105,33,107,183,45,66,44,19,69,63,75,143,21,194,94,193,210,162,161,137,181,14,192,92,147,3,52,35,123,176,117,116,131,149,187	2,4,0.7575,0,169;8,1,0.8505,0,92;3,5,0.4705,0,72;2,1,0.8835,1,39;8,1,0.9995,0,83;2,1,0.3775,2,189
ood_compose_regime-01714	8	2	2	56,61,141,45,151,30,191,159,83,160,23,91,204,184,1,38,117,140,170,124,197,207,14,113,69,154,44,134,67,18,147,110,184,80,100,93	0,4,0.5585,2,214;5,4,0.8125,0,206;7,3,0.6485,0,246;7,1,0.6615,0,38;3,4,0.2725,0,9;3,4,0.9905,0,71
ood_compose_regime-01715	1	2	1	93,147,50,69,86,158,45,41,108,3,212,61,141,189,162,39,139,100,75,192,15,188,67,180,27,179,19,92,188,132,117,112,22,196,124,150	2,5,0.7075,1,247;2,5,0.3275,0,137;1,3,0.6475,0,219;2,4,0.9975,0,18;3,2,0.1025,0,107;3,2,0.6815,0,43
ood_compose_regime-01716	10	2	2	45,187,77,200,171,189,138,144,151,66,135,109,69,183,117,176,147,90,43,101,93,20,36,179,82,191,21,114,15,8,125,53,61,28,210,177	7,5,0.9775,0,198;3,2,0.6435,0,9;4,3,0.5335,0,231;4,0,0.4095,0,248;4,3,0.4305,0,7;4,5,0.5645,3,49
ood_compose_regime-01717	8	2	1	141,192,126,194,108,52,37,195,93,91,21,43,173,178,166,187,10,207,112,20,28,173,46,81,65,69,117,150,135,195,7,61,83,100,140,147	6,0,0.8905,0,143;3,3,0.7185,1,173;3,3,0.3055,0,207;8,1,0.6475,0,56;3,2,0.0375,0,227;5,5,0.8205,0,34
ood_compose_regime-01718	2	2	0	149,37,31,125,170,156,215,59,82,92,207,170,47,57,69,205,117,164,80,157,138,210,105,93,13,131,40,115,160,108,147,20,67,4,141,21	3,3,0.9265,0,79;6,3,0.1225,2,43;8,1,0.7305,0,238;7,0,0.8455,0,252;8,2,0.7875,0,131;4,1,0.4275,0,239
ood_compose_regime-01719	5	2	0	4,74,149,100,206,160,185,32,12,61,52,171,183,147,41,123,17,112,213,139,35,130,69,203,88,93,190,213,141,203,45,110,23,83,119,66	3,2,0.3205,2,180;7,1,0.3295,0,195;3,3,0.4325,0,178;1,1,0.0645,0,102;3,4,0.0285,2,48;2,0,0.7475,0,48
ood_compose_regime-01720	5	2	1	60,163,128,194,42,12,175,183,116,177,16,78,150,147,21,96,138,177,205,141,70,45,117,153,134,39,170,110,86,3,57,205,100,64,89,33	2,2,0.1025,0,44;8,5,0.5815,0,106;8,2,0.1525,1,133;5,4,0.3825,3,180;3,4,0.8325,0,200;7,4,0.4695,0,176
ood_compose_regime-01721	5	2	1	114,109,129,16,90,138,11,201,21,93,186,41,117,75,63,147,161,192,195,156,100,45,5,150,39,210,166,132,161,141,84,65,54,70,163,33	4,1,0.0655,0,43;8,5,0.2055,0,143;5,5,0.3375,1,119;2,2,0.5635,0,70;3,3,0.4405,0,183;8,2,0.5455,0,230
ood_compose_regime-01722	10	2	0	191,106,28,149,201,147,42,81,117,37,52,45,166,92,205,209,105,86,20,65,69,21,131,125,139,15,210,204,9,62,153,141,209,212,93,113	8,5,0.9195,0,59;3,3,0.4045,0,52;3,4,0.3795,0,250;8,4,0.9725,0,178;8,0,0.3945,0,206;4,1,0.7085,0,146
ood_compose_regime-01723	5	2	1	90,131,182,147,115,2,26,63,23,193,141,16,93,167,68,45,203,38,69,52,150,136,10,100,196,42,76,207,169,193,127,203,162,110,117,85	1,0,0.1155,2,254;1,4,0.4135,0,201;3,5,0.8965,0,85;3,3,0.5215,0,52;3,4,0.6255,0,191;6,1,0.0905,0,110
ood_compose_regime-01724	10	2	1	44,147,102,45,15,205,141,20,51,29,121,198,215,168,69,59,131,117,64,168,174,93,92,76,203,39,205,137,23,114,150,110,164,8,152,86	7,5,0.9205,2,27;4,5,0.8365,0,151;2,1,0.0365,0,184;3,4,0.8925,0,190;5,4,0.5985,0,215;0,1,0.3355,0,162
ood_compose_regime-01725	2	2	2	151,162,11,82,9,93,198,215,215,141,155,28,21,52,81,38,113,189,66,20,174,201,110,105,45,172,69,90,132,41,58,138,123,117,166,147	8,1,0.8715,0,193;3,4,0.2345,0,14;3,0,0.4775,0,23;8,0,0.4285,0,241;8,4,0.2615,0,215;2,2,0.5015,0,81
ood_compose_regime-01726	10	2	2	208,214,109,160,147,184,180,154,56,96,203,19,114,90,35,151,125,63,135,43,11,66,204,195,69,117,27,86,140,1,75,21,45,100,141,167	0,1,0.6125,0,168;2,1,0.7265,0,37;7,5,0.5115,0,52;2,4,0.4855,3,201;3,3,0.4905,0,254;4,5,0.9295,0,33
ood_compose_regime-01727	5	2	0	124,63,100,4,90,47,198,116,167,154,188,202,141,149,154,215,130,136,66,147,76,186,69,34,178,25,117,52,215,18,109,82,10,93,43,21	3,0,0.5895,0,224;0,0,0.7495,2,237;3,5,0.5915,0,167;3,0,0.4545,0,195;3,3,0.8695,0,140;3,0,0.0585,0,156
ood_compose_regime-01728	2	2	1	147,137,180,69,133,55,30,93,183,163,40,58,190,102,16,108,14,84,160,45,117,141,112,162,38,4,21,124,81,65,186,90,176,193,180,150	3,4,0.0645,0,240;5,4,0.0335,0,204;6,0,0.3725,0,94;8,2,0.4805,0,204;5,2,0.0285,0,220;3,3,0.3985,0,87
ood_compose_regime-01729	5	2	0	100,147,17,21,4,69,93,68,40,158,134,189,14,73,164,116,141,177,171,52,117,170,82,138,170,45,149,124,212,215,110,183,92,61,25,35	3,4,0.3145,0,242;0,1,0.1795,0,92;3,3,0.8815,0,251;0,0,0.8745,0,173;3,4,0.8755,0,125;3,4,0.4475,0,229
ood_compose_regime-01730	7	2	2	139,68,7,74,172,22,186,12,85,34,60,209,117,29,93,170,52,18,197,206,40,157,89,112,48,151,187,213,141,108,147,212,134,101,69,122	6,2,0.4055,1,191;4,0,0.0285,3,69;3,2,0.8195,0,127;1,3,0.2075,0,241;4,2,0.1325,0,74;1,4,0.6935,0,146
ood_compose_regime-01731	1	2	2	12,65,172,21,202,111,212,125,45,42,34,147,190,99,209,82,189,131,69,76,26,155,53,140,167,151,194,16,58,115,1,158,92,117,141,93	0,2,0.1095,0,40;1,0,0.5595,0,54;4,0,0.3145,0,92;3,0,0.9575,0,120;2,5,0.7345,0,120;4,1,0.9945,0,190
ood_compose_regime-01732	5	2	0	175,35,117,196,40,202,93,82,184,187,199,45,21,110,136,11,75,185,91,9,16,171,100,132,201,129,49,114,31,147,149,65,141,61,210,69	8,1,0.1695,0,246;6,1,0.0635,0,226;0,3,0.3015,0,156;2,0,0.7725,0,159;3,4,0.4955,0,13;8,2,0.0235,0,90
ood_compose_regime-01733	9	2	1	63,100,127,41,68,76,4,189,141,134,150,159,48,84,93,69,174,185,174,110,23,147,15,17,31,36,197,113,162,206,88,138,175,182,117,56	3,5,0.2225,2,1;6,2,0.3355,3,121;7,5,0.9635,0,230;3,2,0.0995,0,49;3,4,0.3935,0,54;6,4,0.5855,0,183
ood_compose_regime-01734	5	2	0	45,38,42,207,149,198,176,110,13,52,136,212,6,16,69,190,92,73,32,21,147,100,116,60,67,207,169,85,130,190,141,117,93,186,161,122	5,3,0.0175,0,9;7,4,0.5585,0,214;3,2,0.6035,0,0;0,3,0.8015,0,3;3,4,0.9815,0,156;1,0,0.1595,0,166
ood_compose_regime-01735	5	2	2	44,97,63,170,190,52,141,163,181,138,4,45,38,91,170,75,147,69,176,21,28,198,93,110,135,116,160,151,14,209,87,18,64,191,129,118	3,4,0.5225,0,255;3,4,0.9565,0,116;3,5,0.1735,0,83;2,5,0.7865,0,62;0,4,0.9565,1,137;8,5,0.5975,0,166
ood_compose_regime-01736	5	2	2	194,106,27,176,69,151,214,189,141,135,38,207,100,1,52,93,118,16,12,60,161,147,157,68,92,81,46,208,138,42,123,21,213,115,197,82	0,2,0.0785,0,242;2,4,0.4615,1,133;3,2,0.8095,0,174;8,0,0.8195,0,116;3,0,0.6775,1,17;2,5,0.5965,0,104
ood_compose_regime-01737	5	2	0	147,182,45,28,101,15,160,159,140,154,91,65,212,141,164,24,8,63,82,109,69,50,153,132,20,149,93,162,177,113,117,123,76,42,195,39	7,5,0.8825,3,212;3,5,0.4835,0,220;1,5,0.3815,0,9;3,0,0.7135,0,205;4,3,0.2195,0,77;2,2,0.9795,0,94
ood_compose_regime-01738	5	2	2	93,151,154,8,174,171,203,24,199,141,41,167,117,105,36,85,71,138,45,50,112,89,63,212,147,158,154,28,64,76,13,152,111,123,131,19	7,3,0.7975,3,250;3,2,0.3205,0,147;1,5,0.1225,2,186;3,3,0.3085,0,125;8,5,0.1195,0,14;2,1,0.5885,0,118
ood_compose_regime-01739	2	2	2	42,182,136,158,147,8,173,181,182,171,93,128,45,11,111,198,214,67,192,87,58,142,17,36,88,112,151,185,117,52,104,29,80,131,69,21	7,1,0.2895,0,24;4,2,0.5575,0,205;3,0,0.7065,0,8;7,5,0.0255,0,201;7,5,0.1635,0,21;7,1,0.1085,1,234
ood_compose_regime-01740	5	2	2	45,9,176,172,147,139,107,51,185,88,151,164,215,12,16,103,188,166,69,133,41,78,117,36,198,115,24,96,85,141,169,207,62,124,27,66	8,2,0.1505,3,115;2,2,0.2445,0,195;2,4,0.5545,0,215;5,3,0.1885,3,18;6,1,0.6485,0,87;3,3,0.7285,0,135
ood_compose_regime-01741	2	2	0	114,93,141,60,117,201,45,136,124,54,130,149,180,66,159,73,100,19,191,90,15,35,196,162,9,86,206,70,195,41,186,108,26,147,21,205	8,5,0.6975,0,104;1,1,0.3265,0,114;5,2,0.4915,1,149;0,4,0.4845,0,206;3,2,0.5775,0,227;3,0,0.1515,0,210
ood_compose_regime-01742	5	2	1	24,168,19,150,99,116,141,82,108,202,118,43,74,65,191,140,147,124,171,134,69,93,53,7,168,92,60,37,13,213,201,196,179,29,179,45	6,3,0.7845,3,163;4,3,0.6885,0,235;4,2,0.3885,0,184;1,0,0.8835,0,145;2,2,0.9055,1,236;3,4,0.8585,0,131
ood_compose_regime-01743	5	2	0	69,168,21,202,165,208,43,134,84,15,165,143,176,111,28,100,89,4,196,113,50,149,68,63,81,93,117,140,124,36,147,17,45,199,215,212	3,5,0.3395,0,155;3,2,0.7775,0,131;1,5,0.8285,0,127;8,2,0.2445,0,121;3,5,0.3965,0,136;3,4,0.9925,2,51
ood_compose_regime-01744	9	2	1	51,167,80,203,62,159,176,45,86,93,147,69,10,1,178,211,109,92,19,134,40,21,100,25,66,197,129,166,163,117,139,214,142,150,38,113	0,0,0.6375,0,182;0,4,0.1425,0,125;2,4,0.5975,0,221;7,4,0.9285,0,39;3,3,0.3735,0,171;8,4,0.7735,1,94
ood_compose_regime-01745	5	2	0	161,55,66,186,182,45,158,88,42,28,149,86,186,39,134,14,106,147,112,141,117,69,24,165,75,3,103,136,161,93,211,16,171,58,126,165	2,4,0.0225,3,175;3,5,0.5055,0,208;6,0,0.5685,0,109;2,4,0.1235,0,49;6,0,0.1805,0,118;5,4,0.1045,0,58
ood_compose_regime-01746	5	2	2	76,45,151,147,4,186,141,100,19,117,10,90,106,21,208,62,155,69,34,154,93,85,121,161,68,41,56,204,152,192,132,176,136,25,114,166	3,0,0.6775,0,133;0,0,0.2085,0,45;7,4,0.8795,0,119;3,3,0.4155,0,137;3,0,0.4695,0,186;0,2,0.0665,0,119
ood_compose_regime-01747	2	2	2	179,107,137,70,195,21,43,212,190,86,151,81,95,167,141,61,4,202,12,184,35,54,133,115,67,90,20,98,45,212,27,122,213,181,117,147	3,2,0.9605,0,62;2,1,0.7315,0,155;5,3,0.6535,1,21;8,4,0.5065,2,20;1,1,0.7575,0,188;1,3,0.2525,0,0
ood_compose_regime-01748	8	2	2	147,102,69,19,111,91,117,76,40,65,138,204,143,156,134,169,151,82,163,115,31,45,189,52,1,36,205,172,198,24,93,124,62,11,180,160	0,1,0.7455,3,244;6,2,0.1155,0,35;3,4,0.2505,0,163;3,0,0.6745,0,102;5,5,0.7085,0,22;3,4,0.5415,2,155
ood_compose_regime-01749	5	2	2	132,180,85,116,52,103,165,39,17,170,127,27,48,60,215,69,166,151,68,120,92,79,158,93,163,141,147,4,180,40,200,21,191,10,106,140	3,0,0.3645,0,196;2,5,0.1645,3,198;3,2,0.9755,0,146;6,3,0.9505,0,33;6,0,0.9085,3,80;6,2,0.9005,0,66
ood_compose_regime-01750	5	2	0	196,86,124,132,67,209,89,155,44,114,197,147,138,6,51,162,184,11,37,93,106,99,209,75,183,20,119,60,170,28,149,174,45,69,141,22	5,1,0.9325,1,5;3,3,0.8505,0,65;2,2,0.7755,0,208;2,4,0.3985,0,121;2,0,0.5795,2,113;3,2,0.4245,0,243
ood_compose_regime-01751	8	2	2	13,167,114,89,19,140,135,6,86,97,178,156,147,44,128,215,208,151,56,117,164,59,21,93,64,36,144,215,198,30,107,163,211,69,45,76	5,3,0.6955,0,164;5,2,0.8585,0,38;7,1,0.1455,0,2;3,4,0.3455,0,31;0,1,0.5025,0,118;7,5,0.9225,3,248
ood_compose_regime-01752	8	2	1	82,157,4,93,114,12,213,160,69,132,147,63,141,111,38,124,150,28,67,188,16,76,102,47,91,120,24,166,165,208,172,190,54,152,140,43	3,2,0.0045,3,44;3,4,0.7085,2,97;5,5,0.7695,0,210;3,0,0.7335,0,184;5,5,0.4845,3,248;3,2,0.9725,0,6
ood_compose_regime-01753	5	2	0	196,139,182,45,123,43,117,169,22,18,149,106,88,204,176,134,32,34,173,116,99,157,67,152,63,168,52,93,168,14,8,147,141,76,69,85	7,4,0.4765,1,130;7,0,0.7045,0,0;3,5,0.6345,0,29;3,3,0.1835,0,195;2,0,0.9185,0,180;2,4,0.7125,0,102
ood_compose_regime-01754	7	2	2	59,192,174,136,151,21,152,190,109,10,41,208,141,194,85,92,125,45,28,187,9,56,68,214,34,133,172,184,113,117,93,101,74,69,19,147	8,0,0.6475,0,202;3,0,0.3085,0,129;7,1,0.8575,0,12;1,3,0.9905,0,9;4,3,0.3245,0,117;4,3,0.0975,0,202
ood_compose_regime-01755	5	2	2	183,38,60,71,157,212,83,21,184,108,117,141,151,18,154,130,95,112,4,99,53,158,45,14,74,25,139,147,90,64,180,214,42,124,168,180	3,4,0.5395,0,127;0,4,0.5125,0,213;4,2,0.1115,2,36;1,1,0.4455,2,93;2,2,0.0855,0,61;3,0,0.7805,0,43
ood_compose_regime-01756	8	2	2	37,93,63,116,50,8,206,124,177,108,30,10,141,120,178,179,89,21,45,147,83,137,71,212,176,175,65,205,16,159,175,97,42,151,81,135	7,0,0.1805,0,166;5,3,0.4345,0,122;1,5,0.3125,2,161;8,1,0.3355,0,84;0,2,0.8325,3,23;3,5,0.2355,0,77
ood_compose_regime-01757	5	2	1	2,214,93,20,147,84,144,171,64,45,135,215,117,124,136,200,28,50,104,107,76,13,116,156,152,62,150,161,206,72,42,153,90,171,39,21	1,3,0.9315,0,76;3,5,0.4585,0,187;1,4,0.1255,3,213;3,2,0.5955,0,232;7,1,0.9505,0,230;3,5,0.1195,3,133
ood_compose_regime-01758	1	2	2	123,21,59,141,193,69,27,93,12,147,99,139,114,180,90,40,117,171,4,83,74,191,195,35,51,155,17,205,211,45,151,156,168,67,131,107	3,2,0.2355,0,253;2,1,0.1195,0,105;2,1,0.6065,0,146;1,1,0.5295,0,184;2,1,0.5185,0,173;2,1,0.7935,0,90
ood_compose_regime-01759	6	2	1	45,117,91,142,93,213,19,108,121,138,10,86,97,178,21,164,113,73,210,65,147,69,182,161,52,36,43,27,2,175,187,176,63,182,132,150	1,0,0.6915,0,143;2,2,0.6395,0,212;3,5,0.2175,0,27;0,4,0.7345,0,237;0,2,0.2985,0,223;0,2,0.4655,1,60
ood_compose_regime-01760	5	2	1	169,44,73,117,116,93,171,188,147,28,24,52,20,106,91,83,138,66,69,99,62,48,176,132,123,14,189,211,39,170,3,212,150,142,210,189	2,4,0.9815,3,24;3,5,0.8465,3,47;3,4,0.5705,0,33;0,1,0.6675,0,246;2,0,0.8785,0,46;2,2,0.4215,1,21
ood_compose_regime-01761	10	2	2	188,138,42,135,124,141,192,45,201,153,114,29,188,95,151,53,174,101,196,204,59,117,88,213,64,109,5,147,69,76,37,13,87,17,21,179	4,3,0.2485,0,98;4,3,0.5535,0,82;4,1,0.1775,0,7;3,5,0.0395,2,186;4,3,0.5085,0,222;3,5,0.5365,0,179
ood_compose_regime-01762	5	2	1	124,96,212,110,196,196,92,139,84,142,198,68,76,26,52,40,99,210,17,191,120,13,150,38,112,169,147,153,60,24,69,135,195,45,1,198	0,3,0.2845,3,217;1,4,0.0955,0,165;3,2,0.9755,0,25;3,2,0.8875,3,110;2,4,0.0125,3,174;3,5,0.6135,1,11
ood_compose_regime-01763	2	2	1	72,21,150,205,212,211,32,117,52,194,11,81,124,130,44,16,174,58,45,184,141,173,35,82,3,140,114,93,106,147,200,186,100,66,178,89	2,1,0.0065,0,151;7,1,0.8325,0,41;3,0,0.5175,3,116;8,0,0.3125,0,198;3,0,0.4565,0,26;3,0,0.9585,0,27
ood_compose_regime-01764	2	2	1	119,2,130,82,124,41,98,207,196,178,150,210,191,16,112,152,89,93,31,197,51,140,186,60,47,23,13,147,64,75,106,189,141,188,69,35	1,3,0.0955,2,24;6,1,0.2955,2,99;2,2,0.1145,0,27;2,0,0.3355,0,220;1,0,0.0585,2,74;3,0,0.8145,0,205
ood_compose_regime-01765	5	2	2	67,128,21,199,161,38,4,45,88,147,136,133,117,41,192,93,20,115,76,215,52,13,176,167,85,28,211,105,69,111,141,203,61,178,158,151	3,3,0.9375,0,152;3,4,0.3045,0,164;3,3,0.6975,0,109;3,3,0.0225,0,172;8,5,0.6235,0,142;7,3,0.1935,0,190
ood_compose_regime-01766	5	2	0	147,93,162,43,155,103,21,45,141,31,157,116,110,49,85,38,117,208,136,155,131,198,69,4,214,58,155,168,77,125,89,68,17,149,10,159	3,0,0.3345,0,155;6,4,0.6225,0,59;0,0,0.8075,0,145;4,3,0.3435,0,236;6,4,0.8965,0,141;4,1,0.0955,0,148
ood_compose_regime-01767	2	2	0	149,122,205,165,23,141,160,60,199,101,107,201,38,76,53,131,19,191,69,190,44,13,93,147,2,117,112,138,45,181,197,82,176,91,28,67	1,3,0.6005,2,184;3,4,0.9285,0,145;4,2,0.6865,0,244;3,0,0.7265,0,79;4,1,0.0325,0,246;1,1,0.4915,0,213
ood_compose_regime-01768	5	2	1	117,205,175,57,189,114,4,10,76,140,72,65,82,170,154,147,21,124,96,41,158,45,141,108,28,102,197,186,62,91,210,133,16,37,206,150	3,0,0.0315,0,122;3,3,0.3935,0,121;8,4,0.3965,3,254;3,0,0.7045,3,124;5,2,0.4205,0,228;3,3,0.9745,0,201
ood_compose_regime-01769	5	2	2	85,164,184,114,141,28,60,68,179,45,69,139,129,74,190,94,151,178,37,194,173,43,19,215,147,117,21,91,205,185,49,107,15,98,131,4	3,5,0.7705,0,138;3,3,0.7485,0,7;0,2,0.8855,0,63;1,3,0.6635,1,17;1,1,0.4025,0,175;8,1,0.7565,0,213
ood_compose_regime-01770	5	2	2	57,21,78,85,134,164,117,16,68,9,115,166,147,42,211,27,195,141,170,138,124,69,151,62,12,93,158,214,45,175,34,89,204,99,189,110	8,2,0.1575,0,249;2,0,0.4285,0,207;8,4,0.8525,0,17;5,3,0.3125,0,143;2,4,0.6725,0,125;3,4,0.4625,0,224
ood_compose_regime-01771	9	2	2	91,27,18,161,172,80,12,21,169,197,69,187,188,141,169,116,215,43,63,93,65,56,147,6,151,138,86,130,209,117,38,104,206,124,45,107	5,2,0.5855,0,112;2,4,0.6095,0,175;7,5,0.2935,0,108;7,4,0.6935,0,178;7,1,0.9065,0,3;3,0,0.5855,0,173
ood_compose_regime-01772	1	2	0	143,117,207,106,21,147,197,58,36,155,82,191,170,167,130,65,99,19,45,201,158,75,116,209,42,149,93,90,174,140,5,12,27,123,52,69	4,2,0.7035,0,134;2,2,0.5575,0,121;3,0,0.3485,0,197;2,0,0.5225,0,101;2,0,0.8265,0,228;2,0,0.9065,2,2
ood_compose_regime-01773	8	2	1	67,80,35,69,150,56,132,114,95,104,176,6,170,45,83,40,205,91,200,175,21,117,20,210,171,59,140,106,124,193,147,32,15,200,141,210	5,5,0.8255,0,197;7,1,0.1935,0,144;7,1,0.7225,0,2;7,1,0.6235,2,16;7,0,0.4115,0,244;3,2,0.8715,0,157
ood_compose_regime-01774	5	2	0	191,28,44,21,108,147,73,182,19,114,117,132,124,45,3,213,139,149,183,59,38,99,156,196,67,82,203,11,89,141,69,156,183,93,51,203	2,1,0.7185,0,184;3,4,0.9635,0,74;2,1,0.7405,0,5;0,0,0.2405,0,254;2,2,0.5375,0,224;3,2,0.7975,0,71
ood_compose_regime-01775	5	2	0	59,93,104,201,168,24,194,68,117,128,149,181,39,44,113,76,170,141,85,8,194,32,147,106,214,57,16,130,191,92,137,70,152,47,197,15	7,5,0.0585,3,124;7,5,0.8255,2,41;8,1,0.8295,1,124;3,3,0.8125,0,27;7,0,0.3605,0,136;7,0,0.2005,0,118
ood_compose_regime-01776	5	2	1	185,60,210,138,21,28,213,14,193,20,64,45,42,119,124,55,147,215,141,93,4,38,153,73,69,203,150,172,113,185,135,111,83,100,90,193	3,4,0.8575,0,123;3,4,0.4585,0,107;6,2,0.1115,0,251;0,1,0.4045,0,71;3,5,0.3095,2,181;3,5,0.5045,0,172
ood_compose_regime-01777	2	2	0	65,73,189,45,29,21,185,1,60,182,149,108,115,89,136,167,19,125,35,199,69,182,93,175,42,100,117,53,202,175,141,10,147,133,206,85	0,0,0.6595,0,19;4,1,0.5425,0,43;4,2,0.2655,0,211;0,3,0.3755,0,19;3,2,0.7295,0,242;4,3,0.1885,0,205
ood_compose_regime-01778	8	2	1	93,140,111,7,141,85,117,18,208,113,206,21,150,174,147,198,187,159,54,156,34,68,202,45,28,80,156,88,44,178,126,102,132,14,61,69	6,4,0.5425,0,93;3,0,0.8835,0,65;5,3,0.8945,0,121;7,3,0.1625,0,70;5,5,0.2905,0,49;5,2,0.8575,0,116
ood_compose_regime-01779	5	2	0	139,109,182,39,141,154,4,58,164,93,17,42,75,86,147,117,28,171,89,127,182,132,154,116,52,168,187,69,68,149,202,47,202,100,13,23	3,3,0.3115,2,163;3,5,0.4795,2,50;3,0,0.9965,0,13;2,4,0.3765,0,104;3,3,0.8515,0,3;6,2,0.7825,0,90
ood_compose_regime-01780	2	2	0	149,163,31,203,213,183,21,147,141,183,69,139,184,93,130,204,124,47,3,43,16,166,97,38,67,117,107,190,75,89,84,51,59,10,163,116	2,0,0.1705,0,131;6,4,0.6465,2,223;2,1,0.6965,0,74;2,2,0.2605,0,248;0,1,0.9245,0,98;3,0,0.7655,0,85
ood_compose_regime-01781	5	2	1	93,21,52,43,208,139,36,207,16,45,128,28,11,92,188,58,109,211,198,144,195,6,207,112,150,101,160,130,85,192,147,67,203,76,117,69	5,1,0.1095,0,217;3,2,0.7565,0,14;3,0,0.7625,0,56;3,3,0.8325,0,229;4,3,0.1495,0,222;7,0,0.7075,3,236
ood_compose_regime-01782	10	2	1	159,147,9,99,152,182,31,34,117,93,62,82,21,110,45,194,15,112,123,190,141,188,163,169,91,206,43,130,150,76,18,160,52,69,136,65	8,5,0.5015,0,194;6,0,0.6555,0,157;3,4,0.3105,0,122;3,0,0.7485,0,128;2,4,0.0805,0,170;2,0,0.1985,0,55
ood_compose_regime-01783	2	2	0	62,159,89,84,169,168,107,190,4,125,19,10,93,112,204,190,155,68,52,186,147,215,198,138,21,34,78,149,46,69,27,141,41,120,131,97	3,0,0.6385,0,168;2,0,0.3415,1,47;3,4,0.9145,0,173;5,2,0.3875,0,40;0,1,0.0845,3,63;4,1,0.4695,0,148
ood_compose_regime-01784	5	2	2	44,21,176,130,84,205,107,47,1,142,62,169,122,210,160,92,97,51,154,25,152,140,151,117,65,35,93,183,76,147,17,113,170,69,10,175	0,0,0.3065,0,2;0,1,0.8855,2,95;2,4,0.3955,0,213;3,2,0.8375,0,119;0,1,0.2745,0,230;1,0,0.9595,1,46
ood_compose_regime-01785	5	2	1	213,186,38,189,213,58,147,41,172,4,86,24,186,175,79,111,124,116,93,52,16,117,141,69,66,91,208,27,100,150,189,136,12,207,133,45	3,2,0.0925,3,202;2,4,0.2195,0,193;3,0,0.4705,0,132;6,4,0.7085,0,138;3,5,0.8485,0,128;3,3,0.0255,0,205
ood_compose_regime-01786	9	2	2	168,44,151,201,182,45,198,75,56,185,141,34,147,131,8,123,61,213,93,108,20,28,66,184,119,87,21,101,91,212,173,173,69,138,114,15	7,5,0.8095,0,29;3,0,0.9405,0,214;7,3,0.5255,0,82;2,5,0.6145,0,147;4,2,0.4975,2,171;2,1,0.5495,0,16
ood_compose_regime-01787	2	2	0	101,182,147,59,182,114,190,166,67,21,141,183,32,132,12,45,123,91,174,85,117,106,93,136,211,69,42,78,152,50,35,192,185,149,4,19	3,2,0.6805,0,132;7,1,0.5805,0,147;1,1,0.6155,0,203;5,3,0.6745,0,199;4,0,0.4835,0,172;2,2,0.1935,0,215
ood_compose_regime-01788	5	2	2	185,10,207,151,69,135,93,169,106,124,100,31,92,171,137,38,147,115,174,76,18,154,167,21,185,212,117,45,52,207,67,58,9,84,44,141	8,0,0.4725,0,86;6,4,0.9955,0,231;3,0,0.7805,0,36;3,2,0.8075,0,162;3,0,0.6205,0,206;3,5,0.2225,0,108
ood_compose_regime-01789	5	2	0	116,60,202,149,147,122,170,142,100,189,152,15,92,65,111,28,69,17,85,42,117,201,155,93,133,53,162,8,21,173,37,137,45,74,209,170	7,5,0.3865,0,8;3,3,0.5675,0,80;4,2,0.2355,0,87;1,3,0.9805,0,3;3,5,0.9515,0,209;1,3,0.3805,1,224
ood_compose_regime-01790	5	2	2	43,142,179,31,38,16,123,195,62,160,89,21,95,139,160,157,193,115,132,52,194,106,79,67,47,4,118,100,212,82,147,167,69,151,160,13	3,3,0.0605,0,177;6,4,0.7295,2,123;3,4,0.7055,0,158;6,0,0.3875,2,217;3,0,0.6795,1,253;2,2,0.6525,1,56
ood_compose_regime-01791	9	2	0	138,168,147,64,32,19,10,133,59,194,104,171,124,93,164,116,55,211,157,42,86,109,45,74,141,118,181,69,37,167,21,3,149,181,171,88	2,0,0.7365,0,106;7,3,0.5905,0,71;6,1,0.0725,0,114;1,4,0.1225,0,85;7,3,0.8235,1,61;3,3,0.4105,0,4
ood_compose_regime-01792	10	2	1	84,150,108,191,175,94,58,153,115,135,43,30,140,200,117,14,100,20,154,144,205,194,81,51,35,201,64,196,69,156,9,21,45,147,92,129	8,4,0.9665,0,144;5,1,0.7735,0,79;2,0,0.1405,0,51;8,2,0.8795,1,101;3,2,0.6055,0,63;8,5,0.8545,3,49
ood_compose_regime-01793	5	2	2	28,13,93,69,182,141,113,39,64,173,213,198,122,147,21,76,174,208,41,20,138,111,130,100,82,88,168,117,45,62,52,4,177,153,151,181	3,3,0.8435,0,233;3,5,0.2265,0,247;3,4,0.1945,0,218;3,0,0.0795,0,226;3,5,0.2035,0,35;1,0,0.5215,0,115
ood_compose_regime-01794	5	2	0	10,111,160,189,4,68,140,147,153,21,152,135,164,32,63,43,162,104,174,69,124,117,173,45,80,93,176,35,149,114,17,141,86,89,213,52	3,0,0.2595,0,4;7,1,0.6905,0,208;3,5,0.8975,0,221;7,4,0.2505,0,46;7,5,0.4805,0,29;3,5,0.9795,0,142
ood_compose_regime-01795	10	2	2	109,117,93,173,13,82,212,21,115,147,160,38,196,130,174,59,45,49,101,167,208,16,66,77,72,141,183,91,139,160,175,123,151,5,44,28	4,3,0.0815,0,94;3,4,0.8025,0,153;0,1,0.5925,3,188;4,0,0.7605,0,54;4,3,0.7225,0,93;2,0,0.6125,0,111
ood_compose_regime-01796	2	2	0	59,14,35,76,171,105,168,114,117,182,156,56,107,91,147,84,155,69,93,141,131,17,159,159,9,21,29,43,139,162,149,187,121,45,162,64	8,4,0.3995,0,82;4,1,0.6235,0,23;7,1,0.0415,0,82;3,2,0.6925,0,5;8,1,0.5325,0,130;0,1,0.7695,0,191
ood_compose_regime-01797	10	2	0	193,149,117,9,136,60,111,40,184,212,196,160,37,31,64,86,197,141,182,69,124,19,113,91,181,10,100,184,45,147,21,93,81,202,57,134	8,0,0.6315,0,2;6,3,0.1845,0,4;8,2,0.1035,0,217;8,4,0.6775,0,214;3,5,0.3705,0,11;3,4,0.0145,0,245
ood_compose_regime-01798	10	2	0	188,53,5,37,187,125,91,87,69,31,76,133,21,19,116,168,117,102,163,65,149,211,141,147,45,182,158,13,60,189,189,108,41,166,93,138	4,3,0.6135,0,143;6,3,0.2095,0,189;4,2,0.3265,0,86;3,5,0.6895,0,57;5,2,0.8825,0,133;4,3,0.5575,0,67
ood_compose_regime-01799	5	2	1	111,113,201,124,158,68,91,3,192,203,52,100,82,214,187,25,60,215,137,147,74,141,178,41,117,175,11,20,21,134,45,188,93,150,36,72	2,1,0.9355,0,104;0,2,0.3085,0,96;3,2,0.8375,3,48;1,0,0.7435,0,51;3,5,0.2055,0,213;3,4,0.2885,0,62
ood_compose_regime-01800	9	2	0	18,88,113,109,68,21,147,131,45,201,138,158,198,56,42,160,156,96,186,13,128,144,83,8,69,152,58,117,104,28,173,156,154,149,77,37	7,3,0.5415,0,29;3,3,0.4965,0,142;7,0,0.9515,0,100;4,1,0.1835,3,143;7,3,0.3065,0,30;7,1,0.4135,3,136
ood_compose_regime-01801	5	2	1	111,208,14,79,132,16,137,40,141,85,116,21,186,57,173,100,28,96,9,71,150,88,176,213,163,117,67,202,147,129,59,186,45,37,192,205	8,4,0.0235,0,179;3,3,0.1545,0,157;8,1,0.6415,2,176;6,3,0.0435,3,117;3,5,0.9235,0,195;8,2,0.3225,0,3
ood_compose_regime-01802	5	2	1	40,69,154,165,16,13,68,212,51,141,162,124,37,4,190,21,91,86,188,147,110,120,75,32,155,150,93,140,99,45,165,113,190,59,134,183	3,3,0.0165,0,40;7,3,0.0465,0,171;2,1,0.9265,0,189;2,4,0.6235,0,44;2,4,0.3665,3,161;3,4,0.9965,0,63
ood_compose_regime-01803	5	2	0	203,152,52,4,141,43,174,200,127,173,136,197,130,81,108,166,101,91,178,20,13,66,149,34,183,69,82,21,147,25,93,153,62,119,115,45	3,3,0.9105,0,47;0,0,0.7665,0,228;3,4,0.5365,0,89;8,0,0.6695,0,31;4,2,0.6895,2,89;6,0,0.0535,0,254
ood_compose_regime-01804	8	2	1	93,45,40,210,208,147,6,60,172,36,21,117,25,192,180,76,134,69,89,18,215,211,154,110,124,143,163,68,86,11,152,99,150,113,54,138	5,1,0.4705,0,178;0,2,0.1465,0,245;5,2,0.8835,0,71;3,4,0.2775,0,16;2,4,0.2695,0,119;3,4,0.4165,2,243
ood_compose_regime-01805	2	2	1	11,110,42,141,198,212,166,163,28,57,68,80,117,154,201,136,93,21,209,69,34,150,45,208,197,147,59,89,20,196,112,135,105,6,82,124	5,1,0.8825,0,95;3,0,0.5645,0,61;8,1,0.9415,0,158;7,0,0.3235,0,101;8,4,0.1295,0,162;3,5,0.0875,0,200
ood_compose_regime-01806	5	2	1	130,3,153,28,183,168,161,150,110,152,65,17,125,154,15,98,170,197,158,36,62,56,141,117,85,69,93,45,21,116,74,42,147,136,88,159	2,5,0.2895,0,66;3,2,0.4395,0,234;7,4,0.2545,0,233;1,3,0.1445,0,74;1,4,0.9435,0,59;4,0,0.1235,0,51
ood_compose_regime-01807	5	2	2	89,40,74,195,15,46,87,158,5,172,111,17,113,93,100,69,59,175,151,123,171,38,201,188,131,21,139,49,27,141,117,147,177,199,177,67	4,5,0.3735,0,87;2,4,0.1845,1,8;0,1,0.6595,0,38;1,5,0.2385,0,193;3,5,0.3745,0,200;2,1,0.6245,0,60
ood_compose_regime-01808	2	2	0	33,190,187,106,169,54,91,206,66,41,35,180,114,2,130,74,21,166,45,117,100,123,149,209,136,10,87,19,62,198,147,141,191,197,69,95	1,0,0.7975,0,125;8,1,0.3935,0,72;5,4,0.5785,0,24;1,5,0.6885,2,156;3,0,0.4535,0,190;2,0,0.0365,0,6
ood_compose_regime-01809	10	2	0	156,134,112,45,177,203,64,124,5,172,182,69,117,188,160,141,82,176,101,29,77,93,163,91,18,205,147,39,40,53,63,149,21,15,137,109	4,5,0.4065,0,44;4,5,0.1475,0,255;4,5,0.1415,0,47;4,0,0.6105,0,35;4,3,0.0145,0,186;3,4,0.3095,0,248
ood_compose_regime-01810	5	2	0	117,209,55,69,67,48,178,201,156,93,109,141,139,82,149,76,36,60,130,199,210,91,18,112,196,3,23,123,40,103,159,14,147,27,172,207	2,4,0.4895,2,215;2,2,0.0495,3,198;6,2,0.7925,0,197;3,0,0.6575,0,197;6,3,0.1595,0,58;2,0,0.7985,0,170
ood_compose_regime-01811	5	2	0	52,186,130,116,15,111,141,117,75,44,17,149,140,210,185,177,122,58,157,147,88,167,71,45,38,100,21,84,93,184,214,212,180,32,6,65	5,5,0.3895,0,44;7,4,0.8035,0,218;3,0,0.2565,2,227;2,2,0.0865,0,131;3,5,0.9515,0,79;1,0,0.8275,0,208
ood_compose_regime-01812	10	2	1	69,100,155,159,109,17,58,45,68,162,114,77,126,134,166,53,117,158,93,38,174,152,141,6,197,43,150,91,32,138,198,87,15,22,211,147	5,5,0.3245,1,87;7,4,0.7605,0,22;4,0,0.9125,0,121;4,5,0.6455,0,173;3,3,0.5775,0,215;5,4,0.5905,0,111
ood_compose_regime-01813	8	2	1	186,141,65,87,199,26,5,41,114,181,147,154,54,13,78,63,117,89,130,69,209,137,104,111,179,163,47,177,150,24,38,93,124,152,18,161	4,3,0.4225,3,176;1,4,0.3895,2,133;5,5,0.3915,0,232;5,5,0.3205,0,78;7,5,0.5605,0,23;3,0,0.2195,0,4
ood_compose_regime-01814	9	2	0	96,124,40,38,153,161,157,159,169,18,53,66,28,111,72,113,12,4,45,171,147,21,141,58,92,136,79,104,84,149,133,176,199,201,193,117	3,2,0.5475,0,87;3,4,0.1465,0,167;4,0,0.4795,3,111;6,2,0.8315,3,193;7,5,0.2315,0,81;3,3,0.1605,0,185
ood_compose_regime-01815	2	2	0	147,107,206,4,212,149,166,33,45,42,205,21,54,118,123,85,180,38,73,90,69,14,139,162,156,96,101,19,130,161,178,116,141,59,206,68	3,4,0.6165,0,65;8,4,0.4175,0,45;5,1,0.8355,0,152;0,3,0.5355,3,38;4,1,0.9415,1,150;2,0,0.7985,0,81
ood_compose_regime-01816	5	2	0	45,213,80,117,187,141,43,100,31,147,203,13,136,2,207,211,69,18,192,82,90,36,213,93,133,109,208,50,171,149,124,114,190,21,66,59	1,3,0.4555,0,207;6,2,0.6565,0,133;1,1,0.4005,0,90;7,0,0.4695,0,40;3,3,0.5385,0,123;3,3,0.0065,0,159
ood_compose_regime-01817	5	2	2	171,109,139,41,133,184,59,68,93,158,26,112,147,118,91,19,34,87,141,69,74,178,127,191,191,208,156,204,13,45,104,4,21,151,53,184	3,3,0.7365,0,238;1,0,0.3025,0,254;4,1,0.9925,0,198;1,5,0.7615,0,248;7,3,0.1095,1,2;6,3,0.7565,0,22
ood_compose_regime-01818	2	2	1	183,16,173,56,141,106,212,86,81,88,206,6,13,176,161,116,64,69,62,100,26,138,181,41,131,35,195,155,96,147,202,117,150,22,45,126	5,3,0.0825,1,227;1,1,0.3965,0,35;7,4,0.0465,0,5;8,4,0.1445,3,59;3,0,0.9885,0,72;5,1,0.5175,0,192
ood_compose_regime-01819	10	2	0	201,86,59,154,17,130,21,161,156,97,129,153,67,179,47,33,141,92,4,149,10,81,139,57,69,93,163,107,38,115,166,40,147,173,177,118	3,0,0.2075,0,200;8,4,0.1355,2,235;8,1,0.7685,0,16;8,4,0.9425,0,80;0,1,0.7355,1,29;8,0,0.6655,0,194
ood_compose_regime-01820	5	2	2	13,16,135,203,202,89,42,85,147,46,124,151,193,35,106,162,117,31,141,170,162,65,158,50,203,2,96,77,113,200,69,103,207,59,21,137	1,3,0.0345,0,3;6,1,0.4405,1,225;1,1,0.2235,0,24;4,3,0.2325,3,58;6,0,0.2065,0,181;3,5,0.2375,0,84
ood_compose_regime-01821	2	2	0	112,45,12,177,141,195,170,83,55,4,161,65,21,20,132,147,32,165,160,62,117,170,34,124,70,89,159,74,156,43,100,149,138,93,153,111	3,2,0.8165,0,194;7,0,0.7545,0,154;6,4,0.2945,1,150;1,1,0.3095,0,13;3,5,0.0385,0,27;3,2,0.4365,0,247
ood_compose_regime-01822	10	2	0	180,76,27,84,61,120,162,212,69,114,90,108,161,210,21,147,152,129,16,9,165,12,102,93,39,213,149,130,48,152,43,139,182,68,53,141	8,2,0.0845,0,106;2,5,0.6335,3,69;4,3,0.8725,0,88;3,2,0.5575,0,179;5,2,0.5965,3,142;8,0,0.6625,0,6
ood_compose_regime-01823	7	2	2	185,164,105,51,113,117,2,17,151,60,133,94,34,192,92,45,69,14,122,111,141,42,205,177,65,175,83,153,138,77,209,21,28,213,170,147	1,4,0.2255,0,141;3,0,0.4475,0,231;2,2,0.2665,0,155;4,1,0.9685,1,56;8,5,0.2995,0,237;1,3,0.4275,0,105
ood_compose_regime-01824	2	2	1	59,83,43,138,132,30,56,150,88,124,93,21,112,81,69,172,158,210,189,174,185,16,45,188,199,106,208,141,9,36,147,15,117,191,99,68	8,5,0.1925,0,193;5,2,0.7865,0,46;7,1,0.8825,0,108;8,1,0.0975,0,92;2,0,0.0645,0,119;3,2,0.5195,0,72
ood_compose_regime-01825	7	2	2	174,100,176,92,35,93,173,147,11,194,86,151,214,117,177,43,108,45,66,58,21,134,30,115,141,182,170,157,74,206,56,8,138,122,16,70	7,1,0.0975,0,21;5,1,0.6795,0,27;7,0,0.5465,1,58;1,4,0.8845,0,165;3,2,0.7845,0,164;1,4,0.5705,0,183
ood_compose_regime-01826	5	2	1	157,11,41,161,129,114,136,209,147,45,150,94,21,105,68,92,52,171,36,1,86,193,141,135,63,107,120,205,172,81,69,155,18,30,199,154	0,1,0.4475,0,120;5,2,0.3335,0,177;3,5,0.8955,0,191;8,4,0.9035,1,11;8,1,0.4135,3,222;8,5,0.0185,0,239
ood_compose_regime-01827	1	2	2	93,31,69,122,203,164,176,154,141,85,151,10,137,111,187,59,89,130,197,5,195,99,45,117,173,147,21,34,213,76,57,116,65,188,16,44	4,0,0.1405,0,74;6,0,0.9085,0,166;8,1,0.3725,0,1;3,3,0.3525,0,75;2,5,0.9865,0,143;1,0,0.2345,0,238
ood_compose_regime-01828	7	2	2	147,88,83,63,151,208,122,195,176,26,74,14,102,109,2,179,43,45,117,141,198,156,140,21,178,69,113,197,93,134,67,52,39,20,153,162	1,4,0.9825,0,111;1,5,0.7525,0,178;3,5,0.6155,0,241;1,1,0.1295,0,187;5,3,0.2905,0,84;1,4,0.8275,0,44
ood_compose_regime-01829	8	2	1	47,208,84,174,106,206,147,193,54,215,66,169,166,126,36,69,73,186,140,99,133,89,13,141,21,62,44,150,33,117,154,93,113,19,4,206	3,3,0.6085,0,156;8,2,0.9625,2,170;5,4,0.4575,0,107;0,2,0.2125,0,188;2,0,0.3835,0,88;5,3,0.8675,0,246
ood_compose_regime-01830	1	2	0	110,93,86,59,147,20,139,195,103,205,69,35,10,205,91,214,40,188,75,117,141,45,114,163,123,152,179,149,130,4,202,27,21,164,54,65	3,0,0.8745,0,216;2,1,0.1635,0,16;5,1,0.2215,0,187;2,4,0.7475,0,232;6,4,0.5285,0,79;2,0,0.7505,0,179
ood_compose_regime-01831	2	2	2	193,130,11,159,52,91,190,200,151,108,42,64,154,5,141,26,45,34,160,20,165,212,62,82,100,93,185,117,76,147,69,115,156,21,127,140	4,1,0.8255,0,253;1,0,0.4815,0,33;3,4,0.0695,0,144;3,0,0.6075,0,83;3,2,0.6165,0,72;6,0,0.9795,0,130
ood_compose_regime-01832	8	2	2	152,19,68,106,117,211,136,156,93,164,82,123,71,193,186,141,63,75,182,116,30,210,52,11,100,88,21,131,3,43,151,172,196,147,38,45	2,1,0.7445,0,177;5,4,0.6025,0,35;3,5,0.9555,2,81;2,0,0.1465,0,77;3,0,0.8525,0,69;2,1,0.0735,0,19
ood_compose_regime-01833	5	2	2	100,177,134,21,69,117,38,91,52,116,93,176,204,141,166,58,198,139,76,147,190,106,199,192,211,27,45,44,151,82,68,9,124,18,207,12	8,2,0.4095,0,31;2,4,0.8315,0,228;3,0,0.9385,0,175;3,0,0.7675,0,126;3,0,0.8765,0,243;3,4,0.7345,0,6
ood_compose_regime-01834	5	2	2	34,45,151,187,175,61,69,119,211,75,90,201,44,205,27,136,213,179,67,104,87,207,141,96,182,21,116,52,147,135,19,110,168,123,12,4	3,2,0.7325,0,75;2,0,0.8915,0,146;3,3,0.7695,0,242;2,5,0.4345,3,207;7,4,0.9325,2,183;2,5,0.0955,0,136
ood_compose_regime-01835	5	2	2	100,52,44,192,21,151,34,28,60,215,92,4,114,48,106,69,153,124,153,147,204,176,187,14,84,139,141,93,134,152,157,19,117,64,78,153	3,4,0.6455,0,245;3,0,0.8205,3,214;3,2,0.0775,0,1;5,2,0.8635,0,63;3,0,0.5745,0,180;3,4,0.6395,0,35
ood_compose_regime-01836	5	2	2	40,117,14,72,198,58,81,84,204,21,151,138,47,215,131,100,203,89,207,31,113,123,147,52,19,111,141,38,202,207,64,93,4,204,215,190	3,4,0.7375,0,180;6,4,0.1955,2,186;3,0,0.0695,3,200;8,2,0.2965,0,117;3,5,0.3665,0,69;2,1,0.4355,0,97
ood_compose_regime-01837	8	2	2	173,156,184,102,153,39,61,147,21,75,192,115,30,151,181,87,215,117,130,202,6,124,69,110,141,13,93,42,52,188,89,204,140,16,64,45	5,3,0.0095,0,18;5,5,0.4025,0,250;3,3,0.1355,0,66;2,5,0.2195,0,169;5,4,0.6865,0,86;3,0,0.9445,0,72
ood_compose_regime-01838	10	2	2	212,41,21,110,69,205,163,76,57,66,141,93,63,117,147,196,139,92,84,174,195,45,6,99,20,179,121,174,34,13,132,199,26,183,151,113	5,3,0.9985,0,237;1,0,0.2065,0,241;8,5,0.5015,0,89;3,2,0.8445,0,30;2,4,0.2995,0,64;0,2,0.6295,0,129
ood_compose_regime-01839	5	2	2	147,28,158,100,139,72,45,19,199,85,174,43,34,162,93,151,63,117,90,110,141,64,164,21,76,134,53,129,204,194,213,116,14,190,179,9	8,4,0.7645,0,48;3,0,0.7785,0,196;4,5,0.0605,3,90;3,3,0.5635,0,42;3,4,0.8275,0,172;8,4,0.6535,0,142
ood_compose_regime-01840	8	2	0	126,193,194,52,11,141,89,105,21,167,75,6,87,167,35,207,147,133,45,65,69,173,58,18,112,107,149,117,43,172,163,138,25,164,94,168	5,1,0.5805,0,6;0,1,0.7025,0,81;3,0,0.3205,0,35;2,5,0.2295,1,126;8,1,0.0495,0,167;5,3,0.4675,0,156
ood_compose_regime-01841	5	2	2	203,151,214,50,107,37,117,180,176,4,167,26,93,62,172,214,142,86,180,98,76,201,45,21,124,44,64,89,69,112,175,19,137,147,13,132	3,3,0.6515,0,50;1,3,0.8085,0,177;1,4,0.1955,0,36;3,4,0.3835,0,174;1,1,0.0085,0,195;3,2,0.2015,1,198
ood_compose_regime-01842	5	2	0	132,91,76,136,64,45,43,211,15,185,6,142,85,182,210,28,195,93,52,149,37,180,70,117,61,172,121,181,111,98,23,20,205,112,147,171	5,5,0.8385,2,99;3,3,0.7995,0,13;3,3,0.1645,1,247;3,3,0.6525,0,202;1,5,0.0265,0,92;0,2,0.0915,1,161
ood_compose_regime-01843	10	2	0	147,4,199,18,140,54,15,197,102,191,164,112,109,177,84,165,64,124,44,149,39,21,60,96,212,45,144,118,201,210,91,132,69,29,78,152	3,5,0.4355,0,210;4,5,0.8325,0,69;5,2,0.0375,0,68;5,2,0.7655,3,153;5,3,0.0785,1,12;3,2,0.8865,3,54
ood_compose_regime-01844	5	2	1	72,147,115,55,42,21,183,177,205,65,101,119,109,17,88,12,86,193,45,93,183,166,39,124,166,167,61,175,5,137,150,28,130,192,76,142	4,2,0.2685,0,197;3,5,0.5185,0,193;6,3,0.2835,3,98;3,4,0.1725,0,68;4,3,0.6815,2,21;3,0,0.2625,1,2
ood_compose_regime-01845	2	2	0	211,28,194,3,53,191,117,92,58,152,108,185,23,75,71,94,189,138,131,100,113,65,197,83,180,11,182,141,40,47,121,39,203,147,149,20	2,1,0.9515,2,37;3,5,0.0795,2,10;4,0,0.3365,2,86;2,1,0.9315,1,137;3,2,0.2785,0,196;0,1,0.4925,0,107
ood_compose_regime-01846	7	2	2	106,4,38,46,172,65,163,82,28,55,69,58,183,117,115,93,154,183,182,12,76,174,147,17,40,21,152,186,122,98,172,133,140,151,141,88	3,2,0.2125,0,205;3,4,0.1765,1,204;6,0,0.3785,0,113;3,0,0.0635,0,174;1,0,0.7035,0,0;1,3,0.8115,0,209
ood_compose_regime-01847	5	2	1	67,89,199,147,62,45,79,115,108,93,208,37,21,99,201,167,197,129,51,117,28,174,10,141,83,175,69,183,150,159,18,5,137,131,205,44	4,0,0.4105,0,135;3,3,0.8905,0,236;2,4,0.6765,0,76;6,1,0.3245,0,4;2,2,0.6965,0,230;8,1,0.2425,0,167
ood_compose_regime-01848	2	2	1	88,45,20,54,117,69,203,115,211,177,189,152,173,66,24,139,80,131,147,33,100,13,96,187,34,198,175,86,150,141,43,62,4,108,188,123	3,3,0.8285,3,54;8,0,0.6885,0,180;5,4,0.4015,0,20;7,4,0.1205,3,60;3,2,0.7265,0,225;2,1,0.6785,0,211
ood_compose_regime-01849	2	2	0	65,139,171,149,101,147,11,45,117,143,29,184,132,166,7,93,127,21,85,52,62,18,44,158,186,34,189,186,203,106,194,80,115,190,69,89	6,1,0.5895,0,10;4,0,0.9835,0,164;3,4,0.2205,0,151;7,3,0.2685,0,134;4,0,0.7855,0,55;6,2,0.7685,2,83
ood_compose_regime-01850	5	2	2	172,142,69,1,214,10,28,86,93,99,121,132,36,120,153,45,59,169,55,161,191,180,151,165,107,91,73,140,44,21,162,147,68,116,166,18	0,0,0.4985,0,123;3,2,0.8085,0,79;6,1,0.9395,0,77;0,4,0.7745,0,55;2,1,0.8575,3,120;0,2,0.8775,1,118
ood_compose_regime-01851	5	2	1	69,45,140,63,124,190,177,108,141,196,161,93,42,86,204,150,100,19,184,52,3,114,169,166,165,34,73,147,66,91,135,117,11,214,23,27	2,1,0.7145,2,239;2,0,0.4945,0,180;3,5,0.5045,0,167;0,4,0.7695,0,238;3,2,0.4025,0,166;3,5,0.8385,0,198
ood_compose_regime-01852	2	2	0	201,33,166,141,69,164,125,21,5,158,147,45,10,17,100,189,193,139,115,36,44,91,149,132,56,58,95,117,183,166,172,73,67,108,158,86	4,0,0.3065,0,114;8,2,0.8575,0,218;7,0,0.7295,0,201;0,4,0.6405,2,178;3,2,0.6995,0,208;4,2,0.7505,0,35
ood_compose_regime-01853	5	2	2	180,124,115,98,177,156,68,139,37,75,86,157,141,163,147,117,45,94,209,59,44,151,31,187,189,21,17,109,14,92,7,174,69,50,135,169	6,4,0.2085,0,82;6,3,0.9595,0,118;1,1,0.9215,0,133;2,4,0.8025,1,229;1,3,0.6585,0,89;3,5,0.6235,0,93
ood_compose_regime-01854	7	2	2	93,117,89,45,147,34,68,174,213,106,206,19,116,203,122,81,62,191,21,98,28,141,200,151,203,55,153,167,135,87,43,14,140,215,2,69	1,4,0.6925,0,131;3,0,0.6955,0,33;6,4,0.8645,0,54;8,5,0.2355,0,2;1,0,0.9885,0,144;1,5,0.8305,0,217
ood_compose_regime-01855	2	2	1	157,95,130,57,123,97,176,64,78,150,139,69,19,92,62,45,85,174,30,161,181,12,42,196,106,215,21,36,194,147,4,113,197,156,141,117	3,2,0.7755,0,190;5,2,0.4885,0,205;8,4,0.0305,0,53;5,3,0.9735,2,111;0,0,0.2475,0,222;2,0,0.6625,0,159
ood_compose_regime-01856	5	2	0	141,188,12,140,215,189,179,107,77,199,93,90,21,163,119,101,147,149,52,69,122,157,164,32,5,35,195,134,115,16,84,63,176,45,66,40	4,2,0.1095,0,157;7,1,0.1495,0,197;3,5,0.4845,0,218;4,2,0.5635,0,157;4,1,0.6195,2,143;1,4,0.9915,0,212
ood_compose_regime-01857	5	2	1	179,99,183,177,152,167,28,45,124,110,116,136,141,90,52,20,75,162,41,192,21,12,61,34,150,93,4,202,147,134,117,68,69,83,215,155	3,2,0.9835,0,207;3,0,0.2315,0,177;3,3,0.9935,0,73;2,1,0.5965,0,252;2,4,0.9645,0,130;3,4,0.1665,0,49
ood_compose_regime-01858	5	2	0	16,96,149,116,117,63,207,200,82,21,67,106,162,69,155,12,130,81,214,205,39,161,141,28,89,5,159,159,147,137,101,51,45,195,125,42	4,2,0.0735,0,241;3,5,0.5065,0,53;2,5,0.7285,0,152;8,0,0.3985,3,163;4,0,0.8005,0,192;4,0,0.3045,0,125
ood_compose_regime-01859	5	2	2	147,82,158,185,50,39,40,182,110,139,99,152,124,117,115,93,12,30,151,199,67,201,180,190,90,21,180,133,45,141,167,59,6,69,74,18	5,2,0.5505,0,175;5,5,0.0605,0,130;1,1,0.7345,0,191;1,0,0.5815,0,102;2,4,0.7995,0,249;3,3,0.7045,0,158
ood_compose_regime-01860	7	2	2	100,89,136,45,187,67,87,10,133,69,122,147,19,39,158,157,106,159,205,141,117,161,51,195,169,59,188,26,4,199,114,21,74,151,93,44	3,0,0.7635,0,143;1,5,0.9345,0,20;2,1,0.7055,0,245;1,5,0.2025,0,68;3,0,0.5335,0,141;1,3,0.1985,0,45
ood_compose_regime-01861	1	2	0	147,208,206,191,66,10,90,161,16,21,143,7,136,194,113,42,82,69,190,117,45,185,194,38,59,129,188,132,27,57,111,93,100,197,149,79	6,0,0.0735,0,117;2,4,0.4865,0,118;8,1,0.4905,0,9;6,0,0.5665,0,193;3,5,0.2365,0,106;8,2,0.0015,2,254
ood_compose_regime-01862	8	2	2	141,192,54,78,132,1,147,61,30,92,44,110,113,84,138,153,165,125,100,117,191,185,45,151,93,36,13,20,200,186,182,69,66,170,183,21	0,3,0.8745,0,169;5,2,0.8905,0,149;5,3,0.4085,0,251;5,2,0.9155,0,255;3,4,0.2645,0,87;4,2,0.4385,0,170
ood_compose_regime-01863	5	2	1	156,197,61,114,68,27,137,55,78,83,173,199,45,169,100,147,19,90,3,150,93,12,197,154,36,117,21,132,168,72,41,204,109,126,141,207	2,2,0.7555,0,117;2,2,0.3345,0,61;6,3,0.9265,3,233;5,1,0.4245,0,76;3,3,0.5705,0,253;5,2,0.3595,0,185
ood_compose_regime-01864	8	2	1	158,45,133,60,168,156,18,173,42,30,115,100,89,213,126,206,111,55,150,117,138,64,203,69,4,24,93,184,36,75,147,171,15,141,214,82	3,5,0.5505,3,59;5,2,0.4065,0,86;6,2,0.1085,0,249;2,0,0.3455,0,87;3,5,0.6435,0,42;5,3,0.4555,0,33
ood_compose_regime-01865	5	2	2	66,63,124,98,113,107,12,214,53,181,154,204,141,40,45,94,3,195,119,80,139,135,27,151,185,17,188,147,89,39,82,173,24,157,160,69	2,2,0.3355,3,101;2,5,0.1035,0,140;4,5,0.4755,0,241;7,0,0.3425,1,224;1,1,0.3525,2,38;3,5,0.6405,0,14
ood_compose_regime-01866	5	2	0	147,10,52,190,66,60,177,21,158,37,104,209,210,118,135,128,82,20,76,194,137,107,43,4,213,149,28,93,186,169,199,141,69,88,116,45	3,0,0.8495,0,108;3,3,0.6345,0,77;3,2,0.5295,0,31;3,0,0.1725,0,234;7,1,0.9335,1,108;7,5,0.2775,0,4
ood_compose_regime-01867	5	2	1	82,190,45,21,208,121,191,215,181,184,108,155,68,39,73,131,44,141,140,115,9,14,188,150,99,49,93,118,194,71,62,28,206,92,19,147	8,4,0.6705,0,31;3,5,0.8675,0,193;0,4,0.8035,2,202;0,0,0.8165,0,68;2,2,0.7525,1,189;0,1,0.8325,0,19
ood_compose_regime-01868	2	2	1	187,88,73,106,42,35,103,191,152,66,49,204,141,61,124,137,155,132,150,169,29,181,159,70,204,45,114,117,190,84,12,93,18,1,22,147	0,2,0.4335,1,148;4,1,0.4215,0,167;0,3,0.5975,1,184;0,2,0.0215,0,43;6,0,0.5615,0,151;3,2,0.2905,0,120
ood_compose_regime-01869	7	2	2	21,69,176,92,193,123,118,68,93,98,86,181,147,172,110,2,215,13,151,131,29,41,20,36,179,45,197,141,137,50,160,175,63,76,115,152	1,3,0.9045,0,192;4,2,0.2655,0,11;1,5,0.8225,0,188;3,4,0.8615,0,195;1,4,0.6245,1,236;2,1,0.3265,0,223
ood_compose_regime-01870	5	2	0	110,207,152,17,128,32,93,90,178,149,85,59,136,156,100,11,135,205,68,117,42,76,147,173,187,70,7,114,35,194,54,154,21,45,144,208	6,1,0.3375,0,187;7,1,0.5345,0,49;5,1,0.8665,1,158;3,3,0.5665,0,116;3,4,0.4215,0,35;7,5,0.0425,3,229
ood_compose_regime-01871	8	2	2	32,180,69,3,206,156,89,93,100,76,34,192,10,160,67,108,147,152,21,59,112,187,157,133,192,117,151,126,141,20,51,201,138,85,45,44	2,0,0.9545,0,148;7,0,0.8245,0,210;2,1,0.7095,0,44;3,3,0.2325,0,230;3,2,0.0675,0,90;5,3,0.5865,0,254
ood_compose_regime-01872	5	2	1	14,21,107,131,99,147,192,112,72,120,150,202,200,180,84,67,202,141,91,211,93,19,29,184,50,212,37,41,45,123,4,166,76,58,139,187	3,4,0.7275,0,102;4,3,0.2065,0,173;1,0,0.6725,3,164;3,2,0.7565,0,253;2,1,0.1565,3,32;2,1,0.7385,0,248
ood_compose_regime-01873	5	2	1	91,158,141,27,154,14,85,163,69,177,213,196,132,123,147,67,178,113,150,7,45,186,117,57,76,36,58,17,93,107,98,138,167,21,153,41	6,4,0.2075,0,231;2,2,0.2825,0,163;8,0,0.7155,0,83;3,3,0.7125,0,63;1,1,0.2935,0,144;2,2,0.4085,0,44
ood_compose_regime-01874	2	2	0	87,149,44,187,69,4,21,141,167,154,14,207,161,101,68,157,117,91,193,138,125,93,169,131,162,108,77,60,33,147,113,204,46,35,19,51	3,4,0.6395,0,25;8,1,0.9585,1,120;2,2,0.8335,0,58;4,5,0.6915,0,127;4,2,0.2875,0,46;4,1,0.5765,0,254
ood_compose_regime-01875	5	2	2	211,4,141,69,93,45,39,117,68,88,157,199,181,82,168,147,60,21,127,151,134,100,158,155,138,18,53,164,76,115,214,14,106,44,28,171	3,4,0.4625,0,250;3,5,0.9965,0,9;4,2,0.9545,0,154;3,0,0.0605,0,4;3,0,0.6385,0,166;6,4,0.5845,0,236
ood_compose_regime-01876	1	2	0	157,182,93,116,42,188,130,63,178,37,179,89,73,147,178,149,144,45,21,108,192,28,68,196,196,105,85,140,14,4,120,16,51,69,165,121	3,4,0.1405,0,44;3,3,0.4765,0,72;2,5,0.8355,0,80;0,3,0.3205,0,35;8,2,0.8835,3,196;0,0,0.9435,3,15
ood_compose_regime-01877	5	2	1	12,86,45,176,127,178,41,18,37,161,100,49,29,140,185,91,193,161,150,147,71,66,76,5,106,182,116,21,118,191,131,157,93,156,58,141	4,2,0.5915,0,70;4,3,0.2555,0,135;0,0,0.5545,2,163;3,4,0.6775,0,232;3,0,0.8015,1,176;6,1,0.8785,0,69
ood_compose_regime-01878	5	2	2	151,189,74,211,100,122,69,38,189,186,186,61,170,50,117,136,147,11,141,93,8,28,214,18,157,179,65,111,45,135,113,182,24,41,89,83	7,1,0.4975,3,143;3,4,0.2325,0,225;1,3,0.3265,0,192;1,1,0.3455,0,152;3,5,0.3675,0,137;1,5,0.0235,0,86
ood_compose_regime-01879	7	2	2	197,69,4,193,153,132,90,86,50,37,21,147,151,68,109,188,18,45,207,141,185,93,44,10,199,117,157,25,121,173,159,139,113,63,80,98	3,0,0.5435,0,254;0,3,0.9135,0,111;1,5,0.8735,0,21;7,4,0.4105,0,190;1,3,0.3755,0,232;0,2,0.6925,0,71
ood_compose_regime-01880	5	2	1	4,13,43,143,52,200,153,153,93,103,117,140,21,184,160,116,58,82,45,197,204,147,179,69,67,38,90,76,176,108,159,33,132,150,16,125	3,3,0.1905,0,115;8,4,0.7925,0,162;3,0,0.6495,0,21;3,0,0.5315,0,229;6,2,0.9205,0,73;4,2,0.8715,2,97
ood_compose_regime-01881	5	2	2	140,127,104,147,206,141,174,88,165,4,171,180,46,20,21,113,36,174,191,60,156,51,132,69,67,30,151,195,78,85,187,15,43,109,117,93	3,5,0.9595,0,232;5,2,0.7295,1,182;2,2,0.6385,0,135;5,3,0.1225,0,58;7,3,0.2735,0,112;6,2,0.9695,0,48
ood_compose_regime-01882	5	2	1	212,116,147,19,90,10,187,201,100,109,28,69,36,137,170,3,93,182,124,117,133,51,75,152,63,168,42,150,181,177,47,23,196,141,64,83	2,0,0.6285,2,206;3,2,0.5615,2,16;2,5,0.0255,0,167;2,1,0.4025,0,9;3,3,0.8805,0,60;3,3,0.3915,0,170
ood_compose_regime-01883	2	2	1	147,115,14,204,139,85,180,69,28,150,124,4,210,42,155,194,94,73,21,110,167,63,64,90,57,205,188,179,119,36,141,166,48,16,130,100	3,4,0.0505,0,50;3,2,0.4455,3,123;8,5,0.0805,0,162;0,3,0.4865,1,7;3,4,0.7065,2,131;3,0,0.6955,0,250
ood_compose_regime-01884	5	2	2	214,141,159,123,44,151,174,99,210,25,45,88,69,94,213,21,75,49,206,131,67,60,115,18,180,183,4,110,171,206,117,34,138,147,86,14	3,4,0.4265,0,122;0,0,0.8225,0,60;0,2,0.6995,0,227;2,4,0.0985,1,18;2,4,0.7605,0,89;2,1,0.5835,0,229
ood_compose_regime-01885	2	2	0	48,202,207,33,100,209,43,12,52,133,176,81,147,117,21,211,173,19,65,149,108,86,4,113,141,137,164,35,178,93,90,60,157,199,126,69	3,2,0.6535,0,28;8,1,0.6255,3,198;3,2,0.2325,0,46;8,4,0.5205,0,197;3,2,0.2995,0,233;5,3,0.2985,0,138
ood_compose_regime-01886	7	2	2	169,45,157,141,214,10,69,212,215,137,92,18,168,21,100,200,68,214,114,2,55,147,134,31,194,180,41,83,58,117,106,36,74,93,122,151	1,0,0.5995,0,75;6,2,0.2485,0,168;6,0,0.9985,0,168;1,1,0.9165,0,159;3,0,0.5235,0,145;1,4,0.3065,0,9
ood_compose_regime-01887	5	2	0	52,67,42,123,164,93,7,27,107,147,138,60,193,187,184,101,13,116,117,69,161,192,177,149,132,143,85,21,187,174,89,35,77,45,198,20	6,3,0.8685,0,45;2,1,0.4285,0,109;3,2,0.6585,0,151;4,3,0.2245,0,69;4,1,0.8605,0,211;2,2,0.4975,2,80
ood_compose_regime-01888	5	2	1	76,147,180,119,69,43,105,113,190,160,92,82,17,107,144,157,137,4,200,153,45,34,154,63,204,175,65,29,93,57,133,13,150,194,21,124	3,3,0.3715,0,192;4,0,0.7355,0,82;8,5,0.3925,0,167;3,0,0.8425,0,99;8,1,0.3515,2,91;3,3,0.2815,3,84
ood_compose_regime-01889	5	2	1	141,86,76,93,117,92,45,158,69,59,206,152,136,130,21,111,30,171,113,186,182,158,4,67,150,55,147,184,191,40,101,127,19,12,183,37	3,2,0.7385,0,252;5,3,0.1605,0,205;6,1,0.6315,0,181;3,4,0.9415,0,169;4,5,0.2435,0,99;6,0,0.0835,0,63
ood_compose_regime-01890	1	2	1	179,117,144,191,28,133,150,83,20,200,188,59,67,69,45,140,21,51,99,207,4,111,197,92,173,157,147,37,154,200,40,93,128,116,10,78	3,0,0.8595,0,72;3,3,0.1865,0,42;2,1,0.7315,0,12;5,1,0.9235,0,235;2,5,0.9665,0,157;7,3,0.8585,3,156
ood_compose_regime-01891	9	2	2	21,67,155,52,3,147,190,44,11,20,25,91,143,163,60,171,207,104,93,123,45,198,69,130,168,107,161,152,80,37,87,151,114,117,192,138	2,1,0.8225,0,86;0,3,0.9615,0,146;3,2,0.7005,0,49;7,5,0.7505,0,215;7,1,0.5035,0,100;2,0,0.4595,2,15
ood_compose_regime-01892	5	2	1	27,105,155,129,45,190,138,52,3,94,41,208,150,177,187,147,187,130,74,63,178,117,88,67,202,38,115,21,86,141,15,199,204,69,17,106	2,5,0.2585,0,154;2,4,0.2145,0,112;3,5,0.7375,0,253;1,4,0.0175,1,253;8,0,0.6775,0,245;8,0,0.5515,0,31
ood_compose_regime-01893	5	2	2	108,205,21,14,158,45,203,175,131,68,62,89,151,179,8,204,160,37,136,121,158,25,87,51,43,116,183,187,93,147,141,69,117,16,76,105	7,4,0.0635,0,71;0,3,0.7835,0,166;2,4,0.8685,0,33;3,5,0.3755,0,215;8,2,0.9175,0,63;0,1,0.1595,0,177
ood_compose_regime-01894	1	2	0	210,165,27,89,21,100,93,165,204,17,133,8,116,214,141,13,36,137,80,51,149,62,147,193,198,86,154,109,124,165,67,119,43,69,213,45	7,3,0.3425,0,79;2,2,0.6035,0,118;2,4,0.7445,0,1;7,4,0.3445,0,204;3,3,0.8765,2,176;3,3,0.2995,0,171
ood_compose_regime-01895	2	2	0	136,147,193,118,210,67,69,194,52,18,195,204,170,92,73,24,86,209,194,149,130,60,124,141,41,28,34,203,45,1,109,100,96,186,10,114	0,0,0.4925,3,160;3,0,0.2405,0,195;3,2,0.6165,0,131;0,4,0.9525,3,226;3,3,0.5685,1,226;3,0,0.1575,0,243
ood_compose_regime-01896	5	2	0	28,63,69,142,138,122,46,214,66,147,36,100,171,86,17,111,208,76,2,42,112,149,134,168,215,118,94,197,180,52,91,179,11,182,21,155	1,1,0.3655,0,95;3,2,0.5245,1,2;3,5,0.4205,0,139;3,4,0.6535,1,14;3,5,0.1265,1,140;1,4,0.4965,1,70
ood_compose_regime-01897	1	2	0	141,21,189,11,108,69,82,206,112,185,89,27,155,45,139,162,149,76,59,93,123,67,43,204,179,51,130,9,38,99,117,147,187,215,16,209	8,1,0.0855,0,96;2,4,0.7645,0,25;2,1,0.7925,0,138;3,0,0.2445,0,16;2,2,0.0735,0,2;2,0,0.7145,0,38
ood_compose_regime-01898	10	2	1	77,36,100,183,117,87,169,213,141,178,43,147,113,138,126,62,192,30,133,3,21,155,93,16,92,198,150,161,181,67,45,159,12,52,69,108	2,2,0.0335,0,130;5,2,0.6335,0,39;3,4,0.7215,0,128;4,5,0.8125,0,1;3,2,0.3945,0,187;5,3,0.4715,0,242
ood_compose_regime-01899	10	2	2	31,38,175,141,158,18,174,4,196,62,81,65,21,194,42,205,137,71,10,103,123,151,209,87,208,90,113,117,130,109,54,147,93,46,190,184	3,0,0.5495,0,91;6,4,0.4065,1,126;5,4,0.3175,2,160;8,5,0.5175,0,228;6,3,0.3435,0,105;2,0,0.2995,0,7
ood_compose_regime-01900	8	2	0	213,215,75,88,135,197,61,37,181,53,149,69,110,42,194,20,45,93,211,12,162,211,147,206,115,30,4,102,140,22,193,87,67,124,117,141	3,2,0.9535,1,98;5,3,0.5035,0,170;4,3,0.7435,0,134;2,5,0.1175,0,16;5,4,0.7985,0,211;3,5,0.9525,0,241
ood_compose_regime-01901	5	2	2	130,136,4,177,93,21,18,89,117,206,186,190,44,69,103,151,144,107,208,30,57,10,147,85,153,45,157,157,116,65,63,76,128,37,190,207	3,0,0.5235,0,105;5,3,0.8075,0,24;8,5,0.2365,0,41;3,3,0.2365,0,146;6,1,0.9245,0,198;7,0,0.1255,3,159
ood_compose_regime-01902	8	2	2	115,147,4,134,186,212,10,204,136,95,68,85,159,210,76,212,99,28,91,69,151,117,106,212,209,38,54,211,154,45,63,123,42,141,21,16	3,0,0.0645,0,114;3,4,0.4315,0,42;5,5,0.8185,0,197;3,3,0.7735,2,10;2,0,0.6645,0,166;2,4,0.0255,0,215
ood_compose_regime-01903	8	2	0	140,175,12,31,103,208,126,68,112,60,187,149,147,93,6,173,35,135,44,141,20,201,21,211,161,52,107,189,192,79,117,195,45,85,69,88	5,2,0.9235,0,236;6,1,0.8705,0,123;3,2,0.9335,0,241;6,3,0.0945,0,252;6,1,0.1555,0,118;5,5,0.9315,0,250
ood_compose_regime-01904	6	2	2	110,67,21,113,14,159,154,215,25,178,141,151,85,93,53,37,70,200,136,173,153,41,147,117,45,91,60,186,181,135,205,98,4,20,123,73	3,4,0.9145,0,137;0,3,0.2605,0,24;4,2,0.6025,1,159;0,3,0.6425,0,47;1,4,0.2145,0,26;2,5,0.0475,0,200
ood_compose_regime-01905	5	2	1	91,61,32,150,106,42,79,187,197,69,83,122,105,157,116,206,160,201,183,188,139,5,52,182,17,68,117,22,39,93,173,15,141,134,147,47	4,5,0.2515,1,51;7,5,0.4985,2,75;3,3,0.8065,0,137;6,1,0.7095,0,161;8,0,0.9195,0,210;1,4,0.6985,0,141
ood_compose_regime-01906	7	2	1	10,140,129,66,206,193,105,119,39,90,116,85,208,189,130,21,3,141,58,76,69,206,26,50,150,152,213,93,170,180,147,19,210,43,45,107	2,0,0.6575,0,156;1,5,0.6755,0,221;1,0,0.4395,0,3;3,3,0.4305,0,198;8,1,0.8655,2,211;8,0,0.8155,0,209
ood_compose_regime-01907	5	2	2	58,11,124,28,93,136,141,45,178,21,43,84,186,111,3,92,187,16,118,100,135,72,176,73,39,114,151,163,147,161,189,172,66,183,197,52	2,1,0.0555,0,144;3,5,0.6525,0,46;3,0,0.4905,3,107;0,2,0.8165,0,6;3,5,0.5605,1,138;3,5,0.0355,0,252
ood_compose_regime-01908	5	2	1	187,113,4,12,52,147,22,91,141,136,17,84,176,134,194,93,174,111,65,205,28,117,73,41,48,212,150,100,38,211,169,69,173,60,172,129	3,2,0.2145,1,238;3,4,0.3295,3,0;3,2,0.3855,0,117;0,2,0.6395,0,146;3,5,0.3105,0,241;8,4,0.1775,0,11
ood_compose_regime-01909	5	2	2	156,188,130,66,93,45,183,1,92,151,195,200,199,100,25,76,136,59,116,17,124,87,43,106,49,201,13,117,199,34,147,186,141,21,69,173	0,3,0.3815,0,3;0,0,0.6135,0,100;0,1,0.4225,0,48;3,5,0.8665,0,115;3,0,0.8845,0,129;3,0,0.0795,0,185
ood_compose_regime-01910	5	2	2	56,100,15,141,174,77,110,43,117,130,29,193,212,124,35,210,191,114,58,174,188,4,92,140,201,71,179,147,17,151,21,155,45,67,83,93	3,5,0.2655,0,103;4,1,0.7965,0,161;7,0,0.6315,2,89;4,1,0.9685,0,225;3,4,0.4435,0,2;3,0,0.9975,0,255
ood_compose_regime-01911	2	2	0	205,149,206,88,21,137,76,180,161,69,211,10,147,44,117,174,102,141,129,214,9,28,131,215,36,165,84,45,57,58,116,66,93,107,189,20	8,0,0.8775,0,152;3,2,0.9425,0,130;8,0,0.5595,0,143;3,2,0.0925,0,204;5,1,0.9005,0,169;8,1,0.3565,0,196
ood_compose_regime-01912	5	2	0	188,113,14,200,157,46,65,111,93,193,63,149,169,40,86,123,132,172,201,69,79,57,117,100,181,208,186,141,4,89,18,147,137,22,38,27	3,4,0.4885,1,17;2,4,0.1535,1,75;8,5,0.2085,0,204;6,4,0.3545,0,1;3,5,0.3115,0,116;2,2,0.2525,0,33
ood_compose_regime-01913	5	2	2	51,43,200,212,103,11,211,91,190,127,196,7,140,114,71,178,194,24,156,151,82,60,167,79,117,28,141,147,36,93,134,107,197,45,18,66	6,1,0.5765,3,208;3,2,0.6965,0,186;2,2,0.5455,2,2;6,0,0.7505,0,251;6,1,0.4615,0,225;6,4,0.8145,0,29
ood_compose_regime-01914	1	2	1	135,11,76,137,23,17,99,116,106,69,141,117,150,170,93,147,42,159,170,168,5,123,28,175,214,184,47,89,207,68,37,50,62,190,82,199	4,1,0.2135,2,254;3,3,0.5045,2,219;1,4,0.9565,0,154;3,0,0.2695,0,58;2,0,0.9705,0,38;2,5,0.3335,0,197
ood_compose_regime-01915	8	2	0	149,141,161,93,52,30,69,147,62,124,65,14,133,192,193,21,43,163,86,107,16,157,113,209,78,166,175,159,37,45,119,138,178,2,102,90	1,4,0.0605,0,88;5,3,0.7725,0,138;3,4,0.3415,0,168;5,4,0.4515,0,118;5,1,0.2625,2,33;3,3,0.4915,0,89
ood_compose_regime-01916	1	2	0	141,197,76,180,162,1,82,57,215,93,45,112,69,20,135,178,103,11,138,21,169,120,92,149,171,147,190,63,106,170,180,38,123,66,33,41	0,1,0.9995,0,185;8,4,0.2015,0,134;8,5,0.4855,0,84;3,0,0.8335,0,48;6,0,0.0955,3,44;2,5,0.5275,0,109
ood_compose_regime-01917	8	2	1	45,187,147,140,202,20,61,132,164,150,38,203,117,109,75,21,27,94,184,170,211,52,97,88,141,115,210,14,166,66,69,126,191,6,82,44	5,4,0.8205,0,225;2,4,0.8505,0,75;3,3,0.4915,0,24;2,0,0.0295,1,13;0,3,0.7005,0,41;5,2,0.8415,0,136
ood_compose_regime-01918	5	2	1	21,11,90,193,116,41,48,111,68,196,126,100,51,37,31,158,215,141,147,172,199,83,154,136,181,16,58,77,117,93,170,72,131,183,150,8	7,1,0.1925,0,152;6,3,0.2965,3,88;2,0,0.8405,3,210;4,1,0.5425,0,212;3,5,0.9325,0,17;5,1,0.0975,0,141
ood_compose_regime-01919	5	2	0	140,161,180,141,12,189,149,52,190,93,7,28,21,60,192,213,66,105,71,45,89,179,40,114,17,87,147,117,182,124,81,111,156,38,135,214	6,2,0.3655,0,155;3,4,0.0275,0,42;3,2,0.5575,2,71;8,5,0.3885,0,240;8,5,0.4415,0,87;3,5,0.8745,0,120
ood_compose_regime-01920	5	2	1	191,35,213,207,58,209,153,71,13,40,67,93,118,139,207,112,7,124,141,21,192,133,150,32,55,107,215,193,83,79,103,147,16,210,45,90	6,3,0.0695,0,139;7,1,0.0485,0,22;6,0,0.7705,2,149;6,1,0.5905,0,226;6,1,0.1665,1,252;3,3,0.6805,0,233
ood_compose_regime-01921	2	2	0	156,36,199,117,149,207,41,93,69,130,3,116,97,16,106,141,45,74,159,82,52,136,182,121,166,67,147,160,155,160,58,166,33,12,23,88	2,2,0.0675,2,213;8,2,0.2595,0,157;3,0,0.7395,0,37;1,0,0.0355,0,0;0,0,0.9915,0,241;0,0,0.0465,0,7
ood_compose_regime-01922	2	2	0	117,171,58,20,190,149,170,79,147,188,109,45,170,24,15,89,6,179,185,114,93,153,194,83,34,52,144,134,66,101,127,28,190,136,69,42	5,5,0.9025,3,224;3,0,0.5465,0,45;3,0,0.5815,0,144;6,1,0.3415,0,191;4,3,0.5575,0,212;6,4,0.1205,3,47
ood_compose_regime-01923	5	2	1	11,121,96,133,34,162,44,115,172,74,165,213,210,109,45,168,119,88,101,19,9,150,82,21,179,147,152,69,67,136,33,52,160,184,63,141	8,1,0.7835,0,40;8,0,0.9225,0,8;3,5,0.6315,0,78;1,0,0.0445,3,124;4,3,0.6505,2,100;0,3,0.0285,0,99
ood_compose_regime-01924	2	2	1	10,97,147,150,117,188,140,114,188,166,93,32,91,76,198,128,8,107,193,82,62,21,44,37,17,215,72,185,141,64,181,56,190,203,131,48	7,0,0.3425,0,202;7,3,0.9655,3,250;7,4,0.1885,3,178;3,0,0.7245,0,84;0,1,0.4995,0,153;7,1,0.9545,0,194
ood_compose_regime-01925	2	2	0	84,58,125,149,76,98,69,165,189,21,41,65,210,207,115,92,5,106,35,207,117,139,10,25,210,93,131,45,187,20,147,49,176,198,159,141	4,0,0.8875,0,41;0,1,0.2235,0,70;0,0,0.2675,0,44;3,2,0.8795,0,15;1,0,0.7885,0,103;4,1,0.6065,0,45
ood_compose_regime-01926	7	2	2	40,155,21,92,39,52,27,112,181,147,87,134,12,208,122,185,19,182,109,65,60,4,45,151,117,141,74,136,199,185,93,156,211,103,69,157	3,2,0.6395,0,64;2,5,0.0445,0,18;3,2,0.3995,0,157;1,5,0.8165,0,226;6,3,0.0025,0,229;1,4,0.0285,0,236
ood_compose_regime-01927	2	2	2	33,171,42,116,65,6,110,12,214,147,120,52,45,185,183,83,141,163,17,139,210,69,178,131,151,88,121,97,168,21,93,61,75,190,36,212	5,2,0.2955,0,147;8,2,0.5145,0,118;3,3,0.3855,0,64;2,1,0.1545,0,157;0,4,0.9065,3,252;0,1,0.7955,0,133
ood_compose_regime-01928	1	2	1	163,28,45,75,36,92,111,209,61,143,117,150,19,21,173,50,136,69,180,99,67,198,147,41,3,134,115,155,122,194,180,184,93,12,83,190	2,2,0.6565,0,161;3,2,0.2825,0,124;1,3,0.7645,0,33;2,1,0.8255,0,231;2,5,0.7375,0,137;1,4,0.1515,2,141
ood_compose_regime-01929	9	2	0	35,83,45,207,185,20,165,133,139,59,183,115,107,10,124,117,104,172,192,141,69,66,1,32,41,56,93,88,205,80,193,165,215,147,21,149	0,0,0.8345,0,77;7,1,0.3595,0,32;7,1,0.4175,0,147;7,1,0.0435,0,45;7,1,0.6185,0,117;3,3,0.7995,0,46
ood_compose_regime-01930	5	2	2	213,151,45,141,41,35,21,157,96,121,161,153,4,60,116,136,163,69,86,13,185,192,117,190,157,51,99,108,19,92,65,81,147,134,27,154	3,3,0.7085,0,88;2,1,0.2235,0,66;2,2,0.3475,0,232;8,4,0.9225,3,127;2,2,0.8625,0,102;0,4,0.0135,0,19
ood_compose_regime-01931	5	2	1	37,4,22,186,190,199,90,105,195,209,147,95,210,108,61,194,69,81,84,191,19,150,129,119,45,165,141,52,132,29,172,139,14,68,114,40	3,4,0.7815,1,167;4,3,0.1875,0,168;3,3,0.8065,0,31;8,2,0.5195,2,137;8,2,0.5095,2,165;8,2,0.7185,0,49
ood_compose_regime-01932	5	2	2	176,147,56,84,112,27,20,154,127,44,213,204,92,75,61,21,36,170,48,170,71,205,67,117,108,199,141,132,169,189,99,15,4,138,93,151	3,5,0.9735,0,41;2,2,0.8865,3,236;7,3,0.7475,2,18;2,2,0.8445,0,227;2,2,0.1725,0,15;6,2,0.5575,0,81
ood_compose_regime-01933	5	2	0	109,16,183,131,147,34,88,13,198,180,196,93,206,153,25,100,143,76,84,112,1,52,43,149,214,140,67,45,62,21,163,197,69,123,117,171	0,3,0.0825,0,184;0,0,0.7325,0,254;3,4,0.7355,0,60;3,2,0.1575,0,215;3,3,0.0535,0,164;2,1,0.9345,2,222
ood_compose_regime-01934	5	2	1	180,60,64,28,17,138,142,194,117,181,112,173,150,110,74,14,147,54,159,89,125,102,45,133,86,38,169,153,1,191,23,199,213,41,69,93	0,4,0.2195,2,199;3,4,0.3785,0,20;5,2,0.0455,0,219;1,4,0.3835,0,228;5,4,0.0175,0,32;4,3,0.4615,1,96
ood_compose_regime-01935	5	2	2	45,144,4,123,151,147,171,28,179,163,16,109,89,85,203,117,173,69,67,171,13,94,51,21,76,202,157,38,137,130,202,112,196,63,102,42	3,3,0.0865,0,107;3,4,0.5615,0,15;2,5,0.6415,0,77;3,3,0.2815,1,227;5,3,0.1075,0,118;2,0,0.2625,3,243
ood_compose_regime-01936	1	2	1	141,34,57,173,197,171,4,134,150,190,147,202,212,100,19,59,21,112,215,109,160,74,10,86,123,71,89,64,95,25,45,173,119,44,161,138	3,0,0.6445,0,136;0,0,0.9675,0,206;8,1,0.0395,2,195;1,4,0.3055,2,221;3,3,0.0025,2,11;2,4,0.5015,0,50
ood_compose_regime-01937	1	2	1	114,136,21,58,69,184,190,100,210,92,117,93,141,10,87,25,34,9,64,132,191,157,123,201,57,202,17,75,150,45,169,40,110,152,147,203	8,0,0.2265,0,244;0,0,0.0745,0,18;8,0,0.0085,0,240;2,5,0.9075,0,99;3,4,0.5605,0,36;2,2,0.0535,0,253
ood_compose_regime-01938	5	2	1	182,14,203,90,21,55,116,147,87,150,141,58,134,208,157,18,123,182,39,199,47,69,166,167,108,168,117,76,136,30,67,159,2,41,97,93	1,4,0.4215,0,0;5,5,0.3995,2,68;6,0,0.6415,0,242;3,5,0.4405,0,64;0,2,0.9725,0,165;2,4,0.1035,0,47
ood_compose_regime-01939	5	2	1	63,215,132,69,21,7,193,106,41,200,150,45,13,147,181,160,64,154,92,170,80,19,136,86,28,144,183,120,39,93,157,211,99,116,50,124	6,3,0.7725,0,2;3,5,0.3325,0,90;1,5,0.0975,0,83;7,4,0.8575,0,240;2,0,0.8435,3,238;3,2,0.1695,3,139
ood_compose_regime-01940	2	2	1	38,21,178,117,28,203,84,138,187,81,206,107,161,20,113,141,93,150,129,166,101,92,132,45,165,9,65,44,173,58,11,184,182,69,52,147	8,1,0.8275,0,158;3,4,0.8495,0,245;3,0,0.2985,0,194;8,2,0.8495,0,8;4,1,0.3145,0,122;8,2,0.5555,0,150
ood_compose_regime-01941	5	2	2	117,135,16,93,141,15,4,69,104,58,27,116,64,87,46,106,196,42,139,152,56,151,34,76,189,147,154,160,158,171,162,208,123,92,153,21	3,5,0.0135,0,42;2,0,0.5695,1,65;7,0,0.1155,0,125;3,5,0.9715,0,43;7,0,0.9575,0,228;2,5,0.7965,0,205
ood_compose_regime-01942	5	2	0	142,162,176,149,45,176,68,182,60,89,124,85,94,140,13,162,114,160,52,193,161,5,130,21,37,103,18,43,76,157,207,69,110,28,117,147	4,3,0.4085,0,88;3,3,0.6645,0,123;3,2,0.8375,0,170;3,3,0.3175,1,137;6,4,0.5735,0,34;3,0,0.9505,1,56
ood_compose_regime-01943	5	2	2	133,92,82,139,128,167,80,21,178,42,120,147,116,67,173,141,199,27,93,108,69,9,183,45,11,165,215,209,63,16,151,39,52,97,203,170	8,1,0.1945,0,163;2,5,0.5215,0,9;3,5,0.7745,0,76;7,0,0.8745,0,53;0,2,0.8045,3,245;7,3,0.6215,0,116
ood_compose_regime-01944	1	2	0	101,117,158,3,159,149,52,141,200,191,90,164,82,170,132,69,182,61,96,147,175,123,138,21,156,27,44,187,73,36,107,12,68,114,45,20	2,2,0.8265,0,40;2,2,0.9425,0,254;3,3,0.9235,0,4;0,0,0.5805,3,97;4,1,0.4715,0,157;2,2,0.4385,0,224
ood_compose_regime-01945	6	2	0	174,176,137,21,112,109,19,35,210,69,1,58,149,129,11,93,209,134,64,141,45,185,185,76,201,183,117,25,43,89,193,174,49,147,101,86	0,1,0.6895,0,148;0,1,0.6935,0,153;0,0,0.1065,0,99;3,4,0.3165,0,93;4,3,0.0535,0,182;8,4,0.3565,0,224
ood_compose_regime-01946	5	2	1	16,197,131,156,86,60,177,141,45,136,88,100,4,116,117,190,37,93,52,81,14,187,68,41,128,21,167,177,150,212,111,147,28,169,69,196	3,4,0.0305,0,166;3,3,0.2165,0,187;3,2,0.8935,0,67;8,4,0.1345,0,64;3,5,0.8705,0,49;7,1,0.0535,0,171
ood_compose_regime-01947	10	2	1	155,132,117,103,42,4,59,21,197,17,127,93,175,140,150,69,107,182,76,82,10,210,45,57,141,29,203,159,91,199,194,112,68,197,37,147	3,0,0.3675,0,173;4,3,0.4035,0,80;8,1,0.9545,0,72;3,0,0.6595,0,206;6,1,0.1375,0,30;6,2,0.8795,0,5
ood_compose_regime-01948	5	2	2	93,157,155,14,7,20,90,114,66,120,132,147,199,69,43,127,171,141,185,184,108,55,175,136,82,167,81,21,151,60,37,153,161,105,28,45	6,4,0.9305,0,241;3,3,0.6095,0,190;6,2,0.5805,0,99;8,0,0.5975,0,19;8,2,0.5625,3,200;6,2,0.0505,0,33
ood_compose_regime-01949	5	2	2	198,151,156,181,75,36,133,93,139,209,117,112,213,27,70,45,16,83,104,51,66,147,89,165,21,208,154,163,60,124,42,201,109,141,14,3	2,4,0.0065,0,15;2,2,0.4175,0,88;2,2,0.5255,1,183;2,1,0.3725,0,91;7,3,0.0755,0,153;3,3,0.7625,0,118
ood_compose_regime-01950	2	2	0	197,138,66,193,154,117,133,149,45,23,93,18,10,188,90,124,106,58,69,40,147,141,212,101,197,164,112,53,84,35,77,160,29,199,5,168	4,0,0.5885,2,66;4,1,0.0845,0,182;4,0,0.5355,0,8;4,2,0.5205,0,203;4,0,0.1025,0,10;3,3,0.5955,0,177
ood_compose_regime-01951	5	2	1	75,117,40,182,94,150,213,100,131,147,123,202,17,115,45,1,22,141,83,139,208,49,163,92,27,13,59,153,111,211,66,214,190,35,72,196	0,3,0.2325,1,253;2,1,0.1915,0,222;0,1,0.4255,3,49;2,1,0.9095,1,248;3,5,0.7865,0,66;2,1,0.6775,0,122
ood_compose_regime-01952	5	2	2	209,211,116,45,72,201,18,186,207,180,88,138,120,94,209,122,57,14,141,85,199,37,3,65,162,28,104,130,147,110,21,151,41,58,191,74	2,4,0.4435,0,223;3,3,0.2065,0,241;8,0,0.3605,3,6;1,3,0.0035,1,93;7,4,0.8205,3,242;1,0,0.4505,0,129
ood_compose_regime-01953	9	2	2	11,204,147,93,37,134,124,141,137,185,109,82,210,49,151,69,187,45,117,201,44,64,189,21,18,177,197,164,73,32,60,97,172,112,90,1	0,1,0.4405,0,235;7,3,0.8165,0,0;0,2,0.1895,0,209;0,0,0.5865,0,34;0,3,0.0525,0,18;3,4,0.2265,0,8
ood_compose_regime-01954	2	2	0	117,141,78,190,207,60,48,89,124,213,196,154,212,93,176,211,20,207,135,147,83,209,53,114,24,149,12,139,6,37,43,67,28,69,102,107	5,2,0.8555,3,1;3,3,0.7785,3,108;4,2,0.6355,0,114;5,1,0.3275,0,148;5,1,0.4995,0,102;3,5,0.6705,0,186
ood_compose_regime-01955	9	2	1	19,133,162,2,116,180,73,52,192,147,43,110,14,66,85,88,61,183,165,21,117,141,33,140,45,199,128,34,99,150,158,184,202,93,182,69	1,4,0.7965,0,134;8,0,0.7205,0,179;3,3,0.4445,0,52;0,3,0.0695,0,223;2,4,0.9025,0,199;7,3,0.8015,0,51
ood_compose_regime-01956	2	2	1	42,101,141,124,45,21,90,190,77,168,166,147,69,112,11,150,34,159,214,206,56,19,58,183,5,93,82,117,132,28,64,178,155,107,136,171	4,1,0.7955,0,74;3,0,0.4615,0,149;7,0,0.0025,0,168;4,0,0.5095,0,251;4,1,0.0925,0,52;3,2,0.1015,0,228
ood_compose_regime-01957	9	2	1	34,73,88,136,8,147,188,163,21,180,109,117,26,191,141,150,161,45,134,40,52,20,162,15,82,126,199,164,97,115,68,206,58,93,198,69	7,5,0.9405,0,194;1,0,0.0945,0,72;3,0,0.8005,0,171;0,0,0.1775,0,215;0,3,0.6135,0,188;5,4,0.0525,0,222
ood_compose_regime-01958	8	2	0	140,159,93,197,147,168,45,197,107,21,133,73,194,164,167,68,144,117,5,13,42,84,60,102,30,39,52,69,202,88,126,149,19,213,116,157	4,3,0.6495,0,157;5,5,0.5215,0,201;3,2,0.9935,0,224;0,2,0.0275,0,129;5,1,0.8295,0,163;5,3,0.9295,3,8
ood_compose_regime-01959	5	2	1	193,180,40,59,93,45,18,165,167,22,39,147,150,128,181,133,188,87,3,76,171,89,49,112,100,28,117,12,200,141,137,69,66,106,214,191	2,2,0.5395,1,44;3,5,0.0325,0,186;0,1,0.5015,0,191;3,5,0.2595,0,247;3,0,0.0285,0,109;7,3,0.3985,0,116
ood_compose_regime-01960	5	2	2	214,45,159,182,187,66,123,52,187,192,141,62,76,69,202,85,2,41,116,10,130,151,20,215,92,212,140,120,37,201,108,31,99,147,93,21	1,0,0.8505,0,228;6,3,0.3075,0,216;3,4,0.5755,0,11;3,3,0.8355,0,128;2,2,0.9075,3,243;2,0,0.9025,0,184
ood_compose_regime-01961	5	2	2	109,100,69,172,92,177,43,117,124,26,130,85,206,12,147,66,141,192,151,206,21,172,45,61,79,210,210,93,213,165,19,37,4,114,52,138	3,2,0.7505,0,181;1,3,0.6385,0,118;3,3,0.5645,0,32;6,3,0.8635,0,65;3,3,0.4705,0,62;3,0,0.5875,0,135
ood_compose_regime-01962	1	2	0	63,147,14,51,211,35,201,163,19,93,113,27,134,45,140,149,3,164,157,187,98,21,107,143,123,68,157,85,76,182,70,89,117,171,44,192	2,4,0.7325,0,213;2,1,0.8435,0,24;2,5,0.8815,1,219;3,3,0.3975,0,22;1,1,0.3645,0,153;2,4,0.9135,2,128
ood_compose_regime-01963	5	2	0	173,176,134,4,147,10,152,90,68,208,136,141,86,62,46,174,37,110,21,153,152,179,128,149,69,40,28,120,76,213,20,102,116,93,52,178	3,0,0.9225,0,218;3,3,0.1975,1,47;3,4,0.8605,0,26;3,4,0.5445,0,11;5,4,0.8785,3,61;7,4,0.0325,0,147
ood_compose_regime-01964	5	2	0	144,51,210,192,164,186,136,76,213,93,59,18,215,130,152,149,167,3,117,187,37,191,123,86,22,68,147,91,45,25,100,115,69,44,106,14	2,4,0.5115,1,5;0,3,0.8285,0,248;2,1,0.8525,0,107;3,4,0.6375,0,16;3,0,0.6275,0,235;2,0,0.1035,3,152
ood_compose_regime-01965	1	2	0	69,17,198,86,147,51,39,141,45,192,116,210,175,131,173,213,168,154,3,183,100,137,121,188,27,65,92,93,63,12,43,21,75,106,117,149	2,2,0.2355,0,8;2,5,0.6745,0,130;2,5,0.2445,0,161;2,4,0.9815,0,184;3,0,0.9075,0,91;0,1,0.2985,0,13
ood_compose_regime-01966	2	2	1	117,100,108,21,58,93,65,69,73,86,3,17,10,45,168,49,199,199,210,209,44,27,156,179,141,123,132,204,147,137,150,165,36,116,92,183	2,0,0.3525,0,25;2,2,0.8115,0,84;0,0,0.2805,0,28;0,4,0.8395,0,5;3,2,0.9825,0,165;2,2,0.2475,0,200
ood_compose_regime-01967	2	2	1	82,93,42,107,70,22,157,147,199,20,172,102,61,178,28,77,112,52,4,210,150,155,133,91,65,117,13,36,152,45,210,136,125,141,177,170	3,3,0.9125,1,246;3,2,0.5865,0,34;3,3,0.2305,1,100;4,0,0.6545,0,236;5,1,0.1025,0,129;4,3,0.0015,0,193
ood_compose_regime-01968	5	2	1	5,196,165,201,83,69,28,52,100,13,150,21,152,208,34,161,213,44,18,61,73,173,147,89,114,45,124,95,172,65,141,139,119,130,109,203	4,3,0.4795,0,84;3,0,0.8435,0,151;3,3,0.3985,0,129;0,1,0.2215,2,196;3,3,0.5495,2,152;3,0,0.6025,0,90
ood_compose_regime-01969	9	2	1	19,21,42,150,147,14,191,129,161,182,93,166,208,117,28,83,138,91,190,110,184,135,74,45,210,36,99,63,8,144,57,66,178,69,115,195	7,4,0.6755,0,141;3,2,0.4275,0,241;8,5,0.5085,0,54;1,1,0.6725,0,192;2,4,0.7915,0,183;8,5,0.5425,3,56
ood_compose_regime-01970	5	2	1	14,155,69,212,37,150,76,58,111,136,152,20,135,93,21,212,52,68,82,141,41,116,45,152,178,188,100,117,88,153,204,4,147,124,26,192	3,4,0.9525,0,120;1,3,0.3815,0,177;3,0,0.8445,0,157;3,0,0.0605,0,57;3,5,0.8375,0,115;3,5,0.0515,0,185
ood_compose_regime-01971	5	2	0	149,38,84,67,160,45,77,50,99,88,62,14,93,164,147,141,4,196,215,69,40,138,114,132,110,176,125,28,197,156,194,159,21,179,20,117	3,4,0.8105,0,6;3,4,0.0025,0,41;1,4,0.6125,0,241;4,2,0.0685,0,51;2,4,0.5425,0,33;4,2,0.4245,0,52
ood_compose_regime-01972	5	2	1	121,157,182,117,4,60,193,114,187,68,16,142,69,28,52,111,150,157,188,21,100,84,47,40,131,137,157,39,147,187,12,180,197,93,89,73	3,2,0.0455,0,243;3,5,0.0075,2,192;3,2,0.9315,0,178;0,2,0.3925,0,23;3,5,0.5605,0,35;0,1,0.2055,1,198
ood_compose_regime-01973	5	2	2	108,21,184,28,140,197,212,62,86,208,203,45,141,115,68,93,69,17,52,159,175,89,151,5,200,80,124,37,130,147,117,171,42,12,207,105	4,2,0.3555,0,0;3,3,0.5485,0,78;3,4,0.9455,0,168;7,4,0.2985,0,15;8,2,0.7785,0,46;3,0,0.8465,0,0
ood_compose_regime-01974	2	2	1	83,150,78,18,130,170,42,160,159,143,209,206,147,117,60,100,48,11,123,193,92,21,69,39,55,93,167,2,106,33,64,116,174,137,176,211	1,1,0.4655,0,219;8,5,0.4205,3,116;6,2,0.0735,0,51;5,1,0.8565,0,103;3,0,0.8105,0,91;2,0,0.3765,2,149
ood_compose_regime-01975	10	2	1	21,147,138,129,115,28,95,164,12,9,199,37,204,69,57,195,141,99,62,88,67,155,111,203,45,189,75,169,82,165,189,135,150,43,120,20	8,2,0.9805,0,235;3,3,0.6115,0,69;8,4,0.7135,0,16;2,0,0.0365,2,253;2,5,0.6575,3,62;8,5,0.5855,0,203
ood_compose_regime-01976	7	2	1	39,211,150,135,93,147,119,164,186,123,2,85,185,115,183,28,56,165,99,74,185,13,192,107,181,45,61,69,137,203,42,19,141,64,90,21	1,3,0.7685,0,35;3,5,0.4385,0,214;7,3,0.0515,0,123;1,3,0.4365,0,213;2,1,0.6135,2,208;2,5,0.2565,0,5
ood_compose_regime-01977	8	2	2	54,102,84,117,192,68,45,69,8,91,37,42,147,62,13,180,137,141,192,155,17,172,116,177,151,28,21,128,76,135,153,210,110,93,204,201	7,3,0.3735,0,6;3,3,0.5965,0,227;5,4,0.9255,0,225;3,2,0.6575,0,233;5,4,0.9525,0,95;7,5,0.2565,0,161
ood_compose_regime-01978	10	2	0	21,105,45,186,92,71,165,43,167,93,200,117,9,18,147,15,133,38,155,149,64,81,52,127,158,108,61,86,175,141,28,115,140,189,168,153	8,5,0.4345,0,226;3,4,0.7935,0,212;3,3,0.1455,2,178;8,4,0.9525,0,182;8,2,0.6135,0,234;6,3,0.8895,0,16
ood_compose_regime-01979	1	2	1	188,175,63,17,45,73,108,123,138,43,205,179,27,115,150,12,167,135,99,21,194,69,93,141,38,84,176,147,176,202,66,91,3,117,52,201	2,2,0.3915,0,29;2,4,0.7275,0,58;3,5,0.5025,0,174;0,2,0.7315,0,134;2,2,0.7955,0,48;2,5,0.4315,0,100
ood_compose_regime-01980	1	2	1	44,214,141,185,202,52,137,34,147,126,131,92,209,3,86,66,21,10,58,209,117,165,115,150,93,75,205,196,46,97,17,69,192,157,107,27	2,0,0.3635,0,150;2,0,0.9685,1,2;3,0,0.4985,0,231;2,4,0.8205,0,129;0,1,0.6795,0,53;5,1,0.2505,0,159
ood_compose_regime-01981	2	2	0	69,175,162,202,124,26,93,207,154,23,4,13,135,108,162,160,100,45,140,117,158,52,84,183,20,209,149,60,115,67,73,147,89,144,43,35	3,3,0.8255,2,243;1,1,0.7335,0,128;3,2,0.7275,0,23;0,2,0.2115,0,34;3,2,0.6965,0,242;3,5,0.8025,3,22
ood_compose_regime-01982	9	2	0	14,141,45,205,68,132,196,113,155,42,176,32,206,17,124,37,136,147,92,21,155,149,59,4,117,164,85,69,201,51,105,202,93,111,74,189	3,4,0.2825,0,238;7,3,0.4725,0,251;2,1,0.9035,0,219;1,3,0.8735,0,125;8,5,0.2005,0,188;3,2,0.0695,0,33
ood_compose_regime-01983	1	2	1	165,192,164,3,25,86,19,106,100,147,195,68,93,40,130,75,36,195,150,139,204,167,141,115,49,117,214,69,91,45,61,128,185,15,174,21	2,5,0.7405,0,127;0,2,0.0915,0,97;0,3,0.9515,0,244;2,4,0.7695,0,111;3,0,0.7045,0,109;7,0,0.7145,0,233
ood_compose_regime-01984	5	2	0	19,100,92,68,141,158,160,197,117,10,178,189,147,38,76,69,60,21,139,202,84,110,187,183,45,134,168,52,186,93,44,129,149,33,115,3	2,0,0.6415,0,156;8,4,0.9835,0,81;3,2,0.9115,0,235;3,2,0.8785,0,111;3,4,0.6485,0,231;8,4,0.7715,0,22
ood_compose_regime-01985	7	2	2	174,194,151,77,141,38,147,63,14,163,139,69,17,109,50,85,117,21,115,163,152,93,4,185,130,192,124,26,89,189,161,68,200,43,100,45	3,4,0.3415,0,160;1,4,0.7975,0,108;1,5,0.9665,0,26;4,3,0.2105,0,45;3,3,0.7445,0,112;3,0,0.6565,0,235
ood_compose_regime-01986	5	2	2	117,86,123,130,203,202,147,69,151,35,93,113,170,48,21,171,200,211,63,182,76,158,136,27,68,173,169,143,92,2,14,51,107,17,99,42	1,4,0.2725,0,64;2,1,0.5615,3,55;2,5,0.9025,0,242;3,4,0.8675,0,9;2,1,0.2575,0,19;2,0,0.1665,2,98
ood_compose_regime-01987	2	2	0	69,144,191,110,31,21,120,149,172,41,37,47,60,78,205,157,138,86,103,201,52,6,147,202,65,14,93,130,176,114,202,152,127,89,173,16	5,4,0.1605,0,71;6,3,0.2345,2,176;3,2,0.3765,0,21;5,4,0.3475,0,185;6,4,0.5035,3,215;6,0,0.4525,3,178
ood_compose_regime-01988	5	2	2	94,30,113,11,109,155,206,6,131,151,100,136,66,156,56,171,117,90,190,61,16,47,190,80,36,82,72,204,143,163,123,147,21,152,177,43	5,1,0.0115,0,95;5,2,0.6895,2,242;7,3,0.4185,3,86;7,0,0.4035,1,174;3,3,0.2735,0,117;2,1,0.1345,2,146
ood_compose_regime-01989	5	2	2	174,212,152,101,197,93,154,37,115,45,122,29,68,76,41,178,210,134,147,92,19,181,58,166,136,52,5,69,21,12,108,119,201,85,141,151	4,2,0.7225,0,163;4,3,0.2345,0,116;3,0,0.9325,0,52;3,3,0.8425,0,241;4,2,0.6635,2,129;1,4,0.1445,0,230
ood_compose_regime-01990	7	2	0	133,184,111,209,2,124,190,99,45,93,44,71,190,60,65,187,139,147,193,168,26,141,52,149,113,195,39,19,13,160,91,74,22,191,86,117	1,3,0.7265,1,88;1,5,0.9155,0,8;3,2,0.2625,2,155;1,4,0.7475,0,54;2,5,0.2335,0,68;3,3,0.7775,0,82
ood_compose_regime-01991	5	2	2	194,41,155,151,37,147,83,201,167,105,177,45,68,194,15,174,139,107,23,172,141,61,28,90,112,93,18,127,117,3,165,133,199,50,79,69	2,5,0.4425,2,207;3,3,0.3595,0,185;1,3,0.8425,0,71;6,1,0.4015,0,72;8,1,0.0535,0,48;6,3,0.7175,0,235
ood_compose_regime-01992	5	2	1	181,100,184,152,213,152,37,147,40,85,26,154,195,150,67,88,69,62,22,108,136,127,214,117,9,17,45,213,130,51,76,93,116,15,141,203	8,5,0.3605,1,190;1,3,0.0165,0,231;2,4,0.7985,0,25;3,3,0.0685,0,137;3,2,0.9995,0,231;6,0,0.0915,0,29
ood_compose_regime-01993	5	2	2	89,195,106,210,3,60,19,147,64,140,177,79,43,86,121,157,104,175,38,69,141,93,114,15,130,28,151,207,173,21,45,206,49,120,194,161	2,5,0.6135,0,26;3,4,0.7945,0,165;0,2,0.1025,0,14;6,4,0.2495,0,203;7,0,0.4555,3,140;0,0,0.8345,0,244
ood_compose_regime-01994	5	2	1	150,42,163,111,13,185,130,61,206,54,117,83,198,75,113,99,93,4,197,155,21,182,39,141,136,205,122,46,92,27,147,64,171,187,69,18	3,3,0.4565,0,109;2,5,0.5535,1,242;5,3,0.1765,0,80;2,1,0.8425,0,16;2,5,0.3895,0,103;1,0,0.0235,0,153
ood_compose_regime-01995	10	2	2	62,29,176,65,179,39,74,69,42,181,93,114,177,147,117,5,88,138,18,159,185,193,157,214,21,52,13,97,123,160,85,135,151,45,106,141	4,3,0.4405,0,86;4,5,0.4075,0,208;3,4,0.2795,0,118;1,3,0.0875,0,62;0,0,0.5055,0,203;2,5,0.4695,0,6
ood_compose_regime-01996	5	2	0	194,153,69,141,169,88,107,174,117,169,123,4,14,61,77,171,26,34,40,19,176,21,93,173,149,114,209,66,103,132,56,139,84,45,147,162	3,4,0.6665,0,105;1,0,0.1555,0,74;7,3,0.5615,0,174;4,2,0.1845,0,81;6,1,0.5835,0,1;2,2,0.7395,0,158
ood_compose_regime-01997	5	2	1	13,104,42,92,93,124,106,21,116,187,133,76,45,118,150,207,172,205,141,87,194,69,52,28,209,187,147,192,58,66,140,34,16,208,181,8	7,3,0.1575,0,205;3,0,0.4185,0,31;3,0,0.5295,0,76;3,5,0.9855,0,144;7,0,0.9615,1,226;3,3,0.8375,0,251
ood_compose_regime-01998	5	2	1	69,170,175,93,82,38,107,147,117,4,21,167,28,20,122,194,44,141,115,150,159,88,191,192,212,193,58,45,139,64,14,51,212,81,134,101	3,4,0.8395,0,253;3,4,0.8295,0,42;2,0,0.1155,0,74;8,0,0.0085,0,194;4,1,0.7115,0,149;1,4,0.6395,0,2
ood_compose_regime-01999	2	2	0	204,133,170,21,147,34,93,172,52,201,63,149,8,69,195,124,91,109,117,136,112,25,182,174,43,16,208,65,81,141,82,45,14,100,167,184	7,4,0.1085,0,62;0,0,0.7035,0,182;3,5,0.3625,0,16;8,0,0.7675,0,73;3,3,0.1025,0,150;3,3,0.0635,0,131
ood_compose_regime-02000	5	2	2	90,21,43,172,27,166,66,35,186,55,151,172,99,20,4,132,213,45,176,69,196,117,155,59,75,93,123,194,188,83,116,14,140,107,143,147	3,4,0.9325,0,246;2,1,0.6075,0,228;6,1,0.4235,0,143;2,1,0.4325,0,28;2,1,0.8095,0,45;2,2,0.9765,2,177
ood_compose_regime-02001	7	2	2	151,179,98,65,36,45,152,141,156,93,50,173,122,85,42,173,115,133,28,164,18,178,211,213,10,79,119,214,147,69,23,140,90,61,5,110	4,0,0.4375,2,100;3,2,0.5165,0,61;1,3,0.2015,0,80;6,3,0.5345,0,32;1,4,0.7135,2,203;1,3,0.8965,0,143
ood_compose_regime-02002	10	2	1	126,90,25,37,211,135,212,194,47,4,141,110,180,175,69,100,65,20,54,150,147,81,93,41,153,15,21,178,138,179,120,194,61,115,87,156	3,5,0.9705,0,108;0,3,0.2625,2,99;5,3,0.2865,0,71;8,5,0.5165,0,163;3,4,0.7495,3,119;5,5,0.4145,0,8
ood_compose_regime-02003	5	2	2	68,45,188,28,154,170,189,61,4,87,132,173,175,151,207,18,52,141,117,13,21,124,161,147,138,42,74,69,102,112,93,34,163,88,196,110	3,3,0.4175,0,30;3,0,0.5185,0,102;3,3,0.9345,0,46;1,5,0.1085,0,91;5,4,0.0555,0,172;3,2,0.5765,0,45
ood_compose_regime-02004	2	2	1	181,147,45,200,8,209,43,35,123,66,138,100,49,154,141,88,62,132,11,21,156,116,150,74,27,196,170,18,87,174,180,198,72,106,93,117	7,1,0.4105,0,136;2,1,0.6105,0,110;0,4,0.4935,3,155;1,5,0.0935,0,78;3,0,0.8535,0,46;2,2,0.4605,0,139
ood_compose_regime-02005	2	2	2	124,139,201,26,113,93,187,151,43,209,199,141,34,86,170,165,24,179,157,168,117,52,60,64,10,18,45,107,76,69,210,7,132,88,147,97	6,0,0.4275,3,255;1,0,0.6345,0,39;3,2,0.1165,0,98;3,4,0.0975,0,237;0,1,0.3445,0,197;3,2,0.7235,0,223
ood_compose_regime-02006	5	2	1	133,197,201,138,17,24,105,69,41,207,86,190,147,117,92,150,65,124,141,74,107,116,9,187,164,45,154,93,197,60,14,25,51,186,209,34	8,4,0.2625,3,240;0,0,0.3855,0,51;2,2,0.3365,0,190;1,4,0.9705,0,119;8,1,0.9785,0,182;3,3,0.4095,0,124
ood_compose_regime-02007	2	2	2	21,36,140,60,191,151,43,88,165,4,117,205,144,95,52,16,73,179,67,116,108,97,197,193,214,121,195,84,45,27,69,147,152,12,205,130	3,2,0.1195,0,180;2,2,0.6665,0,160;3,2,0.6505,0,242;0,2,0.0325,2,2;0,2,0.8895,0,26;0,0,0.9455,3,250
ood_compose_regime-02008	5	2	2	169,106,52,45,21,210,97,65,14,170,16,156,134,78,164,141,197,161,160,44,120,92,86,138,194,69,196,28,62,112,127,6,151,93,36,147	5,4,0.0625,0,194;3,2,0.9885,0,184;3,4,0.2735,0,115;5,4,0.8335,0,172;0,0,0.0015,3,222;6,4,0.5335,0,104
ood_compose_regime-02009	5	2	2	182,151,96,2,85,124,53,132,59,156,21,38,182,171,45,141,31,204,13,208,92,207,214,103,69,74,117,106,116,137,42,187,20,153,64,147	1,3,0.8665,0,213;6,4,0.4605,0,80;4,1,0.1265,0,221;1,3,0.8455,3,180;6,0,0.9925,0,180;3,2,0.2895,0,120
ood_compose_regime-02010	9	2	0	117,28,141,191,74,205,149,87,10,98,54,34,93,203,138,43,19,184,124,153,130,163,147,88,115,181,45,186,61,170,110,193,72,24,65,7	6,0,0.7785,3,8;3,0,0.7315,0,13;5,3,0.2025,3,165;1,5,0.1135,0,56;1,4,0.7535,0,65;3,0,0.5745,0,181
ood_compose_regime-02011	5	2	0	157,19,47,107,134,65,52,166,213,139,211,143,29,162,41,194,95,154,69,5,22,123,103,86,89,114,147,36,117,74,169,13,149,61,158,187	4,3,0.7545,1,253;4,2,0.2735,2,5;3,3,0.3645,0,163;1,4,0.2345,2,154;6,1,0.5495,0,155;2,4,0.6995,2,31
ood_compose_regime-02012	5	2	0	116,117,86,166,33,4,14,21,19,197,53,133,66,139,59,88,152,104,162,203,192,71,95,147,149,200,36,209,40,215,167,124,75,109,141,45	3,4,0.7585,0,55;8,2,0.1545,0,231;4,1,0.4395,2,246;2,4,0.1525,2,222;7,3,0.8735,0,18;3,3,0.7225,0,243
ood_compose_regime-02013	9	2	2	75,43,104,188,151,170,194,137,56,147,186,204,4,67,69,93,18,211,208,111,21,45,203,134,90,117,87,115,14,61,38,124,175,142,154,33	3,4,0.5875,0,55;8,4,0.6995,0,233;7,3,0.6865,0,166;2,5,0.5265,0,77;7,5,0.6765,0,233;3,4,0.3525,1,215
ood_compose_regime-02014	8	2	1	91,124,63,14,143,150,163,132,21,39,102,206,188,71,198,118,114,107,152,154,30,4,84,140,66,173,78,215,45,96,194,43,157,17,52,147	3,4,0.2965,0,91;5,5,0.7885,0,28;3,5,0.4465,2,94;5,2,0.7415,3,155;5,1,0.5525,1,189;3,2,0.9025,2,192
ood_compose_regime-02015	5	2	2	113,17,68,137,153,28,107,83,213,52,21,3,130,42,48,173,191,128,177,102,69,37,117,93,147,12,143,185,192,80,151,190,211,91,63,172	2,2,0.3365,0,125;3,3,0.5035,3,209;3,5,0.9365,0,168;7,1,0.7675,0,221;5,1,0.2645,0,226;7,0,0.2655,2,147
ood_compose_regime-02016	5	2	1	12,204,69,21,174,7,63,147,134,107,152,45,161,117,99,92,51,18,41,85,141,68,204,76,123,93,32,137,114,170,171,157,37,165,150,186	6,2,0.4215,0,38;7,3,0.2335,0,148;2,5,0.8795,0,229;3,3,0.9015,0,74;2,1,0.5695,0,113;2,4,0.3725,0,60
ood_compose_regime-02017	1	2	1	75,150,21,58,170,43,137,18,193,88,56,3,97,165,69,130,83,209,93,45,147,34,109,117,160,168,114,123,65,143,177,213,185,15,191,28	2,5,0.4915,0,212;3,0,0.6065,0,187;7,0,0.2345,0,7;2,1,0.1695,0,28;0,3,0.5815,0,33;2,0,0.2405,2,75
ood_compose_regime-02018	1	2	1	78,207,186,198,6,45,15,165,147,93,117,85,164,211,100,140,21,123,162,50,156,115,34,91,209,26,108,66,16,150,62,44,69,182,141,135	5,5,0.0475,0,161;1,0,0.8115,0,225;1,4,0.4795,0,190;5,3,0.7905,0,112;3,2,0.7845,0,207;2,5,0.9425,0,49
ood_compose_regime-02019	9	2	2	47,86,62,69,215,141,23,156,108,93,100,136,197,6,147,179,18,124,35,15,25,56,181,185,117,133,197,151,42,166,67,76,88,214,162,115	5,5,0.4685,2,160;0,1,0.5895,2,162;7,4,0.7135,0,245;3,4,0.1395,0,230;3,2,0.6285,0,42;3,3,0.1655,0,236
ood_compose_regime-02020	5	2	0	21,77,100,186,205,54,161,69,13,45,149,59,16,5,40,163,141,114,153,111,35,130,88,33,147,83,170,117,206,93,188,139,68,161,124,195	4,3,0.1545,0,175;8,1,0.0645,0,136;5,1,0.8305,0,62;4,1,0.1945,0,164;3,5,0.5235,0,45;3,0,0.7695,0,171
ood_compose_regime-02021	5	2	0	157,110,179,197,147,46,4,21,168,203,197,83,125,70,114,66,52,75,35,60,131,103,138,172,93,31,157,182,182,15,141,149,117,41,19,91	3,5,0.7085,0,242;6,1,0.2385,1,178;3,2,0.4005,1,8;2,1,0.7295,0,105;6,4,0.4325,0,118;4,1,0.5195,0,240
ood_compose_regime-02022	1	2	2	52,185,117,30,19,164,11,39,69,160,106,93,86,207,66,3,202,141,159,159,103,207,123,147,151,44,116,21,92,60,140,80,134,194,48,159	2,1,0.7355,0,183;5,5,0.9725,3,63;3,2,0.5615,0,149;7,4,0.9995,0,226;6,0,0.9695,0,48;2,4,0.8335,0,210
ood_compose_regime-02023	5	2	2	100,171,39,156,181,20,93,154,139,52,214,124,185,214,203,90,151,183,108,40,66,62,69,45,27,135,113,141,14,86,78,21,147,155,4,117	3,4,0.9255,0,125;2,5,0.0715,0,4;3,4,0.5855,0,184;5,4,0.5995,0,173;3,2,0.2585,0,152;3,5,0.6505,0,227
ood_compose_regime-02024	5	2	1	10,173,77,141,9,167,191,41,19,24,133,147,37,69,115,50,150,171,181,204,68,28,140,117,93,171,124,214,184,82,89,110,102,61,208,45	8,0,0.7175,3,77;3,3,0.3675,0,12;1,3,0.9475,0,76;4,0,0.2705,0,78;5,4,0.6355,0,252;3,3,0.8545,0,247
ood_compose_regime-02025	1	2	1	141,4,36,138,150,21,134,99,209,44,88,176,157,15,45,117,17,93,52,27,75,82,147,160,107,58,178,123,116,160,202,204,70,215,65,172	3,5,0.2405,0,249;2,2,0.9275,0,6;3,0,0.3735,1,197;2,0,0.1975,0,194;2,1,0.8595,0,149;2,4,0.5995,0,92
ood_compose_regime-02026	2	2	2	16,212,185,93,91,83,11,179,151,206,1,100,124,65,141,137,69,41,153,77,118,205,147,21,31,52,45,58,212,36,112,170,106,130,154,154	0,1,0.1335,0,116;6,2,0.2105,0,184;3,0,0.3955,0,11;4,1,0.6645,0,33;3,0,0.1215,1,8;3,0,0.2815,0,195
ood_compose_regime-02027	6	2	1	117,154,73,176,69,115,57,84,45,91,141,176,110,147,206,132,7,93,18,60,209,25,124,192,150,38,210,137,104,165,205,12,190,44,67,21	6,2,0.5495,0,161;0,4,0.8135,0,90;8,2,0.6315,0,118;0,2,0.6405,0,252;7,4,0.7755,0,33;3,2,0.3595,0,168
ood_compose_regime-02028	5	2	1	207,178,166,192,211,133,34,2,141,186,10,68,119,138,63,21,150,104,178,113,44,18,147,162,52,93,107,122,204,188,88,74,69,86,45,28	1,0,0.4575,0,253;3,0,0.8355,0,253;3,5,0.8515,0,44;1,4,0.1715,0,234;7,1,0.2445,2,37;1,3,0.5415,0,40
ood_compose_regime-02029	5	2	1	59,35,54,43,117,141,150,21,134,123,189,70,46,13,147,7,83,174,16,108,92,179,30,213,206,100,162,138,193,115,183,67,155,162,79,93	6,3,0.1835,0,20;5,1,0.6375,1,78;5,1,0.6895,1,214;6,1,0.8565,0,41;3,2,0.7965,0,174;2,4,0.4725,0,232
ood_compose_regime-02030	5	2	1	116,206,188,194,169,69,147,19,43,21,65,10,100,93,90,136,28,165,4,191,150,106,118,47,82,176,76,154,36,195,134,129,52,186,141,62	3,0,0.7595,0,139;3,2,0.6605,2,42;3,4,0.2935,0,16;3,0,0.4115,0,123;3,0,0.9555,1,50;8,4,0.0945,0,149
ood_compose_regime-02031	5	2	0	15,170,210,28,141,190,117,135,111,199,147,114,105,76,91,209,170,180,2,19,164,69,67,62,93,87,43,149,45,184,137,175,21,51,38,129	1,5,0.7695,0,198;3,4,0.7285,0,249;2,4,0.6095,0,77;3,5,0.7605,0,76;8,5,0.5275,0,137;8,5,0.2645,0,33
ood_compose_regime-02032	5	2	0	88,138,30,124,107,19,199,141,117,59,101,78,54,38,149,24,147,198,198,115,13,183,135,45,188,166,155,93,87,6,65,185,71,199,153,42	5,3,0.7425,3,4;5,4,0.5745,0,57;5,1,0.3955,2,73;5,5,0.1225,0,3;4,1,0.7445,0,16;3,5,0.4305,0,243
ood_compose_regime-02033	6	2	2	25,173,184,4,121,174,97,141,46,65,12,49,147,208,117,151,183,182,38,154,84,76,93,72,109,193,58,42,189,114,167,22,140,16,133,90	3,2,0.1915,1,234;0,4,0.4315,1,4;0,0,0.3085,3,88;3,2,0.4625,0,208;0,3,0.5945,0,14;0,3,0.9905,0,164
ood_compose_regime-02034	2	2	0	21,91,40,139,69,149,4,64,147,116,193,45,63,31,120,17,14,36,131,211,77,174,199,174,172,157,57,141,111,155,101,82,93,161,126,199	3,4,0.3195,0,252;6,2,0.0925,0,136;8,5,0.0825,0,30;4,0,0.6255,0,154;4,5,0.8625,3,90;5,1,0.7715,0,88
ood_compose_regime-02035	5	2	0	4,168,21,18,215,112,165,140,124,130,45,165,42,84,142,91,173,210,30,71,158,55,177,168,68,147,15,118,183,149,38,59,102,79,111,93	3,5,0.4835,0,1;5,4,0.5795,0,96;6,1,0.9985,2,45;6,2,0.6955,0,103;5,5,0.0115,1,244;3,0,0.9515,1,205
ood_compose_regime-02036	9	2	1	187,39,210,107,93,85,41,68,20,156,21,147,119,123,175,112,99,187,150,69,141,8,184,176,45,11,52,137,193,92,80,162,214,27,132,62	7,1,0.9695,0,76;2,5,0.2995,0,182;3,4,0.9955,0,33;7,3,0.8205,0,152;2,1,0.0915,2,74;2,2,0.2515,0,171
ood_compose_regime-02037	5	2	0	75,71,100,149,109,67,168,82,60,127,134,195,18,167,165,88,37,136,141,93,28,182,161,147,44,206,21,45,186,55,9,192,117,115,11,162	8,1,0.5975,0,223;3,3,0.8345,0,82;6,2,0.7425,2,187;2,0,0.1065,0,228;3,3,0.7385,0,193;6,4,0.1735,0,31
ood_compose_regime-02038	5	2	2	111,57,192,59,34,141,140,69,74,115,209,182,4,178,68,198,44,28,92,192,212,132,124,15,156,93,17,188,151,117,21,147,162,45,100,83	3,5,0.3955,0,100;3,0,0.9895,0,231;8,1,0.8685,0,183;1,1,0.8285,0,200;3,5,0.6805,0,254;3,2,0.8405,0,243
ood_compose_regime-02039	5	2	0	157,19,179,21,117,195,187,39,112,62,93,141,98,52,65,130,147,85,43,159,213,107,70,76,89,28,149,205,195,180,152,45,128,4,140,12	3,2,0.6385,0,161;3,5,0.6995,0,151;3,4,0.2835,1,214;3,3,0.3235,0,79;1,1,0.1995,0,45;7,0,0.8515,0,248
ood_compose_regime-02040	5	2	0	76,13,159,93,137,135,58,161,37,119,141,44,165,45,169,205,16,91,185,52,114,149,123,167,8,69,206,203,67,110,147,86,22,198,99,28	7,3,0.0095,1,253;3,3,0.8015,0,52;3,0,0.6765,0,178;3,4,0.7105,0,8;2,4,0.4495,2,61;2,5,0.2695,0,71
ood_compose_regime-02041	5	2	2	46,53,168,85,44,3,188,93,189,63,132,66,117,108,141,124,76,115,36,28,212,173,14,213,137,92,157,103,166,21,181,20,151,69,147,157	2,4,0.9435,0,185;3,2,0.9785,1,43;4,5,0.4775,0,213;3,3,0.8125,0,178;6,2,0.7215,0,91;3,2,0.2775,0,111
ood_compose_regime-02042	6	2	0	28,49,167,45,64,194,114,149,130,165,141,137,69,75,155,206,186,61,207,19,34,117,97,167,147,42,89,11,186,93,5,182,125,21,109,84	4,1,0.6345,0,29;3,0,0.5325,0,152;0,3,0.0365,0,47;2,2,0.3725,0,128;0,3,0.4885,0,230;4,0,0.2805,0,126
ood_compose_regime-02043	2	2	0	114,64,118,83,154,170,162,197,197,51,141,149,156,40,156,107,60,134,12,170,73,104,21,174,90,45,69,136,147,175,39,129,93,30,4,19	3,2,0.6735,0,118;5,5,0.1715,0,35;2,2,0.0985,0,221;0,1,0.5035,0,208;7,1,0.5125,1,155;8,4,0.0215,0,82
ood_compose_regime-02044	2	2	0	44,79,88,137,109,123,69,58,155,178,192,3,147,183,113,187,86,158,180,132,102,156,10,93,34,52,17,118,142,210,192,21,45,31,149,66	2,0,0.3845,0,38;6,0,0.9255,0,114;3,0,0.5335,0,251;6,4,0.1065,0,86;5,3,0.3575,1,21;2,2,0.2585,1,196
ood_compose_regime-02045	1	2	2	194,82,58,76,134,161,89,167,141,45,164,37,20,156,103,161,52,123,69,30,116,138,118,93,147,188,68,43,191,158,21,14,151,108,187,3	2,4,0.8205,0,147;5,3,0.6085,0,226;3,0,0.9255,0,122;3,0,0.3185,0,40;6,2,0.8185,1,3;2,4,0.4915,0,49
ood_compose_regime-02046	1	2	2	160,152,162,98,17,48,176,143,161,168,115,147,140,169,167,76,125,39,117,42,21,156,11,151,51,69,106,67,93,158,84,90,28,133,63,2	1,1,0.3285,0,58;3,5,0.5695,3,179;2,5,0.6915,0,210;3,2,0.5985,0,100;1,0,0.7005,0,151;4,3,0.9895,2,236
ood_compose_regime-02047	5	2	1	113,45,38,175,196,192,150,117,31,141,147,205,175,203,19,69,184,132,169,52,106,43,60,85,92,124,66,76,14,93,136,103,188,21,4,213	3,4,0.7205,0,159;6,4,0.7155,0,223;3,2,0.4615,0,78;3,3,0.8155,0,35;6,0,0.3715,0,211;3,2,0.0945,0,102
ood_compose_regime-02048	5	2	0	67,157,92,36,93,208,178,62,100,47,81,124,177,117,204,20,149,132,139,174,163,22,110,52,210,40,69,10,83,4,141,173,30,147,198,115	3,0,0.8965,1,219;5,2,0.0455,2,3;3,4,0.7815,0,86;8,1,0.9465,0,234;3,4,0.7035,0,77;3,2,0.6625,0,196
ood_compose_regime-02049	5	2	1	85,193,147,195,158,93,201,97,62,7,68,16,136,69,52,129,92,213,106,45,201,142,132,150,22,157,185,117,200,10,189,25,42,34,76,114	6,0,0.0675,1,68;0,0,0.5705,0,222;3,4,0.9185,0,148;3,3,0.9035,0,132;0,0,0.4865,0,255;8,2,0.0465,1,96
ood_compose_regime-02050	5	2	1	23,150,123,189,203,214,141,212,97,16,52,147,156,82,117,42,168,3,108,58,45,140,213,196,37,69,80,134,115,28,93,90,15,166,66,186	2,5,0.1545,2,112;3,3,0.5695,0,199;3,0,0.5485,0,230;7,0,0.4235,0,118;0,2,0.7585,0,199;2,4,0.8165,0,68
ood_compose_regime-02051	5	2	0	191,76,38,41,172,60,108,149,115,93,72,124,100,175,153,20,117,174,176,152,199,32,154,89,48,141,4,208,135,21,87,138,147,67,12,53	3,2,0.9675,0,4;7,4,0.2605,3,10;4,2,0.6805,3,202;3,5,0.2875,0,12;3,2,0.6425,0,148;3,5,0.5465,0,85
ood_compose_regime-02052	5	2	2	95,137,12,23,115,147,51,78,151,206,202,64,134,174,108,177,157,69,152,205,62,47,173,16,162,123,30,38,141,100,83,4,44,153,117,92	3,2,0.0765,2,251;5,4,0.8975,2,183;2,4,0.0195,0,198;5,1,0.8675,2,39;3,2,0.7265,0,51;2,4,0.3885,0,164
ood_compose_regime-02053	2	2	2	115,26,176,76,201,131,138,172,82,185,42,167,45,120,52,147,18,141,66,152,69,10,21,58,93,99,3,151,185,167,35,192,213,91,110,123	2,0,0.4885,0,161;1,1,0.4415,0,121;3,0,0.5045,0,169;3,0,0.6325,0,211;2,4,0.7075,3,168;2,1,0.5165,0,223
ood_compose_regime-02054	5	2	2	98,120,7,67,69,63,181,43,137,124,199,204,45,90,147,20,113,169,141,110,73,188,57,212,190,93,84,133,179,36,27,181,21,11,156,151	6,1,0.9605,0,104;2,2,0.6125,0,81;8,5,0.6005,0,250;0,2,0.5905,0,79;1,4,0.2295,3,181;3,3,0.3095,0,188
ood_compose_regime-02055	5	2	0	86,44,18,191,200,186,152,139,52,147,204,200,38,28,152,120,4,65,70,93,45,100,157,21,115,141,135,110,124,88,201,10,208,78,149,60	3,0,0.5365,0,212;3,4,0.9885,0,164;3,2,0.3135,1,4;5,4,0.0905,0,171;3,4,0.6045,3,113;3,5,0.7405,0,220
ood_compose_regime-02056	5	2	1	73,177,69,66,110,141,45,170,147,21,171,13,113,16,93,198,180,133,174,120,86,158,90,34,126,137,150,164,52,43,6,205,195,63,99,27	5,3,0.0035,0,189;2,0,0.7575,0,116;3,5,0.5185,0,250;0,4,0.4085,0,207;2,4,0.3295,3,81;5,3,0.3995,0,55
ood_compose_regime-02057	5	2	0	62,117,20,149,135,153,93,136,109,77,15,89,204,21,28,41,182,102,67,52,4,215,37,85,184,144,147,69,171,126,210,45,115,173,166,213	3,5,0.9945,0,228;3,3,0.2705,0,178;3,4,0.6555,0,211;4,3,0.2445,0,36;5,3,0.7485,0,216;5,5,0.1695,3,101
ood_compose_regime-02058	5	2	2	198,114,141,52,182,193,156,9,85,17,58,69,38,215,65,45,147,28,187,93,208,99,197,10,91,108,76,134,165,191,151,42,24,137,126,117	8,0,0.3935,3,39;3,4,0.5485,0,205;3,0,0.3645,0,186;3,3,0.6935,0,20;2,2,0.4615,0,61;5,4,0.3755,0,53
ood_compose_regime-02059	2	2	0	172,10,144,147,149,200,163,185,53,114,196,101,18,194,138,106,198,44,132,170,75,28,3,36,69,117,90,176,84,60,205,93,125,67,45,21	2,0,0.5255,0,223;3,2,0.9155,0,230;4,2,0.7465,0,247;2,2,0.5205,0,195;4,0,0.5315,0,215;4,2,0.5225,3,61
ood_compose_regime-02060	9	2	1	66,45,107,93,120,194,205,21,147,128,28,114,82,69,81,88,182,49,8,137,170,165,135,15,104,41,160,166,18,182,190,39,156,150,141,60	7,5,0.5115,0,80;3,5,0.2685,0,189;0,2,0.4225,0,137;8,0,0.0645,0,82;7,1,0.4385,3,162;7,5,0.3395,0,152
ood_compose_regime-02061	5	2	2	196,113,93,100,136,76,20,85,109,206,166,91,58,124,141,202,32,147,151,11,212,65,135,1,180,69,38,51,176,45,187,202,117,40,21,170	0,1,0.8685,0,208;7,4,0.1675,0,191;2,0,0.3185,0,36;3,3,0.6395,0,148;3,3,0.2185,0,140;3,5,0.0765,0,45
ood_compose_regime-02062	5	2	1	17,201,192,34,139,60,4,12,124,175,147,113,175,201,42,66,202,94,150,21,193,111,78,52,99,133,141,117,45,166,91,28,87,71,185,176	3,2,0.3705,0,36;3,0,0.4435,0,146;3,2,0.5305,2,185;5,5,0.6815,1,37;2,5,0.3475,0,155;3,3,0.7995,0,161
ood_compose_regime-02063	5	2	2	137,181,44,32,108,67,35,100,124,4,13,162,112,175,17,141,187,147,92,69,59,181,51,45,87,21,193,189,132,117,93,164,189,151,76,154	3,3,0.2035,0,117;7,1,0.8795,0,108;2,1,0.6815,0,133;3,5,0.8975,0,1;3,2,0.0715,0,51;3,2,0.2275,0,150
ood_compose_regime-02064	5	2	0	15,93,187,209,86,183,117,39,149,45,208,182,205,8,41,28,141,100,65,18,138,76,62,57,132,110,92,213,171,21,114,201,188,147,124,69	7,5,0.5395,0,42;3,5,0.3305,0,136;8,4,0.3925,0,41;3,4,0.8955,0,152;3,4,0.4385,0,215;3,2,0.4375,0,105
ood_compose_regime-02065	5	2	2	21,164,117,67,28,166,20,141,164,108,122,76,155,169,151,105,42,155,39,191,4,93,113,147,12,174,135,154,90,210,86,45,52,62,139,69	3,2,0.8445,0,30;3,5,0.5355,0,2;3,4,0.7215,0,47;3,4,0.4345,0,236;8,2,0.2045,0,190;1,5,0.6305,0,252
ood_compose_regime-02066	5	2	2	106,124,196,52,67,147,161,69,93,186,120,190,32,10,18,87,38,45,136,206,170,180,204,141,4,76,151,21,134,104,189,41,92,112,173,58	3,0,0.5575,0,97;7,4,0.3315,0,38;3,0,0.6005,0,56;3,5,0.8165,0,50;7,0,0.0085,3,184;3,4,0.1705,0,34
ood_compose_regime-02067	5	2	0	37,52,188,205,124,147,210,89,101,170,87,194,67,62,112,14,76,193,43,141,106,149,20,26,46,211,21,136,69,212,171,182,117,2,133,93	1,4,0.8445,0,162;1,3,0.7685,1,161;3,4,0.6185,0,56;3,5,0.2095,0,67;4,0,0.1065,0,25;3,3,0.0615,0,55
ood_compose_regime-02068	1	2	0	102,92,195,3,28,119,147,64,152,110,173,173,59,22,11,123,73,206,18,141,186,132,41,157,138,56,191,45,149,82,36,69,95,114,158,199	2,1,0.5055,1,2;3,2,0.3725,0,231;7,1,0.0575,0,151;0,0,0.8065,2,88;5,4,0.4115,2,155;2,2,0.4385,0,90
ood_compose_regime-02069	5	2	1	196,21,45,69,1,180,25,52,132,35,197,180,90,141,107,136,84,17,121,180,61,210,76,42,93,14,153,67,186,157,97,150,119,147,209,114	0,4,0.3205,0,240;0,1,0.4345,0,33;3,3,0.7545,0,232;3,2,0.4585,0,163;0,1,0.4285,2,230;0,2,0.0445,0,68
ood_compose_regime-02070	5	2	1	116,45,177,31,127,90,7,157,12,160,190,35,162,107,93,57,103,16,76,137,21,41,67,150,156,167,143,117,160,166,69,60,147,131,82,189	6,2,0.1835,0,94;6,1,0.3655,0,153;8,2,0.6465,0,127;3,0,0.4825,0,87;6,1,0.8475,0,4;6,1,0.3755,2,195
ood_compose_regime-02071	5	2	0	33,81,47,16,100,124,205,113,44,82,34,93,149,23,155,55,106,15,182,69,4,183,201,170,58,147,117,205,68,135,88,141,192,197,160,139	3,5,0.0945,2,227;8,0,0.9425,2,218;6,0,0.8315,0,170;8,0,0.1115,0,25;3,0,0.3735,0,220;3,5,0.6995,0,42
ood_compose_regime-02072	5	2	0	215,214,92,84,4,123,75,176,17,15,175,137,61,40,100,200,21,135,66,93,117,52,166,182,36,149,45,142,115,110,199,209,147,27,71,168	3,5,0.2235,0,176;2,2,0.1475,0,61;3,3,0.5965,2,80;2,2,0.9025,0,41;3,4,0.7755,0,15;2,5,0.3205,1,16
ood_compose_regime-02073	5	2	0	38,26,42,133,183,166,149,45,82,138,22,65,92,187,76,108,124,164,173,116,152,147,94,170,118,152,141,14,100,51,204,59,69,16,9,152	8,4,0.0685,1,254;1,4,0.4885,0,192;2,1,0.3155,0,252;3,0,0.8785,1,248;3,2,0.8245,1,16;3,3,0.4755,0,88
ood_compose_regime-02074	5	2	1	101,106,128,117,28,200,10,212,170,199,177,69,168,171,141,188,21,138,38,133,112,41,76,45,61,55,65,186,17,93,147,190,89,150,4,86	3,0,0.2215,0,127;3,4,0.3165,0,241;6,3,0.2505,0,185;3,4,0.2305,0,18;4,0,0.0755,0,145;7,3,0.5605,0,193
ood_compose_regime-02075	5	2	1	198,163,106,158,87,175,130,3,174,150,28,18,193,45,139,74,63,93,141,113,179,39,117,162,10,42,147,69,162,67,53,125,92,21,101,157	2,0,0.5885,0,27;3,5,0.4845,0,168;4,5,0.7665,0,63;1,5,0.9775,0,248;4,0,0.3095,0,86;4,0,0.6705,0,141
ood_compose_regime-02076	6	2	0	73,121,68,141,45,185,97,138,187,115,69,147,200,94,117,172,43,34,186,108,21,17,196,204,184,10,63,52,149,207,27,1,133,84,162,89	0,0,0.2625,0,36;2,0,0.7715,0,214;3,5,0.9555,0,101;0,2,0.2095,1,74;0,2,0.7955,0,46;0,3,0.4495,0,167
ood_compose_regime-02077	5	2	2	92,137,20,21,81,211,133,100,151,125,4,178,52,194,108,202,141,206,71,68,153,213,34,152,173,28,117,182,44,82,147,45,13,93,112,63	3,3,0.9655,0,14;3,0,0.8075,0,243;3,5,0.8385,2,57;8,0,0.8005,0,167;3,2,0.1335,0,74;4,3,0.3185,0,25
ood_compose_regime-02078	6	2	1	10,43,166,117,196,59,152,141,38,198,25,115,19,106,191,84,45,138,69,150,163,121,179,73,93,91,191,164,133,22,100,68,1,147,187,49	0,0,0.7275,1,191;0,4,0.7995,0,243;0,1,0.9145,0,125;0,2,0.6535,0,249;3,0,0.7105,0,113;0,3,0.4475,0,132
ood_compose_regime-02079	10	2	2	83,147,21,166,16,11,134,139,214,41,5,101,151,117,116,195,69,210,188,46,197,93,36,52,109,61,89,181,180,171,66,164,28,141,74,129	4,1,0.0065,0,235;3,2,0.3545,1,185;3,3,0.4105,0,91;1,1,0.2005,0,166;4,3,0.9735,0,197;8,4,0.6715,0,48
ood_compose_regime-02080	5	2	2	171,114,93,147,45,164,18,90,4,36,205,21,167,83,119,124,67,133,44,81,176,62,173,104,141,15,186,151,69,201,28,106,169,52,207,140	3,5,0.4185,0,164;3,2,0.8035,0,62;3,4,0.6015,0,250;8,1,0.5895,0,86;7,0,0.5655,2,20;3,3,0.9775,0,163
ood_compose_regime-02081	5	2	1	136,38,212,184,180,21,12,109,51,118,18,142,131,160,116,213,93,157,69,89,77,211,189,127,102,59,28,185,188,45,44,150,4,87,147,64	3,2,0.4625,0,40;3,4,0.9895,0,9;2,1,0.1645,0,126;4,5,0.2675,0,58;5,3,0.9845,1,80;6,1,0.0745,1,181
ood_compose_regime-02082	7	2	2	32,147,47,18,7,210,93,154,193,112,68,135,136,99,151,142,191,117,43,69,191,191,205,82,213,63,106,210,37,123,90,50,14,206,76,23	6,4,0.5145,2,247;7,3,0.6735,2,96;1,5,0.9855,0,149;3,0,0.5275,0,217;2,0,0.1725,0,68;2,5,0.1135,1,202
ood_compose_regime-02083	5	2	0	59,39,54,27,16,131,45,187,21,213,160,149,199,94,1,10,141,100,212,82,41,200,194,69,111,89,138,147,116,117,66,197,123,154,75,192	0,0,0.0985,0,231;2,5,0.2045,0,143;5,1,0.4225,0,128;2,0,0.3745,1,217;3,5,0.9825,0,6;2,1,0.5305,0,36
ood_compose_regime-02084	5	2	2	34,156,15,51,63,16,40,168,28,181,69,151,115,141,90,3,99,45,86,130,76,207,111,147,160,129,172,64,157,138,93,117,170,155,181,21	2,5,0.0395,0,16;3,0,0.1815,0,181;2,5,0.1985,0,135;3,4,0.5195,0,106;2,5,0.6185,0,168;8,0,0.5135,0,229
ood_compose_regime-02085	5	2	0	114,89,52,136,107,195,167,149,9,212,45,15,117,79,126,82,67,144,134,20,147,189,69,155,185,93,153,42,98,206,37,155,203,61,29,22	8,5,0.8225,1,222;4,3,0.5645,0,137;3,3,0.6625,0,238;6,0,0.2875,0,137;1,1,0.5445,0,74;5,4,0.1645,3,254
ood_compose_regime-02086	5	2	2	27,100,210,64,207,69,147,110,215,165,81,87,204,56,115,174,121,61,3,21,17,140,35,117,171,182,90,96,174,44,45,141,151,130,152,12	2,2,0.3735,0,137;2,1,0.9855,0,50;7,3,0.1615,0,179;8,5,0.4075,3,237;3,4,0.6225,0,152;0,0,0.8745,0,113
ood_compose_regime-02087	5	2	1	176,14,45,37,139,150,103,74,166,62,135,4,28,82,21,201,117,109,122,176,93,141,161,51,69,214,44,211,20,183,64,115,164,147,176,91	3,4,0.9395,0,153;3,3,0.9695,0,134;2,4,0.1085,0,226;1,0,0.6685,0,17;6,3,0.6875,0,141;1,5,0.7725,0,43
ood_compose_regime-02088	5	2	0	10,74,106,69,209,95,201,115,82,60,19,28,44,166,37,139,89,117,167,215,211,45,51,149,21,202,192,103,206,130,141,7,67,147,156,125	6,0,0.7145,0,103;3,3,0.8675,0,17;2,2,0.7545,0,192;1,0,0.3085,2,171;6,0,0.7755,0,197;4,0,0.7835,0,52
ood_compose_regime-02089	5	2	2	124,64,171,24,28,106,50,73,157,151,83,61,69,3,10,179,139,114,185,48,147,17,198,93,165,99,214,89,36,214,117,134,41,141,157,176	2,0,0.2515,3,162;3,2,0.2795,3,203;1,3,0.0145,0,161;0,1,0.2925,0,53;2,0,0.5655,0,236;3,4,0.7215,0,179
ood_compose_regime-02090	2	2	0	193,155,166,149,59,165,157,117,44,57,91,176,153,76,69,15,21,130,107,16,196,197,139,129,45,167,33,34,82,143,66,9,93,147,116,105	8,5,0.0555,0,152;8,0,0.9545,0,3;8,1,0.4625,0,23;3,0,0.7285,0,226;8,1,0.8415,0,56;8,0,0.6265,2,69
ood_compose_regime-02091	5	2	0	130,178,61,180,181,137,48,41,87,2,69,21,16,122,117,76,169,147,141,52,149,32,98,207,198,165,197,173,14,39,196,88,93,107,67,116	1,4,0.0645,0,184;7,5,0.2885,3,4;3,3,0.7175,0,3;3,5,0.0355,0,180;1,1,0.8915,0,72;1,0,0.3335,0,154
ood_compose_regime-02092	9	2	1	91,85,141,32,134,185,58,199,181,93,57,42,45,13,193,8,150,209,147,175,110,66,205,118,34,69,138,204,195,104,18,124,80,190,21,113	7,3,0.5595,0,14;7,0,0.4825,0,243;8,0,0.5495,0,133;7,3,0.7335,0,110;7,4,0.3455,1,157;3,4,0.5425,0,150
ood_compose_regime-02093	5	2	0	117,149,32,11,138,57,187,215,59,89,93,40,21,163,67,71,124,161,109,175,169,113,213,9,163,152,141,183,147,17,82,103,45,37,81,133	8,1,0.2265,0,166;7,3,0.1915,0,216;8,1,0.6155,2,122;8,0,0.3095,0,236;6,3,0.3165,0,163;3,3,0.5115,0,20
ood_compose_regime-02094	5	2	0	143,214,93,187,149,203,64,185,114,42,100,130,70,3,152,79,205,31,45,38,55,211,123,60,164,10,139,106,92,85,22,117,16,201,147,195	2,0,0.0955,1,92;6,4,0.4535,0,24;6,2,0.1205,1,219;6,3,0.9155,0,38;3,0,0.5655,0,18;2,0,0.6765,2,151
ood_compose_regime-02095	5	2	1	16,114,201,12,124,21,75,68,96,45,92,141,150,110,155,195,170,28,87,147,192,156,188,51,136,42,38,120,157,69,59,4,134,100,157,212	3,2,0.0235,0,224;3,4,0.4955,0,180;2,1,0.9475,0,227;2,5,0.8285,3,231;3,4,0.4695,3,159;3,4,0.1735,0,128
ood_compose_regime-02096	1	2	2	100,19,82,122,131,194,28,21,147,206,140,151,48,40,165,70,75,117,204,153,15,52,172,170,3,196,116,62,90,106,205,66,188,93,39,143	2,5,0.6985,0,10;3,5,0.1695,3,5;3,4,0.5705,1,198;2,0,0.5475,0,64;3,0,0.9905,0,202;1,1,0.8815,2,36
ood_compose_regime-02097	5	2	0	86,117,1,76,113,16,147,192,139,21,37,110,47,173,173,88,180,141,28,149,11,175,182,100,178,207,130,93,58,124,44,67,69,184,52,188	0,1,0.0885,0,72;3,3,0.9675,2,224;3,0,0.6115,0,87;3,4,0.0515,0,137;3,4,0.2755,0,186;3,0,0.6475,0,82
ood_compose_regime-02098	6	2	1	200,201,119,93,169,32,208,204,141,132,41,82,21,59,69,100,37,147,137,106,55,112,12,194,65,208,1,164,193,76,45,90,19,210,121,150	0,2,0.7895,0,251;7,3,0.3865,0,0;6,1,0.3665,0,185;3,0,0.5625,0,79;3,0,0.0055,2,176;0,2,0.2045,0,162
ood_compose_regime-02099	8	2	0	141,111,69,149,191,136,52,182,201,40,185,160,21,25,15,34,121,117,182,65,88,192,147,131,102,83,191,4,60,194,79,16,213,45,93,116	3,5,0.1885,0,74;0,0,0.1455,0,142;3,2,0.3475,0,189;6,1,0.0395,0,184;5,5,0.8975,0,234;0,1,0.0695,0,129
ood_compose_regime-02100	5	2	1	150,141,88,133,36,197,21,126,55,16,168,83,42,69,199,186,25,67,212,165,205,213,114,11,201,188,60,111,93,45,117,100,2,78,140,147	1,1,0.1125,0,50;0,2,0.5335,0,17;6,2,0.7125,0,53;5,1,0.1225,0,134;3,5,0.5515,0,94;5,3,0.9035,0,247
ood_compose_regime-02101	1	2	0	69,12,9,117,67,187,157,19,85,38,172,113,51,189,137,21,147,135,103,42,187,90,129,149,208,193,78,45,28,161,182,190,94,63,141,106	8,2,0.6575,0,251;3,4,0.5385,0,160;2,5,0.6085,0,145;5,3,0.4485,1,184;6,0,0.2755,0,38;8,5,0.3505,0,162
ood_compose_regime-02102	5	2	2	45,184,14,28,124,2,114,107,212,117,141,61,20,212,200,54,157,89,135,195,147,65,21,77,175,69,44,168,151,93,38,137,215,200,98,87	1,4,0.9825,0,112;3,4,0.8345,0,15;5,3,0.3445,0,145;4,5,0.2475,0,107;1,1,0.4205,0,194;3,5,0.2535,0,209
ood_compose_regime-02103	5	2	1	211,40,62,147,1,153,17,13,115,136,153,91,39,50,84,70,65,117,191,110,132,150,100,182,172,184,141,167,183,181,45,29,93,81,24,126	0,3,0.3935,3,26;4,5,0.1955,0,133;1,4,0.2815,1,62;8,2,0.7095,0,169;3,4,0.7285,0,228;5,2,0.1415,0,128
ood_compose_regime-02104	8	2	2	182,195,86,209,10,192,64,169,69,133,78,128,114,54,156,7,142,206,151,21,170,90,137,147,45,106,97,93,34,192,19,59,117,159,44,28	6,0,0.7575,0,145;3,0,0.8495,0,155;5,1,0.1705,0,154;5,4,0.5185,0,38;0,0,0.4945,0,179;7,3,0.3435,1,7
ood_compose_regime-02105	5	2	1	54,139,158,116,64,117,93,38,143,126,107,204,152,197,90,18,21,62,135,46,69,190,180,30,83,165,172,4,202,13,147,103,43,168,78,150	3,3,0.4425,0,224;5,4,0.6975,1,202;5,4,0.1165,0,147;5,1,0.5805,0,229;6,1,0.8905,0,27;5,5,0.6815,2,98
ood_compose_regime-02106	10	2	2	163,45,133,102,37,189,69,59,5,147,141,11,44,84,178,164,178,124,114,163,96,151,78,88,197,117,186,26,168,19,174,21,111,67,137,53	4,1,0.7975,0,26;1,3,0.8095,0,8;4,1,0.6575,0,135;5,2,0.1625,3,197;5,5,0.5385,0,149;3,3,0.3815,0,18
ood_compose_regime-02107	2	2	1	202,130,107,161,11,138,183,52,16,197,25,3,95,162,118,113,167,64,191,42,73,150,199,147,92,82,206,177,69,34,124,45,21,99,62,141	2,1,0.1785,0,170;0,0,0.5635,0,241;3,4,0.0875,0,116;0,0,0.9125,2,119;2,1,0.2985,1,68;3,0,0.4125,0,146
ood_compose_regime-02108	7	2	0	117,123,200,59,65,137,51,72,26,43,174,21,100,206,177,17,15,110,93,206,195,2,215,152,131,39,147,158,83,91,214,115,149,141,45,74	1,5,0.2505,0,197;1,5,0.7235,0,26;2,1,0.3325,3,17;1,1,0.7945,0,84;3,4,0.7545,0,130;2,1,0.3835,0,18
ood_compose_regime-02109	8	2	1	158,141,171,77,205,93,41,66,207,6,12,173,109,19,88,189,102,34,157,26,52,83,138,150,62,21,156,69,122,45,135,117,214,147,179,114	5,2,0.6285,0,61;1,0,0.2085,0,25;3,4,0.5845,0,9;4,1,0.1105,0,2;5,3,0.5405,0,210;1,5,0.4575,0,91
ood_compose_regime-02110	2	2	0	64,20,99,140,131,45,208,73,157,192,149,28,108,200,190,152,50,122,62,204,4,84,21,167,116,188,147,38,172,69,12,93,141,90,41,119	3,2,0.9375,0,186;3,4,0.3555,0,65;1,4,0.0795,0,199;0,2,0.5215,0,49;2,2,0.9595,2,50;1,1,0.8215,0,201
ood_compose_regime-02111	2	2	2	20,183,40,162,45,107,131,212,97,81,193,147,151,212,191,52,83,184,168,186,90,31,66,58,38,141,123,22,193,14,116,93,140,69,117,2	1,4,0.9325,1,239;6,4,0.1485,0,124;3,0,0.4975,0,156;8,1,0.5805,0,127;0,1,0.9075,0,207;2,1,0.9045,0,30
ood_compose_regime-02112	5	2	2	124,93,152,136,32,185,88,38,188,111,43,114,45,77,64,209,141,23,193,215,100,213,200,58,166,173,4,147,135,69,20,83,117,55,151,14	3,4,0.8775,2,21;7,4,0.6215,0,139;6,0,0.1345,0,198;4,1,0.0005,0,229;3,5,0.4715,0,191;3,5,0.0555,0,4
ood_compose_regime-02113	5	2	2	45,199,95,181,151,66,69,21,141,103,179,40,159,4,81,34,156,211,115,194,202,182,14,62,109,130,147,117,82,139,175,90,27,54,124,19	3,4,0.7495,0,126;2,0,0.0945,0,147;5,4,0.5185,0,103;8,0,0.4675,2,141;6,3,0.7735,0,112;3,0,0.7555,0,135
ood_compose_regime-02114	5	2	0	147,94,201,110,19,149,212,13,194,21,126,45,191,137,76,89,42,31,100,86,158,117,131,190,153,175,35,154,69,214,141,114,7,52,67,58	6,3,0.6775,0,31;6,1,0.4675,0,137;3,0,0.6945,0,124;3,4,0.2695,1,159;3,4,0.5875,0,165;5,1,0.2805,0,188
ood_compose_regime-02115	9	2	0	138,25,64,141,87,116,42,19,193,167,93,69,165,163,14,168,58,103,4,23,201,147,128,118,106,38,198,91,45,189,176,76,56,155,149,135	3,4,0.6495,2,194;0,4,0.4415,0,179;7,0,0.0165,0,243;3,5,0.7735,0,113;6,0,0.8525,1,159;7,5,0.5765,0,150
ood_compose_regime-02116	5	2	2	151,141,61,161,85,152,31,17,21,201,152,147,36,136,167,133,76,45,116,69,98,208,15,181,205,52,117,127,6,68,93,107,40,92,158,201	5,5,0.2215,0,31;6,2,0.0565,0,225;3,3,0.8525,0,203;3,3,0.9845,0,56;1,1,0.9005,0,95;6,3,0.0815,0,91
ood_compose_regime-02117	5	2	1	163,186,101,40,112,150,190,69,171,61,117,141,139,184,147,85,50,209,15,8,190,21,32,79,204,93,64,45,133,106,89,16,187,124,37,175	7,5,0.0665,0,253;7,3,0.0845,0,10;1,3,0.1805,0,36;6,3,0.3725,0,124;4,0,0.0155,0,33;3,3,0.6305,0,50
ood_compose_regime-02118	10	2	0	66,124,137,9,117,18,36,173,106,141,179,132,72,147,156,176,112,105,184,152,214,33,92,21,10,58,181,42,149,194,86,171,49,45,81,93	8,0,0.5845,0,77;8,2,0.4855,0,102;0,0,0.5465,3,240;8,4,0.8375,0,48;8,0,0.1335,0,63;3,2,0.2595,0,251
ood_compose_regime-02119	9	2	2	199,65,21,26,97,206,162,113,136,215,80,147,37,106,2,154,175,43,184,10,209,17,86,131,141,191,61,69,90,123,45,52,117,151,93,172	1,0,0.3095,0,200;1,3,0.7555,0,111;3,3,0.3645,0,188;7,4,0.4145,0,129;0,0,0.3295,0,73;2,1,0.1395,0,160
ood_compose_regime-02120	5	2	2	42,210,52,110,65,199,204,186,132,147,92,124,79,169,141,84,169,93,3,10,151,117,115,61,47,156,99,205,19,138,161,24,69,37,28,175	2,0,0.7775,3,44;3,3,0.5025,2,49;3,3,0.2665,0,62;6,2,0.8645,0,53;2,4,0.7105,0,247;3,2,0.5195,0,71
ood_compose_regime-02121	5	2	1	4,19,183,150,206,147,183,45,65,131,139,193,193,142,158,35,127,52,100,117,44,60,109,82,69,167,89,211,93,198,112,152,26,14,79,21	3,4,0.6865,0,244;1,1,0.9265,0,218;3,2,0.2565,0,172;6,0,0.3185,0,142;3,3,0.0445,0,135;6,1,0.7895,1,96
ood_compose_regime-02122	7	2	0	172,115,51,178,76,149,20,87,123,187,160,14,106,38,161,164,67,21,89,203,26,174,118,45,2,69,63,93,98,141,44,209,147,136,158,130	1,4,0.9995,0,118;1,4,0.8985,0,71;2,5,0.6895,0,5;3,5,0.3045,0,96;1,0,0.6715,1,177;2,0,0.0845,0,248
ood_compose_regime-02123	5	2	1	103,150,141,161,212,183,152,89,21,136,162,28,20,204,110,67,117,174,75,36,14,135,69,116,147,214,45,126,6,55,42,174,93,61,179,84	5,4,0.8015,0,241;3,2,0.4815,0,189;6,3,0.6005,0,231;2,2,0.2445,0,23;6,4,0.9565,0,214;5,5,0.0805,0,253
ood_compose_regime-02124	5	2	1	142,60,18,191,180,66,133,150,113,201,159,195,171,110,27,21,41,117,121,38,93,105,2,160,203,87,14,215,45,76,92,154,140,72,147,51	1,4,0.5775,0,81;2,4,0.2985,0,12;2,2,0.5475,3,222;3,5,0.8245,0,172;8,4,0.2315,0,111;0,3,0.9845,1,34
ood_compose_regime-02125	2	2	2	147,209,117,21,159,26,42,200,93,45,84,177,138,151,67,76,115,141,196,170,126,100,69,6,54,20,205,89,12,206,188,184,59,35,132,110	5,2,0.8865,0,3;1,1,0.5315,0,105;5,1,0.6925,0,125;3,2,0.2045,0,210;3,4,0.6125,0,245;5,2,0.4745,0,241
ood_compose_regime-02126	6	2	0	141,93,149,21,45,200,202,13,135,25,192,92,109,164,84,170,204,140,124,100,117,161,147,1,195,64,20,69,73,61,112,43,36,211,52,157	0,3,0.9215,0,225;0,2,0.6035,0,27;3,3,0.0095,0,10;0,2,0.8125,0,136;3,3,0.0455,0,207;3,5,0.9465,0,109
ood_compose_regime-02127	5	2	2	160,61,151,173,69,142,215,212,138,109,19,52,201,123,83,100,152,159,147,68,15,120,43,202,135,45,21,90,113,8,28,38,96,170,198,74	7,5,0.6015,0,47;3,4,0.6265,0,169;3,3,0.9245,0,138;1,1,0.5605,3,111;3,3,0.3055,3,207;2,5,0.5235,1,138
ood_compose_regime-02128	9	2	1	60,155,141,131,140,87,45,41,113,29,93,8,150,128,109,100,117,39,179,195,147,70,91,154,75,194,13,21,68,19,197,161,211,162,52,168	7,3,0.6785,0,226;4,5,0.3375,0,53;3,2,0.8785,1,230;2,5,0.6705,0,69;3,3,0.3765,0,213;7,1,0.9075,0,72
ood_compose_regime-02129	7	2	1	170,7,34,24,60,134,137,210,116,150,201,42,93,65,199,177,183,19,190,129,172,98,28,141,109,69,86,204,117,45,147,78,89,52,214,10	6,0,0.7925,3,178;3,0,0.5955,0,64;3,2,0.2415,0,38;5,4,0.3395,0,76;1,3,0.8835,0,188;8,4,0.2505,0,16
ood_compose_regime-02130	9	2	0	141,52,68,147,117,136,58,16,82,35,44,179,153,152,32,24,197,69,110,195,13,128,182,4,98,149,134,203,112,176,96,75,88,198,171,45	3,3,0.0605,3,76;7,1,0.8145,0,73;3,0,0.8935,0,239;2,0,0.1305,3,186;1,4,0.1435,0,80;7,4,0.0695,0,58
ood_compose_regime-02131	5	2	0	204,90,84,13,202,100,211,179,18,161,153,121,60,45,21,93,204,117,67,115,141,130,69,147,211,41,52,26,206,7,37,76,194,138,111,149	6,3,0.5205,0,255;1,3,0.3935,0,23;3,2,0.6845,0,148;3,2,0.4455,0,88;3,5,0.7825,0,147;0,0,0.5915,0,32
ood_compose_regime-02132	10	2	0	215,142,93,76,154,191,13,105,130,199,59,67,110,57,47,195,85,115,7,16,158,41,149,89,140,147,28,21,71,124,177,195,36,174,117,153	6,3,0.1415,0,78;3,2,0.2935,2,64;8,1,0.6915,2,81;3,3,0.3355,0,4;8,4,0.7235,0,176;3,0,0.8915,1,240
ood_compose_regime-02133	8	2	1	91,166,123,68,185,198,20,208,139,6,93,27,195,44,82,117,60,147,114,76,48,102,150,153,206,53,110,35,185,210,21,212,72,131,15,141	5,5,0.9285,0,189;2,1,0.8875,3,243;4,2,0.9915,3,21;3,0,0.7535,0,172;5,4,0.4065,0,249;2,1,0.6675,0,226
ood_compose_regime-02134	7	2	2	117,133,10,157,198,116,40,151,122,162,85,34,17,109,195,206,68,74,174,204,137,69,28,100,48,177,174,63,210,141,147,21,91,93,4,50	3,0,0.2025,0,244;3,0,0.0855,3,207;1,5,0.9715,0,249;1,3,0.6045,0,192;3,3,0.9725,0,133;1,3,0.2475,0,25
ood_compose_regime-02135	2	2	2	34,182,137,215,151,112,4,18,12,25,64,45,97,43,95,141,147,84,196,108,75,196,52,21,119,173,158,129,69,188,135,62,92,211,200,196	3,2,0.4285,0,190;0,0,0.6315,0,29;3,4,0.0755,0,28;2,2,0.9775,2,243;0,2,0.0545,2,25;8,5,0.3235,0,74
ood_compose_regime-02136	1	2	2	62,92,18,117,160,33,51,69,4,176,139,187,12,99,95,75,127,207,21,39,111,141,66,133,162,116,151,172,44,84,212,147,162,202,176,45	3,2,0.5785,0,61;8,5,0.8745,0,54;2,4,0.5385,0,218;2,2,0.9665,2,73;2,5,0.8485,0,88;6,3,0.6865,0,189
ood_compose_regime-02137	2	2	2	203,12,151,51,20,191,97,169,162,140,69,64,96,132,124,89,116,209,192,200,117,82,35,27,203,42,77,63,21,147,193,109,187,3,45,141	2,2,0.8595,0,199;2,1,0.4525,0,79;2,5,0.0365,0,74;4,0,0.3525,3,243;0,3,0.9325,0,12;3,2,0.9875,0,52
ood_compose_regime-02138	5	2	1	162,200,140,45,116,200,134,90,7,198,184,96,106,209,172,147,10,69,127,141,86,207,49,119,37,19,42,150,28,67,183,22,103,78,59,184	6,0,0.6895,1,167;3,3,0.4785,0,165;0,1,0.6605,0,7;5,4,0.4285,3,29;6,0,0.9315,2,222;6,4,0.9485,0,115
ood_compose_regime-02139	5	2	2	174,60,45,141,159,199,117,100,6,75,69,109,19,147,115,201,89,34,67,132,152,124,162,151,140,21,33,42,84,213,52,93,13,211,208,166	5,3,0.7945,0,31;8,0,0.5585,0,50;3,2,0.6405,0,243;2,2,0.2935,0,33;3,3,0.6595,0,60;3,2,0.9475,0,135
ood_compose_regime-02140	5	2	2	113,121,193,137,202,93,4,81,188,45,166,55,133,151,104,141,14,21,18,117,69,67,205,35,195,109,90,204,185,33,43,154,87,62,147,186	3,4,0.4155,0,15;8,1,0.7065,0,217;6,4,0.7985,0,25;8,5,0.4765,0,224;7,3,0.3605,0,144;0,3,0.3495,0,109
ood_compose_regime-02141	5	2	1	120,147,27,66,75,12,99,207,150,92,164,170,108,194,52,9,84,112,34,206,207,143,140,69,18,160,134,45,62,168,158,21,121,41,206,93	8,2,0.4015,0,1;2,0,0.2245,0,167;3,4,0.4705,0,108;2,2,0.9125,0,214;2,2,0.0295,3,135;0,4,0.8955,2,25
ood_compose_regime-02142	5	2	0	117,124,213,100,45,75,196,12,38,205,69,149,93,64,24,207,137,194,159,147,112,91,44,111,62,141,196,52,86,163,28,4,20,132,185,215	3,2,0.8195,3,104;3,4,0.9875,0,80;3,4,0.0715,0,42;2,4,0.7655,0,155;3,5,0.1645,0,32;3,2,0.3055,0,147
ood_compose_regime-02143	6	2	1	14,90,170,150,56,62,100,21,132,109,48,139,141,73,84,205,199,69,167,195,4,197,17,147,38,41,93,27,204,115,121,211,210,118,67,163	3,4,0.2215,0,171;2,4,0.3315,3,243;7,4,0.7775,0,241;0,2,0.4345,0,219;3,3,0.6395,1,180;0,2,0.6695,0,14
ood_compose_regime-02144	5	2	0	211,164,178,131,58,93,142,111,177,34,115,149,117,123,57,194,147,136,194,167,4,160,206,87,44,209,76,101,66,48,27,14,21,71,20,91	3,4,0.8285,0,87;2,0,0.9275,3,13;8,0,0.5715,2,8;3,5,0.7905,0,45;4,5,0.6355,0,151;2,1,0.0595,1,98
ood_compose_regime-02145	5	2	2	138,11,21,214,207,123,40,51,39,91,111,70,93,117,141,159,78,100,45,175,151,155,190,158,147,178,214,132,17,85,59,7,170,113,65,27	6,1,0.3895,0,229;2,5,0.1725,0,223;2,1,0.3255,1,154;5,3,0.6795,0,134;3,5,0.2395,0,254;2,2,0.5325,0,10
ood_compose_regime-02146	2	2	1	102,124,23,189,35,69,147,85,173,186,201,174,11,20,107,2,67,136,141,193,27,93,88,58,169,185,76,117,45,130,181,174,42,52,150,112	1,1,0.8945,2,71;2,1,0.4765,0,149;3,0,0.6915,0,78;3,3,0.1055,0,106;5,1,0.0825,0,0;3,0,0.1195,0,67
ood_compose_regime-02147	6	2	1	168,18,69,192,3,115,169,187,121,93,117,215,25,140,109,45,213,90,144,22,49,14,195,147,44,97,152,182,85,67,154,130,76,35,59,150	2,4,0.5015,1,82;0,1,0.8175,0,181;0,1,0.6125,0,1;3,3,0.4225,0,220;0,3,0.6985,0,105;0,0,0.8425,3,60
ood_compose_regime-02148	5	2	2	194,27,124,93,157,202,82,202,193,18,15,215,111,67,115,6,90,140,21,69,183,52,141,168,62,34,80,100,147,134,174,151,117,45,41,192	5,5,0.4715,0,161;2,0,0.2965,0,145;3,4,0.6805,0,73;7,0,0.4375,0,137;3,5,0.6125,0,253;3,4,0.8975,0,111
ood_compose_regime-02149	10	2	0	180,149,73,67,110,15,16,162,36,57,189,118,156,103,130,69,137,124,112,93,178,33,62,174,90,21,147,2,209,45,42,170,177,207,83,141	1,5,0.1915,0,56;8,2,0.4385,0,79;8,4,0.7775,0,144;0,1,0.5025,0,108;6,4,0.1795,1,226;3,0,0.3855,0,16
ood_compose_regime-02150	2	2	2	45,180,215,1,18,75,12,96,117,172,121,196,176,92,131,112,177,84,44,28,141,151,68,53,21,59,173,173,69,97,163,108,139,192,36,147	0,2,0.5965,0,234;3,2,0.9235,0,205;4,1,0.9705,0,217;2,2,0.8765,3,101;0,2,0.0565,0,236;0,1,0.7865,0,117
ood_compose_regime-02151	5	2	1	141,69,127,97,51,44,158,150,24,76,140,160,215,64,114,14,160,86,95,3,45,38,89,210,184,109,182,147,118,28,62,157,183,154,131,20	2,4,0.9865,3,236;3,4,0.8185,0,72;2,4,0.0605,0,38;3,4,0.3315,2,7;0,3,0.4015,1,43;6,1,0.9575,0,58
ood_compose_regime-02152	10	2	2	99,20,147,10,1,39,195,215,204,135,76,86,138,111,63,154,92,141,114,193,198,209,50,69,21,154,33,117,166,93,44,151,68,199,126,45	0,0,0.8305,0,225;8,5,0.9385,0,54;1,5,0.8305,0,24;3,4,0.8295,0,249;2,5,0.5325,0,58;5,5,0.5855,0,66
ood_compose_regime-02153	5	2	1	117,210,123,213,42,93,36,139,90,21,19,69,45,187,113,141,186,62,131,109,150,157,168,52,168,3,27,147,66,87,102,206,76,185,15,195	2,5,0.6365,0,248;2,2,0.4125,0,18;3,4,0.4405,0,101;3,5,0.5395,0,186;5,3,0.3525,0,177;2,1,0.7905,0,106
ood_compose_regime-02154	1	2	2	63,21,25,42,147,204,161,202,3,170,52,65,215,69,117,90,86,136,115,143,45,193,151,75,121,163,99,131,198,38,18,212,93,106,15,201	2,5,0.4515,0,186;0,4,0.5275,0,55;3,5,0.3755,0,50;2,4,0.5865,0,241;2,0,0.6955,0,162;0,1,0.0645,2,165
ood_compose_regime-02155	7	2	2	158,194,34,4,152,214,50,130,117,85,45,93,15,168,69,114,196,186,129,18,67,162,107,27,207,74,151,90,209,59,137,147,104,21,40,141	3,5,0.4725,0,99;2,0,0.0725,0,159;1,1,0.6505,0,199;1,3,0.4595,0,162;7,1,0.4755,0,10;8,0,0.3915,0,35
ood_compose_regime-02156	5	2	0	208,35,212,13,97,211,117,110,40,4,149,26,84,144,88,65,45,147,69,51,202,93,190,171,129,21,18,59,191,112,169,167,173,81,136,131	3,3,0.5645,0,117;1,1,0.0195,0,139;2,1,0.2725,0,248;8,2,0.1325,0,86;0,4,0.0275,0,197;8,1,0.0035,3,27
ood_compose_regime-02157	9	2	2	116,165,213,87,90,14,141,111,3,190,45,186,130,200,94,214,42,66,160,56,147,75,104,69,200,28,140,21,17,61,197,151,177,128,117,38	2,4,0.2155,0,9;3,4,0.4245,0,134;7,3,0.4505,0,146;2,5,0.4715,1,65;7,5,0.8495,0,129;7,0,0.8915,0,178
ood_compose_regime-02158	5	2	0	202,7,17,37,117,134,149,28,172,111,75,185,181,141,184,69,159,114,21,212,45,65,136,62,91,100,128,147,208,93,163,157,11,86,44,50	6,1,0.3425,0,29;3,3,0.9615,0,70;1,4,0.3005,0,133;2,4,0.7395,0,119;3,5,0.5465,0,14;7,4,0.1515,0,161
ood_compose_regime-02159	5	2	1	190,135,17,93,154,44,75,58,210,13,7,168,36,114,193,166,147,172,118,70,82,27,200,90,21,64,178,108,150,140,202,102,45,141,51,124	6,3,0.3235,0,78;2,2,0.8375,0,127;2,0,0.0825,1,157;2,0,0.4985,0,106;5,2,0.4375,1,237;3,5,0.9815,0,118
ood_compose_regime-02160	9	2	0	74,90,20,21,149,147,65,156,141,37,48,93,58,109,119,86,10,115,163,173,98,25,133,215,210,69,198,153,52,121,136,42,191,4,178,210	3,0,0.8415,0,181;0,3,0.4485,3,165;3,0,0.3365,0,255;1,4,0.4825,0,144;1,3,0.6255,2,185;0,3,0.0635,0,51
ood_compose_regime-02161	7	2	2	75,122,117,69,183,109,92,151,153,14,155,163,37,101,51,40,4,26,112,135,178,147,185,84,19,139,64,203,93,21,141,180,190,45,59,164	3,4,0.6245,0,194;1,3,0.0735,0,64;2,1,0.0025,0,29;2,2,0.9115,0,235;4,3,0.1705,0,8;1,5,0.6895,0,103
ood_compose_regime-02162	5	2	2	215,152,168,131,59,82,183,117,40,51,141,147,66,178,93,151,116,91,121,77,161,38,21,182,136,100,16,28,70,174,153,154,12,45,109,4	3,2,0.0765,0,241;3,4,0.1005,0,141;2,1,0.4895,1,79;4,0,0.7285,0,251;3,3,0.8405,0,83;0,1,0.1685,0,45
ood_compose_regime-02163	5	2	1	47,117,133,68,99,15,170,84,202,214,18,88,157,41,107,27,204,150,76,179,94,21,163,69,116,60,197,189,51,38,4,136,121,141,154,147	3,5,0.4235,0,41;2,4,0.2865,2,94;2,2,0.9795,0,54;3,2,0.0095,1,173;2,1,0.9705,0,235;0,3,0.1595,0,38
ood_compose_regime-02164	5	2	1	86,21,120,106,147,19,28,68,137,193,141,114,62,15,170,90,203,177,34,51,100,93,69,75,155,40,4,122,172,45,188,135,159,193,198,150	3,5,0.7475,0,4;3,0,0.0825,0,58;2,4,0.8955,0,120;2,4,0.5655,0,236;3,0,0.4795,3,231;1,5,0.3725,0,2
ood_compose_regime-02165	5	2	1	100,207,147,63,121,134,155,22,168,67,116,117,16,54,209,109,168,154,141,25,92,13,4,94,205,82,70,138,35,41,73,150,159,210,45,159	3,3,0.0185,1,162;0,1,0.2195,0,188;5,5,0.6345,1,177;0,0,0.9405,1,161;3,3,0.8345,0,220;0,4,0.5805,0,250
ood_compose_regime-02166	1	2	1	132,164,141,155,56,21,86,181,69,90,12,65,37,157,211,210,171,137,45,3,116,123,104,211,93,147,19,162,109,28,200,59,41,75,150,117	2,2,0.6065,0,58;3,3,0.2755,0,196;7,1,0.2615,0,110;2,4,0.5625,0,221;7,3,0.8495,0,237;2,2,0.2425,0,103
ood_compose_regime-02167	5	2	2	171,172,206,151,124,40,27,92,147,21,107,134,16,183,173,93,63,76,159,39,193,141,192,72,68,139,168,8,97,85,50,114,15,195,120,45	7,5,0.0405,0,2;2,5,0.0125,0,1;1,5,0.8725,3,241;3,3,0.9375,0,136;0,1,0.5655,3,9;3,4,0.7655,0,86
ood_compose_regime-02168	5	2	2	110,21,14,156,112,209,207,141,147,134,86,215,122,90,137,156,34,94,60,4,193,45,44,49,18,69,159,29,151,197,100,175,117,197,64,76	3,4,0.5185,0,218;4,0,0.9035,0,182;0,2,0.1265,0,226;3,4,0.4665,1,191;3,4,0.0195,0,228;1,4,0.2115,0,118
ood_compose_regime-02169	9	2	0	79,114,3,56,206,45,205,93,88,98,106,141,131,199,21,28,201,44,140,180,85,63,18,206,195,149,69,170,38,129,68,159,194,15,147,117	2,5,0.5195,0,41;3,4,0.8635,0,44;7,5,0.8405,0,166;6,3,0.0265,0,215;1,0,0.4995,0,61;8,1,0.8805,0,233
ood_compose_regime-02170	9	2	2	93,19,137,104,60,28,46,152,205,117,143,44,124,65,159,164,191,4,167,172,80,69,12,88,147,151,193,37,134,194,21,87,116,111,51,210	3,2,0.7385,0,153;3,3,0.8735,1,17;2,2,0.2025,0,213;7,5,0.0945,0,59;7,5,0.9785,0,66;3,4,0.3205,2,117
ood_compose_regime-02171	9	2	0	117,123,104,164,163,34,82,88,139,205,149,41,147,93,110,21,131,198,154,115,10,66,154,53,158,77,4,59,45,69,28,17,141,196,152,184	3,0,0.2475,0,137;3,0,0.2215,0,45;4,1,0.4815,0,236;4,0,0.0385,0,131;7,4,0.6075,0,75;2,1,0.6715,0,71
ood_compose_regime-02172	2	2	0	135,147,149,108,172,19,177,55,25,157,34,93,113,155,84,124,4,23,42,163,165,14,45,136,164,117,161,67,61,100,205,71,76,160,88,141	3,4,0.7185,2,200;0,0,0.5475,0,140;6,3,0.7775,2,174;3,2,0.1065,0,234;3,2,0.3065,0,68;3,5,0.0555,0,128
ood_compose_regime-02173	5	2	2	191,66,195,113,139,134,187,51,206,201,75,40,27,19,72,45,93,117,147,58,21,4,205,151,141,173,39,86,182,208,92,101,13,195,109,126	3,3,0.7715,0,52;2,5,0.1725,0,209;2,0,0.5955,3,218;2,4,0.9325,0,255;4,3,0.3555,0,95;5,4,0.7025,0,222
ood_compose_regime-02174	6	2	1	160,45,167,139,162,67,93,215,29,147,150,196,115,158,4,69,37,17,111,98,194,152,82,43,180,21,121,75,117,53,61,141,88,210,134,15	3,5,0.2685,0,15;4,3,0.7915,0,2;4,3,0.7005,0,243;2,0,0.0275,0,234;1,5,0.7905,0,35;0,4,0.7915,0,5
ood_compose_regime-02175	5	2	1	170,85,52,69,38,44,46,98,67,26,11,147,137,89,110,191,165,114,141,212,123,152,61,157,93,18,1,208,211,23,150,132,119,200,202,74	0,1,0.4625,2,216;1,4,0.9475,1,87;3,3,0.6605,0,148;1,3,0.2535,0,176;1,4,0.4875,2,32;2,2,0.3235,0,17
ood_compose_regime-02176	10	2	0	185,100,21,192,166,59,54,108,90,35,76,141,120,157,155,69,156,45,3,135,40,16,162,139,147,67,205,129,203,113,149,33,93,82,162,11	2,1,0.1275,0,63;8,1,0.0245,0,70;5,1,0.6555,0,160;3,0,0.5145,0,129;3,2,0.3205,3,127;8,5,0.7165,0,118
ood_compose_regime-02177	9	2	1	1,211,130,154,186,194,147,109,22,150,42,11,211,95,68,117,69,113,85,124,80,90,45,104,61,204,172,17,56,141,39,32,161,168,156,139	0,1,0.2385,1,20;7,5,0.4365,0,45;7,3,0.9595,0,140;7,3,0.5755,2,224;7,3,0.3405,0,68;3,0,0.7735,0,41
ood_compose_regime-02178	5	2	1	63,31,133,205,195,178,139,99,124,5,40,64,91,141,69,45,177,147,150,117,21,155,191,76,34,86,52,110,13,203,115,93,196,161,19,164	4,3,0.6095,0,240;6,0,0.1355,0,133;3,5,0.0905,0,0;3,4,0.6315,0,124;2,4,0.7725,0,61;3,3,0.7815,0,49
ood_compose_regime-02179	5	2	2	91,137,10,198,23,176,4,35,108,147,31,141,20,182,204,124,87,118,112,45,208,93,76,97,207,52,61,163,66,209,130,151,42,72,168,180	3,0,0.9845,2,55;6,1,0.5635,0,202;3,3,0.4825,3,5;3,5,0.7075,0,121;0,2,0.0045,1,176;3,0,0.2975,0,51
ood_compose_regime-02180	10	2	2	52,201,147,41,45,108,69,66,22,112,58,18,158,11,93,100,212,38,195,85,139,88,78,125,185,212,119,185,141,176,132,2,209,157,151,30	1,1,0.4325,1,82;5,4,0.2385,0,231;3,0,0.5975,0,66;5,3,0.1095,0,96;3,2,0.0995,2,55;4,2,0.6815,0,188
ood_compose_regime-02181	5	2	2	108,51,4,43,160,112,17,134,170,140,92,63,64,23,93,196,201,178,192,197,124,117,151,29,141,37,69,99,87,75,45,147,206,194,187,15	3,5,0.3505,2,117;4,3,0.6065,0,219;2,5,0.1405,0,107;2,5,0.9405,0,133;2,2,0.1645,0,228;3,4,0.9505,0,124
ood_compose_regime-02182	8	2	2	113,40,147,141,151,67,153,59,208,46,202,135,163,71,54,188,100,124,205,165,109,26,207,84,185,22,167,93,37,137,15,78,20,91,4,120	3,5,0.8455,1,121;1,3,0.0405,1,43;5,1,0.7365,2,22;5,2,0.7685,0,224;3,3,0.3775,3,203;3,5,0.2485,0,202
ood_compose_regime-02183	1	2	0	204,106,163,147,168,159,117,180,63,3,112,141,97,123,180,15,163,52,36,76,93,17,130,89,191,64,149,21,137,85,41,214,46,180,72,30	2,5,0.2685,0,66;5,2,0.3455,1,132;3,5,0.0945,3,223;3,3,0.2145,0,128;0,0,0.1985,0,64;2,0,0.3815,0,221
ood_compose_regime-02184	6	2	0	117,180,97,87,108,7,13,45,113,91,44,25,59,208,192,159,66,184,171,149,56,141,138,147,38,155,93,69,130,124,177,170,78,163,17,21	6,3,0.2285,0,170;0,4,0.8985,0,175;7,1,0.4465,0,222;5,5,0.6095,0,74;0,2,0.3415,0,181;3,0,0.4575,0,146
ood_compose_regime-02185	9	2	1	20,56,32,133,150,139,107,191,43,159,69,93,127,147,21,45,161,114,83,104,37,199,141,201,91,165,155,66,14,179,170,4,80,160,117,63	3,4,0.8685,0,109;7,3,0.7395,0,117;7,5,0.5315,0,234;7,1,0.7215,0,71;7,1,0.5275,0,3;6,3,0.7765,0,49
ood_compose_regime-02186	9	2	0	86,141,108,193,38,101,126,158,10,21,200,64,197,183,42,185,93,45,91,136,193,117,149,153,115,195,147,69,133,76,32,51,5,16,59,209	4,0,0.0005,0,144;7,4,0.5595,0,11;2,1,0.1685,0,203;3,4,0.6135,0,91;4,2,0.6665,0,27;5,3,0.1355,0,107
ood_compose_regime-02187	10	2	0	33,205,117,69,147,166,124,66,191,149,15,134,202,141,63,178,57,106,17,116,9,99,189,45,81,35,201,21,93,215,88,140,176,86,44,165	8,5,0.3385,0,132;8,1,0.9835,0,123;8,5,0.4185,0,250;8,4,0.1755,0,15;2,0,0.8285,0,75;3,4,0.8665,0,87
ood_compose_regime-02188	2	2	0	205,160,69,6,154,183,16,103,14,147,32,84,112,149,45,79,141,60,201,205,183,49,117,108,137,34,93,164,152,42,89,64,21,130,177,124	5,4,0.0005,0,185;7,0,0.4245,0,218;0,2,0.1035,0,214;6,2,0.2295,0,247;6,2,0.0675,0,50;3,0,0.2505,0,192
ood_compose_regime-02189	2	2	0	29,35,200,14,40,93,53,175,215,107,19,117,212,87,76,45,141,192,214,1,125,149,131,215,22,59,209,101,66,192,214,69,116,138,89,147	0,4,0.6735,1,125;4,1,0.1065,0,168;4,1,0.5515,0,225;3,5,0.3125,0,12;4,1,0.9735,0,91;4,1,0.4805,0,208
ood_compose_regime-02190	2	2	0	69,147,177,137,149,62,107,102,141,41,21,129,50,163,4,19,132,212,163,120,67,87,112,34,12,215,45,88,28,198,182,198,95,76,171,167	3,2,0.6285,0,141;3,0,0.3075,0,69;1,4,0.6885,0,171;3,5,0.1845,2,80;5,1,0.0765,3,138;8,2,0.2365,0,191
ood_compose_regime-02191	1	2	0	93,173,161,147,100,90,10,184,31,69,20,45,204,189,205,4,57,193,197,135,141,87,34,117,193,64,41,116,60,75,106,171,149,21,123,140	3,0,0.9025,0,243;6,0,0.3195,0,188;8,2,0.0375,0,89;2,5,0.5605,0,5;3,0,0.8615,0,251;2,5,0.9925,0,52
ood_compose_regime-02192	5	2	2	28,209,61,45,203,100,134,147,138,21,3,84,50,141,211,114,191,156,14,76,90,175,69,67,20,161,127,44,108,151,182,161,36,93,210,119	2,4,0.9785,0,60;3,2,0.8005,0,8;1,3,0.6475,0,104;3,2,0.5425,0,73;3,2,0.4915,2,216;6,4,0.5715,0,59
ood_compose_regime-02193	5	2	2	187,82,4,51,34,158,12,67,91,76,135,181,176,28,147,177,40,62,93,117,151,21,141,18,212,69,45,209,214,192,190,124,109,114,137,100	3,2,0.4655,0,158;3,0,0.1105,0,149;2,4,0.7505,0,127;3,0,0.7325,0,112;3,3,0.5005,0,128;3,5,0.2175,0,30
ood_compose_regime-02194	2	2	1	5,133,62,43,160,124,156,19,36,195,77,185,45,172,70,144,111,147,118,84,150,161,21,199,101,93,89,137,161,52,114,187,215,28,12,65	4,2,0.7105,0,127;3,2,0.6985,0,111;3,4,0.3575,1,92;4,2,0.2005,0,238;4,5,0.4165,1,24;3,3,0.2885,3,228
ood_compose_regime-02195	5	2	2	112,90,120,76,18,165,29,147,41,203,66,21,133,175,176,211,60,51,12,72,100,3,183,136,179,143,165,151,48,36,93,124,109,183,155,87	2,2,0.4185,0,175;4,2,0.3395,3,76;2,2,0.5015,3,153;3,5,0.5575,0,132;3,3,0.1885,3,228;3,3,0.0425,2,240
ood_compose_regime-02196	10	2	0	171,45,83,69,147,115,12,165,61,142,135,140,33,111,93,44,149,18,77,183,52,89,188,176,68,9,155,39,124,21,117,202,164,101,177,185	8,2,0.4645,0,43;8,5,0.8415,0,149;3,3,0.8245,0,244;4,1,0.3375,0,35;4,5,0.6385,0,116;3,5,0.8875,1,15
ood_compose_regime-02197	2	2	1	83,11,137,54,156,66,61,141,166,2,45,113,188,17,168,153,93,71,147,41,111,100,167,134,28,172,24,172,34,171,155,124,78,91,119,150	1,1,0.2375,3,31;3,0,0.3995,0,19;5,3,0.4565,2,212;5,1,0.6765,0,240;3,5,0.2755,2,43;3,4,0.2835,0,192
ood_compose_regime-02198	5	2	2	108,153,215,37,92,185,130,208,42,151,20,137,4,171,21,52,80,157,69,25,147,214,93,114,153,117,100,45,179,200,58,87,124,12,67,141	3,2,0.9885,0,242;0,3,0.5135,0,126;3,0,0.7245,0,233;7,5,0.8845,0,20;3,2,0.4795,0,227;3,0,0.2355,0,76
ood_compose_regime-02199	5	2	2	182,103,40,15,35,178,109,153,211,205,21,50,66,45,151,139,178,147,132,166,160,88,144,70,157,118,33,85,74,20,62,4,113,124,93,196	3,5,0.8795,0,62;8,1,0.1945,0,88;1,4,0.4825,1,185;1,3,0.1735,0,164;6,3,0.2435,1,149;3,2,0.6385,3,229
ood_compose_regime-02200	5	2	2	15,84,112,52,36,117,67,147,94,164,45,190,192,42,5,62,204,69,195,21,110,135,202,73,29,124,140,213,152,99,191,141,17,90,151,197	4,5,0.2815,0,137;4,2,0.5415,0,169;3,4,0.6625,0,235;0,2,0.5985,1,38;2,4,0.0375,0,54;3,5,0.8365,0,7
ood_compose_regime-02201	8	2	0	117,36,14,179,47,214,172,86,205,195,170,68,30,106,135,21,201,69,177,149,50,126,78,59,18,147,141,93,138,97,4,164,205,44,89,112	3,4,0.5965,0,16;5,2,0.8955,2,227;1,1,0.9575,0,65;5,4,0.2665,0,1;0,0,0.1545,0,83;5,5,0.5965,0,18
ood_compose_regime-02202	5	2	1	63,45,43,179,3,21,15,112,153,39,205,117,27,75,141,99,212,150,69,93,159,84,123,106,197,52,147,132,201,88,192,209,18,136,214,68	2,5,0.4345,0,157;2,5,0.6335,0,30;3,5,0.9785,0,241;2,2,0.0085,0,193;2,0,0.1405,0,88;2,2,0.1205,0,219
ood_compose_regime-02203	5	2	0	212,18,166,14,23,141,197,61,4,28,66,194,91,117,102,69,215,169,208,182,38,46,108,130,93,172,123,149,40,136,52,116,147,76,85,197	3,4,0.5585,2,0;3,4,0.0215,1,225;3,3,0.5095,0,119;3,3,0.6545,0,90;5,2,0.8215,0,66;2,0,0.1415,0,254
ood_compose_regime-02204	5	2	2	64,38,63,200,86,52,48,21,139,160,155,152,151,17,212,147,141,159,81,1,26,124,117,106,12,162,40,158,69,88,134,153,97,207,115,93	0,2,0.3895,0,236;1,4,0.1865,3,87;3,5,0.1345,0,6;8,4,0.1585,0,245;0,0,0.7745,0,116;3,4,0.7425,0,193
ood_compose_regime-02205	5	2	2	100,110,28,169,177,21,5,77,56,213,114,82,92,186,147,63,196,65,170,191,40,16,45,36,200,141,171,151,131,127,117,96,11,161,69,137	4,1,0.1575,0,166;3,2,0.1515,0,178;7,5,0.3865,0,19;4,0,0.9925,3,170;3,4,0.4325,0,253;6,1,0.3875,0,152
ood_compose_regime-02206	5	2	2	118,153,210,108,186,22,124,8,132,97,188,186,45,93,168,63,141,44,11,69,76,151,160,57,191,37,147,210,65,84,140,91,160,16,115,30	7,1,0.0575,1,69;5,3,0.9665,0,89;8,5,0.3485,0,46;3,2,0.7785,0,29;0,2,0.6515,1,213;3,2,0.9565,0,137
ood_compose_regime-02207	9	2	0	45,196,124,62,155,196,8,91,74,160,108,37,83,209,163,113,149,163,132,43,139,21,14,152,147,20,141,71,52,93,68,32,101,117,188,161	7,4,0.9465,0,111;7,3,0.6925,0,95;3,4,0.9055,2,204;1,1,0.7895,0,199;4,2,0.3295,0,183;3,2,0.6625,0,18
ood_compose_regime-02208	6	2	1	119,121,114,90,75,21,193,1,25,194,101,44,198,108,66,210,13,37,84,204,174,150,52,63,173,147,201,69,45,93,139,20,155,152,133,141	0,3,0.8045,0,20;0,3,0.9865,0,248;3,5,0.4255,0,190;2,2,0.5995,0,61;4,2,0.4445,2,87;0,3,0.7205,0,144
ood_compose_regime-02209	1	2	1	45,107,136,52,102,150,69,38,155,214,187,113,93,82,180,20,134,141,164,92,14,3,21,76,176,174,124,65,43,27,147,120,210,175,61,196	2,4,0.9165,0,176;2,4,0.7715,0,11;3,3,0.3965,0,38;3,0,0.8765,0,173;5,1,0.2645,3,98;3,4,0.0375,0,74
ood_compose_regime-02210	5	2	1	124,109,69,49,150,67,59,208,42,21,155,176,45,179,93,141,189,31,120,114,4,202,136,211,199,89,132,35,171,147,19,176,86,79,15,104	3,5,0.6855,0,83;6,1,0.4255,0,8;0,1,0.6985,0,47;6,4,0.2865,0,127;7,3,0.4975,3,196;3,2,0.0115,0,93
ood_compose_regime-02211	9	2	1	45,147,69,198,183,141,109,207,198,124,116,65,139,132,117,34,8,104,168,83,153,75,15,21,93,19,155,43,150,191,88,182,28,58,52,205	7,5,0.7205,0,10;3,0,0.7155,0,54;3,0,0.3865,0,79;2,1,0.1075,0,134;7,3,0.9855,0,167;3,2,0.6035,0,81
ood_compose_regime-02212	2	2	1	172,147,73,33,20,9,150,179,127,215,45,11,62,69,90,115,189,83,169,64,163,137,141,100,155,130,109,191,36,42,21,171,214,54,93,117	8,1,0.9575,0,22;8,2,0.4155,0,71;5,4,0.0245,0,158;0,1,0.5455,0,57;3,3,0.7235,0,139;6,0,0.2835,0,65
ood_compose_regime-02213	2	2	0	107,208,137,89,80,123,105,187,52,67,147,34,186,171,131,26,144,69,12,3,149,184,114,166,174,21,195,83,201,93,184,117,61,45,41,18	2,2,0.5295,0,74;1,0,0.3935,0,98;3,3,0.7095,0,196;7,1,0.3435,0,65;8,1,0.4305,0,134;2,1,0.3095,3,49
ood_compose_regime-02214	5	2	2	80,190,106,156,154,11,186,119,124,186,83,56,114,7,16,104,182,136,21,65,89,62,41,69,151,147,28,37,94,141,134,173,209,45,176,208	6,1,0.0605,0,182;3,3,0.2465,0,37;7,4,0.2865,0,0;7,1,0.3875,1,202;7,0,0.5845,2,253;3,4,0.1465,0,38
ood_compose_regime-02215	5	2	2	109,17,169,52,79,69,174,44,67,61,122,189,90,1,118,141,205,133,137,85,36,47,185,33,186,93,100,22,184,151,167,147,189,199,115,13	0,3,0.2715,1,41;8,2,0.9435,2,215;3,3,0.6355,0,244;6,3,0.4835,0,78;3,3,0.7835,1,110;1,3,0.2525,0,249
ood_compose_regime-02216	5	2	2	147,75,189,18,52,204,84,117,116,34,45,99,69,65,162,194,133,191,210,183,213,185,1,93,60,158,10,44,21,124,138,151,141,110,28,90	0,0,0.5215,0,112;3,0,0.8745,0,174;3,2,0.3525,0,119;2,2,0.4185,0,123;2,4,0.9605,0,130;3,3,0.5305,0,81
ood_compose_regime-02217	5	2	1	55,167,108,210,21,115,141,150,61,18,180,9,208,100,46,93,35,89,136,158,188,69,33,147,81,42,188,158,65,84,132,117,203,126,10,172	8,0,0.4735,0,90;8,1,0.5655,1,238;6,3,0.2295,0,54;8,2,0.3155,0,217;3,2,0.7475,0,96;5,2,0.0975,0,189
ood_compose_regime-02218	6	2	1	121,96,191,74,208,141,202,98,4,69,204,13,88,45,165,133,158,17,110,179,31,82,147,62,211,41,67,116,35,195,150,21,49,137,160,118	3,3,0.3235,0,48;6,1,0.3535,0,142;0,4,0.6515,0,142;1,0,0.1045,3,164;1,4,0.9165,1,1;0,3,0.3175,0,116
ood_compose_regime-02219	5	2	0	45,174,152,117,4,115,69,33,14,180,83,176,64,187,61,95,137,42,190,141,133,18,36,124,110,196,88,200,189,147,21,149,52,79,97,199	3,4,0.5675,0,99;8,2,0.4665,0,188;3,3,0.0595,0,70;6,1,0.0415,2,213;0,4,0.6955,0,253;3,3,0.2435,0,27
ood_compose_regime-02220	5	2	1	175,59,68,42,126,156,10,53,210,132,144,212,150,113,93,177,86,214,159,203,76,20,47,161,5,111,139,69,21,147,92,118,98,39,179,26	4,0,0.9995,0,29;1,5,0.5575,2,254;4,1,0.9985,0,240;3,4,0.8095,0,172;1,5,0.3915,1,235;5,2,0.7975,3,235
ood_compose_regime-02221	10	2	2	66,10,151,45,147,18,77,214,26,164,125,185,91,174,183,34,85,21,4,56,137,69,132,110,190,119,63,104,187,214,40,189,141,113,93,169	3,0,0.5035,0,227;1,0,0.0365,0,95;7,5,0.5765,0,219;4,3,0.7365,0,181;7,4,0.2015,2,205;4,2,0.2585,0,160
ood_compose_regime-02222	5	2	0	40,185,133,194,198,99,13,45,162,88,147,52,64,149,1,20,157,185,93,117,141,193,199,21,73,115,138,69,83,162,124,34,108,25,158,61	0,3,0.9665,0,202;0,0,0.0935,0,226;3,3,0.0855,0,36;0,1,0.0565,0,80;2,2,0.6275,0,123;3,3,0.4455,0,238
ood_compose_regime-02223	5	2	1	21,190,19,122,75,61,170,156,131,91,93,109,114,189,117,179,4,10,69,136,141,150,147,50,103,197,45,67,31,205,189,44,183,35,181,87	3,0,0.6245,0,149;6,1,0.9215,0,113;1,3,0.6995,0,103;2,5,0.6275,0,144;6,3,0.4605,0,199;1,1,0.0585,0,50
ood_compose_regime-02224	2	2	0	108,65,198,115,164,93,41,173,209,45,213,147,117,9,14,201,123,205,165,90,169,70,137,26,135,100,18,191,149,34,51,141,63,84,21,77	8,4,0.5225,0,157;1,0,0.3405,0,166;2,5,0.3625,1,230;4,2,0.4985,0,227;3,2,0.7315,0,170;2,5,0.3135,0,6
ood_compose_regime-02225	9	2	2	192,183,210,187,93,147,16,42,112,63,151,117,21,100,56,110,86,127,193,131,76,66,8,143,160,139,191,10,214,195,26,69,172,39,45,91	7,0,0.0705,0,119;1,5,0.5815,0,194;7,5,0.4185,0,252;3,4,0.6965,0,60;3,4,0.1915,0,66;6,1,0.6595,2,193
ood_compose_regime-02226	5	2	2	25,175,147,153,182,133,92,199,43,151,21,100,201,191,11,141,36,85,202,45,152,112,49,169,93,62,124,111,8,117,76,195,65,19,139,69	7,1,0.6505,0,254;0,2,0.7465,0,182;0,4,0.2935,0,103;3,3,0.9055,0,181;3,5,0.1105,0,226;3,3,0.7325,0,109
ood_compose_regime-02227	5	2	2	95,28,69,65,45,136,42,3,194,147,181,21,39,111,141,192,151,113,200,129,63,177,99,158,81,177,15,162,83,57,182,163,92,117,18,135	2,5,0.5605,0,129;3,5,0.4625,0,231;8,5,0.2245,0,9;8,1,0.9215,2,148;2,5,0.3915,0,41;8,5,0.1465,0,228
ood_compose_regime-02228	2	2	1	147,25,73,141,150,86,136,61,189,131,10,108,185,3,100,45,34,170,41,214,186,115,69,117,53,65,18,21,211,178,89,206,210,93,153,121	2,0,0.4665,0,174;0,0,0.2175,0,161;4,3,0.3725,0,0;0,4,0.2765,0,245;3,2,0.6595,0,159;0,1,0.0545,0,158
ood_compose_regime-02229	2	2	2	45,117,210,182,185,123,29,161,4,84,141,34,112,163,182,12,91,174,93,202,66,210,151,21,69,100,109,147,132,78,16,62,42,52,140,159	3,2,0.0565,0,8;4,0,0.5555,0,66;3,4,0.4785,0,174;5,2,0.6205,0,158;3,3,0.0395,0,213;2,2,0.8185,0,48
ood_compose_regime-02230	9	2	0	196,20,119,39,110,113,45,44,76,210,132,153,141,192,51,91,85,129,147,183,149,12,98,32,177,93,69,58,156,138,4,193,152,66,21,215	3,2,0.8905,0,212;7,5,0.9075,0,226;2,0,0.4725,0,179;3,3,0.6395,0,190;1,4,0.2235,2,131;8,2,0.5455,0,13
ood_compose_regime-02231	5	2	0	93,180,85,117,200,21,100,191,147,169,176,4,169,67,10,54,191,69,138,39,76,41,114,48,63,18,156,126,89,162,111,188,28,149,141,133	3,0,0.5045,0,41;3,5,0.3785,3,227;5,5,0.6525,0,233;3,3,0.2645,0,38;3,5,0.5675,0,156;5,3,0.5185,0,153
ood_compose_regime-02232	5	2	2	193,196,99,185,45,161,93,151,76,68,4,161,168,133,208,15,125,36,106,141,89,139,175,147,86,153,62,71,117,40,30,174,54,21,20,116	3,5,0.8635,0,4;5,2,0.0515,0,99;5,4,0.9965,2,98;3,4,0.3635,0,184;2,0,0.9155,0,175;4,3,0.6235,0,23
ood_compose_regime-02233	2	2	1	188,12,119,124,90,165,192,65,210,60,181,135,143,21,9,52,173,175,137,210,82,40,80,147,181,112,100,45,17,205,106,93,69,34,150,28	8,2,0.2855,0,239;3,0,0.1045,0,84;3,2,0.3895,0,90;7,0,0.4695,0,228;3,0,0.1375,2,236;3,5,0.3185,2,224
ood_compose_regime-02234	5	2	2	199,197,201,139,108,28,176,42,132,38,182,93,180,17,60,71,151,153,15,124,141,21,165,73,4,213,113,117,92,172,49,147,45,82,97,67	3,5,0.2545,0,240;3,4,0.4495,0,215;0,2,0.7665,2,109;0,0,0.9295,0,109;0,2,0.3235,0,60;3,2,0.7745,0,162
ood_compose_regime-02235	5	2	1	92,21,147,150,59,133,67,136,113,37,179,141,164,205,25,74,40,107,202,117,105,168,83,198,15,181,49,47,172,191,4,93,19,69,157,122	3,5,0.7695,0,100;0,3,0.1895,2,89;0,1,0.6635,0,174;1,1,0.8435,0,248;8,1,0.2325,0,168;1,3,0.1495,0,63
ood_compose_regime-02236	7	2	2	168,187,186,10,98,134,110,193,72,207,1,76,39,191,45,121,204,86,114,194,68,166,205,141,137,117,27,147,58,89,19,93,151,23,55,40	0,0,0.7975,2,217;2,5,0.1135,0,107;6,0,0.9275,3,188;3,4,0.2065,0,56;1,4,0.5495,0,25;0,4,0.2095,0,116
ood_compose_regime-02237	5	2	1	183,80,33,150,69,138,15,197,121,114,147,17,5,46,161,86,90,130,117,206,35,180,58,173,100,141,161,40,204,21,110,94,180,49,191,64	4,5,0.2135,0,40;8,1,0.0575,1,39;0,0,0.1345,0,213;7,4,0.5285,1,37;3,4,0.5795,0,195;0,0,0.5035,0,171
ood_compose_regime-02238	1	2	0	69,159,75,27,88,163,107,99,45,136,130,1,116,182,123,147,158,86,12,142,195,52,149,206,157,93,176,21,58,68,176,117,169,34,17,44	0,2,0.3735,0,136;2,0,0.9465,0,212;3,0,0.9005,0,114;2,4,0.0195,0,205;2,1,0.8395,0,152;2,0,0.0045,1,75
ood_compose_regime-02239	8	2	0	69,169,188,54,190,116,46,93,73,197,60,13,177,149,37,86,21,160,189,141,101,210,68,4,118,147,31,43,176,135,89,137,126,204,108,18	3,3,0.4945,0,246;6,3,0.6915,1,136;5,2,0.8695,0,217;0,4,0.3415,0,189;4,2,0.9945,1,125;5,5,0.2455,0,223
ood_compose_regime-02240	1	2	0	165,107,51,157,66,34,211,48,212,3,113,92,59,147,138,117,69,15,21,19,164,133,192,160,86,26,80,206,149,141,40,178,93,162,98,124	2,5,0.7825,0,127;1,0,0.1655,3,161;2,1,0.4915,0,92;7,4,0.9055,0,132;1,1,0.3565,0,242;3,3,0.5395,0,162
ood_compose_regime-02241	6	2	0	123,153,85,99,136,45,93,1,17,207,58,32,52,205,34,159,114,108,147,21,199,149,131,199,164,141,14,90,69,179,152,197,65,119,73,41	0,4,0.2695,0,66;7,0,0.2815,0,241;3,0,0.3495,0,192;0,3,0.5565,0,69;2,2,0.4455,2,181;2,1,0.1465,0,72
ood_compose_regime-02242	1	2	2	123,18,76,45,175,51,106,24,58,99,147,197,34,82,180,67,165,9,182,93,113,156,117,177,158,69,131,141,27,40,92,198,151,14,140,183	8,4,0.4675,3,110;2,0,0.1655,0,222;2,0,0.6925,0,55;3,0,0.9065,0,77;2,0,0.2565,0,148;2,1,0.9145,0,251
ood_compose_regime-02243	5	2	1	179,68,122,202,34,194,61,170,21,114,52,202,100,197,117,92,93,106,193,137,163,134,160,8,76,44,82,150,16,158,27,69,15,141,147,45	7,5,0.0505,0,8;2,0,0.9345,0,77;3,3,0.9805,0,189;3,0,0.8445,0,189;3,0,0.4195,0,107;1,4,0.3505,0,130
ood_compose_regime-02244	5	2	2	159,111,178,19,131,68,84,210,117,93,122,52,45,113,28,76,151,98,43,58,196,69,2,183,141,214,204,11,147,39,21,89,136,210,174,188	1,1,0.7635,0,14;3,5,0.7725,0,150;3,0,0.8675,0,60;3,2,0.2505,0,36;1,5,0.3905,0,177;1,1,0.0915,0,16
ood_compose_regime-02245	5	2	2	117,166,209,13,152,210,32,174,141,107,139,151,185,34,159,157,45,135,51,86,89,44,93,69,76,18,196,123,112,209,103,62,67,147,4,21	3,3,0.5705,0,236;7,0,0.9675,0,24;2,4,0.6525,0,131;3,4,0.3805,0,181;6,1,0.1995,0,168;2,5,0.7275,0,107
ood_compose_regime-02246	2	2	1	90,166,169,139,141,74,16,202,45,93,115,59,185,57,37,11,179,40,98,32,130,150,183,147,124,69,107,204,82,65,21,158,117,172,5,182	4,1,0.1125,0,73;7,3,0.1945,0,130;8,1,0.3945,0,75;1,0,0.5125,0,86;1,1,0.6385,0,203;3,0,0.7785,0,175
ood_compose_regime-02247	2	2	0	117,11,69,47,37,93,155,65,188,8,124,116,74,132,105,160,91,158,25,141,149,196,204,214,52,107,206,191,21,63,186,147,85,18,140,41	7,1,0.5805,0,195;0,3,0.2565,2,252;3,5,0.2115,0,234;1,3,0.6645,0,166;8,1,0.9085,0,173;3,2,0.8575,0,251
ood_compose_regime-02248	1	2	2	165,27,117,99,107,190,69,163,112,215,147,170,132,62,93,169,16,6,87,42,45,194,92,68,12,124,141,75,139,206,50,151,164,22,36,200	5,2,0.1645,1,121;2,2,0.5755,0,123;1,4,0.9265,0,106;2,5,0.9485,0,15;2,1,0.0645,0,4;3,2,0.6255,0,180
ood_compose_regime-02249	5	2	0	27,149,100,111,176,136,15,54,212,124,92,203,165,35,202,45,116,84,141,93,209,175,68,3,69,21,42,117,147,19,165,174,60,73,183,133	2,5,0.7265,0,105;2,1,0.5015,0,202;5,2,0.9145,0,56;0,2,0.9965,0,185;3,5,0.9335,0,188;3,3,0.1635,0,112
ood_compose_regime-02250	5	2	1	100,147,38,117,141,91,115,132,177,66,45,137,180,76,28,109,166,15,16,69,150,210,21,200,93,43,2,85,183,186,165,49,58,129,162,205	1,5,0.0515,0,52;3,4,0.7475,0,96;0,0,0.4245,0,123;3,3,0.7805,0,32;3,3,0.6615,0,48;8,2,0.2455,0,195
ood_compose_regime-02251	5	2	2	157,117,157,52,91,42,23,93,177,30,115,68,142,181,187,2,182,18,151,147,83,154,39,140,75,110,160,11,124,100,69,184,62,45,133,192	1,1,0.4225,2,38;5,5,0.4745,0,28;3,4,0.8225,0,92;2,1,0.7015,0,90;3,4,0.7695,0,0;3,3,0.8555,1,60
ood_compose_regime-02252	5	2	0	135,162,195,158,200,110,7,126,215,82,147,100,136,74,115,59,117,37,197,93,69,195,90,169,17,21,49,159,25,204,143,45,65,149,41,10	6,0,0.2845,0,228;0,3,0.2955,0,216;0,1,0.3385,0,153;1,0,0.5255,0,38;3,4,0.7955,0,116;5,5,0.1055,2,106
ood_compose_regime-02253	9	2	1	53,117,131,141,45,17,156,125,80,32,111,116,173,69,172,15,41,172,93,100,91,213,165,21,5,158,61,150,39,154,147,85,198,65,139,168	4,5,0.2165,0,148;7,5,0.2425,0,248;4,3,0.3925,0,116;7,3,0.6405,0,252;3,5,0.8225,0,141;4,1,0.7225,0,229
ood_compose_regime-02254	5	2	2	172,16,52,117,21,88,79,171,135,93,172,111,2,82,140,124,208,38,100,202,69,41,58,205,113,68,186,147,214,31,45,188,151,15,141,177	1,5,0.0755,0,104;6,4,0.3325,0,76;3,0,0.8045,0,45;6,0,0.1675,0,183;3,5,0.3275,0,225;3,5,0.9705,0,197
ood_compose_regime-02255	2	2	0	214,160,198,177,93,163,140,82,45,4,64,118,143,166,21,36,69,41,28,131,149,147,164,10,203,174,88,63,17,113,178,104,128,109,52,76	3,0,0.2635,0,33;3,2,0.2075,0,29;3,5,0.0145,0,112;3,0,0.1855,0,216;7,3,0.3605,1,198;7,1,0.9805,2,65
ood_compose_regime-02256	10	2	2	125,82,141,45,200,99,76,41,168,111,69,165,204,28,117,4,59,183,209,36,181,147,112,68,151,138,205,208,133,23,199,51,93,19,92,14	3,4,0.7775,2,246;3,2,0.3935,0,118;2,1,0.9415,0,93;3,0,0.8735,0,109;2,5,0.0355,0,10;4,3,0.5835,0,169
ood_compose_regime-02257	5	2	2	40,204,151,141,176,36,147,120,132,100,23,124,71,158,20,62,88,179,138,68,87,76,171,95,52,29,160,190,207,5,207,205,110,112,10,45	4,0,0.8825,2,160;4,2,0.1335,0,121;3,4,0.9205,2,76;3,5,0.1735,2,231;3,4,0.1045,3,178;3,2,0.4125,0,4
ood_compose_regime-02258	5	2	2	100,25,128,61,49,84,197,213,201,151,93,192,11,76,204,117,35,5,184,69,158,21,88,209,111,44,137,64,45,165,147,200,19,114,141,134	4,1,0.7145,0,179;0,1,0.9335,0,33;0,3,0.1735,0,44;3,2,0.1215,0,97;3,5,0.4615,0,114;7,4,0.3325,0,234
ood_compose_regime-02259	1	2	1	18,150,87,140,69,24,197,41,97,117,211,3,174,15,147,62,65,45,178,192,108,93,214,115,158,38,198,92,144,188,134,28,75,52,194,129	2,5,0.4195,3,2;3,4,0.2725,0,198;3,4,0.3865,0,9;2,5,0.9475,0,158;0,2,0.7035,0,133;8,4,0.8265,3,49
ood_compose_regime-02260	5	2	1	114,124,194,37,163,66,139,89,189,130,197,152,52,69,87,76,150,161,162,141,99,17,208,5,107,180,117,45,12,191,41,147,60,28,21,93	4,2,0.3925,0,75;3,3,0.2695,0,113;3,2,0.4205,0,247;3,5,0.3645,0,40;2,1,0.4305,0,203;3,0,0.6295,0,182
ood_compose_regime-02261	5	2	1	100,71,147,35,4,47,141,199,208,123,93,54,17,89,211,76,42,131,205,202,13,60,175,150,117,86,67,201,166,111,165,21,136,114,32,210	3,3,0.2865,0,97;7,1,0.5765,2,15;5,2,0.7255,2,199;3,4,0.3345,0,1;3,5,0.5275,0,24;2,1,0.0745,0,244
ood_compose_regime-02262	5	2	2	159,209,21,162,163,2,91,109,11,180,133,176,82,69,193,158,93,28,98,142,151,124,136,200,66,114,45,38,182,76,42,117,52,147,19,62	1,1,0.7335,0,54;3,4,0.5165,0,52;3,4,0.4335,0,52;3,0,0.7275,0,238;1,3,0.5345,0,110;3,3,0.0395,1,229
ood_compose_regime-02263	8	2	2	69,141,74,114,209,174,147,23,82,173,117,62,139,52,88,44,30,182,39,214,179,133,169,45,15,6,195,126,151,20,67,199,93,106,98,168	5,5,0.8055,2,98;5,5,0.9335,0,107;3,4,0.7525,0,179;1,0,0.1675,0,254;1,0,0.5505,0,95;5,3,0.6995,0,164
ood_compose_regime-02264	5	2	1	38,147,173,190,114,179,60,45,134,10,69,31,141,76,128,101,136,20,49,43,197,65,182,107,93,150,177,215,167,212,92,85,117,24,194,1	0,0,0.8335,3,242;6,4,0.6855,0,90;0,2,0.2205,0,27;3,3,0.8305,0,216;4,1,0.5745,0,229;7,4,0.1745,0,226
ood_compose_regime-02265	5	2	2	176,108,147,151,45,3,43,134,152,140,21,206,209,173,168,176,206,52,34,100,69,112,91,64,95,15,84,26,164,76,124,141,58,117,208,19	2,5,0.7695,0,110;1,0,0.7705,0,158;3,0,0.0465,0,92;3,2,0.7085,2,174;3,2,0.1705,0,42;3,4,0.8735,0,31
ood_compose_regime-02266	5	2	1	153,147,44,52,66,21,117,45,132,15,190,187,34,141,75,69,180,62,192,87,4,124,16,211,197,101,213,113,150,139,183,111,93,174,92,26	3,5,0.1385,0,217;1,0,0.8115,0,4;3,4,0.4725,0,44;2,5,0.8135,0,105;4,5,0.2725,0,85;3,2,0.7285,0,169
ood_compose_regime-02267	1	2	0	179,34,62,47,4,147,68,136,158,213,14,51,207,99,165,124,169,21,110,159,149,179,41,76,130,93,85,19,161,141,89,33,69,159,116,117	3,4,0.7665,0,19;8,0,0.3685,2,249;2,4,0.9475,0,67;3,3,0.2265,0,177;2,4,0.9595,0,112;3,0,0.1045,0,158
ood_compose_regime-02268	5	2	1	141,152,147,18,117,194,152,157,53,150,215,75,24,45,189,186,60,116,202,69,209,35,40,89,6,138,129,110,65,93,25,100,83,15,165,132	5,5,0.4745,3,203;0,1,0.0535,0,21;4,2,0.2955,0,26;2,1,0.2655,0,222;3,4,0.8315,0,195;8,2,0.4835,0,125
ood_compose_regime-02269	5	2	1	188,182,42,141,205,207,45,3,124,117,93,175,88,130,21,52,27,58,77,110,20,150,35,83,201,64,191,193,100,140,178,12,69,158,147,114	2,2,0.9545,0,189;2,1,0.4915,0,186;3,0,0.1455,0,94;4,1,0.0035,0,40;3,4,0.5055,0,21;3,0,0.9455,0,4
ood_compose_regime-02270	5	2	1	74,112,190,203,133,106,205,72,189,67,127,4,139,215,157,209,175,55,44,85,196,91,28,154,13,17,150,34,45,93,23,59,101,141,147,117	3,3,0.3855,2,160;3,0,0.8935,0,70;6,1,0.6305,3,160;1,3,0.6645,0,196;4,0,0.0125,0,56;6,3,0.7935,0,105
ood_compose_regime-02271	5	2	1	76,195,21,188,12,91,156,147,114,117,26,101,39,69,141,162,17,150,179,67,109,140,44,51,93,195,190,124,182,183,82,134,47,174,4,62	3,2,0.3185,0,55;1,5,0.8985,2,84;2,4,0.7355,0,172;3,0,0.6445,0,32;4,3,0.5225,0,141;3,4,0.9475,0,28
ood_compose_regime-02272	5	2	1	212,162,53,79,132,69,205,159,20,198,36,59,21,138,201,100,117,171,106,85,144,29,150,66,45,43,174,11,191,190,147,92,115,125,8,93	7,1,0.9545,0,97;4,2,0.6095,0,73;4,1,0.5675,0,239;6,3,0.8915,0,86;3,0,0.6515,0,24;4,2,0.5415,3,72
ood_compose_regime-02273	5	2	2	212,162,38,93,143,69,40,128,209,151,10,19,210,207,138,110,135,8,147,62,179,100,90,156,186,45,65,27,83,117,75,167,165,112,52,24	7,0,0.6165,3,169;2,4,0.1295,0,240;3,4,0.2185,0,103;2,1,0.5585,0,2;3,4,0.1025,0,227;7,5,0.5645,2,27
ood_compose_regime-02274	1	2	1	209,192,212,46,83,181,29,168,102,112,34,93,178,192,88,124,188,63,147,77,109,150,17,132,43,13,181,67,141,69,8,154,138,117,51,21	7,3,0.3265,0,220;4,0,0.7385,1,232;2,5,0.7545,0,218;4,1,0.1315,0,238;5,3,0.1075,0,185;3,2,0.4685,0,179
ood_compose_regime-02275	1	2	0	75,179,49,181,21,44,187,34,100,141,131,174,113,58,84,45,123,147,16,200,152,3,93,205,155,89,12,109,149,177,181,27,136,65,69,117	2,2,0.0385,0,85;2,0,0.8935,0,0;0,0,0.2075,0,31;2,2,0.3685,0,226;3,3,0.2245,0,184;2,1,0.0635,0,255
ood_compose_regime-02276	5	2	2	162,68,100,127,21,153,4,151,76,86,136,178,20,165,38,184,14,189,58,132,93,88,69,43,49,27,111,186,141,210,116,117,147,214,167,45	3,4,0.9495,0,165;2,4,0.6225,0,191;0,0,0.9935,0,199;3,4,0.0265,0,223;3,5,0.8775,0,156;6,2,0.1165,0,153
ood_compose_regime-02277	5	2	1	194,87,199,47,189,114,59,75,100,27,65,147,161,131,34,141,69,4,19,200,138,15,195,177,40,193,187,91,21,119,150,93,111,51,160,123	3,5,0.6285,0,178;2,0,0.1715,2,189;2,1,0.2495,0,126;2,5,0.7875,0,33;3,5,0.4395,2,68;2,1,0.5815,0,248
ood_compose_regime-02278	10	2	2	81,15,113,110,151,164,147,159,197,65,35,45,100,117,90,69,86,135,173,94,188,55,58,186,181,186,44,4,141,24,140,176,31,20,179,129	3,5,0.9585,3,200;6,1,0.8185,0,117;6,0,0.2335,0,82;8,4,0.5305,1,73;3,4,0.2535,0,135;8,5,0.9085,0,4
ood_compose_regime-02279	1	2	1	120,177,208,21,207,199,147,19,186,206,157,141,45,140,114,161,28,69,87,93,75,107,41,123,51,150,165,39,163,3,64,132,91,63,97,10	2,0,0.6655,0,192;3,5,0.3955,0,227;2,5,0.0965,0,196;2,5,0.7515,0,17;0,1,0.4075,3,0;2,2,0.9715,0,4
ood_compose_regime-02280	5	2	1	69,83,81,140,209,21,189,39,115,60,126,150,66,178,41,105,215,106,93,153,147,45,208,193,133,182,12,55,117,16,172,141,89,194,28,9	8,2,0.0165,0,226;3,5,0.3045,0,235;6,2,0.4995,0,214;8,1,0.3055,0,14;8,0,0.7355,0,35;5,3,0.8155,0,134
ood_compose_regime-02281	2	2	0	210,98,117,214,12,174,107,21,132,157,78,124,166,140,87,30,141,149,62,4,40,17,88,116,50,147,93,190,64,69,159,163,198,39,180,46	3,2,0.2185,0,105;5,5,0.1905,1,60;1,4,0.1415,0,171;5,5,0.0805,0,20;1,1,0.8775,0,29;3,2,0.9225,0,82
ood_compose_regime-02282	5	2	0	51,211,141,189,4,100,183,27,76,45,184,87,117,175,167,215,137,149,172,43,111,92,69,128,14,21,147,131,167,213,62,115,93,67,18,39	3,4,0.4225,0,220;2,5,0.6105,0,175;2,4,0.7215,0,32;3,5,0.9305,0,138;3,5,0.6935,0,221;7,1,0.2865,0,202
ood_compose_regime-02283	10	2	2	135,213,162,166,154,11,45,34,141,85,181,107,151,21,205,29,147,61,42,53,124,139,117,93,184,5,176,92,69,65,17,113,173,78,195,104	4,1,0.3365,0,64;4,0,0.5785,0,157;4,3,0.2095,0,105;5,3,0.9825,0,224;7,1,0.2905,0,160;3,5,0.6645,0,164
ood_compose_regime-02284	5	2	0	117,149,76,28,87,2,205,170,147,125,116,214,138,58,53,162,66,10,93,153,142,43,132,202,187,178,111,69,196,16,48,200,21,99,90,34	1,0,0.1915,0,145;3,0,0.6875,3,184;4,0,0.4685,0,83;3,5,0.4505,0,246;2,5,0.8785,0,207;4,2,0.4265,1,211
ood_compose_regime-02285	5	2	2	85,45,41,93,133,110,206,92,209,112,180,28,60,208,103,142,117,17,21,151,215,199,14,76,184,186,206,36,52,67,69,8,127,176,139,147	7,4,0.3685,0,161;3,2,0.2345,0,1;3,2,0.6475,0,60;3,3,0.9125,0,88;6,4,0.0375,0,148;6,3,0.6655,1,24
ood_compose_regime-02286	5	2	1	39,116,69,176,42,110,117,183,177,124,86,141,20,45,1,192,62,162,212,21,186,93,79,171,150,89,147,65,26,160,11,211,100,55,137,132	0,1,0.9155,0,44;1,5,0.5115,0,45;6,4,0.2755,0,97;6,4,0.2605,0,9;3,4,0.9425,0,170;3,2,0.3445,0,153
ood_compose_regime-02287	2	2	1	1,42,69,214,76,59,169,27,115,173,141,168,180,147,11,98,45,177,35,50,93,121,136,82,185,21,134,202,65,150,107,206,89,16,160,117	0,1,0.1375,0,177;2,1,0.5125,0,131;1,1,0.2235,0,8;3,0,0.2605,0,204;1,1,0.6675,0,99;0,4,0.0455,0,119
ood_compose_regime-02288	5	2	1	174,52,150,66,75,117,113,45,106,206,200,159,123,196,86,28,10,58,141,17,165,180,88,147,136,209,100,96,21,37,130,69,42,4,182,152	3,0,0.3985,0,59;3,3,0.4605,0,76;3,0,0.4725,0,187;2,4,0.1945,3,235;3,0,0.3125,0,152;2,0,0.0455,0,219
ood_compose_regime-02289	5	2	1	166,197,112,84,21,198,193,204,138,3,170,188,76,92,141,59,45,117,10,199,100,68,150,185,96,124,147,108,50,41,36,28,133,16,177,69	2,0,0.0995,0,230;3,2,0.2245,0,34;1,1,0.9705,0,110;3,2,0.9815,3,228;3,2,0.1875,0,219;3,3,0.4955,0,34
ood_compose_regime-02290	10	2	2	197,33,113,203,62,135,159,16,44,95,215,89,193,52,106,21,67,45,147,39,15,69,151,2,99,164,141,157,117,83,213,187,122,139,205,74	1,5,0.0925,0,51;8,5,0.9645,0,241;3,4,0.7945,0,53;1,1,0.3565,2,20;2,0,0.3445,0,70;1,5,0.7415,0,97
ood_compose_regime-02291	8	2	2	46,108,66,14,20,139,112,132,147,69,168,141,117,172,76,152,154,202,153,40,54,180,156,86,151,213,4,21,126,31,172,99,61,93,88,36	3,4,0.8345,0,13;6,2,0.0245,1,45;5,3,0.4905,0,212;3,4,0.0835,0,165;2,2,0.1045,0,102;5,2,0.6105,0,253
ood_compose_regime-02292	5	2	2	69,209,19,202,86,40,21,109,179,39,172,151,58,15,124,117,4,139,156,114,212,147,193,175,89,93,48,141,56,67,135,100,76,28,167,166	3,5,0.6625,0,7;3,5,0.1215,3,142;7,0,0.7835,0,39;3,4,0.2265,0,77;3,3,0.4825,0,213;3,5,0.6715,0,127
ood_compose_regime-02293	5	2	0	208,86,212,90,165,41,133,149,37,104,111,140,45,141,31,112,55,69,21,17,176,183,60,93,128,117,199,185,3,195,66,147,12,201,179,76	2,2,0.3745,0,145;6,3,0.3505,0,73;6,2,0.4585,0,40;3,4,0.4445,0,250;7,5,0.0775,0,138;7,3,0.8725,0,131
ood_compose_regime-02294	5	2	0	79,70,100,85,19,117,92,43,93,147,113,168,45,156,196,125,57,58,190,176,188,211,36,143,171,202,133,149,28,190,12,106,5,139,21,66	4,2,0.7855,0,181;3,2,0.6905,0,200;8,0,0.5145,1,189;6,3,0.8395,0,72;3,0,0.2505,0,10;4,3,0.7685,2,231
ood_compose_regime-02295	1	2	2	214,196,27,86,18,139,110,147,194,75,193,21,174,58,123,181,117,141,92,99,114,44,69,36,12,157,66,45,56,130,151,4,215,185,196,93	3,2,0.5645,0,122;2,2,0.9575,0,20;7,0,0.5675,0,78;2,4,0.8555,0,18;2,4,0.5035,0,27;2,0,0.6145,0,74
ood_compose_regime-02296	5	2	1	45,214,93,109,160,207,103,76,44,21,61,138,68,31,34,179,207,14,69,90,131,82,211,56,3,153,157,196,150,117,17,173,141,122,116,147	2,4,0.2695,0,51;6,0,0.8355,0,32;7,3,0.9995,0,249;3,0,0.4665,0,185;6,3,0.8055,0,238;1,1,0.5495,0,118
ood_compose_regime-02297	5	2	0	203,200,78,187,194,138,83,6,34,67,61,27,179,173,156,141,93,110,18,116,24,45,147,126,52,42,88,13,149,119,103,135,169,175,180,69	5,3,0.5985,3,216;2,0,0.5725,0,236;3,3,0.7785,0,170;5,1,0.1225,0,36;6,4,0.9205,2,232;5,5,0.4685,0,117
ood_compose_regime-02298	10	2	2	108,18,129,190,47,116,42,200,63,64,172,57,102,93,185,210,21,138,82,215,90,14,69,181,151,177,119,204,141,4,147,134,208,33,81,38	3,4,0.5975,0,58;8,4,0.4405,2,86;8,5,0.1395,0,115;8,0,0.5435,0,40;5,2,0.9105,2,110;8,4,0.4215,0,140
ood_compose_regime-02299	5	2	2	103,172,112,18,163,141,51,92,163,212,135,167,124,186,69,76,85,44,59,4,95,26,180,15,151,159,108,38,181,21,147,64,117,45,138,157	3,5,0.4325,0,228;1,4,0.8165,0,79;2,1,0.1325,0,20;3,3,0.9775,2,225;6,2,0.1195,0,39;3,5,0.4105,0,160
ood_compose_regime-02300	2	2	0	149,198,172,61,4,141,115,45,117,93,124,41,161,10,20,25,52,160,74,152,70,38,203,191,89,106,155,66,21,82,138,97,186,190,147,130	3,0,0.9045,0,206;0,4,0.3705,0,142;3,3,0.5755,1,29;1,0,0.3235,0,191;0,0,0.7445,0,149;3,0,0.4745,0,119
ood_compose_regime-02301	5	2	2	147,106,21,212,153,151,175,215,124,214,186,141,28,89,65,195,181,117,132,45,17,52,76,69,194,34,178,40,100,140,15,112,6,86,94,58	5,5,0.3135,0,194;3,0,0.1595,0,237;3,0,0.2775,0,194;3,4,0.3585,1,24;3,0,0.1825,0,250;3,2,0.9775,0,102
ood_compose_regime-02302	5	2	2	2,55,111,199,200,181,112,171,59,123,93,21,44,45,35,66,117,208,139,197,14,76,92,86,180,105,198,16,69,188,147,33,187,151,130,141	1,4,0.0515,0,190;8,1,0.8715,0,3;6,1,0.5615,0,90;3,4,0.9465,0,212;8,5,0.0675,0,11;2,0,0.7055,0,252
ood_compose_regime-02303	5	2	1	150,212,44,175,207,10,17,106,200,179,5,55,117,182,21,127,172,92,113,39,147,138,101,131,69,209,172,28,77,82,93,141,68,62,212,45	4,0,0.3605,0,125;3,5,0.9005,0,86;6,4,0.8165,0,219;4,0,0.9625,0,112;4,0,0.3945,0,252;6,1,0.4325,0,215
ood_compose_regime-02304	5	2	0	155,143,6,42,68,111,38,160,11,82,69,99,154,46,123,173,138,181,61,93,132,147,212,91,194,52,21,120,186,77,16,149,213,114,27,182	5,1,0.0915,0,144;2,4,0.4115,1,43;3,3,0.9525,0,182;4,0,0.7965,0,233;2,5,0.4615,3,155;2,2,0.4885,2,164
ood_compose_regime-02305	10	2	2	147,125,45,21,89,53,131,100,113,2,83,93,193,69,199,77,178,200,161,15,151,29,207,174,42,189,213,39,19,117,137,141,61,106,192,66	1,5,0.6385,0,142;4,5,0.5035,0,211;4,3,0.5085,0,81;4,1,0.3925,0,207;3,0,0.2015,0,198;4,1,0.2105,0,36
ood_compose_regime-02306	1	2	0	27,74,10,93,20,131,165,141,45,100,117,149,123,108,161,200,147,50,138,194,21,193,161,86,62,113,161,43,188,176,38,66,5,91,69,176	4,0,0.9925,0,102;2,4,0.6255,0,97;1,4,0.5025,0,112;1,4,0.6115,0,164;3,2,0.2795,0,176;2,1,0.5085,0,211
ood_compose_regime-02307	5	2	2	133,95,141,183,171,76,21,155,87,100,117,68,147,166,111,69,45,41,52,34,160,112,61,177,32,210,19,10,162,124,91,151,139,179,197,2	1,0,0.7315,0,133;7,0,0.2765,0,51;3,3,0.9885,0,246;3,5,0.7005,2,67;3,5,0.1055,0,253;3,3,0.6345,0,44
ood_compose_regime-02308	5	2	1	115,125,23,169,52,179,201,132,76,141,44,197,101,186,63,65,72,190,108,87,167,19,45,92,136,207,34,150,180,32,197,6,117,93,147,13	5,3,0.7585,2,71;7,0,0.9105,0,20;3,5,0.3585,3,32;3,5,0.8385,0,171;4,2,0.7935,0,44;4,2,0.1975,0,183
ood_compose_regime-02309	5	2	0	138,181,195,149,215,82,69,147,52,183,38,100,63,123,113,174,21,48,4,27,155,117,14,90,109,203,76,156,93,141,191,43,158,135,65,20	3,4,0.8165,0,54;2,4,0.6445,3,139;3,5,0.2005,0,181;3,0,0.5705,0,164;3,3,0.3135,0,99;2,5,0.4635,0,94
ood_compose_regime-02310	5	2	0	138,113,173,207,76,147,58,182,87,206,165,129,10,4,91,168,118,100,41,154,142,149,19,57,21,45,69,181,131,183,111,38,28,183,65,93	3,0,0.7435,0,6;3,4,0.3555,0,228;8,0,0.2265,0,93;3,5,0.6315,0,201;3,5,0.2875,1,231;8,1,0.4645,1,175
ood_compose_regime-02311	5	2	2	21,45,93,134,58,147,14,140,166,186,198,75,124,82,34,120,200,19,41,69,25,173,100,152,141,68,3,113,151,181,182,92,215,195,111,50	2,4,0.7405,0,63;0,0,0.3055,0,231;1,0,0.9995,0,203;2,0,0.9425,0,199;3,5,0.2515,3,30;3,4,0.8675,0,117
ood_compose_regime-02312	5	2	1	190,99,44,3,184,147,179,108,37,93,190,16,73,64,85,137,69,193,166,133,125,49,199,115,59,152,90,150,141,182,203,28,21,117,14,45	2,4,0.1245,0,91;3,3,0.9935,0,1;0,1,0.0525,0,61;0,3,0.4245,0,90;2,2,0.6545,0,85;4,3,0.3075,0,58
ood_compose_regime-02313	5	2	0	170,89,100,192,166,93,10,185,85,184,72,28,157,68,1,62,160,79,114,51,142,129,42,186,147,20,136,179,110,117,21,131,190,149,39,46	0,0,0.9325,0,7;3,5,0.4605,1,162;2,4,0.9595,3,174;6,3,0.3675,0,14;3,4,0.4195,0,9;8,1,0.1185,1,167
ood_compose_regime-02314	1	2	0	50,164,207,156,93,117,116,2,209,13,197,92,131,75,58,106,181,212,207,214,141,43,121,68,99,21,162,34,28,69,45,149,147,16,87,138	1,3,0.0345,0,84;3,0,0.7715,0,188;1,0,0.8675,0,48;2,5,0.8255,0,39;2,0,0.8055,0,10;0,1,0.4705,0,200
ood_compose_regime-02315	7	2	0	161,176,132,141,149,137,186,173,82,147,16,108,26,63,66,3,100,113,157,39,44,215,200,215,173,93,21,166,53,70,92,123,76,117,10,45	2,0,0.0675,0,178;1,5,0.9175,0,103;4,5,0.5795,1,204;3,0,0.9775,0,73;3,2,0.2485,0,211;2,2,0.2125,0,166
ood_compose_regime-02316	5	2	2	95,182,187,151,97,69,138,106,124,44,157,28,21,135,167,51,89,4,215,194,37,67,80,117,141,213,174,63,85,195,45,15,19,209,114,147	3,5,0.7745,0,103;3,3,0.9475,0,87;2,5,0.7315,0,62;7,3,0.2025,2,197;0,0,0.4455,0,99;3,5,0.4745,0,127
ood_compose_regime-02317	2	2	1	63,140,198,199,177,10,150,101,72,35,213,166,141,196,123,4,214,112,107,21,91,80,154,54,94,19,206,45,176,130,27,119,40,82,67,147	3,0,0.6695,0,127;2,1,0.1015,0,46;5,5,0.6295,3,170;7,0,0.7825,1,78;4,1,0.0475,2,204;2,0,0.8655,0,11
ood_compose_regime-02318	5	2	2	52,168,84,118,76,69,212,140,141,160,14,114,99,210,21,170,91,151,172,17,213,43,61,37,111,200,197,93,65,126,45,147,134,9,163,28	8,4,0.2255,0,111;3,3,0.6605,0,168;3,3,0.3795,0,131;3,2,0.6625,0,11;2,5,0.5745,1,111;5,4,0.8405,0,222
ood_compose_regime-02319	5	2	1	28,205,147,83,160,21,175,45,150,78,198,17,113,198,107,141,4,69,179,90,139,124,209,42,93,130,34,195,66,120,169,98,62,52,168,15	3,5,0.2575,0,223;3,0,0.4255,0,145;3,4,0.4605,0,28;5,1,0.5125,0,207;1,1,0.3025,3,37;3,0,0.6865,0,246
ood_compose_regime-02320	5	2	0	117,45,83,16,101,43,140,171,156,195,200,90,61,64,168,159,187,93,4,28,49,209,14,69,124,149,147,77,141,37,156,132,112,24,168,111	3,4,0.1265,3,95;3,3,0.6175,0,133;0,3,0.1875,0,16;4,1,0.4975,0,39;4,5,0.1465,0,15;3,2,0.9955,0,192
ood_compose_regime-02321	5	2	1	178,97,115,17,4,147,37,21,15,43,132,91,30,155,181,45,69,123,61,110,158,84,150,141,171,93,180,50,140,66,193,200,196,184,76,120	3,5,0.3325,0,186;5,3,0.7805,0,104;1,3,0.4945,0,19;3,2,0.6455,0,210;0,4,0.6995,3,67;2,2,0.9715,0,161
ood_compose_regime-02322	5	2	1	4,150,170,163,21,182,75,211,162,13,124,99,67,18,133,93,82,42,138,108,37,28,50,210,117,69,201,115,89,147,141,46,183,186,58,154	3,3,0.4315,0,57;3,3,0.4815,1,210;1,0,0.7625,0,210;2,0,0.2715,0,26;2,2,0.7795,0,227;3,3,0.5415,0,236
ood_compose_regime-02323	5	2	1	56,128,110,14,179,58,130,40,21,112,189,72,17,165,117,141,92,188,147,84,46,36,159,178,137,168,4,150,33,202,105,79,93,176,68,180	3,4,0.3225,0,50;8,2,0.0915,1,190;7,0,0.9725,3,219;6,2,0.9325,0,13;8,4,0.0275,0,133;7,0,0.3575,0,198
ood_compose_regime-02324	5	2	1	51,178,76,147,113,184,170,105,89,68,26,124,163,38,203,21,161,141,15,175,3,110,42,93,150,45,18,133,58,196,84,140,69,117,188,171	2,5,0.4135,0,207;1,4,0.5315,0,217;2,0,0.9985,0,82;3,2,0.3625,0,156;8,4,0.2205,0,26;3,3,0.8185,0,159
ood_compose_regime-02325	5	2	2	156,141,96,43,152,100,12,84,155,69,211,73,166,90,185,160,124,106,147,21,45,151,68,210,18,140,34,4,114,49,132,180,61,214,31,117	3,2,0.4745,0,58;6,0,0.7805,0,191;0,3,0.9055,0,81;0,2,0.4615,3,246;3,0,0.4265,0,114;3,2,0.8085,0,253
ood_compose_regime-02326	5	2	1	212,114,133,31,163,189,190,167,66,11,92,166,161,139,150,144,127,170,7,62,54,35,87,76,147,210,109,101,93,42,16,45,21,160,69,117	6,1,0.1115,0,23;6,1,0.4015,0,159;5,4,0.4585,0,47;3,5,0.9925,0,73;4,3,0.4585,0,12;6,3,0.6165,3,225
ood_compose_regime-02327	5	2	1	117,80,83,19,196,150,147,154,13,27,198,38,180,100,208,69,89,116,8,57,123,208,158,141,65,132,140,41,209,93,21,45,164,60,206,109	7,3,0.6525,0,118;2,4,0.3735,0,218;8,2,0.2395,0,47;7,1,0.2285,0,198;3,3,0.8675,0,210;2,2,0.9225,0,109
ood_compose_regime-02328	5	2	0	109,8,77,177,127,136,141,149,152,69,95,114,61,132,192,52,117,201,192,89,165,165,13,84,100,67,36,28,45,18,21,40,147,193,160,167	7,3,0.5935,0,107;3,2,0.0325,0,10;3,3,0.6735,0,108;4,2,0.3365,2,154;3,3,0.5595,0,144;6,2,0.0945,0,212
ood_compose_regime-02329	1	2	0	215,88,117,135,138,149,215,4,200,19,62,45,64,114,93,69,168,51,215,141,38,33,21,75,166,179,190,109,41,188,10,147,104,209,86,123	3,0,0.7855,0,244;8,4,0.2035,0,116;2,4,0.1645,0,232;2,4,0.0945,0,255;7,3,0.5965,0,175;2,5,0.4305,0,176
ood_compose_regime-02330	9	2	2	45,170,21,141,117,58,40,122,74,14,140,147,26,157,104,19,193,159,83,151,181,157,69,131,35,67,109,93,1,163,193,116,90,163,171,52	0,4,0.7395,0,166;1,1,0.0005,0,143;3,0,0.6305,0,128;1,1,0.5115,0,116;7,3,0.9205,0,136;1,1,0.9175,0,91
ood_compose_regime-02331	5	2	1	104,164,92,85,162,14,162,154,93,150,69,38,67,60,155,23,45,28,20,53,1,141,208,147,76,117,171,113,132,107,40,179,179,189,140,123	0,4,0.8735,2,128;3,4,0.0555,0,251;4,2,0.7145,0,160;3,3,0.9475,0,43;7,1,0.3945,0,76;2,2,0.8465,0,187
ood_compose_regime-02332	5	2	0	205,196,12,215,193,193,39,131,93,117,87,76,149,92,41,115,69,147,23,168,172,29,121,45,209,65,142,169,154,107,9,101,54,60,17,138	8,2,0.3655,2,102;4,5,0.3055,0,55;5,2,0.3495,0,163;3,5,0.8865,0,48;4,1,0.7305,0,202;0,1,0.4605,1,126
ood_compose_regime-02333	5	2	2	139,21,151,197,170,81,39,51,116,215,117,93,125,202,69,200,29,152,170,64,111,84,88,147,62,13,16,141,100,202,5,43,156,130,166,45	4,3,0.1495,0,151;4,5,0.6605,0,134;2,4,0.1965,0,19;8,2,0.1335,0,162;3,5,0.9865,0,192;4,0,0.7685,0,236
ood_compose_regime-02334	9	2	2	136,172,204,107,34,21,153,43,147,202,130,144,45,8,198,184,91,66,151,196,87,93,56,112,190,58,192,16,69,80,125,117,104,28,11,175	7,1,0.1255,0,179;3,0,0.6835,0,140;7,0,0.5325,0,77;7,5,0.7135,0,9;7,1,0.0855,0,77;4,0,0.0125,3,174
ood_compose_regime-02335	5	2	0	25,124,147,6,116,183,149,21,34,202,87,11,179,49,138,167,100,92,110,81,201,40,215,203,69,61,117,95,17,190,141,133,45,67,215,203	5,1,0.3845,0,138;0,0,0.1545,0,192;0,3,0.6965,0,238;8,5,0.9975,2,35;3,4,0.8575,0,237;3,3,0.5985,0,114
ood_compose_regime-02336	8	2	2	204,123,68,151,41,86,191,210,4,45,195,179,14,163,140,117,102,147,60,115,69,109,143,193,19,36,132,190,191,54,88,21,78,28,93,188	3,4,0.6635,0,31;3,2,0.2855,0,90;5,2,0.9125,0,75;5,4,0.1985,0,160;5,3,0.7525,0,217;2,2,0.8005,2,163
ood_compose_regime-02337	2	2	0	186,97,205,149,174,117,154,59,89,57,41,106,147,45,76,69,38,189,27,124,161,115,162,21,16,93,85,185,68,215,156,141,137,130,9,11	8,1,0.0035,0,4;2,4,0.3175,0,30;8,1,0.9055,0,250;3,3,0.3745,0,137;0,0,0.7065,0,158;3,0,0.3925,0,55
ood_compose_regime-02338	2	2	2	85,147,151,100,91,200,21,41,176,141,12,179,34,33,200,4,59,209,132,139,163,108,73,115,53,117,69,45,66,190,125,179,200,93,210,18	3,2,0.5495,0,196;8,0,0.2125,0,108;4,1,0.5305,0,77;0,3,0.6135,0,174;3,2,0.6565,0,39;4,2,0.6975,0,105
ood_compose_regime-02339	2	2	2	206,51,172,84,93,166,156,138,40,151,183,115,92,133,189,185,18,64,34,178,69,117,142,22,204,104,47,147,208,124,76,60,28,4,12,107	3,2,0.4535,1,147;3,0,0.0205,2,224;2,2,0.0235,0,69;3,2,0.9435,0,57;7,1,0.7175,0,38;3,3,0.4225,1,220
ood_compose_regime-02340	7	2	2	209,69,21,66,93,189,39,205,151,1,183,117,28,49,41,183,60,19,74,138,110,48,90,87,100,157,147,173,11,115,144,187,129,188,134,192	0,1,0.6835,0,81;3,5,0.2955,3,163;0,2,0.4855,0,1;1,5,0.4905,0,253;3,4,0.7365,0,86;8,4,0.4475,3,208
ood_compose_regime-02341	5	2	2	21,163,185,87,58,65,161,160,43,158,100,109,78,180,200,166,135,39,91,55,117,45,27,125,153,151,147,114,93,3,177,69,141,19,11,137	2,1,0.6975,0,129;2,5,0.6095,0,250;6,0,0.3455,0,115;5,5,0.6095,0,248;3,3,0.4115,0,214;4,5,0.2345,0,152
ood_compose_regime-02342	5	2	1	125,45,4,172,150,51,179,192,65,131,141,172,155,186,42,93,62,13,84,153,114,117,91,37,75,137,28,70,147,108,19,196,155,23,100,194	3,3,0.7045,2,179;3,3,0.5025,0,235;2,4,0.3265,1,78;2,2,0.6635,0,203;3,2,0.5895,0,145;4,1,0.2735,0,116
ood_compose_regime-02343	2	2	0	110,166,211,17,113,147,59,4,93,175,47,134,84,198,64,129,171,203,213,69,185,40,117,141,156,138,12,182,39,57,27,98,149,89,75,21	3,2,0.3045,0,46;2,5,0.0485,2,136;8,1,0.1035,0,66;2,2,0.2135,0,147;1,4,0.3685,0,214;8,4,0.4365,0,250
ood_compose_regime-02344	5	2	2	66,56,4,180,147,113,69,179,201,205,141,14,117,158,173,196,89,151,93,207,86,140,134,59,98,34,127,173,199,31,17,45,42,21,111,78	3,4,0.2695,0,91;6,0,0.4355,0,3;7,1,0.5435,0,49;5,4,0.3345,0,40;1,5,0.2205,0,244;6,4,0.8125,0,191
ood_compose_regime-02345	10	2	2	184,45,88,185,115,41,151,69,198,143,117,28,133,194,122,190,57,9,37,85,68,21,160,147,202,80,136,97,63,211,109,155,205,93,15,19	8,5,0.6295,0,251;3,3,0.2825,0,206;8,5,0.9295,0,47;7,3,0.0135,0,75;0,3,0.7105,0,2;1,3,0.1945,2,108
ood_compose_regime-02346	7	2	1	187,59,50,112,21,6,186,141,15,157,176,69,122,158,36,45,147,117,195,110,188,105,138,76,177,41,65,18,28,92,214,150,160,82,133,96	5,5,0.5365,0,239;3,2,0.3795,0,190;1,1,0.3875,0,175;3,0,0.9325,3,231;8,4,0.1285,0,11;1,3,0.4245,0,3
ood_compose_regime-02347	5	2	0	42,204,93,14,205,159,111,45,149,8,69,132,115,62,38,189,17,64,117,100,136,28,124,21,179,186,76,169,147,206,86,144,186,52,89,180	7,4,0.2445,0,190;3,4,0.5575,0,161;3,4,0.1215,0,208;3,4,0.3765,0,86;3,5,0.7145,0,137;3,2,0.1845,3,160
ood_compose_regime-02348	10	2	1	199,18,58,204,129,105,112,33,170,23,150,139,45,84,147,117,34,57,93,192,14,134,69,107,90,4,186,76,68,205,141,41,200,210,191,165	3,4,0.5065,2,6;8,0,0.3905,0,205;8,0,0.9055,0,91;3,2,0.4295,0,60;8,1,0.1695,0,103;8,4,0.7495,0,199
ood_compose_regime-02349	7	2	0	175,113,156,147,84,109,65,141,75,212,124,179,61,204,200,44,88,72,21,212,12,102,94,3,19,193,137,52,39,135,45,149,26,184,164,117	2,2,0.7875,0,130;1,5,0.8975,0,88;3,3,0.3615,3,200;2,2,0.1185,1,85;5,3,0.3825,0,60;3,5,0.3065,0,196
ood_compose_regime-02350	5	2	2	168,64,77,183,60,151,199,28,207,20,41,124,147,37,175,21,156,69,4,156,108,170,154,117,12,45,89,51,93,112,144,135,87,139,198,97	3,2,0.9425,0,203;3,3,0.2225,0,224;2,2,0.1155,0,141;4,5,0.3325,0,15;0,2,0.1185,0,7;3,5,0.7545,3,106
ood_compose_regime-02351	6	2	0	110,100,88,68,19,212,149,71,214,45,87,169,21,182,192,1,147,178,119,41,141,38,176,174,51,131,129,157,114,78,60,28,140,175,14,93	0,4,0.7115,0,231;3,4,0.2375,0,97;2,2,0.8855,2,9;5,5,0.1415,0,66;3,4,0.4735,2,21;8,1,0.8775,0,119
ood_compose_regime-02352	5	2	1	13,160,62,55,150,82,165,132,69,103,185,93,189,45,68,42,191,117,114,211,168,129,76,91,139,163,147,22,7,28,38,193,214,17,107,141	6,3,0.2475,1,110;3,4,0.4005,0,29;6,4,0.8195,0,183;3,0,0.7335,0,204;6,1,0.4585,0,178;8,2,0.7565,0,84
ood_compose_regime-02353	10	2	1	111,22,18,200,34,214,150,112,47,99,125,58,139,89,141,50,152,117,69,163,5,160,93,147,191,153,86,133,43,203,76,163,13,64,33,165	4,3,0.4045,1,248;8,0,0.7365,2,46;1,0,0.0335,0,20;3,4,0.2485,0,194;2,5,0.0705,0,90;4,3,0.7795,0,81
ood_compose_regime-02354	7	2	2	26,76,64,160,137,60,164,44,10,151,38,170,179,52,143,106,93,209,147,117,195,185,99,89,122,133,213,115,16,191,69,164,45,2,21,87	1,0,0.1255,0,43;1,4,0.8685,0,118;3,2,0.0265,0,121;3,5,0.3815,0,123;2,0,0.6755,0,217;1,3,0.3485,2,165
ood_compose_regime-02355	1	2	2	210,69,61,4,34,147,28,206,88,111,130,189,52,21,151,198,76,196,136,174,170,87,141,99,160,93,46,16,164,15,117,116,65,124,164,42	3,5,0.1095,0,163;3,0,0.5795,1,242;3,3,0.3635,0,171;3,5,0.0545,0,15;2,5,0.8195,0,89;3,0,0.0625,0,185
ood_compose_regime-02356	5	2	2	48,198,90,130,151,93,35,16,141,33,196,76,87,117,185,161,205,99,123,44,9,67,189,201,71,147,60,168,186,108,206,12,21,113,136,51	8,2,0.1375,0,57;8,1,0.9795,3,132;2,2,0.7935,2,6;3,5,0.4195,0,241;2,2,0.3065,0,129;2,0,0.0975,0,141
ood_compose_regime-02357	5	2	1	104,150,21,40,207,75,88,133,82,16,141,140,124,208,11,49,61,172,197,147,184,188,32,156,69,115,181,67,3,210,117,106,45,196,93,35	2,1,0.1955,0,2;7,1,0.0275,0,80;0,3,0.6175,0,21;2,0,0.1085,0,134;7,0,0.6835,0,188;3,3,0.9635,0,49
ood_compose_regime-02358	1	2	0	141,34,178,102,21,93,110,14,166,149,163,182,88,44,172,198,124,3,45,194,69,117,51,84,147,166,138,66,114,155,134,73,206,25,62,19	2,4,0.7535,0,255;0,0,0.9295,0,173;2,4,0.4125,0,246;0,2,0.0155,0,68;5,4,0.4845,0,99;3,4,0.5455,0,253
ood_compose_regime-02359	5	2	0	187,21,135,107,72,147,49,152,178,119,7,103,174,78,123,138,59,39,90,149,141,112,18,165,185,64,83,162,45,188,28,93,213,14,203,43	6,4,0.5645,0,160;3,5,0.7715,0,146;0,1,0.1285,3,148;5,1,0.5055,0,25;6,1,0.1835,2,87;2,5,0.4155,0,209
ood_compose_regime-02360	5	2	1	21,26,157,87,183,69,13,130,17,150,98,2,67,206,52,38,40,198,75,115,90,63,140,180,45,111,144,93,205,164,119,168,156,122,158,147	1,3,0.2875,0,235;1,4,0.0225,0,187;3,5,0.7065,0,31;2,5,0.5805,0,9;1,5,0.6705,2,127;1,0,0.8315,3,145
ood_compose_regime-02361	2	2	0	180,157,21,41,54,11,117,204,104,129,106,139,70,158,39,203,214,147,76,30,186,93,62,141,91,65,149,192,189,116,85,155,20,45,9,134	8,1,0.8045,0,80;5,5,0.2745,0,93;5,4,0.3045,1,77;3,3,0.7785,0,253;7,0,0.8965,0,204;8,4,0.7095,0,126
ood_compose_regime-02362	5	2	2	111,122,147,19,62,162,52,87,193,89,162,151,213,168,11,75,35,117,100,26,134,6,182,140,190,114,141,40,195,69,163,45,162,21,64,96	5,1,0.6705,0,144;1,1,0.0535,0,224;3,4,0.0405,0,129;2,5,0.3445,3,102;3,5,0.4985,0,178;1,4,0.8115,0,38
ood_compose_regime-02363	5	2	0	165,42,78,141,196,69,207,173,28,112,62,132,121,4,138,64,38,20,155,86,118,147,13,56,94,103,24,106,186,171,45,175,172,149,168,90	3,3,0.9965,3,49;3,4,0.4815,0,174;7,4,0.1325,0,183;5,4,0.4255,1,157;6,0,0.0615,1,174;0,2,0.5605,0,22
ood_compose_regime-02364	5	2	2	67,163,123,100,147,69,117,165,27,45,93,11,136,3,141,21,38,90,116,181,202,85,17,163,62,192,199,76,151,43,134,108,214,187,51,186	2,1,0.3455,0,202;2,4,0.6605,0,141;2,4,0.7525,0,21;3,3,0.5085,0,86;3,2,0.8825,0,181;2,4,0.0315,0,46
ood_compose_regime-02365	2	2	2	21,125,107,92,137,93,35,169,64,147,84,157,45,40,102,131,112,160,117,63,160,51,11,143,192,151,185,17,8,155,185,69,76,184,29,201	7,1,0.3215,0,46;4,1,0.1485,0,138;2,5,0.0825,0,184;3,2,0.8725,0,245;5,1,0.1785,0,167;4,1,0.2485,2,91
ood_compose_regime-02366	7	2	2	69,138,206,15,117,93,35,184,151,133,62,147,107,194,200,177,20,176,21,197,141,48,192,122,49,115,156,91,83,40,65,77,98,202,4,33	3,5,0.8665,0,46;8,1,0.1205,3,188;0,4,0.3695,0,233;4,1,0.6245,0,142;1,1,0.7915,0,103;1,3,0.4915,0,182
ood_compose_regime-02367	5	2	2	130,67,63,116,76,52,182,197,41,5,11,147,69,48,163,21,38,172,93,185,99,140,32,19,176,157,174,210,212,141,151,90,117,87,124,106	4,1,0.6075,0,114;7,4,0.3815,3,35;3,5,0.7145,0,186;3,5,0.5385,0,217;2,0,0.9635,0,45;3,0,0.9875,0,97
ood_compose_regime-02368	5	2	0	130,147,93,63,8,200,76,68,45,124,194,119,28,87,143,160,195,52,90,115,190,69,40,153,21,156,139,149,37,108,16,100,153,14,214,181	7,4,0.1705,0,220;3,3,0.1255,0,191;3,5,0.8455,0,181;3,5,0.4975,0,159;3,2,0.7335,2,118;3,0,0.6875,2,51
ood_compose_regime-02369	5	2	0	51,136,41,114,182,19,21,90,93,69,196,141,164,134,2,67,160,149,87,208,147,102,76,126,211,63,39,15,111,163,154,117,166,47,32,203	1,5,0.7665,0,172;7,5,0.2615,2,4;2,5,0.7165,0,224;3,5,0.5035,0,97;5,5,0.4855,0,242;5,4,0.1665,0,74
ood_compose_regime-02370	5	2	1	215,4,109,163,167,214,160,54,147,69,141,102,118,162,88,20,130,84,192,125,115,162,47,179,14,150,59,68,200,21,27,95,41,76,140,39	3,4,0.9505,0,10;2,5,0.2655,2,241;5,1,0.9375,0,204;3,2,0.0865,2,98;5,3,0.6765,1,45;4,0,0.8265,0,141
ood_compose_regime-02371	5	2	2	116,21,55,103,117,76,189,109,184,14,138,35,58,208,4,69,90,142,64,45,181,156,126,174,191,197,82,26,40,186,151,166,93,17,147,132	3,4,0.2185,0,59;1,1,0.0835,0,1;6,0,0.1175,0,110;3,0,0.4365,0,164;6,3,0.9135,0,251;5,2,0.5845,1,228
ood_compose_regime-02372	5	2	2	79,179,67,186,20,40,91,173,154,37,197,174,139,107,46,151,188,131,4,117,164,123,105,147,198,21,31,69,195,113,93,14,86,63,56,141	3,4,0.9905,0,52;6,3,0.1475,1,236;7,5,0.7395,0,20;6,4,0.6915,0,46;8,1,0.2185,0,79;2,1,0.6275,0,73
ood_compose_regime-02373	5	2	2	14,197,109,76,188,132,202,4,171,141,28,212,102,51,21,175,138,91,45,189,34,147,117,66,16,86,187,123,193,42,115,63,93,151,176,69	3,4,0.0665,0,116;3,0,0.4025,0,26;2,5,0.5555,0,101;3,4,0.6305,0,228;5,3,0.7825,0,15;2,2,0.5165,0,5
ood_compose_regime-02374	5	2	2	200,137,164,187,34,193,151,52,66,183,164,142,215,93,106,103,117,75,15,135,89,213,4,28,204,69,112,124,87,63,45,147,21,162,20,42	3,5,0.8605,0,149;3,0,0.5075,0,31;3,5,0.4995,0,127;2,5,0.3485,0,163;6,0,0.0325,0,207;3,5,0.3505,1,117
ood_compose_regime-02375	7	2	1	69,54,37,114,150,85,182,189,67,206,143,117,139,96,10,133,147,205,124,76,4,42,201,17,205,196,206,111,26,208,199,91,60,45,98,21	3,0,0.3655,0,13;1,3,0.5265,0,112;5,2,0.6585,0,157;3,3,0.6485,3,13;1,5,0.4865,0,245;3,3,0.6525,2,102
ood_compose_regime-02376	5	2	1	109,87,116,100,76,66,208,189,211,150,39,1,176,43,32,147,93,13,183,21,59,170,187,141,16,153,123,69,90,48,51,198,157,137,132,117	0,3,0.1185,0,42;7,5,0.6275,3,227;2,1,0.4605,0,234;3,5,0.4825,0,6;3,3,0.8565,0,242;2,2,0.3045,0,64
ood_compose_regime-02377	6	2	2	151,183,114,11,68,181,42,141,195,21,152,138,97,117,17,82,28,156,199,5,192,186,147,110,125,155,131,45,57,76,96,91,70,36,213,62	4,1,0.3805,0,254;3,2,0.5145,0,6;8,4,0.9775,1,156;3,0,0.6835,3,147;0,4,0.5985,0,60;4,1,0.5675,0,85
ood_compose_regime-02378	5	2	1	21,171,212,150,147,165,134,31,89,69,93,60,141,167,119,4,113,98,85,76,12,158,152,45,109,140,16,212,170,42,67,181,180,36,53,124	3,2,0.1135,0,97;6,2,0.4065,0,97;4,2,0.7025,0,8;3,3,0.3605,0,183;1,3,0.2605,2,131;3,4,0.8055,0,69
ood_compose_regime-02379	1	2	1	91,185,212,99,202,93,210,156,141,170,27,42,69,3,76,117,51,11,201,20,21,115,47,34,125,106,82,150,62,181,206,147,152,130,137,68	2,1,0.9005,0,17;2,0,0.4875,2,52;2,4,0.9815,0,232;3,0,0.6515,0,84;2,0,0.6595,0,131;4,0,0.3195,0,234
ood_compose_regime-02380	5	2	1	14,34,41,120,152,88,150,17,85,27,69,169,111,136,187,213,214,99,78,124,204,96,60,133,147,21,173,45,7,202,114,52,68,215,141,175	6,4,0.2755,0,237;2,0,0.2925,0,130;3,2,0.9435,0,66;5,3,0.0625,3,189;2,5,0.4455,3,10;3,3,0.0135,0,48
ood_compose_regime-02381	1	2	2	21,211,117,206,38,147,49,211,99,17,159,93,138,90,111,177,67,82,134,69,124,3,62,141,207,116,186,27,198,182,40,74,12,210,47,151	2,2,0.3525,0,242;2,4,0.0675,2,145;0,4,0.7775,0,54;1,0,0.5165,0,204;2,5,0.9985,0,194;3,4,0.4455,0,143
ood_compose_regime-02382	8	2	1	165,192,70,112,52,147,150,44,19,87,141,93,61,104,68,153,168,138,21,10,36,78,201,201,30,90,212,193,126,45,179,163,120,109,131,4	3,0,0.6665,0,52;5,2,0.9315,0,16;3,3,0.8415,1,162;5,5,0.5555,0,115;7,3,0.0275,3,85;5,1,0.4915,0,3
ood_compose_regime-02383	9	2	0	133,100,45,207,68,113,153,117,71,15,90,179,147,180,137,161,17,178,75,61,93,21,198,34,56,212,125,83,203,155,149,40,111,8,32,141	7,5,0.3485,0,54;7,0,0.0565,0,238;7,3,0.8235,2,13;2,1,0.4695,0,211;3,5,0.2695,0,212;4,3,0.3715,0,234
ood_compose_regime-02384	5	2	1	45,127,12,38,19,136,134,49,190,69,170,188,21,4,210,100,117,43,169,64,183,59,84,25,214,144,116,147,186,93,111,91,189,215,150,76	3,2,0.7255,0,217;0,4,0.6655,0,11;0,1,0.0985,0,141;3,2,0.7935,0,216;3,5,0.8025,0,95;6,4,0.1435,3,234
ood_compose_regime-02385	5	2	0	14,98,139,195,41,147,149,92,131,116,211,39,202,195,69,61,21,117,192,157,200,66,85,166,164,156,141,76,126,17,28,93,4,46,54,109	3,4,0.2465,0,111;3,5,0.3485,1,155;5,3,0.4305,0,115;3,3,0.9245,0,102;1,3,0.9025,0,34;5,1,0.7245,0,245
ood_compose_regime-02386	5	2	1	141,134,129,41,147,118,203,153,69,21,166,7,13,76,156,39,169,45,93,161,58,213,92,152,106,113,150,162,67,166,100,56,82,17,137,27	6,3,0.3835,0,183;2,5,0.2945,0,193;7,0,0.7205,0,225;3,0,0.9505,0,237;3,0,0.3605,1,38;8,4,0.2265,0,149
ood_compose_regime-02387	2	2	2	147,214,185,194,51,25,106,175,24,94,137,17,59,163,100,113,203,36,141,69,117,66,208,164,160,88,10,43,4,132,45,180,151,82,124,76	3,0,0.2395,3,19;0,2,0.6265,0,254;2,1,0.4825,0,36;3,0,0.0545,1,94;3,0,0.3255,0,246;3,2,0.3345,0,144
ood_compose_regime-02388	6	2	2	136,27,21,42,130,38,1,187,207,159,52,117,110,123,186,19,69,151,158,147,86,93,115,65,10,92,97,45,156,78,141,180,58,201,194,194	0,0,0.6985,0,0;2,4,0.4425,0,210;3,0,0.2975,0,236;5,4,0.9045,0,104;0,4,0.7275,0,251;2,0,0.1805,0,59
ood_compose_regime-02389	5	2	2	10,36,60,139,133,22,93,141,112,188,151,17,195,154,9,65,76,167,69,117,181,199,167,92,109,43,100,52,85,45,163,172,186,147,28,124	8,0,0.3465,1,190;3,2,0.6565,0,179;3,2,0.2415,0,232;3,3,0.8755,0,142;3,3,0.0625,0,156;3,3,0.6315,0,229
ood_compose_regime-02390	1	2	1	21,166,17,35,197,208,162,122,88,133,108,117,155,42,142,99,160,12,4,93,159,27,174,45,147,181,150,213,69,60,116,76,51,86,139,68	3,2,0.2445,0,84;2,1,0.4705,0,35;2,2,0.8695,0,110;3,4,0.0105,0,81;2,2,0.8225,0,231;1,3,0.7655,1,49
ood_compose_regime-02391	5	2	2	76,207,69,151,117,209,85,101,109,176,147,182,201,133,201,59,179,124,4,12,93,89,40,115,192,140,45,187,28,21,20,162,141,54,37,66	3,2,0.9355,0,251;3,3,0.0245,0,25;5,1,0.4995,0,124;3,3,0.3895,0,17;4,3,0.6135,0,167;3,3,0.9795,0,37
ood_compose_regime-02392	5	2	1	185,69,99,190,188,198,68,117,90,42,50,21,84,39,59,138,204,155,202,45,141,28,4,115,93,193,147,122,159,76,155,106,150,135,10,19	3,0,0.6275,0,35;3,5,0.5025,0,101;1,1,0.8495,0,210;3,2,0.5695,0,162;2,0,0.6525,0,191;1,5,0.5555,0,20
ood_compose_regime-02393	5	2	0	149,114,160,4,64,109,38,117,50,177,159,26,87,88,45,19,100,147,21,161,125,43,70,166,187,76,180,15,93,63,136,188,198,141,135,158	3,5,0.7505,0,29;1,4,0.6525,0,128;1,5,0.0425,1,115;3,5,0.1785,0,224;3,3,0.5525,0,135;4,5,0.0865,0,51
ood_compose_regime-02394	5	2	0	171,138,58,75,163,114,117,83,12,202,171,178,42,53,149,198,6,124,16,141,67,36,94,132,45,176,147,192,22,69,110,25,90,103,160,180	5,2,0.1535,1,121;0,2,0.5325,0,124;4,0,0.6775,0,68;2,1,0.5795,1,97;6,4,0.4445,0,196;3,2,0.4315,0,6
ood_compose_regime-02395	5	2	2	28,193,210,130,117,69,76,100,209,51,203,198,141,87,140,66,93,90,191,58,124,44,147,194,5,159,16,38,192,114,151,108,45,21,12,190	4,2,0.0065,0,175;3,4,0.9895,0,76;2,0,0.5615,0,58;3,5,0.5885,0,158;3,2,0.4855,0,79;3,0,0.8665,0,29
ood_compose_regime-02396	5	2	1	122,93,141,140,10,28,69,174,52,181,101,213,39,20,130,215,61,186,113,150,5,184,147,45,197,111,73,66,204,82,40,117,24,154,91,202	4,0,0.9295,3,201;3,5,0.0875,0,254;3,3,0.4745,0,243;0,0,0.6685,0,135;4,5,0.3615,0,62;1,0,0.9515,0,112
ood_compose_regime-02397	5	2	2	117,181,92,69,63,147,199,139,18,42,93,21,132,199,114,183,84,76,102,141,38,124,152,157,68,45,26,110,52,168,13,2,158,181,151,169	1,3,0.5475,0,62;1,4,0.5035,0,44;3,5,0.9655,0,223;3,2,0.8975,0,107;5,4,0.4395,0,167;3,2,0.6395,0,136
ood_compose_regime-02398	5	2	1	45,190,39,107,89,65,52,93,212,189,69,137,10,21,112,209,133,159,62,211,86,8,20,212,43,27,104,147,150,213,80,124,196,141,117,180	7,0,0.9415,0,70;2,5,0.6025,0,14;3,4,0.2335,0,165;7,4,0.2985,0,21;7,1,0.0395,0,41;3,3,0.2405,0,184
ood_compose_regime-02399	5	2	0	124,168,45,141,100,137,54,69,35,42,186,190,4,147,114,213,199,199,68,93,76,106,149,210,18,31,196,135,117,89,24,10,207,205,63,84	3,0,0.5745,3,177;6,1,0.4395,0,37;5,5,0.9165,0,244;3,2,0.3685,0,104;3,0,0.5645,0,103;3,5,0.3895,0,53
ood_compose_regime-02400	8	2	2	99,6,171,18,178,174,68,126,13,141,158,88,60,138,112,209,151,41,156,120,23,34,147,28,108,152,69,93,196,134,86,75,190,45,51,154	5,3,0.4185,2,63;3,0,0.3425,0,193;2,2,0.9615,0,132;2,4,0.0135,0,18;2,2,0.1375,3,160;5,4,0.5725,0,153
ood_compose_regime-02401	6	2	0	175,140,205,69,13,189,117,114,88,61,132,49,67,160,75,212,1,39,149,84,177,155,199,45,124,20,21,101,198,147,141,172,40,107,28,96	0,3,0.8185,0,180;3,5,0.1575,0,41;0,3,0.6555,0,210;2,2,0.1085,3,212;4,1,0.5265,0,108;3,2,0.8045,0,161
ood_compose_regime-02402	5	2	2	43,186,192,154,196,132,52,82,29,48,181,137,171,92,184,95,35,102,10,63,119,151,69,115,147,23,187,4,16,142,76,68,125,196,171,110	3,0,0.1575,2,32;4,1,0.7015,3,144;3,5,0.9535,0,227;3,0,0.9975,2,114;5,4,0.7125,2,209;4,2,0.2745,1,227
ood_compose_regime-02403	5	2	1	63,19,21,214,128,158,168,10,203,200,206,141,39,44,28,116,97,109,137,181,83,147,45,5,117,69,214,95,78,150,208,134,212,88,54,64	4,0,0.6425,0,156;3,5,0.9075,0,73;5,5,0.0075,0,232;5,1,0.0405,2,194;0,3,0.9055,0,144;7,4,0.3895,0,202
ood_compose_regime-02404	10	2	2	169,137,125,71,151,207,36,119,116,41,213,93,66,45,15,195,23,92,101,135,77,194,9,192,18,205,147,60,191,141,28,83,201,107,153,49	8,5,0.4465,2,117;3,2,0.2455,0,5;0,2,0.4375,2,224;4,1,0.8645,0,96;4,1,0.8715,2,218;4,5,0.3915,0,158
ood_compose_regime-02405	5	2	0	39,93,17,158,215,69,133,187,60,52,149,11,127,117,183,147,21,159,83,40,205,92,110,33,177,68,137,9,104,79,190,161,168,45,112,143	8,1,0.3455,0,140;8,5,0.0095,0,70;3,2,0.9215,0,179;6,1,0.8775,0,23;7,4,0.0295,0,207;6,3,0.2165,2,66
ood_compose_regime-02406	1	2	0	117,69,206,160,45,174,4,41,84,91,158,202,147,21,135,109,75,170,38,98,115,51,10,184,28,149,141,93,172,16,67,122,182,62,166,136	3,0,0.1595,0,44;3,4,0.3935,0,203;2,4,0.6285,0,44;2,2,0.7245,0,113;1,3,0.6045,0,138;1,5,0.0955,0,40
ood_compose_regime-02407	1	2	1	179,12,88,115,177,117,171,51,180,21,25,45,19,87,179,150,77,180,106,141,125,165,67,147,98,4,93,63,186,35,190,135,41,69,183,140	3,2,0.7605,0,26;0,1,0.3925,0,232;2,5,0.6415,0,173;4,5,0.1355,0,241;1,0,0.7805,0,50;4,5,0.8405,0,50
ood_compose_regime-02408	5	2	0	195,87,37,208,99,44,194,172,116,167,69,147,194,133,45,53,19,161,149,29,215,88,107,10,124,141,68,21,191,4,58,93,117,140,182,77	3,0,0.6525,0,23;4,3,0.8715,0,223;4,0,0.9165,0,98;4,5,0.1795,0,152;2,1,0.9965,0,149;3,3,0.8255,0,40
ood_compose_regime-02409	5	2	0	110,133,194,139,207,84,59,68,197,152,99,55,73,147,42,12,69,36,179,92,180,7,149,45,161,199,17,141,31,114,93,124,203,117,21,189	6,2,0.3855,0,144;6,2,0.5465,0,30;6,1,0.8425,0,79;0,2,0.9115,0,51;2,4,0.4145,0,178;3,3,0.6675,0,73
ood_compose_regime-02410	5	2	2	19,165,52,100,117,36,203,60,69,88,162,15,156,147,137,141,27,151,78,21,106,45,200,159,129,174,215,41,83,93,187,134,115,152,3,68	2,5,0.7245,0,75;2,2,0.2635,0,67;3,2,0.8655,0,128;5,1,0.0065,0,173;3,0,0.7085,0,204;8,4,0.2575,0,151
ood_compose_regime-02411	5	2	2	41,172,116,70,133,12,46,38,73,83,68,140,191,93,210,90,99,24,20,172,157,106,51,62,117,163,3,151,207,156,158,147,186,141,28,124	2,2,0.8335,3,104;3,4,0.2805,1,166;2,4,0.8995,1,78;0,1,0.4675,0,210;2,0,0.8215,0,156;3,3,0.9955,0,67
ood_compose_regime-02412	8	2	2	205,35,154,164,113,16,213,51,14,84,21,69,75,140,160,109,117,66,141,93,27,198,147,151,204,100,47,3,92,135,126,40,58,204,206,214	2,4,0.1565,0,80;2,1,0.1205,2,134;2,0,0.4745,0,18;2,2,0.9915,0,120;3,3,0.2415,0,78;5,5,0.8935,0,10
ood_compose_regime-02413	2	2	0	101,190,175,202,162,194,40,21,58,116,127,141,5,136,163,108,76,165,13,149,46,82,89,133,93,168,69,52,25,120,34,16,65,170,170,147	4,3,0.0725,0,62;0,0,0.1185,1,52;3,0,0.2225,0,78;3,0,0.3585,0,247;4,2,0.9245,3,63;6,3,0.0555,0,165
ood_compose_regime-02414	1	2	0	21,162,93,125,56,73,17,82,116,38,182,44,69,135,149,58,177,26,186,89,141,140,117,204,4,64,99,155,12,172,184,183,107,147,45,191	3,2,0.2075,0,196;1,4,0.8335,0,236;7,0,0.0295,0,101;0,0,0.3195,0,14;2,1,0.9455,0,185;4,5,0.8195,0,123
ood_compose_regime-02415	5	2	0	147,206,13,69,110,99,87,96,155,210,215,166,149,125,90,42,51,45,18,113,196,63,162,141,193,135,30,75,181,65,136,21,37,162,119,4	3,3,0.4715,0,50;5,3,0.4415,0,79;2,5,0.3135,0,120;2,5,0.4255,3,188;2,4,0.2545,2,229;4,5,0.0885,0,117
ood_compose_regime-02416	6	2	1	202,69,108,45,117,113,73,203,173,16,160,88,39,213,82,66,138,9,162,61,147,54,21,27,100,12,133,121,150,40,188,206,141,185,93,163	8,2,0.0065,0,217;2,5,0.1065,0,226;5,3,0.4905,0,205;0,0,0.0975,0,236;3,2,0.2525,0,76;0,3,0.4895,0,59
ood_compose_regime-02417	5	2	0	76,162,68,32,176,70,171,175,43,117,8,112,124,164,138,21,35,183,165,149,84,133,100,11,141,52,63,147,187,153,205,47,93,17,108,88	7,1,0.3305,0,81;7,1,0.7135,2,9;3,5,0.9105,1,232;3,2,0.0145,0,43;3,2,0.0825,0,184;3,3,0.4395,0,74
ood_compose_regime-02418	1	2	0	99,25,40,65,147,45,198,3,130,190,21,71,51,90,149,158,84,35,208,177,19,108,157,214,119,15,76,136,121,116,59,93,141,184,158,185	2,5,0.6885,0,198;0,1,0.1055,0,21;2,1,0.2745,2,204;3,2,0.4985,0,64;2,2,0.9545,2,120;0,0,0.1075,0,31
ood_compose_regime-02419	1	2	1	195,134,116,147,82,204,35,141,11,150,93,214,7,162,186,208,123,197,99,139,92,26,59,76,191,210,41,16,117,154,51,67,111,69,21,48	6,1,0.0555,0,157;1,1,0.3245,3,34;2,1,0.6745,0,222;3,0,0.8185,0,157;2,5,0.9065,0,73;2,4,0.7635,0,74
ood_compose_regime-02420	5	2	2	102,197,58,72,96,20,175,141,39,121,114,177,177,15,87,151,45,147,178,52,198,212,210,92,184,43,119,140,76,187,4,21,27,109,133,68	3,5,0.8785,0,176;2,5,0.6035,0,213;3,0,0.8115,3,90;3,5,0.8655,3,24;5,3,0.5395,2,214;0,3,0.8915,0,98
ood_compose_regime-02421	5	2	2	18,111,36,72,66,13,6,27,116,196,162,181,147,93,57,191,131,88,178,151,45,100,121,205,117,193,195,21,41,141,60,84,138,157,81,195	5,3,0.4575,0,155;2,2,0.3035,0,92;8,2,0.5625,3,84;8,2,0.1085,0,19;3,5,0.8925,0,210;0,1,0.5365,0,155
ood_compose_regime-02422	1	2	1	116,38,141,152,181,45,117,197,204,132,89,79,3,177,65,210,18,41,11,190,51,62,99,150,214,69,139,96,21,147,83,169,32,191,110,124	2,1,0.5655,0,123;7,4,0.2305,0,88;2,4,0.3095,0,235;6,1,0.2885,3,196;2,4,0.8325,0,238;3,2,0.7395,0,84
ood_compose_regime-02423	2	2	0	69,201,18,142,167,176,102,175,107,149,75,49,58,45,39,123,138,195,21,197,68,205,28,147,168,43,92,188,204,115,93,3,12,131,84,117	2,2,0.4655,0,172;3,5,0.6795,0,157;0,0,0.9665,0,177;2,2,0.8855,0,168;5,1,0.7375,0,20;2,1,0.4555,1,80
ood_compose_regime-02424	5	2	0	61,107,21,41,93,13,152,28,189,113,147,19,121,64,90,84,39,197,69,170,169,184,45,98,56,76,213,149,177,141,117,139,132,161,165,4	3,3,0.7575,0,162;3,5,0.3765,0,53;7,3,0.1655,0,155;3,2,0.5625,0,232;1,1,0.3545,0,20;0,2,0.7225,0,93
ood_compose_regime-02425	8	2	2	179,202,214,141,6,69,109,126,154,21,210,37,115,15,147,47,178,86,64,20,100,117,151,76,58,132,138,31,169,43,55,88,94,179,191,189	5,5,0.9595,0,137;6,3,0.7945,2,248;6,0,0.1935,0,201;3,4,0.1575,1,181;3,3,0.7125,0,177;5,2,0.4785,0,156
ood_compose_regime-02426	5	2	1	202,137,141,155,100,116,79,201,13,19,44,173,117,60,174,123,150,45,198,84,53,89,109,180,64,95,181,182,153,131,69,147,36,33,21,7	6,3,0.6405,0,118;8,2,0.8795,0,179;4,2,0.0175,0,54;6,2,0.2925,2,44;3,3,0.8825,0,140;2,1,0.2375,0,20
ood_compose_regime-02427	5	2	1	141,77,57,155,137,21,43,179,204,189,13,82,92,174,116,122,107,25,72,150,4,147,201,203,68,104,117,93,205,20,62,45,34,208,135,157	3,3,0.8235,0,212;0,0,0.6535,0,64;8,4,0.9145,3,77;4,0,0.8185,0,109;7,1,0.9505,0,18;1,5,0.2825,0,55
ood_compose_regime-02428	9	2	2	151,37,70,174,90,117,68,199,50,110,17,112,85,176,21,133,207,80,139,163,177,175,45,25,191,99,147,41,182,161,1,124,13,141,93,58	0,3,0.3465,0,180;0,3,0.2505,0,14;1,0,0.9215,1,37;7,3,0.5885,0,97;2,4,0.0515,0,204;3,3,0.7425,0,151
ood_compose_regime-02429	5	2	2	151,138,69,24,27,45,187,163,87,189,157,107,177,119,42,132,19,209,76,99,93,147,204,51,124,142,91,166,116,13,38,153,4,204,62,68	3,3,0.7485,3,2;2,4,0.5535,0,161;2,4,0.8805,0,30;3,5,0.6935,0,38;2,1,0.9625,2,179;3,2,0.5685,1,131
ood_compose_regime-02430	8	2	2	184,141,199,69,22,83,138,96,156,175,185,119,15,33,151,80,45,147,88,44,197,176,134,19,9,103,63,208,67,204,201,54,109,113,34,124	8,5,0.6095,1,38;8,0,0.9785,0,66;5,5,0.7295,0,93;7,1,0.1605,3,11;6,3,0.3805,2,177;3,4,0.4985,0,57
ood_compose_regime-02431	7	2	0	210,195,141,49,190,147,161,106,87,124,45,9,40,112,21,117,93,186,92,105,74,69,12,66,189,165,60,28,183,168,19,149,213,37,140,130	8,2,0.6075,0,18;3,3,0.0345,0,234;0,2,0.4065,0,190;1,5,0.8795,0,175;8,0,0.1515,0,166;3,0,0.8375,0,247
ood_compose_regime-02432	1	2	0	30,112,40,14,119,69,100,207,106,139,21,3,143,45,149,35,147,52,60,132,85,124,159,195,93,78,192,170,91,197,153,211,206,20,67,202	2,4,0.9075,0,253;5,1,0.1455,0,45;3,2,0.7285,0,130;5,3,0.6935,0,37;3,0,0.0785,2,13;3,2,0.6795,2,20
ood_compose_regime-02433	9	2	0	66,206,90,105,156,184,114,187,138,45,149,209,117,57,108,4,206,19,75,141,69,128,172,171,147,12,93,39,63,189,135,21,83,40,155,33	3,2,0.6935,0,4;8,5,0.0555,0,216;8,5,0.5905,0,77;2,1,0.4475,0,141;8,2,0.4475,0,8;7,5,0.4495,0,122
ood_compose_regime-02434	5	2	0	180,28,149,94,206,133,113,125,147,156,90,52,183,38,101,106,67,62,137,158,81,18,5,205,177,84,45,152,41,15,144,21,185,168,69,117	4,5,0.4065,0,238;3,4,0.2035,0,7;3,4,0.6055,0,5;8,2,0.5645,1,197;4,0,0.2825,0,49;4,3,0.3075,3,98
ood_compose_regime-02435	5	2	1	133,74,23,179,150,139,193,119,171,13,164,45,110,39,67,52,187,83,165,96,102,92,4,69,28,141,203,44,16,164,165,61,121,147,115,193	3,3,0.0445,2,238;3,5,0.9445,0,34;3,3,0.6025,0,230;1,1,0.9535,3,226;5,4,0.7245,2,41;0,3,0.7055,0,124
ood_compose_regime-02436	10	2	0	57,47,177,69,15,209,214,109,147,193,112,93,98,183,29,60,149,123,153,142,140,76,86,204,172,20,21,132,9,39,92,117,68,179,197,42	8,5,0.8705,0,197;4,5,0.4955,2,0;8,2,0.8175,0,107;3,4,0.8535,0,100;1,3,0.0175,0,143;2,2,0.9385,1,144
ood_compose_regime-02437	7	2	2	183,28,11,91,2,21,69,17,50,167,172,132,123,74,116,138,183,41,144,147,197,185,119,85,195,179,66,63,201,93,105,151,110,213,38,45	1,1,0.2635,0,217;3,4,0.2215,0,225;1,5,0.4365,0,57;1,3,0.7525,0,243;8,4,0.8235,2,236;2,2,0.5195,3,102
ood_compose_regime-02438	10	2	2	58,84,187,116,138,69,186,93,111,100,67,38,175,151,200,203,159,155,201,45,141,182,44,73,15,117,20,132,91,147,21,9,52,169,126,33	8,5,0.9945,0,182;8,4,0.8765,0,227;3,0,0.6845,0,4;0,2,0.6535,0,60;3,5,0.8715,0,155;5,2,0.4805,0,205
ood_compose_regime-02439	5	2	2	107,189,124,68,69,167,45,28,86,39,62,195,15,16,21,176,43,186,89,147,117,160,93,151,133,137,161,52,99,76,113,177,206,141,186,5	4,5,0.1245,0,178;3,5,0.6865,0,75;3,4,0.9235,0,36;3,4,0.3255,0,86;2,1,0.2445,0,220;3,3,0.3015,0,235
ood_compose_regime-02440	5	2	0	17,67,140,160,117,9,28,175,74,52,111,159,191,58,141,162,149,104,147,211,23,39,12,45,43,87,116,155,133,124,91,69,157,192,204,95	8,2,0.2265,2,177;3,5,0.7555,0,155;3,0,0.6555,0,240;1,5,0.7665,2,87;7,5,0.8725,0,91;3,3,0.9645,0,109
ood_compose_regime-02441	5	2	1	21,201,37,100,204,69,93,141,59,160,6,19,171,83,159,116,11,117,153,56,137,147,171,90,111,150,66,181,175,26,79,45,122,41,134,177	5,1,0.6445,0,222;1,3,0.3615,0,146;7,1,0.4245,0,148;6,1,0.5785,0,117;3,5,0.8715,0,56;1,4,0.3305,0,30
ood_compose_regime-02442	7	2	0	140,68,200,57,14,149,21,111,28,207,130,144,180,117,129,98,147,114,86,89,182,34,71,192,156,45,181,96,59,44,164,177,80,9,20,168	8,4,0.9295,0,4;3,0,0.8605,0,155;8,1,0.9675,2,133;7,4,0.2525,3,201;1,5,0.4675,0,51;8,0,0.8735,3,82
ood_compose_regime-02443	5	2	1	152,135,163,170,64,117,21,72,165,147,139,40,102,4,156,183,86,62,90,52,114,160,196,183,150,93,73,111,38,141,45,13,28,124,18,173	3,3,0.4845,0,38;3,4,0.0505,0,145;3,4,0.0295,3,26;0,4,0.5385,0,114;5,5,0.5455,0,195;3,5,0.6415,0,162
ood_compose_regime-02444	5	2	2	99,156,34,115,16,151,152,45,21,147,67,5,195,94,89,69,55,143,208,186,134,82,182,117,175,61,12,124,28,138,79,215,158,42,197,111	4,2,0.1955,0,202;3,0,0.5785,0,229;6,3,0.6765,0,2;6,0,0.2085,1,205;2,5,0.6775,0,179;3,4,0.5535,2,82
ood_compose_regime-02445	5	2	1	69,50,129,91,79,209,142,147,67,150,191,19,111,181,172,62,84,204,43,34,157,9,196,33,117,205,46,135,115,136,10,196,192,100,21,93	8,0,0.6385,0,126;8,0,0.7855,1,63;1,4,0.6555,0,137;6,2,0.6255,0,194;3,5,0.7755,0,2;8,5,0.1175,1,119
ood_compose_regime-02446	10	2	1	133,116,85,141,52,147,192,21,179,210,92,124,208,61,111,152,190,150,8,77,10,20,213,120,137,93,34,33,45,65,69,172,201,44,197,100	7,0,0.9175,0,181;8,0,0.8715,0,128;3,3,0.2035,0,52;4,3,0.8485,0,93;3,5,0.8085,3,179;3,3,0.2195,0,55
ood_compose_regime-02447	8	2	2	205,125,43,147,75,155,21,132,69,180,14,169,93,6,169,187,109,141,20,38,140,89,151,104,63,181,171,117,84,66,52,28,198,115,46,187	5,4,0.9295,0,52;3,4,0.7415,1,53;3,5,0.5575,0,151;2,2,0.3045,0,56;7,3,0.6575,0,90;4,2,0.8085,0,96
ood_compose_regime-02448	5	2	2	116,69,32,182,211,97,13,40,194,212,151,141,4,80,153,182,159,45,117,18,162,60,214,93,37,66,140,88,21,208,107,147,52,86,135,123	3,3,0.5835,0,250;7,3,0.0705,0,130;3,2,0.4325,0,185;7,4,0.0715,0,49;0,1,0.8435,0,92;2,5,0.9535,0,174
ood_compose_regime-02449	2	2	0	35,171,82,47,132,119,169,76,138,199,64,17,41,164,167,158,27,149,111,12,21,69,90,125,147,142,173,202,63,112,95,4,51,99,176,193	3,2,0.2245,0,163;2,1,0.3305,2,64;2,5,0.0105,0,46;3,0,0.4345,2,90;2,5,0.0365,2,77;4,2,0.5045,1,171
ood_compose_regime-02450	10	2	1	29,66,35,92,52,117,156,93,191,77,45,84,125,150,21,213,60,167,161,19,113,109,158,162,207,138,4,147,131,141,176,101,70,42,212,10	3,0,0.7895,0,24;4,1,0.4085,0,244;3,2,0.4295,1,224;4,2,0.8175,0,45;4,3,0.3925,0,108;4,1,0.5955,0,65
ood_compose_regime-02451	10	2	2	3,100,209,108,37,117,46,21,17,59,198,14,141,43,215,212,129,93,174,147,165,151,81,87,139,90,55,65,130,32,176,69,113,163,179,162	2,4,0.2935,0,75;7,3,0.6245,1,105;6,1,0.2425,0,80;8,5,0.5035,0,60;3,2,0.3095,0,107;8,0,0.6075,0,38
ood_compose_regime-02452	6	2	1	150,181,178,192,115,97,159,194,155,117,81,59,196,45,4,21,189,65,147,178,93,130,53,25,125,82,70,142,44,190,138,18,12,88,109,38	3,2,0.4675,0,27;0,4,0.9985,0,227;4,1,0.2245,1,232;8,0,0.1745,0,228;0,3,0.7915,0,235;4,0,0.5845,1,10
ood_compose_regime-02453	5	2	1	20,42,7,189,141,152,198,177,167,33,45,69,127,24,160,150,205,110,115,189,133,14,117,196,204,60,52,93,85,147,80,103,136,67,36,91	6,4,0.9135,3,178;8,2,0.4105,0,204;3,2,0.7745,0,198;7,3,0.6665,0,144;6,4,0.6085,0,35;6,3,0.1155,0,191
ood_compose_regime-02454	8	2	1	208,65,45,21,157,87,131,205,102,14,91,117,169,76,121,93,159,17,141,59,156,109,37,150,7,182,55,182,30,43,116,167,139,69,147,197	6,4,0.3335,0,235;5,3,0.7535,0,70;6,1,0.2445,0,66;3,5,0.7305,0,167;5,3,0.9375,0,79;0,1,0.6815,0,111
ood_compose_regime-02455	10	2	2	82,151,21,195,69,117,185,102,124,53,185,110,76,189,11,143,48,115,190,201,42,65,60,91,147,93,132,17,205,5,200,39,28,138,209,191	4,1,0.2745,0,204;3,5,0.4385,3,55;4,2,0.2585,0,90;3,0,0.6525,0,157;5,4,0.6135,0,156;3,2,0.4685,2,170
ood_compose_regime-02456	2	2	1	93,108,77,21,117,36,136,45,150,196,210,16,160,82,66,60,69,116,43,123,214,207,144,90,15,132,25,162,54,176,8,159,209,184,147,100	7,5,0.1605,0,94;0,2,0.7745,0,30;5,2,0.4095,0,34;4,0,0.5325,0,191;3,2,0.9405,0,225;2,2,0.0885,3,76
ood_compose_regime-02457	5	2	0	209,32,173,18,4,192,120,106,93,51,129,115,149,147,130,69,83,206,206,193,48,89,21,43,165,81,180,193,15,139,103,60,37,141,161,67	3,5,0.4985,0,174;7,3,0.6835,3,161;2,2,0.7125,0,238;8,1,0.2155,0,235;6,0,0.6995,3,28;8,0,0.7445,0,75
ood_compose_regime-02458	9	2	1	137,150,21,164,212,165,20,117,180,104,116,199,91,83,204,93,34,13,49,195,45,147,160,131,209,41,159,2,144,123,28,74,69,109,68,60	1,3,0.8505,0,120;3,0,0.3085,0,255;0,2,0.9655,0,160;1,1,0.6285,0,143;7,3,0.9115,0,240;2,1,0.2335,3,218
ood_compose_regime-02459	9	2	1	61,45,85,181,147,186,92,30,10,77,197,19,104,38,56,176,139,168,161,131,197,69,150,207,4,42,117,111,163,141,67,115,93,170,128,21	3,0,0.6765,0,181;5,4,0.4405,0,12;7,3,0.6325,0,197;4,3,0.9215,0,83;7,5,0.7345,0,226;7,1,0.6795,0,70
ood_compose_regime-02460	5	2	2	123,134,75,62,171,116,137,17,100,48,82,93,43,203,25,170,147,111,51,151,179,64,24,117,176,13,88,69,184,1,179,143,198,35,209,198	0,3,0.3985,3,119;0,1,0.7125,3,204;2,4,0.1805,0,192;2,0,0.0695,0,225;3,5,0.9005,0,19;2,4,0.2755,2,165
ood_compose_regime-02461	9	2	0	115,110,21,64,45,163,173,49,179,93,26,194,38,190,13,58,76,4,141,206,16,149,137,193,104,90,124,165,134,117,147,70,42,82,165,191	3,3,0.0045,0,149;1,4,0.5045,0,79;0,0,0.0385,1,10;3,0,0.5525,0,65;7,4,0.6165,0,225;3,4,0.3065,0,114
ood_compose_regime-02462	6	2	1	135,16,177,125,61,215,153,141,117,45,24,152,69,82,110,150,194,38,158,183,89,138,104,187,80,28,170,15,67,164,8,49,113,93,42,147	7,5,0.1715,3,19;3,4,0.4875,0,251;0,3,0.6655,0,142;7,0,0.2225,0,118;7,4,0.3705,0,184;4,5,0.4795,0,137
ood_compose_regime-02463	2	2	0	210,69,156,76,116,162,88,117,34,206,141,58,188,26,86,147,108,149,17,56,45,205,8,100,179,133,194,177,137,13,24,124,176,68,42,93	7,3,0.3545,3,4;1,0,0.5125,0,38;7,0,0.9435,0,215;3,4,0.1805,0,115;3,2,0.9575,0,83;3,3,0.2775,0,96
ood_compose_regime-02464	10	2	1	104,147,34,4,170,111,141,21,76,67,28,150,15,134,156,156,45,119,190,17,63,42,113,127,176,136,180,93,88,188,153,197,82,172,57,69	3,5,0.2235,0,222;3,0,0.5835,0,126;8,5,0.7855,0,255;3,0,0.1295,0,111;7,5,0.3175,2,93;6,4,0.1435,0,216
ood_compose_regime-02465	5	2	2	92,201,35,137,151,33,162,67,185,192,93,20,69,43,161,204,76,202,111,123,48,153,21,147,115,141,182,10,99,1,117,61,170,86,131,55	0,0,0.8775,0,12;8,1,0.7265,3,181;6,3,0.6595,0,43;3,4,0.9245,0,36;2,5,0.7805,0,120;2,1,0.3425,0,242
ood_compose_regime-02466	9	2	2	10,153,133,201,117,37,189,157,86,147,19,108,214,141,92,45,49,100,201,168,42,66,26,62,114,136,1,151,70,121,21,175,80,214,185,93	0,0,0.6615,0,11;1,3,0.5735,0,140;0,4,0.4945,1,251;7,4,0.9485,0,52;3,2,0.5525,0,188;0,3,0.0715,0,51
ood_compose_regime-02467	2	2	1	114,21,179,83,147,198,19,197,72,211,36,56,137,108,97,201,150,95,28,182,1,61,212,141,91,132,121,213,42,178,75,175,117,10,45,66	0,0,0.6885,0,123;3,2,0.4195,0,29;7,3,0.4725,3,82;2,1,0.7795,2,247;0,2,0.4705,0,111;0,2,0.2105,0,114
ood_compose_regime-02468	5	2	2	114,131,4,55,139,90,167,19,101,210,141,157,38,153,147,65,43,61,21,207,163,151,184,119,93,69,126,214,179,45,107,31,79,83,178,12	3,2,0.6945,0,210;6,4,0.6345,0,155;6,3,0.3195,0,218;6,1,0.5825,0,199;4,1,0.5435,2,189;5,1,0.7315,0,3
ood_compose_regime-02469	5	2	1	87,154,67,94,150,60,81,141,187,159,100,158,19,110,51,138,190,196,28,14,166,117,21,200,124,116,45,89,9,147,69,34,133,43,162,179	8,4,0.7725,0,10;3,0,0.6735,0,127;2,2,0.6585,0,80;8,5,0.2595,1,222;3,4,0.8765,0,156;3,3,0.4965,0,10
ood_compose_regime-02470	5	2	2	100,29,15,69,92,198,147,46,197,5,174,207,181,114,124,117,111,19,21,178,41,204,151,60,189,136,93,197,200,86,34,74,66,133,52,144	4,5,0.6015,0,229;4,0,0.2885,1,210;3,2,0.4565,0,141;1,4,0.9655,0,174;3,5,0.4655,0,94;3,3,0.0535,3,149
ood_compose_regime-02471	5	2	0	11,130,181,45,17,172,21,41,60,141,174,111,69,93,210,28,1,100,91,86,200,76,149,117,55,124,165,213,116,147,38,138,203,202,161,64	0,1,0.2215,0,113;3,4,0.2685,0,129;6,2,0.1925,0,240;3,4,0.7055,0,190;3,5,0.9415,0,83;3,0,0.5995,0,128
ood_compose_regime-02472	9	2	2	58,17,158,164,147,45,201,36,215,153,113,13,22,25,128,51,135,139,191,151,100,199,1,197,141,117,95,40,73,108,90,85,161,65,207,69	0,3,0.2175,1,67;0,2,0.1765,0,29;2,0,0.2205,0,13;0,3,0.4435,2,128;3,2,0.3185,0,15;7,5,0.6665,0,32
ood_compose_regime-02473	5	2	2	65,28,23,187,176,20,130,153,161,63,185,7,204,117,69,12,110,137,113,41,124,154,46,141,82,52,95,34,73,151,92,175,147,97,161,187	6,2,0.9155,2,30;3,0,0.2335,1,27;3,5,0.3045,0,53;0,0,0.9075,2,106;0,4,0.3565,0,74;3,0,0.2215,0,0
ood_compose_regime-02474	5	2	1	129,112,100,12,52,43,213,81,90,157,136,69,45,4,150,106,147,134,169,37,82,60,177,184,141,65,161,16,28,21,198,93,202,155,176,119	3,2,0.1125,0,205;3,3,0.6055,0,146;3,2,0.3155,0,47;8,0,0.4235,0,21;3,0,0.1785,2,126;8,4,0.1735,0,127
ood_compose_regime-02475	5	2	0	113,149,189,163,28,186,92,76,21,168,174,117,34,49,60,93,134,86,5,161,69,138,106,187,157,45,123,15,17,100,147,175,175,41,65,141	4,5,0.3255,0,97;3,0,0.2605,0,54;0,2,0.3975,0,16;3,4,0.9795,0,73;3,0,0.3445,0,188;2,4,0.5925,0,38
ood_compose_regime-02476	5	2	0	19,211,52,67,46,110,93,117,203,116,42,100,141,159,87,173,149,24,123,60,69,89,137,5,192,190,179,132,147,80,199,183,32,38,177,10	4,0,0.6975,3,182;7,4,0.5615,1,221;3,2,0.7655,0,245;7,5,0.2125,0,52;3,4,0.9585,0,179;2,2,0.2475,0,178
ood_compose_regime-02477	2	2	0	45,9,69,106,147,55,189,130,149,161,11,137,40,91,113,173,141,200,60,93,76,123,84,152,166,27,20,164,104,67,197,21,119,202,212,38	8,1,0.9645,0,157;2,4,0.1995,0,254;6,2,0.6295,0,37;3,2,0.6315,0,136;7,0,0.3155,2,110;2,0,0.2555,0,154
ood_compose_regime-02478	5	2	0	63,209,18,99,153,34,132,156,163,107,21,175,92,158,184,43,163,69,115,141,86,45,123,93,173,66,31,76,1,156,14,149,139,57,117,147	0,4,0.4065,0,72;6,0,0.7145,0,43;8,5,0.4285,0,150;3,4,0.8545,0,183;2,1,0.6295,0,208;2,2,0.6555,0,160
ood_compose_regime-02479	5	2	1	4,173,212,33,179,60,93,175,87,193,201,120,150,45,100,21,52,127,75,147,189,130,35,64,113,69,108,40,166,186,141,18,138,13,88,161	3,3,0.4435,0,37;8,1,0.0065,0,198;3,2,0.0655,0,13;2,5,0.1345,0,29;3,2,0.3475,3,219;6,0,0.4725,0,77
ood_compose_regime-02480	5	2	0	76,45,111,69,63,10,93,52,23,209,208,44,124,167,203,105,185,136,87,147,213,202,149,132,179,179,143,4,117,116,39,68,28,159,18,92	3,0,0.4215,2,159;3,5,0.8275,0,139;3,5,0.9155,0,51;3,5,0.9025,0,33;8,5,0.9005,0,27;3,2,0.0345,2,162
ood_compose_regime-02481	5	2	0	100,149,167,69,25,206,201,141,55,12,18,159,88,48,93,147,43,152,188,113,132,197,110,66,84,4,117,58,127,213,138,23,79,38,184,211	3,2,0.5615,2,80;0,4,0.7805,3,70;6,0,0.4445,0,222;6,2,0.0975,0,6;3,4,0.2035,0,34;6,2,0.5705,0,95
ood_compose_regime-02482	5	2	1	75,40,195,82,194,47,205,147,89,17,69,117,52,133,143,107,197,140,99,61,124,14,93,173,32,176,214,38,67,188,198,150,21,112,1,159	0,4,0.2015,0,84;7,4,0.1975,2,60;3,3,0.7835,0,43;2,0,0.2265,0,114;2,1,0.1555,0,46;3,3,0.9765,2,142
ood_compose_regime-02483	5	2	1	14,110,176,55,204,141,31,89,95,181,168,212,150,35,80,47,201,196,100,21,83,124,114,117,138,147,65,4,18,44,59,69,134,166,169,170	3,4,0.4855,0,68;6,1,0.8765,2,137;6,1,0.2245,0,122;7,1,0.3745,2,59;3,4,0.5795,0,16;3,4,0.4725,0,75
ood_compose_regime-02484	5	2	2	168,170,172,3,23,93,16,64,91,175,123,194,136,197,26,76,35,99,151,120,192,63,202,198,163,12,116,45,50,134,69,44,85,147,106,141	2,2,0.1735,2,154;1,1,0.8105,0,86;1,5,0.0905,0,42;3,3,0.6195,0,84;2,0,0.9965,3,141;2,4,0.1525,0,77
ood_compose_regime-02485	5	2	2	160,132,24,214,152,16,86,169,41,15,3,203,151,98,116,141,163,139,155,124,93,28,147,106,176,92,66,69,45,39,51,120,60,210,172,76	2,5,0.1245,3,18;3,5,0.2175,0,31;2,2,0.4915,0,150;3,4,0.8035,0,203;1,0,0.9475,3,128;3,2,0.7645,0,242
ood_compose_regime-02486	5	2	1	171,99,8,181,206,15,32,134,16,39,112,166,213,51,140,166,180,172,118,45,106,188,67,92,76,171,93,142,42,63,69,23,84,147,150,128	7,5,0.0355,2,211;7,5,0.5245,0,22;2,5,0.7255,0,158;3,2,0.8745,0,92;2,0,0.1215,1,28;7,4,0.9535,1,34
ood_compose_regime-02487	5	2	2	138,154,99,88,51,96,201,16,22,25,69,35,44,199,200,124,12,181,194,183,73,141,208,147,175,117,110,66,176,133,58,151,3,45,112,84	2,2,0.1805,1,189;0,1,0.9365,0,149;2,0,0.4145,0,59;0,2,0.1085,3,1;2,4,0.0385,0,15;3,3,0.4655,0,61
ood_compose_regime-02488	8	2	1	16,117,21,141,45,11,6,147,30,78,100,215,150,193,204,169,64,39,131,44,69,196,188,89,111,214,126,173,56,93,165,198,61,115,139,84	5,1,0.0775,0,120;5,5,0.8155,0,105;7,3,0.0065,0,39;5,2,0.3485,0,194;3,5,0.6095,0,116;5,1,0.6725,0,151
ood_compose_regime-02489	5	2	0	188,104,70,15,140,191,141,76,23,124,173,3,42,68,163,85,130,112,91,184,210,58,110,149,117,204,194,50,206,31,17,186,45,93,37,147	2,5,0.3125,2,142;6,3,0.4855,0,88;1,0,0.8515,1,122;3,3,0.6855,0,104;7,4,0.1995,0,56;3,0,0.9735,0,205
ood_compose_regime-02490	1	2	0	106,141,45,181,50,69,88,97,201,93,203,34,147,44,27,116,172,13,178,189,130,212,84,81,117,212,199,4,139,188,21,17,63,123,65,149	3,3,0.3465,0,172;2,0,0.8175,0,44;1,5,0.3025,0,181;8,2,0.0565,0,172;0,0,0.9795,0,31;2,0,0.6475,0,92
ood_compose_regime-02491	8	2	2	127,69,4,147,206,89,61,112,162,151,54,36,28,117,43,137,87,14,130,173,141,16,207,210,21,110,194,102,214,77,67,214,94,184,201,45	3,4,0.0425,0,216;3,2,0.6415,0,223;5,3,0.6975,0,209;4,5,0.3915,1,187;5,4,0.1785,0,231;6,0,0.3755,0,30
ood_compose_regime-02492	2	2	2	83,4,200,181,60,215,19,28,201,211,90,12,65,129,42,45,52,105,161,138,142,147,36,151,21,114,130,74,107,215,174,120,152,93,69,195	3,2,0.7245,0,154;3,2,0.5275,0,13;3,2,0.3045,0,184;1,1,0.5895,0,179;8,1,0.4395,3,217;8,0,0.4755,1,25
ood_compose_regime-02493	5	2	0	136,174,141,49,4,206,25,37,14,21,100,147,95,156,128,130,69,149,154,84,59,91,177,75,170,18,110,113,67,158,120,40,158,45,153,156	3,4,0.5965,0,162;0,3,0.0105,0,145;0,1,0.6735,0,104;2,2,0.7265,2,132;3,4,0.3705,3,254;7,0,0.0305,0,179
ood_compose_regime-02494	5	2	2	206,102,20,51,143,75,125,184,117,4,156,15,177,166,114,93,147,21,159,211,184,62,84,69,36,197,135,213,44,90,27,111,151,47,139,68	3,5,0.8645,0,207;2,2,0.8455,2,69;2,4,0.8265,0,248;2,2,0.5785,0,187;5,5,0.4725,0,209;4,5,0.6065,2,103
ood_compose_regime-02495	5	2	0	187,147,36,125,69,52,136,88,27,197,132,206,193,113,102,108,117,183,6,175,21,152,197,149,41,63,141,93,178,86,45,16,65,156,14,73	5,4,0.1585,0,176;2,2,0.2975,0,71;3,5,0.2515,0,184;0,4,0.1545,0,218;5,2,0.2325,0,51;4,2,0.0395,0,15
ood_compose_regime-02496	5	2	2	178,21,79,184,20,147,191,83,199,176,42,138,117,15,182,197,102,69,60,3,167,186,92,55,141,131,107,45,151,68,189,28,93,127,37,112	2,5,0.9895,0,33;3,3,0.5705,0,125;6,2,0.8815,0,214;6,1,0.8385,0,244;5,1,0.1315,0,17;6,1,0.5295,0,39
ood_compose_regime-02497	2	2	2	20,52,138,161,80,44,164,143,102,198,12,27,114,45,119,5,130,69,165,147,162,194,89,60,203,125,200,169,82,151,21,208,67,93,111,38	4,2,0.9535,0,41;2,4,0.9025,0,7;3,2,0.6655,0,141;7,0,0.3555,0,248;5,5,0.5845,2,198;4,0,0.4585,2,240
ood_compose_regime-02498	2	2	0	203,18,155,215,141,93,115,84,26,168,215,66,13,62,91,201,147,69,45,176,162,41,50,149,132,35,6,99,212,76,129,189,21,106,140,117	5,3,0.4705,0,28;1,1,0.3625,0,47;1,4,0.5685,0,244;3,2,0.6305,0,36;2,0,0.6875,0,20;8,2,0.8285,0,238
ood_compose_regime-02499	2	2	2	51,176,59,78,43,23,104,192,140,45,107,88,202,66,163,194,201,154,85,151,144,160,69,130,178,128,28,117,16,36,93,147,160,11,113,3	2,1,0.0455,2,44;3,2,0.7455,0,117;2,1,0.4755,0,116;5,3,0.1705,0,116;7,1,0.2125,0,127;7,0,0.8555,3,45
ood_compose_regime-02500	5	2	0	93,203,112,27,134,171,24,92,147,143,138,7,19,187,46,172,35,158,163,180,69,127,60,117,55,157,44,76,149,181,169,106,14,103,67,87	6,4,0.6905,3,75;2,1,0.9605,1,91;6,2,0.7875,0,77;3,5,0.9635,0,240;6,0,0.1215,0,179;6,4,0.5125,2,199
ood_compose_regime-02501	5	2	2	183,44,105,141,152,35,187,151,76,71,93,147,84,215,196,21,45,88,57,10,131,111,62,136,4,190,31,19,206,113,125,152,169,117,68,213	3,0,0.6745,0,16;6,1,0.8015,0,62;8,4,0.9505,2,42;3,2,0.0525,0,117;8,5,0.3155,0,207;4,1,0.1175,0,249
ood_compose_regime-02502	6	2	2	159,190,117,124,101,173,106,21,28,43,93,215,168,136,152,213,151,10,147,68,76,69,115,133,39,175,46,194,18,141,62,4,85,89,49,181	3,0,0.5485,0,96;3,5,0.6865,1,9;0,4,0.8885,0,60;3,3,0.3145,0,127;4,0,0.7615,0,224;3,3,0.1645,0,114
ood_compose_regime-02503	5	2	0	147,52,110,209,65,69,153,173,42,100,196,45,185,198,21,80,4,136,61,117,91,112,85,93,36,20,15,206,126,27,132,215,154,149,141,159	3,5,0.8295,0,223;2,2,0.4975,0,247;3,3,0.3765,0,76;7,3,0.7725,0,208;3,4,0.1575,0,201;5,2,0.0585,0,85
ood_compose_regime-02504	5	2	1	67,21,51,126,90,76,45,115,60,168,118,150,93,190,28,69,98,106,205,193,15,175,16,204,40,147,186,2,213,134,37,215,187,137,85,141	1,5,0.0885,0,79;3,3,0.1965,0,105;2,2,0.6355,0,229;3,3,0.5195,0,52;1,0,0.7695,1,15;5,4,0.3775,0,134
ood_compose_regime-02505	5	2	1	117,161,79,69,139,85,184,4,116,170,25,214,12,109,161,147,65,103,128,141,93,21,150,185,52,208,38,198,45,61,180,42,17,91,135,167	3,2,0.3705,0,254;0,4,0.5205,0,221;3,3,0.3545,0,150;6,3,0.6105,0,162;6,3,0.8465,0,227;7,5,0.6015,0,154
ood_compose_regime-02506	8	2	2	35,76,42,147,19,67,71,85,211,190,93,127,132,21,136,198,184,6,90,175,161,27,199,117,57,214,106,105,15,161,151,60,116,141,45,152	5,5,0.6445,0,94;2,1,0.4805,0,153;8,2,0.7435,2,226;3,3,0.4655,0,181;8,0,0.8325,0,186;6,2,0.1475,0,218
ood_compose_regime-02507	9	2	0	138,9,34,64,111,147,185,149,153,165,17,198,130,89,177,22,45,117,76,32,160,69,182,85,189,93,200,141,129,104,57,58,14,41,115,192	8,4,0.2865,1,16;7,0,0.3875,0,176;8,0,0.0305,0,187;3,3,0.2605,0,209;7,5,0.7535,0,244;8,0,0.4845,0,156
ood_compose_regime-02508	5	2	0	19,106,138,155,45,87,115,65,21,155,194,174,99,180,69,131,117,52,185,4,77,147,122,28,37,149,10,89,43,141,93,158,183,61,153,193	3,0,0.6685,0,108;3,3,0.6455,0,64;3,3,0.3705,0,41;4,5,0.2725,0,229;2,0,0.6625,0,127;1,1,0.5995,0,122
ood_compose_regime-02509	2	2	1	6,208,190,108,167,144,150,86,69,117,90,116,208,36,100,12,134,163,51,191,124,73,63,169,196,21,44,196,147,33,93,17,64,154,136,45	5,2,0.2935,0,203;8,2,0.9655,0,39;2,5,0.0185,0,146;0,4,0.5035,0,146;3,2,0.8415,0,38;3,4,0.0245,3,122
ood_compose_regime-02510	5	2	0	140,198,169,44,174,207,5,45,154,15,71,117,21,34,60,78,206,29,112,153,141,124,98,66,147,96,198,214,110,149,163,89,135,87,54,17	4,5,0.2615,0,229;4,0,0.8555,0,90;5,2,0.5175,2,94;5,5,0.3975,3,54;1,4,0.0025,0,36;3,5,0.8565,0,191
ood_compose_regime-02511	2	2	1	214,101,76,191,117,189,166,93,69,84,193,150,47,134,58,30,43,3,91,144,168,126,12,204,161,147,17,209,53,193,139,68,21,106,35,116	2,2,0.2225,0,66;5,1,0.7815,2,196;4,0,0.9165,0,255;3,2,0.6295,0,165;4,0,0.9555,0,247;5,4,0.7645,3,174
ood_compose_regime-02512	5	2	1	28,59,40,69,141,21,215,115,46,160,10,93,177,65,103,54,212,124,153,110,79,4,150,147,117,132,169,92,139,82,161,19,173,34,214,192	3,0,0.7045,0,168;3,0,0.0775,1,169;5,1,0.2425,0,146;6,0,0.8625,0,121;6,4,0.7105,0,201;3,2,0.6795,0,155
ood_compose_regime-02513	9	2	1	69,158,56,61,82,204,17,141,176,117,66,77,130,4,178,113,98,28,150,110,122,21,45,183,165,139,12,42,203,158,147,206,91,94,34,210	3,2,0.2585,0,177;3,0,0.4955,0,72;7,3,0.4155,0,78;4,0,0.7855,1,182;1,4,0.2065,0,185;1,0,0.7475,0,43
ood_compose_regime-02514	6	2	1	42,117,19,21,51,34,116,84,60,165,141,124,12,207,45,27,190,209,198,111,182,93,150,1,137,65,89,166,158,69,135,75,147,101,206,204	0,2,0.6005,0,134;2,0,0.5635,0,195;2,2,0.2285,0,156;2,2,0.2475,0,183;4,5,0.9905,0,211;3,5,0.3735,0,255
ood_compose_regime-02515	5	2	0	205,178,147,149,180,141,68,109,86,170,210,112,6,89,169,45,13,62,36,93,140,78,41,104,124,211,177,18,187,117,69,51,177,30,22,135	5,3,0.4245,1,225;5,2,0.3855,0,182;2,4,0.8575,0,232;5,4,0.2455,0,143;7,3,0.1015,0,169;3,5,0.9275,0,33
ood_compose_regime-02516	1	2	0	138,112,69,153,167,131,87,36,95,117,97,21,4,80,179,174,142,43,27,19,123,205,174,46,206,59,164,153,149,110,204,89,51,66,10,147	3,0,0.7225,0,157;2,2,0.6495,1,19;2,1,0.5735,0,134;7,5,0.3185,2,64;0,4,0.1735,0,108;2,1,0.4505,1,26
ood_compose_regime-02517	5	2	1	163,186,22,58,134,141,100,108,40,10,166,3,190,117,17,82,34,150,92,55,174,115,45,200,69,67,79,31,170,208,196,139,147,215,93,123	2,0,0.2295,1,238;6,0,0.0075,0,162;6,0,0.7385,0,253;6,0,0.9675,0,34;3,2,0.7355,0,234;2,4,0.6695,0,47
ood_compose_regime-02518	2	2	1	58,73,124,190,110,21,45,150,93,43,91,214,65,112,69,34,3,102,117,159,178,207,186,19,188,171,84,175,153,57,130,11,147,32,140,141	2,1,0.6385,0,31;7,0,0.7615,0,134;8,0,0.2165,0,190;0,2,0.7205,0,226;5,4,0.0775,0,31;3,0,0.8085,0,91
ood_compose_regime-02519	9	2	1	212,213,141,188,147,164,157,98,69,179,8,42,140,21,15,59,111,207,117,51,92,68,38,18,173,177,116,135,174,93,84,45,28,75,150,128	7,5,0.5835,0,123;3,4,0.4635,0,216;2,1,0.9595,0,156;2,2,0.9435,0,95;1,5,0.8975,0,113;7,5,0.8805,0,241
ood_compose_regime-02520	10	2	2	37,126,193,57,95,188,41,200,71,9,117,180,160,62,76,20,86,116,15,65,92,163,167,28,139,108,141,193,100,157,147,45,151,131,207,21	8,5,0.8835,0,98;3,3,0.3865,0,41;8,4,0.2165,2,8;3,4,0.8245,2,251;3,2,0.9835,0,252;5,1,0.6885,0,20
ood_compose_regime-02521	5	2	1	157,93,209,89,115,73,175,184,139,12,102,72,52,83,42,18,64,60,4,162,117,28,141,21,177,162,147,193,150,134,108,45,121,181,39,158	3,2,0.4875,0,246;3,5,0.4955,0,164;3,2,0.1385,3,243;0,1,0.2715,0,23;5,2,0.7415,0,232;0,4,0.6745,0,232
ood_compose_regime-02522	2	2	1	157,99,209,69,64,28,41,195,147,174,137,215,117,84,123,90,192,150,107,20,208,34,93,76,161,178,132,21,113,154,143,45,60,4,52,10	3,0,0.9335,0,8;3,0,0.3935,0,174;3,2,0.0215,0,56;3,2,0.5965,0,227;2,1,0.2315,0,103;2,2,0.2435,2,153
ood_compose_regime-02523	7	2	1	41,2,17,135,115,141,45,176,147,164,21,205,89,150,34,98,179,185,14,93,65,60,129,140,189,111,74,156,203,54,69,28,158,87,117,163	1,4,0.3645,0,82;3,0,0.3275,0,121;5,2,0.2565,0,167;1,5,0.2875,0,122;1,5,0.7935,0,167;8,5,0.8295,0,56
ood_compose_regime-02524	5	2	0	177,50,158,107,169,117,157,203,149,161,66,95,169,58,17,141,69,43,204,176,147,130,45,38,91,114,76,82,14,21,4,99,199,28,138,124	3,4,0.2505,0,95;3,4,0.6955,0,192;1,0,0.4405,0,140;3,0,0.7265,2,133;2,1,0.4275,0,143;3,0,0.4105,0,80
ood_compose_regime-02525	5	2	1	42,21,175,147,68,131,156,155,3,153,108,83,150,14,117,185,88,56,30,141,137,170,177,199,45,63,181,123,93,100,70,18,37,73,208,116	2,4,0.4375,0,39;5,3,0.4605,0,110;7,5,0.9035,1,29;0,1,0.1125,0,104;3,2,0.9415,0,250;2,1,0.2965,0,222
ood_compose_regime-02526	1	2	0	157,28,178,93,143,74,3,45,117,166,212,136,123,147,91,149,158,194,130,65,51,189,179,21,63,34,83,69,18,10,214,108,99,112,41,154	2,0,0.5115,0,104;3,0,0.2445,0,193;2,5,0.2635,0,51;1,1,0.7885,0,139;2,2,0.0075,0,156;2,0,0.0145,2,113
ood_compose_regime-02527	5	2	1	36,93,98,45,204,52,152,168,147,13,27,88,86,198,4,40,68,190,135,117,20,128,183,69,195,181,136,141,196,21,150,163,115,106,61,74	3,3,0.8365,0,137;2,2,0.0685,0,13;3,3,0.8765,0,131;1,4,0.1885,0,175;1,0,0.7365,0,22;7,5,0.1475,0,104
ood_compose_regime-02528	6	2	1	13,189,50,20,42,150,189,93,182,203,215,172,137,62,134,141,21,117,100,109,77,65,92,112,170,153,45,28,121,69,213,1,37,84,200,147	0,3,0.9235,0,30;3,3,0.5975,0,127;1,4,0.3625,0,234;4,2,0.9785,0,61;3,3,0.1375,0,226;0,4,0.2685,0,114
ood_compose_regime-02529	8	2	0	136,180,67,17,180,177,115,13,44,130,73,54,206,147,90,69,166,110,117,85,153,168,30,63,141,149,121,176,93,46,35,100,6,205,21,195	5,3,0.2545,0,47;5,1,0.8175,1,32;5,5,0.6865,0,108;0,3,0.4105,0,204;3,4,0.6485,0,140;0,0,0.1435,0,135
ood_compose_regime-02530	5	2	1	50,194,90,84,152,7,93,189,37,140,212,21,28,190,116,72,119,44,110,173,45,79,210,147,61,103,11,208,127,150,64,130,17,153,142,158	6,1,0.2025,0,52;3,3,0.8765,0,163;1,3,0.1925,3,90;6,2,0.5895,0,78;6,4,0.9205,2,61;6,0,0.9415,1,20
ood_compose_regime-02531	9	2	0	176,46,180,20,21,180,76,90,147,107,34,12,93,56,167,98,7,124,69,136,154,132,154,176,187,141,67,163,172,44,28,117,62,112,82,149	6,2,0.9755,0,42;3,0,0.8815,1,35;7,4,0.7565,0,185;3,0,0.5455,0,55;1,1,0.1125,0,14;3,2,0.1525,0,125
ood_compose_regime-02532	1	2	0	162,147,186,149,177,17,26,97,68,205,51,157,124,69,175,106,34,77,207,175,170,8,41,92,24,63,87,132,93,141,183,11,119,113,45,139	7,1,0.3365,3,126;1,0,0.3465,0,230;2,5,0.9025,0,222;4,5,0.9465,0,49;0,0,0.2365,2,250;3,2,0.6425,0,67
ood_compose_regime-02533	5	2	0	86,28,4,117,21,142,172,166,133,147,106,88,15,50,62,136,76,177,202,93,209,100,149,213,72,215,36,18,45,153,211,41,114,204,66,124	3,5,0.4725,0,198;3,2,0.3585,0,124;1,4,0.5405,3,95;3,4,0.0915,0,154;3,0,0.4815,0,226;3,3,0.0235,1,147
ood_compose_regime-02534	2	2	2	4,195,107,135,92,179,189,82,12,28,115,18,144,155,36,192,71,182,66,178,188,52,151,172,93,99,147,73,156,45,137,21,60,117,41,124	3,2,0.5785,0,82;3,2,0.2425,0,196;3,2,0.5035,2,196;0,0,0.8655,0,39;2,1,0.6445,0,70;3,5,0.2865,3,64
ood_compose_regime-02535	5	2	2	215,124,158,36,16,45,115,41,147,78,117,13,173,30,93,6,155,84,138,56,69,100,157,64,135,193,63,21,201,110,141,188,171,178,151,90	5,3,0.0985,0,77;5,2,0.3715,0,242;7,5,0.1315,0,192;5,2,0.4945,0,200;3,4,0.6345,0,102;3,5,0.4215,0,120
ood_compose_regime-02536	6	2	1	58,43,184,175,191,1,34,69,147,21,137,179,166,130,160,141,75,150,13,114,18,52,199,45,68,122,32,87,174,91,202,182,93,108,97,117	0,3,0.4305,0,123;7,0,0.6665,0,147;3,0,0.8545,0,97;2,5,0.6115,0,110;0,2,0.4365,0,6;1,0,0.2445,0,170
ood_compose_regime-02537	5	2	1	91,121,93,147,28,207,18,158,58,137,175,84,3,150,189,43,100,111,187,47,34,81,66,141,113,181,69,131,196,14,53,117,21,177,189,154	2,4,0.5175,0,165;3,0,0.6155,2,197;4,0,0.5925,0,248;8,2,0.6535,0,246;3,5,0.2015,0,104;0,1,0.2255,0,44
ood_compose_regime-02538	2	2	1	28,208,41,11,195,141,93,155,163,180,130,213,147,19,125,92,117,69,160,77,193,5,106,45,82,53,150,66,113,58,187,138,39,97,194,24	4,1,0.6295,3,74;3,5,0.2035,0,175;4,0,0.5965,0,170;4,0,0.9705,0,165;0,0,0.3425,0,138;4,0,0.5435,0,51
ood_compose_regime-02539	5	2	2	74,190,169,199,62,69,3,10,34,98,89,152,26,141,52,93,212,109,206,132,181,118,203,17,115,127,147,67,85,21,151,43,138,162,197,45	2,0,0.2765,0,164;1,0,0.6735,0,35;3,4,0.6375,0,206;1,3,0.2345,0,161;1,3,0.7985,1,185;6,2,0.5685,0,203
ood_compose_regime-02540	2	2	1	141,147,93,171,58,44,32,194,4,10,64,69,121,18,150,21,117,201,159,45,82,116,207,88,130,165,190,107,139,199,97,35,200,74,57,201	3,0,0.4425,0,110;7,1,0.8385,0,170;8,0,0.0255,0,182;1,0,0.1065,0,36;0,1,0.8515,0,35;0,0,0.7205,0,147
ood_compose_regime-02541	8	2	2	212,141,151,207,56,139,109,4,62,43,102,92,47,153,76,85,159,124,95,147,115,28,200,130,66,69,24,173,10,34,16,179,117,155,178,206	3,0,0.0895,3,139;3,0,0.7755,2,21;7,4,0.5005,0,216;3,3,0.9805,2,152;5,3,0.7925,0,124;3,0,0.6255,0,54
ood_compose_regime-02542	1	2	2	51,99,80,113,110,167,38,139,134,158,215,18,121,165,66,141,169,63,194,12,169,199,88,191,117,69,187,4,151,27,21,45,83,96,43,147	3,2,0.5355,0,10;2,4,0.6135,0,32;2,5,0.4055,0,203;7,1,0.0195,3,69;2,4,0.3005,0,147;0,4,0.7685,0,1
ood_compose_regime-02543	5	2	2	151,41,100,21,167,172,52,4,63,117,19,65,111,45,87,147,170,173,215,15,170,90,208,171,136,113,190,93,76,200,72,37,141,28,135,125	3,5,0.6775,0,59;3,3,0.3855,0,122;3,5,0.3835,3,47;3,5,0.4285,0,219;3,5,0.3655,0,242;4,5,0.0875,0,95
ood_compose_regime-02544	5	2	2	162,72,124,138,166,141,104,67,132,152,76,4,201,118,45,186,17,147,57,93,21,170,195,41,28,82,92,151,199,186,63,13,204,34,111,116	3,3,0.3945,0,16;3,0,0.3325,0,205;8,5,0.6875,3,248;3,0,0.9045,0,60;7,5,0.8745,1,88;3,2,0.5335,0,156
ood_compose_regime-02545	5	2	0	161,91,4,85,202,45,149,165,64,135,190,199,173,96,117,69,21,141,55,124,28,36,76,109,154,200,147,103,205,181,42,115,19,139,60,15	3,5,0.7785,0,114;3,2,0.4655,0,58;6,2,0.1455,0,192;3,3,0.6245,3,215;6,3,0.7355,0,152;3,5,0.6985,0,73
ood_compose_regime-02546	5	2	0	28,156,205,210,209,122,205,109,60,17,158,76,21,55,41,102,93,72,195,45,11,211,65,141,183,133,2,114,87,207,92,147,36,139,117,149	1,1,0.2655,0,69;3,2,0.2285,0,145;6,2,0.3295,3,23;3,5,0.9975,0,249;5,3,0.5505,0,44;1,3,0.7165,0,45
ood_compose_regime-02547	5	2	2	109,69,21,34,135,211,117,32,45,100,93,171,2,49,88,194,41,163,140,116,11,68,147,171,16,59,204,164,151,187,79,124,179,141,85,211	1,1,0.0975,0,136;7,0,0.2185,0,221;0,1,0.8465,0,71;6,3,0.0785,0,179;3,3,0.9385,0,118;3,5,0.9055,0,70
ood_compose_regime-02548	5	2	2	21,212,85,100,20,66,26,151,41,50,92,120,147,76,188,112,134,190,93,1,14,209,214,181,198,123,139,190,202,38,215,141,69,109,58,45	0,4,0.9905,0,179;1,4,0.3115,0,186;1,0,0.4125,0,111;3,3,0.8505,0,142;3,3,0.1695,3,138;2,4,0.7215,0,89
ood_compose_regime-02549	1	2	1	154,106,45,117,147,35,69,141,125,150,27,113,93,202,78,23,51,135,92,178,163,68,100,209,5,206,163,44,16,203,87,63,10,180,136,194	4,0,0.1425,2,213;2,1,0.8685,0,22;2,5,0.8365,0,45;5,5,0.8385,0,220;3,0,0.3245,0,188;4,5,0.0555,0,151
ood_compose_regime-02550	7	2	2	16,159,116,190,151,138,76,170,117,67,106,2,170,84,93,177,57,141,47,147,135,98,122,196,166,39,92,160,157,14,60,26,40,213,70,21	1,4,0.1775,0,251;1,5,0.1095,2,214;8,2,0.6765,1,50;3,2,0.9945,0,2;1,0,0.8935,0,129;1,5,0.4785,0,193
ood_compose_regime-02551	8	2	1	166,92,30,175,141,4,139,48,213,194,87,43,213,18,117,21,170,54,150,38,94,121,61,187,74,116,204,131,202,147,15,69,165,109,66,102	3,5,0.4685,0,137;5,4,0.6205,3,110;5,3,0.5965,0,1;1,5,0.9065,1,108;5,3,0.9415,0,127;0,1,0.6105,0,48
ood_compose_regime-02552	5	2	2	21,69,27,113,43,173,35,106,156,12,52,117,156,147,82,77,45,124,68,141,7,100,215,134,61,16,167,199,160,93,151,92,153,158,139,170	6,2,0.0245,0,118;2,1,0.6425,0,139;3,3,0.9315,0,108;4,0,0.8105,0,186;3,0,0.3945,0,248;3,4,0.6495,0,214
ood_compose_regime-02553	6	2	1	191,79,150,141,21,195,63,65,52,93,197,48,69,82,131,173,147,125,90,35,117,210,97,25,212,115,174,162,139,19,13,108,187,185,1,40	0,3,0.6745,0,103;0,1,0.1175,3,131;3,5,0.3575,0,150;6,0,0.4895,0,144;0,2,0.7615,0,138;4,1,0.6975,0,211
ood_compose_regime-02554	5	2	1	161,15,144,150,207,28,73,161,117,21,163,200,2,45,135,208,85,160,91,52,102,68,108,147,139,201,112,58,197,93,123,44,172,69,19,39	1,5,0.6135,0,254;3,5,0.9055,0,245;3,0,0.9495,0,118;0,3,0.6095,0,177;5,2,0.0005,0,136;2,5,0.6295,3,34
ood_compose_regime-02555	8	2	2	130,167,93,52,144,60,69,166,10,159,78,180,151,186,43,16,68,113,213,117,215,203,31,47,92,136,162,102,110,203,21,2,127,35,147,86	1,0,0.1725,0,83;6,1,0.6605,2,106;3,2,0.8415,0,157;5,4,0.9765,0,195;5,4,0.2555,0,50;6,0,0.1915,3,217
ood_compose_regime-02556	9	2	1	63,169,41,52,84,162,204,198,108,65,21,115,161,201,35,69,99,3,93,150,157,47,133,153,89,77,120,153,10,141,147,20,140,128,29,198	2,0,0.8185,0,140;4,1,0.3025,2,142;3,5,0.3355,0,129;4,2,0.2125,0,162;2,2,0.6055,3,206;7,3,0.9285,0,169
ood_compose_regime-02557	10	2	0	152,117,101,161,68,128,141,196,29,39,203,83,94,52,189,204,115,58,90,40,202,136,131,165,109,48,21,69,155,75,11,147,16,201,149,5	4,1,0.1705,0,103;4,5,0.0335,3,194;3,0,0.9565,0,50;2,1,0.4065,1,106;4,3,0.7575,0,26;7,1,0.0855,0,226
ood_compose_regime-02558	7	2	1	138,162,168,154,38,128,173,52,88,109,197,10,201,141,150,93,63,30,193,40,147,76,84,17,66,21,164,117,198,98,71,130,4,153,115,45	3,0,0.2385,0,213;5,4,0.0285,0,58;3,5,0.4255,2,71;3,2,0.0345,0,23;1,3,0.6525,0,65;7,0,0.5715,0,54
ood_compose_regime-02559	5	2	0	147,114,186,140,141,171,121,170,90,106,60,178,28,15,174,203,210,134,45,20,100,77,38,69,4,117,157,53,87,94,21,64,153,149,42,213	3,5,0.8025,0,243;3,4,0.5385,0,208;4,2,0.0815,0,225;4,5,0.5935,1,94;3,0,0.5435,0,209;0,4,0.9705,0,210
ood_compose_regime-02560	2	2	0	78,177,25,136,111,154,91,203,130,212,149,64,46,203,99,59,112,93,21,84,19,141,158,160,35,156,147,123,4,10,69,51,188,117,44,210	3,0,0.7645,0,110;0,1,0.9125,1,84;2,1,0.1475,0,229;5,2,0.6105,0,34;2,5,0.1585,0,226;2,0,0.1845,0,166
ood_compose_regime-02561	5	2	2	180,79,153,167,68,151,106,124,96,63,141,208,21,190,98,82,166,114,215,199,37,18,133,91,28,52,15,190,69,117,46,168,40,140,3,147	2,5,0.4755,0,65;3,3,0.0075,1,229;3,5,0.9105,0,172;6,0,0.7665,3,175;1,0,0.5915,0,168;3,3,0.9455,0,53
ood_compose_regime-02562	5	2	1	62,147,1,110,45,121,181,191,97,54,21,200,76,201,92,198,38,165,17,13,196,117,93,139,153,69,40,25,87,179,183,150,68,112,141,131	0,3,0.3145,0,245;0,4,0.1665,0,98;5,4,0.8335,0,87;3,5,0.9155,0,192;0,4,0.1585,0,128;0,1,0.7465,0,196
ood_compose_regime-02563	5	2	2	165,163,154,49,76,123,21,84,210,36,178,110,209,60,151,69,14,93,141,92,179,19,68,43,147,166,158,7,132,112,138,117,99,27,157,45	6,4,0.7955,0,1;2,2,0.7135,0,200;0,2,0.9045,0,55;3,2,0.9225,0,172;2,4,0.0865,0,90;2,2,0.4775,0,122
ood_compose_regime-02564	2	2	0	214,45,174,117,86,40,198,167,215,21,89,108,97,75,34,181,93,67,136,195,60,57,112,132,20,4,69,32,199,123,168,147,141,12,149,182	3,2,0.8025,0,91;7,0,0.1835,0,108;8,2,0.7595,0,225;2,4,0.3755,0,247;0,2,0.0135,0,116;2,2,0.1595,0,188
ood_compose_regime-02565	2	2	1	114,147,97,196,70,21,17,175,141,106,206,68,152,130,204,43,127,170,28,139,3,209,117,92,45,188,207,14,60,54,81,36,93,84,196,150	2,4,0.2965,0,238;3,2,0.7305,0,9;5,2,0.9015,1,172;8,2,0.8065,0,137;0,0,0.4185,0,166;6,0,0.7905,0,204
ood_compose_regime-02566	5	2	2	57,214,28,158,58,113,23,194,108,136,11,45,177,151,118,124,195,147,100,9,93,130,198,192,69,64,205,19,180,199,37,44,141,83,91,77	8,1,0.7665,2,145;3,3,0.8645,0,84;8,0,0.1005,0,94;4,1,0.6475,0,185;3,2,0.3525,1,103;3,0,0.0965,0,188
ood_compose_regime-02567	5	2	1	21,103,179,203,174,193,185,117,79,184,90,133,18,4,93,31,147,127,137,141,59,34,110,69,42,171,82,45,116,200,150,176,55,64,15,183	3,5,0.4455,0,198;6,0,0.4575,0,152;6,1,0.1955,0,108;6,0,0.5955,0,6;6,4,0.9435,0,87;6,3,0.3665,0,106
ood_compose_regime-02568	5	2	0	61,82,138,153,94,117,115,133,92,211,164,100,173,110,28,190,142,76,13,149,69,7,64,210,18,208,122,176,45,21,201,36,147,166,40,52	6,3,0.5535,0,199;3,2,0.0055,0,211;3,3,0.0835,0,50;3,0,0.8805,1,165;3,4,0.7875,0,141;1,3,0.5625,1,125
ood_compose_regime-02569	5	2	2	192,52,186,124,109,44,93,12,147,199,45,62,117,196,69,82,20,134,158,6,80,28,100,21,161,182,141,34,113,68,92,151,160,139,194,156	5,2,0.9205,0,203;3,0,0.8655,0,11;3,4,0.8555,0,157;7,0,0.8765,0,253;3,3,0.2095,0,125;3,4,0.7935,0,23
ood_compose_regime-02570	7	2	2	151,157,169,62,131,15,93,21,117,45,69,83,147,108,113,186,44,214,16,26,74,91,170,52,186,176,213,137,162,2,129,39,102,142,67,189	1,5,0.1715,0,168;1,5,0.8825,0,69;3,4,0.6465,0,199;1,1,0.6815,0,105;5,2,0.3495,0,57;8,1,0.3855,1,42
ood_compose_regime-02571	5	2	2	52,196,115,147,117,21,26,40,151,201,73,192,45,93,192,124,107,158,65,82,58,196,8,69,17,185,92,134,39,103,167,15,162,137,203,141	7,5,0.3295,0,98;1,5,0.1645,0,254;3,0,0.3955,0,67;0,0,0.9025,0,37;6,1,0.7815,0,62;3,4,0.2215,0,19
ood_compose_regime-02572	2	2	0	175,149,160,41,38,164,124,21,28,88,200,112,99,67,139,69,52,204,189,185,45,135,147,60,143,86,5,117,76,108,192,12,17,93,160,199	4,2,0.3205,0,253;3,4,0.2695,0,61;3,2,0.6505,0,206;3,4,0.0445,0,49;2,2,0.0745,0,148;3,5,0.7405,2,113
ood_compose_regime-02573	5	2	0	37,189,149,137,2,117,43,181,147,179,194,85,63,17,91,192,133,114,205,28,46,141,66,124,180,99,76,93,203,110,21,187,57,11,69,173	1,1,0.2865,0,108;3,3,0.6775,1,3;8,5,0.4565,0,69;3,3,0.6795,0,87;2,4,0.5705,0,242;3,3,0.3365,0,252
ood_compose_regime-02574	5	2	2	38,156,21,141,70,51,3,28,114,12,159,45,88,209,20,79,170,59,201,123,151,205,98,85,139,147,42,177,95,152,190,117,67,131,213,111	2,2,0.8945,0,158;3,4,0.5415,0,192;2,1,0.6095,1,99;6,3,0.0865,2,1;1,5,0.4705,0,137;2,1,0.6895,0,223
ood_compose_regime-02575	5	2	1	73,15,4,202,159,54,117,138,147,69,114,205,100,141,19,190,64,85,41,39,125,176,183,162,62,21,32,175,185,215,88,94,45,110,150,131	3,5,0.6245,0,100;7,5,0.2445,0,8;5,4,0.1185,0,229;0,3,0.1845,1,181;3,4,0.4095,0,26;4,1,0.5585,0,185
ood_compose_regime-02576	5	2	1	158,156,117,177,127,4,204,68,160,76,147,19,41,31,23,91,192,155,144,86,10,93,106,98,138,58,130,195,55,150,202,38,45,113,200,69	3,0,0.7065,2,222;6,4,0.2445,0,34;6,0,0.9205,0,171;3,4,0.7555,0,106;1,0,0.3135,0,42;6,0,0.4215,3,227
ood_compose_regime-02577	5	2	2	88,147,85,111,45,69,52,207,117,100,116,21,181,179,35,62,129,12,19,206,188,141,140,32,198,4,175,93,67,174,41,207,134,200,80,151	3,2,0.6465,0,19;7,1,0.3365,0,28;3,4,0.6475,0,234;7,3,0.1445,0,104;3,5,0.8415,0,243;8,4,0.9795,0,60
ood_compose_regime-02578	5	2	0	18,15,21,110,121,40,116,63,25,52,209,103,38,90,45,171,117,147,132,138,149,212,194,191,4,93,200,199,86,69,172,209,68,76,141,154	3,5,0.5505,0,168;0,4,0.0805,0,10;3,5,0.9745,0,183;3,4,0.5625,0,24;6,4,0.9685,0,104;0,2,0.4815,0,167
ood_compose_regime-02579	5	2	1	212,16,200,98,157,150,117,67,51,147,93,173,200,127,22,141,109,139,45,84,168,114,6,73,28,36,131,168,199,159,69,42,89,203,58,14	5,4,0.1115,1,80;3,2,0.5285,0,167;2,0,0.7005,0,25;0,2,0.3155,0,49;1,3,0.5625,0,249;6,1,0.6755,0,171
ood_compose_regime-02580	10	2	1	33,173,152,18,143,12,88,59,82,81,213,93,140,119,150,110,21,39,147,116,215,69,67,100,163,51,134,183,124,4,198,42,45,214,200,158	3,2,0.5405,0,196;8,5,0.5845,0,127;2,1,0.6425,0,47;8,0,0.1285,0,183;3,4,0.8595,2,120;3,4,0.8075,2,174
ood_compose_regime-02581	10	2	1	137,141,206,89,14,37,45,101,184,166,147,117,67,173,154,199,87,135,109,61,169,170,125,69,2,16,21,52,116,187,76,150,42,93,184,30	1,4,0.1255,0,16;5,3,0.4855,0,123;3,3,0.7575,0,198;3,5,0.3875,0,37;4,3,0.9935,0,96;4,5,0.3165,0,174
ood_compose_regime-02582	1	2	0	66,193,63,21,149,137,12,141,52,87,4,99,208,165,167,72,169,89,159,116,147,177,19,27,40,35,134,48,202,179,108,127,159,93,75,117	3,2,0.7025,0,28;2,1,0.0965,3,42;3,5,0.4975,3,201;2,5,0.3335,0,27;2,2,0.9325,0,212;6,4,0.3675,0,241
ood_compose_regime-02583	5	2	1	184,44,171,117,45,4,66,187,86,130,214,92,14,99,213,69,204,51,153,174,62,147,113,21,35,106,157,31,93,137,205,19,141,124,150,75	3,4,0.7405,0,136;6,1,0.9595,0,200;2,4,0.5765,0,242;2,4,0.9145,0,25;2,0,0.3545,0,105;3,0,0.2745,0,44
ood_compose_regime-02584	9	2	0	85,58,14,165,154,206,160,93,45,6,52,200,17,21,65,80,128,149,135,112,25,171,40,109,209,147,140,97,156,141,69,34,90,117,172,197	5,4,0.3785,0,3;0,0,0.0365,0,170;3,0,0.3405,0,179;7,3,0.4675,0,139;0,3,0.0925,0,79;7,5,0.8985,0,194
ood_compose_regime-02585	5	2	2	162,2,114,168,209,61,37,161,29,78,100,171,192,151,93,176,199,141,139,67,45,147,182,122,110,130,21,69,117,40,92,85,14,52,17,166	1,4,0.2355,0,251;4,3,0.1215,0,205;3,3,0.7435,0,12;5,3,0.9415,0,12;3,4,0.4225,0,1;1,0,0.7735,0,115
ood_compose_regime-02586	5	2	2	159,68,19,166,100,176,54,28,115,78,69,127,40,205,13,141,61,151,95,4,89,152,37,202,117,83,47,139,147,109,178,132,184,21,158,193	3,3,0.6925,0,128;3,3,0.1875,2,37;5,3,0.8325,0,65;5,1,0.3805,2,186;3,3,0.6295,0,200;6,2,0.7545,0,193
ood_compose_regime-02587	10	2	2	124,45,186,69,77,147,141,204,130,87,138,44,154,100,21,155,199,151,93,176,58,92,35,109,50,193,203,164,4,26,10,113,67,163,118,16	3,0,0.1645,0,137;1,1,0.9625,0,81;1,0,0.6685,0,254;4,5,0.9335,0,127;3,3,0.2805,1,189;3,0,0.4785,0,53
ood_compose_regime-02588	2	2	0	178,64,84,131,21,62,117,112,55,106,40,34,165,127,69,28,174,45,201,4,159,189,143,207,159,147,92,149,164,18,101,77,136,10,93,163	3,0,0.5425,0,23;3,0,0.1685,0,142;6,4,0.0305,0,192;4,2,0.8565,0,92;4,0,0.0725,0,111;6,1,0.1355,2,6
ood_compose_regime-02589	1	2	2	180,105,159,42,52,66,215,151,36,82,175,25,140,117,147,141,135,123,195,213,10,166,90,48,93,116,69,188,3,108,18,198,75,194,60,23	2,0,0.5945,2,186;0,2,0.5085,3,214;3,2,0.5115,0,254;2,0,0.4355,0,203;8,2,0.8525,0,179;2,5,0.8965,0,73
ood_compose_regime-02590	5	2	2	12,18,124,64,167,39,147,117,137,135,99,169,93,21,112,168,208,89,52,151,207,162,69,61,107,204,76,4,45,28,192,141,43,159,82,182	3,2,0.4995,0,164;3,5,0.6245,0,141;3,3,0.1615,0,138;3,0,0.3355,0,98;2,1,0.1785,0,56;3,5,0.2445,0,99
ood_compose_regime-02591	1	2	2	180,93,21,75,60,132,203,178,51,19,69,203,147,151,86,40,194,90,99,25,186,184,66,172,9,14,140,45,112,119,141,124,175,35,177,107	8,4,0.6945,0,92;0,1,0.0235,0,32;2,2,0.5385,0,231;2,4,0.5595,0,28;2,1,0.1855,2,3;3,2,0.8195,0,57
ood_compose_regime-02592	9	2	1	93,8,27,68,113,90,104,188,13,213,58,57,21,48,209,41,130,36,110,158,209,204,137,185,196,117,20,208,76,85,69,147,141,150,181,128	7,3,0.8105,0,61;2,2,0.3545,3,146;8,0,0.8135,0,122;3,3,0.4415,0,121;7,4,0.2185,0,219;7,0,0.3415,0,76
ood_compose_regime-02593	5	2	0	18,160,23,141,45,67,77,42,169,131,89,194,100,181,117,193,93,60,4,165,69,10,51,32,35,115,82,195,111,147,126,183,190,149,165,136	3,0,0.4815,2,103;7,1,0.5645,0,28;2,2,0.7925,0,174;4,0,0.2955,0,124;3,5,0.7285,0,3;5,1,0.0545,0,126
ood_compose_regime-02594	8	2	1	184,181,172,175,131,3,99,141,147,209,194,34,205,115,153,167,78,28,117,69,86,45,138,93,17,51,126,58,41,21,107,150,169,64,91,15	2,5,0.3695,0,6;3,0,0.2125,0,81;2,0,0.0255,0,7;5,4,0.7575,0,211;2,1,0.6545,0,83;5,1,0.4015,0,124
ood_compose_regime-02595	10	2	1	135,43,107,163,196,25,147,50,136,67,89,19,125,175,185,45,117,93,37,206,141,21,105,62,84,69,177,116,159,76,9,15,150,192,210,175	8,5,0.7455,0,253;0,3,0.6065,0,171;1,4,0.6685,0,159;3,2,0.3855,0,137;8,1,0.9945,0,14;4,5,0.0695,0,147
ood_compose_regime-02596	5	2	1	189,150,133,166,92,180,115,14,81,7,117,95,206,21,28,206,20,62,203,127,45,204,138,147,65,55,108,210,156,43,161,101,38,69,84,141	6,4,0.8625,0,145;3,4,0.7965,0,191;6,4,0.3665,0,53;8,2,0.9775,2,209;4,2,0.6655,0,56;6,3,0.5685,0,31
ood_compose_regime-02597	5	2	1	213,79,159,100,117,10,68,36,41,184,88,198,147,69,150,201,141,31,176,157,45,93,116,185,160,137,205,82,18,131,52,21,4,109,58,122	3,0,0.4235,0,54;6,2,0.2925,0,217;3,0,0.9375,0,17;6,0,0.0775,0,13;3,3,0.9135,0,194;1,1,0.2295,0,167
ood_compose_regime-02598	5	2	1	204,117,45,150,215,200,6,69,86,91,17,14,161,158,21,212,206,176,26,37,100,43,93,110,129,67,78,52,141,147,189,130,114,163,60,138	5,4,0.2605,0,253;1,3,0.6005,0,144;3,2,0.6855,0,55;5,4,0.6795,0,53;3,4,0.5315,0,162;8,0,0.5955,0,90
ood_compose_regime-02599	5	2	2	155,45,43,153,130,93,168,6,194,21,165,195,103,69,141,124,82,165,34,116,181,88,106,151,207,27,137,117,14,147,61,64,164,54,75,17	5,4,0.3675,0,113;2,0,0.6185,0,97;5,3,0.1455,0,133;2,0,0.1515,0,141;6,0,0.8355,0,246;3,0,0.2645,0,195
ood_compose_regime-02600	5	2	1	25,200,147,36,141,93,208,167,20,132,40,1,127,164,76,11,139,60,111,115,117,172,150,183,215,210,52,45,159,65,87,91,100,69,203,23	0,1,0.8905,2,131;0,2,0.0995,0,124;3,2,0.2745,0,108;3,5,0.6225,0,19;3,5,0.7455,0,183;6,2,0.7285,0,242
ood_compose_regime-02601	5	2	1	39,12,90,196,131,27,17,150,141,71,200,210,4,40,52,95,152,197,115,76,191,169,109,177,45,24,100,60,117,125,138,68,183,87,188,147	3,2,0.3415,3,199;2,5,0.0295,0,144;3,2,0.8165,2,40;3,5,0.5495,2,30;3,3,0.7705,0,206;4,1,0.4125,0,245
ood_compose_regime-02602	5	2	2	176,147,180,132,159,64,171,75,17,151,166,87,123,38,141,117,114,199,138,45,43,91,31,24,154,180,9,93,208,10,57,100,59,111,173,71	8,0,0.3885,3,197;6,4,0.7975,0,65;8,1,0.0535,2,98;2,5,0.6575,0,254;3,5,0.4705,0,5;2,2,0.5135,0,250
ood_compose_regime-02603	6	2	2	29,61,106,15,200,89,130,49,76,21,141,210,5,84,210,179,113,140,157,151,196,19,65,35,100,206,93,167,155,152,46,118,42,69,121,147	4,5,0.6675,0,160;4,1,0.4495,1,60;0,3,0.3445,0,87;3,2,0.3065,0,204;3,0,0.2975,1,82;0,0,0.9225,0,182
ood_compose_regime-02604	1	2	2	59,124,54,27,76,168,42,191,20,120,175,211,69,147,141,132,213,192,3,68,97,82,151,153,158,109,21,169,11,38,45,200,116,93,88,139	2,1,0.9245,0,169;2,4,0.5125,0,126;5,1,0.9915,0,96;3,0,0.0335,0,244;0,3,0.9655,3,255;3,2,0.7975,0,156
ood_compose_regime-02605	6	2	2	100,124,92,135,73,139,85,54,21,11,211,69,196,18,147,27,111,166,45,182,165,117,195,59,193,143,180,93,151,43,35,113,65,1,198,163	0,1,0.5295,0,4;2,1,0.7085,0,159;5,1,0.2085,0,119;0,3,0.9645,0,52;3,5,0.3705,0,69;3,5,0.6455,2,66
ood_compose_regime-02606	2	2	1	190,147,165,61,176,150,167,141,56,211,12,124,115,90,75,117,25,19,46,136,21,208,4,93,135,172,82,38,99,107,44,176,197,72,190,66	3,2,0.6815,0,97;0,4,0.9915,1,63;7,3,0.4145,3,74;2,0,0.4185,0,174;2,1,0.7595,0,166;3,5,0.0435,0,46
ood_compose_regime-02607	1	2	2	69,21,32,147,75,188,204,45,38,65,113,117,209,83,156,107,215,141,151,130,99,124,62,183,42,183,202,197,16,208,93,14,89,3,139,51	2,4,0.0635,0,117;7,4,0.5465,0,178;2,4,0.2765,0,236;2,1,0.3405,0,44;2,1,0.2975,0,5;3,0,0.6185,0,249
ood_compose_regime-02608	5	2	1	164,133,194,150,21,102,71,186,213,182,37,139,75,160,147,195,189,84,58,215,6,93,124,28,18,109,12,46,50,174,141,68,41,117,113,92	5,2,0.4315,0,233;3,3,0.2685,1,51;1,0,0.9475,2,160;2,2,0.9675,0,247;5,3,0.3245,0,65;3,3,0.6225,0,160
ood_compose_regime-02609	5	2	1	69,150,140,4,107,88,53,141,19,95,135,204,123,158,64,187,40,160,13,117,60,33,21,154,192,168,105,147,114,35,200,45,202,174,84,77	3,3,0.7465,0,66;8,1,0.1685,0,32;4,2,0.1755,0,146;4,2,0.0335,2,161;8,1,0.5855,0,57;2,5,0.9545,0,226
ood_compose_regime-02610	2	2	2	93,210,14,147,69,177,99,116,208,82,28,177,111,58,141,4,123,193,75,170,119,65,92,36,136,151,135,165,51,195,16,24,171,45,157,41	3,4,0.1315,3,214;3,2,0.2385,0,97;2,0,0.2435,0,77;2,0,0.9595,0,182;2,5,0.8585,2,214;2,5,0.0775,0,115
ood_compose_regime-02611	9	2	0	117,69,56,182,135,191,193,189,84,136,20,147,186,187,158,111,116,90,100,75,194,40,149,59,93,8,45,13,122,141,29,191,179,39,66,21	7,3,0.8575,0,106;4,5,0.0835,0,238;7,1,0.5965,0,81;2,2,0.4155,0,206;3,5,0.9915,0,67;1,5,0.1335,0,143
ood_compose_regime-02612	1	2	0	78,147,39,53,203,64,83,167,134,28,3,141,21,212,88,197,19,192,15,104,113,41,136,209,122,45,178,58,193,149,117,69,155,208,107,93	2,5,0.7785,0,6;3,5,0.3055,0,105;4,0,0.0285,0,142;5,1,0.0485,0,147;7,1,0.3065,0,132;1,4,0.1445,0,147
ood_compose_regime-02613	5	2	0	149,194,147,51,112,154,27,202,117,190,21,69,100,207,186,41,171,12,141,58,88,45,75,163,198,124,111,38,140,67,93,19,134,172,87,4	3,2,0.7585,0,81;2,4,0.3005,0,135;2,0,0.7855,0,209;2,5,0.1635,0,175;3,5,0.1185,0,206;3,4,0.8705,0,251
ood_compose_regime-02614	5	2	2	147,45,113,157,21,28,194,66,19,151,58,109,194,89,211,160,100,176,158,72,118,124,12,93,7,133,140,82,55,34,204,42,75,195,141,165	6,2,0.6805,0,170;3,0,0.4555,0,140;6,0,0.4995,3,3;2,0,0.2375,0,216;3,3,0.3225,1,0;3,3,0.8965,0,87
ood_compose_regime-02615	5	2	2	195,166,52,44,115,81,198,164,100,28,93,90,21,141,151,162,140,63,164,147,179,19,130,65,195,45,173,82,5,124,36,187,108,69,117,13	4,3,0.7145,0,201;3,2,0.8145,0,26;3,5,0.3035,0,222;8,0,0.5485,0,82;3,2,0.7415,0,255;3,0,0.9825,0,229
ood_compose_regime-02616	5	2	1	123,141,10,45,93,63,191,91,21,117,161,4,82,182,35,153,106,147,176,204,66,41,185,150,69,114,27,185,52,158,76,131,100,139,174,19	3,0,0.7975,0,39;2,1,0.3585,0,151;3,5,0.5575,0,39;3,0,0.6855,0,40;3,0,0.5905,0,233;2,1,0.7055,0,254
ood_compose_regime-02617	8	2	1	170,11,182,69,206,147,171,113,213,117,168,6,21,150,76,41,90,107,31,65,126,137,86,20,173,54,63,184,135,34,93,141,196,99,45,195	5,1,0.9215,0,92;6,0,0.3015,0,187;5,5,0.3655,0,67;3,4,0.5795,0,130;2,1,0.3885,0,236;5,5,0.3565,0,172
ood_compose_regime-02618	5	2	0	155,76,19,57,87,140,15,112,204,210,21,70,65,26,101,119,111,147,122,45,90,41,39,93,212,164,215,211,141,130,63,149,3,183,183,203	2,5,0.6185,0,254;1,5,0.3245,0,69;8,5,0.3155,1,1;3,5,0.4745,0,7;4,5,0.0575,2,69;1,0,0.8025,0,118
ood_compose_regime-02619	6	2	2	147,61,114,155,78,41,12,152,136,68,99,202,142,206,133,107,167,83,39,205,1,177,45,195,19,151,127,93,88,69,28,211,23,162,117,49	0,2,0.7865,2,63;3,5,0.2135,0,118;0,3,0.9605,0,235;5,1,0.0315,0,156;2,1,0.4975,0,245;6,3,0.1135,1,108
ood_compose_regime-02620	1	2	1	180,99,139,52,115,93,171,71,4,106,14,141,75,117,150,147,45,65,21,43,122,62,91,173,87,209,165,179,36,182,27,201,199,186,135,18	3,4,0.4065,0,16;2,2,0.7585,0,18;3,4,0.3465,2,81;2,5,0.6555,0,20;2,0,0.6175,0,80;1,5,0.6615,0,69
ood_compose_regime-02621	5	2	0	191,142,167,42,109,117,177,20,93,67,7,136,14,71,85,147,157,149,155,160,126,21,37,199,101,45,115,188,28,88,208,188,135,54,77,59	6,4,0.8305,0,202;3,3,0.5035,0,208;5,1,0.6465,2,10;4,3,0.0385,0,227;4,3,0.6625,0,90;5,5,0.1865,1,111
ood_compose_regime-02622	2	2	0	50,94,189,2,92,124,113,58,141,75,214,105,175,149,156,147,158,155,70,201,46,16,107,21,117,34,82,205,26,13,157,41,132,66,137,184	1,3,0.0195,0,242;1,0,0.3275,1,206;1,0,0.5685,1,231;2,0,0.9895,1,255;8,1,0.2755,0,211;3,2,0.3785,0,232
ood_compose_regime-02623	1	2	0	93,188,107,68,28,22,69,13,152,178,189,174,88,45,116,41,124,153,132,161,141,17,76,137,59,1,99,149,37,117,147,175,51,153,84,158	0,3,0.3895,1,160;3,3,0.2655,0,186;2,1,0.8545,0,147;3,2,0.0445,0,99;2,1,0.9115,0,131;3,2,0.3155,0,107
ood_compose_regime-02624	9	2	0	38,113,4,83,67,73,18,14,45,204,99,149,123,108,51,32,136,59,203,147,141,93,187,91,69,130,117,181,175,177,21,166,156,185,44,166	3,4,0.4625,0,93;7,4,0.8615,0,62;2,1,0.6845,0,226;0,1,0.6285,0,33;2,2,0.2045,0,123;2,0,0.0535,0,107
ood_compose_regime-02625	5	2	2	90,199,179,119,127,4,147,151,130,40,55,69,21,31,164,141,185,112,182,140,86,186,15,76,97,68,37,17,197,168,45,108,200,93,58,207	3,5,0.3155,0,109;6,3,0.1955,0,128;6,0,0.8055,0,45;3,4,0.4215,0,167;0,2,0.0805,2,110;6,0,0.8685,0,33
ood_compose_regime-02626	7	2	0	183,113,76,139,61,93,69,149,50,98,21,191,165,142,211,36,176,109,209,87,67,191,163,190,45,11,209,147,41,117,28,132,91,124,19,2	1,1,0.7195,0,34;3,2,0.2085,0,82;1,3,0.7165,0,29;3,5,0.6005,0,127;1,3,0.3735,0,0;3,2,0.7565,1,108
ood_compose_regime-02627	10	2	2	47,69,211,119,52,132,152,43,155,82,9,112,18,129,151,36,160,65,176,147,142,163,205,186,139,14,76,91,93,28,106,154,58,105,168,21	8,4,0.5375,0,184;3,2,0.7345,2,148;3,0,0.2525,0,225;3,0,0.7185,0,92;8,0,0.0345,2,85;8,2,0.6885,1,47
ood_compose_regime-02628	5	2	2	141,64,200,120,90,106,97,176,61,156,86,151,156,138,124,69,186,212,166,43,133,74,35,182,170,147,13,6,18,162,29,49,93,112,23,45	5,3,0.4285,2,48;4,1,0.6375,0,192;0,3,0.1855,0,254;1,4,0.5785,0,15;0,0,0.0345,3,75;3,3,0.5955,0,133
ood_compose_regime-02629	5	2	1	66,54,140,45,163,61,100,12,204,147,17,84,21,35,95,135,164,123,27,4,90,108,205,169,188,141,69,40,188,150,161,182,117,169,115,77	3,2,0.3895,0,242;2,1,0.0315,0,130;5,3,0.5825,0,126;4,2,0.4235,2,182;3,2,0.7185,0,109;2,5,0.8385,0,56
ood_compose_regime-02630	2	2	2	38,19,166,124,182,198,140,135,203,161,116,100,147,54,106,89,93,212,25,169,163,40,73,4,211,82,182,69,48,117,142,151,61,21,64,12	3,2,0.6605,0,16;0,4,0.0585,3,128;5,3,0.0655,0,171;0,0,0.2075,0,209;3,0,0.8675,0,182;3,5,0.9635,1,153
ood_compose_regime-02631	5	2	1	137,41,76,54,16,159,21,69,92,28,172,150,4,195,180,112,117,141,147,13,45,196,101,84,108,93,37,215,129,64,204,212,209,134,60,202	3,3,0.1865,0,213;3,3,0.3685,0,22;5,2,0.1275,0,14;3,2,0.8315,0,156;4,2,0.0315,0,250;8,4,0.3355,0,155
ood_compose_regime-02632	10	2	2	45,152,170,52,172,74,88,178,19,121,147,143,212,213,38,117,15,65,26,110,203,44,203,130,139,9,62,116,100,93,189,70,21,188,151,83	8,5,0.7805,0,60;1,4,0.8645,0,221;3,4,0.3225,1,6;1,1,0.1905,0,107;3,4,0.9225,0,176;0,0,0.6405,2,58
ood_compose_regime-02633	5	2	2	93,12,124,92,209,28,5,134,174,19,75,152,22,184,44,167,190,112,151,52,111,99,34,141,71,198,214,67,159,117,45,139,87,147,60,159	4,2,0.6395,1,200;3,0,0.9025,0,83;3,2,0.7975,2,139;2,5,0.9285,0,37;2,5,0.1945,0,57;3,4,0.6305,0,89
ood_compose_regime-02634	2	2	0	149,45,49,164,116,185,100,69,2,161,147,11,108,89,117,143,67,28,191,87,129,20,200,36,201,180,93,166,23,205,130,137,193,60,44,74	1,1,0.8865,2,196;3,2,0.9285,0,246;0,2,0.7785,0,85;1,5,0.2065,0,103;3,2,0.8365,0,15;8,0,0.2855,2,19
ood_compose_regime-02635	5	2	1	36,15,100,215,41,208,138,45,181,208,67,182,117,69,170,116,150,17,143,203,3,75,171,28,197,133,125,82,147,88,93,56,23,63,110,158	2,5,0.2535,2,171;3,2,0.3605,0,81;7,5,0.6735,0,177;2,0,0.0895,0,127;3,4,0.9105,0,174;4,3,0.5655,2,206
ood_compose_regime-02636	1	2	2	113,198,100,60,151,91,48,44,75,208,128,39,49,215,3,33,69,182,21,141,136,199,117,67,162,147,190,210,93,20,82,192,12,106,135,152	2,2,0.9945,0,180;8,5,0.8875,3,19;0,2,0.6125,0,209;2,0,0.7415,0,128;3,0,0.2565,0,71;7,5,0.0425,0,222
ood_compose_regime-02637	10	2	2	147,213,153,56,106,63,91,182,200,34,206,45,117,64,81,113,214,134,19,8,151,27,100,43,21,93,69,141,204,202,201,139,154,14,84,129	7,4,0.7535,0,160;2,0,0.6045,0,213;7,5,0.1345,0,60;8,2,0.6035,0,208;3,0,0.2435,0,178;8,4,0.7055,0,114
ood_compose_regime-02638	5	2	0	45,34,86,69,17,133,147,141,198,119,41,109,205,66,51,162,190,75,149,204,164,198,211,158,33,104,22,124,116,95,188,58,4,140,12,88	3,2,0.3675,1,227;8,0,0.3845,0,56;2,0,0.5395,0,204;2,4,0.1545,2,113;7,3,0.8705,2,20;3,3,0.9765,0,71
ood_compose_regime-02639	2	2	1	147,124,76,90,43,84,132,197,150,214,161,99,69,139,64,169,33,155,167,9,34,93,63,180,203,114,107,52,21,205,45,117,10,141,200,20	8,0,0.9625,0,59;8,0,0.6635,0,193;3,5,0.1445,0,165;3,2,0.5445,0,193;2,1,0.5665,0,242;3,2,0.7225,0,210
ood_compose_regime-02640	5	2	2	76,189,98,10,159,52,63,109,46,137,38,211,147,116,87,192,133,200,89,124,7,44,160,188,190,93,21,18,28,142,186,152,65,119,151,69	6,0,0.4485,0,148;3,4,0.8135,1,143;3,5,0.2175,0,140;3,5,0.3795,0,241;1,3,0.9465,2,212;3,3,0.3795,1,2
ood_compose_regime-02641	10	2	0	141,44,199,137,191,93,178,9,120,167,116,154,45,87,165,21,134,29,215,122,64,70,173,54,62,19,108,37,90,149,76,15,162,147,105,163	8,5,0.7335,0,134;4,3,0.8485,0,54;5,4,0.0865,1,29;3,5,0.5095,0,98;8,2,0.9045,3,163;1,4,0.3785,0,42
ood_compose_regime-02642	8	2	1	12,170,41,4,18,132,102,147,31,150,93,84,69,138,75,65,88,190,123,22,52,117,167,114,196,202,172,160,45,60,153,186,141,111,38,189	3,2,0.5445,1,2;6,4,0.3735,0,182;3,2,0.2175,0,73;2,2,0.0925,0,138;5,5,0.4785,0,107;2,2,0.5065,0,86
ood_compose_regime-02643	10	2	1	193,69,54,189,114,83,65,91,93,132,100,141,203,45,129,211,23,16,61,168,34,184,140,159,189,150,13,4,179,26,42,200,81,106,117,147	3,3,0.0705,2,102;1,0,0.4065,0,44;5,3,0.2585,0,161;8,1,0.6325,0,188;3,0,0.4345,0,42;8,2,0.9035,0,172
ood_compose_regime-02644	6	2	0	1,90,21,159,95,141,167,198,109,41,155,32,20,116,61,207,120,76,103,84,147,182,69,52,138,122,156,154,211,14,149,46,185,66,35,130	0,4,0.9375,0,53;7,1,0.2415,1,35;3,3,0.4755,0,21;3,2,0.5125,2,65;6,3,0.9855,3,129;1,0,0.5095,0,218
ood_compose_regime-02645	5	2	0	19,147,196,21,134,182,149,84,8,67,191,206,93,43,10,172,117,202,39,46,188,139,103,199,114,76,51,90,141,27,71,212,168,126,109,59	7,0,0.7535,0,128;2,5,0.7775,1,253;2,1,0.6225,2,5;3,2,0.4275,0,68;6,3,0.4175,0,56;5,4,0.6175,0,86
ood_compose_regime-02646	5	2	2	143,117,93,92,21,73,194,158,109,166,53,41,13,151,101,112,137,20,65,125,200,192,178,130,59,177,35,4,29,181,45,155,83,147,185,69	3,3,0.9345,0,154;4,1,0.3315,0,126;4,1,0.3185,0,228;0,1,0.9795,0,128;4,3,0.1975,0,57;4,0,0.2105,2,2
ood_compose_regime-02647	5	2	1	47,50,134,33,65,190,72,189,205,2,175,16,180,113,100,136,122,21,74,189,111,93,117,188,86,198,39,147,15,215,89,141,61,41,209,150	1,5,0.1765,0,63;8,5,0.2655,2,152;1,3,0.2625,3,194;1,4,0.2935,0,94;3,5,0.2775,0,141;1,4,0.1225,0,71
ood_compose_regime-02648	5	2	1	205,30,85,1,208,58,90,192,126,118,112,93,12,102,76,162,150,50,46,134,147,141,69,35,43,212,137,66,18,21,191,160,210,189,110,204	0,2,0.4535,0,233;5,1,0.7025,1,160;1,0,0.4685,0,112;3,3,0.4755,0,212;5,4,0.1915,1,146;5,4,0.3575,0,157
ood_compose_regime-02649	6	2	2	45,93,71,114,82,187,17,171,123,151,22,162,97,65,61,162,28,160,130,136,110,34,147,10,196,7,79,200,162,42,90,177,117,141,190,55	6,0,0.3045,1,67;3,0,0.5935,0,31;6,3,0.2695,2,104;6,0,0.5245,0,157;0,4,0.4335,0,4;2,0,0.1565,0,51
ood_compose_regime-02650	1	2	2	110,21,153,134,4,97,83,206,27,91,48,202,147,13,93,112,117,163,161,152,154,213,123,42,153,62,141,138,38,75,151,190,64,69,51,17	3,3,0.2565,0,206;2,4,0.5425,3,14;2,4,0.1995,0,146;2,1,0.6815,0,109;0,4,0.1765,0,87;2,4,0.5935,0,137
ood_compose_regime-02651	9	2	1	115,136,20,104,189,207,69,12,156,130,35,41,141,47,197,21,64,93,86,58,111,117,150,26,147,206,88,152,53,174,129,199,80,4,198,199	3,2,0.8665,0,207;1,1,0.3595,2,208;4,0,0.0465,0,132;7,4,0.1455,0,126;7,5,0.7525,0,114;8,0,0.0835,0,120
ood_compose_regime-02652	5	2	1	184,147,28,112,89,164,169,135,11,141,119,194,137,21,170,49,87,44,67,167,20,106,150,123,70,187,161,7,60,162,76,180,45,93,100,34	6,1,0.8805,0,38;3,0,0.9995,0,23;0,2,0.6305,1,166;3,5,0.2325,0,101;3,0,0.0615,2,170;2,5,0.3215,0,241
ood_compose_regime-02653	5	2	1	69,147,119,21,150,124,111,213,61,159,100,155,161,132,77,93,7,166,64,44,160,175,14,16,115,141,52,36,88,84,175,47,172,28,153,137	6,4,0.1375,0,77;3,2,0.8775,2,114;3,3,0.0285,0,76;4,2,0.0505,0,83;3,5,0.7615,2,131;3,2,0.3365,0,45
ood_compose_regime-02654	5	2	0	209,37,93,138,22,49,149,198,31,182,214,4,196,113,91,43,13,62,208,100,117,82,205,64,45,134,110,174,169,142,206,19,69,124,76,147	3,3,0.6415,1,50;6,3,0.7665,0,163;0,4,0.1595,0,17;3,0,0.7885,0,121;3,4,0.2625,0,10;3,4,0.4405,1,101
ood_compose_regime-02655	1	2	0	5,134,45,182,207,69,75,202,182,65,112,204,28,88,83,202,60,141,149,11,21,51,147,205,202,123,168,95,103,138,167,34,106,19,118,44	4,1,0.6655,0,183;3,0,0.9445,0,33;2,2,0.2165,0,23;2,1,0.0185,2,39;6,0,0.1185,1,20;2,4,0.4425,0,177
ood_compose_regime-02656	5	2	2	119,63,45,109,187,28,11,158,183,157,151,141,93,147,113,75,156,54,208,69,177,3,138,21,123,191,64,44,20,84,103,180,179,131,89,39	2,1,0.8615,0,191;3,5,0.8735,0,180;5,5,0.1135,0,147;2,2,0.2935,0,208;6,3,0.2165,2,7;2,1,0.5565,0,112
ood_compose_regime-02657	5	2	1	112,69,66,26,61,105,46,42,135,117,202,35,194,171,141,147,129,82,160,110,150,21,156,199,168,12,9,137,167,52,94,91,80,201,16,170	8,2,0.1145,0,89;1,1,0.5705,1,25;3,3,0.4295,0,220;7,0,0.6375,1,130;8,4,0.0175,0,240;8,5,0.3645,0,27
ood_compose_regime-02658	2	2	1	132,208,5,117,160,196,159,141,67,31,91,21,18,111,42,140,59,102,147,159,158,81,113,10,154,34,192,124,49,154,69,160,83,95,150,48	4,0,0.5315,0,116;6,0,0.5005,3,123;0,1,0.7465,0,124;8,1,0.7315,2,233;5,5,0.2355,0,161;3,2,0.8385,0,85
ood_compose_regime-02659	5	2	1	138,170,155,179,117,150,35,112,89,124,99,21,41,12,7,147,191,17,133,107,30,180,183,141,162,69,62,93,54,76,66,199,87,195,45,212	6,2,0.3245,0,161;5,1,0.2975,0,172;5,4,0.4385,0,196;3,5,0.3825,0,44;2,1,0.0355,0,138;3,3,0.4875,0,248
ood_compose_regime-02660	2	2	0	147,202,69,90,21,124,102,18,48,117,182,206,141,163,154,196,132,211,108,30,116,190,83,10,192,196,74,93,65,58,137,2,40,51,36,149	1,0,0.5375,0,114;5,2,0.1855,3,160;2,0,0.2955,0,240;1,1,0.5025,0,245;5,2,0.9115,0,105;3,2,0.3185,0,10
ood_compose_regime-02661	1	2	0	211,160,116,93,46,27,117,215,139,75,21,184,141,152,43,18,99,160,12,51,62,166,69,34,107,84,149,206,124,147,91,65,132,202,6,215	5,2,0.4045,0,181;2,0,0.7595,1,29;2,4,0.3465,0,241;2,2,0.7875,0,136;2,1,0.9015,0,79;3,2,0.6925,0,59
ood_compose_regime-02662	5	2	1	154,214,192,92,150,102,215,17,48,166,63,199,34,132,76,69,147,28,111,138,185,52,171,118,93,112,4,68,197,43,159,87,141,12,21,124	3,2,0.3095,0,147;3,0,0.6355,3,137;3,5,0.9595,0,19;3,5,0.8525,0,220;5,5,0.1665,1,206;3,2,0.5325,0,198
ood_compose_regime-02663	5	2	2	36,130,213,203,17,49,205,159,61,76,112,117,110,5,42,67,21,28,161,93,45,92,190,15,71,208,87,124,181,151,163,147,144,98,139,187	4,5,0.2115,0,84;3,2,0.5715,0,246;0,3,0.6105,2,53;3,5,0.8925,0,62;1,4,0.1125,0,88;3,0,0.7545,3,79
ood_compose_regime-02664	5	2	2	190,103,189,40,116,136,30,166,194,200,147,18,76,211,86,106,131,93,3,155,175,89,69,35,53,174,58,117,143,47,173,123,14,68,21,151	2,4,0.4925,0,236;5,1,0.0885,2,163;4,0,0.8015,0,177;3,4,0.3155,0,34;6,0,0.8635,0,77;2,1,0.0145,2,110
ood_compose_regime-02665	5	2	1	207,117,175,4,42,133,164,114,90,52,154,28,68,191,106,147,99,19,37,12,137,193,61,93,69,176,75,23,158,45,141,150,198,124,87,214	3,2,0.6215,2,82;3,3,0.5695,0,40;3,3,0.9185,0,151;2,5,0.5665,0,254;2,0,0.5255,0,126;3,3,0.3825,0,195
ood_compose_regime-02666	5	2	1	68,42,119,169,89,213,147,206,180,194,155,150,20,10,4,21,69,60,27,107,38,115,76,87,93,171,141,45,189,51,161,126,133,206,136,102	3,0,0.9305,0,207;2,4,0.4315,0,224;2,2,0.9975,0,158;3,5,0.3165,0,167;5,1,0.7645,2,233;5,3,0.1365,0,235
ood_compose_regime-02667	5	2	0	200,18,69,149,4,44,138,133,66,147,124,21,163,119,88,211,60,81,28,141,93,45,84,98,210,116,51,168,12,39,110,175,178,180,174,178	3,2,0.5405,0,56;3,5,0.8485,0,13;2,2,0.5305,0,164;8,2,0.0935,0,94;1,4,0.8645,2,136;3,3,0.5425,0,13
ood_compose_regime-02668	9	2	2	34,201,142,21,68,168,130,169,17,207,194,14,175,147,215,165,83,140,4,99,47,79,112,92,69,192,61,93,129,167,151,40,106,28,56,117	3,4,0.3355,0,164;3,0,0.1825,2,47;7,3,0.9125,0,19;6,1,0.9175,0,194;2,0,0.0305,0,247;8,0,0.9985,1,120
ood_compose_regime-02669	8	2	0	3,149,200,78,69,182,45,87,107,43,62,16,202,140,135,115,52,141,176,201,178,185,157,21,14,90,66,147,184,172,35,93,126,117,101,30	2,4,0.0585,0,158;5,1,0.7905,0,157;3,4,0.5615,0,30;5,5,0.4925,0,248;4,1,0.7715,0,51;5,5,0.8405,0,122
ood_compose_regime-02670	9	2	0	149,147,4,212,141,116,40,187,68,45,56,33,93,17,215,129,91,111,206,196,162,34,163,156,14,21,84,162,195,105,69,76,62,140,118,130	3,4,0.2955,0,215;8,0,0.1855,0,210;7,4,0.8955,0,121;3,2,0.6295,0,72;8,5,0.9835,1,116;8,0,0.9195,0,174
ood_compose_regime-02671	5	2	0	195,46,41,214,117,87,129,17,213,76,4,198,161,180,183,21,72,149,91,93,13,35,27,141,134,107,113,50,147,58,179,65,139,180,204,105	3,3,0.3385,0,125;2,1,0.2365,1,191;1,0,0.2035,3,128;3,5,0.6455,0,250;8,1,0.2515,0,64;8,4,0.6985,0,142
ood_compose_regime-02672	5	2	1	123,13,45,183,69,150,179,4,147,185,21,19,214,131,27,93,117,186,141,86,67,36,203,42,91,139,52,165,207,205,106,99,75,114,209,61	3,3,0.7835,0,156;2,2,0.5025,0,82;3,3,0.7765,0,32;2,4,0.6935,0,245;2,0,0.5015,0,87;2,1,0.6905,0,72
ood_compose_regime-02673	5	2	0	59,34,209,206,69,107,65,141,202,112,21,45,54,137,92,210,154,165,196,181,76,123,28,18,104,43,149,147,10,118,3,93,87,131,180,163	2,0,0.4585,0,106;3,0,0.6245,0,253;5,1,0.2645,0,247;3,5,0.9815,0,183;7,1,0.0595,1,132;2,1,0.2625,0,48
ood_compose_regime-02674	5	2	2	117,156,176,110,195,14,135,36,82,46,172,60,55,212,70,42,183,19,25,64,141,188,159,91,93,214,97,138,23,147,113,151,77,1,124,168	0,4,0.6075,2,130;0,2,0.4495,1,12;6,2,0.0785,1,177;4,0,0.7345,0,171;0,4,0.2335,0,92;3,5,0.4365,0,188
ood_compose_regime-02675	5	2	0	209,122,87,193,192,16,110,39,147,26,149,176,66,188,55,45,93,21,200,192,1,189,171,40,74,100,92,117,135,116,59,69,180,11,136,141	0,1,0.1375,0,166;1,5,0.0535,0,123;6,1,0.4085,0,227;1,5,0.9855,0,171;3,4,0.9525,0,240;1,5,0.0685,0,43
ood_compose_regime-02676	5	2	2	135,173,87,100,21,198,167,59,129,43,202,147,111,17,151,137,117,45,191,36,170,214,51,176,168,114,10,75,90,4,25,69,141,206,66,96	3,0,0.2225,0,101;0,2,0.7175,0,33;2,1,0.4025,0,63;2,5,0.4985,3,2;3,5,0.5945,0,37;8,5,0.2385,0,45
ood_compose_regime-02677	5	2	1	68,52,124,113,169,37,99,41,22,130,187,141,197,4,194,28,188,60,158,88,74,45,150,147,108,10,71,155,20,93,208,160,185,83,119,138	3,0,0.9165,1,189;3,3,0.3335,0,200;3,2,0.9665,2,121;1,1,0.1365,0,216;2,2,0.3905,2,168;3,0,0.4165,0,158
ood_compose_regime-02678	9	2	0	13,97,124,176,137,17,207,205,192,75,88,107,35,112,174,132,149,45,147,51,154,211,31,93,41,83,141,183,8,170,21,58,117,70,200,66	7,3,0.3845,0,92;6,1,0.2315,0,184;2,0,0.5715,1,55;2,1,0.0565,0,88;0,1,0.0225,0,239;3,2,0.3135,0,79
ood_compose_regime-02679	5	2	0	203,45,40,1,93,33,11,76,59,90,161,135,35,149,179,86,68,191,69,156,104,173,202,51,21,107,126,197,147,17,142,194,190,136,118,115	0,1,0.2885,0,24;8,1,0.0175,0,127;2,1,0.8385,0,61;3,4,0.5725,0,157;7,1,0.7515,1,109;5,5,0.0025,1,156
ood_compose_regime-02680	5	2	0	213,214,171,106,45,8,133,100,124,27,89,20,14,54,179,185,72,138,147,117,76,166,152,114,93,41,177,149,59,196,35,153,21,86,66,141	7,4,0.9735,0,240;2,1,0.3215,0,95;5,1,0.4415,3,121;3,4,0.2655,0,40;3,0,0.4815,0,84;3,3,0.5705,0,32
ood_compose_regime-02681	1	2	0	127,134,117,59,45,179,69,75,38,17,14,147,189,55,93,193,42,67,92,183,149,185,202,173,111,144,215,136,83,115,1,99,188,21,195,28	0,4,0.3085,0,92;3,4,0.4435,0,140;6,1,0.7765,0,175;2,1,0.9065,0,165;2,5,0.6775,0,162;6,4,0.0355,3,104
ood_compose_regime-02682	5	2	1	207,197,173,85,63,17,176,93,150,186,40,4,21,45,52,166,166,108,190,115,123,207,12,210,37,117,90,66,100,147,76,134,141,69,28,139	3,2,0.3635,0,32;3,3,0.0755,0,61;3,5,0.5045,0,55;3,3,0.4255,0,212;3,2,0.7545,0,33;2,4,0.7285,0,12
ood_compose_regime-02683	5	2	0	178,172,36,48,139,55,147,20,11,68,179,113,203,185,84,21,117,100,125,69,88,77,141,61,9,149,93,200,130,194,108,170,185,29,41,169	8,1,0.8675,0,193;4,2,0.3035,3,81;6,3,0.8585,0,33;4,2,0.1875,0,181;3,2,0.3485,0,83;4,0,0.6435,0,247
ood_compose_regime-02684	2	2	0	47,75,210,158,19,86,117,4,207,207,91,60,93,57,132,155,212,154,115,147,39,21,176,40,111,184,12,138,102,69,65,141,27,149,203,129	3,2,0.6625,0,176;2,5,0.1315,2,66;8,2,0.3145,0,211;2,4,0.6495,0,102;5,5,0.7665,0,234;8,2,0.5765,0,55
ood_compose_regime-02685	8	2	2	21,54,193,215,39,45,120,195,90,33,213,14,82,6,199,174,151,63,210,207,143,102,124,76,139,69,93,112,169,172,40,68,147,16,130,110	5,4,0.0875,0,234;8,5,0.0345,0,83;5,5,0.9985,0,27;3,0,0.4415,0,81;5,4,0.1725,3,204;3,0,0.7045,2,37
ood_compose_regime-02686	10	2	0	199,69,61,203,149,87,116,213,135,198,90,38,67,10,198,209,141,2,45,137,95,180,205,28,105,17,180,117,147,23,179,78,111,54,124,43	1,0,0.2955,2,95;3,4,0.6775,0,61;5,3,0.7885,0,99;5,5,0.5755,2,128;8,5,0.8975,0,42;3,5,0.3695,0,131
ood_compose_regime-02687	5	2	2	151,134,120,97,23,188,168,4,69,55,91,14,65,17,39,208,114,40,87,209,58,147,76,137,46,93,206,178,207,27,108,141,180,159,158,123	3,4,0.2755,2,61;2,5,0.0455,1,53;6,0,0.2555,0,86;3,5,0.7975,0,109;0,2,0.4625,3,13;2,4,0.3525,0,64
ood_compose_regime-02688	5	2	2	211,18,64,161,28,13,136,213,156,193,93,45,147,38,185,197,61,141,52,70,151,100,44,117,171,106,133,21,80,208,88,8,82,116,153,128	7,3,0.4755,0,102;3,4,0.9655,0,12;3,3,0.0015,1,191;7,0,0.1885,0,18;3,0,0.9615,0,96;7,3,0.1925,0,126
ood_compose_regime-02689	7	2	1	113,195,87,170,64,41,35,141,122,81,69,195,164,165,90,147,117,111,45,30,157,100,182,93,154,202,20,137,21,150,50,131,58,178,15,2	1,5,0.8935,0,178;5,1,0.2505,0,132;1,0,0.1335,0,40;8,5,0.5305,0,207;3,5,0.3705,0,102;1,1,0.2735,0,174
ood_compose_regime-02690	6	2	1	150,163,34,15,204,175,45,117,131,2,41,29,215,208,138,186,162,85,208,93,52,116,23,68,147,61,210,70,76,141,109,122,17,97,178,92	1,5,0.2385,2,5;4,0,0.3085,0,201;3,3,0.8605,1,23;3,3,0.9255,0,109;0,3,0.8365,0,108;1,1,0.5605,0,154
ood_compose_regime-02691	10	2	2	151,210,86,208,175,111,3,101,117,93,209,205,147,42,139,203,52,69,20,91,61,76,156,203,30,207,65,45,11,156,21,116,129,39,132,144	2,1,0.9675,0,68;5,5,0.4145,0,232;3,3,0.3835,0,20;3,4,0.7775,0,233;4,5,0.9575,0,177;8,2,0.6715,3,169
ood_compose_regime-02692	5	2	0	206,171,170,137,119,181,40,187,52,141,93,124,4,110,20,114,147,100,169,38,84,69,67,21,88,191,172,58,45,135,28,174,14,208,149,76	3,4,0.8875,0,74;3,4,0.0215,0,142;3,0,0.6765,0,150;3,2,0.0605,0,35;3,4,0.4675,2,157;3,5,0.2695,0,208
ood_compose_regime-02693	5	2	2	48,66,191,84,132,40,14,208,21,69,54,197,4,186,117,147,25,189,110,116,141,37,90,169,62,207,76,159,18,151,183,140,124,102,93,159	3,4,0.5695,0,24;0,3,0.0035,3,80;5,4,0.4085,0,221;3,2,0.5515,0,50;5,4,0.8845,0,151;3,2,0.9905,0,133
ood_compose_regime-02694	2	2	0	101,141,212,194,16,185,163,175,69,137,132,50,89,64,117,116,58,214,6,214,149,28,13,45,208,34,121,159,42,87,147,75,195,21,108,93	5,3,0.1725,0,46;3,0,0.5665,0,149;1,0,0.0335,0,184;2,5,0.3385,0,184;4,2,0.8995,0,107;0,2,0.3725,0,221
ood_compose_regime-02695	5	2	2	45,99,4,137,189,43,183,124,82,12,112,180,57,135,151,172,69,93,182,154,193,27,20,189,21,65,141,91,166,118,35,164,59,147,111,76	3,2,0.8815,0,64;2,1,0.7825,0,120;8,1,0.2385,0,166;3,0,0.7425,0,237;2,5,0.1135,1,25;3,5,0.2855,0,165
ood_compose_regime-02696	2	2	0	213,67,119,60,69,16,85,21,45,131,155,28,110,125,100,191,4,141,147,204,163,43,138,191,187,214,90,52,112,177,149,36,80,155,10,93	3,0,0.1655,0,233;3,2,0.7355,0,159;3,2,0.6225,0,47;7,3,0.5325,0,110;3,4,0.1115,2,240;4,1,0.4345,0,82
ood_compose_regime-02697	7	2	0	157,10,117,69,116,168,197,149,94,39,21,98,211,197,76,208,122,43,62,202,90,109,174,207,147,19,67,133,179,33,141,86,138,57,4,48	3,0,0.7005,0,87;8,5,0.6615,3,14;8,4,0.6895,0,68;3,4,0.5645,1,219;1,3,0.9135,0,197;1,3,0.5395,0,9
ood_compose_regime-02698	1	2	2	166,84,141,45,69,105,147,189,114,75,3,91,27,173,36,154,93,58,52,193,117,163,154,18,177,151,123,202,110,66,197,40,136,14,21,130	2,4,0.5265,0,164;2,2,0.1795,0,152;3,0,0.5685,0,14;2,2,0.7105,0,156;8,4,0.4455,0,140;2,0,0.0435,0,85
ood_compose_regime-02699	5	2	2	117,165,124,58,69,186,82,113,191,190,10,202,66,21,44,76,188,93,90,130,100,214,147,109,160,4,46,137,37,151,57,213,30,172,141,17	3,0,0.3355,0,127;5,3,0.9315,1,7;8,0,0.4585,0,219;3,0,0.4315,0,24;3,3,0.2635,0,70;3,0,0.3895,0,210
ood_compose_regime-02700	5	2	2	151,69,141,110,59,91,136,42,4,99,38,162,134,128,189,174,157,28,83,21,20,165,117,177,74,57,205,112,156,147,64,93,180,13,46,214	3,3,0.8155,0,38;3,4,0.5545,1,37;8,1,0.0145,0,175;1,1,0.7775,0,153;2,4,0.1415,0,252;7,4,0.0985,0,53
ood_compose_regime-02701	5	2	2	110,48,184,125,14,7,18,164,186,24,139,76,103,117,42,113,192,72,189,30,199,141,91,87,215,93,55,197,60,37,208,151,195,147,133,68	6,4,0.5855,3,244;5,3,0.4365,3,153;6,2,0.8885,3,24;3,5,0.7265,0,14;6,4,0.3925,0,9;4,3,0.7575,0,151
ood_compose_regime-02702	6	2	0	149,176,116,158,191,111,147,212,117,102,49,25,199,91,82,212,12,124,21,155,195,69,153,134,60,38,73,1,45,141,43,93,17,204,140,68	0,2,0.2285,0,254;0,4,0.7975,0,118;0,2,0.8625,0,70;0,0,0.7155,0,157;5,5,0.8765,0,204;3,4,0.8095,0,114
ood_compose_regime-02703	9	2	0	117,177,154,149,100,93,24,10,62,69,64,46,208,203,80,147,16,198,92,49,7,179,87,214,187,35,40,31,137,206,124,208,116,144,108,135	6,0,0.0465,3,224;6,1,0.0175,1,214;0,4,0.0575,0,225;7,5,0.9795,0,136;3,2,0.9915,0,3;3,5,0.3665,3,133
ood_compose_regime-02704	5	2	1	69,126,21,110,136,150,8,199,28,196,66,37,177,13,18,155,118,155,166,43,93,76,141,191,91,133,205,62,147,112,84,104,45,174,183,49	7,3,0.4635,0,89;3,3,0.6315,0,66;0,4,0.5445,0,207;3,2,0.6205,0,102;7,4,0.0075,1,1;5,3,0.0965,0,216
ood_compose_regime-02705	2	2	0	84,149,125,184,50,167,45,68,141,147,209,61,12,19,42,191,109,131,170,208,71,5,77,21,38,100,198,139,89,117,197,27,93,203,114,171	4,2,0.6735,0,209;2,4,0.5575,0,9;1,3,0.8125,2,140;4,2,0.2625,0,1;3,3,0.4225,0,41;4,1,0.6245,0,183
ood_compose_regime-02706	7	2	2	29,49,198,162,117,180,61,45,112,151,124,163,93,37,74,161,42,22,4,87,185,69,202,202,141,66,147,90,138,97,17,204,107,15,191,135	3,5,0.2935,1,229;4,3,0.4715,0,173;0,3,0.5525,0,209;1,5,0.4485,0,52;0,1,0.1615,0,66;3,5,0.4095,0,1
ood_compose_regime-02707	8	2	1	139,27,52,182,93,106,117,150,12,141,134,44,89,147,173,46,126,60,36,23,214,214,78,192,69,115,85,152,18,65,194,184,7,100,187,186	6,2,0.4675,2,178;2,2,0.8895,1,180;3,2,0.2665,0,16;5,3,0.2145,0,175;3,0,0.6405,0,90;5,4,0.7845,0,43
ood_compose_regime-02708	5	2	0	21,50,14,7,201,92,38,26,141,171,44,70,124,138,134,214,193,83,110,118,203,98,189,74,67,178,177,159,93,203,45,147,114,149,59,20	6,4,0.9085,0,137;1,4,0.9765,0,89;1,1,0.6065,1,242;1,1,0.9565,0,28;1,4,0.4625,1,34;3,4,0.4395,0,36
ood_compose_regime-02709	1	2	0	132,21,171,93,164,209,45,59,15,137,83,27,149,51,170,125,207,3,89,69,196,147,117,100,18,111,67,175,203,40,75,187,113,141,174,38	2,5,0.5915,0,184;2,4,0.1175,0,235;2,1,0.7125,0,92;2,1,0.3115,0,172;3,5,0.2635,0,141;4,2,0.2505,0,254
ood_compose_regime-02710	7	2	0	170,186,125,133,211,59,26,166,74,204,67,93,88,108,45,39,20,21,147,99,203,69,139,142,4,87,173,199,50,44,149,12,117,115,189,204	3,2,0.8575,0,165;1,5,0.8205,0,97;1,1,0.7805,0,239;1,5,0.1715,0,142;2,2,0.7665,0,238;4,3,0.6525,1,89
ood_compose_regime-02711	5	2	0	101,10,29,71,42,191,111,200,139,37,176,64,171,58,76,45,93,91,149,212,141,205,207,119,21,86,147,177,4,53,130,154,183,112,125,18	3,0,0.5405,0,253;4,3,0.4905,0,104;4,0,0.0775,2,50;3,4,0.7315,0,62;4,5,0.1955,2,104;4,0,0.6355,0,167
ood_compose_regime-02712	8	2	2	151,123,34,187,45,158,141,60,182,147,167,134,6,12,196,171,28,64,136,76,117,110,93,165,115,102,196,157,86,21,52,72,42,160,17,91	5,2,0.3885,0,82;3,0,0.5485,0,227;3,2,0.1775,3,20;3,4,0.6945,0,188;5,4,0.7445,0,42;2,4,0.1045,0,254
ood_compose_regime-02713	7	2	1	22,79,141,115,57,70,92,17,10,45,154,187,153,160,211,179,41,86,190,206,39,63,147,204,150,98,94,202,64,28,111,130,125,1,137,117	0,0,0.2265,1,191;3,5,0.3085,0,82;8,5,0.1695,1,25;6,4,0.9185,1,128;1,5,0.6135,0,17;4,0,0.2795,0,86
ood_compose_regime-02714	5	2	2	208,46,117,144,186,191,38,204,138,93,151,74,147,131,214,22,52,14,69,168,61,186,90,188,86,102,68,112,155,16,213,44,122,110,2,33	1,4,0.1625,1,113;8,4,0.8265,1,79;3,3,0.9845,0,84;1,4,0.5525,0,253;5,4,0.1895,0,131;1,1,0.4425,3,111
ood_compose_regime-02715	5	2	2	21,4,186,151,103,108,141,137,55,93,211,41,76,112,182,147,45,87,117,127,191,133,70,176,211,191,14,170,89,212,18,39,64,197,28,58	3,4,0.4775,0,83;3,5,0.3995,0,230;6,0,0.0595,1,78;3,5,0.3675,0,221;6,2,0.1945,0,184;6,3,0.2425,0,164
ood_compose_regime-02716	9	2	2	13,213,115,38,21,176,124,44,74,19,182,208,48,93,206,132,176,177,157,50,214,151,85,138,28,91,61,65,117,141,8,100,147,153,69,110	7,3,0.7555,0,224;3,4,0.8235,3,116;1,3,0.2185,0,10;1,3,0.7685,0,157;3,4,0.7485,0,48;3,2,0.4995,0,35
ood_compose_regime-02717	10	2	0	125,194,194,167,69,10,86,160,76,109,147,192,159,133,212,52,200,58,21,189,4,149,141,45,44,152,20,97,140,93,119,64,34,114,28,88	3,0,0.8335,0,149;3,0,0.8485,0,244;3,0,0.1395,0,9;3,4,0.0525,0,42;0,3,0.5395,2,218;4,3,0.8595,0,123
ood_compose_regime-02718	5	2	1	150,188,93,51,71,157,128,135,140,183,190,100,8,154,21,147,20,114,190,141,117,35,215,42,206,58,163,45,10,109,76,213,85,64,90,27	7,0,0.9865,0,2;2,1,0.4255,0,43;2,0,0.0595,2,135;3,3,0.5155,0,189;3,3,0.4725,0,236;7,5,0.8925,0,93
ood_compose_regime-02719	5	2	1	134,140,202,175,141,117,150,114,108,90,78,201,65,215,190,49,173,41,37,147,170,60,86,1,94,171,124,10,19,205,25,45,21,177,69,99	0,0,0.7465,0,127;0,3,0.3175,0,225;0,2,0.3675,0,206;5,4,0.4585,1,218;2,2,0.4345,0,0;3,4,0.8765,0,124
ood_compose_regime-02720	5	2	2	132,178,100,157,154,65,199,4,167,114,181,92,117,26,106,155,69,45,196,21,87,156,52,37,137,141,162,74,93,151,61,147,13,41,20,124	3,3,0.8965,0,205;1,3,0.2685,0,152;3,3,0.3395,0,216;1,5,0.9715,0,200;3,0,0.5965,0,247;3,2,0.3595,0,39
ood_compose_regime-02721	5	2	2	136,178,161,46,174,163,41,74,52,141,36,93,183,18,108,135,179,4,21,183,90,120,151,124,68,71,62,175,181,82,100,33,14,147,113,174	3,4,0.5545,0,133;8,2,0.3485,1,36;3,4,0.8765,2,132;1,0,0.4935,0,40;3,2,0.2195,3,61;3,5,0.1255,0,130
ood_compose_regime-02722	5	2	0	58,102,69,44,89,183,64,208,33,155,20,13,38,109,48,160,21,214,131,81,117,93,114,201,188,207,149,141,121,51,147,4,174,139,87,154	3,3,0.8565,0,213;8,4,0.9915,3,50;2,0,0.1165,0,23;8,5,0.2315,0,82;5,3,0.4405,0,149;0,1,0.7305,0,170
ood_compose_regime-02723	8	2	2	45,151,6,11,134,155,113,155,52,93,205,147,139,19,212,42,34,78,89,102,58,67,176,21,110,28,155,190,117,183,69,84,141,126,177,160	5,1,0.7375,0,228;3,0,0.4665,0,201;3,0,0.6875,0,82;5,2,0.2855,0,156;5,4,0.3735,0,227;5,4,0.7475,0,218
ood_compose_regime-02724	5	2	0	210,207,28,65,149,214,93,90,69,147,106,172,84,60,45,37,41,55,190,140,203,162,11,19,130,124,208,171,113,206,103,24,141,79,1,117	0,1,0.6755,3,225;3,3,0.3265,0,196;6,2,0.3385,0,246;6,2,0.5275,0,237;6,0,0.3555,0,185;3,0,0.9585,0,34
ood_compose_regime-02725	5	2	0	69,52,130,116,159,107,208,124,204,82,195,187,61,25,79,12,20,21,169,149,89,140,205,93,147,198,7,99,119,141,48,165,42,195,35,67	6,2,0.8525,0,240;0,1,0.4765,3,93;3,3,0.7345,0,254;6,0,0.3065,0,1;2,1,0.8055,2,8;3,0,0.9985,0,20
ood_compose_regime-02726	9	2	1	87,36,118,16,98,160,124,150,163,80,59,45,110,93,137,68,141,71,200,114,194,6,21,183,203,211,133,197,147,184,27,41,91,175,51,11	5,1,0.0605,0,50;2,2,0.2675,0,24;2,1,0.9835,2,188;7,5,0.6425,0,66;1,4,0.5395,1,54;3,3,0.2865,0,70
ood_compose_regime-02727	2	2	2	151,3,141,75,45,109,10,93,53,181,132,69,175,19,89,38,58,83,170,117,40,158,215,21,147,124,138,104,196,200,170,65,166,159,112,30	2,0,0.7225,0,134;5,4,0.0315,0,127;4,0,0.2915,0,128;2,1,0.3245,0,180;7,3,0.1005,0,163;3,2,0.5125,0,72
ood_compose_regime-02728	10	2	2	27,129,212,110,91,199,39,151,57,69,131,45,147,105,167,81,62,21,210,141,82,117,116,4,164,13,44,20,185,178,66,215,137,93,182,162	3,3,0.9035,0,216;2,5,0.8995,0,156;8,4,0.5235,0,106;8,0,0.7325,0,231;8,4,0.9465,0,166;8,1,0.2615,0,106
ood_compose_regime-02729	2	2	0	28,112,37,138,132,93,192,172,170,117,5,206,84,43,205,149,22,50,141,184,108,16,100,66,189,62,45,69,147,90,164,205,125,78,11,196	4,1,0.1695,1,74;3,3,0.7065,0,202;1,4,0.5575,0,198;5,2,0.4065,0,250;3,2,0.0105,0,214;4,2,0.4035,0,177
ood_compose_regime-02730	8	2	0	184,165,21,147,176,1,149,165,186,107,126,13,144,90,45,114,138,42,93,54,117,175,162,134,68,86,34,158,28,173,78,69,16,194,62,102	0,3,0.1175,0,237;3,0,0.4685,0,72;5,4,0.8325,0,20;5,4,0.5945,0,66;5,1,0.5345,0,246;5,4,0.5545,3,207
ood_compose_regime-02731	5	2	0	140,206,202,38,86,19,76,171,109,89,154,55,66,21,194,102,112,149,45,117,14,69,132,30,58,191,124,4,190,93,208,212,44,171,147,141	3,4,0.7405,0,3;5,4,0.8785,0,82;6,0,0.4045,0,171;3,4,0.3085,0,241;5,3,0.1035,0,89;3,2,0.8525,0,229
ood_compose_regime-02732	5	2	1	195,91,124,49,140,210,48,25,214,174,38,150,81,177,184,42,69,135,147,93,15,4,64,111,62,207,180,18,84,180,141,115,117,21,152,102	3,5,0.4215,0,135;0,4,0.5655,3,124;0,4,0.0455,0,86;8,2,0.7085,0,23;5,5,0.6275,0,254;3,5,0.8625,0,68
ood_compose_regime-02733	2	2	0	93,25,98,81,69,4,149,52,89,117,45,161,114,66,170,165,61,157,10,140,179,193,173,44,82,21,109,147,16,212,210,124,36,142,181,134	3,0,0.1145,0,156;0,2,0.8045,0,17;3,3,0.5135,0,73;8,0,0.3045,0,211;1,3,0.4935,0,132;3,4,0.9075,1,83
ood_compose_regime-02734	5	2	2	187,18,166,93,169,51,170,43,89,3,212,134,65,10,81,63,153,147,39,151,166,212,100,197,142,157,28,45,127,136,117,112,69,21,110,87	2,0,0.4515,0,177;3,5,0.6415,0,238;2,5,0.2655,0,148;8,5,0.2435,0,75;3,4,0.0175,0,11;6,4,0.0585,1,50
ood_compose_regime-02735	1	2	1	34,116,107,181,182,84,18,93,40,181,12,58,177,45,132,159,21,150,123,75,147,140,89,190,157,3,68,141,117,52,199,29,69,167,102,165	2,2,0.5895,0,137;4,0,0.0385,0,104;3,0,0.8545,0,112;2,2,0.3135,0,187;5,1,0.9405,0,71;2,2,0.9885,0,222
ood_compose_regime-02736	5	2	0	215,159,21,117,7,187,141,92,95,31,154,164,109,17,191,155,202,37,187,45,84,68,147,116,103,133,149,69,14,79,52,60,127,42,140,159	6,4,0.2385,0,172;6,3,0.5105,0,240;3,2,0.9665,0,27;6,2,0.8185,2,36;6,3,0.8085,0,28;6,3,0.9475,0,221
ood_compose_regime-02737	5	2	0	29,127,10,149,73,186,42,134,117,178,152,72,147,21,206,193,165,100,110,63,136,186,20,172,141,215,35,45,93,2,85,116,66,89,54,171	1,0,0.9365,0,241;4,1,0.5775,0,37;5,5,0.4525,3,79;0,3,0.2665,0,86;3,4,0.8735,0,156;6,4,0.1605,0,48
ood_compose_regime-02738	2	2	1	93,76,69,17,158,115,14,138,48,43,84,90,98,202,37,180,117,141,211,109,3,150,213,179,53,59,192,212,67,147,21,131,28,125,164,196	2,4,0.2275,0,125;3,3,0.7765,3,67;4,1,0.6965,0,237;3,2,0.4945,0,55;1,3,0.7605,0,185;4,1,0.4895,0,136
ood_compose_regime-02739	2	2	1	77,16,69,139,36,147,6,157,40,196,47,90,83,117,204,191,150,53,13,29,93,178,64,61,176,115,142,180,131,123,210,191,22,108,185,100	5,3,0.0285,1,223;4,2,0.1915,2,253;4,3,0.0105,0,62;4,1,0.5395,0,144;3,2,0.6905,0,152;2,1,0.6035,1,217
ood_compose_regime-02740	5	2	1	17,190,55,139,97,22,155,147,92,45,62,213,15,124,172,110,82,69,93,117,73,41,150,133,64,177,179,170,193,141,37,200,9,169,112,25	8,5,0.3605,1,56;0,3,0.3205,0,109;6,4,0.0285,0,121;0,0,0.8585,0,65;0,4,0.0505,0,240;3,3,0.7715,0,137
ood_compose_regime-02741	9	2	0	181,196,11,139,128,210,117,56,107,21,44,112,208,45,65,93,172,28,63,17,176,69,144,208,179,183,86,149,147,36,103,80,131,155,90,8	7,1,0.2325,0,98;3,2,0.9735,0,205;7,5,0.3015,0,230;7,4,0.4305,0,128;6,1,0.0905,0,42;7,1,0.6505,3,234
ood_compose_regime-02742	5	2	0	149,147,45,42,69,164,51,84,12,208,28,39,165,111,174,124,75,17,190,167,67,90,116,133,206,190,60,23,141,99,140,93,196,4,167,117	3,2,0.2285,2,190;3,5,0.4355,0,50;2,2,0.7865,0,113;2,2,0.5565,0,139;2,5,0.9265,0,179;3,3,0.9725,0,140
ood_compose_regime-02743	5	2	0	199,112,88,67,131,7,149,61,21,184,136,129,83,74,141,166,20,93,52,10,147,42,192,110,33,39,188,69,158,117,103,185,192,45,163,199	6,0,0.8885,0,138;8,5,0.5565,0,128;3,3,0.7315,0,245;1,1,0.1465,0,207;6,4,0.0815,0,131;8,1,0.0075,0,167
ood_compose_regime-02744	5	2	0	118,65,93,100,91,174,173,15,165,21,152,147,52,28,194,167,158,85,132,142,114,62,34,111,177,140,213,9,124,45,76,192,69,40,149,18	8,5,0.5895,0,181;3,0,0.0615,0,227;3,4,0.2655,0,251;3,3,0.6815,0,234;3,5,0.4255,1,205;3,2,0.8465,1,207
ood_compose_regime-02745	6	2	0	138,181,93,73,115,202,149,172,66,141,168,19,37,61,117,125,200,179,160,92,3,52,29,135,45,97,161,69,10,21,42,106,82,207,147,175	2,0,0.6545,0,166;4,3,0.5915,0,156;3,3,0.4505,0,109;0,0,0.9805,0,85;0,0,0.6385,0,229;4,5,0.5415,0,191
ood_compose_regime-02746	2	2	0	61,149,53,67,10,209,89,45,117,82,37,126,40,136,73,209,110,25,207,100,173,71,18,169,1,21,134,113,205,162,93,141,147,199,173,213	0,0,0.4695,0,186;0,3,0.0005,0,181;4,3,0.7595,2,24;0,0,0.2965,0,78;3,4,0.3575,0,43;5,4,0.1805,0,252
ood_compose_regime-02747	5	2	2	18,72,54,6,161,93,91,195,202,193,127,109,100,59,21,156,134,115,147,67,208,117,44,45,26,14,137,204,38,169,84,215,151,158,75,143	5,4,0.5945,0,15;1,4,0.9445,0,64;5,1,0.6775,3,123;2,2,0.7565,0,5;3,3,0.6065,0,6;6,4,0.2695,2,70
ood_compose_regime-02748	5	2	0	107,12,117,79,69,189,131,21,141,93,105,41,127,170,52,136,147,158,152,186,19,208,36,45,149,84,63,206,205,89,112,27,4,67,159,215	3,2,0.6845,0,49;2,2,0.3695,0,3;3,5,0.7225,0,81;6,2,0.2985,0,98;8,1,0.1395,0,4;6,1,0.0155,0,79
ood_compose_regime-02749	5	2	0	16,159,204,28,11,147,183,108,149,41,54,22,156,93,6,92,72,130,141,100,213,209,200,61,211,157,114,138,45,78,67,86,187,39,117,123	5,1,0.0605,1,96;3,5,0.3265,0,11;5,3,0.7335,3,93;5,4,0.8755,0,2;3,2,0.4635,0,180;2,0,0.4295,0,102
ood_compose_regime-02750	8	2	0	164,149,42,117,177,52,87,198,4,21,76,58,93,132,38,46,102,141,31,205,71,140,16,153,211,109,187,88,162,147,115,124,173,10,167,67	3,0,0.0035,0,255;6,4,0.4955,1,65;3,0,0.7115,2,68;3,5,0.0715,0,170;5,3,0.7355,0,144;3,2,0.8245,0,125
ood_compose_regime-02751	2	2	1	198,21,205,165,150,86,34,184,133,166,161,60,147,136,76,105,199,117,141,52,191,209,124,14,116,108,68,210,44,93,27,2,89,69,16,45	1,4,0.0805,0,98;2,0,0.8855,0,161;3,2,0.9835,0,103;3,4,0.3135,0,56;8,2,0.9225,0,43;3,3,0.0715,0,20
ood_compose_regime-02752	5	2	0	128,6,91,56,40,176,72,64,93,166,103,12,131,110,214,45,21,178,137,189,114,16,141,35,147,119,158,193,168,180,171,59,149,33,76,87	5,2,0.0415,0,246;8,1,0.0685,0,210;7,1,0.0175,3,162;3,5,0.7515,0,114;6,4,0.4905,2,217;7,1,0.3105,0,215
ood_compose_regime-02753	5	2	0	189,158,167,115,124,117,22,80,149,85,167,160,139,41,211,70,134,108,57,141,5,67,184,90,36,99,28,177,45,205,147,59,194,93,12,19	4,2,0.6845,1,188;3,2,0.3125,0,6;8,1,0.6545,1,234;7,3,0.4905,0,33;2,2,0.6385,0,164;3,4,0.7605,0,173
ood_compose_regime-02754	8	2	1	9,69,16,174,118,198,41,214,165,205,98,150,139,46,86,196,39,68,91,52,173,93,14,190,147,110,169,141,74,58,21,179,26,114,126,135	8,4,0.0255,0,72;1,5,0.2825,1,218;3,0,0.8155,0,28;1,4,0.6435,0,202;1,4,0.4535,1,23;5,5,0.7025,0,56
ood_compose_regime-02755	5	2	2	213,182,82,76,44,17,45,62,91,15,34,160,112,171,101,151,124,28,176,213,205,117,68,108,69,147,135,93,152,141,189,52,186,140,4,23	3,5,0.2565,2,51;3,0,0.8015,0,92;3,4,0.9615,0,11;3,0,0.7535,0,153;4,2,0.0355,0,138;3,5,0.9095,0,136
ood_compose_regime-02756	5	2	1	141,106,162,6,176,89,80,51,21,13,117,197,71,45,95,37,150,185,85,60,134,67,115,124,31,168,154,184,16,183,207,147,206,139,100,44	5,3,0.1825,0,22;6,3,0.8425,0,226;2,2,0.6695,2,80;7,3,0.2275,2,109;3,0,0.7905,0,206;3,4,0.7845,0,9
ood_compose_regime-02757	10	2	2	39,66,52,94,213,69,189,203,105,86,116,117,17,134,5,160,189,159,40,30,88,215,80,147,191,58,136,206,11,45,151,21,141,190,127,107	4,1,0.2055,0,132;5,5,0.0405,0,167;3,0,0.5695,0,105;7,4,0.1485,1,238;8,1,0.9635,0,15;6,4,0.1115,0,14
ood_compose_regime-02758	5	2	0	34,52,93,141,10,21,16,110,116,62,87,97,69,40,4,149,92,147,65,187,117,161,169,81,158,211,124,138,182,31,135,47,164,191,206,206	3,0,0.1715,0,228;6,0,0.0785,2,42;3,4,0.3745,0,224;8,5,0.8785,0,49;0,4,0.8995,0,192;3,5,0.5535,0,239
ood_compose_regime-02759	10	2	2	86,164,69,178,89,131,202,53,59,213,67,117,28,109,39,137,141,166,10,45,147,115,194,81,21,125,151,20,170,42,4,166,102,93,176,176	3,0,0.8445,0,225;3,5,0.4995,0,34;4,1,0.7475,0,185;8,4,0.2355,0,167;5,3,0.6885,0,64;4,1,0.3315,0,109
ood_compose_regime-02760	7	2	2	122,113,88,85,191,19,155,80,171,134,42,210,21,197,139,195,9,28,106,34,151,198,161,59,64,96,165,141,56,172,45,97,147,117,69,14	8,4,0.7305,0,133;3,0,0.5625,0,243;7,1,0.1335,0,57;7,3,0.0355,3,40;0,0,0.3275,0,234;1,4,0.6755,0,196
ood_compose_regime-02761	1	2	1	177,76,90,35,51,128,199,63,209,44,141,8,186,117,47,86,16,115,137,106,99,135,162,68,69,23,157,205,32,184,147,150,93,183,206,11	7,1,0.0115,2,211;7,1,0.8055,2,182;2,5,0.9385,0,236;3,4,0.4555,0,176;2,0,0.6005,0,165;7,5,0.2505,0,177
ood_compose_regime-02762	5	2	2	141,41,93,153,117,201,185,63,99,16,166,151,14,185,130,193,137,124,199,69,191,28,45,87,181,213,115,91,147,21,76,39,111,68,4,57	3,4,0.1625,0,206;3,5,0.2655,0,95;8,5,0.9605,0,50;3,5,0.7605,0,189;2,5,0.6235,0,43;3,0,0.2725,0,184
ood_compose_regime-02763	8	2	2	93,90,78,177,87,45,10,132,178,193,61,50,147,116,117,21,126,181,28,41,5,102,195,201,208,183,138,151,141,173,109,69,172,64,20,37	4,0,0.8485,0,34;3,3,0.3485,0,62;1,3,0.1215,0,172;5,5,0.4585,0,47;5,3,0.9585,0,131;5,2,0.4645,0,125
ood_compose_regime-02764	5	2	0	192,28,99,42,107,82,118,45,189,38,112,4,58,185,93,14,79,149,193,50,121,18,91,147,193,67,139,21,199,131,196,156,69,213,141,172	3,4,0.4865,0,251;3,4,0.4705,0,248;1,0,0.6515,0,23;6,0,0.7975,0,114;2,1,0.0045,1,168;0,1,0.7675,0,164
ood_compose_regime-02765	1	2	0	20,39,141,65,83,69,149,14,136,3,117,177,45,131,155,211,122,157,107,183,21,215,181,75,98,156,147,91,40,174,52,58,27,115,166,93	2,4,0.8955,0,162;2,5,0.1115,0,149;3,0,0.3975,0,230;2,1,0.6445,0,68;1,1,0.7155,0,229;1,1,0.0195,0,97
ood_compose_regime-02766	1	2	0	149,110,135,17,211,182,62,85,32,140,4,51,95,112,189,204,100,147,141,215,39,117,12,80,66,214,125,188,69,21,90,45,163,41,214,154	3,2,0.3285,0,221;7,5,0.2005,0,51;2,4,0.4275,0,24;7,3,0.5175,2,41;3,4,0.1495,0,108;4,5,0.9065,0,73
ood_compose_regime-02767	2	2	0	190,68,147,58,149,156,69,198,113,131,82,17,93,21,43,102,91,165,45,117,80,177,38,156,52,172,28,123,10,1,108,153,156,141,140,173	0,0,0.2045,0,161;3,4,0.6705,0,14;3,0,0.9995,0,67;7,0,0.7605,0,87;5,2,0.3535,0,233;2,1,0.9505,0,70
ood_compose_regime-02768	5	2	1	215,202,100,150,187,135,138,114,61,65,81,147,45,111,93,28,37,91,55,188,162,21,129,4,117,86,69,188,142,178,203,42,200,12,178,20	3,2,0.8635,0,149;3,3,0.4985,0,141;6,3,0.2625,0,11;8,4,0.7475,0,239;3,5,0.4015,0,101;8,5,0.4995,1,186
ood_compose_regime-02769	9	2	2	186,66,92,21,191,158,163,15,215,45,159,38,69,86,208,128,18,80,212,135,27,117,113,4,40,52,175,151,107,105,196,147,58,141,93,140	3,5,0.5595,0,243;2,4,0.1935,0,5;3,0,0.5665,0,189;7,4,0.8365,0,115;8,1,0.2125,0,183;7,5,0.9445,0,217
ood_compose_regime-02770	2	2	1	69,215,200,40,192,117,150,50,141,200,185,89,209,21,58,211,147,140,107,158,195,130,122,114,206,93,76,105,10,82,31,17,1,45,67,35	0,0,0.2555,0,22;6,1,0.1645,0,240;1,0,0.6565,0,209;3,0,0.3345,0,222;8,1,0.4665,0,34;1,0,0.8515,0,70
ood_compose_regime-02771	5	2	1	133,93,183,99,198,150,22,117,173,81,209,154,65,13,126,44,110,210,69,28,45,199,116,166,86,147,17,155,52,88,139,4,144,62,193,36	3,3,0.3245,1,39;3,2,0.8845,0,81;3,4,0.3925,0,210;8,4,0.0585,0,220;2,4,0.8515,0,54;5,3,0.6725,3,47
ood_compose_regime-02772	2	2	2	162,174,210,147,65,138,190,81,53,21,69,115,206,93,126,88,160,151,117,108,141,132,14,194,100,61,45,86,28,156,155,34,3,201,16,41	2,4,0.0685,0,204;3,0,0.3455,0,102;4,3,0.2905,0,198;8,4,0.0755,0,157;3,2,0.6715,0,202;5,2,0.4525,0,81
ood_compose_regime-02773	2	2	0	214,49,40,5,37,12,17,210,106,117,131,141,212,28,89,158,115,149,180,72,205,147,186,138,87,205,121,76,100,187,66,202,45,60,21,93	4,2,0.2135,0,161;3,3,0.0685,0,232;0,2,0.4665,3,151;3,5,0.2845,0,235;3,0,0.7225,0,115;0,1,0.4185,0,125
ood_compose_regime-02774	9	2	1	69,75,116,138,188,211,208,207,183,184,28,95,9,41,105,147,128,106,203,64,117,14,21,133,52,92,63,20,150,195,39,45,173,141,186,86	8,4,0.8725,0,0;3,5,0.2635,0,159;3,5,0.0265,0,231;2,4,0.9615,2,67;8,0,0.8105,0,253;7,3,0.4355,0,9
ood_compose_regime-02775	5	2	2	139,147,202,198,152,15,52,151,67,69,93,106,104,210,141,209,183,203,43,118,88,112,4,20,76,28,21,39,60,191,122,172,135,85,183,47	3,5,0.8345,0,0;3,5,0.7315,2,241;3,2,0.6395,0,17;3,3,0.0515,0,116;7,0,0.1835,1,142;1,5,0.7755,0,131
ood_compose_regime-02776	5	2	0	177,142,202,45,210,181,10,120,39,149,112,41,87,52,121,62,170,75,164,66,157,89,32,104,22,69,181,157,130,93,16,109,196,2,147,140	1,0,0.1265,1,209;7,5,0.3125,0,112;3,4,0.4615,0,238;2,5,0.3615,0,183;7,3,0.1565,3,158;0,0,0.9875,1,105
ood_compose_regime-02777	10	2	1	134,114,91,25,211,195,121,61,203,15,45,65,136,117,21,5,158,35,141,82,43,18,150,160,147,201,207,52,102,199,195,189,76,108,93,69	4,5,0.4585,0,51;0,1,0.7745,0,50;3,3,0.2035,0,131;3,0,0.6495,0,15;5,2,0.4915,0,69;0,4,0.0045,0,124
ood_compose_regime-02778	9	2	2	190,186,141,172,20,147,21,100,125,195,28,60,151,15,164,45,137,78,157,118,152,52,93,64,36,133,91,182,72,114,153,84,110,43,8,171	7,5,0.9825,0,33;3,2,0.6035,0,115;3,2,0.1965,3,148;5,2,0.6675,0,89;3,4,0.5005,1,96;4,3,0.3825,0,67
ood_compose_regime-02779	10	2	2	185,182,21,50,70,2,67,198,194,140,117,100,194,173,147,134,17,113,86,39,75,180,185,144,33,88,45,174,129,13,108,151,93,58,211,44	1,3,0.3375,0,191;8,5,0.8495,0,243;1,0,0.7915,1,254;2,4,0.0325,0,180;3,2,0.3045,0,80;8,4,0.9655,3,255
ood_compose_regime-02780	5	2	1	89,150,63,111,14,52,33,140,115,48,147,191,117,76,144,69,182,18,66,201,95,132,44,153,170,87,166,129,39,9,194,174,183,23,100,172	8,4,0.5345,2,119;8,5,0.9515,3,208;3,5,0.5685,0,208;3,5,0.3675,2,251;3,5,0.7215,0,138;8,2,0.9895,3,125
ood_compose_regime-02781	5	2	1	89,165,36,106,43,200,4,185,83,115,139,120,10,192,93,171,131,28,150,67,213,156,98,123,147,61,52,174,19,209,191,45,21,69,79,141	3,0,0.7695,0,107;3,2,0.6665,0,190;3,3,0.6665,0,112;6,1,0.3995,0,90;1,0,0.7925,3,246;2,1,0.6765,0,21
ood_compose_regime-02782	10	2	0	71,115,12,53,107,147,21,45,65,153,43,141,175,102,93,190,149,17,199,38,188,33,118,92,58,191,194,4,174,82,135,136,184,211,124,77	3,2,0.2915,0,71;8,4,0.7835,0,76;4,0,0.2515,2,67;4,0,0.8235,0,104;5,1,0.6395,1,83;3,5,0.1985,0,102
ood_compose_regime-02783	1	2	0	149,38,192,182,194,20,176,137,177,131,68,174,63,127,69,74,51,27,179,186,93,141,45,89,147,108,112,21,15,97,42,86,117,153,4,177	3,5,0.8985,0,51;2,4,0.5915,0,52;2,5,0.9585,0,156;1,4,0.2415,0,103;0,2,0.0945,0,243;6,1,0.2055,0,250
ood_compose_regime-02784	10	2	2	91,78,134,194,155,2,109,20,36,212,45,93,67,83,152,138,147,57,102,15,69,141,151,124,169,204,191,202,114,171,43,204,62,29,120,22	1,5,0.8295,1,1;4,2,0.7655,0,233;8,4,0.6065,0,174;5,1,0.6795,0,84;5,3,0.4685,3,192;3,4,0.5305,0,129
ood_compose_regime-02785	5	2	1	40,150,193,19,103,69,61,198,160,206,65,78,147,130,21,117,141,211,193,164,36,89,93,54,212,45,160,4,137,27,116,83,12,213,108,121	3,2,0.6045,0,50;2,2,0.0695,0,125;5,3,0.3995,0,71;5,1,0.3595,0,53;6,2,0.8935,0,33;0,0,0.3595,0,164
ood_compose_regime-02786	5	2	2	89,10,68,165,116,147,45,214,143,190,103,124,21,19,134,193,199,69,93,117,201,139,7,191,83,33,40,52,108,62,182,151,161,34,180,75	6,0,0.7525,0,72;8,0,0.0255,0,26;3,4,0.9885,0,126;2,1,0.3505,0,138;6,2,0.8975,0,131;3,4,0.7645,2,164
ood_compose_regime-02787	2	2	1	80,90,205,64,158,124,82,8,150,215,100,160,204,156,69,108,141,93,160,135,114,36,200,52,40,136,147,22,60,211,27,45,15,194,17,117	7,5,0.2025,1,221;2,2,0.1905,0,173;3,2,0.0775,0,120;7,0,0.5375,0,3;3,2,0.5645,0,224;3,5,0.0615,0,68
ood_compose_regime-02788	9	2	2	111,177,11,124,93,89,151,21,181,104,113,69,212,202,181,61,32,50,84,138,76,199,133,39,213,64,141,210,117,147,45,181,16,44,3,160	2,1,0.1975,0,178;7,5,0.9095,0,18;1,3,0.0785,0,21;3,2,0.2195,0,204;7,5,0.2825,0,68;3,3,0.5425,0,23
ood_compose_regime-02789	5	2	2	101,15,195,114,53,69,173,209,85,122,167,197,89,197,38,140,141,151,42,4,198,20,156,64,31,94,117,172,147,111,58,133,152,21,45,78	3,5,0.9365,0,30;6,4,0.5835,0,99;4,0,0.0955,0,73;5,3,0.3745,1,55;4,5,0.5025,0,63;1,3,0.8145,0,34
ood_compose_regime-02790	5	2	1	185,114,20,153,67,84,6,198,12,147,215,153,195,131,117,61,154,69,40,79,136,100,45,89,212,127,35,21,150,26,187,55,109,93,191,143	5,2,0.8555,0,206;1,1,0.1115,0,26;6,3,0.7775,0,0;6,2,0.3545,0,229;3,3,0.4905,0,11;6,1,0.1195,2,229
ood_compose_regime-02791	8	2	1	141,108,147,21,178,62,206,45,79,69,190,35,157,171,187,12,54,83,152,20,4,114,43,135,93,210,100,150,140,91,164,155,68,30,117,126	3,2,0.9325,0,234;5,1,0.7125,0,18;5,4,0.8825,0,25;6,1,0.7655,0,82;3,2,0.4995,0,55;5,5,0.8355,0,204
ood_compose_regime-02792	8	2	2	141,120,147,66,36,151,30,175,192,93,181,161,13,162,70,76,60,155,45,212,44,135,16,174,92,51,21,126,7,137,112,108,153,85,187,103	6,3,0.1995,0,150;5,2,0.9285,0,112;2,2,0.4495,1,192;3,3,0.9605,0,7;6,2,0.0355,3,40;5,5,0.3575,0,2
ood_compose_regime-02793	5	2	0	129,10,70,168,130,147,156,143,189,45,52,99,115,157,140,149,93,213,87,183,9,191,21,66,177,108,62,41,17,38,120,191,76,90,197,27	8,0,0.2145,0,221;2,4,0.2565,0,24;3,4,0.5215,1,237;3,5,0.5385,0,186;2,2,0.7365,3,183;8,0,0.9565,2,5
ood_compose_regime-02794	5	2	0	162,109,2,141,93,147,208,76,21,112,44,87,195,130,184,120,26,61,173,69,45,55,215,166,101,35,211,179,65,140,161,123,89,19,149,13	1,3,0.6025,0,83;1,1,0.9775,0,19;6,3,0.3655,0,7;3,5,0.3355,0,136;4,3,0.0505,3,39;2,0,0.9645,0,100
ood_compose_regime-02795	5	2	2	85,37,77,43,163,152,107,1,21,28,103,69,147,157,170,202,124,168,19,96,151,141,45,152,52,187,130,66,60,158,117,136,114,200,13,92	0,3,0.7005,0,167;3,3,0.6425,0,5;3,2,0.5605,0,12;4,3,0.8445,3,81;6,1,0.4245,0,135;3,0,0.0225,0,252
ood_compose_regime-02796	5	2	1	93,215,18,194,117,66,178,198,147,114,184,82,4,123,45,180,169,185,131,21,110,43,103,150,12,192,140,141,37,28,183,69,61,79,52,90	3,2,0.5465,0,251;3,3,0.7905,0,88;3,3,0.5685,0,154;6,0,0.5725,0,129;6,4,0.4505,0,0;2,1,0.9915,0,183
ood_compose_regime-02797	5	2	2	18,7,163,39,141,208,200,163,111,170,90,215,93,47,55,67,28,134,197,182,136,21,124,14,115,76,58,69,118,100,200,151,82,196,44,147	6,4,0.5555,0,54;3,5,0.8475,2,39;6,0,0.6385,0,10;3,0,0.5045,0,3;3,5,0.7055,1,86;3,4,0.0455,0,250
ood_compose_regime-02798	5	2	1	156,114,80,52,163,154,172,195,212,90,150,38,117,131,4,147,96,21,160,86,28,58,10,106,20,159,69,45,162,66,121,100,44,136,208,143	3,0,0.9775,0,12;3,4,0.8185,0,98;3,0,0.5585,0,177;7,4,0.4675,3,76;3,0,0.5525,0,94;0,1,0.1995,2,55
ood_compose_regime-02799	5	2	1	5,165,16,185,44,112,150,199,45,51,90,87,129,66,154,131,211,12,162,34,141,69,184,147,117,180,110,76,104,60,208,21,138,213,33,93	4,2,0.1815,0,0;8,0,0.9235,0,23;2,2,0.4235,0,50;3,5,0.5995,0,143;7,4,0.1565,0,47;8,1,0.4325,0,91
ood_compose_regime-02800	5	2	2	196,147,203,44,62,75,124,132,93,45,170,3,197,211,49,192,188,141,176,86,64,151,17,116,23,140,153,185,100,10,26,69,117,39,89,108	2,0,0.3365,2,77;1,5,0.8245,0,107;0,4,0.0195,0,204;2,4,0.3495,0,230;3,2,0.9855,0,55;3,2,0.9485,0,107
ood_compose_regime-02801	5	2	1	117,10,212,141,59,209,69,34,178,114,109,76,150,50,19,4,28,97,86,42,170,207,45,179,93,135,208,182,65,21,211,138,188,128,92,147	3,0,0.6425,0,95;3,0,0.4625,0,248;1,1,0.2115,0,90;3,4,0.9025,0,157;0,3,0.5585,0,105;7,5,0.4085,0,154
ood_compose_regime-02802	5	2	1	100,76,141,199,91,176,111,180,204,17,1,44,176,168,138,113,150,82,189,11,69,93,159,147,179,134,117,214,49,21,28,65,36,62,121,45	0,1,0.2795,0,103;3,2,0.9975,0,203;0,4,0.3145,0,163;3,0,0.6915,0,163;3,5,0.3985,0,175;0,4,0.5655,0,185
ood_compose_regime-02803	5	2	0	157,207,81,141,84,58,92,129,13,120,210,101,130,21,4,39,159,107,194,20,166,53,149,202,96,159,41,69,65,203,147,29,140,188,113,45	3,3,0.8225,0,167;4,5,0.3425,0,71;4,0,0.3845,0,143;8,2,0.9395,3,116;4,1,0.3425,3,191;8,0,0.8945,0,18
ood_compose_regime-02804	5	2	0	166,89,124,60,188,170,35,16,10,149,84,196,69,156,5,117,134,183,193,76,191,66,138,93,103,210,53,108,40,33,156,21,147,141,48,115	4,0,0.1325,0,62;8,1,0.1365,3,248;4,2,0.4655,0,190;3,2,0.2235,0,133;6,2,0.6465,0,162;3,4,0.5885,0,117
ood_compose_regime-02805	1	2	1	80,51,110,209,87,150,141,3,201,192,138,123,69,45,21,117,63,163,93,27,157,100,131,35,147,157,44,116,196,89,68,19,161,193,14,153	2,4,0.6275,0,188;2,1,0.8375,0,164;2,5,0.9035,0,77;7,5,0.2825,0,174;3,4,0.9165,0,93;2,1,0.5655,0,236
ood_compose_regime-02806	1	2	0	85,111,115,157,177,59,209,127,68,45,17,179,149,177,141,15,27,93,69,3,38,147,159,90,22,51,133,117,156,159,181,76,44,99,139,184	2,5,0.2975,1,182;2,4,0.8185,0,152;2,1,0.9945,0,31;3,3,0.5445,0,115;2,5,0.6795,0,224;6,3,0.6865,0,33
ood_compose_regime-02807	5	2	0	73,7,194,116,14,52,28,147,123,117,34,154,58,200,149,141,140,135,24,194,96,45,89,175,17,214,65,173,167,69,43,109,100,207,212,86	6,4,0.3725,3,178;3,0,0.7715,0,100;3,0,0.3395,0,132;0,4,0.3565,3,129;3,3,0.9495,0,126;2,5,0.9515,0,141
ood_compose_regime-02808	1	2	0	80,90,116,42,136,45,165,65,189,170,19,141,14,132,98,21,93,147,34,120,123,154,85,190,172,149,195,52,58,209,69,208,3,168,27,111	2,4,0.7085,0,165;2,0,0.5195,0,171;3,0,0.2805,0,91;7,3,0.5325,0,202;1,5,0.9145,3,194;2,2,0.1945,0,21
ood_compose_regime-02809	8	2	2	45,189,76,93,36,28,134,69,154,153,102,114,51,147,151,14,85,153,117,138,41,68,183,110,153,176,141,17,164,89,167,182,22,126,9,59	8,4,0.3245,1,34;3,2,0.3925,0,251;2,1,0.8925,0,137;3,3,0.3275,0,30;5,4,0.5455,0,25;5,4,0.5255,0,9
ood_compose_regime-02810	5	2	1	129,188,156,132,183,163,182,82,93,1,39,141,189,114,194,20,70,138,76,109,179,117,150,21,28,147,10,51,91,43,162,68,60,45,179,101	0,0,0.8155,0,121;3,5,0.7945,0,47;2,2,0.8385,1,111;3,0,0.6365,0,249;4,3,0.5135,0,195;8,2,0.4805,0,248
ood_compose_regime-02811	5	2	2	10,20,45,204,40,186,58,69,215,37,117,203,154,159,79,86,178,207,4,21,115,151,141,197,93,108,139,198,123,64,90,147,28,100,130,57	3,0,0.9065,0,187;3,3,0.0045,0,230;8,0,0.1855,0,220;6,4,0.5365,0,28;3,2,0.7315,0,196;2,0,0.6835,0,220
ood_compose_regime-02812	9	2	2	10,128,35,62,165,200,117,65,181,147,73,48,202,157,100,182,3,92,115,140,134,165,93,141,212,108,40,69,84,156,25,56,18,192,23,151	2,0,0.4325,2,74;0,1,0.0645,3,213;7,4,0.2465,0,169;0,2,0.9915,0,147;3,2,0.7465,0,120;7,4,0.8775,0,54
ood_compose_regime-02813	5	2	2	183,62,69,86,65,94,28,207,130,50,199,215,211,37,177,185,117,155,45,151,140,183,12,44,187,110,112,5,21,141,75,147,125,18,99,90	4,2,0.5005,0,184;3,3,0.8735,0,222;1,4,0.3175,0,184;2,4,0.5265,1,131;2,4,0.1255,0,35;4,0,0.9015,0,112
ood_compose_regime-02814	5	2	1	170,52,188,147,30,133,21,208,45,150,138,83,141,39,162,164,93,119,167,77,192,17,106,69,88,186,11,58,115,215,6,124,173,101,68,41	5,1,0.2205,0,237;5,5,0.2295,0,80;3,0,0.9665,0,49;4,1,0.1605,0,179;4,0,0.6965,2,231;3,3,0.5805,0,200
ood_compose_regime-02815	5	2	2	191,133,56,6,141,171,69,45,147,199,176,212,117,140,32,153,12,195,112,39,210,103,93,124,24,91,206,62,110,40,19,151,177,67,83,74	5,2,0.7555,3,254;7,5,0.1925,0,107;7,4,0.6125,0,236;1,1,0.7345,0,130;6,4,0.0185,0,157;3,3,0.9955,0,253
ood_compose_regime-02816	1	2	1	190,66,113,42,52,33,21,58,123,45,93,131,186,208,71,14,4,147,99,161,193,137,181,150,179,117,19,202,75,87,34,110,91,178,141,190	3,4,0.6175,0,243;8,0,0.4735,0,7;3,0,0.5445,2,48;2,5,0.7985,0,212;2,4,0.3245,0,58;2,1,0.2565,0,245
ood_compose_regime-02817	1	2	2	82,93,191,116,214,98,196,51,147,141,23,66,2,200,137,131,118,45,195,92,208,153,41,171,16,10,151,27,123,187,35,110,160,76,69,59	1,0,0.1575,2,166;2,1,0.3125,0,219;2,1,0.5115,0,67;3,0,0.9735,0,107;1,4,0.9455,1,67;2,1,0.2235,0,160
ood_compose_regime-02818	5	2	1	206,92,147,167,133,106,4,42,59,31,93,162,14,116,100,199,182,24,83,141,150,117,50,138,47,79,213,215,69,64,156,34,17,173,209,124	3,4,0.3795,3,159;6,0,0.5345,2,32;1,1,0.0895,0,158;6,1,0.9835,0,198;3,0,0.8205,0,163;3,3,0.5205,0,137
ood_compose_regime-02819	5	2	0	196,149,162,147,161,93,17,121,130,21,208,179,4,106,136,76,155,168,69,59,171,41,34,141,85,13,92,66,174,53,116,32,45,191,103,117	3,3,0.2395,0,64;7,0,0.3385,0,67;4,1,0.4255,0,59;3,3,0.9835,0,147;6,0,0.9875,0,143;0,0,0.0395,0,81
ood_compose_regime-02820	5	2	0	18,77,35,176,117,45,3,169,173,214,195,66,92,93,131,59,128,85,43,71,116,149,168,201,23,199,212,136,147,204,27,100,141,111,15,53	2,5,0.4285,2,94;2,1,0.7555,0,50;4,1,0.5005,2,83;4,3,0.9295,0,240;3,5,0.8575,0,60;7,1,0.1545,0,74
ood_compose_regime-02821	5	2	2	169,147,22,93,151,177,119,215,183,65,181,43,192,75,20,13,7,92,83,141,45,124,52,185,115,139,69,134,63,169,100,204,109,30,39,156	6,3,0.9465,1,143;5,5,0.7405,0,208;3,5,0.3715,0,64;2,1,0.8015,0,52;3,3,0.6635,2,160;3,4,0.6335,0,246
ood_compose_regime-02822	5	2	2	86,186,45,182,117,213,67,137,168,189,93,31,208,133,193,153,102,147,90,6,19,69,55,143,109,62,156,151,76,113,185,44,15,127,35,21	5,5,0.7605,0,26;6,1,0.9895,0,230;6,4,0.6445,0,177;3,4,0.5065,0,172;5,3,0.2995,0,43;6,3,0.3475,2,4
ood_compose_regime-02823	5	2	2	4,10,186,76,175,121,111,41,37,21,213,199,130,166,117,85,171,69,92,93,52,100,116,183,63,193,188,151,20,28,45,152,140,66,147,143	3,0,0.9115,0,79;3,3,0.3795,0,151;3,5,0.4875,0,211;3,3,0.9085,0,152;3,5,0.9285,0,132;0,0,0.9995,2,115
ood_compose_regime-02824	5	2	1	66,38,19,117,93,24,135,45,184,204,154,214,209,124,92,100,60,76,213,10,27,165,84,197,154,141,137,57,44,71,109,150,158,147,114,7	6,0,0.6205,3,18;2,4,0.9785,0,1;8,2,0.4845,2,44;3,2,0.9955,0,224;3,3,0.4665,0,1;3,5,0.2715,0,128
ood_compose_regime-02825	5	2	0	69,214,147,100,88,17,68,215,5,30,141,211,157,117,73,61,93,41,183,160,171,149,169,83,37,116,12,52,109,164,23,126,164,48,136,135	4,2,0.3005,2,114;5,3,0.2905,3,238;3,3,0.8905,0,138;0,1,0.1075,0,190;3,3,0.8565,0,152;5,5,0.0125,0,59
ood_compose_regime-02826	5	2	1	141,117,112,136,32,81,67,60,93,19,90,163,195,82,13,4,201,107,168,185,133,21,101,177,205,69,147,161,161,49,125,168,48,37,40,150	3,3,0.7745,0,21;7,3,0.1335,3,179;0,2,0.6435,0,19;8,0,0.5525,0,46;4,1,0.0095,0,238;4,3,0.1015,0,207
ood_compose_regime-02827	5	2	0	5,117,112,73,69,160,186,92,22,18,173,162,190,31,215,181,85,62,35,140,106,155,42,204,210,93,149,45,141,124,66,15,147,52,101,135	4,5,0.5275,1,11;6,1,0.4865,0,161;3,4,0.5315,0,237;0,3,0.9085,0,199;4,0,0.0555,0,32;3,5,0.8445,0,9
ood_compose_regime-02828	5	2	1	150,98,78,28,147,42,161,45,115,130,109,61,38,200,4,117,187,141,91,84,21,169,205,158,183,69,136,13,188,121,20,178,93,181,68,49	3,3,0.9085,0,218;3,4,0.4065,0,209;0,3,0.8675,0,210;5,2,0.6615,0,30;1,3,0.6005,0,252;0,0,0.1645,0,166
ood_compose_regime-02829	5	2	2	60,147,76,100,21,39,69,115,93,151,177,45,66,132,136,4,141,88,185,209,206,161,52,109,191,187,213,121,85,117,14,210,27,165,43,19	3,4,0.6195,0,156;2,5,0.7715,0,41;3,2,0.5355,0,225;3,3,0.0555,0,19;3,3,0.7085,0,12;0,2,0.1715,0,183
ood_compose_regime-02830	5	2	0	133,113,21,153,215,12,63,85,90,124,76,168,64,188,171,141,209,35,42,214,6,197,27,45,138,117,147,19,69,184,56,190,110,93,100,149	5,2,0.6205,0,162;2,1,0.5585,0,246;7,5,0.1465,0,46;3,3,0.4975,0,196;3,4,0.2805,0,12;3,3,0.4435,0,217
ood_compose_regime-02831	2	2	1	49,58,199,158,181,114,110,131,117,150,45,80,100,171,128,17,12,34,89,5,198,69,214,147,66,172,137,21,85,25,186,94,141,178,42,154	4,2,0.2675,0,234;0,0,0.4865,0,242;0,0,0.4865,0,124;7,3,0.2455,1,117;3,4,0.5665,0,72;7,1,0.2415,0,40
ood_compose_regime-02832	10	2	1	172,207,76,100,147,211,141,157,93,45,82,113,193,72,106,167,43,65,34,196,168,17,129,25,168,58,50,119,174,150,10,135,22,2,139,90	1,0,0.2475,1,155;0,0,0.6345,0,1;1,0,0.3575,3,66;3,0,0.5945,0,40;3,0,0.3835,2,231;8,5,0.6835,0,253
ood_compose_regime-02833	9	2	0	76,184,147,184,32,114,117,170,23,45,12,59,100,96,89,4,141,71,184,42,149,182,122,167,34,185,66,56,82,175,18,106,139,210,156,133	3,2,0.4775,2,32;7,0,0.4745,0,91;7,1,0.5725,2,127;3,0,0.2925,3,40;3,0,0.4785,0,112;1,3,0.6825,0,189
ood_compose_regime-02834	5	2	1	9,45,43,181,105,147,150,193,116,14,198,75,63,155,37,92,28,176,200,117,152,17,127,130,110,138,68,71,57,141,211,206,93,174,21,83	8,4,0.3495,0,24;3,3,0.6815,0,98;8,5,0.8275,2,14;2,1,0.8505,0,167;8,4,0.9985,0,248;6,0,0.4885,0,113
ood_compose_regime-02835	7	2	0	62,93,40,36,195,106,136,52,149,183,199,147,155,199,21,214,27,130,100,158,4,125,48,86,74,171,64,120,92,141,174,70,18,14,215,115	3,4,0.5895,0,236;2,2,0.0205,3,180;3,4,0.1565,1,84;1,4,0.8575,0,242;3,0,0.6965,3,234;4,0,0.0885,0,111
ood_compose_regime-02836	5	2	2	92,7,129,141,93,137,58,147,199,36,44,75,106,112,28,56,204,66,166,21,151,97,69,183,16,86,168,45,156,197,160,157,132,177,117,13	6,3,0.0315,0,181;3,2,0.9115,0,102;7,0,0.4285,0,9;2,4,0.8395,0,123;0,0,0.1325,0,245;8,2,0.2285,0,134
ood_compose_regime-02837	5	2	1	181,208,215,169,150,28,66,63,139,134,117,52,199,141,93,213,69,12,84,108,19,181,45,91,44,34,203,3,198,21,147,123,97,112,153,78	2,2,0.6675,0,66;3,0,0.9285,0,24;3,5,0.5975,0,87;5,2,0.7645,0,214;0,2,0.1675,0,224;2,4,0.7275,0,241
ood_compose_regime-02838	5	2	2	65,183,73,211,159,85,110,113,156,144,132,105,187,4,124,184,138,94,164,147,57,69,120,156,39,28,186,171,12,45,44,62,21,92,151,17	3,2,0.2505,0,203;3,5,0.9565,0,155;8,4,0.2735,0,32;0,3,0.8825,1,20;8,4,0.2065,3,5;3,2,0.5775,3,175
ood_compose_regime-02839	5	2	0	114,69,8,149,132,141,95,98,25,20,152,74,121,117,21,147,161,189,159,48,11,178,106,34,187,63,91,200,200,87,196,52,199,68,44,137	7,1,0.8145,0,154;0,0,0.8735,3,67;3,5,0.8885,0,86;1,5,0.6085,2,29;1,0,0.5375,0,151;0,2,0.3845,0,137
ood_compose_regime-02840	2	2	1	168,172,184,52,5,150,198,147,205,104,21,117,69,155,18,213,60,37,188,45,132,197,41,11,32,113,81,129,141,140,93,88,110,84,68,206	4,1,0.4505,0,174;7,3,0.2125,0,44;3,2,0.8285,0,162;8,2,0.1655,0,83;7,4,0.2325,0,216;8,2,0.8775,0,27
ood_compose_regime-02841	5	2	1	90,140,161,36,201,9,59,210,117,165,74,10,85,116,179,208,69,93,28,189,207,45,189,131,150,21,100,110,129,184,67,50,144,147,16,41	8,0,0.0515,0,119;3,2,0.3605,0,240;1,1,0.7255,0,87;1,3,0.5005,0,188;3,4,0.9085,0,136;8,1,0.9065,3,73
ood_compose_regime-02842	5	2	0	198,138,76,149,173,106,215,165,117,63,167,167,190,68,143,69,4,82,20,187,152,52,100,93,201,147,38,46,112,12,88,42,21,32,124,130	3,2,0.8815,0,18;7,4,0.4855,1,239;3,5,0.8995,0,240;3,0,0.1235,0,35;3,0,0.0645,0,130;3,0,0.5645,2,157
ood_compose_regime-02843	5	2	2	15,3,123,36,19,196,117,144,173,113,182,88,170,93,171,41,69,45,65,76,147,138,134,100,192,63,52,195,198,84,202,151,27,110,177,21	2,5,0.6245,0,106;2,2,0.3275,0,229;3,5,0.3735,0,69;3,2,0.1755,0,139;3,4,0.3085,0,4;2,4,0.4365,3,199
ood_compose_regime-02844	10	2	2	180,117,211,62,144,86,71,17,139,165,100,24,151,147,14,41,159,181,124,28,45,52,116,34,93,81,2,68,208,185,133,211,108,213,92,157	1,4,0.3355,3,130;3,0,0.2175,0,35;3,4,0.9145,2,195;8,4,0.8155,0,240;3,2,0.9065,0,30;3,3,0.7955,3,37
ood_compose_regime-02845	5	2	0	149,178,114,196,110,202,52,205,141,124,21,138,117,63,93,163,6,174,99,161,180,28,71,65,157,185,16,45,147,12,82,91,132,44,38,76	5,2,0.0155,0,42;3,4,0.8925,0,111;3,5,0.2015,2,1;3,0,0.7775,0,216;2,4,0.5255,0,128;3,2,0.5515,0,198
ood_compose_regime-02846	2	2	2	141,209,132,35,45,93,151,52,58,107,165,174,193,9,74,147,12,115,21,173,18,192,202,91,137,33,99,86,124,117,68,72,211,164,42,168	8,2,0.5625,0,196;8,1,0.4635,0,159;3,0,0.9925,3,155;1,4,0.6045,0,241;2,1,0.7135,0,61;3,2,0.2325,0,73
ood_compose_regime-02847	5	2	0	117,16,135,162,149,14,76,187,194,100,213,93,144,147,52,161,34,124,4,46,197,203,156,29,41,63,88,106,65,157,115,171,23,137,84,69	3,4,0.0205,2,237;4,0,0.2435,1,7;3,5,0.2685,0,85;3,2,0.0835,0,241;3,0,0.6045,0,204;3,5,0.3045,3,253
ood_compose_regime-02848	5	2	0	204,40,141,9,178,149,168,158,58,31,91,205,18,182,66,69,82,55,127,203,116,45,104,200,23,76,132,15,136,199,34,93,172,111,147,119	8,5,0.4515,2,224;6,0,0.0585,0,236;6,0,0.5265,0,153;3,0,0.6515,0,3;7,5,0.9175,2,46;6,2,0.0485,0,81
ood_compose_regime-02849	8	2	0	98,58,39,118,107,91,215,147,199,85,149,19,4,14,141,169,132,52,177,212,30,43,93,123,45,68,78,69,116,202,198,168,177,211,24,140	3,4,0.6765,3,147;5,5,0.6845,0,8;3,0,0.9565,0,165;5,3,0.6195,0,56;1,1,0.8295,1,129;2,2,0.9265,0,161
ood_compose_regime-02850	5	2	2	55,7,117,141,42,206,213,95,60,175,32,173,203,124,134,147,192,66,105,151,91,178,191,111,113,16,138,80,82,35,10,69,179,197,48,21	6,0,0.1575,0,61;7,1,0.4085,3,193;6,2,0.5745,0,201;7,0,0.7215,2,59;8,5,0.3705,0,135;3,4,0.4685,0,11
ood_compose_regime-02851	5	2	0	117,116,44,173,14,182,187,92,93,69,180,108,177,45,25,37,178,76,124,54,183,64,167,18,141,140,102,130,147,196,85,22,1,63,187,149	0,4,0.5405,1,133;0,3,0.9555,0,166;5,5,0.0435,0,63;3,3,0.8545,0,34;5,2,0.9135,0,162;3,0,0.8295,0,164
ood_compose_regime-02852	2	2	0	163,69,92,38,147,93,168,141,109,158,133,191,120,199,40,113,82,58,184,202,68,27,8,76,149,184,207,52,47,211,124,10,136,21,101,16	7,0,0.0265,0,34;2,4,0.0035,2,82;3,0,0.9685,0,228;3,0,0.8755,0,242;4,3,0.3945,3,28;3,3,0.0655,0,195
ood_compose_regime-02853	5	2	1	215,20,147,115,141,76,45,152,209,44,159,196,135,69,6,158,136,37,64,126,193,62,90,198,117,208,174,102,150,28,51,23,111,87,13,93	5,3,0.9545,2,152;3,3,0.8235,0,40;2,4,0.0995,0,74;3,5,0.5935,0,60;5,5,0.6755,0,101;5,5,0.0955,0,26
ood_compose_regime-02854	7	2	0	10,75,124,26,99,197,67,95,159,139,188,208,69,155,82,117,4,22,38,210,50,141,149,110,203,190,45,44,113,16,132,147,88,155,167,59	3,0,0.1875,1,240;1,4,0.9975,0,185;1,1,0.7355,0,220;2,0,0.0975,2,168;2,4,0.2445,0,80;3,2,0.6805,0,222
ood_compose_regime-02855	9	2	1	89,53,87,158,150,192,168,209,204,117,12,36,21,147,187,139,197,61,141,77,124,155,45,4,130,19,203,69,41,64,93,116,111,169,104,33	3,2,0.7855,0,1;8,2,0.2085,0,255;4,3,0.0095,0,240;4,5,0.3005,0,229;7,5,0.9775,0,241;3,0,0.7875,0,81
ood_compose_regime-02856	8	2	2	64,117,51,108,4,213,30,153,63,160,16,147,89,200,93,151,77,152,43,160,132,201,112,184,175,140,84,24,39,124,154,45,141,100,70,14	3,4,0.1465,3,63;5,5,0.7265,0,94;2,5,0.1925,1,142;4,2,0.3335,0,21;3,2,0.0195,0,231;3,2,0.8515,0,20
ood_compose_regime-02857	5	2	1	200,179,193,186,89,153,113,34,45,134,21,101,28,171,117,76,85,69,8,52,93,179,147,140,150,111,155,124,41,177,66,13,141,180,63,16	7,3,0.0285,0,253;3,0,0.2685,0,219;3,5,0.4295,0,6;3,3,0.3185,0,206;4,5,0.3655,0,2;3,4,0.9515,0,71
ood_compose_regime-02858	5	2	0	50,89,191,161,172,128,76,141,7,37,208,117,196,69,58,108,21,93,140,45,175,11,66,100,213,155,42,20,87,204,114,147,149,160,31,134	6,1,0.8305,0,119;6,3,0.5975,0,113;1,0,0.4955,0,11;3,5,0.2325,0,59;3,2,0.4655,0,253;7,4,0.8305,0,4
ood_compose_regime-02859	9	2	0	206,147,177,128,90,22,93,197,106,175,17,58,64,47,191,177,40,82,52,118,141,69,140,10,113,135,178,149,99,5,167,164,29,39,76,194	4,0,0.2195,1,201;4,5,0.1535,2,167;3,0,0.1265,0,123;3,0,0.5555,0,9;2,0,0.3245,1,92;7,5,0.9965,0,184
ood_compose_regime-02860	7	2	1	214,70,82,64,155,58,16,139,50,176,178,188,122,2,90,117,210,154,93,115,21,147,76,162,10,45,150,106,141,100,131,39,41,177,173,26	1,0,0.1915,0,42;1,5,0.3245,0,110;1,0,0.0555,1,78;3,0,0.4005,0,114;3,0,0.6495,0,230;1,1,0.7675,0,177
ood_compose_regime-02861	5	2	1	69,187,141,199,135,177,157,197,162,115,21,38,81,147,64,57,174,190,189,93,91,117,9,168,16,45,139,41,107,102,28,150,58,84,12,124	8,2,0.0645,0,165;3,4,0.3545,0,253;8,0,0.0975,0,154;8,2,0.6105,0,196;5,1,0.6685,0,56;3,5,0.6745,0,166
ood_compose_regime-02862	5	2	2	48,60,174,38,189,28,163,4,12,208,162,163,124,185,76,106,16,21,100,135,151,71,189,84,92,147,68,183,136,144,42,93,193,114,117,52	3,2,0.0495,0,32;3,4,0.4555,3,173;3,2,0.8605,2,46;3,2,0.9395,0,110;3,0,0.4235,0,81;3,5,0.0175,3,242
ood_compose_regime-02863	2	2	2	124,10,49,28,19,102,141,147,162,166,180,164,107,41,1,212,117,137,94,65,183,186,163,60,69,116,36,191,151,81,132,23,91,82,185,45	0,0,0.7785,2,34;3,2,0.2955,0,103;0,2,0.3265,0,184;8,0,0.7945,1,197;5,1,0.8115,0,207;3,2,0.3015,0,251
ood_compose_regime-02864	5	2	1	167,73,198,187,188,150,40,65,21,161,60,188,85,147,89,117,69,45,109,33,123,174,93,35,51,200,130,136,113,141,16,9,15,188,158,100	8,5,0.1905,0,84;8,1,0.1835,0,139;2,2,0.2125,0,51;0,3,0.2955,0,21;3,3,0.2875,0,149;2,0,0.1435,0,209
ood_compose_regime-02865	10	2	0	52,97,185,93,187,215,120,159,124,81,108,203,69,34,13,48,4,181,65,91,142,16,114,87,147,31,164,44,208,149,21,209,135,61,193,139	3,3,0.0995,0,125;6,0,0.9535,3,15;3,3,0.3365,0,39;8,5,0.7665,0,186;0,2,0.4775,3,72;3,5,0.6655,1,44
ood_compose_regime-02866	1	2	0	58,130,192,78,45,69,15,99,141,214,89,117,41,177,3,137,29,149,123,52,147,17,190,24,67,206,190,37,185,83,203,116,107,181,170,93	2,5,0.3515,3,100;4,3,0.2905,0,42;3,0,0.6035,0,88;5,1,0.2055,0,66;2,1,0.9735,0,107;2,0,0.2805,0,106
ood_compose_regime-02867	2	2	0	154,30,45,158,21,164,195,193,44,36,15,141,121,4,117,109,159,154,130,203,77,102,54,87,68,93,209,113,69,149,91,20,59,139,147,214	3,5,0.9455,0,223;5,2,0.9855,0,169;5,1,0.8225,0,162;4,5,0.6915,0,14;5,3,0.3325,0,34;0,0,0.7945,0,87
ood_compose_regime-02868	5	2	2	134,21,203,76,127,12,18,45,166,40,52,69,151,147,37,95,91,209,178,205,61,84,68,117,139,155,214,110,204,183,28,4,99,114,141,179	3,2,0.5455,0,54;3,3,0.1555,0,100;3,3,0.8345,0,149;3,2,0.7025,2,201;2,4,0.5155,0,160;6,4,0.7395,0,10
ood_compose_regime-02869	5	2	2	141,68,35,171,5,93,191,25,60,69,151,111,200,21,134,44,13,45,116,180,188,147,52,16,196,129,100,177,185,156,92,117,81,168,83,139	4,3,0.0385,0,152;0,1,0.9425,0,139;3,2,0.8395,0,9;8,1,0.8755,0,57;3,5,0.9365,0,184;8,4,0.7735,0,114
ood_compose_regime-02870	9	2	1	44,117,10,69,160,56,24,116,28,8,63,147,121,38,83,198,201,210,150,140,80,16,156,94,45,166,105,67,213,212,131,88,141,193,173,107	7,0,0.1755,3,159;3,4,0.8605,0,26;7,5,0.6335,0,171;7,1,0.0395,1,62;8,1,0.9655,0,123;0,1,0.8305,0,33
ood_compose_regime-02871	5	2	1	82,19,134,180,92,93,136,165,49,147,163,76,141,14,117,150,2,69,204,115,21,62,100,159,41,174,110,65,124,179,36,177,45,175,25,164	1,4,0.7915,0,163;0,2,0.3105,0,115;0,4,0.3365,0,125;3,0,0.8095,0,252;3,4,0.6655,0,58;3,4,0.0185,0,80
ood_compose_regime-02872	9	2	1	40,150,48,197,52,116,147,135,92,93,104,128,141,67,37,107,170,176,186,140,21,167,186,155,118,61,80,20,206,1,11,205,87,32,179,69	0,1,0.9835,0,189;7,3,0.0345,3,49;3,3,0.7025,0,43;7,5,0.9275,0,112;7,1,0.8625,1,107;7,5,0.9255,0,242
ood_compose_regime-02873	2	2	2	52,26,41,154,116,132,151,202,73,21,93,174,117,213,137,168,108,191,10,172,64,188,162,37,63,147,4,141,82,102,19,123,164,92,69,45	3,0,0.7365,0,226;1,3,0.2305,0,129;3,5,0.0245,0,221;0,0,0.9535,0,53;5,2,0.9395,0,144;2,2,0.3035,0,227
ood_compose_regime-02874	5	2	1	89,126,202,66,93,165,169,112,3,26,147,45,192,150,35,202,163,23,80,87,173,138,15,19,63,69,104,42,161,111,134,117,161,165,141,52	2,5,0.6695,2,204;1,1,0.5645,0,157;3,5,0.4165,0,223;7,5,0.3585,0,175;7,5,0.0735,0,207;5,4,0.4075,0,251
ood_compose_regime-02875	5	2	2	159,22,69,37,176,138,30,5,19,76,52,119,147,13,64,180,102,169,200,40,126,62,192,110,45,114,93,188,131,197,87,143,151,194,210,90	4,3,0.6285,1,7;5,3,0.0635,0,193;3,4,0.1135,0,193;3,5,0.5925,0,102;5,4,0.4175,2,47;5,1,0.4645,2,169
ood_compose_regime-02876	5	2	1	159,139,206,192,89,134,21,172,87,94,117,141,9,189,124,45,106,100,113,74,187,50,44,184,12,65,37,62,19,156,198,164,147,28,150,69	8,2,0.6515,0,179;3,3,0.9845,0,251;1,4,0.2285,0,221;1,5,0.3635,1,65;3,0,0.3235,0,37;3,4,0.7475,0,155
ood_compose_regime-02877	5	2	2	116,208,123,164,106,21,188,38,67,140,141,164,175,160,120,45,19,77,147,198,43,135,87,210,190,7,51,194,101,69,93,13,151,60,28,92	6,3,0.7725,0,64;3,4,0.7905,0,237;2,2,0.6685,0,107;4,5,0.8675,0,187;4,0,0.8825,3,49;2,5,0.9195,0,163
ood_compose_regime-02878	5	2	0	45,140,73,154,214,28,91,111,22,157,117,114,59,71,135,141,177,147,64,152,192,53,42,18,6,36,15,194,181,171,93,149,84,129,100,203	5,5,0.4975,1,120;3,2,0.5175,0,30;4,1,0.0495,2,174;0,2,0.7975,0,254;3,5,0.4195,0,48;8,5,0.9215,0,150
ood_compose_regime-02879	5	2	1	134,82,21,210,153,207,68,76,187,200,150,69,41,28,34,195,141,17,107,173,6,147,117,102,13,124,140,177,198,51,155,45,91,63,113,93	5,3,0.3315,0,226;3,0,0.2935,0,250;2,5,0.8395,0,160;3,0,0.7435,0,26;5,1,0.2945,0,52;3,4,0.9385,0,212
ood_compose_regime-02880	10	2	0	132,147,80,21,52,10,60,204,140,155,29,213,186,212,87,109,5,45,65,19,197,116,117,88,149,164,34,159,125,141,69,101,95,42,199,192	4,0,0.6205,0,30;4,0,0.5555,0,92;3,2,0.3925,0,200;7,5,0.0325,2,54;4,3,0.9635,0,125;4,2,0.9455,0,4
ood_compose_regime-02881	5	2	1	163,81,117,24,7,107,182,29,121,90,212,137,39,141,114,69,84,134,40,105,18,52,62,203,150,163,191,181,179,10,45,68,147,157,95,208	6,0,0.4625,3,246;4,5,0.0925,0,241;3,4,0.9075,0,26;8,2,0.4915,2,153;8,1,0.4985,0,57;0,4,0.2875,0,73
ood_compose_regime-02882	5	2	0	206,157,100,191,178,77,14,173,141,149,135,88,193,147,21,27,20,35,62,93,69,112,45,208,87,67,176,52,158,4,117,168,125,44,140,111	3,4,0.8325,0,52;2,1,0.9475,0,6;3,4,0.7065,0,148;4,5,0.0135,0,4;3,5,0.0275,0,3;4,5,0.8965,0,151
ood_compose_regime-02883	1	2	1	140,147,181,107,135,167,19,35,152,86,189,213,162,76,51,30,12,162,72,141,150,213,45,180,3,93,123,114,117,105,91,21,65,60,200,44	2,2,0.7845,0,226;5,1,0.9815,0,28;2,2,0.2705,3,72;3,4,0.6065,0,111;8,1,0.5035,0,80;2,5,0.9125,0,169
ood_compose_regime-02884	1	2	2	17,151,208,93,167,42,113,24,139,39,110,117,152,147,198,141,197,152,67,70,77,132,92,82,201,58,45,100,123,190,183,3,27,154,15,57	2,5,0.3615,3,243;2,5,0.5775,0,205;8,0,0.7765,1,103;4,0,0.8985,0,236;3,4,0.2025,0,235;2,2,0.7805,0,245
ood_compose_regime-02885	8	2	2	101,155,176,76,66,93,141,204,147,140,37,117,126,151,135,197,85,11,176,44,28,21,61,184,91,113,54,45,191,20,158,197,5,69,214,107	4,1,0.8205,0,48;3,3,0.8735,0,120;5,3,0.4595,0,202;3,3,0.7055,0,25;4,1,0.3465,0,185;5,5,0.9255,0,80
ood_compose_regime-02886	2	2	0	108,130,85,184,153,117,100,52,30,177,199,93,6,16,141,41,21,13,78,203,113,171,123,67,36,147,45,88,138,62,149,160,183,70,153,213	5,3,0.1215,0,78;5,2,0.3215,0,255;3,4,0.7295,1,167;5,3,0.1745,0,16;3,2,0.2925,0,251;2,0,0.4965,0,171
ood_compose_regime-02887	5	2	0	149,109,209,117,161,51,141,5,89,158,28,44,181,163,156,210,191,73,23,116,10,169,60,134,205,138,147,65,19,95,86,100,34,45,124,69	4,0,0.6445,2,246;3,0,0.9435,0,92;2,2,0.2715,0,155;0,4,0.3765,2,29;3,3,0.8055,0,82;3,4,0.5565,0,224
ood_compose_regime-02888	2	2	0	147,18,149,15,117,29,91,69,135,143,153,113,67,106,213,197,52,60,205,105,35,171,207,199,203,21,206,126,41,137,9,183,46,74,93,83	8,5,0.4155,0,229;4,1,0.2975,1,248;3,2,0.6805,0,31;1,1,0.7085,0,131;8,0,0.2285,0,173;5,5,0.2955,2,211
ood_compose_regime-02889	5	2	1	39,150,138,22,187,10,178,68,42,92,193,62,76,141,69,4,177,184,167,182,28,116,147,49,124,180,18,132,93,45,111,119,100,86,157,171	3,0,0.4825,1,251;3,5,0.5385,0,136;0,4,0.9655,0,2;3,4,0.8355,0,247;3,5,0.9095,2,15;3,2,0.5595,0,208
ood_compose_regime-02890	5	2	1	15,172,172,147,69,112,35,193,167,169,65,174,150,51,21,213,75,44,214,89,4,141,93,84,135,19,187,117,62,99,123,29,162,136,106,45	3,5,0.7225,0,0;4,1,0.9305,0,18;2,4,0.2275,0,84;2,2,0.3025,0,207;2,0,0.0685,0,114;2,5,0.0965,0,88
ood_compose_regime-02891	1	2	0	175,61,210,204,123,17,172,45,149,114,27,214,111,161,35,139,141,172,6,169,102,75,42,208,68,52,86,117,13,132,69,93,21,91,147,184	5,3,0.2075,0,163;2,1,0.4565,0,124;3,3,0.8455,0,194;2,4,0.6105,0,218;5,5,0.5185,0,20;2,2,0.7205,0,107
ood_compose_regime-02892	5	2	0	191,215,199,93,152,4,92,124,140,187,163,134,118,143,67,147,176,115,100,61,110,21,200,84,56,171,13,76,41,69,45,39,149,28,20,165	3,3,0.8475,0,102;3,5,0.3265,0,237;7,3,0.6955,0,150;3,2,0.9655,0,193;3,4,0.6705,1,236;3,4,0.9545,2,214
ood_compose_regime-02893	5	2	1	170,111,69,192,13,127,147,196,22,88,49,66,94,162,28,183,45,150,36,1,43,87,139,116,132,58,198,156,117,76,208,165,99,141,18,190	0,3,0.5805,1,68;3,2,0.6255,0,78;0,0,0.4845,0,211;3,5,0.1715,1,212;2,5,0.9175,0,34;6,2,0.6365,0,239
ood_compose_regime-02894	5	2	2	21,60,117,51,186,158,17,198,137,100,171,199,67,141,83,89,201,198,111,147,28,73,4,133,114,14,151,45,69,178,210,42,168,124,39,93	3,4,0.2635,0,17;3,5,0.5765,0,125;2,2,0.6215,0,44;0,1,0.2075,0,239;3,5,0.4505,0,69;3,3,0.3725,0,97
ood_compose_regime-02895	5	2	2	68,154,124,156,117,91,96,17,6,188,15,21,186,37,69,63,84,28,167,160,147,192,110,100,139,75,186,141,112,151,45,133,44,54,185,203	5,5,0.3385,0,234;3,3,0.8015,0,189;5,5,0.9305,0,211;2,2,0.6265,3,38;3,4,0.1585,0,50;3,3,0.7595,0,63
ood_compose_regime-02896	5	2	1	194,21,51,135,147,176,171,85,45,150,6,90,181,118,106,215,20,184,41,138,60,65,141,113,11,95,98,38,69,76,27,189,197,184,124,156	5,1,0.9825,0,120;2,4,0.2745,0,95;2,2,0.2685,0,53;3,3,0.4235,2,182;1,0,0.2005,1,220;3,5,0.5755,0,215
ood_compose_regime-02897	5	2	0	136,196,207,40,153,21,111,64,15,86,69,51,76,207,117,195,147,4,132,93,153,27,124,149,160,100,178,114,141,63,20,34,91,160,161,45	3,5,0.8855,0,18;2,0,0.1715,0,253;2,5,0.0315,0,232;3,4,0.7485,0,82;3,5,0.5085,0,72;3,2,0.1975,0,161
ood_compose_regime-02898	5	2	2	213,32,93,104,59,12,71,207,215,130,106,198,117,56,39,157,40,198,123,152,19,45,67,171,151,4,140,87,196,21,160,115,76,141,147,90	3,2,0.6215,0,245;7,5,0.1825,0,138;7,1,0.7965,2,134;3,5,0.5115,0,64;7,0,0.7415,0,224;2,0,0.9105,0,27
ood_compose_regime-02899	5	2	2	88,172,139,155,199,40,122,187,66,116,58,100,108,57,157,36,93,194,45,71,117,87,147,164,76,19,133,14,21,151,4,181,141,31,160,180	3,4,0.6995,0,246;6,2,0.0445,0,24;8,0,0.4195,2,193;3,5,0.1405,0,156;3,2,0.9435,0,128;1,3,0.7535,0,199
ood_compose_regime-02900	8	2	0	116,92,13,160,52,76,208,126,194,203,93,134,4,30,144,60,23,209,149,42,147,100,195,71,120,179,164,86,109,45,68,39,209,177,140,19	3,3,0.7175,2,99;5,5,0.5465,0,42;3,2,0.9195,2,64;3,4,0.8005,0,176;3,3,0.8765,3,196;5,4,0.8455,3,62
ood_compose_regime-02901	10	2	2	116,193,147,46,162,194,196,37,103,10,21,79,52,40,211,65,85,151,188,28,7,17,172,129,169,94,118,139,61,194,141,168,109,90,69,134	6,0,0.2525,0,147;3,3,0.1965,1,104;3,3,0.2545,0,230;6,3,0.5245,1,208;6,3,0.8285,1,230;8,4,0.6915,0,174
ood_compose_regime-02902	10	2	2	2,76,170,142,14,45,134,154,21,60,100,52,95,180,156,42,109,69,139,86,17,192,184,68,29,117,124,185,201,178,147,112,192,39,151,91	1,4,0.3935,0,150;4,5,0.4185,0,112;3,2,0.9575,0,174;3,4,0.7105,2,35;3,3,0.0665,0,17;3,4,0.7745,1,169
ood_compose_regime-02903	7	2	0	116,93,44,138,66,177,18,213,60,74,149,176,89,30,202,141,10,37,124,133,49,147,22,117,98,203,202,194,87,45,186,110,9,69,179,179	8,0,0.5095,1,222;5,3,0.9745,0,30;0,2,0.4195,0,12;1,5,0.2775,0,70;1,4,0.8935,0,116;3,3,0.5455,0,102
ood_compose_regime-02904	7	2	2	38,92,48,180,191,109,206,132,64,160,42,114,74,4,93,15,153,160,192,120,22,141,181,49,18,158,85,137,124,69,97,61,147,28,151,179	3,5,0.5385,1,240;3,4,0.5775,3,176;0,3,0.1185,0,9;1,3,0.9095,0,189;0,3,0.5435,3,190;3,2,0.3185,0,96
ood_compose_regime-02905	2	2	1	141,91,11,75,124,186,117,193,69,9,147,30,93,209,165,113,37,46,59,21,137,150,108,208,84,41,20,198,135,100,191,191,65,53,187,182	8,1,0.9125,0,201;5,3,0.2055,1,222;4,1,0.2055,0,89;2,2,0.7095,0,64;3,2,0.2885,0,190;3,5,0.2865,0,192
ood_compose_regime-02906	5	2	1	117,136,32,6,65,125,100,147,96,152,202,69,204,187,150,171,58,24,74,141,12,111,156,207,113,34,131,187,207,45,89,82,203,44,16,52	5,2,0.1125,3,44;7,0,0.8695,0,151;3,0,0.3545,0,77;1,0,0.3635,3,18;3,5,0.2115,0,25;4,1,0.1845,0,149
ood_compose_regime-02907	5	2	0	93,181,86,160,149,21,44,100,117,141,45,69,197,212,64,16,195,109,78,197,124,34,62,136,195,215,153,15,147,28,52,8,115,176,133,92	7,5,0.0465,0,211;3,0,0.8205,0,229;3,4,0.0595,0,175;5,4,0.8265,0,13;3,3,0.7375,0,4;3,3,0.0195,0,112
ood_compose_regime-02908	5	2	2	39,182,115,130,91,141,12,29,190,51,20,137,160,193,169,95,46,194,79,155,69,117,21,83,160,4,147,44,172,151,206,98,127,67,109,62	3,2,0.9235,0,219;4,5,0.9275,1,143;2,4,0.6695,0,225;6,1,0.6275,2,18;1,3,0.7885,0,58;6,0,0.2345,0,8
ood_compose_regime-02909	5	2	1	8,52,108,20,199,67,152,30,158,185,88,135,168,100,141,117,152,95,147,42,150,11,201,76,84,23,113,139,190,37,155,45,178,124,58,69	7,1,0.8145,2,164;5,3,0.4385,0,232;3,0,0.7755,0,39;3,2,0.1105,2,94;3,2,0.3865,0,87;3,5,0.6545,0,118
ood_compose_regime-02910	10	2	2	45,117,60,19,82,177,152,151,69,3,64,161,134,147,116,42,93,155,32,200,193,129,76,138,21,105,57,207,11,107,196,92,37,141,196,171	2,1,0.6765,0,163;7,3,0.4915,0,141;8,2,0.1475,0,26;3,0,0.9425,0,26;8,1,0.9985,0,58;8,4,0.5155,0,46
ood_compose_regime-02911	9	2	0	147,124,130,104,210,160,198,86,117,88,111,116,141,62,21,168,25,45,15,169,44,68,69,139,200,36,3,73,50,17,196,161,168,167,149,93	2,5,0.2125,0,57;0,2,0.9645,0,169;1,4,0.9305,0,47;0,4,0.0425,0,196;7,5,0.9075,0,94;3,0,0.7765,0,149
ood_compose_regime-02912	5	2	1	91,155,110,40,83,205,17,100,141,59,73,166,65,198,29,214,150,147,202,93,53,139,45,184,179,69,133,185,124,117,21,13,8,37,209,112	7,3,0.2705,0,191;4,3,0.0795,0,62;4,1,0.3455,0,209;0,1,0.6905,0,23;3,4,0.0765,0,159;3,3,0.6955,0,119
ood_compose_regime-02913	2	2	1	99,10,112,107,172,21,73,58,19,213,67,89,197,93,167,45,161,44,69,164,34,28,4,150,49,204,133,167,136,147,82,141,152,118,174,124	3,0,0.7815,0,206;3,0,0.8135,0,123;0,0,0.6285,0,61;0,0,0.3185,0,181;2,1,0.0875,1,0;3,3,0.0375,0,94
ood_compose_regime-02914	5	2	1	117,85,45,133,21,68,139,12,20,177,147,124,161,200,69,7,108,37,89,199,181,40,93,103,167,170,31,113,58,150,55,197,162,152,76,143	6,2,0.8965,0,118;6,3,0.1215,0,94;6,0,0.8635,0,124;3,3,0.3775,0,3;6,2,0.2915,0,62;3,3,0.6075,2,68
ood_compose_regime-02915	5	2	0	106,117,178,116,37,22,42,149,161,7,130,92,185,84,147,76,197,103,31,185,18,141,154,137,121,45,61,199,66,93,208,69,183,49,195,10	6,0,0.4395,1,60;6,3,0.5435,0,87;0,3,0.4225,0,113;3,2,0.8105,0,247;6,0,0.9805,0,142;0,0,0.3835,0,224
ood_compose_regime-02916	8	2	1	62,207,30,196,147,82,54,154,176,93,150,153,38,9,140,156,134,41,72,68,114,178,89,117,141,21,126,45,15,170,17,106,183,76,180,105	8,5,0.3835,0,79;5,4,0.2565,0,20;5,4,0.8845,3,72;3,0,0.2135,0,236;8,0,0.4355,0,182;5,4,0.8275,0,18
ood_compose_regime-02917	5	2	1	209,136,112,104,21,15,133,117,195,69,162,89,158,65,168,17,35,95,58,206,85,147,186,124,27,150,111,45,4,141,186,80,213,52,206,40	3,5,0.3735,0,22;2,1,0.1725,0,80;3,0,0.3805,0,199;7,3,0.3155,2,11;7,5,0.0695,0,173;3,3,0.0305,0,196
ood_compose_regime-02918	5	2	1	108,192,189,214,47,137,21,207,14,118,147,175,62,90,180,97,150,44,116,127,152,69,18,27,73,51,4,84,65,93,35,141,155,183,183,131	3,4,0.5075,0,197;2,1,0.9915,2,225;2,4,0.3985,0,225;0,2,0.5705,0,143;0,2,0.8225,1,24;6,1,0.2555,0,45
ood_compose_regime-02919	5	2	0	42,141,162,93,58,198,188,75,135,161,166,191,163,39,153,69,11,147,207,152,84,28,7,21,137,47,149,116,117,124,102,90,55,19,67,111	6,1,0.7585,0,120;3,5,0.4655,2,30;6,0,0.7905,0,230;2,2,0.5945,0,244;5,5,0.8775,0,234;3,5,0.3155,0,144
ood_compose_regime-02920	2	2	2	207,197,38,151,28,199,147,82,166,202,95,115,69,136,107,45,179,42,122,8,194,81,160,192,141,53,180,64,98,135,60,117,92,18,11,21	7,1,0.5305,0,231;3,4,0.5855,0,253;4,2,0.1405,0,81;8,0,0.8105,2,116;1,1,0.7525,0,31;1,5,0.1925,0,75
ood_compose_regime-02921	5	2	1	215,45,38,21,4,188,133,69,194,94,17,64,147,117,116,210,49,106,88,40,81,142,166,126,150,27,137,97,180,62,187,82,192,159,15,171	3,5,0.2395,0,147;2,4,0.1255,0,185;0,4,0.0505,0,175;8,0,0.1575,1,163;0,0,0.8345,0,40;5,3,0.2065,1,218
ood_compose_regime-02922	5	2	2	36,142,92,93,27,186,78,63,154,151,168,201,140,147,52,68,174,69,18,84,40,125,97,12,167,178,113,24,154,110,152,132,45,155,117,4	3,2,0.5705,3,156;2,2,0.0115,0,1;3,5,0.8565,0,99;5,2,0.9615,0,165;0,4,0.3085,0,142;4,2,0.9485,1,163
ood_compose_regime-02923	5	2	0	166,166,14,149,45,127,98,140,175,21,117,91,143,188,200,34,42,76,112,190,107,68,212,93,147,170,187,3,201,131,84,33,69,17,61,52	2,4,0.3585,0,189;8,0,0.5635,0,206;3,3,0.8035,0,31;3,2,0.6905,0,201;1,1,0.0605,0,46;6,1,0.8675,2,245
ood_compose_regime-02924	5	2	2	168,35,151,61,129,212,176,53,87,6,147,93,130,69,187,139,111,29,42,159,90,114,16,177,191,21,117,182,66,45,100,11,196,76,144,196	5,1,0.0855,0,243;4,1,0.4345,0,27;4,3,0.5175,0,75;3,5,0.4755,0,136;3,5,0.5085,0,212;8,0,0.7265,3,158
ood_compose_regime-02925	7	2	1	21,64,91,107,158,16,28,173,147,138,99,141,93,204,85,212,116,2,14,117,196,72,163,63,34,74,162,130,181,122,52,43,150,45,156,190	1,4,0.0635,0,178;3,0,0.6465,0,202;3,5,0.0875,3,101;1,3,0.7895,0,6;2,1,0.8645,0,137;1,0,0.5435,0,170
ood_compose_regime-02926	5	2	2	210,151,8,132,141,92,212,156,76,60,211,111,147,93,55,32,165,14,45,41,155,69,113,37,117,104,138,24,169,19,87,187,168,68,124,173	7,4,0.7435,3,201;7,3,0.2415,0,124;6,2,0.9315,0,75;3,5,0.9825,0,165;7,5,0.2555,0,239;3,2,0.4595,0,113
ood_compose_regime-02927	9	2	2	182,113,45,75,41,82,151,56,91,172,134,27,21,140,65,154,174,141,108,162,198,194,36,12,3,147,69,18,62,93,159,100,117,128,159,199	2,2,0.5625,0,199;2,2,0.3985,0,213;7,4,0.2655,0,185;2,0,0.7055,0,215;3,2,0.3635,0,198;7,4,0.9605,0,75
ood_compose_regime-02928	5	2	1	42,55,2,21,76,45,141,174,16,147,65,165,132,127,70,155,92,207,116,140,85,187,93,37,150,13,208,167,197,181,106,26,59,117,203,99	1,3,0.0865,0,54;1,3,0.5565,0,251;6,1,0.2125,1,23;3,3,0.9655,0,187;2,0,0.9655,0,190;6,2,0.9785,0,153
ood_compose_regime-02929	5	2	1	191,214,67,205,199,24,7,52,170,178,88,115,10,147,69,150,28,196,118,96,16,134,45,201,190,204,58,100,124,40,76,37,108,85,140,141	6,0,0.1715,3,5;3,3,0.0305,0,229;3,0,0.7095,0,182;3,3,0.0795,3,54;3,2,0.6785,1,159;3,4,0.8385,0,243
ood_compose_regime-02930	5	2	0	163,87,112,141,103,137,154,69,58,40,90,204,49,107,187,122,20,157,93,170,12,45,7,188,32,117,147,39,185,65,149,179,174,76,21,131	6,2,0.9005,0,175;7,5,0.1055,0,180;0,0,0.3765,0,193;3,5,0.4305,0,19;6,1,0.1925,0,65;1,1,0.3465,0,253
ood_compose_regime-02931	10	2	1	147,176,67,203,138,120,215,69,187,28,20,108,105,209,116,92,58,9,156,207,42,213,81,87,131,141,11,45,23,126,36,195,201,52,150,93	8,1,0.8345,2,78;3,2,0.4405,0,201;3,0,0.7255,0,170;8,5,0.9465,0,99;8,2,0.9975,3,77;5,1,0.5235,0,151
ood_compose_regime-02932	2	2	2	167,152,63,50,45,93,76,21,71,40,114,66,151,183,29,84,142,156,197,111,153,147,200,3,193,20,190,122,92,137,133,120,214,102,10,39	2,0,0.9635,0,205;4,5,0.0835,0,43;1,5,0.5475,2,184;3,2,0.9285,0,228;5,5,0.5495,3,215;1,3,0.3395,1,115
ood_compose_regime-02933	5	2	1	78,174,45,6,175,182,117,40,212,32,111,88,183,39,166,61,83,18,150,124,130,204,102,52,69,66,112,141,93,179,140,21,12,176,202,147	5,2,0.5075,0,19;7,5,0.0745,0,210;3,3,0.5985,0,154;5,1,0.0845,0,188;5,5,0.0085,0,114;3,0,0.8095,0,22
ood_compose_regime-02934	1	2	1	188,123,40,214,6,212,59,115,201,193,141,68,110,23,16,214,150,69,99,185,12,153,154,117,51,147,132,76,93,89,139,185,48,27,38,86	5,2,0.1485,2,210;2,4,0.1095,3,144;2,1,0.8075,0,147;3,4,0.3355,0,151;2,4,0.6295,0,176;2,2,0.7455,0,95
ood_compose_regime-02935	5	2	0	194,112,61,140,149,110,153,14,213,206,89,38,16,196,141,147,22,212,124,93,69,119,45,154,85,165,65,77,133,41,4,27,56,105,192,156	3,4,0.1925,1,208;2,4,0.2755,0,203;7,3,0.3565,0,75;4,3,0.2595,0,204;8,4,0.0135,2,159;3,3,0.8115,0,201
ood_compose_regime-02936	9	2	0	201,108,58,113,147,69,133,17,80,83,93,187,117,139,100,4,55,141,91,149,37,154,167,43,47,200,157,15,122,212,158,160,21,32,65,168	3,5,0.3475,0,58;7,3,0.6135,2,188;6,0,0.2905,0,253;7,1,0.6975,0,204;3,2,0.3835,0,98;1,3,0.6265,0,98
ood_compose_regime-02937	5	2	0	153,41,159,16,45,31,106,113,13,124,130,195,86,166,93,62,70,21,149,36,147,117,88,177,198,67,211,138,193,143,100,79,188,52,4,157	3,3,0.0975,0,78;6,2,0.3805,0,126;3,4,0.6775,1,144;6,4,0.1305,0,54;3,0,0.3345,0,203;3,0,0.4725,2,141
ood_compose_regime-02938	2	2	0	132,82,93,33,80,184,181,60,115,100,214,169,177,157,51,168,34,9,92,141,149,126,21,11,110,210,16,65,69,211,139,45,43,189,147,117	8,1,0.0115,0,246;8,0,0.7185,0,57;2,2,0.2605,0,157;7,0,0.9755,0,93;3,4,0.7015,0,45;5,2,0.6155,0,241
ood_compose_regime-02939	10	2	2	33,65,114,200,154,135,15,40,111,61,129,200,190,139,117,157,93,185,167,179,21,16,52,151,36,45,8,92,202,141,86,177,70,147,105,76	7,5,0.1485,0,70;8,2,0.1165,0,210;3,3,0.2055,1,152;3,4,0.8805,0,184;8,5,0.5245,0,41;8,5,0.7305,0,248
ood_compose_regime-02940	1	2	2	10,202,161,138,191,90,158,83,193,21,132,34,16,45,123,152,197,104,69,52,166,93,4,164,198,106,117,75,147,27,141,151,65,40,61,112	3,0,0.1335,0,165;2,0,0.0155,0,117;3,3,0.2335,0,8;2,1,0.5675,0,107;7,0,0.0875,0,56;2,2,0.4565,0,248
ood_compose_regime-02941	5	2	2	85,59,13,44,76,141,202,136,107,199,135,19,194,165,69,158,90,93,54,65,39,189,147,114,151,193,45,117,24,173,188,28,199,4,128,105	3,3,0.7545,3,92;3,5,0.9385,0,17;5,1,0.3075,0,249;3,3,0.4105,0,42;8,1,0.4885,0,9;7,5,0.1185,0,69
ood_compose_regime-02942	5	2	0	111,10,19,125,36,93,22,175,198,69,147,170,82,158,115,195,117,60,149,160,52,177,40,64,140,133,76,141,100,198,45,175,3,28,91,214	2,0,0.7395,1,167;3,2,0.1105,0,99;3,2,0.0245,0,48;3,0,0.7575,0,19;3,5,0.7655,0,154;4,3,0.9415,0,240
ood_compose_regime-02943	10	2	0	156,41,80,88,23,51,156,149,58,147,66,70,112,14,135,161,103,6,28,117,110,36,83,204,141,197,165,161,207,140,159,93,19,129,45,166	5,4,0.6305,2,49;3,2,0.2145,0,70;2,0,0.4525,1,123;7,1,0.1195,0,68;6,4,0.1835,0,138;8,5,0.8345,0,228
ood_compose_regime-02944	5	2	2	153,147,177,190,53,157,21,170,79,124,99,61,93,117,151,8,107,130,171,43,14,141,116,65,152,45,69,35,17,194,177,89,140,26,85,196	7,4,0.2425,0,182;1,1,0.7045,0,186;4,3,0.3325,0,28;6,3,0.3525,0,58;2,1,0.8295,0,239;3,0,0.9985,0,88
ood_compose_regime-02945	10	2	0	149,92,158,124,179,141,152,83,93,107,169,147,99,53,27,13,186,66,81,21,152,132,34,18,69,5,117,186,40,59,199,47,115,170,137,165	4,3,0.4045,0,23;2,0,0.0275,2,15;4,1,0.4645,0,177;8,1,0.9125,0,173;2,1,0.7415,0,65;3,2,0.2355,0,212
ood_compose_regime-02946	1	2	0	27,172,93,117,87,198,110,163,17,139,141,74,184,90,54,149,114,185,147,64,131,213,123,61,100,9,186,171,41,21,188,15,45,72,39,198	8,5,0.3865,0,186;2,5,0.2105,0,215;5,3,0.1705,3,129;1,5,0.4815,0,207;3,4,0.4155,0,141;2,1,0.7495,0,120
ood_compose_regime-02947	8	2	2	194,100,117,206,69,83,140,192,38,65,8,110,54,61,45,78,151,141,93,115,128,174,21,18,130,92,43,204,172,159,174,190,147,14,30,172	7,4,0.5445,0,186;5,4,0.6925,0,90;5,3,0.2115,0,25;5,1,0.9945,0,52;3,4,0.6005,0,39;7,0,0.9175,0,13
ood_compose_regime-02948	5	2	0	147,136,117,164,100,153,75,161,155,183,203,113,52,86,143,191,190,66,4,12,18,45,132,62,111,149,203,124,71,35,43,172,92,93,27,21	3,2,0.5945,0,156;2,1,0.7235,0,98;3,4,0.5695,2,123;2,4,0.9545,0,244;3,5,0.2095,0,118;3,2,0.0815,2,102
ood_compose_regime-02949	5	2	2	43,141,35,93,210,196,106,201,101,151,164,58,169,205,20,86,14,167,73,26,212,4,69,155,21,117,164,65,90,136,45,125,51,147,113,132	3,4,0.8005,0,249;1,1,0.6525,0,179;2,0,0.2045,0,226;0,4,0.4795,0,200;4,0,0.2805,0,103;4,2,0.1915,0,165
ood_compose_regime-02950	5	2	2	45,152,40,144,197,180,78,26,140,162,86,156,100,55,192,89,123,20,151,93,34,172,2,110,191,204,117,130,114,147,153,72,11,21,66,60	1,1,0.9765,0,157;1,0,0.1645,0,32;6,2,0.5975,3,57;5,4,0.2215,0,205;3,4,0.5995,0,211;2,0,0.8355,3,57
ood_compose_regime-02951	2	2	0	147,165,68,77,165,172,194,84,104,132,117,210,37,24,45,90,141,12,52,159,124,158,62,16,208,106,149,70,211,28,204,139,40,93,115,3	2,2,0.0735,3,216;3,3,0.0635,0,106;3,4,0.9915,1,212;4,2,0.4715,0,167;7,0,0.6535,0,111;3,2,0.7655,0,104
ood_compose_regime-02952	5	2	0	69,206,117,178,15,171,149,138,181,34,6,78,59,124,45,54,154,90,21,111,134,160,199,86,68,113,147,170,156,141,198,100,95,27,43,16	5,5,0.0935,0,194;2,0,0.7315,0,45;5,1,0.9585,0,190;5,4,0.5445,2,119;3,5,0.2985,0,158;3,4,0.4705,0,60
ood_compose_regime-02953	2	2	1	73,45,99,150,21,212,51,1,186,106,63,141,70,40,212,211,14,147,130,124,113,139,68,183,185,88,205,118,28,16,84,37,201,158,95,174	0,4,0.0475,0,79;3,3,0.1035,0,43;2,5,0.8215,1,50;0,2,0.1455,2,106;2,0,0.2895,1,188;3,0,0.7505,0,246
ood_compose_regime-02954	5	2	0	170,76,70,85,191,212,157,37,113,200,141,88,96,64,211,138,124,7,63,133,21,52,12,43,154,28,17,100,177,164,109,147,149,117,45,208	6,2,0.2795,0,46;3,3,0.7585,0,127;3,5,0.1495,1,250;3,3,0.0395,3,95;3,3,0.2875,0,39;3,3,0.4875,0,68
ood_compose_regime-02955	10	2	1	21,137,118,194,207,195,60,105,175,124,9,89,167,69,18,180,35,192,14,82,193,81,108,150,45,44,116,93,159,141,147,66,27,183,57,132	8,4,0.5785,0,79;2,1,0.9705,0,117;8,2,0.4595,0,144;8,0,0.3165,0,79;8,2,0.8665,1,3;3,2,0.2665,0,135
ood_compose_regime-02956	5	2	2	32,160,191,90,21,151,140,181,204,69,20,13,123,58,142,183,118,56,170,38,41,108,105,147,173,132,175,200,93,116,87,65,169,46,76,4	3,3,0.9815,0,83;7,4,0.3735,1,145;7,0,0.3095,0,198;3,5,0.4105,0,177;8,2,0.8495,1,116;2,2,0.9015,1,216
ood_compose_regime-02957	9	2	1	90,150,43,45,138,36,164,93,114,164,13,133,53,66,191,100,196,176,86,110,8,177,172,18,21,69,128,203,147,179,117,78,63,141,29,175	7,3,0.5675,0,163;4,2,0.6995,0,148;4,5,0.4415,0,125;5,4,0.4895,0,53;3,4,0.4375,0,254;7,3,0.5535,0,235
ood_compose_regime-02958	1	2	0	209,3,105,62,117,149,111,185,116,133,19,38,141,26,88,181,82,157,190,185,152,47,69,147,21,137,15,124,52,204,93,208,80,42,209,65	2,5,0.6635,0,169;1,4,0.5065,2,21;3,4,0.3215,0,158;7,0,0.1155,0,107;8,5,0.9235,0,232;3,3,0.3885,0,253
ood_compose_regime-02959	8	2	2	141,167,32,108,183,210,78,68,206,15,18,88,69,151,183,100,138,37,126,209,6,47,147,21,86,42,163,95,63,54,185,158,117,113,180,132	5,5,0.4095,0,180;7,3,0.4435,2,192;5,5,0.9145,0,65;5,4,0.1725,2,32;3,2,0.2335,0,127;5,2,0.5055,0,192
ood_compose_regime-02960	5	2	0	69,37,160,179,93,182,192,16,45,203,44,4,185,141,124,28,52,83,199,110,203,97,112,21,12,135,63,149,159,80,140,147,91,65,154,117	3,2,0.0995,0,187;3,3,0.9525,0,171;3,5,0.3515,0,175;7,1,0.6025,0,238;0,4,0.0135,0,201;3,5,0.9255,0,160
ood_compose_regime-02961	7	2	2	94,61,80,141,45,88,134,83,21,36,69,11,201,117,112,147,212,204,155,140,16,6,28,50,98,178,165,205,151,187,68,166,174,110,40,124	5,1,0.0315,0,188;3,2,0.0035,0,74;1,3,0.8295,0,93;7,1,0.0315,1,211;1,4,0.1585,0,117;3,4,0.9085,0,171
ood_compose_regime-02962	5	2	1	189,201,109,21,215,112,66,127,153,160,36,9,173,69,206,28,117,150,131,93,45,63,147,44,169,87,142,89,52,74,19,156,139,10,100,187	8,0,0.7045,0,202;3,2,0.9505,0,105;3,5,0.5305,0,124;1,5,0.2475,0,204;3,3,0.0095,0,217;6,1,0.6265,1,167
ood_compose_regime-02963	2	2	1	69,76,34,20,45,164,147,65,104,110,150,184,21,152,158,4,156,96,12,27,119,115,50,214,141,43,182,88,139,84,212,125,133,189,196,63	3,2,0.9035,0,97;2,0,0.6235,0,39;1,5,0.3275,0,81;3,2,0.1045,3,123;7,4,0.6265,2,31;4,3,0.6325,0,217
ood_compose_regime-02964	5	2	2	2,152,174,52,204,15,151,198,61,87,175,17,88,112,24,169,93,137,74,205,69,147,45,125,26,198,133,117,160,109,199,40,67,38,141,100	1,5,0.2305,3,195;1,4,0.1025,0,81;3,3,0.6625,0,23;1,5,0.0895,0,179;3,3,0.1285,0,235;4,3,0.3905,0,8
ood_compose_regime-02965	7	2	2	45,13,138,117,2,169,84,177,42,116,69,151,18,111,192,98,90,39,130,203,190,64,152,52,121,24,26,141,188,201,194,60,167,147,93,76	1,3,0.5185,3,194;1,5,0.5275,0,152;3,2,0.1345,0,101;3,2,0.4135,0,56;1,5,0.9555,0,162;0,0,0.5505,0,210
ood_compose_regime-02966	5	2	2	121,147,21,117,20,28,14,39,207,100,42,168,130,185,62,45,91,3,68,112,183,170,51,204,76,69,141,206,136,106,85,200,188,95,151,167	2,4,0.9885,0,191;3,5,0.4805,0,244;2,4,0.9175,0,89;3,3,0.7045,2,80;3,0,0.0835,0,249;0,0,0.1105,0,51
ood_compose_regime-02967	8	2	2	6,42,36,93,28,161,134,105,90,107,21,147,85,20,175,202,69,67,144,178,63,54,13,127,196,151,215,190,78,45,113,185,117,140,153,193	5,3,0.8895,0,192;3,2,0.5485,0,50;5,5,0.6715,0,40;5,3,0.4495,0,100;8,1,0.3065,0,77;6,4,0.9445,3,71
ood_compose_regime-02968	2	2	2	64,140,60,119,116,76,208,147,91,141,195,69,172,45,212,151,107,130,105,34,153,158,15,214,44,93,22,28,155,84,18,161,52,191,125,9	8,5,0.4105,1,162;3,0,0.8765,0,59;3,2,0.1395,0,52;3,2,0.6225,0,183;8,1,0.8815,2,196;4,0,0.9375,0,176
ood_compose_regime-02969	10	2	1	57,68,28,164,77,199,194,11,93,90,117,48,110,114,211,140,34,18,184,85,175,129,21,147,157,43,150,194,59,199,176,141,134,69,9,100	8,1,0.4175,0,138;3,0,0.7735,3,74;8,1,0.8765,0,233;4,3,0.4675,0,232;3,4,0.4735,0,171;8,4,0.8515,0,243
ood_compose_regime-02970	1	2	0	172,108,166,44,149,194,117,116,28,173,84,52,153,141,99,24,125,156,187,46,139,214,19,211,4,69,95,58,147,90,14,165,67,135,76,38	3,4,0.6325,3,53;3,4,0.8115,1,6;3,0,0.6125,0,7;3,2,0.4495,2,141;2,2,0.9335,0,29;4,5,0.7035,0,239
ood_compose_regime-02971	5	2	1	180,209,125,62,73,99,150,142,88,169,136,29,110,179,191,117,45,205,44,51,35,152,135,20,188,67,147,115,179,84,94,15,21,4,187,69	3,5,0.8505,0,158;4,1,0.8135,0,7;2,4,0.6605,0,231;0,2,0.1555,1,27;2,4,0.7305,0,38;4,5,0.0195,1,132
ood_compose_regime-02972	5	2	1	106,159,173,99,85,117,93,132,91,67,112,147,11,158,54,195,141,60,42,124,184,21,20,45,212,194,39,150,139,69,28,76,192,9,189,154	8,1,0.9005,0,74;3,5,0.4075,0,50;5,2,0.6045,0,67;3,3,0.7035,0,104;2,0,0.0225,0,15;3,2,0.7965,0,115
ood_compose_regime-02973	5	2	2	45,166,76,178,115,175,18,52,37,124,64,153,21,147,41,155,141,12,181,84,6,200,102,170,140,93,151,58,69,107,88,214,117,28,133,155	5,2,0.5805,0,62;3,3,0.2425,0,86;3,0,0.0305,0,96;3,2,0.0665,0,126;5,1,0.6675,0,71;3,3,0.8855,0,55
ood_compose_regime-02974	5	2	2	75,23,100,206,93,61,203,53,209,122,34,6,155,29,141,151,147,195,158,11,108,188,48,117,87,208,69,133,116,43,158,210,16,137,64,91	5,1,0.1285,2,25;4,0,0.7745,3,83;4,3,0.0145,0,192;2,5,0.6225,0,79;3,2,0.8425,0,3;1,3,0.2065,0,65
ood_compose_regime-02975	5	2	1	82,182,180,17,90,69,53,79,164,182,169,31,144,165,140,38,113,106,21,175,93,209,7,64,170,168,117,100,150,61,122,134,147,13,43,45	6,3,0.3565,0,135;6,4,0.6365,0,143;4,3,0.0665,0,160;6,0,0.5315,0,54;3,0,0.2155,0,235;1,4,0.9235,3,195
ood_compose_regime-02976	10	2	2	138,90,157,66,151,141,49,46,206,208,11,24,156,20,117,69,1,133,87,62,42,147,76,114,170,215,101,158,93,198,126,186,33,109,214,39	0,1,0.8755,3,118;8,5,0.5345,1,203;0,4,0.4315,0,108;3,5,0.4975,0,202;4,3,0.4485,0,114;5,3,0.5045,0,189
ood_compose_regime-02977	5	2	1	150,22,6,45,28,69,177,173,44,99,78,170,191,15,85,173,212,198,167,114,66,136,172,93,107,18,147,124,37,206,61,90,118,142,49,134	5,5,0.4845,1,73;3,3,0.8835,0,129;0,3,0.4355,0,241;5,3,0.5985,0,10;2,1,0.4025,1,118;3,4,0.0875,1,127
ood_compose_regime-02978	5	2	2	21,25,199,147,184,99,45,82,177,63,141,124,18,69,180,190,93,119,193,112,15,158,107,35,41,52,88,2,138,81,151,68,135,191,198,195	1,5,0.5755,0,8;0,1,0.3055,0,27;3,5,0.8545,0,53;8,0,0.1605,0,207;2,1,0.1895,2,197;3,5,0.5855,0,225
ood_compose_regime-02979	5	2	2	183,198,4,170,215,66,136,28,87,151,21,211,100,37,130,111,201,47,90,117,142,15,115,206,78,60,42,180,16,179,158,147,69,93,124,52	3,5,0.0695,0,212;3,3,0.4845,2,158;3,2,0.4875,0,145;5,5,0.4345,0,162;3,5,0.6875,0,155;3,0,0.1815,1,0
ood_compose_regime-02980	5	2	1	33,4,183,93,138,183,86,111,203,88,172,74,21,186,183,46,57,147,194,66,153,58,187,99,114,69,160,123,141,41,132,117,35,150,19,13	3,3,0.7535,0,113;8,1,0.3285,1,41;8,0,0.4525,0,183;1,4,0.0495,0,80;2,5,0.5625,0,155;2,2,0.4135,0,210
ood_compose_regime-02981	10	2	2	182,166,115,93,69,21,62,91,138,99,117,153,131,66,38,85,106,57,12,161,43,141,152,206,155,16,188,147,6,129,33,76,199,151,157,45	5,2,0.0765,0,88;8,4,0.6785,0,71;8,4,0.5635,0,156;3,3,0.7965,0,255;2,0,0.6485,0,223;8,1,0.5805,0,204
ood_compose_regime-02982	2	2	0	86,149,37,124,167,213,117,162,113,184,196,147,169,92,158,215,56,107,137,45,59,69,3,141,75,95,206,21,19,130,66,101,10,168,29,40	2,0,0.7745,0,180;4,3,0.0565,0,39;7,1,0.5205,0,102;2,4,0.9715,2,118;4,1,0.2925,0,159;3,0,0.2675,0,226
ood_compose_regime-02983	5	2	1	150,154,24,100,119,141,165,52,115,69,65,171,4,93,125,214,147,203,191,17,76,28,210,36,87,110,14,62,45,42,130,202,138,88,153,196	3,4,0.3795,3,85;3,2,0.5245,0,77;3,4,0.3085,0,222;3,5,0.1805,0,142;3,4,0.6875,2,88;4,0,0.5445,0,28
ood_compose_regime-02984	1	2	2	106,135,151,70,200,27,87,115,190,21,92,212,56,188,117,41,205,10,16,141,36,167,123,100,147,202,138,61,186,174,75,8,66,93,167,46	7,0,0.0025,0,172;2,2,0.3085,1,165;7,3,0.4965,1,75;2,5,0.9135,0,73;3,0,0.7505,0,211;2,5,0.4075,0,129
ood_compose_regime-02985	5	2	2	147,158,93,36,185,199,90,65,19,69,1,187,175,121,155,21,151,56,115,131,44,159,109,143,63,81,31,203,100,117,190,82,175,14,45,140	0,4,0.6865,0,151;6,2,0.9285,0,77;7,5,0.3535,0,76;8,0,0.5655,0,128;3,3,0.6135,0,68;0,1,0.9745,2,47
ood_compose_regime-02986	9	2	1	190,139,50,141,147,114,205,40,22,214,181,85,4,62,133,98,14,80,107,170,200,150,117,69,155,20,92,124,164,198,64,172,93,45,30,38	3,4,0.8365,1,79;5,4,0.1335,0,35;1,4,0.0955,0,208;7,3,0.8055,0,242;1,1,0.5285,0,182;3,3,0.7815,0,76
ood_compose_regime-02987	5	2	0	37,10,193,93,174,215,82,171,149,65,43,124,181,147,173,99,114,79,61,182,139,179,120,20,52,69,183,141,135,25,106,4,90,21,199,45	3,0,0.8425,0,65;0,3,0.7165,0,92;3,3,0.3555,0,160;6,0,0.4555,0,55;2,0,0.5935,3,79;3,5,0.6785,0,84
ood_compose_regime-02988	10	2	2	176,43,206,203,201,141,194,110,9,151,147,175,135,28,139,156,78,45,93,205,213,128,60,21,36,105,70,85,114,117,55,14,19,92,207,65	8,4,0.7125,0,107;3,2,0.6275,0,141;6,2,0.2625,1,168;5,3,0.8845,0,106;8,4,0.4935,0,111;7,5,0.6345,0,147
ood_compose_regime-02989	5	2	0	168,132,187,111,154,140,147,119,10,113,93,191,21,90,52,86,104,124,34,180,45,8,43,69,18,68,207,79,193,153,149,31,141,62,160,162	7,0,0.4635,0,14;6,0,0.6345,0,57;3,4,0.9005,0,196;6,4,0.4175,0,55;7,5,0.2515,2,123;3,2,0.8725,0,57
ood_compose_regime-02990	5	2	0	212,117,11,194,45,108,76,186,69,21,17,143,62,147,86,207,88,204,116,66,33,2,96,44,149,52,195,171,124,36,186,190,135,103,169,136	1,1,0.2125,0,40;8,2,0.9075,0,123;3,4,0.4245,0,176;3,4,0.1865,3,31;6,2,0.9895,0,2;3,5,0.0175,2,120
ood_compose_regime-02991	8	2	1	66,75,132,181,93,3,189,45,157,171,181,39,106,113,117,121,59,30,21,56,141,191,17,11,210,100,166,82,138,160,150,92,147,42,69,163	2,1,0.3635,0,60;5,5,0.4915,0,209;7,1,0.4095,0,152;2,0,0.8225,0,54;3,0,0.2565,0,173;0,2,0.4125,0,51
ood_compose_regime-02992	6	2	0	21,179,37,15,74,93,4,112,162,82,25,89,191,130,194,149,167,200,121,141,45,53,136,184,172,61,105,68,107,179,118,69,20,191,147,44	3,5,0.8535,0,3;0,3,0.8935,0,97;4,3,0.9695,0,84;1,0,0.3485,0,236;8,1,0.0045,1,107;0,0,0.0225,0,244
ood_compose_regime-02993	5	2	2	152,18,35,73,169,198,40,109,52,153,86,60,140,171,147,124,141,4,25,92,100,12,151,134,68,183,158,93,69,112,45,117,166,203,179,21	3,2,0.4475,0,70;0,1,0.0755,0,165;3,2,0.8605,0,47;0,4,0.9955,0,105;3,3,0.1245,0,19;3,4,0.8295,0,200
ood_compose_regime-02994	5	2	2	123,82,38,7,21,50,18,117,114,14,106,207,188,97,153,182,181,147,140,76,141,65,200,91,164,63,28,132,44,70,45,151,160,93,213,190	6,4,0.5555,0,82;3,4,0.9705,0,142;1,5,0.3625,1,59;3,0,0.7475,0,34;0,0,0.5615,0,232;2,2,0.8045,0,127
ood_compose_regime-02995	10	2	2	59,64,117,164,84,170,53,45,137,36,93,195,147,124,69,112,188,182,204,151,104,107,76,21,29,5,176,141,134,89,215,204,15,44,20,205	4,5,0.9895,0,79;4,2,0.9735,0,40;4,1,0.1755,0,149;3,2,0.3175,0,180;7,1,0.0755,0,234;3,4,0.3695,0,236
ood_compose_regime-02996	5	2	1	6,135,90,76,147,47,21,63,154,117,54,116,138,150,164,86,206,39,42,111,128,13,165,169,69,65,174,141,100,20,158,211,93,32,215,183	5,3,0.9965,0,247;7,5,0.5375,2,87;5,5,0.3645,0,191;3,4,0.5085,0,177;3,5,0.9955,0,124;7,5,0.4615,0,34
ood_compose_regime-02997	5	2	1	59,212,65,166,131,197,110,69,30,182,20,150,140,4,126,147,21,88,152,167,208,54,35,201,95,113,86,117,141,45,215,40,14,165,76,99	3,4,0.8335,0,39;5,1,0.1485,0,79;5,1,0.3205,0,86;3,4,0.0225,2,55;2,4,0.2275,0,245;5,1,0.8495,0,135
ood_compose_regime-02998	8	2	1	208,36,93,163,42,150,160,48,147,21,158,85,98,126,14,33,107,92,6,161,209,113,66,139,196,157,69,76,141,133,197,117,54,17,63,154	5,4,0.2075,0,252;8,2,0.4365,3,57;5,5,0.4515,0,76;3,3,0.9745,0,83;1,1,0.2295,0,254;5,3,0.7245,0,125
ood_compose_regime-02999	5	2	2	141,45,192,108,153,87,69,61,21,116,147,52,16,162,37,13,159,190,117,165,123,30,92,4,169,136,163,100,66,214,42,134,96,173,151,75	3,3,0.1835,0,45;5,3,0.4355,0,79;3,3,0.4995,0,167;2,5,0.9185,3,161;3,2,0.8405,0,75;2,4,0.1185,0,185
