ood_compose_epi-00000	7	0	1	191,69,199,34,150,6,158,30,138,50,45,83,16,208,108,145,74,113,141,44,123,195,134,200,102,89,93,184,23,209,15,201,62,68,117,200	5,5,0.0835,2,137;5,0,0.8045,0,242;1,4,0.8225,0,177;1,1,0.3415,0,24;5,2,0.3345,0,64;2,4,0.4045,0,105
ood_compose_epi-00001	10	3	2	117,57,203,61,87,78,66,17,41,105,185,35,152,162,69,135,93,47,176,168,8,139,114,214,21,203,10,33,129,215,153,109,91,151,141,148	7,0,0.3755,0,252;8,1,0.3975,2,180;8,3,0.5145,0,39;5,5,0.6305,0,148;8,3,0.5645,0,96;8,5,0.7015,0,89
ood_compose_epi-00002	1	3	1	192,59,4,135,140,14,65,87,30,21,152,154,155,127,150,93,110,212,163,40,117,102,48,155,92,155,36,51,20,211,209,141,113,75,69,148	3,4,0.9215,0,250;5,2,0.0635,3,172;2,1,0.2535,0,244;2,5,0.8645,0,30;5,4,0.2525,0,143;6,5,0.8135,0,40
ood_compose_epi-00003	10	0	2	186,66,124,91,20,55,14,183,97,157,82,132,93,141,179,45,145,152,21,194,189,80,72,161,111,117,42,28,197,136,35,151,165,112,9,63	8,4,0.8795,0,162;3,1,0.4755,0,202;6,5,0.4995,3,21;7,0,0.6495,0,134;0,5,0.0645,0,143;3,2,0.1755,0,126
ood_compose_epi-00004	1	1	2	195,156,93,144,106,44,181,76,154,211,124,180,210,103,35,91,69,146,45,83,51,151,177,4,67,138,131,209,116,61,154,19,27,15,118,24	3,5,0.6055,3,84;2,1,0.9835,0,207;2,3,0.7235,0,148;3,1,0.7505,0,49;6,0,0.9735,1,135;3,1,0.4225,3,116
ood_compose_epi-00005	1	2	2	158,151,194,86,162,42,68,123,45,19,21,69,113,8,93,63,109,193,27,169,99,117,141,10,89,139,51,147,177,171,75,130,159,163,35,198	7,0,0.6835,0,107;2,1,0.5005,0,104;2,5,0.9015,0,19;2,4,0.2505,0,73;2,3,0.3225,0,47;2,0,0.6785,0,116
ood_compose_epi-00006	6	2	2	200,39,42,86,113,73,204,97,31,157,162,202,117,66,49,23,69,181,127,136,91,152,141,3,106,45,19,155,189,147,13,151,170,132,63,93	2,3,0.7395,2,103;6,5,0.4665,0,72;0,5,0.5635,0,32;0,4,0.7655,0,144;0,0,0.2745,0,100;6,2,0.0565,0,91
ood_compose_epi-00007	7	3	1	200,11,49,161,69,43,201,38,59,148,4,115,152,74,191,196,166,97,65,92,124,86,93,144,21,192,174,164,110,139,135,45,150,26,19,117	3,1,0.7405,0,88;1,4,0.7155,0,137;0,1,0.2755,0,94;1,4,0.8315,0,34;0,4,0.6385,0,167;3,5,0.6775,3,71
ood_compose_epi-00008	1	2	2	3,171,75,130,58,93,170,85,92,36,141,68,57,13,147,188,30,137,151,126,46,18,207,211,175,21,40,108,120,212,69,115,165,211,103,213	2,3,0.4485,0,129;5,2,0.0345,1,11;8,0,0.9975,0,241;2,3,0.8685,0,7;6,2,0.6835,3,64;5,0,0.2935,0,224
ood_compose_epi-00009	4	1	2	43,133,76,62,117,190,11,25,67,175,195,85,209,93,164,111,211,4,112,47,151,34,69,21,138,141,19,152,162,52,99,158,92,200,146,121	3,1,0.6605,0,73;0,0,0.7545,2,3;3,4,0.7045,0,211;3,3,0.9405,0,89;2,5,0.0235,0,99;0,3,0.4465,0,102
ood_compose_epi-00010	6	0	0	81,168,36,149,192,6,41,60,87,145,134,201,199,93,21,172,109,181,67,56,97,205,141,117,69,163,127,115,198,90,19,25,14,45,137,186	5,4,0.7495,0,107;0,2,0.2365,0,147;7,2,0.7995,0,39;8,5,0.5535,0,36;0,3,0.7815,0,178;6,4,0.2185,0,177
ood_compose_epi-00011	2	0	2	117,60,22,195,41,168,186,140,151,84,116,11,145,173,45,31,5,209,198,52,18,93,214,68,111,97,127,210,214,35,132,141,154,69,76,90	4,1,0.5725,1,94;6,1,0.2425,0,117;3,2,0.9995,0,177;3,2,0.4925,0,207;0,5,0.9955,0,234;6,2,0.9715,0,32
ood_compose_epi-00012	9	2	2	45,96,172,125,57,19,40,31,188,8,176,213,36,60,110,131,172,172,112,117,12,170,141,90,206,99,147,64,21,194,85,69,79,151,208,137	7,2,0.7445,0,222;6,2,0.1795,0,66;8,2,0.0345,0,170;6,3,0.4795,3,158;2,4,0.0415,0,85;4,1,0.3405,0,145
ood_compose_epi-00013	10	2	2	151,204,106,166,87,192,147,9,14,164,139,144,126,27,61,113,18,211,41,88,163,96,71,66,135,166,102,180,21,204,39,193,45,117,54,74	8,4,0.5545,0,118;2,5,0.2655,0,35;5,3,0.4835,2,150;1,5,0.0005,3,6;5,0,0.2425,0,131;5,5,0.7235,3,100
ood_compose_epi-00014	5	1	1	212,114,81,8,42,104,210,55,153,66,190,21,196,141,117,135,61,82,127,34,146,211,169,15,164,138,150,18,32,69,171,88,107,45,93,162	7,5,0.4035,0,58;7,0,0.5715,0,211;6,3,0.5375,0,38;8,0,0.1845,0,118;7,1,0.4225,0,35;6,5,0.5365,0,171
ood_compose_epi-00015	10	2	1	10,75,170,125,93,188,181,150,58,69,152,6,54,141,207,47,83,109,113,29,162,174,41,21,205,137,89,169,117,35,65,147,152,16,130,101	5,0,0.1405,0,225;4,1,0.2085,2,89;5,0,0.3755,0,102;2,1,0.3145,0,228;4,3,0.3105,0,28;4,0,0.2175,0,20
ood_compose_epi-00016	8	0	1	105,55,122,150,165,162,201,118,132,112,187,30,42,210,141,39,175,179,70,195,10,7,21,77,173,68,89,62,111,45,145,93,210,83,18,137	6,0,0.5165,0,43;5,5,0.5585,0,101;6,4,0.9885,1,136;4,1,0.3855,0,251;8,5,0.0505,1,59;1,2,0.3665,0,223
ood_compose_epi-00017	2	1	1	10,45,36,117,1,141,51,19,24,212,195,146,204,166,69,80,210,165,84,128,100,113,140,28,106,204,66,150,89,214,211,58,42,93,155,132	0,0,0.7455,3,80;3,2,0.4415,0,126;2,0,0.5315,0,99;7,2,0.2415,0,202;3,0,0.3205,0,115;7,2,0.8395,0,77
ood_compose_epi-00018	1	2	1	42,93,99,150,3,18,204,63,153,69,215,161,21,199,141,51,188,90,66,13,171,183,83,45,79,112,147,174,107,123,198,34,33,138,132,117	2,3,0.5345,0,45;8,0,0.5135,0,155;2,5,0.4815,0,177;6,1,0.4155,0,18;2,1,0.0495,0,19;2,2,0.4825,0,56
ood_compose_epi-00019	2	1	1	46,72,141,93,189,136,40,107,20,76,58,104,193,166,66,12,128,150,36,180,116,28,117,209,3,56,180,146,179,173,152,90,22,83,213,132	2,2,0.8275,1,10;3,2,0.1295,1,29;7,0,0.5115,3,248;3,1,0.5595,0,17;7,1,0.9505,0,101;7,2,0.0045,0,191
ood_compose_epi-00020	0	3	0	39,63,124,80,141,69,116,48,149,163,92,53,21,28,139,44,190,13,9,178,148,176,169,65,93,17,185,108,100,170,87,154,156,133,117,175	8,3,0.3375,0,23;3,5,0.8355,3,202;4,5,0.2265,0,68;7,5,0.8625,0,209;3,2,0.9475,0,18;3,3,0.6105,0,97
ood_compose_epi-00021	6	0	1	58,206,135,103,77,167,68,118,204,160,213,141,115,196,41,45,145,51,69,21,39,1,189,18,109,150,11,181,91,137,87,93,209,122,180,31	0,1,0.5345,0,62;6,5,0.3965,0,53;2,0,0.9045,0,215;4,5,0.6645,0,173;6,3,0.7395,1,0;1,5,0.2735,0,238
ood_compose_epi-00022	3	0	2	93,79,16,91,14,109,151,66,164,181,123,52,7,117,99,141,158,114,145,42,178,190,45,206,28,183,177,82,140,71,37,58,169,177,21,131	6,4,0.0245,0,118;3,3,0.4745,0,95;3,0,0.5905,2,255;6,0,0.7775,0,224;2,3,0.4305,0,156;2,1,0.9375,0,70
ood_compose_epi-00023	5	2	1	168,67,82,180,13,40,193,177,147,180,99,78,162,117,31,69,7,150,17,112,62,107,130,37,55,89,211,121,45,141,185,93,21,160,136,154	6,3,0.3315,0,78;6,3,0.1245,0,49;6,4,0.7745,0,187;5,0,0.2495,0,214;2,1,0.0635,0,156;0,0,0.0555,0,119
ood_compose_epi-00024	10	2	1	147,3,194,140,21,213,93,112,64,57,117,164,129,82,41,141,150,157,35,45,32,208,105,62,203,14,89,187,107,206,133,156,16,73,69,188	2,4,0.1605,0,194;7,1,0.2035,0,226;8,4,0.0125,0,37;0,0,0.3615,0,97;8,1,0.1955,0,254;8,3,0.9565,0,52
ood_compose_epi-00025	10	1	2	81,45,71,169,141,174,162,100,186,116,137,129,21,151,93,50,33,185,107,92,16,85,133,166,188,39,15,176,200,146,172,59,117,64,8,44	7,5,0.1895,0,70;8,5,0.9325,0,243;1,1,0.0115,2,3;8,3,0.8895,0,40;3,1,0.8435,0,182;8,3,0.3865,0,65
ood_compose_epi-00026	5	3	0	40,148,77,149,35,103,33,7,162,51,181,138,168,89,93,196,186,69,64,117,209,62,15,208,133,47,20,114,122,141,21,158,106,188,84,177	6,5,0.9325,0,128;8,1,0.0745,2,102;2,4,0.0545,0,6;4,2,0.3715,0,32;6,0,0.4555,0,222;1,3,0.4515,0,249
ood_compose_epi-00027	9	0	2	104,160,123,45,22,156,214,38,85,4,169,56,151,130,15,181,162,152,141,32,145,41,169,115,67,63,192,69,117,154,111,75,93,20,92,137	3,5,0.9105,1,147;7,4,0.3375,0,250;7,5,0.6675,0,113;2,3,0.8195,0,52;7,5,0.7005,0,0;2,0,0.3745,0,143
ood_compose_epi-00028	8	1	1	20,129,11,130,93,163,87,68,210,192,213,9,99,191,199,172,117,210,45,35,90,191,54,141,69,114,173,137,107,63,73,40,150,146,21,33	8,1,0.8115,0,225;8,1,0.0615,0,116;5,5,0.9125,0,16;0,5,0.4945,0,226;2,1,0.5865,0,126;8,0,0.3215,0,53
ood_compose_epi-00029	9	3	0	42,62,131,110,13,45,67,140,124,51,81,207,161,154,112,192,8,119,141,26,206,87,91,104,189,17,175,149,21,200,173,190,148,37,69,96	7,3,0.2295,0,193;1,3,0.5235,0,55;2,4,0.7635,0,116;8,5,0.7445,3,195;7,4,0.1615,2,141;3,1,0.8655,0,83
ood_compose_epi-00030	5	3	2	93,210,212,130,79,82,47,151,136,154,65,141,148,21,55,156,197,112,40,69,181,25,158,180,61,2,117,174,125,92,12,160,39,98,108,19	1,2,0.6865,0,230;0,5,0.0875,2,198;6,3,0.2825,0,70;6,0,0.8905,0,64;1,2,0.1665,0,186;4,0,0.1155,0,246
ood_compose_epi-00031	9	3	2	43,187,93,135,98,151,80,141,148,84,155,177,161,66,117,17,31,112,12,7,35,188,21,60,45,206,193,109,175,189,193,92,50,69,137,122	6,2,0.3055,0,182;6,1,0.7635,0,220;1,2,0.5085,0,230;7,2,0.9455,0,67;1,3,0.1335,0,118;1,5,0.3275,0,219
ood_compose_epi-00032	1	1	1	194,170,27,21,110,58,93,146,84,155,78,132,186,187,141,214,124,150,13,117,91,176,115,188,42,69,39,51,215,20,194,64,3,137,104,45	2,3,0.9905,0,207;2,5,0.4955,0,39;2,0,0.0985,0,216;5,2,0.6255,0,140;7,4,0.6345,0,118;3,2,0.3915,0,17
ood_compose_epi-00033	2	3	0	21,166,65,149,120,93,121,141,83,130,45,98,178,152,9,208,114,61,36,32,193,106,148,19,187,43,69,210,88,169,12,73,189,209,140,52	8,2,0.7905,0,14;7,2,0.7345,0,230;3,3,0.3565,0,56;0,1,0.0775,0,77;1,0,0.4755,3,241;0,0,0.9545,0,29
ood_compose_epi-00034	7	1	1	21,25,93,169,209,193,202,146,19,139,14,84,117,192,98,188,50,150,126,130,155,44,68,69,59,141,37,3,110,74,202,90,199,45,186,113	2,4,0.6135,0,156;0,3,0.9495,0,81;1,1,0.8925,0,227;1,2,0.5725,0,19;1,4,0.3885,0,143;5,0,0.6825,0,44
ood_compose_epi-00035	10	1	0	74,53,88,10,146,5,21,207,69,33,191,111,184,66,141,17,121,200,116,160,211,37,202,105,130,140,149,45,209,178,41,83,197,120,61,93	4,0,0.2025,0,70;8,3,0.3065,0,116;4,3,0.4475,0,218;1,1,0.0235,0,18;8,5,0.9235,3,22;0,0,0.9645,0,22
ood_compose_epi-00036	1	0	1	15,201,20,72,161,93,123,187,6,41,36,210,108,59,117,92,115,67,199,159,28,201,75,130,145,141,45,21,156,150,51,85,99,140,161,184	5,5,0.8915,0,76;3,2,0.3115,0,181;2,1,0.7065,3,1;2,3,0.8135,0,173;2,2,0.6685,0,117;2,0,0.8165,0,191
ood_compose_epi-00037	8	2	2	21,206,154,147,201,160,183,19,102,30,123,65,151,109,84,183,173,141,9,77,11,45,181,159,93,44,140,117,197,131,69,92,116,39,54,58	8,1,0.7085,0,124;5,5,0.9745,0,248;5,0,0.3405,0,108;4,2,0.9435,0,66;5,3,0.9975,0,194;2,1,0.9235,0,100
ood_compose_epi-00038	6	0	1	141,117,180,34,123,133,153,165,115,15,69,100,92,166,201,145,45,60,21,86,150,136,51,191,41,1,66,206,110,168,73,94,206,19,27,171	0,5,0.7895,0,35;2,0,0.3415,0,18;2,2,0.4755,0,80;0,4,0.8805,1,19;3,4,0.6115,0,85;2,3,0.0045,0,48
ood_compose_epi-00039	10	2	0	55,141,149,40,27,63,115,140,200,189,98,21,133,69,93,36,86,12,7,147,210,163,125,214,117,45,201,214,77,171,92,192,110,17,171,64	6,2,0.2845,0,77;2,2,0.0215,0,233;6,5,0.0395,0,129;4,4,0.9085,0,149;1,4,0.7335,0,223;4,3,0.9495,0,8
ood_compose_epi-00040	10	1	1	139,21,146,35,53,122,64,91,202,58,144,45,205,194,69,29,207,41,150,193,130,183,117,206,184,152,18,77,106,116,93,99,175,14,83,5	4,4,0.5165,0,238;4,1,0.3205,0,237;4,0,0.0355,0,208;4,1,0.6715,0,154;2,0,0.8365,0,206;1,0,0.7185,3,143
ood_compose_epi-00041	1	0	0	116,36,145,163,63,53,69,104,164,134,75,120,209,199,21,190,203,32,186,136,201,43,93,16,111,91,64,158,205,124,7,141,149,13,45,86	6,3,0.1875,0,123;7,2,0.7295,0,4;4,5,0.1875,0,72;2,4,0.7905,0,50;7,5,0.8635,3,159;3,4,0.0265,0,206
ood_compose_epi-00042	5	2	1	212,117,183,44,93,135,53,87,71,21,137,173,175,171,64,141,37,185,63,110,209,147,121,201,77,88,103,175,45,7,150,19,114,165,31,11	6,1,0.7905,0,146;6,3,0.8215,0,37;4,5,0.1625,2,29;4,5,0.1435,0,211;6,4,0.5765,0,73;0,5,0.2465,0,66
ood_compose_epi-00043	1	1	2	152,19,90,109,146,123,154,210,83,116,34,153,65,70,204,15,134,42,197,136,164,58,21,166,99,28,74,163,3,93,54,170,45,117,141,151	2,5,0.6175,0,137;3,0,0.4915,0,125;5,0,0.2195,1,215;1,1,0.5195,0,253;2,3,0.8645,0,80;2,4,0.0325,0,187
ood_compose_epi-00044	6	2	2	117,135,174,141,116,147,191,31,42,198,85,129,202,162,99,196,21,191,89,17,210,183,8,63,93,45,136,13,66,168,69,49,34,151,75,106	7,3,0.3615,0,16;6,0,0.5505,0,180;0,5,0.5395,0,163;2,3,0.3515,0,64;2,0,0.8395,0,61;8,5,0.0235,0,131
ood_compose_epi-00045	1	3	1	51,71,90,138,152,199,144,59,66,3,99,21,11,115,150,181,178,128,163,37,117,199,148,75,17,106,197,156,84,45,166,42,134,27,93,178	2,1,0.2735,0,104;2,3,0.5645,0,226;2,1,0.5565,2,11;2,2,0.4295,0,70;2,0,0.6535,0,33;7,4,0.4115,3,156
ood_compose_epi-00046	10	0	2	69,209,109,42,208,20,45,58,101,75,21,9,36,13,145,167,131,140,190,66,177,201,202,33,57,91,113,211,117,83,93,151,141,211,199,128	8,3,0.8245,0,76;8,2,0.4765,0,191;8,0,0.4625,0,165;2,1,0.7275,0,161;4,3,0.3525,0,174;7,1,0.9425,0,165
ood_compose_epi-00047	1	1	2	30,109,90,37,116,99,17,169,15,43,82,210,188,132,146,193,96,193,69,60,151,47,75,49,154,181,117,1,141,127,21,67,175,139,215,157	0,5,0.3305,0,79;5,3,0.6205,2,155;0,2,0.6225,0,149;2,0,0.5095,3,145;2,3,0.8815,0,2;6,2,0.6755,0,137
ood_compose_epi-00048	5	2	0	20,177,108,79,112,166,141,166,15,36,202,192,23,168,69,147,169,2,93,140,85,32,55,59,117,186,99,45,211,189,90,149,44,127,67,131	1,5,0.8285,2,139;7,2,0.9125,0,118;6,1,0.7165,0,155;6,3,0.4655,0,4;2,2,0.1855,0,177;6,1,0.9045,0,72
ood_compose_epi-00049	1	2	0	166,77,147,65,41,30,45,19,193,34,167,110,199,186,174,141,84,105,92,60,134,70,117,212,3,181,53,181,93,129,166,113,21,138,15,149	2,5,0.6805,0,163;5,0,0.2475,0,14;4,2,0.2245,1,152;4,2,0.8455,0,209;8,4,0.3925,0,98;8,4,0.4305,0,203
ood_compose_epi-00050	0	3	1	153,189,124,59,178,66,34,179,164,159,188,93,111,45,119,148,43,51,150,13,84,139,33,208,4,16,183,69,113,21,133,98,89,171,74,141	3,3,0.1725,0,100;8,0,0.6815,0,39;2,1,0.4375,0,110;1,2,0.2045,0,165;1,5,0.3115,2,15;3,3,0.7495,0,212
ood_compose_epi-00051	1	0	2	90,98,187,164,28,156,119,3,18,123,138,45,168,151,38,200,134,14,110,93,63,195,145,171,64,116,180,197,201,41,69,57,143,21,75,85	2,4,0.4805,0,158;3,4,0.3545,0,8;8,5,0.0225,0,221;2,3,0.4825,0,71;1,4,0.8265,2,21;2,4,0.5335,2,241
ood_compose_epi-00052	2	3	0	11,21,4,84,168,215,115,149,148,41,79,47,208,127,137,37,107,69,27,20,156,61,96,208,92,103,143,153,190,117,67,210,134,206,57,175	3,1,0.9495,0,29;2,3,0.2215,2,180;8,3,0.7525,0,233;6,2,0.9525,3,200;6,1,0.6555,0,182;6,4,0.2135,2,219
ood_compose_epi-00053	7	1	2	194,197,212,206,181,90,25,82,19,169,43,141,69,138,39,185,10,208,117,123,156,50,58,48,98,74,146,133,93,21,151,154,2,68,110,113	1,0,0.7895,0,174;0,5,0.7995,3,47;1,0,0.8595,0,35;1,0,0.4085,0,107;1,4,0.2655,0,197;2,3,0.4755,0,8
ood_compose_epi-00054	0	3	1	76,148,194,4,163,68,181,28,20,142,109,41,11,52,86,45,211,137,206,91,156,213,198,113,93,129,60,99,205,23,156,150,117,134,69,37	3,1,0.9825,2,32;3,3,0.2795,0,200;3,2,0.8665,0,164;3,4,0.6255,0,45;2,3,0.2135,0,137;8,4,0.2375,1,209
ood_compose_epi-00055	1	2	1	147,45,63,174,84,74,3,105,18,89,213,196,181,142,54,136,21,43,14,27,36,72,66,117,123,164,150,212,157,135,205,93,174,110,113,156	2,4,0.5945,0,75;2,2,0.7165,0,246;5,5,0.4015,3,167;1,2,0.3305,0,4;8,4,0.2475,0,127;2,5,0.1225,1,232
ood_compose_epi-00056	7	3	1	112,193,190,132,18,43,69,45,141,122,182,89,210,86,177,93,26,4,21,117,74,193,68,148,62,190,150,176,139,53,185,35,108,100,173,12	3,2,0.4925,0,50;1,1,0.6815,0,212;4,4,0.9755,0,77;1,4,0.3565,0,56;3,2,0.1905,0,16;1,2,0.6755,0,36
ood_compose_epi-00057	6	2	0	168,93,21,172,1,184,155,61,67,205,142,41,149,69,14,49,107,173,206,112,97,190,136,73,186,34,45,121,32,170,89,132,18,147,87,117	0,4,0.5775,0,147;7,0,0.3275,0,134;0,3,0.6695,0,53;0,5,0.2595,0,50;0,1,0.1545,0,146;0,2,0.0145,1,26
ood_compose_epi-00058	1	2	2	99,147,108,168,215,139,166,114,31,51,202,177,87,9,64,45,88,123,141,16,181,133,75,183,93,21,41,193,117,151,69,11,166,62,161,36	8,1,0.0265,0,77;6,2,0.2365,0,12;2,4,0.1505,0,169;2,5,0.0085,0,168;2,2,0.4455,0,236;2,3,0.7535,0,210
ood_compose_epi-00059	1	0	0	170,103,159,115,140,195,20,164,111,51,186,95,149,163,59,207,145,68,40,142,209,90,27,117,45,128,130,3,83,34,15,206,188,69,21,77	2,5,0.8205,0,234;2,0,0.1755,0,29;2,1,0.8795,0,87;4,1,0.5095,2,21;6,5,0.7875,0,47;7,0,0.8405,1,143
ood_compose_epi-00060	1	3	0	22,140,109,60,27,75,51,148,45,202,135,115,171,157,123,15,181,17,141,155,44,184,154,98,93,71,90,149,211,37,86,65,159,166,3,117	2,5,0.2745,1,164;2,3,0.8715,0,162;2,2,0.2595,2,232;2,4,0.5945,0,192;1,3,0.7195,0,100;2,5,0.9105,0,131
ood_compose_epi-00061	6	3	0	161,69,127,114,68,77,105,201,29,63,49,118,3,91,169,149,204,11,93,39,181,42,21,133,136,211,166,83,148,141,199,20,166,106,164,45	2,1,0.8785,0,143;4,5,0.5785,0,170;0,5,0.9855,0,215;4,1,0.7775,0,162;8,0,0.5445,1,38;6,3,0.1535,0,190
ood_compose_epi-00062	1	2	1	13,195,44,113,134,21,58,68,108,204,34,93,3,147,153,73,179,85,88,33,45,167,191,53,208,191,169,17,182,136,117,141,97,150,121,69	2,3,0.3815,0,79;8,0,0.8985,0,142;4,0,0.9685,0,1;0,3,0.0035,0,194;0,2,0.2955,0,48;0,4,0.1655,0,245
ood_compose_epi-00063	3	0	2	39,55,40,116,86,200,93,196,133,122,110,45,204,168,14,21,211,145,91,166,180,100,159,153,69,192,65,151,4,77,117,61,143,16,139,28	3,4,0.0045,0,127;3,5,0.0965,0,127;6,3,0.3495,0,55;4,4,0.6565,0,16;3,4,0.8945,0,224;1,3,0.7065,2,245
ood_compose_epi-00064	5	2	2	165,147,140,162,197,171,57,65,93,129,7,200,19,200,21,199,91,15,141,40,35,151,117,101,79,33,197,71,111,131,59,113,185,162,45,85	6,5,0.7955,0,216;8,1,0.0815,0,169;8,1,0.3295,2,90;6,3,0.6745,0,210;4,5,0.2915,0,202;8,1,0.8355,0,52
ood_compose_epi-00065	0	3	0	177,109,93,59,3,198,89,149,116,213,34,137,52,167,170,117,11,43,148,27,141,69,208,173,100,195,203,185,84,134,66,24,122,17,77,46	2,1,0.2345,3,164;2,0,0.7575,1,123;3,1,0.5545,0,83;4,2,0.3625,0,151;3,3,0.8765,0,203;1,4,0.3525,0,253
ood_compose_epi-00066	6	2	2	180,105,214,87,44,37,68,114,134,117,155,139,21,45,151,157,180,25,93,109,141,147,121,199,69,167,20,73,51,195,1,12,62,160,163,89	0,2,0.8925,0,8;0,3,0.9435,0,179;2,4,0.9315,0,61;0,5,0.3215,0,169;8,3,0.4965,0,24;0,4,0.7455,0,181
ood_compose_epi-00067	6	2	2	25,45,69,136,39,208,167,112,198,64,135,159,151,160,85,21,88,199,41,141,8,17,195,80,117,59,147,123,206,10,56,110,185,98,176,93	7,0,0.3275,0,76;0,5,0.3685,0,220;7,1,0.1075,0,56;7,3,0.0125,0,142;1,4,0.1835,0,175;2,5,0.1485,0,9
ood_compose_epi-00068	1	2	2	92,151,197,109,165,23,181,14,164,203,8,99,67,40,147,188,37,127,114,79,62,131,117,54,138,142,194,214,94,45,18,152,30,201,69,86	7,4,0.5585,2,36;5,3,0.0815,0,247;5,4,0.7565,0,132;6,4,0.9895,1,205;2,3,0.4295,0,78;6,1,0.4735,1,247
ood_compose_epi-00069	1	2	0	16,41,79,127,67,156,14,156,147,137,61,109,51,117,154,149,133,91,159,205,69,195,204,202,162,112,195,143,2,31,45,83,23,93,34,99	1,4,0.0845,2,238;6,0,0.2535,0,236;2,3,0.6185,0,64;6,1,0.6215,0,96;2,3,0.0495,0,30;6,3,0.3675,2,36
ood_compose_epi-00070	1	3	1	148,110,3,144,45,60,188,113,42,74,37,134,19,88,150,54,117,69,185,164,93,21,85,193,139,199,201,100,161,159,27,13,67,123,208,159	2,3,0.7815,0,115;2,3,0.4845,0,226;5,2,0.7945,0,114;1,3,0.0915,0,48;3,4,0.2615,0,223;2,4,0.6095,3,136
ood_compose_epi-00071	5	3	1	103,179,69,165,150,79,19,195,12,127,138,188,204,184,45,51,148,111,117,133,185,26,141,89,114,21,186,93,40,36,86,7,66,156,161,60	6,2,0.7925,0,80;1,2,0.1065,0,213;2,2,0.4875,0,183;6,4,0.2145,0,25;6,5,0.4285,0,101;6,3,0.5305,0,104
ood_compose_epi-00072	2	0	0	117,62,108,154,140,27,36,208,78,149,65,203,208,142,175,125,170,44,207,21,11,183,103,145,197,20,4,52,69,86,93,45,132,90,156,113	3,1,0.8645,0,165;2,2,0.9485,0,242;3,4,0.2905,0,31;5,4,0.5435,0,4;6,2,0.2295,0,31;4,2,0.8895,1,142
ood_compose_epi-00073	2	1	0	124,140,40,118,21,146,213,141,181,163,169,149,69,89,209,50,152,82,64,93,131,75,18,112,176,166,38,107,27,45,12,3,210,197,60,100	2,2,0.4745,0,172;2,4,0.1995,0,218;1,2,0.0465,0,165;2,0,0.2565,0,146;3,1,0.1285,1,5;3,1,0.8555,0,141
ood_compose_epi-00074	1	2	0	152,161,204,131,138,147,129,198,54,27,34,21,117,115,99,178,205,45,7,195,96,61,108,89,141,177,70,79,41,162,168,15,64,149,17,85	6,5,0.2335,0,144;2,0,0.2995,0,248;5,3,0.1965,1,211;6,3,0.3805,3,224;2,2,0.6485,0,50;8,1,0.5555,0,111
ood_compose_epi-00075	3	0	2	38,141,151,156,196,85,69,16,130,45,108,140,78,205,93,124,63,202,176,33,89,116,14,171,52,185,190,98,145,67,201,179,9,117,21,42	8,4,0.1985,0,48;8,4,0.4175,0,67;3,5,0.6195,0,17;5,3,0.2275,0,78;1,2,0.9235,0,155;3,0,0.9885,0,25
ood_compose_epi-00076	1	1	1	40,2,117,172,58,91,115,29,64,45,72,143,192,165,53,194,196,110,133,75,212,160,136,34,185,196,146,10,93,21,16,174,150,124,87,101	1,0,0.1435,0,145;4,0,0.1615,0,156;4,0,0.0075,3,55;2,5,0.6495,0,76;4,4,0.7685,0,111;3,3,0.0045,2,191
ood_compose_epi-00077	5	3	2	106,201,154,138,204,112,82,141,62,209,148,18,36,7,89,193,67,119,45,129,72,30,93,170,44,132,15,53,21,189,102,151,159,78,203,156	6,5,0.4595,0,50;5,2,0.8635,0,190;4,4,0.7585,3,9;5,0,0.3195,0,50;5,0,0.0035,2,85;8,2,0.4765,0,2
ood_compose_epi-00078	9	0	1	4,150,135,158,162,90,63,22,136,69,169,206,30,117,93,12,123,177,174,38,76,203,145,16,200,56,141,48,43,188,204,100,83,68,111,113	3,2,0.1725,1,118;5,4,0.7145,3,134;7,5,0.8725,0,66;3,1,0.4885,0,159;3,5,0.2695,0,252;2,5,0.0045,0,7
ood_compose_epi-00079	10	0	2	178,81,69,21,180,19,117,151,163,191,15,45,88,152,53,155,107,129,115,39,100,186,8,82,136,145,181,141,130,63,95,161,157,33,66,43	7,5,0.6435,0,189;8,5,0.7565,0,253;4,5,0.5715,0,221;8,0,0.0845,2,159;3,1,0.6115,0,125;8,0,0.1305,0,50
ood_compose_epi-00080	6	0	2	199,172,141,186,3,26,99,157,35,75,108,168,122,21,45,82,112,185,93,91,139,67,49,145,176,17,69,117,14,63,212,42,151,178,130,183	2,4,0.3775,0,62;1,1,0.4315,0,26;0,5,0.6475,0,219;2,0,0.6285,0,35;2,2,0.1495,0,92;1,0,0.7315,0,78
ood_compose_epi-00081	10	1	2	139,170,159,113,21,117,155,131,12,121,39,151,110,69,76,2,196,93,45,43,192,187,105,29,141,193,214,59,65,146,88,154,84,207,54,18	1,2,0.4895,0,134;4,5,0.6415,0,106;5,1,0.3755,0,43;3,2,0.0595,0,240;8,4,0.3705,0,41;0,1,0.7505,0,83
ood_compose_epi-00082	4	1	1	167,191,136,150,62,40,48,30,185,159,184,16,1,117,121,38,21,133,178,196,87,100,11,206,207,69,66,141,52,146,73,116,192,92,93,111	0,1,0.1345,0,5;5,4,0.1655,3,111;3,4,0.4755,0,181;0,5,0.8705,0,216;3,5,0.8735,0,125;0,3,0.1435,0,150
ood_compose_epi-00083	10	3	0	111,159,59,45,117,21,159,123,89,206,181,18,141,130,68,5,69,57,200,176,40,209,11,179,115,86,36,93,139,148,77,102,149,202,188,27	4,1,0.4805,0,211;2,2,0.0025,0,98;8,1,0.9585,0,170;4,4,0.3305,0,175;5,5,0.6885,0,91;2,0,0.6935,0,102
ood_compose_epi-00084	5	1	0	117,69,21,149,125,106,114,65,93,144,39,61,92,55,193,29,13,191,9,101,164,164,45,79,170,191,84,170,18,40,172,156,140,133,146,201	8,3,0.5305,0,64;4,5,0.1055,0,163;6,3,0.3615,0,95;6,2,0.9665,0,9;4,0,0.5675,0,121;4,3,0.9805,3,0
ood_compose_epi-00085	6	3	2	141,53,165,111,186,45,30,121,131,97,67,44,211,116,80,84,148,5,19,117,163,93,192,168,136,61,207,88,13,198,151,209,24,35,69,182	4,3,0.7125,3,140;5,1,0.9525,0,22;4,3,0.7425,0,235;7,2,0.1775,0,240;0,5,0.9315,0,41;0,1,0.1575,0,252
ood_compose_epi-00086	0	3	2	187,151,194,157,214,58,4,114,158,21,93,57,12,131,207,83,158,141,66,20,117,148,100,36,69,201,43,76,110,45,92,121,28,172,184,138	3,2,0.9405,0,194;3,2,0.6805,0,194;8,0,0.5225,0,142;3,1,0.9345,0,98;3,4,0.4135,0,245;0,1,0.5835,0,96
ood_compose_epi-00087	7	2	0	147,25,149,20,90,10,36,112,130,179,176,118,41,178,74,197,72,139,86,214,64,62,141,164,6,45,56,178,121,109,93,198,199,21,104,212	5,0,0.8295,0,44;0,2,0.3865,0,182;7,4,0.1835,3,173;1,4,0.5995,0,130;7,3,0.0715,1,236;0,0,0.7485,0,43
ood_compose_epi-00088	9	1	1	158,127,168,4,104,146,32,69,15,109,161,114,59,93,194,21,179,134,152,68,36,89,150,51,176,45,136,117,19,161,43,141,166,80,86,173	3,5,0.7845,0,33;7,2,0.6895,0,102;2,1,0.9365,0,57;7,4,0.2215,0,55;7,3,0.5445,0,227;6,4,0.1545,0,6
ood_compose_epi-00089	1	3	1	46,117,61,109,123,210,207,140,155,161,29,112,150,34,171,12,148,69,21,131,16,194,51,5,105,40,155,93,200,67,180,79,171,88,141,82	4,2,0.1185,0,109;4,0,0.0005,1,253;2,3,0.6765,0,134;6,0,0.0285,0,50;8,3,0.1325,0,154;2,1,0.8385,0,26
ood_compose_epi-00090	2	0	0	117,76,21,212,145,69,94,38,177,60,42,159,13,149,159,197,204,107,196,88,124,67,208,83,16,45,180,51,104,141,116,139,29,2,191,130	1,3,0.1215,0,132;4,4,0.5025,0,75;2,2,0.7195,0,235;3,1,0.1595,1,126;7,1,0.8895,0,9;3,0,0.7615,0,78
ood_compose_epi-00091	8	1	1	118,115,158,169,126,181,69,138,52,196,78,100,92,166,45,4,146,93,176,110,182,150,21,179,11,141,38,66,200,163,30,20,44,135,59,87	3,1,0.8935,0,98;5,4,0.8345,0,55;3,1,0.5755,0,230;5,5,0.9145,0,163;3,4,0.7525,1,184;5,5,0.5895,0,205
ood_compose_epi-00092	1	1	2	53,179,110,18,27,45,75,37,115,117,11,21,187,207,87,3,151,69,141,152,206,60,135,95,205,187,44,197,66,122,98,146,92,182,137,168	2,1,0.5095,0,233;2,3,0.8475,0,194;4,2,0.5395,0,75;2,5,0.8505,2,94;1,4,0.7755,0,141;1,5,0.2025,0,34
ood_compose_epi-00093	10	3	2	164,21,17,99,123,167,84,191,63,65,135,148,80,93,112,29,206,5,119,205,138,88,141,43,169,109,12,49,151,45,69,162,213,202,188,37	4,2,0.3645,0,167;4,3,0.7055,0,25;0,5,0.3465,0,147;7,2,0.1415,0,37;2,3,0.1925,2,77;2,5,0.4585,0,171
ood_compose_epi-00094	1	2	1	111,150,123,82,27,91,191,93,45,40,99,136,21,74,60,147,169,19,160,172,141,130,198,177,182,65,38,171,13,51,69,117,113,157,9,194	8,3,0.7265,0,206;2,4,0.0635,0,85;2,2,0.2675,0,27;1,0,0.6145,0,161;2,5,0.3105,0,199;2,0,0.1205,0,195
ood_compose_epi-00095	6	0	0	157,15,157,16,93,26,89,110,9,66,137,141,203,149,121,57,60,73,21,40,194,152,85,202,135,101,176,117,34,207,177,114,47,204,145,69	8,5,0.1415,0,191;1,0,0.0425,2,196;8,2,0.5105,0,248;0,3,0.3735,0,38;4,4,0.5105,0,214;0,5,0.3035,0,43
ood_compose_epi-00096	3	0	1	213,141,58,124,117,134,111,192,45,185,185,35,168,112,19,91,93,56,12,76,176,1,205,84,44,145,103,21,150,68,210,140,70,158,155,28	0,2,0.7715,0,11;3,1,0.9285,0,51;7,0,0.8095,1,113;3,2,0.6105,0,107;6,5,0.1795,0,153;3,4,0.8635,0,132
ood_compose_epi-00097	9	3	2	69,89,162,151,148,35,31,189,11,184,16,103,51,171,194,164,112,87,170,58,117,166,124,167,93,4,131,163,141,137,44,45,21,80,65,111	3,1,0.0915,0,16;6,1,0.9705,0,37;2,0,0.3195,0,68;7,5,0.2835,0,11;6,5,0.1435,0,168;3,1,0.3635,0,8
ood_compose_epi-00098	2	0	2	141,113,75,201,181,139,11,92,95,205,151,110,158,57,66,45,214,124,180,160,145,3,41,85,69,17,117,160,21,59,175,100,153,25,34,131	2,1,0.2325,0,64;0,0,0.3045,0,57;8,1,0.4825,0,226;2,3,0.9125,2,233;3,4,0.2735,0,7;3,1,0.7405,0,236
ood_compose_epi-00099	1	2	1	21,85,38,117,147,209,170,93,131,204,140,44,170,3,141,75,62,190,164,105,203,113,20,150,213,72,51,46,197,29,67,126,108,14,92,156	2,4,0.9585,0,44;4,4,0.9475,1,218;2,4,0.7635,3,167;2,3,0.9365,0,182;8,2,0.2215,0,154;5,1,0.8585,0,141
ood_compose_epi-00100	4	1	0	137,184,162,194,205,32,107,141,63,117,149,184,77,101,93,116,37,130,125,146,174,13,7,193,167,24,173,86,52,40,45,90,69,67,19,161	6,3,0.7835,3,56;7,3,0.1735,0,208;3,5,0.7925,0,125;4,4,0.5025,0,48;4,1,0.9265,0,69;4,0,0.3685,0,6
ood_compose_epi-00101	0	3	1	7,46,62,150,175,182,181,83,91,124,21,20,69,140,215,160,158,25,141,75,181,40,166,11,112,131,148,107,52,93,117,39,163,197,103,68	6,1,0.8925,0,198;0,5,0.1845,1,212;3,4,0.9065,0,105;2,1,0.7955,0,33;6,1,0.0835,0,163;3,1,0.9355,0,24
ood_compose_epi-00102	5	0	0	117,14,95,47,40,166,183,188,115,149,188,63,21,64,137,39,195,49,134,145,111,196,121,192,141,25,103,213,79,173,19,9,87,88,199,69	8,4,0.6985,0,105;0,5,0.1205,2,55;0,5,0.0345,0,100;6,5,0.0905,2,49;6,5,0.6815,0,61;0,4,0.2545,0,113
ood_compose_epi-00103	1	2	2	151,44,173,72,190,196,155,115,79,192,14,135,19,85,55,117,147,185,104,176,139,58,182,93,47,66,156,37,190,108,88,123,21,6,26,141	5,4,0.6195,0,32;1,3,0.9795,2,143;6,0,0.4325,3,18;6,3,0.0615,0,106;7,2,0.7925,0,174;2,5,0.7915,0,206
ood_compose_epi-00104	5	2	1	132,58,7,181,175,150,205,69,167,39,173,89,119,15,153,113,141,94,33,57,21,45,81,19,123,108,99,210,202,170,138,83,66,205,43,147	6,5,0.6575,0,51;8,5,0.7005,0,148;8,0,0.5345,0,97;8,1,0.3415,1,207;2,2,0.3715,2,210;2,2,0.4715,0,63
ood_compose_epi-00105	5	2	1	105,127,64,42,61,19,111,193,90,161,7,141,135,137,192,117,147,38,77,55,115,150,21,206,31,188,45,191,212,180,69,179,209,82,93,15	6,5,0.6265,0,179;6,4,0.4745,0,228;6,3,0.0985,0,241;4,0,0.4835,0,103;8,5,0.6335,0,76;6,5,0.3975,0,80
ood_compose_epi-00106	6	0	2	134,53,15,188,164,93,117,143,24,115,87,191,136,5,166,60,210,45,41,29,99,151,145,69,17,187,73,191,67,187,164,35,123,197,91,111	4,5,0.2115,3,40;4,1,0.3125,0,107;4,2,0.7945,0,230;0,5,0.6635,0,7;2,5,0.6485,0,34;2,4,0.0335,2,226
ood_compose_epi-00107	6	3	1	214,150,133,163,141,6,67,192,93,81,33,186,148,45,137,117,196,168,181,22,49,36,114,69,10,156,97,165,88,191,111,121,61,82,41,20	5,0,0.9555,1,227;8,2,0.3665,0,229;0,3,0.6325,0,128;8,0,0.0165,0,92;0,5,0.4505,0,134;0,3,0.2045,0,43
ood_compose_epi-00108	2	2	1	175,182,211,183,116,21,90,202,64,75,83,1,108,59,215,55,176,122,150,132,38,120,140,141,147,175,44,47,69,93,11,105,189,177,19,27	0,1,0.7965,0,106;2,4,0.9815,2,130;6,1,0.1745,0,166;2,1,0.4085,0,132;8,2,0.9675,3,4;1,2,0.8725,0,136
ood_compose_epi-00109	10	0	2	181,23,89,66,201,61,145,81,82,33,131,151,123,69,140,189,105,18,116,188,39,45,187,43,185,117,93,109,51,211,4,204,12,141,206,179	3,2,0.4365,2,21;8,5,0.6265,0,115;2,3,0.5325,0,241;8,0,0.2815,0,222;8,3,0.8175,0,0;2,1,0.8395,0,201
ood_compose_epi-00110	0	3	2	141,151,34,76,148,43,89,4,189,195,164,117,204,93,59,155,52,112,68,84,138,99,45,15,109,171,121,184,130,187,69,156,20,172,28,21	3,5,0.8155,0,128;3,0,0.7755,0,176;3,1,0.9025,0,123;3,2,0.2865,0,40;2,3,0.0165,0,27;0,0,0.5165,0,172
ood_compose_epi-00111	9	3	1	102,164,45,201,136,83,30,112,69,133,16,34,141,56,150,107,13,200,148,62,155,154,93,8,153,76,120,192,89,21,127,40,207,67,200,173	7,3,0.1545,0,222;5,0,0.1695,0,138;7,4,0.7515,0,104;3,1,0.2815,0,191;5,1,0.1375,3,91;6,3,0.1495,0,0
ood_compose_epi-00112	1	3	1	139,33,93,207,107,57,134,69,88,123,184,173,61,184,12,47,116,40,210,37,181,82,150,3,20,211,183,157,21,141,99,67,117,153,75,148	2,2,0.9635,0,88;8,3,0.1745,2,135;8,3,0.7535,0,62;2,0,0.1445,0,88;2,1,0.9955,0,32;2,4,0.6895,0,16
ood_compose_epi-00113	9	3	0	160,18,95,136,42,170,212,159,84,129,11,34,144,66,149,105,117,165,88,81,54,21,114,189,28,156,200,46,106,8,69,196,160,148,58,133	7,1,0.4225,0,147;3,0,0.5335,1,100;5,0,0.5355,0,89;8,2,0.0395,2,25;8,0,0.4235,0,200;8,3,0.1975,3,72
ood_compose_epi-00114	5	3	2	117,176,214,204,93,39,82,18,61,180,153,103,69,21,148,173,4,184,78,115,55,11,45,127,136,134,65,141,165,108,88,153,213,31,42,151	3,1,0.4895,0,125;6,5,0.5675,0,27;6,3,0.3865,0,122;5,0,0.1965,0,244;6,2,0.7905,0,58;6,4,0.0415,0,224
ood_compose_epi-00115	5	3	0	69,61,103,149,40,22,134,35,197,168,141,111,171,87,30,177,212,138,148,10,184,117,116,78,186,20,6,96,153,45,167,125,214,90,54,66	5,0,0.9385,1,117;5,1,0.0385,0,73;5,3,0.4015,0,220;5,5,0.4775,3,87;6,5,0.9585,0,142;4,4,0.4095,0,197
ood_compose_epi-00116	2	2	0	84,93,213,147,98,110,12,45,69,112,19,149,92,60,21,178,196,56,34,137,133,75,162,206,2,184,204,65,178,190,117,33,41,129,174,141	1,2,0.6455,0,167;8,0,0.3635,0,118;7,2,0.3535,0,244;2,2,0.9505,0,74;1,4,0.1955,0,187;8,3,0.3705,0,5
ood_compose_epi-00117	10	2	2	138,15,89,174,147,214,83,173,151,117,197,43,77,113,201,190,132,21,65,186,125,54,59,204,155,185,141,20,104,45,108,93,5,31,69,39	4,5,0.8235,0,1;6,5,0.7715,0,34;5,1,0.3755,0,138;4,1,0.2775,0,56;7,2,0.3485,0,44;4,2,0.5855,0,24
ood_compose_epi-00118	6	1	2	45,75,159,93,151,172,194,112,138,205,169,69,199,50,141,121,21,97,190,146,14,34,119,16,42,135,160,8,195,65,172,88,83,110,59,25	7,4,0.0065,0,71;0,0,0.4145,0,46;1,1,0.2515,0,223;2,1,0.1535,0,227;0,4,0.0515,2,44;0,5,0.4755,0,58
ood_compose_epi-00119	2	1	0	171,68,82,1,130,91,11,34,69,146,187,27,45,165,124,20,136,21,112,111,169,52,105,172,95,149,169,171,171,41,178,117,75,157,59,141	0,1,0.8465,0,190;2,0,0.2175,0,53;3,1,0.9675,0,112;2,0,0.6185,2,217;8,5,0.0935,0,52;3,0,0.1875,0,222
ood_compose_epi-00120	1	1	1	63,141,155,11,85,158,170,171,208,9,109,204,29,79,39,133,214,21,69,42,150,123,17,168,112,196,184,51,45,65,96,102,146,91,117,140	8,1,0.2575,0,62;4,5,0.5965,0,145;2,5,0.2235,0,35;6,3,0.6635,3,5;5,3,0.0985,0,106;2,3,0.8065,0,241
ood_compose_epi-00121	4	1	0	69,93,199,214,61,110,44,157,199,179,132,193,76,149,5,38,84,191,161,20,21,90,141,123,198,27,14,45,99,52,117,68,210,115,137,146	4,4,0.9385,0,124;2,4,0.9815,0,54;3,3,0.9595,0,245;3,2,0.5615,0,201;2,4,0.6765,0,35;2,2,0.2965,0,10
ood_compose_epi-00122	1	1	0	144,21,213,153,16,51,87,38,137,99,201,64,4,69,93,186,214,110,155,117,29,89,149,167,133,45,129,75,173,146,114,41,13,170,207,59	3,3,0.0915,0,58;4,4,0.2555,0,99;2,1,0.1255,0,106;2,5,0.3165,0,89;2,4,0.5295,0,168;8,3,0.3475,3,81
ood_compose_epi-00123	1	2	0	141,149,13,51,107,9,60,153,27,35,82,123,168,211,210,186,44,93,64,105,163,116,45,130,75,69,139,21,202,159,18,90,167,117,178,147	8,3,0.5205,0,209;2,1,0.9645,0,31;2,2,0.0585,0,8;2,0,0.4345,0,165;8,1,0.8805,0,4;2,0,0.6575,0,177
ood_compose_epi-00124	2	1	0	52,146,172,136,117,93,65,193,40,59,190,19,108,164,10,77,87,131,141,91,69,161,116,29,124,173,37,155,149,198,100,45,212,5,21,156	4,0,0.7415,0,212;4,3,0.0225,0,83;3,1,0.3875,0,192;4,5,0.7765,0,62;3,2,0.9055,0,75;3,1,0.0135,0,164
ood_compose_epi-00125	0	3	1	136,43,142,67,168,80,117,56,163,3,88,32,173,195,124,193,163,191,69,19,170,115,87,110,148,38,45,93,59,100,150,130,195,214,13,21	2,3,0.7115,0,24;7,4,0.7355,0,233;7,1,0.7395,0,150;7,5,0.0675,0,218;3,4,0.7885,0,205;3,0,0.0755,1,51
ood_compose_epi-00126	1	1	1	88,180,45,5,178,194,135,35,193,60,146,80,68,40,144,207,30,110,159,14,181,122,164,16,50,139,99,177,69,117,161,85,21,116,93,150	4,4,0.1695,0,32;5,1,0.0435,0,93;1,2,0.8815,0,217;7,3,0.0985,0,230;2,4,0.9545,0,191;1,5,0.7945,3,118
ood_compose_epi-00127	1	3	0	213,149,87,207,48,10,161,18,6,75,68,106,141,43,178,177,104,196,117,21,140,59,135,69,171,56,90,183,184,127,37,31,112,181,148,93	5,0,0.4685,0,17;6,3,0.6535,3,163;7,1,0.8865,0,144;2,5,0.5445,0,106;7,0,0.1825,0,187;6,5,0.9495,0,240
ood_compose_epi-00128	9	1	0	69,149,93,116,82,68,202,6,13,215,35,141,133,196,128,45,186,165,60,56,168,146,27,109,21,156,88,42,137,155,120,211,78,192,100,19	5,3,0.7615,0,85;2,1,0.5275,0,202;7,2,0.9785,0,18;5,0,0.1675,0,127;3,3,0.9705,3,71;7,3,0.3095,0,74
ood_compose_epi-00129	5	1	0	188,146,30,92,54,149,102,106,4,134,35,93,69,199,10,158,59,76,160,82,203,47,114,21,192,17,214,127,64,139,174,192,141,44,200,117	3,0,0.2855,0,252;5,1,0.8255,2,160;5,1,0.1375,0,187;3,0,0.8455,0,18;5,0,0.5625,0,78;6,4,0.7445,0,120
ood_compose_epi-00130	5	3	1	25,185,76,15,141,56,114,18,93,134,171,37,44,47,63,181,104,108,157,156,137,162,83,185,92,72,7,121,150,64,21,171,117,210,148,180	6,5,0.4735,0,230;0,3,0.8895,2,33;7,5,0.1235,3,193;3,1,0.8205,0,167;7,2,0.4685,0,2;0,4,0.3325,0,96
ood_compose_epi-00131	3	0	1	132,152,4,89,42,64,75,87,143,19,105,194,116,145,38,204,117,161,106,157,129,176,63,136,50,29,45,21,185,93,165,214,150,15,69,205	3,5,0.7485,0,242;4,4,0.4765,0,143;1,5,0.1035,0,134;2,5,0.3095,0,48;8,0,0.9855,0,222;8,2,0.0485,2,52
ood_compose_epi-00132	4	1	2	185,20,76,182,124,194,151,35,15,66,41,199,106,193,72,61,28,9,114,117,172,172,171,85,141,135,45,100,197,181,52,92,93,22,146,137	8,5,0.9935,1,204;3,1,0.2065,0,182;3,3,0.5815,3,149;3,3,0.8045,0,88;3,0,0.5625,0,209;3,5,0.3535,0,38
ood_compose_epi-00133	1	1	1	117,75,155,36,12,171,215,146,140,65,209,133,99,199,93,150,115,27,85,45,21,91,176,51,141,44,208,203,128,154,19,5,63,109,156,69	4,2,0.7525,0,78;2,2,0.9935,0,106;2,5,0.3305,0,76;2,3,0.6985,0,215;2,3,0.7615,0,49;7,3,0.8535,0,31
ood_compose_epi-00134	1	2	0	214,69,182,12,197,191,140,109,93,166,113,75,63,51,147,34,149,162,158,99,188,68,192,134,41,27,198,117,127,21,45,141,18,83,91,5	4,2,0.4265,0,126;2,0,0.3595,0,214;2,5,0.9505,0,46;2,1,0.7085,0,221;2,3,0.3765,0,98;6,4,0.9025,0,204
ood_compose_epi-00135	7	3	0	157,116,15,92,149,164,117,184,98,59,21,45,131,42,83,178,139,73,108,148,185,198,2,37,68,209,19,141,93,25,53,160,164,193,71,122	1,5,0.7485,0,83;0,3,0.4145,0,170;4,1,0.8825,2,7;0,1,0.8705,0,186;1,2,0.9115,0,208;1,1,0.7045,0,117
ood_compose_epi-00136	1	2	2	210,130,151,157,15,98,65,93,46,43,160,26,147,171,207,69,74,88,109,208,84,116,39,3,117,141,51,155,19,128,21,61,209,136,166,166	2,5,0.6655,0,239;1,5,0.7305,1,211;2,3,0.2315,0,169;1,2,0.1555,0,55;1,3,0.9745,0,249;7,0,0.1285,0,206
ood_compose_epi-00137	5	2	2	134,69,151,2,87,209,200,12,174,210,171,113,103,90,26,127,44,45,141,19,93,140,117,59,37,186,155,201,21,147,198,202,107,65,55,79	1,2,0.6235,0,51;1,3,0.8875,0,190;6,1,0.3215,0,210;6,5,0.4615,0,37;6,1,0.3645,0,91;6,4,0.8325,0,68
ood_compose_epi-00138	10	1	1	37,172,81,205,95,186,108,159,115,163,57,21,146,194,44,90,63,46,13,19,33,144,198,9,83,159,199,66,70,136,150,133,169,129,117,99	8,3,0.7205,0,28;8,3,0.8995,1,31;8,5,0.4645,1,9;8,1,0.4705,2,48;2,2,0.6815,0,161;8,3,0.1915,3,179
ood_compose_epi-00139	3	0	2	6,124,155,137,41,37,75,184,92,45,145,166,188,164,27,151,203,117,135,141,153,69,160,100,15,17,68,52,209,93,59,84,106,159,24,114	5,5,0.2465,3,19;2,3,0.2625,0,241;3,1,0.9615,0,226;2,2,0.9335,0,150;3,0,0.5825,0,250;3,5,0.3095,0,254
ood_compose_epi-00140	10	1	2	139,199,189,196,88,21,146,20,36,72,82,159,48,97,64,51,114,44,93,180,141,163,75,123,134,14,162,5,119,189,59,178,154,111,151,27	4,4,0.8665,0,65;2,2,0.8345,3,200;2,1,0.0985,3,11;2,0,0.0055,0,5;0,5,0.5165,2,217;2,4,0.6805,0,9
ood_compose_epi-00141	1	3	2	20,68,193,123,69,182,106,205,75,154,213,29,114,99,117,48,187,130,137,148,215,35,142,24,52,43,3,172,10,58,186,93,151,90,195,85	2,0,0.9455,3,31;4,1,0.7375,3,219;3,0,0.8645,0,151;2,3,0.5065,0,74;2,0,0.4575,0,70;2,0,0.3895,1,225
ood_compose_epi-00142	7	1	1	21,66,84,150,159,146,203,91,50,144,110,36,42,74,190,98,18,213,124,183,162,59,26,2,178,93,136,69,115,171,117,169,15,45,131,171	1,5,0.5545,0,247;1,2,0.5805,0,144;1,1,0.4665,0,191;1,2,0.6195,0,142;1,4,0.7385,0,130;3,1,0.1145,3,127
ood_compose_epi-00143	5	0	2	21,20,79,102,164,58,31,88,190,151,141,176,118,158,124,38,43,183,115,200,133,45,137,145,8,107,85,65,69,174,159,54,94,11,195,160	7,1,0.8565,0,34;6,4,0.7245,0,172;5,0,0.3525,0,57;6,3,0.1445,1,98;5,1,0.7825,1,255;3,3,0.2995,0,186
ood_compose_epi-00144	5	0	2	21,87,145,154,27,127,69,143,167,36,214,91,138,79,179,42,112,105,45,19,173,207,7,12,61,173,117,201,206,93,106,65,55,155,151,130	6,2,0.6395,0,50;2,2,0.4795,0,189;6,3,0.3445,0,231;6,5,0.7015,0,68;8,0,0.1635,0,55;6,0,0.5865,2,112
ood_compose_epi-00145	10	3	1	117,141,56,212,171,148,43,69,85,115,202,21,60,104,129,65,92,3,207,18,11,111,178,93,135,208,187,203,29,153,45,78,137,210,39,150	2,1,0.5015,0,16;4,5,0.6605,0,218;7,2,0.3035,0,104;5,3,0.9335,0,194;7,5,0.6575,0,254;8,5,0.3635,0,38
ood_compose_epi-00146	6	3	0	81,57,191,66,209,140,114,148,48,171,135,93,117,100,159,17,161,161,58,9,149,172,72,192,110,38,205,211,121,88,85,21,12,42,28,141	8,2,0.2195,0,251;3,4,0.5075,3,62;8,0,0.5585,3,153;8,3,0.0655,0,55;3,4,0.5955,0,188;0,5,0.9885,0,217
ood_compose_epi-00147	6	0	0	130,140,96,63,189,28,90,207,86,111,35,158,171,201,153,113,143,12,68,213,99,149,117,75,145,49,69,1,18,167,121,40,156,45,213,21	0,2,0.5945,0,8;3,1,0.0875,0,165;0,5,0.9845,0,67;2,4,0.5885,3,86;2,5,0.3975,0,222;0,0,0.8685,2,247
ood_compose_epi-00148	8	3	1	148,199,141,175,21,6,101,106,93,115,157,183,18,123,169,78,138,85,69,47,155,26,150,152,158,204,35,132,180,51,44,61,92,13,66,118	5,3,0.5225,0,61;1,1,0.8945,2,212;2,3,0.5675,0,6;5,3,0.9675,0,43;4,0,0.6995,1,130;2,2,0.5575,0,77
ood_compose_epi-00149	1	3	1	135,215,86,202,158,45,122,117,157,215,180,90,100,34,204,116,148,93,69,191,189,163,75,17,21,141,136,10,150,41,6,65,30,58,54,106	5,0,0.2415,0,51;5,0,0.3855,0,19;5,0,0.2185,0,181;2,4,0.4965,0,75;3,0,0.8565,0,172;1,5,0.0165,0,38
ood_compose_epi-00150	1	2	2	215,194,36,183,158,26,71,67,63,191,93,21,15,175,90,86,191,131,209,75,139,45,151,1,116,128,162,167,117,44,141,99,18,107,147,53	0,5,0.4125,0,159;1,2,0.8315,0,120;4,5,0.6165,2,246;2,4,0.4355,0,101;2,1,0.8395,0,123;7,1,0.7465,0,223
ood_compose_epi-00151	6	3	2	10,113,127,49,185,154,168,181,182,198,44,135,39,68,69,207,45,186,25,180,209,79,93,97,1,21,151,18,142,148,60,140,106,82,117,92	0,0,0.5245,0,125;0,5,0.8755,0,39;0,2,0.8735,0,77;6,0,0.8045,0,210;0,0,0.2025,0,205;6,5,0.9725,1,63
ood_compose_epi-00152	6	1	2	98,49,144,45,152,22,20,200,69,162,117,208,79,134,93,146,207,35,25,127,84,151,112,3,205,108,68,10,164,90,198,215,63,138,43,204	2,0,0.9075,1,213;0,1,0.7515,0,97;0,5,0.8365,0,213;6,2,0.4525,0,124;1,2,0.0265,0,65;6,4,0.5295,3,241
ood_compose_epi-00153	2	0	1	131,136,210,119,94,35,141,179,88,205,21,8,28,168,67,115,71,41,156,62,189,45,18,57,207,214,208,145,111,98,84,11,181,123,150,80	7,1,0.4185,0,174;3,1,0.3505,0,10;8,4,0.7985,2,164;7,2,0.1495,1,157;1,5,0.7825,2,168;2,1,0.0945,0,49
ood_compose_epi-00154	6	0	1	91,154,21,154,177,1,42,65,153,170,71,117,141,20,28,157,139,76,14,135,168,53,35,113,127,47,108,189,61,97,204,158,93,150,145,84	0,4,0.9075,0,236;3,1,0.4095,2,69;4,3,0.2925,2,240;3,2,0.6695,0,64;0,2,0.2455,0,17;6,5,0.6465,0,233
ood_compose_epi-00155	6	2	2	137,18,36,174,95,141,147,59,10,87,195,88,64,51,213,70,191,199,181,107,3,118,26,81,21,207,40,175,112,160,151,105,45,121,135,197	2,0,0.4205,0,139;1,2,0.0895,0,199;2,1,0.0575,1,182;8,5,0.1735,2,168;8,1,0.0865,1,187;0,5,0.2985,0,160
ood_compose_epi-00156	5	2	1	45,63,141,20,55,44,153,208,140,147,34,211,103,117,116,2,130,107,207,30,150,10,183,86,21,195,67,200,127,95,90,69,173,192,79,171	1,0,0.9005,0,40;5,0,0.9145,0,11;6,5,0.7805,0,8;6,4,0.5425,2,251;6,1,0.8435,0,29;6,0,0.8585,0,204
ood_compose_epi-00157	8	1	2	174,172,21,103,88,151,146,215,76,141,117,130,93,187,72,10,110,48,136,41,215,6,82,50,201,206,68,18,215,27,154,36,174,62,123,112	5,0,0.5385,0,159;2,2,0.2005,3,244;1,4,0.9685,3,6;3,0,0.0335,0,4;6,4,0.1805,0,169;2,0,0.0595,0,180
ood_compose_epi-00158	1	2	0	201,189,7,69,194,128,138,21,36,108,51,141,63,153,181,117,15,45,93,78,17,135,92,66,154,149,115,186,98,183,83,173,27,41,147,163	6,5,0.2145,0,144;2,2,0.2765,0,40;2,5,0.5375,0,242;5,1,0.8525,0,8;1,2,0.7095,0,148;7,5,0.5315,0,99
ood_compose_epi-00159	1	1	2	61,45,203,117,194,31,181,123,99,116,10,171,93,193,6,208,151,138,79,56,65,43,91,85,108,21,146,19,167,180,69,167,133,141,180,38	5,0,0.7665,0,31;6,4,0.6605,0,82;7,3,0.3835,0,69;6,3,0.6075,0,232;2,2,0.8275,0,78;2,3,0.4325,0,25
ood_compose_epi-00160	10	1	2	101,93,88,214,77,117,108,21,116,172,38,45,183,151,72,178,125,68,85,146,160,60,7,42,212,49,137,20,171,12,141,29,179,199,134,176	6,2,0.8815,0,99;4,4,0.5595,0,71;0,2,0.8185,3,68;4,3,0.1255,0,99;4,2,0.9725,0,14;4,4,0.2255,0,132
ood_compose_epi-00161	1	0	2	70,83,2,182,90,205,98,160,24,151,37,117,55,170,16,45,12,141,93,108,63,113,213,168,43,145,134,210,27,127,159,186,137,80,64,178	1,2,0.0125,3,201;2,3,0.7335,0,175;6,5,0.1465,1,130;7,1,0.5145,0,126;1,2,0.2485,0,67;6,4,0.3905,0,246
ood_compose_epi-00162	10	2	2	75,107,137,188,196,69,26,144,172,93,62,89,116,117,211,35,19,167,163,162,147,67,161,163,83,105,45,53,125,133,21,2,41,215,11,151	1,1,0.7195,0,79;1,1,0.3575,0,172;4,4,0.6835,0,174;2,1,0.2015,0,126;8,1,0.8535,0,77;4,3,0.3295,3,134
ood_compose_epi-00163	5	2	2	37,69,214,172,156,20,117,204,141,136,147,205,108,27,123,66,21,184,99,40,113,3,79,202,151,188,10,56,132,58,45,192,174,93,87,92	2,0,0.8465,0,72;2,3,0.0795,0,43;7,0,0.5035,0,60;6,5,0.8965,0,125;2,2,0.3165,0,70;2,2,0.0825,0,169
ood_compose_epi-00164	2	1	1	209,193,185,99,21,39,141,85,194,88,174,16,9,124,55,137,195,150,107,115,74,14,93,186,117,131,45,40,62,212,28,69,196,156,146,64	8,4,0.1375,0,113;3,5,0.0475,0,44;6,4,0.1075,0,250;1,3,0.1085,0,173;2,1,0.7145,0,209;3,1,0.3845,0,39
ood_compose_epi-00165	10	2	0	16,113,38,82,147,111,45,141,214,118,210,169,128,44,160,71,184,158,90,132,149,14,63,139,208,183,33,1,95,176,104,68,49,77,161,21	0,4,0.1085,0,3;8,4,0.8215,0,79;0,5,0.9155,2,22;4,0,0.5375,2,67;7,5,0.3005,1,126;7,2,0.7205,0,61
ood_compose_epi-00166	9	2	1	45,118,87,72,33,147,202,44,128,64,215,191,135,104,203,187,20,37,80,204,161,8,141,61,93,212,150,11,139,113,23,179,106,92,168,55	7,1,0.9905,2,108;8,3,0.9655,0,179;6,3,0.0985,3,99;7,5,0.8835,0,206;7,0,0.3145,1,28;7,5,0.7395,0,166
ood_compose_epi-00167	9	1	2	21,51,115,15,83,160,146,175,93,60,44,117,151,45,5,88,108,213,200,135,100,128,208,210,191,198,69,68,170,30,34,81,172,16,141,138	4,5,0.1945,0,98;5,0,0.8905,0,58;2,2,0.9575,0,136;8,1,0.0955,0,194;3,2,0.6615,0,174;7,5,0.4385,0,101
ood_compose_epi-00168	10	2	2	147,44,199,90,185,133,69,179,210,45,202,73,13,98,33,151,120,141,113,53,161,129,21,62,84,35,65,164,167,175,16,96,189,3,140,106	2,3,0.1195,0,137;8,1,0.8305,0,220;4,4,0.2035,0,2;0,2,0.4865,3,7;1,0,0.3485,3,39;8,3,0.8115,0,59
ood_compose_epi-00169	1	3	2	93,115,197,37,41,72,213,167,194,75,68,117,53,98,22,13,178,141,2,136,148,203,109,90,209,134,122,174,27,18,192,183,63,85,45,151	1,3,0.5115,1,209;2,3,0.3545,0,113;4,5,0.8085,3,37;2,3,0.4765,0,210;1,3,0.7535,0,156;1,4,0.1605,0,218
ood_compose_epi-00170	10	1	0	116,21,129,63,2,117,184,101,110,185,172,186,195,69,45,16,65,137,89,198,82,93,146,208,53,42,131,12,38,33,75,180,149,210,159,141	1,2,0.0575,0,96;8,4,0.5195,0,94;4,5,0.2205,0,13;2,0,0.3195,0,82;4,4,0.8875,0,155;8,1,0.3955,0,36
ood_compose_epi-00171	10	0	1	83,45,70,68,8,152,109,92,206,105,117,61,21,150,152,165,207,174,93,131,166,78,129,113,16,197,145,36,54,41,206,136,195,141,33,12	7,2,0.0945,0,245;8,2,0.2045,0,69;5,3,0.9705,1,158;5,1,0.8685,0,11;8,3,0.3235,0,123;8,1,0.0525,0,164
ood_compose_epi-00172	10	2	2	151,21,55,117,113,156,65,101,198,45,90,194,110,166,29,147,125,209,197,12,136,94,208,37,62,191,131,5,69,194,187,87,75,141,44,16	4,2,0.1775,0,242;4,3,0.9895,0,111;6,4,0.2405,0,146;2,5,0.4165,1,148;4,4,0.2305,0,250;4,1,0.0385,0,156
ood_compose_epi-00173	6	2	0	147,72,62,1,88,36,109,207,194,18,105,14,166,26,65,149,208,93,152,202,85,21,41,137,123,184,181,45,78,117,197,141,131,213,112,53	0,4,0.5725,0,241;1,2,0.2525,0,144;4,4,0.2845,3,12;5,3,0.1665,0,109;8,3,0.1215,0,8;2,1,0.3765,0,47
ood_compose_epi-00174	6	3	1	167,148,65,140,21,214,99,31,203,188,110,12,208,117,141,63,34,150,121,90,93,69,55,113,210,7,76,40,133,84,184,48,16,201,169,214	6,2,0.1515,0,51;6,0,0.0745,3,27;6,5,0.3515,0,215;3,2,0.4155,0,179;2,4,0.3185,0,208;0,3,0.9815,0,228
ood_compose_epi-00175	1	0	0	198,113,62,141,206,163,21,108,154,117,182,203,64,80,17,149,104,39,45,41,90,173,130,123,57,72,10,208,192,93,8,145,140,82,27,191	7,0,0.3375,0,16;2,5,0.3135,0,122;8,4,0.1465,3,133;7,0,0.4205,0,0;7,2,0.3315,0,177;2,0,0.8985,0,161
ood_compose_epi-00176	1	0	2	194,27,174,6,116,118,61,105,15,128,22,160,69,204,96,108,172,51,19,78,136,90,173,135,207,34,68,46,156,211,141,43,82,145,164,151	5,5,0.6375,1,155;2,0,0.6645,1,28;2,3,0.8395,0,211;5,0,0.5395,3,200;8,2,0.9445,1,135;7,5,0.1435,0,121
ood_compose_epi-00177	4	1	1	189,69,92,150,58,146,56,3,204,168,16,100,45,67,15,152,93,205,81,200,21,133,114,170,159,200,126,37,203,136,141,82,117,42,107,27	2,5,0.1855,0,24;2,3,0.5625,0,73;7,0,0.6865,0,137;8,0,0.8195,0,69;3,1,0.5195,0,238;5,3,0.0915,0,156
ood_compose_epi-00178	9	3	0	115,168,93,110,205,201,104,189,11,21,84,152,76,163,19,130,169,45,8,139,129,63,207,144,67,149,40,32,88,148,164,117,38,190,55,69	7,1,0.6225,0,33;7,4,0.0385,0,207;6,5,0.7905,0,224;3,2,0.1545,0,40;7,4,0.7485,0,4;8,0,0.6505,3,154
ood_compose_epi-00179	1	2	2	165,92,17,147,161,75,87,98,194,120,93,36,59,175,188,45,176,142,151,111,50,153,185,21,132,26,2,114,65,13,165,129,138,72,181,43	1,3,0.3285,0,194;1,2,0.6325,0,35;1,1,0.2005,3,34;2,5,0.9515,0,108;1,5,0.4485,3,100;8,2,0.5005,1,195
ood_compose_epi-00180	6	2	1	45,191,15,59,65,131,197,75,110,3,16,176,210,21,126,198,141,158,150,140,94,183,83,184,69,97,43,51,206,117,186,30,89,34,147,114	2,5,0.1485,0,186;5,0,0.7035,0,92;2,1,0.2815,0,95;2,1,0.3725,1,162;0,4,0.4505,0,51;5,1,0.9305,0,143
ood_compose_epi-00181	1	1	0	99,161,128,3,131,52,114,93,184,204,146,160,164,19,21,67,39,59,162,75,27,178,140,14,149,111,44,214,117,84,90,142,160,47,179,69	2,4,0.6585,0,123;2,5,0.8165,2,121;3,1,0.7465,0,237;2,2,0.5695,0,73;2,5,0.5915,0,111;7,1,0.8045,1,127
ood_compose_epi-00182	2	1	2	1,66,35,206,93,155,140,211,163,158,124,84,98,141,111,132,153,14,175,89,44,69,74,170,117,58,151,25,152,113,146,45,16,204,51,21	0,4,0.0135,0,119;0,1,0.9465,0,111;2,0,0.5285,0,138;1,2,0.3435,0,100;1,5,0.3725,0,46;3,2,0.8465,0,175
ood_compose_epi-00183	1	0	1	118,190,187,45,37,99,156,93,67,185,15,51,61,140,111,84,9,188,134,153,145,141,75,160,154,20,187,175,150,44,88,124,21,27,69,112	8,5,0.9315,0,100;2,3,0.9905,0,61;2,3,0.7475,0,55;2,2,0.1715,0,58;2,5,0.1075,1,15;3,4,0.9085,0,48
ood_compose_epi-00184	1	1	1	141,43,93,11,45,7,146,201,106,82,66,69,181,76,161,191,188,16,50,37,98,113,58,203,200,206,123,21,139,150,133,117,164,200,91,27	6,1,0.0005,0,21;2,3,0.7535,0,20;1,0,0.5245,0,245;3,0,0.6235,0,164;1,0,0.2905,0,74;2,3,0.6665,0,178
ood_compose_epi-00185	7	1	0	146,164,17,149,133,21,49,87,65,11,191,58,28,175,200,117,38,141,100,69,93,114,200,4,195,91,140,181,40,192,196,45,122,74,198,111	3,1,0.2345,0,178;3,4,0.1825,0,91;0,0,0.2365,0,240;1,5,0.6985,0,46;3,5,0.5205,0,238;1,3,0.8535,0,12
ood_compose_epi-00186	2	0	2	97,115,132,117,195,158,93,77,174,21,137,70,19,181,45,59,151,91,57,190,178,12,83,188,141,123,4,37,41,205,33,204,108,145,66,194	3,2,0.6275,0,93;8,3,0.2685,0,191;8,1,0.4465,1,230;4,1,0.7175,0,115;0,2,0.7285,0,154;2,2,0.3855,0,38
ood_compose_epi-00187	9	3	2	20,61,93,84,113,36,200,69,104,26,159,177,51,106,171,138,175,45,148,184,92,1,131,80,40,128,64,141,155,173,21,157,192,118,10,151	0,0,0.9525,0,238;1,2,0.0035,0,77;2,3,0.0115,0,202;7,2,0.9525,0,235;7,0,0.3445,1,69;7,1,0.5105,0,123
ood_compose_epi-00188	6	0	1	138,2,13,21,42,45,115,49,141,150,100,201,210,186,121,90,162,187,68,19,183,69,37,87,73,60,192,117,211,132,29,191,145,110,186,93	1,3,0.7435,0,106;4,3,0.4405,0,52;0,2,0.9465,0,195;0,5,0.5345,0,57;3,4,0.6435,0,244;0,2,0.4005,0,26
ood_compose_epi-00189	3	0	0	212,176,141,138,145,54,135,187,185,206,84,80,44,149,92,102,156,114,60,212,11,64,69,24,186,48,118,2,93,28,18,38,183,124,109,169	1,1,0.5825,3,40;3,4,0.8485,3,78;5,2,0.1565,0,151;7,2,0.8005,0,252;5,3,0.5455,1,206;3,5,0.4235,0,81
ood_compose_epi-00190	1	1	0	62,91,149,44,86,71,171,50,163,3,214,195,185,162,197,111,65,162,45,117,146,21,122,209,17,27,139,15,141,77,95,113,98,131,155,37	2,5,0.2785,0,192;2,3,0.8065,0,204;1,4,0.3265,2,34;4,4,0.7415,2,66;1,5,0.3335,0,97;1,1,0.7005,0,187
ood_compose_epi-00191	8	0	1	59,130,172,103,186,140,22,67,40,36,163,78,87,191,214,10,188,117,192,3,141,50,108,93,69,150,186,30,112,206,18,126,145,90,205,45	2,0,0.5275,1,47;5,2,0.0085,0,246;1,1,0.6485,0,56;5,5,0.4545,0,107;6,2,0.0135,0,147;5,0,0.9855,0,165
ood_compose_epi-00192	1	3	1	62,170,141,92,21,176,117,168,131,150,1,97,75,69,27,153,19,113,171,51,197,201,38,45,67,121,86,42,184,14,93,162,148,111,139,177	0,4,0.6215,0,110;2,4,0.4635,0,39;2,4,0.6835,0,30;2,4,0.9465,0,126;0,5,0.3225,0,172;0,1,0.6165,0,140
ood_compose_epi-00193	10	2	2	21,77,18,214,43,196,181,15,135,207,29,147,141,106,191,184,53,165,187,86,35,1,125,63,116,213,151,92,138,117,45,67,69,192,97,95	0,5,0.5575,0,170;4,1,0.7205,0,129;4,5,0.6715,0,101;4,4,0.9865,2,14;0,0,0.8305,0,132;4,5,0.4425,0,71
ood_compose_epi-00194	6	2	0	34,21,201,131,173,168,149,115,12,89,200,18,141,45,67,123,177,147,44,109,202,177,77,62,160,175,139,93,117,177,86,8,97,51,29,71	7,2,0.4525,0,21;4,0,0.8795,0,141;2,4,0.6685,2,164;4,4,0.3025,0,150;0,3,0.7905,0,149;2,1,0.7235,0,109
ood_compose_epi-00195	0	3	0	41,182,215,169,144,127,28,189,93,35,111,202,118,202,148,84,76,45,17,159,21,52,67,71,59,4,149,138,99,184,197,13,114,161,130,90	3,3,0.3385,0,121;3,1,0.3115,0,221;3,1,0.7515,2,20;3,2,0.5905,0,100;2,5,0.4575,1,87;6,0,0.4515,3,133
ood_compose_epi-00196	1	2	0	197,191,110,60,113,55,134,42,213,141,149,46,97,70,214,36,123,140,206,86,209,64,77,202,17,208,92,14,93,27,117,183,161,7,147,23	6,4,0.3975,2,3;2,2,0.4225,1,75;6,2,0.0195,1,92;4,4,0.8045,0,202;0,4,0.3635,0,238;2,4,0.8125,0,255
ood_compose_epi-00197	6	3	0	46,73,168,203,40,107,9,117,33,116,39,157,105,178,123,14,64,211,93,21,175,186,141,197,149,169,139,148,18,57,165,91,87,131,69,63	8,4,0.4565,0,158;8,5,0.0175,1,75;8,5,0.1315,0,226;0,5,0.7115,0,251;8,1,0.8545,0,152;2,1,0.7455,0,246
ood_compose_epi-00198	2	3	0	138,19,148,200,8,100,197,93,78,130,154,149,162,117,69,89,40,45,141,25,185,66,21,191,10,127,116,60,37,213,162,52,177,107,198,85	7,0,0.6975,0,94;0,3,0.0535,0,94;3,2,0.5015,0,99;5,3,0.2335,0,131;3,1,0.8325,0,218;6,0,0.5525,0,51
ood_compose_epi-00199	1	3	2	38,215,174,151,116,27,11,117,3,174,204,214,21,188,168,45,51,88,199,20,188,69,138,163,94,97,148,111,133,85,127,60,68,42,73,141	2,1,0.9515,0,226;2,4,0.5705,0,109;2,2,0.9205,0,64;0,3,0.1335,1,166;0,5,0.8925,0,227;6,3,0.5845,0,237
ood_compose_epi-00200	2	3	1	79,107,150,122,21,38,182,45,212,92,180,131,93,10,165,152,115,156,174,44,64,141,20,99,69,52,9,148,193,60,84,190,194,137,29,117	8,0,0.8775,0,160;4,4,0.9575,0,219;3,2,0.0445,0,124;6,2,0.9765,0,227;2,1,0.7715,0,233;1,1,0.2185,0,72
ood_compose_epi-00201	6	2	1	212,40,38,10,106,97,141,188,73,122,117,24,87,113,93,25,91,3,45,147,201,184,212,190,192,64,49,60,20,72,137,132,174,165,202,150	2,0,0.8915,3,226;0,4,0.1695,0,99;0,2,0.1455,3,12;0,5,0.6275,0,205;0,0,0.3695,0,42;1,2,0.3535,0,238
ood_compose_epi-00202	10	3	2	69,155,107,183,123,83,93,193,12,104,32,116,181,212,203,155,79,117,62,53,91,38,151,142,17,21,198,131,48,160,186,148,3,140,66,40	2,2,0.2555,0,199;7,4,0.0865,3,119;4,4,0.4665,0,34;6,1,0.6455,0,254;7,1,0.9325,0,27;2,1,0.9565,1,47
ood_compose_epi-00203	8	1	1	116,141,38,75,146,69,207,199,130,63,2,93,67,54,44,111,126,168,161,187,182,86,92,140,45,21,17,185,102,200,26,192,12,193,150,117	1,2,0.3955,0,223;1,4,0.8435,0,5;5,5,0.6565,0,41;2,4,0.9045,0,144;5,5,0.9895,0,117;5,0,0.9595,0,205
ood_compose_epi-00204	2	2	0	126,16,149,200,208,147,153,201,215,30,137,114,210,130,89,165,41,54,35,3,198,58,110,75,98,45,119,69,187,163,141,21,68,11,84,93	2,1,0.1785,0,118;5,1,0.3745,0,5;5,0,0.9415,0,51;2,2,0.2905,0,252;1,4,0.4615,2,118;5,0,0.3855,0,68
ood_compose_epi-00205	6	1	1	12,95,214,69,37,97,33,154,164,20,146,22,117,89,166,114,62,1,40,205,68,150,186,45,141,49,129,73,137,214,207,85,175,209,133,110	0,2,0.9675,1,46;8,3,0.0525,0,13;0,4,0.8235,0,222;0,3,0.2255,2,125;0,4,0.4525,0,113;8,3,0.2655,0,75
ood_compose_epi-00206	10	2	2	113,40,106,37,117,63,179,47,170,199,138,164,210,179,91,14,147,179,185,33,82,129,20,102,151,155,141,198,21,64,135,93,78,9,57,69	8,4,0.9235,0,206;8,3,0.1645,2,229;8,5,0.1155,0,29;5,0,0.6335,0,246;5,0,0.3255,0,65;8,5,0.4235,0,47
ood_compose_epi-00207	3	0	0	16,140,37,172,40,85,213,169,69,114,100,131,154,53,14,45,145,171,7,92,212,67,190,93,213,21,111,149,117,62,76,124,203,28,198,142	6,4,0.1385,0,42;3,3,0.0405,0,170;4,4,0.7115,0,143;3,3,0.9145,0,225;3,5,0.4635,0,127;3,1,0.8115,1,238
ood_compose_epi-00208	1	2	0	2,172,23,12,115,68,175,194,75,181,160,205,122,17,147,36,159,87,69,198,51,158,109,117,168,136,149,144,133,45,91,62,26,93,105,43	1,2,0.3215,2,165;1,2,0.6525,0,46;2,4,0.8135,0,70;2,5,0.6005,0,235;8,3,0.6905,0,105;1,3,0.0405,3,165
ood_compose_epi-00209	9	3	1	112,84,186,69,92,16,102,106,150,202,117,21,67,3,198,51,188,45,93,141,34,33,139,130,40,62,148,183,156,128,158,199,213,211,80,15	2,5,0.0555,0,205;8,0,0.1565,0,191;2,4,0.6335,0,141;7,2,0.8675,0,129;5,0,0.1105,0,28;7,0,0.7905,0,92
ood_compose_epi-00210	7	0	1	124,91,199,52,34,143,118,14,172,145,2,114,132,69,21,203,45,27,60,195,201,83,76,194,150,173,40,93,107,196,103,201,137,18,165,64	1,4,0.5625,0,108;2,0,0.0215,0,10;3,2,0.0945,0,118;3,1,0.6985,0,125;6,1,0.5895,1,241;3,2,0.2385,2,163
ood_compose_epi-00211	9	2	1	191,131,203,85,32,90,69,74,122,164,150,137,188,213,117,61,180,94,212,38,181,20,65,141,21,147,51,42,13,2,112,45,155,110,104,183	1,3,0.9565,0,157;7,4,0.4275,0,30;2,3,0.2835,0,91;1,3,0.4095,1,132;7,4,0.1645,0,155;1,1,0.3675,0,25
ood_compose_epi-00212	6	0	1	117,92,62,143,210,22,215,45,73,135,11,150,72,139,38,202,42,33,1,129,168,179,64,93,190,145,97,205,57,154,113,111,187,18,82,174	0,1,0.5185,1,166;8,4,0.4345,0,73;8,4,0.0595,3,231;0,0,0.9355,0,52;0,5,0.2685,0,160;8,5,0.7745,2,106
ood_compose_epi-00213	1	0	2	36,178,19,175,21,205,164,13,197,154,82,207,104,28,179,185,45,42,68,145,56,132,137,141,195,59,77,3,93,110,71,151,123,91,117,112	2,3,0.6135,0,227;3,2,0.4815,0,173;7,1,0.9305,2,233;4,0,0.6955,0,180;7,4,0.1885,0,145;2,2,0.2415,0,62
ood_compose_epi-00214	10	0	0	60,178,114,29,19,101,185,39,145,154,41,72,175,110,57,134,153,188,93,117,199,13,77,159,193,205,21,92,149,85,138,65,141,45,123,9	8,3,0.7765,0,240;4,5,0.2995,0,140;8,2,0.3255,3,252;4,3,0.9825,0,64;4,4,0.4605,0,216;2,4,0.5835,0,199
ood_compose_epi-00215	5	2	1	82,139,103,93,14,67,164,117,167,169,111,181,153,41,172,62,31,150,3,45,123,195,197,69,188,39,17,112,88,55,141,134,79,147,162,21	2,4,0.2705,0,90;6,5,0.3185,0,12;6,4,0.7065,0,56;6,0,0.1335,0,116;6,5,0.1315,0,252;2,4,0.7045,0,71
ood_compose_epi-00216	7	3	2	21,93,29,106,40,141,114,139,195,18,161,57,163,64,1,201,73,151,89,132,122,148,196,181,61,117,168,45,175,10,69,163,101,82,36,168	0,0,0.4065,0,18;4,2,0.0425,0,2;8,3,0.0895,0,89;0,0,0.3025,0,140;4,0,0.4655,0,202;1,2,0.6485,0,149
ood_compose_epi-00217	5	3	0	159,15,43,203,62,169,66,117,141,36,114,21,198,200,82,93,165,198,88,18,175,195,111,75,149,134,136,148,27,70,7,123,46,103,211,51	6,5,0.4675,0,187;2,2,0.7885,1,211;2,4,0.4235,1,10;2,0,0.0345,0,200;6,5,0.5075,0,39;2,4,0.0555,0,77
ood_compose_epi-00218	1	1	0	40,214,146,88,170,167,110,179,194,21,54,48,63,93,86,36,174,123,189,132,172,141,138,79,19,191,98,197,114,117,69,13,67,149,3,28	2,3,0.6935,0,98;3,2,0.0405,3,118;5,5,0.7935,0,74;6,4,0.1885,0,231;1,4,0.5275,0,92;2,2,0.5685,0,92
ood_compose_epi-00219	1	1	0	193,59,115,164,16,156,173,146,88,65,15,95,124,2,179,69,156,131,208,141,165,99,166,205,23,108,26,87,38,74,137,149,117,50,40,45	1,5,0.0535,2,208;1,4,0.1165,0,190;1,1,0.3195,0,152;1,5,0.1695,2,240;2,2,0.6485,0,60;3,1,0.2975,0,241
ood_compose_epi-00220	10	2	1	51,65,178,161,132,139,70,96,12,162,107,176,117,37,97,92,207,164,122,45,2,113,179,141,85,74,33,193,193,147,21,17,60,212,150,44	1,2,0.3365,0,124;8,3,0.9235,0,235;2,2,0.3715,1,17;1,3,0.8495,3,168;0,1,0.3735,0,95;1,2,0.6215,0,204
ood_compose_epi-00221	6	1	2	93,36,128,211,157,5,69,186,60,184,179,15,21,90,146,135,65,106,162,117,114,17,85,45,151,179,98,167,211,25,43,141,73,136,50,167	4,5,0.3615,0,246;0,2,0.7375,0,237;1,2,0.2275,0,183;0,3,0.4245,0,199;1,0,0.5475,0,22;7,5,0.0345,0,111
ood_compose_epi-00222	1	0	0	158,36,17,40,45,4,27,66,93,211,114,110,155,145,154,157,149,86,61,173,141,21,195,117,74,88,10,51,177,123,186,138,69,130,212,98	3,0,0.2355,0,22;2,2,0.0555,0,68;2,3,0.5205,0,147;1,4,0.1475,0,195;1,4,0.4745,0,48;2,0,0.5245,0,26
ood_compose_epi-00223	10	2	1	156,70,30,212,106,59,129,113,117,98,93,166,150,75,11,192,154,133,66,199,53,137,43,207,88,83,45,21,5,209,19,147,163,34,141,189	4,1,0.6255,0,118;5,0,0.6255,0,189;4,1,0.5765,1,180;2,1,0.1125,0,222;1,0,0.3605,0,100;8,3,0.2425,0,106
ood_compose_epi-00224	2	0	0	131,21,158,159,66,44,54,69,109,187,91,200,118,193,17,140,93,115,193,125,189,161,28,149,4,15,61,200,213,48,80,100,141,145,39,84	3,5,0.3645,0,236;3,5,0.9765,3,209;5,3,0.5005,0,69;7,2,0.7695,0,121;3,3,0.6445,1,198;4,1,0.8225,0,161
ood_compose_epi-00225	10	1	1	19,21,133,93,202,114,110,171,89,211,58,5,34,138,44,141,28,53,173,157,129,171,11,68,206,175,69,102,153,195,117,146,45,150,81,87	4,1,0.7025,0,186;3,0,0.9945,0,187;4,0,0.9775,0,2;8,5,0.3875,0,224;5,4,0.5785,0,24;8,3,0.4665,0,211
ood_compose_epi-00226	8	1	2	151,141,117,30,195,21,146,62,136,209,6,135,74,173,93,190,45,34,111,57,122,43,162,173,89,102,68,178,17,113,178,10,182,87,70,192	5,0,0.2665,0,195;5,0,0.6105,0,35;8,4,0.9475,1,94;1,5,0.3925,0,113;5,5,0.2115,0,67;1,5,0.1715,0,38
ood_compose_epi-00227	1	1	0	156,90,112,141,123,59,76,11,52,174,99,23,18,41,111,9,119,164,35,47,85,161,134,164,192,146,26,160,96,67,195,155,149,138,69,177	8,1,0.4555,2,105;1,1,0.3065,2,84;3,1,0.6755,0,127;3,3,0.4575,3,152;2,5,0.0145,2,101;2,4,0.5055,0,203
ood_compose_epi-00228	5	3	0	11,160,117,208,149,156,67,42,105,156,86,135,90,213,18,154,148,136,94,192,45,143,156,109,3,211,61,79,69,22,29,161,34,55,114,128	2,1,0.4125,1,5;4,0,0.4015,0,14;6,3,0.6755,0,112;6,4,0.5345,1,101;8,3,0.4705,0,229;7,5,0.0025,2,38
ood_compose_epi-00229	10	3	2	34,77,94,135,69,195,167,117,106,148,141,197,28,44,199,61,138,68,128,97,115,45,157,82,204,16,92,201,151,176,21,14,175,170,8,57	7,4,0.1465,0,28;3,0,0.9785,0,59;8,3,0.9215,0,74;4,0,0.8145,1,36;0,0,0.7935,0,82;7,5,0.5055,0,73
ood_compose_epi-00230	6	3	2	159,115,151,64,92,117,51,25,148,121,98,40,141,108,12,187,45,155,73,1,138,21,203,186,35,134,63,165,194,93,194,16,69,87,198,197	0,2,0.0775,0,57;0,1,0.0435,0,3;2,5,0.1215,0,40;0,5,0.8025,0,46;1,2,0.6265,0,5;0,4,0.4465,0,130
ood_compose_epi-00231	9	1	0	198,8,45,205,104,17,137,21,72,80,117,108,162,10,143,96,131,56,39,62,86,92,159,175,149,42,157,157,114,211,186,123,67,146,32,162	7,0,0.3485,0,24;7,5,0.4895,0,229;7,4,0.6515,3,139;7,4,0.8445,3,27;7,2,0.5425,0,90;2,1,0.2255,2,213
ood_compose_epi-00232	6	2	2	69,92,93,25,135,49,141,203,45,59,73,121,187,147,160,16,65,11,151,191,84,99,1,115,117,44,191,204,184,171,35,192,139,189,21,108	0,1,0.1625,0,61;0,1,0.8825,0,172;0,1,0.3805,0,132;0,2,0.9925,0,94;2,2,0.7625,0,239;0,5,0.6725,0,232
ood_compose_epi-00233	6	2	1	133,155,59,21,107,87,115,190,29,45,9,121,163,153,11,93,174,54,186,141,150,44,118,206,80,189,147,72,89,185,17,139,98,215,68,38	8,1,0.3045,0,190;4,4,0.8055,0,99;5,1,0.9865,3,53;7,5,0.2815,0,156;1,1,0.7675,1,106;0,3,0.7265,0,11
ood_compose_epi-00234	1	3	1	55,141,197,26,86,21,189,3,192,19,36,60,67,43,150,13,75,154,109,93,208,162,215,45,70,162,184,88,117,116,148,135,139,199,125,99	2,3,0.7335,0,110;1,2,0.6465,0,76;6,2,0.6025,1,31;2,4,0.1455,0,37;2,3,0.8805,0,52;4,5,0.6475,0,35
ood_compose_epi-00235	1	2	0	13,157,3,116,109,137,164,65,141,186,200,49,147,174,58,131,117,89,187,79,36,191,93,198,45,83,21,29,19,101,69,149,125,206,43,198	2,3,0.6595,0,132;4,2,0.7035,0,227;0,0,0.3255,0,114;6,1,0.2835,0,181;4,3,0.8595,0,43;4,1,0.2645,0,116
ood_compose_epi-00236	4	1	0	146,107,76,202,112,14,56,117,27,69,4,128,169,210,86,44,90,149,93,63,45,178,196,141,18,192,64,208,104,181,139,215,35,195,132,21	3,4,0.5655,0,57;2,1,0.8555,0,18;7,5,0.0815,0,210;3,4,0.4635,0,4;7,1,0.1895,0,105;7,2,0.7715,0,101
ood_compose_epi-00237	7	0	2	63,181,26,176,184,113,131,151,76,69,194,89,212,46,145,158,199,136,21,127,1,15,43,110,96,67,157,141,102,117,50,20,171,39,166,83	0,5,0.8125,0,124;1,5,0.6415,1,30;1,5,0.7305,0,117;3,1,0.2335,3,73;5,4,0.3345,0,139;6,1,0.1295,0,31
ood_compose_epi-00238	1	1	0	194,64,201,134,30,42,114,20,211,202,106,141,149,138,45,101,164,210,83,21,206,167,89,93,146,160,156,119,34,6,56,10,76,59,123,69	5,0,0.9505,0,251;5,0,0.4965,0,22;7,1,0.0405,0,92;3,1,0.2375,0,105;4,0,0.4385,2,87;2,4,0.5275,0,160
ood_compose_epi-00239	3	0	0	114,88,124,197,194,44,134,168,21,212,51,34,64,93,139,69,209,73,157,61,145,182,149,202,17,45,109,14,83,29,171,117,1,209,105,141	0,4,0.2785,0,183;4,0,0.9205,0,56;2,3,0.1385,0,76;0,1,0.0945,0,231;8,3,0.5195,0,112;3,4,0.7945,0,177
ood_compose_epi-00240	1	0	0	210,98,166,130,8,59,173,195,122,187,176,69,91,154,56,110,144,149,93,21,188,45,37,75,114,137,65,16,215,27,84,117,44,171,15,145	7,5,0.0475,0,15;2,3,0.8245,0,116;7,1,0.3255,0,9;2,2,0.7255,0,173;1,4,0.5185,0,181;1,0,0.2875,3,92
ood_compose_epi-00241	6	2	1	197,65,93,79,159,57,170,112,119,171,141,188,22,40,90,45,157,11,157,135,61,9,25,84,35,121,106,202,16,97,69,147,138,165,150,209	8,1,0.1275,1,33;0,1,0.0305,0,150;8,3,0.3975,0,249;6,2,0.4925,0,201;0,0,0.1595,2,210;0,5,0.4145,0,124
ood_compose_epi-00242	1	3	2	31,188,141,148,205,185,4,67,163,111,137,210,51,79,21,99,69,15,215,151,91,60,41,167,36,86,117,129,209,133,170,115,45,171,93,17	3,5,0.3735,0,68;6,2,0.2765,0,182;2,2,0.7045,0,234;6,4,0.6585,0,105;2,5,0.6195,0,148;8,3,0.2175,0,199
ood_compose_epi-00243	4	1	2	91,157,187,38,82,76,169,33,141,45,66,21,171,215,117,16,93,41,107,59,100,151,127,200,203,171,4,132,69,146,57,177,166,136,12,115	3,2,0.1595,0,164;8,4,0.2885,0,194;8,1,0.5185,0,138;3,0,0.6395,0,109;3,1,0.6035,0,206;6,2,0.0555,0,248
ood_compose_epi-00244	10	1	1	157,126,69,45,187,193,84,33,21,207,169,35,9,115,62,15,161,90,20,41,109,117,172,166,65,156,136,75,53,97,207,150,141,146,131,93	8,5,0.9095,0,135;8,1,0.3385,0,26;4,4,0.3235,0,6;2,2,0.5725,0,167;0,3,0.6415,0,99;5,1,0.0135,0,183
ood_compose_epi-00245	10	2	1	204,152,215,99,117,112,27,192,59,75,139,20,147,11,150,152,65,3,93,21,156,141,187,39,108,51,163,40,69,88,202,211,47,82,129,133	2,1,0.9575,0,42;2,5,0.1575,2,43;2,1,0.3965,0,29;2,0,0.0575,0,38;2,2,0.1825,0,83;8,3,0.7305,0,248
ood_compose_epi-00246	6	3	2	79,136,151,43,177,112,26,34,128,49,69,148,15,24,141,85,92,195,171,94,108,176,190,3,98,66,19,46,180,119,63,135,190,195,198,207	2,5,0.6265,3,212;1,0,0.6585,1,35;0,5,0.5435,0,193;6,3,0.8235,1,21;1,2,0.1245,2,19;7,5,0.0445,0,247
ood_compose_epi-00247	8	3	1	181,117,114,186,126,51,130,90,193,97,177,141,39,187,58,11,169,45,84,189,21,6,148,18,43,178,30,72,111,152,75,160,95,150,66,137	5,1,0.4545,0,220;5,5,0.7095,0,120;2,0,0.5025,3,227;2,2,0.4265,2,69;0,5,0.4475,0,32;5,0,0.2355,0,56
ood_compose_epi-00248	4	1	0	112,175,188,137,37,195,104,210,89,106,22,70,133,182,127,76,174,63,197,4,52,160,149,117,67,42,93,28,20,193,83,146,142,45,12,179	3,2,0.9285,1,76;3,3,0.5425,0,132;3,5,0.6615,1,82;3,1,0.2125,0,162;7,0,0.1615,0,183;6,3,0.2935,1,131
ood_compose_epi-00249	1	2	2	45,207,1,190,132,147,25,177,213,121,165,208,58,90,99,21,160,57,111,86,141,10,40,151,117,35,137,66,201,16,206,77,71,93,171,116	0,0,0.0315,0,27;0,1,0.0015,0,41;8,0,0.5095,2,50;4,4,0.5765,0,38;2,5,0.9675,0,189;0,2,0.3145,0,225
ood_compose_epi-00250	1	2	0	200,123,11,147,87,61,149,18,138,92,187,154,117,168,75,177,185,175,106,209,170,21,5,26,93,159,51,67,141,99,115,40,69,46,130,36	4,1,0.5145,0,182;1,2,0.1565,1,66;2,3,0.7815,0,177;2,5,0.8005,0,110;2,0,0.6295,0,247;2,0,0.4015,0,63
ood_compose_epi-00251	4	1	2	113,214,173,181,151,10,87,174,27,169,21,146,59,51,108,207,124,141,92,17,172,187,172,6,45,137,69,95,64,135,44,100,180,117,75,38	5,0,0.2225,0,15;2,4,0.8375,0,67;2,1,0.0985,0,103;2,5,0.9275,2,88;3,2,0.3465,0,147;3,5,0.2435,0,141
ood_compose_epi-00252	3	0	1	150,180,35,141,69,177,18,190,154,88,166,41,181,157,83,93,123,106,117,66,139,113,76,191,167,185,52,61,97,11,4,28,46,131,21,145	3,1,0.5505,0,171;3,1,0.3215,1,94;3,3,0.4215,0,107;3,1,0.1075,0,48;0,0,0.2705,0,139;2,1,0.6365,0,213
ood_compose_epi-00253	7	2	2	9,134,193,208,44,70,174,59,161,93,179,66,15,33,84,89,208,170,24,172,57,122,140,45,35,116,106,208,141,105,147,117,74,151,18,210	8,5,0.5465,3,88;8,1,0.8305,0,102;8,1,0.5715,1,144;1,2,0.2035,0,51;8,0,0.8165,0,208;1,4,0.9825,0,27
ood_compose_epi-00254	1	0	2	185,197,180,141,117,29,190,188,108,42,176,164,60,145,137,87,50,16,116,46,89,69,21,37,151,206,215,7,93,75,10,182,99,134,68,126	6,0,0.1735,0,163;4,3,0.4675,1,242;1,2,0.8875,0,238;2,5,0.3365,0,117;2,2,0.8235,0,163;5,4,0.2265,0,22
ood_compose_epi-00255	5	2	1	29,137,93,199,99,117,206,170,57,178,114,150,213,207,201,198,34,13,141,7,63,126,64,18,131,21,86,109,147,71,45,90,41,183,79,205	6,3,0.5835,0,204;4,0,0.2605,0,89;8,5,0.0085,2,235;6,4,0.4755,0,74;2,3,0.5285,0,1;5,1,0.3275,0,15
ood_compose_epi-00256	1	3	2	152,90,158,63,1,165,151,204,191,164,42,48,52,39,137,10,17,69,192,148,93,75,206,105,109,141,29,191,171,64,21,123,116,117,132,85	0,0,0.3785,0,136;4,5,0.5775,3,49;3,5,0.1095,0,220;2,3,0.5335,0,44;8,3,0.8525,0,217;2,2,0.2545,0,17
ood_compose_epi-00257	1	3	0	96,163,149,4,44,99,179,107,148,142,54,75,175,186,39,23,20,117,69,128,115,136,83,195,135,58,169,88,15,211,66,171,27,209,215,45	3,5,0.8065,2,166;2,5,0.8865,0,151;5,0,0.4575,0,0;2,1,0.1605,3,69;2,1,0.7545,0,242;7,5,0.0915,1,212
ood_compose_epi-00258	1	1	2	140,141,101,184,190,168,21,69,151,39,27,53,45,197,85,186,198,44,117,205,10,112,75,125,167,58,19,146,107,199,64,214,90,135,6,93	5,0,0.6495,0,7;2,5,0.8915,0,72;4,0,0.0335,0,50;2,3,0.5335,0,253;4,1,0.0055,0,255;4,5,0.8065,0,104
ood_compose_epi-00259	2	1	2	77,83,203,95,188,91,141,15,193,151,162,36,69,52,137,167,201,105,68,130,127,45,25,115,177,108,118,19,166,164,59,4,172,146,42,23	3,5,0.7885,2,77;0,2,0.4405,0,151;3,1,0.8265,0,219;4,1,0.7595,2,21;8,2,0.7325,1,5;6,0,0.3545,0,145
ood_compose_epi-00260	1	0	1	127,61,16,135,99,194,68,173,137,191,200,87,89,31,79,150,21,45,161,114,145,69,197,141,93,109,195,49,7,191,34,166,117,44,12,198	6,2,0.0465,0,49;6,0,0.8175,0,183;0,3,0.8745,0,44;6,5,0.2485,0,142;2,3,0.4375,0,25;6,5,0.3755,0,24
ood_compose_epi-00261	1	0	0	133,36,28,164,160,17,113,197,172,186,12,21,173,93,193,65,142,117,111,52,201,123,212,69,40,162,3,83,140,45,81,59,149,91,145,99	2,2,0.2015,0,109;3,2,0.0985,0,216;3,1,0.3835,0,186;8,1,0.6695,0,216;2,5,0.3915,0,36;2,3,0.9405,1,140
ood_compose_epi-00262	10	3	1	115,64,109,181,70,139,209,150,180,48,141,13,21,99,32,205,133,61,86,198,80,35,93,117,57,43,199,129,162,19,171,168,92,148,210,9	8,3,0.6385,0,12;7,1,0.7345,3,110;8,3,0.1225,1,140;7,4,0.9885,0,111;2,3,0.6415,0,126;8,3,0.7035,0,189
ood_compose_epi-00263	7	3	0	83,110,135,25,171,209,148,193,207,69,119,45,187,39,149,115,204,43,104,88,138,214,165,21,141,185,75,65,3,93,55,17,60,12,158,122	2,2,0.2635,0,231;0,5,0.6855,0,92;6,2,0.3865,0,246;2,1,0.1925,0,103;7,4,0.6545,2,220;1,5,0.4115,0,3
ood_compose_epi-00264	6	2	0	152,208,114,85,164,200,155,26,121,7,73,108,21,177,11,182,64,99,18,141,42,88,93,69,45,135,159,147,149,51,35,117,204,61,180,138	6,1,0.5265,0,79;1,1,0.4975,0,216;2,3,0.1055,0,143;0,3,0.0595,0,173;2,2,0.4005,0,85;0,5,0.4235,0,230
ood_compose_epi-00265	1	2	1	91,50,126,93,212,157,209,36,27,199,45,114,185,19,60,40,69,21,75,85,140,65,109,162,99,183,3,150,141,147,119,168,15,174,134,198	2,5,0.7595,0,196;2,2,0.1035,0,151;1,2,0.2205,0,145;2,3,0.7745,0,183;2,3,0.4065,2,207;5,4,0.8915,0,199
ood_compose_epi-00266	2	1	2	108,139,69,162,122,151,162,160,199,58,159,117,44,130,97,93,17,201,169,141,84,90,45,51,28,64,146,153,78,200,4,21,12,113,35,201	3,2,0.2915,0,13;3,1,0.8415,0,85;2,0,0.1505,0,24;5,2,0.4885,0,111;0,2,0.2045,0,162;1,0,0.6295,0,254
ood_compose_epi-00267	1	2	1	161,147,77,170,152,38,115,150,117,60,87,93,189,109,91,171,11,154,3,99,187,138,130,157,45,141,69,154,66,27,41,125,21,152,50,19	2,1,0.6775,0,11;2,4,0.2015,0,162;1,2,0.5505,0,134;4,5,0.6535,0,153;2,3,0.6875,0,148;4,0,0.4805,0,194
ood_compose_epi-00268	3	0	2	44,124,210,45,93,177,12,109,98,21,120,4,70,65,175,168,60,83,151,116,172,141,28,52,38,204,185,145,174,187,131,140,89,213,76,16	3,2,0.0615,0,255;3,4,0.8445,0,51;3,2,0.3635,1,120;3,1,0.2645,0,104;1,3,0.9385,3,32;3,1,0.9995,0,151
ood_compose_epi-00269	3	0	1	38,131,161,184,4,117,154,201,43,121,150,196,161,28,93,108,170,21,137,87,163,144,45,91,60,69,103,187,68,75,145,56,10,18,112,208	3,0,0.4665,0,98;3,4,0.6105,0,135;7,2,0.9685,0,9;2,5,0.7485,0,176;6,2,0.0455,0,182;0,1,0.2195,3,226
ood_compose_epi-00270	2	3	2	210,164,69,22,117,79,19,196,165,45,98,93,2,124,143,151,166,181,136,112,87,52,107,132,41,36,68,167,183,15,192,163,59,26,148,89	1,5,0.6805,1,204;1,2,0.2675,0,233;3,1,0.8945,0,219;6,5,0.2295,0,4;1,1,0.0255,0,130;3,2,0.0435,2,228
ood_compose_epi-00271	10	3	0	154,117,15,182,33,196,123,155,61,130,115,105,138,9,37,21,155,56,169,65,170,148,41,141,69,16,93,111,89,176,45,166,81,172,149,86	8,5,0.1695,0,236;8,3,0.3355,0,46;7,3,0.2465,0,204;8,4,0.2775,0,155;8,5,0.6975,0,241;2,0,0.5515,0,67
ood_compose_epi-00272	0	3	2	162,68,108,185,71,14,27,118,132,173,138,59,148,45,123,177,88,103,152,95,21,202,37,20,163,204,79,42,155,112,141,163,151,4,52,83	3,4,0.8655,0,135;2,3,0.4645,0,226;3,1,0.8085,2,133;6,1,0.0385,2,32;6,2,0.0385,1,177;2,2,0.5245,0,245
ood_compose_epi-00273	4	1	2	120,139,108,76,114,188,193,93,36,182,124,69,17,87,154,63,141,30,202,151,203,11,102,4,92,42,45,54,146,66,176,21,153,199,159,130	3,1,0.2175,0,131;5,2,0.4615,0,102;5,5,0.5785,0,167;3,5,0.9425,0,177;5,2,0.4505,3,103;3,0,0.7645,0,131
ood_compose_epi-00274	2	0	0	190,17,6,188,76,144,48,113,155,123,83,159,181,44,130,149,120,67,168,137,208,10,190,91,30,104,69,59,145,93,194,21,160,111,56,35	5,0,0.3525,0,186;5,1,0.9835,3,109;7,1,0.7085,0,126;3,1,0.6955,0,101;7,5,0.2455,3,29;2,0,0.2185,3,52
ood_compose_epi-00275	4	1	2	163,138,178,206,129,151,17,45,41,134,28,69,109,39,56,208,99,15,199,4,82,198,210,75,175,21,68,120,93,141,170,113,91,146,60,174	3,5,0.3985,0,152;3,5,0.2975,0,212;7,2,0.8685,0,154;2,0,0.7115,0,39;2,3,0.3725,3,187;8,4,0.5465,0,53
ood_compose_epi-00276	1	2	0	60,22,137,110,69,202,181,153,7,90,35,184,141,18,104,135,172,185,201,45,82,149,128,215,14,200,117,112,93,147,67,51,40,27,161,78	6,4,0.4395,1,161;2,1,0.0655,0,194;2,2,0.6985,0,9;5,0,0.4885,0,172;7,4,0.0365,0,85;7,5,0.2795,0,34
ood_compose_epi-00277	5	2	0	141,176,91,214,20,39,127,5,149,69,120,140,195,48,29,49,135,188,183,43,13,177,112,82,184,101,172,23,93,106,64,176,79,147,172,63	4,3,0.9305,2,202;4,5,0.7495,3,146;0,5,0.1455,0,153;6,0,0.6615,0,215;4,0,0.1265,3,166;6,5,0.8175,0,13
ood_compose_epi-00278	10	0	0	98,118,88,213,162,136,67,193,26,145,20,168,192,81,93,178,45,69,131,9,142,149,35,58,122,193,42,13,57,194,82,112,215,108,193,21	8,3,0.9255,0,57;1,1,0.5995,0,20;8,0,0.6335,0,186;8,0,0.0215,0,253;1,2,0.1785,1,149;1,1,0.0365,1,103
ood_compose_epi-00279	1	1	0	141,3,57,68,190,174,20,82,173,88,149,198,13,21,71,140,108,129,93,59,146,75,130,160,183,171,120,113,40,154,45,155,105,37,33,176	2,3,0.8295,0,113;8,3,0.0115,0,11;8,1,0.9525,2,35;2,0,0.0345,0,101;8,2,0.2095,3,247;8,0,0.8125,0,24
ood_compose_epi-00280	10	2	1	13,30,199,141,19,78,62,126,114,21,140,37,162,147,90,178,45,95,150,175,43,184,68,69,157,178,164,83,107,117,131,190,182,102,57,9	8,3,0.7295,0,233;5,3,0.7095,0,40;8,4,0.8035,0,241;5,1,0.5835,2,229;5,1,0.4735,0,65;5,1,0.8295,0,7
ood_compose_epi-00281	9	3	2	141,111,148,45,187,18,43,204,101,114,61,36,67,89,93,132,166,151,186,129,33,86,158,12,138,120,69,166,8,170,56,80,215,195,158,21	7,2,0.4245,0,223;8,2,0.6725,0,101;7,3,0.6585,0,210;7,4,0.2725,0,89;4,5,0.5815,3,124;8,2,0.4405,0,209
ood_compose_epi-00282	1	0	0	176,88,43,15,21,164,45,130,117,123,69,93,188,97,149,33,18,181,169,200,108,51,145,208,115,61,170,166,3,35,76,136,200,85,141,66	2,5,0.4175,0,160;8,1,0.6105,0,162;2,3,0.5105,0,16;3,3,0.1215,0,200;0,2,0.6885,0,29;2,0,0.0735,0,79
ood_compose_epi-00283	0	3	2	40,162,11,61,115,185,36,148,93,110,120,199,28,91,174,67,100,21,20,4,169,83,135,139,151,209,204,152,171,178,69,45,141,53,75,124	3,1,0.8215,0,137;3,2,0.1115,0,111;4,3,0.6945,0,226;2,1,0.6905,0,43;3,4,0.6955,3,66;3,5,0.6575,0,55
ood_compose_epi-00284	8	1	2	36,65,107,78,160,141,102,41,189,45,112,173,130,151,6,28,175,129,153,85,152,117,94,152,170,156,179,19,10,69,21,136,90,61,146,54	5,0,0.6645,0,109;3,2,0.3485,0,36;5,3,0.3085,0,76;5,3,0.5855,1,195;5,1,0.1485,0,115;8,0,0.1895,0,108
ood_compose_epi-00285	9	2	0	98,53,5,59,154,26,115,179,149,69,117,137,80,110,14,68,190,156,45,202,128,147,93,41,92,85,143,21,160,194,168,19,35,133,171,204	4,4,0.6725,0,91;1,1,0.2155,0,122;4,1,0.8145,0,191;7,3,0.8415,0,134;1,4,0.7005,0,135;7,3,0.3055,2,58
ood_compose_epi-00286	1	0	2	151,26,198,158,47,64,55,141,154,4,117,123,75,112,18,145,10,21,164,159,99,207,189,86,195,63,137,106,180,69,133,199,36,88,93,41	3,0,0.5675,0,238;1,2,0.2295,2,107;6,5,0.1385,0,181;2,4,0.0295,0,155;2,0,0.1825,0,191;2,3,0.2095,0,248
ood_compose_epi-00287	5	1	0	163,169,179,96,172,149,21,208,7,27,180,67,15,45,139,146,103,154,197,53,124,75,18,184,85,112,90,69,117,60,111,144,135,35,43,191	6,5,0.5525,0,253;2,1,0.7385,0,174;4,2,0.7205,0,193;2,3,0.4685,3,118;6,5,0.1945,0,245;3,5,0.6125,3,3
ood_compose_epi-00288	2	1	2	44,154,52,203,139,59,146,151,78,111,161,38,197,98,46,194,69,4,11,90,188,116,155,28,68,155,17,141,83,21,207,134,173,93,118,127	3,1,0.2185,0,0;3,4,0.8665,1,129;3,1,0.8795,0,6;5,1,0.4435,0,245;1,5,0.9455,1,107;6,4,0.6855,0,238
ood_compose_epi-00289	10	0	0	137,203,59,21,15,212,123,82,169,110,141,66,20,205,195,77,145,93,44,160,9,149,50,133,88,46,31,190,69,119,116,181,34,99,173,172	8,5,0.8275,0,202;6,0,0.9255,1,203;1,1,0.5205,0,68;4,0,0.0525,0,45;2,4,0.9725,2,99;2,3,0.2375,0,33
ood_compose_epi-00290	5	1	2	6,207,172,168,91,114,171,191,153,104,21,106,67,61,19,142,174,29,170,42,151,200,37,84,94,69,131,75,48,127,117,55,213,137,10,146	5,0,0.7085,0,113;4,3,0.5645,3,175;6,3,0.6945,0,92;2,2,0.6255,1,250;7,0,0.4355,0,189;6,1,0.3975,1,226
ood_compose_epi-00291	2	1	2	130,215,28,68,191,124,205,107,93,42,174,69,91,36,21,161,194,45,2,172,171,58,100,146,172,117,139,82,78,17,142,151,183,15,52,115	1,5,0.3835,0,175;3,2,0.5275,0,235;3,0,0.8525,0,84;5,0,0.7575,0,80;3,1,0.7855,0,119;3,0,0.6445,1,152
ood_compose_epi-00292	1	3	1	136,141,150,45,119,88,41,75,86,54,109,61,34,171,206,18,3,21,93,211,199,69,13,192,115,148,105,131,25,177,177,170,67,173,166,126	2,3,0.5525,0,6;0,0,0.2045,0,219;5,3,0.6225,0,137;2,4,0.0885,0,148;8,3,0.7835,2,99;5,1,0.0135,0,11
ood_compose_epi-00293	10	2	1	172,21,112,204,107,93,150,214,117,127,138,156,69,45,190,97,141,196,91,51,178,83,77,42,197,153,65,29,39,20,61,159,6,133,15,147	5,5,0.8575,0,58;4,5,0.5725,0,99;2,3,0.2235,0,217;4,1,0.6495,0,194;0,1,0.0995,0,89;6,3,0.4515,0,194
ood_compose_epi-00294	8	1	2	102,39,11,209,142,151,113,106,6,43,203,93,74,86,146,69,155,153,54,123,134,21,169,117,45,63,89,204,67,137,17,187,179,30,189,186	5,1,0.2765,0,254;5,5,0.6265,0,206;5,5,0.6865,0,250;1,4,0.2075,0,120;5,0,0.2355,0,52;2,4,0.3675,1,107
ood_compose_epi-00295	4	1	2	9,192,31,89,35,52,204,109,105,60,141,69,198,185,199,75,85,113,93,210,192,10,117,42,166,146,132,124,152,45,136,68,17,151,156,21	8,0,0.3345,0,253;6,1,0.4655,0,246;3,2,0.8435,0,225;2,3,0.3165,0,151;8,3,0.2845,0,204;3,2,0.1285,0,189
ood_compose_epi-00296	10	1	2	91,61,211,14,135,181,81,5,57,160,137,127,109,116,98,43,117,93,151,34,85,27,180,48,64,181,69,163,185,20,195,191,21,154,146,143	4,4,0.9755,0,0;2,0,0.6085,3,100;8,3,0.0355,0,126;8,3,0.6715,0,161;1,3,0.8725,0,18;6,5,0.2485,2,154
ood_compose_epi-00297	1	1	1	146,49,160,28,141,172,61,169,72,22,170,189,150,41,160,17,67,93,168,91,2,100,177,122,75,140,106,36,172,130,177,45,114,117,85,11	1,1,0.2785,1,168;3,2,0.2185,0,17;0,3,0.6915,3,57;2,3,0.6675,0,51;3,0,0.4665,0,216;1,0,0.8955,0,194
ood_compose_epi-00298	9	2	0	214,104,141,161,38,93,135,159,40,117,55,208,137,210,195,147,32,60,73,8,177,149,83,16,91,64,128,108,23,71,191,113,205,10,45,155	7,0,0.0975,2,132;7,4,0.1295,0,33;6,2,0.0945,2,85;0,1,0.7845,0,22;7,2,0.2885,0,245;7,5,0.2565,0,163
ood_compose_epi-00299	0	3	2	124,100,207,202,44,110,68,69,139,19,141,113,151,131,76,117,148,190,201,45,15,59,51,21,170,165,88,34,200,93,170,210,83,27,156,1	0,5,0.6215,0,209;2,0,0.9435,0,37;2,1,0.8725,0,149;3,1,0.0815,0,100;3,4,0.3105,0,250;3,1,0.7435,0,35
ood_compose_epi-00300	7	3	2	126,35,179,134,97,112,160,208,176,2,28,45,75,210,193,204,141,90,137,148,60,50,200,43,68,108,19,151,21,117,69,196,93,15,189,87	1,5,0.6225,0,175;3,1,0.6745,0,182;1,2,0.9985,0,25;2,5,0.5785,0,60;0,2,0.0715,0,220;5,4,0.3695,0,120
ood_compose_epi-00301	1	1	0	82,191,89,149,69,103,137,199,45,20,55,171,170,117,31,132,44,128,3,21,199,180,110,205,34,65,113,59,164,75,141,146,200,10,93,212	2,0,0.9515,0,185;6,0,0.9965,0,243;6,1,0.2235,0,26;2,0,0.3385,0,177;6,4,0.2695,0,197;7,2,0.3635,0,11
ood_compose_epi-00302	7	3	0	167,170,65,100,139,23,148,18,132,3,43,26,111,39,93,49,175,83,12,63,191,124,193,113,69,74,196,45,89,141,171,149,196,188,201,118	2,2,0.5365,2,91;1,5,0.6285,0,45;0,5,0.3245,0,90;1,1,0.3285,0,42;3,5,0.3835,1,250;3,2,0.6205,0,9
ood_compose_epi-00303	1	1	2	93,14,60,108,54,65,27,181,187,173,207,97,72,37,192,43,172,137,88,127,21,189,45,114,146,152,9,141,212,151,134,199,18,117,82,75	8,4,0.5645,0,153;2,3,0.6835,0,99;5,2,0.2985,3,71;2,0,0.1095,0,118;0,2,0.4325,0,119;6,4,0.2275,0,91
ood_compose_epi-00304	2	1	0	66,192,93,27,134,155,183,141,146,153,84,92,124,213,195,58,45,214,51,140,24,79,104,1,41,115,14,209,164,69,149,117,173,34,108,16	0,4,0.1875,3,65;2,0,0.3125,0,182;2,0,0.5625,0,35;6,2,0.8125,0,25;7,2,0.6655,0,248;3,4,0.8995,0,14
ood_compose_epi-00305	1	1	1	45,211,107,119,134,146,69,50,177,199,85,12,138,150,43,123,164,186,60,99,64,205,3,113,31,206,213,90,21,38,93,168,81,159,18,141	2,2,0.5775,0,255;6,4,0.7315,0,134;1,2,0.0615,0,171;8,3,0.5535,0,222;2,1,0.3365,2,91;2,4,0.5305,0,149
ood_compose_epi-00306	6	1	1	1,165,45,213,117,58,69,11,144,23,135,139,82,174,175,121,188,25,17,205,150,191,91,114,38,146,93,66,108,200,44,54,102,78,166,180	0,1,0.3525,2,156;0,4,0.8045,0,104;5,0,0.5995,0,103;5,0,0.6825,0,9;5,2,0.5815,0,160;0,5,0.7895,3,207
ood_compose_epi-00307	3	0	1	71,158,76,21,31,18,135,85,176,12,41,48,66,215,35,175,114,150,194,55,172,179,141,127,179,107,60,117,138,176,4,99,89,93,145,152	3,2,0.5565,0,128;6,1,0.3985,3,0;6,2,0.5765,2,23;3,3,0.2175,0,28;2,1,0.4935,0,247;6,5,0.4355,0,105
ood_compose_epi-00308	1	3	0	188,78,136,175,207,27,171,55,103,92,65,108,126,197,69,197,112,44,45,117,148,16,149,180,93,159,60,135,35,160,82,23,141,12,175,4	3,2,0.1945,2,186;2,1,0.9235,0,28;6,2,0.2095,0,10;5,0,0.9995,0,200;6,2,0.0865,0,119;5,5,0.1765,0,26
ood_compose_epi-00309	5	1	2	142,58,69,68,93,107,82,44,31,1,172,21,129,45,197,114,37,132,97,80,139,92,17,117,156,177,155,200,159,154,57,175,15,151,146,152	0,5,0.3465,0,89;6,3,0.9495,0,171;8,0,0.8495,0,153;7,0,0.9055,0,71;0,1,0.4955,0,230;8,2,0.6715,1,184
ood_compose_epi-00310	9	0	0	117,203,125,93,136,130,12,8,205,170,52,149,62,109,205,141,101,114,31,182,83,208,69,190,91,160,21,174,64,34,162,45,145,18,42,78	7,2,0.5705,0,179;6,0,0.5635,0,7;3,4,0.1195,0,130;5,1,0.7075,0,121;4,3,0.4335,0,44;4,0,0.1365,0,61
ood_compose_epi-00311	1	0	0	190,172,206,205,145,111,97,190,64,175,73,21,155,19,203,44,130,199,9,92,10,136,59,37,72,129,114,27,117,86,52,171,94,45,149,141	8,0,0.7755,0,2;2,3,0.8955,0,2;3,1,0.0655,3,155;0,4,0.9305,1,50;0,5,0.4975,0,17;8,0,0.1505,0,64
ood_compose_epi-00312	9	1	0	167,117,208,124,111,17,69,149,80,187,214,40,98,170,93,68,183,166,2,85,130,146,12,194,116,211,63,92,35,197,141,137,56,21,26,45	1,2,0.2675,0,204;1,1,0.0005,0,246;7,5,0.8415,0,8;7,3,0.8615,0,217;1,5,0.9045,0,122;3,0,0.3735,0,114
ood_compose_epi-00313	0	3	0	124,45,4,28,155,19,76,116,149,68,160,141,208,174,131,157,162,148,174,43,86,200,179,215,52,36,12,93,107,118,100,136,69,59,21,91	3,2,0.7695,0,132;3,2,0.6395,0,113;3,1,0.9025,0,59;3,4,0.7545,0,71;3,1,0.8495,1,117;3,1,0.1895,0,123
ood_compose_epi-00314	1	2	1	164,61,150,92,44,99,93,110,3,136,176,75,141,123,45,147,69,66,184,84,113,206,118,12,35,182,182,16,179,21,131,205,164,51,215,33	2,2,0.1815,0,169;8,1,0.8885,0,52;2,3,0.4615,0,23;2,2,0.9535,0,172;2,4,0.3405,1,148;2,1,0.1955,0,97
ood_compose_epi-00315	9	0	0	132,52,172,194,129,74,100,93,138,25,21,198,91,8,173,171,190,39,68,58,141,19,119,85,42,113,153,110,189,45,195,145,69,174,149,12	7,2,0.6155,0,58;0,5,0.4325,0,196;3,0,0.8615,0,123;1,3,0.6715,0,169;3,4,0.3865,2,27;8,2,0.4415,0,242
ood_compose_epi-00316	0	3	1	117,20,87,51,21,169,10,92,150,184,124,3,185,199,93,64,61,136,37,161,76,148,159,112,69,163,110,206,44,141,27,135,45,187,185,102	2,0,0.8165,0,101;2,3,0.8565,0,111;2,3,0.0405,0,115;3,5,0.9395,0,208;5,4,0.1885,0,166;3,5,0.1975,0,100
ood_compose_epi-00317	10	2	1	176,173,187,150,123,40,157,21,67,105,12,147,2,115,17,38,156,53,111,62,77,162,117,88,45,183,168,95,87,175,71,139,134,141,29,205	1,2,0.2245,0,233;4,4,0.0455,0,70;4,4,0.6125,2,201;4,5,0.1385,2,133;8,5,0.7745,0,248;2,4,0.7685,0,190
ood_compose_epi-00318	9	1	1	123,18,172,93,83,212,21,10,214,138,144,203,150,6,193,68,41,45,170,180,37,161,104,80,51,206,111,146,89,132,60,114,31,72,117,183	5,0,0.5075,0,182;6,3,0.3555,0,124;2,2,0.9735,3,134;7,1,0.2995,0,22;7,5,0.4515,0,208;2,2,0.5645,3,89
ood_compose_epi-00319	9	3	0	10,69,98,116,117,123,177,141,149,89,165,185,154,186,198,148,66,132,85,96,210,63,21,17,186,80,161,32,56,180,138,108,37,42,47,8	7,0,0.2335,0,185;7,3,0.4425,2,192;7,5,0.4905,0,132;7,3,0.3435,3,232;1,2,0.9115,0,54;2,2,0.5655,0,128
ood_compose_epi-00320	1	1	0	193,163,93,69,138,184,184,17,92,154,35,114,133,149,99,3,123,180,192,43,59,141,182,162,13,21,32,48,83,76,146,107,68,51,117,202	2,3,0.3745,0,82;7,1,0.7585,3,56;2,1,0.9205,0,42;3,1,0.8605,0,57;2,1,0.4045,0,99;2,3,0.4975,0,193
ood_compose_epi-00321	7	0	0	149,45,188,140,161,69,118,41,10,19,180,3,193,132,60,161,74,92,50,85,123,141,25,185,67,163,152,145,93,103,39,21,181,158,107,113	2,0,0.6745,0,4;0,5,0.3855,0,192;1,2,0.7475,0,37;1,3,0.9275,0,62;6,1,0.2585,1,125;2,2,0.8355,0,163
ood_compose_epi-00322	5	3	1	107,161,214,20,162,150,136,73,82,68,134,45,35,90,93,31,187,55,209,114,148,157,21,207,141,44,69,127,166,181,119,15,1,105,186,61	0,5,0.9215,0,240;6,1,0.9315,0,181;6,3,0.8285,0,0;0,0,0.4245,0,113;8,1,0.5755,2,125;6,4,0.0525,0,57
ood_compose_epi-00323	10	0	2	109,145,197,140,52,69,200,114,65,117,21,142,105,152,155,47,170,192,17,201,178,58,33,80,131,42,86,91,151,4,93,34,129,13,165,201	3,3,0.3765,0,62;8,0,0.5445,2,232;3,0,0.2935,0,95;7,4,0.6495,0,198;8,3,0.5255,0,101;8,1,0.8205,1,217
ood_compose_epi-00324	9	1	1	158,89,21,183,133,168,167,159,173,57,215,108,171,117,166,140,85,146,150,39,115,45,141,3,173,67,81,19,105,32,122,93,13,42,60,70	2,3,0.6655,0,165;7,5,0.4075,0,59;8,2,0.6465,1,44;8,3,0.3885,0,41;8,2,0.6775,0,104;1,3,0.8535,0,95
ood_compose_epi-00325	7	2	1	210,150,33,158,200,21,38,117,141,93,199,74,86,147,48,177,140,200,106,64,19,132,161,63,152,43,193,5,121,92,112,203,105,72,56,14	4,4,0.6975,0,53;8,4,0.6845,3,127;7,5,0.1535,3,192;1,4,0.9645,0,165;8,0,0.1245,0,81;0,2,0.8315,0,143
ood_compose_epi-00326	10	1	0	139,53,117,79,158,38,106,149,21,15,133,42,199,94,125,211,69,141,65,215,146,185,164,157,101,205,114,92,29,202,63,45,19,85,214,9	8,5,0.6215,0,89;4,4,0.5285,0,31;4,5,0.2695,0,86;6,3,0.9335,1,143;4,0,0.4115,0,32;4,3,0.6125,0,106
ood_compose_epi-00327	1	1	0	45,149,123,140,62,202,117,35,91,184,17,76,21,215,141,146,161,193,130,69,13,65,153,27,96,194,41,113,176,87,101,3,156,190,52,110	2,3,0.3635,0,87;2,1,0.2755,0,219;3,4,0.2395,0,80;3,5,0.7195,3,202;4,4,0.3685,0,166;2,0,0.9205,0,88
ood_compose_epi-00328	6	3	0	99,38,171,117,81,165,43,130,123,148,188,15,93,21,83,68,45,69,157,149,17,137,110,171,62,90,159,176,7,174,141,193,49,25,113,162	6,5,0.3525,0,236;0,4,0.7975,0,179;0,4,0.9495,0,210;8,1,0.5905,0,151;2,4,0.3255,0,120;2,0,0.3315,0,222
ood_compose_epi-00329	7	2	0	116,207,45,109,141,42,208,152,161,181,88,98,126,133,211,12,21,136,117,147,93,64,30,69,213,36,191,2,209,50,80,59,170,18,82,149	1,2,0.4525,0,82;5,2,0.4695,0,44;1,1,0.1485,0,50;7,0,0.0445,0,88;1,3,0.8805,0,205;5,3,0.1395,0,168
ood_compose_epi-00330	10	3	2	29,129,43,148,200,108,54,116,173,117,73,105,16,82,184,211,61,195,151,197,66,133,9,21,38,88,201,168,184,69,141,12,140,212,93,45	8,2,0.1395,0,119;4,4,0.7875,0,83;5,3,0.4585,0,236;0,0,0.0375,0,78;8,2,0.8585,0,248;8,3,0.9945,0,12
ood_compose_epi-00331	1	1	1	99,188,46,112,35,196,12,3,109,146,176,78,140,65,161,88,51,169,125,18,178,93,32,152,61,201,132,150,21,69,42,84,212,141,167,117	2,2,0.4465,0,178;7,1,0.4945,1,130;2,3,0.3125,0,18;5,2,0.0135,0,4;2,3,0.0005,0,219;4,2,0.9175,0,125
ood_compose_epi-00332	1	2	0	152,90,197,36,123,161,45,19,69,109,21,27,43,137,183,58,174,149,175,5,141,75,147,93,55,192,209,117,116,183,132,64,15,165,99,83	4,5,0.7985,0,245;2,2,0.6455,0,57;6,0,0.1245,0,45;2,1,0.4535,0,143;2,3,0.9105,0,24;2,2,0.3415,0,200
ood_compose_epi-00333	1	2	0	136,117,193,77,27,164,45,156,56,110,86,147,144,159,174,69,104,13,188,149,181,123,163,169,39,93,59,42,92,17,3,115,68,134,156,21	2,3,0.2575,0,183;2,5,0.5785,0,179;7,1,0.9315,0,72;4,4,0.9045,0,152;7,4,0.6845,0,147;2,4,0.1865,3,184
ood_compose_epi-00334	9	3	1	39,208,43,45,49,87,135,182,196,172,202,115,128,150,18,32,174,148,93,104,138,10,69,158,192,63,74,141,118,111,159,7,88,24,68,213	6,0,0.4645,3,47;7,5,0.6525,0,196;0,5,0.9425,0,54;1,5,0.0155,0,69;7,5,0.6375,1,159;7,5,0.5235,0,91
ood_compose_epi-00335	6	1	0	141,49,68,172,204,163,113,149,45,60,117,146,179,77,42,104,166,184,166,14,35,137,19,69,93,107,174,92,170,84,134,5,158,21,26,128	4,4,0.7075,0,156;1,1,0.4055,0,20;0,2,0.8965,0,35;4,2,0.9625,0,139;7,1,0.3995,0,237;7,4,0.3595,0,46
ood_compose_epi-00336	1	0	1	171,200,13,156,123,150,141,117,91,195,45,42,85,113,93,54,69,212,156,196,65,107,5,18,74,179,59,102,27,137,183,133,145,166,21,38	4,3,0.4395,0,101;2,4,0.4205,0,252;5,1,0.2835,0,81;1,3,0.7765,0,174;5,1,0.3295,0,231;2,3,0.3165,0,224
ood_compose_epi-00337	6	3	1	157,15,211,131,24,42,189,190,150,69,85,117,73,202,137,36,124,156,33,113,141,109,209,64,148,93,17,57,214,90,167,9,45,176,59,99	8,5,0.3435,3,6;8,2,0.5175,0,81;8,1,0.0805,0,216;0,3,0.5335,0,15;2,3,0.2235,0,226;3,1,0.2215,0,244
ood_compose_epi-00338	10	2	1	110,91,69,166,29,101,134,77,204,198,45,129,66,21,198,16,182,210,93,177,115,147,82,201,13,51,154,212,5,138,37,61,141,150,44,117	4,3,0.1205,0,130;4,3,0.8795,0,97;2,3,0.4565,0,147;4,0,0.6895,0,107;4,4,0.7255,0,29;8,4,0.5025,0,220
ood_compose_epi-00339	1	0	2	99,91,29,14,195,40,208,127,35,46,21,52,151,208,93,115,155,117,109,64,143,176,152,69,176,134,18,1,186,145,211,137,59,175,75,85	0,4,0.5655,0,52;4,1,0.1395,1,131;3,1,0.0885,0,159;2,3,0.7945,0,188;2,3,0.6155,0,111;6,4,0.3715,2,226
ood_compose_epi-00340	1	1	0	86,88,56,112,21,43,194,104,70,132,73,8,17,190,45,108,123,186,149,177,64,27,146,140,154,12,62,211,34,141,194,93,169,183,120,176	7,2,0.2795,0,6;2,0,0.7025,0,254;7,4,0.0375,1,14;0,4,0.0135,0,158;7,2,0.0925,3,135;2,2,0.9645,0,51
ood_compose_epi-00341	1	2	0	196,106,177,16,147,40,138,153,51,166,45,141,68,102,75,117,69,92,172,134,202,149,38,24,123,113,61,164,84,185,27,93,158,193,12,3	2,2,0.1725,3,213;2,4,0.1375,0,139;2,3,0.9565,0,185;2,2,0.8205,0,148;5,0,0.3785,0,95;2,4,0.4695,0,127
ood_compose_epi-00342	7	0	2	115,151,160,93,43,55,158,153,130,137,155,59,103,183,26,170,4,22,65,110,91,145,199,181,197,85,126,117,35,45,141,13,74,69,213,20	3,3,0.8565,1,53;1,1,0.7145,0,164;6,1,0.3115,0,11;1,3,0.7525,0,43;6,4,0.7635,0,74;5,0,0.3815,0,9
ood_compose_epi-00343	6	0	1	11,61,193,45,25,141,214,21,110,19,190,150,69,132,117,209,41,156,35,90,162,93,175,80,176,49,112,1,121,179,162,145,84,100,67,140	0,1,0.6615,0,137;0,1,0.2125,0,227;0,3,0.7895,0,171;7,2,0.5225,0,85;3,4,0.0575,0,191;0,2,0.9135,0,87
ood_compose_epi-00344	4	1	2	76,117,123,91,69,43,100,22,45,66,12,162,17,181,176,141,35,4,110,146,93,86,189,210,136,134,62,28,205,186,199,200,51,151,211,112	3,2,0.3085,1,135;3,1,0.7925,0,241;2,4,0.5505,0,27;3,4,0.6965,0,136;3,4,0.1535,0,116;2,4,0.1775,0,213
ood_compose_epi-00345	1	3	0	148,19,204,85,93,11,44,107,136,37,162,45,113,132,180,209,166,149,117,141,189,75,178,27,61,21,69,67,97,128,50,203,1,90,213,156	0,1,0.6955,0,223;2,3,0.9295,0,142;1,3,0.7665,0,52;2,3,0.4845,0,125;0,1,0.3765,0,198;7,2,0.0015,0,217
ood_compose_epi-00346	1	3	2	45,161,133,107,69,203,10,194,185,75,51,151,205,65,90,83,20,63,157,41,165,162,2,21,38,148,141,139,117,27,180,93,171,123,98,112	1,0,0.8125,0,32;2,4,0.3995,0,177;2,5,0.2355,0,66;2,1,0.4645,0,30;1,1,0.0685,0,142;2,3,0.6495,0,215
ood_compose_epi-00347	10	0	0	109,71,11,144,93,123,105,186,44,45,208,35,198,92,133,114,161,19,117,203,57,58,81,66,206,3,33,24,137,149,173,180,187,191,145,84	2,1,0.7775,3,112;8,1,0.8235,0,204;8,0,0.4565,2,101;8,2,0.8365,0,204;8,3,0.4245,0,70;2,3,0.3295,3,181
ood_compose_epi-00348	1	2	1	131,85,9,21,125,92,141,112,205,136,201,172,60,147,30,214,10,69,55,150,93,172,175,117,66,188,35,174,188,43,202,106,105,45,75,16	8,0,0.1475,0,254;5,1,0.7085,0,153;6,2,0.5535,0,126;2,3,0.8805,0,142;8,0,0.1835,0,206;4,1,0.1975,0,12
ood_compose_epi-00349	6	2	2	89,212,142,212,123,68,73,21,93,49,138,47,25,151,212,37,105,87,1,42,182,131,15,70,147,211,184,172,191,110,196,117,20,59,115,192	0,5,0.9065,0,78;0,3,0.5535,2,57;0,1,0.9885,1,200;0,5,0.2955,0,18;8,4,0.6355,0,215;2,1,0.5825,1,177
ood_compose_epi-00350	10	2	1	57,85,199,104,160,9,193,69,140,134,119,12,161,43,183,45,122,17,107,160,147,150,92,93,141,21,78,189,29,196,39,116,61,155,68,188	8,2,0.2345,0,138;4,5,0.7735,0,215;8,3,0.8085,0,244;5,3,0.9235,0,70;7,1,0.8105,2,39;1,4,0.8435,0,78
ood_compose_epi-00351	4	1	0	180,137,41,189,21,61,167,15,71,160,45,162,200,208,5,115,174,93,68,77,88,52,111,149,100,38,84,141,157,19,174,146,123,117,133,28	4,5,0.7565,0,24;3,4,0.2715,0,255;3,3,0.8465,2,206;4,2,0.0685,0,1;3,5,0.6325,0,235;2,3,0.2495,0,59
ood_compose_epi-00352	4	1	0	116,210,108,45,183,214,49,198,146,190,124,208,76,44,68,72,85,1,132,100,213,202,58,141,21,154,149,25,140,181,18,39,93,117,14,92	0,4,0.4685,0,202;0,5,0.9465,0,168;0,0,0.9735,3,29;3,3,0.9355,0,121;3,2,0.8725,0,120;3,2,0.8765,0,152
ood_compose_epi-00353	0	3	1	173,144,186,192,14,76,42,178,214,148,65,93,136,83,45,91,52,17,3,115,196,35,125,184,150,58,108,186,201,69,100,209,117,28,133,21	2,4,0.3765,0,180;3,1,0.4655,0,13;3,0,0.2255,0,118;3,1,0.7665,0,14;3,2,0.7065,0,158;4,3,0.1105,3,45
ood_compose_epi-00354	8	2	1	167,202,133,215,93,39,141,1,112,187,208,66,164,45,117,23,215,43,86,147,191,126,49,110,78,20,139,201,150,99,30,12,69,89,208,63	0,2,0.8065,2,27;5,5,0.7785,0,128;0,5,0.5225,0,142;5,4,0.3225,0,255;2,4,0.1795,0,105;5,3,0.7805,0,18
ood_compose_epi-00355	8	2	1	69,8,40,188,66,110,175,47,113,188,78,90,171,104,12,147,134,93,206,39,150,58,177,191,137,141,21,54,157,165,129,30,16,87,119,183	7,2,0.1455,0,211;5,5,0.1175,2,195;5,0,0.4455,0,246;5,5,0.5475,0,177;7,4,0.2375,2,250;8,4,0.3785,0,31
ood_compose_epi-00356	10	0	2	61,204,145,13,19,138,82,155,45,188,40,9,54,180,208,101,78,194,154,21,141,88,108,33,199,119,151,67,93,71,126,113,35,161,131,163	8,3,0.6305,0,110;8,1,0.0985,0,202;5,3,0.6675,2,111;5,0,0.1885,0,4;4,2,0.3595,2,161;5,1,0.4075,0,227
ood_compose_epi-00357	10	2	2	151,203,196,106,13,125,140,190,141,203,75,168,192,7,68,21,93,185,46,35,115,102,30,59,134,44,169,117,86,147,166,17,89,70,210,54	6,3,0.2475,0,196;5,1,0.9805,1,51;5,1,0.8655,1,140;2,4,0.3675,0,14;5,0,0.7055,0,0;4,4,0.9045,0,73
ood_compose_epi-00358	0	3	1	197,1,100,148,190,193,70,91,181,163,93,167,44,52,117,198,21,144,116,59,186,11,174,28,68,76,37,83,46,126,133,20,168,150,109,138	0,1,0.9285,0,22;3,3,0.8235,1,49;3,1,0.8355,1,125;3,1,0.7975,0,103;3,3,0.9615,0,244;5,3,0.5525,3,246
ood_compose_epi-00359	1	1	1	157,117,68,69,34,198,21,111,51,164,45,182,204,146,162,12,113,87,99,143,139,153,8,27,203,17,43,183,123,93,150,134,186,60,88,80	7,2,0.2765,0,109;2,0,0.7875,0,128;2,2,0.9285,0,24;7,5,0.1605,0,161;2,5,0.3995,0,112;2,4,0.6945,2,146
ood_compose_epi-00360	10	1	0	149,67,120,196,20,182,9,53,124,110,146,88,44,21,209,81,45,138,161,183,132,93,13,99,208,193,157,205,33,83,114,69,63,167,35,141	8,3,0.8725,0,99;8,1,0.9155,0,84;4,5,0.7835,0,229;8,1,0.1245,0,0;2,4,0.5465,3,245;3,2,0.5245,0,66
ood_compose_epi-00361	10	2	2	117,91,161,168,115,93,196,101,11,214,135,125,186,27,45,141,147,43,35,178,84,61,51,23,151,111,69,64,139,177,173,74,183,20,5,154	4,1,0.8135,2,65;2,1,0.7025,0,120;2,3,0.1775,0,107;1,2,0.7585,0,174;4,5,0.7775,0,42;4,5,0.7735,0,85
ood_compose_epi-00362	6	0	1	208,93,109,182,45,4,208,65,190,139,73,62,35,28,18,153,56,117,92,11,41,192,130,176,126,145,86,150,100,69,215,211,162,141,24,112	3,1,0.5155,3,136;3,1,0.2295,0,199;7,4,0.2325,0,103;0,4,0.9715,0,173;3,3,0.0755,0,18;5,0,0.6665,0,189
ood_compose_epi-00363	1	0	1	190,75,105,34,197,69,203,130,45,109,197,117,21,58,193,42,114,196,3,123,13,57,91,202,94,33,180,64,141,137,82,20,155,150,196,145	2,3,0.8665,0,122;8,0,0.4465,0,26;8,0,0.0675,0,31;2,0,0.7885,1,163;8,3,0.5025,0,13;2,0,0.2105,0,3
ood_compose_epi-00364	10	2	2	103,189,191,67,21,196,45,20,37,117,112,141,12,31,166,93,83,1,69,175,204,44,135,210,140,151,50,147,90,81,193,206,129,108,60,169	0,2,0.9735,0,2;6,3,0.8455,0,1;1,2,0.7895,0,200;8,1,0.4235,0,31;6,2,0.1625,0,230;8,5,0.9855,0,113
ood_compose_epi-00365	5	0	0	145,93,69,174,192,106,135,152,15,91,59,45,116,84,180,103,44,127,26,21,137,177,149,68,79,117,16,141,1,205,202,55,174,199,37,211	0,5,0.1595,0,52;1,3,0.8185,0,27;6,1,0.9855,0,158;6,2,0.7855,0,134;6,0,0.9805,0,233;6,5,0.2015,0,229
ood_compose_epi-00366	1	3	1	45,124,153,85,188,131,25,116,4,16,215,67,38,75,44,51,106,100,207,185,59,199,137,152,69,150,193,167,195,117,141,93,90,148,21,14	3,4,0.1755,0,234;0,4,0.9865,0,188;2,1,0.7965,0,2;2,3,0.4295,0,245;3,0,0.9865,0,107;3,1,0.2465,0,156
ood_compose_epi-00367	4	1	0	203,161,176,212,188,114,136,211,149,92,117,177,21,100,56,18,9,135,40,166,60,36,69,166,209,128,14,76,109,143,45,146,66,32,93,82	8,4,0.4835,0,164;7,2,0.0755,0,31;7,2,0.4925,0,8;3,0,0.9945,0,167;3,3,0.4365,0,158;7,5,0.1295,2,41
ood_compose_epi-00368	7	0	0	113,169,70,215,19,45,189,191,67,186,13,144,52,200,166,26,117,59,96,87,88,3,203,177,21,98,128,149,78,134,42,139,145,39,203,110	2,3,0.7545,0,212;1,5,0.5835,0,138;3,1,0.6035,1,222;5,5,0.0375,3,217;1,4,0.3665,0,211;7,4,0.6875,3,139
ood_compose_epi-00369	1	2	1	171,61,165,75,53,83,110,117,125,115,183,7,147,88,168,167,133,15,150,96,45,27,69,101,175,214,38,64,43,196,19,154,23,180,144,139	6,5,0.7355,2,11;2,4,0.6885,0,213;4,3,0.0415,0,225;2,1,0.1805,3,67;4,4,0.7145,0,86;4,3,0.7975,3,10
ood_compose_epi-00370	7	2	0	45,90,37,77,66,51,153,204,134,109,98,172,209,161,83,26,93,149,212,43,21,63,172,5,72,113,212,147,137,117,125,141,189,13,160,17	4,3,0.2535,0,106;1,3,0.6955,0,172;2,5,0.4095,3,182;4,1,0.4805,0,33;1,3,0.2505,0,165;4,4,0.2035,0,183
ood_compose_epi-00371	7	0	1	117,200,27,69,161,93,12,21,142,88,86,139,145,2,58,152,171,44,39,159,18,78,179,107,97,64,162,167,115,211,51,123,213,130,47,150	1,2,0.4285,0,149;2,5,0.8105,2,157;2,0,0.0795,0,232;5,4,0.0325,0,184;0,1,0.6205,0,232;2,0,0.7325,1,156
ood_compose_epi-00372	9	3	0	149,148,140,160,55,117,141,88,18,64,113,9,193,105,186,28,128,75,174,209,205,173,45,177,36,165,134,85,93,109,155,23,69,62,12,43	8,2,0.5285,2,212;3,2,0.7345,0,148;6,4,0.0835,0,215;2,3,0.0585,0,33;8,3,0.2895,0,21;7,4,0.8785,0,36
ood_compose_epi-00373	1	1	0	99,79,51,10,156,205,132,138,123,184,193,157,93,87,69,7,201,146,21,171,117,45,27,41,208,60,176,16,108,149,141,88,65,113,37,166	6,0,0.1655,0,248;2,3,0.2515,0,147;2,2,0.2225,0,59;6,5,0.1385,0,191;2,2,0.3635,0,158;2,2,0.5845,0,163
ood_compose_epi-00374	0	3	1	76,108,142,168,53,69,39,191,162,182,17,132,65,27,93,58,148,11,180,84,45,117,157,178,112,100,150,170,181,158,41,4,90,140,127,21	3,1,0.3565,0,161;2,5,0.3395,0,15;4,0,0.3285,0,87;3,2,0.4345,0,194;3,2,0.0155,0,109;6,2,0.8175,1,237
ood_compose_epi-00375	1	1	1	80,146,69,91,16,121,153,25,86,99,60,40,49,196,45,180,39,21,186,141,114,117,13,180,66,109,4,150,183,195,137,130,160,93,160,183	3,3,0.1905,0,35;0,5,0.0745,0,168;0,2,0.4495,0,53;7,4,0.7775,0,184;2,3,0.4465,0,254;0,0,0.3795,0,76
ood_compose_epi-00376	6	1	1	3,117,164,69,49,187,138,45,150,13,208,23,134,16,101,84,61,116,156,142,110,178,93,146,170,161,121,39,41,201,90,80,197,189,66,32	2,3,0.1675,2,38;7,5,0.2625,0,181;0,3,0.5655,0,218;7,2,0.5695,0,178;4,4,0.9795,0,175;0,4,0.5805,1,8
ood_compose_epi-00377	10	0	1	206,70,117,153,83,145,203,45,140,93,9,111,57,23,150,202,141,193,66,97,129,81,10,116,91,134,157,203,58,44,198,33,204,39,152,18	8,0,0.4055,2,231;8,5,0.8185,0,37;8,0,0.5435,1,70;8,1,0.6435,0,90;0,5,0.8215,0,60;8,4,0.8215,0,107
ood_compose_epi-00378	10	1	1	125,12,76,19,69,139,202,215,93,54,117,206,34,186,134,204,106,9,158,29,89,191,85,67,150,116,21,146,141,215,100,209,61,180,42,48	8,2,0.6585,0,84;4,0,0.4565,3,91;5,3,0.7625,0,197;3,3,0.3395,0,185;3,0,0.8735,0,229;4,4,0.6195,0,62
ood_compose_epi-00379	9	2	0	8,179,149,186,147,173,34,30,194,116,21,209,93,128,117,80,104,92,110,204,44,189,68,13,183,86,138,134,51,63,45,19,72,141,162,200	7,3,0.7545,0,40;5,0,0.9415,0,202;2,5,0.8035,3,226;7,4,0.8585,0,217;7,4,0.9435,0,119;7,4,0.4105,0,115
ood_compose_epi-00380	5	0	2	165,152,145,168,28,117,160,58,80,173,127,141,45,140,181,212,154,92,113,177,35,135,5,18,151,110,69,66,44,94,100,82,169,54,21,11	4,1,0.5445,0,247;3,1,0.9205,0,159;5,0,0.5795,0,201;7,0,0.8805,1,7;3,4,0.2915,0,207;6,5,0.8685,0,219
ood_compose_epi-00381	0	3	1	6,93,107,208,140,154,87,150,15,157,148,30,122,45,178,44,61,176,100,52,130,117,144,16,91,21,189,34,207,113,69,204,193,170,68,78	5,5,0.0035,0,184;5,0,0.9625,0,77;3,3,0.9255,0,40;5,5,0.6315,0,92;3,1,0.2255,0,180;1,0,0.8285,3,2
ood_compose_epi-00382	6	1	1	110,140,150,121,146,163,27,115,155,59,21,4,52,93,17,169,170,130,88,66,160,175,12,76,45,72,101,178,83,36,195,40,117,177,141,207	3,2,0.3485,0,241;2,2,0.0145,0,11;3,1,0.5965,3,175;3,1,0.1145,0,15;4,4,0.7675,0,37;0,0,0.8325,0,40
ood_compose_epi-00383	9	0	2	17,151,214,92,193,21,133,138,177,2,36,42,117,111,84,77,112,61,103,185,198,145,143,45,56,69,158,125,66,160,95,26,194,169,166,15	1,5,0.3155,0,128;1,2,0.4765,0,178;7,3,0.5715,0,16;4,2,0.9155,2,110;6,5,0.0875,0,175;4,3,0.5715,2,162
ood_compose_epi-00384	3	0	0	185,138,72,22,100,12,55,91,121,36,16,68,46,107,41,205,141,149,211,117,28,114,176,200,202,192,4,171,145,183,86,132,201,76,93,58	3,2,0.1225,1,218;3,2,0.3335,1,117;6,0,0.9705,3,94;3,4,0.6765,0,220;3,1,0.5345,0,232;0,2,0.5125,0,176
ood_compose_epi-00385	8	1	2	204,126,194,69,158,151,82,93,56,21,30,91,102,117,66,139,34,172,133,215,141,153,11,195,186,146,16,47,78,116,201,41,106,61,153,6	5,1,0.1615,0,88;5,0,0.3545,2,102;7,3,0.4575,0,249;5,0,0.6685,0,228;5,0,0.8105,0,171;5,3,0.6375,0,10
ood_compose_epi-00386	2	3	2	198,142,213,12,191,100,160,90,117,151,164,65,23,32,179,16,148,176,195,194,42,135,94,75,107,136,162,6,113,123,50,69,36,46,59,87	5,2,0.0175,2,24;7,2,0.4415,1,176;1,1,0.2405,0,73;2,5,0.5235,1,23;3,1,0.2555,0,35;2,5,0.0505,1,238
ood_compose_epi-00387	1	3	0	154,69,153,149,134,197,84,140,101,60,93,212,112,51,169,178,67,39,148,29,43,121,160,169,107,172,74,18,191,142,45,23,15,7,117,89	6,5,0.4695,2,36;4,5,0.7685,0,97;2,2,0.7845,0,158;1,2,0.2845,0,114;4,1,0.1975,0,67;0,4,0.8985,1,152
ood_compose_epi-00388	8	1	2	46,195,114,28,74,184,63,93,215,151,172,171,21,67,146,14,208,130,137,91,54,170,99,69,164,16,2,84,155,188,126,117,108,39,141,41	1,4,0.0905,0,152;3,5,0.2585,1,104;5,5,0.6005,0,16;1,2,0.7905,0,92;2,2,0.4505,0,248;5,0,0.3875,0,77
ood_compose_epi-00389	6	1	0	159,73,190,45,82,90,146,1,128,166,190,153,176,69,141,192,15,110,61,149,18,117,21,52,93,212,133,25,65,156,103,112,34,44,139,157	0,5,0.4545,0,31;0,0,0.9545,0,231;3,3,0.3315,0,178;0,0,0.4345,0,42;6,4,0.0345,0,243;7,3,0.6315,0,207
ood_compose_epi-00390	7	3	1	82,153,98,206,201,41,150,157,69,157,132,148,15,65,23,7,122,30,73,113,141,16,119,191,155,93,60,158,214,137,107,35,88,45,199,50	6,5,0.1425,2,200;5,1,0.3945,0,41;1,2,0.3055,0,5;0,0,0.0365,0,88;1,1,0.3185,2,184;1,2,0.2355,0,69
ood_compose_epi-00391	9	1	0	52,8,88,176,36,20,193,95,45,139,158,146,128,169,62,141,107,191,14,21,130,213,83,80,149,43,104,68,166,180,156,69,114,117,32,173	7,4,0.9715,0,106;7,2,0.7605,0,61;3,4,0.8625,0,153;7,1,0.1725,2,226;7,1,0.5735,0,78;7,0,0.6315,0,106
ood_compose_epi-00392	3	0	0	141,167,69,149,29,117,153,145,88,19,111,114,14,98,172,138,76,43,165,83,4,172,169,66,134,214,215,52,171,125,62,37,21,96,160,46	3,4,0.7365,0,106;4,3,0.6205,1,83;3,4,0.5085,0,9;3,1,0.0845,3,253;1,5,0.5655,0,32;4,4,0.4345,0,133
ood_compose_epi-00393	4	1	0	174,118,76,66,156,20,212,88,193,149,179,44,45,134,186,186,141,59,139,146,93,128,39,12,193,28,49,86,21,211,69,2,100,109,112,203	1,2,0.8715,0,183;3,5,0.8375,0,166;0,1,0.5505,0,132;3,4,0.1175,0,110;3,3,0.0015,1,254;7,4,0.7585,0,216
ood_compose_epi-00394	5	2	1	115,22,117,98,87,67,72,12,201,60,139,170,17,170,79,46,183,150,147,110,51,135,184,212,31,93,198,92,162,127,203,188,7,141,44,35	6,2,0.2085,1,122;6,1,0.8255,1,226;2,2,0.6675,3,31;6,5,0.8865,0,88;1,4,0.6505,0,153;6,5,0.7525,0,117
ood_compose_epi-00395	4	1	0	197,37,154,117,127,21,114,182,130,208,200,74,52,43,84,149,28,189,9,45,69,93,106,18,13,103,143,92,139,64,180,61,208,146,178,154	8,3,0.4455,0,49;3,3,0.6555,0,163;3,3,0.1595,0,13;1,2,0.8085,0,25;6,0,0.4625,0,132;6,0,0.6345,2,114
ood_compose_epi-00396	6	3	1	37,4,190,179,141,189,180,97,41,82,60,53,196,21,125,114,69,14,148,137,172,160,45,76,93,28,150,132,194,66,117,188,90,111,205,18	3,4,0.5345,0,56;3,3,0.3785,0,102;4,2,0.4975,0,157;3,0,0.4065,0,214;0,5,0.5375,0,27;4,2,0.3985,0,253
ood_compose_epi-00397	0	3	0	59,134,212,69,21,117,208,4,90,108,13,16,52,104,149,141,114,76,43,125,93,164,65,162,196,166,87,139,39,47,200,148,166,28,178,167	3,3,0.0065,0,188;3,5,0.7455,2,121;3,1,0.2745,0,136;3,5,0.4675,0,171;7,2,0.4435,0,141;4,4,0.6365,0,146
ood_compose_epi-00398	10	0	1	69,178,45,192,135,21,117,172,89,137,204,163,93,107,122,35,145,162,170,66,77,12,105,29,157,112,86,141,53,178,17,60,150,3,194,41	2,2,0.2925,0,56;4,1,0.3885,0,130;4,2,0.5715,0,141;4,4,0.2505,0,94;8,1,0.0045,0,182;1,5,0.3995,0,178
ood_compose_epi-00399	9	0	0	67,168,80,167,21,34,86,132,149,60,179,93,189,51,116,172,30,203,139,11,45,44,69,117,187,126,207,145,20,104,108,2,90,156,197,141	1,1,0.8255,0,220;5,0,0.9405,0,2;2,2,0.7045,0,166;7,4,0.4175,0,72;7,2,0.9435,0,119;5,2,0.7655,0,208
ood_compose_epi-00400	1	1	1	87,44,92,207,4,110,182,72,60,155,93,12,115,152,37,165,141,50,117,146,128,196,192,25,105,139,202,189,16,45,132,180,75,21,150,66	3,2,0.1495,0,236;0,3,0.8095,0,12;1,2,0.4185,3,223;2,5,0.9545,0,212;8,4,0.6905,0,205;7,2,0.6225,0,227
ood_compose_epi-00401	9	3	0	20,106,138,186,178,128,75,184,21,209,93,148,115,89,85,149,45,34,134,143,60,15,117,172,209,42,176,71,98,67,51,29,8,182,161,169	7,5,0.9085,0,84;4,0,0.4005,0,34;2,2,0.7995,2,5;2,3,0.3375,0,18;1,0,0.7765,0,40;7,4,0.4725,2,66
ood_compose_epi-00402	10	0	1	45,91,173,175,192,25,115,3,141,44,135,110,145,14,87,117,105,212,20,69,57,184,150,128,21,139,67,63,212,170,78,203,158,39,93,201	2,4,0.9155,0,113;0,5,0.9845,0,154;8,5,0.7055,0,13;5,5,0.7855,0,14;8,4,0.7275,0,113;7,5,0.7885,0,113
ood_compose_epi-00403	2	0	1	145,59,108,187,4,181,34,195,32,157,21,43,51,131,141,192,112,66,75,150,89,83,122,99,160,137,11,204,93,19,213,159,176,48,117,69	3,1,0.7605,0,174;7,0,0.7645,3,229;2,1,0.4195,0,11;2,1,0.3925,0,90;2,2,0.1425,0,116;1,1,0.3505,0,155
ood_compose_epi-00404	1	1	1	159,163,141,157,63,107,3,40,45,215,133,103,175,176,68,93,80,115,167,117,53,150,36,91,199,82,195,21,69,176,32,146,123,16,140,10	2,0,0.1945,0,181;7,2,0.0915,0,72;4,5,0.9715,0,34;7,0,0.7675,0,212;6,1,0.7905,0,241;2,3,0.9795,0,122
ood_compose_epi-00405	1	3	1	21,188,86,205,193,196,212,148,16,199,154,112,61,67,150,46,143,117,51,79,127,44,28,210,7,36,138,131,108,167,14,103,69,212,91,93	6,4,0.1045,0,82;3,2,0.9935,1,122;2,3,0.6125,0,107;6,4,0.7835,0,133;6,2,0.0335,0,107;6,1,0.4155,2,119
ood_compose_epi-00406	6	0	0	211,61,184,40,36,141,176,145,27,140,1,111,24,203,10,153,73,85,178,45,208,113,184,69,97,93,121,214,49,117,18,90,130,192,149,68	0,0,0.5445,3,13;2,2,0.1955,0,228;0,3,0.8305,0,209;0,3,0.4555,0,46;0,5,0.2575,0,164;0,0,0.8045,0,67
ood_compose_epi-00407	1	3	2	92,127,186,63,45,99,200,76,113,141,64,117,156,93,148,205,137,190,41,194,151,206,110,131,37,83,8,69,21,12,27,168,54,215,16,190	7,2,0.1785,0,93;2,3,0.3305,0,46;5,5,0.1815,0,67;3,1,0.8355,0,39;2,4,0.3875,0,198;6,1,0.2585,0,68
ood_compose_epi-00408	10	3	2	181,180,36,115,117,16,121,153,69,93,195,53,86,88,66,21,5,138,62,210,155,29,148,110,135,166,73,203,101,43,141,45,151,15,177,176	4,5,0.1395,0,131;4,2,0.7365,0,100;4,4,0.5035,0,180;0,4,0.0655,0,238;4,4,0.6135,0,229;0,5,0.5285,0,17
ood_compose_epi-00409	6	2	1	6,17,210,69,147,46,114,37,153,93,65,87,40,56,152,111,141,21,162,14,205,26,201,137,97,122,117,193,179,75,150,89,62,192,185,130	5,4,0.2785,0,247;1,3,0.0955,1,161;7,4,0.3895,0,202;2,5,0.2135,0,145;0,5,0.5805,0,113;1,0,0.3345,0,24
ood_compose_epi-00410	9	2	2	140,153,86,128,21,156,80,12,153,102,147,214,54,62,16,93,40,115,173,45,132,107,188,72,151,8,141,66,119,39,177,196,30,182,197,92	7,2,0.1695,0,28;5,5,0.0855,0,145;5,4,0.4355,3,5;7,4,0.9985,0,179;5,1,0.7285,2,237;7,2,0.8135,0,226
ood_compose_epi-00411	10	2	1	81,18,96,43,166,60,101,5,35,10,197,69,179,183,29,113,150,21,158,130,139,45,143,168,158,125,185,66,110,83,90,196,147,57,160,117	4,0,0.5305,0,225;4,1,0.6255,0,50;8,2,0.5125,0,195;8,1,0.5115,3,99;4,4,0.2605,0,0;4,0,0.7865,2,160
ood_compose_epi-00412	6	3	0	16,47,67,37,21,27,183,123,160,137,158,152,97,141,49,165,14,42,110,210,130,209,154,148,73,93,1,153,117,149,90,69,113,196,87,60	0,4,0.1665,0,119;2,3,0.4315,2,218;0,2,0.7845,0,120;0,5,0.5275,0,28;0,4,0.2325,0,126;2,0,0.3165,0,191
ood_compose_epi-00413	6	2	1	154,160,16,133,108,14,184,104,68,118,150,141,186,167,73,182,48,90,174,58,6,41,54,176,168,36,115,122,147,86,181,69,137,32,93,21	5,4,0.0925,0,129;7,2,0.3515,3,27;5,0,0.9575,0,103;0,4,0.4485,0,42;7,2,0.6105,1,53;1,3,0.2605,0,99
ood_compose_epi-00414	4	1	0	49,45,141,93,124,30,187,64,196,109,146,117,154,149,99,90,167,38,40,69,74,191,4,61,82,138,201,10,113,192,132,160,21,191,20,160	3,0,0.9705,0,217;5,4,0.1685,0,34;0,3,0.1255,0,152;1,0,0.4055,0,95;2,3,0.3575,0,45;3,2,0.4525,0,128
ood_compose_epi-00415	9	2	0	37,126,161,21,152,95,87,18,116,172,157,164,69,92,45,67,12,99,147,149,181,26,50,180,177,130,141,107,44,179,172,137,63,8,117,81	7,2,0.5345,0,231;1,3,0.8565,0,85;1,5,0.7305,0,238;8,5,0.8395,2,85;2,1,0.9445,0,91;5,0,0.2865,0,53
ood_compose_epi-00416	9	2	1	196,104,187,69,126,90,210,45,171,209,39,147,117,60,66,192,150,108,49,80,166,21,139,32,168,18,141,208,15,95,8,115,83,172,134,41	7,5,0.5115,0,114;7,5,0.3595,0,138;0,2,0.5925,0,66;7,1,0.4445,2,17;7,2,0.6185,0,27;5,4,0.7665,0,76
ood_compose_epi-00417	8	0	2	68,161,59,187,162,51,190,99,69,151,12,93,209,153,126,168,75,135,109,211,45,3,34,87,138,179,141,22,145,117,113,20,197,41,27,88	2,2,0.8735,1,164;2,0,0.2455,0,97;2,1,0.8785,0,156;2,5,0.0295,0,232;2,3,0.2585,0,47;5,5,0.5145,0,83
ood_compose_epi-00418	1	3	0	73,3,44,21,34,104,111,154,14,90,168,82,200,174,135,148,137,25,170,55,212,149,60,69,196,113,153,199,117,161,121,67,141,93,18,45	2,4,0.5485,0,72;0,0,0.9285,0,143;6,2,0.6275,0,154;0,0,0.5345,0,109;7,5,0.3995,0,200;0,5,0.2035,0,216
ood_compose_epi-00419	2	0	2	45,117,159,42,130,162,8,166,69,141,21,167,91,65,177,107,145,156,52,10,98,151,20,79,30,122,115,36,83,154,59,96,197,184,139,207	7,0,0.9925,0,15;5,2,0.4025,0,218;3,1,0.2835,0,68;6,1,0.7295,3,194;1,1,0.7345,0,187;1,0,0.6095,0,195
ood_compose_epi-00420	1	0	0	60,99,69,117,3,89,116,149,123,178,85,141,42,93,36,158,25,195,20,140,52,207,47,185,13,161,145,173,179,65,75,171,203,131,24,106	2,3,0.9115,3,126;0,2,0.4685,2,46;3,2,0.3915,0,55;2,3,0.2055,0,254;2,0,0.9365,0,155;2,1,0.8395,0,157
ood_compose_epi-00421	10	2	0	135,142,27,3,200,62,201,91,53,24,161,147,82,113,105,35,68,117,123,77,155,178,41,210,14,149,93,194,106,17,69,174,160,136,45,210	2,4,0.3195,3,167;2,1,0.2405,0,227;4,4,0.9415,0,187;4,0,0.7015,0,199;8,0,0.3855,0,55;2,5,0.1785,1,55
ood_compose_epi-00422	7	1	1	59,69,157,21,106,55,36,188,140,150,115,92,192,101,41,84,117,141,45,146,215,64,157,15,199,178,96,3,26,19,122,74,203,195,202,133	2,5,0.6735,0,238;1,2,0.3975,0,15;6,1,0.1605,0,193;1,2,0.8235,3,189;4,0,0.6585,0,40;1,3,0.9405,0,91
ood_compose_epi-00423	10	2	0	147,137,59,11,168,215,77,161,149,53,180,194,141,9,101,65,95,33,165,115,117,188,108,44,45,89,17,175,133,21,179,184,37,69,125,84	8,1,0.3015,0,181;8,3,0.9885,0,69;4,1,0.2225,0,163;4,2,0.3475,2,219;4,2,0.7095,0,164;4,3,0.2595,0,105
ood_compose_epi-00424	7	3	2	101,44,115,181,92,64,16,195,137,93,23,211,128,151,14,213,135,148,4,117,106,199,172,61,36,45,87,203,74,141,50,173,214,72,26,184	3,4,0.0955,2,95;1,2,0.9585,0,229;1,3,0.1715,3,154;1,5,0.8975,0,125;4,0,0.6535,0,177;7,5,0.3205,0,219
ood_compose_epi-00425	1	2	0	45,93,187,209,21,27,63,75,212,215,85,43,37,92,15,136,200,189,210,149,147,168,1,107,64,196,117,99,54,141,17,126,115,203,133,70	0,5,0.3615,0,118;2,3,0.6075,0,121;5,5,0.0395,1,214;2,3,0.9075,0,96;2,1,0.7135,0,42;5,3,0.1815,0,31
ood_compose_epi-00426	2	0	0	169,42,136,162,143,82,21,160,162,108,194,90,28,76,215,69,35,61,15,52,127,184,99,215,149,115,145,45,1,130,17,64,118,162,93,161	0,5,0.2905,0,254;3,1,0.4835,0,218;3,3,0.0375,0,239;3,0,0.4135,0,135;2,2,0.6075,1,176;6,0,0.0115,2,231
ood_compose_epi-00427	1	0	0	145,19,171,101,166,42,21,178,91,75,45,140,12,174,161,123,166,34,93,65,63,201,149,117,9,181,135,49,69,32,87,178,109,201,141,115	8,2,0.6325,0,253;7,0,0.5915,0,79;0,5,0.3875,0,129;2,5,0.7575,0,50;4,3,0.7995,0,105;2,5,0.9075,0,192
ood_compose_epi-00428	6	3	1	89,131,200,69,150,111,117,128,159,38,15,206,6,93,25,200,78,17,159,186,164,49,44,105,142,140,45,155,115,83,181,189,148,63,67,23	5,5,0.3135,2,142;0,4,0.9305,0,223;0,5,0.6995,0,108;5,1,0.3255,0,226;8,5,0.6665,0,15;7,1,0.8035,1,135
ood_compose_epi-00429	1	1	0	146,172,117,93,86,160,69,45,180,154,30,60,153,3,198,140,144,21,100,107,91,35,175,51,14,75,172,149,116,186,42,17,133,128,184,64	2,4,0.2825,0,178;5,1,0.5785,0,127;2,2,0.1215,0,63;2,4,0.7445,0,246;3,1,0.9745,0,12;7,3,0.8585,3,0
ood_compose_epi-00430	9	3	0	213,117,69,81,39,133,88,137,149,109,173,112,15,6,168,148,123,32,209,45,44,198,63,17,170,141,214,104,87,67,178,155,93,201,21,50	5,5,0.2165,0,231;7,5,0.8605,0,204;1,5,0.6695,0,201;8,5,0.0805,0,252;7,3,0.0105,0,64;2,3,0.3635,0,254
ood_compose_epi-00431	1	1	1	77,94,89,182,141,44,164,131,200,3,161,34,59,19,50,154,113,146,181,14,152,122,47,137,157,70,21,98,174,108,64,117,183,26,82,150	2,4,0.6985,0,91;1,0,0.8125,2,41;1,1,0.1085,1,187;4,0,0.2685,1,253;1,2,0.3085,0,199;1,1,0.2415,0,186
ood_compose_epi-00432	9	3	1	87,111,209,180,28,117,17,208,80,148,127,42,150,138,135,45,185,38,13,153,162,65,4,93,104,152,141,63,51,113,91,70,179,160,177,21	3,3,0.2915,0,156;3,4,0.4925,0,154;2,5,0.2955,1,134;7,5,0.6355,0,212;7,5,0.2715,0,185;6,5,0.5825,0,166
ood_compose_epi-00433	1	2	2	37,175,188,23,139,178,75,41,3,51,147,209,129,67,11,17,90,110,151,45,93,134,117,164,113,99,27,155,141,196,69,209,182,62,181,86	2,1,0.3985,2,195;2,3,0.2825,0,148;2,4,0.6745,0,96;2,4,0.5975,0,18;2,4,0.3255,0,247;8,4,0.7365,0,234
ood_compose_epi-00434	2	2	0	99,79,67,45,147,165,141,156,149,93,215,123,41,140,113,202,83,21,189,69,130,34,26,16,2,168,163,60,10,119,158,107,205,201,90,50	1,0,0.0055,0,130;1,0,0.3205,0,66;1,2,0.7955,0,93;6,1,0.5565,0,223;2,1,0.3955,2,117;2,0,0.9495,0,219
ood_compose_epi-00435	1	0	1	20,211,14,69,28,60,145,21,187,141,82,140,90,123,65,161,187,150,170,39,9,43,51,47,173,75,215,108,117,193,94,114,100,164,133,203	8,4,0.9055,0,80;3,5,0.7485,2,152;2,2,0.2735,0,114;2,0,0.5875,1,244;3,2,0.5475,0,27;2,3,0.8295,0,29
ood_compose_epi-00436	10	2	0	72,174,193,114,21,105,147,106,29,95,118,149,123,141,58,45,215,192,56,157,137,83,14,6,44,175,152,75,89,170,159,38,66,134,206,16	5,4,0.0725,0,98;4,4,0.9075,0,230;7,0,0.5975,3,86;2,1,0.2535,2,114;8,0,0.5385,1,178;2,4,0.2325,0,49
ood_compose_epi-00437	3	0	2	110,205,42,176,37,52,181,166,69,136,88,145,201,117,112,154,83,93,167,27,185,202,3,20,21,123,45,144,97,76,66,11,61,134,183,151	2,1,0.8485,0,168;2,3,0.4815,0,247;3,3,0.5585,0,3;3,1,0.0525,0,23;0,4,0.0415,0,141;2,4,0.1285,3,234
ood_compose_epi-00438	9	3	1	162,23,44,166,172,117,27,141,69,62,56,132,150,175,73,210,93,208,19,191,138,198,83,215,90,37,169,148,108,45,68,113,125,10,104,8	7,0,0.6335,2,62;2,3,0.8475,0,107;7,4,0.9075,0,255;0,1,0.4145,0,208;7,2,0.3335,0,156;4,2,0.5025,0,187
ood_compose_epi-00439	0	3	1	100,45,119,209,75,153,148,150,34,94,124,111,202,141,21,138,69,20,181,3,190,63,41,195,52,184,135,178,85,114,92,190,66,13,28,156	2,3,0.9545,0,212;3,0,0.3095,0,81;3,5,0.5265,0,64;2,3,0.8785,1,49;3,5,0.5665,2,49;3,5,0.4905,0,115
ood_compose_epi-00440	1	0	0	69,149,21,145,139,61,67,212,117,51,206,14,39,212,129,76,86,190,112,203,109,155,211,174,100,186,7,93,40,45,27,130,143,152,89,20	6,4,0.9945,0,18;2,5,0.1565,0,181;2,3,0.6805,0,40;3,4,0.2575,0,112;3,3,0.1945,0,145;8,0,0.7215,2,175
ood_compose_epi-00441	0	3	1	129,68,15,91,148,169,28,176,54,211,58,45,71,136,178,135,117,39,21,163,150,153,87,93,199,141,184,100,177,20,76,42,200,7,106,113	6,5,0.9595,0,15;3,5,0.5825,0,144;5,0,0.8665,2,86;3,5,0.7845,0,97;3,0,0.3555,0,97;8,5,0.0825,0,82
ood_compose_epi-00442	4	1	1	141,104,204,88,181,26,173,109,172,36,3,116,70,80,124,52,40,138,180,146,45,13,210,18,21,160,194,150,62,134,200,87,66,93,208,117	2,3,0.4695,0,234;1,2,0.1225,0,89;3,4,0.4385,1,148;7,5,0.1015,0,34;7,3,0.8945,0,192;3,4,0.5585,0,162
ood_compose_epi-00443	6	0	2	138,20,90,25,109,152,155,187,152,151,42,65,5,117,160,77,145,184,85,52,72,135,116,101,121,60,21,183,93,11,197,38,192,141,45,179	4,1,0.9075,0,96;0,4,0.5195,0,221;3,2,0.3555,3,1;4,3,0.5895,0,29;4,3,0.9455,0,250;0,5,0.4575,0,41
ood_compose_epi-00444	9	2	0	111,204,149,45,69,112,60,41,95,87,187,200,15,214,179,132,147,125,8,141,172,20,140,66,75,215,39,21,117,169,88,157,167,105,56,32	7,5,0.9725,0,124;7,5,0.2305,0,21;7,2,0.5115,0,40;2,5,0.0895,2,199;8,5,0.1455,0,155;4,2,0.8675,0,64
ood_compose_epi-00445	5	3	1	155,22,210,148,63,193,8,83,26,51,208,74,45,16,140,112,64,141,211,93,69,40,162,168,150,100,88,190,14,110,155,127,34,135,161,117	7,4,0.0865,1,10;1,0,0.0545,0,190;2,5,0.1625,0,240;1,1,0.0815,0,184;3,4,0.0815,0,139;6,5,0.8305,0,149
ood_compose_epi-00446	1	3	2	141,90,148,161,212,73,173,36,82,117,151,23,123,93,134,44,1,107,140,69,187,65,63,45,114,10,49,176,192,201,100,152,17,182,33,153	0,0,0.2875,2,230;8,2,0.9505,0,246;0,5,0.3285,0,213;0,0,0.5995,0,83;3,1,0.5955,0,99;2,4,0.8685,0,98
ood_compose_epi-00447	6	2	1	68,206,29,139,163,39,113,91,188,122,93,69,53,15,134,156,147,41,189,117,45,203,22,196,150,203,143,206,166,85,9,73,60,101,110,18	8,5,0.5615,1,54;4,5,0.3765,0,79;4,2,0.9795,0,225;0,3,0.6515,0,107;4,4,0.2065,0,107;1,4,0.6925,2,250
ood_compose_epi-00448	2	2	0	90,13,34,180,25,143,122,175,66,194,147,41,45,149,1,60,21,16,137,57,193,194,93,155,177,82,78,182,181,107,114,69,206,131,117,98	0,3,0.0965,0,124;0,0,0.3375,0,5;8,2,0.4535,0,49;5,0,0.4625,0,181;1,1,0.5175,0,225;1,1,0.3535,2,169
ood_compose_epi-00449	10	2	2	207,2,94,63,184,43,91,29,112,53,140,204,130,21,45,195,155,69,19,12,193,125,117,177,83,169,196,101,37,66,73,141,151,192,147,109	1,2,0.6345,0,67;4,3,0.6735,0,191;4,5,0.4715,0,83;0,1,0.7125,1,158;4,3,0.0155,0,242;4,0,0.9835,0,69
ood_compose_epi-00450	6	3	2	45,124,155,189,117,131,21,11,191,212,109,196,215,151,43,139,141,172,68,116,38,207,76,93,49,84,61,1,97,20,207,69,158,148,27,89	0,1,0.8795,0,109;2,4,0.6845,0,205;0,3,0.8745,0,26;3,2,0.2895,0,11;0,3,0.8225,0,197;3,1,0.6315,0,249
ood_compose_epi-00451	1	3	0	21,170,202,107,191,36,165,40,69,87,97,133,68,172,195,156,121,12,206,149,45,88,112,137,25,7,148,93,61,51,119,183,162,18,141,74	6,2,0.4375,0,235;0,2,0.1035,0,154;2,3,0.8965,0,125;1,5,0.0435,0,78;0,1,0.1995,2,205;0,3,0.3215,0,248
ood_compose_epi-00452	2	0	2	133,153,141,145,73,209,198,104,151,61,83,159,67,21,207,117,114,45,123,174,16,169,41,69,170,36,12,32,91,52,136,159,184,2,108,93	1,2,0.0095,0,231;7,2,0.2365,0,87;3,3,0.6325,0,112;0,1,0.7925,0,156;7,2,0.5815,0,153;2,3,0.0155,0,144
ood_compose_epi-00453	5	0	1	110,157,39,116,47,207,174,155,187,141,54,134,126,176,150,21,63,93,117,145,182,92,1,12,184,18,42,162,64,69,100,137,33,203,79,87	0,2,0.5265,0,134;8,5,0.4205,2,156;5,5,0.1325,0,241;6,5,0.8495,0,84;3,4,0.8035,0,15;5,4,0.3195,0,154
ood_compose_epi-00454	9	0	0	46,117,30,37,99,52,128,107,115,94,133,157,92,168,141,4,149,166,155,76,201,58,11,181,83,215,180,207,140,145,65,18,41,21,157,69	3,1,0.5155,0,132;5,3,0.2375,1,218;3,0,0.2545,0,250;3,1,0.9985,1,79;2,1,0.6105,0,114;7,3,0.8525,0,48
ood_compose_epi-00455	2	1	0	64,117,44,200,180,21,130,149,138,198,97,18,208,113,146,4,176,34,122,55,85,93,88,69,110,45,177,60,11,141,177,186,175,29,78,193	3,1,0.4485,0,69;4,0,0.8925,0,192;6,2,0.0595,0,198;5,3,0.0195,0,93;0,4,0.3095,0,224;1,0,0.5745,0,36
ood_compose_epi-00456	2	3	1	208,18,134,128,108,148,213,206,55,44,81,21,117,156,34,68,159,92,186,45,194,137,11,141,159,150,4,83,179,104,93,212,60,32,112,69	3,1,0.4005,0,191;7,0,0.9815,0,225;6,2,0.9565,0,118;8,1,0.9005,0,44;7,2,0.0455,0,87;7,4,0.2985,0,36
ood_compose_epi-00457	4	1	0	100,175,117,5,88,93,159,154,135,125,140,29,194,84,40,107,11,146,115,69,175,45,77,149,66,143,23,166,57,16,38,63,191,170,215,209	4,1,0.0795,2,116;4,4,0.0185,0,212;8,5,0.5045,0,205;4,2,0.1005,0,122;3,1,0.7755,0,208;4,5,0.8645,2,115
ood_compose_epi-00458	7	3	0	13,100,45,49,178,148,69,192,41,141,153,180,117,206,208,108,20,2,93,28,21,188,78,186,39,82,112,92,163,199,66,134,62,126,140,149	1,3,0.9855,0,145;3,5,0.2395,0,155;0,4,0.5615,0,197;5,0,0.8405,0,139;3,2,0.1165,0,67;5,4,0.9585,0,126
ood_compose_epi-00459	1	1	1	160,173,119,163,125,18,209,61,27,66,183,93,10,195,186,130,150,21,43,91,141,77,69,51,86,48,5,212,101,35,171,139,115,146,158,109	4,0,0.5315,0,76;2,1,0.7005,3,133;2,3,0.5825,0,244;4,4,0.6385,0,72;4,3,0.6295,2,144;4,0,0.7465,0,129
ood_compose_epi-00460	1	1	2	74,39,48,90,64,141,50,43,151,117,22,213,61,5,174,109,116,99,140,146,170,11,215,179,127,20,26,72,156,85,94,186,209,202,191,131	4,1,0.8055,1,96;1,5,0.6185,3,130;1,3,0.0245,3,171;1,3,0.4455,1,66;2,3,0.8325,0,46;6,1,0.9295,0,109
ood_compose_epi-00461	4	1	2	75,159,35,142,28,146,213,52,84,4,16,65,113,174,159,151,119,162,107,130,214,45,12,88,42,63,70,155,100,138,164,169,156,21,124,93	3,2,0.1435,0,85;3,1,0.4315,0,58;3,5,0.3175,1,127;2,2,0.0615,0,128;3,1,0.3985,2,71;3,0,0.5475,1,247
ood_compose_epi-00462	1	3	1	92,3,51,114,117,150,13,193,95,195,200,60,133,85,107,27,124,204,148,45,186,165,21,183,213,44,136,212,69,67,201,77,19,36,99,141	2,3,0.7735,0,141;2,2,0.8285,0,168;2,2,0.6745,0,115;4,3,0.8645,2,52;2,1,0.4755,0,94;3,3,0.1425,0,154
ood_compose_epi-00463	1	0	1	10,139,178,156,127,16,106,3,182,162,76,150,93,160,199,27,173,23,88,37,171,143,99,69,67,145,134,117,116,155,59,185,86,41,45,51	2,0,0.1595,2,152;2,3,0.3025,0,216;2,1,0.6825,0,183;3,4,0.0155,0,102;2,0,0.8525,0,104;6,4,0.6245,2,196
ood_compose_epi-00464	8	2	0	141,206,77,203,123,117,20,61,171,89,54,147,45,199,138,205,66,132,93,39,11,102,41,21,198,110,164,113,163,69,6,214,149,25,188,85	5,1,0.8965,0,212;0,5,0.3925,0,132;5,3,0.5875,0,159;4,3,0.3315,0,50;5,4,0.3065,0,42;2,2,0.5235,0,201
ood_compose_epi-00465	10	2	1	127,21,93,196,79,131,33,119,204,160,69,190,35,165,42,137,147,13,111,17,197,9,85,150,88,112,45,214,206,196,66,187,105,58,49,141	8,3,0.3175,0,109;8,1,0.4345,0,69;0,0,0.5395,0,36;6,3,0.0095,0,40;8,5,0.0135,2,238;6,1,0.2365,0,14
ood_compose_epi-00466	5	1	2	151,199,20,82,30,173,42,51,203,134,77,178,138,125,115,15,108,89,97,21,146,194,202,179,69,174,117,45,7,93,184,144,60,184,68,39	6,5,0.8325,0,96;5,5,0.5745,0,41;2,2,0.9315,0,123;4,0,0.2775,0,29;0,2,0.7165,0,220;4,4,0.4675,3,162
ood_compose_epi-00467	10	1	2	46,90,129,21,50,117,69,98,209,178,141,13,114,204,20,181,205,107,137,40,31,68,151,78,169,86,162,166,133,59,38,165,94,146,9,184	8,3,0.8775,0,47;6,4,0.1695,1,93;1,1,0.9995,0,246;5,4,0.4445,1,246;1,1,0.4155,0,85;8,3,0.2165,0,61
ood_compose_epi-00468	10	0	0	101,41,193,45,69,139,171,149,203,141,86,52,163,26,129,108,172,67,202,192,115,176,135,93,36,81,194,12,21,205,145,61,117,1,91,20	0,2,0.8885,0,98;1,2,0.2515,0,237;3,3,0.6095,0,16;8,4,0.7085,0,205;4,2,0.7805,0,227;8,5,0.7635,0,52
ood_compose_epi-00469	10	0	0	212,45,109,93,149,69,60,196,168,83,132,140,49,168,37,42,14,66,33,178,18,162,141,191,145,129,117,21,99,9,172,81,205,115,162,89	8,4,0.4765,0,109;8,3,0.4965,0,168;0,2,0.5925,0,98;8,1,0.3295,0,252;2,3,0.7315,0,189;8,2,0.8425,0,46
ood_compose_epi-00470	10	1	0	155,167,149,93,9,157,86,65,164,198,139,44,125,156,181,192,51,135,103,24,29,89,165,46,109,35,13,141,69,63,215,77,117,112,146,16	8,3,0.0955,3,86;4,1,0.8005,1,99;2,5,0.3225,0,171;4,4,0.2405,0,252;6,3,0.0255,0,109;4,5,0.6405,0,139
ood_compose_epi-00471	6	0	2	97,175,212,45,69,173,137,115,193,141,39,111,165,171,60,21,164,131,65,94,40,145,200,17,82,88,4,56,151,11,201,76,197,25,117,124	3,1,0.3555,0,34;0,5,0.0585,0,183;7,2,0.2795,0,111;3,0,0.0645,1,24;0,5,0.6335,0,164;3,1,0.2425,0,184
ood_compose_epi-00472	10	1	0	60,14,141,98,160,38,57,68,116,214,42,195,93,199,90,17,5,213,106,159,198,21,129,146,132,149,31,181,211,140,70,87,77,117,203,48	4,4,0.3625,0,24;6,4,0.4105,3,14;8,2,0.9495,1,127;4,5,0.5325,0,17;1,0,0.8375,0,119;8,2,0.9575,0,69
ood_compose_epi-00473	7	1	2	16,185,108,62,129,159,26,133,151,176,117,15,166,190,207,24,116,77,45,141,98,208,206,9,85,160,66,70,50,44,146,88,190,93,137,39	8,5,0.1635,3,176;1,5,0.9005,0,93;1,4,0.5505,1,52;4,3,0.0515,0,2;1,2,0.9005,0,144;8,3,0.3935,0,243
ood_compose_epi-00474	10	2	1	44,21,177,202,117,85,33,132,137,179,104,62,160,9,147,96,114,19,90,141,77,150,110,72,125,55,154,13,212,152,48,36,199,65,203,164	8,3,0.7015,0,23;8,2,0.8255,3,203;6,4,0.3115,3,78;4,3,0.4245,3,144;7,4,0.5415,0,68;4,2,0.3835,0,195
ood_compose_epi-00475	1	2	2	3,117,71,79,87,161,106,48,21,93,176,91,63,201,147,39,199,123,196,11,115,173,99,166,44,66,135,137,214,157,151,20,26,208,141,51	2,1,0.9865,0,39;1,5,0.9925,3,171;2,5,0.5405,2,41;6,5,0.7775,0,76;2,0,0.7525,0,26;2,5,0.3825,0,238
ood_compose_epi-00476	1	0	1	177,127,215,58,4,16,45,150,81,99,167,158,133,93,109,208,70,90,34,144,215,145,13,114,64,138,210,29,42,117,82,184,155,55,210,21	3,3,0.1925,0,98;4,0,0.4715,0,201;6,0,0.0925,1,44;8,0,0.5365,0,78;2,3,0.4445,0,60;6,3,0.5015,3,231
ood_compose_epi-00477	1	3	1	16,205,48,50,162,115,132,160,189,148,92,41,207,123,84,103,117,162,13,111,150,26,140,74,65,196,69,169,189,39,3,59,21,93,141,183	2,3,0.0585,0,73;1,5,0.3835,3,125;1,1,0.3305,0,48;1,2,0.8995,0,132;6,5,0.7945,0,100;2,2,0.8365,0,190
ood_compose_epi-00478	6	2	1	205,58,75,141,147,70,115,21,184,169,98,25,135,190,88,93,107,117,153,39,51,87,123,150,41,45,137,201,14,20,211,190,64,1,204,211	0,4,0.8465,0,90;0,5,0.3395,0,233;2,0,0.1685,1,18;2,5,0.0595,0,209;1,1,0.7565,0,164;2,5,0.2585,0,2
ood_compose_epi-00479	6	0	1	63,156,83,49,190,1,206,178,37,145,100,43,117,14,134,172,121,93,108,150,187,114,45,66,69,160,200,137,141,88,20,74,21,186,184,33	0,4,0.9265,0,61;8,3,0.6895,0,133;0,5,0.4725,0,235;1,1,0.0415,0,75;3,2,0.5425,0,217;0,4,0.3305,0,180
ood_compose_epi-00480	9	3	1	150,168,194,17,177,148,117,132,181,87,4,67,190,109,156,45,128,21,89,32,100,71,93,55,141,173,209,113,14,209,36,60,201,80,137,44	3,4,0.2465,0,169;7,2,0.9655,0,236;6,2,0.7795,2,8;7,5,0.2295,0,42;3,3,0.3445,0,112;7,2,0.3065,0,180
ood_compose_epi-00481	3	0	0	108,80,85,145,13,153,164,195,70,38,19,205,206,28,149,100,141,3,51,171,124,93,140,58,212,207,65,190,117,45,133,40,165,21,89,116	2,3,0.6365,0,60;3,4,0.1855,0,40;2,0,0.2375,1,144;7,3,0.3375,0,74;3,2,0.9265,0,214;3,3,0.9975,0,8
ood_compose_epi-00482	3	0	0	124,69,115,28,140,99,145,42,19,168,178,135,88,149,83,21,67,109,45,157,80,56,161,205,13,213,206,36,3,141,95,62,175,174,190,118	2,3,0.6815,0,124;3,2,0.4935,0,14;7,4,0.6945,0,103;7,1,0.1275,2,44;2,3,0.6395,1,4;3,5,0.9275,0,156
ood_compose_epi-00483	1	1	1	174,64,69,3,206,150,18,188,141,161,21,202,42,88,86,134,58,45,105,137,27,208,165,36,168,13,93,51,117,162,76,162,113,146,106,123	2,3,0.4205,0,218;2,2,0.4395,0,159;2,0,0.1625,0,34;3,4,0.1085,0,67;8,0,0.2345,0,197;2,4,0.2885,0,125
ood_compose_epi-00484	1	2	1	48,123,147,161,21,184,156,170,75,30,150,10,131,176,102,109,90,34,181,63,40,162,69,20,191,6,51,93,82,117,67,112,143,215,207,136	5,0,0.8035,0,200;5,0,0.1165,3,214;2,5,0.7965,0,229;2,0,0.4455,0,141;5,3,0.1605,0,166;2,1,0.0005,2,202
ood_compose_epi-00485	10	0	0	58,94,141,74,21,40,69,184,27,122,18,152,91,13,139,117,56,66,145,9,101,200,178,134,160,149,116,84,37,45,154,164,111,198,174,183	8,3,0.5835,0,141;2,3,0.1585,0,157;7,0,0.5575,0,171;1,2,0.6845,1,190;4,5,0.9115,0,66;1,4,0.6545,0,255
ood_compose_epi-00486	5	2	2	21,32,183,135,185,153,153,147,59,174,15,75,45,141,200,16,89,38,109,172,159,200,69,66,127,40,8,137,56,151,101,93,115,86,210,120	7,5,0.0425,0,171;7,4,0.0305,0,21;7,1,0.4095,0,156;2,4,0.3865,0,46;4,3,0.6105,3,115;6,5,0.2045,0,107
ood_compose_epi-00487	6	2	1	200,181,11,150,87,155,164,165,117,147,1,114,58,210,107,93,68,35,123,45,40,73,139,130,89,208,97,141,21,50,18,204,69,193,33,209	0,1,0.4115,0,65;8,1,0.1185,0,49;1,0,0.8035,0,65;0,5,0.3675,0,248;0,1,0.4585,0,233;2,0,0.6835,0,209
ood_compose_epi-00488	9	3	2	89,151,28,117,134,8,209,17,95,123,187,114,98,192,200,143,44,69,56,148,161,204,60,176,136,38,80,45,108,190,15,184,21,167,66,82	7,5,0.2515,0,60;3,4,0.8185,0,200;7,2,0.5155,0,122;7,0,0.2075,2,233;1,2,0.5015,0,92;2,4,0.1305,2,240
ood_compose_epi-00489	4	1	2	190,181,85,126,69,130,170,108,201,45,21,67,136,105,187,116,57,33,89,204,4,203,14,196,141,93,187,59,18,151,146,120,76,37,169,42	3,4,0.5015,0,138;8,3,0.5535,0,61;8,1,0.6505,0,183;3,3,0.3795,0,23;8,2,0.9955,3,216;5,0,0.1295,0,97
ood_compose_epi-00490	10	2	2	151,186,160,137,179,50,35,82,166,77,147,184,68,21,133,30,99,11,88,129,190,188,69,106,198,93,199,5,62,45,18,116,43,117,141,171	4,1,0.5155,0,64;5,1,0.7935,0,43;1,4,0.9285,0,224;4,0,0.1585,0,199;2,0,0.8325,0,225;8,3,0.2015,0,142
ood_compose_epi-00491	2	1	2	138,76,151,174,141,106,91,131,17,117,114,153,193,93,167,196,52,127,182,69,14,45,161,179,146,65,44,36,204,60,29,103,21,152,83,9	8,4,0.3565,0,18;4,2,0.8955,0,39;3,2,0.3255,0,12;3,1,0.6355,0,96;6,0,0.5105,0,43;6,1,0.5145,0,173
ood_compose_epi-00492	10	2	0	54,200,215,125,82,149,18,164,105,141,69,133,139,35,108,93,81,191,21,33,201,40,67,162,118,13,58,45,215,115,88,192,147,197,5,215	4,3,0.4545,0,122;8,1,0.0965,0,122;5,0,0.7505,0,8;8,0,0.1235,0,59;8,2,0.7005,1,185;4,3,0.7655,0,15
ood_compose_epi-00493	1	2	2	141,200,93,20,87,109,63,147,151,166,55,160,45,131,201,137,36,117,21,203,99,15,183,68,69,126,75,89,168,44,160,184,27,113,197,2	1,5,0.8835,0,44;2,2,0.8385,0,190;6,5,0.8405,0,241;2,5,0.2045,0,247;2,3,0.2525,0,162;5,1,0.2055,0,54
ood_compose_epi-00494	6	3	1	13,32,132,1,59,165,110,84,156,180,158,190,148,150,44,158,97,52,76,177,18,141,117,69,137,45,199,191,128,65,115,215,21,93,90,34	0,3,0.5875,0,175;7,0,0.9915,0,85;3,1,0.2515,0,121;3,2,0.5765,0,250;0,4,0.6415,0,114;7,2,0.3375,0,170
ood_compose_epi-00495	10	2	2	12,189,176,159,163,45,147,141,67,33,208,24,125,167,57,151,138,201,42,185,6,90,61,69,108,74,85,20,37,130,113,102,117,96,215,153	5,2,0.8785,3,161;8,3,0.5675,0,55;8,3,0.7165,0,210;1,3,0.4895,3,53;5,2,0.3375,0,9;4,0,0.5755,0,141
ood_compose_epi-00496	1	1	1	21,69,211,89,117,146,123,189,45,99,139,176,75,116,109,185,35,42,144,170,26,64,131,152,175,150,185,83,51,15,95,59,204,162,18,3	2,5,0.5365,0,139;1,1,0.4925,0,57;2,1,0.1945,0,153;2,1,0.2865,2,152;2,3,0.9675,0,234;2,1,0.7065,3,190
ood_compose_epi-00497	1	2	1	141,6,197,27,45,213,64,17,58,99,199,96,92,77,137,196,201,147,51,189,163,43,118,110,69,185,131,21,37,150,115,211,10,121,193,85	5,0,0.2135,0,174;2,3,0.6425,0,228;2,0,0.1655,0,190;4,3,0.8355,3,190;2,4,0.7495,1,247;0,1,0.3745,0,132
ood_compose_epi-00498	9	1	1	45,61,110,192,157,43,96,174,129,69,146,104,85,192,81,89,39,68,26,150,21,175,191,134,116,57,166,17,13,174,215,117,175,8,141,140	7,3,0.3095,0,37;1,5,0.7595,0,19;8,3,0.8675,0,120;8,3,0.3595,3,34;7,4,0.8195,0,11;8,4,0.8965,0,232
ood_compose_epi-00499	4	1	1	170,15,91,138,155,44,63,141,9,79,150,72,152,146,162,66,169,20,100,93,204,55,209,117,38,28,209,45,21,107,113,215,184,134,127,86	8,5,0.8395,0,223;3,4,0.8105,0,194;6,5,0.5045,3,25;6,4,0.7205,0,166;3,1,0.2485,0,79;6,4,0.5685,0,92
ood_compose_epi-00500	7	1	1	215,213,129,25,146,112,99,15,21,215,137,69,176,68,84,20,37,41,107,60,57,211,160,150,117,175,183,133,141,45,93,89,173,193,73,2	1,5,0.8935,0,165;0,3,0.3785,0,171;8,2,0.9655,0,65;0,2,0.2705,0,44;2,1,0.1425,0,206;8,3,0.2805,0,201
ood_compose_epi-00501	7	3	2	66,85,115,36,93,117,81,194,111,169,192,98,69,178,195,135,41,151,137,198,24,164,141,11,89,48,148,3,29,195,16,178,51,162,60,122	2,1,0.0805,3,111;4,2,0.3735,3,16;2,2,0.4495,0,205;8,3,0.3325,0,220;1,5,0.6815,0,206;1,5,0.3705,0,189
ood_compose_epi-00502	2	1	2	107,176,42,197,45,190,67,212,141,126,28,117,69,146,163,96,77,114,91,39,193,180,177,18,54,21,86,58,1,200,196,132,12,137,151,102	0,2,0.4205,0,27;3,5,0.5495,0,205;5,0,0.7935,0,46;4,4,0.6685,3,122;5,1,0.4965,0,151;5,2,0.3175,0,227
ood_compose_epi-00503	5	1	0	87,89,69,161,45,21,44,16,146,11,127,67,141,201,194,93,149,205,61,98,55,75,164,168,196,109,26,195,112,36,139,117,135,185,3,190	2,1,0.0785,0,123;1,2,0.9975,0,9;6,3,0.6495,0,55;2,5,0.2485,0,84;1,3,0.0415,0,32;6,5,0.7895,0,94
ood_compose_epi-00504	10	2	2	126,130,11,19,141,151,61,87,194,118,187,43,111,195,116,29,90,34,147,204,69,65,21,55,93,169,188,97,208,156,212,5,201,140,45,77	4,1,0.6555,0,98;4,0,0.7465,0,29;6,3,0.3265,0,180;4,5,0.4255,0,177;0,5,0.8465,1,171;5,0,0.8705,0,219
ood_compose_epi-00505	2	1	0	58,28,93,174,45,113,8,146,166,77,106,117,213,21,181,134,84,181,141,39,11,18,149,69,165,125,41,176,137,171,171,90,52,101,65,162	7,1,0.4825,0,196;3,5,0.2465,0,242;3,0,0.2945,0,107;4,2,0.4485,0,149;4,0,0.3125,0,65;4,4,0.3285,0,132
ood_compose_epi-00506	10	0	2	108,6,189,213,54,118,81,151,190,181,93,92,20,163,183,136,37,59,21,85,187,15,145,113,156,126,41,152,142,104,134,45,65,69,197,31	5,5,0.8695,0,232;6,3,0.2045,0,105;5,1,0.2805,0,220;8,3,0.9515,0,19;7,2,0.2995,1,229;5,4,0.0795,1,203
ood_compose_epi-00507	5	0	0	60,66,38,13,213,16,119,199,21,160,131,91,149,145,116,44,27,87,174,198,79,55,106,167,93,196,126,212,183,202,5,141,136,69,46,99	4,3,0.1895,0,115;2,4,0.8345,1,189;6,2,0.5225,0,214;6,5,0.7415,0,162;2,0,0.9585,2,242;5,1,0.1455,0,83
ood_compose_epi-00508	8	2	1	137,134,74,93,15,191,21,182,153,201,141,157,92,212,156,45,116,210,20,31,200,43,110,150,59,71,84,126,68,37,51,6,117,168,147,102	5,5,0.9555,0,244;6,3,0.7855,0,112;2,1,0.9105,2,202;1,2,0.8205,0,86;5,4,0.8985,0,76;5,4,0.3575,0,96
ood_compose_epi-00509	9	0	1	201,96,157,141,69,31,171,14,117,21,54,163,135,145,61,45,195,116,150,104,18,208,192,125,92,39,137,153,76,109,86,8,42,183,64,170	7,4,0.4275,0,217;6,5,0.4725,0,13;5,3,0.0595,0,142;3,4,0.9725,3,253;7,3,0.8925,0,152;4,5,0.2435,0,152
ood_compose_epi-00510	1	1	0	95,42,173,152,75,208,138,198,167,131,104,177,21,34,62,45,199,149,83,205,52,106,65,213,141,3,69,201,20,13,114,27,120,146,123,90	2,3,0.9815,0,238;2,0,0.5875,0,238;3,4,0.2795,0,241;2,1,0.5355,2,95;7,0,0.5755,3,111;2,1,0.5485,0,150
ood_compose_epi-00511	10	0	2	151,158,110,16,69,185,201,12,67,33,206,134,158,92,24,185,145,124,136,45,165,93,60,117,185,185,141,76,56,43,101,82,38,4,114,161	3,2,0.1805,3,23;8,4,0.6705,0,215;7,2,0.6985,0,53;3,0,0.8085,0,139;4,4,0.4085,0,222;3,4,0.1825,0,192
ood_compose_epi-00512	5	1	1	78,146,187,21,117,141,163,10,31,150,206,188,196,17,103,163,136,189,54,123,69,45,82,90,64,166,109,157,208,61,95,41,132,114,39,3	2,0,0.2065,0,243;6,5,0.2155,0,82;5,3,0.0385,0,102;5,0,0.4295,2,4;6,3,0.5235,0,9;2,2,0.1125,0,17
ood_compose_epi-00513	1	0	2	169,65,117,75,188,18,105,185,192,214,86,21,109,59,141,93,34,31,213,199,131,116,12,45,183,3,91,151,126,69,161,159,42,57,136,145	2,2,0.4555,0,77;6,0,0.4315,0,48;8,1,0.3195,0,188;2,4,0.7425,0,132;8,3,0.9025,0,233;5,1,0.0015,0,133
ood_compose_epi-00514	1	3	0	45,166,113,75,148,183,139,141,87,99,198,197,20,133,176,56,117,42,157,128,27,212,93,108,3,169,88,69,21,149,14,68,188,61,37,161	2,4,0.8625,0,77;2,3,0.4625,0,66;7,3,0.8515,0,174;2,5,0.1935,0,142;2,2,0.3845,0,60;7,3,0.6265,0,33
ood_compose_epi-00515	10	3	2	77,174,69,114,62,25,158,139,125,93,21,82,201,44,198,56,17,35,5,178,154,151,141,48,119,67,90,190,104,15,191,162,134,206,111,148	4,5,0.3715,0,21;0,1,0.8465,3,5;7,4,0.6535,0,214;4,0,0.5185,0,126;7,5,0.5215,2,194;4,4,0.7905,0,198
ood_compose_epi-00516	1	3	2	61,148,72,138,40,89,141,96,170,210,3,13,126,57,115,200,177,151,21,19,119,87,99,187,177,110,182,30,130,157,168,45,195,65,36,75	2,3,0.7705,0,155;5,2,0.0555,0,222;8,3,0.3565,3,89;2,5,0.3585,3,218;2,4,0.7905,2,159;5,0,0.4735,0,241
ood_compose_epi-00517	1	2	0	108,174,19,39,174,86,176,214,149,147,42,132,93,157,172,88,73,45,117,206,3,165,197,61,51,156,21,69,141,27,137,66,98,112,122,11	2,1,0.7155,0,230;2,5,0.5135,0,193;2,3,0.4375,0,218;0,4,0.1005,0,90;1,2,0.1075,0,65;1,2,0.2855,0,135
ood_compose_epi-00518	6	2	1	6,141,156,185,72,208,121,133,209,20,21,10,167,118,193,25,83,63,93,97,140,108,73,42,161,158,163,188,91,150,45,49,37,114,147,67	5,0,0.8915,0,14;0,3,0.4405,0,176;0,5,0.7355,3,193;0,1,0.7025,0,164;0,2,0.5265,1,73;0,3,0.8865,0,140
ood_compose_epi-00519	1	1	2	117,174,168,212,129,201,75,131,27,58,21,197,99,1,93,113,45,151,54,43,197,146,15,138,36,65,141,166,90,195,212,69,111,16,191,83	0,5,0.1505,0,62;2,2,0.6555,0,11;5,0,0.3155,0,196;2,1,0.5285,0,117;2,5,0.3335,0,111;8,1,0.5365,0,110
ood_compose_epi-00520	1	2	0	1,38,113,188,90,147,203,93,157,69,12,21,17,45,165,111,214,75,66,141,181,149,131,117,138,33,123,54,176,83,215,182,43,58,208,105	0,2,0.3735,0,102;8,4,0.6785,0,12;5,0,0.4175,0,136;2,1,0.4625,0,123;8,5,0.3125,0,222;2,1,0.4715,0,225
ood_compose_epi-00521	2	3	0	171,54,24,43,173,120,90,129,93,68,200,133,199,141,166,76,58,183,172,148,7,82,30,114,208,12,107,149,102,18,137,48,195,201,69,35	6,2,0.5895,3,9;5,1,0.6555,3,232;5,0,0.8405,0,175;3,0,0.4425,0,132;5,1,0.4915,3,211;8,3,0.2925,0,245
ood_compose_epi-00522	7	1	2	21,110,18,92,59,52,169,156,192,172,84,39,67,200,2,187,165,146,41,169,112,69,25,78,142,194,14,133,94,175,140,117,47,102,151,124	1,4,0.4065,0,107;0,5,0.3415,2,151;3,1,0.6315,0,124;5,2,0.8515,1,133;5,4,0.1705,0,54;3,3,0.8195,1,247
ood_compose_epi-00523	1	3	0	41,63,69,45,26,136,65,170,120,149,36,134,160,183,115,18,3,185,204,122,195,98,55,215,166,10,203,87,191,75,95,90,148,21,141,109	2,0,0.4275,0,51;1,2,0.2995,0,108;6,5,0.3965,0,76;2,5,0.5535,2,84;1,3,0.6455,3,16;1,4,0.0715,0,26
ood_compose_epi-00524	8	1	0	89,54,18,163,185,63,215,130,21,149,93,212,34,69,42,178,172,192,153,124,30,6,107,45,86,117,115,100,143,146,15,167,153,64,139,76	5,5,0.4405,0,72;5,0,0.4715,0,116;5,5,0.0415,0,94;3,4,0.2645,0,158;3,1,0.7905,0,7;3,0,0.7185,2,183
ood_compose_epi-00525	3	0	2	213,90,63,117,124,135,57,211,28,193,34,151,16,141,83,166,106,112,166,190,139,64,12,172,160,153,1,45,21,44,93,145,105,76,69,186	0,2,0.0525,0,199;3,0,0.9385,0,36;8,5,0.1875,0,153;3,1,0.5305,0,18;8,0,0.1085,0,249;3,5,0.7665,0,139
ood_compose_epi-00526	6	0	1	135,166,44,205,16,69,38,145,92,199,1,93,196,137,161,141,65,30,121,45,167,150,21,191,109,119,103,13,187,115,76,158,82,49,62,189	0,3,0.1635,0,84;5,4,0.8215,0,162;0,4,0.3155,0,125;3,0,0.9575,0,38;6,3,0.7655,2,221;0,5,0.3935,0,43
ood_compose_epi-00527	10	3	0	65,96,148,40,175,91,98,45,108,24,117,116,135,37,209,190,9,28,141,69,83,58,188,208,11,155,129,16,177,171,185,149,57,139,76,199	8,1,0.0725,3,112;3,3,0.1655,0,43;8,0,0.2615,0,168;3,1,0.7715,3,162;1,2,0.9525,0,24;8,5,0.6205,0,172
ood_compose_epi-00528	10	2	1	21,13,131,147,73,112,139,68,213,91,44,162,167,166,144,179,106,95,172,150,60,39,166,9,85,198,103,209,117,69,121,47,183,17,57,25	8,3,0.2415,0,199;0,5,0.8305,2,125;8,2,0.8185,0,118;0,3,0.7185,2,247;6,0,0.1635,0,161;0,1,0.6235,3,190
ood_compose_epi-00529	2	2	0	82,93,34,147,112,40,149,68,125,185,79,32,70,159,14,5,90,45,186,21,183,157,108,200,158,138,17,53,172,182,141,198,101,130,59,117	4,4,0.3965,0,4;7,0,0.1465,0,26;4,1,0.9855,1,102;6,0,0.4055,0,158;4,2,0.1055,0,223;4,0,0.5715,0,176
ood_compose_epi-00530	8	1	2	2,188,98,10,178,67,18,44,90,146,82,93,37,117,168,70,172,30,162,159,78,191,142,135,45,138,50,116,106,21,151,123,158,173,154,59	1,0,0.5965,0,171;5,3,0.8775,0,250;1,1,0.6235,1,17;5,0,0.4015,0,26;1,0,0.8815,0,245;2,5,0.4815,1,28
ood_compose_epi-00531	1	3	2	69,42,183,27,156,14,115,135,123,65,201,117,136,111,81,148,183,141,99,179,63,93,193,82,45,91,21,151,55,205,35,18,154,179,198,9	8,4,0.5435,0,32;2,1,0.4415,0,213;6,5,0.2455,0,21;8,0,0.7595,0,104;2,5,0.6905,0,199;2,5,0.1935,0,49
ood_compose_epi-00532	7	3	1	17,12,117,91,182,93,21,150,191,69,100,68,205,148,160,110,121,74,48,170,57,155,37,137,195,2,177,40,181,132,141,59,33,112,198,85	1,2,0.2365,0,70;8,3,0.0065,3,12;8,1,0.8125,0,136;1,3,0.7265,0,222;3,4,0.1815,0,161;0,2,0.3265,0,212
ood_compose_epi-00533	5	2	0	101,16,192,79,71,32,158,24,84,109,1,58,12,95,149,127,197,45,65,54,89,117,140,161,175,165,147,135,215,40,170,212,141,162,114,37	0,2,0.1295,3,149;7,3,0.0245,0,132;5,0,0.2495,2,158;6,2,0.2375,2,252;4,3,0.5085,0,172;6,5,0.9725,0,230
ood_compose_epi-00534	7	1	1	56,64,132,153,16,93,189,1,199,112,74,69,21,122,59,193,25,39,146,106,158,117,141,82,41,193,46,183,89,200,150,10,185,138,180,100	0,0,0.1515,0,247;0,5,0.3325,1,30;7,1,0.0785,0,97;1,0,0.2255,0,146;3,0,0.1805,0,216;1,2,0.5455,0,94
ood_compose_epi-00535	1	3	2	41,86,45,13,166,3,34,25,79,109,93,143,58,99,17,179,92,49,181,148,21,151,164,211,117,69,126,212,176,160,152,170,134,114,64,137	2,3,0.2465,0,58;0,0,0.2045,0,163;0,0,0.1695,0,87;6,4,0.9615,0,152;2,3,0.5265,0,61;5,4,0.3325,2,253
ood_compose_epi-00536	5	3	1	85,103,148,13,175,20,214,35,111,193,181,45,94,165,42,138,65,62,79,23,157,150,141,117,26,135,57,3,125,114,192,92,158,173,71,171	2,3,0.9995,2,32;1,1,0.4865,0,86;8,4,0.3905,2,239;6,3,0.9875,1,90;6,5,0.4325,0,134;4,5,0.4235,0,92
ood_compose_epi-00537	10	3	0	138,178,13,19,5,40,74,28,204,148,204,45,142,190,113,65,209,149,84,98,159,61,108,117,152,133,125,207,37,69,53,93,202,176,88,21	4,3,0.7915,0,51;3,3,0.1235,0,173;4,3,0.2345,0,11;1,2,0.0425,0,196;1,2,0.2235,0,65;4,3,0.4465,1,146
ood_compose_epi-00538	6	3	2	199,157,117,165,159,8,46,162,78,121,152,115,151,69,153,66,93,209,30,134,43,198,15,111,88,49,16,148,61,141,85,97,136,39,21,179	7,5,0.1245,0,138;5,5,0.7305,1,157;0,3,0.5835,0,79;5,3,0.0665,0,249;0,5,0.7105,0,243;0,4,0.0515,0,20
ood_compose_epi-00539	1	3	0	100,34,40,129,190,197,75,93,199,209,27,171,189,149,113,84,148,90,196,67,134,51,3,45,107,58,187,14,141,157,138,21,117,20,190,69	2,4,0.9895,0,3;2,0,0.1875,0,220;2,0,0.6695,0,31;2,2,0.5735,0,78;3,1,0.2585,0,224;8,4,0.5025,0,221
ood_compose_epi-00540	8	2	1	111,181,152,170,32,6,183,187,20,120,37,143,174,93,104,161,21,58,169,112,55,208,88,139,150,10,87,147,64,48,132,69,199,44,80,126	5,0,0.9325,0,138;7,3,0.9265,3,100;6,0,0.1885,0,141;7,5,0.0565,0,62;7,5,0.1075,3,102;5,2,0.6745,2,44
ood_compose_epi-00541	1	0	0	191,192,8,104,51,92,117,17,129,32,138,161,61,93,10,198,141,165,66,131,45,145,149,177,34,75,109,69,166,198,82,42,163,24,185,114	7,0,0.2455,3,162;7,0,0.4455,0,35;2,3,0.5225,0,155;2,0,0.8875,0,224;7,3,0.4555,0,1;8,1,0.4625,0,61
ood_compose_epi-00542	1	0	1	194,67,145,51,78,117,19,140,150,192,176,35,62,141,87,11,110,171,28,113,102,2,41,91,24,93,133,165,158,48,158,69,169,175,211,123	1,1,0.7965,3,196;3,1,0.2115,3,120;2,4,0.7315,0,247;5,5,0.7415,0,191;5,4,0.3155,0,58;2,3,0.9945,0,74
ood_compose_epi-00543	10	3	1	201,168,117,19,141,153,113,165,196,105,83,139,167,134,45,148,194,210,150,57,6,68,81,173,30,22,61,111,185,124,69,90,15,43,93,38	5,5,0.6345,1,5;5,4,0.6785,0,99;8,3,0.8275,0,20;8,1,0.5415,0,231;8,5,0.2425,0,199;3,4,0.7605,0,237
ood_compose_epi-00544	2	1	2	154,199,60,118,151,183,64,18,44,4,93,172,213,131,176,49,37,138,70,141,123,115,47,21,152,146,190,212,173,99,90,107,76,82,25,11	3,1,0.5185,0,233;0,3,0.9915,2,97;0,2,0.1575,1,241;3,0,0.4855,0,176;2,1,0.7655,1,81;2,1,0.4055,0,89
ood_compose_epi-00545	10	2	2	116,137,40,53,173,62,36,45,93,165,165,68,169,74,82,180,151,19,21,11,9,130,91,25,161,147,69,110,170,183,144,117,99,211,171,125	8,1,0.6025,0,70;0,2,0.0735,0,81;4,4,0.9065,0,106;1,0,0.7015,0,39;2,4,0.8785,0,210;4,0,0.3165,3,233
ood_compose_epi-00546	8	1	0	69,146,196,35,203,149,48,113,132,67,181,207,90,11,108,139,208,126,214,42,78,141,82,21,158,6,26,93,54,60,20,117,189,211,155,102	5,1,0.8085,0,161;1,1,0.5995,3,22;5,2,0.6935,0,91;5,0,0.5995,0,182;5,2,0.2035,0,51;5,2,0.7175,0,50
ood_compose_epi-00547	1	1	2	211,118,213,91,202,141,21,44,151,96,161,191,17,190,82,185,59,54,115,135,127,68,70,111,27,146,181,139,45,157,102,81,13,4,156,37	3,3,0.2315,0,181;2,3,0.8455,0,109;5,1,0.8725,1,131;8,0,0.6625,3,54;5,5,0.7885,1,94;6,5,0.7175,0,167
ood_compose_epi-00548	8	3	1	164,45,183,117,9,148,30,192,138,51,162,192,90,112,100,150,74,21,12,17,195,212,130,123,93,69,84,43,107,158,169,142,66,58,38,183	8,2,0.2445,0,142;5,4,0.7915,0,117;2,0,0.4265,0,137;1,2,0.5185,0,178;3,1,0.1425,0,59;2,0,0.4845,1,43
ood_compose_epi-00549	10	3	2	41,162,157,154,21,81,165,148,130,151,30,105,200,85,60,13,207,69,65,188,9,161,116,107,139,194,18,203,51,141,117,90,45,93,126,37	8,3,0.4405,0,137;5,3,0.2605,0,92;2,2,0.2825,0,46;8,3,0.5555,0,226;8,1,0.8785,0,24;5,0,0.6735,0,58
ood_compose_epi-00550	9	2	1	208,82,68,202,215,90,170,134,21,106,215,141,150,137,53,32,186,15,69,39,62,195,1,45,115,102,94,121,117,188,147,16,74,166,42,173	0,5,0.1325,0,239;7,5,0.4035,0,235;4,4,0.9115,0,38;1,0,0.4285,1,208;5,0,0.7685,0,127;0,4,0.2955,0,62
ood_compose_epi-00551	1	2	0	203,195,21,20,61,113,215,154,78,158,157,213,93,162,119,44,102,66,51,37,141,84,179,26,123,69,45,138,147,153,14,108,149,90,6,130	5,4,0.8385,0,176;1,3,0.8995,0,41;2,3,0.4025,0,117;5,2,0.4645,0,121;5,2,0.3705,2,122;2,0,0.5445,0,91
ood_compose_epi-00552	10	0	0	101,149,205,14,215,106,145,141,17,41,112,215,168,193,21,34,136,63,83,68,179,127,53,5,93,183,117,81,45,28,69,191,89,133,203,215	4,4,0.2335,0,19;3,0,0.3065,0,150;4,5,0.9635,0,161;8,1,0.2975,0,18;4,0,0.0465,0,121;6,3,0.0355,0,140
ood_compose_epi-00553	7	2	0	113,135,98,31,189,203,18,141,198,138,42,64,213,173,55,117,184,149,196,21,38,69,14,46,189,94,88,154,122,82,7,108,147,81,63,213	6,4,0.4545,0,25;6,4,0.4565,1,79;6,5,0.0975,0,189;8,0,0.0925,1,9;1,2,0.3145,0,160;1,5,0.5625,0,52
ood_compose_epi-00554	10	2	1	150,32,110,178,48,81,195,42,193,16,147,10,169,128,194,84,101,137,198,66,132,91,195,36,21,93,50,3,158,113,117,141,69,200,191,58	2,0,0.0185,0,134;7,2,0.4205,3,207;1,0,0.5125,0,168;8,2,0.6635,0,186;4,4,0.2075,0,244;7,2,0.3665,0,212
ood_compose_epi-00555	9	3	2	143,37,57,160,31,67,41,135,69,200,123,58,92,117,165,8,148,151,183,11,182,180,80,167,82,139,108,208,98,114,215,162,45,94,21,19	7,1,0.7185,0,211;6,3,0.2665,0,99;8,0,0.7005,0,153;7,0,0.8425,1,241;1,2,0.5615,0,55;2,5,0.6525,2,217
ood_compose_epi-00556	6	3	2	91,6,97,212,141,13,73,137,205,17,155,132,211,49,122,120,171,61,22,45,42,69,83,153,156,68,34,115,25,93,110,151,179,153,194,148	5,3,0.2305,1,201;0,0,0.4205,0,166;0,3,0.8985,0,224;0,1,0.6605,0,37;0,4,0.6205,3,27;1,2,0.3265,0,242
ood_compose_epi-00557	10	3	2	215,44,114,36,135,29,61,64,5,117,12,138,191,166,148,101,141,125,75,151,160,70,91,165,57,205,207,16,180,45,110,202,83,93,169,24	4,2,0.0135,3,70;4,2,0.9755,0,196;8,3,0.1885,1,163;2,1,0.6735,0,19;4,4,0.5965,0,42;4,5,0.4755,0,59
ood_compose_epi-00558	10	3	1	88,51,37,101,203,211,61,142,198,86,48,204,9,117,153,131,93,194,124,137,116,73,21,65,188,168,11,69,150,27,109,40,174,148,198,18	8,1,0.4475,0,190;2,3,0.1225,3,86;2,3,0.2105,0,36;0,4,0.0845,0,166;4,3,0.8735,0,181;3,1,0.3425,1,77
ood_compose_epi-00559	1	1	0	91,189,110,85,169,5,14,158,208,52,20,138,130,75,185,188,103,123,117,65,35,93,69,62,191,149,141,43,48,146,155,114,32,21,181,197	4,4,0.8185,0,50;7,1,0.6205,3,99;3,4,0.2325,0,241;2,3,0.7845,0,178;6,4,0.5875,0,165;2,0,0.4825,0,20
ood_compose_epi-00560	5	0	0	66,52,71,155,139,208,163,60,161,168,91,16,45,143,21,153,208,133,93,124,119,87,103,145,193,14,37,110,31,115,203,3,79,199,44,149	2,4,0.0335,0,50;6,3,0.9435,0,100;3,2,0.4845,2,215;6,5,0.6075,0,210;6,4,0.7305,2,52;3,3,0.7005,2,225
ood_compose_epi-00561	10	2	1	215,119,130,6,182,114,98,49,63,24,154,154,110,209,45,180,194,71,75,88,84,64,200,42,140,161,147,37,150,33,94,123,167,141,20,11	5,1,0.8225,3,34;8,3,0.5815,0,154;0,5,0.1255,2,107;2,2,0.0665,1,176;1,4,0.5955,2,212;2,0,0.8805,0,253
ood_compose_epi-00562	5	1	1	36,69,84,7,49,173,26,150,165,114,155,133,146,183,15,67,62,93,81,108,21,18,136,188,102,40,45,180,201,215,211,142,129,201,92,118	6,5,0.5865,0,38;1,2,0.0935,0,241;0,4,0.7105,0,125;8,2,0.8375,0,87;5,2,0.4025,1,139;8,3,0.0315,1,1
ood_compose_epi-00563	7	0	1	140,194,85,112,55,188,103,69,45,200,212,117,26,156,11,132,17,163,141,145,195,62,38,21,107,92,81,150,122,198,4,67,210,42,94,213	3,1,0.3235,0,164;1,4,0.5525,0,123;6,4,0.7225,0,78;8,3,0.9245,1,224;6,1,0.0855,0,101;1,2,0.8465,0,231
ood_compose_epi-00564	0	3	0	101,213,196,166,135,154,204,206,15,89,69,51,1,93,28,149,178,107,65,167,197,116,24,117,180,37,42,140,59,142,79,20,45,148,87,123	0,5,0.9295,3,113;3,3,0.5685,0,51;2,1,0.2815,0,7;6,5,0.2015,0,199;4,1,0.9955,0,224;2,5,0.8465,1,95
ood_compose_epi-00565	1	3	0	144,163,38,148,117,93,212,214,20,130,67,11,115,21,128,48,83,61,3,99,110,178,149,213,75,194,57,186,69,40,139,174,91,168,27,181	2,1,0.8535,0,40;2,4,0.0305,3,165;8,3,0.6275,0,209;2,1,0.6345,0,100;2,4,0.7465,0,98;7,0,0.6285,3,82
ood_compose_epi-00566	10	2	2	48,131,11,60,92,42,77,140,53,67,151,166,141,201,109,30,117,16,162,208,69,182,176,116,147,173,102,165,6,170,21,122,93,199,86,39	5,1,0.1395,0,239;5,5,0.4185,3,75;4,2,0.6295,0,74;4,4,0.8535,0,211;5,3,0.8735,0,125;1,1,0.9865,0,175
ood_compose_epi-00567	7	0	2	192,82,21,138,69,156,27,61,41,74,172,145,133,143,38,68,20,12,122,90,209,189,98,113,117,186,179,45,175,172,55,151,2,111,93,199	1,2,0.9815,0,43;2,4,0.2695,0,185;6,3,0.8915,0,83;1,0,0.4915,0,66;1,5,0.3545,0,192;1,3,0.4825,2,112
ood_compose_epi-00568	4	1	1	184,114,214,47,38,150,178,73,40,205,21,93,193,175,100,140,141,3,69,87,28,132,203,88,117,52,160,14,59,207,67,146,180,126,110,18	2,4,0.4365,0,27;3,4,0.0465,2,13;3,1,0.7005,0,162;0,5,0.0905,0,28;3,4,0.4595,0,68;5,2,0.9265,0,164
ood_compose_epi-00569	1	3	0	51,153,72,60,96,149,197,141,21,183,82,200,37,45,90,201,131,27,189,148,42,199,113,204,15,136,117,200,4,65,76,110,195,16,128,100	3,5,0.0215,0,112;2,3,0.5465,0,63;2,2,0.2195,3,45;3,0,0.5765,3,182;3,4,0.3685,0,177;7,1,0.0145,0,232
ood_compose_epi-00570	9	2	0	177,60,5,92,149,192,56,97,106,21,134,191,176,200,93,177,39,141,85,69,41,212,190,16,116,30,11,73,138,214,128,66,186,117,46,147	4,1,0.0605,0,149;5,5,0.2405,1,122;7,2,0.5155,0,44;0,3,0.9735,0,80;0,0,0.9265,0,153;7,4,0.4065,0,149
ood_compose_epi-00571	6	1	1	150,130,193,121,210,25,117,19,65,38,191,171,159,176,82,4,146,10,93,194,49,24,167,42,107,45,138,58,113,100,73,141,69,184,91,168	3,0,0.6725,3,147;0,4,0.4805,0,188;0,0,0.3075,0,223;0,0,0.6075,0,133;3,1,0.2365,0,74;0,0,0.5195,0,6
ood_compose_epi-00572	7	2	2	122,175,44,30,191,45,21,98,195,185,15,62,54,108,192,113,139,34,84,147,204,117,69,151,213,90,215,155,93,19,169,141,75,134,67,1	0,5,0.7415,0,139;5,0,0.9775,0,42;5,4,0.6125,0,191;2,2,0.4505,0,153;1,2,0.3745,0,19;1,4,0.7725,0,166
ood_compose_epi-00573	6	1	2	214,178,93,191,51,184,124,151,117,69,155,68,134,18,77,146,86,210,23,205,48,39,91,136,26,8,200,14,115,58,153,213,141,111,97,40	7,4,0.5405,2,178;1,5,0.0105,3,174;2,0,0.8835,0,57;4,4,0.6805,0,179;0,5,0.7745,0,208;3,4,0.1675,0,97
ood_compose_epi-00574	2	3	0	99,141,14,21,107,82,131,75,149,58,148,172,211,90,93,66,114,168,42,124,186,186,56,39,118,32,194,155,162,1,69,161,153,19,48,138	0,4,0.6645,0,177;7,5,0.4635,3,209;7,0,0.5745,0,201;2,0,0.4635,0,120;2,1,0.4805,1,192;3,1,0.4075,0,244
ood_compose_epi-00575	1	0	0	19,189,136,114,149,75,208,21,70,87,65,45,143,63,106,13,123,205,191,52,181,27,168,91,167,130,93,178,37,174,192,4,99,145,42,117	3,3,0.7535,0,195;2,3,0.5765,0,113;3,5,0.3685,1,195;2,5,0.7695,0,69;2,0,0.4335,0,26;2,0,0.0635,2,80
ood_compose_epi-00576	1	0	1	179,117,212,16,179,132,99,88,13,67,7,145,197,150,113,69,140,35,51,190,215,33,161,78,141,109,21,165,127,93,40,82,164,59,211,47	6,3,0.1625,0,201;8,1,0.1845,2,185;2,1,0.7165,0,11;5,0,0.0755,0,55;2,3,0.3455,0,28;6,2,0.8435,0,137
ood_compose_epi-00577	1	2	2	140,176,98,163,93,200,57,45,117,210,85,141,192,88,5,174,17,40,34,65,123,167,33,172,134,75,22,164,11,114,63,151,147,108,200,69	4,1,0.2095,1,116;8,0,0.0025,0,162;8,5,0.2035,0,142;2,3,0.1505,0,46;1,2,0.5405,0,160;2,4,0.8905,0,219
ood_compose_epi-00578	1	2	1	107,37,179,53,191,75,62,139,120,91,150,123,16,147,171,93,12,141,45,3,193,99,204,44,85,21,115,205,155,161,64,212,69,27,132,170	2,2,0.1255,0,219;2,3,0.9745,0,184;4,4,0.0575,0,189;2,3,0.7785,0,156;2,1,0.6135,3,149;2,2,0.7185,0,241
ood_compose_epi-00579	1	1	0	161,173,184,93,42,34,170,117,14,191,181,66,149,123,133,146,166,45,138,51,23,69,197,27,17,105,58,141,160,81,110,89,9,113,86,172	8,4,0.3345,2,122;2,0,0.5185,0,181;2,0,0.4075,0,152;8,4,0.3435,0,49;8,4,0.3625,0,100;2,3,0.5675,0,132
ood_compose_epi-00580	2	3	1	117,162,69,107,30,195,158,13,170,36,51,148,131,183,88,150,19,114,172,100,58,182,192,21,76,95,83,140,45,9,141,198,40,186,65,124	8,3,0.7995,0,255;5,2,0.1195,0,25;2,0,0.3395,0,198;3,1,0.1225,2,219;3,1,0.4275,0,42;3,1,0.8215,0,48
ood_compose_epi-00581	5	2	2	214,67,183,81,91,136,63,185,147,205,112,213,24,123,214,166,13,169,41,202,84,95,55,132,191,39,45,17,109,69,141,151,104,117,3,33	2,3,0.3705,3,45;8,5,0.3615,0,214;6,5,0.6565,0,42;8,2,0.6585,2,205;7,3,0.1665,0,221;2,2,0.0095,0,169
ood_compose_epi-00582	1	2	0	149,197,133,167,162,62,156,44,175,118,189,93,45,108,114,87,141,21,164,200,103,66,20,31,198,161,69,11,37,123,55,92,7,75,147,140	6,1,0.9735,0,145;6,3,0.8125,0,45;6,4,0.5965,0,68;2,5,0.8195,0,56;6,2,0.4745,1,201;2,3,0.9695,0,216
ood_compose_epi-00583	1	2	1	92,58,147,27,199,199,111,69,160,19,74,179,3,112,150,99,51,133,177,24,163,45,210,83,36,117,67,141,154,154,11,41,159,137,129,96	2,1,0.6625,3,248;2,2,0.2405,0,85;2,0,0.7595,0,28;1,1,0.9825,3,223;2,5,0.0445,0,34;8,3,0.3845,0,168
ood_compose_epi-00584	9	1	2	151,67,171,203,114,202,45,69,130,143,165,136,16,35,172,90,108,100,146,2,209,208,21,56,120,122,206,85,199,197,60,74,41,28,93,11	1,1,0.0795,0,44;3,1,0.2885,0,226;7,2,0.6625,0,107;1,3,0.5545,0,70;3,2,0.5795,3,21;1,0,0.0685,2,113
ood_compose_epi-00585	10	0	2	141,172,209,119,38,69,91,172,137,133,183,93,5,61,18,210,197,21,108,209,99,29,54,84,123,42,10,45,145,80,187,67,113,151,165,182	4,0,0.4605,0,172;4,4,0.5665,0,226;5,3,0.6575,0,101;7,2,0.7515,0,11;2,2,0.3765,2,213;2,3,0.2985,0,204
ood_compose_epi-00586	9	1	0	208,93,117,15,187,116,90,129,149,208,61,22,6,196,187,166,57,85,37,152,80,130,43,195,99,32,109,184,16,140,146,45,66,143,214,69	5,5,0.0145,1,219;7,3,0.7415,0,215;8,3,0.4135,0,213;7,3,0.5075,0,152;2,3,0.9925,0,192;8,0,0.9995,2,206
ood_compose_epi-00587	5	3	0	133,83,69,188,89,19,197,68,112,161,178,117,59,148,39,196,206,31,79,12,144,168,215,102,128,44,95,136,108,55,45,24,164,149,7,181	6,2,0.7355,3,23;6,5,0.9635,0,177;6,1,0.9455,0,44;6,1,0.2135,2,103;5,2,0.0485,0,125;7,3,0.0545,3,70
ood_compose_epi-00588	7	3	0	93,35,184,135,66,69,11,117,139,212,113,103,87,186,60,21,208,159,50,122,197,41,45,149,6,166,26,188,209,106,19,89,74,148,165,144	5,1,0.7815,0,187;1,1,0.3775,0,166;1,2,0.5875,0,190;1,5,0.3715,0,60;6,0,0.2555,0,202;1,5,0.6675,3,27
ood_compose_epi-00589	10	2	2	202,134,142,17,122,116,66,86,210,165,184,41,173,164,8,69,34,138,147,13,93,92,58,200,212,206,182,108,99,53,21,117,32,77,45,151	7,3,0.2685,0,77;7,0,0.2945,0,113;4,0,0.4385,0,232;4,4,0.9285,0,69;2,2,0.9695,0,59;1,4,0.5155,1,164
ood_compose_epi-00590	7	1	0	93,28,117,122,181,133,7,139,62,89,82,212,21,100,49,11,75,69,208,213,141,40,35,149,192,168,68,107,113,203,177,17,146,45,178,157	6,1,0.2845,0,105;3,1,0.0625,0,152;0,4,0.8445,0,91;2,0,0.2245,0,243;3,1,0.3715,0,55;1,3,0.7375,0,139
ood_compose_epi-00591	10	3	1	182,39,17,135,2,150,143,117,187,43,190,105,62,10,166,93,206,109,158,115,27,21,210,88,47,50,128,82,72,139,65,174,148,156,81,169	1,0,0.3235,0,80;2,5,0.7525,2,13;1,4,0.2895,3,250;8,0,0.0645,0,198;8,3,0.6435,0,179;7,5,0.7875,2,54
ood_compose_epi-00592	8	2	2	51,205,10,90,151,125,30,69,202,141,21,20,67,93,117,189,39,112,172,174,45,58,134,139,196,175,99,43,152,75,147,158,108,86,6,211	5,0,0.9375,0,240;5,5,0.7235,0,68;2,0,0.6425,0,127;2,4,0.4135,0,106;2,2,0.0595,0,191;4,4,0.7935,0,210
ood_compose_epi-00593	9	3	1	69,126,188,45,54,93,14,66,38,32,181,20,88,22,164,58,143,161,137,196,148,83,150,106,3,164,173,114,213,105,44,185,134,188,80,117	2,4,0.9935,1,201;7,4,0.9305,0,211;5,0,0.4405,0,202;7,1,0.0685,0,108;8,0,0.4355,0,196;5,4,0.2755,2,42
ood_compose_epi-00594	8	2	0	201,187,42,134,141,200,5,147,95,213,21,192,17,65,138,72,88,117,189,78,187,14,30,55,84,200,105,149,113,39,111,163,58,45,126,191	4,4,0.3025,0,182;5,5,0.5695,0,5;6,0,0.3345,3,206;5,2,0.1105,2,191;8,5,0.3725,0,137;5,4,0.5375,0,63
ood_compose_epi-00595	10	0	0	40,166,19,182,138,117,86,37,52,113,145,92,214,177,77,7,135,21,149,170,62,29,211,93,69,141,166,68,11,190,188,180,45,110,125,100	6,1,0.6355,0,253;4,3,0.0785,0,13;3,4,0.8565,0,246;4,4,0.8895,0,119;3,4,0.3085,0,248;4,5,0.4205,0,174
ood_compose_epi-00596	9	3	2	62,80,104,205,206,19,126,130,148,23,141,110,158,176,3,191,38,45,69,112,190,139,91,93,151,155,29,42,197,117,56,64,14,173,85,196	2,4,0.7615,2,183;4,4,0.4095,0,42;7,4,0.0155,0,154;7,3,0.7195,0,160;7,4,0.0865,0,202;5,0,0.6755,0,112
ood_compose_epi-00597	4	1	1	202,95,84,117,113,146,150,34,107,78,66,62,197,52,45,187,30,14,177,89,41,154,18,176,69,163,134,189,155,139,141,175,24,6,128,100	5,4,0.5895,3,155;5,0,0.3075,0,252;3,4,0.5005,0,43;5,2,0.2245,2,243;3,1,0.2065,0,76;7,4,0.6425,0,58
ood_compose_epi-00598	8	0	2	21,166,108,20,69,137,93,214,32,145,63,151,76,84,133,210,36,8,88,179,101,129,54,67,215,142,169,166,180,113,42,172,14,45,117,190	7,4,0.8015,0,186;7,2,0.4215,0,122;5,5,0.6185,0,197;3,2,0.1625,0,239;4,2,0.2415,0,175;8,3,0.2505,1,58
ood_compose_epi-00599	1	2	0	101,204,51,147,93,140,69,205,149,73,38,111,211,12,117,201,189,134,172,27,87,89,58,166,20,165,45,40,183,68,21,7,190,112,141,126	6,2,0.9795,0,186;2,4,0.1695,0,250;2,0,0.8555,0,83;0,5,0.3545,0,247;4,5,0.0835,0,113;5,4,0.8715,0,160
ood_compose_epi-00600	1	2	1	104,3,14,189,184,193,27,106,150,34,117,134,47,85,64,60,93,141,208,21,147,138,214,123,75,40,89,51,161,153,198,187,69,115,155,20	2,4,0.8505,0,213;2,0,0.1215,2,66;2,2,0.1795,0,98;2,3,0.2255,0,50;7,0,0.7705,0,143;2,4,0.4085,0,124
ood_compose_epi-00601	5	1	1	55,154,19,166,186,184,166,88,31,21,158,141,189,63,1,132,38,103,11,121,93,140,117,107,146,76,40,48,68,87,175,205,161,112,150,69	0,1,0.7365,0,16;6,4,0.1515,3,88;6,5,0.8665,0,165;3,5,0.1765,0,9;6,1,0.1665,0,47;0,2,0.9335,0,47
ood_compose_epi-00602	2	1	1	138,32,150,79,115,18,1,93,177,124,188,69,208,187,65,36,119,59,173,146,12,132,203,85,165,43,109,173,166,45,141,55,91,100,171,21	0,2,0.4605,0,142;7,2,0.7255,0,37;6,1,0.2645,0,38;6,3,0.7005,0,120;3,3,0.7955,2,65;3,2,0.4325,0,91
ood_compose_epi-00603	7	3	2	37,156,26,13,80,117,202,172,137,97,125,183,134,110,160,85,69,148,49,45,93,141,60,66,208,44,90,175,174,197,3,114,22,151,18,195	2,3,0.4675,1,130;1,3,0.9565,0,104;0,2,0.5315,0,30;7,3,0.4445,0,108;0,4,0.5745,0,138;4,4,0.2075,0,253
ood_compose_epi-00604	8	1	2	64,6,192,69,196,146,88,21,151,152,45,156,36,126,49,99,152,10,27,93,135,192,182,117,199,152,19,40,141,75,137,108,115,82,60,204	5,0,0.6875,0,183;2,2,0.0595,0,93;0,2,0.1025,0,122;2,0,0.0495,0,160;2,2,0.6135,0,88;5,5,0.3155,0,157
ood_compose_epi-00605	5	2	2	21,38,81,182,151,63,29,19,195,107,147,69,154,140,113,86,7,40,10,186,127,183,141,163,68,131,105,55,213,179,208,45,117,94,89,210	6,0,0.7525,0,63;4,4,0.1635,0,51;6,5,0.8745,0,72;8,4,0.3135,1,64;8,1,0.3295,0,153;6,1,0.9305,0,123
ood_compose_epi-00606	1	0	0	90,102,84,186,215,21,109,115,152,63,187,145,154,43,45,136,19,2,54,131,187,10,199,67,93,149,117,123,167,27,141,80,72,37,165,192	1,0,0.6255,0,197;2,3,0.6895,0,129;5,5,0.6355,3,107;7,2,0.5385,0,0;5,3,0.7985,0,13;2,1,0.0275,0,2
ood_compose_epi-00607	2	1	2	151,190,198,175,49,89,12,166,19,160,93,58,117,4,68,121,113,84,207,69,146,158,215,132,37,137,21,40,160,100,141,28,107,46,76,156	3,2,0.7735,0,196;3,3,0.0415,1,187;0,0,0.9415,0,228;3,2,0.3755,0,15;3,1,0.3815,0,242;0,2,0.2255,0,109
ood_compose_epi-00608	2	3	0	22,125,110,28,148,206,43,49,5,92,200,18,66,141,185,74,14,195,132,117,137,152,93,112,186,183,189,84,149,69,101,204,58,37,215,45	4,4,0.4705,1,145;3,3,0.7265,0,191;0,0,0.4635,0,16;1,2,0.8845,0,139;4,4,0.0675,0,6;4,2,0.2025,0,165
ood_compose_epi-00609	10	2	2	117,179,38,190,151,184,205,15,69,106,66,147,16,93,26,41,21,81,164,9,50,129,160,131,58,85,198,45,215,89,190,99,137,141,170,116	8,5,0.1755,0,240;1,4,0.2955,0,200;1,0,0.5095,0,190;8,3,0.2745,0,252;2,0,0.9805,0,23;8,1,0.3705,0,14
ood_compose_epi-00610	8	2	1	139,201,197,45,208,54,81,117,144,114,22,109,27,197,18,179,38,94,135,157,203,197,66,40,92,9,99,69,63,150,147,14,206,165,123,86	8,4,0.5745,1,120;2,4,0.1185,0,176;5,5,0.4335,0,196;8,4,0.8475,1,82;2,3,0.4255,0,216;2,5,0.6115,3,141
ood_compose_epi-00611	6	0	2	16,49,80,89,69,112,126,141,138,14,36,191,173,185,25,66,158,63,3,111,164,151,83,191,161,95,47,117,42,172,97,192,145,130,206,21	2,4,0.1655,0,55;0,2,0.5635,2,176;0,5,0.5785,0,146;7,1,0.3295,2,222;0,5,0.1405,0,97;5,0,0.5105,0,56
ood_compose_epi-00612	8	0	2	83,206,69,211,93,167,133,30,206,44,106,139,112,188,145,21,13,165,184,155,174,20,126,141,91,101,65,39,151,162,120,8,63,45,76,54	7,3,0.8225,0,164;5,5,0.9055,0,5;5,5,0.2165,0,101;3,1,0.7515,0,9;4,0,0.1305,3,12;5,3,0.6055,0,140
ood_compose_epi-00613	10	2	2	153,117,34,21,60,151,110,83,26,56,137,156,19,147,173,105,175,40,47,186,92,93,64,182,2,122,175,132,13,215,69,141,116,164,193,81	1,3,0.7285,0,3;1,0,0.1235,2,50;7,2,0.0615,0,127;8,1,0.8835,0,184;8,4,0.9795,0,239;1,2,0.3875,0,92
ood_compose_epi-00614	7	2	1	21,147,150,180,180,120,33,1,116,138,17,85,93,67,40,69,172,190,131,91,45,109,158,191,166,60,122,51,74,160,37,169,141,15,98,197	0,5,0.3285,0,11;8,3,0.0085,0,129;2,2,0.7955,0,15;1,3,0.6455,0,88;1,3,0.9575,3,227;1,1,0.5095,0,226
ood_compose_epi-00615	1	3	0	215,162,13,109,153,196,187,93,185,116,185,20,69,75,50,26,82,152,61,45,149,161,202,99,64,117,40,136,133,143,90,148,3,124,21,34	2,3,0.9095,0,74;1,0,0.0285,0,36;1,3,0.0555,0,154;2,0,0.5445,0,31;2,3,0.9635,0,6;3,3,0.0055,2,193
ood_compose_epi-00616	6	2	1	49,206,168,150,147,81,213,138,114,45,1,39,64,83,186,167,188,13,126,21,195,30,88,19,95,130,175,117,43,110,58,69,178,142,152,101	0,3,0.6955,0,206;5,5,0.6225,0,54;0,0,0.1555,0,217;8,1,0.1995,2,70;4,4,0.5745,0,3;5,0,0.4435,1,85
ood_compose_epi-00617	0	3	1	127,4,48,194,198,117,159,148,20,92,189,51,15,133,137,63,191,93,210,39,69,42,21,171,65,26,141,116,106,192,74,205,84,160,103,150	3,5,0.8555,0,84;1,5,0.5545,3,85;2,5,0.3435,0,46;1,2,0.9905,0,200;6,0,0.9915,0,215;6,3,0.2335,0,237
ood_compose_epi-00618	4	1	0	171,119,45,28,204,100,2,137,210,146,141,52,179,34,195,69,109,208,116,66,186,13,124,76,87,93,149,17,131,88,183,155,63,21,211,44	1,3,0.3145,0,94;3,0,0.9425,0,73;3,5,0.5075,0,248;3,5,0.1755,0,246;3,3,0.8985,2,128;3,1,0.2285,0,94
ood_compose_epi-00619	10	3	1	211,14,24,71,45,18,158,148,77,63,93,203,30,7,150,85,205,66,122,139,107,202,182,204,141,103,42,117,134,192,54,184,91,112,34,157	6,4,0.5395,3,153;5,0,0.5565,0,4;5,5,0.4535,2,225;4,3,0.6525,0,46;6,1,0.0915,0,154;1,4,0.6935,0,221
ood_compose_epi-00620	10	3	2	14,21,66,134,209,36,76,204,52,58,88,93,159,141,170,125,194,4,40,17,69,170,151,140,117,83,204,110,112,148,163,45,28,211,192,101	3,4,0.2835,0,3;3,2,0.1925,0,101;3,0,0.4525,0,232;3,1,0.0545,0,124;4,4,0.0215,0,233;4,4,0.9065,0,1
ood_compose_epi-00621	9	2	2	117,195,14,75,45,151,202,86,66,203,194,147,108,40,93,201,201,61,69,135,141,137,115,8,170,56,37,91,177,127,16,32,164,174,104,21	7,4,0.0485,0,72;7,3,0.1805,0,111;7,3,0.4865,0,148;2,4,0.6535,0,112;7,2,0.6785,0,11;6,5,0.2995,0,228
ood_compose_epi-00622	1	2	1	27,37,110,114,66,181,91,51,207,137,141,59,44,10,93,21,74,163,169,85,188,147,69,133,16,194,117,123,101,182,150,2,207,168,201,45	1,0,0.0945,0,214;2,3,0.9675,0,174;2,1,0.4615,0,227;1,3,0.7635,0,5;4,4,0.5815,0,236;2,3,0.3555,0,97
ood_compose_epi-00623	9	2	2	192,136,93,75,117,85,141,196,111,16,177,165,21,68,179,44,134,63,56,11,174,90,201,27,69,147,8,182,176,151,128,195,46,35,112,103	7,1,0.0075,0,127;2,1,0.9515,1,165;7,5,0.9055,0,157;2,3,0.4625,0,75;6,5,0.0295,0,231;7,4,0.1475,0,24
ood_compose_epi-00624	9	3	0	184,117,141,80,99,21,20,115,12,45,213,108,177,130,88,195,8,87,124,177,197,50,59,37,32,149,211,163,159,69,65,198,148,94,136,43	7,2,0.9435,0,39;7,3,0.6265,0,90;1,1,0.2385,0,9;7,5,0.1045,1,2;2,2,0.7525,0,176;3,0,0.0155,0,161
ood_compose_epi-00625	7	3	2	45,153,69,50,16,34,123,21,74,27,148,155,106,113,137,86,180,209,94,178,67,90,4,40,151,141,164,204,133,13,189,117,97,204,155,62	3,3,0.0135,0,144;2,0,0.0035,0,172;1,4,0.6995,0,10;1,4,0.5765,1,177;0,0,0.3895,0,50;2,3,0.3045,0,167
ood_compose_epi-00626	8	0	0	78,69,170,149,63,195,136,68,158,91,109,43,21,124,141,172,192,30,45,131,87,189,180,54,145,10,116,117,202,17,94,174,34,102,7,199	6,0,0.2725,0,9;5,0,0.6975,0,209;5,5,0.8785,0,151;5,5,0.7085,1,81;5,3,0.8755,0,107;3,1,0.0605,0,139
ood_compose_epi-00627	6	2	2	141,33,154,168,116,203,93,139,120,207,103,86,183,75,64,110,169,20,69,135,178,151,170,91,61,153,37,45,21,7,182,121,41,147,55,10	6,0,0.8405,0,166;8,3,0.3355,0,98;6,3,0.1185,0,128;2,4,0.6435,0,10;6,4,0.9035,3,119;0,5,0.7925,0,171
ood_compose_epi-00628	6	1	2	91,113,39,141,11,199,151,44,203,25,63,156,45,192,137,186,21,193,214,73,49,93,85,19,169,117,208,182,146,100,66,121,130,4,69,107	3,1,0.7345,0,102;0,5,0.8865,0,245;0,5,0.4595,0,139;0,3,0.7635,0,255;3,1,0.2085,0,145;0,0,0.2285,0,113
ood_compose_epi-00629	10	2	1	150,23,183,128,85,38,1,212,25,45,58,197,117,115,196,40,109,56,132,72,155,64,10,89,73,138,141,147,18,105,191,169,184,93,203,192	0,0,0.4245,2,207;0,4,0.0025,0,155;7,0,0.0645,3,67;0,3,0.2005,0,27;8,3,0.7855,0,65;7,2,0.5075,0,59
ood_compose_epi-00630	1	1	1	194,197,62,45,37,24,109,82,68,99,51,141,3,161,194,139,116,117,89,69,155,19,162,15,150,74,123,174,41,199,176,154,146,33,93,131	2,5,0.7675,3,88;8,3,0.3825,0,196;2,4,0.8585,0,23;1,0,0.3275,0,132;2,3,0.9035,0,179;2,1,0.6665,0,112
ood_compose_epi-00631	7	0	2	62,42,151,117,212,36,183,205,32,192,71,16,88,113,135,75,175,50,169,12,111,122,45,139,100,22,2,65,215,160,141,195,145,86,157,94	1,2,0.0715,1,223;7,2,0.5755,0,146;1,4,0.3425,2,142;2,4,0.0615,1,163;3,5,0.3425,0,19;1,5,0.6915,0,16
ood_compose_epi-00632	2	3	1	134,178,152,153,117,53,116,78,34,41,192,177,108,67,48,93,91,30,21,200,212,83,12,104,129,196,191,3,141,148,139,153,19,59,150,69	2,2,0.7415,0,191;5,0,0.2835,3,194;4,1,0.6515,0,44;5,1,0.7105,0,35;7,2,0.8155,0,247;8,4,0.7755,0,164
ood_compose_epi-00633	7	3	2	45,152,100,141,44,174,186,86,21,181,137,196,148,117,93,92,69,49,183,122,106,151,74,25,2,64,36,175,130,173,62,19,113,12,160,211	1,2,0.6835,0,213;0,2,0.9515,0,192;0,4,0.0075,0,88;1,4,0.9635,0,220;3,0,0.3475,0,103;1,0,0.3185,0,49
ood_compose_epi-00634	10	3	1	188,125,29,67,39,150,189,93,159,200,17,117,134,43,160,60,194,162,45,141,69,90,14,148,5,140,110,75,183,99,24,169,85,113,173,52	4,4,0.2975,3,202;4,5,0.7565,0,216;3,2,0.7315,0,13;2,3,0.5655,0,104;2,4,0.3395,0,136;4,4,0.9005,0,124
ood_compose_epi-00635	1	0	2	51,184,12,185,109,212,192,37,42,172,45,69,117,99,21,165,155,166,90,145,80,83,63,133,1,165,141,115,67,151,137,93,16,170,33,123	0,2,0.0855,0,62;8,3,0.5295,0,253;2,5,0.7385,0,252;7,1,0.4075,0,218;2,3,0.6815,0,144;2,3,0.2135,0,76
ood_compose_epi-00636	4	1	0	191,191,79,176,171,91,61,180,31,34,85,139,3,135,100,41,141,214,21,67,111,177,17,47,181,121,69,52,119,146,93,169,187,112,10,149	2,0,0.3325,0,180;6,0,0.3455,2,236;3,3,0.6215,0,206;6,3,0.7595,0,255;3,5,0.1315,2,234;0,5,0.7905,0,17
ood_compose_epi-00637	7	2	2	60,84,151,153,50,136,120,98,39,144,133,160,147,172,184,69,128,159,116,110,92,40,163,33,14,182,189,152,2,67,45,17,21,93,81,194	1,4,0.3885,0,7;8,5,0.1035,0,146;1,2,0.6355,0,91;8,2,0.9105,0,131;1,4,0.8045,3,41;7,3,0.1245,3,10
ood_compose_epi-00638	6	0	2	14,90,131,170,151,45,63,77,214,49,98,117,188,137,69,93,200,84,141,183,159,107,21,158,153,17,1,41,145,25,66,123,39,153,184,113	0,4,0.2565,0,87;0,5,0.3795,0,221;0,5,0.4945,0,43;4,2,0.4095,0,225;1,1,0.2195,0,202;2,1,0.3125,0,41
ood_compose_epi-00639	5	3	2	185,56,4,140,115,181,169,39,118,20,45,97,21,215,63,183,71,187,89,135,148,212,42,197,107,87,181,68,93,151,13,79,192,128,141,31	3,3,0.9475,0,163;6,5,0.5645,0,72;7,5,0.9155,2,44;6,5,0.2625,0,57;0,1,0.7185,1,0;7,5,0.9355,0,153
ood_compose_epi-00640	10	1	1	43,199,85,117,167,142,66,173,169,137,45,150,193,110,24,60,9,159,13,104,199,69,38,206,127,19,93,130,57,193,116,81,25,90,146,213	8,3,0.6875,3,6;0,4,0.6135,0,40;8,2,0.4715,0,143;8,3,0.4105,0,2;7,4,0.9535,0,132;6,0,0.3765,1,37
ood_compose_epi-00641	9	1	1	137,171,9,156,123,115,51,164,180,183,33,41,146,93,69,20,91,173,179,24,84,45,143,35,135,59,202,118,65,169,11,150,175,99,109,80	8,1,0.8255,3,96;8,1,0.3315,0,115;2,1,0.2315,0,128;7,2,0.6995,0,3;2,3,0.7765,1,140;2,5,0.2425,2,39
ood_compose_epi-00642	1	3	0	96,8,32,21,198,85,123,148,45,172,68,117,115,140,204,176,171,88,107,141,73,69,132,171,12,149,61,184,16,180,212,57,167,44,99,35	7,2,0.1365,0,48;7,1,0.8585,0,111;8,3,0.8135,0,31;0,3,0.0285,3,116;2,1,0.6975,0,151;2,2,0.9245,0,245
ood_compose_epi-00643	10	3	0	19,196,168,21,117,177,46,204,205,101,53,86,69,205,198,123,183,44,26,90,183,77,136,141,115,9,61,66,148,149,93,11,185,111,134,38	8,1,0.6455,0,221;1,4,0.8025,1,132;4,3,0.5575,0,71;4,4,0.5755,0,41;4,5,0.6205,0,7;2,4,0.0655,0,32
ood_compose_epi-00644	9	3	2	190,199,207,69,43,89,19,211,151,68,160,139,148,33,21,60,122,201,36,141,211,134,76,56,8,46,155,87,114,93,212,98,10,108,170,117	7,0,0.7565,0,223;8,2,0.7855,1,193;7,2,0.8365,0,4;3,5,0.3895,0,147;1,2,0.5965,0,155;1,4,0.7025,0,188
ood_compose_epi-00645	4	1	0	114,140,141,44,188,203,149,69,97,162,108,18,34,167,91,62,179,155,207,134,146,65,81,4,166,93,117,11,51,21,184,86,124,28,45,199	3,1,0.4165,0,138;3,0,0.8475,0,201;2,4,0.2635,0,76;8,4,0.7785,0,43;0,2,0.5205,0,118;3,4,0.8275,0,189
ood_compose_epi-00646	1	2	2	189,200,175,177,107,38,92,139,24,133,15,69,41,3,178,82,147,162,45,151,115,67,123,187,161,99,75,158,60,49,25,19,93,117,167,141	2,5,0.7595,3,236;0,4,0.3705,0,170;0,2,0.6805,0,7;2,0,0.8215,0,214;2,1,0.6805,0,77;2,3,0.7365,0,222
ood_compose_epi-00647	1	2	1	210,161,133,102,69,115,175,44,211,139,153,38,45,96,21,107,141,7,193,190,18,66,203,83,147,33,123,62,51,92,14,117,150,73,157,176	6,4,0.4845,0,5;8,4,0.9105,0,47;2,4,0.5745,0,173;0,1,0.9895,3,129;5,1,0.6785,0,163;2,3,0.6595,0,50
ood_compose_epi-00648	6	2	1	12,208,209,211,117,69,150,108,173,206,199,153,22,141,45,135,96,2,83,188,66,209,98,92,25,61,121,74,40,18,49,116,165,137,37,147	1,2,0.4285,1,116;0,3,0.1235,0,71;0,3,0.4405,0,13;1,1,0.9505,3,10;1,2,0.8965,0,72;0,5,0.3055,0,169
ood_compose_epi-00649	0	3	2	117,4,206,87,125,136,18,174,38,76,153,206,40,50,62,151,205,191,188,28,148,11,134,112,156,65,187,98,141,45,92,165,69,106,21,93	3,1,0.4555,0,99;3,4,0.0925,0,220;1,4,0.3075,0,144;3,5,0.8395,0,218;1,0,0.0865,0,129;4,4,0.0615,0,122
ood_compose_epi-00650	10	0	0	107,122,63,90,3,40,166,67,76,69,116,45,134,35,21,20,53,177,184,93,11,83,166,138,149,172,145,142,184,27,102,152,214,120,193,160	2,1,0.8865,0,61;2,1,0.0495,0,67;4,5,0.6825,0,146;3,1,0.5335,0,104;5,1,0.9455,3,145;1,4,0.5375,1,139
ood_compose_epi-00651	9	1	0	46,17,21,165,41,174,10,207,174,35,206,104,124,134,30,114,49,70,6,86,212,136,149,93,80,164,179,141,65,117,91,154,189,146,60,107	5,0,0.3945,0,75;5,1,0.2295,1,116;0,2,0.2345,1,100;7,4,0.7175,0,14;7,1,0.5925,0,12;3,4,0.1235,0,225
ood_compose_epi-00652	3	0	1	58,65,120,178,28,141,184,186,150,180,21,191,210,14,45,91,93,131,19,126,35,138,102,163,109,115,49,4,170,42,84,75,69,157,192,145	3,4,0.6465,0,30;3,1,0.4475,0,154;0,0,0.3955,0,6;2,2,0.6775,0,47;5,3,0.6655,3,27;5,1,0.5725,0,215
ood_compose_epi-00653	1	1	0	103,177,114,2,84,141,45,91,123,140,111,96,203,177,194,215,182,180,117,41,193,60,210,26,132,146,20,167,14,69,149,36,56,67,21,74	1,4,0.9475,0,198;1,2,0.3335,0,106;7,2,0.6735,0,110;1,2,0.6695,3,142;6,5,0.4895,0,17;2,2,0.8235,0,145
ood_compose_epi-00654	9	0	1	165,110,150,175,35,91,122,8,26,74,141,69,167,67,15,101,114,82,21,139,157,187,117,186,135,56,162,45,196,207,20,209,43,145,61,93	7,5,0.9915,0,84;1,1,0.6555,0,13;7,3,0.7415,0,237;1,0,0.6135,0,151;4,4,0.4205,0,96;1,5,0.7735,0,253
ood_compose_epi-00655	6	3	2	92,103,4,171,39,21,67,93,82,11,180,80,164,127,69,57,194,203,151,117,158,45,114,143,140,16,59,170,148,157,44,25,107,135,164,187	3,1,0.1225,0,110;0,5,0.8325,0,68;8,1,0.7445,0,156;7,0,0.9955,0,162;6,1,0.5105,0,184;6,5,0.9575,2,174
ood_compose_epi-00656	7	1	0	19,93,66,138,26,48,178,199,5,141,88,170,102,40,107,190,85,149,69,198,200,12,181,37,178,113,146,73,117,122,211,61,132,168,50,23	4,2,0.7355,2,242;1,3,0.1455,3,83;1,3,0.4095,0,190;0,3,0.0605,0,119;5,1,0.2165,0,140;1,2,0.4835,0,249
ood_compose_epi-00657	6	2	0	149,165,21,117,60,86,65,15,45,199,164,37,140,202,97,114,141,41,147,18,53,159,77,69,25,92,193,110,195,183,125,190,170,93,3,132	2,5,0.5375,0,66;0,3,0.2595,0,200;4,2,0.2635,0,20;4,4,0.9135,0,46;0,4,0.5995,0,193;4,2,0.8785,0,249
ood_compose_epi-00658	3	0	2	213,79,191,93,112,68,15,82,35,109,40,117,98,69,61,4,160,193,145,28,210,51,161,139,215,213,21,151,199,18,45,133,141,89,124,186	3,5,0.4945,0,73;3,1,0.0505,0,81;2,3,0.9955,0,55;6,0,0.2305,0,73;1,3,0.0335,0,229;3,3,0.7355,0,197
ood_compose_epi-00659	1	2	1	17,180,165,86,24,30,117,45,116,59,41,147,110,153,54,150,78,6,88,186,204,69,209,186,130,128,99,93,165,34,210,143,136,168,14,64	5,4,0.2455,3,87;5,0,0.2745,0,51;5,1,0.1035,0,110;5,4,0.0805,0,49;2,4,0.8065,0,81;7,0,0.0905,2,120
ood_compose_epi-00660	10	3	1	166,41,189,150,45,148,215,59,21,77,101,131,117,93,181,64,179,38,124,18,213,6,115,28,215,88,173,141,189,69,110,136,197,12,51,85	5,2,0.4945,0,146;3,4,0.3035,0,190;2,1,0.1865,0,250;4,3,0.0805,0,38;4,4,0.6055,0,78;3,1,0.0905,0,28
ood_compose_epi-00661	0	3	2	151,126,111,93,21,148,27,144,57,171,207,209,130,117,187,8,64,188,45,112,179,60,37,76,166,69,211,90,155,86,13,165,137,99,19,44	7,3,0.7265,0,87;2,3,0.9575,0,121;8,2,0.1965,0,230;3,4,0.5755,0,254;2,5,0.0515,0,128;5,0,0.3005,3,210
ood_compose_epi-00662	4	1	1	66,195,83,75,20,141,52,61,88,117,201,124,107,132,93,181,45,195,168,2,183,185,69,12,31,175,136,177,100,36,150,113,146,170,40,24	1,2,0.9685,3,131;6,2,0.1495,0,228;3,3,0.4255,0,50;2,1,0.1305,0,116;3,1,0.3835,0,155;3,2,0.1415,0,232
ood_compose_epi-00663	10	1	2	38,110,212,22,29,44,139,87,80,117,11,2,164,208,16,155,69,172,129,203,45,114,64,146,141,90,98,151,135,58,186,94,56,210,182,198	1,1,0.1365,1,233;4,4,0.9965,0,135;7,0,0.0235,0,237;7,5,0.5905,1,99;1,4,0.4465,0,159;8,5,0.6635,0,45
ood_compose_epi-00664	9	3	0	84,136,47,149,135,17,141,25,74,1,205,184,11,90,148,59,171,21,71,154,106,117,93,155,104,116,178,67,52,194,39,172,172,41,121,171	0,1,0.2575,0,146;0,5,0.3155,2,179;3,1,0.7095,2,198;1,2,0.4715,0,19;7,0,0.8045,0,21;0,5,0.0855,0,127
ood_compose_epi-00665	9	1	2	168,164,87,80,21,16,141,12,110,112,128,155,28,152,52,194,45,182,197,104,35,67,69,151,136,189,92,117,146,186,132,59,44,157,93,8	7,2,0.0525,0,189;3,1,0.8135,0,181;3,1,0.6875,0,11;7,5,0.9815,0,90;7,4,0.0955,0,62;7,2,0.1605,0,207
ood_compose_epi-00666	4	1	2	66,34,178,16,197,47,1,93,141,129,199,111,52,92,151,177,206,133,152,173,138,69,191,170,31,76,21,115,172,15,105,82,146,118,60,41	0,5,0.1795,0,235;6,0,0.3985,2,37;3,2,0.4125,0,94;3,0,0.9955,0,112;8,5,0.7025,1,233;8,3,0.4075,0,48
ood_compose_epi-00667	1	2	0	99,185,6,42,179,54,181,45,21,163,147,193,15,191,173,141,86,149,211,65,155,110,89,120,93,37,112,75,58,16,137,27,135,183,126,71	5,5,0.1345,0,49;2,3,0.5445,0,47;5,0,0.2545,2,195;2,4,0.2225,0,69;2,4,0.0265,3,115;5,5,0.2945,0,60
ood_compose_epi-00668	8	2	2	119,89,45,132,151,32,190,35,211,198,85,51,153,68,41,153,204,59,10,197,141,115,69,16,147,161,21,5,93,185,214,139,78,128,108,104	4,0,0.0645,0,70;7,1,0.2785,0,150;2,1,0.8515,0,217;5,3,0.3365,0,159;7,2,0.6075,2,233;7,2,0.6885,0,166
ood_compose_epi-00669	1	2	2	178,179,123,210,151,51,85,215,75,11,152,106,141,90,147,93,155,117,60,197,131,6,27,179,17,37,113,65,105,21,69,163,183,45,40,138	5,1,0.2205,0,196;2,3,0.0175,0,62;2,2,0.3095,0,169;2,3,0.5145,0,192;8,0,0.2155,0,85;2,1,0.4175,0,119
ood_compose_epi-00670	1	0	2	21,145,89,213,37,138,33,123,117,157,58,45,10,168,44,197,168,70,8,79,99,55,135,141,114,93,215,159,206,109,151,20,212,66,87,176	7,0,0.8545,0,235;8,3,0.9585,0,205;6,0,0.4065,1,3;6,5,0.3025,0,164;2,3,0.5865,0,248;2,5,0.5825,0,143
ood_compose_epi-00671	6	2	1	193,137,150,21,135,69,117,65,34,162,186,73,154,49,45,113,90,93,121,141,103,189,15,190,174,3,85,40,26,183,206,107,153,58,19,147	2,5,0.7725,0,67;1,0,0.0315,0,170;0,0,0.3285,0,154;0,3,0.4925,0,159;6,1,0.2125,0,164;0,5,0.2135,0,77
ood_compose_epi-00672	10	1	2	198,188,83,169,42,67,146,110,117,151,141,63,90,1,21,69,93,201,112,136,73,159,33,202,37,165,192,213,124,101,134,17,14,45,195,57	0,4,0.3665,0,6;8,3,0.5075,0,146;8,5,0.6135,0,88;0,1,0.5945,0,214;4,4,0.0535,0,34;3,4,0.0425,0,74
ood_compose_epi-00673	8	2	1	196,192,15,204,83,50,88,30,69,144,193,147,198,43,150,188,36,21,17,154,140,115,210,60,123,212,74,93,117,45,108,102,135,209,66,6	5,5,0.3935,0,179;5,2,0.6265,0,48;1,2,0.5535,0,39;1,1,0.0975,0,170;5,2,0.7535,0,183;2,5,0.8525,3,177
ood_compose_epi-00674	6	2	0	203,179,149,204,121,117,77,53,45,35,193,141,209,157,85,43,167,183,110,147,93,163,65,101,112,10,62,32,90,140,5,130,69,21,17,198	4,0,0.3575,0,228;7,1,0.7655,0,86;4,4,0.3725,0,87;4,3,0.5035,0,43;4,4,0.1485,0,4;0,0,0.8805,0,198
ood_compose_epi-00675	7	1	1	9,198,189,11,166,43,150,140,108,69,187,16,62,49,82,92,135,141,159,67,117,101,199,169,122,199,35,21,115,204,28,45,93,199,77,146	8,1,0.1785,0,99;3,1,0.6115,0,144;0,4,0.6075,0,40;4,0,0.9285,0,183;4,2,0.6275,0,27;1,5,0.8395,0,39
ood_compose_epi-00676	10	2	2	206,141,40,206,125,107,200,20,33,38,167,75,1,53,117,187,93,176,201,91,69,112,84,198,11,46,134,139,214,66,21,151,187,147,101,61	0,1,0.8425,0,88;8,4,0.0905,1,195;4,3,0.5545,0,114;2,2,0.7085,0,62;4,1,0.0815,0,56;4,4,0.7485,0,109
ood_compose_epi-00677	5	1	1	65,21,122,35,141,49,25,79,146,85,162,209,132,113,157,46,150,7,163,109,17,93,155,41,14,59,175,97,69,156,206,204,139,117,205,90	6,4,0.3695,0,184;0,1,0.3735,1,61;0,1,0.2625,0,95;6,3,0.4515,0,187;0,3,0.3255,0,101;1,2,0.7415,0,166
ood_compose_epi-00678	5	1	0	146,5,181,162,83,130,117,169,19,88,211,127,71,14,166,141,45,204,149,59,21,169,29,106,67,193,57,37,114,173,93,103,40,139,75,165	4,4,0.7495,0,82;4,3,0.0515,0,193;8,1,0.7555,2,87;2,1,0.0105,0,173;6,0,0.4855,0,8;6,0,0.6985,0,0
ood_compose_epi-00679	0	3	0	171,148,91,165,5,36,76,67,124,141,109,115,170,117,82,69,149,139,10,17,153,204,133,183,45,59,104,204,175,21,93,29,196,41,52,181	4,0,0.2015,0,236;4,2,0.3955,0,173;3,1,0.6215,0,125;3,0,0.7095,0,220;7,3,0.6885,0,134;3,3,0.7445,0,80
ood_compose_epi-00680	3	0	0	152,78,41,186,97,209,12,93,210,145,63,2,89,175,134,38,159,86,17,198,69,137,193,45,126,28,149,64,108,53,21,118,141,112,167,197	1,2,0.3385,0,16;3,4,0.2835,0,33;4,5,0.0245,0,252;5,4,0.2715,0,66;0,2,0.0435,1,137;5,4,0.3745,0,253
ood_compose_epi-00681	1	1	1	201,58,141,187,14,156,121,85,138,92,192,45,159,150,116,65,103,42,106,184,131,165,72,202,75,16,21,29,117,55,180,146,4,93,154,38	3,4,0.0405,0,118;4,4,0.4145,0,160;6,0,0.2605,3,75;2,3,0.8955,0,223;6,0,0.9595,0,225;0,1,0.4585,0,181
ood_compose_epi-00682	1	1	2	136,73,117,69,122,130,109,12,51,2,64,157,213,141,116,99,157,179,184,82,48,159,21,38,90,26,200,201,186,146,62,96,17,41,151,207	1,2,0.2665,0,254;1,4,0.2965,3,28;2,4,0.0255,0,76;0,0,0.5225,3,149;2,3,0.9395,0,19;1,0,0.0195,0,111
ood_compose_epi-00683	3	0	0	201,34,56,178,197,45,204,149,16,28,117,198,190,69,111,75,85,3,44,145,68,185,91,93,135,211,13,100,115,201,124,21,59,141,139,153	2,3,0.0945,0,129;3,0,0.8405,0,128;7,1,0.8375,0,53;2,3,0.7055,0,136;3,5,0.6905,0,48;3,5,0.6055,0,116
ood_compose_epi-00684	5	2	2	66,29,22,36,114,125,147,196,182,179,63,102,169,141,40,106,157,87,16,183,89,188,55,46,157,69,78,193,117,137,11,134,151,93,214,5	4,1,0.0325,1,131;4,2,0.0055,1,239;6,5,0.4645,0,159;5,5,0.2135,0,161;5,0,0.4885,0,0;4,4,0.3995,0,160
ood_compose_epi-00685	5	2	2	90,191,46,166,168,40,215,165,167,195,141,139,168,82,39,151,20,63,135,197,3,12,65,117,93,106,127,113,69,104,55,147,21,31,78,170	2,2,0.8755,0,10;6,5,0.1945,1,95;6,5,0.2875,0,182;5,0,0.4405,0,54;7,0,0.3335,0,177;6,5,0.7005,0,205
ood_compose_epi-00686	6	1	0	187,93,87,146,73,173,187,21,49,102,45,41,135,108,174,191,149,127,16,114,64,70,136,196,161,25,188,11,8,90,117,141,209,38,194,60	7,1,0.1665,0,193;0,4,0.2325,0,46;0,2,0.0535,1,15;0,5,0.5825,0,62;5,2,0.4325,0,250;6,5,0.0305,0,174
ood_compose_epi-00687	8	2	0	45,111,149,54,166,41,117,78,16,181,163,69,164,182,211,38,128,113,29,141,3,130,178,10,64,90,63,147,186,159,140,103,85,153,21,93	2,0,0.1185,0,122;4,4,0.3355,0,187;5,5,0.0205,0,101;5,3,0.4855,0,159;6,5,0.2415,0,13;7,0,0.8495,0,188
ood_compose_epi-00688	0	3	0	11,58,207,152,141,117,65,90,197,207,152,40,149,137,69,135,20,162,75,124,108,175,21,113,4,45,171,164,28,148,34,98,193,86,49,93	3,1,0.9355,0,40;3,0,0.1495,0,213;0,0,0.3835,0,137;2,4,0.4055,0,168;1,2,0.2185,0,53;3,5,0.3505,0,99
ood_compose_epi-00689	10	0	0	21,76,40,159,129,9,72,45,82,199,149,19,162,100,55,176,117,186,67,13,37,204,135,187,28,88,108,145,113,208,137,93,62,181,211,141	8,3,0.7465,0,128;3,3,0.1035,0,163;6,4,0.6925,3,247;3,0,0.1215,0,190;3,2,0.2785,0,254;8,5,0.3045,0,187
ood_compose_epi-00690	3	0	0	52,15,19,91,129,203,174,85,34,144,64,93,110,61,198,135,145,161,4,184,45,115,180,30,69,161,138,196,21,149,42,77,177,98,117,172	3,5,0.7915,0,201;5,0,0.4085,0,193;3,3,0.1105,0,3;4,3,0.7185,0,53;1,4,0.7195,0,10;8,5,0.4735,3,107
ood_compose_epi-00691	5	0	0	51,141,31,112,20,193,93,7,187,44,89,107,86,127,98,21,138,14,135,145,164,64,208,149,117,79,69,155,159,58,45,34,211,161,167,194	6,4,0.8705,0,210;6,0,0.9765,0,207;2,0,0.0075,0,102;6,4,0.2015,0,148;1,1,0.0925,0,9;6,5,0.5505,0,42
ood_compose_epi-00692	7	0	0	161,117,197,84,21,141,39,193,171,137,52,1,93,69,168,122,26,145,45,90,214,133,115,67,189,76,62,169,166,149,108,44,174,18,13,104	0,3,0.5435,0,178;1,5,0.8375,0,80;3,4,0.6535,0,39;3,2,0.4875,0,125;7,2,0.7425,0,126;1,3,0.3655,0,20
ood_compose_epi-00693	9	1	0	36,109,27,65,59,160,163,164,203,45,117,133,93,181,163,137,49,83,14,88,115,105,79,146,166,171,69,141,8,166,40,215,149,20,121,21	7,4,0.8995,0,174;2,2,0.1585,0,203;0,1,0.2715,0,9;6,1,0.1465,0,150;8,3,0.6385,0,126;0,3,0.3115,0,92
ood_compose_epi-00694	5	1	2	119,159,44,65,143,36,151,71,80,104,158,84,128,137,189,19,199,21,45,132,116,60,31,213,212,189,88,158,107,15,168,7,57,198,93,146	6,5,0.6965,0,59;6,2,0.8465,0,131;8,2,0.2095,2,248;7,2,0.0435,0,165;7,1,0.8935,2,110;7,2,0.3585,2,206
ood_compose_epi-00695	0	3	0	12,34,19,209,210,108,124,82,139,47,69,179,196,130,3,187,93,43,149,211,21,52,141,117,27,190,113,174,99,148,90,209,61,78,174,66	2,2,0.6955,0,86;2,0,0.6885,2,246;3,3,0.4025,0,78;5,0,0.4405,0,104;2,2,0.3135,0,137;3,0,0.6285,0,83
ood_compose_epi-00696	1	3	0	192,10,203,62,199,99,31,93,8,141,149,160,75,46,159,40,18,160,66,36,172,117,137,156,116,85,131,57,90,110,21,129,148,71,182,178	7,0,0.4685,0,23;6,2,0.1455,1,42;8,4,0.5475,2,218;2,3,0.4405,0,180;2,4,0.8085,0,24;8,1,0.2945,0,190
ood_compose_epi-00697	6	3	0	70,60,193,188,114,87,88,107,158,2,161,27,205,118,49,149,121,17,138,173,74,40,68,196,14,141,135,161,165,105,185,45,93,21,34,148	1,4,0.3425,0,199;2,0,0.0785,0,76;0,2,0.8545,1,19;1,5,0.1565,0,102;8,1,0.5985,1,179;0,5,0.4215,0,102
ood_compose_epi-00698	1	2	2	176,147,31,131,136,101,115,58,207,191,209,3,75,41,123,51,91,21,164,191,191,11,39,69,85,169,106,151,93,18,141,182,64,45,205,117	2,1,0.4665,0,17;6,5,0.3825,0,216;2,0,0.0435,0,33;2,3,0.6305,0,115;4,0,0.7335,0,122;2,1,0.1995,0,10
ood_compose_epi-00699	1	2	2	135,40,161,209,141,159,170,187,53,93,21,147,3,12,114,117,136,69,185,213,83,37,195,199,16,65,128,99,62,88,188,75,45,33,108,151	2,2,0.1175,0,217;8,3,0.1125,0,149;4,4,0.2275,0,176;2,1,0.0675,0,181;2,2,0.4065,0,121;7,5,0.1905,0,196
ood_compose_epi-00700	5	3	2	170,45,104,57,93,141,110,68,205,180,91,62,140,151,160,69,82,127,35,164,14,7,191,21,162,117,80,171,27,135,206,20,183,44,114,148	6,4,0.8265,0,115;2,1,0.8155,0,91;8,4,0.8435,0,18;7,0,0.6785,0,173;7,4,0.5975,0,147;6,5,0.8065,0,82
ood_compose_epi-00701	3	0	0	210,64,50,106,21,69,18,158,37,121,143,180,181,33,180,173,45,63,84,73,115,195,145,99,137,149,14,4,89,117,208,134,93,215,43,166	3,4,0.4575,0,124;8,3,0.6515,0,230;1,5,0.0345,0,171;0,2,0.2605,0,234;2,0,0.6355,0,32;0,4,0.2235,2,120
ood_compose_epi-00702	3	0	0	45,13,76,141,167,111,19,201,182,191,89,58,87,21,36,136,152,30,145,9,131,50,162,43,117,126,194,100,67,116,149,203,189,93,69,176	8,3,0.7305,0,239;5,2,0.7475,0,180;1,0,0.7595,0,224;3,5,0.3355,0,32;3,5,0.8115,0,197;5,1,0.0465,0,152
ood_compose_epi-00703	10	3	0	69,92,198,211,215,20,167,108,117,195,21,82,27,35,41,149,194,93,54,139,98,116,125,141,9,172,162,148,201,14,132,81,67,46,61,211	8,4,0.8545,0,189;2,1,0.3735,1,74;5,3,0.6825,0,225;8,0,0.8075,0,162;1,2,0.8985,0,25;4,2,0.7545,0,192
ood_compose_epi-00704	7	2	0	111,19,134,149,181,141,138,199,75,201,5,98,116,25,152,21,69,44,205,215,37,45,117,88,59,87,181,93,147,174,187,65,125,11,50,180	4,1,0.7055,0,165;0,3,0.8595,0,255;1,1,0.3145,0,227;2,5,0.0115,0,159;1,5,0.8265,0,229;4,4,0.5315,0,17
ood_compose_epi-00705	5	3	1	1,131,12,202,168,161,18,196,187,75,150,106,58,31,21,211,67,105,39,126,117,92,192,45,115,170,69,185,178,139,148,87,96,42,141,51	0,2,0.4985,0,19;6,5,0.5955,0,117;2,0,0.7465,0,177;2,5,0.9495,3,129;8,0,0.7075,0,218;5,1,0.6835,0,115
ood_compose_epi-00706	6	0	2	55,33,93,214,34,21,161,137,113,97,157,194,69,122,180,20,41,111,47,117,58,64,134,141,183,84,176,169,88,79,167,151,13,1,145,166	0,3,0.8565,0,28;8,0,0.3995,2,9;6,0,0.1395,0,57;6,2,0.0835,0,255;0,5,0.3015,0,240;1,4,0.3935,0,117
ood_compose_epi-00707	2	2	0	162,83,12,88,165,49,130,162,93,188,21,16,70,68,208,141,171,117,58,104,126,112,174,73,147,149,43,107,46,138,31,39,1,154,193,153	0,2,0.0945,0,84;6,5,0.7685,1,162;0,0,0.8105,1,190;0,1,0.0945,0,71;7,1,0.0485,0,142;5,0,0.5015,0,125
ood_compose_epi-00708	9	0	1	215,89,128,138,37,186,4,177,141,178,145,56,158,110,73,41,87,14,25,99,155,21,170,134,150,174,60,69,154,114,68,93,118,168,45,18	3,4,0.5785,0,43;0,3,0.3255,0,90;7,2,0.9695,0,15;0,5,0.3485,0,91;2,4,0.4415,1,141;7,4,0.4575,0,117
ood_compose_epi-00709	10	0	1	66,150,114,158,26,186,5,182,69,89,203,93,176,122,63,189,204,14,48,117,53,19,152,133,136,102,155,23,43,73,212,87,110,36,141,145	4,4,0.6775,2,23;1,2,0.6885,3,96;4,5,0.4565,0,12;0,5,0.3515,0,35;5,4,0.4575,0,81;1,3,0.0325,0,28
ood_compose_epi-00710	0	3	0	37,14,177,118,201,201,93,162,89,190,141,76,148,187,187,124,45,196,100,135,44,108,65,112,21,196,8,59,140,86,149,18,29,69,52,171	7,4,0.5405,0,241;4,3,0.9775,0,131;3,1,0.2585,0,147;3,4,0.2985,0,186;3,2,0.0175,1,87;3,5,0.9215,0,167
ood_compose_epi-00711	2	3	2	206,140,148,151,93,211,173,21,12,159,122,69,143,210,58,115,169,89,9,152,30,105,45,194,54,120,212,17,83,65,41,134,183,34,109,75	8,2,0.3175,0,85;5,0,0.3645,0,83;5,0,0.2505,0,5;2,1,0.2355,0,123;8,3,0.7705,3,181;1,4,0.8485,2,161
ood_compose_epi-00712	9	3	2	61,183,148,135,65,93,139,103,15,22,45,69,180,141,151,191,129,112,83,51,37,214,109,117,158,160,5,188,179,80,190,32,91,43,204,16	4,5,0.1575,1,136;7,3,0.6615,0,91;2,3,0.3475,0,3;7,1,0.6965,0,208;6,3,0.0985,0,251;8,5,0.7885,0,36
ood_compose_epi-00713	1	1	1	39,64,52,88,119,47,146,158,137,76,19,186,112,69,193,180,141,133,175,28,168,84,93,154,104,129,199,21,58,178,110,176,12,43,150,3	2,2,0.7955,0,208;3,5,0.6205,2,58;3,0,0.0375,0,252;3,2,0.1945,0,240;7,4,0.1665,2,200;8,3,0.2095,0,41
ood_compose_epi-00714	1	2	0	21,172,58,34,84,149,178,147,182,133,27,69,160,204,137,211,3,89,115,163,141,19,117,64,187,13,123,111,75,158,95,45,41,103,51,195	2,3,0.7145,0,253;2,0,0.3895,0,188;2,0,0.1675,0,101;2,2,0.3145,2,211;6,5,0.6985,0,136;2,3,0.3095,0,39
ood_compose_epi-00715	8	2	2	147,91,133,93,151,115,196,143,160,12,40,203,19,180,31,36,121,117,139,8,49,99,107,160,64,69,199,157,159,45,60,21,200,212,84,78	7,2,0.7825,0,9;6,2,0.1995,0,143;0,2,0.0305,0,36;5,2,0.6935,0,147;2,1,0.6995,0,50;0,3,0.6065,2,232
ood_compose_epi-00716	5	2	2	205,117,88,103,165,111,36,147,80,160,209,60,182,1,72,187,164,20,25,204,136,135,161,65,121,21,93,11,56,40,151,82,141,45,116,168	0,1,0.9795,0,146;0,2,0.0185,0,70;7,2,0.3535,3,182;7,0,0.0155,0,26;6,5,0.9785,0,239;0,5,0.1825,0,162
ood_compose_epi-00717	1	2	0	55,137,69,39,75,186,59,45,67,20,21,205,112,204,102,117,164,211,95,149,153,193,40,141,6,84,14,173,108,30,92,133,207,165,123,147	5,4,0.9895,0,92;5,5,0.1235,0,116;6,1,0.7965,0,93;2,2,0.9035,2,53;5,2,0.0305,0,158;2,3,0.2425,0,93
ood_compose_epi-00718	1	2	1	38,13,72,16,143,93,201,43,139,27,203,123,117,163,56,45,174,130,8,186,164,166,147,66,113,150,99,63,87,175,21,196,89,75,205,109	7,3,0.0015,0,58;2,4,0.7105,0,46;7,5,0.4595,3,68;2,5,0.3325,0,31;2,3,0.3285,0,60;2,0,0.6995,2,66
ood_compose_epi-00719	6	0	2	178,142,99,136,14,169,106,60,135,51,208,64,21,25,123,91,161,19,3,187,151,73,174,213,173,145,45,84,39,188,43,69,113,117,95,190	2,4,0.6595,0,217;0,5,0.6875,0,109;2,2,0.1545,0,85;0,2,0.6895,2,183;2,0,0.2295,0,212;2,5,0.0985,1,10
ood_compose_epi-00720	10	0	0	204,86,21,145,153,7,69,124,204,32,149,68,77,20,90,62,142,208,117,41,183,11,133,93,34,45,136,173,194,107,179,154,205,116,57,97	6,1,0.8095,0,150;7,0,0.3235,0,135;8,4,0.9295,0,36;4,4,0.4935,0,88;0,1,0.9145,0,66;3,3,0.0815,1,250
ood_compose_epi-00721	5	1	0	111,64,215,86,27,117,211,103,79,136,163,179,206,93,88,186,39,45,185,146,115,149,199,134,56,141,40,157,11,21,210,20,123,59,69,8	7,1,0.8465,0,105;2,5,0.1125,0,186;7,1,0.1745,0,250;6,4,0.1765,0,237;6,5,0.7125,0,72;2,4,0.1795,0,76
ood_compose_epi-00722	5	1	2	200,115,58,7,127,212,39,198,28,194,146,179,55,69,182,92,21,20,103,107,117,96,87,141,151,136,193,81,45,157,130,15,43,184,64,172	6,5,0.8315,0,160;3,5,0.7505,0,106;6,0,0.0735,0,111;8,5,0.9565,3,65;6,1,0.7765,0,235;6,0,0.1555,0,27
ood_compose_epi-00723	5	2	1	86,141,156,166,185,61,113,75,147,39,200,139,162,51,150,93,31,97,130,88,68,173,171,43,201,15,45,17,158,70,21,123,165,3,117,110	2,5,0.2875,0,228;6,5,0.6065,0,90;2,3,0.9505,1,182;2,4,0.1155,0,143;0,4,0.2885,0,205;2,0,0.6445,0,199
ood_compose_epi-00724	1	2	0	144,92,29,22,182,69,147,67,186,202,93,35,61,181,149,10,51,86,115,198,167,140,159,135,17,204,45,158,120,43,111,99,75,126,184,6	5,0,0.3205,1,138;4,1,0.6005,0,14;2,3,0.7915,0,247;2,4,0.8835,0,16;2,5,0.6845,3,157;5,5,0.8075,3,128
ood_compose_epi-00725	1	3	0	117,141,148,21,66,69,121,189,153,203,132,90,149,8,27,38,111,51,115,13,167,44,61,193,80,137,184,202,45,20,161,101,153,83,95,175	7,3,0.8745,0,69;2,4,0.9935,0,19;2,3,0.5045,0,107;7,1,0.4485,2,243;4,5,0.6485,0,186;0,2,0.3385,0,11
ood_compose_epi-00726	5	2	0	172,180,74,21,37,192,63,147,43,119,55,93,176,189,17,25,200,83,136,89,3,180,195,101,113,110,121,11,149,180,141,69,135,68,45,154	2,1,0.3595,0,128;0,3,0.7405,0,23;6,5,0.9255,0,124;1,1,0.2275,0,92;4,4,0.3935,2,55;0,5,0.1875,0,143
ood_compose_epi-00727	9	2	2	119,43,93,201,204,45,87,58,80,68,103,147,210,56,128,151,190,176,175,141,88,201,194,32,109,207,130,20,116,10,69,21,38,6,199,137	5,0,0.8275,0,245;7,4,0.7265,0,2;7,0,0.8055,0,204;7,5,0.0685,0,30;6,3,0.9375,2,203;7,0,0.2225,0,117
ood_compose_epi-00728	6	3	0	41,69,173,140,84,10,93,202,148,202,173,108,35,173,117,51,197,62,121,65,188,45,21,114,198,149,141,186,97,1,158,31,77,17,135,90	0,0,0.2495,0,51;6,1,0.2155,0,140;2,4,0.3735,0,48;4,2,0.4745,0,202;0,2,0.5705,0,20;0,5,0.9685,0,235
ood_compose_epi-00729	9	1	1	80,56,59,99,196,109,12,70,112,140,156,161,45,117,130,65,191,91,202,121,143,21,171,87,19,43,36,1,211,161,32,150,146,193,171,93	0,2,0.7425,0,150;7,2,0.7565,0,31;7,1,0.3395,1,112;7,5,0.6255,0,203;2,3,0.1555,0,22;0,0,0.8915,2,25
ood_compose_epi-00730	6	1	0	209,73,45,35,91,157,170,171,152,215,130,112,175,149,52,60,93,2,120,100,109,71,28,180,138,205,85,156,141,10,20,146,68,124,43,21	1,0,0.8255,0,169;3,1,0.6035,0,229;3,2,0.8875,2,89;0,3,0.7915,0,86;3,3,0.0745,3,111;3,0,0.4645,0,45
ood_compose_epi-00731	9	2	1	147,113,130,157,84,98,150,13,195,108,143,24,175,89,19,193,169,42,122,183,205,198,117,38,188,93,136,69,2,173,45,56,63,65,74,32	1,3,0.7555,3,127;7,4,0.4755,0,229;7,5,0.3635,0,57;1,2,0.2355,0,182;1,2,0.2265,0,51;1,0,0.0205,2,164
ood_compose_epi-00732	7	1	2	178,117,195,141,210,60,80,83,27,88,164,37,65,179,56,16,47,110,121,135,156,115,98,93,69,146,12,169,40,21,204,213,136,3,151,186	2,2,0.1895,0,30;2,3,0.0225,2,168;7,2,0.3745,0,59;7,1,0.0275,0,41;1,4,0.7285,0,78;0,5,0.0585,0,30
ood_compose_epi-00733	0	3	1	148,113,21,86,27,35,141,209,187,78,201,3,40,99,124,93,58,140,174,69,66,11,109,209,132,166,213,16,117,46,89,150,215,195,49,191	2,1,0.1405,0,187;2,1,0.1735,1,88;0,0,0.5085,0,251;5,4,0.3505,0,178;2,3,0.2765,0,233;3,2,0.8775,0,77
ood_compose_epi-00734	7	1	2	209,132,157,45,19,59,190,64,146,141,118,122,99,84,202,40,89,10,74,30,151,50,166,2,176,210,192,168,116,93,21,36,185,107,70,136	1,0,0.6905,0,218;5,2,0.0945,0,132;1,1,0.1395,1,46;1,2,0.3045,0,58;2,1,0.9965,1,117;1,2,0.1345,0,63
ood_compose_epi-00735	9	3	0	36,133,110,171,11,125,148,45,64,158,198,88,149,166,21,117,175,143,200,49,17,8,152,184,59,215,77,196,69,85,138,113,93,104,42,32	7,1,0.2375,0,171;7,2,0.4615,0,30;0,1,0.1575,0,224;4,3,0.0665,0,1;7,4,0.3085,0,233;4,3,0.5445,2,69
ood_compose_epi-00736	1	2	2	117,49,16,133,45,90,61,151,3,214,108,203,87,27,44,128,153,141,210,13,187,199,201,147,93,209,103,196,116,185,65,21,75,138,37,69	2,3,0.1515,0,68;2,3,0.9445,0,159;0,3,0.3435,0,14;2,5,0.5055,0,61;6,2,0.8855,0,242;7,3,0.4005,0,106
ood_compose_epi-00737	7	1	1	177,43,74,6,193,93,69,21,212,28,90,114,173,19,204,53,98,131,176,124,47,117,189,109,137,13,62,197,83,68,146,161,141,38,150,194	5,3,0.7805,0,43;3,4,0.6065,2,22;4,4,0.8315,0,17;1,1,0.4255,0,64;1,3,0.5445,0,217;3,1,0.3815,0,51
ood_compose_epi-00738	1	0	0	145,162,144,68,205,132,114,117,89,153,94,207,62,198,165,28,140,189,51,157,69,21,99,87,168,12,174,73,40,122,149,109,45,3,35,18	2,2,0.4625,0,91;3,1,0.1595,0,144;2,4,0.8015,0,5;0,5,0.3035,1,54;2,3,0.5975,0,252;1,2,0.8905,3,86
ood_compose_epi-00739	10	2	2	153,5,65,95,126,130,138,30,115,172,147,117,42,151,154,72,89,63,204,211,14,39,101,208,212,84,20,107,205,190,51,80,21,180,143,45	4,4,0.9705,0,38;5,5,0.5345,0,213;2,5,0.2135,3,166;7,2,0.2405,2,131;4,1,0.7375,0,33;5,0,0.5145,2,78
ood_compose_epi-00740	10	0	2	108,162,45,92,65,125,13,115,56,193,172,151,3,93,98,156,117,21,139,145,175,44,38,83,69,173,135,214,211,16,159,62,77,201,28,141	2,3,0.0045,0,234;3,4,0.9335,0,131;7,4,0.3015,0,175;4,1,0.9655,0,34;1,2,0.6065,0,89;4,5,0.6035,0,1
ood_compose_epi-00741	9	1	2	117,60,45,122,204,190,155,80,67,34,141,146,32,12,93,166,42,17,89,134,169,98,21,215,205,82,5,116,213,138,211,56,69,106,187,151	4,2,0.3955,0,236;7,0,0.5455,0,1;7,2,0.6405,0,87;7,0,0.3045,0,226;1,0,0.9435,0,175;1,4,0.5925,0,93
ood_compose_epi-00742	5	0	0	67,45,191,139,28,42,82,182,168,71,57,178,159,126,21,90,106,36,117,145,15,93,199,18,98,133,141,78,180,159,112,202,149,186,63,7	6,5,0.5115,0,241;3,2,0.4795,0,51;8,5,0.6945,2,105;5,0,0.5095,0,54;1,0,0.0005,0,99;5,3,0.6965,0,29
ood_compose_epi-00743	6	3	1	190,181,116,184,117,111,61,121,14,57,1,185,171,93,138,206,42,37,193,135,148,24,97,208,165,69,180,45,90,79,150,19,67,86,141,32	0,4,0.7525,3,82;7,3,0.5155,0,253;8,3,0.6365,0,227;6,4,0.4375,0,223;0,5,0.9845,0,224;0,5,0.4415,0,159
ood_compose_epi-00744	5	2	1	111,46,189,93,56,181,82,21,141,170,176,79,103,137,121,194,69,184,131,150,40,15,164,7,157,25,17,58,158,66,147,180,90,114,36,117	6,5,0.2925,0,33;0,2,0.1185,1,217;7,0,0.4135,0,191;6,0,0.4105,0,96;6,5,0.4845,0,183;0,1,0.3375,0,66
ood_compose_epi-00745	9	1	0	199,173,191,23,141,16,45,194,146,149,15,117,37,190,111,87,42,76,137,124,93,155,167,9,180,190,131,105,58,67,55,88,114,32,206,69	8,5,0.1795,2,180;7,3,0.5375,0,238;6,0,0.7385,0,150;3,5,0.1105,0,41;8,5,0.4325,0,95;3,1,0.3735,0,106
ood_compose_epi-00746	8	0	1	215,152,205,117,17,178,12,107,69,206,44,141,60,135,65,210,8,112,21,78,56,139,154,181,145,126,45,84,93,34,178,154,104,150,31,90	7,2,0.3415,0,54;6,0,0.8695,0,185;7,2,0.3465,0,238;5,2,0.4245,0,204;7,1,0.1185,0,203;5,5,0.6565,0,55
ood_compose_epi-00747	0	3	0	168,111,10,152,54,211,37,4,207,163,171,93,66,144,86,131,45,18,28,214,76,97,114,124,149,117,21,59,169,90,138,207,203,43,69,148	3,0,0.5505,0,20;3,3,0.7675,0,32;5,1,0.4655,0,151;3,4,0.5405,0,122;0,5,0.4385,0,130;3,1,0.4045,3,124
ood_compose_epi-00748	10	3	2	151,62,128,9,69,100,116,84,207,18,141,13,174,203,93,148,135,161,107,187,45,166,76,203,158,66,35,174,21,91,40,196,117,57,139,28	8,3,0.4435,0,83;3,1,0.0225,0,85;8,4,0.4405,0,231;3,2,0.6075,0,154;3,1,0.8565,0,7;7,5,0.7505,0,88
ood_compose_epi-00749	8	1	0	93,134,191,21,106,64,201,91,27,146,62,140,141,74,16,214,208,51,44,3,34,189,172,149,105,112,126,119,47,208,84,175,69,14,200,163	2,4,0.0215,0,58;2,0,0.8985,2,227;2,4,0.1095,0,243;1,2,0.6005,0,177;8,0,0.0855,2,202;5,4,0.8425,0,96
ood_compose_epi-00750	10	3	2	36,116,78,110,86,91,189,158,23,94,15,183,30,156,58,168,151,102,161,17,69,49,45,44,67,199,162,141,148,138,6,129,197,117,133,184	5,5,0.3415,2,176;5,2,0.8065,0,186;0,0,0.7725,0,222;5,4,0.7675,1,193;5,4,0.9415,0,108;8,3,0.5445,0,57
ood_compose_epi-00751	10	3	2	21,111,6,26,159,136,153,16,36,93,114,181,151,117,130,123,200,62,45,85,148,41,215,170,215,52,11,80,142,105,183,170,64,174,69,89	5,1,0.1395,0,189;1,2,0.2635,0,95;3,4,0.0285,0,11;7,3,0.2625,0,226;8,5,0.4545,0,132;2,0,0.1335,1,162
ood_compose_epi-00752	1	0	2	134,159,43,151,45,141,28,145,155,63,212,172,117,14,67,93,69,169,53,24,196,214,87,16,88,3,199,99,115,77,193,123,138,109,173,36	2,4,0.0425,3,91;3,2,0.7275,0,98;4,5,0.6585,0,254;4,5,0.0135,0,218;2,3,0.7765,0,109;2,4,0.5795,0,72
ood_compose_epi-00753	10	0	2	185,165,40,123,58,76,46,101,35,206,21,18,137,5,13,141,108,210,90,145,161,113,159,50,119,83,162,66,151,69,156,93,28,131,168,157	4,3,0.5935,0,150;3,1,0.1485,1,25;1,0,0.4625,0,76;3,1,0.5745,0,212;4,2,0.3395,2,125;2,1,0.3195,0,0
ood_compose_epi-00754	3	0	0	109,90,100,65,21,117,19,188,157,52,46,214,131,69,209,4,42,207,10,114,191,29,140,123,62,76,83,93,158,38,145,149,158,142,179,171	3,0,0.6125,0,76;4,4,0.4995,1,92;3,4,0.3695,0,73;3,1,0.4875,0,51;3,3,0.4405,0,108;2,1,0.8085,1,80
ood_compose_epi-00755	8	2	0	158,149,167,177,107,125,93,186,21,113,17,91,40,203,141,187,45,58,137,87,14,36,132,33,171,78,69,147,187,54,3,97,161,117,194,65	2,4,0.2535,0,71;8,2,0.0175,0,85;5,0,0.3535,0,113;5,5,0.6855,0,54;0,1,0.2155,0,145;4,2,0.3015,0,208
ood_compose_epi-00756	10	0	2	90,38,113,87,205,4,186,21,156,33,141,67,123,133,93,145,187,151,214,14,61,201,105,190,43,190,72,120,199,17,199,138,106,45,56,81	3,4,0.3055,0,92;8,4,0.6175,0,189;7,3,0.7545,3,60;8,5,0.5535,0,120;8,0,0.2775,3,221;2,3,0.4375,0,49
ood_compose_epi-00757	1	1	0	129,74,114,37,108,157,158,93,213,149,27,136,171,134,45,99,146,19,117,4,196,58,188,21,158,141,195,14,92,86,198,56,42,65,69,193	3,4,0.6915,0,103;2,3,0.5065,0,57;7,0,0.2555,0,152;1,4,0.8595,0,226;2,2,0.4965,0,54;8,4,0.1295,0,245
ood_compose_epi-00758	6	2	1	86,135,19,139,38,93,79,147,193,121,197,59,69,177,150,205,41,110,7,209,45,66,184,112,21,12,103,159,117,25,88,55,187,190,195,141	6,2,0.6615,0,112;0,4,0.3635,0,71;6,1,0.5275,0,46;6,4,0.0195,0,156;6,4,0.1585,0,128;0,5,0.6615,0,110
ood_compose_epi-00759	3	0	2	171,77,21,134,88,84,45,194,35,123,16,158,140,115,171,117,188,43,100,145,163,173,151,142,71,51,93,63,199,196,165,3,107,64,14,28	2,4,0.1515,0,160;3,1,0.7185,0,35;2,5,0.1785,2,15;4,2,0.1895,0,72;3,1,0.7465,0,35;2,4,0.8375,1,193
ood_compose_epi-00760	9	2	1	26,11,20,134,164,68,50,150,42,141,69,38,113,208,96,186,108,139,169,85,197,128,117,24,80,47,60,156,90,147,212,98,1,209,200,168	0,1,0.8895,3,78;1,4,0.4255,2,9;1,2,0.9835,0,232;7,3,0.5515,3,235;1,2,0.3275,0,97;7,4,0.7485,0,94
ood_compose_epi-00761	8	3	2	142,92,102,30,148,10,161,51,167,134,151,45,18,21,93,38,210,129,84,187,44,116,180,106,65,4,63,192,76,69,206,117,138,208,180,173	3,0,0.4975,0,9;5,4,0.9065,0,102;2,5,0.3595,0,120;3,2,0.8795,0,252;5,0,0.9005,0,209;8,4,0.4435,1,247
ood_compose_epi-00762	2	2	1	59,48,200,210,130,158,116,19,141,200,163,22,93,51,106,8,192,198,137,147,166,128,30,13,150,155,99,36,68,155,69,117,80,40,84,92	7,3,0.7635,1,189;5,2,0.1285,3,95;2,1,0.8165,0,59;7,2,0.8255,0,60;2,0,0.9305,0,186;7,0,0.2055,0,163
ood_compose_epi-00763	7	2	1	45,54,166,2,137,41,209,98,69,36,172,108,180,86,147,90,122,60,164,116,119,131,12,74,182,153,213,141,150,19,204,64,96,21,213,26	1,2,0.6835,0,41;1,2,0.2305,0,115;5,2,0.0965,0,23;1,4,0.4435,3,61;1,2,0.8975,2,47;1,1,0.3395,0,98
ood_compose_epi-00764	1	0	1	184,111,20,189,153,132,88,69,115,204,73,123,27,13,199,158,5,86,37,51,153,178,99,140,66,45,208,145,42,63,117,178,150,93,21,141	4,3,0.9235,0,167;2,3,0.4145,0,84;2,5,0.4365,0,237;0,4,0.1905,0,25;2,5,0.6005,0,24;2,2,0.8045,0,22
ood_compose_epi-00765	1	2	1	152,174,90,200,111,112,150,68,171,21,14,181,83,93,169,69,27,3,147,167,191,135,75,35,42,17,45,117,58,140,99,152,212,51,141,121	2,4,0.3605,0,122;2,1,0.4305,0,151;2,0,0.8095,0,108;2,1,0.4005,0,250;2,5,0.0975,0,51;0,5,0.9875,0,227
ood_compose_epi-00766	5	1	1	209,113,164,21,38,206,7,131,156,126,154,81,25,94,178,49,146,208,88,40,45,169,141,110,170,64,117,69,150,61,15,215,82,105,137,19	6,5,0.7445,0,31;0,4,0.0445,0,30;0,3,0.1775,0,245;8,0,0.1755,1,184;8,4,0.2815,0,151;5,1,0.2105,0,32
ood_compose_epi-00767	1	0	1	215,117,58,110,12,72,141,45,51,123,156,79,210,140,150,42,198,170,113,22,87,200,27,17,153,212,90,168,157,145,68,2,35,132,99,93	1,2,0.2455,1,97;2,1,0.4195,0,14;2,0,0.8545,3,116;6,5,0.5235,0,172;2,4,0.2765,0,45;2,2,0.9655,0,170
ood_compose_epi-00768	1	3	0	62,68,193,161,198,46,115,123,208,159,93,117,137,134,213,21,69,35,12,91,54,83,18,106,193,179,141,149,42,33,148,76,166,104,3,209	2,2,0.4495,0,16;8,1,0.5815,1,142;5,4,0.9225,0,15;3,1,0.6275,0,40;7,0,0.6145,0,200;2,4,0.2775,0,119
ood_compose_epi-00769	7	1	0	141,186,21,214,132,136,93,98,146,39,62,54,40,90,195,113,122,86,149,213,45,117,204,74,192,25,69,19,68,185,201,108,209,161,14,2	1,4,0.7545,0,54;0,5,0.1175,0,173;5,4,0.9425,0,133;1,4,0.4505,0,6;1,2,0.2945,0,169;1,2,0.1125,0,21
ood_compose_epi-00770	1	3	2	17,151,186,40,85,209,117,164,174,172,79,53,34,92,126,172,21,69,211,10,148,99,177,168,7,94,45,140,65,109,130,114,63,202,27,141	6,0,0.3245,0,42;2,0,0.1375,0,56;4,5,0.3405,0,242;6,3,0.8835,1,54;2,3,0.4045,0,98;5,0,0.9735,0,138
ood_compose_epi-00771	5	0	1	12,182,67,72,59,150,73,135,91,214,103,161,214,175,95,172,179,54,138,141,83,35,180,145,27,45,199,6,40,108,127,117,114,164,16,24	5,2,0.0125,3,47;2,1,0.1695,0,173;5,1,0.7755,3,209;0,1,0.6445,2,75;6,2,0.4035,0,80;6,5,0.4805,0,227
ood_compose_epi-00772	5	1	1	39,65,146,21,189,180,1,141,17,45,103,201,134,110,87,58,164,77,52,168,15,171,126,69,200,162,42,140,90,112,96,31,206,117,150,159	0,5,0.3785,0,32;6,5,0.5495,0,245;3,0,0.3505,0,127;4,5,0.5095,3,189;6,4,0.0215,0,173;5,4,0.9675,0,126
ood_compose_epi-00773	9	3	2	26,159,132,117,163,49,4,93,141,12,175,36,106,45,151,186,123,102,80,65,177,62,42,176,69,21,136,92,148,180,17,156,209,113,198,87	3,2,0.2075,0,152;1,2,0.4245,0,210;0,4,0.3545,0,91;7,5,0.9595,0,137;5,0,0.3605,0,104;2,2,0.0265,0,240
ood_compose_epi-00774	6	0	2	63,115,145,181,42,30,185,134,173,151,97,65,180,139,51,47,141,11,35,3,96,111,80,194,171,21,117,19,126,86,152,92,69,159,152,173	2,1,0.6815,0,169;5,1,0.5565,2,45;2,5,0.3125,0,110;7,4,0.8595,3,239;0,5,0.7615,0,90;5,4,0.6995,0,192
ood_compose_epi-00775	5	1	2	26,70,7,93,141,138,20,151,201,89,43,176,119,154,122,110,146,83,132,67,204,175,63,189,13,39,183,177,162,116,182,46,21,77,101,57	6,3,0.8495,0,126;1,5,0.7105,1,202;8,5,0.7525,1,151;4,1,0.3915,0,51;4,4,0.9455,2,15;1,2,0.4955,0,148
ood_compose_epi-00776	8	0	1	198,73,17,213,92,167,125,66,42,45,85,21,197,15,198,142,145,202,54,150,114,108,202,117,210,69,6,93,135,102,30,137,34,61,199,194	5,5,0.2145,0,143;5,0,0.4615,0,128;5,3,0.4845,0,248;0,3,0.9605,0,101;5,2,0.4305,0,6;4,5,0.2595,1,166
ood_compose_epi-00777	7	0	0	65,193,91,44,141,138,93,27,134,176,85,98,21,50,185,121,186,2,158,187,60,34,69,193,109,17,74,161,11,112,47,119,149,145,175,152	1,1,0.3995,0,29;2,0,0.9185,2,197;1,2,0.3325,0,84;1,3,0.7985,0,72;1,3,0.1415,2,185;0,4,0.5875,0,82
ood_compose_epi-00778	6	1	1	87,90,45,201,150,62,111,38,117,51,165,179,23,192,15,134,18,165,141,121,146,152,194,97,68,27,93,189,81,213,115,140,70,1,171,44	0,5,0.5375,2,230;2,4,0.8045,0,123;2,4,0.9755,1,96;8,5,0.4935,0,251;0,5,0.6765,0,98;0,4,0.9215,0,131
ood_compose_epi-00779	5	2	2	188,113,93,151,20,202,60,65,158,7,156,147,140,121,162,49,87,15,117,141,169,201,206,97,75,200,45,43,91,134,69,204,107,37,32,21	6,5,0.9575,0,182;7,3,0.6915,0,97;0,2,0.2145,0,118;2,5,0.6315,0,106;0,1,0.3045,0,73;0,4,0.9855,0,96
ood_compose_epi-00780	10	2	1	18,93,150,113,166,68,21,54,184,125,141,206,194,69,30,47,155,3,39,43,147,133,62,86,105,15,156,90,157,157,109,77,136,117,212,201	2,5,0.5255,0,50;5,5,0.6335,2,134;5,4,0.8785,0,56;4,4,0.4585,0,217;8,3,0.2265,0,77;4,3,0.1775,0,234
ood_compose_epi-00781	1	3	2	211,141,115,84,45,167,3,131,127,210,71,59,109,117,148,16,26,64,180,42,89,151,52,162,93,192,99,177,75,161,21,188,35,10,191,137	2,0,0.0245,0,84;1,1,0.4955,0,163;3,1,0.1225,2,222;2,2,0.2235,0,49;2,3,0.7195,0,215;6,1,0.3505,0,120
ood_compose_epi-00782	9	1	0	176,66,21,61,114,82,91,44,39,208,194,69,199,135,45,17,180,93,56,80,195,158,141,120,33,99,190,146,191,137,161,12,149,8,129,111	7,2,0.3585,0,163;8,5,0.8005,0,1;7,3,0.4115,0,183;7,0,0.7805,0,66;2,5,0.4445,3,152;8,5,0.2065,0,220
ood_compose_epi-00783	0	3	0	117,9,38,93,84,213,196,70,149,45,210,28,133,21,170,202,81,115,206,100,12,173,91,61,68,184,144,137,148,183,41,16,185,129,54,107	8,2,0.0905,0,191;3,4,0.2715,0,228;5,3,0.9785,1,163;8,2,0.7995,0,42;3,1,0.7385,0,197;8,3,0.3765,3,207
ood_compose_epi-00784	7	0	1	199,12,52,141,1,100,93,150,114,65,84,214,122,117,203,133,173,145,20,186,202,211,24,199,45,165,42,38,63,107,88,140,70,210,30,75	0,2,0.9635,3,212;5,4,0.4055,0,213;3,5,0.2805,1,172;2,2,0.0955,0,71;3,1,0.4725,0,39;1,3,0.8015,0,137
ood_compose_epi-00785	5	3	1	45,199,162,93,74,197,197,21,41,171,92,125,161,101,148,18,132,11,38,117,166,55,139,110,69,200,85,113,29,66,194,144,161,63,150,5	4,1,0.5545,0,66;4,4,0.2095,0,222;6,5,0.5885,0,148;1,3,0.8925,0,94;4,4,0.2595,0,33;4,2,0.6165,3,119
ood_compose_epi-00786	9	0	2	129,141,22,59,84,136,205,4,171,66,185,37,80,52,203,111,155,154,115,192,145,151,162,45,71,20,118,101,93,31,92,41,10,156,187,131	3,0,0.9715,1,157;6,3,0.2305,0,90;3,1,0.4135,2,232;7,2,0.9065,0,9;4,5,0.6085,1,45;8,1,0.1805,0,165
ood_compose_epi-00787	1	2	0	163,138,149,190,109,54,64,126,95,99,48,155,157,44,3,18,92,78,61,192,31,83,207,69,11,147,205,161,21,134,170,116,159,117,141,37	2,1,0.5605,0,9;6,3,0.8335,3,110;5,3,0.0495,0,171;5,1,0.8865,2,143;2,3,0.8405,0,85;5,4,0.4475,0,120
ood_compose_epi-00788	5	2	2	43,175,55,60,151,98,15,109,93,213,7,180,192,123,142,17,86,31,161,47,79,147,198,91,35,140,161,67,135,213,171,215,117,114,69,21	6,5,0.3565,0,50;6,1,0.6035,2,113;6,2,0.6785,0,9;6,4,0.7095,0,255;1,3,0.4675,0,178;2,5,0.8635,1,142
ood_compose_epi-00789	5	2	1	13,23,205,210,150,45,72,190,19,119,36,189,154,58,5,41,141,125,130,147,67,110,162,189,49,89,171,87,29,93,137,113,101,205,79,204	4,3,0.7905,2,100;4,2,0.2865,0,119;0,0,0.6605,3,206;6,5,0.3865,0,4;4,4,0.3045,2,215;4,0,0.2135,0,47
ood_compose_epi-00790	9	2	1	64,15,183,169,139,99,117,127,21,213,212,193,8,131,147,108,167,141,41,94,69,75,36,87,114,157,189,205,54,32,200,150,59,92,45,20	7,5,0.8495,0,224;7,2,0.3545,0,123;5,1,0.0825,0,191;2,5,0.9925,1,67;2,2,0.4965,0,237;6,1,0.6675,0,115
ood_compose_epi-00791	2	3	1	44,117,108,66,86,187,95,21,153,90,207,192,26,12,62,159,52,74,201,212,69,45,20,173,141,2,162,101,202,136,35,148,122,113,133,150	1,2,0.9475,0,230;1,1,0.8105,0,180;3,4,0.4955,0,209;1,4,0.5345,2,99;4,2,0.3925,0,206;1,3,0.0625,0,127
ood_compose_epi-00792	2	3	0	113,107,204,12,21,92,184,68,29,160,149,137,190,162,60,77,82,101,3,176,148,204,117,41,48,194,19,69,132,125,195,141,205,50,37,95	2,2,0.6225,0,30;4,3,0.3045,3,95;1,2,0.8455,0,180;4,0,0.8675,2,93;4,1,0.2315,0,218;4,2,0.2725,0,240
ood_compose_epi-00793	5	1	0	157,91,6,130,183,50,121,154,84,43,140,69,149,116,156,215,10,31,204,173,141,65,39,95,103,45,192,153,117,146,19,111,169,80,58,21	5,0,0.7315,0,172;6,5,0.7105,0,233;1,0,0.3565,0,130;7,2,0.6515,2,20;6,5,0.8015,0,171;0,0,0.9535,0,86
ood_compose_epi-00794	5	0	1	117,60,10,123,84,109,41,210,150,69,166,159,163,145,211,24,45,19,197,67,52,7,115,31,79,92,177,184,39,136,101,132,176,93,204,141	6,0,0.6915,3,207;6,5,0.3135,0,0;3,2,0.6875,0,138;6,2,0.8205,0,179;4,3,0.7275,0,0;2,2,0.0495,0,25
ood_compose_epi-00795	2	1	2	100,202,96,69,201,21,50,131,92,117,169,13,37,139,191,113,79,85,198,59,48,29,16,154,146,121,203,107,198,204,44,141,66,7,151,179	6,3,0.1905,0,44;4,3,0.8815,3,222;1,1,0.4305,0,149;6,3,0.8855,3,136;3,1,0.2045,0,54;0,1,0.6375,0,145
ood_compose_epi-00796	8	2	0	99,213,51,14,106,41,61,69,116,200,130,195,199,117,208,78,149,91,20,82,152,21,147,45,141,30,190,64,34,122,6,209,172,198,140,93	5,4,0.8805,0,93;5,0,0.3945,0,129;2,3,0.0635,0,33;5,0,0.7025,0,236;2,0,0.9785,0,49;1,0,0.9595,0,194
ood_compose_epi-00797	9	1	1	88,85,110,165,35,53,116,62,166,184,93,168,134,43,15,24,171,146,202,144,124,20,168,196,104,140,204,3,67,150,80,117,69,171,45,26	2,5,0.8795,3,255;1,1,0.7155,0,158;4,4,0.6675,0,112;7,3,0.1545,0,214;7,4,0.8565,0,231;3,4,0.8355,3,60
ood_compose_epi-00798	8	2	2	190,115,117,177,168,13,174,126,203,67,69,208,58,136,8,109,91,19,93,78,203,21,102,45,151,202,132,30,188,143,37,54,43,85,147,184	7,3,0.7665,0,68;5,3,0.6195,0,14;5,0,0.7125,0,74;5,3,0.7165,0,31;5,3,0.6375,0,6;5,2,0.1165,2,213
ood_compose_epi-00799	5	1	1	197,21,185,146,45,153,4,195,173,135,117,198,126,66,88,181,36,110,175,41,210,57,62,150,11,93,33,103,114,136,18,141,160,74,70,83	3,1,0.5935,0,14;8,2,0.3695,0,51;8,4,0.4635,1,20;1,1,0.0295,0,255;6,4,0.4415,0,48;5,5,0.1145,0,198
ood_compose_epi-00800	6	1	2	135,111,45,184,116,151,154,183,97,29,90,171,157,87,18,69,56,125,68,178,117,37,41,137,141,77,21,15,209,5,146,187,95,185,61,168	4,5,0.5865,0,83;4,3,0.3825,0,181;7,3,0.8145,0,32;4,5,0.5235,2,8;0,5,0.9315,0,33;4,5,0.2235,0,191
ood_compose_epi-00801	10	2	2	155,69,117,35,147,121,153,89,180,68,116,110,135,97,61,210,87,93,1,141,17,137,42,10,203,32,160,201,21,45,81,151,57,214,183,197	0,0,0.2035,0,1;7,1,0.4235,0,166;8,3,0.8275,0,169;8,5,0.3645,0,109;0,4,0.8745,0,0;0,5,0.2325,0,144
ood_compose_epi-00802	1	1	0	158,149,133,93,65,177,83,29,52,45,89,123,141,77,213,69,99,37,7,17,139,171,108,12,118,41,114,62,146,21,203,174,204,162,160,204	6,2,0.2355,0,140;4,3,0.2215,0,63;3,4,0.2775,0,222;4,1,0.3805,0,239;2,2,0.5025,1,36;2,3,0.6695,0,140
ood_compose_epi-00803	1	1	0	139,173,93,122,61,84,21,183,156,3,116,69,100,35,153,199,92,17,55,174,45,41,206,117,28,107,13,74,146,66,163,134,149,141,180,195	2,3,0.3715,0,226;3,1,0.2265,0,52;6,3,0.5815,0,30;1,2,0.8665,0,191;3,1,0.8415,0,134;1,4,0.6575,0,89
ood_compose_epi-00804	1	1	0	123,103,133,69,35,117,211,177,32,74,14,45,146,43,159,181,90,204,204,16,53,141,197,22,83,178,67,4,108,137,185,149,93,116,62,187	3,4,0.0365,1,189;7,1,0.6125,0,209;4,4,0.7295,0,150;1,1,0.5005,0,178;6,2,0.9645,0,217;2,3,0.2225,0,219
ood_compose_epi-00805	0	3	1	76,187,36,148,58,209,198,41,69,197,86,158,211,132,106,5,115,215,45,101,119,139,192,90,22,142,150,31,211,19,126,93,180,68,13,54	4,3,0.7975,1,209;6,2,0.3505,0,83;5,0,0.9395,0,41;3,4,0.5125,0,23;4,0,0.7505,2,99;5,2,0.7555,1,32
ood_compose_epi-00806	7	0	2	195,91,35,2,117,27,152,71,151,74,61,136,17,84,214,130,181,208,141,185,177,107,93,47,145,51,114,160,99,21,197,41,68,15,122,194	1,5,0.3225,0,197;2,1,0.2555,2,72;2,3,0.8265,2,95;1,2,0.7335,0,252;2,1,0.4485,0,254;1,0,0.0895,0,106
ood_compose_epi-00807	1	2	1	159,92,21,185,99,111,75,8,206,20,130,173,85,113,141,11,154,210,150,55,61,168,147,117,93,31,184,46,127,65,69,37,197,138,42,191	7,1,0.9655,0,126;6,3,0.5295,1,118;6,3,0.3405,0,187;2,3,0.8915,0,144;2,5,0.3435,0,108;6,0,0.5385,0,11
ood_compose_epi-00808	8	2	0	210,130,138,149,30,69,85,186,109,63,57,102,120,126,147,183,156,65,93,165,199,79,192,116,6,10,159,184,152,45,90,21,144,44,37,18	5,0,0.4665,0,108;5,3,0.9495,0,210;8,5,0.2815,0,246;6,3,0.5915,0,82;5,3,0.9515,3,74;5,0,0.5285,3,85
ood_compose_epi-00809	1	2	1	161,133,190,69,187,184,7,139,104,75,65,13,128,87,117,150,93,45,21,27,39,142,178,169,58,115,110,160,210,16,90,147,213,40,193,54	6,3,0.0115,0,195;2,5,0.1955,0,149;5,0,0.2905,0,123;2,5,0.4775,0,176;7,4,0.7555,0,247;7,3,0.6295,1,220
ood_compose_epi-00810	2	2	0	192,45,44,182,161,67,212,57,189,93,90,60,109,147,117,201,26,163,140,176,11,149,132,74,37,105,176,83,113,141,21,123,69,17,179,1	0,1,0.3575,0,240;1,3,0.8815,0,136;8,2,0.6075,0,65;1,1,0.5835,0,197;8,3,0.3265,0,160;2,2,0.8765,0,5
ood_compose_epi-00811	6	2	0	215,9,181,115,90,104,208,131,182,12,25,80,149,49,38,45,42,67,93,106,69,184,211,182,141,21,117,63,213,190,121,137,16,214,147,85	8,2,0.0455,0,142;0,4,0.5365,0,247;0,5,0.6285,0,130;7,3,0.5655,0,122;7,0,0.7515,0,241;0,1,0.3775,0,168
ood_compose_epi-00812	1	1	1	12,43,20,109,93,27,210,21,164,158,114,90,150,173,39,102,8,141,134,157,75,123,68,45,63,201,69,136,207,117,87,213,146,201,179,51	7,2,0.8025,0,38;2,5,0.6105,0,6;2,5,0.8465,0,83;2,5,0.5575,0,224;5,3,0.5285,0,192;2,4,0.0195,0,251
ood_compose_epi-00813	7	1	2	179,89,168,166,198,117,12,68,78,215,44,100,69,182,21,26,123,39,45,49,146,151,141,171,114,165,139,63,9,179,157,93,16,82,134,111	8,2,0.0705,0,143;1,5,0.8425,0,120;0,5,0.9365,0,86;5,0,0.2745,0,254;3,5,0.4215,0,187;2,4,0.7865,0,90
ood_compose_epi-00814	5	0	2	91,83,114,127,215,141,61,183,69,154,178,40,140,161,74,175,6,151,152,36,65,145,51,117,179,96,20,14,132,173,154,111,21,45,103,26	5,4,0.9705,0,102;1,2,0.0105,0,158;2,3,0.2535,0,79;1,1,0.6165,3,88;6,5,0.4475,0,164;6,2,0.9295,0,32
ood_compose_epi-00815	6	0	1	168,24,145,162,132,44,117,121,69,138,93,156,12,171,45,113,34,198,178,150,88,8,63,49,98,82,173,174,17,74,68,190,29,194,111,141	7,2,0.2905,3,126;4,0,0.8755,0,24;0,5,0.9475,0,129;1,0,0.1565,0,69;1,5,0.2575,0,182;0,2,0.5345,0,196
ood_compose_epi-00816	6	0	0	73,91,178,165,61,193,176,45,37,67,3,117,69,21,214,115,93,136,29,145,87,149,97,130,127,142,170,49,44,107,184,173,212,173,18,14	2,4,0.5455,0,119;4,3,0.9925,0,221;0,3,0.7635,0,63;0,5,0.7675,0,182;0,1,0.6815,0,77;6,0,0.0155,1,242
ood_compose_epi-00817	9	2	1	155,127,179,21,192,180,104,11,68,93,62,45,144,69,42,168,169,157,203,134,34,138,106,18,50,147,112,32,90,7,152,119,84,189,80,150	6,1,0.5225,0,248;7,0,0.4045,0,20;1,4,0.9525,0,112;7,2,0.5255,0,248;7,0,0.1575,2,151;6,4,0.5465,3,109
ood_compose_epi-00818	9	1	2	8,160,193,151,12,203,201,136,141,37,106,117,69,80,131,128,19,83,197,56,47,185,168,60,175,146,90,93,187,188,98,64,32,44,21,115	7,2,0.7945,0,58;7,3,0.8185,2,158;7,2,0.0675,0,21;7,1,0.5325,0,212;1,0,0.6195,0,41;7,1,0.0185,0,50
ood_compose_epi-00819	4	1	2	151,107,175,124,201,82,146,186,58,131,180,159,181,88,192,31,18,57,4,41,21,97,188,69,115,15,141,93,139,45,165,177,34,65,119,79	3,5,0.5245,0,111;6,0,0.3025,0,157;8,0,0.3275,0,153;6,0,0.0035,0,122;0,1,0.7385,2,119;3,1,0.6655,0,57
ood_compose_epi-00820	0	3	2	45,13,183,199,117,212,151,124,160,38,140,69,141,92,19,55,41,211,87,76,114,65,169,131,188,62,153,28,4,21,179,100,209,148,93,110	3,3,0.7085,0,213;3,4,0.2695,0,151;6,4,0.2805,0,215;3,5,0.8755,0,104;3,4,0.5765,0,170;3,1,0.9855,0,83
ood_compose_epi-00821	8	0	1	145,163,180,6,169,54,40,182,118,45,200,10,37,150,82,59,132,104,93,136,209,69,114,109,186,67,92,18,189,206,75,28,21,159,128,141	5,0,0.5425,0,86;3,3,0.1445,0,94;5,1,0.6415,0,20;2,0,0.8055,0,133;7,3,0.4015,1,117;7,2,0.1855,0,178
ood_compose_epi-00822	7	1	1	39,179,124,74,10,185,186,197,21,69,52,139,130,92,146,178,41,150,176,8,102,86,65,28,144,169,47,110,93,215,194,117,19,113,59,182	7,0,0.7115,0,25;3,5,0.3865,2,6;3,1,0.2315,0,93;1,4,0.9505,0,183;5,4,0.2895,0,63;3,0,0.6085,3,218
ood_compose_epi-00823	1	3	2	74,91,51,2,37,211,140,193,117,67,59,45,41,99,191,141,20,82,151,93,179,166,206,11,185,69,115,135,187,108,179,123,21,33,164,148	1,1,0.8615,0,235;8,3,0.3745,0,13;2,1,0.6975,0,142;1,0,0.6265,0,104;2,2,0.6395,0,1;2,5,0.9225,0,124
ood_compose_epi-00824	10	2	2	190,42,197,37,59,30,178,139,167,179,5,153,125,164,112,151,117,20,109,134,208,141,89,105,50,14,93,84,45,69,186,21,159,75,65,147	4,4,0.8135,0,26;5,3,0.5095,0,120;1,1,0.3275,0,23;2,2,0.3605,0,201;8,3,0.0835,0,152;4,4,0.7795,0,208
ood_compose_epi-00825	9	2	0	55,71,205,79,108,197,158,147,153,102,132,40,31,86,165,205,37,191,117,113,142,20,45,204,128,21,89,12,139,62,66,190,157,149,93,8	7,2,0.9155,0,16;6,3,0.0695,0,240;6,4,0.4425,2,107;6,4,0.3955,0,117;5,2,0.3425,0,12;7,2,0.6325,1,178
ood_compose_epi-00826	10	2	2	45,17,134,189,117,5,193,51,112,151,103,139,30,159,71,129,21,147,106,62,34,168,64,199,154,157,10,141,41,153,93,189,195,90,86,81	4,0,0.3755,0,182;5,0,0.2385,0,12;2,4,0.1825,2,201;8,4,0.5615,0,18;6,0,0.0085,0,223;8,4,0.6835,0,178
ood_compose_epi-00827	1	3	2	148,212,210,43,21,110,200,19,141,90,25,75,187,158,69,62,51,45,191,93,104,113,121,117,151,13,201,38,212,68,85,133,207,164,8,139	7,3,0.7735,0,27;0,4,0.6965,0,62;2,4,0.8925,0,195;2,3,0.5985,0,128;7,4,0.2515,0,5;0,3,0.7155,0,249
ood_compose_epi-00828	1	3	0	194,187,139,69,106,75,86,148,35,21,135,165,45,141,104,172,68,161,93,123,11,149,27,40,178,8,18,211,116,194,89,62,53,200,188,117	7,1,0.4125,0,224;2,1,0.1365,0,130;4,4,0.8705,0,248;2,4,0.2465,0,189;7,0,0.9605,0,79;2,5,0.7755,0,120
ood_compose_epi-00829	5	0	2	145,155,21,35,76,106,93,127,86,134,141,54,186,88,211,45,12,211,70,43,62,178,7,102,115,117,211,207,139,194,64,152,28,157,19,151	6,2,0.6705,0,193;3,1,0.6605,0,36;5,4,0.0195,1,11;3,4,0.0715,0,169;5,0,0.7725,0,40;6,4,0.7035,0,177
ood_compose_epi-00830	9	3	0	198,117,25,141,116,169,208,93,74,7,139,99,92,66,45,60,153,187,149,129,12,56,21,35,43,210,130,193,159,86,191,214,69,16,106,148	6,2,0.0835,0,38;0,1,0.7425,0,36;7,2,0.4955,0,118;1,4,0.9125,0,17;2,0,0.9065,0,45;8,0,0.6335,0,211
ood_compose_epi-00831	9	0	0	140,127,144,87,158,184,111,93,130,184,41,166,18,145,45,179,26,116,161,15,23,91,117,8,36,165,189,50,149,178,100,80,159,68,69,60	7,5,0.4615,2,176;1,2,0.2965,0,134;1,2,0.8025,0,88;7,5,0.7865,0,4;3,5,0.8885,0,111;6,0,0.8555,3,252
ood_compose_epi-00832	4	1	2	141,154,156,146,72,9,160,38,113,21,16,126,151,93,175,44,137,203,101,196,49,59,155,130,76,176,212,83,119,28,200,106,11,91,65,45	8,1,0.0455,0,107;3,4,0.9185,0,85;0,1,0.3345,3,8;3,1,0.6295,0,70;4,0,0.2865,2,248;5,0,0.2255,0,151
ood_compose_epi-00833	5	0	1	61,85,18,202,103,45,93,145,70,201,143,40,74,150,121,34,26,21,66,50,117,181,134,115,192,170,14,205,191,182,111,8,172,177,89,138	7,4,0.4605,0,184;1,0,0.1545,0,157;1,3,0.5755,1,231;1,3,0.3915,0,36;6,5,0.6905,0,24;0,4,0.4725,2,199
ood_compose_epi-00834	2	1	1	107,100,38,20,116,159,60,150,56,178,131,75,140,213,168,21,3,146,83,89,123,168,45,158,70,189,210,141,40,27,96,117,10,162,215,68	2,0,0.8395,0,15;2,4,0.1865,0,177;7,2,0.9375,1,179;2,1,0.2655,3,213;3,1,0.9235,0,254;2,1,0.8435,0,80
ood_compose_epi-00835	9	3	1	42,150,174,38,80,117,195,45,156,32,63,185,190,141,69,133,15,83,106,176,137,169,91,123,18,24,93,64,104,56,8,148,190,171,116,173	7,5,0.4925,3,147;7,4,0.5195,0,163;7,5,0.1945,0,143;7,1,0.6215,0,254;7,0,0.9275,0,164;2,3,0.2845,0,54
ood_compose_epi-00836	5	0	2	21,133,68,97,158,115,41,11,7,145,25,92,184,126,194,176,151,159,93,141,211,69,184,139,51,62,39,18,203,108,177,45,199,87,117,79	6,1,0.5665,0,54;0,5,0.3845,0,232;2,4,0.9185,0,189;6,5,0.8955,0,95;0,2,0.7615,0,150;5,3,0.6915,0,47
ood_compose_epi-00837	0	3	2	141,113,119,21,181,179,169,12,17,4,40,174,94,66,78,213,151,32,109,135,61,212,97,124,69,199,183,184,140,38,91,148,84,48,51,206	3,2,0.2305,0,87;7,4,0.1625,3,45;2,3,0.5055,0,95;5,2,0.7505,1,236;0,3,0.2165,2,43;3,5,0.9915,0,123
ood_compose_epi-00838	6	1	2	163,213,186,64,151,166,189,35,69,120,167,136,126,41,164,48,112,131,77,86,169,18,59,141,21,111,97,26,93,92,146,1,161,154,15,51	0,5,0.5545,0,6;1,1,0.3255,3,68;2,1,0.1555,0,140;4,4,0.9375,0,244;0,5,0.1355,3,34;5,1,0.1845,0,146
ood_compose_epi-00839	1	1	2	49,40,16,177,116,165,21,190,117,125,91,87,151,136,146,80,64,38,63,8,199,209,205,71,130,13,26,45,109,210,173,99,141,205,93,184	7,3,0.1085,0,252;1,4,0.0835,0,99;0,5,0.0125,2,24;7,5,0.6375,0,250;2,3,0.8145,0,200;4,0,0.1715,0,17
ood_compose_epi-00840	9	1	0	198,15,207,45,66,56,179,101,7,185,129,214,114,195,43,146,92,181,17,117,93,149,62,32,81,86,109,141,21,35,169,211,198,69,139,130	6,5,0.3705,0,170;7,1,0.7745,0,7;7,4,0.5865,0,108;8,4,0.8815,0,245;4,3,0.5035,0,0;8,0,0.6355,0,193
ood_compose_epi-00841	2	0	2	191,145,10,174,124,113,117,104,71,207,65,160,141,23,197,1,189,139,206,164,75,36,214,92,83,93,169,28,43,45,107,56,17,58,131,151	0,0,0.3065,2,234;3,2,0.6515,0,244;7,0,0.2795,2,4;2,1,0.8335,0,252;7,1,0.2335,0,76;3,1,0.7255,0,235
ood_compose_epi-00842	5	0	1	70,208,103,150,196,10,145,52,19,66,206,154,196,107,124,6,131,144,193,93,159,60,31,117,87,42,213,21,199,89,112,78,39,45,139,187	5,0,0.7455,0,148;6,5,0.4305,0,15;3,2,0.4705,1,89;5,5,0.2035,0,191;6,1,0.0855,0,171;3,1,0.7975,3,161
ood_compose_epi-00843	2	1	2	9,198,138,200,207,28,67,151,129,96,75,180,35,202,63,41,45,54,88,21,117,85,130,70,181,184,146,141,206,10,115,99,107,162,20,156	8,0,0.8315,0,129;3,1,0.3425,0,172;5,5,0.6315,1,83;2,3,0.0205,3,192;2,1,0.6945,0,130;8,0,0.5625,0,113
ood_compose_epi-00844	5	0	2	197,151,115,21,83,131,69,154,64,163,153,154,45,117,175,78,89,19,128,111,27,103,170,37,145,202,12,61,141,211,93,161,2,51,40,140	1,2,0.6395,0,192;2,3,0.0915,0,73;2,3,0.1835,0,187;5,1,0.3955,0,42;6,5,0.6265,0,110;7,1,0.8605,0,139
ood_compose_epi-00845	9	0	1	131,21,145,36,16,56,63,190,154,167,83,45,8,198,117,150,176,210,28,69,159,76,189,164,137,99,41,124,93,13,106,190,68,141,88,113	7,3,0.0095,0,224;3,2,0.3025,0,85;7,5,0.9055,0,207;3,1,0.1495,0,145;2,0,0.3995,0,19;3,1,0.3305,0,60
ood_compose_epi-00846	5	0	1	38,40,169,181,84,192,133,49,109,94,14,17,1,189,141,145,103,117,69,59,45,67,170,159,204,137,212,116,150,25,123,211,200,76,90,21	0,4,0.3455,0,157;0,4,0.0085,0,89;0,1,0.6975,0,173;3,2,0.5495,1,224;6,3,0.9035,0,61;2,3,0.2445,0,126
ood_compose_epi-00847	9	3	1	140,155,211,141,212,23,150,107,40,28,70,3,76,209,68,92,192,178,128,117,202,93,207,20,134,37,116,45,211,186,99,13,56,148,83,61	2,3,0.9545,2,228;3,3,0.0495,0,117;7,3,0.8735,1,204;3,1,0.8465,0,72;2,1,0.8335,0,89;7,4,0.9825,0,229
ood_compose_epi-00848	1	3	2	172,151,59,39,68,85,180,112,57,163,74,27,179,21,168,119,184,169,43,18,139,154,95,180,3,89,105,204,110,45,142,133,129,72,148,13	2,3,0.5195,0,167;2,5,0.7165,0,50;8,1,0.9075,3,124;1,3,0.3595,2,96;8,4,0.1465,2,243;8,3,0.7855,1,207
ood_compose_epi-00849	0	3	0	141,17,203,157,93,69,174,60,21,148,199,57,86,65,117,9,11,149,209,156,182,76,44,28,45,39,209,90,115,107,100,189,131,122,140,164	8,1,0.2355,0,96;3,5,0.9715,0,220;8,2,0.3865,0,250;3,4,0.4955,0,210;3,1,0.6165,0,13;1,1,0.8125,0,167
ood_compose_epi-00850	0	3	2	61,133,155,113,36,191,66,198,18,87,75,198,100,94,141,69,15,202,163,92,163,175,28,140,110,156,124,185,148,51,117,44,21,4,45,151	3,5,0.4895,0,226;3,2,0.8095,0,22;2,3,0.4615,0,182;2,5,0.8275,1,251;3,4,0.2115,0,90;3,3,0.8955,0,3
ood_compose_epi-00851	10	2	2	163,137,89,168,117,105,147,45,171,116,36,75,129,20,86,160,21,210,203,65,59,93,206,10,212,151,108,9,69,141,213,133,25,209,55,42	8,0,0.8835,0,103;0,2,0.4055,0,141;6,1,0.2845,0,111;2,4,0.2355,0,125;8,2,0.8675,0,82;8,3,0.2525,0,96
ood_compose_epi-00852	6	1	2	44,67,181,204,186,38,69,207,137,89,159,1,86,199,151,25,45,121,58,174,75,98,93,176,117,113,21,16,172,156,54,133,111,141,13,146	0,3,0.0805,0,83;0,4,0.9285,0,142;5,0,0.7535,0,220;2,4,0.3425,0,171;1,5,0.2595,0,203;0,3,0.3755,0,254
ood_compose_epi-00853	10	2	2	9,171,65,37,88,117,133,85,60,13,166,137,69,44,104,151,56,45,106,191,21,162,204,202,159,30,166,123,116,96,77,147,193,203,141,20	8,3,0.9695,0,132;5,3,0.9095,0,153;7,2,0.3005,0,156;4,3,0.0775,3,2;7,0,0.9405,0,238;2,3,0.3265,0,93
ood_compose_epi-00854	2	2	1	173,83,150,147,210,141,155,34,171,202,51,201,93,79,158,60,30,23,211,188,8,13,89,139,118,67,42,111,70,178,130,16,128,115,45,105	7,3,0.1885,2,166;5,0,0.5195,0,245;2,2,0.7125,1,127;6,1,0.2765,0,13;8,5,0.6505,1,129;7,0,0.6235,0,227
ood_compose_epi-00855	0	3	0	69,100,42,14,107,149,93,206,204,148,117,114,143,190,180,174,206,157,17,48,131,124,59,28,2,52,203,83,21,136,195,215,35,65,89,76	1,4,0.2915,0,98;3,1,0.4125,3,49;3,1,0.2875,0,19;3,1,0.2655,0,148;3,1,0.5005,0,214;3,1,0.1015,2,174
ood_compose_epi-00856	10	0	0	29,61,188,16,149,65,69,134,180,215,214,76,129,93,37,3,110,116,51,166,152,84,88,43,141,117,103,11,188,139,187,24,189,145,182,45	2,1,0.0385,3,167;4,3,0.6785,0,26;2,3,0.3635,0,142;3,2,0.1775,0,110;6,4,0.8885,0,26;8,4,0.7885,0,218
ood_compose_epi-00857	1	2	2	140,131,51,175,12,113,1,69,187,27,189,73,111,66,19,97,86,41,128,166,22,58,200,117,89,95,45,175,151,208,155,141,39,202,207,147	0,2,0.7085,1,72;2,5,0.2605,0,208;2,0,0.4175,0,241;0,4,0.2585,2,130;0,5,0.3665,0,15;7,1,0.9535,0,2
ood_compose_epi-00858	9	2	1	215,32,104,141,80,140,154,133,19,82,66,96,90,21,44,63,113,157,69,53,8,205,156,147,39,128,172,165,182,117,110,150,12,45,158,207	7,2,0.6205,0,222;7,5,0.9005,0,171;4,5,0.5605,0,214;7,0,0.4165,3,64;7,4,0.3085,0,38;7,3,0.9125,0,161
ood_compose_epi-00859	10	1	1	202,214,181,67,176,17,45,117,21,86,169,33,135,141,170,105,35,60,186,71,166,1,129,57,81,157,150,107,116,136,44,205,146,91,15,93	0,5,0.3745,0,74;8,1,0.8985,0,30;8,2,0.6025,2,94;8,4,0.6685,0,167;8,1,0.9145,0,146;8,5,0.0625,0,0
ood_compose_epi-00860	1	0	2	93,110,208,151,172,133,60,183,10,141,139,82,73,52,117,66,98,70,188,20,191,35,190,210,145,178,8,114,32,184,23,165,45,123,44,91	7,0,0.8075,2,80;7,1,0.9925,0,143;3,2,0.5055,1,200;0,0,0.7485,0,151;1,4,0.4145,0,62;2,3,0.7705,0,83
ood_compose_epi-00861	10	1	0	191,69,136,90,195,10,155,177,141,38,9,117,113,62,26,21,101,40,200,93,192,205,130,149,126,20,81,53,65,45,157,161,146,197,106,82	8,0,0.8285,0,181;1,4,0.0835,0,107;4,4,0.2025,0,104;8,0,0.5505,0,42;4,0,0.3825,0,9;5,0,0.0005,0,208
ood_compose_epi-00862	9	3	1	32,104,128,34,56,170,148,214,134,18,87,113,173,12,141,208,153,186,117,172,68,69,199,140,94,43,215,21,45,150,91,106,214,80,60,8	7,2,0.4705,0,124;7,0,0.6705,0,241;7,2,0.8005,0,51;7,5,0.7205,1,34;7,0,0.2965,0,216;7,4,0.8095,0,81
ood_compose_epi-00863	1	2	0	101,190,15,90,134,86,49,163,27,44,136,21,209,172,69,162,198,45,113,192,147,67,17,108,181,73,58,179,129,1,93,117,142,39,149,184	0,5,0.2175,0,214;2,5,0.8425,0,77;0,0,0.6425,0,212;0,4,0.4805,0,156;4,2,0.2045,0,94;8,4,0.1405,1,98
ood_compose_epi-00864	7	2	2	68,25,123,171,151,108,69,208,170,21,178,112,13,137,83,41,147,155,2,39,194,117,165,79,185,92,62,141,176,97,167,20,95,55,132,45	1,3,0.8965,0,199;0,5,0.3295,0,227;6,4,0.9745,0,140;6,1,0.8575,2,17;0,2,0.1135,0,27;2,2,0.2945,0,247
ood_compose_epi-00865	5	2	1	209,196,88,31,127,119,177,5,156,21,161,141,196,139,101,13,170,42,184,189,59,135,36,115,20,106,96,45,209,69,80,64,83,150,147,51	4,3,0.9395,0,181;6,2,0.5635,0,145;2,1,0.0745,0,109;7,1,0.1525,3,31;4,0,0.7315,2,30;6,5,0.7075,0,96
ood_compose_epi-00866	1	1	2	107,18,146,209,164,199,141,51,75,3,162,40,27,161,172,112,93,117,157,36,130,12,21,151,45,91,65,61,137,83,127,202,69,101,173,206	2,2,0.5305,0,180;2,2,0.1855,0,75;2,3,0.3415,0,184;2,1,0.7035,0,32;4,1,0.1005,0,245;6,0,0.2775,0,37
ood_compose_epi-00867	1	2	1	3,203,117,198,69,197,123,67,16,45,44,202,195,93,23,99,160,31,86,147,10,161,204,141,137,172,75,49,116,109,38,133,60,89,189,150	2,0,0.1155,2,62;6,4,0.9215,0,87;0,2,0.6985,0,8;2,4,0.2755,0,244;2,3,0.9985,0,128;2,3,0.2945,0,176
ood_compose_epi-00868	3	0	0	188,69,1,194,205,115,100,52,59,129,41,65,26,21,192,132,144,145,18,15,107,155,149,39,45,181,193,93,176,85,139,90,76,174,183,117	0,5,0.5045,0,235;1,5,0.2205,0,66;3,1,0.3145,0,72;3,3,0.5475,0,161;3,1,0.6665,0,158;8,2,0.6015,3,214
ood_compose_epi-00869	10	1	0	113,163,33,139,186,134,59,185,96,21,13,45,185,185,186,18,99,9,82,117,66,111,44,154,149,129,183,157,54,89,154,81,146,71,36,143	8,3,0.4065,0,130;8,2,0.9125,0,188;5,1,0.5265,2,206;8,0,0.3195,3,3;2,5,0.2645,0,201;8,4,0.7615,2,141
ood_compose_epi-00870	10	1	2	151,90,65,45,77,161,170,202,38,159,14,141,152,135,146,93,69,117,53,21,204,108,139,29,42,83,214,114,212,20,175,101,1,125,209,61	0,4,0.9635,0,229;4,4,0.5645,0,252;4,3,0.2565,0,152;4,1,0.4615,0,192;4,2,0.5405,0,9;4,5,0.6705,0,232
ood_compose_epi-00871	5	0	1	45,106,171,55,116,205,79,182,35,65,197,150,140,102,160,90,190,58,26,42,168,14,141,179,6,145,19,87,93,72,131,192,21,117,127,182	5,4,0.6155,0,103;1,1,0.4045,0,49;6,0,0.3855,3,186;6,5,0.4145,0,90;5,0,0.9035,0,158;6,1,0.8115,0,125
ood_compose_epi-00872	9	2	2	32,93,59,133,168,166,177,19,50,147,11,165,73,88,68,156,104,175,156,113,86,142,180,128,8,44,45,117,106,187,151,208,69,137,21,36	7,1,0.6015,0,230;7,2,0.8495,0,179;1,1,0.8175,0,132;0,4,0.0865,0,230;7,0,0.3545,0,188;7,3,0.2265,1,35
ood_compose_epi-00873	3	0	0	116,77,141,88,45,36,21,163,52,140,164,133,12,196,204,40,93,145,197,27,125,169,168,1,100,149,69,117,60,82,16,180,166,107,169,68	0,2,0.0145,0,145;2,2,0.1615,0,128;3,2,0.8675,0,143;4,0,0.1585,0,30;3,1,0.8145,0,112;4,3,0.8235,0,8
ood_compose_epi-00874	3	0	2	85,35,200,27,69,139,215,155,152,81,52,67,12,131,145,182,100,210,61,207,3,21,141,158,206,42,115,45,126,151,107,90,93,199,16,117	2,2,0.0625,0,160;2,1,0.4995,0,79;3,3,0.6355,0,201;8,3,0.4105,0,176;3,1,0.7135,0,52;5,1,0.7405,0,233
ood_compose_epi-00875	7	2	0	156,93,136,147,75,143,98,20,46,10,162,86,185,122,131,37,117,172,169,108,40,116,197,171,69,149,6,187,162,192,21,50,67,91,61,29	5,0,0.8145,0,94;4,3,0.0625,1,163;1,3,0.7035,0,103;2,4,0.7355,0,186;1,2,0.9395,0,117;1,1,0.0835,2,58
ood_compose_epi-00876	1	0	0	70,210,135,149,34,190,1,43,93,53,75,180,10,141,65,152,127,21,173,174,25,162,58,212,154,156,117,98,92,84,16,145,140,114,107,45	0,0,0.1085,0,63;0,0,0.6055,0,177;4,0,0.2265,1,175;2,2,0.8465,0,185;1,1,0.4725,0,248;6,5,0.8665,0,101
ood_compose_epi-00877	4	1	0	114,93,22,45,39,61,149,146,40,108,212,207,201,191,89,20,136,85,142,69,163,79,187,195,211,180,52,132,68,8,123,13,117,104,32,199	7,3,0.9025,1,215;7,5,0.1145,0,84;3,3,0.8875,0,208;6,3,0.3055,0,240;7,2,0.5335,0,223;2,2,0.1355,1,9
ood_compose_epi-00878	9	2	2	93,114,18,133,68,184,151,21,188,57,159,183,147,92,15,87,169,32,70,7,40,104,158,138,109,62,168,48,80,163,117,191,141,168,38,127	6,5,0.5095,0,223;7,4,0.0055,3,25;8,4,0.8365,1,234;7,5,0.8965,0,148;7,3,0.4895,0,239;6,3,0.5695,0,138
ood_compose_epi-00879	9	0	0	4,45,35,156,80,176,195,210,122,17,179,68,197,62,56,187,145,91,115,197,27,108,172,69,93,149,23,12,83,179,40,130,139,143,98,117	3,2,0.3905,2,237;2,1,0.0635,0,246;7,4,0.9875,0,247;7,1,0.7335,0,56;1,2,0.6575,0,177;1,0,0.6945,2,101
ood_compose_epi-00880	5	1	1	12,66,132,194,69,34,141,45,146,166,52,90,114,156,136,124,4,21,111,75,44,103,160,27,150,58,193,94,190,152,209,117,18,215,163,86	3,2,0.5765,0,190;2,0,0.8845,0,33;3,0,0.5005,0,1;2,4,0.5355,1,85;6,5,0.5485,0,232;3,2,0.0505,0,197
ood_compose_epi-00881	5	0	0	26,145,149,116,65,2,194,161,141,84,93,204,109,74,208,203,117,50,122,40,179,70,16,21,156,89,11,103,131,169,172,45,138,61,186,35	1,1,0.0475,0,46;1,1,0.1665,0,18;1,3,0.2965,1,80;1,2,0.3115,0,99;6,3,0.8805,0,160;1,1,0.4295,0,48
ood_compose_epi-00882	6	3	1	53,201,38,32,45,115,97,159,150,168,69,17,24,121,73,143,189,139,148,93,200,206,108,68,120,173,61,187,87,41,130,12,197,7,90,181	6,2,0.2125,3,191;7,4,0.2395,0,177;4,3,0.8735,0,126;0,5,0.5115,0,83;0,2,0.7365,3,244;0,0,0.7615,2,123
ood_compose_epi-00883	2	0	1	158,207,172,91,159,165,198,164,112,203,141,131,58,80,69,23,83,159,14,152,2,99,124,48,44,108,137,150,20,145,38,118,68,94,29,56	1,4,0.9425,2,247;4,4,0.9645,3,215;7,0,0.9985,0,73;7,1,0.6105,1,132;2,2,0.0355,1,205;3,1,0.3485,0,120
ood_compose_epi-00884	10	2	1	213,39,93,117,21,58,152,45,17,86,180,111,131,167,147,89,31,139,167,128,101,68,116,43,53,69,177,150,181,209,1,188,141,157,14,80	0,4,0.3065,0,245;6,5,0.6855,0,199;4,0,0.8225,0,116;7,4,0.3515,0,129;4,5,0.9935,0,242;7,1,0.6305,0,108
ood_compose_epi-00885	3	0	0	172,111,25,15,149,97,88,134,4,36,45,66,205,178,63,141,172,189,87,75,215,55,145,96,43,114,21,201,19,162,191,120,127,136,166,69	3,5,0.7825,0,166;0,2,0.7895,0,9;6,5,0.5655,0,61;2,5,0.1145,3,249;0,5,0.4065,3,129;6,4,0.0295,0,229
ood_compose_epi-00886	9	3	0	139,45,203,117,148,39,126,130,174,8,83,15,116,164,58,207,100,23,141,32,88,64,93,213,54,211,106,76,211,175,44,160,69,20,214,149	7,5,0.9035,2,225;7,5,0.8275,0,105;5,0,0.0215,0,39;3,1,0.1615,0,25;3,0,0.8525,0,105;5,0,0.7365,0,211
ood_compose_epi-00887	4	1	2	130,69,206,164,154,172,146,108,139,154,67,178,186,44,117,76,151,28,115,160,98,34,21,52,92,121,20,93,143,11,4,206,45,61,180,82	3,1,0.9655,0,97;3,0,0.8215,0,234;3,3,0.6415,0,47;3,0,0.8435,0,44;1,2,0.6565,0,99;0,0,0.7105,2,115
ood_compose_epi-00888	1	1	0	197,95,176,28,192,61,45,90,165,21,131,211,167,3,117,65,138,35,146,121,82,114,149,196,76,14,98,202,141,69,42,18,179,108,178,55	2,4,0.4045,0,247;3,1,0.4615,0,253;6,3,0.3505,0,136;3,0,0.4945,2,163;1,2,0.5835,0,135;0,1,0.5405,0,23
ood_compose_epi-00889	9	2	0	111,125,141,97,64,149,8,113,173,80,19,174,182,133,27,39,155,147,45,137,170,172,96,161,117,56,63,159,213,12,21,40,188,83,91,69	7,2,0.6835,0,93;2,5,0.1905,0,26;7,5,0.1995,0,123;7,1,0.7445,3,247;0,5,0.2835,0,25;4,3,0.2465,0,18
ood_compose_epi-00890	10	0	2	175,21,169,123,181,40,70,75,68,166,105,32,195,141,45,5,190,151,88,83,210,135,115,63,14,206,117,110,20,168,145,95,204,140,50,39	4,4,0.9085,0,211;7,5,0.0465,0,59;1,5,0.8705,1,144;2,1,0.0285,2,232;8,4,0.7545,0,0;2,5,0.8865,0,32
ood_compose_epi-00891	6	3	0	179,112,21,192,93,59,149,209,45,159,36,55,73,214,121,11,172,179,1,87,43,69,197,67,133,98,20,154,90,111,138,148,25,190,141,117	0,1,0.8695,0,67;0,2,0.7425,0,188;6,1,0.7965,0,45;0,5,0.5495,0,55;1,5,0.0835,0,170;0,3,0.5945,0,196
ood_compose_epi-00892	10	1	2	21,42,169,117,114,56,93,163,195,38,146,129,188,67,208,60,195,9,195,151,211,45,133,90,84,19,138,75,141,97,69,14,110,203,30,177	8,4,0.7495,0,116;5,4,0.4375,0,75;7,2,0.7185,0,179;2,2,0.4145,0,192;0,4,0.4475,0,17;8,3,0.4295,0,228
ood_compose_epi-00893	1	2	2	64,45,175,27,179,147,21,91,19,182,141,180,136,113,182,51,79,128,39,109,69,82,99,153,130,160,151,7,192,93,61,198,42,153,13,117	6,3,0.7525,0,73;2,5,0.5005,0,188;2,3,0.0795,0,89;6,0,0.7925,0,128;2,3,0.2405,0,75;7,0,0.1385,0,54
ood_compose_epi-00894	2	1	1	179,57,92,138,93,146,150,113,141,111,83,76,131,197,204,9,41,200,183,172,180,154,12,183,209,129,69,45,34,97,120,21,58,25,65,20	8,2,0.8835,0,3;0,0,0.3475,0,11;8,0,0.3545,0,39;3,1,0.8355,0,79;0,5,0.2375,3,236;8,1,0.4315,0,191
ood_compose_epi-00895	7	2	2	111,141,65,200,130,62,45,198,138,191,21,73,93,188,34,26,12,178,196,120,42,113,92,18,152,214,98,151,147,70,122,87,2,53,163,205	1,2,0.5445,0,76;1,0,0.5215,0,143;4,4,0.3165,1,187;0,5,0.9285,0,124;1,5,0.3505,3,98;1,0,0.5225,0,241
ood_compose_epi-00896	5	2	1	75,111,147,103,209,23,150,31,63,55,163,180,215,17,166,45,132,95,198,66,69,206,3,42,123,185,34,181,84,118,137,12,113,142,181,88	2,2,0.3175,2,196;6,0,0.5025,0,119;6,5,0.4275,0,165;2,2,0.1395,2,64;6,5,0.2605,1,95;2,2,0.2665,1,168
ood_compose_epi-00897	10	0	2	151,154,21,101,39,69,5,73,86,145,110,30,159,201,166,162,52,93,123,182,142,63,20,167,195,114,169,117,91,130,10,45,136,169,42,67	4,0,0.8365,0,57;5,5,0.4455,0,134;3,5,0.7795,0,119;0,4,0.7825,0,247;4,4,0.4445,0,166;2,0,0.1225,1,211
ood_compose_epi-00898	3	0	1	90,130,66,70,150,145,187,100,200,158,136,76,214,162,144,192,62,28,162,47,37,206,93,15,153,83,115,4,17,117,43,108,49,124,21,195	3,5,0.3585,0,191;3,3,0.7715,2,3;0,4,0.4405,1,116;3,1,0.4385,0,187;3,2,0.7545,0,213;3,0,0.1345,3,139
ood_compose_epi-00899	5	2	1	116,70,89,180,105,58,159,106,164,141,150,117,189,79,173,13,87,93,37,139,131,68,201,210,208,57,45,19,2,40,147,198,31,21,186,127	1,3,0.7915,0,238;6,3,0.1215,0,171;8,0,0.8695,1,101;6,5,0.2915,0,152;8,0,0.9485,0,51;6,1,0.6575,0,70
ood_compose_epi-00900	3	0	1	186,66,85,93,203,38,105,15,54,33,213,75,108,179,141,21,44,207,70,183,20,45,199,134,122,150,4,115,140,91,58,165,152,117,145,192	3,5,0.8175,0,93;8,4,0.9795,0,109;5,0,0.5325,1,143;2,3,0.7765,0,100;8,2,0.6695,0,159;1,4,0.9985,0,1
ood_compose_epi-00901	1	2	0	141,162,117,178,73,38,93,18,12,50,30,123,105,157,147,109,69,60,161,64,82,45,181,191,134,42,165,21,149,90,190,116,7,152,193,137	6,2,0.5075,0,225;5,4,0.5605,0,63;1,2,0.0595,0,165;0,0,0.5945,0,196;8,3,0.8065,0,162;2,4,0.2805,0,155
ood_compose_epi-00902	1	0	1	10,169,42,112,26,132,210,99,85,54,9,89,66,141,71,183,145,198,16,126,136,93,110,117,204,179,173,46,200,188,150,21,60,199,75,39	8,0,0.1515,0,117;1,5,0.4215,1,254;5,2,0.5165,2,145;2,3,0.2895,0,97;2,4,0.0615,0,93;5,2,0.1465,0,201
ood_compose_epi-00903	0	3	0	76,176,69,208,107,168,45,201,13,117,196,178,114,37,49,164,33,100,160,7,21,148,86,122,132,172,93,149,90,43,60,17,165,141,68,136	6,3,0.2345,0,148;8,3,0.7265,0,22;0,2,0.8455,0,164;3,4,0.5685,0,41;3,1,0.4375,0,168;1,2,0.1645,0,109
ood_compose_epi-00904	5	0	0	202,149,27,172,133,45,178,40,117,84,168,201,138,178,24,108,59,200,70,18,34,7,103,127,175,200,145,116,93,65,141,91,175,10,74,54	6,0,0.5005,3,228;2,0,0.0595,0,114;5,1,0.3955,1,243;1,2,0.7655,0,2;6,2,0.8335,0,36;6,3,0.4965,0,220
ood_compose_epi-00905	1	3	0	188,189,93,45,117,68,213,20,92,55,3,181,105,129,171,180,177,21,139,185,83,148,190,112,27,142,69,176,133,109,75,41,149,12,59,37	2,2,0.8275,0,113;2,3,0.2295,0,161;6,1,0.9975,0,8;2,1,0.8185,0,129;8,3,0.0885,0,198;8,3,0.7925,1,173
ood_compose_epi-00906	1	2	1	3,42,141,109,102,186,147,90,210,198,201,45,190,93,183,136,150,80,35,175,69,213,85,132,18,54,191,115,30,126,120,160,21,58,65,13	2,3,0.5345,0,210;5,1,0.4495,0,93;5,0,0.3375,0,196;7,3,0.5405,0,90;5,3,0.6235,3,50;5,2,0.1045,0,172
ood_compose_epi-00907	1	0	0	43,97,152,212,137,141,112,203,75,127,93,92,149,23,64,56,208,184,192,135,167,34,17,120,60,31,13,48,169,207,214,145,8,69,106,86	7,3,0.3265,2,251;6,0,0.7435,3,183;7,2,0.1275,0,194;2,4,0.9085,0,149;0,0,0.1805,3,5;6,5,0.2645,0,64
ood_compose_epi-00908	1	1	2	12,75,92,139,152,188,27,126,66,214,143,16,36,51,21,177,151,93,171,165,187,113,61,45,99,157,5,69,110,186,133,87,146,40,192,119	4,2,0.1755,0,255;2,2,0.0285,0,246;2,3,0.4315,0,109;2,5,0.8635,0,152;2,4,0.3725,2,222;5,3,0.6135,2,9
ood_compose_epi-00909	4	1	1	41,36,212,160,62,18,13,28,67,88,173,141,56,156,139,167,146,93,132,80,150,112,181,117,187,155,104,71,108,84,21,211,128,4,201,45	3,3,0.4565,0,238;3,2,0.2035,0,123;7,4,0.7125,2,119;7,2,0.0645,0,211;7,2,0.1235,0,80;7,2,0.6715,0,22
ood_compose_epi-00910	3	0	2	76,114,60,168,93,70,205,173,123,100,131,21,117,85,141,145,17,169,35,197,215,138,153,182,106,151,49,89,44,28,12,165,176,45,68,8	7,2,0.2055,0,182;3,1,0.9845,0,94;0,2,0.8355,1,201;3,3,0.2475,0,23;3,0,0.4715,0,207;2,1,0.4485,0,185
ood_compose_epi-00911	1	0	0	171,160,40,149,133,182,205,166,54,188,93,23,141,186,145,113,10,38,28,6,123,213,67,137,92,204,102,111,82,194,78,45,62,117,70,16	5,0,0.0195,2,115;3,4,0.0485,0,163;5,4,0.7835,1,216;5,0,0.9275,0,97;5,5,0.3885,0,34;2,3,0.3625,0,206
ood_compose_epi-00912	10	2	0	164,149,29,127,53,5,107,212,45,197,153,91,93,187,131,77,136,69,21,17,182,62,67,213,117,12,35,101,154,147,114,41,82,194,207,141	4,2,0.3505,0,137;4,1,0.3135,0,166;4,4,0.7845,0,89;4,0,0.7835,0,136;4,1,0.5025,0,21;6,1,0.0335,0,11
ood_compose_epi-00913	4	1	2	166,76,69,99,151,139,21,162,141,180,88,185,146,106,123,83,133,117,28,10,178,42,19,61,170,4,34,68,173,206,190,52,115,45,175,93	3,0,0.7575,0,90;3,0,0.4265,0,226;3,3,0.9715,0,253;3,1,0.0325,0,91;2,0,0.6625,0,162;2,3,0.7015,0,178
ood_compose_epi-00914	1	1	2	151,141,6,209,125,24,171,137,196,105,191,183,170,51,66,75,39,40,69,159,10,117,106,20,95,48,85,134,178,27,189,62,155,114,88,146	5,0,0.8835,3,223;2,5,0.1205,3,37;2,4,0.4495,0,44;2,3,0.1695,2,201;8,0,0.5175,0,17;4,4,0.2895,0,217
ood_compose_epi-00915	2	3	2	43,97,135,69,60,67,45,85,156,106,113,10,184,36,117,213,192,27,56,209,148,156,202,209,136,93,124,20,151,21,163,213,2,88,73,141	1,0,0.8795,0,88;2,2,0.7985,0,55;7,2,0.7845,0,59;0,3,0.0335,0,179;0,0,0.2485,0,94;3,5,0.1705,0,20
ood_compose_epi-00916	1	3	1	87,109,69,93,50,67,186,152,138,13,36,191,21,116,203,150,148,128,27,164,46,58,3,170,117,40,210,131,176,99,18,203,205,141,89,75	2,3,0.4025,0,83;2,2,0.1455,1,40;1,0,0.7095,0,146;2,5,0.2855,0,155;2,3,0.9695,0,90;7,1,0.4565,0,75
ood_compose_epi-00917	4	1	1	174,61,113,52,169,134,184,146,204,45,117,13,124,136,205,92,150,103,28,19,165,85,38,174,186,141,197,21,81,69,67,181,109,93,4,44	3,3,0.6565,0,70;3,4,0.9615,0,149;3,3,0.7135,0,103;8,3,0.8575,0,140;6,3,0.2235,0,226;3,4,0.0805,0,171
ood_compose_epi-00918	1	2	0	27,164,77,176,60,206,69,37,99,159,111,204,149,138,21,134,156,127,45,112,18,14,68,3,142,147,44,93,181,178,51,88,87,117,211,153	2,4,0.5625,0,195;2,3,0.8065,0,14;2,2,0.8825,0,22;4,5,0.0345,0,38;2,5,0.1955,0,4;6,4,0.5275,1,4
ood_compose_epi-00919	3	0	1	191,74,62,124,45,138,40,134,84,31,114,156,93,69,150,145,92,207,173,17,100,141,21,15,191,7,111,67,118,51,215,176,39,166,200,214	6,5,0.3535,0,64;6,5,0.0005,0,226;2,4,0.6205,0,35;1,2,0.9445,0,178;3,5,0.4575,1,149;3,4,0.4265,0,215
ood_compose_epi-00920	6	3	1	177,86,57,65,121,163,10,135,199,20,33,48,4,90,202,204,142,69,43,111,183,205,212,62,39,117,21,150,94,115,190,175,148,77,136,97	3,0,0.8295,0,176;8,5,0.7995,3,247;8,4,0.3385,0,203;4,4,0.5215,1,29;0,5,0.6365,0,229;0,5,0.0355,1,114
ood_compose_epi-00921	9	0	0	188,106,66,173,5,72,140,20,130,83,103,209,194,39,63,177,57,26,14,45,167,23,145,149,200,93,74,41,126,114,162,165,141,89,193,117	4,4,0.9625,2,225;1,5,0.3325,0,222;8,5,0.5385,3,13;1,1,0.3785,0,151;6,0,0.4635,0,128;5,0,0.9395,0,40
ood_compose_epi-00922	10	3	2	87,123,38,151,133,79,117,174,187,148,15,17,112,61,46,111,98,30,68,181,203,137,169,185,92,195,95,21,196,69,170,42,7,198,57,141	6,5,0.3665,0,116;5,4,0.5065,1,6;8,3,0.8615,0,4;6,5,0.9965,2,114;1,5,0.1755,0,58;2,3,0.2115,0,240
ood_compose_epi-00923	10	1	2	151,127,172,27,45,215,146,117,8,21,182,180,130,61,112,166,81,91,85,165,34,97,93,174,109,68,19,14,143,137,193,41,185,69,53,171	7,4,0.6815,0,91;2,0,0.2115,0,44;4,3,0.8905,0,99;8,3,0.6465,0,78;0,3,0.0345,0,91;6,0,0.3195,2,85
ood_compose_epi-00924	10	3	2	174,42,93,46,151,179,18,110,34,170,68,80,198,62,198,89,140,71,206,114,131,158,162,117,141,171,199,53,14,148,128,21,26,86,101,5	4,4,0.4425,0,239;1,0,0.4065,1,79;4,4,0.9815,2,92;7,4,0.3005,0,67;4,4,0.5065,0,243;7,1,0.8355,0,39
ood_compose_epi-00925	4	1	1	146,45,209,206,150,69,88,62,65,152,192,186,136,14,41,27,103,93,37,152,141,133,165,52,115,83,4,182,109,76,117,124,21,214,17,158	3,4,0.2185,0,71;2,3,0.3145,0,150;3,4,0.3405,0,177;3,1,0.0895,0,213;6,3,0.6195,0,165;3,3,0.0845,0,11
ood_compose_epi-00926	8	2	1	178,21,147,212,212,114,99,91,150,45,70,93,210,30,120,107,66,14,153,78,141,154,195,1,19,85,40,137,39,160,171,58,56,123,162,133	0,4,0.7425,0,48;5,5,0.0545,0,116;7,0,0.5105,1,145;5,3,0.6195,0,135;2,1,0.5555,3,141;2,3,0.3975,0,101
ood_compose_epi-00927	1	3	0	186,191,59,191,174,148,37,3,77,65,45,22,93,139,27,91,69,206,177,149,161,120,83,188,101,42,52,160,134,194,12,141,109,126,112,17	2,2,0.3745,1,0;2,3,0.5525,0,235;3,1,0.3075,0,40;4,1,0.7975,0,152;4,3,0.0855,3,96;5,4,0.7575,0,180
ood_compose_epi-00928	6	2	2	12,69,81,21,93,108,17,183,188,212,147,197,196,137,169,117,130,41,26,165,68,45,177,91,35,3,98,49,211,121,63,151,82,115,164,141	2,2,0.2145,0,218;1,1,0.3065,0,49;0,5,0.8395,0,173;8,0,0.6465,0,27;1,2,0.7975,0,102;0,0,0.2775,0,100
ood_compose_epi-00929	10	2	0	157,63,205,88,141,115,21,16,183,147,69,2,149,27,64,153,209,152,87,139,94,125,159,188,35,79,55,133,14,45,117,186,105,161,42,109	1,4,0.0605,0,212;2,1,0.5005,0,120;6,5,0.1965,0,89;6,5,0.0435,1,168;8,3,0.6075,0,156;4,3,0.6795,0,206
ood_compose_epi-00930	4	1	0	71,197,196,109,4,34,25,146,215,60,117,87,142,52,140,135,65,47,121,93,41,194,153,113,21,199,180,205,154,149,19,73,174,91,105,15	3,5,0.7145,0,14;0,0,0.2585,2,225;3,2,0.2205,2,2;0,5,0.6785,0,12;8,3,0.3585,0,118;0,5,0.8935,1,171
ood_compose_epi-00931	5	0	2	89,204,83,127,44,19,21,53,79,93,141,152,193,179,155,145,117,45,71,62,134,198,37,100,151,207,64,183,7,107,176,13,163,31,116,138	6,3,0.7745,0,178;6,3,0.9735,0,242;4,4,0.0435,2,149;6,1,0.3955,0,113;3,1,0.8905,0,179;6,4,0.5105,0,19
ood_compose_epi-00932	1	1	0	168,126,203,146,197,64,158,185,117,21,99,142,20,115,111,69,31,149,131,190,92,10,136,208,43,35,78,164,51,6,45,96,159,59,161,84	5,0,0.8275,0,213;6,1,0.7635,0,250;2,1,0.1245,0,19;5,2,0.8665,3,16;2,5,0.7075,0,99;5,1,0.1495,1,182
ood_compose_epi-00933	6	0	1	208,177,133,100,117,174,91,158,116,86,159,139,56,123,41,145,1,107,205,68,181,69,27,163,95,141,58,150,39,21,47,76,20,13,191,190	0,3,0.8835,0,26;2,5,0.2505,2,19;7,0,0.8645,0,74;3,4,0.6745,2,106;3,1,0.8025,0,42;2,3,0.6165,0,13
ood_compose_epi-00934	7	2	1	93,45,61,117,152,141,177,114,111,16,69,179,167,196,198,44,26,172,85,67,54,2,39,155,74,134,128,21,147,150,92,138,163,14,183,97	1,4,0.1825,0,22;1,5,0.9765,0,46;5,3,0.7615,0,118;1,3,0.9165,0,36;0,5,0.5085,0,167;7,4,0.4135,0,47
ood_compose_epi-00935	3	0	1	28,207,145,108,4,194,160,10,21,200,113,150,76,18,41,84,138,58,166,45,191,51,72,38,169,117,179,133,91,67,98,124,141,176,93,192	3,0,0.4735,0,158;3,4,0.2195,0,244;2,0,0.7775,3,95;3,2,0.6895,0,127;1,2,0.3555,0,71;3,3,0.5735,0,50
ood_compose_epi-00936	10	2	0	207,109,64,177,22,147,9,130,182,149,152,17,69,93,42,77,136,117,125,212,87,141,208,196,33,34,113,154,11,105,167,58,90,57,159,45	8,1,0.2745,1,217;8,0,0.4595,0,113;8,0,0.0895,0,201;4,5,0.4035,0,24;8,3,0.3295,0,28;4,0,0.1205,0,64
ood_compose_epi-00937	1	0	2	215,117,206,69,91,21,194,151,99,189,142,211,37,93,137,19,47,185,67,51,85,3,75,207,27,10,106,163,171,123,162,41,58,134,116,145	2,0,0.7575,0,0;2,3,0.2365,2,152;2,0,0.6005,0,111;2,3,0.7725,0,114;2,0,0.8735,0,225;2,4,0.2105,1,185
ood_compose_epi-00938	0	3	0	115,201,171,167,87,164,17,52,124,75,69,21,166,28,11,162,186,148,117,91,45,157,169,35,59,96,139,66,141,149,42,2,99,202,109,134	1,1,0.3345,0,11;3,1,0.4855,0,115;3,1,0.4835,0,40;2,5,0.6925,3,105;2,3,0.7865,0,32;3,4,0.7525,0,214
ood_compose_epi-00939	2	3	0	100,158,141,14,192,45,193,24,76,43,128,84,4,35,215,115,120,167,19,111,69,182,199,93,211,148,130,163,56,28,149,89,137,59,67,174	3,4,0.7955,3,181;3,1,0.7375,0,101;7,1,0.7105,0,44;3,2,0.3475,0,133;3,5,0.7625,3,200;7,0,0.3435,0,234
ood_compose_epi-00940	0	3	0	76,183,39,124,58,209,69,102,172,64,107,141,207,140,173,13,215,3,117,31,93,45,90,43,202,148,23,86,19,169,200,55,115,149,134,185	2,3,0.6475,2,188;6,5,0.7275,0,178;6,0,0.0505,0,157;3,4,0.4835,0,211;5,1,0.7885,0,249;3,4,0.9735,0,220
ood_compose_epi-00941	10	2	2	21,105,198,130,116,151,92,205,51,44,157,169,123,62,157,39,10,93,156,82,154,137,166,160,33,74,71,141,117,109,66,18,166,147,3,45	2,0,0.4265,0,82;8,5,0.8365,0,244;2,4,0.5585,2,66;1,0,0.9035,0,99;8,3,0.9115,0,196;2,0,0.3495,0,212
ood_compose_epi-00942	1	0	1	12,96,109,16,182,164,79,38,141,180,166,45,63,4,130,127,25,137,88,159,21,40,99,70,150,51,162,171,178,187,67,171,84,145,117,116	3,2,0.1935,0,22;0,4,0.1985,0,102;2,5,0.6515,1,53;6,2,0.1095,3,16;2,3,0.9185,0,23;6,0,0.2505,0,184
ood_compose_epi-00943	10	1	2	86,146,30,97,142,21,117,39,58,89,173,183,81,45,151,137,209,69,3,168,196,10,154,40,113,134,57,123,203,66,93,111,17,174,190,199	2,0,0.3215,0,210;5,5,0.0435,0,100;8,0,0.4295,0,223;8,4,0.2705,0,185;0,5,0.2295,0,251;2,4,0.3005,1,46
ood_compose_epi-00944	0	3	0	111,123,168,67,11,171,93,17,61,91,56,157,28,141,136,148,177,45,69,100,114,165,165,39,44,185,132,213,21,82,75,179,4,117,162,149	3,1,0.2685,0,12;3,5,0.9395,0,177;7,3,0.7585,0,28;2,0,0.7595,0,191;3,5,0.5105,0,210;2,2,0.0255,0,167
ood_compose_epi-00945	3	0	0	107,35,135,206,154,69,159,28,145,76,161,212,141,11,66,203,87,100,90,52,113,22,149,124,4,17,119,136,59,93,158,178,186,166,48,44	3,1,0.3365,1,122;3,1,0.8355,3,220;3,1,0.4905,0,151;3,5,0.4945,0,67;3,1,0.3755,2,212;3,5,0.0575,0,17
ood_compose_epi-00946	6	2	2	200,86,12,152,45,151,154,141,68,199,211,16,199,109,63,123,131,175,117,90,3,114,25,181,39,49,153,21,40,69,93,206,73,136,147,103	2,2,0.0085,0,221;0,5,0.0615,0,100;0,5,0.8075,0,222;0,4,0.5175,0,167;6,3,0.5165,0,101;2,1,0.0675,0,16
ood_compose_epi-00947	8	3	2	204,93,110,179,101,35,114,119,24,13,148,163,124,5,158,198,90,65,78,199,45,139,26,196,56,135,69,214,60,141,44,151,87,174,17,152	4,3,0.2695,3,97;1,1,0.8565,0,20;7,2,0.3605,0,25;5,5,0.4865,0,36;4,4,0.4065,2,227;3,5,0.7115,0,7
ood_compose_epi-00948	2	2	1	42,137,54,213,211,34,128,90,69,162,201,111,211,81,59,45,200,191,17,65,15,150,213,6,93,113,83,144,98,30,194,117,147,133,22,161	5,5,0.2395,1,144;5,0,0.5095,0,94;5,1,0.3955,0,59;8,1,0.4425,0,67;1,5,0.3295,0,85;7,3,0.2485,3,206
ood_compose_epi-00949	8	0	0	90,45,82,54,130,65,6,166,99,182,93,142,192,208,108,32,114,195,78,117,202,40,145,124,21,182,62,69,149,197,34,166,15,20,156,136	5,5,0.8615,0,138;7,0,0.1575,0,111;5,4,0.3715,0,76;5,0,0.5735,0,196;2,2,0.4975,0,223;3,0,0.1065,1,35
ood_compose_epi-00950	6	1	0	212,97,63,137,169,207,93,45,141,11,149,22,185,42,146,25,130,50,20,198,126,117,112,64,69,208,76,37,91,164,2,107,169,182,82,181	1,1,0.9815,1,1;0,3,0.4025,0,31;1,5,0.1085,0,86;3,0,0.6765,0,229;0,1,0.0475,0,203;5,0,0.2935,0,250
ood_compose_epi-00951	2	3	0	157,69,178,113,141,159,11,94,175,138,117,148,124,21,53,67,27,77,45,40,5,88,131,208,179,60,196,158,82,16,39,208,193,149,107,102	4,1,0.0835,0,185;2,5,0.0075,0,77;4,2,0.7075,0,81;4,0,0.1725,1,88;5,1,0.2205,0,189;3,1,0.4615,0,249
ood_compose_epi-00952	1	3	2	23,68,45,197,192,148,189,51,111,93,82,36,6,79,165,60,27,207,131,183,137,113,151,69,103,141,157,161,18,196,44,91,188,117,123,13	5,3,0.5435,2,158;2,2,0.9875,0,21;2,2,0.8605,0,120;6,0,0.6515,0,14;6,5,0.3975,0,29;2,1,0.2685,0,170
ood_compose_epi-00953	9	0	2	151,141,32,124,145,212,36,93,137,131,17,183,153,73,104,170,200,8,106,112,89,190,157,62,117,170,194,66,86,69,42,203,45,10,56,21	7,0,0.3475,0,105;7,2,0.5435,0,90;7,4,0.5035,0,225;0,4,0.3825,0,39;7,0,0.1015,0,211;3,1,0.3405,0,161
ood_compose_epi-00954	7	1	2	152,125,59,43,21,151,130,170,200,180,110,116,36,117,10,90,146,69,214,4,183,191,191,187,25,67,140,141,52,98,45,93,82,16,76,179	3,0,0.1285,0,9;0,2,0.7975,0,20;3,1,0.7745,0,21;3,0,0.5225,0,167;1,4,0.9285,0,69;4,0,0.9755,0,91
ood_compose_epi-00955	10	2	0	169,44,113,105,93,185,106,212,147,125,48,77,83,136,61,159,117,141,25,53,181,156,18,90,65,163,186,21,171,5,149,36,14,187,133,69	4,4,0.4875,0,2;0,2,0.9195,3,178;4,3,0.3335,0,189;4,1,0.5745,0,185;8,0,0.3765,0,88;4,3,0.1635,0,24
ood_compose_epi-00956	6	0	1	111,69,48,194,165,114,182,10,117,5,24,93,84,131,53,201,195,20,77,92,200,163,58,38,205,141,184,145,124,64,40,139,26,207,150,97	4,0,0.9265,3,150;1,4,0.0795,3,194;4,0,0.0435,0,214;4,2,0.9675,0,181;0,5,0.5915,0,11;3,1,0.6005,0,191
ood_compose_epi-00957	1	2	2	204,166,180,73,188,123,174,69,99,117,174,58,17,65,111,45,23,200,151,157,1,82,139,27,93,211,56,147,10,133,90,40,141,205,113,36	0,0,0.3705,2,192;2,2,0.0775,0,192;7,0,0.2875,0,169;0,0,0.4285,0,152;2,5,0.2985,0,194;2,3,0.6915,0,23
ood_compose_epi-00958	1	0	2	64,200,109,92,35,2,151,28,115,184,163,45,127,145,52,17,117,187,14,198,99,176,75,21,63,136,193,41,72,134,142,93,196,166,188,86	1,4,0.3465,0,164;3,1,0.2255,0,201;3,5,0.1355,3,18;2,4,0.8395,0,253;2,3,0.6625,0,0;6,4,0.1205,1,251
ood_compose_epi-00959	6	3	2	32,158,204,181,64,49,139,214,174,13,117,141,84,131,34,151,40,214,213,194,93,92,45,111,18,148,21,194,129,69,59,74,97,115,189,1	0,3,0.5415,0,11;7,0,0.1355,0,179;0,1,0.1265,0,21;1,2,0.8295,0,15;0,5,0.7385,0,4;8,1,0.6005,0,103
ood_compose_epi-00960	1	3	2	10,138,135,45,35,167,172,161,185,161,54,24,117,83,141,148,3,89,69,98,17,123,167,116,163,44,28,74,158,185,93,63,106,206,151,65	2,0,0.3995,3,2;3,1,0.8345,0,47;5,5,0.3375,0,165;1,1,0.2575,0,195;1,0,0.8695,0,211;2,5,0.5325,0,131
ood_compose_epi-00961	1	0	0	52,140,15,149,199,16,112,37,83,45,96,89,63,145,21,202,187,204,71,191,108,122,182,104,206,203,131,42,141,27,197,117,64,81,5,153	4,5,0.0445,0,77;2,3,0.5705,0,124;3,5,0.1535,2,24;8,1,0.3555,3,133;7,2,0.1945,0,82;1,1,0.9075,0,113
ood_compose_epi-00962	10	1	1	79,84,29,101,45,127,38,65,19,2,93,204,196,115,160,54,22,150,197,193,10,205,134,44,60,146,117,183,137,107,89,187,208,69,202,141	1,0,0.7165,1,66;4,4,0.9975,0,62;5,2,0.2335,0,6;6,2,0.2485,0,81;4,1,0.7455,0,118;6,4,0.2135,0,32
ood_compose_epi-00963	3	0	0	192,93,14,45,154,87,191,91,144,158,18,115,73,28,211,64,186,215,136,71,167,188,145,35,52,59,121,42,111,100,117,208,135,149,22,4	3,4,0.4565,1,136;3,1,0.4995,0,23;3,1,0.0555,2,141;0,5,0.7865,0,205;3,5,0.7735,0,229;0,5,0.0275,3,148
ood_compose_epi-00964	0	3	0	162,76,87,187,21,72,215,93,117,107,180,141,152,139,186,203,44,45,122,173,20,113,12,148,36,131,196,50,67,149,201,3,26,59,90,98	2,2,0.9955,0,248;1,2,0.9245,0,17;1,1,0.7315,3,154;3,5,0.5795,0,255;1,1,0.3915,0,241;1,1,0.7015,0,236
ood_compose_epi-00965	1	2	1	107,85,117,129,64,190,33,18,38,133,21,167,150,61,188,10,138,44,144,191,93,178,54,75,69,3,92,192,116,161,102,163,195,175,147,45	2,0,0.5925,0,106;8,4,0.9185,0,65;5,3,0.0505,0,56;2,3,0.8275,0,19;5,1,0.9235,0,231;8,3,0.5015,3,146
ood_compose_epi-00966	9	1	1	150,86,180,189,69,203,204,139,134,110,4,21,93,45,104,11,191,64,55,41,153,80,58,128,212,152,17,143,146,177,32,113,89,168,117,37	3,1,0.3875,0,238;7,3,0.3325,0,53;6,0,0.0305,0,102;7,4,0.3885,0,126;7,4,0.3135,0,98;7,4,0.6485,2,244
ood_compose_epi-00967	1	0	1	141,72,197,205,145,109,93,15,123,48,176,112,170,75,176,120,150,66,34,204,33,44,212,134,98,91,21,137,163,56,156,210,87,59,18,7	6,5,0.5375,0,233;8,0,0.8805,3,148;7,1,0.5615,3,228;2,5,0.6745,0,96;1,3,0.1895,3,26;2,4,0.2355,0,228
ood_compose_epi-00968	3	0	1	141,83,24,90,150,69,206,93,113,3,117,184,211,181,110,124,58,52,145,18,42,45,76,171,188,172,15,36,28,131,66,167,138,197,99,206	2,5,0.4035,3,60;3,2,0.5205,0,100;3,0,0.5605,0,234;3,1,0.5205,0,48;2,4,0.2145,0,191;3,1,0.5815,0,226
ood_compose_epi-00969	9	0	1	68,161,134,22,139,152,164,83,69,78,145,45,143,202,99,160,161,37,150,177,126,56,28,93,20,61,160,109,6,117,41,14,161,213,91,114	5,4,0.9895,1,210;3,3,0.3565,0,142;7,3,0.8235,0,39;5,1,0.7725,0,189;2,3,0.5255,0,167;5,4,0.6795,2,208
ood_compose_epi-00970	10	1	1	153,70,197,59,187,20,112,52,10,134,150,118,4,109,87,125,68,21,81,209,183,146,194,178,197,32,45,138,159,35,93,44,100,177,91,141	3,0,0.9975,0,3;7,1,0.8015,0,184;3,1,0.9485,1,49;8,5,0.7635,0,97;3,3,0.1985,1,79;4,4,0.5425,0,124
ood_compose_epi-00971	7	3	1	174,69,150,214,9,159,185,119,14,103,153,144,215,16,21,33,152,90,46,137,179,67,76,191,113,82,148,94,124,50,111,40,60,37,132,160	8,4,0.1655,0,156;8,3,0.0475,1,55;1,2,0.6845,0,102;3,0,0.5085,1,178;6,5,0.2995,2,211;3,2,0.3595,3,21
ood_compose_epi-00972	5	3	2	86,89,160,17,65,188,63,159,55,175,45,36,79,134,21,102,93,172,31,151,148,201,213,154,6,13,107,119,129,141,163,69,175,116,41,136	5,3,0.2835,0,102;6,2,0.3195,0,86;6,5,0.3225,0,213;6,4,0.2975,0,44;5,1,0.8245,2,73;8,4,0.0115,0,152
ood_compose_epi-00973	9	2	2	82,92,141,198,74,96,12,151,117,201,32,138,116,197,174,109,56,208,61,38,147,128,18,215,40,165,98,8,173,171,46,69,205,21,135,66	7,2,0.4375,0,149;7,4,0.1535,1,33;7,3,0.4685,0,237;1,0,0.8665,3,211;1,3,0.9055,0,109;7,5,0.4155,0,252
ood_compose_epi-00974	5	0	1	28,41,69,21,7,181,164,16,113,79,166,180,45,150,131,85,194,141,127,56,15,62,109,154,89,170,155,100,145,93,64,136,120,193,35,190	6,5,0.1215,0,6;3,1,0.2505,0,252;7,4,0.0865,0,70;6,3,0.2545,0,168;3,3,0.3925,3,77;6,1,0.0965,0,239
ood_compose_epi-00975	9	0	0	85,155,81,140,96,18,105,171,165,21,132,215,57,145,128,117,32,1,149,142,39,169,45,65,205,91,69,14,43,195,202,210,61,107,114,192	0,4,0.4975,0,209;7,5,0.7185,0,64;8,3,0.3155,0,47;8,3,0.7675,3,141;8,1,0.5715,0,164;7,2,0.8045,1,192
ood_compose_epi-00976	6	3	1	11,47,110,165,168,90,66,152,114,162,4,117,39,141,69,43,150,61,171,18,183,21,148,95,132,97,73,180,182,187,50,209,28,87,121,140	3,1,0.4455,0,42;3,5,0.7135,2,208;1,3,0.4395,0,130;0,5,0.4175,2,49;0,4,0.5265,0,54;0,2,0.9255,0,17
ood_compose_epi-00977	10	0	0	1,99,25,45,94,199,134,185,88,68,129,18,204,14,158,114,75,24,107,212,117,141,139,34,179,61,196,57,181,214,83,175,149,44,145,69	0,4,0.5925,3,160;0,0,0.8375,0,125;8,3,0.9555,0,172;2,1,0.1965,1,17;2,1,0.5525,0,100;8,4,0.6725,0,230
ood_compose_epi-00978	1	3	2	189,119,90,81,3,141,24,163,123,137,189,113,39,93,99,25,212,69,210,45,110,67,10,60,174,148,51,202,84,18,41,166,188,132,151,159	2,0,0.5275,3,223;0,5,0.2715,0,99;2,2,0.7625,0,86;8,2,0.4425,0,17;2,4,0.3515,2,27;2,2,0.2605,0,180
ood_compose_epi-00979	1	2	1	139,150,185,155,132,12,45,182,88,102,6,117,147,17,107,163,152,201,51,190,77,113,172,127,182,93,21,69,141,66,34,194,43,87,63,30	5,2,0.3875,0,59;5,0,0.6335,0,255;2,5,0.5285,0,203;4,5,0.1695,0,59;5,1,0.2365,0,120;6,2,0.6695,0,43
ood_compose_epi-00980	4	1	1	14,65,158,52,93,69,154,159,146,212,131,43,36,213,159,111,28,90,117,21,150,3,196,58,178,112,207,45,141,83,74,18,139,99,209,124	2,4,0.4495,0,237;3,2,0.7815,0,248;3,0,0.2535,0,223;1,1,0.4605,0,232;2,5,0.0795,0,236;3,1,0.7925,0,247
ood_compose_epi-00981	10	2	2	200,44,132,64,156,169,141,147,11,193,45,117,215,105,171,151,21,63,181,139,16,29,175,93,84,110,54,36,89,80,126,209,177,69,8,115	7,1,0.0405,0,146;4,2,0.8795,0,7;5,5,0.0155,0,153;7,2,0.3045,0,208;8,4,0.6285,0,38;5,2,0.6275,0,41
ood_compose_epi-00982	1	1	0	167,132,197,202,61,137,77,208,123,42,93,154,149,146,36,69,65,87,5,113,172,166,20,141,21,109,206,12,117,89,45,101,195,27,160,51	4,2,0.9765,0,62;2,2,0.4825,0,55;2,3,0.2965,0,17;4,5,0.3365,0,46;4,3,0.2795,0,12;2,2,0.3255,0,186
ood_compose_epi-00983	1	1	1	58,44,163,85,47,159,24,144,123,106,157,75,99,170,136,146,93,52,69,116,192,89,27,150,36,133,208,14,152,117,68,3,187,199,174,18	2,4,0.4895,3,235;2,2,0.8285,2,144;3,0,0.9075,0,99;2,3,0.2715,0,231;2,0,0.8375,0,190;2,3,0.1305,3,53
ood_compose_epi-00984	4	1	1	37,117,69,140,131,56,187,48,85,146,17,201,207,2,92,24,107,40,199,190,116,124,105,75,93,188,153,25,168,141,207,150,66,63,190,12	1,2,0.3095,3,125;0,3,0.0245,3,152;7,5,0.4955,0,254;2,3,0.8035,0,172;8,1,0.8115,0,106;3,1,0.9685,0,171
ood_compose_epi-00985	1	0	0	207,163,27,184,75,41,200,14,155,160,21,114,38,117,46,89,69,130,123,145,149,193,50,99,66,85,60,190,2,206,163,17,93,107,141,137	1,4,0.2565,0,153;2,4,0.3855,1,214;1,2,0.4475,0,210;2,3,0.3155,0,191;2,1,0.5675,0,231;2,0,0.3865,0,96
ood_compose_epi-00986	3	0	1	145,117,201,4,102,183,153,25,19,56,171,124,67,21,210,69,106,114,85,13,172,78,177,93,152,37,150,58,43,45,134,138,141,193,90,202	3,3,0.7035,0,34;0,3,0.6045,0,109;7,0,0.6575,0,82;5,3,0.5225,0,69;5,0,0.5325,0,197;3,4,0.5035,0,152
ood_compose_epi-00987	4	1	0	149,196,37,124,52,117,130,28,88,40,67,183,146,8,12,187,204,73,158,173,114,139,45,72,208,60,82,107,179,19,100,183,93,22,206,142	7,2,0.6305,1,211;3,3,0.0565,0,50;3,2,0.7905,3,66;0,0,0.0765,0,71;3,1,0.5275,0,252;3,0,0.6985,1,80
ood_compose_epi-00988	5	0	2	200,23,170,79,116,65,59,10,214,55,122,111,212,167,175,207,152,117,2,188,151,35,42,31,96,103,45,18,69,174,145,88,141,131,86,137	1,0,0.4185,2,217;6,1,0.4495,0,176;6,1,0.3535,0,135;6,4,0.1195,3,54;6,5,0.9435,0,32;1,1,0.3515,0,202
ood_compose_epi-00989	8	2	0	190,12,149,66,204,47,166,21,174,171,132,147,109,87,60,165,6,37,30,156,54,166,140,206,78,126,92,117,16,42,187,69,99,143,93,115	5,2,0.1485,0,107;5,3,0.4605,2,16;5,2,0.4095,0,172;5,5,0.9885,0,4;2,3,0.7335,0,117;5,2,0.9545,2,194
ood_compose_epi-00990	9	0	0	134,80,49,45,107,210,145,196,194,115,42,99,190,149,39,21,67,32,14,96,182,63,168,141,136,210,128,172,69,3,205,90,117,203,17,83	2,4,0.3315,0,176;7,5,0.4115,0,158;0,5,0.6535,0,24;7,1,0.5405,3,12;2,1,0.6615,0,13;7,4,0.0675,0,4
ood_compose_epi-00991	10	2	0	30,193,21,10,209,61,117,133,110,153,149,37,165,1,75,16,121,64,189,42,101,83,189,45,90,147,141,188,54,93,115,69,157,136,211,153	0,0,0.1945,0,30;5,3,0.5445,0,5;5,3,0.0515,0,134;2,1,0.5705,0,241;4,4,0.6635,0,253;0,3,0.1685,0,230
ood_compose_epi-00992	1	1	1	120,87,45,121,21,37,99,186,69,213,10,211,75,206,27,141,162,115,155,41,203,146,213,139,130,208,20,90,65,93,107,8,150,180,58,51	7,0,0.9905,0,182;2,3,0.2635,0,26;2,0,0.3305,0,235;2,5,0.4465,0,153;2,1,0.6695,3,109;0,0,0.6445,0,121
ood_compose_epi-00993	1	3	1	129,141,45,51,40,60,15,92,75,112,184,29,170,169,148,138,87,21,117,69,150,180,68,212,169,212,100,19,110,37,164,93,164,7,168,132	6,5,0.7045,0,60;4,3,0.1945,0,5;2,2,0.9065,0,17;2,5,0.9405,0,141;3,4,0.1425,0,213;8,2,0.5135,0,29
ood_compose_epi-00994	1	2	1	122,189,69,74,50,150,37,137,27,132,13,59,20,93,45,40,117,109,180,83,147,65,156,199,215,3,155,154,187,97,141,92,182,174,113,21	2,3,0.8125,0,12;2,3,0.1015,0,114;1,1,0.3245,0,7;1,1,0.9445,0,93;0,3,0.2235,0,150;1,2,0.3565,0,76
ood_compose_epi-00995	5	2	0	93,7,174,201,112,161,64,133,117,170,69,49,45,27,188,81,63,21,36,175,202,19,15,165,127,84,41,163,163,90,149,138,142,110,105,147	6,5,0.6215,0,41;2,2,0.2705,0,148;0,5,0.0485,0,46;8,2,0.4645,0,1;8,4,0.0555,0,14;6,3,0.4245,1,91
ood_compose_epi-00996	1	2	1	131,150,86,185,45,177,3,196,182,182,198,183,77,141,169,44,12,39,93,99,140,126,19,65,147,114,50,106,62,21,117,193,27,167,91,69	2,2,0.6125,0,233;2,5,0.9755,0,215;1,4,0.3775,0,119;4,4,0.7855,0,29;2,0,0.4295,0,218;5,1,0.8345,0,10
ood_compose_epi-00997	6	3	2	1,73,25,130,116,148,49,21,117,194,61,110,37,140,83,158,158,210,121,183,42,14,158,169,65,101,209,144,45,88,172,18,161,69,93,151	0,4,0.4455,0,98;0,3,0.5015,0,77;0,3,0.3315,0,59;0,1,0.1395,0,232;4,4,0.8835,0,240;0,0,0.9715,3,49
ood_compose_epi-00998	2	3	0	130,183,21,52,37,103,165,83,76,144,155,108,164,43,113,210,65,215,18,46,92,119,210,93,208,158,137,148,69,28,60,149,182,2,124,11	1,1,0.5295,0,172;3,3,0.6915,1,79;3,2,0.2055,0,42;3,1,0.9855,0,65;6,2,0.2435,2,203;3,0,0.2965,3,68
ood_compose_epi-00999	6	1	0	191,117,10,180,56,39,9,146,136,65,48,178,125,26,93,109,91,42,168,215,171,204,204,20,69,167,115,159,73,21,131,60,149,144,84,97	8,0,0.8315,0,44;1,5,0.4915,3,21;7,2,0.3575,0,20;0,2,0.7945,0,248;0,3,0.6565,0,187;4,1,0.0775,3,254
ood_compose_epi-01000	1	1	2	119,17,131,50,45,146,192,112,62,107,164,194,21,10,166,28,151,98,66,141,157,92,177,93,128,155,40,139,8,197,39,85,69,202,192,75	7,0,0.3955,0,38;3,5,0.0385,0,32;1,4,0.4655,0,179;2,3,0.9915,0,46;1,1,0.0835,2,167;7,1,0.7625,0,4
ood_compose_epi-01001	6	3	1	148,33,54,211,86,67,88,93,154,43,117,210,21,111,150,162,140,200,79,210,168,45,34,128,69,158,97,132,171,15,16,116,61,2,153,141	1,5,0.1685,0,231;8,0,0.6995,0,163;5,3,0.7185,0,64;6,4,0.1905,0,123;0,5,0.9435,0,249;7,2,0.9915,0,218
ood_compose_epi-01002	1	2	2	20,29,161,189,46,42,120,178,181,151,190,77,8,177,60,93,122,157,132,39,13,86,24,107,139,69,89,147,113,191,67,144,51,101,186,201	7,3,0.9285,3,245;4,5,0.4285,1,52;2,2,0.7655,0,220;4,4,0.3085,0,63;4,1,0.3895,3,119;1,2,0.7275,3,157
ood_compose_epi-01003	6	3	2	19,178,167,25,76,214,198,65,52,96,130,112,148,205,41,178,140,11,207,111,151,21,1,191,84,141,97,152,45,39,121,60,92,187,117,69	0,1,0.7335,0,97;0,5,0.3955,0,76;3,2,0.3205,0,66;3,2,0.9165,3,47;0,5,0.1385,0,137;0,0,0.9655,0,40
ood_compose_epi-01004	1	2	2	10,65,201,107,19,34,133,147,159,175,151,83,215,140,170,210,44,93,196,105,69,59,164,123,117,174,27,48,141,3,88,204,77,56,21,113	2,0,0.7815,0,118;2,0,0.8335,3,39;7,1,0.3835,0,144;4,1,0.1965,0,177;8,1,0.2935,0,37;2,3,0.8865,0,11
ood_compose_epi-01005	7	0	2	135,67,199,17,37,84,69,110,59,21,81,151,141,174,192,4,117,157,145,49,179,92,33,122,172,170,45,105,188,201,180,40,11,112,93,140	3,1,0.2625,0,80;8,3,0.0475,0,132;0,1,0.6035,0,104;8,2,0.9275,0,107;8,4,0.1085,0,157;1,5,0.9515,0,147
ood_compose_epi-01006	1	0	1	58,214,28,116,198,117,105,13,40,176,69,37,145,95,45,21,214,162,150,3,141,192,140,92,64,196,123,160,188,160,20,75,107,135,57,84	2,3,0.9515,0,38;3,3,0.1595,0,53;8,0,0.1885,0,80;2,2,0.9865,2,56;8,1,0.9315,0,157;2,5,0.9655,0,50
ood_compose_epi-01007	0	3	2	36,94,113,17,182,62,178,75,211,160,139,84,69,41,65,91,141,8,187,105,192,215,173,130,151,117,45,148,21,211,12,215,109,27,124,52	7,2,0.2205,0,116;2,2,0.2385,0,67;3,4,0.3535,0,62;2,2,0.6355,1,248;8,3,0.3395,0,0;3,0,0.7025,0,52
ood_compose_epi-01008	1	1	0	89,113,110,75,10,139,208,36,195,166,156,168,85,93,130,205,32,69,146,141,180,171,17,102,166,118,126,51,149,48,3,42,24,60,64,183	2,0,0.3385,3,26;7,2,0.5335,3,224;2,2,0.1885,0,74;2,3,0.2495,0,40;5,4,0.3315,1,64;5,0,0.6295,0,162
ood_compose_epi-01009	0	3	0	115,52,148,139,124,4,185,198,183,28,111,11,69,68,141,45,192,135,63,21,174,93,20,175,100,117,43,88,86,81,208,175,197,149,182,34	3,1,0.8965,0,84;3,0,0.6715,0,224;3,5,0.9195,0,7;8,4,0.1955,0,220;3,5,0.7155,0,14;3,5,0.7875,0,26
ood_compose_epi-01010	10	3	2	209,154,18,14,157,173,5,21,52,134,43,45,107,76,101,32,209,117,141,155,185,59,123,151,64,34,139,166,95,87,148,69,116,90,213,194	4,4,0.5455,0,252;7,0,0.6735,0,65;3,1,0.0505,0,8;3,5,0.5795,2,236;4,1,0.8335,0,139;2,4,0.6245,0,246
ood_compose_epi-01011	7	0	1	71,116,203,155,21,141,207,60,134,117,35,204,145,157,183,12,137,18,94,154,202,150,92,200,124,111,74,45,166,87,9,64,98,43,52,28	8,2,0.5465,0,174;3,1,0.6485,0,241;3,2,0.1485,2,77;1,5,0.8335,1,71;1,5,0.9425,0,150;3,4,0.3795,0,35
ood_compose_epi-01012	3	0	1	69,117,134,152,141,140,4,123,187,14,183,145,189,64,116,55,87,18,88,150,157,215,179,185,163,45,172,39,97,73,60,106,25,41,93,21	3,4,0.5135,0,116;0,5,0.2665,0,6;6,2,0.0165,0,243;0,5,0.0285,0,195;0,0,0.8805,0,195;2,4,0.8805,0,229
ood_compose_epi-01013	1	0	1	115,69,209,188,205,133,45,108,27,141,200,191,13,123,213,150,66,39,16,43,117,92,99,137,95,87,22,145,152,61,202,210,51,79,7,195	6,3,0.1975,1,104;2,5,0.6985,0,95;2,3,0.5035,0,104;6,5,0.8455,2,231;2,2,0.7495,0,245;2,3,0.2025,0,222
ood_compose_epi-01014	3	0	1	206,13,200,192,93,44,36,45,141,177,186,64,157,4,157,188,132,117,98,199,138,60,115,19,49,180,150,109,87,26,122,92,76,145,69,21	3,3,0.6585,0,85;1,2,0.9255,0,85;0,2,0.0505,0,13;3,5,0.8745,0,96;1,3,0.6245,0,252;1,2,0.5255,0,35
ood_compose_epi-01015	9	3	1	20,86,203,148,8,110,210,42,35,65,210,154,181,133,93,33,49,13,209,45,164,69,116,210,169,79,150,21,123,88,139,117,160,141,59,104	7,3,0.8655,0,211;8,1,0.4605,0,87;0,1,0.2295,0,48;6,4,0.1985,0,89;7,4,0.8805,0,71;2,3,0.7175,0,84
ood_compose_epi-01016	9	0	0	106,175,38,214,92,82,145,174,117,154,14,137,45,69,16,135,62,180,56,42,128,199,3,141,103,23,173,29,165,205,93,114,196,77,149,64	2,4,0.1655,2,160;4,4,0.4135,0,95;7,4,0.1325,0,143;4,0,0.8595,0,50;6,0,0.5405,0,11;7,5,0.2185,0,119
ood_compose_epi-01017	1	3	0	51,28,212,158,38,74,68,9,176,183,195,86,157,170,69,134,165,103,91,19,45,141,173,61,21,41,136,129,119,184,96,107,149,148,114,13	8,3,0.7655,0,99;3,4,0.2995,0,148;2,3,0.9655,0,205;1,4,0.7485,3,41;6,1,0.5425,2,86;8,4,0.1805,0,129
ood_compose_epi-01018	8	0	0	130,93,195,142,184,78,145,98,114,190,21,111,45,149,92,190,64,60,13,159,17,2,118,178,69,36,137,178,26,214,52,167,121,87,41,156	1,3,0.2855,0,189;1,2,0.2855,0,161;3,2,0.0135,0,35;5,5,0.9635,0,94;1,5,0.4525,1,93;0,0,0.2745,1,199
ood_compose_epi-01019	7	0	2	145,163,124,69,151,98,137,45,179,160,178,13,2,65,117,52,116,191,144,197,170,18,61,108,93,74,21,204,38,86,167,135,28,42,153,91	1,3,0.4375,0,18;3,4,0.4595,0,132;3,3,0.2235,0,46;1,4,0.7835,0,200;1,2,0.9575,0,221;3,5,0.3295,3,183
ood_compose_epi-01020	0	3	0	35,116,87,188,136,191,93,45,196,90,211,68,152,141,23,63,149,120,153,18,173,130,197,107,200,50,124,69,2,76,148,28,44,12,100,185	1,2,0.4405,2,10;3,1,0.9115,0,82;1,5,0.8715,0,179;3,5,0.4365,0,9;3,1,0.8685,3,180;3,0,0.0415,0,129
ood_compose_epi-01021	7	3	0	5,93,83,183,193,40,68,198,170,110,196,46,141,21,30,173,136,123,10,117,50,174,182,76,200,148,99,69,61,149,35,112,130,194,92,17	4,0,0.2785,0,249;5,1,0.0785,1,110;1,3,0.9695,0,5;3,1,0.8715,0,157;2,4,0.0255,0,240;2,0,0.0585,0,195
ood_compose_epi-01022	1	1	2	162,207,106,184,101,136,213,9,14,146,66,43,199,32,115,77,36,82,96,160,69,187,175,45,61,141,51,190,119,17,91,22,132,171,126,151	8,4,0.3565,1,23;7,2,0.6365,0,215;2,3,0.5635,0,37;4,0,0.7745,3,238;4,0,0.6665,2,137;5,2,0.1405,0,235
ood_compose_epi-01023	7	0	2	52,113,135,43,151,21,45,211,93,162,213,176,153,141,83,145,102,37,4,59,17,11,64,26,175,179,110,121,69,119,137,186,200,75,90,190	3,1,0.3675,0,119;1,3,0.6335,0,157;3,1,0.1885,0,179;2,1,0.5535,0,134;5,4,0.2265,2,111;0,5,0.2795,0,168
ood_compose_epi-01024	6	2	1	171,58,73,10,209,42,133,186,137,6,185,147,153,56,119,70,109,121,67,82,93,168,34,116,141,182,17,173,45,21,150,175,184,99,92,27	5,0,0.2525,0,146;2,0,0.4695,0,117;7,0,0.6355,1,178;0,0,0.9215,0,77;2,3,0.8145,2,252;0,3,0.2045,0,58
ood_compose_epi-01025	4	1	0	21,68,167,93,113,38,187,138,185,42,190,179,117,141,69,33,18,106,126,75,11,59,193,149,86,57,131,92,158,156,99,4,173,45,184,146	3,1,0.5475,0,64;8,4,0.4155,0,59;8,1,0.9685,0,11;2,4,0.8605,0,47;2,0,0.3635,0,149;5,1,0.5415,0,194
ood_compose_epi-01026	1	1	2	146,66,181,93,110,175,85,13,133,75,50,59,25,36,43,182,47,117,71,158,23,19,194,177,3,172,88,138,113,123,141,159,97,151,187,170	2,3,0.7175,2,136;0,2,0.6025,2,65;1,1,0.5615,2,221;2,3,0.1245,0,68;0,4,0.3075,0,195;2,3,0.4215,0,163
ood_compose_epi-01027	1	2	2	158,67,38,204,147,162,91,93,179,84,31,168,70,130,117,53,63,188,20,126,137,142,14,73,162,198,102,43,151,198,113,192,45,21,106,3	2,4,0.9995,0,236;6,4,0.7085,0,97;4,5,0.6385,1,184;0,2,0.7175,0,125;5,0,0.3675,0,235;5,0,0.2765,1,113
ood_compose_epi-01028	10	1	1	169,21,93,200,174,66,150,40,201,99,38,122,141,117,185,90,60,11,115,158,146,168,54,77,181,109,28,138,18,175,87,132,69,190,45,5	4,1,0.4975,0,72;3,4,0.1635,0,147;5,2,0.4055,0,69;4,5,0.4905,0,234;2,3,0.6705,0,119;1,2,0.4705,0,158
ood_compose_epi-01029	10	1	2	87,208,212,6,199,113,57,211,105,21,81,13,177,20,39,151,95,111,157,205,69,185,129,117,146,196,135,61,45,44,140,67,141,207,90,33	5,3,0.9655,0,122;8,5,0.9625,0,92;8,3,0.6635,0,54;8,5,0.4375,2,188;8,5,0.2665,0,247;8,5,0.8555,0,52
ood_compose_epi-01030	4	1	1	19,89,150,206,93,85,153,45,192,76,68,116,4,162,21,11,57,173,28,137,62,195,166,141,42,195,146,69,206,127,110,117,35,135,152,103	3,1,0.7435,0,134;3,1,0.4895,0,255;8,4,0.9585,0,22;3,3,0.2685,0,164;6,4,0.8785,0,252;6,5,0.2695,0,10
ood_compose_epi-01031	0	3	0	179,107,138,131,42,69,173,76,37,124,215,117,149,100,68,141,95,115,83,178,152,19,148,213,203,21,58,30,52,4,45,88,215,192,192,10	3,0,0.6645,0,143;5,3,0.4105,0,227;3,0,0.9695,0,187;3,1,0.0165,2,145;3,1,0.6175,0,222;3,1,0.4525,0,115
ood_compose_epi-01032	1	2	0	109,34,207,43,132,85,88,112,13,158,75,123,98,3,213,195,117,147,196,160,208,200,141,18,21,93,46,66,139,61,69,27,51,149,177,205	2,3,0.4805,0,70;2,0,0.7215,1,244;2,3,0.5295,0,0;2,3,0.1905,0,3;1,3,0.0375,0,173;2,2,0.7145,0,199
ood_compose_epi-01033	7	2	0	141,207,37,149,140,26,198,167,42,15,88,189,21,69,206,111,16,172,117,132,122,82,45,98,147,61,188,74,171,172,187,93,2,50,116,65	1,5,0.1185,0,154;1,3,0.5285,0,195;1,3,0.2045,0,234;1,0,0.0125,0,66;1,5,0.9435,0,42;1,2,0.9355,0,180
ood_compose_epi-01034	6	2	1	38,170,165,45,59,17,93,199,82,202,153,141,117,121,49,3,75,21,42,181,130,92,13,110,147,189,97,64,114,193,203,193,25,150,137,69	2,3,0.3305,0,18;0,4,0.4545,0,162;0,1,0.1765,0,137;2,0,0.9585,0,86;0,4,0.4845,0,50;0,0,0.3555,0,6
ood_compose_epi-01035	9	0	2	41,179,22,14,90,45,161,166,173,145,17,116,93,69,157,151,87,176,106,117,137,64,101,39,121,188,195,56,213,80,212,134,58,25,143,8	7,4,0.3595,1,20;0,5,0.3265,0,109;7,0,0.1595,0,99;7,5,0.4145,0,199;4,0,0.8445,0,36;0,4,0.2395,2,192
ood_compose_epi-01036	7	2	1	184,2,45,112,200,131,33,19,152,147,34,50,66,21,141,99,117,199,174,107,173,75,161,12,123,87,164,93,139,199,153,69,41,89,60,150	1,2,0.6365,0,243;8,0,0.3355,0,87;1,2,0.4645,0,206;2,5,0.3545,0,185;2,1,0.0715,0,165;2,1,0.7995,0,205
ood_compose_epi-01037	9	1	0	141,205,137,169,93,194,116,125,149,92,211,19,5,117,10,77,104,45,185,27,63,21,108,207,40,68,196,50,82,146,159,34,160,71,191,132	4,0,0.6965,0,235;2,0,0.1505,0,84;1,5,0.8545,2,56;4,0,0.8685,0,158;7,2,0.9495,0,158;4,2,0.3025,0,59
ood_compose_epi-01038	5	1	1	31,44,164,39,103,157,206,137,90,53,187,21,146,45,130,110,79,116,171,141,69,172,171,117,129,150,87,58,65,6,157,184,93,183,20,11	5,1,0.8415,0,48;6,5,0.8285,0,85;4,0,0.2205,0,50;6,5,0.4265,0,191;6,4,0.8055,0,214;8,0,0.2745,0,144
ood_compose_epi-01039	2	1	1	28,59,146,98,44,35,141,75,69,16,164,7,154,107,187,93,155,89,84,132,117,150,10,198,169,209,138,21,45,202,67,113,160,195,127,49	6,0,0.1795,0,77;3,1,0.9735,0,209;0,1,0.7395,0,239;2,2,0.2965,0,22;1,1,0.3735,0,246;6,2,0.5585,0,203
ood_compose_epi-01040	5	0	1	150,72,86,115,26,45,127,81,41,66,138,176,93,172,135,52,141,208,117,168,18,171,3,92,176,37,21,166,107,10,180,186,205,145,63,98	2,0,0.5615,0,190;1,3,0.3405,0,101;3,5,0.4575,3,65;8,4,0.8685,0,191;1,1,0.7755,0,178;6,5,0.5475,0,71
ood_compose_epi-01041	0	3	2	117,148,112,155,77,194,205,4,52,144,68,21,135,11,170,93,101,183,154,191,121,62,85,46,92,42,179,36,202,152,28,151,69,20,139,108	3,1,0.8685,0,186;3,2,0.4865,1,117;3,4,0.9865,0,241;4,3,0.8975,0,17;4,2,0.0265,0,201;0,5,0.7555,3,197
ood_compose_epi-01042	7	3	2	192,196,200,19,141,91,139,204,122,213,27,15,130,2,74,117,106,98,205,84,115,38,192,67,21,196,148,40,93,151,198,62,211,45,52,69	1,5,0.7465,0,166;2,4,0.0505,0,230;3,4,0.7775,0,218;1,2,0.6995,0,204;1,0,0.6405,0,130;1,0,0.6445,0,26
ood_compose_epi-01043	8	0	1	128,77,133,187,17,45,30,3,119,194,21,139,114,13,93,215,205,69,82,183,59,194,109,56,105,197,212,37,145,144,150,160,152,88,44,68	2,3,0.2805,0,92;5,3,0.9815,0,90;7,1,0.8485,0,10;4,0,0.0805,0,203;8,3,0.5545,2,31;7,3,0.7005,3,193
ood_compose_epi-01044	1	0	2	117,41,137,144,186,145,134,196,77,90,51,94,5,161,186,113,38,157,16,61,110,193,172,23,29,10,151,69,67,45,198,125,156,211,100,87	4,0,0.0315,2,141;4,4,0.3395,0,212;2,3,0.6805,0,31;4,5,0.5035,1,246;3,4,0.3085,0,33;4,4,0.2235,3,110
ood_compose_epi-01045	1	0	0	27,39,109,91,24,176,58,123,67,83,149,172,131,204,115,18,93,194,159,193,201,145,117,177,99,12,50,43,208,155,45,69,80,141,8,137	7,2,0.4415,3,142;2,5,0.6455,0,166;1,0,0.6765,0,101;7,1,0.7065,0,219;2,3,0.7795,0,82;2,1,0.2925,0,53
ood_compose_epi-01046	1	3	2	151,196,205,139,148,78,92,152,162,105,27,93,165,117,82,35,153,42,69,141,179,45,14,112,20,7,110,21,160,123,51,64,63,133,194,210	6,4,0.8885,0,229;2,1,0.5065,0,75;2,5,0.0735,0,11;5,0,0.9495,0,3;8,4,0.0795,0,139;2,3,0.6465,0,207
ood_compose_epi-01047	7	1	2	154,146,201,89,23,109,93,167,17,98,36,58,41,54,193,190,86,30,45,151,4,183,66,202,166,117,76,122,183,116,132,141,138,72,12,153	3,2,0.2355,2,254;5,2,0.3445,0,232;5,0,0.5705,3,59;3,4,0.2085,0,67;1,3,0.8895,0,200;1,2,0.5385,0,28
ood_compose_epi-01048	1	0	0	21,202,157,70,38,45,18,93,62,65,3,141,137,211,13,206,56,145,124,164,115,107,87,134,190,28,170,90,104,186,75,119,43,169,192,149	2,3,0.5305,0,252;3,4,0.7645,0,60;7,4,0.2605,1,28;2,5,0.5095,0,222;7,1,0.6475,2,111;3,4,0.3205,0,36
ood_compose_epi-01049	2	3	2	160,93,67,40,190,69,37,135,197,197,91,160,24,115,59,140,82,185,151,105,81,117,163,174,142,33,108,153,52,9,10,45,17,148,153,127	8,0,0.3595,3,90;8,3,0.0025,0,76;3,1,0.6385,0,214;8,0,0.6715,0,240;8,2,0.7125,0,167;6,5,0.8715,1,129
ood_compose_epi-01050	9	1	1	203,169,61,93,8,66,196,117,54,166,80,163,197,21,39,43,152,19,114,69,26,150,12,106,183,130,146,129,204,98,141,139,90,86,188,45	7,2,0.6115,0,124;1,5,0.7825,0,81;5,3,0.4285,0,57;7,4,0.5025,0,94;1,0,0.5225,0,135;8,0,0.7245,0,5
ood_compose_epi-01051	9	1	2	21,177,189,42,69,146,87,7,167,35,179,177,151,75,56,164,90,61,141,134,103,117,68,17,93,111,186,203,128,15,113,48,172,139,27,182	6,5,0.2765,0,154;2,1,0.5005,3,41;7,3,0.9505,0,100;2,5,0.5235,0,38;6,5,0.2475,0,246;7,4,0.6765,0,115
ood_compose_epi-01052	2	3	1	94,83,16,176,97,66,183,124,59,213,45,148,42,57,28,35,6,140,89,73,161,107,21,154,157,143,69,131,210,15,186,117,150,184,181,112	5,5,0.1255,0,42;3,1,0.5285,0,211;8,1,0.5935,0,130;0,1,0.3895,1,184;0,1,0.1395,0,121;3,1,0.8425,2,207
ood_compose_epi-01053	9	1	1	93,215,153,15,162,165,200,190,106,8,45,117,141,28,186,112,44,128,69,150,20,68,34,87,78,102,137,56,91,132,146,21,166,194,60,205	7,5,0.8335,0,41;3,0,0.9275,0,123;7,2,0.9985,0,118;5,5,0.7725,0,88;5,0,0.0775,0,122;7,2,0.2275,0,208
ood_compose_epi-01054	10	0	2	116,168,160,180,81,143,91,171,54,45,13,105,19,121,145,9,151,204,183,44,163,117,111,212,58,66,160,69,24,36,30,200,133,85,138,93	8,3,0.7705,3,10;5,2,0.9615,0,23;5,0,0.5805,0,93;8,3,0.7655,0,62;8,5,0.8755,0,121;0,3,0.5405,2,185
ood_compose_epi-01055	1	2	1	38,141,152,59,84,109,200,127,21,69,51,97,45,200,20,191,175,156,113,215,147,14,33,3,150,89,74,197,137,41,187,120,168,93,64,130	2,4,0.8435,0,43;8,4,0.3555,0,111;2,1,0.0585,0,31;1,2,0.3515,0,60;0,3,0.3675,3,158;6,0,0.2885,0,21
ood_compose_epi-01056	5	1	1	97,92,112,205,136,4,177,56,158,62,24,76,107,204,31,141,177,133,82,18,192,163,146,69,150,96,39,214,10,45,182,65,118,126,166,43	3,0,0.4665,3,160;6,5,0.7035,0,126;7,4,0.2035,0,251;3,0,0.8375,3,60;0,1,0.0175,1,101;5,3,0.0565,0,181
ood_compose_epi-01057	5	2	1	117,169,65,196,121,93,107,147,39,162,214,97,3,75,13,17,21,203,158,59,69,139,43,154,89,141,135,55,112,45,31,86,180,181,159,150	2,3,0.2985,0,218;6,5,0.7925,0,110;6,1,0.2975,0,11;2,4,0.2895,0,98;0,1,0.1775,0,201;0,5,0.7925,0,118
ood_compose_epi-01058	6	0	0	209,203,67,93,149,132,85,59,4,141,157,121,117,45,89,69,177,49,175,99,74,42,115,36,145,21,199,138,109,175,25,152,16,202,161,12	3,2,0.1135,0,19;0,2,0.5885,0,218;0,1,0.6825,0,58;1,3,0.2015,0,196;2,3,0.6245,0,47;0,2,0.4825,0,116
ood_compose_epi-01059	5	2	2	55,70,65,108,62,34,181,83,190,125,196,45,31,10,182,73,151,93,188,16,134,117,21,210,7,141,192,194,103,89,147,159,41,137,114,166	6,0,0.0725,0,62;6,0,0.2535,0,112;6,4,0.3755,1,97;0,1,0.2425,0,194;6,2,0.4375,0,56;4,4,0.3635,0,1
ood_compose_epi-01060	6	0	0	199,154,170,2,162,25,60,53,154,73,89,149,182,112,101,211,12,85,117,38,70,64,128,138,21,43,213,108,204,20,145,93,203,130,141,45	1,2,0.9835,0,47;0,4,0.6705,0,45;4,2,0.0355,1,120;0,3,0.3285,0,154;4,2,0.1695,0,207;7,0,0.5495,0,215
ood_compose_epi-01061	3	0	0	50,177,141,149,160,36,180,130,89,116,122,117,7,164,79,69,95,173,66,145,15,18,167,43,139,58,26,161,213,45,23,83,100,109,182,165	6,5,0.5325,2,93;1,2,0.7705,0,220;1,0,0.4105,0,155;6,1,0.2905,2,88;3,3,0.9485,0,67;1,0,0.6945,0,29
ood_compose_epi-01062	2	1	2	137,53,12,141,101,114,151,187,191,89,146,83,77,108,29,165,201,182,124,69,18,64,204,45,170,165,58,93,131,4,44,199,35,21,117,173	3,2,0.5735,0,23;4,1,0.9905,0,173;4,0,0.0155,0,55;4,1,0.2605,0,186;4,2,0.4445,0,157;3,1,0.2605,0,216
ood_compose_epi-01063	10	0	1	45,145,9,214,14,69,118,85,67,194,78,16,194,203,111,23,41,105,94,53,62,150,28,136,185,172,91,113,126,206,34,142,171,171,132,181	8,4,0.1435,2,65;3,0,0.3875,0,90;4,4,0.6525,0,106;5,3,0.7355,1,253;8,5,0.3595,1,44;5,2,0.0515,1,141
ood_compose_epi-01064	9	0	1	117,175,104,128,172,20,62,92,177,145,21,192,38,177,86,174,65,48,131,49,150,203,137,185,142,72,41,80,175,93,166,4,114,32,108,15	3,5,0.9415,0,205;7,4,0.2105,3,109;0,4,0.2435,3,41;7,4,0.9715,0,161;7,2,0.5165,0,102;7,1,0.2755,1,53
ood_compose_epi-01065	1	2	1	180,203,114,51,123,178,184,41,198,84,165,147,62,140,185,27,45,93,92,117,101,202,75,15,8,107,141,195,210,39,69,133,20,150,21,68	7,5,0.8215,0,33;2,5,0.3015,0,215;2,4,0.8295,0,47;2,2,0.9885,0,26;4,1,0.4075,0,130;2,3,0.8255,0,168
ood_compose_epi-01066	1	2	1	67,70,21,177,147,112,97,136,56,85,95,158,43,78,208,180,45,8,134,62,128,19,183,13,158,37,150,180,215,202,106,141,27,89,117,205	7,3,0.7445,0,63;2,3,0.6765,0,255;7,4,0.6335,1,157;5,3,0.2865,2,141;0,0,0.0835,0,109;7,4,0.1185,0,161
ood_compose_epi-01067	6	1	1	126,203,146,21,65,25,42,45,195,193,106,97,87,13,49,1,90,139,150,63,112,174,131,119,158,93,166,39,18,171,73,214,207,71,141,185	0,3,0.4565,0,123;0,5,0.5435,0,254;0,5,0.2775,2,142;0,5,0.5225,0,3;0,0,0.0755,2,73;5,1,0.7945,0,224
ood_compose_epi-01068	1	2	1	49,202,170,150,12,75,25,3,192,106,141,40,162,93,147,117,172,90,61,170,133,85,122,35,139,206,20,156,45,68,115,21,99,69,206,161	2,2,0.9515,0,8;0,1,0.0005,0,228;0,3,0.8205,0,82;2,3,0.5535,0,144;2,0,0.7865,0,88;1,3,0.6745,0,119
ood_compose_epi-01069	1	3	1	48,180,171,135,17,154,114,51,119,14,164,73,205,92,148,93,68,4,141,22,29,212,164,206,99,69,41,150,176,182,83,61,108,129,34,137	3,4,0.3805,1,141;4,0,0.3505,3,237;2,3,0.9085,0,136;0,1,0.9235,0,169;2,2,0.5625,2,247;8,5,0.3805,0,95
ood_compose_epi-01070	8	1	0	21,120,79,146,140,26,19,130,113,206,173,40,210,101,10,45,54,90,149,84,126,209,200,6,37,215,68,141,172,214,93,69,178,211,110,61	5,0,0.7225,0,133;1,3,0.1615,0,25;5,3,0.8715,0,185;6,2,0.4275,0,17;4,4,0.3835,3,7;5,0,0.9665,0,47
ood_compose_epi-01071	10	1	2	70,167,122,23,141,202,60,117,11,92,138,146,64,194,114,189,76,169,207,2,187,151,106,93,43,158,179,37,50,167,45,100,82,131,33,16	1,1,0.0565,2,160;8,3,0.7875,0,92;1,2,0.0075,1,210;3,0,0.8565,0,213;3,0,0.5845,0,102;1,1,0.4155,0,2
ood_compose_epi-01072	8	2	1	157,102,54,198,140,180,8,199,127,42,160,15,67,62,45,85,166,21,92,195,115,160,150,130,117,147,189,143,32,19,78,38,168,106,69,93	7,5,0.6345,0,225;7,4,0.4145,0,189;5,4,0.7145,0,250;5,3,0.8315,0,195;5,0,0.6635,0,206;6,0,0.9185,2,110
ood_compose_epi-01073	8	0	0	15,108,141,187,54,126,69,160,176,145,59,86,172,47,66,177,91,7,93,117,193,206,130,78,19,179,41,187,34,102,149,113,189,25,140,21	6,5,0.7865,0,112;0,0,0.3075,2,225;5,1,0.5905,0,92;5,4,0.7995,0,97;5,2,0.2855,0,33;5,0,0.9775,0,128
ood_compose_epi-01074	2	2	1	109,204,193,44,55,119,93,10,27,66,150,128,170,153,116,73,46,139,162,141,105,132,178,17,90,69,37,22,59,209,147,83,1,178,205,189	0,0,0.3025,1,76;2,3,0.9165,1,35;6,1,0.4785,0,61;0,1,0.5135,0,208;8,3,0.9105,2,70;7,2,0.6315,0,22
ood_compose_epi-01075	6	0	2	156,37,15,52,171,94,156,58,86,91,174,108,135,21,42,31,129,69,119,151,45,187,67,116,192,105,138,203,152,183,145,1,81,165,20,141	0,5,0.8705,0,11;6,3,0.5345,0,11;3,0,0.7735,0,2;8,4,0.7535,1,191;8,2,0.8695,2,146;8,5,0.4395,0,118
ood_compose_epi-01076	10	2	2	33,143,151,127,116,147,85,89,69,137,153,17,59,157,132,38,21,120,99,56,44,179,205,158,9,177,197,93,14,108,202,81,45,66,171,208	8,4,0.2755,0,211;8,4,0.9625,0,238;7,1,0.5655,0,1;8,3,0.3675,0,151;2,2,0.9135,3,143;6,2,0.2695,2,26
ood_compose_epi-01077	1	2	0	189,141,14,93,187,51,166,117,147,131,109,181,68,45,62,153,101,26,197,203,36,91,125,3,205,149,20,114,159,41,136,72,74,86,203,21	2,4,0.8275,0,251;1,2,0.3045,0,98;2,4,0.8465,3,63;1,4,0.7895,0,222;4,3,0.4995,0,154;4,1,0.1405,0,208
ood_compose_epi-01078	0	3	2	43,148,55,209,159,123,86,117,138,93,167,21,45,178,190,151,76,91,13,65,3,185,37,109,169,177,19,61,116,28,131,184,193,71,100,141	2,3,0.7525,0,111;3,3,0.7575,0,2;6,3,0.3045,2,220;3,4,0.6815,0,88;3,3,0.8415,0,158;2,1,0.5365,0,68
ood_compose_epi-01079	6	1	1	56,198,64,174,133,35,117,113,45,150,85,21,128,73,93,203,5,107,42,100,141,92,32,69,136,11,182,179,203,16,172,62,208,182,152,146	4,1,0.1955,0,41;7,1,0.4825,0,168;7,4,0.0665,0,10;0,3,0.8115,0,166;3,1,0.2665,0,244;7,3,0.0295,0,234
ood_compose_epi-01080	5	2	1	39,139,90,7,106,131,85,192,48,150,117,147,127,69,65,25,155,103,193,79,116,15,42,196,183,60,166,21,18,141,206,168,188,200,96,51	6,5,0.4185,0,120;0,5,0.4825,3,15;2,2,0.2135,0,27;6,3,0.5995,3,139;6,0,0.9795,0,165;6,1,0.6275,0,70
ood_compose_epi-01081	1	3	1	99,126,16,139,213,107,117,79,72,148,45,141,130,150,186,41,162,193,205,172,83,51,115,195,13,37,198,184,90,64,27,93,59,177,22,4	3,3,0.0475,1,68;2,3,0.2595,0,239;2,1,0.0005,3,13;6,1,0.5775,0,124;2,1,0.6545,0,244;5,0,0.7445,0,101
ood_compose_epi-01082	6	0	0	88,28,93,135,15,43,144,201,161,49,21,107,149,66,204,45,189,73,1,139,100,62,121,85,187,116,145,69,181,19,212,119,177,198,38,211	0,5,0.6015,0,113;3,4,0.6675,0,89;0,4,0.5605,0,58;0,3,0.0945,0,191;3,1,0.8745,2,74;0,5,0.6735,3,138
ood_compose_epi-01083	8	1	0	141,184,114,196,108,21,69,207,6,49,102,184,184,149,93,126,172,58,120,87,138,204,32,66,45,91,10,146,195,78,17,40,133,176,156,34	5,0,0.3875,0,30;7,0,0.1535,0,73;0,0,0.5245,0,131;5,5,0.6385,0,28;5,2,0.4375,3,206;5,3,0.5125,0,87
ood_compose_epi-01084	9	1	1	141,38,20,138,59,42,194,134,88,179,162,48,117,94,69,52,187,12,198,150,183,153,107,116,21,104,32,173,64,153,128,87,176,146,73,8	7,2,0.9235,0,227;7,4,0.4855,3,245;3,1,0.0175,0,23;0,5,0.1875,1,67;7,1,0.9465,0,220;7,4,0.5155,0,37
ood_compose_epi-01085	9	2	0	208,176,152,91,201,21,69,110,125,18,117,141,207,35,195,139,158,201,115,80,30,104,149,10,65,50,147,47,84,160,3,43,62,93,133,206	2,0,0.4375,0,25;5,1,0.7715,2,145;1,4,0.2235,0,126;7,2,0.6345,0,26;7,4,0.6775,0,0;4,3,0.6075,0,178
ood_compose_epi-01086	10	1	2	212,10,98,120,52,151,44,133,21,129,192,83,37,110,140,146,29,181,16,141,88,115,160,2,69,74,59,45,165,209,159,171,66,178,152,93	1,0,0.0885,0,209;4,3,0.9585,0,220;3,1,0.4775,0,186;1,1,0.0095,0,251;1,4,0.6225,3,184;8,3,0.8005,0,66
ood_compose_epi-01087	1	2	1	21,3,84,147,111,141,58,41,121,13,33,45,180,49,167,134,73,68,19,184,136,178,195,182,89,210,112,93,150,69,101,38,195,117,206,152	2,3,0.7025,0,188;8,4,0.2295,0,187;0,0,0.9585,0,93;0,2,0.3765,0,44;4,5,0.0725,0,53;0,4,0.0645,0,197
ood_compose_epi-01088	7	0	1	122,42,180,115,213,159,59,189,64,145,175,25,136,181,108,21,214,207,98,131,55,35,12,150,82,75,2,117,69,89,141,176,19,152,45,93	1,2,0.7585,0,182;0,1,0.5595,0,151;6,1,0.0735,0,97;2,0,0.2495,0,191;1,2,0.6885,0,207;1,1,0.0795,0,93
ood_compose_epi-01089	10	3	2	116,172,118,157,65,87,200,75,177,148,157,45,134,92,36,52,11,205,18,141,69,209,21,176,58,204,170,140,26,108,104,125,41,4,95,151	3,1,0.5615,0,166;1,2,0.3185,0,237;3,0,0.2595,0,195;2,5,0.8645,2,136;7,2,0.9965,1,216;4,4,0.9355,0,244
ood_compose_epi-01090	3	0	2	73,109,28,203,209,164,100,215,69,114,201,214,88,123,117,9,174,93,39,13,61,140,181,187,145,18,86,130,151,144,44,52,64,47,21,183	8,3,0.5085,0,111;3,5,0.9005,2,84;3,3,0.0645,0,102;0,4,0.1625,0,117;3,3,0.4915,0,190;2,0,0.8805,3,32
ood_compose_epi-01091	6	0	2	45,118,66,16,207,130,72,181,109,83,187,145,60,194,141,43,213,129,56,100,113,3,93,174,14,21,179,165,39,77,137,178,171,151,92,25	2,4,0.1915,0,175;0,5,0.7965,0,24;7,2,0.4455,3,76;4,1,0.9465,0,162;3,3,0.3335,1,248;8,0,0.2745,0,174
ood_compose_epi-01092	7	0	2	21,117,40,64,93,204,151,18,145,84,114,200,2,210,174,103,122,15,45,213,136,186,159,111,206,74,69,163,141,135,60,89,50,177,38,27	1,5,0.5855,0,119;2,4,0.1455,0,70;1,2,0.1955,0,14;1,2,0.3185,0,228;6,5,0.4725,0,91;1,5,0.1395,0,215
ood_compose_epi-01093	1	2	0	21,212,147,176,3,96,202,155,202,141,215,45,41,115,13,117,137,192,149,79,20,128,25,110,69,89,133,99,189,67,58,56,83,157,172,37	2,3,0.9625,0,205;0,3,0.3255,0,76;7,0,0.7205,0,90;6,1,0.2605,3,55;2,4,0.6265,0,129;7,3,0.3465,0,223
ood_compose_epi-01094	2	0	0	21,97,212,115,69,145,166,60,207,4,117,162,41,208,210,93,204,132,159,149,87,45,52,76,129,13,111,17,28,196,138,36,88,141,66,181	3,3,0.3905,0,240;3,2,0.2775,0,58;3,2,0.4985,0,53;3,5,0.1025,0,45;0,5,0.7445,0,129;8,2,0.5095,0,81
ood_compose_epi-01095	1	3	0	130,13,112,201,148,186,97,34,18,83,206,21,93,45,160,170,33,129,81,65,58,3,110,40,141,149,69,57,120,140,90,170,208,177,175,163	2,3,0.5545,0,205;8,0,0.0855,0,143;8,0,0.3435,0,51;8,1,0.4335,0,215;0,4,0.1615,3,146;8,0,0.9205,0,113
ood_compose_epi-01096	1	3	0	113,43,11,187,122,211,27,148,149,103,56,179,59,139,169,37,191,141,74,168,132,20,177,196,3,93,87,45,89,106,21,175,182,117,65,69	2,1,0.8215,0,171;2,3,0.6155,0,59;7,1,0.3605,0,254;1,5,0.2165,0,203;6,0,0.3515,0,100;1,2,0.6405,0,186
ood_compose_epi-01097	5	2	2	204,208,151,132,127,20,140,5,179,204,215,117,113,91,69,61,12,172,163,173,147,55,38,212,82,21,27,110,102,93,41,67,45,78,202,144	4,2,0.8475,0,251;2,4,0.3455,0,75;6,3,0.7275,0,14;5,0,0.7125,0,59;5,4,0.2915,0,130;6,2,0.8675,3,27
ood_compose_epi-01098	6	2	0	141,112,41,147,149,133,67,21,172,121,155,83,33,178,214,161,187,117,105,69,181,77,17,203,93,138,63,178,35,45,214,111,13,91,49,1	0,3,0.2495,0,81;8,1,0.3305,0,37;0,5,0.6335,0,170;4,1,0.7915,0,155;8,5,0.0475,0,227;0,3,0.5945,0,207
ood_compose_epi-01099	0	3	1	180,93,21,45,176,69,150,165,194,123,148,158,118,140,51,130,38,200,12,170,85,29,107,113,19,65,91,58,166,142,176,3,97,76,209,44	2,2,0.6135,0,11;4,4,0.9105,0,228;2,0,0.3205,0,179;3,3,0.6235,0,187;0,1,0.3545,1,163;2,0,0.8415,1,59
ood_compose_epi-01100	9	1	1	66,56,146,43,150,181,81,28,207,161,209,11,111,169,63,141,114,103,8,204,36,89,93,45,205,21,184,69,122,138,84,206,130,18,207,117	7,1,0.5095,0,161;3,2,0.6815,0,62;7,5,0.5575,0,238;8,2,0.3845,0,11;6,5,0.5975,0,33;1,0,0.4595,0,144
ood_compose_epi-01101	2	0	0	69,114,138,145,59,209,5,111,17,83,195,66,200,100,49,37,134,169,10,32,170,92,93,76,45,118,41,190,164,141,149,24,152,127,158,187	4,0,0.3675,3,173;7,3,0.3015,0,7;0,1,0.5425,0,130;3,1,0.8385,0,219;3,5,0.5385,1,77;6,4,0.4945,0,10
ood_compose_epi-01102	5	2	1	68,11,111,211,117,35,93,114,165,188,163,19,21,213,69,150,63,141,45,125,26,147,89,85,137,79,158,205,179,9,134,103,155,55,182,41	8,1,0.7935,0,167;1,1,0.3725,0,116;6,5,0.8475,0,27;6,3,0.2675,0,60;6,5,0.5475,0,163;4,4,0.3875,0,218
ood_compose_epi-01103	9	3	0	34,157,204,93,139,30,104,133,148,186,117,69,123,202,45,213,196,16,173,158,53,114,143,149,204,42,157,61,64,1,21,73,110,88,15,86	0,5,0.0305,0,234;5,0,0.5865,0,23;4,3,0.0565,0,103;0,4,0.0415,0,189;7,4,0.4795,0,83;2,3,0.7885,2,246
ood_compose_epi-01104	5	0	0	202,45,7,160,10,170,141,19,55,90,117,87,157,191,179,112,61,108,69,138,79,99,43,214,197,27,149,21,182,93,68,170,145,36,132,127	6,0,0.6525,0,200;2,2,0.7015,0,232;6,3,0.9115,0,92;6,5,0.4805,0,48;2,2,0.1895,0,252;6,2,0.4695,0,168
ood_compose_epi-01105	10	1	1	197,168,215,200,213,63,125,112,150,196,175,45,91,141,27,44,21,13,19,53,146,211,35,77,9,93,108,103,188,69,163,138,64,85,117,130	8,3,0.7725,0,38;2,1,0.8245,0,25;4,5,0.1575,0,75;4,3,0.7085,0,233;6,2,0.0305,0,146;4,0,0.5085,0,242
ood_compose_epi-01106	8	0	1	86,115,68,163,126,49,93,16,182,44,37,90,212,32,197,69,202,139,117,45,106,104,22,11,195,150,130,78,186,168,145,8,205,141,159,62	7,1,0.1545,1,110;7,3,0.9375,0,86;0,4,0.8955,0,211;5,4,0.4695,0,10;7,0,0.6555,0,209;5,0,0.6095,0,163
ood_compose_epi-01107	10	1	1	146,184,105,133,9,44,123,109,150,195,141,15,67,114,117,19,81,45,21,57,156,202,69,89,27,152,161,83,93,62,179,162,169,140,153,37	8,5,0.7645,0,63;2,3,0.9135,0,17;8,4,0.6985,0,131;8,1,0.3585,0,254;8,3,0.4755,0,189;2,3,0.8985,0,238
ood_compose_epi-01108	6	0	0	89,97,17,137,39,82,170,58,157,179,125,5,176,169,149,110,193,23,69,45,118,25,144,77,145,95,191,49,201,65,42,157,191,131,114,12	4,2,0.2735,2,32;0,5,0.5495,0,92;0,0,0.2235,0,56;4,0,0.2865,2,211;0,4,0.4975,1,240;4,1,0.3395,3,136
ood_compose_epi-01109	1	2	1	113,34,87,183,134,150,42,123,93,177,59,24,170,206,79,181,111,99,209,30,71,168,147,117,45,141,15,88,183,154,16,49,67,138,9,161	8,5,0.0935,3,146;5,0,0.4025,0,188;0,1,0.7685,2,251;6,5,0.0175,0,254;2,5,0.3025,0,22;2,4,0.5405,0,218
ood_compose_epi-01110	1	2	2	141,206,42,3,158,115,123,206,15,82,165,89,168,38,107,117,159,75,151,62,211,27,133,67,45,21,152,147,19,139,99,93,57,206,161,72	2,5,0.7475,0,251;2,4,0.5545,0,236;8,4,0.7945,3,16;2,0,0.2575,0,74;2,1,0.6455,0,202;2,3,0.6795,0,118
ood_compose_epi-01111	10	3	0	5,112,39,157,137,69,40,101,134,152,205,21,65,148,142,117,208,82,107,149,28,53,93,91,125,167,215,15,17,45,173,179,78,60,201,156	4,5,0.3085,0,82;3,5,0.1265,0,65;4,2,0.3755,0,90;5,0,0.7975,0,130;4,1,0.1005,0,48;4,4,0.3705,1,75
ood_compose_epi-01112	3	0	0	188,149,52,185,199,209,28,113,44,117,46,125,93,65,76,13,3,19,38,101,173,145,91,69,162,59,109,179,198,144,134,84,137,215,22,159	2,3,0.6715,1,251;3,4,0.8675,1,138;3,1,0.2785,0,237;3,2,0.6855,0,40;4,3,0.3825,0,22;4,4,0.2025,3,7
ood_compose_epi-01113	5	2	0	117,39,193,190,31,90,114,127,58,178,68,85,167,11,176,57,177,153,199,45,79,169,69,108,43,6,138,21,17,149,141,133,147,165,101,94	5,1,0.3965,0,15;6,5,0.6675,0,249;8,0,0.9965,0,42;6,3,0.5495,1,15;4,2,0.4415,0,182;6,3,0.4835,0,85
ood_compose_epi-01114	4	1	1	133,152,171,69,28,141,155,138,11,89,66,117,16,55,41,80,160,181,2,167,96,100,107,171,180,63,45,178,124,146,113,153,84,37,150,23	1,1,0.1735,2,45;3,3,0.2335,0,105;6,5,0.5195,0,84;7,2,0.2425,3,91;3,1,0.2025,0,169;3,3,0.5745,0,84
ood_compose_epi-01115	2	3	2	44,174,163,66,107,91,215,194,148,24,32,155,60,79,52,4,93,69,47,113,173,37,14,117,174,151,20,161,84,128,136,141,195,207,100,135	3,4,0.9165,3,104;7,3,0.8875,2,3;3,2,0.4395,0,73;6,2,0.6995,0,103;3,1,0.3195,0,235;7,5,0.1185,0,27
ood_compose_epi-01116	6	1	1	172,146,15,33,39,42,130,139,195,19,191,150,93,100,165,21,164,114,117,202,187,51,163,106,161,128,45,1,173,82,91,81,141,64,61,69	0,5,0.6745,0,37;8,5,0.4625,0,169;2,3,0.1905,0,205;8,0,0.6875,0,99;3,0,0.5055,0,163;7,0,0.6685,0,218
ood_compose_epi-01117	8	1	2	160,163,44,56,188,120,111,141,39,214,159,89,138,45,30,75,146,114,60,69,151,6,170,83,167,19,123,206,102,22,64,93,133,158,10,153	5,0,0.6165,1,215;5,5,0.8505,0,173;7,2,0.1115,0,76;2,1,0.2905,0,229;5,5,0.5595,3,178;2,3,0.4545,0,104
ood_compose_epi-01118	10	1	1	208,91,185,69,39,137,119,14,45,93,180,5,209,167,53,21,199,133,182,67,82,184,122,77,29,146,141,215,178,43,20,150,62,103,115,109	4,4,0.9765,0,151;4,5,0.6365,0,25;4,4,0.7495,0,173;4,0,0.7695,0,187;6,3,0.6245,2,27;1,3,0.2895,0,54
ood_compose_epi-01119	1	2	0	210,59,177,171,34,40,153,138,45,175,69,75,27,147,149,210,117,85,92,5,202,125,201,143,93,12,113,21,51,20,109,66,101,162,135,187	4,2,0.8795,0,167;2,0,0.1535,0,241;2,1,0.5485,0,65;2,3,0.8585,0,66;4,3,0.2265,0,143;4,5,0.5055,2,188
ood_compose_epi-01120	1	2	0	40,112,166,123,27,89,99,133,139,83,15,3,65,210,21,93,174,176,20,109,71,120,47,208,149,37,51,62,75,178,159,212,141,154,147,204	2,5,0.8955,0,95;2,3,0.1135,2,181;2,4,0.2855,2,218;2,1,0.2305,0,51;2,3,0.0525,3,50;2,3,0.7505,0,206
ood_compose_epi-01121	8	2	1	54,18,147,63,39,180,86,45,93,192,137,154,126,69,117,214,183,168,130,150,192,12,114,165,176,78,141,214,68,21,27,99,40,92,108,9	8,2,0.5475,0,204;2,5,0.1185,0,187;5,5,0.9785,0,49;5,4,0.9235,0,84;2,2,0.5305,0,140;5,0,0.2875,0,11
ood_compose_epi-01122	7	3	2	45,42,157,129,151,196,16,61,91,21,210,117,193,157,35,69,138,107,170,131,68,191,144,93,26,85,12,100,193,50,210,77,116,3,148,205	2,2,0.0605,0,13;1,1,0.4145,0,253;1,3,0.8145,0,241;4,3,0.6985,0,28;3,1,0.9935,0,182;8,1,0.5735,3,9
ood_compose_epi-01123	4	1	2	190,130,137,192,98,198,36,28,141,210,59,193,88,40,120,166,69,65,52,146,173,112,4,151,121,85,14,152,153,45,21,96,162,110,80,19	3,4,0.7465,0,232;3,2,0.1945,0,251;3,1,0.3625,0,89;7,3,0.0575,3,236;1,4,0.1325,3,24;0,0,0.2115,0,228
ood_compose_epi-01124	5	2	1	115,139,177,63,141,180,79,133,93,106,156,215,67,147,21,209,47,150,36,199,117,212,51,19,11,92,26,70,123,41,103,7,214,83,184,172	6,1,0.6225,0,11;1,2,0.2905,2,12;2,5,0.7435,1,12;6,1,0.8595,0,47;6,0,0.7225,0,154;2,3,0.6835,0,137
ood_compose_epi-01125	10	2	0	21,140,61,47,112,130,17,75,211,166,203,141,210,41,111,157,204,149,93,32,68,195,155,69,39,123,147,174,120,196,88,97,57,12,8,84	7,2,0.3385,0,247;7,5,0.3305,2,204;8,3,0.9295,0,172;2,2,0.0255,0,176;0,5,0.1865,3,44;2,0,0.8235,0,27
ood_compose_epi-01126	1	3	2	169,45,156,66,133,196,158,69,95,41,164,123,138,98,35,20,153,33,106,141,209,151,80,148,112,21,117,208,51,10,9,177,60,88,86,200	8,0,0.8625,0,28;8,1,0.2195,0,138;2,2,0.5255,0,65;7,4,0.1535,2,142;1,0,0.1195,0,181;2,3,0.4245,0,43
ood_compose_epi-01127	6	2	1	117,132,41,147,60,204,158,54,115,87,65,121,154,88,75,29,109,10,140,203,209,214,21,150,93,215,103,6,187,200,17,69,155,45,141,39	5,0,0.3795,0,183;4,5,0.3945,0,74;5,2,0.3335,0,253;2,5,0.1305,0,23;6,3,0.6635,0,152;0,2,0.8775,0,143
ood_compose_epi-01128	7	2	1	193,150,31,126,86,95,17,57,120,192,156,156,2,15,98,36,69,132,88,108,212,183,115,61,197,45,136,141,74,65,21,147,40,178,158,182	1,5,0.3755,0,30;6,2,0.0725,0,139;8,3,0.3105,0,126;1,4,0.0905,2,47;1,2,0.7135,3,249;5,2,0.0235,0,155
ood_compose_epi-01129	1	3	0	135,141,33,83,160,148,155,201,65,173,168,104,137,156,3,37,149,69,90,114,108,18,214,165,51,123,21,45,209,117,43,62,80,193,93,14	2,4,0.5065,0,4;8,3,0.6945,0,142;2,4,0.3715,0,26;7,1,0.5215,0,9;7,2,0.4955,0,52;2,5,0.3725,0,62
ood_compose_epi-01130	0	3	0	185,117,36,210,42,141,167,13,56,206,76,104,21,148,193,197,27,89,4,149,16,132,93,169,114,66,62,45,174,140,69,108,192,124,87,197	3,3,0.0545,0,55;2,2,0.4515,0,53;7,4,0.4685,0,133;3,5,0.3575,0,94;7,2,0.4365,0,189;3,2,0.9235,0,45
ood_compose_epi-01131	6	3	1	130,189,93,189,42,108,160,25,68,92,46,175,173,211,59,196,69,176,19,73,85,150,104,54,11,1,117,210,127,141,211,21,148,140,37,113	0,1,0.6855,0,37;0,3,0.4865,1,8;5,1,0.9355,0,117;0,3,0.8145,0,135;7,2,0.2955,0,245;6,0,0.8865,0,96
ood_compose_epi-01132	9	1	2	159,21,199,79,174,123,117,135,56,43,66,28,87,146,143,17,45,196,181,10,172,157,186,106,104,203,7,91,96,69,140,151,115,204,34,60	6,0,0.2025,0,40;3,0,0.7205,0,74;7,2,0.5655,0,210;6,5,0.7055,3,156;7,0,0.7795,0,59;2,5,0.9705,2,205
ood_compose_epi-01133	10	3	0	199,138,40,88,12,131,77,141,61,117,177,21,125,156,190,83,69,37,113,64,29,149,101,45,20,148,200,110,93,154,155,177,215,209,5,53	4,2,0.9485,0,83;4,3,0.1545,0,22;4,3,0.1055,0,149;4,1,0.0875,0,145;4,4,0.3385,0,177;4,1,0.4715,0,79
ood_compose_epi-01134	1	3	2	214,47,161,75,63,122,117,67,12,36,204,148,69,212,214,199,151,87,169,187,116,213,140,133,16,99,42,93,23,141,27,110,91,3,49,194	2,2,0.0085,2,159;2,2,0.4695,2,195;0,5,0.7355,0,151;2,5,0.6205,0,113;2,4,0.8135,0,246;1,3,0.9615,0,242
ood_compose_epi-01135	4	1	0	85,202,14,203,31,52,127,199,63,72,204,152,92,40,37,21,157,104,109,136,149,146,142,206,196,165,67,45,181,132,75,117,18,114,4,93	3,4,0.5095,0,132;6,3,0.0525,0,143;3,5,0.6545,3,57;2,3,0.8175,0,147;7,3,0.5165,0,154;6,2,0.0555,1,43
ood_compose_epi-01136	8	2	2	138,141,93,92,157,87,178,62,147,14,64,34,209,195,99,21,50,151,183,116,117,170,78,106,191,166,41,71,45,5,32,122,19,215,135,195	4,4,0.6375,0,139;7,0,0.3345,0,143;1,4,0.1275,2,108;5,5,0.9625,0,62;2,0,0.9905,0,152;1,5,0.5055,0,218
ood_compose_epi-01137	7	2	2	153,133,34,170,65,3,15,183,70,137,99,92,178,183,165,173,141,85,110,27,204,117,57,203,151,93,74,147,123,42,209,16,112,58,45,22	2,5,0.1245,1,134;2,0,0.5325,0,48;8,0,0.3955,1,8;1,3,0.9335,0,189;2,4,0.1725,0,57;2,3,0.3245,0,129
ood_compose_epi-01138	7	0	2	12,87,98,19,108,67,156,161,152,2,186,75,145,140,59,141,93,180,89,69,151,122,34,48,21,189,117,172,115,132,185,178,52,194,28,43	1,2,0.6545,0,211;3,0,0.6415,3,238;3,1,0.6385,0,63;2,5,0.2095,0,86;1,2,0.7695,0,102;1,2,0.9325,0,57
ood_compose_epi-01139	5	3	1	17,189,21,160,113,173,148,138,34,108,79,135,9,192,157,31,150,45,172,154,84,205,127,69,103,96,66,42,141,55,117,13,90,177,63,191	8,3,0.3415,0,227;6,0,0.4545,0,26;6,5,0.5885,0,30;6,2,0.4785,3,186;6,2,0.2625,0,58;6,5,0.4515,0,103
ood_compose_epi-01140	1	1	0	208,96,146,63,197,51,19,65,69,90,163,8,142,200,206,139,45,204,124,108,117,196,201,82,197,34,113,12,31,210,76,133,21,100,43,149	7,2,0.6515,0,115;6,0,0.7655,0,185;2,5,0.2785,0,144;3,0,0.4215,3,129;3,2,0.2485,0,22;3,3,0.7745,1,176
ood_compose_epi-01141	1	1	1	92,139,190,32,150,168,37,49,110,102,82,73,193,200,66,40,47,20,60,21,121,163,3,93,132,142,116,117,193,69,185,174,13,163,146,201	2,3,0.8005,0,113;7,3,0.0995,2,173;0,2,0.4065,0,130;0,0,0.8995,0,106;5,4,0.8345,0,78;0,2,0.7255,1,192
ood_compose_epi-01142	8	3	0	167,93,123,116,205,73,142,166,206,6,117,206,106,173,59,54,34,91,137,83,148,21,20,67,184,149,41,184,45,102,69,134,14,31,166,170	5,4,0.9025,0,79;6,0,0.2745,0,253;5,1,0.6785,0,34;0,1,0.7595,0,154;5,0,0.8785,0,217;2,4,0.3475,1,9
ood_compose_epi-01143	5	3	1	45,190,21,106,55,66,175,142,172,34,138,148,164,166,213,42,168,124,134,60,156,83,33,81,103,88,119,170,70,150,93,196,7,15,17,112	6,5,0.2605,0,248;8,0,0.5655,0,11;6,2,0.5355,1,212;8,1,0.0215,0,88;6,0,0.0875,2,127;3,4,0.5515,1,165
ood_compose_epi-01144	10	3	1	21,17,135,119,43,113,197,129,31,54,68,98,93,167,5,63,47,85,75,179,182,141,176,10,182,183,148,188,35,150,138,106,191,91,69,198	4,0,0.2945,0,44;6,1,0.7045,2,66;5,5,0.9365,0,71;2,3,0.7655,0,233;1,0,0.3995,2,18;8,5,0.4425,0,42
ood_compose_epi-01145	10	2	1	126,113,198,37,87,189,44,16,117,30,6,166,48,190,130,147,150,170,67,139,90,103,69,169,176,54,93,152,12,188,59,81,193,21,110,141	5,2,0.1335,0,108;5,3,0.9645,3,138;5,1,0.7275,0,131;8,5,0.5765,0,161;6,4,0.3715,0,113;5,0,0.7915,0,179
ood_compose_epi-01146	5	2	1	44,29,85,176,116,141,67,24,136,74,111,197,63,158,117,122,199,147,18,37,194,2,45,130,204,205,12,184,69,94,167,91,55,173,103,150	1,2,0.5005,3,19;4,3,0.8065,0,149;6,5,0.7585,0,171;1,3,0.7675,1,133;6,5,0.8505,0,27;1,0,0.1235,0,56
ood_compose_epi-01147	10	1	2	93,45,113,104,14,151,66,21,80,117,204,132,159,63,108,203,70,33,141,197,90,87,41,5,160,158,204,137,56,129,183,180,146,37,196,18	4,4,0.5765,0,194;8,3,0.2255,0,253;7,5,0.5205,1,143;7,5,0.4745,0,200;7,2,0.3575,0,81;8,2,0.3245,0,84
ood_compose_epi-01148	2	3	1	130,69,117,21,110,45,141,56,114,193,158,78,26,180,12,60,150,148,18,84,4,93,209,139,41,34,201,126,91,202,97,191,64,204,152,153	3,2,0.5935,0,190;1,0,0.2205,0,180;7,2,0.0705,0,205;5,2,0.6275,0,133;0,4,0.5605,0,95;5,0,0.7535,0,72
ood_compose_epi-01149	4	1	0	141,180,21,116,146,105,93,174,117,50,158,149,90,15,62,193,41,71,37,8,154,128,110,210,82,45,188,212,16,28,193,138,74,64,160,132	7,5,0.1685,0,29;3,3,0.3885,0,233;1,4,0.1595,2,144;1,0,0.5705,0,37;8,4,0.8565,0,15;7,2,0.5175,0,226
ood_compose_epi-01150	8	0	1	14,117,190,45,198,194,204,158,27,94,61,69,172,106,116,102,21,7,163,38,54,129,170,66,90,84,133,141,145,172,43,136,17,163,150,73	6,4,0.3415,0,117;2,4,0.6555,0,45;5,3,0.5015,0,8;0,2,0.5175,1,34;5,0,0.9195,0,151;8,3,0.1365,0,205
ood_compose_epi-01151	0	3	2	78,124,182,4,148,99,164,22,45,183,93,185,110,187,131,69,116,37,141,13,30,20,140,59,88,40,207,166,83,194,188,165,68,52,117,151	3,3,0.8135,1,39;5,3,0.1645,0,185;3,1,0.8085,0,2;5,1,0.1425,0,138;2,4,0.9165,0,224;3,1,0.8025,0,78
ood_compose_epi-01152	2	1	0	52,103,65,204,194,117,36,141,21,200,19,146,115,207,191,82,61,96,180,124,149,79,132,26,90,41,4,69,108,11,45,185,138,203,156,159	3,1,0.6315,0,32;1,2,0.3765,0,113;3,3,0.3625,0,50;6,0,0.5805,3,49;6,2,0.6645,0,53;3,2,0.4655,0,251
ood_compose_epi-01153	9	0	0	58,145,80,101,141,186,156,153,149,21,184,166,19,56,45,110,208,214,34,136,27,209,170,117,132,9,41,92,69,93,209,124,84,10,67,116	8,0,0.6925,0,95;2,0,0.2065,0,78;7,0,0.7245,0,70;7,2,0.8935,0,128;4,4,0.8055,0,145;3,2,0.0255,0,198
ood_compose_epi-01154	1	3	0	141,79,123,18,213,59,117,137,113,169,106,65,90,3,149,210,29,69,170,101,87,93,10,170,180,199,37,163,199,148,21,41,175,131,57,45	2,0,0.4185,0,85;4,3,0.2075,0,167;8,1,0.3205,0,214;6,5,0.4605,0,247;4,0,0.2625,0,184;2,1,0.2975,0,208
ood_compose_epi-01155	4	1	2	141,211,201,140,130,153,186,123,183,74,27,4,114,45,89,19,162,165,60,207,117,21,84,151,111,98,187,35,64,15,55,93,42,69,146,203	3,5,0.6875,0,239;2,1,0.5285,0,53;6,2,0.0635,0,177;1,2,0.2535,0,50;1,5,0.5855,0,94;2,0,0.8815,0,147
ood_compose_epi-01156	3	0	0	135,194,98,109,112,69,117,181,93,199,21,35,155,52,63,28,149,19,45,162,84,67,4,186,89,14,41,128,81,180,159,145,153,141,137,189	3,4,0.6415,0,59;3,1,0.2135,0,249;3,5,0.7245,0,231;8,2,0.2515,0,52;1,3,0.1175,0,40;7,5,0.2345,0,151
ood_compose_epi-01157	6	3	0	36,85,69,100,21,73,117,12,44,176,201,214,93,173,19,63,168,141,1,135,111,126,49,187,47,148,211,154,149,163,88,68,176,115,137,28	0,2,0.7215,0,84;3,2,0.9475,2,174;0,5,0.8565,0,217;0,3,0.0505,0,205;3,5,0.6945,0,28;5,5,0.2515,0,7
ood_compose_epi-01158	10	0	2	145,60,106,21,86,69,81,155,187,42,211,46,193,27,10,113,93,39,137,133,186,155,181,49,4,91,141,66,123,193,185,118,151,160,19,99	3,0,0.6345,0,120;2,5,0.4385,1,103;0,2,0.4665,0,222;8,4,0.6265,0,53;2,0,0.2775,1,242;2,3,0.2545,0,137
ood_compose_epi-01159	3	0	2	33,16,45,140,141,189,66,56,205,155,114,206,7,100,206,153,181,69,15,89,117,73,23,135,124,168,39,152,200,111,87,151,42,60,93,145	6,5,0.0115,2,102;8,5,0.4585,0,149;7,2,0.4795,0,99;0,5,0.2035,0,51;3,5,0.4985,0,124;3,5,0.9395,0,15
ood_compose_epi-01160	4	1	0	163,93,212,51,158,39,111,149,161,100,140,44,73,164,11,131,21,115,27,45,124,146,153,16,58,65,90,4,166,141,117,165,84,69,166,215	3,1,0.0865,0,67;2,5,0.8165,0,130;2,0,0.2125,0,241;0,2,0.5045,0,91;3,5,0.6185,0,73;3,1,0.9855,0,246
ood_compose_epi-01161	4	1	2	141,146,117,91,46,32,69,195,13,114,151,36,17,68,24,196,100,172,134,213,76,93,137,44,107,177,177,121,51,200,7,180,198,87,58,153	6,3,0.2155,3,113;7,2,0.8825,1,42;2,0,0.8985,0,29;3,5,0.7935,0,210;3,1,0.4995,0,154;0,4,0.2955,0,38
ood_compose_epi-01162	9	2	0	104,83,147,15,137,91,196,191,33,149,44,80,127,16,45,130,59,185,96,198,201,142,208,209,169,69,117,208,116,109,21,1,175,55,66,37	0,5,0.1885,0,149;8,3,0.9845,0,123;6,1,0.4895,0,142;7,1,0.6205,3,172;7,3,0.8985,0,27;6,0,0.2945,1,1
ood_compose_epi-01163	9	2	2	173,127,19,147,213,143,35,104,66,8,210,69,199,45,212,114,60,56,43,151,106,80,120,29,21,134,83,194,197,165,92,138,174,155,12,93	7,2,0.7025,0,37;4,1,0.7595,0,167;7,2,0.4045,0,217;7,1,0.9505,0,53;7,0,0.4365,3,205;6,4,0.4145,2,86
ood_compose_epi-01164	9	2	2	21,151,181,192,13,134,93,175,86,114,38,141,45,159,66,161,138,33,99,177,128,56,8,179,88,117,44,60,196,16,147,206,80,69,175,108	7,3,0.0905,0,21;8,4,0.9345,0,4;7,2,0.4085,0,231;7,4,0.1615,0,227;2,2,0.4875,0,10;7,4,0.5775,0,113
ood_compose_epi-01165	8	1	2	113,215,134,19,146,117,154,54,37,185,82,159,61,104,151,140,90,21,11,41,141,93,157,172,78,29,48,193,210,213,110,124,7,212,66,69	6,1,0.7685,0,66;4,3,0.3265,3,42;5,3,0.5705,0,197;5,0,0.4635,0,173;7,4,0.3885,0,98;3,4,0.8615,0,151
ood_compose_epi-01166	1	1	1	61,73,67,195,117,157,171,18,90,3,184,24,41,69,116,11,131,146,168,193,85,163,106,176,150,164,138,45,164,96,121,99,27,51,143,34	2,1,0.4115,3,45;2,0,0.2105,0,95;2,3,0.6995,0,68;0,3,0.4085,3,100;2,0,0.8755,0,83;0,1,0.4195,2,183
ood_compose_epi-01167	7	1	2	21,49,178,45,68,146,118,205,1,16,92,40,97,141,82,25,37,190,62,164,186,133,160,138,213,201,151,167,78,69,209,93,112,10,122,108	0,0,0.1195,0,234;0,3,0.0095,0,216;0,4,0.9185,0,127;5,0,0.9205,0,174;0,2,0.1705,1,219;1,3,0.4305,0,169
ood_compose_epi-01168	6	2	0	195,149,185,49,141,114,154,215,193,5,21,73,42,193,59,14,117,99,91,18,125,45,36,111,69,29,64,155,93,140,171,158,147,86,162,130	4,4,0.5175,0,194;4,2,0.5845,0,135;0,1,0.0245,0,218;0,4,0.6595,0,27;2,5,0.5635,0,36;4,0,0.9875,0,214
ood_compose_epi-01169	5	1	1	69,159,45,205,116,39,130,106,88,18,212,150,157,159,117,67,10,43,93,49,136,58,80,31,153,1,83,170,209,205,212,125,21,101,146,141	0,0,0.5165,0,238;6,5,0.6325,0,38;0,0,0.7515,0,62;7,1,0.0565,0,144;4,0,0.9285,0,233;4,0,0.0715,0,124
ood_compose_epi-01170	6	2	1	119,61,137,89,113,135,189,158,14,49,69,141,111,32,211,201,16,198,167,45,1,93,38,158,22,164,177,82,121,68,43,150,73,147,101,158	0,4,0.0635,1,210;7,4,0.6425,0,243;0,3,0.9595,0,89;0,0,0.2165,0,22;4,5,0.3055,2,165;0,5,0.2565,0,153
ood_compose_epi-01171	4	1	2	39,146,45,13,134,59,82,205,180,141,20,182,181,176,179,66,69,28,89,4,158,210,93,76,124,137,21,52,102,190,208,109,43,112,117,151	3,3,0.8215,0,209;3,5,0.7135,0,23;3,1,0.4295,0,155;3,0,0.2235,0,211;5,3,0.0505,0,128;3,4,0.2205,0,212
ood_compose_epi-01172	6	0	1	28,45,145,200,150,156,196,98,86,69,134,40,22,215,93,39,76,14,186,141,176,182,8,168,68,63,116,121,92,117,49,139,20,180,170,106	7,4,0.9265,1,13;3,5,0.0625,0,138;0,5,0.9765,0,181;3,4,0.9505,0,252;1,0,0.9025,0,69;0,4,0.7185,0,50
ood_compose_epi-01173	6	0	2	171,36,200,117,151,65,45,213,15,170,24,93,1,19,116,25,69,185,111,145,138,49,141,163,178,101,43,131,169,87,80,63,123,177,90,175	0,5,0.6625,3,137;0,2,0.6225,0,140;0,5,0.2965,0,64;7,5,0.5045,0,36;4,5,0.8925,0,25;2,1,0.5555,0,178
ood_compose_epi-01174	1	0	0	84,136,99,66,149,21,117,215,115,198,196,214,27,171,69,190,45,11,167,93,214,135,39,60,18,43,90,128,213,153,145,81,3,141,106,56	2,1,0.4285,0,87;2,5,0.7625,0,243;7,2,0.5905,0,222;8,2,0.5885,0,25;2,0,0.6235,0,7;7,5,0.0595,0,62
ood_compose_epi-01175	7	1	2	151,174,209,63,16,92,201,108,180,136,208,42,69,146,123,132,141,169,21,75,2,13,98,36,45,83,152,65,199,93,116,158,26,51,160,117	1,3,0.1045,0,120;1,2,0.4185,0,214;2,5,0.2605,0,17;2,1,0.9405,0,166;1,2,0.9895,0,122;2,2,0.1285,0,220
ood_compose_epi-01176	7	2	0	152,130,98,170,154,2,74,37,165,203,93,147,115,121,54,144,64,109,149,171,173,166,209,44,19,140,11,21,62,88,157,45,33,82,71,117	1,1,0.7375,0,224;8,3,0.8855,0,169;5,4,0.0695,2,181;1,0,0.0395,0,123;1,3,0.7225,0,13;0,0,0.9965,3,52
ood_compose_epi-01177	8	3	2	142,67,74,148,84,13,151,170,140,21,194,45,166,117,59,93,69,32,54,116,36,134,102,126,4,193,88,173,17,171,162,154,109,191,44,168	3,3,0.3885,0,135;7,2,0.9845,0,130;5,1,0.7075,0,42;1,2,0.0545,0,52;5,3,0.9955,0,91;5,4,0.9255,1,8
ood_compose_epi-01178	10	1	2	146,153,151,21,189,165,2,90,134,113,109,11,127,203,69,45,154,142,117,209,60,20,186,77,55,35,41,87,192,137,93,99,169,185,26,66	1,1,0.9175,0,17;1,1,0.2455,0,176;6,2,0.4615,0,214;4,5,0.4345,0,18;2,3,0.3695,0,90;6,4,0.3425,1,62
ood_compose_epi-01179	1	1	2	163,130,67,141,82,37,116,19,121,187,11,27,204,94,21,211,196,106,151,210,167,2,69,212,89,45,138,120,74,49,146,98,167,60,182,43	1,1,0.7785,0,253;2,3,0.7945,0,130;0,2,0.6625,0,66;1,0,0.2205,1,151;1,0,0.9745,3,109;0,0,0.5275,0,35
ood_compose_epi-01180	1	2	0	21,142,182,110,5,123,16,191,203,158,137,51,197,89,37,69,64,63,115,45,149,42,83,156,213,93,12,117,210,134,99,75,27,204,147,185	4,2,0.1165,0,116;2,3,0.5795,0,4;2,5,0.1455,0,33;2,1,0.2385,0,120;2,4,0.6365,0,163;2,4,0.3175,1,20
ood_compose_epi-01181	4	1	1	30,1,106,93,159,175,19,214,192,68,117,46,195,76,102,41,146,202,193,150,169,207,36,129,85,21,136,133,141,14,69,91,113,54,185,59	0,4,0.6765,0,100;5,2,0.2415,1,12;5,1,0.9805,0,228;3,3,0.7115,0,223;5,0,0.3735,0,5;8,3,0.0165,0,63
ood_compose_epi-01182	6	2	1	27,99,133,150,163,115,147,158,163,141,136,18,174,77,49,87,1,47,164,21,44,90,36,65,60,72,175,198,166,93,123,15,117,152,181,110	0,5,0.4295,0,224;2,2,0.9485,2,161;0,2,0.2625,3,164;4,5,0.5055,0,70;2,4,0.7405,0,225;2,3,0.0115,0,135
ood_compose_epi-01183	0	3	2	174,45,172,97,4,179,134,82,182,175,52,151,121,17,171,90,27,207,148,106,61,141,76,67,115,11,21,95,180,34,138,206,69,177,117,40	3,1,0.2025,0,239;2,0,0.1065,0,145;3,3,0.7355,0,31;3,0,0.4185,2,177;0,0,0.7945,0,121;0,4,0.4215,0,42
ood_compose_epi-01184	1	2	1	10,69,21,114,65,122,177,84,88,99,16,27,187,142,43,138,168,134,62,111,51,200,95,45,190,191,37,167,192,147,3,213,120,77,150,196	2,0,0.0415,0,195;2,3,0.6975,0,128;2,4,0.3935,0,29;4,2,0.0635,2,252;2,5,0.4745,3,215;1,4,0.4795,1,60
ood_compose_epi-01185	6	2	2	107,135,116,170,187,73,147,144,137,34,117,26,168,215,72,151,197,87,42,91,1,56,93,210,128,62,211,178,197,45,64,97,19,185,21,13	0,3,0.7045,0,245;1,0,0.5335,0,233;7,4,0.1935,3,130;0,5,0.6875,0,85;0,1,0.8055,0,167;7,5,0.2945,3,126
ood_compose_epi-01186	10	1	0	117,20,201,33,215,115,170,179,146,80,66,168,178,45,135,125,59,35,24,2,82,15,110,140,141,210,178,44,172,101,53,92,183,69,149,93	1,5,0.9305,3,5;8,1,0.8465,0,13;4,1,0.5035,0,224;7,0,0.9515,0,168;4,4,0.7315,0,132;4,5,0.9105,0,80
ood_compose_epi-01187	5	0	0	56,195,80,195,149,21,154,175,35,13,175,105,91,84,118,210,95,134,112,45,182,43,18,7,145,28,195,144,107,124,194,68,59,69,138,202	6,3,0.5445,0,90;3,1,0.6025,0,201;7,1,0.9305,0,216;7,2,0.6865,2,74;8,1,0.1965,1,1;3,4,0.4925,3,194
ood_compose_epi-01188	10	2	0	69,141,117,105,147,204,207,21,63,167,175,162,90,9,57,172,85,45,162,37,199,161,123,78,16,65,132,202,140,33,112,95,107,12,44,149	8,2,0.0035,0,195;8,3,0.8995,0,175;8,5,0.2975,0,218;5,3,0.4745,2,106;8,1,0.0665,0,176;2,2,0.9265,0,186
ood_compose_epi-01189	5	0	0	149,90,12,193,58,194,116,27,21,85,50,141,137,158,69,41,161,187,215,2,34,93,154,65,79,145,17,127,45,130,117,188,169,155,98,110	1,2,0.3285,0,16;2,0,0.3445,0,150;1,0,0.2525,0,67;6,3,0.4235,0,28;1,4,0.9615,0,2;6,0,0.2605,0,213
ood_compose_epi-01190	1	1	2	205,162,17,210,27,203,168,45,106,62,69,152,100,87,113,21,44,196,154,81,137,11,127,146,90,153,119,64,96,173,130,57,4,39,151,141	3,1,0.2545,0,227;2,5,0.9835,0,141;8,4,0.1085,0,6;8,5,0.4185,3,166;3,0,0.2175,2,133;6,0,0.2165,0,93
ood_compose_epi-01191	7	2	0	140,117,88,202,95,197,67,159,98,56,78,106,122,85,21,195,166,15,177,149,156,72,141,116,178,2,183,210,45,59,135,147,44,38,29,16	1,5,0.1885,0,31;4,4,0.9725,0,10;7,1,0.6135,3,110;5,3,0.1965,2,83;1,0,0.9875,0,133;1,5,0.8895,0,192
ood_compose_epi-01192	4	1	0	132,38,92,68,87,184,13,139,164,76,69,93,59,52,110,141,202,163,117,115,44,205,3,99,18,146,22,129,28,165,178,183,204,46,149,160	2,3,0.4555,1,150;3,4,0.8785,1,204;3,1,0.9765,0,231;3,5,0.8275,0,41;2,4,0.7855,0,140;8,2,0.7345,0,22
ood_compose_epi-01193	6	1	2	112,14,160,168,142,136,131,52,36,67,151,121,90,60,183,45,73,101,4,154,146,26,167,93,107,183,206,87,200,199,43,17,212,70,21,117	3,4,0.3185,0,128;1,2,0.6325,0,174;3,2,0.7975,1,152;0,5,0.4565,0,239;4,1,0.0955,0,209;0,1,0.1165,1,177
ood_compose_epi-01194	5	3	1	35,21,11,57,172,207,141,45,131,215,93,117,90,150,127,61,168,116,209,186,65,140,167,208,100,42,69,79,4,17,148,27,107,213,162,85	3,1,0.3305,0,14;2,1,0.5455,0,91;8,3,0.3575,0,159;6,3,0.4995,0,226;3,1,0.8205,0,113;6,1,0.8805,0,239
ood_compose_epi-01195	1	2	0	132,138,203,62,41,85,207,211,172,69,89,183,192,93,34,196,75,66,53,116,117,157,141,108,21,45,11,209,19,149,123,31,103,3,147,193	2,1,0.6935,0,161;6,0,0.2695,0,79;4,4,0.4785,0,165;2,3,0.2015,0,50;6,2,0.8595,0,216;2,2,0.5865,0,29
ood_compose_epi-01196	6	0	1	63,167,160,137,82,34,117,1,111,182,150,115,21,122,94,42,183,89,158,68,45,160,51,17,25,73,134,145,186,13,191,97,69,198,141,185	0,3,0.3625,0,251;0,0,0.5675,0,209;2,5,0.8045,0,118;0,0,0.3695,1,156;0,5,0.6715,0,133;1,4,0.2755,0,52
ood_compose_epi-01197	7	2	1	45,25,136,69,16,110,42,39,191,154,185,60,180,93,147,150,141,200,21,74,90,173,122,2,195,114,51,120,86,200,103,158,67,135,11,197	1,1,0.0545,0,109;0,5,0.4735,0,91;2,2,0.7125,0,159;1,4,0.5425,0,165;6,4,0.5575,3,162;1,5,0.1065,0,120
ood_compose_epi-01198	10	2	1	110,13,61,176,204,41,53,163,9,117,129,150,95,105,201,114,64,18,147,79,45,134,39,21,211,177,70,173,142,136,33,82,185,90,202,175	8,3,0.5175,0,187;8,5,0.2755,0,177;4,3,0.0655,1,255;6,0,0.5055,2,128;8,4,0.5495,0,101;8,4,0.0905,1,222
ood_compose_epi-01199	1	0	0	128,131,169,102,13,51,84,91,210,68,171,178,61,145,211,6,69,93,142,38,117,212,22,149,187,28,77,112,172,48,16,43,139,194,203,110	5,3,0.1795,1,143;3,4,0.6375,3,60;2,3,0.9005,0,60;4,2,0.7015,0,83;5,4,0.1955,0,19;7,1,0.7335,1,177
ood_compose_epi-01200	0	3	2	73,69,202,27,157,8,52,93,61,21,127,154,204,155,135,185,99,151,68,18,111,144,186,112,41,207,162,45,34,87,89,117,148,136,11,171	7,1,0.5325,0,214;2,0,0.2465,0,149;3,3,0.8155,0,190;0,5,0.2715,0,136;2,5,0.1205,0,210;6,5,0.1385,3,91
ood_compose_epi-01201	6	3	2	148,96,199,190,141,154,196,45,44,103,39,51,177,21,211,177,206,80,132,61,13,139,90,117,25,215,85,113,71,124,165,3,19,151,66,108	2,3,0.6585,0,118;0,5,0.9135,0,165;2,3,0.5455,2,1;7,3,0.5945,3,41;6,2,0.2095,0,52;3,2,0.7125,0,87
ood_compose_epi-01202	5	2	1	91,74,110,140,187,105,49,41,177,130,61,7,27,45,141,68,176,154,201,183,129,150,94,83,117,147,159,185,69,15,183,116,20,38,21,170	6,5,0.9085,0,34;2,4,0.3745,0,197;0,3,0.9135,0,112;1,1,0.7335,1,144;8,4,0.9185,0,15;8,0,0.8185,0,60
ood_compose_epi-01203	5	2	2	201,18,139,115,194,44,110,127,21,153,79,11,147,101,93,37,45,69,141,90,117,31,132,63,175,87,51,177,203,169,2,215,64,151,164,198	1,1,0.4105,0,141;6,3,0.9155,0,70;2,5,0.0205,0,165;6,5,0.5215,0,62;4,4,0.7935,0,72;6,2,0.6255,0,187
ood_compose_epi-01204	10	2	2	117,138,114,201,172,199,61,69,92,65,125,134,176,45,82,108,201,212,19,141,162,209,11,43,7,78,34,93,31,147,102,56,151,208,23,178	6,1,0.6965,2,196;6,0,0.7645,0,16;7,3,0.3825,0,191;5,0,0.9095,0,234;5,2,0.5325,0,149;4,4,0.5255,0,208
ood_compose_epi-01205	10	0	1	136,64,207,18,145,83,40,133,61,93,155,6,54,77,69,150,101,195,10,21,92,116,111,172,156,161,45,201,117,213,141,38,29,168,129,196	5,0,0.5625,0,177;4,4,0.1435,0,122;5,3,0.0305,0,81;4,1,0.9975,0,102;4,5,0.9215,0,162;8,3,0.1515,0,247
ood_compose_epi-01206	6	2	1	112,61,147,137,196,3,92,141,21,15,171,44,166,25,45,39,121,163,117,16,166,93,65,75,169,215,210,150,87,203,56,97,155,132,106,69	2,5,0.0815,0,66;0,5,0.9585,0,230;7,3,0.3835,0,134;2,5,0.9095,0,159;0,0,0.0515,0,92;0,2,0.3655,0,183
ood_compose_epi-01207	9	3	2	158,117,9,139,43,151,173,212,22,17,128,115,141,177,105,45,60,148,213,135,52,193,93,205,213,80,32,200,88,181,69,14,66,85,109,36	8,4,0.2345,1,24;7,2,0.6395,0,22;3,2,0.4425,0,238;7,3,0.1415,0,130;8,3,0.7295,0,181;7,5,0.7125,0,201
ood_compose_epi-01208	7	1	2	62,202,134,89,182,120,26,50,156,93,167,151,208,66,19,152,112,38,155,165,44,141,74,139,108,8,126,99,45,146,86,21,69,167,181,12	7,2,0.6325,0,45;1,4,0.9025,0,215;1,4,0.5135,0,69;1,4,0.3795,0,235;2,2,0.1745,3,139;5,4,0.6385,0,92
ood_compose_epi-01209	1	3	2	151,51,182,184,177,14,9,156,95,21,85,163,113,46,41,167,182,61,165,18,117,73,123,97,69,190,171,28,148,37,131,67,89,136,141,110	8,4,0.5135,0,211;3,3,0.2965,1,123;2,3,0.7985,0,153;0,3,0.2835,2,217;0,4,0.3915,0,240;2,1,0.1245,0,125
ood_compose_epi-01210	1	0	2	151,45,69,44,82,60,134,184,93,158,114,77,202,145,106,27,50,11,21,182,16,136,210,215,66,92,141,123,3,117,39,188,98,152,174,154	2,1,0.1575,0,22;2,5,0.8215,0,147;1,2,0.4125,0,116;4,0,0.8375,0,54;1,0,0.5495,0,231;2,4,0.0855,0,205
ood_compose_epi-01211	1	1	1	141,18,85,140,155,41,53,92,37,146,172,168,117,72,166,208,197,123,106,77,101,2,173,66,134,93,27,198,183,45,114,10,198,21,150,62	1,0,0.5535,0,135;2,3,0.3715,0,95;4,4,0.5815,3,138;4,3,0.8575,0,238;4,0,0.5965,0,138;2,4,0.8845,0,255
ood_compose_epi-01212	6	0	0	85,45,163,76,42,4,109,124,53,69,114,89,194,15,208,139,143,164,189,135,159,194,38,29,65,178,117,215,16,145,149,59,93,21,176,97	3,5,0.0515,0,125;4,4,0.5295,0,209;4,1,0.2485,0,147;3,3,0.2725,0,198;0,3,0.5765,0,135;3,5,0.6835,2,211
ood_compose_epi-01213	7	2	1	201,3,64,41,147,24,182,172,93,56,137,26,36,16,157,45,158,98,116,195,12,82,202,130,194,150,178,205,128,91,58,77,69,117,109,142	2,2,0.0225,3,50;1,2,0.2075,0,110;7,0,0.0285,0,2;4,0,0.7985,0,242;1,3,0.8545,0,238;7,0,0.2295,1,156
ood_compose_epi-01214	9	0	1	150,71,152,179,98,163,92,178,60,87,13,1,93,80,45,49,196,123,145,117,142,113,134,163,16,67,108,41,36,164,136,25,193,195,156,21	0,3,0.1565,0,110;0,2,0.3655,0,158;0,2,0.7005,2,204;7,5,0.8405,0,136;1,2,0.3895,0,79;2,4,0.0425,1,194
ood_compose_epi-01215	4	1	2	205,86,1,117,109,151,197,213,65,146,134,59,18,45,36,203,93,160,160,188,23,141,121,203,52,28,140,112,202,42,69,203,10,100,76,91	0,0,0.5195,2,104;3,2,0.4325,0,252;3,1,0.2795,0,248;3,4,0.7125,0,216;3,3,0.1135,0,117;0,4,0.8695,0,79
ood_compose_epi-01216	7	3	0	163,117,133,114,189,90,50,45,30,16,198,195,40,148,157,149,197,106,204,125,60,66,137,74,93,39,11,69,188,85,189,141,175,98,5,21	4,1,0.1425,0,0;5,5,0.1175,0,4;1,2,0.4215,0,161;1,3,0.4685,0,61;1,0,0.5185,0,36;4,3,0.2345,0,157
ood_compose_epi-01217	3	0	2	141,20,145,21,113,69,13,44,153,4,174,62,151,187,137,200,192,123,86,101,47,133,117,185,210,208,96,198,52,65,28,201,91,36,109,75	3,3,0.9775,0,25;3,2,0.8285,2,22;3,4,0.3075,0,125;2,4,0.6025,3,95;4,3,0.2385,0,118;2,3,0.2945,0,231
ood_compose_epi-01218	1	0	0	141,69,167,62,156,99,202,21,83,88,212,46,75,93,123,37,176,208,20,149,108,170,185,14,43,133,65,33,117,57,159,195,3,145,138,112	2,4,0.8085,0,191;8,3,0.6775,1,79;8,4,0.2205,0,21;2,1,0.1525,0,109;2,2,0.0625,0,96;2,3,0.4805,0,243
ood_compose_epi-01219	10	0	1	192,123,214,15,140,66,76,57,198,150,83,69,142,135,17,167,21,172,45,112,214,98,40,92,9,62,214,38,208,108,145,93,32,206,201,119	8,5,0.2805,0,18;7,4,0.1875,0,188;8,4,0.4695,0,202;3,1,0.8845,0,252;1,2,0.0095,2,220;2,5,0.9945,1,149
ood_compose_epi-01220	9	0	2	32,132,71,193,81,61,204,116,35,67,3,91,93,162,191,138,170,16,45,99,154,21,151,128,117,15,161,51,175,145,156,85,43,179,110,141	2,5,0.1835,0,214;7,1,0.6535,0,216;2,3,0.7835,2,71;8,3,0.6195,0,46;2,4,0.9555,0,46;7,2,0.5265,0,142
ood_compose_epi-01221	5	3	2	21,7,186,86,103,38,141,46,92,202,117,43,110,69,182,14,210,139,157,51,206,151,79,190,68,155,148,201,115,17,61,135,93,200,127,33	6,4,0.3805,0,4;8,4,0.6835,1,240;2,3,0.8125,0,171;6,4,0.8575,0,58;6,4,0.7705,0,175;6,5,0.7535,0,239
ood_compose_epi-01222	5	3	1	200,18,21,186,181,182,34,90,162,190,44,67,132,213,45,82,78,109,14,128,180,117,185,69,137,94,61,113,187,148,32,103,141,150,52,7	6,4,0.5445,0,75;7,0,0.8235,0,57;3,3,0.7885,0,219;5,0,0.4995,1,90;6,3,0.3825,0,48;7,2,0.2325,0,171
ood_compose_epi-01223	0	3	0	21,69,45,166,141,122,140,149,27,68,185,81,11,112,93,106,214,117,206,3,154,63,91,86,37,52,186,133,148,160,20,192,98,215,207,41	2,1,0.8085,0,54;2,3,0.2035,0,241;3,5,0.9235,0,192;8,4,0.6025,0,106;1,0,0.1135,0,111;1,3,0.8815,0,121
ood_compose_epi-01224	5	2	1	152,147,93,113,39,178,5,203,102,195,88,21,212,107,128,208,31,19,192,156,58,69,45,133,79,184,117,189,68,150,55,11,44,141,82,137	4,1,0.6165,0,151;6,5,0.8435,0,51;6,0,0.8635,0,113;6,0,0.0575,0,103;5,1,0.2845,0,84;7,3,0.3995,0,103
ood_compose_epi-01225	10	0	0	58,34,155,68,175,117,141,203,201,93,87,109,139,195,116,175,163,69,43,91,20,121,130,51,81,12,172,9,145,105,162,48,149,169,33,21	8,2,0.9295,0,255;8,0,0.7695,3,229;2,0,0.8215,0,43;8,5,0.6095,0,83;8,3,0.9445,0,177;0,0,0.7115,0,132
ood_compose_epi-01226	4	1	2	210,141,202,37,69,53,89,106,9,209,17,140,151,41,117,87,158,99,146,58,76,170,13,167,45,64,93,21,28,129,130,192,192,152,191,114	8,3,0.3655,0,147;3,3,0.2635,0,179;4,0,0.1105,0,61;3,5,0.2135,0,148;2,0,0.4415,0,248;8,0,0.8805,0,125
ood_compose_epi-01227	3	0	0	49,7,16,211,163,191,135,127,196,84,149,145,117,198,166,69,68,79,141,21,169,111,96,171,174,35,42,45,88,14,100,61,181,27,140,114	6,4,0.0885,0,146;2,1,0.4355,0,104;0,3,0.9145,0,181;6,2,0.0485,3,255;3,5,0.5765,0,243;6,5,0.9345,0,179
ood_compose_epi-01228	9	3	1	78,191,51,104,131,21,44,159,213,59,111,159,17,150,15,210,86,45,138,93,116,196,148,153,190,92,175,37,128,27,117,190,69,8,67,141	7,5,0.3595,0,67;2,3,0.8845,0,10;2,1,0.6325,0,252;5,4,0.9405,0,143;7,5,0.8275,0,159;7,1,0.4575,0,161
ood_compose_epi-01229	7	3	0	7,115,45,172,173,194,94,141,21,111,80,98,177,139,155,38,40,176,132,62,18,67,86,28,149,11,175,159,159,204,117,69,148,91,53,121	6,1,0.4435,0,219;3,4,0.0715,0,22;4,4,0.6465,0,23;7,4,0.7695,1,205;1,5,0.6365,0,134;0,2,0.7975,0,175
ood_compose_epi-01230	9	2	1	45,194,60,194,80,192,87,27,90,15,69,68,112,44,93,141,206,118,123,195,24,170,195,19,177,147,134,9,39,159,136,98,208,106,150,56	8,5,0.7425,3,217;2,5,0.8965,0,81;7,2,0.8455,0,232;7,5,0.5195,0,248;1,0,0.1235,1,157;2,4,0.1625,0,26
ood_compose_epi-01231	3	0	2	38,181,211,103,76,138,88,156,117,145,21,8,183,52,163,114,86,93,62,66,130,27,126,170,141,210,10,183,106,69,193,155,151,46,44,17	7,0,0.2515,0,60;2,4,0.9195,1,42;3,4,0.5605,0,126;3,4,0.1955,0,247;6,0,0.4025,0,89;5,0,0.4065,0,6
ood_compose_epi-01232	0	3	1	158,117,17,137,148,184,127,153,187,79,69,197,83,93,113,10,141,179,36,52,103,182,182,41,26,189,88,6,21,179,109,45,150,61,133,66	5,0,0.2665,0,72;1,2,0.3075,0,137;3,3,0.5415,0,214;6,1,0.1665,0,117;6,3,0.3595,0,205;6,3,0.2935,0,247
ood_compose_epi-01233	1	0	0	109,38,182,60,161,149,181,66,15,158,176,21,19,138,96,130,75,206,46,145,98,69,198,82,51,113,3,141,174,119,40,167,30,126,91,161	2,5,0.6895,0,182;5,4,0.1465,1,37;2,2,0.4575,0,156;2,0,0.7795,3,128;1,3,0.2675,2,117;5,0,0.5195,0,18
ood_compose_epi-01234	6	0	2	95,51,115,41,162,21,145,81,19,144,134,159,168,60,15,172,84,214,203,191,161,117,213,36,92,151,69,191,1,107,45,121,30,138,67,97	0,5,0.7455,0,120;5,2,0.2865,0,38;2,2,0.6225,0,100;8,2,0.8135,2,222;0,1,0.7415,0,64;0,4,0.5695,3,112
ood_compose_epi-01235	7	0	1	145,68,120,115,167,25,45,16,191,183,87,177,205,21,93,99,11,207,38,133,183,121,49,177,139,150,74,1,69,143,107,63,195,188,91,41	0,1,0.1005,0,192;0,4,0.3025,0,7;0,5,0.9285,0,36;1,5,0.6135,0,4;2,1,0.6055,3,85;0,3,0.6945,2,141
ood_compose_epi-01236	8	0	1	187,154,165,170,134,107,69,150,141,181,42,39,6,83,136,90,67,145,17,183,196,99,161,78,30,116,10,93,202,21,54,117,212,59,45,126	5,0,0.2135,0,35;5,5,0.5365,0,68;5,1,0.6825,0,143;5,1,0.4885,0,135;2,1,0.9415,0,232;5,4,0.1915,0,3
ood_compose_epi-01237	1	0	1	150,186,173,56,194,139,129,13,198,45,117,82,21,89,144,69,37,58,194,115,175,27,68,196,95,208,211,145,75,9,134,108,99,41,17,166	8,3,0.3135,0,60;2,3,0.3525,0,44;7,0,0.9195,0,178;2,0,0.3985,2,26;2,2,0.7005,0,133;8,4,0.6895,3,180
ood_compose_epi-01238	10	0	0	42,93,149,45,30,204,178,39,201,162,131,76,88,152,84,99,153,69,114,145,3,62,14,22,212,136,111,123,168,67,199,120,18,141,159,53	2,4,0.5455,1,133;5,5,0.4905,0,152;4,4,0.7535,0,18;3,2,0.1875,0,28;2,5,0.5215,3,136;2,1,0.0615,0,46
ood_compose_epi-01239	10	2	0	212,181,170,163,186,81,120,45,98,91,147,44,203,61,114,13,135,166,203,197,18,129,149,67,9,33,144,140,23,93,57,37,82,207,69,109	8,3,0.5025,2,97;8,3,0.8075,0,217;8,3,0.7845,0,253;8,0,0.6895,0,128;1,3,0.5065,3,207;8,5,0.9805,3,205
ood_compose_epi-01240	9	3	1	91,177,150,103,57,28,138,34,21,212,210,170,69,106,133,62,144,42,215,210,45,80,195,121,1,148,86,115,17,203,118,68,179,174,15,93	0,5,0.2315,0,61;3,0,0.4995,0,141;8,4,0.9365,0,9;7,4,0.6605,0,177;6,0,0.6265,1,120;0,3,0.4865,3,43
ood_compose_epi-01241	1	2	2	201,127,110,178,139,65,93,31,115,39,188,147,44,156,85,98,141,117,16,69,61,151,21,188,46,75,183,181,205,202,90,12,9,197,130,57	8,2,0.1055,0,197;6,5,0.8835,1,134;8,3,0.3045,0,67;2,3,0.4175,0,151;1,4,0.6745,0,107;6,0,0.7205,0,203
ood_compose_epi-01242	6	2	0	73,125,88,8,160,63,42,32,155,170,155,140,197,110,141,105,119,116,45,189,182,135,210,149,213,155,19,82,14,95,35,22,68,69,147,49	7,4,0.7215,1,21;7,1,0.4105,0,69;0,5,0.9545,0,22;0,0,0.1355,2,238;8,4,0.8615,2,218;4,5,0.9785,0,233
ood_compose_epi-01243	1	3	2	5,45,148,139,49,65,164,10,16,133,123,97,214,34,161,72,161,42,172,168,164,162,33,141,90,117,22,75,188,110,151,96,209,114,83,63	4,0,0.0755,1,223;8,0,0.5775,0,238;0,5,0.2965,3,133;2,1,0.4125,3,164;0,4,0.4795,0,49;2,3,0.6885,0,44
ood_compose_epi-01244	8	0	1	157,206,174,78,180,202,164,106,45,104,92,141,117,208,29,171,93,54,115,18,22,58,185,145,2,68,130,15,36,150,140,69,123,43,160,86	1,5,0.4275,1,178;4,2,0.6915,0,158;5,0,0.9145,0,168;5,4,0.9315,0,28;7,0,0.7655,0,193;2,0,0.8655,0,190
ood_compose_epi-01245	1	1	1	150,1,112,51,141,75,45,67,146,155,27,72,11,177,120,40,166,133,97,176,36,85,198,90,164,93,182,21,152,123,61,154,17,182,107,138	0,1,0.3235,0,20;2,2,0.1635,0,191;2,3,0.7565,3,193;2,3,0.4585,0,254;0,1,0.0635,3,54;2,3,0.4105,0,87
ood_compose_epi-01246	9	3	0	137,121,180,10,52,166,64,197,107,20,63,198,134,180,86,80,93,115,8,193,141,149,184,105,117,21,69,36,193,199,41,45,91,197,148,32	7,0,0.9845,0,73;7,2,0.3385,0,191;3,5,0.1125,0,230;7,4,0.7825,0,148;8,1,0.7925,0,179;0,4,0.2985,0,151
ood_compose_epi-01247	5	3	2	17,209,31,91,136,62,151,21,45,130,12,165,179,178,203,52,209,190,167,148,122,110,44,93,75,156,115,2,156,69,82,64,117,141,37,98	1,2,0.2715,0,172;6,3,0.9175,0,126;3,4,0.1875,0,183;2,0,0.6135,0,88;1,4,0.6755,0,163;1,0,0.0885,0,50
ood_compose_epi-01248	1	3	1	150,60,15,155,83,81,69,211,156,131,39,128,117,174,27,167,43,148,193,52,162,104,108,93,3,214,66,186,113,168,136,17,45,88,21,141	2,5,0.3275,0,109;2,5,0.7695,0,169;3,2,0.4955,0,3;8,1,0.0505,0,139;7,2,0.2265,0,25;7,1,0.0305,0,88
ood_compose_epi-01249	0	3	0	174,113,140,197,39,132,185,68,93,199,10,211,84,23,176,194,88,75,63,108,52,141,205,27,117,47,19,69,149,42,173,122,148,4,205,100	3,0,0.6375,2,224;2,5,0.5995,2,189;3,5,0.8395,0,151;2,2,0.0905,0,86;3,2,0.3125,0,195;1,2,0.9825,0,224
ood_compose_epi-01250	10	3	1	187,88,141,183,161,95,169,57,84,25,62,1,69,137,181,148,212,39,66,109,135,42,117,150,168,10,21,16,115,190,214,79,45,129,162,105	0,0,0.1215,0,97;0,5,0.5955,0,121;8,4,0.5745,0,4;6,2,0.1415,2,6;8,3,0.6655,0,202;8,5,0.3495,0,128
ood_compose_epi-01251	10	3	1	210,53,59,93,84,125,18,91,181,205,30,157,148,24,165,45,64,208,152,206,134,193,15,41,165,104,69,38,3,150,75,116,140,141,107,117	2,5,0.5585,3,170;5,4,0.3645,0,18;4,1,0.0005,0,168;2,2,0.6365,0,176;7,1,0.9955,0,10;4,4,0.8025,0,3
ood_compose_epi-01252	10	1	2	155,155,214,169,93,42,107,141,77,86,24,64,165,25,133,212,124,91,215,69,35,196,51,136,11,117,176,98,197,151,5,146,20,60,115,46	4,1,0.9115,3,63;0,1,0.5795,1,176;2,2,0.0885,0,151;4,4,0.7395,0,19;1,1,0.6245,0,22;3,3,0.0345,0,62
ood_compose_epi-01253	1	2	1	147,45,83,51,3,36,187,21,163,108,27,65,13,17,164,95,78,115,117,155,123,152,131,71,155,89,141,150,105,59,138,200,163,41,159,165	2,3,0.3995,0,141;2,2,0.3195,0,156;2,1,0.3015,2,209;5,1,0.3675,2,230;8,2,0.7615,0,200;2,1,0.5915,0,163
ood_compose_epi-01254	10	0	1	126,177,107,158,176,29,81,142,114,2,69,87,150,194,36,12,134,67,179,117,157,93,136,21,162,145,55,16,172,100,187,43,182,45,91,61	1,2,0.1715,0,152;4,2,0.6865,0,112;6,3,0.6245,0,107;8,5,0.6535,0,65;3,1,0.5255,0,27;5,4,0.0915,1,40
ood_compose_epi-01255	1	2	1	91,162,115,152,132,44,206,117,99,136,35,16,141,45,147,192,109,210,213,21,32,208,56,69,82,199,60,64,8,150,121,170,206,95,80,12	7,2,0.1265,0,216;7,1,0.9675,0,200;7,2,0.1855,0,6;7,0,0.6225,2,184;2,3,0.7245,0,252;0,2,0.0825,0,225
ood_compose_epi-01256	1	2	0	99,149,19,171,204,141,122,3,163,139,184,93,113,51,68,61,30,82,169,110,188,70,117,21,200,78,39,132,182,43,147,11,45,162,89,176	2,1,0.7395,0,25;5,5,0.6485,0,238;2,3,0.8915,1,247;5,0,0.3495,0,206;2,4,0.3315,0,152;1,2,0.6995,0,46
ood_compose_epi-01257	1	2	0	106,79,158,3,203,62,91,33,136,118,51,176,211,14,214,149,104,187,64,37,181,143,69,116,176,85,21,44,178,128,200,93,19,132,45,147	2,4,0.7335,0,172;8,3,0.9915,0,144;2,4,0.0175,0,125;6,3,0.6845,0,188;7,0,0.9355,1,138;7,2,0.1785,2,79
ood_compose_epi-01258	1	0	0	75,155,19,8,43,51,69,84,117,145,45,37,111,206,141,155,158,174,112,21,133,149,93,188,25,170,67,60,140,194,123,13,215,102,175,92	7,3,0.7735,0,130;0,3,0.6425,0,113;2,2,0.7885,0,129;2,2,0.8915,0,174;5,5,0.1125,0,176;2,3,0.9485,0,141
ood_compose_epi-01259	1	2	1	34,181,117,67,12,176,42,200,54,85,157,113,208,212,69,106,27,60,21,88,166,147,150,75,123,104,3,141,46,17,93,170,133,138,193,191	2,2,0.3785,0,58;2,0,0.5255,1,190;5,2,0.6745,0,37;2,3,0.0245,0,236;7,0,0.3705,0,205;2,3,0.4265,0,104
ood_compose_epi-01260	6	2	1	61,150,21,45,108,173,15,204,49,125,113,153,29,156,180,141,81,97,36,132,137,173,1,88,42,117,175,93,70,178,87,20,66,147,210,215	0,5,0.9255,0,3;4,2,0.5475,0,96;0,3,0.4745,1,89;8,5,0.0865,0,251;0,2,0.3185,0,255;4,2,0.3345,0,210
ood_compose_epi-01261	4	1	1	196,200,196,85,89,131,140,60,102,117,66,204,150,110,171,204,141,39,146,4,45,196,52,27,10,41,209,18,170,124,21,93,156,81,69,113	3,0,0.5955,0,225;2,5,0.3145,0,76;3,2,0.4575,0,14;8,3,0.3995,0,162;5,4,0.3085,0,119;3,1,0.9225,0,216
ood_compose_epi-01262	10	3	2	200,194,140,155,46,40,30,66,93,202,19,103,151,117,200,58,14,172,70,9,199,148,212,108,57,208,132,77,36,89,128,86,113,21,141,170	8,4,0.6245,0,199;5,2,0.1685,1,138;8,0,0.5075,1,150;4,4,0.3545,0,71;6,2,0.3825,0,185;7,2,0.8045,0,125
ood_compose_epi-01263	9	1	0	154,72,91,185,80,141,50,20,211,14,112,38,106,180,122,93,132,29,101,61,21,45,149,44,120,85,146,175,162,187,5,181,138,68,159,213	4,4,0.9345,0,88;4,4,0.8775,0,86;1,3,0.9555,3,70;7,3,0.6385,0,217;4,0,0.1975,3,166;1,2,0.5225,0,94
ood_compose_epi-01264	2	0	1	21,10,130,145,136,171,27,187,39,19,160,117,164,7,176,58,93,48,113,86,41,143,77,190,188,195,89,68,184,69,98,150,211,128,110,52	6,0,0.6845,0,68;2,5,0.2135,3,90;3,0,0.9025,0,231;4,4,0.3315,0,113;1,4,0.3685,0,118;7,0,0.1185,2,2
ood_compose_epi-01265	7	3	1	117,98,72,86,20,215,184,55,93,34,175,134,137,162,108,31,141,198,150,2,40,148,157,177,113,89,11,21,59,175,68,74,124,158,204,45	1,1,0.8875,0,247;6,0,0.1085,0,84;6,1,0.8955,3,253;1,4,0.3595,0,195;1,2,0.2685,0,164;3,4,0.3875,0,13
ood_compose_epi-01266	8	2	0	21,11,3,42,114,90,141,122,102,20,65,202,196,117,178,51,45,205,138,85,111,164,95,149,69,147,37,188,178,158,30,58,156,74,179,132	2,1,0.8535,0,72;5,3,0.4315,0,162;2,0,0.2835,0,150;1,3,0.5775,2,125;5,5,0.5615,0,110;1,2,0.4395,0,2
ood_compose_epi-01267	5	0	1	145,74,205,69,183,130,63,212,176,93,113,171,92,18,150,169,45,200,141,126,160,41,117,85,31,8,68,55,137,212,15,21,110,99,36,205	7,5,0.5235,0,94;6,2,0.3425,0,66;6,5,0.8735,0,169;1,3,0.8665,0,193;2,4,0.3875,0,198;5,0,0.3545,0,40
ood_compose_epi-01268	2	0	2	12,80,64,60,211,215,116,16,208,131,87,145,214,186,107,88,45,27,155,166,21,202,138,3,151,71,117,128,201,166,37,141,100,93,52,40	2,2,0.0145,0,125;2,3,0.0765,0,169;3,2,0.0965,2,233;7,5,0.0945,0,188;3,1,0.9895,0,86;7,1,0.5335,0,47
ood_compose_epi-01269	1	0	1	197,52,157,84,93,117,160,145,18,125,72,190,100,210,144,210,171,133,21,37,110,139,75,68,90,41,60,204,13,166,116,45,150,3,31,199	2,3,0.5185,0,23;6,3,0.3595,0,143;3,2,0.9275,3,5;2,2,0.5495,0,179;3,4,0.9085,0,225;4,3,0.6225,3,251
ood_compose_epi-01270	10	0	0	99,188,63,66,136,110,21,74,164,201,33,93,91,141,85,45,149,57,153,197,134,17,125,37,13,145,191,164,174,8,117,69,164,190,112,44	7,3,0.2295,0,27;8,3,0.9525,0,255;8,5,0.5945,0,179;1,3,0.7755,0,24;2,4,0.1035,0,227;4,4,0.1395,0,3
ood_compose_epi-01271	2	3	1	100,117,125,52,203,138,133,59,29,21,20,167,193,90,168,10,176,174,185,112,66,189,93,111,35,148,69,41,76,150,84,143,154,155,45,2	1,0,0.9125,0,18;4,1,0.3755,0,117;3,1,0.4075,0,242;3,2,0.5365,0,30;3,5,0.0255,0,91;4,3,0.4215,2,157
ood_compose_epi-01272	10	2	1	5,173,101,110,147,113,204,91,142,159,202,20,21,164,54,47,171,77,61,86,192,135,150,129,11,137,67,36,94,194,69,33,40,197,152,117	4,1,0.8845,0,225;8,2,0.1915,2,144;5,3,0.7915,0,177;4,4,0.6725,1,27;4,4,0.2305,0,248;8,5,0.2195,1,17
ood_compose_epi-01273	6	3	2	3,212,141,88,22,80,167,52,148,25,82,188,97,151,67,169,189,17,195,133,69,117,45,14,37,124,114,201,44,178,60,215,138,111,93,157	2,4,0.3775,1,1;0,3,0.8895,0,202;3,2,0.6805,0,73;7,0,0.1995,0,30;0,5,0.4735,0,58;3,3,0.5665,0,142
ood_compose_epi-01274	10	3	0	118,155,149,208,1,195,53,154,160,125,105,82,93,43,62,174,92,68,45,24,114,186,18,38,132,191,28,139,153,77,15,141,108,69,148,205	0,5,0.4015,3,143;3,4,0.6715,0,37;4,4,0.8405,0,180;4,0,0.8615,0,69;8,2,0.5355,1,186;4,2,0.6185,0,216
ood_compose_epi-01275	10	3	0	208,88,21,5,45,82,104,107,116,26,69,40,160,149,207,117,180,181,141,156,207,195,77,53,59,136,20,189,93,64,148,131,14,211,36,121	4,4,0.8665,0,236;1,2,0.0745,0,10;4,1,0.1865,0,143;4,0,0.0655,0,15;7,1,0.8535,0,241;0,1,0.0785,0,55
ood_compose_epi-01276	1	3	0	118,43,182,88,148,17,189,130,110,13,160,149,112,141,189,176,203,36,45,122,69,59,3,189,84,199,198,93,212,75,21,99,31,64,55,137	2,3,0.3125,0,214;6,2,0.7225,0,224;6,1,0.0215,0,153;2,2,0.0675,0,224;2,4,0.1265,1,244;1,0,0.2625,0,124
ood_compose_epi-01277	2	3	2	139,76,144,117,195,126,187,170,33,201,10,148,19,84,45,22,94,135,151,215,52,215,185,92,43,190,106,66,161,105,112,59,2,166,69,34	1,0,0.6655,1,217;8,0,0.7035,0,229;3,1,0.4805,0,36;3,2,0.8885,1,174;8,0,0.0795,0,82;5,5,0.7865,3,5
ood_compose_epi-01278	5	0	1	93,55,208,127,45,162,195,145,183,34,21,138,40,69,171,114,120,97,143,87,192,192,91,150,110,131,79,27,13,65,209,8,63,16,212,155	7,3,0.1335,0,95;2,0,0.1455,0,217;6,5,0.2555,0,213;6,5,0.7815,0,68;0,4,0.5665,3,109;6,1,0.5175,2,122
ood_compose_epi-01279	1	2	0	186,137,67,169,10,209,214,111,127,21,51,180,92,147,59,87,3,201,114,149,166,133,45,27,117,99,36,141,73,189,190,208,19,43,93,69	2,0,0.7445,0,159;2,2,0.7035,0,126;2,1,0.6475,0,115;0,5,0.8575,0,189;2,5,0.5945,0,101;6,3,0.3605,0,149
ood_compose_epi-01280	4	1	1	76,28,189,43,138,126,45,93,156,71,18,187,21,158,15,117,58,100,88,82,200,150,163,107,116,68,144,189,202,134,193,54,160,146,4,37	3,5,0.4815,0,46;3,3,0.7085,0,190;5,0,0.9535,2,230;3,0,0.0495,0,84;3,1,0.9315,0,199;5,4,0.4105,3,110
ood_compose_epi-01281	10	2	2	207,214,16,91,29,112,68,43,93,137,45,147,189,77,21,14,107,172,151,3,141,61,39,99,69,117,133,86,51,194,186,191,125,161,200,196	2,4,0.0525,0,28;4,5,0.7745,0,246;2,3,0.9895,0,171;4,4,0.6745,0,177;2,1,0.1975,0,84;4,3,0.3515,0,182
ood_compose_epi-01282	3	0	0	179,169,145,201,93,122,75,131,89,61,136,67,21,105,176,109,69,152,117,180,149,170,20,40,189,4,51,179,27,182,141,36,45,15,114,84	3,5,0.9365,0,36;2,2,0.1675,0,132;2,3,0.6295,0,232;2,2,0.3475,0,197;8,3,0.4465,0,193;1,1,0.0255,0,88
ood_compose_epi-01283	3	0	2	157,141,83,99,69,35,31,167,124,93,208,162,170,9,151,41,111,139,46,179,212,118,55,79,16,131,64,11,116,145,213,166,62,21,208,88	8,1,0.0085,0,157;6,1,0.2125,1,140;6,4,0.1715,0,92;6,1,0.1165,0,85;2,5,0.8355,1,69;3,1,0.6585,0,46
ood_compose_epi-01284	5	0	2	141,214,78,154,175,145,63,55,202,126,108,155,47,42,168,207,112,86,132,30,91,3,187,21,204,93,103,138,151,17,11,212,68,34,69,117	2,1,0.2655,0,222;5,0,0.5595,2,65;6,5,0.9515,0,128;5,4,0.7235,0,46;6,2,0.1565,0,233;5,2,0.5175,0,219
ood_compose_epi-01285	3	0	0	34,179,26,196,145,123,72,88,61,214,81,43,100,2,194,67,149,96,214,111,137,19,21,83,113,141,162,117,198,57,133,181,14,170,175,45	1,4,0.7325,0,154;1,0,0.7585,0,11;8,3,0.6555,3,140;8,1,0.1405,3,239;3,5,0.3915,0,35;2,3,0.2965,0,183
ood_compose_epi-01286	10	2	2	140,42,93,133,147,153,169,34,159,182,141,209,15,69,33,19,195,163,186,114,186,99,6,129,68,153,151,108,84,75,53,117,90,21,45,63	5,5,0.7505,0,242;8,0,0.5945,0,104;4,5,0.8435,0,150;2,2,0.4665,0,245;2,2,0.4085,0,223;8,3,0.8625,0,149
ood_compose_epi-01287	8	0	0	194,192,21,190,11,111,138,45,52,197,102,20,34,76,177,41,27,89,154,167,67,93,116,58,84,141,149,156,125,134,196,117,145,174,8,69	7,1,0.9265,0,187;2,0,0.3005,0,72;3,0,0.7015,0,170;3,2,0.3535,0,112;5,5,0.9935,0,65;4,4,0.5035,0,190
ood_compose_epi-01288	8	3	1	137,52,72,166,117,102,30,17,150,158,114,213,128,6,148,88,133,82,10,65,111,185,169,41,36,93,45,62,21,187,141,213,184,178,159,80	5,0,0.2415,0,245;5,2,0.3535,0,158;3,4,0.2485,3,238;7,0,0.0345,0,89;5,5,0.4045,0,5;7,3,0.3895,0,33
ood_compose_epi-01289	1	3	0	88,132,189,36,93,208,15,115,180,75,149,26,104,209,1,48,140,156,166,117,148,85,24,41,19,174,61,205,158,69,107,182,141,123,51,66	0,5,0.7625,3,250;1,2,0.3225,3,190;2,3,0.4245,0,56;2,3,0.1905,0,90;7,1,0.7985,0,82;2,2,0.8125,0,100
ood_compose_epi-01290	2	0	0	174,210,194,177,87,156,213,11,149,182,69,96,30,136,107,112,89,21,51,152,45,64,141,41,34,134,123,99,16,117,6,63,78,190,145,201	5,1,0.1365,0,245;5,0,0.2775,0,191;2,5,0.1735,0,107;5,5,0.2905,3,56;2,1,0.1335,0,176;2,4,0.1405,0,166
ood_compose_epi-01291	1	3	2	36,141,155,175,28,93,89,186,60,112,188,184,203,85,205,3,207,110,81,131,212,123,151,67,51,117,148,40,102,69,12,45,16,21,175,137	2,2,0.0985,0,68;3,2,0.0155,0,159;2,2,0.7725,0,177;8,3,0.2815,0,60;5,4,0.1355,0,88;2,1,0.3555,0,54
ood_compose_epi-01292	10	2	0	99,18,21,63,192,182,112,90,42,107,205,194,117,214,128,11,64,39,33,74,155,140,3,45,93,132,200,142,174,147,149,84,57,209,201,69	2,1,0.4215,0,153;8,5,0.5035,0,93;8,5,0.1425,0,230;1,2,0.4875,0,49;2,1,0.1305,0,39;7,2,0.9065,1,1
ood_compose_epi-01293	2	2	1	132,208,104,150,136,40,109,186,6,30,147,186,10,178,174,59,66,185,112,34,205,57,17,141,215,123,177,45,69,21,78,91,164,117,84,93	5,0,0.2565,0,219;5,0,0.0395,0,69;8,1,0.5285,0,35;5,2,0.7805,0,48;7,3,0.1515,0,138;2,2,0.0125,0,253
ood_compose_epi-01294	10	1	2	37,44,91,51,182,86,45,114,197,64,128,14,109,18,141,74,191,69,179,130,151,93,185,99,146,59,117,33,157,182,23,191,5,174,186,138	4,4,0.4385,2,199;8,3,0.9315,0,47;2,1,0.0615,0,6;1,4,0.6445,0,201;2,3,0.5155,0,239;7,0,0.5245,0,156
ood_compose_epi-01295	0	3	2	67,108,30,139,207,148,62,55,21,15,78,151,141,45,171,195,101,34,93,83,92,114,123,42,69,191,19,194,179,133,202,4,214,208,172,119	3,5,0.7815,0,84;5,0,0.4745,0,151;6,4,0.6875,0,146;5,1,0.8265,0,36;4,2,0.4555,2,55;2,3,0.6325,0,140
ood_compose_epi-01296	3	0	0	210,11,206,124,100,16,69,188,198,65,149,116,38,89,93,205,204,134,28,45,215,21,62,42,52,145,141,9,137,118,76,193,171,171,83,110	8,1,0.0365,0,236;3,4,0.4055,0,46;3,4,0.2295,0,41;3,1,0.3455,0,165;3,4,0.8945,1,172;3,4,0.2365,0,19
ood_compose_epi-01297	10	0	0	37,111,194,28,215,141,15,134,140,45,101,49,71,178,210,175,145,165,149,93,113,89,155,117,9,79,65,162,188,60,16,41,125,21,87,170	8,5,0.1835,0,202;3,3,0.2775,0,233;0,2,0.3165,2,28;6,5,0.2265,0,90;4,5,0.2945,0,236;4,4,0.8905,0,150
ood_compose_epi-01298	1	1	1	195,191,44,17,146,141,210,93,12,208,124,163,9,152,51,130,191,150,37,103,67,214,110,91,139,87,27,21,114,117,75,45,188,69,174,62	8,2,0.2405,0,154;2,3,0.9815,0,246;2,4,0.7055,0,229;2,5,0.7225,0,145;6,4,0.5745,0,218;3,0,0.6595,0,45
ood_compose_epi-01299	10	3	2	196,88,131,12,45,113,30,100,73,188,117,164,140,34,69,21,148,141,18,60,195,95,201,129,42,9,178,52,64,199,106,161,210,82,151,184	8,2,0.4595,0,30;5,0,0.5525,0,177;3,2,0.0665,0,196;0,0,0.1675,2,226;3,0,0.3465,0,53;8,1,0.8965,0,116
ood_compose_epi-01300	8	2	2	67,7,151,88,141,180,40,202,98,21,139,126,205,190,17,29,69,186,75,82,38,106,132,11,54,201,114,212,182,45,207,186,147,118,93,58	6,1,0.3195,0,145;4,4,0.1395,0,246;5,0,0.6575,0,21;2,0,0.1175,0,204;1,0,0.4445,1,114;5,2,0.6585,0,156
ood_compose_epi-01301	5	1	1	80,45,37,15,117,137,42,129,99,156,196,192,133,18,179,21,66,165,172,72,141,169,178,31,88,7,209,60,150,146,52,107,113,202,82,93	6,5,0.5525,0,71;6,3,0.4795,0,223;3,2,0.5755,3,131;7,0,0.0455,0,225;2,1,0.3645,0,81;8,3,0.2095,0,161
ood_compose_epi-01302	1	0	2	16,104,69,211,10,198,153,133,196,117,96,21,42,8,145,106,116,215,89,151,35,45,60,50,208,200,66,200,140,123,26,141,79,192,84,211	7,0,0.0255,0,158;1,1,0.4305,0,179;1,2,0.5245,0,14;6,2,0.2115,3,216;7,0,0.8325,0,146;2,3,0.8445,0,161
ood_compose_epi-01303	1	0	1	57,20,117,71,192,66,37,15,158,93,21,145,123,75,191,206,63,155,136,135,144,193,3,40,97,213,111,209,201,115,83,27,89,45,150,157	2,5,0.8575,0,18;2,3,0.1335,0,253;8,5,0.4145,2,210;2,1,0.3045,0,32;0,5,0.6435,0,79;2,5,0.1545,3,40
ood_compose_epi-01304	10	3	1	210,21,60,139,12,126,57,69,178,87,107,116,118,200,162,195,9,25,68,45,141,130,81,37,148,171,206,93,17,165,201,42,90,102,150,160	8,2,0.2895,0,153;0,3,0.5145,0,21;8,2,0.9465,0,175;8,5,0.5065,0,72;5,1,0.9255,1,115;5,0,0.7135,0,28
ood_compose_epi-01305	9	3	1	21,139,141,114,174,91,93,206,150,10,194,77,108,158,45,44,205,190,132,6,148,19,212,69,117,39,85,128,203,198,161,26,62,104,56,67	5,0,0.7205,0,27;1,5,0.8955,0,86;7,4,0.7575,0,3;4,3,0.7755,0,47;7,2,0.4985,0,39;7,2,0.7555,0,145
ood_compose_epi-01306	10	0	1	115,150,66,164,199,29,111,141,39,185,88,145,19,75,153,153,210,86,12,132,3,125,139,168,21,117,52,185,59,206,201,40,45,69,101,93	2,2,0.7385,0,188;4,5,0.1235,0,143;3,1,0.5155,0,69;2,4,0.1205,0,2;4,5,0.6435,0,4;4,2,0.7265,0,206
ood_compose_epi-01307	1	3	0	156,173,14,111,149,21,6,172,148,41,213,170,98,141,79,94,180,197,66,57,154,45,133,117,123,36,18,69,139,82,164,60,113,90,28,192	5,4,0.5255,0,0;3,2,0.2645,0,212;8,2,0.4065,0,169;6,0,0.4635,1,191;1,5,0.3335,0,77;2,3,0.7155,0,135
ood_compose_epi-01308	8	1	2	200,175,72,89,35,102,51,190,20,141,134,146,140,154,5,27,194,180,106,21,151,64,10,113,178,160,117,126,204,45,58,93,73,41,82,180	4,0,0.8555,0,139;2,1,0.3235,0,172;2,0,0.1635,3,1;0,0,0.2425,0,96;5,0,0.3305,0,128;5,4,0.9105,0,218
ood_compose_epi-01309	3	0	1	124,111,45,197,91,55,141,100,115,79,19,68,44,204,145,93,63,162,176,190,28,161,4,207,199,117,37,21,11,181,69,150,130,140,84,191	3,1,0.7175,0,178;3,3,0.9245,0,206;6,5,0.8825,0,41;6,2,0.7695,0,17;3,5,0.6345,0,240;3,0,0.9825,0,22
ood_compose_epi-01310	9	1	0	128,69,92,21,115,165,146,117,135,208,13,87,109,56,187,96,27,99,141,178,152,198,208,199,67,36,58,45,139,78,40,8,195,149,18,194	7,3,0.5665,0,90;2,2,0.0535,0,159;7,0,0.7355,0,98;5,5,0.8445,3,147;2,3,0.7165,0,123;7,5,0.6915,0,255
ood_compose_epi-01311	9	1	0	212,114,52,141,8,45,13,59,157,166,76,137,149,186,36,32,69,185,44,93,68,174,128,90,146,168,100,119,85,189,205,21,132,106,162,18	7,3,0.5525,0,62;7,2,0.9245,0,151;3,1,0.9125,0,27;3,3,0.5855,0,3;3,0,0.4625,2,152;7,2,0.3245,0,245
ood_compose_epi-01312	6	1	1	28,93,164,121,146,83,183,163,68,21,154,117,101,34,62,15,73,45,91,1,170,154,18,190,69,137,150,141,171,156,161,115,134,43,52,106	0,5,0.4395,0,187;3,0,0.7045,0,44;3,4,0.9375,0,222;0,1,0.7705,0,82;4,0,0.7085,0,7;0,4,0.3585,0,234
ood_compose_epi-01313	9	3	0	189,170,15,75,91,62,139,155,190,35,93,183,110,165,8,42,159,25,132,176,162,21,117,16,149,98,200,84,45,148,65,115,69,56,141,128	7,5,0.0675,0,152;0,1,0.4535,0,194;7,4,0.3545,0,22;2,2,0.7045,0,99;1,4,0.6735,0,214;7,2,0.7925,0,90
ood_compose_epi-01314	2	0	1	51,58,159,66,84,88,197,153,14,212,93,69,150,21,158,192,132,196,103,114,167,40,75,16,35,5,145,170,172,137,128,32,117,45,141,107	4,4,0.1095,0,144;7,1,0.1515,0,237;2,0,0.5445,0,1;2,2,0.0365,0,62;6,1,0.4035,0,45;7,2,0.3605,0,152
ood_compose_epi-01315	9	0	2	157,178,117,145,39,69,107,191,98,85,165,14,41,20,133,139,96,213,68,63,203,47,114,164,141,175,56,128,31,151,207,153,21,91,5,73	4,4,0.9005,0,199;6,5,0.3595,2,224;7,5,0.9815,0,139;0,3,0.6425,3,119;1,1,0.5885,0,41;7,3,0.7345,0,21
ood_compose_epi-01316	7	2	1	93,150,85,26,117,108,63,43,51,212,138,206,71,75,116,131,179,20,197,88,142,178,182,21,189,122,67,210,147,11,98,35,165,192,2,45	1,1,0.8545,0,124;1,1,0.7705,0,58;2,5,0.6125,2,59;2,3,0.0655,0,31;1,2,0.8605,0,120;1,1,0.5645,1,41
ood_compose_epi-01317	4	1	1	62,188,192,68,208,140,141,89,164,79,5,95,21,169,52,84,164,27,122,13,45,105,35,69,117,116,167,195,184,132,42,150,111,146,168,16	4,3,0.1215,0,240;2,1,0.5015,0,62;3,4,0.8275,0,239;6,2,0.3395,2,83;8,5,0.9445,0,228;1,2,0.9115,0,27
ood_compose_epi-01318	9	0	0	182,45,72,194,39,93,145,50,102,149,131,114,2,20,92,13,65,215,184,43,211,107,28,141,179,117,171,201,21,161,166,122,138,60,80,84	1,3,0.8455,0,9;3,5,0.6555,0,255;1,2,0.2315,3,10;7,2,0.8165,0,223;5,1,0.4285,0,230;1,1,0.4765,0,228
ood_compose_epi-01319	1	0	1	99,89,150,85,145,131,196,41,49,68,117,114,14,141,4,171,20,177,180,123,93,208,75,180,62,176,179,138,163,160,106,28,69,48,35,23	3,4,0.8325,2,58;3,1,0.2415,3,22;0,4,0.9305,0,192;2,3,0.2755,0,248;2,0,0.5965,0,206;2,1,0.4725,0,108
ood_compose_epi-01320	7	1	0	78,82,45,114,141,98,146,176,121,50,199,193,149,67,215,192,2,19,62,174,110,14,41,89,202,93,39,188,117,134,25,138,21,161,174,69	1,4,0.6175,0,113;0,5,0.3425,0,184;1,4,0.7935,0,136;5,0,0.2995,0,214;1,4,0.5065,0,254;0,4,0.5065,0,59
ood_compose_epi-01321	1	0	0	192,26,214,200,17,64,135,50,145,117,169,163,82,11,163,149,101,45,75,153,21,69,93,123,89,141,41,138,108,61,206,163,112,181,36,3	2,1,0.3475,0,227;1,2,0.3325,0,240;1,3,0.1375,0,103;2,0,0.2295,0,16;4,2,0.1205,0,214;2,5,0.4335,0,205
ood_compose_epi-01322	2	3	0	130,107,152,148,41,88,139,173,16,214,21,98,14,93,141,66,149,52,48,74,117,28,82,199,213,69,210,200,114,129,186,190,6,155,59,34	5,4,0.0215,0,20;3,0,0.2035,3,193;3,1,0.5215,0,18;1,0,0.1925,0,13;1,1,0.4805,0,195;8,0,0.6715,0,217
ood_compose_epi-01323	9	3	0	130,46,171,182,170,8,74,139,148,23,93,44,110,180,164,84,117,179,149,172,65,36,56,102,198,69,204,112,91,32,17,59,129,144,13,177	7,3,0.2925,2,240;7,2,0.9295,1,73;7,1,0.2535,0,226;1,2,0.7225,0,19;5,4,0.1325,0,139;8,0,0.7315,3,68
ood_compose_epi-01324	10	2	1	114,138,107,158,15,166,134,21,93,80,34,66,104,125,152,185,215,120,84,69,16,208,45,33,43,147,150,57,62,176,141,89,8,156,194,212	7,5,0.0905,0,132;8,0,0.6825,0,60;8,4,0.4935,0,201;7,2,0.3925,0,89;7,1,0.5755,3,34;4,4,0.4285,0,193
ood_compose_epi-01325	5	2	0	7,199,106,21,84,137,214,149,88,55,20,63,43,127,117,93,45,184,200,196,31,135,198,215,177,103,212,204,141,78,68,34,12,115,69,147	6,2,0.9165,0,70;6,0,0.7485,0,41;6,5,0.8225,0,223;5,2,0.0215,0,216;6,0,0.7515,0,143;6,5,0.3765,0,134
ood_compose_epi-01326	1	2	0	191,75,22,58,93,127,17,158,197,46,169,170,200,43,69,101,174,38,211,25,188,118,110,64,112,12,1,139,91,199,85,49,132,141,147,149	0,2,0.2555,1,0;0,4,0.6355,1,23;0,0,0.1645,0,236;2,3,0.6045,0,67;4,4,0.0405,1,34;6,2,0.6545,0,54
ood_compose_epi-01327	7	0	1	211,210,17,152,177,26,67,93,46,145,122,107,185,150,139,72,44,117,21,75,183,51,97,12,35,214,61,211,86,91,155,116,135,141,195,2	1,2,0.2315,0,240;1,1,0.9735,1,185;2,3,0.7435,3,36;2,4,0.6665,0,189;0,1,0.8315,0,116;1,5,0.6505,0,41
ood_compose_epi-01328	7	1	2	209,45,21,139,14,205,146,87,67,191,18,169,6,26,130,60,175,185,51,98,92,44,112,74,141,36,151,124,93,71,196,154,107,120,182,184	5,4,0.4675,0,74;1,2,0.8185,0,234;2,2,0.7915,2,66;1,5,0.9315,0,88;1,1,0.1645,3,241;3,0,0.7005,0,15
ood_compose_epi-01329	10	3	2	209,3,66,142,158,117,212,41,168,53,160,75,151,138,171,167,99,148,160,69,109,93,127,132,89,62,211,82,23,208,39,16,113,45,29,13	2,3,0.1055,2,221;4,5,0.3125,0,177;4,4,0.4495,0,121;2,0,0.2975,0,159;2,3,0.2205,0,202;6,2,0.4545,1,230
ood_compose_epi-01330	1	2	0	135,154,29,114,85,7,61,152,93,171,201,117,49,210,136,21,38,91,208,127,108,104,16,149,147,64,45,40,215,215,141,174,69,156,10,75	6,0,0.0255,0,47;4,4,0.0735,0,255;0,3,0.0405,0,42;2,3,0.7085,0,118;7,2,0.4355,0,43;6,5,0.1715,0,138
ood_compose_epi-01331	2	3	1	148,100,92,114,118,171,16,190,203,197,132,11,45,2,53,72,176,153,106,62,150,21,141,200,28,161,125,93,68,76,161,140,83,40,155,38	1,1,0.0545,0,93;3,4,0.1215,0,45;4,4,0.9055,3,147;3,1,0.8015,0,47;3,0,0.5055,1,1;4,2,0.9265,0,66
ood_compose_epi-01332	9	2	0	207,128,108,141,117,66,75,114,21,41,176,133,215,45,177,69,32,192,17,8,88,87,172,14,138,207,164,36,152,103,94,149,56,174,63,147	7,4,0.3005,0,50;7,2,0.3345,0,3;7,5,0.5425,0,227;2,5,0.1865,1,193;6,2,0.5835,0,114;7,3,0.4515,0,17
ood_compose_epi-01333	2	2	0	26,166,21,139,147,60,187,169,12,50,69,112,200,111,93,2,131,117,47,153,189,77,17,155,149,65,83,161,197,89,44,141,123,157,34,99	1,2,0.2165,0,231;1,0,0.9255,2,156;1,2,0.2435,0,76;4,1,0.3605,0,63;2,5,0.0195,0,150;2,1,0.6265,0,83
ood_compose_epi-01334	1	0	0	71,111,141,133,84,145,101,68,90,12,125,174,136,120,37,18,31,114,165,170,44,212,59,45,195,207,57,149,172,169,21,80,174,194,3,93	2,2,0.5395,0,162;6,3,0.9215,0,24;8,1,0.8415,2,86;7,2,0.4745,0,241;4,5,0.4185,3,75;4,3,0.1415,0,92
ood_compose_epi-01335	1	1	0	13,149,209,167,118,176,89,107,178,28,193,210,75,38,141,44,210,99,87,133,69,55,126,93,67,20,21,114,168,177,3,146,136,158,45,59	2,3,0.8885,0,102;3,4,0.9095,0,111;6,1,0.6095,0,168;2,5,0.2715,0,243;2,1,0.4765,1,16;5,3,0.1785,0,242
ood_compose_epi-01336	6	0	0	19,105,57,60,73,90,11,131,44,45,210,33,86,149,193,37,194,140,167,142,207,205,70,117,211,145,197,106,114,68,166,93,1,199,124,21	0,1,0.6225,0,20;8,3,0.8385,0,179;8,2,0.8155,1,101;0,4,0.5315,0,12;8,0,0.5535,0,80;3,1,0.8335,1,108
ood_compose_epi-01337	0	3	1	65,21,160,103,113,167,26,215,88,177,184,119,124,40,93,61,56,45,175,213,17,148,131,34,140,109,177,14,209,141,199,87,5,69,80,150	4,4,0.3585,0,156;1,0,0.0935,0,182;7,3,0.2365,0,60;7,5,0.1285,0,205;6,3,0.2435,2,7;3,1,0.9665,0,29
ood_compose_epi-01338	1	1	1	27,106,67,203,14,39,166,100,200,135,93,88,69,3,59,195,45,44,191,141,196,150,21,16,154,146,198,140,120,84,169,75,160,51,127,116	2,4,0.0895,0,121;2,5,0.8615,0,152;2,1,0.7405,0,4;2,2,0.1915,0,162;3,0,0.8245,3,134;6,5,0.8155,0,150
ood_compose_epi-01339	4	1	1	134,172,117,38,15,111,167,112,150,199,125,75,92,187,214,69,85,40,153,68,186,142,58,45,20,198,4,136,21,146,190,29,97,93,49,211	3,5,0.9935,0,44;4,4,0.1045,0,82;0,0,0.9025,0,126;2,3,0.8585,0,223;0,5,0.1495,0,207;4,4,0.0685,1,47
ood_compose_epi-01340	7	3	2	113,34,69,21,148,185,192,68,141,63,45,50,101,43,183,32,195,131,161,89,84,124,108,151,4,178,14,77,156,171,139,117,202,93,20,182	3,4,0.9985,0,59;7,0,0.6875,0,111;1,5,0.8645,0,192;4,2,0.3045,0,130;4,2,0.3155,0,234;3,1,0.7895,0,116
ood_compose_epi-01341	6	0	2	55,180,72,84,114,131,43,21,93,158,215,169,137,185,63,127,172,48,16,12,190,64,145,111,198,141,155,117,79,7,151,37,90,157,31,97	6,2,0.0075,0,246;6,3,0.7255,3,214;6,5,0.0555,3,38;6,2,0.4235,0,160;0,5,0.4305,0,149;6,1,0.2035,0,29
ood_compose_epi-01342	5	0	0	89,168,125,31,93,79,130,19,39,116,117,52,201,111,10,84,7,97,181,200,69,61,187,186,149,45,139,164,68,43,21,168,178,145,141,189	6,0,0.7245,0,159;6,5,0.6425,0,55;3,3,0.9625,0,229;6,2,0.2905,0,112;0,5,0.9635,0,213;4,0,0.7175,0,59
ood_compose_epi-01343	5	1	1	21,44,66,7,146,201,38,169,162,141,189,25,117,45,193,138,174,127,203,93,75,150,13,53,20,111,194,85,103,89,134,115,69,197,189,63	6,3,0.9005,0,168;0,4,0.8085,0,242;4,5,0.4825,0,167;2,3,0.2285,0,239;6,5,0.7185,0,156;6,4,0.5095,0,122
ood_compose_epi-01344	10	0	2	215,192,81,86,93,145,114,159,169,108,69,131,195,117,144,137,41,62,21,92,151,159,37,32,125,8,208,162,45,20,102,10,53,164,170,65	7,0,0.8585,0,232;7,3,0.3795,0,57;4,4,0.3665,0,144;8,4,0.8775,0,213;5,2,0.5325,0,19;4,1,0.3065,3,29
ood_compose_epi-01345	10	1	2	133,86,203,117,138,42,105,108,45,17,36,207,55,21,4,166,141,116,90,81,210,93,69,185,129,213,172,60,193,151,15,33,68,146,203,166	3,5,0.3635,0,187;8,2,0.4735,0,240;6,2,0.8275,0,204;8,4,0.4285,0,152;8,2,0.8595,0,195;8,3,0.4445,0,35
ood_compose_epi-01346	3	0	1	28,157,154,83,198,112,98,68,150,158,215,92,57,136,117,43,4,47,196,37,144,13,135,174,59,93,18,69,107,163,21,145,76,205,123,162	3,3,0.4335,0,96;3,3,0.6355,2,188;8,1,0.8715,0,176;3,1,0.9075,0,58;1,1,0.1405,0,108;2,5,0.1485,3,105
ood_compose_epi-01347	6	0	2	75,88,93,178,162,63,151,111,67,184,123,3,27,83,180,16,40,14,145,119,99,143,36,168,160,176,116,189,69,45,139,182,21,49,160,134	2,4,0.0215,0,189;2,2,0.0385,0,92;0,5,0.7075,0,237;2,1,0.1495,0,92;2,5,0.8325,2,125;2,4,0.7875,2,249
ood_compose_epi-01348	1	2	2	21,160,155,84,8,99,151,26,169,117,14,133,116,212,63,74,123,88,141,154,51,147,196,140,182,179,45,18,106,93,44,35,193,69,68,164	7,4,0.4985,0,254;1,1,0.9135,0,18;2,5,0.8495,0,89;1,2,0.0335,0,195;2,0,0.9145,0,93;2,3,0.9975,0,151
ood_compose_epi-01349	5	2	2	167,141,17,69,80,93,41,212,104,202,62,66,185,88,36,31,45,83,138,132,15,22,214,155,190,201,107,128,151,182,162,55,147,113,8,117	7,5,0.2035,1,220;6,2,0.3725,0,156;6,4,0.5695,0,35;7,1,0.1635,0,252;7,1,0.3175,0,74;7,2,0.5035,0,87
ood_compose_epi-01350	6	1	2	65,146,172,152,61,203,114,43,36,69,117,97,137,21,156,151,73,128,132,12,89,141,25,190,152,111,18,190,9,86,52,192,46,200,188,93	8,2,0.4935,0,24;0,2,0.6075,1,44;3,3,0.2425,0,6;0,4,0.2885,0,176;0,5,0.4845,0,241;7,2,0.2195,0,199
ood_compose_epi-01351	2	0	1	150,178,62,144,69,131,65,90,179,166,156,139,49,21,107,164,42,145,9,129,100,158,34,82,11,19,117,81,47,177,215,115,195,181,93,25	8,1,0.7775,0,122;0,0,0.4195,2,108;0,4,0.3025,0,66;8,0,0.4625,0,132;3,1,0.6075,0,100;8,1,0.6105,3,94
ood_compose_epi-01352	10	3	0	148,51,14,43,69,213,122,21,117,130,94,143,195,215,184,81,29,88,20,38,45,207,110,67,114,101,188,149,82,179,206,152,9,152,58,139	8,4,0.9405,0,139;4,4,0.7705,0,59;2,0,0.6045,0,83;8,0,0.0945,1,230;4,4,0.5995,0,94;1,0,0.7705,2,172
ood_compose_epi-01353	0	3	2	141,209,151,215,173,18,45,75,148,63,132,100,207,21,117,85,191,69,28,116,124,136,153,67,190,54,108,38,187,14,212,4,91,93,156,41	3,4,0.4975,0,199;3,4,0.3285,0,217;5,5,0.6315,0,61;2,3,0.6695,0,250;3,2,0.9435,0,253;3,2,0.0915,0,4
ood_compose_epi-01354	0	3	2	47,12,52,179,74,117,100,66,151,130,158,148,141,93,2,108,181,61,154,194,41,208,199,87,178,154,139,154,21,115,32,88,124,17,69,35	1,2,0.3705,0,42;7,1,0.3805,2,244;3,3,0.5785,0,10;1,5,0.0205,0,158;3,2,0.6575,0,138;3,0,0.6295,0,16
ood_compose_epi-01355	4	1	2	33,87,96,61,117,158,17,38,141,197,4,133,75,44,107,138,123,45,49,196,159,115,205,208,146,65,151,172,21,13,69,99,179,192,88,174	3,3,0.2735,0,181;8,4,0.8295,0,114;0,3,0.3925,0,54;2,5,0.1415,3,15;2,1,0.7385,0,125;2,3,0.4735,0,143
ood_compose_epi-01356	10	1	0	5,163,134,34,65,116,77,92,211,198,21,20,53,207,203,185,202,142,100,58,137,14,215,44,123,146,188,82,149,209,69,106,45,118,29,93	4,4,0.8105,0,192;4,0,0.8615,0,18;4,0,0.3975,0,103;4,0,0.8465,0,96;3,0,0.9345,1,193;2,4,0.3245,1,21
ood_compose_epi-01357	9	0	2	107,45,53,87,158,189,124,114,171,67,19,117,178,92,80,151,15,70,141,93,3,61,184,130,32,182,42,104,163,36,181,139,21,195,145,165	2,5,0.7295,0,234;7,2,0.5445,0,235;4,3,0.6065,1,206;7,5,0.8615,0,185;7,1,0.5385,0,86;3,0,0.6445,0,60
ood_compose_epi-01358	6	1	1	100,139,180,204,32,91,68,207,45,184,207,121,135,175,71,150,154,37,3,41,14,141,56,146,163,183,117,93,199,61,110,18,112,87,22,77	2,4,0.4235,1,205;7,3,0.2345,0,240;7,3,0.8945,2,167;4,5,0.6145,0,210;3,4,0.0225,0,243;0,5,0.6615,0,149
ood_compose_epi-01359	8	3	2	169,51,188,65,89,135,175,203,117,93,180,106,143,11,23,200,126,81,6,44,181,206,102,113,148,69,30,85,17,136,45,37,60,199,159,151	5,1,0.3935,2,58;5,3,0.9015,0,62;2,2,0.3455,0,94;8,3,0.2735,0,224;5,0,0.3475,0,130;5,5,0.0305,2,216
ood_compose_epi-01360	5	0	0	212,4,87,69,142,186,157,21,63,139,103,110,45,11,117,145,200,43,31,183,204,195,115,135,55,149,81,34,207,89,68,129,17,169,164,96	3,1,0.2465,0,185;6,0,0.7875,0,190;6,5,0.8875,0,198;8,5,0.2765,3,133;6,4,0.7355,0,182;8,5,0.6295,1,0
ood_compose_epi-01361	6	0	2	77,66,130,97,34,212,213,19,7,215,91,83,118,69,21,136,207,173,145,205,45,121,44,106,141,196,116,154,25,162,63,14,93,49,177,151	6,4,0.7105,0,201;0,0,0.9935,0,218;0,5,0.4445,0,4;4,1,0.6115,0,20;0,0,0.8465,1,51;0,0,0.0295,0,186
ood_compose_epi-01362	8	3	2	63,148,102,141,54,120,206,21,210,206,162,126,183,29,67,189,2,78,161,140,199,93,135,45,188,151,114,106,38,43,166,89,86,12,69,17	1,2,0.3445,0,205;4,4,0.6375,0,218;5,5,0.7895,0,150;5,4,0.3595,0,110;5,0,0.5975,3,158;5,5,0.9755,0,107
ood_compose_epi-01363	6	3	2	3,111,34,70,93,148,136,144,75,12,46,215,59,151,212,203,211,52,67,83,201,90,43,97,123,115,21,19,131,181,29,173,201,152,184,117	2,2,0.7385,0,120;4,0,0.6515,1,203;3,1,0.7055,1,11;2,1,0.5925,0,69;0,5,0.7785,0,151;2,1,0.1425,3,192
ood_compose_epi-01364	5	2	1	38,21,88,30,47,55,182,8,137,87,144,117,69,147,166,202,78,67,200,155,121,19,131,63,188,96,112,44,150,111,170,155,211,154,14,102	7,4,0.6115,0,203;5,4,0.8965,2,226;6,5,0.7635,0,47;5,5,0.1555,3,74;5,5,0.1755,0,248;0,1,0.2425,3,236
ood_compose_epi-01365	1	1	2	41,21,182,110,154,174,139,32,141,203,189,117,60,215,168,50,133,20,123,69,93,82,45,146,38,74,198,68,91,210,11,3,151,165,112,99	2,1,0.8635,0,213;7,4,0.3825,0,88;1,2,0.8245,0,175;1,0,0.6215,0,111;2,4,0.0835,0,223;2,3,0.7295,0,156
ood_compose_epi-01366	5	2	1	58,131,128,83,138,42,190,112,107,21,206,39,147,12,165,72,101,31,180,166,80,117,18,158,156,45,150,67,93,187,88,210,204,54,144,8	7,2,0.4005,0,210;6,5,0.4355,0,162;5,0,0.6795,3,114;7,1,0.0815,0,169;4,1,0.1185,0,134;7,1,0.4395,3,139
ood_compose_epi-01367	1	3	0	140,56,213,141,117,204,193,148,18,45,58,35,203,110,171,10,211,173,75,149,93,162,64,91,132,1,113,180,190,85,101,121,69,40,23,25	0,0,0.5885,2,235;0,1,0.0785,0,159;7,0,0.0845,0,135;2,3,0.6265,0,180;4,4,0.3505,0,232;0,2,0.9045,0,36
ood_compose_epi-01368	1	1	2	75,13,17,151,69,119,127,56,139,85,169,110,9,196,40,93,157,33,35,191,202,45,66,113,21,146,169,156,100,190,156,90,133,59,142,176	8,3,0.3455,0,198;8,1,0.0625,0,129;7,1,0.5355,0,71;2,3,0.4795,0,159;3,4,0.2775,2,194;6,3,0.7565,1,176
ood_compose_epi-01369	4	1	0	41,45,18,21,146,141,205,4,33,106,156,60,169,168,80,13,82,89,208,130,67,114,175,56,117,149,104,159,173,71,200,176,37,125,139,93	3,3,0.5245,0,197;8,3,0.2635,0,157;7,2,0.7605,2,6;7,0,0.2915,0,175;7,0,0.5455,0,37;4,0,0.6595,0,133
ood_compose_epi-01370	1	1	2	195,114,21,176,3,12,18,93,117,85,160,26,140,151,89,69,208,156,141,65,159,53,99,146,154,42,158,133,171,34,194,107,76,58,45,123	2,2,0.5875,0,37;1,0,0.5685,0,127;4,0,0.2565,0,12;3,3,0.3335,0,6;2,1,0.5155,0,180;2,3,0.8135,0,162
ood_compose_epi-01371	3	0	1	145,130,189,49,67,43,116,111,152,213,21,39,124,162,91,136,188,20,60,206,159,4,76,208,117,141,28,69,11,181,197,96,45,85,100,150	3,1,0.9515,0,34;3,5,0.7845,0,130;0,2,0.7935,0,120;3,3,0.7045,3,182;3,5,0.9975,0,40;3,0,0.1175,0,248
ood_compose_epi-01372	6	1	2	97,193,25,4,126,151,93,202,71,159,45,212,16,49,146,44,89,163,75,65,110,152,117,152,21,141,165,84,60,39,164,212,113,13,132,138	3,3,0.1115,0,57;0,5,0.9875,0,156;0,2,0.2705,2,118;2,2,0.3325,0,184;0,4,0.3565,0,45;5,2,0.5705,0,96
ood_compose_epi-01373	2	1	2	192,94,184,36,105,55,32,141,58,208,107,163,206,116,136,155,135,183,69,146,41,16,68,23,3,181,151,80,92,117,161,45,170,129,84,11	2,1,0.0355,2,164;7,2,0.3765,0,97;6,0,0.9175,0,14;7,2,0.8375,1,98;8,1,0.9895,0,70;8,5,0.1425,0,214
ood_compose_epi-01374	9	1	0	21,146,133,93,10,108,67,129,37,32,188,208,179,83,5,103,117,153,196,194,20,149,181,136,114,89,205,204,76,45,52,143,213,42,58,69	4,0,0.8665,0,10;7,3,0.4015,0,149;3,0,0.7925,0,226;3,1,0.2785,0,14;6,2,0.4735,0,111;8,3,0.1655,2,116
ood_compose_epi-01375	2	0	0	45,10,76,93,19,69,26,211,185,21,141,169,178,67,123,184,164,34,130,137,7,145,202,149,53,100,111,83,119,198,43,114,192,62,89,194	6,0,0.7585,0,156;1,0,0.7395,0,215;4,4,0.7925,0,77;3,1,0.3305,0,77;3,5,0.5205,2,36;2,0,0.2675,0,44
ood_compose_epi-01376	1	2	2	186,91,85,19,45,99,188,185,44,27,147,110,93,24,117,61,3,137,13,75,214,34,215,116,134,151,51,169,121,141,194,64,199,203,187,69	2,3,0.6125,3,163;2,0,0.9835,0,179;2,3,0.1555,0,109;2,3,0.6855,0,215;2,4,0.8305,0,48;0,4,0.2535,0,230
ood_compose_epi-01377	1	3	2	202,151,109,171,46,16,91,123,66,160,132,117,62,200,114,71,180,141,21,42,56,98,158,75,29,137,3,85,38,185,93,13,148,186,210,205	2,3,0.0365,0,174;4,4,0.4415,1,249;7,4,0.4545,2,121;2,3,0.7635,0,29;1,3,0.5515,0,249;2,2,0.2875,0,50
ood_compose_epi-01378	2	1	1	146,40,176,93,184,36,132,157,115,84,71,195,17,101,150,23,58,67,51,120,26,4,137,183,111,190,193,11,81,191,45,89,210,141,128,207	3,1,0.3105,2,19;1,2,0.1605,0,133;2,0,0.6645,2,152;8,2,0.2835,0,169;4,5,0.6825,3,138;7,2,0.3455,0,101
ood_compose_epi-01379	6	2	2	121,198,120,35,193,49,77,97,25,152,45,177,153,184,21,134,179,116,93,15,1,139,41,86,20,59,151,65,208,92,107,141,147,193,194,69	0,5,0.8295,0,166;0,1,0.3785,0,133;0,1,0.3055,0,90;4,4,0.8735,0,141;0,1,0.9325,3,46;0,4,0.7615,0,15
ood_compose_epi-01380	9	3	0	88,53,84,122,104,149,43,173,7,172,116,148,93,68,202,136,184,58,75,33,38,47,141,177,184,190,186,15,153,69,110,21,117,135,203,17	6,5,0.3845,0,100;8,4,0.6445,2,244;4,0,0.8055,0,153;2,2,0.1125,0,146;7,4,0.8505,0,177;1,5,0.0935,0,168
ood_compose_epi-01381	5	0	1	198,136,153,18,131,4,117,38,150,184,81,55,11,157,31,90,108,160,69,45,65,160,95,114,21,63,141,175,145,126,84,102,153,204,42,172	3,1,0.5995,0,144;6,4,0.4835,0,88;6,5,0.2065,0,104;8,2,0.5325,2,186;5,2,0.4205,0,255;5,1,0.1025,0,132
ood_compose_epi-01382	10	3	2	148,186,45,213,117,2,194,207,23,69,131,210,33,151,51,113,17,65,153,111,42,143,122,74,37,101,93,63,189,195,166,84,140,92,152,11	1,1,0.2375,2,54;8,3,0.5025,0,158;2,5,0.3025,0,218;1,2,0.9595,0,179;4,5,0.3565,0,243;1,1,0.9445,2,93
ood_compose_epi-01383	2	1	0	19,183,146,149,40,187,116,132,170,68,91,141,174,122,154,31,38,183,188,60,140,179,95,45,2,10,187,80,211,103,86,117,54,69,21,106	1,0,0.7845,0,10;6,4,0.0285,0,190;5,2,0.8175,0,155;7,4,0.6985,2,225;6,0,0.8315,0,206;1,2,0.8285,0,111
ood_compose_epi-01384	6	2	2	89,21,43,161,34,151,85,147,137,162,187,13,9,73,93,121,103,117,199,194,176,114,61,67,169,208,141,158,108,19,70,45,25,132,184,55	8,3,0.7935,0,227;0,0,0.7225,0,234;6,3,0.7915,1,157;0,3,0.3335,0,36;6,2,0.5805,0,3;0,2,0.2715,0,30
ood_compose_epi-01385	6	0	2	213,92,140,134,39,59,121,206,157,21,163,208,165,141,68,69,145,20,210,168,113,14,93,25,117,49,77,184,151,167,110,45,1,97,86,41	0,4,0.9495,0,90;0,5,0.2525,0,39;0,1,0.9545,0,18;4,4,0.8895,0,122;0,4,0.3445,0,149;0,4,0.9935,0,144
ood_compose_epi-01386	1	0	1	6,145,82,45,99,11,109,36,57,203,19,30,117,68,137,185,69,162,41,194,21,164,215,129,150,90,93,195,172,78,116,58,133,153,169,141	5,1,0.6815,0,69;5,2,0.2755,0,68;8,0,0.9595,0,232;5,0,0.4095,0,115;2,3,0.9575,0,232;8,3,0.3885,0,184
ood_compose_epi-01387	8	3	0	45,40,84,148,185,117,93,149,106,160,203,141,126,180,30,67,167,102,140,51,88,208,205,11,61,135,21,9,78,195,113,70,37,154,167,16	8,1,0.0995,0,225;5,3,0.1545,0,138;2,3,0.7515,1,189;5,2,0.0495,0,205;5,0,0.3025,0,68;5,5,0.9585,0,210
ood_compose_epi-01388	5	2	2	151,127,171,21,161,188,141,147,175,195,55,107,139,79,113,186,17,31,35,69,190,66,93,63,186,45,84,131,163,103,15,118,8,43,89,177	7,5,0.3095,0,103;6,1,0.7595,0,188;6,5,0.5145,0,209;6,2,0.2595,0,188;6,1,0.2225,1,244;6,1,0.6365,0,87
ood_compose_epi-01389	0	3	2	100,65,162,62,148,88,31,115,69,141,202,85,170,21,117,130,157,188,4,139,213,199,151,35,77,96,209,41,15,45,126,206,171,107,19,53	3,5,0.7915,0,92;6,1,0.3265,0,205;4,4,0.3095,0,220;4,3,0.0815,3,206;3,1,0.6625,0,61;5,0,0.7855,0,11
ood_compose_epi-01390	3	0	2	179,197,45,139,135,44,14,36,66,5,75,19,191,52,189,124,59,92,108,141,117,69,22,100,211,26,176,187,151,145,204,116,208,85,156,94	4,4,0.7135,1,99;1,2,0.9555,0,108;3,1,0.4505,0,221;2,3,0.9335,1,197;3,2,0.9595,0,35;3,5,0.7745,0,92
ood_compose_epi-01391	10	2	2	141,18,193,136,197,186,173,163,147,125,82,177,117,72,42,180,27,75,131,172,197,46,151,93,67,5,113,21,91,200,60,106,15,35,56,102	4,5,0.4845,0,101;2,1,0.5175,1,191;7,2,0.7475,3,193;2,0,0.6115,0,0;5,0,0.3755,0,78;4,1,0.0445,0,53
ood_compose_epi-01392	6	3	0	167,55,15,93,172,108,31,139,21,45,116,190,211,42,164,85,69,125,134,73,90,148,38,144,117,159,64,167,1,214,99,61,196,19,149,214	0,5,0.7945,0,87;6,4,0.5875,0,244;6,3,0.0035,0,98;0,3,0.4735,0,178;2,2,0.9265,0,35;4,4,0.6525,3,232
ood_compose_epi-01393	10	2	1	159,106,13,125,45,157,112,53,91,147,27,41,67,94,164,39,192,209,117,80,101,59,185,21,202,86,134,186,150,69,172,5,20,141,138,199	4,3,0.8855,0,54;2,5,0.2795,0,120;4,1,0.6165,0,200;7,4,0.6765,1,67;4,0,0.1885,0,159;4,4,0.5225,0,129
ood_compose_epi-01394	5	3	1	35,15,178,161,203,191,45,198,93,61,141,41,136,98,199,83,202,127,78,21,130,28,167,90,116,106,69,5,150,55,188,168,148,19,117,67	4,5,0.7715,0,155;3,1,0.3665,0,135;6,3,0.7885,0,213;5,1,0.5815,0,194;1,0,0.9855,0,85;6,0,0.1855,0,48
ood_compose_epi-01395	8	3	2	215,3,69,89,148,117,102,62,11,38,42,192,151,187,153,211,106,183,131,82,113,188,24,161,138,188,141,95,45,124,154,65,53,30,75,17	2,1,0.2995,3,116;5,4,0.4345,0,157;4,4,0.3075,0,64;2,0,0.2085,2,48;5,0,0.2415,0,143;3,1,0.4545,0,143
ood_compose_epi-01396	1	1	0	39,155,27,3,93,186,16,205,167,180,40,90,166,45,69,114,149,61,117,80,206,146,82,109,210,99,53,191,10,21,65,141,134,137,181,121	2,0,0.1545,0,224;2,5,0.0575,0,190;4,3,0.2105,0,25;7,0,0.4135,0,226;2,3,0.4485,0,224;0,4,0.2285,0,161
ood_compose_epi-01397	10	0	2	105,136,205,156,9,212,154,93,145,45,157,111,202,199,21,141,57,135,11,69,185,87,60,215,44,91,210,151,118,26,36,122,81,113,65,19	8,1,0.7435,0,148;1,2,0.9265,0,79;8,2,0.2215,0,1;8,5,0.6295,0,114;8,5,0.3935,1,184;1,5,0.1165,0,250
ood_compose_epi-01398	10	1	2	26,5,141,165,133,19,67,40,90,84,178,116,160,200,163,21,74,45,69,185,100,138,58,15,93,39,146,111,128,54,210,200,214,160,151,119	4,5,0.7255,0,212;1,5,0.0445,0,36;5,0,0.7805,0,208;1,2,0.5125,0,237;3,5,0.9135,2,170;7,3,0.5125,0,78
ood_compose_epi-01399	1	0	2	35,138,83,69,179,176,59,21,88,117,116,93,166,20,145,193,214,3,126,194,52,141,212,67,100,213,135,31,41,106,151,208,45,76,169,13	2,3,0.8115,0,130;6,1,0.3245,0,195;3,1,0.7495,0,240;3,1,0.0385,0,9;3,0,0.9665,0,39;5,5,0.5705,0,23
ood_compose_epi-01400	10	3	1	39,57,92,173,174,21,5,116,101,200,174,190,119,60,96,150,141,83,69,25,148,187,45,109,13,136,164,41,20,80,179,179,129,190,67,133	4,3,0.9225,0,170;0,5,0.2945,0,138;8,2,0.7965,0,145;7,1,0.8475,3,171;4,3,0.8855,2,199;8,3,0.1145,0,22
ood_compose_epi-01401	6	0	1	141,180,39,210,56,42,181,178,107,17,25,185,150,136,173,11,145,1,117,112,45,213,64,121,82,60,93,73,135,22,91,97,185,174,203,69	0,1,0.3365,1,151;0,5,0.4955,0,39;7,2,0.0865,0,149;0,0,0.6935,0,72;0,1,0.0825,0,211;0,5,0.1565,0,244
ood_compose_epi-01402	7	0	2	141,165,10,117,91,56,93,109,202,163,37,182,72,98,151,186,75,140,145,167,160,21,68,58,112,1,122,41,169,135,85,27,184,45,20,195	0,0,0.8515,0,7;2,3,0.3175,0,39;7,0,0.9675,3,191;2,3,0.6335,0,166;1,3,0.1405,0,66;1,5,0.9215,0,175
ood_compose_epi-01403	10	1	2	68,93,212,57,151,193,73,136,130,117,113,48,197,156,205,14,69,106,35,168,196,3,63,87,146,154,16,187,125,101,41,170,141,21,29,89	2,4,0.1265,0,230;4,1,0.3345,3,93;8,5,0.9165,0,211;0,5,0.3025,0,135;4,0,0.3345,0,96;4,0,0.0255,0,44
ood_compose_epi-01404	10	3	2	28,21,45,141,112,107,148,132,211,159,164,18,61,168,89,215,43,123,198,99,189,68,200,157,93,118,151,136,206,36,51,81,9,69,87,14	8,4,0.4495,0,170;3,2,0.6445,0,43;2,3,0.8585,0,220;8,5,0.3025,0,160;2,1,0.1805,1,78;2,2,0.0245,0,246
ood_compose_epi-01405	3	0	0	21,13,67,169,209,168,158,123,81,90,44,169,145,93,4,45,179,19,139,69,141,117,83,29,52,174,149,134,108,182,39,200,155,114,98,59	3,3,0.7185,0,133;4,5,0.9575,0,217;3,1,0.7555,0,53;8,1,0.5415,0,251;1,2,0.5905,0,114;2,4,0.6375,0,76
ood_compose_epi-01406	2	1	0	117,130,172,149,146,103,139,125,193,164,204,173,44,5,35,196,91,19,11,187,142,205,21,45,69,31,113,63,49,75,95,83,107,65,172,178	4,1,0.6345,0,63;6,1,0.9685,0,240;0,5,0.2475,0,2;2,1,0.7145,2,250;6,1,0.2655,0,61;4,0,0.6765,1,240
ood_compose_epi-01407	2	2	2	21,87,138,183,185,68,12,157,188,141,73,118,111,187,155,97,122,17,185,59,89,45,203,172,40,54,94,192,151,39,8,32,116,147,69,131	7,2,0.3845,0,20;7,5,0.0975,0,131;5,1,0.8135,0,227;0,5,0.3465,1,36;0,5,0.8735,1,228;1,1,0.5345,0,44
ood_compose_epi-01408	1	3	2	69,140,124,201,196,151,148,18,13,111,93,34,75,168,214,131,3,161,117,195,99,42,27,48,89,186,157,189,53,141,21,86,58,68,114,193	2,3,0.4545,0,206;2,0,0.4005,3,40;4,0,0.9005,0,160;2,4,0.2385,0,250;2,5,0.5135,0,70;3,1,0.9195,0,9
ood_compose_epi-01409	0	3	0	93,110,148,47,207,4,184,104,164,149,214,165,159,176,117,62,51,205,200,14,21,122,158,20,141,44,87,67,115,39,140,26,74,88,132,69	3,4,0.9475,0,135;1,5,0.8475,2,151;2,4,0.7085,0,226;1,5,0.0275,0,92;7,4,0.6465,0,54;1,2,0.9925,0,20
ood_compose_epi-01410	8	0	2	186,81,66,206,54,151,183,191,153,172,45,133,21,71,106,205,140,184,145,115,102,38,141,14,86,93,4,91,126,28,117,58,194,18,40,194	3,4,0.4955,0,99;3,4,0.0335,0,197;5,0,0.4805,2,54;8,4,0.6175,0,3;5,0,0.7365,0,143;5,3,0.8095,0,80
ood_compose_epi-01411	7	0	0	59,68,124,45,1,50,12,70,154,143,178,26,114,170,171,93,85,152,91,42,186,152,117,21,130,79,145,187,19,162,111,140,161,98,149,36	0,2,0.6795,0,72;1,2,0.4285,0,221;1,1,0.8495,1,182;6,3,0.6665,0,139;1,5,0.4675,0,126;3,0,0.9165,2,224
ood_compose_epi-01412	9	2	2	200,116,195,178,209,59,80,36,147,200,65,107,138,86,134,128,9,69,45,141,21,101,151,43,175,208,157,12,169,93,56,32,19,160,117,90	8,2,0.6875,0,210;7,2,0.6485,0,151;7,1,0.2545,0,32;7,4,0.5415,0,121;4,1,0.9575,0,100;7,4,0.5675,0,89
ood_compose_epi-01413	6	2	1	119,69,138,101,168,13,183,63,147,125,150,178,41,31,203,93,73,204,107,16,65,114,204,141,134,174,21,45,187,200,49,37,206,3,87,91	2,3,0.0355,0,83;6,3,0.3335,0,102;0,5,0.3075,0,41;0,5,0.7555,0,234;4,1,0.5535,2,16;4,4,0.4915,0,174
ood_compose_epi-01414	4	1	0	41,140,28,96,116,163,146,57,149,1,69,185,129,86,10,99,166,20,201,45,181,141,175,158,184,74,21,133,38,88,186,63,109,66,117,190	0,0,0.8805,0,126;3,4,0.3605,0,176;8,5,0.4635,0,20;1,4,0.0445,3,208;2,3,0.9195,0,164;8,3,0.9405,0,145
ood_compose_epi-01415	10	0	0	35,81,149,69,177,117,89,40,21,170,184,175,45,114,190,96,10,172,102,145,211,4,208,107,185,131,139,181,30,57,68,16,61,141,83,124	3,0,0.1475,0,249;5,1,0.1355,0,214;8,3,0.8215,0,186;8,1,0.2795,3,112;5,1,0.5085,0,70;3,1,0.7755,0,46
ood_compose_epi-01416	7	1	1	122,93,108,117,12,2,146,69,38,76,112,66,162,21,41,179,62,82,165,98,135,170,153,165,50,153,91,28,141,136,150,210,158,160,19,45	1,2,0.6775,0,142;3,4,0.2605,0,219;1,4,0.5465,0,14;3,0,0.6595,0,173;1,2,0.1375,0,219;1,5,0.0085,0,92
ood_compose_epi-01417	9	1	2	100,40,21,141,170,152,80,112,131,3,45,18,178,106,92,37,136,146,65,52,201,33,126,117,195,13,93,176,204,151,181,86,69,154,58,214	2,3,0.4775,0,15;8,3,0.1985,0,94;3,0,0.2815,0,182;7,4,0.9745,0,138;3,0,0.0235,0,119;5,1,0.1895,0,86
ood_compose_epi-01418	7	2	0	171,66,109,149,177,17,186,122,44,21,199,116,45,214,69,36,93,2,141,50,154,136,75,26,198,169,84,58,177,117,13,147,98,131,92,215	1,3,0.3005,0,232;1,2,0.9855,0,32;1,0,0.5605,0,103;2,2,0.8745,0,95;1,3,0.9465,0,141;1,1,0.0125,0,224
ood_compose_epi-01419	1	0	0	7,160,210,126,74,18,61,159,200,177,145,141,197,201,115,70,53,159,41,21,106,90,149,39,93,27,187,85,45,130,120,10,192,140,65,97	6,0,0.4245,0,203;2,5,0.3035,0,75;4,3,0.3725,1,67;1,3,0.5895,0,113;0,0,0.6415,3,254;5,0,0.8205,0,183
ood_compose_epi-01420	0	3	0	98,197,45,44,21,18,93,133,182,154,199,83,185,124,69,166,117,141,163,148,192,109,76,164,149,52,4,12,66,36,139,63,185,113,33,89	3,2,0.4675,0,123;8,2,0.8795,0,249;3,5,0.5355,0,86;3,1,0.3885,0,193;1,3,0.2925,0,0;3,3,0.6505,0,242
ood_compose_epi-01421	1	3	2	124,167,148,27,18,68,89,59,75,51,184,133,151,43,209,153,99,179,10,109,143,178,87,69,21,45,156,136,191,117,113,202,93,9,208,38	8,0,0.4825,0,124;2,4,0.6725,0,229;2,1,0.8585,0,245;2,5,0.2675,0,251;2,3,0.3355,0,74;3,3,0.1925,2,10
ood_compose_epi-01422	9	0	2	212,199,67,121,169,112,214,15,151,173,42,94,39,136,80,152,4,17,145,69,117,109,164,97,204,60,56,132,173,90,32,142,82,177,21,45	3,5,0.3285,0,63;7,5,0.5715,0,72;7,2,0.7415,0,195;7,0,0.5415,1,33;0,3,0.1145,0,142;0,2,0.1755,1,83
ood_compose_epi-01423	2	3	1	39,42,211,176,88,61,64,93,131,75,137,69,21,148,160,11,163,87,31,162,4,106,213,175,123,153,18,167,141,116,189,47,117,100,52,150	3,1,0.5485,0,75;6,5,0.5095,2,71;3,3,0.0955,0,217;2,5,0.0885,0,102;3,0,0.9545,0,26;2,1,0.2255,0,204
ood_compose_epi-01424	0	3	2	100,155,151,134,84,15,116,66,54,127,69,109,136,45,178,141,208,177,213,196,28,35,21,60,215,148,193,20,80,164,117,41,176,4,95,92	3,5,0.9535,0,80;3,1,0.2805,0,143;5,2,0.5795,0,125;7,2,0.9445,2,119;3,3,0.8965,0,153;6,4,0.1435,0,68
ood_compose_epi-01425	1	0	2	85,194,37,7,170,178,98,141,117,145,15,135,41,67,172,69,112,159,139,181,19,185,27,157,128,21,197,45,92,181,109,75,151,95,58,51	6,5,0.6785,0,72;2,3,0.2805,0,78;2,0,0.7475,0,137;2,3,0.8355,2,76;1,3,0.0655,0,86;7,5,0.7515,0,88
ood_compose_epi-01426	9	3	0	120,66,205,193,144,93,148,156,134,140,21,10,92,198,212,149,56,31,5,106,198,40,167,212,60,69,169,165,113,45,78,34,83,17,99,123	4,0,0.2715,0,127;6,0,0.1495,0,208;7,2,0.4395,0,138;5,1,0.9555,0,178;2,0,0.3765,3,36;2,4,0.9055,3,189
ood_compose_epi-01427	1	2	2	45,16,77,106,154,137,59,120,141,133,197,199,3,66,151,37,179,43,89,112,192,159,162,21,51,199,102,172,164,93,147,129,27,11,85,69	2,1,0.1335,0,112;2,3,0.6465,0,128;2,1,0.5205,0,206;4,3,0.2905,0,68;5,0,0.0815,3,101;8,3,0.2325,0,227
ood_compose_epi-01428	1	0	0	179,36,204,12,66,117,161,130,126,184,211,115,102,142,166,106,161,21,79,27,45,179,145,90,9,185,70,152,93,41,18,59,51,86,149,138	8,2,0.4685,0,188;2,2,0.2865,0,206;2,1,0.4235,1,55;6,4,0.5645,0,218;5,0,0.7155,0,207;5,0,0.4135,1,122
ood_compose_epi-01429	6	3	1	133,121,73,148,154,168,106,69,160,92,14,86,138,117,93,36,64,5,57,99,45,21,180,59,141,215,171,42,19,114,33,177,195,150,168,175	4,4,0.7565,0,37;8,2,0.4185,0,184;8,1,0.0045,0,134;0,4,0.8885,0,190;2,0,0.5635,0,189;0,3,0.4465,0,254
ood_compose_epi-01430	1	3	1	159,20,44,69,181,33,141,99,161,132,47,193,148,189,139,109,165,62,9,199,15,116,21,186,66,51,127,117,150,192,93,210,77,34,86,92	8,5,0.9195,0,161;8,0,0.8665,2,115;2,4,0.4665,0,250;4,4,0.8855,0,94;2,3,0.8765,0,20;6,2,0.6225,0,236
ood_compose_epi-01431	0	3	1	77,4,15,52,176,101,200,21,177,150,148,116,160,140,42,128,93,169,31,117,173,70,108,45,203,60,86,64,90,135,198,20,167,141,160,35	3,5,0.8955,0,123;6,1,0.4045,0,103;3,2,0.0655,1,165;4,4,0.4405,0,138;4,2,0.9045,0,254;7,5,0.8345,0,57
ood_compose_epi-01432	9	2	0	210,105,58,15,45,128,154,91,81,188,108,34,118,132,184,157,41,29,176,147,191,8,82,141,22,71,159,114,164,149,93,138,213,56,67,20	7,5,0.9395,1,122;4,0,0.2815,0,213;7,0,0.6105,2,72;8,0,0.6045,0,92;8,2,0.5535,1,235;7,2,0.4395,0,94
ood_compose_epi-01433	0	3	0	85,141,21,149,164,152,140,119,128,163,20,167,58,211,52,91,209,4,104,15,27,76,45,96,70,132,162,66,189,116,148,108,38,203,203,43	3,5,0.9085,0,113;2,4,0.7955,0,172;3,0,0.5445,1,169;3,3,0.7065,3,180;7,2,0.9485,2,202;7,2,0.9265,0,255
ood_compose_epi-01434	9	3	0	198,193,65,172,60,100,207,8,32,168,93,149,214,193,132,148,22,37,110,112,128,181,140,45,86,40,174,167,69,79,11,141,55,89,16,119	7,1,0.1695,1,132;7,3,0.0635,0,82;6,2,0.2835,0,140;6,4,0.3325,0,150;3,4,0.0735,2,54;7,2,0.9545,0,204
ood_compose_epi-01435	1	0	2	93,179,168,195,141,42,179,151,17,145,188,1,188,138,213,182,99,117,188,130,66,35,183,69,125,115,21,83,10,60,79,55,47,88,27,109	0,0,0.3835,0,87;2,1,0.5375,2,24;6,2,0.5005,0,125;6,1,0.0085,0,66;2,3,0.7155,0,11;4,0,0.5145,0,7
ood_compose_epi-01436	10	2	1	117,157,29,78,94,16,141,39,45,178,102,106,51,163,147,43,71,181,157,6,123,115,85,130,62,150,136,21,183,90,207,200,10,64,167,204	5,0,0.0505,0,84;4,5,0.7595,0,42;2,4,0.1455,2,101;5,3,0.5105,1,34;5,0,0.6745,0,116;2,0,0.1865,0,132
ood_compose_epi-01437	6	2	2	91,147,132,159,108,69,140,73,116,101,122,15,87,21,49,196,45,58,153,18,66,41,157,93,25,141,215,204,1,151,200,189,117,164,39,152	0,5,0.5465,0,125;0,5,0.2115,0,27;0,0,0.4725,0,109;0,5,0.6175,0,189;4,2,0.9315,0,250;1,2,0.8485,0,45
ood_compose_epi-01438	10	1	2	142,137,44,151,215,59,210,7,214,117,89,113,192,72,64,209,96,134,124,155,180,29,12,83,45,81,146,181,21,181,20,110,36,183,101,53	6,2,0.9285,0,110;4,2,0.8755,0,139;4,1,0.0185,3,184;8,1,0.3315,3,139;4,4,0.2785,0,169;3,4,0.2575,1,26
ood_compose_epi-01439	3	0	2	86,35,131,77,138,93,66,181,111,44,190,166,160,15,170,20,69,21,215,211,124,91,117,191,141,56,173,4,32,99,151,113,45,59,145,191	3,5,0.9915,0,5;7,1,0.8335,0,149;7,1,0.5385,0,206;4,4,0.7675,0,175;2,5,0.2175,0,54;3,1,0.4145,0,167
ood_compose_epi-01440	1	1	2	64,135,156,90,80,109,203,42,69,93,18,12,137,56,114,3,123,202,39,21,210,203,82,190,63,151,99,33,173,178,215,141,45,117,207,146	2,2,0.4455,0,11;8,5,0.5155,0,62;7,5,0.1865,0,114;7,0,0.4355,0,101;2,3,0.4975,0,217;2,5,0.2805,0,179
ood_compose_epi-01441	10	1	2	83,21,170,133,29,89,196,146,214,10,101,180,106,170,189,141,186,69,67,136,192,75,94,128,208,151,45,44,113,117,6,49,58,210,38,20	5,0,0.8135,0,130;4,4,0.9235,0,159;0,0,0.6515,0,76;2,1,0.3805,1,206;4,0,0.2795,0,169;7,3,0.0455,0,162
ood_compose_epi-01442	9	3	1	68,160,13,59,88,133,69,209,162,192,143,103,106,52,114,84,139,21,175,8,40,204,150,194,128,39,28,119,93,20,45,182,159,148,76,189	7,3,0.9295,0,25;3,5,0.1745,0,194;3,1,0.8475,0,198;3,2,0.1775,0,178;6,0,0.5185,2,105;7,3,0.6155,2,182
ood_compose_epi-01443	9	3	2	69,212,60,76,34,189,45,160,88,131,20,52,148,104,115,159,43,21,8,14,151,213,28,110,197,141,180,205,124,189,86,64,140,120,160,93	7,4,0.8595,0,244;3,0,0.6925,0,89;3,2,0.0165,0,169;3,4,0.1915,0,103;7,4,0.7545,3,117;3,1,0.9125,0,170
ood_compose_epi-01444	2	3	2	191,28,18,84,45,148,110,197,21,63,93,195,78,196,139,187,42,161,192,91,135,113,209,51,156,99,151,9,126,142,117,35,70,190,11,67	8,1,0.4045,0,139;3,1,0.5405,0,123;2,5,0.7235,1,121;5,2,0.6565,0,28;2,4,0.2105,0,42;5,5,0.7965,1,210
ood_compose_epi-01445	6	2	0	207,12,34,97,44,31,142,45,159,69,193,177,136,77,187,149,63,208,160,205,147,117,90,126,132,196,84,7,49,212,66,93,111,115,18,21	6,2,0.4665,0,233;6,0,0.8435,0,99;0,5,0.5855,0,232;4,2,0.5505,0,193;0,5,0.6485,0,13;5,2,0.1935,1,65
ood_compose_epi-01446	5	3	0	58,87,214,163,15,174,158,21,55,180,114,100,171,148,133,18,127,39,106,177,69,42,180,93,120,30,7,91,45,66,192,186,141,137,149,80	6,5,0.4495,0,100;5,5,0.4715,0,249;6,0,0.5345,0,252;7,5,0.6715,0,117;3,0,0.5935,3,145;6,3,0.2875,0,51
ood_compose_epi-01447	10	3	0	171,171,10,94,148,129,88,36,81,133,166,69,102,149,109,3,44,82,191,45,33,165,52,207,141,173,193,112,21,193,59,140,64,179,16,117	2,0,0.0855,0,143;8,2,0.9205,0,208;3,1,0.0475,0,136;8,0,0.0995,1,56;5,3,0.0975,0,20;8,3,0.9105,0,113
ood_compose_epi-01448	0	3	2	90,13,27,102,148,151,124,169,117,61,170,95,135,87,21,156,65,108,207,210,167,207,45,170,35,40,4,80,141,114,140,19,69,167,174,51	3,3,0.6355,0,243;2,1,0.0765,0,175;2,3,0.3165,0,231;7,5,0.4035,2,183;5,2,0.4025,0,134;3,5,0.8305,0,158
ood_compose_epi-01449	0	3	0	134,33,105,175,17,148,167,93,154,203,199,149,182,39,21,9,170,206,86,141,113,67,76,206,89,69,45,119,110,137,209,52,40,13,60,128	8,3,0.2965,0,178;8,5,0.0045,0,103;3,2,0.7705,0,214;3,4,0.3485,0,15;8,4,0.2575,2,69;7,4,0.3395,0,67
ood_compose_epi-01450	1	2	2	137,117,27,105,203,110,206,213,175,84,89,151,123,167,198,16,45,73,112,68,12,61,93,181,3,194,200,42,204,21,51,147,141,132,69,38	2,2,0.0855,0,99;2,4,0.4545,0,39;2,3,0.9435,0,28;0,2,0.3845,0,164;8,4,0.0585,0,122;2,2,0.2045,0,33
ood_compose_epi-01451	3	0	0	109,204,35,160,187,145,10,121,161,99,176,28,143,4,91,62,45,130,16,57,76,149,23,64,193,69,114,93,41,210,158,117,174,209,137,85	3,0,0.1225,2,175;3,1,0.2675,0,44;8,4,0.0395,0,231;3,3,0.6955,0,239;2,3,0.5065,0,22;0,0,0.2235,2,69
ood_compose_epi-01452	1	3	1	165,160,61,99,45,27,113,198,150,51,67,175,36,92,187,200,86,141,131,148,6,140,75,117,43,186,188,93,10,18,126,21,110,209,173,69	5,0,0.4565,0,91;2,2,0.6445,0,114;2,3,0.6445,0,63;2,4,0.9085,0,163;2,4,0.3825,0,56;5,1,0.9985,0,213
ood_compose_epi-01453	7	2	1	213,160,69,67,110,21,103,26,131,172,2,142,166,204,160,90,82,147,93,112,166,129,36,14,214,137,191,19,43,45,152,150,117,50,63,79	1,4,0.6475,0,109;1,2,0.7325,0,29;1,5,0.6035,0,7;6,0,0.4185,0,106;6,4,0.0145,0,222;8,1,0.2515,1,209
ood_compose_epi-01454	9	2	0	202,147,104,56,17,186,111,40,30,176,59,162,134,144,191,185,89,78,86,21,149,7,152,160,45,137,95,117,15,129,196,34,68,213,69,113	6,5,0.2505,0,24;5,0,0.1465,0,124;7,1,0.8435,0,238;5,4,0.3565,2,137;7,5,0.2005,0,251;8,4,0.2345,3,85
ood_compose_epi-01455	10	1	2	112,124,45,12,172,215,146,190,37,52,29,117,209,64,4,213,139,69,111,44,61,95,206,79,17,90,21,151,141,131,195,97,208,185,183,82	3,2,0.3935,0,23;4,3,0.9225,0,20;3,3,0.1785,0,90;6,0,0.5595,2,20;0,5,0.0695,0,196;3,1,0.7845,0,29
ood_compose_epi-01456	10	0	1	77,168,145,66,210,105,6,88,168,69,200,172,21,82,117,202,45,126,191,29,150,114,10,130,38,53,205,108,141,59,209,136,182,20,44,93	5,0,0.9065,0,133;4,4,0.8745,0,160;4,1,0.5465,0,39;4,0,0.0685,0,118;8,2,0.4385,0,244;5,0,0.0825,0,237
ood_compose_epi-01457	10	2	1	54,198,139,64,125,13,20,5,91,85,166,35,99,158,45,21,207,117,194,93,181,147,59,131,41,169,112,190,179,109,29,70,150,160,75,141	4,3,0.8025,0,224;4,1,0.2815,0,5;5,1,0.0395,1,41;2,3,0.6395,0,174;2,3,0.0015,0,86;4,1,0.7995,0,10
ood_compose_epi-01458	8	0	1	145,169,198,117,150,93,196,67,140,36,21,14,45,191,134,30,79,110,89,69,174,62,126,141,170,202,87,16,179,8,161,168,115,102,40,54	7,4,0.0995,0,237;5,2,0.0655,0,39;5,4,0.6735,0,161;6,5,0.2495,0,229;5,4,0.6035,0,148;5,4,0.9525,0,116
ood_compose_epi-01459	4	1	2	133,11,189,36,67,115,4,31,21,151,117,171,89,79,71,185,162,100,144,161,189,45,191,121,83,61,168,139,18,42,57,173,146,158,111,93	3,1,0.5035,0,39;6,2,0.5075,0,2;8,3,0.7285,2,197;6,1,0.3315,0,76;3,5,0.7205,0,73;0,3,0.7085,3,197
ood_compose_epi-01460	4	1	1	146,76,167,92,176,68,185,52,141,8,93,115,28,124,198,109,61,178,172,162,185,45,132,118,150,35,69,21,100,156,43,213,84,14,16,140	7,4,0.0395,0,24;3,1,0.6925,0,121;3,3,0.9665,0,222;3,2,0.8275,0,143;3,3,0.7595,1,36;3,2,0.8675,0,129
ood_compose_epi-01461	4	1	2	69,212,135,52,137,121,39,80,163,196,146,16,63,116,105,45,89,64,155,163,208,96,12,8,141,82,192,21,111,28,151,187,203,117,203,42	7,2,0.1315,0,16;3,5,0.5805,0,238;3,5,0.0145,0,107;7,0,0.3435,3,141;8,5,0.9765,0,219;0,5,0.2025,0,128
ood_compose_epi-01462	1	1	1	153,177,177,17,141,169,88,37,44,139,201,163,212,112,69,15,167,150,83,99,76,27,46,131,93,21,51,123,117,61,146,157,6,68,214,108	5,5,0.2575,0,132;2,3,0.8615,1,182;2,3,0.8575,0,145;3,1,0.0285,0,168;2,2,0.1885,0,217;2,1,0.7095,0,112
ood_compose_epi-01463	9	0	0	98,44,32,128,35,193,153,117,115,161,66,45,12,2,170,145,159,141,140,212,86,161,80,131,149,109,18,21,188,177,91,62,55,69,93,155	1,2,0.5445,0,129;7,1,0.9835,0,54;6,4,0.5055,0,98;7,4,0.6985,0,44;1,3,0.7185,0,199;7,1,0.9315,0,101
ood_compose_epi-01464	7	0	0	56,59,185,111,166,141,189,19,39,149,130,198,121,190,145,98,187,117,2,93,25,90,137,69,192,13,68,21,176,87,81,41,171,177,115,45	1,3,0.6095,0,160;0,5,0.3135,0,212;7,1,0.9015,0,128;8,5,0.4205,0,110;1,5,0.7195,0,77;0,0,0.2125,0,154
ood_compose_epi-01465	1	3	2	113,31,4,93,13,215,148,124,117,97,198,214,137,179,182,34,85,21,182,52,17,58,196,92,151,75,110,45,170,41,64,174,69,178,142,135	3,3,0.3935,0,139;6,0,0.3435,0,220;3,0,0.1425,0,122;2,3,0.9395,0,172;0,4,0.3725,0,246;3,5,0.2475,1,65
ood_compose_epi-01466	10	0	2	197,59,84,34,204,100,69,151,50,139,65,171,20,125,145,23,135,141,202,197,92,14,117,178,47,93,192,79,107,26,165,4,174,191,44,113	3,4,0.8035,2,219;1,0,0.9005,2,57;1,1,0.3385,0,189;6,2,0.9435,0,223;3,1,0.2355,0,133;4,5,0.7375,0,159
ood_compose_epi-01467	8	3	0	173,60,93,160,84,10,90,192,28,126,198,17,102,176,159,37,45,49,109,24,213,148,149,66,130,5,141,153,154,177,78,69,117,138,114,42	4,0,0.3435,3,114;3,3,0.4345,0,190;0,2,0.4445,0,49;5,2,0.5875,0,183;5,3,0.5265,0,125;5,0,0.5775,0,179
ood_compose_epi-01468	10	2	1	38,112,206,139,69,129,93,150,117,171,109,147,43,134,203,90,78,57,167,3,175,83,60,160,29,170,15,16,66,169,215,177,24,141,105,45	2,5,0.0175,3,60;4,4,0.7305,0,30;8,2,0.4225,0,108;5,1,0.4105,0,214;8,3,0.0565,0,82;8,4,0.7005,0,211
ood_compose_epi-01469	5	2	0	149,147,69,31,167,156,161,191,13,165,110,39,103,60,155,56,209,121,141,117,83,90,7,48,93,19,79,21,40,65,112,139,193,158,135,185	6,3,0.6875,0,248;6,5,0.1065,3,40;7,2,0.3185,0,85;6,1,0.4295,0,241;6,4,0.1715,0,201;0,5,0.7605,0,51
ood_compose_epi-01470	10	3	1	21,148,93,168,82,29,106,167,64,49,130,205,212,14,202,160,168,113,150,89,207,20,117,40,39,207,58,5,128,45,137,155,141,69,101,73	4,4,0.8735,0,106;4,5,0.1675,0,37;0,0,0.0035,0,104;0,0,0.2465,0,221;4,0,0.2875,0,251;7,0,0.2225,0,27
ood_compose_epi-01471	4	1	1	52,200,134,141,93,140,65,178,19,181,45,28,76,161,14,86,39,115,201,97,164,194,150,122,43,111,21,2,163,90,173,146,182,117,62,69	1,4,0.7185,0,93;3,5,0.7525,0,174;3,4,0.3805,0,184;3,4,0.5935,0,172;0,5,0.7945,0,26;1,4,0.8155,0,142
ood_compose_epi-01472	8	2	1	180,132,106,173,78,167,175,214,150,93,123,143,70,16,24,137,117,84,185,30,57,92,102,194,15,174,182,45,44,5,116,68,177,61,39,147	4,5,0.0015,3,212;5,5,0.8525,0,41;8,3,0.8955,1,36;5,2,0.9635,0,105;5,0,0.9775,0,103;2,2,0.2495,2,187
ood_compose_epi-01473	1	1	1	74,83,155,64,185,116,122,181,44,150,204,59,39,89,99,31,110,21,117,168,138,141,185,146,94,55,130,201,195,17,45,208,69,15,185,1	0,5,0.3695,0,75;6,5,0.9425,0,67;6,1,0.0745,0,181;1,1,0.3415,1,54;2,4,0.8775,0,46;1,0,0.4535,0,93
ood_compose_epi-01474	5	1	1	111,113,79,150,175,192,49,134,121,69,181,136,160,152,103,141,200,212,90,37,21,12,59,46,65,41,198,85,25,16,93,194,146,117,2,193	1,2,0.0015,0,198;0,3,0.3675,1,104;0,1,0.2545,0,81;6,3,0.4535,0,124;6,5,0.2485,0,86;0,4,0.1725,0,12
ood_compose_epi-01475	5	0	0	88,171,149,61,156,158,190,160,117,79,145,210,178,11,178,38,93,102,134,69,106,55,24,84,141,113,158,136,185,3,16,40,31,45,66,122	2,1,0.0725,3,222;6,4,0.1445,0,164;6,3,0.4985,0,242;6,2,0.1875,0,145;5,0,0.3655,0,63;1,4,0.0745,0,97
ood_compose_epi-01476	2	1	1	34,179,93,75,44,131,210,150,98,117,47,128,165,136,68,49,69,58,146,21,108,168,115,82,201,32,212,89,201,167,162,9,215,20,12,141	8,2,0.9335,0,130;7,0,0.8185,2,155;0,0,0.9295,0,77;2,0,0.3845,0,185;1,2,0.7515,0,125;7,1,0.0165,0,1
ood_compose_epi-01477	2	2	2	191,29,182,139,93,82,69,118,48,66,91,151,183,12,205,21,50,127,158,3,183,141,132,101,209,40,36,208,201,112,109,207,58,19,78,147	2,2,0.7545,0,212;4,2,0.1515,3,98;1,0,0.4965,0,173;5,0,0.7045,0,159;4,3,0.1085,1,208;6,2,0.7075,0,64
ood_compose_epi-01478	4	1	2	38,12,85,28,45,91,69,166,152,44,146,4,51,20,65,99,178,159,151,115,93,202,58,117,123,206,179,75,21,192,200,111,144,131,156,136	3,2,0.9015,0,150;3,4,0.8045,0,217;2,0,0.2695,0,13;2,3,0.6415,0,235;2,5,0.7395,0,74;2,1,0.0355,3,203
ood_compose_epi-01479	7	1	1	186,90,212,38,26,45,160,12,141,150,2,43,179,22,182,168,17,122,132,62,183,74,111,114,82,146,68,117,95,211,186,71,190,139,102,54	1,2,0.2435,1,179;1,4,0.6975,0,146;5,4,0.8625,2,202;1,0,0.5555,2,44;5,5,0.5425,0,204;1,2,0.7265,0,205
ood_compose_epi-01480	5	2	0	93,77,127,111,174,21,33,133,188,159,65,55,15,41,186,113,45,200,149,187,211,117,7,92,103,59,37,166,171,141,147,183,18,83,69,137	6,5,0.5515,0,242;8,3,0.2195,0,194;6,1,0.3035,0,229;4,1,0.8505,0,210;6,5,0.2655,0,36;6,3,0.2565,0,82
ood_compose_epi-01481	1	3	2	151,87,195,20,204,29,174,141,190,163,67,132,184,50,186,37,182,60,112,45,75,101,154,126,202,91,117,106,69,136,41,148,15,93,23,3	2,5,0.9065,2,144;4,3,0.2335,0,95;1,2,0.7515,0,37;2,5,0.6085,0,33;4,0,0.0295,0,98;5,2,0.0975,0,169
ood_compose_epi-01482	2	1	0	119,125,84,139,70,97,81,53,21,93,176,44,181,208,10,162,36,45,141,19,66,195,170,186,146,63,116,149,131,155,6,91,177,106,170,28	5,0,0.7115,0,184;3,2,0.9275,0,84;4,5,0.5355,1,155;8,2,0.7545,0,156;0,0,0.9745,2,211;4,1,0.7215,0,45
ood_compose_epi-01483	0	3	2	69,202,3,132,38,92,117,205,100,13,21,68,52,26,43,106,76,84,192,60,139,162,161,212,20,148,160,151,184,209,185,141,46,124,93,115	2,3,0.9815,0,103;1,4,0.6565,1,155;3,2,0.9755,0,31;3,2,0.8495,0,6;3,0,0.7515,0,178;3,2,0.6735,0,37
ood_compose_epi-01484	1	2	2	210,183,93,131,151,99,117,69,141,29,187,122,21,110,85,46,165,140,170,18,62,75,112,157,208,34,68,1,49,92,179,156,10,42,155,147	0,0,0.5335,0,186;4,0,0.5405,1,159;0,4,0.8075,0,107;2,3,0.9495,0,245;2,4,0.1015,0,97;1,1,0.9455,0,106
ood_compose_epi-01485	1	3	1	52,3,123,75,178,66,202,93,38,210,202,206,116,69,182,150,141,117,106,48,41,92,196,184,207,61,133,87,100,18,27,214,148,12,21,140	2,2,0.4195,0,189;2,4,0.3665,3,208;3,3,0.5855,0,183;2,5,0.8455,0,149;3,0,0.8785,0,215;2,3,0.8255,0,120
ood_compose_epi-01486	9	0	0	45,57,149,4,108,11,117,195,84,21,115,203,95,179,134,188,145,35,28,69,172,59,42,64,17,88,128,196,141,160,101,140,196,75,161,186	3,1,0.3815,0,205;3,1,0.5385,0,179;8,1,0.0245,0,43;2,2,0.0055,2,201;4,2,0.7035,0,165;7,4,0.8285,0,97
ood_compose_epi-01487	10	2	2	85,193,109,169,151,60,136,93,190,153,117,65,162,35,207,141,45,114,213,33,71,5,103,147,13,49,20,41,75,127,90,214,167,132,21,215	4,3,0.8375,0,58;8,1,0.2635,0,238;0,2,0.3035,2,31;2,3,0.4765,0,101;6,3,0.5185,0,31;6,2,0.1505,0,100
ood_compose_epi-01488	8	3	1	200,141,106,26,61,66,150,211,159,152,148,203,135,15,51,97,6,118,82,43,69,125,45,21,93,38,179,155,136,88,211,74,112,212,196,18	5,5,0.5595,0,78;1,4,0.7855,0,163;2,3,0.5285,0,137;1,0,0.0665,0,115;0,0,0.0925,1,176;4,5,0.1945,0,124
ood_compose_epi-01489	2	0	0	24,187,108,143,17,128,117,113,96,49,44,29,4,35,196,85,58,69,130,180,45,136,75,178,166,186,104,92,149,185,65,145,11,176,159,206	3,1,0.2075,3,141;4,1,0.9575,0,0;0,0,0.2065,0,85;2,3,0.8935,3,22;7,2,0.3455,0,212;7,0,0.0945,2,26
ood_compose_epi-01490	2	1	0	195,84,69,149,205,132,215,35,16,160,126,182,91,137,103,21,6,166,52,28,40,115,202,175,146,93,64,106,142,59,74,10,45,180,187,117	5,0,0.1105,0,8;3,1,0.0855,0,26;3,1,0.1845,0,99;1,2,0.6695,0,112;6,0,0.6375,0,146;5,2,0.2815,1,67
ood_compose_epi-01491	10	2	2	177,38,123,200,62,65,141,21,19,137,184,29,93,12,115,147,117,191,77,176,53,44,99,186,86,172,164,193,151,45,90,6,158,134,111,69	5,2,0.7415,0,25;4,4,0.8355,0,240;4,4,0.2675,0,42;4,4,0.4465,0,69;2,5,0.7585,0,238;2,4,0.2915,0,10
ood_compose_epi-01492	9	2	1	188,166,159,110,135,49,181,42,69,15,116,8,104,89,167,93,74,141,162,19,182,59,186,122,170,45,119,150,26,82,199,64,21,36,139,147	7,5,0.6675,0,232;1,2,0.5155,0,176;0,1,0.1855,0,105;1,0,0.2035,0,138;7,4,0.9795,2,72;1,5,0.7145,0,23
ood_compose_epi-01493	7	3	2	138,37,19,204,59,158,178,68,86,114,135,69,11,93,168,3,51,153,41,73,148,107,117,21,122,206,27,183,191,91,45,151,105,141,153,160	2,1,0.6315,0,82;2,3,0.2585,0,223;2,1,0.8165,0,254;0,4,0.7135,0,202;8,1,0.5165,0,60;1,5,0.5735,0,12
ood_compose_epi-01494	1	2	0	10,175,65,69,171,149,93,153,116,136,91,210,185,43,99,193,22,198,134,7,183,121,109,29,82,62,198,20,45,74,147,34,210,141,55,117	6,0,0.8105,1,164;4,0,0.7715,0,239;6,4,0.2285,0,104;1,0,0.7495,0,164;2,3,0.9045,0,77;0,4,0.0055,0,165
ood_compose_epi-01495	3	0	2	9,169,45,16,160,115,208,201,145,29,111,34,195,76,91,206,68,59,69,22,100,172,93,138,131,13,211,141,173,124,151,84,206,42,117,53	8,3,0.0685,1,4;4,0,0.4085,0,157;4,1,0.9705,0,109;3,2,0.7135,0,196;3,5,0.7145,0,173;3,1,0.4105,0,238
ood_compose_epi-01496	3	0	1	43,169,190,145,187,51,58,64,170,209,133,69,110,75,45,138,92,84,165,93,182,3,160,124,206,21,201,116,18,150,14,37,27,100,141,117	2,4,0.4495,0,154;2,3,0.7985,0,39;2,0,0.0045,0,58;2,2,0.8345,0,78;3,4,0.8465,0,236;3,3,0.4815,0,89
ood_compose_epi-01497	7	2	0	45,117,93,149,106,79,112,88,121,156,42,15,32,83,209,69,169,142,105,21,165,67,147,61,200,205,202,133,181,17,168,1,136,34,50,214	0,5,0.3855,0,96;7,0,0.5865,0,225;1,3,0.7935,0,128;6,1,0.1325,0,5;8,0,0.0685,0,66;0,3,0.0735,1,209
ood_compose_epi-01498	9	1	1	122,96,150,108,32,64,35,146,144,138,75,188,204,155,2,209,18,98,214,114,117,88,45,23,173,207,52,174,58,44,161,69,192,85,14,133	1,4,0.5475,2,188;7,1,0.8045,0,0;3,0,0.1555,0,248;2,3,0.0715,3,22;1,2,0.4995,0,243;1,3,0.5795,3,18
ood_compose_epi-01499	6	1	2	97,137,25,121,68,207,71,90,161,86,10,203,3,73,170,59,45,117,21,18,151,44,212,204,110,114,164,39,173,146,192,49,96,173,131,141	2,0,0.5465,0,48;0,5,0.8045,0,6;0,1,0.9205,2,8;0,4,0.4765,3,155;0,4,0.5415,0,238;0,1,0.2105,0,222
ood_compose_epi-01500	7	2	2	45,199,69,156,141,147,91,193,168,18,27,195,65,112,107,132,74,153,55,160,122,61,42,93,83,137,117,97,167,195,34,13,153,3,151,24	2,3,0.5895,3,34;2,0,0.4995,0,163;6,3,0.3985,0,156;1,1,0.6765,0,178;0,1,0.1545,0,146;1,2,0.2105,0,209
ood_compose_epi-01501	9	1	0	110,43,163,178,104,201,159,168,165,146,125,56,90,21,139,60,132,46,84,19,36,93,204,80,11,64,117,172,187,115,201,69,32,141,149,9	8,1,0.6635,0,122;7,2,0.7605,1,25;7,2,0.0035,0,250;7,2,0.5875,0,167;7,4,0.7165,0,9;4,2,0.7425,0,187
ood_compose_epi-01502	1	1	0	21,146,141,82,121,205,93,11,43,45,111,68,153,5,166,60,103,205,69,149,165,51,39,112,172,184,156,77,17,27,92,135,214,139,171,117	4,1,0.3225,0,236;2,5,0.6965,0,167;2,2,0.8065,0,173;4,0,0.8405,0,123;6,5,0.1575,0,217;0,5,0.7545,0,80
ood_compose_epi-01503	1	2	0	213,208,97,92,51,21,171,186,35,93,177,64,83,27,17,69,43,141,112,111,133,173,45,139,149,161,1,63,117,147,123,166,75,14,208,205	0,4,0.2445,0,190;2,1,0.6015,0,57;2,5,0.0395,0,12;2,1,0.9295,0,16;0,5,0.0415,0,128;2,3,0.7415,0,129
ood_compose_epi-01504	6	1	1	174,150,140,126,1,69,92,198,99,34,144,21,113,27,65,40,209,199,93,190,13,48,159,111,168,177,117,58,133,146,49,87,73,20,161,190	0,3,0.8995,0,223;2,0,0.1095,3,7;0,0,0.2755,0,77;0,5,0.8225,0,38;2,5,0.3255,0,21;5,3,0.9595,3,205
ood_compose_epi-01505	6	2	0	176,115,197,44,96,21,157,147,202,117,17,159,109,149,53,32,209,135,138,173,87,69,89,48,184,8,81,97,59,125,141,202,39,68,12,164	7,2,0.3785,0,5;7,5,0.8505,3,189;4,1,0.8505,0,159;8,5,0.2165,3,7;0,3,0.6915,0,235;4,5,0.4585,0,228
ood_compose_epi-01506	0	3	2	151,16,45,108,187,135,44,205,35,204,205,193,117,148,89,62,22,215,138,4,141,100,124,114,178,96,201,67,28,176,79,208,82,14,69,49	3,4,0.0395,1,96;3,1,0.9635,0,85;0,4,0.7995,0,51;6,0,0.3355,3,134;3,2,0.4665,0,159;3,5,0.4495,0,173
ood_compose_epi-01507	1	3	1	96,157,3,43,51,15,21,207,17,61,45,31,80,98,148,156,144,126,183,91,167,203,157,150,69,138,208,180,155,113,132,117,34,106,67,84	2,5,0.3005,0,70;6,0,0.7495,0,230;2,3,0.6585,0,186;7,2,0.7265,3,231;1,0,0.3565,0,130;5,2,0.5585,3,23
ood_compose_epi-01508	2	0	0	203,50,59,131,65,84,44,19,215,206,45,74,121,90,69,145,117,93,105,177,202,10,112,200,109,149,1,141,27,184,184,34,138,211,155,21	0,0,0.7365,0,158;2,0,0.8775,0,210;1,1,0.2715,0,218;1,2,0.5015,0,43;8,3,0.0635,0,54;0,1,0.4125,0,107
ood_compose_epi-01509	0	3	1	160,181,193,174,39,28,19,21,93,43,176,5,192,14,61,100,184,107,137,117,83,76,64,209,124,150,135,176,148,45,162,69,112,141,52,90	4,4,0.7505,0,194;3,5,0.6065,0,123;3,3,0.0775,0,213;3,1,0.5905,0,218;3,1,0.1065,0,16;3,5,0.2095,0,124
ood_compose_epi-01510	9	3	2	66,21,214,116,36,99,206,122,62,8,19,69,83,164,148,110,152,45,10,205,202,33,79,200,154,141,96,140,90,151,166,132,189,43,117,56	7,0,0.7695,0,4;8,2,0.7615,0,24;7,4,0.5035,0,100;6,1,0.4705,3,232;2,4,0.9925,0,39;1,2,0.8035,0,228
ood_compose_epi-01511	10	1	0	157,153,83,164,9,21,96,58,98,19,77,131,141,155,149,153,187,71,213,45,40,118,123,160,113,34,91,13,67,175,146,51,185,140,106,27	8,3,0.7965,0,129;2,0,0.0925,0,247;2,0,0.6625,2,109;4,1,0.7085,3,126;1,0,0.2995,1,6;2,1,0.8745,0,175
ood_compose_epi-01512	4	1	2	127,130,62,45,144,210,207,214,93,21,53,76,64,152,69,43,200,18,5,139,151,215,33,37,118,146,171,198,107,87,12,193,113,101,90,167	4,2,0.5085,0,223;8,3,0.6755,0,225;4,4,0.1435,0,250;3,5,0.4015,0,47;4,1,0.3735,1,185;6,0,0.6535,3,156
ood_compose_epi-01513	9	3	1	103,148,128,81,8,107,87,35,19,33,115,67,189,185,42,141,135,155,61,172,157,138,89,206,204,51,120,45,11,21,93,160,158,173,150,69	7,1,0.6805,0,181;8,1,0.4965,0,143;2,3,0.7855,0,92;8,5,0.3055,0,217;6,1,0.7225,3,224;7,5,0.5575,0,34
ood_compose_epi-01514	2	0	1	109,132,21,201,36,44,69,150,114,140,52,208,10,166,117,19,141,93,214,6,92,206,45,160,84,157,78,188,100,126,145,62,27,67,168,165	5,0,0.6335,0,125;2,2,0.9925,0,179;3,4,0.7965,0,0;5,2,0.8135,0,85;3,3,0.5695,0,122;5,2,0.9835,0,73
ood_compose_epi-01515	10	2	2	173,151,21,17,215,140,93,132,83,141,37,51,117,173,209,43,125,104,45,91,213,75,13,147,65,208,179,69,61,115,29,152,111,213,7,171	6,3,0.2615,0,242;4,3,0.6465,0,78;2,3,0.3275,0,168;2,1,0.7365,0,214;7,5,0.7955,0,37;4,2,0.8465,0,93
ood_compose_epi-01516	6	1	1	37,183,141,70,15,122,88,95,67,189,146,85,61,41,1,150,179,25,49,98,73,136,187,154,45,208,111,169,158,211,17,21,131,113,163,117	0,5,0.2045,0,21;0,3,0.3175,0,57;0,3,0.7985,1,202;0,3,0.1035,2,110;1,5,0.2895,0,178;1,1,0.0285,0,245
ood_compose_epi-01517	1	3	0	184,93,176,177,111,46,213,148,81,35,91,135,117,180,113,27,85,152,159,69,44,99,141,51,10,4,140,123,59,157,68,21,155,154,16,149	3,0,0.0375,0,42;2,1,0.8035,1,100;2,1,0.8115,0,40;8,3,0.7795,0,111;2,5,0.2395,0,199;2,5,0.8855,0,69
ood_compose_epi-01518	5	2	2	39,69,127,115,189,159,79,31,93,21,187,63,212,43,141,209,67,210,45,206,87,108,138,7,12,19,181,98,165,131,89,147,117,151,215,55	6,2,0.6505,0,131;6,5,0.7715,0,92;6,5,0.6535,0,91;6,5,0.3515,0,98;1,2,0.6415,0,98;6,1,0.5525,0,247
ood_compose_epi-01519	1	0	1	137,21,116,205,165,45,135,211,176,29,207,65,99,160,117,34,145,127,209,18,41,82,10,90,108,4,51,164,150,201,93,69,141,62,158,77	3,0,0.4265,0,156;4,0,0.3095,0,109;2,4,0.3125,0,153;4,0,0.4255,0,237;2,2,0.8255,0,125;6,5,0.3065,0,152
ood_compose_epi-01520	6	3	1	110,97,196,96,197,165,82,67,29,150,206,61,115,117,148,49,141,155,121,165,136,88,183,8,14,167,69,160,45,73,170,42,38,130,17,21	7,4,0.3365,0,12;4,4,0.5325,0,245;0,3,0.6135,0,66;0,0,0.1295,3,18;0,4,0.6665,0,121;0,0,0.0275,0,154
ood_compose_epi-01521	1	3	1	3,87,175,70,190,150,116,99,148,92,93,143,108,168,136,42,38,188,194,61,65,163,29,215,178,133,123,75,211,117,17,52,12,180,45,21	2,2,0.2435,0,180;4,4,0.4495,0,163;3,3,0.2235,1,254;2,5,0.9495,0,42;2,2,0.8425,0,88;2,3,0.1605,2,200
ood_compose_epi-01522	3	0	1	117,114,178,38,124,69,89,28,215,157,49,93,165,82,183,66,21,145,140,141,198,76,4,40,210,45,197,109,63,105,150,17,158,133,190,14	3,4,0.3685,0,204;3,4,0.0725,0,8;0,5,0.5205,0,13;3,0,0.2015,0,177;8,3,0.5245,0,39;3,3,0.8375,0,37
ood_compose_epi-01523	5	3	0	116,52,93,204,187,141,87,71,191,148,188,74,190,191,21,135,27,127,149,117,91,183,181,45,103,15,7,138,65,36,186,17,59,109,44,180	6,5,0.3965,0,235;2,2,0.9965,0,205;3,1,0.3875,2,223;1,5,0.6895,0,233;6,3,0.9405,0,96;6,5,0.4115,0,175
ood_compose_epi-01524	4	1	1	203,45,117,41,66,89,2,141,182,146,28,163,136,93,37,109,164,19,175,50,81,99,159,205,11,131,122,205,150,113,24,87,153,160,69,61	1,1,0.6555,3,255;3,3,0.2215,0,188;1,3,0.4615,0,56;8,5,0.3095,0,116;2,3,0.2335,0,227;1,1,0.1265,0,43
ood_compose_epi-01525	8	1	2	73,114,136,69,38,144,121,211,63,93,102,19,117,66,45,164,146,180,42,180,197,173,21,106,190,27,151,88,54,12,212,130,197,4,87,185	3,2,0.6825,0,179;2,4,0.5665,0,20;5,5,0.5135,0,101;0,5,0.1695,0,221;5,0,0.5295,0,229;0,0,0.0005,3,122
ood_compose_epi-01526	6	2	2	38,151,77,53,208,41,1,204,112,104,157,93,85,135,110,21,195,203,92,63,117,121,194,141,69,29,20,147,165,162,155,66,137,14,48,152	0,4,0.8175,0,176;4,4,0.2615,3,103;4,5,0.4455,0,64;4,3,0.8715,0,90;7,4,0.0725,0,57;0,5,0.2295,0,56
ood_compose_epi-01527	1	2	1	110,37,140,159,51,44,170,69,18,176,123,199,150,84,141,192,174,27,14,93,21,79,60,8,167,103,147,195,117,114,68,132,45,166,91,189	7,4,0.5775,0,41;2,3,0.9365,0,77;2,2,0.8545,0,78;6,2,0.7875,0,102;6,4,0.5755,0,181;2,2,0.9375,0,123
ood_compose_epi-01528	0	3	0	34,25,117,158,103,84,211,13,74,20,206,137,45,64,215,61,180,141,93,148,44,176,123,160,110,197,4,149,90,21,69,54,116,208,157,131	3,3,0.8655,0,226;0,0,0.8615,0,209;5,3,0.0565,0,205;1,2,0.4605,0,153;6,4,0.9665,0,1;2,1,0.2215,0,202
ood_compose_epi-01529	5	2	2	45,82,93,209,204,55,165,99,34,141,59,89,31,177,79,65,24,41,117,69,177,138,179,201,155,135,19,147,157,127,201,106,11,151,3,116	2,1,0.6205,3,245;6,0,0.2375,0,103;6,1,0.3905,0,26;6,0,0.3015,0,174;2,0,0.9805,0,177;6,5,0.5095,0,36
ood_compose_epi-01530	8	3	2	4,199,90,117,200,83,180,151,208,43,111,177,27,93,141,23,64,35,76,200,176,139,104,112,53,12,195,69,62,163,148,19,126,174,135,45	3,2,0.7665,2,44;2,1,0.6175,0,146;4,4,0.1605,0,120;3,1,0.5965,0,158;7,5,0.0085,0,63;5,5,0.7855,0,223
ood_compose_epi-01531	10	0	1	130,108,145,12,92,21,150,211,195,121,2,186,25,43,69,204,112,57,80,66,63,82,19,117,167,35,95,210,154,162,199,163,98,45,139,141	1,2,0.6385,0,206;0,1,0.7815,0,250;8,5,0.4665,0,37;7,0,0.8875,2,253;1,2,0.0075,0,121;0,0,0.6135,0,112
ood_compose_epi-01532	8	3	1	211,21,61,82,93,19,15,66,136,150,195,107,118,44,116,186,92,148,128,211,163,102,203,132,181,78,143,2,38,152,177,69,54,179,45,27	1,5,0.6515,0,152;2,4,0.8845,0,10;5,3,0.4535,0,240;5,0,0.9225,0,171;5,1,0.8665,1,41;7,2,0.0655,2,47
ood_compose_epi-01533	8	2	2	123,58,178,141,184,133,8,93,147,54,45,30,87,185,180,114,179,78,195,66,106,10,117,191,104,20,88,21,43,39,136,161,154,151,69,192	7,0,0.8515,0,130;5,5,0.6375,0,38;5,0,0.4905,0,22;5,5,0.1305,0,34;7,0,0.4735,0,218;2,3,0.1165,0,214
ood_compose_epi-01534	1	1	0	6,86,64,208,45,131,21,117,95,212,166,62,141,75,99,27,156,149,18,140,207,172,200,181,10,69,109,146,213,41,54,129,204,92,39,113	5,0,0.5795,0,66;2,5,0.2535,0,98;5,4,0.1805,0,68;2,4,0.9055,2,127;2,3,0.3805,0,235;8,1,0.9935,0,31
ood_compose_epi-01535	3	0	1	96,182,187,124,190,17,188,45,115,152,117,145,66,36,43,23,50,26,139,175,70,91,150,60,108,104,11,170,8,141,135,85,210,73,185,198	7,1,0.3225,2,145;1,2,0.7555,0,229;1,2,0.5355,1,7;0,3,0.7035,3,83;7,2,0.7535,0,46;3,5,0.7615,0,226
ood_compose_epi-01536	1	0	2	35,134,61,119,205,90,110,153,65,194,141,151,15,200,86,145,44,4,17,178,104,168,116,199,205,125,57,69,21,45,182,155,27,93,75,139	3,5,0.2005,0,83;2,1,0.8915,0,91;8,3,0.3615,0,91;2,4,0.5285,0,173;7,4,0.9925,2,181;4,4,0.7165,0,3
ood_compose_epi-01537	3	0	0	139,196,190,142,185,55,68,100,15,86,200,77,189,152,18,213,23,46,93,26,149,125,37,117,131,113,69,213,44,192,91,111,59,2,145,209	1,5,0.4545,2,39;1,3,0.9625,1,194;6,1,0.8465,0,201;4,4,0.7965,0,209;3,5,0.3885,0,146;4,1,0.7725,1,40
ood_compose_epi-01538	7	2	2	151,208,162,34,116,105,162,50,181,174,17,205,69,74,159,209,1,117,32,96,132,123,44,188,88,138,60,21,106,191,82,47,67,143,13,147	0,3,0.3735,0,94;7,0,0.9455,2,82;1,2,0.6185,0,123;1,0,0.1315,3,6;8,0,0.9975,0,113;2,2,0.5555,2,150
ood_compose_epi-01539	2	1	1	22,214,141,16,91,197,131,198,198,53,180,37,155,205,109,150,93,77,84,28,204,182,13,113,125,59,175,45,43,69,117,140,99,5,146,67	4,3,0.1015,1,130;3,3,0.6645,0,201;4,1,0.7205,0,255;4,2,0.6015,0,148;2,3,0.2465,0,125;4,1,0.9565,0,28
ood_compose_epi-01540	6	2	1	91,107,39,94,85,195,135,97,2,167,121,200,197,141,45,150,64,137,12,74,147,167,16,69,51,152,164,115,205,40,60,21,157,195,25,117	1,2,0.0435,0,170;0,5,0.0095,0,153;2,2,0.0405,0,162;1,3,0.7195,1,26;0,1,0.6675,0,61;0,5,0.3885,0,100
ood_compose_epi-01541	1	2	0	42,137,179,147,13,180,61,36,149,141,133,181,194,187,105,2,69,75,26,21,163,116,182,85,122,68,20,188,117,46,176,51,106,158,93,92	1,3,0.8885,0,142;1,2,0.4945,1,19;2,3,0.9835,0,228;2,3,0.9375,0,97;8,0,0.9965,0,55;1,3,0.3105,0,105
ood_compose_epi-01542	3	0	1	160,141,11,179,195,139,192,94,145,69,41,52,4,178,83,18,79,103,37,27,150,88,45,21,120,212,114,135,197,63,127,211,167,67,107,203	3,1,0.5335,0,162;2,3,0.3425,0,249;3,5,0.6245,0,140;6,1,0.0685,1,114;6,1,0.5235,3,77;6,5,0.7645,0,217
ood_compose_epi-01543	1	3	2	75,19,159,58,194,69,117,98,54,93,11,7,215,43,109,205,113,21,39,201,138,191,148,141,154,84,27,92,151,130,196,45,163,68,125,173	6,1,0.6095,0,185;2,5,0.7305,0,71;5,0,0.8705,0,201;2,2,0.8645,0,71;1,3,0.2965,0,80;4,0,0.4285,0,19
ood_compose_epi-01544	6	2	2	171,110,171,139,23,116,121,45,151,89,51,86,117,199,61,164,18,97,188,73,41,11,141,132,176,153,1,35,69,174,31,95,147,66,194,161	0,1,0.5955,2,123;6,1,0.2095,0,143;2,3,0.5255,0,242;0,4,0.2305,2,137;0,4,0.8355,0,253;0,2,0.7865,0,141
ood_compose_epi-01545	1	1	0	169,92,163,162,62,146,115,69,163,19,107,101,134,141,93,155,210,51,138,27,64,159,22,12,42,149,152,37,5,125,158,178,45,117,75,87	4,2,0.6085,1,197;2,3,0.5945,0,254;2,4,0.0735,0,33;2,5,0.8135,0,99;4,1,0.6315,0,19;4,4,0.5805,0,147
ood_compose_epi-01546	9	1	2	45,146,2,69,17,208,156,179,201,151,90,126,76,38,93,139,141,186,26,56,67,83,106,208,173,14,155,117,21,114,102,134,209,61,181,42	1,4,0.3645,0,107;1,4,0.5055,0,239;7,3,0.6695,0,218;3,1,0.4805,0,146;5,0,0.4475,0,95;5,4,0.6915,0,230
ood_compose_epi-01547	6	3	1	155,187,124,183,152,90,141,138,178,21,192,208,58,93,205,7,87,158,148,105,45,116,118,150,73,19,11,111,65,39,33,42,72,57,132,157	6,1,0.7155,0,171;8,5,0.5965,0,46;8,0,0.2605,3,134;0,5,0.5145,0,186;8,5,0.9225,1,16;3,2,0.4815,0,131
ood_compose_epi-01548	3	0	0	154,45,117,202,106,50,149,145,38,93,43,141,74,171,23,113,178,134,28,11,84,123,105,17,66,69,92,58,158,210,4,139,172,210,174,153	3,1,0.3015,2,4;3,4,0.7945,0,207;1,0,0.5005,0,188;1,2,0.9825,0,75;8,0,0.2815,0,102;2,4,0.7485,0,9
ood_compose_epi-01549	1	3	1	140,200,88,6,167,103,45,142,83,116,107,166,37,13,21,154,44,150,148,58,186,17,118,67,93,80,215,184,71,183,123,27,166,180,131,56	5,3,0.2135,0,250;2,3,0.8895,0,226;7,0,0.6065,2,124;7,1,0.0325,0,53;6,1,0.8075,1,217;2,1,0.8935,1,255
ood_compose_epi-01550	10	0	0	45,210,18,175,38,62,128,100,74,202,145,91,43,186,166,112,4,117,168,209,141,149,21,198,29,109,136,69,11,162,132,84,64,52,166,95	3,1,0.4395,0,95;4,4,0.7655,0,104;3,4,0.1325,0,129;1,2,0.7065,2,157;3,3,0.0265,0,220;7,2,0.0185,0,66
ood_compose_epi-01551	6	2	0	44,16,149,152,163,93,53,10,39,67,186,158,114,21,138,62,25,85,189,141,196,147,2,91,178,111,69,134,105,73,127,204,159,45,117,192	1,0,0.0905,0,224;0,5,0.9235,0,141;4,4,0.7665,0,137;0,3,0.6075,0,45;8,5,0.4465,0,134;6,4,0.5995,0,233
ood_compose_epi-01552	5	3	2	118,90,69,83,212,94,166,176,45,19,13,57,41,58,78,66,161,151,205,7,27,148,159,152,143,116,127,131,136,37,21,175,97,107,214,211	6,3,0.6055,0,128;2,3,0.2555,0,189;8,0,0.5565,0,126;5,1,0.5925,1,178;0,1,0.9415,1,52;6,1,0.0735,2,44
ood_compose_epi-01553	3	0	1	204,82,150,11,175,62,100,213,145,178,26,69,139,21,45,117,44,93,108,4,163,66,204,208,76,163,135,19,177,112,175,52,91,34,141,124	3,1,0.7405,0,168;1,0,0.8415,0,42;3,4,0.5435,0,117;3,0,0.7795,0,252;3,2,0.1945,0,166;3,5,0.6275,0,191
ood_compose_epi-01554	2	0	1	114,45,15,169,42,143,9,74,158,90,66,165,33,145,105,51,93,84,117,200,187,150,69,125,17,157,106,171,58,181,34,153,21,158,133,140	8,5,0.2955,0,207;8,0,0.4685,0,109;2,0,0.4875,0,130;1,2,0.5105,0,53;8,0,0.5165,0,126;4,3,0.9405,2,214
ood_compose_epi-01555	3	0	1	79,133,113,21,214,202,153,154,11,69,141,42,111,52,3,20,27,203,200,45,129,139,188,100,60,117,182,93,194,36,145,83,91,161,150,67	2,1,0.8195,0,235;2,2,0.4775,0,107;3,2,0.6615,0,191;6,1,0.6605,0,68;3,5,0.2985,0,75;8,3,0.7085,0,212
ood_compose_epi-01556	1	3	0	204,21,164,131,213,73,159,165,42,19,31,148,137,69,49,59,99,88,45,121,64,114,141,110,117,1,93,85,39,175,192,13,149,198,204,186	0,3,0.6905,0,176;6,5,0.4175,0,113;0,1,0.1735,0,3;0,3,0.0115,0,189;2,4,0.4585,0,212;0,1,0.3135,0,30
ood_compose_epi-01557	1	2	1	21,152,99,45,191,109,117,114,176,213,202,215,12,150,64,56,1,178,176,192,43,89,126,75,93,69,135,214,37,31,147,82,19,62,144,139	0,2,0.7095,0,216;6,3,0.7935,0,130;7,4,0.0295,0,32;2,0,0.3965,0,52;2,3,0.5745,0,160;5,5,0.7585,3,115
ood_compose_epi-01558	9	3	1	173,62,26,1,210,130,80,159,138,208,21,188,117,46,68,150,128,148,43,36,15,19,202,163,194,116,88,83,111,186,56,93,141,69,180,104	0,5,0.6795,0,192;1,2,0.7255,1,219;7,4,0.9545,0,231;7,1,0.1375,0,60;7,5,0.9545,0,106;7,0,0.4765,0,10
ood_compose_epi-01559	0	3	0	153,162,152,76,13,132,117,43,194,62,127,113,69,107,103,21,149,45,148,214,25,93,86,187,35,141,64,17,199,90,3,152,187,170,52,140	2,3,0.3115,0,241;0,1,0.7015,0,149;3,4,0.1995,0,197;3,4,0.5725,0,159;6,1,0.2385,0,228;6,2,0.9795,0,2
ood_compose_epi-01560	7	2	1	69,187,45,140,90,17,141,117,15,50,181,134,156,93,21,26,187,169,86,66,7,150,108,179,114,156,147,193,122,161,79,44,36,156,105,61	6,5,0.3015,0,15;1,2,0.9955,0,140;1,3,0.4025,0,203;6,4,0.5015,0,4;8,2,0.5795,0,4;1,4,0.8665,0,30
ood_compose_epi-01561	1	1	2	102,182,152,184,140,198,92,65,113,119,141,27,95,62,55,21,159,151,109,74,84,146,3,45,199,185,19,69,37,159,164,134,10,123,43,171	2,0,0.6245,0,218;2,3,0.7575,0,228;6,4,0.2085,0,156;1,2,0.8275,2,103;5,3,0.2345,2,238;2,4,0.9905,0,151
ood_compose_epi-01562	5	3	1	28,156,211,148,150,43,134,79,21,191,167,208,165,205,192,91,93,13,117,20,99,136,106,45,2,174,39,141,113,87,66,177,125,55,69,62	1,3,0.8755,0,97;3,5,0.6425,0,143;6,4,0.4955,0,101;6,5,0.6265,0,106;2,0,0.3905,0,244;4,4,0.1595,0,77
ood_compose_epi-01563	1	0	0	143,149,123,69,117,170,172,181,197,51,132,45,16,196,97,30,93,140,40,169,170,39,10,85,154,61,67,9,112,145,191,111,91,74,21,164	8,0,0.0735,0,245;5,5,0.1215,0,243;2,3,0.7025,0,53;1,3,0.6275,0,79;0,5,0.1565,0,233;2,2,0.8195,2,21
ood_compose_epi-01564	1	0	2	151,115,134,12,68,102,212,145,58,189,158,20,45,117,123,183,51,3,182,27,92,187,69,82,157,40,186,21,80,106,140,203,38,182,93,141	2,2,0.9105,0,179;2,4,0.1815,0,21;2,0,0.8895,0,36;7,0,0.8815,0,85;5,0,0.7315,0,45;2,4,0.9865,0,202
ood_compose_epi-01565	2	1	0	133,204,115,69,197,21,143,2,84,204,172,117,149,186,19,127,61,65,199,192,45,215,137,212,100,89,28,12,53,41,146,76,37,96,162,108	1,2,0.7115,0,41;3,3,0.3385,0,222;4,3,0.2985,0,48;3,2,0.3145,3,2;3,2,0.7685,0,45;6,3,0.3165,2,63
ood_compose_epi-01566	6	0	1	117,93,89,168,123,45,25,69,73,21,140,214,111,62,133,116,199,159,150,141,197,13,44,35,49,212,211,67,205,190,202,145,84,1,17,97	0,3,0.2365,0,90;0,1,0.9235,0,94;0,4,0.6695,0,166;0,2,0.3525,0,29;0,5,0.8275,0,153;2,3,0.9985,0,32
ood_compose_epi-01567	10	2	2	99,9,167,13,93,153,61,147,154,69,33,125,144,172,37,65,107,182,195,156,44,117,45,51,21,187,164,133,80,140,151,82,18,92,115,173	8,3,0.5355,0,171;8,3,0.9815,0,183;2,3,0.3565,0,49;7,0,0.9005,0,147;2,1,0.7055,0,180;4,3,0.9865,3,239
ood_compose_epi-01568	10	1	0	146,60,92,53,82,29,18,154,113,81,198,179,45,34,155,211,110,94,136,149,21,101,44,65,14,69,5,129,144,181,189,130,153,155,117,211	4,4,0.4055,0,196;4,0,0.8495,0,234;4,2,0.3895,0,161;8,0,0.8395,1,71;4,4,0.3055,0,199;8,0,0.0665,3,9
ood_compose_epi-01569	10	1	1	36,11,41,215,141,93,29,172,86,206,66,117,21,77,211,20,192,5,124,45,208,52,114,140,92,146,61,174,150,168,110,201,132,69,101,178	4,1,0.9985,0,210;4,2,0.2495,0,133;3,3,0.5885,0,200;4,4,0.8875,0,15;4,4,0.5325,0,83;3,2,0.9465,0,89
ood_compose_epi-01570	5	3	2	93,117,41,166,148,127,69,36,59,20,151,181,78,14,159,116,173,197,140,194,111,152,103,158,31,89,21,195,54,141,82,45,3,210,65,131	2,4,0.9565,0,99;6,2,0.2345,0,254;5,1,0.3515,0,164;5,0,0.3505,0,32;6,5,0.9005,0,102;6,1,0.8285,0,127
ood_compose_epi-01571	9	1	0	149,165,58,73,47,146,39,93,117,19,134,167,64,88,128,26,204,194,56,12,173,180,84,138,8,108,161,190,98,44,190,21,112,69,141,173	7,2,0.6275,0,240;1,5,0.9285,2,183;7,0,0.0865,0,68;0,2,0.1365,0,243;1,2,0.0605,0,113;7,4,0.4445,0,78
ood_compose_epi-01572	0	3	1	152,4,88,206,21,150,44,170,117,76,188,93,45,194,52,155,148,116,195,59,124,67,111,163,158,69,100,11,37,139,156,19,28,87,142,132	3,1,0.7685,0,106;3,3,0.9325,0,36;3,1,0.7765,0,48;3,5,0.0375,0,201;3,5,0.9445,0,48;3,2,0.7285,1,191
ood_compose_epi-01573	5	3	1	83,18,115,67,150,212,21,131,69,137,154,63,42,189,183,127,91,38,11,55,76,205,193,156,143,117,28,172,96,214,148,205,45,4,111,103	3,1,0.5245,0,187;3,4,0.5715,0,169;6,5,0.6685,0,157;3,1,0.7955,3,108;6,5,0.6225,0,92;6,1,0.3875,2,29
ood_compose_epi-01574	10	3	0	209,45,57,122,116,44,21,156,117,149,35,5,203,148,110,11,18,213,164,69,61,171,97,33,141,133,159,77,171,93,86,92,136,65,215,163	4,1,0.4065,0,160;8,1,0.9865,0,84;8,3,0.2015,0,208;4,4,0.9725,0,206;0,4,0.9355,0,40;1,3,0.0165,0,17
ood_compose_epi-01575	4	1	1	162,169,46,83,99,193,133,13,204,34,58,174,3,43,202,93,56,91,111,76,193,197,21,117,69,137,16,150,176,27,146,112,123,143,181,64	2,3,0.0475,0,135;2,0,0.6295,1,113;7,0,0.0145,0,247;3,1,0.6695,0,48;2,5,0.0865,0,211;2,3,0.3525,2,172
ood_compose_epi-01576	10	0	1	51,214,209,91,166,141,42,208,117,180,131,11,69,61,29,77,65,113,110,84,164,176,137,162,201,18,150,101,21,93,45,39,122,179,145,5	4,1,0.4275,0,120;4,5,0.4315,0,58;2,3,0.2245,0,70;4,2,0.6375,0,73;4,4,0.3605,0,59;1,1,0.3925,0,26
ood_compose_epi-01577	4	1	1	95,70,100,146,37,45,141,63,92,170,159,169,153,68,123,44,51,21,180,186,207,181,27,111,199,10,82,20,150,163,117,3,80,114,137,135	2,0,0.9955,0,156;2,3,0.8035,0,201;2,5,0.8805,1,31;7,0,0.9855,2,91;3,5,0.5355,0,162;2,5,0.3465,0,56
ood_compose_epi-01578	3	0	1	177,166,117,28,17,124,115,141,4,184,41,55,197,15,200,93,185,45,100,163,69,194,64,74,21,82,131,215,204,89,35,59,150,145,139,110	3,5,0.3355,0,139;3,1,0.2695,0,228;6,1,0.0515,0,21;1,0,0.3945,0,105;3,4,0.6205,0,241;3,1,0.6575,0,186
ood_compose_epi-01579	1	0	1	213,150,59,197,28,194,123,96,41,184,66,103,205,133,21,117,145,49,36,90,45,109,11,71,7,141,115,19,187,82,138,73,162,199,188,203	6,1,0.7495,0,84;3,2,0.2355,0,163;0,1,0.4665,2,80;0,0,0.5605,3,173;6,3,0.6105,0,169;2,3,0.4685,0,185
ood_compose_epi-01580	0	3	0	89,148,114,202,93,149,52,202,164,3,105,41,28,130,20,71,158,59,39,106,137,117,172,198,158,21,141,76,170,67,13,85,124,167,45,196	2,3,0.8215,0,159;3,5,0.2795,0,160;3,1,0.7285,2,60;3,3,0.3125,0,214;8,0,0.4165,0,39;3,0,0.3635,0,116
ood_compose_epi-01581	8	2	2	16,125,192,62,45,1,147,87,140,153,21,37,51,166,151,26,102,193,69,158,117,93,130,166,143,14,198,91,116,73,176,205,41,64,210,109	0,4,0.1165,0,218;1,3,0.2745,0,49;2,4,0.0095,0,223;0,5,0.6655,0,202;5,3,0.8405,0,152;4,0,0.8515,2,102
ood_compose_epi-01582	6	0	2	61,112,47,92,69,183,28,41,169,52,85,39,151,126,141,181,21,13,209,168,110,65,185,165,97,145,164,73,1,130,138,18,205,177,117,93	0,3,0.5075,0,37;3,5,0.2405,2,59;3,3,0.3075,0,97;0,3,0.8455,0,12;0,4,0.1675,0,53;5,0,0.4195,0,1
ood_compose_epi-01583	9	0	0	111,118,207,215,23,181,204,164,183,145,75,167,69,19,141,138,2,93,184,11,164,62,68,36,113,86,45,128,92,26,135,149,98,175,50,43	1,1,0.6685,2,0;1,2,0.7935,0,117;1,4,0.8555,0,69;2,4,0.9545,0,18;1,5,0.2965,1,71;7,5,0.4145,0,226
ood_compose_epi-01584	3	0	2	88,28,14,21,112,117,195,215,44,212,67,80,93,8,164,202,133,193,173,104,35,173,151,106,52,20,141,45,162,145,127,140,202,62,83,69	7,4,0.9815,0,176;3,1,0.8715,0,238;3,4,0.7945,0,133;7,1,0.0075,0,37;7,0,0.1465,0,171;6,3,0.8055,0,117
ood_compose_epi-01585	9	2	0	175,198,45,163,189,112,43,183,93,37,103,90,1,141,21,11,32,188,211,140,79,72,196,109,147,65,87,63,149,125,17,117,49,192,166,133	0,1,0.2905,0,31;7,3,0.7865,0,53;0,5,0.2555,3,105;6,5,0.4825,0,184;6,3,0.1035,0,12;4,3,0.8665,0,162
ood_compose_epi-01586	10	2	2	123,116,93,202,51,151,97,92,165,172,59,35,194,71,14,66,138,206,117,27,41,195,152,185,45,19,141,5,147,77,21,131,154,186,108,85	4,4,0.7075,0,226;2,1,0.2025,0,38;2,1,0.4535,2,10;4,3,0.8895,0,206;0,2,0.9495,0,87;2,1,0.5355,0,37
ood_compose_epi-01587	6	2	0	46,35,107,18,159,136,132,155,161,160,117,172,97,25,93,173,75,14,60,44,69,53,91,82,141,210,21,202,5,68,127,149,114,203,147,197	4,4,0.4345,0,212;0,1,0.9935,1,62;4,2,0.9565,0,137;2,0,0.6705,0,175;0,1,0.4715,0,150;6,2,0.0195,0,129
ood_compose_epi-01588	8	1	2	38,59,41,15,180,184,24,153,102,159,87,106,203,151,117,116,89,138,213,46,69,188,126,67,187,56,2,78,32,131,141,146,204,16,188,93	1,5,0.0815,3,199;7,4,0.3205,1,175;7,1,0.6375,0,12;5,5,0.2735,0,26;5,0,0.8455,0,15;5,1,0.4175,0,27
ood_compose_epi-01589	1	1	1	88,105,178,58,215,21,161,183,45,36,17,189,192,150,5,196,66,155,69,156,123,133,146,96,13,139,55,115,182,117,79,106,42,141,31,86	4,3,0.2065,0,234;6,2,0.5125,0,253;6,0,0.5705,0,6;6,4,0.0435,3,153;8,0,0.7035,0,113;2,3,0.6475,0,160
ood_compose_epi-01590	5	0	0	173,206,168,7,59,161,145,78,116,156,69,15,86,51,196,160,176,209,20,96,65,31,89,136,103,173,134,43,141,123,117,45,111,149,24,39	6,5,0.9225,3,165;6,5,0.6295,0,78;2,1,0.3435,0,16;5,4,0.2705,3,203;6,5,0.8615,0,156;2,4,0.1485,0,208
ood_compose_epi-01591	1	1	0	152,111,146,184,188,17,21,85,122,169,98,3,139,167,75,213,13,52,157,141,31,69,117,212,38,179,149,130,41,92,96,115,45,179,61,65	2,3,0.2715,0,21;6,4,0.2805,0,239;3,3,0.2605,0,231;2,3,0.8775,3,212;1,5,0.6445,0,99;1,0,0.7865,0,168
ood_compose_epi-01592	6	2	2	136,25,151,12,7,147,160,45,157,116,49,170,215,92,20,106,73,102,188,87,195,36,67,131,21,61,191,121,199,71,141,93,43,206,202,117	6,2,0.9805,0,38;0,2,0.6505,0,130;0,3,0.7125,2,83;0,5,0.9815,0,53;5,0,0.9185,0,58;0,1,0.1275,0,88
ood_compose_epi-01593	3	0	2	69,43,130,101,28,13,66,89,145,124,63,52,152,21,151,117,87,17,200,93,45,139,169,208,106,112,6,187,176,35,141,78,161,188,213,157	5,3,0.2155,0,194;3,1,0.7975,0,98;3,5,0.4225,0,89;5,5,0.2915,0,45;4,0,0.1275,0,149;3,0,0.7495,0,229
ood_compose_epi-01594	5	1	2	36,76,44,152,69,84,106,165,116,93,7,142,165,185,118,61,146,45,15,89,171,167,55,211,166,21,151,133,208,180,99,67,136,20,27,127	6,5,0.8045,0,207;2,2,0.8115,0,122;6,3,0.6895,0,139;3,2,0.3045,0,146;2,0,0.8885,1,118;6,3,0.0125,1,124
ood_compose_epi-01595	10	1	1	192,115,156,125,77,45,63,101,134,157,11,117,141,139,207,53,191,204,18,82,28,189,146,64,21,189,91,150,199,36,5,69,107,93,44,165	4,1,0.4035,0,182;3,2,0.9485,0,155;4,5,0.1655,0,189;4,0,0.7435,0,34;4,1,0.7425,0,5;4,4,0.7995,0,13
ood_compose_epi-01596	5	0	0	44,184,123,111,36,47,75,130,117,192,172,184,69,89,67,196,116,12,1,26,145,207,143,186,19,82,149,136,21,103,200,198,189,56,61,93	0,2,0.7905,0,153;1,2,0.9755,2,153;7,3,0.7385,0,55;2,0,0.2765,0,133;6,5,0.9605,0,224;2,0,0.1705,2,4
ood_compose_epi-01597	6	1	2	43,151,38,11,211,75,198,141,25,66,20,45,53,186,62,210,169,156,117,208,113,110,89,208,8,104,139,152,69,82,130,213,128,146,21,93	7,1,0.8425,0,55;0,4,0.7275,0,167;4,4,0.5285,0,176;2,0,0.2145,0,222;7,4,0.3205,0,105;7,0,0.6035,0,248
ood_compose_epi-01598	10	0	0	139,145,39,211,88,57,149,45,155,33,173,105,82,3,14,107,134,141,210,159,21,69,17,93,210,125,43,65,214,176,115,61,117,81,207,207	2,4,0.3525,0,102;8,5,0.6895,0,20;8,3,0.2395,0,6;8,0,0.1335,0,141;8,1,0.6415,0,215;4,4,0.7295,0,163
ood_compose_epi-01599	5	2	0	30,127,203,90,166,21,156,74,147,176,212,141,55,18,140,194,98,14,37,85,174,108,61,96,203,149,175,71,135,117,41,45,68,1,173,115	0,4,0.5665,0,9;5,3,0.3005,0,116;6,3,0.9905,2,86;1,3,0.4635,3,169;1,2,0.6765,0,50;6,5,0.9805,0,254
ood_compose_epi-01600	9	0	0	149,93,159,193,117,214,80,25,41,206,13,19,176,89,21,170,35,70,56,67,104,108,121,2,141,201,84,45,175,197,140,145,115,59,156,134	1,3,0.6845,0,216;0,1,0.3245,0,122;7,1,0.6035,1,211;7,2,0.2145,0,73;7,2,0.6505,0,94;0,4,0.8005,0,110
ood_compose_epi-01601	6	1	1	131,124,111,59,99,21,39,141,85,172,150,52,45,20,75,3,168,10,64,173,117,161,69,171,177,88,154,136,44,93,25,174,179,146,115,183	2,0,0.9625,0,110;0,5,0.9925,0,163;3,1,0.1225,0,83;2,3,0.1115,0,84;2,5,0.7385,0,55;3,1,0.1085,0,93
ood_compose_epi-01602	7	2	0	169,69,116,147,198,152,42,192,193,84,51,37,12,3,149,26,108,24,68,141,122,172,179,45,93,202,171,140,92,74,98,133,17,118,59,191	2,2,0.3375,3,191;1,3,0.4475,0,158;2,1,0.8475,0,245;1,2,0.8085,0,234;1,2,0.9525,1,130;1,3,0.9975,0,100
ood_compose_epi-01603	10	2	0	174,147,144,43,170,180,190,130,163,93,77,57,191,149,172,21,188,88,171,34,115,139,121,110,117,14,47,29,5,104,63,172,69,18,86,66	4,4,0.5745,0,57;4,0,0.7435,2,22;8,5,0.4495,0,207;4,4,0.0745,0,82;7,4,0.6475,0,189;0,0,0.6905,3,71
ood_compose_epi-01604	1	0	0	109,99,204,165,187,156,71,22,35,141,196,58,149,209,93,139,50,19,89,2,86,131,68,122,161,145,45,198,114,13,172,73,31,117,160,44	1,3,0.7365,1,235;6,1,0.9755,0,62;1,0,0.8525,2,105;0,4,0.3905,0,110;2,3,0.5625,0,132;1,1,0.6935,0,138
ood_compose_epi-01605	8	2	2	204,194,125,30,213,147,21,62,69,180,93,151,143,45,116,180,5,117,202,106,19,200,78,155,44,193,140,102,51,84,90,66,34,154,132,11	4,1,0.6785,0,155;5,0,0.9825,0,202;2,4,0.5215,0,202;5,2,0.4735,0,223;5,0,0.9165,0,98;4,2,0.9995,2,144
ood_compose_epi-01606	6	0	1	87,132,160,150,125,201,117,68,21,38,15,189,98,45,69,55,73,90,161,106,40,137,58,93,205,179,186,5,17,25,144,116,174,213,191,145	4,5,0.3955,0,76;0,4,0.1195,0,224;6,0,0.8115,0,66;0,5,0.5515,0,165;1,0,0.9475,0,75;4,2,0.2055,3,226
ood_compose_epi-01607	1	1	1	132,15,184,85,27,155,191,98,64,114,69,171,81,187,120,215,93,40,141,177,89,56,3,136,18,111,203,21,45,128,62,37,146,204,202,150	2,5,0.5035,0,131;2,3,0.0905,0,4;7,4,0.0565,0,33;8,3,0.2465,0,194;1,5,0.4185,3,234;7,2,0.0695,0,37
ood_compose_epi-01608	1	0	0	196,30,187,3,117,51,39,199,69,201,206,174,61,163,47,170,149,79,83,141,21,123,132,201,13,16,42,92,139,102,114,202,109,67,93,145	2,3,0.0655,0,134;5,5,0.5585,2,236;2,3,0.6425,0,249;6,1,0.9375,0,216;5,3,0.5535,0,164;2,2,0.7065,0,150
ood_compose_epi-01609	1	3	1	193,110,159,75,27,43,89,64,96,133,150,53,205,161,197,21,182,61,141,117,177,16,129,207,13,140,69,148,45,3,112,172,201,85,97,39	2,3,0.1495,0,49;2,5,0.7445,0,188;4,3,0.1195,0,134;2,3,0.3375,3,135;0,4,0.1485,0,224;8,3,0.9675,0,22
ood_compose_epi-01610	10	2	1	5,147,69,29,92,113,202,77,19,101,173,86,137,198,192,150,45,109,192,117,21,58,93,185,132,166,66,11,125,40,36,51,162,183,200,141	4,1,0.6685,0,37;4,2,0.0015,0,150;2,0,0.4715,0,248;4,4,0.9875,0,98;4,3,0.3525,0,195;4,2,0.3485,0,83
ood_compose_epi-01611	6	2	1	84,139,141,112,159,117,213,165,38,147,99,70,166,5,121,185,14,64,80,89,165,178,45,194,42,21,199,61,29,150,16,110,56,133,93,210	4,4,0.1275,0,10;4,4,0.4545,0,171;7,3,0.0415,1,65;7,2,0.2445,0,91;2,4,0.1065,0,108;0,3,0.6935,0,171
ood_compose_epi-01612	1	2	1	199,189,45,143,69,3,88,169,56,93,130,184,38,186,15,112,60,150,21,98,85,152,16,205,75,27,110,157,140,147,65,203,117,42,166,123	2,5,0.1615,0,143;2,4,0.4765,0,228;7,2,0.3295,0,200;2,3,0.0435,0,250;1,4,0.1525,0,192;2,0,0.8035,2,188
ood_compose_epi-01613	4	1	0	133,52,172,149,100,193,212,202,19,93,141,21,79,163,45,87,15,159,59,155,115,154,117,69,158,196,65,2,137,121,41,109,146,37,88,27	1,5,0.6105,0,19;2,3,0.2085,0,202;3,1,0.2375,0,73;6,5,0.1945,0,211;3,3,0.7755,0,189;0,3,0.2225,0,218
ood_compose_epi-01614	1	1	1	188,60,30,190,123,38,209,93,136,207,168,76,152,168,115,99,117,141,2,51,16,21,41,86,150,90,180,181,180,68,45,12,135,146,69,109	1,2,0.1415,0,94;5,4,0.2765,0,11;2,2,0.9135,0,14;3,4,0.4755,0,195;2,3,0.7815,0,151;2,5,0.0505,0,96
ood_compose_epi-01615	0	3	1	129,93,212,148,33,150,40,15,69,38,52,141,196,140,9,208,16,158,63,173,100,154,85,173,108,74,133,196,113,117,21,155,173,92,66,45	8,5,0.0785,0,145;8,4,0.1795,0,178;3,5,0.5845,0,198;1,3,0.9245,0,35;3,2,0.3295,0,146;8,3,0.8255,0,130
ood_compose_epi-01616	5	1	2	69,2,188,151,141,45,83,162,183,93,90,195,168,42,50,38,134,65,14,74,184,198,116,110,117,206,213,146,103,137,60,126,28,21,167,16	1,4,0.1875,0,166;3,4,0.5265,0,215;1,2,0.3045,0,77;1,1,0.4745,0,120;6,4,0.9705,0,234;5,4,0.2185,0,246
ood_compose_epi-01617	1	0	2	18,99,59,27,139,93,135,3,15,21,75,184,39,172,202,166,90,171,208,45,51,123,114,161,167,110,141,197,151,64,118,85,145,69,43,193	2,5,0.4995,0,88;2,5,0.7655,0,29;2,1,0.0655,0,117;2,3,0.4855,0,155;2,4,0.5775,1,127;2,5,0.7285,0,244
ood_compose_epi-01618	9	1	0	40,93,11,190,154,52,6,137,99,214,181,69,64,141,149,113,118,38,175,61,212,202,92,80,85,194,128,132,108,194,46,21,33,167,146,20	5,1,0.9265,0,68;8,4,0.0915,1,54;3,3,0.0305,0,93;7,3,0.8135,0,83;2,2,0.3575,1,100;7,2,0.3935,0,140
ood_compose_epi-01619	7	0	0	188,165,69,20,45,90,76,168,59,116,67,141,95,11,26,171,169,21,106,117,52,131,191,180,44,136,39,145,4,124,206,149,98,167,82,156	3,1,0.9245,0,190;1,5,0.8335,0,242;3,1,0.7585,0,64;3,0,0.4685,2,128;1,0,0.8775,0,154;3,1,0.1205,0,194
ood_compose_epi-01620	10	3	2	134,158,215,192,57,45,153,21,42,115,161,199,141,117,125,169,91,82,26,75,60,213,140,151,10,66,93,109,198,6,18,198,148,69,105,35	5,0,0.5095,0,125;1,1,0.4625,0,50;8,2,0.5955,0,173;2,0,0.7695,0,63;8,3,0.6565,0,181;4,4,0.9355,0,215
ood_compose_epi-01621	7	2	0	45,93,109,91,195,87,215,205,34,68,149,147,187,179,15,188,21,141,60,2,97,81,69,117,49,26,155,18,134,205,125,112,137,157,44,210	1,5,0.5145,0,171;1,0,0.8185,0,205;0,2,0.8185,0,192;8,5,0.7905,0,175;0,3,0.1135,0,180;4,4,0.2965,0,29
ood_compose_epi-01622	0	3	0	157,153,83,99,109,21,44,149,185,35,58,20,155,4,27,148,76,196,92,198,141,123,120,45,69,160,215,131,175,54,93,65,207,137,115,15	3,5,0.8405,0,136;2,1,0.9285,0,218;5,0,0.3265,0,141;3,1,0.8985,0,192;2,3,0.7065,3,89;2,1,0.3715,0,53
ood_compose_epi-01623	7	1	0	157,21,92,157,17,117,2,15,140,43,208,68,141,204,211,69,99,109,63,135,50,122,26,199,169,35,83,149,146,201,114,192,74,45,95,178	1,5,0.3585,0,250;1,1,0.7285,0,128;1,5,0.9815,0,53;1,1,0.8225,2,243;2,3,0.4255,0,75;1,5,0.9405,0,145
ood_compose_epi-01624	1	2	0	183,84,44,131,37,154,21,10,102,110,149,157,143,147,204,45,185,204,20,117,161,56,123,69,137,156,96,3,205,92,27,169,113,63,66,75	2,0,0.9815,0,81;2,3,0.8175,0,153;7,5,0.5025,0,220;2,2,0.8185,3,72;5,4,0.3085,0,238;2,1,0.2295,2,207
ood_compose_epi-01625	5	3	1	193,163,180,108,44,4,202,186,114,45,87,90,21,117,66,135,61,19,79,148,127,168,49,103,178,15,214,31,93,39,204,141,155,150,69,139	3,5,0.6835,0,181;6,5,0.9335,0,215;0,3,0.5275,0,160;6,5,0.4645,0,194;6,2,0.5505,0,13;6,5,0.7975,0,249
ood_compose_epi-01626	5	1	1	163,58,135,21,89,187,127,141,10,27,99,146,66,205,38,44,20,172,156,166,106,47,150,51,69,169,77,140,83,155,119,116,203,6,200,93	5,0,0.9215,0,143;2,4,0.8245,2,228;2,0,0.4195,0,102;4,1,0.2335,0,163;2,0,0.8305,2,231;6,5,0.8545,0,235
ood_compose_epi-01627	6	1	2	186,21,117,12,141,121,165,146,67,211,93,165,90,185,7,159,193,110,135,99,207,36,86,45,151,209,140,61,44,70,114,20,165,25,79,55	6,2,0.9795,0,129;0,2,0.8825,0,219;6,3,0.6545,1,63;6,4,0.5655,0,103;2,4,0.5705,0,176;0,5,0.8485,0,94
ood_compose_epi-01628	6	1	1	67,16,172,83,33,121,51,150,162,135,152,43,93,105,146,183,184,88,201,214,36,6,139,69,107,75,141,184,175,24,61,185,12,45,112,120	5,2,0.0275,3,90;8,2,0.6055,0,139;2,3,0.7615,0,193;2,1,0.0785,0,135;8,1,0.1965,3,45;0,5,0.6985,0,111
ood_compose_epi-01629	9	0	1	154,124,1,35,170,51,72,45,93,165,84,177,158,145,117,169,90,135,150,215,137,28,170,41,20,61,158,67,141,15,23,110,115,159,80,104	0,5,0.8645,2,29;3,1,0.2545,0,208;2,3,0.7395,3,154;7,2,0.5215,0,211;7,4,0.7395,0,14;3,5,0.3115,0,121
ood_compose_epi-01630	9	2	0	8,64,45,169,157,117,158,121,69,109,199,139,30,41,149,188,142,56,91,21,83,11,112,93,131,18,103,177,160,181,80,193,147,193,34,58	7,1,0.5745,0,23;5,0,0.2715,0,134;7,0,0.0845,0,101;7,1,0.6825,0,4;6,3,0.0035,0,76;0,1,0.6855,1,210
ood_compose_epi-01631	9	0	2	63,32,69,24,108,215,85,133,88,194,45,64,113,156,117,39,124,180,139,176,93,188,186,56,201,145,104,10,17,44,141,195,151,77,4,210	3,0,0.2555,3,134;7,5,0.9085,0,205;7,5,0.0385,0,86;4,3,0.0595,0,5;7,2,0.3875,0,166;3,3,0.6065,0,139
ood_compose_epi-01632	2	3	0	21,7,203,92,186,43,57,76,69,17,13,163,148,139,112,68,93,188,35,59,141,27,149,83,154,118,152,45,129,111,100,159,130,201,158,182	6,3,0.2745,0,122;2,1,0.7245,0,19;8,1,0.8175,0,119;3,1,0.9665,0,162;3,5,0.1205,1,206;8,0,0.6065,0,33
ood_compose_epi-01633	8	2	1	21,32,91,45,205,211,178,116,170,6,96,36,168,110,135,197,150,85,120,56,80,177,140,14,102,126,147,155,69,141,64,43,62,212,18,154	5,4,0.5475,0,52;7,2,0.7295,0,101;7,4,0.1785,0,80;7,3,0.7725,3,233;5,4,0.8085,3,69;5,5,0.8615,0,202
ood_compose_epi-01634	2	3	2	10,72,42,198,209,20,163,161,190,21,167,63,185,34,174,151,107,120,30,82,54,185,123,97,91,161,45,78,7,130,67,93,141,138,116,148	6,0,0.9125,0,232;5,0,0.4275,0,92;5,5,0.6445,3,247;5,0,0.6925,0,181;0,1,0.9615,3,141;2,0,0.4385,0,199
ood_compose_epi-01635	1	0	1	27,121,107,206,178,117,86,12,39,138,150,93,207,154,42,131,203,211,17,214,205,2,21,49,165,89,45,73,112,176,142,102,70,145,68,59	1,2,0.3735,0,137;2,5,0.4285,0,204;0,1,0.9035,1,95;0,4,0.2825,0,147;5,1,0.0255,0,51;0,1,0.4485,1,201
ood_compose_epi-01636	1	1	2	157,93,184,15,115,83,170,19,40,120,21,56,35,195,110,123,151,64,207,191,146,89,138,61,31,76,105,161,172,141,69,135,182,177,5,45	4,5,0.6435,0,70;6,1,0.0615,0,126;7,3,0.0835,0,238;3,1,0.3015,0,122;8,4,0.6235,3,242;2,5,0.5105,0,201
ood_compose_epi-01637	1	0	2	185,34,48,196,42,163,145,99,12,151,90,83,114,194,132,141,111,208,123,20,65,162,55,75,209,4,205,137,63,117,69,21,28,205,93,201	3,2,0.9045,0,134;3,0,0.5165,3,236;6,5,0.2495,0,220;2,1,0.5545,0,247;2,5,0.4495,0,121;2,2,0.3985,0,216
ood_compose_epi-01638	1	1	0	190,170,4,45,39,93,41,161,177,69,149,195,25,114,117,64,215,198,146,88,188,16,205,126,14,141,81,83,110,99,132,140,21,62,160,51	3,4,0.1155,0,180;0,5,0.3445,0,23;2,4,0.1745,0,160;8,1,0.0095,0,175;2,4,0.4885,0,152;5,2,0.9265,0,52
ood_compose_epi-01639	6	3	1	37,97,17,7,121,201,210,90,45,71,181,158,140,150,148,159,21,117,111,11,130,141,44,206,29,155,200,60,68,94,87,74,213,170,57,115	6,1,0.2755,0,1;4,3,0.9185,0,51;8,2,0.8075,2,140;1,5,0.4195,1,63;0,5,0.6275,0,46;0,0,0.8405,0,113
ood_compose_epi-01640	5	0	1	210,139,66,51,135,28,38,173,41,99,200,171,172,164,200,106,21,15,93,150,70,116,127,1,178,16,89,145,59,75,117,82,45,181,141,183	0,5,0.1865,0,29;3,4,0.3075,0,12;2,1,0.4205,1,84;2,0,0.2645,0,93;2,0,0.9825,0,80;6,5,0.6675,0,218
ood_compose_epi-01641	10	2	2	33,8,93,117,17,141,57,206,45,168,132,116,13,147,189,42,81,64,92,201,62,106,24,169,136,105,209,86,164,151,208,37,202,69,129,200	7,3,0.3495,3,116;8,3,0.4125,0,62;8,4,0.0695,0,174;8,4,0.8755,0,135;8,0,0.8715,0,191;8,2,0.0685,0,37
ood_compose_epi-01642	8	0	1	92,58,36,67,54,150,204,164,191,19,205,86,29,145,143,15,69,188,112,134,76,98,6,45,153,185,139,206,117,125,108,167,166,40,95,21	5,5,0.6705,0,108;4,2,0.0335,0,20;5,0,0.7135,0,51;3,4,0.8125,2,94;1,2,0.1505,0,155;4,4,0.6815,2,148
ood_compose_epi-01643	5	2	0	203,117,45,93,204,87,137,173,35,17,161,147,25,209,157,132,59,122,3,203,211,21,154,13,49,158,98,143,92,114,42,79,69,109,65,149	2,3,0.2975,0,148;0,1,0.5945,0,88;0,1,0.3575,0,12;6,5,0.9535,0,1;1,3,0.4395,0,182;1,2,0.2395,2,203
ood_compose_epi-01644	1	2	0	172,3,164,203,114,44,106,141,161,189,16,215,123,67,73,90,159,120,58,164,149,140,15,57,87,131,70,147,21,105,152,27,93,45,183,36	2,5,0.1285,0,222;2,2,0.8385,0,27;8,0,0.6965,1,153;0,5,0.4715,0,236;8,0,0.4985,3,182;2,1,0.8365,0,219
ood_compose_epi-01645	2	2	0	11,187,141,115,132,19,98,163,45,206,88,1,138,212,84,149,108,208,53,203,117,34,77,42,147,184,163,203,193,21,93,63,129,27,67,72	0,1,0.6785,0,58;2,0,0.5295,0,197;4,5,0.7725,3,122;4,2,0.0225,0,45;1,2,0.7785,0,49;8,2,0.4055,0,211
ood_compose_epi-01646	8	2	1	115,210,133,42,202,78,102,22,171,38,58,83,191,126,19,93,198,175,91,106,68,141,117,45,177,6,13,147,30,205,69,163,138,150,167,54	5,3,0.7645,1,123;5,4,0.4515,0,75;5,0,0.8625,0,166;5,1,0.6685,0,49;5,0,0.7405,0,76;5,3,0.4445,0,107
ood_compose_epi-01647	8	0	1	91,52,21,93,212,43,192,104,6,60,140,68,30,133,200,86,187,13,194,115,45,145,150,111,195,70,20,154,37,126,118,141,174,164,194,77	5,3,0.9615,0,102;5,3,0.7865,0,223;3,2,0.8305,1,61;4,4,0.7515,0,178;7,5,0.6755,1,96;5,3,0.8695,0,20
ood_compose_epi-01648	3	0	1	131,196,68,190,200,17,91,108,98,189,141,14,117,181,62,57,125,171,37,206,86,41,138,115,76,213,69,27,145,93,45,150,193,168,1,21	0,4,0.3335,0,230;2,3,0.3035,0,75;8,4,0.9985,0,235;3,4,0.6615,0,113;1,2,0.7285,0,247;4,1,0.5875,0,199
ood_compose_epi-01649	7	3	0	2,177,118,69,173,99,13,49,109,44,67,124,58,188,93,74,213,21,149,28,153,131,186,46,84,35,148,112,143,153,203,17,197,91,166,139	1,3,0.3145,0,84;3,1,0.8915,1,95;0,0,0.7355,0,144;1,2,0.7625,0,55;2,3,0.0435,1,101;3,1,0.7265,2,235
ood_compose_epi-01650	7	2	1	44,5,141,10,183,75,215,93,174,210,85,114,51,117,172,27,37,111,147,157,215,22,63,160,98,133,199,48,71,136,64,174,123,89,17,150	4,0,0.3245,1,249;2,3,0.8165,3,221;2,5,0.1965,2,9;2,3,0.3985,0,144;1,5,0.4425,0,51;2,3,0.0105,0,81
ood_compose_epi-01651	7	1	2	122,146,76,141,93,153,83,215,209,15,21,64,139,106,1,97,35,69,90,205,158,133,167,51,62,44,154,26,117,215,115,45,16,171,206,151	0,5,0.0605,0,214;1,1,0.8925,0,11;2,4,0.0145,0,188;3,1,0.5995,0,230;0,0,0.6535,0,12;1,3,0.7695,0,172
ood_compose_epi-01652	6	0	2	85,55,19,166,124,21,35,69,179,213,45,189,66,43,175,93,117,28,5,131,92,12,145,165,140,73,100,195,209,113,143,59,197,191,107,151	4,2,0.6275,0,161;3,1,0.6845,0,26;6,1,0.4345,0,67;0,3,0.8245,0,186;3,1,0.2045,0,197;3,1,0.8345,2,106
ood_compose_epi-01653	4	1	0	171,201,196,180,36,103,19,44,161,90,4,52,67,31,75,168,12,69,183,114,133,146,23,117,154,186,124,63,141,139,202,109,85,93,149,45	3,2,0.6535,2,75;6,2,0.8805,0,31;3,5,0.6345,0,147;2,3,0.5925,0,212;6,3,0.4195,0,211;3,3,0.7845,0,69
ood_compose_epi-01654	1	2	1	165,150,109,214,160,13,93,99,39,21,203,47,116,172,64,141,92,49,31,147,62,128,3,136,79,71,192,42,16,167,117,84,130,173,206,163	2,3,0.1285,0,204;6,5,0.5095,2,250;0,4,0.1825,2,48;6,2,0.9025,0,143;2,3,0.8695,0,226;7,0,0.0915,0,44
ood_compose_epi-01655	7	2	0	188,26,199,39,21,2,147,55,45,69,78,207,202,187,141,117,185,66,98,192,43,136,12,128,62,92,149,181,112,213,93,85,106,155,19,132	1,2,0.7065,0,122;1,5,0.7785,0,74;6,4,0.5175,0,54;5,3,0.8855,0,109;1,0,0.1345,0,61;7,2,0.0135,0,115
ood_compose_epi-01656	0	3	0	189,155,117,33,185,58,157,39,18,86,212,4,81,135,93,181,127,211,92,111,149,167,97,64,173,136,21,55,141,148,13,114,205,47,42,69	3,3,0.4245,0,70;8,5,0.4315,2,30;6,0,0.1805,0,39;8,4,0.8025,0,8;0,5,0.4435,0,73;6,5,0.0695,0,147
ood_compose_epi-01657	6	2	1	117,152,200,61,133,190,66,147,206,181,211,29,69,150,97,202,121,21,43,3,80,141,210,84,186,16,13,91,111,200,95,137,49,45,112,38	2,3,0.0525,0,61;4,4,0.7665,0,88;0,3,0.5525,0,145;7,2,0.6735,2,194;0,5,0.1725,0,98;0,3,0.2215,0,164
ood_compose_epi-01658	2	0	1	141,167,209,194,21,60,45,204,64,108,182,210,57,127,76,36,150,139,88,4,18,98,179,11,210,87,117,145,93,183,69,113,184,44,132,26	3,1,0.5755,0,53;1,2,0.9685,0,7;8,2,0.1375,0,216;3,5,0.0385,0,216;1,2,0.2675,0,100;6,2,0.7395,0,240
ood_compose_epi-01659	1	2	1	93,88,69,166,3,200,175,117,215,111,206,104,42,114,214,58,150,27,64,75,12,140,51,131,153,17,21,161,147,37,203,123,45,197,144,82	2,2,0.2195,0,160;2,3,0.4955,0,137;2,0,0.0785,0,222;2,0,0.0445,0,23;7,5,0.5565,0,24;2,1,0.8295,3,68
ood_compose_epi-01660	7	2	0	172,176,98,147,10,132,114,141,172,149,172,152,89,69,68,50,87,93,38,166,2,178,45,42,20,211,163,73,122,140,107,26,22,117,187,61	1,0,0.9135,1,225;1,4,0.4995,0,156;1,3,0.8625,0,146;0,5,0.2595,0,193;1,1,0.5895,0,95;1,2,0.9345,0,226
ood_compose_epi-01661	10	3	1	108,214,117,21,16,45,141,100,69,203,74,113,57,185,130,196,150,65,204,9,156,122,179,177,39,44,88,83,195,12,148,140,61,164,93,33	8,2,0.1805,0,42;8,5,0.8605,0,53;8,3,0.2945,0,151;1,1,0.1515,0,250;3,2,0.3145,0,180;1,0,0.8905,0,224
ood_compose_epi-01662	7	3	1	152,168,50,141,117,65,155,20,148,75,93,2,158,98,45,24,87,92,193,134,140,129,37,150,62,26,205,11,69,108,43,115,173,194,200,193	1,1,0.9845,3,204;1,3,0.7205,0,253;1,4,0.3145,0,171;2,5,0.8775,0,112;1,2,0.7445,0,186;8,4,0.8495,0,16
ood_compose_epi-01663	9	1	2	83,35,93,139,81,54,199,66,104,113,58,155,45,16,146,133,41,69,32,172,197,157,22,3,190,169,181,89,128,12,120,141,176,111,206,151	2,2,0.0035,1,127;7,1,0.3035,0,57;5,0,0.5805,0,182;8,1,0.2955,0,211;7,5,0.2435,3,26;7,3,0.6555,0,150
ood_compose_epi-01664	10	2	2	205,171,112,45,125,183,185,141,147,118,135,86,42,6,70,12,77,53,204,21,151,109,65,37,139,59,91,93,211,29,212,192,16,182,101,185	5,2,0.1115,0,102;4,3,0.5935,0,167;4,1,0.2905,1,56;4,4,0.6525,0,105;4,3,0.0755,1,233;4,5,0.6175,0,239
ood_compose_epi-01665	9	3	2	33,93,177,18,215,134,7,183,193,153,203,213,89,98,112,11,137,45,56,60,107,206,151,173,22,141,84,68,127,148,79,40,117,210,34,69	6,1,0.4575,1,59;8,0,0.1695,0,168;7,2,0.9355,0,176;6,2,0.2405,0,16;1,1,0.1975,0,12;6,4,0.3625,0,240
ood_compose_epi-01666	1	0	1	136,115,184,45,186,60,93,87,214,27,42,167,199,3,141,76,23,159,131,37,155,198,175,18,150,68,69,54,88,188,15,145,120,121,98,111	2,5,0.5675,2,37;2,3,0.5795,0,58;5,2,0.9375,0,145;3,5,0.0055,0,159;1,5,0.6115,3,165;0,1,0.0255,0,240
ood_compose_epi-01667	9	1	0	45,174,20,108,181,21,99,198,192,69,134,122,39,63,115,1,146,83,79,118,139,199,209,56,154,159,187,43,68,15,28,93,141,202,149,88	0,5,0.9205,0,132;3,5,0.7575,0,185;7,5,0.9465,0,147;6,1,0.1935,0,21;2,2,0.7335,1,177;1,4,0.6605,0,44
ood_compose_epi-01668	9	3	1	104,150,15,117,90,173,114,141,212,33,198,197,171,135,136,45,8,85,21,154,174,148,93,19,124,166,159,75,38,108,44,55,208,65,63,70	7,5,0.6625,0,21;8,4,0.8635,0,237;6,5,0.3665,1,97;2,3,0.4295,0,28;7,2,0.5385,0,54;3,5,0.0455,0,82
ood_compose_epi-01669	10	2	2	111,45,81,195,151,135,157,93,117,92,40,33,205,64,141,171,60,205,10,87,21,187,69,57,181,39,177,3,127,105,139,147,17,177,113,172	2,0,0.2455,0,159;8,5,0.1215,0,28;8,2,0.1475,0,101;8,5,0.9785,0,215;8,5,0.2855,0,105;6,5,0.7985,0,122
ood_compose_epi-01670	1	0	2	66,215,44,15,208,117,49,151,83,137,179,3,99,116,199,130,144,174,159,28,123,145,38,190,109,78,93,211,45,199,58,89,17,21,69,189	2,5,0.3175,0,102;3,4,0.8035,0,47;0,0,0.5055,0,217;5,1,0.2705,0,61;2,3,0.9275,0,148;2,0,0.2805,3,241
ood_compose_epi-01671	6	1	2	153,195,112,146,186,163,151,101,63,139,41,190,171,131,90,111,45,18,68,38,69,73,170,141,49,93,121,169,190,22,11,86,120,30,1,179	0,1,0.4835,1,127;5,4,0.3835,0,149;0,5,0.8975,0,99;0,4,0.5165,0,101;4,5,0.0315,3,110;0,1,0.6655,0,16
ood_compose_epi-01672	10	1	2	77,4,212,45,146,39,130,121,101,18,13,117,40,49,189,151,93,210,176,59,25,203,204,109,170,211,205,141,116,21,195,67,140,69,89,86	3,3,0.5015,0,203;0,5,0.0115,0,104;0,1,0.6755,0,143;4,4,0.2665,0,52;4,3,0.9775,0,64;0,0,0.8835,0,149
ood_compose_epi-01673	5	1	1	177,210,146,152,214,66,206,123,172,138,45,9,162,109,18,24,115,30,60,51,184,153,142,35,79,11,69,92,150,41,93,119,203,135,103,87	8,1,0.5235,3,133;5,1,0.2825,0,255;2,2,0.4115,0,146;6,5,0.8255,0,135;6,3,0.7365,2,95;2,5,0.5565,1,118
ood_compose_epi-01674	9	2	2	13,56,48,97,164,128,210,113,118,137,141,179,93,209,66,191,171,8,32,147,179,179,86,131,41,60,111,151,38,92,21,171,80,203,20,69	7,3,0.9295,0,244;7,4,0.3285,3,28;7,2,0.5965,0,223;7,4,0.8405,0,4;0,5,0.3985,1,255;7,1,0.3395,0,176
ood_compose_epi-01675	6	3	1	188,148,9,39,13,80,87,106,69,133,59,117,45,125,139,42,20,21,55,150,88,104,201,67,176,142,165,152,115,176,172,188,174,201,93,25	8,3,0.9365,0,105;0,5,0.4875,0,174;6,1,0.6835,0,145;7,5,0.1145,0,91;7,0,0.6965,0,249;4,3,0.6295,1,72
ood_compose_epi-01676	9	0	0	149,145,30,100,194,93,69,23,132,213,174,75,63,141,91,45,68,12,114,180,106,176,155,4,44,85,37,119,50,170,139,212,16,128,155,184	3,2,0.1465,2,220;5,3,0.8025,0,100;1,5,0.8735,0,157;2,3,0.7135,0,2;3,0,0.5885,2,253;7,2,0.7365,0,156
ood_compose_epi-01677	6	2	2	175,12,151,58,163,93,138,106,135,167,1,45,141,27,49,121,114,18,21,190,82,117,37,198,69,67,147,174,89,97,188,73,180,174,199,41	0,2,0.4895,0,182;2,3,0.3775,0,141;0,0,0.6305,0,194;0,0,0.2565,0,71;0,0,0.4175,0,106;0,5,0.5985,0,118
ood_compose_epi-01678	1	2	1	147,93,60,113,3,215,141,11,51,176,47,19,177,21,159,87,66,117,203,41,109,175,75,209,150,27,69,35,186,138,209,123,133,89,212,99	2,1,0.6675,0,27;2,1,0.3145,2,145;2,2,0.5355,0,19;2,5,0.2065,0,224;2,3,0.2895,0,121;2,3,0.4925,0,8
ood_compose_epi-01679	9	0	0	117,131,122,70,139,196,145,91,83,2,141,160,67,185,190,45,198,108,19,171,58,149,154,116,93,104,199,27,36,21,41,50,12,78,197,199	1,2,0.7075,0,98;2,2,0.2045,0,51;1,0,0.6065,1,15;5,1,0.7265,0,133;7,2,0.8715,0,255;1,1,0.7085,0,134
ood_compose_epi-01680	1	0	0	43,214,69,197,45,182,63,93,86,66,21,99,3,213,75,154,18,124,196,117,141,31,10,110,149,166,165,131,115,140,35,182,145,51,182,91	2,0,0.5085,0,14;6,1,0.7975,0,196;2,5,0.5125,0,191;2,4,0.7445,0,36;2,4,0.6575,0,255;3,1,0.8735,0,175
ood_compose_epi-01681	1	1	0	173,69,195,173,111,206,112,86,165,119,141,123,206,199,137,19,43,134,78,93,10,30,68,182,146,34,92,5,207,102,149,207,60,45,51,21	4,0,0.7895,0,8;5,0,0.7475,0,4;2,2,0.9985,0,157;5,4,0.9705,0,241;5,5,0.0385,2,204;2,4,0.3055,0,182
ood_compose_epi-01682	1	2	1	68,117,171,42,123,111,134,10,3,24,157,78,141,93,202,140,204,61,113,89,86,26,199,16,162,51,186,69,188,191,207,147,35,45,150,105	2,0,0.1015,3,128;1,1,0.5695,0,167;2,3,0.8705,0,60;5,4,0.3735,0,254;8,5,0.3405,0,124;2,4,0.8455,0,138
ood_compose_epi-01683	9	0	1	57,104,141,163,109,135,69,43,177,150,207,128,193,63,197,16,209,79,39,93,21,138,67,25,15,162,192,87,1,145,117,184,115,91,47,181	0,5,0.0905,0,208;0,5,0.6475,2,125;8,5,0.6495,0,168;6,5,0.7505,0,76;7,3,0.7775,0,99;7,5,0.5515,0,95
ood_compose_epi-01684	2	3	0	76,85,117,173,173,141,52,91,34,175,59,110,130,136,148,65,69,28,21,96,98,210,152,210,41,167,11,213,45,19,6,112,190,121,149,196	5,1,0.7535,0,40;3,0,0.2935,0,197;3,1,0.3835,0,90;3,3,0.7135,3,248;1,4,0.0595,0,223;0,0,0.1835,0,0
ood_compose_epi-01685	6	0	1	212,37,21,15,204,87,45,172,159,117,141,156,102,29,110,150,56,66,69,121,214,93,91,18,113,182,132,42,1,73,145,138,204,153,58,157	0,5,0.5695,0,183;4,3,0.5825,0,27;7,0,0.4525,0,166;0,5,0.6975,0,7;5,4,0.2905,0,163;0,2,0.5305,0,88
ood_compose_epi-01686	1	1	2	187,179,60,7,69,92,64,110,190,82,186,45,52,146,176,151,159,13,114,123,43,180,17,117,206,38,159,197,93,99,137,21,133,77,31,141	6,3,0.3845,0,168;6,4,0.7405,0,10;3,2,0.1025,0,12;4,0,0.8545,0,221;2,4,0.4735,0,82;2,3,0.3685,0,46
ood_compose_epi-01687	6	2	1	83,94,88,38,197,45,141,69,117,121,213,161,140,63,21,113,147,155,33,78,208,177,134,49,16,178,205,107,186,68,102,1,150,15,41,152	0,5,0.0385,0,52;8,4,0.2845,0,166;0,5,0.9195,0,66;5,1,0.0415,1,75;5,1,0.3485,0,142;0,4,0.8685,0,191
ood_compose_epi-01688	8	1	0	175,206,14,124,155,97,32,9,149,133,117,185,64,136,93,146,62,36,19,71,90,168,207,141,85,21,172,41,78,50,116,210,180,106,161,45	8,4,0.7745,0,57;7,2,0.3495,0,44;1,4,0.1395,2,38;5,3,0.5775,0,180;0,0,0.8825,0,81;3,3,0.1015,0,194
ood_compose_epi-01689	1	1	0	22,141,211,51,11,170,162,106,135,38,207,89,146,197,85,67,165,42,140,101,76,118,27,19,96,164,45,112,186,149,5,162,61,121,170,69	4,1,0.6915,1,18;2,4,0.5575,0,199;2,3,0.6845,0,51;3,3,0.2085,3,155;4,0,0.0505,1,38;0,5,0.8455,0,184
ood_compose_epi-01690	10	2	2	93,6,92,114,187,53,80,83,101,197,141,45,147,110,69,151,21,123,19,43,207,160,181,15,37,183,117,165,137,169,63,205,30,183,67,135	5,5,0.6565,0,216;5,3,0.7765,0,192;4,5,0.6445,0,196;7,1,0.9625,0,224;4,4,0.5195,0,74;2,5,0.3505,0,244
ood_compose_epi-01691	2	1	2	21,64,11,99,48,87,207,136,75,196,146,123,172,52,131,169,117,27,59,39,69,107,141,177,116,180,95,171,4,165,180,91,18,185,151,44	3,1,0.5795,0,27;2,5,0.9835,3,58;3,1,0.1135,0,129;2,5,0.6395,2,61;2,1,0.8745,0,138;2,1,0.1755,0,88
ood_compose_epi-01692	5	2	0	190,91,174,141,38,62,196,202,46,41,158,81,70,202,149,202,184,127,10,135,117,106,26,50,21,160,175,137,95,115,19,84,67,6,101,147	5,0,0.7365,0,109;1,4,0.3865,1,253;1,4,0.7435,1,160;8,2,0.6665,2,189;4,0,0.7265,0,96;6,5,0.3485,0,127
ood_compose_epi-01693	5	2	2	113,160,51,204,27,80,15,118,189,157,169,59,209,64,141,105,16,69,3,151,147,111,193,85,93,200,127,200,135,41,137,45,89,197,22,37	2,5,0.1005,1,60;2,3,0.2745,0,182;2,1,0.1365,0,150;7,3,0.3545,0,125;8,5,0.2645,1,86;6,5,0.3865,0,213
ood_compose_epi-01694	1	1	0	199,149,27,84,5,69,45,146,12,155,158,75,109,21,182,208,116,64,90,179,136,93,42,179,176,99,179,39,49,117,135,205,141,59,19,123	4,2,0.6905,0,148;2,5,0.4745,0,44;0,1,0.0785,0,121;2,2,0.4165,0,222;2,3,0.9375,0,64;2,5,0.1125,0,60
ood_compose_epi-01695	10	3	2	117,14,83,181,156,126,19,5,109,163,92,176,112,207,99,69,41,169,62,148,197,136,141,56,45,38,93,177,151,25,193,64,21,77,132,206	4,4,0.7685,0,56;0,4,0.2035,0,32;7,4,0.0055,0,42;4,1,0.8565,0,200;2,3,0.1855,0,95;5,2,0.1395,0,18
ood_compose_epi-01696	3	0	0	185,42,145,112,163,201,61,140,135,200,36,194,197,124,141,45,198,161,28,74,20,181,117,201,100,21,66,149,87,69,51,88,106,93,2,13	1,3,0.8755,0,120;3,2,0.5665,0,191;2,3,0.4955,0,70;1,5,0.0435,0,11;3,0,0.0195,0,143;3,5,0.9345,0,185
ood_compose_epi-01697	3	0	0	20,31,210,152,45,169,83,40,131,66,117,182,93,63,168,183,107,73,100,145,22,184,69,172,38,174,141,12,52,116,149,129,7,155,139,90	6,2,0.8645,1,22;6,4,0.1495,0,75;3,5,0.4105,0,254;0,1,0.4195,0,64;3,1,0.8175,0,128;8,1,0.6725,0,19
ood_compose_epi-01698	2	3	2	197,189,117,132,182,11,167,35,188,97,7,84,73,45,107,93,184,28,18,148,151,49,59,206,112,126,21,88,66,162,41,172,141,138,69,206	6,1,0.4055,0,135;3,1,0.2485,0,156;0,1,0.4855,0,230;0,2,0.0275,0,5;0,1,0.0125,0,199;5,2,0.5425,0,252
ood_compose_epi-01699	9	0	0	117,103,17,137,157,45,88,75,202,66,8,107,161,181,52,162,153,12,32,212,69,93,143,39,203,21,124,116,149,145,214,42,82,63,134,170	7,2,0.3915,0,189;7,5,0.4725,0,138;3,5,0.5325,0,135;2,0,0.0575,0,30;6,1,0.9315,0,47;3,4,0.2075,2,75
ood_compose_epi-01700	6	2	0	59,46,157,209,134,12,6,97,64,209,117,55,200,92,26,149,193,208,144,159,111,69,37,166,75,162,85,140,147,116,22,42,93,194,16,122	5,2,0.1375,1,138;1,3,0.4325,1,173;6,1,0.0795,0,88;2,3,0.9925,0,209;0,5,0.8735,0,249;1,4,0.9485,3,78
ood_compose_epi-01701	3	0	0	133,153,53,178,159,91,161,149,187,155,41,138,93,124,210,67,145,61,153,161,19,117,33,21,100,10,37,46,141,79,107,7,86,116,71,180	6,0,0.6695,0,2;8,3,0.2615,1,223;4,3,0.6325,2,167;6,4,0.6505,0,219;3,1,0.8385,0,145;3,3,0.5845,0,177
ood_compose_epi-01702	10	1	0	20,109,157,9,193,39,86,68,21,91,69,206,95,124,81,47,141,130,185,174,149,188,59,194,146,195,57,118,163,105,13,140,201,115,43,28	8,3,0.8545,0,105;3,5,0.6955,2,83;8,1,0.9265,0,249;8,4,0.6555,2,15;8,3,0.6205,1,115;3,0,0.9535,0,146
ood_compose_epi-01703	1	2	1	130,93,75,138,45,196,10,215,51,156,215,141,21,3,204,123,35,89,176,115,72,61,154,173,85,67,188,17,43,117,150,147,30,108,99,165	2,0,0.3355,0,120;5,1,0.6285,0,126;2,3,0.7945,3,173;2,3,0.2165,0,220;2,2,0.7825,0,154;2,0,0.4735,0,224
ood_compose_epi-01704	2	0	2	166,69,36,90,145,4,41,77,112,130,126,18,93,66,31,175,151,84,173,22,109,177,60,45,211,55,159,141,117,191,166,101,169,138,10,184	3,0,0.5105,1,45;6,2,0.2325,0,232;6,2,0.4365,0,185;4,2,0.4225,0,247;4,3,0.1445,0,205;5,0,0.5835,0,87
ood_compose_epi-01705	10	0	0	110,103,80,69,207,57,21,145,196,89,129,181,130,201,152,34,211,62,20,118,40,31,149,67,84,138,13,152,167,210,177,45,9,141,93,115	8,3,0.8905,0,209;6,0,0.0585,0,0;8,4,0.6415,0,89;7,2,0.2465,0,209;6,4,0.7445,1,15;8,0,0.5305,0,175
ood_compose_epi-01706	8	0	1	150,152,14,187,161,136,135,191,159,54,111,40,102,123,19,120,75,89,153,84,48,114,191,145,207,210,6,68,32,21,69,93,34,58,141,169	5,4,0.7485,0,84;7,0,0.1465,3,59;5,0,0.9485,0,96;2,2,0.3225,0,161;5,5,0.4655,3,219;2,5,0.0875,0,240
ood_compose_epi-01707	9	2	2	147,213,141,46,49,168,59,91,135,117,64,213,93,15,9,16,214,106,21,214,69,154,206,25,36,174,128,40,159,105,80,154,151,137,116,84	8,5,0.1515,0,103;0,2,0.1045,1,196;0,1,0.0665,0,138;7,2,0.7155,0,231;8,0,0.8545,0,201;7,5,0.3905,0,185
ood_compose_epi-01708	5	1	2	157,153,201,156,45,120,106,214,25,35,99,186,212,130,49,146,21,18,137,75,64,151,61,89,93,186,7,44,201,114,127,200,84,15,72,141	6,5,0.4265,0,130;0,1,0.9335,0,12;0,3,0.0325,3,130;2,2,0.2355,0,116;2,0,0.5465,3,85;6,0,0.2465,0,173
ood_compose_epi-01709	0	3	2	88,58,151,21,84,182,33,164,184,66,36,14,191,191,140,42,148,93,164,123,52,141,109,180,192,98,117,18,69,74,45,112,186,185,4,133	3,4,0.4675,0,175;8,2,0.4085,0,187;3,0,0.4145,0,100;1,2,0.0125,0,176;1,3,0.0865,0,239;2,3,0.8465,0,171
ood_compose_epi-01710	1	0	0	133,199,27,16,123,149,141,51,71,92,169,2,21,44,139,93,65,36,99,119,154,189,113,212,86,164,79,58,106,159,194,198,13,46,145,204	1,3,0.1815,0,185;2,2,0.9115,1,216;2,0,0.3305,2,42;6,4,0.9745,0,16;2,0,0.3155,2,36;2,3,0.6335,0,38
ood_compose_epi-01711	8	3	1	18,26,44,133,65,52,12,8,167,74,148,203,87,93,172,111,171,113,102,206,69,198,60,88,215,210,215,117,35,21,150,208,142,137,126,48	7,2,0.4315,0,41;1,1,0.9065,3,225;3,2,0.3565,0,142;1,5,0.1035,0,69;5,5,0.2055,0,80;5,3,0.3685,1,114
ood_compose_epi-01712	6	2	0	117,69,73,141,173,171,182,211,147,18,36,167,93,45,149,44,65,107,138,105,165,114,51,27,165,15,134,128,62,85,91,214,1,178,21,187	0,5,0.4615,0,174;2,2,0.8965,0,217;2,4,0.3725,0,97;0,3,0.6345,0,2;8,1,0.4915,0,49;7,4,0.4625,0,216
ood_compose_epi-01713	10	3	2	116,175,151,134,45,171,22,12,123,198,42,33,105,109,92,156,36,68,2,141,175,186,138,179,197,148,170,60,57,20,69,93,82,153,117,74	1,2,0.9575,1,178;8,2,0.5895,0,132;8,2,0.9805,0,7;1,0,0.8125,0,194;8,3,0.8505,0,50;2,4,0.5245,0,111
ood_compose_epi-01714	10	0	1	141,145,122,108,208,19,132,210,37,168,3,77,199,199,93,105,57,164,40,117,48,33,116,10,68,169,140,87,62,198,21,190,150,88,69,191	2,0,0.6595,0,130;8,3,0.0095,3,224;8,4,0.8885,0,0;4,5,0.1085,0,147;8,2,0.8065,0,34;1,2,0.8715,0,113
ood_compose_epi-01715	9	3	0	149,8,158,88,48,138,65,40,200,143,215,117,93,69,211,202,148,211,39,63,186,208,53,85,104,159,12,76,109,21,132,32,126,112,17,170	7,2,0.3795,0,194;7,5,0.1945,3,39;4,5,0.3305,0,106;3,3,0.1925,0,43;7,3,0.1975,0,20;5,2,0.5055,2,232
ood_compose_epi-01716	2	0	2	183,92,59,37,8,46,109,214,213,68,93,129,117,179,180,162,133,98,21,205,52,20,214,27,139,72,141,84,76,167,145,12,113,43,209,151	7,2,0.8125,0,154;2,3,0.6125,1,203;3,1,0.9155,3,255;3,2,0.9335,0,31;1,3,0.2765,0,252;8,3,0.6775,0,240
ood_compose_epi-01717	5	0	1	178,25,89,211,124,152,55,137,69,141,171,39,117,108,133,103,150,115,63,21,86,65,93,171,181,43,202,45,161,14,79,9,16,145,164,209	8,4,0.1565,0,95;0,5,0.6275,0,163;6,5,0.3075,0,111;6,4,0.2835,0,29;6,2,0.6915,0,11;3,3,0.3315,0,42
ood_compose_epi-01718	7	2	0	58,117,153,132,26,98,83,168,205,92,128,43,115,2,39,45,139,141,93,13,68,149,169,162,175,21,20,161,188,155,50,178,69,147,78,106	1,3,0.8955,0,213;1,5,0.7325,0,66;1,0,0.8355,0,61;5,1,0.8925,0,169;1,0,0.6685,0,149;7,2,0.7425,0,171
ood_compose_epi-01719	2	2	0	92,69,56,35,210,21,153,60,117,138,147,181,9,163,159,141,93,105,65,115,192,149,167,199,82,108,199,129,81,17,26,192,12,45,40,132	8,2,0.3305,0,213;1,1,0.0305,0,204;7,2,0.3045,0,0;8,0,0.9865,0,239;8,2,0.6045,0,122;8,2,0.5275,0,213
ood_compose_epi-01720	10	3	1	189,33,130,10,115,89,117,201,136,173,202,44,141,166,148,150,21,35,184,17,3,83,153,64,69,93,57,45,157,60,105,123,182,73,215,109	2,0,0.3215,0,160;8,1,0.8675,0,227;8,2,0.0815,0,110;0,1,0.2595,0,29;8,3,0.6795,0,17;2,0,0.1445,0,241
ood_compose_epi-01721	9	3	0	83,45,17,21,88,51,108,13,176,164,197,202,61,211,204,40,80,163,160,72,104,184,139,128,149,113,162,141,93,148,135,35,117,4,32,66	3,3,0.2435,0,96;7,1,0.1805,0,167;2,3,0.4175,3,96;7,1,0.0725,0,251;7,2,0.2325,0,180;7,5,0.6325,0,0
ood_compose_epi-01722	7	0	2	21,66,210,88,39,181,69,179,202,60,15,164,181,110,50,74,119,137,45,113,130,17,145,178,151,188,215,26,123,100,42,4,141,87,156,93	3,5,0.2975,0,176;1,5,0.5645,0,34;1,2,0.5825,0,3;1,5,0.0545,0,163;3,4,0.2075,2,54;2,0,0.2225,0,114
ood_compose_epi-01723	4	1	0	65,6,146,69,17,107,15,185,28,81,161,141,195,163,124,52,154,62,203,113,149,45,83,22,171,93,162,132,35,88,100,177,178,138,40,117	5,5,0.3825,1,170;3,1,0.1465,0,19;3,4,0.2155,0,114;8,1,0.0135,0,84;3,1,0.3295,0,14;3,2,0.5925,0,164
ood_compose_epi-01724	10	2	2	69,151,21,164,77,29,43,155,133,215,35,65,89,141,61,178,93,87,167,181,186,106,213,5,215,136,17,117,45,14,147,125,212,99,50,115	4,4,0.2875,0,37;4,1,0.7965,0,164;1,3,0.2525,0,143;4,5,0.3615,0,9;2,0,0.7375,0,58;4,3,0.0015,0,18
ood_compose_epi-01725	9	0	0	197,61,206,45,21,134,19,69,149,166,209,38,42,90,85,141,25,145,78,173,68,168,109,140,119,56,168,124,208,112,166,104,8,174,12,93	7,2,0.7595,0,180;0,4,0.5245,0,216;7,3,0.8465,0,241;5,3,0.4515,0,68;7,3,0.0975,2,50;3,4,0.9465,0,212
ood_compose_epi-01726	7	2	2	2,141,116,133,110,163,169,157,93,69,51,183,147,167,88,37,65,151,195,140,61,11,86,122,98,45,18,33,181,210,117,206,174,21,80,44	1,1,0.4425,0,151;8,3,0.8775,0,188;2,3,0.2395,0,94;7,4,0.0195,0,89;1,4,0.8225,0,145;1,3,0.9075,0,119
ood_compose_epi-01727	10	0	0	45,141,82,5,196,37,40,167,153,21,62,178,19,93,174,13,181,91,139,135,126,30,69,113,78,52,180,118,99,149,108,162,187,206,145,65	4,3,0.6405,0,92;5,3,0.0705,0,231;3,4,0.2135,0,188;5,0,0.6955,0,126;2,2,0.2495,1,158;5,5,0.6715,0,184
ood_compose_epi-01728	0	3	1	52,148,28,36,215,3,206,209,110,140,82,141,69,175,13,181,117,68,73,21,43,126,100,19,197,63,164,112,93,187,92,150,131,200,201,47	2,3,0.6085,0,205;3,2,0.6005,2,132;3,5,0.8825,0,31;0,0,0.8075,0,168;3,4,0.1315,0,86;5,1,0.8695,0,200
ood_compose_epi-01729	1	2	1	199,48,84,141,40,134,160,102,165,117,16,175,126,110,137,61,93,8,90,74,157,180,190,147,21,51,112,160,67,150,10,175,34,69,178,30	7,0,0.1985,0,217;5,0,0.0885,3,134;2,3,0.7245,0,84;1,2,0.4115,0,235;5,4,0.1355,0,233;5,4,0.3845,0,150
ood_compose_epi-01730	1	0	1	205,21,52,106,144,65,200,29,18,177,154,93,128,97,131,137,92,118,13,3,35,113,145,189,79,44,58,177,209,202,85,180,150,48,160,69	2,3,0.4905,0,33;4,1,0.9505,3,51;3,0,0.2155,0,43;6,3,0.8675,0,124;0,0,0.3475,1,113;7,1,0.2005,3,162
ood_compose_epi-01731	5	2	1	81,33,34,14,181,140,83,119,20,9,179,141,99,45,67,150,134,41,197,176,55,192,203,113,147,156,92,69,169,23,63,129,110,158,94,174	8,4,0.9395,2,135;8,0,0.2315,0,7;6,5,0.7205,0,190;8,1,0.9455,1,27;2,4,0.3845,2,153;8,4,0.9765,0,33
ood_compose_epi-01732	9	2	0	147,140,99,155,131,109,116,77,192,21,141,89,203,62,51,177,180,95,37,171,87,9,71,66,32,20,45,194,154,14,117,44,190,128,149,174	8,4,0.9665,0,71;7,3,0.8325,0,146;2,4,0.4055,2,51;4,5,0.3845,2,206;2,3,0.8695,0,123;7,1,0.9495,0,78
ood_compose_epi-01733	6	2	0	164,14,44,93,25,65,117,143,140,149,97,211,17,62,153,21,71,182,201,83,38,182,113,91,188,183,147,49,9,45,205,185,135,111,126,73	8,4,0.3725,0,55;0,4,0.8295,0,115;0,4,0.3775,2,183;0,1,0.6735,0,85;0,5,0.2165,0,61;5,5,0.9405,2,232
ood_compose_epi-01734	10	1	2	101,62,212,213,213,89,13,45,172,107,131,113,187,5,93,79,124,201,174,26,182,17,199,24,67,151,39,117,146,141,41,138,53,69,86,153	4,3,0.2245,3,3;1,5,0.3725,0,255;4,4,0.6675,0,18;6,4,0.3075,0,168;4,1,0.3495,0,128;3,1,0.4575,0,21
ood_compose_epi-01735	10	2	1	36,193,67,181,158,93,141,201,101,117,75,212,41,175,160,133,204,147,71,125,29,162,16,150,45,60,168,21,112,85,51,109,89,140,14,5	4,4,0.0105,0,29;4,2,0.3055,0,253;2,2,0.6145,2,140;2,3,0.3255,0,76;4,3,0.1335,0,99;4,3,0.8985,0,36
ood_compose_epi-01736	1	2	0	117,69,110,176,21,45,203,139,7,149,86,13,141,178,165,198,183,196,40,92,77,16,93,154,174,55,115,30,99,39,133,184,123,63,147,64	6,3,0.0895,0,50;5,5,0.1215,0,119;6,5,0.0225,0,210;4,4,0.9055,0,204;2,4,0.6445,0,112;2,3,0.6655,0,241
ood_compose_epi-01737	1	1	1	146,90,167,37,121,193,201,153,207,45,107,21,185,85,130,207,10,101,44,67,93,112,209,62,150,156,214,77,16,69,141,117,1,139,27,56	0,0,0.1145,0,104;2,3,0.9975,0,60;7,4,0.7965,0,177;4,3,0.4345,0,246;4,1,0.0315,0,110;0,0,0.7715,0,73
ood_compose_epi-01738	6	2	1	141,63,181,20,121,37,117,181,147,138,203,114,180,93,152,196,150,49,132,25,1,89,97,45,203,111,67,41,169,164,21,11,209,69,82,75	0,1,0.8385,0,10;0,3,0.2985,0,19;0,5,0.7465,0,223;2,0,0.2885,0,188;0,5,0.4185,0,147;0,2,0.4285,0,224
ood_compose_epi-01739	1	2	2	36,60,110,183,20,99,69,141,171,89,94,131,155,154,171,31,45,21,125,162,3,158,155,151,51,147,42,139,82,64,13,80,112,190,117,185	2,3,0.9805,0,119;6,2,0.4655,0,196;2,2,0.1055,0,20;7,0,0.3975,1,245;2,4,0.0515,0,247;4,1,0.7435,0,166
ood_compose_epi-01740	3	0	2	124,20,33,151,209,141,69,4,107,191,80,40,135,11,175,60,48,182,145,89,203,52,117,65,112,21,138,195,87,172,36,93,99,174,215,187	3,1,0.8325,0,212;8,2,0.1525,3,179;3,2,0.3855,0,63;7,5,0.3305,0,89;2,1,0.0075,0,33;3,5,0.5965,0,253
ood_compose_epi-01741	9	2	0	36,190,41,135,97,65,175,138,56,45,211,93,185,81,200,69,147,18,27,117,180,60,85,8,128,115,174,160,22,90,141,149,183,13,108,168	7,3,0.4685,1,37;2,2,0.2115,0,81;7,2,0.2055,0,2;8,3,0.5475,0,113;0,2,0.7005,0,91;7,5,0.4155,0,183
ood_compose_epi-01742	7	1	2	14,21,25,141,181,50,189,206,36,17,111,192,88,123,146,61,45,199,178,159,82,115,93,153,203,44,139,69,176,130,97,2,78,117,151,67	1,4,0.3995,0,125;0,2,0.9505,0,241;1,3,0.7285,0,235;5,0,0.0425,0,206;0,5,0.6455,0,201;2,0,0.7345,0,197
ood_compose_epi-01743	7	1	1	122,5,184,61,99,69,30,150,132,173,155,44,157,21,115,93,91,74,180,19,51,174,83,48,163,198,141,67,146,11,140,110,198,34,119,207	4,1,0.6085,0,180;5,0,0.8765,3,209;2,3,0.6015,0,145;1,1,0.7985,0,24;2,4,0.7715,2,45;1,2,0.8915,0,239
ood_compose_epi-01744	10	2	1	199,207,63,141,165,95,127,207,103,136,89,69,16,33,165,13,21,153,113,194,45,117,7,147,163,55,159,110,150,64,42,131,78,186,86,37	6,3,0.1205,0,73;8,3,0.5355,0,248;6,5,0.1565,0,203;5,4,0.2215,2,156;6,4,0.3935,0,63;6,1,0.0855,0,107
ood_compose_epi-01745	7	3	2	8,15,137,25,179,60,190,85,69,111,156,40,16,81,116,151,209,200,148,189,171,35,141,56,208,170,130,98,129,189,93,21,45,88,117,68	7,5,0.0225,0,6;0,1,0.0715,0,77;7,2,0.8395,0,44;8,3,0.0835,0,62;1,5,0.9875,0,31;8,0,0.3735,0,32
ood_compose_epi-01746	2	0	0	60,204,21,45,117,137,171,84,145,209,93,193,18,42,1,172,116,149,194,74,53,195,35,11,28,111,67,69,159,141,191,131,122,89,169,100	0,1,0.4225,0,97;3,1,0.4515,0,252;4,2,0.7345,0,203;1,2,0.2485,0,217;3,5,0.8135,0,202;1,1,0.2075,0,53
ood_compose_epi-01747	6	0	1	150,45,121,99,186,160,49,207,41,154,66,4,93,17,29,202,140,14,186,69,24,107,145,141,155,62,135,91,86,38,75,190,178,117,208,113	3,4,0.3265,3,250;4,4,0.3475,0,8;0,4,0.5465,0,85;2,4,0.6015,0,166;2,1,0.3705,0,153;0,5,0.8945,0,116
ood_compose_epi-01748	7	0	1	122,93,62,204,150,22,153,38,110,28,141,177,65,69,10,164,74,49,168,156,136,102,130,206,91,212,145,2,181,113,84,40,202,20,46,117	1,0,0.9695,1,178;3,4,0.1805,1,169;0,4,0.2915,0,225;1,2,0.7245,0,193;5,4,0.2965,0,51;1,0,0.1075,0,8
ood_compose_epi-01749	2	1	2	166,178,161,12,21,35,212,146,100,2,69,143,88,51,108,151,87,117,190,45,116,136,177,167,182,28,205,128,64,20,59,196,135,41,74,93	1,2,0.8435,0,159;3,1,0.2095,0,139;2,1,0.0195,0,90;1,5,0.0905,0,12;3,2,0.9315,0,212;7,5,0.1735,2,11
ood_compose_epi-01750	5	0	2	79,107,114,117,20,210,131,151,7,56,63,205,15,31,204,175,97,38,203,159,45,185,41,93,172,187,88,121,142,64,137,145,85,204,21,69	6,5,0.9585,0,245;6,4,0.3715,0,59;7,5,0.0535,0,60;6,3,0.0455,0,171;0,1,0.5715,0,7;0,1,0.2905,1,23
ood_compose_epi-01751	9	0	2	106,193,8,66,215,168,21,117,39,153,199,12,136,176,191,82,177,32,45,128,62,92,72,80,145,114,172,100,49,143,151,179,133,44,93,18	7,2,0.4585,0,5;7,5,0.8155,0,72;0,4,0.4755,3,124;7,0,0.9185,0,156;3,0,0.5145,0,104;7,3,0.0335,2,55
ood_compose_epi-01752	0	3	1	117,141,192,83,43,62,76,45,139,150,17,100,110,69,134,35,207,209,212,68,93,28,5,199,124,15,90,112,22,148,155,196,203,184,188,50	4,5,0.3605,1,205;3,1,0.6895,0,116;1,4,0.9145,0,81;3,1,0.4575,0,75;3,4,0.1565,0,59;3,4,0.7145,0,76
ood_compose_epi-01753	9	0	1	56,42,21,132,106,46,128,169,150,68,154,70,9,89,140,62,170,187,145,117,39,27,17,112,10,182,75,194,141,212,99,82,93,171,214,172	8,0,0.3785,0,38;2,5,0.5675,1,68;7,4,0.9845,1,59;2,0,0.2445,0,234;2,0,0.0665,0,218;7,2,0.8245,0,67
ood_compose_epi-01754	1	1	1	191,113,165,4,165,117,133,11,205,82,198,181,45,62,183,16,99,96,160,75,187,69,55,123,90,150,137,141,67,110,146,42,21,27,183,38	3,1,0.1555,0,16;2,4,0.5395,0,157;6,4,0.6245,0,225;2,0,0.5555,3,20;2,4,0.2655,0,180;2,3,0.2365,0,169
ood_compose_epi-01755	1	3	0	75,38,51,212,29,148,61,90,143,162,163,137,170,106,195,196,86,149,122,157,117,17,158,43,21,69,98,189,2,196,93,12,45,132,66,112	1,2,0.3865,0,206;4,4,0.6955,0,150;2,3,0.4975,0,247;2,4,0.5525,0,206;1,0,0.0695,0,112;1,2,0.2125,2,162
ood_compose_epi-01756	6	2	1	45,126,180,200,91,21,73,14,172,58,17,49,197,171,97,204,150,3,147,106,87,117,34,132,40,210,137,93,194,71,68,173,113,25,141,204	2,4,0.2045,0,137;0,0,0.0915,0,18;0,0,0.8755,2,6;0,5,0.6325,0,22;0,0,0.2155,0,133;5,2,0.3655,0,185
ood_compose_epi-01757	7	3	1	205,50,20,208,141,215,122,87,134,108,65,21,45,206,91,150,69,31,43,35,185,60,212,213,117,93,10,98,199,167,114,75,148,206,139,4	3,0,0.8485,0,185;6,1,0.6885,0,227;1,2,0.3255,0,209;2,5,0.7215,0,52;1,2,0.4865,0,82;1,4,0.7205,0,75
ood_compose_epi-01758	8	2	2	18,133,171,140,152,66,185,212,112,75,200,117,91,41,151,21,70,102,193,211,61,111,141,168,83,37,12,5,126,27,147,93,175,55,45,178	4,2,0.5295,0,42;2,3,0.2625,0,124;6,3,0.5635,1,226;2,1,0.6875,0,117;5,5,0.1725,0,97;5,3,0.9885,0,110
ood_compose_epi-01759	10	3	0	117,167,44,13,87,20,89,162,208,206,93,148,141,129,203,204,55,28,140,97,73,67,149,166,189,46,36,9,69,115,110,177,21,132,192,61	8,3,0.9865,0,103;3,2,0.9875,1,232;6,3,0.6205,0,43;0,5,0.2985,0,245;0,4,0.6485,0,62;8,2,0.9735,0,104
ood_compose_epi-01760	9	1	2	20,138,83,39,172,45,8,141,126,69,179,160,167,101,159,32,107,163,80,151,117,113,130,182,169,93,162,21,68,10,90,61,158,146,41,55	7,0,0.8585,0,111;7,5,0.2845,0,74;6,3,0.9395,0,2;7,1,0.4915,0,61;4,1,0.2555,0,61;5,0,0.4405,0,75
ood_compose_epi-01761	0	3	0	93,208,198,45,106,85,152,157,75,90,173,34,15,21,40,148,182,149,28,4,18,103,60,114,69,184,65,198,138,54,188,124,120,141,132,153	3,5,0.4095,0,100;3,0,0.1695,0,108;5,2,0.2785,0,79;2,3,0.5665,0,247;6,0,0.5535,3,130;3,2,0.5825,0,250
ood_compose_epi-01762	7	2	2	51,37,163,112,141,130,12,195,61,23,85,110,163,26,147,128,117,45,74,66,163,140,69,99,92,177,213,93,20,154,3,151,182,42,167,209	2,2,0.9685,2,74;1,3,0.4325,0,71;2,3,0.5225,0,98;1,3,0.8415,0,193;2,4,0.1145,0,124;7,0,0.9815,0,150
ood_compose_epi-01763	4	1	2	45,151,33,141,66,51,154,117,215,2,173,131,116,92,59,100,183,21,172,178,186,69,12,20,167,137,93,109,82,210,39,180,43,146,76,125	1,2,0.8805,0,57;8,5,0.7695,0,13;2,1,0.5655,0,94;3,0,0.9425,0,29;3,3,0.8505,0,18;4,1,0.3425,0,235
ood_compose_epi-01764	7	2	2	99,199,147,95,112,204,193,117,69,203,215,13,40,141,92,121,151,65,168,61,27,86,21,73,183,137,2,160,109,45,36,19,168,134,209,57	1,3,0.6655,0,99;2,2,0.0975,0,161;8,3,0.2595,0,104;0,4,0.8935,2,93;2,3,0.0405,0,19;0,4,0.3785,0,30
ood_compose_epi-01765	10	3	1	116,202,131,200,123,7,117,21,174,45,44,105,142,150,81,137,166,90,93,180,153,152,57,33,69,172,12,111,37,65,148,19,85,173,157,62	6,2,0.7705,0,163;8,3,0.8745,0,65;8,4,0.3575,0,35;8,3,0.5685,0,90;8,5,0.8165,0,159;2,1,0.3855,1,130
ood_compose_epi-01766	1	0	2	3,155,151,107,179,134,94,38,21,28,167,171,117,197,69,51,45,41,18,169,124,59,204,157,76,142,91,164,188,145,136,100,86,68,113,15	2,5,0.5375,0,174;3,4,0.3805,0,135;2,1,0.9205,0,10;3,4,0.7585,1,159;3,1,0.3545,0,111;3,4,0.1435,1,198
ood_compose_epi-01767	5	1	2	58,141,54,69,90,139,188,84,171,127,31,163,67,177,93,117,23,43,213,8,113,102,38,14,111,146,187,17,179,133,198,176,151,203,48,81	7,4,0.3645,2,194;6,4,0.7405,3,17;5,0,0.7975,0,179;8,2,0.4395,0,172;5,5,0.3195,0,184;6,3,0.6335,0,114
ood_compose_epi-01768	1	3	0	115,93,66,117,191,185,177,172,19,105,154,141,149,62,131,28,51,5,21,106,139,182,35,166,158,13,148,70,75,92,41,188,86,124,202,48	4,3,0.7665,0,8;3,1,0.3615,3,174;2,4,0.5585,1,64;2,4,0.9375,0,30;8,0,0.7385,0,117;3,1,0.6595,0,181
ood_compose_epi-01769	6	0	1	114,93,25,49,82,154,183,73,211,133,119,192,141,111,145,138,64,22,39,92,184,45,61,196,177,19,124,179,172,100,157,69,1,42,13,150	0,3,0.6595,1,33;0,5,0.4065,0,133;0,3,0.0765,0,120;0,0,0.9855,0,97;3,5,0.5725,2,53;3,3,0.4295,0,174
ood_compose_epi-01770	4	1	1	66,159,42,19,123,111,91,117,150,21,215,34,146,162,130,171,85,170,14,54,182,100,25,137,69,76,45,94,167,192,175,58,141,7,166,114	6,4,0.6205,0,188;0,0,0.5995,0,120;5,0,0.4885,0,176;3,3,0.6535,1,209;3,5,0.5455,0,20;2,0,0.2485,0,123
ood_compose_epi-01771	10	2	1	93,141,9,82,206,150,202,77,36,70,117,139,42,155,205,208,18,175,29,176,68,55,106,92,147,63,114,105,122,159,21,132,176,171,45,13	8,3,0.5225,0,140;4,2,0.5975,0,91;6,5,0.8615,1,248;4,0,0.8215,0,189;8,0,0.4255,0,42;1,2,0.6925,0,202
ood_compose_epi-01772	0	3	0	141,176,188,93,15,206,85,111,137,21,184,132,45,1,191,128,148,149,90,62,97,17,115,34,75,25,118,52,207,67,185,43,178,153,69,160	0,5,0.2865,0,229;0,0,0.6415,0,121;3,4,0.7065,0,181;2,3,0.5325,0,188;0,5,0.6545,1,71;7,2,0.2105,0,128
ood_compose_epi-01773	2	0	0	199,7,207,11,46,134,122,201,173,64,180,117,76,107,157,149,31,93,41,170,21,143,114,35,210,212,154,145,69,56,136,100,89,83,63,19	6,1,0.7755,0,227;6,1,0.3705,1,135;7,5,0.0895,0,123;3,1,0.3245,0,55;3,1,0.4995,0,137;1,4,0.0955,2,199
ood_compose_epi-01774	5	0	2	115,191,43,162,117,211,67,7,134,45,161,82,212,63,24,79,92,141,151,145,69,19,93,192,169,212,35,107,55,33,14,191,138,127,104,178	6,4,0.6085,3,221;8,1,0.7075,0,140;6,5,0.6225,0,188;6,0,0.9575,0,97;7,1,0.6505,0,236;6,4,0.4405,0,128
ood_compose_epi-01775	10	1	0	20,108,81,34,62,164,213,113,201,2,174,67,96,117,90,15,57,141,69,190,83,43,129,208,186,21,203,27,146,149,45,176,139,98,135,154	1,5,0.8445,0,4;2,0,0.7195,0,62;8,4,0.6665,0,221;8,1,0.5315,3,89;1,2,0.3795,0,177;8,5,0.6215,0,252
ood_compose_epi-01776	0	3	2	156,4,45,151,52,89,159,21,43,128,114,28,131,189,68,69,62,176,207,107,148,93,206,75,100,142,20,192,203,14,136,154,179,38,117,84	3,4,0.9705,0,177;3,4,0.6355,0,241;3,4,0.9785,0,40;2,2,0.2715,0,38;3,1,0.4335,0,72;7,1,0.0695,1,160
ood_compose_epi-01777	1	1	0	107,117,179,21,92,165,27,19,113,15,196,38,62,93,51,174,99,172,45,75,172,152,171,140,149,134,42,85,146,141,202,69,5,180,66,124	4,5,0.7035,0,78;2,4,0.5485,0,132;2,4,0.4095,0,63;2,3,0.9595,0,50;2,1,0.2965,0,33;3,4,0.8595,0,186
ood_compose_epi-01778	1	1	0	152,63,214,202,104,13,131,141,92,17,164,93,195,87,52,68,155,44,45,136,35,158,117,21,125,199,172,75,149,168,3,113,69,146,107,27	2,3,0.2115,0,0;2,1,0.9335,0,0;3,5,0.9295,0,60;2,5,0.8835,0,199;7,1,0.3955,0,245;4,1,0.0295,0,71
ood_compose_epi-01779	10	3	2	44,176,130,82,93,140,206,29,68,71,115,117,197,73,165,21,141,90,125,9,188,101,16,181,190,195,106,198,61,151,53,38,45,176,14,148	8,4,0.0725,0,42;4,4,0.8735,0,35;4,3,0.9685,2,80;0,0,0.4505,0,250;4,0,0.7375,0,23;4,0,0.8405,0,147
ood_compose_epi-01780	1	0	2	141,211,86,166,71,97,171,193,145,4,31,111,132,75,24,174,58,184,178,89,11,55,113,151,123,34,43,140,203,174,117,19,68,93,45,189	3,1,0.6045,3,27;6,0,0.6145,0,186;6,0,0.8165,2,189;2,4,0.3975,0,144;0,5,0.3735,0,89;2,2,0.9785,0,222
ood_compose_epi-01781	7	2	2	89,67,201,114,20,62,141,160,117,13,101,87,156,73,133,39,111,158,176,182,151,159,157,50,26,21,213,93,147,7,128,157,45,137,44,69	6,3,0.8135,0,219;1,5,0.8215,0,132;1,4,0.7595,0,126;0,5,0.2745,0,49;4,5,0.4375,0,2;7,3,0.3545,0,197
ood_compose_epi-01782	6	2	2	176,64,10,77,119,139,201,110,127,157,69,204,87,88,147,193,186,22,130,42,39,97,18,167,60,55,141,160,45,199,3,114,179,25,151,93	2,0,0.5115,1,132;0,5,0.4375,0,191;6,2,0.0665,0,112;4,5,0.0315,0,161;0,4,0.5195,2,109;6,0,0.7285,0,199
ood_compose_epi-01783	5	1	2	215,7,21,146,117,40,89,187,207,164,144,136,181,20,62,153,204,130,192,56,103,31,156,111,11,114,45,64,84,123,151,69,35,93,80,175	6,1,0.8475,0,88;6,1,0.0815,0,73;7,4,0.0465,0,83;7,2,0.2105,0,138;6,5,0.5815,0,39;2,0,0.0975,3,189
ood_compose_epi-01784	2	3	0	109,190,176,141,99,169,164,11,168,136,149,36,87,112,148,68,59,93,169,51,91,33,45,43,189,4,21,190,117,69,200,199,78,123,18,134	3,1,0.4345,0,179;8,2,0.7465,0,146;2,1,0.8925,0,174;5,5,0.7445,0,143;2,3,0.0035,0,164;2,4,0.0655,0,98
ood_compose_epi-01785	6	2	2	215,111,136,41,8,168,89,20,27,134,147,214,36,173,58,12,21,121,97,93,74,189,171,211,51,151,69,87,117,159,67,45,154,115,141,166	7,2,0.9465,0,170;2,2,0.3035,0,31;2,0,0.6095,0,255;1,5,0.2645,0,39;0,5,0.7705,0,15;0,4,0.0155,0,215
ood_compose_epi-01786	1	2	2	68,37,51,165,27,7,134,206,84,201,93,17,117,177,208,147,81,69,207,88,153,144,205,151,205,201,99,15,40,115,45,123,109,138,62,21	6,5,0.3615,0,123;2,3,0.1855,0,255;2,4,0.8145,0,34;8,2,0.0475,0,169;2,3,0.6425,0,250;2,4,0.4975,3,9
ood_compose_epi-01787	6	2	1	109,115,81,136,93,17,213,84,158,184,166,21,147,192,40,97,157,123,57,45,135,27,178,144,150,3,180,13,64,205,69,38,117,88,59,183	2,3,0.2565,0,57;2,4,0.0465,0,172;8,1,0.0075,0,228;8,2,0.0685,0,25;0,3,0.7525,0,82;2,5,0.0635,3,143
ood_compose_epi-01788	6	0	2	38,169,77,45,200,21,177,151,119,18,138,133,97,69,145,211,1,122,191,41,184,185,190,51,141,85,93,15,112,66,109,167,25,180,89,59	0,5,0.5625,0,8;0,4,0.2175,0,238;2,1,0.5135,0,68;4,3,0.3725,0,226;0,3,0.0725,2,79;1,3,0.4005,0,139
ood_compose_epi-01789	0	3	0	175,16,172,143,28,205,152,153,35,69,85,64,148,93,179,56,209,203,132,113,77,149,107,1,97,138,89,23,14,122,45,119,160,63,41,189	0,4,0.1045,2,3;3,1,0.3565,0,221;7,5,0.0885,0,56;4,3,0.3825,0,234;0,1,0.2655,2,208;1,2,0.4925,2,138
ood_compose_epi-01790	1	2	2	151,20,123,47,21,26,192,117,192,195,54,183,141,90,10,42,130,162,102,39,3,67,192,137,190,78,202,69,58,162,111,95,112,84,174,147	2,0,0.8515,0,173;1,5,0.4525,2,126;5,0,0.6715,0,106;5,2,0.5245,2,50;5,5,0.0015,0,58;2,0,0.3715,0,188
ood_compose_epi-01791	0	3	1	33,178,93,4,67,199,111,138,150,161,112,20,171,148,45,214,75,13,63,50,129,42,203,133,169,171,142,210,192,83,21,89,117,99,71,37	3,3,0.8605,0,124;8,3,0.4205,0,32;1,5,0.6615,2,208;2,1,0.3075,0,168;2,5,0.0005,0,57;8,3,0.5075,1,146
ood_compose_epi-01792	1	2	2	3,22,69,37,27,126,51,120,59,164,90,177,93,187,147,193,207,101,107,17,45,116,65,12,85,132,211,141,177,151,43,206,140,180,75,206	2,2,0.3915,1,51;2,3,0.7065,0,164;2,1,0.2735,0,162;2,3,0.4955,0,89;4,1,0.8915,3,106;5,2,0.8185,0,232
ood_compose_epi-01793	4	1	0	37,93,156,99,45,183,113,205,136,146,91,26,117,76,108,186,149,69,86,18,211,131,155,209,158,141,21,51,59,2,43,124,12,208,65,171	1,2,0.5505,0,130;1,3,0.6405,0,116;2,1,0.3215,0,160;3,4,0.6315,0,145;2,2,0.2925,0,59;3,1,0.1535,0,107
ood_compose_epi-01794	9	3	2	141,195,44,20,45,125,65,179,148,133,80,82,160,210,22,151,214,104,26,117,36,136,69,113,179,170,3,93,110,173,171,12,49,91,186,58	2,2,0.8785,1,26;1,2,0.8375,0,79;0,0,0.2995,0,133;7,0,0.7135,0,137;7,4,0.2185,0,148;4,3,0.1885,0,58
ood_compose_epi-01795	6	1	1	195,89,82,43,181,150,21,13,1,215,137,176,65,129,191,37,181,53,108,45,115,202,81,152,186,133,69,182,100,141,61,117,93,146,31,19	0,3,0.6945,0,55;6,3,0.6905,0,32;4,3,0.2925,0,90;8,0,0.3835,0,115;3,2,0.6395,0,106;8,3,0.2375,0,49
ood_compose_epi-01796	10	2	2	21,134,155,57,45,162,90,139,167,42,200,71,117,190,160,93,194,176,33,81,112,36,168,151,84,215,99,20,129,147,62,13,67,106,143,9	8,3,0.8515,0,96;8,2,0.4725,0,102;8,4,0.6005,2,155;8,2,0.5545,0,7;2,0,0.0945,0,208;8,4,0.7185,2,56
ood_compose_epi-01797	6	1	2	16,163,141,146,52,11,161,42,208,93,133,151,179,101,182,117,201,36,21,78,112,70,107,5,186,121,29,196,82,89,213,66,47,140,176,59	4,1,0.1695,0,184;4,2,0.4795,2,2;3,1,0.4765,1,15;5,0,0.2375,0,177;4,1,0.0515,0,128;0,3,0.9045,0,84
ood_compose_epi-01798	5	2	0	39,115,128,201,25,20,75,164,41,149,160,118,204,207,7,84,137,192,207,147,205,135,45,70,192,141,68,88,109,61,93,56,174,104,21,13	6,3,0.9435,0,203;0,5,0.2535,0,68;7,3,0.9635,1,188;2,2,0.0785,0,86;7,3,0.6305,1,248;7,5,0.2845,0,47
ood_compose_epi-01799	7	0	1	130,70,63,213,74,18,114,211,2,162,141,12,98,21,140,165,90,157,64,108,41,183,93,26,150,117,184,157,87,152,45,145,178,124,36,51	1,2,0.4475,0,132;1,2,0.2785,0,106;2,5,0.1695,1,68;1,5,0.5895,0,238;1,2,0.4065,0,54;3,0,0.8625,0,130
ood_compose_epi-01800	2	3	2	98,93,209,130,52,187,140,203,114,124,82,162,45,194,179,144,21,191,148,151,66,177,118,41,19,92,74,12,107,29,59,205,69,38,2,160	1,2,0.7055,0,126;4,4,0.3845,0,243;3,1,0.4325,0,243;1,0,0.8065,0,166;1,1,0.4415,1,0;3,0,0.9275,3,122
ood_compose_epi-01801	6	0	0	164,172,161,77,88,170,117,168,95,10,52,194,58,111,69,5,17,206,113,133,66,190,149,28,35,161,197,145,21,137,45,44,86,141,97,121	4,0,0.2735,0,125;3,1,0.8975,0,171;3,0,0.5835,0,0;4,4,0.1455,2,68;0,5,0.3235,0,120;0,3,0.2085,0,219
ood_compose_epi-01802	1	1	2	119,131,114,208,203,189,83,136,75,170,45,40,146,99,17,141,26,122,88,61,51,93,185,194,21,192,3,151,108,157,11,153,36,67,69,170	2,1,0.3865,0,115;1,2,0.1255,0,92;2,3,0.6495,0,231;2,1,0.1485,0,0;2,2,0.4435,2,6;1,1,0.0035,0,151
ood_compose_epi-01803	9	2	2	43,161,63,6,158,67,88,154,166,199,117,114,210,93,104,83,32,69,56,138,80,21,147,169,155,123,11,135,166,191,151,36,45,108,16,144	5,1,0.0105,0,226;7,2,0.7595,0,168;7,5,0.7045,0,148;7,1,0.0045,0,9;7,2,0.5135,0,90;2,5,0.5935,3,239
ood_compose_epi-01804	4	1	1	113,61,163,67,215,126,75,153,162,10,136,93,39,30,3,150,215,40,135,146,91,179,187,100,192,117,213,175,52,141,107,69,21,19,45,86	2,0,0.7325,0,19;5,5,0.1945,0,146;3,3,0.7985,0,104;2,4,0.6735,0,229;3,1,0.3655,0,24;5,5,0.1365,0,134
ood_compose_epi-01805	10	0	0	162,125,196,105,21,40,53,141,64,131,45,145,27,200,138,92,173,58,114,204,173,5,117,39,213,93,106,69,194,14,77,87,175,20,209,149	4,4,0.9495,0,238;2,5,0.1085,0,145;4,0,0.1385,0,118;4,5,0.8695,0,154;8,0,0.5565,0,106;4,1,0.5645,0,45
ood_compose_epi-01806	1	0	0	137,111,215,212,93,191,116,171,86,130,172,8,44,149,88,54,14,190,117,189,154,28,99,126,75,144,162,65,34,145,21,182,16,48,58,69	7,4,0.0915,0,85;3,0,0.9325,3,71;5,0,0.2235,0,150;2,4,0.1075,0,27;2,5,0.8845,0,39;5,0,0.3765,3,200
ood_compose_epi-01807	2	1	2	32,44,138,18,170,79,141,108,193,65,215,170,158,88,84,160,103,61,131,93,45,151,155,6,53,21,207,117,113,36,146,12,178,189,69,124	5,2,0.4835,0,153;7,2,0.8365,0,77;4,3,0.3625,0,171;6,2,0.1555,0,115;6,2,0.2805,0,31;3,1,0.4075,0,67
ood_compose_epi-01808	2	1	0	127,149,59,52,18,45,172,212,34,203,200,40,181,192,85,69,21,106,6,193,31,138,144,112,93,179,88,130,158,75,146,11,100,117,67,203	5,1,0.5075,0,222;6,0,0.1565,0,2;3,1,0.7545,0,59;2,3,0.0295,0,96;3,0,0.1575,0,180;6,0,0.5125,3,112
ood_compose_epi-01809	2	3	0	17,133,114,192,42,90,48,107,137,177,194,122,21,201,161,54,30,117,173,39,149,175,143,11,4,215,96,148,97,212,76,71,65,58,85,189	3,1,0.3095,0,161;5,5,0.4355,3,164;5,0,0.2655,2,137;3,3,0.5525,3,175;0,1,0.4895,0,0;1,3,0.3255,2,215
ood_compose_epi-01810	5	2	1	90,185,133,21,104,27,214,107,60,68,150,42,159,147,137,165,55,81,141,83,15,94,113,176,69,7,45,117,172,176,39,158,127,18,199,204	6,5,0.4275,0,255;2,5,0.5485,0,188;6,2,0.8655,0,144;8,1,0.5865,1,202;7,1,0.2225,0,75;6,3,0.2765,0,238
ood_compose_epi-01811	9	1	1	172,110,178,139,117,146,131,144,40,8,58,21,202,93,187,45,167,88,102,167,155,161,204,12,126,69,86,53,157,68,30,112,78,19,38,150	7,2,0.7625,0,198;5,4,0.1215,0,166;4,0,0.9035,0,156;5,4,0.1265,0,41;5,4,0.0325,0,133;5,1,0.7605,3,115
ood_compose_epi-01812	1	0	0	99,128,176,162,186,215,3,178,113,186,69,66,63,200,27,117,44,75,87,20,109,200,14,39,53,90,132,168,136,145,149,45,141,21,93,177	2,4,0.9115,0,88;2,5,0.8625,0,32;4,5,0.5075,0,111;2,5,0.5075,0,109;2,3,0.2665,0,18;7,2,0.0065,0,208
ood_compose_epi-01813	6	1	0	149,33,112,118,189,45,81,43,19,156,105,126,34,186,167,63,195,109,182,67,49,208,89,93,86,146,152,12,131,144,1,69,136,193,24,210	0,2,0.6665,3,19;8,0,0.6395,0,73;0,5,0.6845,0,86;8,4,0.2655,0,185;8,3,0.1285,1,39;5,1,0.1795,3,25
ood_compose_epi-01814	9	0	1	189,69,45,32,118,214,93,14,42,141,131,37,20,167,183,155,64,162,145,115,124,59,99,21,85,173,89,75,150,108,160,8,56,139,167,183	7,4,0.8345,0,225;7,3,0.4015,0,52;7,1,0.1665,0,173;2,3,0.3865,0,113;2,2,0.6845,1,68;3,1,0.7215,0,158
ood_compose_epi-01815	10	2	0	56,44,149,9,141,176,92,158,61,29,174,200,21,45,180,184,105,37,16,197,133,93,138,200,125,201,64,69,82,117,114,73,213,147,109,14	8,4,0.0835,0,6;4,3,0.9605,0,101;7,3,0.0545,0,154;0,0,0.9145,0,91;8,3,0.4735,0,144;4,3,0.4435,0,201
ood_compose_epi-01816	6	2	2	31,202,159,182,37,156,137,63,193,121,65,85,93,91,40,206,19,45,69,172,1,141,171,73,14,187,151,103,147,113,110,134,49,21,119,195	0,4,0.7505,0,120;6,3,0.1335,0,177;0,5,0.3305,0,84;0,3,0.7285,0,243;6,4,0.2015,2,98;0,4,0.3935,0,179
ood_compose_epi-01817	1	3	1	45,114,5,123,197,43,205,130,162,60,34,11,155,148,150,155,86,69,190,117,101,51,75,110,89,141,27,188,21,16,158,137,162,94,67,204	4,1,0.1895,0,176;2,0,0.6335,0,173;2,2,0.6675,0,156;2,4,0.2055,1,59;4,4,0.4595,0,155;2,0,0.3995,0,177
ood_compose_epi-01818	8	0	2	58,212,15,184,45,69,89,21,6,54,18,132,112,151,145,35,110,140,141,161,195,73,195,158,32,198,84,117,93,101,162,41,197,125,186,65	5,5,0.5675,0,65;7,1,0.2465,0,227;5,0,0.2475,0,38;0,2,0.3645,0,98;4,4,0.1435,0,111;4,2,0.9095,0,230
ood_compose_epi-01819	1	0	2	120,197,165,170,67,45,92,174,57,141,3,14,214,168,123,107,85,214,151,16,21,69,113,100,140,145,180,93,132,27,153,35,62,43,196,75	2,4,0.1235,0,26;2,1,0.7985,0,234;8,4,0.7135,0,117;2,3,0.9475,0,226;3,1,0.3905,3,234;2,2,0.8515,0,177
ood_compose_epi-01820	1	2	1	44,178,66,116,3,14,51,37,130,128,92,141,181,203,147,93,163,107,69,201,117,22,158,45,83,99,138,150,61,200,25,75,20,192,184,210	2,4,0.9105,1,53;0,3,0.8525,0,179;2,3,0.4265,0,192;2,1,0.8825,0,220;2,1,0.8905,0,182;7,0,0.5015,0,72
ood_compose_epi-01821	6	0	0	12,174,186,141,25,78,132,145,113,36,69,83,40,181,107,65,178,156,63,89,193,190,49,149,171,1,48,178,139,93,122,189,117,97,20,21	0,2,0.9185,0,170;0,2,0.0985,3,198;0,5,0.3645,0,190;5,1,0.3875,0,88;0,1,0.2085,0,203;1,2,0.7765,0,23
ood_compose_epi-01822	0	3	2	86,135,8,126,156,172,214,148,109,64,189,77,58,90,144,117,140,53,191,155,45,11,189,16,96,168,112,28,151,97,69,44,21,215,162,35	7,1,0.0675,0,58;3,1,0.8055,0,106;4,0,0.1765,0,92;4,4,0.5515,3,226;0,3,0.0475,0,157;5,5,0.9155,3,193
ood_compose_epi-01823	9	1	0	64,19,38,141,21,136,32,196,70,42,115,12,149,82,117,8,212,146,181,130,199,175,213,75,207,93,45,191,99,128,175,62,161,90,107,56	7,2,0.6175,0,175;7,4,0.5195,0,71;7,4,0.0885,1,219;2,0,0.5045,0,195;2,1,0.7115,0,121;7,0,0.1025,0,202
ood_compose_epi-01824	9	1	0	91,128,178,139,155,108,15,84,179,103,96,141,160,60,32,146,149,38,133,24,56,8,192,65,188,20,69,112,117,159,156,160,177,47,43,76	7,5,0.8845,3,95;7,4,0.7385,2,40;7,2,0.2865,0,236;3,2,0.6995,3,83;6,2,0.1765,0,12;7,3,0.7075,0,90
ood_compose_epi-01825	2	1	2	50,39,210,45,146,30,205,135,151,175,190,139,115,75,159,195,98,4,144,88,86,12,157,58,179,93,208,108,18,125,21,64,204,71,117,41	3,2,0.5855,0,244;5,5,0.3995,0,34;1,0,0.0245,2,125;2,4,0.0815,0,49;1,2,0.6995,0,236;4,5,0.6325,3,83
ood_compose_epi-01826	10	1	1	55,119,173,107,42,125,146,29,160,155,180,38,69,164,97,84,209,89,66,5,150,20,15,206,115,172,193,143,140,58,45,78,198,22,130,94	4,5,0.9875,1,88;4,4,0.5245,0,134;6,0,0.5015,0,101;5,2,0.2285,1,107;0,1,0.6005,2,169;4,0,0.8295,2,109
ood_compose_epi-01827	1	1	2	58,170,100,69,152,54,178,15,94,66,202,37,197,192,44,86,108,117,141,136,89,172,75,151,182,21,45,188,146,161,130,115,27,121,1,19	0,5,0.7465,0,23;2,3,0.8695,0,251;5,0,0.5175,0,20;2,4,0.2445,1,0;3,2,0.7525,0,173;0,0,0.1435,0,83
ood_compose_epi-01828	4	1	0	131,163,210,124,85,141,45,140,185,192,21,167,156,110,198,52,58,89,163,4,31,40,67,152,117,101,78,95,208,69,146,20,149,12,114,38	3,2,0.9265,0,121;6,4,0.1035,0,114;3,0,0.6175,0,87;5,3,0.2045,2,179;4,4,0.5635,0,165;3,1,0.9585,0,117
ood_compose_epi-01829	1	1	0	208,58,108,21,180,114,41,67,161,146,99,16,45,3,149,117,200,141,184,32,93,15,139,91,36,79,121,174,69,153,85,184,56,171,131,197	2,5,0.1835,0,241;7,2,0.3355,0,162;7,0,0.6945,0,209;6,3,0.6745,0,228;2,2,0.5635,0,194;0,1,0.6855,0,204
ood_compose_epi-01830	2	0	0	168,209,12,17,94,183,117,58,181,51,200,166,102,141,149,47,69,77,115,169,21,38,29,5,92,107,145,44,187,138,66,83,132,197,205,128	4,2,0.2185,0,91;4,4,0.9895,2,111;2,0,0.4575,0,206;4,1,0.8105,1,40;5,1,0.6085,0,25;7,2,0.5425,0,129
ood_compose_epi-01831	10	3	0	167,201,213,86,52,44,110,105,117,91,29,200,213,15,65,19,9,149,155,45,21,148,190,39,116,159,141,139,159,130,93,70,206,77,60,123	8,5,0.7255,0,107;4,5,0.9395,0,57;3,2,0.2915,1,33;4,4,0.6935,0,185;8,4,0.8645,0,80;2,0,0.7185,0,38
ood_compose_epi-01832	9	2	2	32,194,93,45,74,61,51,21,213,82,176,8,205,66,113,14,20,151,117,203,69,155,44,188,132,141,90,98,38,152,183,140,180,147,128,110	7,4,0.9115,0,143;7,4,0.9315,0,173;2,3,0.5015,0,62;1,0,0.5475,0,234;1,4,0.3915,0,233;7,2,0.8175,0,31
ood_compose_epi-01833	10	2	1	172,13,106,20,61,65,6,136,150,169,21,37,213,201,42,180,89,116,195,197,123,93,141,164,75,45,171,51,29,102,147,132,190,69,83,120	5,3,0.8415,0,161;4,3,0.5895,0,239;2,3,0.2195,0,75;2,1,0.3775,0,50;5,0,0.9785,3,168;2,2,0.1165,0,21
ood_compose_epi-01834	7	2	1	49,118,110,122,191,29,168,14,99,132,93,88,200,212,212,82,6,203,147,45,70,215,158,64,141,169,112,21,60,40,161,150,38,17,75,140	5,4,0.3785,0,119;4,4,0.0175,0,87;0,2,0.1225,1,62;2,0,0.1485,0,176;2,4,0.1025,1,241;1,2,0.8255,0,160
ood_compose_epi-01835	6	1	1	120,177,67,141,209,93,170,169,195,49,195,25,38,74,140,195,123,44,69,1,89,130,21,45,20,170,195,97,108,114,11,60,84,146,161,150	0,1,0.9075,0,190;0,4,0.8065,0,96;0,2,0.7445,0,31;1,2,0.3825,0,223;0,2,0.5295,3,16;2,0,0.9705,0,230
ood_compose_epi-01836	2	3	2	148,114,53,189,168,151,82,190,189,171,45,21,78,136,130,10,92,103,159,66,128,8,69,107,141,93,36,165,28,153,20,117,190,43,58,176	7,0,0.9865,0,28;3,2,0.6445,0,233;4,0,0.4235,0,138;5,0,0.8835,0,44;6,1,0.5795,0,254;7,0,0.0525,0,57
ood_compose_epi-01837	0	3	1	124,16,4,111,148,201,45,192,51,200,63,139,156,141,100,184,131,69,152,171,88,93,12,180,118,42,208,76,28,36,205,67,87,112,22,150	3,2,0.1025,1,225;3,2,0.4555,0,72;2,5,0.6665,0,72;3,5,0.0815,0,152;3,5,0.1475,1,96;3,1,0.7655,0,77
ood_compose_epi-01838	6	0	2	145,141,92,210,93,45,50,131,179,30,174,203,86,151,20,106,35,176,112,60,73,210,65,69,21,179,3,10,170,119,123,40,99,191,178,139	2,0,0.8995,0,198;5,1,0.1995,0,253;1,2,0.2175,0,126;0,4,0.9385,0,45;2,0,0.0825,2,85;2,1,0.7665,0,251
ood_compose_epi-01839	5	2	2	93,115,197,59,191,21,206,69,177,178,184,118,67,141,37,56,45,194,110,138,7,147,75,41,174,205,20,90,31,99,128,151,15,82,163,134	6,5,0.8515,0,158;6,3,0.2945,0,75;7,1,0.6045,0,82;2,0,0.4235,0,50;2,4,0.7845,1,202;7,4,0.4345,0,96
ood_compose_epi-01840	1	1	0	131,182,206,149,68,35,174,27,117,20,211,85,185,24,92,206,146,138,209,12,75,186,69,99,93,9,115,40,111,124,50,63,157,174,141,45	8,2,0.9265,3,92;2,1,0.0575,0,26;1,5,0.9585,0,211;2,3,0.8955,0,106;2,5,0.7365,0,20;3,1,0.5905,0,231
ood_compose_epi-01841	6	0	0	26,140,141,194,22,149,158,76,1,38,93,48,183,157,170,166,69,158,145,12,17,97,60,50,91,174,121,117,192,112,68,179,44,86,107,134	0,2,0.2165,1,193;1,4,0.9505,3,153;1,2,0.8815,0,203;3,4,0.7485,0,137;0,1,0.0225,0,254;0,4,0.8515,0,12
ood_compose_epi-01842	1	0	0	187,186,204,17,133,136,149,141,145,154,42,68,161,166,120,106,207,60,12,33,48,164,165,123,102,90,93,69,113,21,37,159,75,7,87,56	6,2,0.2275,0,60;8,3,0.5335,3,146;7,2,0.9805,0,14;2,5,0.4235,0,236;5,0,0.2925,3,107;2,3,0.1195,0,67
ood_compose_epi-01843	1	1	0	27,213,11,169,146,66,24,117,75,149,109,18,113,84,141,9,139,160,168,53,61,168,45,156,124,91,35,182,99,69,166,93,130,200,44,179	8,1,0.4965,3,124;2,1,0.8905,0,111;4,3,0.5115,0,147;2,2,0.6025,0,27;2,3,0.2315,0,78;3,0,0.6415,0,105
ood_compose_epi-01844	9	2	0	186,116,147,141,7,91,93,21,137,108,211,69,66,105,26,60,192,177,185,135,149,194,178,54,117,45,194,44,82,205,128,78,169,37,12,18	6,2,0.5445,0,196;1,3,0.8385,0,193;5,2,0.5065,0,98;5,0,0.7855,0,198;8,2,0.9405,0,186;7,5,0.3585,0,78
ood_compose_epi-01845	7	0	2	111,41,215,93,45,36,112,69,97,73,193,85,173,91,51,2,145,166,153,66,151,14,117,179,165,185,141,32,18,184,137,132,209,125,61,21	1,4,0.4085,0,214;7,2,0.3345,0,104;2,3,0.5505,0,209;0,3,0.7935,0,53;0,5,0.1605,0,112;4,2,0.2885,0,82
ood_compose_epi-01846	9	2	0	82,111,37,65,33,209,58,147,131,120,45,98,157,208,90,126,93,155,20,137,212,112,79,205,196,53,21,2,69,141,149,14,158,42,200,194	1,4,0.9725,0,82;8,3,0.4425,0,226;4,0,0.3675,0,218;6,0,0.4835,0,115;1,5,0.0675,3,90;5,1,0.2785,0,77
ood_compose_epi-01847	9	0	2	47,26,189,99,86,151,152,197,40,141,145,10,177,66,163,80,3,190,20,117,128,133,69,111,51,154,61,21,191,165,112,38,93,195,139,90	2,0,0.9445,0,38;1,4,0.0655,2,87;2,3,0.4175,0,120;7,4,0.5625,0,70;2,5,0.1305,0,3;7,3,0.6055,0,242
ood_compose_epi-01848	8	0	2	6,215,141,30,181,69,174,45,90,174,139,151,86,170,102,66,78,19,10,93,35,40,111,117,130,114,161,145,126,58,181,161,21,191,209,49	5,0,0.7215,0,17;5,1,0.1635,0,83;0,0,0.5905,0,76;5,4,0.5165,0,22;5,5,0.5585,0,11;5,0,0.7685,0,198
ood_compose_epi-01849	8	3	0	192,149,107,141,196,6,163,201,34,20,30,206,21,103,90,112,140,55,173,126,148,165,117,178,96,13,41,132,210,69,65,74,45,194,87,58	5,3,0.8035,0,247;5,0,0.2345,0,82;6,0,0.2105,0,222;1,5,0.4125,3,92;6,1,0.0895,0,120;5,2,0.9455,0,98
ood_compose_epi-01850	5	2	1	5,168,188,39,147,44,21,137,113,173,10,20,110,60,127,180,163,89,45,200,86,156,183,211,150,141,69,93,67,31,79,157,117,103,133,55	4,0,0.8345,0,184;6,5,0.9905,0,98;6,2,0.7425,0,100;6,4,0.2605,0,184;6,4,0.2065,0,26;6,3,0.3495,0,131
ood_compose_epi-01851	1	2	0	157,49,202,61,15,141,69,179,75,112,147,1,97,91,42,36,174,182,32,166,197,93,45,117,137,127,187,132,86,191,159,149,21,65,16,107	0,5,0.0285,0,146;7,2,0.5875,0,5;0,3,0.3715,0,47;2,4,0.7565,0,151;0,1,0.0715,0,88;6,2,0.3245,0,200
ood_compose_epi-01852	2	0	0	141,203,149,13,2,211,145,78,129,214,116,34,62,45,93,107,21,87,210,137,54,30,43,100,71,169,132,153,18,67,165,89,210,190,154,117	1,3,0.4415,0,246;5,0,0.7395,0,159;5,4,0.7325,2,215;5,5,0.3205,0,217;3,1,0.9385,0,64;8,2,0.2925,0,151
ood_compose_epi-01853	1	3	1	21,193,3,77,196,156,99,36,167,142,116,163,111,60,69,117,45,148,150,152,13,55,25,139,123,91,175,183,66,85,44,198,18,132,93,200	2,3,0.5095,0,161;0,2,0.9265,0,93;6,2,0.4355,0,1;4,3,0.6455,0,179;2,5,0.8525,0,9;2,2,0.7725,1,232
ood_compose_epi-01854	9	2	0	156,184,168,36,142,120,45,3,90,154,93,41,149,134,212,123,56,77,83,111,10,113,69,99,147,21,153,32,19,189,65,172,214,62,198,137	2,0,0.6745,0,102;7,2,0.2745,0,154;7,4,0.3645,0,60;4,1,0.5805,0,221;2,5,0.2325,3,154;2,4,0.3645,1,81
ood_compose_epi-01855	7	2	2	106,25,121,39,64,183,195,79,197,20,93,141,169,2,21,119,203,167,63,155,147,51,212,87,45,151,112,135,90,138,14,40,99,193,168,69	1,4,0.8735,0,163;0,5,0.1355,0,171;2,5,0.0155,0,51;6,5,0.4955,0,121;2,0,0.0195,2,124;0,5,0.5445,0,104
ood_compose_epi-01856	5	2	1	83,156,139,141,41,153,61,69,39,31,94,7,184,134,147,81,117,20,152,99,150,45,202,13,189,176,127,112,111,198,21,169,175,89,55,66	6,3,0.9615,0,222;6,5,0.2575,0,6;6,3,0.5045,0,146;8,1,0.2815,1,104;2,5,0.1665,0,24;6,4,0.6675,0,153
ood_compose_epi-01857	6	1	1	146,122,185,49,29,156,164,197,20,170,73,45,69,117,21,65,183,92,150,114,35,137,1,184,133,93,15,60,106,204,101,85,158,44,170,141	0,5,0.9455,0,173;4,1,0.9115,0,15;0,2,0.3745,0,98;0,3,0.9395,0,128;4,0,0.5605,0,125;1,3,0.2305,0,213
ood_compose_epi-01858	5	3	2	58,96,41,69,151,172,215,45,31,17,148,214,56,134,21,152,88,100,65,141,181,210,75,86,197,116,128,39,7,117,206,136,181,12,106,196	6,2,0.3175,0,209;6,5,0.2115,0,22;7,0,0.3675,0,250;2,4,0.1965,3,30;3,0,0.8125,0,154;7,4,0.1025,0,124
ood_compose_epi-01859	6	1	0	141,93,1,211,139,73,198,135,181,158,25,45,44,54,114,118,91,178,36,19,146,149,158,193,157,168,64,69,22,193,121,58,100,14,109,82	0,4,0.6215,1,24;0,2,0.8475,0,192;5,0,0.1225,0,63;0,0,0.7475,0,6;3,3,0.5965,1,156;0,5,0.7205,0,165
ood_compose_epi-01860	10	1	0	96,45,135,106,146,195,69,170,159,68,57,33,117,91,36,61,13,211,115,177,21,17,141,158,76,1,129,167,86,149,175,188,104,183,42,138	0,3,0.2655,0,183;8,2,0.5945,0,130;8,3,0.8475,0,178;3,4,0.7065,3,173;7,0,0.6875,0,108;8,5,0.4015,0,24
ood_compose_epi-01861	10	1	2	141,125,33,110,179,113,166,1,53,192,159,101,132,62,93,189,207,86,88,184,15,137,19,151,117,45,69,38,190,146,178,44,191,77,65,21	0,5,0.6295,0,2;8,4,0.9065,0,143;4,4,0.2055,0,209;4,4,0.0715,0,134;4,4,0.3075,0,65;4,2,0.3805,0,212
ood_compose_epi-01862	6	1	1	83,47,21,191,41,150,203,156,162,210,152,197,11,134,58,141,121,146,97,139,34,4,115,94,188,17,73,155,111,90,187,117,66,69,52,27	3,1,0.3465,0,239;2,0,0.3295,2,188;3,0,0.4655,0,224;0,1,0.5205,1,50;0,5,0.7805,0,27;0,4,0.7035,0,146
ood_compose_epi-01863	1	1	1	21,42,12,91,51,143,38,86,150,45,139,93,63,75,197,115,177,146,185,131,186,29,185,156,66,206,99,117,123,106,177,5,158,69,20,196	4,2,0.9745,0,31;4,4,0.4355,0,230;2,5,0.5175,0,225;2,4,0.7655,0,108;2,0,0.7835,0,109;2,1,0.6855,2,225
ood_compose_epi-01864	5	2	1	111,55,131,207,21,188,82,45,147,79,120,199,34,58,7,69,139,181,113,128,27,207,99,96,15,150,201,144,20,181,160,42,90,153,64,207	6,5,0.8575,0,87;2,0,0.4335,0,98;6,0,0.0585,0,63;6,0,0.5115,3,234;2,5,0.3425,3,223;7,1,0.6665,3,229
ood_compose_epi-01865	10	2	0	38,181,183,149,9,77,101,29,174,21,51,66,190,162,63,171,121,147,156,48,179,138,15,86,17,90,143,110,41,69,134,117,183,201,115,93	8,5,0.2405,0,197;4,4,0.3815,3,76;2,5,0.4555,0,3;4,4,0.4245,0,89;4,4,0.6675,0,173;0,4,0.4915,2,64
ood_compose_epi-01866	2	0	2	64,45,140,15,22,108,131,89,166,117,202,34,151,179,103,20,115,28,174,69,141,145,124,198,96,185,160,3,76,52,59,165,168,85,40,161	2,5,0.9115,1,188;3,0,0.0955,0,159;3,1,0.0325,0,220;3,3,0.3715,3,231;6,2,0.6535,0,226;3,1,0.8095,0,205
ood_compose_epi-01867	10	0	2	75,115,145,160,137,56,87,174,178,106,13,141,159,89,163,67,135,43,45,62,211,9,69,21,117,105,93,209,36,178,129,151,213,27,20,181	8,3,0.9075,0,144;2,2,0.6255,0,70;7,4,0.7465,0,149;2,5,0.2885,0,198;8,0,0.7725,0,151;8,5,0.3355,0,80
ood_compose_epi-01868	9	1	0	189,46,80,42,192,69,172,160,55,141,115,35,193,181,146,149,61,104,213,18,109,29,2,12,93,21,138,90,85,125,213,66,169,133,117,162	1,2,0.5715,0,37;4,1,0.4895,1,3;6,3,0.5995,0,129;7,3,0.5015,0,97;7,3,0.6515,0,247;4,3,0.5865,0,105
ood_compose_epi-01869	10	0	1	162,167,160,43,150,156,89,124,28,47,141,68,165,93,116,9,87,167,131,138,163,105,17,181,54,10,58,109,117,21,69,160,145,75,191,38	8,0,0.3945,0,137;3,4,0.7405,2,252;5,0,0.8725,0,216;2,5,0.2005,0,24;8,3,0.9795,0,173;3,1,0.4885,0,49
ood_compose_epi-01870	9	2	2	136,130,20,153,178,104,206,128,95,117,195,152,111,8,141,210,86,80,174,49,21,30,116,59,12,69,189,169,151,42,37,66,91,158,45,147	7,2,0.8015,0,106;5,3,0.5605,0,241;0,1,0.4545,0,142;7,4,0.6365,2,174;7,5,0.9645,0,204;7,0,0.0035,0,202
ood_compose_epi-01871	4	1	2	181,63,69,28,195,112,117,141,151,164,37,14,21,105,140,134,45,129,165,109,214,183,155,86,146,92,93,170,52,44,19,4,172,66,77,210	3,4,0.6325,0,255;3,3,0.8355,0,19;3,5,0.5365,0,210;4,4,0.9235,0,138;8,3,0.1015,0,65;8,4,0.8175,0,78
ood_compose_epi-01872	10	0	2	58,68,213,105,197,23,151,131,109,19,212,71,114,160,44,212,139,201,196,154,201,77,57,167,141,145,6,92,84,117,13,96,123,47,30,36	5,3,0.7065,2,70;5,2,0.9175,2,112;8,0,0.9715,2,100;4,2,0.8235,3,94;8,3,0.5435,0,249;2,1,0.6025,0,232
ood_compose_epi-01873	9	3	1	80,142,87,162,8,100,112,45,34,156,42,179,108,170,181,30,150,148,66,194,51,17,72,137,188,93,58,171,132,21,120,196,90,186,122,10	7,0,0.3165,0,172;5,0,0.4025,0,223;2,0,0.4185,3,118;7,5,0.5685,0,32;3,2,0.0285,3,225;1,2,0.3895,1,105
ood_compose_epi-01874	2	0	1	114,211,21,106,213,4,159,28,142,11,62,73,84,136,180,50,165,155,93,121,145,17,117,91,192,45,36,192,97,132,44,173,150,190,69,68	3,1,0.3565,0,224;3,2,0.8425,0,3;1,4,0.9525,0,217;0,2,0.6655,0,176;0,0,0.5235,0,188;0,2,0.1405,1,119
ood_compose_epi-01875	1	3	0	199,177,141,148,200,190,116,137,43,164,91,45,213,66,21,149,192,133,186,55,152,16,13,110,34,210,63,73,6,93,33,117,69,99,87,123	5,3,0.1365,0,55;8,0,0.7865,0,66;6,5,0.4345,0,15;0,5,0.7575,0,114;2,4,0.8035,0,161;2,3,0.2445,0,86
ood_compose_epi-01876	5	2	1	150,165,57,60,142,42,203,173,65,166,73,27,90,176,22,127,116,215,196,136,188,95,103,69,171,117,147,83,20,15,111,45,39,134,7,185	6,5,0.9555,1,128;2,5,0.4025,0,25;8,2,0.3575,0,106;0,1,0.5165,2,209;6,5,0.8265,0,38;6,4,0.0275,1,177
ood_compose_epi-01877	0	3	0	28,129,45,84,212,64,149,141,13,206,171,205,189,131,19,34,75,158,109,148,69,100,93,139,197,91,59,214,114,117,196,55,9,175,21,43	8,3,0.7535,0,245;3,0,0.6355,0,119;6,1,0.0205,0,143;2,2,0.6515,0,134;3,3,0.5815,0,35;8,1,0.6515,0,34
ood_compose_epi-01878	3	0	1	131,157,76,45,194,166,145,161,91,15,114,141,37,100,124,150,52,93,87,69,109,18,28,194,139,186,68,43,214,206,2,193,24,117,58,180	1,5,0.5985,3,115;3,3,0.6175,0,186;3,0,0.9905,0,112;3,5,0.7275,0,188;3,3,0.4025,0,231;3,1,0.6995,0,136
ood_compose_epi-01879	1	2	0	54,122,78,88,171,208,45,149,27,167,109,136,96,143,41,205,172,20,61,21,187,117,197,116,69,99,86,8,36,131,159,147,13,66,154,169	7,3,0.9635,0,10;2,2,0.3255,0,104;5,3,0.4145,0,233;5,4,0.0485,3,13;2,3,0.8495,0,183;1,1,0.0865,2,145
ood_compose_epi-01880	4	1	0	45,117,205,99,94,22,64,141,196,17,49,149,189,85,189,156,91,35,183,167,134,146,139,63,43,184,156,28,74,14,107,112,2,124,171,71	1,4,0.3205,1,253;3,1,0.6505,0,111;0,5,0.0175,2,89;1,3,0.6595,1,211;2,1,0.0145,0,130;3,4,0.6065,0,32
ood_compose_epi-01881	10	0	2	117,60,139,203,141,55,130,110,66,170,166,89,44,163,114,198,93,39,18,198,70,45,9,21,151,103,193,11,87,33,79,145,215,127,157,186	8,1,0.5385,0,99;8,5,0.8555,0,25;6,2,0.4155,1,58;6,5,0.3635,0,71;6,4,0.5245,0,182;6,0,0.7415,0,23
ood_compose_epi-01882	10	3	1	69,5,93,21,29,102,76,36,170,186,108,205,125,180,174,150,132,141,17,170,67,53,178,148,59,137,89,45,180,86,212,41,14,116,164,117	4,4,0.2765,0,122;4,2,0.3875,0,48;4,1,0.6755,0,232;3,4,0.2185,0,80;5,2,0.9735,0,208;4,2,0.2885,0,251
ood_compose_epi-01883	5	3	0	148,74,93,189,84,12,181,38,140,69,45,88,162,181,62,141,214,187,164,100,17,135,22,208,26,127,67,209,117,41,169,149,116,49,2,106	1,2,0.2515,1,2;1,4,0.2305,0,58;0,4,0.7055,0,118;1,2,0.0995,0,91;3,0,0.8385,0,26;6,5,0.9375,0,10
ood_compose_epi-01884	1	1	1	69,75,112,68,28,91,11,128,176,43,141,171,174,103,56,181,4,210,93,23,137,174,210,85,58,150,47,206,16,37,146,132,120,176,106,194	3,1,0.1375,2,76;3,3,0.6035,2,249;7,0,0.9535,0,3;2,3,0.6005,0,254;6,0,0.0095,3,112;7,2,0.3755,0,217
ood_compose_epi-01885	1	1	2	45,151,214,188,117,161,66,85,123,215,21,146,89,110,158,9,177,213,55,138,113,75,36,40,155,188,97,58,202,93,27,133,141,69,10,18	8,0,0.5135,0,188;2,2,0.1015,0,118;6,0,0.5255,0,71;2,3,0.2395,0,165;0,4,0.2765,0,48;2,3,0.5475,0,172
ood_compose_epi-01886	2	2	0	93,149,144,24,39,175,178,208,113,164,138,31,16,103,135,196,165,147,10,92,7,108,77,168,50,47,83,123,161,40,214,69,66,117,60,189	6,0,0.1015,3,216;6,5,0.0395,2,60;1,2,0.4715,0,140;4,1,0.9875,0,235;6,2,0.2255,0,187;2,5,0.5095,3,98
ood_compose_epi-01887	1	1	1	181,20,117,67,212,3,203,160,45,113,206,208,108,150,15,185,146,21,155,124,80,198,82,52,213,25,90,99,61,41,70,130,39,141,93,137	2,5,0.8795,0,192;0,5,0.2505,0,32;3,3,0.7285,1,253;7,0,0.4715,0,50;2,2,0.3225,0,16;3,0,0.3915,0,106
ood_compose_epi-01888	1	1	2	87,108,204,198,45,206,130,38,17,57,113,141,146,93,59,69,104,123,66,162,173,27,75,151,117,42,21,11,190,88,209,155,7,139,160,158	6,1,0.3545,0,228;2,4,0.5035,0,1;8,1,0.5195,0,97;2,5,0.0955,0,170;7,2,0.3385,0,69;2,0,0.6305,0,183
ood_compose_epi-01889	10	3	0	117,81,149,33,105,198,21,129,90,45,85,167,136,160,35,57,142,135,191,17,115,204,15,196,148,195,199,215,69,179,93,60,111,3,40,66	2,5,0.2115,0,94;8,1,0.0805,0,107;8,2,0.4755,0,116;8,3,0.5425,0,158;8,5,0.6775,0,176;8,5,0.1675,1,66
ood_compose_epi-01890	8	1	2	162,202,165,141,21,115,58,1,117,151,137,195,89,17,43,193,202,54,146,102,123,35,133,66,48,14,69,87,169,111,203,93,157,28,78,213	0,4,0.3945,0,127;3,1,0.7965,3,61;5,0,0.4235,0,112;5,5,0.2655,0,46;5,5,0.7975,0,6;2,3,0.2085,0,221
ood_compose_epi-01891	1	1	0	17,164,161,93,153,122,202,179,3,106,196,153,69,113,146,45,141,21,91,152,39,11,27,175,84,51,117,209,44,81,99,132,63,138,68,149	2,1,0.2935,0,82;2,5,0.9165,0,207;2,5,0.9325,0,194;8,2,0.6095,0,50;2,0,0.3525,0,36;1,2,0.4165,0,38
ood_compose_epi-01892	1	2	0	35,103,117,215,181,191,147,21,64,77,132,62,44,141,90,113,139,11,196,93,169,111,54,173,7,45,177,166,123,29,17,186,86,149,69,157	6,1,0.2195,0,242;4,1,0.9345,0,249;5,4,0.0095,0,60;4,4,0.4165,0,231;6,5,0.3195,0,152;2,2,0.6265,0,240
ood_compose_epi-01893	2	3	1	35,166,110,124,173,21,72,154,58,12,141,45,160,181,140,31,199,82,88,148,116,19,93,41,79,68,212,157,104,196,174,117,56,150,4,131	3,2,0.7035,0,213;6,1,0.2625,0,129;7,0,0.8715,3,236;6,0,0.1535,0,113;7,4,0.9155,0,26;3,1,0.8235,0,14
ood_compose_epi-01894	7	0	1	125,92,114,141,8,160,117,54,130,170,80,61,66,110,86,45,26,44,162,179,150,206,172,186,14,98,22,139,71,36,187,145,96,194,16,172	7,4,0.0615,1,238;1,2,0.8685,0,236;5,3,0.4195,2,162;7,4,0.8305,3,90;1,4,0.4095,0,101;4,0,0.7105,0,206
ood_compose_epi-01895	1	2	0	157,9,181,89,195,110,117,73,69,201,134,93,38,189,84,147,45,187,213,186,17,141,177,123,13,149,21,64,62,29,51,113,139,99,205,41	8,3,0.2735,0,145;4,4,0.3315,0,162;2,4,0.0365,0,236;0,2,0.3605,0,220;2,4,0.2325,0,111;2,4,0.6045,0,119
ood_compose_epi-01896	5	2	0	88,11,45,42,165,29,180,93,137,187,128,7,147,69,149,77,55,117,141,103,114,193,64,215,130,204,62,38,202,109,16,86,21,169,193,183	6,1,0.1905,0,206;4,4,0.5255,0,47;6,4,0.0385,0,236;4,4,0.1875,0,98;6,3,0.4495,0,164;7,0,0.3185,0,198
ood_compose_epi-01897	8	1	1	72,88,6,172,139,14,141,202,81,131,108,183,52,171,198,117,36,208,21,58,150,84,198,112,182,33,45,105,205,67,185,146,124,19,93,41	5,4,0.7185,0,193;8,2,0.2865,0,199;3,0,0.7065,3,168;8,2,0.1175,0,217;8,2,0.1275,0,169;3,1,0.6205,0,106
ood_compose_epi-01898	6	1	0	89,27,21,116,87,180,138,97,157,178,93,20,107,36,57,149,60,162,73,117,3,67,175,121,146,133,45,182,40,71,141,179,175,214,11,173	2,1,0.8415,0,180;2,2,0.0565,0,148;8,2,0.7795,2,247;0,5,0.2645,0,10;0,1,0.9745,0,140;0,3,0.4825,0,54
ood_compose_epi-01899	9	2	1	147,85,198,99,165,182,130,112,80,66,110,61,168,192,176,138,93,142,128,42,3,168,92,162,34,117,16,21,69,150,175,13,182,51,45,27	2,3,0.1645,0,19;2,0,0.4855,0,83;2,3,0.4075,0,63;7,3,0.9825,0,120;2,4,0.1435,0,138;7,0,0.5585,1,160
ood_compose_epi-01900	4	1	0	90,136,149,180,52,41,95,3,122,117,134,59,29,69,157,112,141,188,206,183,82,18,24,172,36,48,108,146,97,14,65,156,154,162,74,177	2,4,0.4365,3,214;4,2,0.3165,3,90;3,1,0.2875,0,156;1,0,0.5915,2,227;0,2,0.1745,0,86;1,4,0.0845,0,33
ood_compose_epi-01901	5	3	1	82,153,124,148,69,37,116,14,150,134,163,178,142,91,117,45,187,186,136,185,66,7,183,164,19,93,101,21,172,176,77,110,56,42,31,61	6,4,0.6925,0,11;6,3,0.5725,0,51;7,3,0.5695,0,107;4,0,0.7945,0,169;4,4,0.9045,0,19;3,4,0.1615,1,174
ood_compose_epi-01902	1	1	1	156,139,127,44,130,215,93,213,111,112,75,89,212,196,58,186,168,51,180,82,3,37,12,155,27,100,16,70,143,146,66,21,150,117,203,45	2,2,0.0795,0,15;2,3,0.8715,0,81;2,0,0.4485,1,235;2,0,0.3805,0,195;3,5,0.1975,0,8;6,0,0.7695,2,108
ood_compose_epi-01903	10	2	2	185,18,112,61,169,87,154,144,151,68,164,3,45,202,21,147,57,14,139,159,75,88,107,180,99,190,94,205,123,36,203,117,27,69,133,40	2,4,0.5415,0,209;2,2,0.0635,0,65;8,3,0.9155,0,138;2,5,0.0225,1,145;2,1,0.0035,0,206;2,3,0.6735,3,228
ood_compose_epi-01904	10	1	1	5,132,19,165,193,123,21,136,117,72,108,53,205,29,85,41,176,77,93,66,38,62,197,150,112,98,12,169,141,210,45,163,91,172,191,146	4,2,0.7365,0,162;4,4,0.3295,0,12;4,4,0.5865,3,242;4,3,0.7885,0,103;1,2,0.0075,0,233;2,2,0.1755,0,77
ood_compose_epi-01905	10	1	0	11,45,166,140,38,129,65,33,117,86,88,162,69,44,18,163,21,200,4,105,81,178,188,142,63,190,135,109,149,164,146,163,93,116,183,57	3,1,0.5795,0,172;8,4,0.9465,0,194;8,5,0.3145,0,160;8,4,0.0465,0,139;8,3,0.8155,0,54;8,5,0.9925,1,4
ood_compose_epi-01906	1	1	2	33,20,92,203,195,67,35,151,156,3,138,179,144,117,47,213,131,129,116,146,93,101,59,52,192,172,75,21,14,87,108,69,41,185,166,215	2,4,0.8995,0,23;8,1,0.3055,2,33;3,1,0.6965,0,9;2,5,0.8445,0,141;4,2,0.8065,0,68;8,1,0.4565,3,183
ood_compose_epi-01907	9	2	1	93,188,135,31,141,68,12,45,147,91,213,115,9,150,41,69,121,79,156,205,136,111,86,211,170,104,61,164,57,196,22,16,117,207,34,159	8,2,0.1665,1,143;6,0,0.2385,0,160;8,3,0.8365,0,5;6,4,0.7445,0,216;7,5,0.6545,0,33;0,5,0.0955,0,62
ood_compose_epi-01908	6	2	2	184,66,189,97,107,27,80,169,91,209,45,151,43,179,147,49,62,155,117,136,93,115,197,142,128,84,22,20,156,12,209,69,154,134,3,34	2,2,0.9975,1,23;2,0,0.6395,0,14;0,4,0.5455,0,117;7,2,0.6195,0,86;0,1,0.6955,0,80;7,4,0.1855,1,106
ood_compose_epi-01909	1	2	2	67,147,163,167,151,102,93,141,61,178,16,27,160,135,92,3,117,73,114,199,123,39,44,69,153,12,189,45,87,21,185,51,111,158,176,138	2,2,0.1745,0,199;2,5,0.8635,0,255;2,3,0.6175,0,4;0,5,0.8725,0,206;5,5,0.4115,0,69;2,5,0.4855,0,1
ood_compose_epi-01910	10	2	1	21,50,131,70,141,166,178,147,214,90,42,7,109,77,13,202,115,150,185,68,34,139,45,86,101,117,121,93,158,63,16,171,27,189,185,190	6,3,0.1345,0,33;2,0,0.4995,0,167;1,5,0.9395,1,4;4,4,0.5985,0,37;4,3,0.6575,0,97;0,1,0.6215,0,144
ood_compose_epi-01911	5	0	0	166,45,156,65,96,177,177,60,145,43,110,31,74,198,103,88,51,15,141,86,121,114,176,37,20,157,206,137,4,21,149,176,117,71,195,135	3,5,0.8305,0,142;6,3,0.7995,0,6;2,2,0.3175,2,75;1,4,0.0625,3,98;6,4,0.5915,0,1;0,5,0.2735,0,60
ood_compose_epi-01912	10	3	1	200,141,138,43,62,67,126,88,9,101,112,190,150,93,36,69,178,206,29,12,168,45,21,173,53,85,185,156,18,120,79,183,167,133,148,109	8,2,0.4895,0,56;4,2,0.6015,0,104;4,4,0.6195,0,87;6,3,0.0075,0,218;4,3,0.0065,3,111;5,3,0.5725,0,254
ood_compose_epi-01913	10	0	2	153,117,114,20,138,34,75,132,84,193,109,10,184,201,189,93,159,215,123,40,21,186,57,141,9,45,145,166,160,88,105,69,61,65,151,30	8,0,0.8115,0,214;5,0,0.0955,0,208;8,3,0.2175,0,131;2,2,0.0095,0,170;8,3,0.4745,0,58;2,2,0.4745,0,254
ood_compose_epi-01914	0	3	1	22,116,133,33,155,208,168,8,129,43,161,215,198,201,69,139,79,89,62,93,52,85,98,15,107,183,16,190,141,150,204,148,34,45,117,68	7,5,0.0485,1,41;8,0,0.7685,0,240;3,4,0.9315,0,212;6,3,0.2565,0,197;1,1,0.8915,0,251;8,3,0.6135,0,169
ood_compose_epi-01915	9	2	0	136,85,114,81,51,128,215,177,166,160,8,141,149,152,207,92,15,45,152,147,93,18,34,68,99,179,58,109,119,21,205,132,205,41,69,27	7,5,0.5105,0,169;2,0,0.3435,0,85;2,0,0.9805,0,80;8,3,0.9145,0,122;2,3,0.4105,2,233;7,2,0.1475,0,214
ood_compose_epi-01916	0	3	1	208,7,124,154,186,75,148,161,150,59,108,41,82,198,118,131,56,17,21,13,113,140,45,200,209,28,159,67,90,99,173,93,69,37,183,141	6,3,0.2955,0,11;3,3,0.3895,0,214;7,1,0.6965,0,115;2,0,0.5575,0,161;2,2,0.2495,1,178;3,1,0.9455,0,79
ood_compose_epi-01917	5	1	1	166,116,190,69,93,154,160,55,124,184,82,152,15,27,19,187,109,73,101,141,191,66,150,44,146,183,21,131,89,35,7,140,63,117,45,157	6,5,0.6575,0,149;2,1,0.9305,0,183;6,5,0.5425,0,241;0,0,0.3815,0,174;4,3,0.8295,0,105;3,1,0.8635,0,212
ood_compose_epi-01918	7	3	1	93,157,85,136,150,69,163,26,34,21,215,91,148,45,190,41,98,141,78,135,117,113,204,195,124,3,10,60,50,206,20,66,204,168,153,110	2,0,0.8935,0,177;1,0,0.3605,0,111;1,2,0.5785,0,49;5,3,0.6955,0,25;1,4,0.2955,0,27;3,5,0.1735,0,31
ood_compose_epi-01919	6	2	0	195,117,21,93,200,125,180,99,45,204,51,149,116,205,25,147,58,20,1,203,134,137,86,13,141,39,200,69,44,73,89,177,213,209,68,107	0,3,0.9095,0,43;0,5,0.9705,0,115;2,0,0.9265,0,46;0,4,0.2115,0,144;2,1,0.9245,0,35;4,4,0.2005,0,44
ood_compose_epi-01920	7	2	1	203,170,202,117,150,20,50,27,189,136,157,69,2,38,87,113,45,167,12,97,141,78,147,93,66,127,21,131,211,193,215,44,58,90,212,109	1,2,0.9815,0,22;2,4,0.9285,0,11;1,0,0.5285,0,165;5,5,0.5545,0,233;0,3,0.2235,0,208;6,1,0.0045,0,228
ood_compose_epi-01921	10	1	2	191,211,36,69,21,63,109,45,94,27,138,13,76,186,41,5,131,141,215,194,20,181,82,215,198,152,54,151,172,66,146,105,117,126,113,88	4,3,0.8165,0,234;2,2,0.3555,0,150;5,5,0.4045,0,226;3,0,0.1795,1,207;8,3,0.3305,0,195;5,1,0.5165,0,143
ood_compose_epi-01922	1	1	1	194,21,63,11,51,171,113,167,146,91,189,42,203,45,150,93,75,159,140,17,141,214,27,117,109,39,65,128,99,157,3,206,82,204,69,130	2,1,0.2875,0,111;2,5,0.5365,0,75;2,5,0.2945,0,216;2,0,0.6985,0,104;2,3,0.3295,0,236;7,0,0.8625,0,170
ood_compose_epi-01923	2	2	1	45,13,68,156,197,31,84,181,55,197,153,168,41,17,69,91,21,171,103,75,111,138,178,93,35,147,152,122,115,141,2,166,150,132,119,59	1,3,0.3135,0,65;6,1,0.3875,0,90;6,1,0.9825,0,108;2,2,0.6195,0,243;6,5,0.6345,2,37;1,2,0.5605,0,37
ood_compose_epi-01924	1	0	0	41,110,72,130,115,20,145,39,143,159,3,89,27,56,166,103,149,75,46,177,176,117,65,198,152,21,204,93,136,11,162,85,59,193,172,129	2,1,0.9975,0,207;2,5,0.3915,1,203;7,1,0.3265,3,77;2,3,0.3765,0,246;6,4,0.6485,0,172;8,0,0.1985,2,208
ood_compose_epi-01925	7	2	1	158,26,213,113,10,41,117,81,137,193,186,201,21,150,163,97,134,108,69,64,45,86,152,93,19,90,123,141,50,196,147,2,36,193,195,63	1,0,0.7715,0,99;1,2,0.2605,0,60;1,5,0.0775,0,142;8,4,0.4765,0,81;0,2,0.3285,0,114;2,4,0.3355,0,237
ood_compose_epi-01926	10	0	2	186,151,45,42,206,211,108,134,116,38,173,3,68,154,61,168,165,75,141,17,145,31,57,69,181,91,186,12,137,124,21,205,101,95,86,117	2,2,0.3955,0,61;6,4,0.5145,0,150;8,3,0.8595,0,222;2,4,0.7695,2,113;4,2,0.8515,0,148;3,4,0.2275,0,44
ood_compose_epi-01927	1	0	2	69,92,36,29,126,111,53,158,151,99,64,82,114,141,166,45,93,18,44,208,185,21,136,6,63,184,153,78,145,188,198,12,176,117,214,132	5,2,0.5795,0,1;4,2,0.9255,0,118;4,5,0.1415,0,18;5,0,0.9505,0,54;2,5,0.4715,0,67;5,2,0.1385,0,237
ood_compose_epi-01928	7	0	1	140,117,53,2,192,145,113,34,193,74,206,141,21,60,107,179,178,69,14,171,105,64,20,152,129,44,133,45,214,193,150,176,28,93,84,91	1,4,0.8155,0,105;3,0,0.9395,0,84;4,2,0.1975,0,11;1,2,0.6925,0,159;8,1,0.2925,0,3;8,3,0.9555,0,21
ood_compose_epi-01929	5	3	0	152,176,162,210,97,183,13,50,131,45,86,21,148,192,160,189,39,106,4,112,136,58,149,31,159,213,90,124,43,74,117,16,69,93,66,141	3,3,0.0865,0,14;6,5,0.7045,0,92;1,0,0.4685,0,145;1,4,0.4215,0,70;0,0,0.0425,0,173;3,1,0.0685,0,28
ood_compose_epi-01930	1	2	1	132,91,27,117,16,167,99,93,11,125,150,176,183,61,66,185,87,161,75,170,42,214,111,147,21,144,3,115,69,51,176,164,194,137,35,45	2,1,0.1775,0,196;2,1,0.5725,0,187;2,3,0.5705,0,23;2,5,0.6365,0,160;2,5,0.7925,0,125;4,2,0.3145,3,112
ood_compose_epi-01931	10	2	2	155,184,18,202,109,69,88,156,206,21,93,181,184,199,48,147,80,12,85,117,134,8,64,42,129,151,202,59,33,51,187,141,37,116,137,105	7,2,0.4895,0,11;8,3,0.5335,3,99;2,1,0.0365,0,154;7,3,0.1755,0,232;8,3,0.9245,0,157;8,4,0.2105,0,219
ood_compose_epi-01932	3	0	0	198,153,3,19,82,110,183,176,69,189,114,42,154,76,63,141,145,167,204,28,45,65,131,100,21,126,11,92,93,117,211,35,149,198,138,57	2,1,0.7565,0,240;3,1,0.5245,0,140;8,5,0.3955,0,4;3,0,0.8545,0,191;3,4,0.4415,0,235;5,1,0.4195,0,175
ood_compose_epi-01933	1	3	2	171,189,45,77,200,143,102,69,16,53,169,148,86,37,132,192,27,64,125,106,21,112,136,169,63,4,91,44,196,117,172,10,202,151,93,185	3,0,0.1935,0,158;2,3,0.9875,0,45;4,5,0.0015,0,117;4,4,0.6825,0,22;5,0,0.0555,0,117;4,2,0.0525,2,246
ood_compose_epi-01934	2	0	0	113,92,107,117,126,53,6,170,21,206,95,166,192,100,202,137,72,145,62,35,134,159,82,67,45,202,78,187,154,16,12,159,33,42,141,149	5,2,0.0365,0,51;8,1,0.5215,0,117;4,4,0.7475,3,30;5,0,0.9105,2,106;3,1,0.3515,0,139;5,4,0.2675,0,203
ood_compose_epi-01935	10	3	1	141,93,40,207,60,116,172,9,77,178,150,66,125,156,69,174,13,84,189,17,45,92,101,193,55,172,31,134,148,111,35,186,117,195,21,139	8,3,0.3795,0,110;6,1,0.0255,0,81;6,2,0.4295,0,100;4,2,0.8415,0,249;4,5,0.9125,0,75;4,4,0.7275,0,213
ood_compose_epi-01936	8	2	2	147,18,27,213,163,46,215,66,88,201,141,38,99,113,164,126,51,62,69,137,77,85,158,93,185,40,21,172,106,151,119,135,10,6,152,210	5,0,0.5005,0,203;2,4,0.1215,1,130;2,4,0.4555,0,35;4,3,0.0355,0,133;2,0,0.2245,2,90;5,5,0.2075,0,28
ood_compose_epi-01937	10	3	2	137,69,44,56,117,1,18,213,201,206,14,35,129,89,24,116,168,187,109,215,148,183,131,151,155,173,65,45,60,101,75,27,84,190,93,143	0,4,0.4135,3,128;2,1,0.9935,0,124;7,2,0.3935,0,149;2,2,0.2565,0,160;4,3,0.9285,0,28;8,1,0.3895,2,77
ood_compose_epi-01938	9	2	1	62,32,12,21,109,92,215,104,150,37,117,77,68,204,190,86,50,139,126,18,162,210,93,69,212,183,135,45,141,42,147,116,165,213,172,2	1,2,0.5615,0,79;7,3,0.4705,0,2;1,4,0.8345,0,50;4,4,0.8225,0,86;7,3,0.8605,0,164;5,5,0.6045,0,175
ood_compose_epi-01939	5	2	0	177,21,127,65,84,137,110,194,192,173,45,80,175,158,39,205,3,16,141,89,183,135,116,119,41,157,61,93,55,149,174,103,70,147,33,13	2,3,0.0315,0,26;8,5,0.2265,0,237;6,3,0.2615,1,76;7,2,0.2915,0,144;6,4,0.9785,2,5;6,5,0.3095,0,62
ood_compose_epi-01940	0	3	0	122,69,91,111,53,157,64,114,41,100,149,148,38,5,192,141,21,14,130,139,120,87,189,76,175,93,196,202,186,168,20,173,198,25,62,45	4,4,0.8605,0,44;0,4,0.3425,0,113;4,4,0.1525,0,35;3,5,0.7095,0,241;3,5,0.5505,3,227;1,0,0.7135,0,240
ood_compose_epi-01941	10	0	2	145,117,85,69,29,156,137,21,141,167,135,13,129,113,197,182,196,181,106,151,165,17,88,38,45,67,160,5,53,105,76,58,167,188,93,42	4,3,0.2625,0,184;4,4,0.5345,0,88;4,0,0.6065,0,128;3,3,0.0865,0,109;8,0,0.2725,0,129;8,5,0.2485,0,71
ood_compose_epi-01942	8	2	2	151,64,182,154,111,30,54,166,139,78,82,45,215,6,12,117,130,63,114,126,43,18,93,190,167,147,214,141,38,159,211,91,69,102,194,21	5,2,0.4865,0,34;5,4,0.6005,0,234;5,5,0.0045,0,161;5,0,0.7105,0,80;5,5,0.5975,0,145;5,0,0.7025,0,168
ood_compose_epi-01943	7	0	1	122,145,108,58,150,164,90,2,98,37,86,184,117,48,141,115,207,67,132,44,140,165,184,74,201,25,20,93,166,169,202,158,15,56,21,69	1,5,0.9275,0,216;0,3,0.9115,3,243;7,0,0.6925,0,186;1,4,0.4205,0,187;1,2,0.6265,0,34;1,2,0.9535,0,64
ood_compose_epi-01944	9	1	1	119,146,179,82,199,185,25,8,137,80,93,152,189,107,113,124,143,90,71,19,170,133,13,209,45,39,43,185,21,60,57,104,65,206,190,150	7,3,0.6985,0,167;0,5,0.7455,0,86;8,2,0.2665,2,8;7,0,0.4435,0,18;7,1,0.2375,2,31;3,3,0.2885,2,106
ood_compose_epi-01945	1	3	1	66,214,206,88,113,55,150,117,137,130,196,13,193,93,47,106,210,3,31,208,39,193,87,21,168,164,44,19,172,63,144,99,75,72,123,148	2,3,0.6135,0,87;6,5,0.9475,2,84;6,5,0.5055,3,0;2,5,0.1505,0,245;2,0,0.2395,0,121;2,0,0.2985,3,130
ood_compose_epi-01946	1	3	1	51,168,160,74,200,93,83,41,108,190,32,12,143,135,98,136,34,148,21,165,68,179,88,17,117,114,4,45,194,150,123,191,214,69,177,63	3,2,0.3905,0,72;7,0,0.2295,0,187;2,5,0.9025,0,155;1,1,0.1475,0,22;1,2,0.4305,0,6;2,5,0.0905,2,169
ood_compose_epi-01947	1	0	2	36,198,90,181,85,124,151,45,98,114,170,58,197,27,184,108,93,21,69,18,211,43,117,138,186,165,195,52,13,144,135,65,75,7,186,145	6,3,0.4215,0,114;2,2,0.6275,0,127;3,0,0.2565,0,199;2,3,0.4865,0,165;1,2,0.5825,0,25;3,5,0.5195,3,16
ood_compose_epi-01948	7	2	2	106,50,186,69,21,152,11,93,36,82,117,78,60,25,41,1,173,142,121,193,135,147,102,184,151,112,184,45,170,65,182,180,17,136,177,89	0,1,0.3885,0,192;0,2,0.2265,0,228;1,2,0.3795,0,191;5,0,0.2685,0,98;5,0,0.0665,0,198;0,5,0.0825,1,252
ood_compose_epi-01949	9	3	0	140,28,97,173,153,192,173,69,115,110,187,16,149,58,35,87,141,201,90,118,44,11,21,4,209,49,189,80,45,157,208,93,129,65,133,148	3,1,0.0955,0,9;3,1,0.8955,0,152;0,0,0.3595,0,116;7,5,0.4995,0,177;0,4,0.6505,1,183;8,3,0.9915,0,138
ood_compose_epi-01950	2	2	2	169,82,173,64,174,129,155,174,141,46,50,26,151,111,2,21,105,12,43,139,91,202,197,69,120,61,132,113,18,81,199,156,147,197,95,38	1,2,0.5485,0,252;1,4,0.7045,1,51;1,3,0.0525,0,252;8,0,0.6555,2,27;8,5,0.3385,3,5;8,2,0.6585,0,86
ood_compose_epi-01951	1	1	2	89,86,21,141,131,30,51,210,123,151,45,16,112,93,15,68,69,175,211,79,117,146,61,162,139,36,152,212,167,9,180,41,99,200,111,181	8,5,0.1225,0,46;5,2,0.2535,0,64;2,3,0.9285,0,31;6,4,0.2175,0,117;2,5,0.0085,0,70;2,1,0.6365,0,209
ood_compose_epi-01952	5	0	1	157,195,63,76,150,8,86,137,67,45,20,26,202,145,131,55,123,180,106,214,15,156,41,195,141,93,114,37,22,203,104,186,117,69,90,170	7,5,0.8865,1,54;1,3,0.3705,0,81;6,5,0.7245,0,159;3,4,0.5565,0,109;7,0,0.5375,0,205;2,1,0.3595,0,116
ood_compose_epi-01953	1	3	0	214,163,69,10,177,189,82,90,93,45,76,148,149,116,180,182,37,21,129,174,117,211,110,66,142,161,130,57,201,58,99,33,17,139,3,43	2,0,0.3205,0,117;8,3,0.6045,0,127;8,0,0.4585,0,100;3,0,0.4645,0,135;2,4,0.9015,0,159;8,0,0.6835,1,177
ood_compose_epi-01954	10	2	2	141,205,197,177,137,194,147,174,117,88,15,69,200,154,131,107,65,36,192,9,45,203,33,16,93,74,199,43,114,105,151,57,61,21,128,87	8,5,0.0895,0,106;8,2,0.6895,0,232;8,3,0.3535,0,196;1,5,0.0495,0,150;8,1,0.5275,0,69;7,1,0.3565,0,222
ood_compose_epi-01955	6	1	0	73,93,97,22,69,168,115,9,175,176,68,44,125,193,140,209,55,91,200,188,58,110,168,87,36,32,14,20,189,149,141,119,146,134,179,45	8,4,0.9575,1,2;7,2,0.8525,0,153;6,0,0.9705,0,81;0,5,0.6335,0,188;0,4,0.7615,2,198;4,4,0.8885,0,180
ood_compose_epi-01956	7	0	0	16,197,198,2,87,135,201,74,204,93,69,26,156,115,54,177,103,149,139,161,117,121,45,44,145,21,211,175,90,141,58,68,14,37,201,109	1,4,0.0745,0,228;1,3,0.8465,0,36;5,0,0.9005,0,24;1,5,0.5615,0,39;6,3,0.6935,0,18;0,5,0.7305,0,22
ood_compose_epi-01957	10	1	2	72,151,138,175,176,130,22,154,55,169,171,93,209,129,201,11,30,18,192,102,37,183,141,77,146,45,85,106,3,117,92,40,66,113,60,213	2,1,0.5335,1,149;5,3,0.0425,0,202;6,2,0.5345,3,80;4,3,0.8575,0,132;5,0,0.3815,0,37;8,0,0.4135,0,146
ood_compose_epi-01958	10	3	2	55,68,166,69,139,213,190,85,204,169,102,211,110,93,166,90,208,157,129,4,43,14,160,141,23,117,148,20,132,151,81,45,63,36,115,27	3,4,0.8335,2,56;2,2,0.6285,0,171;6,5,0.9175,0,74;8,3,0.4305,0,28;5,4,0.6745,0,151;8,2,0.6075,0,112
ood_compose_epi-01959	10	3	1	53,108,170,139,86,185,196,13,45,30,171,6,92,66,37,188,116,69,81,131,166,21,42,215,100,141,188,93,124,150,62,148,197,16,172,117	5,3,0.1635,0,192;5,3,0.5445,0,63;4,4,0.4915,0,97;8,4,0.8125,0,255;3,2,0.9965,0,178;3,1,0.6795,0,178
ood_compose_epi-01960	8	0	1	145,185,178,141,109,202,27,200,93,114,187,88,128,69,59,2,212,170,45,150,67,16,21,117,42,102,81,87,52,140,172,185,131,213,35,13	1,3,0.0515,0,209;2,1,0.4305,0,34;3,1,0.6275,0,13;8,5,0.1265,0,125;5,3,0.4325,0,21;7,1,0.8525,0,132
ood_compose_epi-01961	2	0	2	132,103,128,8,92,117,32,74,82,46,173,170,194,23,137,65,14,196,169,59,113,93,154,41,56,19,107,164,158,34,151,178,141,71,145,173	7,4,0.7765,2,134;7,0,0.3795,1,195;7,1,0.3585,2,94;1,0,0.9185,0,125;6,1,0.3625,0,249;7,2,0.3275,0,11
ood_compose_epi-01962	1	3	0	186,177,93,45,67,21,117,7,141,111,69,81,208,126,136,55,88,199,183,11,173,99,31,39,41,154,148,132,158,82,195,149,60,19,157,114	6,1,0.6995,0,161;6,5,0.3065,0,50;6,2,0.6535,0,249;8,0,0.0985,0,130;2,5,0.5575,0,158;5,2,0.1175,0,168
ood_compose_epi-01963	1	2	1	184,141,13,66,201,98,84,35,137,45,91,69,111,21,171,117,29,150,58,173,201,147,132,17,43,113,73,95,194,211,3,51,122,158,192,165	2,3,0.3755,0,186;4,1,0.7435,0,191;2,0,0.4755,0,201;0,2,0.6735,2,142;1,5,0.2805,0,233;1,2,0.3735,0,33
ood_compose_epi-01964	9	1	1	115,6,11,62,65,150,81,72,141,26,189,146,39,166,21,104,137,154,45,117,179,214,180,111,202,93,199,41,20,179,92,132,51,122,192,84	5,1,0.8895,0,90;1,5,0.3725,0,128;2,4,0.3105,3,177;8,2,0.9585,0,111;7,5,0.6665,0,132;1,2,0.3265,0,22
ood_compose_epi-01965	1	2	1	16,1,61,133,51,75,69,147,21,214,189,117,99,201,91,212,95,83,27,123,45,111,68,143,137,197,37,150,43,178,115,210,196,176,169,14	0,4,0.1415,0,106;2,3,0.6935,0,148;2,3,0.9225,0,179;2,1,0.7805,2,37;2,5,0.6255,0,126;2,3,0.2675,2,203
ood_compose_epi-01966	1	2	1	39,75,147,120,123,21,170,187,138,114,45,17,27,61,194,167,166,198,134,3,90,99,40,158,51,69,13,83,150,163,141,185,93,197,67,110	2,3,0.2965,0,225;2,5,0.0945,0,67;2,3,0.7215,0,123;2,1,0.4925,0,99;2,4,0.5405,3,83;2,4,0.5035,0,198
ood_compose_epi-01967	6	3	0	135,66,37,87,93,148,188,141,7,100,28,17,158,202,164,63,178,90,115,195,73,188,176,195,149,12,41,72,117,110,153,45,121,140,21,52	6,2,0.3305,0,253;3,3,0.3095,0,151;3,5,0.4445,3,146;0,5,0.4075,0,214;3,4,0.7975,0,123;0,5,0.8605,0,99
ood_compose_epi-01968	6	3	2	34,17,190,73,203,151,117,45,161,97,33,134,114,148,41,21,201,139,11,200,90,200,58,141,93,154,197,125,69,87,109,50,182,170,64,2	1,1,0.3495,0,7;8,0,0.3685,0,75;1,0,0.1515,0,232;0,5,0.5295,0,156;0,3,0.4485,0,107;4,4,0.7555,0,123
ood_compose_epi-01969	4	1	0	152,37,202,1,73,210,11,117,44,141,68,16,85,69,210,186,93,140,146,188,24,193,149,124,103,49,108,62,169,135,113,88,213,33,45,194	0,1,0.1275,3,16;8,3,0.8665,0,138;0,4,0.9545,0,180;0,3,0.0245,0,128;6,2,0.3685,0,105;3,5,0.9645,0,8
ood_compose_epi-01970	4	1	0	173,149,65,107,183,158,23,15,16,140,38,163,162,141,44,45,9,59,187,117,167,146,28,82,193,70,160,132,93,100,123,160,56,81,115,92	8,5,0.0455,2,146;3,4,0.8875,0,116;7,1,0.2615,1,155;8,0,0.8325,0,51;3,1,0.6745,0,109;2,2,0.9035,0,73
ood_compose_epi-01971	7	1	1	206,115,83,195,24,136,150,93,197,162,98,70,18,91,50,178,141,58,189,132,193,43,170,1,36,117,68,189,146,76,11,123,213,109,45,31	0,1,0.4285,3,194;6,2,0.6425,0,83;1,0,0.8525,1,139;3,1,0.7465,0,121;1,3,0.6365,0,96;2,2,0.1485,0,83
ood_compose_epi-01972	10	0	0	149,101,209,45,204,189,205,90,142,114,145,11,202,69,176,136,41,110,132,66,34,29,5,94,19,86,76,165,117,125,211,172,21,61,163,53	4,1,0.7175,0,18;4,0,0.2925,0,98;4,3,0.4955,0,43;3,4,0.5775,1,35;4,4,0.4645,0,86;4,2,0.1775,1,242
ood_compose_epi-01973	5	1	0	45,117,155,93,204,102,149,8,21,144,65,17,212,165,72,194,175,106,215,124,55,41,146,92,79,132,193,58,36,31,138,115,167,84,193,11	7,1,0.3765,0,12;6,2,0.3715,0,246;6,0,0.2445,3,70;6,2,0.8855,0,208;5,0,0.6515,0,13;3,2,0.4535,3,146
ood_compose_epi-01974	1	1	2	123,52,205,69,93,3,161,165,146,141,27,199,86,18,178,152,58,21,68,76,188,15,90,41,117,207,37,137,112,45,193,211,108,151,134,103	2,5,0.5105,0,176;2,3,0.2155,0,101;3,0,0.9165,0,232;3,4,0.4255,0,215;6,2,0.1645,0,182;2,4,0.3155,0,37
ood_compose_epi-01975	6	0	0	122,149,59,40,117,190,88,15,137,191,73,21,205,95,111,18,84,133,36,213,50,160,144,173,145,166,200,97,45,1,163,66,70,113,202,27	0,5,0.4755,0,232;2,2,0.1005,0,227;1,1,0.5415,1,228;0,2,0.0715,2,209;0,5,0.3225,0,169;1,3,0.3105,3,82
ood_compose_epi-01976	1	1	0	69,89,133,100,44,84,178,215,170,185,153,204,149,79,45,141,127,159,27,65,93,117,61,108,21,173,7,113,168,18,156,136,34,146,11,51	6,1,0.5255,0,20;2,0,0.8355,0,185;2,3,0.3935,0,30;6,2,0.3495,0,132;3,2,0.3915,0,227;6,3,0.1245,0,218
ood_compose_epi-01977	0	3	1	142,157,33,64,133,34,93,213,100,157,21,45,83,125,160,209,168,91,4,19,111,148,136,159,13,159,117,76,207,150,44,116,51,71,209,60	3,3,0.7705,0,209;8,0,0.9085,0,191;2,2,0.1325,2,219;3,1,0.6915,0,132;3,5,0.9265,0,125;4,3,0.0685,1,108
ood_compose_epi-01978	1	3	2	128,141,23,95,17,212,139,45,69,114,43,51,83,88,196,37,131,151,182,173,211,190,100,162,77,3,117,201,164,15,200,59,65,148,27,108	2,5,0.2335,2,163;2,3,0.6935,0,74;2,1,0.2255,0,3;4,1,0.0485,2,191;3,2,0.4975,0,34;7,1,0.7985,0,68
ood_compose_epi-01979	1	0	2	202,51,145,177,36,178,179,137,82,45,133,74,115,117,141,60,201,94,158,3,129,19,21,69,151,43,14,171,66,28,90,105,210,107,201,175	2,4,0.7915,0,35;3,2,0.7495,0,193;2,2,0.4145,0,225;1,0,0.5185,1,89;8,1,0.7685,0,75;8,3,0.2755,0,86
ood_compose_epi-01980	6	1	2	141,140,168,151,186,166,73,196,146,93,163,60,45,91,30,199,190,117,49,105,1,121,21,133,10,43,180,115,67,187,35,20,69,83,109,158	0,0,0.9805,0,28;5,1,0.6905,0,208;0,2,0.7505,0,198;0,1,0.6585,0,61;8,3,0.6555,0,61;0,3,0.8395,0,198
ood_compose_epi-01981	1	1	0	68,17,58,123,21,189,149,146,172,45,204,117,7,140,210,92,44,208,69,93,141,86,180,35,105,132,215,114,75,108,11,169,51,168,188,28	6,1,0.2785,0,64;3,1,0.8415,0,24;2,0,0.9265,0,60;2,4,0.8305,0,193;8,2,0.5965,0,22;2,2,0.9905,0,188
ood_compose_epi-01982	8	2	0	187,21,163,200,212,126,78,62,141,155,36,85,135,149,93,113,165,203,54,6,45,97,107,138,67,69,41,154,17,161,163,32,88,119,147,11	5,1,0.3335,0,66;7,2,0.3135,0,52;5,4,0.6395,0,74;5,3,0.0325,0,224;0,1,0.2955,2,3;5,5,0.5305,0,250
ood_compose_epi-01983	5	2	2	135,160,77,17,22,140,84,41,9,11,107,105,67,179,173,174,35,57,209,62,147,213,27,141,93,151,127,193,196,208,90,119,113,45,191,69	8,1,0.2715,1,203;2,1,0.3765,0,103;8,4,0.7405,0,54;4,2,0.4785,0,80;8,1,0.2715,2,1;6,5,0.9505,0,153
ood_compose_epi-01984	10	1	2	146,213,3,61,17,93,69,151,156,53,168,42,214,170,15,165,111,29,74,126,86,138,115,160,117,189,105,133,141,190,88,157,64,21,38,45	2,5,0.3045,0,74;4,4,0.4925,0,79;4,3,0.0675,0,51;1,4,0.0005,0,69;8,5,0.7265,0,10;5,3,0.5135,0,196
ood_compose_epi-01985	5	1	2	180,47,7,200,141,167,15,36,200,59,137,176,74,64,153,192,114,53,97,133,200,19,119,151,157,156,31,21,146,42,90,69,87,93,127,111	6,5,0.7925,0,64;6,2,0.5875,2,151;4,1,0.0575,0,114;1,5,0.4015,0,66;0,5,0.5385,2,3;6,3,0.2365,0,98
ood_compose_epi-01986	4	1	1	107,12,175,125,168,9,92,202,146,86,44,215,93,150,69,113,117,21,66,202,156,141,33,20,188,206,36,52,62,136,78,168,45,204,100,133	8,2,0.9965,0,15;8,2,0.8935,0,199;3,4,0.4145,0,252;5,4,0.9845,0,227;3,1,0.3295,0,169;4,3,0.1115,0,4
ood_compose_epi-01987	0	3	0	215,107,68,93,27,38,139,7,52,23,181,215,134,75,169,198,45,90,142,211,69,15,100,148,167,85,19,149,124,117,44,114,179,192,170,62	6,5,0.6605,2,173;2,4,0.9485,0,201;3,4,0.8965,0,170;2,3,0.4155,0,64;3,1,0.4755,0,33;3,4,0.6945,1,177
ood_compose_epi-01988	10	1	0	209,68,60,84,93,212,101,45,149,211,91,141,33,136,131,69,20,113,117,15,215,146,41,110,80,123,51,5,161,175,188,180,21,37,177,196	4,5,0.8815,0,132;8,3,0.3775,0,49;2,2,0.9815,0,40;7,2,0.7195,0,7;4,4,0.3805,0,184;2,1,0.1775,0,213
ood_compose_epi-01989	7	2	1	93,168,189,34,126,11,45,202,134,89,74,62,174,150,19,98,184,41,2,30,115,181,191,21,69,118,157,147,111,171,140,141,68,50,85,172	1,1,0.7965,0,45;5,0,0.2415,0,152;1,4,0.9295,0,204;1,3,0.2665,0,81;1,5,0.7595,1,231;5,4,0.8305,0,3
ood_compose_epi-01990	10	1	2	113,62,78,22,40,142,53,3,194,117,171,133,39,151,19,66,136,209,100,45,110,187,169,28,146,205,93,69,170,185,15,197,124,92,186,85	2,5,0.6245,1,62;3,5,0.0325,0,30;4,4,0.5305,0,30;5,3,0.8035,0,136;3,4,0.3435,0,193;3,3,0.1795,1,52
ood_compose_epi-01991	2	3	0	124,65,109,16,141,45,42,21,117,33,76,131,93,214,203,97,112,136,206,92,4,212,152,168,148,60,37,208,84,176,182,69,191,49,13,149	3,3,0.0645,0,204;8,3,0.4145,0,128;0,2,0.2815,0,98;3,2,0.9245,0,89;0,3,0.1445,0,223;3,1,0.1895,0,80
ood_compose_epi-01992	1	2	0	180,69,21,75,91,195,101,189,120,53,45,17,39,147,127,14,63,195,43,108,7,205,204,189,149,158,85,134,178,192,141,30,93,66,139,116	6,4,0.2725,0,137;5,5,0.6075,0,111;4,5,0.5875,0,191;2,3,0.6505,0,149;4,2,0.9765,3,149;6,4,0.7675,0,145
ood_compose_epi-01993	10	1	2	125,16,192,146,111,151,141,48,161,195,6,180,113,169,25,81,203,203,212,21,93,51,44,69,117,201,130,66,12,97,61,164,85,92,35,140	5,2,0.1805,0,93;0,1,0.9145,3,214;2,3,0.4435,0,24;8,3,0.8205,0,62;0,5,0.3455,0,32;4,0,0.9115,0,58
ood_compose_epi-01994	9	1	0	117,111,19,141,61,199,68,3,196,93,85,137,69,115,164,21,89,75,104,181,37,13,133,197,149,165,189,146,45,213,32,44,52,123,177,177	2,3,0.7875,0,107;7,3,0.8245,0,34;3,3,0.9935,0,156;2,3,0.2935,0,23;7,5,0.6195,0,213;2,3,0.2005,0,202
ood_compose_epi-01995	6	2	2	45,151,141,16,133,167,88,177,60,161,39,178,96,9,117,54,158,101,69,75,147,209,64,207,161,114,205,25,21,180,43,138,84,108,125,10	8,0,0.1995,0,171;0,5,0.6955,0,2;5,2,0.1315,0,21;2,2,0.1135,3,45;4,2,0.4485,0,121;4,3,0.5395,0,240
ood_compose_epi-01996	1	0	0	168,20,110,27,82,116,133,21,35,201,69,140,145,205,11,74,141,91,93,7,123,183,60,56,149,174,45,176,214,118,104,44,157,196,64,214	6,1,0.8205,0,217;2,1,0.9155,0,189;7,2,0.1655,0,234;1,0,0.7855,0,43;7,4,0.8165,1,194;2,3,0.8795,0,136
ood_compose_epi-01997	8	2	2	69,111,177,200,205,20,133,137,128,54,75,88,151,85,141,58,65,37,160,188,162,9,147,45,21,113,165,102,117,42,93,165,210,30,14,167	8,4,0.9655,0,101;5,3,0.5715,0,141;5,0,0.3155,0,167;2,3,0.0825,0,154;5,5,0.3325,0,221;7,3,0.2625,0,164
ood_compose_epi-01998	10	2	0	22,69,117,19,93,141,77,84,57,36,210,171,136,68,212,182,46,2,113,25,149,176,98,108,12,167,129,210,134,90,158,43,62,147,207,155	1,2,0.7115,1,210;0,2,0.6595,1,234;8,4,0.8035,0,245;4,2,0.5035,0,214;1,2,0.2945,0,248;8,4,0.0555,0,5
ood_compose_epi-01999	5	2	2	103,140,162,93,158,147,64,90,86,141,44,45,21,49,186,10,181,32,157,183,38,69,151,189,209,127,135,117,79,167,18,106,158,113,61,6	5,0,0.5225,0,43;7,4,0.8115,0,151;0,3,0.1825,0,104;6,4,0.4315,0,1;6,0,0.2715,0,85;6,5,0.9105,0,174
ood_compose_epi-02000	3	0	2	76,69,175,185,145,58,21,28,180,20,91,8,185,215,159,204,52,93,139,39,104,83,124,119,45,114,141,41,153,153,11,65,151,135,204,106	7,1,0.8765,0,96;3,5,0.2635,0,177;3,0,0.3925,0,78;3,1,0.7805,0,219;7,0,0.5145,2,142;3,5,0.7455,0,154
ood_compose_epi-02001	0	3	0	188,87,4,68,52,35,118,190,136,148,106,185,162,69,213,59,19,143,209,132,124,88,23,48,205,96,75,159,12,99,33,149,198,40,115,162	3,2,0.7665,2,58;8,1,0.1715,3,139;3,1,0.9595,0,185;2,5,0.0425,3,51;2,0,0.6275,1,44;3,2,0.0475,2,117
ood_compose_epi-02002	2	0	1	36,54,87,66,88,131,193,179,4,21,150,160,95,69,30,12,45,101,19,140,110,112,187,182,127,58,141,42,75,205,145,163,204,194,117,201	3,2,0.7695,0,127;5,2,0.4735,0,115;5,0,0.5755,0,130;2,5,0.1325,2,57;4,4,0.1205,0,21;6,1,0.9445,0,7
ood_compose_epi-02003	5	3	2	131,177,117,107,200,65,186,93,69,158,139,153,164,172,45,126,38,151,62,18,100,12,40,198,79,141,91,181,148,168,86,7,55,113,28,22	6,2,0.4745,1,190;3,4,0.0165,0,116;6,4,0.2585,0,125;6,4,0.7435,0,30;3,1,0.2285,0,88;5,1,0.6345,0,125
ood_compose_epi-02004	1	3	0	83,141,112,69,196,66,51,98,12,93,181,175,3,126,167,37,136,208,168,208,45,75,27,131,21,43,149,17,163,92,148,191,117,108,60,187	2,2,0.3915,0,21;2,3,0.7115,0,248;2,2,0.5455,0,175;2,1,0.8135,0,99;1,2,0.1745,0,111;5,1,0.1235,0,167
ood_compose_epi-02005	1	3	1	10,117,150,181,181,148,69,166,134,18,41,154,166,176,99,27,136,75,215,65,91,93,175,45,158,109,141,178,39,2,63,51,21,85,128,113	1,0,0.5435,0,29;2,5,0.3515,0,146;2,5,0.2965,0,155;2,3,0.7825,0,230;2,3,0.3915,0,84;7,4,0.1115,0,52
ood_compose_epi-02006	10	0	2	98,145,69,168,125,187,151,193,166,138,60,109,93,204,40,21,208,210,68,2,36,81,52,113,164,48,92,12,131,117,205,144,169,30,85,17	1,2,0.3255,0,125;5,2,0.0065,3,246;3,2,0.9415,0,72;8,3,0.8265,0,24;1,3,0.2895,0,146;4,1,0.4555,3,239
ood_compose_epi-02007	3	0	2	208,173,129,215,211,42,17,45,140,110,151,213,93,13,88,27,142,168,69,204,130,66,200,145,84,183,114,182,60,56,34,80,117,100,2,21	1,3,0.3335,0,43;2,0,0.5355,0,217;7,2,0.4175,0,225;7,2,0.0385,0,105;3,4,0.4335,0,41;8,0,0.8735,1,161
ood_compose_epi-02008	1	0	1	21,69,97,11,45,39,137,86,202,4,114,195,180,107,91,27,178,195,153,191,128,130,62,150,141,156,117,170,51,188,76,17,64,95,41,145	3,1,0.2245,0,164;2,5,0.3795,0,194;2,4,0.1585,0,76;3,4,0.7685,2,63;0,1,0.5145,0,119;7,0,0.2125,0,150
ood_compose_epi-02009	1	3	1	90,150,93,85,202,27,155,122,106,59,152,141,152,170,69,1,113,194,16,210,75,154,64,45,118,21,190,137,187,14,42,34,50,148,135,98	0,4,0.1885,0,61;2,0,0.5525,0,212;1,1,0.1565,0,42;2,3,0.5515,0,161;1,0,0.2885,1,211;1,5,0.3155,0,137
ood_compose_epi-02010	7	3	0	158,122,131,50,169,209,37,148,75,205,162,107,91,21,45,170,140,118,149,112,93,170,178,188,141,20,67,33,98,4,10,43,209,63,82,69	3,0,0.9945,0,14;8,3,0.7315,0,53;1,5,0.7815,0,24;2,0,0.6705,0,39;1,1,0.1445,1,248;1,1,0.8515,0,209
ood_compose_epi-02011	2	3	1	93,36,44,19,174,125,100,141,80,114,117,84,150,108,21,132,183,136,12,92,199,162,46,171,51,172,69,158,196,148,29,65,4,60,214,171	3,2,0.6655,0,116;4,2,0.9425,1,200;2,2,0.3915,0,90;7,2,0.9515,0,228;3,2,0.5165,0,218;4,2,0.0135,0,160
ood_compose_epi-02012	1	1	1	113,171,92,26,138,179,180,84,210,13,68,77,105,45,21,131,156,38,146,71,161,117,150,19,214,123,110,183,144,59,158,155,50,40,93,3	2,3,0.7635,0,224;1,4,0.0335,0,35;1,1,0.9135,2,69;4,2,0.9595,0,24;8,4,0.3415,0,167;2,1,0.4265,3,49
ood_compose_epi-02013	10	1	1	39,190,187,21,69,164,146,114,117,161,41,171,159,177,67,54,93,13,58,5,150,81,87,103,29,205,133,191,18,139,90,45,213,110,141,125	4,3,0.4845,0,91;4,5,0.3865,0,40;5,0,0.7725,0,39;8,5,0.4515,0,167;6,4,0.4345,0,88;4,3,0.7005,0,137
ood_compose_epi-02014	6	3	1	106,141,33,56,116,160,21,148,215,69,117,19,171,210,140,75,153,153,61,93,193,121,3,150,190,205,41,155,64,90,39,85,97,10,134,45	2,0,0.7765,0,251;8,5,0.3815,0,233;7,3,0.0305,0,35;2,3,0.4065,0,29;0,0,0.9565,0,146;0,4,0.8695,0,170
ood_compose_epi-02015	4	1	0	180,69,111,211,87,169,132,10,209,90,215,93,100,155,45,142,119,54,176,208,129,137,63,21,38,115,209,42,19,3,64,149,29,146,76,166	2,0,0.7915,0,159;4,4,0.4615,0,179;5,5,0.0675,0,224;3,5,0.5895,0,154;3,5,0.7295,2,17;8,2,0.3005,1,32
ood_compose_epi-02016	5	2	0	22,82,5,93,185,106,10,41,89,212,208,184,139,174,72,64,51,39,129,188,103,172,81,214,149,117,135,115,147,187,31,175,20,142,63,45	4,0,0.9625,1,4;6,5,0.3825,0,29;2,5,0.1065,3,159;8,0,0.2465,0,144;6,0,0.7205,0,31;8,5,0.6965,1,231
ood_compose_epi-02017	5	1	1	130,114,161,198,21,146,75,18,124,109,211,62,117,45,7,85,93,38,65,157,141,136,52,33,150,159,69,190,152,89,173,204,198,103,41,15	6,5,0.4325,0,114;8,4,0.3385,0,43;3,4,0.2795,0,158;2,3,0.3825,0,225;6,3,0.5675,0,180;3,0,0.1945,0,163
ood_compose_epi-02018	1	0	0	44,175,178,149,154,56,27,69,106,93,39,13,21,201,193,175,139,68,90,145,18,113,84,117,62,184,45,177,4,206,74,132,141,99,126,206	3,3,0.4565,0,2;2,5,0.8145,0,12;7,4,0.9505,0,224;1,2,0.4625,0,224;2,0,0.3135,0,57;5,2,0.7315,0,185
ood_compose_epi-02019	10	2	0	111,93,180,43,101,147,138,5,68,200,117,29,190,91,195,133,21,168,57,116,215,153,10,141,45,129,63,178,18,82,149,184,69,157,39,81	4,0,0.4035,0,206;4,5,0.7915,0,162;8,5,0.8045,0,206;8,0,0.6895,0,89;4,5,0.8215,0,240;8,3,0.4575,0,98
ood_compose_epi-02020	10	2	1	200,136,38,117,53,101,126,210,23,147,45,20,200,82,106,142,215,63,163,169,93,69,177,150,162,91,68,161,11,116,3,75,29,156,41,131	2,1,0.9585,2,9;4,4,0.2235,0,247;4,5,0.9895,0,63;2,0,0.7935,0,34;4,0,0.9875,0,118;5,1,0.0215,1,242
ood_compose_epi-02021	10	2	2	132,72,197,136,77,19,94,65,198,37,168,191,14,21,114,83,171,180,117,45,27,59,151,206,161,190,110,125,105,141,147,43,214,91,51,5	4,4,0.7845,0,31;2,3,0.7845,0,253;2,1,0.2365,3,122;4,1,0.7185,1,31;8,4,0.5845,0,35;4,2,0.0515,0,146
ood_compose_epi-02022	1	1	0	213,202,42,111,115,193,141,164,121,93,67,140,18,48,75,69,91,146,85,27,153,183,12,134,117,182,208,21,149,35,56,178,99,3,60,158	2,2,0.4685,0,39;2,1,0.4805,3,20;7,2,0.7965,0,41;2,3,0.6425,0,91;2,5,0.7645,0,215;0,4,0.8575,0,245
ood_compose_epi-02023	3	0	0	160,152,68,178,88,108,63,141,45,71,137,161,55,80,120,178,210,157,166,131,149,40,113,27,82,93,11,174,24,1,37,168,100,145,17,124	0,1,0.3805,3,211;2,3,0.1855,0,144;6,5,0.8585,2,100;7,0,0.0505,0,2;3,2,0.2705,3,32;3,1,0.2695,0,217
ood_compose_epi-02024	10	2	0	133,15,42,213,174,90,127,147,152,177,5,104,187,55,19,178,93,21,61,196,144,113,139,149,34,192,77,84,66,169,29,205,117,69,108,45	4,5,0.7695,0,218;4,0,0.5855,0,254;6,3,0.4755,0,170;4,2,0.5305,0,159;7,2,0.2265,0,115;6,3,0.7285,3,227
ood_compose_epi-02025	9	0	1	136,85,145,154,69,132,176,183,116,88,45,198,39,141,162,209,117,20,158,28,93,59,76,150,21,101,108,124,40,8,165,13,65,192,52,209	7,3,0.8585,0,212;3,5,0.0515,0,72;3,1,0.3485,0,249;3,3,0.1425,0,100;4,2,0.8375,0,58;3,2,0.0925,0,183
ood_compose_epi-02026	1	0	0	93,187,3,123,76,195,191,44,153,189,51,196,66,155,33,114,38,199,71,45,10,62,99,85,193,138,133,141,149,21,155,20,108,117,145,90	2,0,0.8805,0,75;8,4,0.9895,0,34;2,4,0.4605,2,211;3,3,0.5445,0,172;2,2,0.4235,0,104;2,3,0.4195,0,183
ood_compose_epi-02027	3	0	2	141,76,69,21,62,64,140,184,38,124,201,93,44,167,107,117,89,135,114,99,145,156,6,33,162,157,10,205,151,164,83,20,56,184,205,45	5,0,0.8575,0,211;8,4,0.9365,0,143;7,4,0.1085,0,131;3,1,0.3165,0,242;2,1,0.4045,0,122;3,5,0.9025,0,185
ood_compose_epi-02028	1	0	0	21,211,145,139,3,41,99,215,172,64,10,149,76,88,193,118,72,45,123,115,202,175,211,171,86,58,154,110,27,20,56,133,93,36,181,141	2,0,0.8575,0,6;2,2,0.2565,0,10;7,0,0.0815,3,11;3,4,0.1585,0,197;2,4,0.6065,1,50;2,3,0.6645,0,67
ood_compose_epi-02029	6	3	2	36,99,127,42,84,137,185,93,197,117,171,73,151,58,182,68,148,72,57,192,180,24,48,160,1,32,207,113,92,109,17,179,14,141,135,159	0,4,0.3815,3,123;7,2,0.5055,3,236;8,0,0.8415,3,40;0,2,0.9355,0,117;2,3,0.3935,0,43;6,5,0.2315,0,175
ood_compose_epi-02030	3	0	1	17,62,180,93,42,99,76,21,128,134,11,36,30,111,90,206,194,69,145,83,181,153,45,138,177,212,143,177,212,52,114,6,68,117,150,204	5,1,0.3525,0,233;5,2,0.5035,0,193;3,4,0.9005,0,57;3,1,0.5165,0,128;2,5,0.5325,0,102;7,4,0.5525,2,43
ood_compose_epi-02031	7	1	1	201,111,187,115,146,150,123,21,74,12,46,133,36,98,88,43,213,83,159,52,71,65,204,137,95,16,58,141,180,189,187,117,2,30,202,199	1,2,0.0485,0,145;5,2,0.6185,1,12;3,0,0.2995,2,173;1,1,0.1305,2,65;1,5,0.6255,0,211;2,3,0.3705,0,103
ood_compose_epi-02032	2	3	2	194,117,65,130,56,168,139,79,44,169,164,170,151,20,126,115,59,72,159,100,141,202,30,37,148,96,21,173,11,48,3,84,106,213,88,184	2,1,0.8355,0,176;5,3,0.9245,3,252;7,1,0.3705,3,202;6,2,0.1005,3,255;3,0,0.7035,0,197;5,0,0.6735,0,176
ood_compose_epi-02033	1	2	1	208,21,98,69,164,89,93,193,75,123,147,155,40,27,47,117,133,138,38,83,195,55,141,18,65,150,209,15,61,178,2,114,155,174,106,178	1,5,0.5205,0,83;2,4,0.1815,2,177;6,3,0.2855,0,199;2,1,0.3055,0,219;1,0,0.5495,0,237;2,3,0.4805,0,177
ood_compose_epi-02034	8	0	2	93,77,122,164,117,191,21,130,151,29,116,145,174,58,206,38,205,69,14,102,50,46,191,144,154,139,158,20,89,86,42,198,3,209,109,66	2,4,0.9775,0,61;4,4,0.5115,1,98;1,0,0.4905,0,135;4,4,0.2705,0,246;5,3,0.8965,0,141;1,0,0.7305,3,226
ood_compose_epi-02035	6	1	2	168,192,124,214,45,163,117,4,151,49,21,25,163,111,178,72,75,39,16,105,212,115,178,43,83,146,12,134,141,89,63,195,181,67,137,93	3,2,0.1965,0,74;0,5,0.7335,0,249;0,5,0.7715,3,10;2,1,0.3115,0,121;8,5,0.7255,0,247;3,4,0.2625,0,8
ood_compose_epi-02036	3	0	2	177,145,151,204,111,11,84,174,37,7,213,27,193,203,41,21,90,168,63,100,134,156,117,65,69,20,116,141,45,93,127,170,75,136,51,198	6,1,0.9935,0,150;2,3,0.3555,0,108;2,5,0.2665,0,85;2,2,0.4915,0,128;3,5,0.9445,0,76;6,4,0.1105,0,201
ood_compose_epi-02037	6	1	1	93,141,58,173,211,192,99,75,169,16,111,40,5,179,163,68,137,29,146,21,135,150,121,174,89,184,71,199,45,84,112,50,34,117,11,185	4,1,0.0535,0,6;4,0,0.0125,0,7;1,0,0.9115,2,20;2,2,0.2025,0,69;2,5,0.1265,0,19;0,5,0.3735,0,208
ood_compose_epi-02038	1	1	0	11,161,113,61,21,141,149,108,45,40,89,189,170,51,168,158,152,17,85,79,31,3,146,93,140,161,69,215,36,68,127,177,130,117,213,103	2,1,0.2695,0,197;6,2,0.1105,0,249;2,3,0.9805,0,78;6,3,0.3265,0,159;6,2,0.3715,0,28;6,0,0.9315,0,77
ood_compose_epi-02039	9	0	0	43,212,93,171,113,63,8,74,109,54,45,69,104,149,117,92,145,136,167,198,35,152,18,12,181,126,141,183,213,163,132,21,157,86,65,28	7,2,0.5905,0,105;3,1,0.6025,0,204;5,5,0.2445,0,252;1,4,0.8935,0,40;7,3,0.2255,0,175;5,2,0.1055,0,151
ood_compose_epi-02040	9	2	1	214,57,202,176,201,80,88,212,99,150,93,13,189,118,135,164,21,38,108,66,69,128,140,17,202,2,147,177,187,86,61,141,45,44,32,114	1,3,0.2425,0,54;7,4,0.9245,0,65;8,3,0.4375,0,17;7,4,0.0135,0,226;2,2,0.4225,1,240;7,5,0.9145,0,200
ood_compose_epi-02041	7	2	2	156,117,125,147,169,27,2,151,13,165,164,51,21,156,110,133,41,86,37,93,66,154,20,97,45,176,89,116,144,69,60,171,162,211,73,139	1,3,0.8965,0,85;2,3,0.2195,0,237;2,2,0.4905,0,99;0,4,0.3675,0,200;0,4,0.9415,0,167;4,3,0.7555,3,218
ood_compose_epi-02042	2	1	1	132,92,71,27,189,65,141,110,198,18,185,115,81,139,35,146,204,150,169,153,93,2,157,124,99,117,12,202,56,205,43,45,60,204,84,21	1,2,0.4075,0,17;2,1,0.6135,0,4;7,2,0.3925,2,170;8,2,0.8975,0,217;2,4,0.7725,0,218;3,2,0.6225,0,223
ood_compose_epi-02043	4	1	0	91,49,100,76,201,117,152,138,115,170,83,134,8,93,199,153,27,36,19,146,176,40,15,21,207,61,149,72,204,185,125,48,67,141,183,111	7,5,0.6185,0,9;2,2,0.0395,3,238;0,3,0.7855,3,199;3,1,0.6055,0,119;3,5,0.6595,0,144;4,4,0.4855,0,247
ood_compose_epi-02044	6	1	1	141,103,178,13,35,69,82,146,163,42,68,6,150,106,45,164,89,215,80,124,16,182,133,136,63,195,184,186,49,32,200,21,94,115,117,186	5,3,0.0755,0,179;7,1,0.5035,0,202;0,5,0.8985,0,214;7,0,0.3135,1,123;6,0,0.6925,0,175;3,3,0.1955,0,121
ood_compose_epi-02045	7	0	1	69,179,87,185,11,45,18,117,5,176,150,177,93,171,210,36,125,112,130,50,27,189,141,99,92,43,200,169,188,21,138,66,74,145,109,60	4,1,0.5345,0,198;2,2,0.7125,0,37;1,2,0.5805,0,210;1,5,0.8165,0,245;2,3,0.0415,0,72;4,0,0.5865,0,6
ood_compose_epi-02046	9	0	2	159,84,145,61,182,198,154,100,151,160,138,173,21,92,10,67,41,174,80,199,141,115,5,37,32,93,204,56,109,48,155,126,69,131,117,20	4,0,0.9635,0,104;7,3,0.3545,3,71;7,3,0.7485,0,194;7,2,0.8995,0,229;3,3,0.6295,0,227;5,1,0.4625,0,93
ood_compose_epi-02047	0	3	2	193,68,85,155,148,184,200,76,46,97,22,123,140,192,89,133,163,177,69,2,39,58,116,26,141,119,106,194,93,151,52,41,196,161,12,19	1,2,0.6085,1,12;1,5,0.3745,1,197;3,0,0.8545,0,20;3,3,0.3025,0,91;0,0,0.9035,2,157;2,3,0.8735,0,163
ood_compose_epi-02048	5	0	2	123,113,85,167,45,197,37,151,65,20,88,9,168,100,194,75,49,117,180,196,168,21,31,140,12,141,94,173,62,43,145,171,69,107,130,203	8,2,0.9875,0,144;6,3,0.7695,0,49;0,4,0.2145,0,64;2,3,0.1335,1,148;3,1,0.2705,0,84;2,0,0.9395,0,102
ood_compose_epi-02049	6	3	1	200,210,199,69,117,133,121,4,109,192,20,193,93,87,205,148,150,179,97,73,154,28,90,191,62,34,187,141,43,138,45,64,21,112,10,57	3,0,0.9525,0,56;3,0,0.7255,0,249;8,4,0.1335,0,65;0,5,0.4095,0,121;0,3,0.1465,0,73;0,3,0.5545,0,0
ood_compose_epi-02050	1	1	1	7,183,182,93,124,165,110,90,55,150,75,25,58,165,117,21,213,141,114,69,65,42,146,156,45,99,173,135,210,136,163,183,12,39,19,84	6,2,0.7915,0,216;0,5,0.5175,0,226;6,0,0.2545,0,167;2,2,0.5985,0,202;2,4,0.4885,0,10;3,5,0.1945,0,159
ood_compose_epi-02051	6	3	0	201,153,19,141,103,52,93,67,178,106,90,63,10,155,70,117,191,87,41,148,168,136,214,2,126,36,73,21,133,178,149,28,47,184,114,212	1,0,0.6325,0,117;3,2,0.2075,2,28;3,5,0.7815,1,149;0,5,0.5715,0,183;6,0,0.4075,0,239;5,3,0.1345,0,85
ood_compose_epi-02052	9	3	0	91,141,19,113,131,180,21,105,187,56,196,188,128,9,44,148,45,137,168,38,176,13,149,117,82,80,93,200,66,171,61,32,203,202,69,106	8,3,0.6565,0,169;7,4,0.9495,0,220;7,3,0.4095,0,69;7,0,0.6075,0,136;8,0,0.2695,0,85;7,1,0.3635,0,121
ood_compose_epi-02053	4	1	1	173,154,37,27,121,19,153,52,141,196,188,170,67,150,43,173,69,22,174,182,4,139,134,60,120,146,84,113,100,12,89,174,109,79,45,95	3,2,0.7645,1,180;2,3,0.7675,0,50;3,2,0.7615,0,127;6,2,0.3545,2,232;3,3,0.3415,3,206;0,4,0.7865,0,217
ood_compose_epi-02054	7	1	2	42,106,75,211,134,99,89,36,174,146,151,9,113,197,51,117,191,58,46,167,155,72,85,21,93,65,183,140,208,18,210,122,181,141,32,14	8,4,0.5315,0,169;7,2,0.4095,1,83;2,0,0.3795,3,122;2,3,0.2915,0,161;2,0,0.3995,0,199;1,4,0.9285,0,171
ood_compose_epi-02055	1	1	2	169,195,48,187,60,32,56,122,172,193,2,206,86,151,213,43,115,146,13,93,136,75,196,104,34,130,90,21,118,69,65,141,174,211,17,111	1,3,0.2995,0,246;7,0,0.6615,3,17;7,2,0.3595,0,48;2,4,0.5285,0,144;7,5,0.7035,1,141;1,0,0.0525,0,84
ood_compose_epi-02056	10	2	2	21,206,91,203,184,8,84,10,188,130,183,53,69,78,141,35,138,67,62,99,125,151,177,45,215,16,147,29,93,164,44,191,162,114,117,110	7,0,0.0645,0,133;4,1,0.9635,0,214;4,4,0.7875,0,250;5,2,0.7025,0,119;2,4,0.5995,0,154;4,0,0.5705,0,231
ood_compose_epi-02057	6	0	0	132,180,171,124,69,40,212,106,193,189,103,21,136,117,149,178,53,141,115,164,28,45,80,1,90,19,62,83,165,38,93,145,206,67,171,14	0,4,0.7115,0,146;3,4,0.0205,0,242;4,4,0.7925,0,129;7,1,0.4985,0,243;6,0,0.7225,0,71;3,2,0.1555,0,201
ood_compose_epi-02058	10	1	2	98,174,151,44,141,181,192,208,213,74,18,93,109,37,146,120,168,154,15,29,138,69,207,21,60,129,197,45,5,67,50,182,131,89,114,83	4,5,0.5195,0,44;4,3,0.8435,0,237;1,2,0.6885,0,6;1,1,0.2745,0,87;1,3,0.5095,3,48;8,1,0.5375,0,237
ood_compose_epi-02059	10	1	0	86,40,39,202,91,45,28,58,93,101,117,178,215,21,215,14,183,5,20,176,79,141,64,149,161,146,70,191,112,188,174,129,135,106,53,138	4,4,0.8545,0,22;3,5,0.0145,0,136;4,0,0.0755,1,185;6,4,0.7675,0,98;4,0,0.1575,0,173;8,5,0.4995,0,113
ood_compose_epi-02060	2	3	0	210,59,81,109,136,28,155,113,163,56,148,179,68,124,69,167,83,18,36,90,214,192,177,141,157,43,149,198,11,130,21,4,93,117,99,45	3,1,0.4805,0,208;3,2,0.7175,0,2;7,1,0.8325,0,127;8,1,0.4045,0,71;2,3,0.3945,0,129;3,0,0.1065,0,165
ood_compose_epi-02061	6	2	0	149,160,177,25,179,140,168,134,213,93,53,114,91,12,62,121,21,142,1,84,183,160,97,180,35,182,147,117,69,16,106,45,42,68,78,185	0,2,0.0685,0,77;0,1,0.5905,0,101;4,4,0.9685,0,176;5,2,0.6215,0,239;0,0,0.5185,0,248;0,4,0.8455,1,138
ood_compose_epi-02062	1	0	0	3,49,197,108,191,21,114,69,19,34,192,83,149,138,45,26,161,63,155,141,205,154,103,176,90,80,117,94,43,145,65,127,177,134,211,12	2,2,0.7435,0,120;1,0,0.7785,0,81;0,5,0.3515,0,3;7,1,0.5565,1,85;6,2,0.5625,0,28;6,4,0.4115,0,24
ood_compose_epi-02063	3	0	0	93,156,170,171,149,166,18,28,171,102,157,56,138,91,21,108,145,65,85,60,174,200,135,39,141,6,45,168,78,192,117,123,114,44,70,10	5,0,0.4025,0,76;3,5,0.8015,0,165;7,2,0.2345,1,216;5,3,0.6185,0,101;5,2,0.5415,0,29;2,5,0.5225,0,211
ood_compose_epi-02064	4	1	0	199,124,199,149,146,201,89,77,176,72,86,187,173,12,114,42,117,23,141,156,66,107,93,193,34,63,200,29,138,53,5,102,45,134,20,188	4,2,0.8535,2,155;4,0,0.5205,0,104;4,5,0.4665,3,199;4,4,0.2235,0,120;5,1,0.4415,0,48;3,4,0.5895,0,149
ood_compose_epi-02065	6	1	2	72,160,140,63,166,146,132,159,25,51,2,173,14,22,73,116,16,167,100,41,141,117,90,64,39,169,189,213,151,161,96,87,45,156,121,107	1,4,0.1985,1,21;0,5,0.3315,0,53;2,5,0.1005,3,160;0,5,0.4135,3,225;3,1,0.8085,0,0;0,2,0.8025,0,116
ood_compose_epi-02066	9	2	0	81,12,198,50,135,175,141,149,45,213,147,69,44,58,93,67,185,214,182,104,21,85,8,129,111,20,140,173,154,117,116,34,185,153,89,33	7,2,0.9835,0,26;8,0,0.8625,0,42;1,0,0.7485,0,75;8,3,0.3405,0,230;7,5,0.9885,0,9;8,5,0.8645,0,180
ood_compose_epi-02067	7	1	0	137,43,208,26,185,124,39,179,199,66,85,167,146,149,58,45,55,98,201,91,69,211,110,117,168,115,130,14,1,93,189,186,141,75,16,21	0,4,0.1315,0,36;1,5,0.6335,0,92;6,0,0.5085,0,51;2,3,0.6145,0,144;1,4,0.7515,0,176;3,0,0.3555,0,48
ood_compose_epi-02068	0	3	0	131,117,80,42,110,100,59,68,82,22,212,170,89,37,141,187,160,8,149,206,52,124,114,69,11,159,148,45,32,157,160,188,95,136,165,18	7,1,0.4815,1,68;7,3,0.4455,0,23;3,1,0.9085,0,49;7,0,0.3775,2,93;3,4,0.4795,0,44;3,1,0.0615,0,45
ood_compose_epi-02069	1	0	2	136,89,75,197,16,118,69,145,3,184,160,93,41,21,151,61,64,184,112,144,188,45,111,167,131,159,206,13,27,34,155,152,85,52,102,124	2,3,0.1545,0,173;2,0,0.3275,0,235;3,3,0.0065,0,19;2,3,0.2985,0,37;5,5,0.1805,1,143;3,1,0.1775,3,200
ood_compose_epi-02070	2	1	2	124,18,108,45,12,7,71,92,183,151,206,186,35,183,197,130,62,28,113,137,103,83,22,182,118,55,194,141,163,209,146,78,93,66,44,203	6,2,0.4905,1,41;3,1,0.9735,0,172;6,4,0.4715,2,149;5,1,0.9815,0,85;6,2,0.2785,1,108;3,0,0.3015,0,85
ood_compose_epi-02071	9	2	0	113,176,181,155,182,167,21,20,128,147,185,45,65,141,3,139,90,117,208,81,42,69,83,60,10,49,186,93,149,36,109,32,172,165,130,98	2,0,0.9255,0,149;7,2,0.4305,0,94;0,2,0.3335,0,243;8,1,0.4915,0,199;1,3,0.3575,0,136;7,0,0.7685,0,0
ood_compose_epi-02072	5	0	0	10,65,94,206,127,114,130,69,172,206,141,17,111,103,117,36,88,55,181,194,149,215,145,63,46,139,181,24,199,170,43,161,7,79,87,31	6,0,0.3095,3,44;6,2,0.7065,1,247;6,5,0.3355,0,221;6,5,0.0955,1,221;6,5,0.5855,0,184;6,0,0.7785,0,185
ood_compose_epi-02073	3	0	0	26,40,77,117,11,4,61,149,153,52,142,137,69,194,159,92,93,175,127,202,34,181,68,99,83,191,19,145,177,181,45,175,132,21,116,108	3,1,0.7375,0,113;1,0,0.1335,0,32;3,3,0.9655,0,83;4,1,0.8515,0,36;2,2,0.8675,0,219;6,2,0.2425,1,217
ood_compose_epi-02074	7	0	2	174,145,61,151,132,16,177,39,209,21,173,69,10,100,47,7,143,162,156,214,93,126,117,114,66,50,89,107,42,202,176,82,140,79,32,178	6,0,0.0775,0,29;7,5,0.4475,2,223;1,3,0.5545,0,53;6,0,0.2505,0,33;3,1,0.5245,0,137;5,2,0.8085,2,25
ood_compose_epi-02075	4	1	1	139,188,15,127,111,28,150,117,85,130,21,98,188,180,146,48,207,63,198,18,172,165,64,93,165,141,39,51,81,69,189,113,4,43,91,175	3,5,0.4315,0,58;3,5,0.6995,3,128;2,5,0.0535,0,27;8,3,0.7285,0,21;1,5,0.2535,0,131;6,0,0.6985,0,34
ood_compose_epi-02076	5	1	1	21,37,76,141,67,176,116,194,166,190,155,5,111,207,117,139,82,103,18,93,125,63,31,51,150,90,199,159,156,10,72,45,146,193,43,134	4,0,0.5695,0,127;6,3,0.7955,0,102;2,5,0.6335,3,65;3,0,0.4305,0,211;6,5,0.8365,0,255;4,4,0.6165,0,221
ood_compose_epi-02077	2	1	2	194,15,22,93,188,151,17,62,113,138,156,187,64,131,74,91,124,167,153,107,183,69,4,166,82,28,142,215,117,40,146,35,45,50,100,184	3,5,0.3255,1,161;3,1,0.1815,0,183;1,4,0.0655,0,9;1,0,0.6865,0,198;3,1,0.2875,0,23;3,1,0.4045,1,6
ood_compose_epi-02078	2	2	2	129,106,113,183,200,141,185,69,16,195,131,137,203,83,93,102,73,117,66,22,215,57,30,151,213,45,212,40,58,202,206,147,9,91,10,35	8,0,0.0035,1,155;5,1,0.0285,0,168;8,0,0.4095,0,188;0,1,0.7845,0,45;5,0,0.2915,0,44;8,1,0.2795,0,220
ood_compose_epi-02079	10	2	2	178,75,135,147,17,170,3,151,136,64,188,201,47,21,117,141,109,123,192,96,91,60,105,189,184,160,87,12,36,115,57,69,173,169,33,44	2,2,0.3655,0,75;8,2,0.8995,2,237;8,2,0.1345,0,160;2,5,0.6155,3,72;8,3,0.6105,0,125;2,5,0.1245,0,40
ood_compose_epi-02080	10	2	1	129,21,147,117,14,204,164,81,160,59,186,36,155,50,211,82,144,215,91,8,176,115,186,139,66,47,32,109,17,105,162,93,70,150,133,44	7,4,0.2315,0,45;7,2,0.9135,2,224;1,1,0.4075,1,124;8,0,0.7615,0,80;8,3,0.7985,0,42;8,3,0.6295,3,51
ood_compose_epi-02081	10	2	0	163,141,64,182,139,45,90,7,126,117,149,113,54,168,105,164,192,198,180,93,132,61,21,178,37,14,33,69,16,170,147,106,196,41,85,81	6,4,0.1995,0,125;8,3,0.2555,0,146;5,3,0.0485,0,236;8,3,0.4225,0,67;8,0,0.2385,0,183;5,2,0.6745,0,5
ood_compose_epi-02082	6	0	1	185,28,141,209,105,173,137,115,73,204,85,110,170,10,45,150,153,19,9,55,93,41,58,64,175,129,35,145,130,181,71,22,118,193,191,90	8,0,0.7315,1,17;3,1,0.2075,0,160;6,0,0.0685,2,120;0,3,0.4445,0,140;8,4,0.7655,1,71;8,0,0.2765,0,6
ood_compose_epi-02083	1	2	2	147,178,70,58,210,162,19,121,198,130,3,25,21,99,15,187,187,111,65,136,141,49,75,117,87,206,43,115,39,45,197,209,90,151,94,190	2,5,0.6585,0,64;0,5,0.7855,0,179;0,0,0.3375,1,245;2,5,0.4735,1,222;2,5,0.7865,0,146;0,0,0.1015,0,197
ood_compose_epi-02084	2	0	0	176,183,126,105,30,176,52,167,6,154,137,69,82,106,78,172,130,68,17,59,21,120,113,145,15,88,141,196,149,93,196,180,44,45,35,208	5,5,0.3325,0,74;5,1,0.8305,0,180;3,1,0.9055,0,5;5,0,0.0455,0,166;8,0,0.3655,3,39;5,0,0.3195,0,213
ood_compose_epi-02085	2	3	2	114,141,4,10,179,110,84,206,60,74,93,100,118,166,45,191,18,55,39,68,127,183,69,40,21,131,148,163,31,170,90,212,158,159,151,136	3,0,0.4745,0,241;6,5,0.0115,0,238;6,2,0.9845,0,50;1,2,0.5105,0,87;3,4,0.4705,1,236;6,1,0.1375,0,108
ood_compose_epi-02086	1	2	2	21,3,65,95,75,34,40,163,61,103,131,201,161,179,91,82,177,178,142,208,116,53,117,27,13,45,151,137,147,127,110,20,70,194,192,171	2,3,0.8835,0,236;2,0,0.1015,0,179;4,3,0.2615,1,244;2,0,0.7565,2,197;6,4,0.9315,0,123;6,1,0.3975,1,238
ood_compose_epi-02087	9	2	0	202,36,30,110,8,157,135,114,194,161,69,92,171,177,49,63,64,21,83,93,117,166,141,101,205,171,45,40,75,149,154,20,10,138,147,128	7,0,0.9225,0,97;5,2,0.1765,0,152;0,5,0.1115,0,128;2,1,0.9375,0,94;4,4,0.4505,0,242;7,5,0.5775,0,193
ood_compose_epi-02088	10	1	1	29,100,159,146,87,65,13,173,214,168,77,18,69,117,150,110,162,137,124,213,63,5,141,22,92,93,43,203,191,39,169,45,131,114,183,53	4,3,0.4105,1,228;4,5,0.6045,0,134;4,5,0.3645,0,151;4,5,0.8115,0,95;3,4,0.5565,0,246;3,1,0.3255,0,135
ood_compose_epi-02089	1	1	0	183,85,45,138,155,28,152,158,117,88,123,21,104,80,65,170,153,209,44,146,133,12,114,149,58,51,141,177,3,111,69,94,34,18,203,172	2,2,0.5055,0,252;3,0,0.8235,0,203;2,0,0.3975,0,70;7,3,0.1175,1,55;7,5,0.5925,0,253;2,3,0.5405,0,126
ood_compose_epi-02090	1	1	1	56,130,181,117,171,13,150,200,21,44,171,7,63,113,178,29,85,106,75,18,45,169,123,69,146,154,163,93,136,68,92,141,185,102,35,163	6,3,0.5185,0,36;4,1,0.9015,0,171;7,5,0.8485,0,92;2,3,0.8985,0,50;5,0,0.2235,0,36;2,0,0.0415,0,147
ood_compose_epi-02091	4	1	2	112,189,16,35,3,134,12,45,28,105,212,117,24,137,69,62,192,212,50,106,143,93,151,122,65,168,42,88,194,146,215,76,157,176,82,210	2,2,0.1925,3,179;3,1,0.5285,0,86;1,4,0.3765,0,231;3,0,0.0495,0,22;8,0,0.0575,0,167;1,4,0.3515,2,112
ood_compose_epi-02092	6	0	2	151,145,130,63,33,215,49,93,111,139,14,207,43,79,84,184,141,39,114,21,202,46,124,156,67,1,117,179,100,154,169,203,20,176,69,92	0,4,0.8495,0,71;8,5,0.6805,1,200;0,5,0.6405,0,90;6,2,0.8235,0,142;3,5,0.4995,0,246;3,0,0.7185,0,61
ood_compose_epi-02093	5	0	1	19,90,197,55,87,191,21,7,27,79,60,69,150,45,186,43,174,131,110,191,200,203,195,66,12,100,117,142,137,171,122,36,93,193,115,145	6,2,0.6945,0,158;2,2,0.7735,0,89;6,2,0.5715,0,125;6,5,0.5415,0,85;3,4,0.7825,0,44;1,1,0.2185,1,219
ood_compose_epi-02094	1	2	1	20,45,67,147,181,127,51,12,174,112,150,69,139,93,171,79,110,156,131,178,141,167,43,3,26,86,190,91,117,36,188,189,105,181,21,60	2,2,0.9505,0,110;1,2,0.7085,0,21;2,2,0.6405,0,27;6,4,0.7575,0,144;8,4,0.0145,0,177;6,1,0.6915,0,240
ood_compose_epi-02095	10	2	1	214,20,107,61,168,186,14,164,200,22,133,43,147,98,45,50,117,93,29,116,2,69,39,141,165,161,137,167,74,84,64,91,129,152,150,172	1,4,0.9825,1,113;4,5,0.6935,0,64;1,3,0.0915,0,10;1,2,0.6885,0,56;1,1,0.8485,0,221;8,3,0.3565,0,93
ood_compose_epi-02096	1	3	2	26,183,17,45,170,21,133,157,151,152,63,81,94,141,116,204,167,64,3,123,119,185,212,84,14,69,99,154,89,41,51,37,148,140,197,106	2,4,0.3335,0,41;1,3,0.3445,0,65;2,5,0.0925,0,48;8,2,0.3565,1,111;2,0,0.8215,2,36;2,3,0.9185,0,111
ood_compose_epi-02097	7	2	0	27,87,68,40,215,51,112,69,12,193,60,90,189,99,46,110,168,127,172,74,147,149,2,131,141,169,19,155,21,138,180,37,178,186,117,93	1,2,0.7605,0,62;2,3,0.1085,1,5;2,2,0.8395,0,45;1,5,0.4095,0,69;2,4,0.0985,0,236;6,1,0.5135,0,97
ood_compose_epi-02098	1	0	0	109,213,21,70,194,176,40,45,149,145,83,88,39,200,96,163,213,64,6,99,196,139,124,115,56,174,27,174,13,117,75,197,59,141,17,131	5,3,0.2205,0,137;2,5,0.0335,0,51;7,1,0.1455,1,36;2,1,0.1315,3,28;2,3,0.7515,0,34;3,1,0.6165,0,12
ood_compose_epi-02099	1	2	0	123,14,132,60,106,41,174,16,147,91,38,1,153,141,179,85,93,118,215,99,137,72,149,23,31,53,75,45,202,199,66,165,164,159,161,112	0,4,0.0955,2,254;6,4,0.2435,0,39;4,2,0.4175,3,85;2,3,0.7925,0,219;2,0,0.1315,1,194;2,2,0.2645,0,53
ood_compose_epi-02100	10	2	2	13,141,184,188,60,93,77,83,45,163,151,17,133,198,172,161,175,164,39,101,202,42,165,140,90,64,110,29,69,1,117,114,53,21,125,147	0,3,0.2095,0,100;4,5,0.5385,0,15;4,2,0.1905,0,202;4,1,0.5905,0,103;4,4,0.5305,0,89;4,3,0.8175,0,119
ood_compose_epi-02101	5	2	2	79,69,161,107,117,41,207,65,137,38,134,93,147,7,191,47,155,190,112,166,103,141,16,63,151,10,31,213,210,212,126,156,21,55,89,86	6,0,0.0795,0,104;6,4,0.2865,2,118;6,5,0.2425,0,113;6,4,0.3075,0,87;6,1,0.1195,0,33;5,4,0.2425,0,207
ood_compose_epi-02102	6	3	2	28,4,211,90,180,66,121,198,43,213,71,151,100,20,112,148,83,61,195,110,37,11,211,184,135,21,117,187,73,139,190,193,54,48,141,93	3,1,0.8255,0,184;3,3,0.6455,3,172;5,3,0.4915,2,216;0,1,0.5675,0,210;3,4,0.1815,0,236;0,5,0.7205,0,128
ood_compose_epi-02103	1	1	0	29,117,190,34,164,141,140,125,67,88,21,149,40,175,61,69,154,73,146,109,215,7,152,45,102,131,165,188,51,201,13,190,82,112,17,93	6,3,0.3895,0,127;4,0,0.0245,0,32;2,3,0.6555,0,214;0,0,0.1115,0,45;5,3,0.0385,0,47;4,1,0.9505,0,195
ood_compose_epi-02104	0	3	2	168,172,90,202,122,63,207,70,52,151,180,117,45,179,148,13,40,83,135,93,64,20,24,111,153,26,113,141,99,157,137,201,181,3,36,76	2,3,0.9735,3,116;1,2,0.0945,0,94;3,5,0.0965,1,102;3,1,0.4455,0,1;2,5,0.2935,0,249;1,5,0.3295,0,100
ood_compose_epi-02105	1	2	0	113,212,17,212,163,117,21,64,121,196,102,61,45,29,177,106,168,69,15,91,42,143,87,54,174,93,147,165,131,179,139,6,149,75,201,34	5,5,0.2885,0,65;4,0,0.5505,0,58;5,3,0.0455,0,215;2,5,0.7355,0,203;5,0,0.3155,0,28;0,1,0.7615,2,122
ood_compose_epi-02106	5	2	0	11,34,43,117,149,7,198,170,137,75,168,153,147,63,183,85,165,195,135,89,127,67,161,110,71,156,18,50,191,103,115,21,45,27,141,93	6,1,0.5675,0,168;2,0,0.7375,0,18;1,5,0.7995,2,209;2,3,0.3395,0,65;6,4,0.7345,0,156;6,5,0.3265,0,118
ood_compose_epi-02107	6	2	0	91,138,159,198,187,42,86,111,121,34,45,117,1,21,64,149,112,141,60,55,25,203,69,213,206,147,155,192,19,196,79,93,131,103,215,15	0,5,0.7765,0,94;0,0,0.4015,0,234;6,2,0.1315,0,22;6,4,0.7745,0,215;6,5,0.1655,0,116;0,1,0.5085,0,232
ood_compose_epi-02108	1	3	1	165,27,93,100,112,150,143,20,8,21,108,157,186,81,131,69,45,55,213,13,190,127,177,183,117,148,90,68,43,63,211,211,183,138,82,37	7,3,0.8905,0,14;2,3,0.6875,0,217;6,5,0.8735,0,63;8,0,0.5595,0,219;3,2,0.1245,0,3;6,1,0.5375,2,237
ood_compose_epi-02109	8	2	1	200,113,35,45,197,108,104,130,15,155,143,117,57,208,79,42,210,66,138,70,213,185,181,60,164,92,31,83,21,179,150,147,20,6,126,93	5,5,0.8285,0,196;6,1,0.5115,0,45;8,2,0.5165,1,233;6,1,0.8715,0,59;7,2,0.3325,0,149;5,0,0.4835,2,190
ood_compose_epi-02110	3	0	0	64,3,84,136,100,69,45,188,199,189,188,131,35,157,92,149,123,42,80,117,93,142,28,21,172,63,145,164,20,197,207,52,10,203,111,114	2,0,0.8645,0,116;3,1,0.4375,0,128;3,5,0.0435,0,246;7,2,0.8425,0,82;3,5,0.4415,0,149;2,1,0.1105,1,221
ood_compose_epi-02111	4	1	0	182,131,110,192,117,89,169,21,146,149,14,27,59,141,100,116,96,43,65,81,82,46,168,164,140,208,52,128,37,166,166,69,157,1,162,19	0,4,0.6575,0,125;2,3,0.7365,1,150;3,1,0.3565,0,168;8,0,0.3575,3,119;3,4,0.9085,0,208;7,1,0.9925,0,155
ood_compose_epi-02112	9	1	0	65,166,25,127,198,111,15,104,16,69,136,63,55,195,116,165,21,94,164,196,134,146,39,40,170,165,9,149,79,45,85,141,88,198,206,117	8,5,0.0465,0,231;0,5,0.1325,0,109;6,5,0.3615,0,90;6,3,0.0125,1,120;7,5,0.9415,0,233;6,4,0.1555,0,143
ood_compose_epi-02113	1	3	1	210,17,56,64,92,174,114,176,12,43,162,39,45,120,150,161,104,195,154,157,74,21,211,122,132,69,195,111,58,27,93,137,6,84,148,141	5,2,0.2425,0,74;2,5,0.7905,0,103;7,0,0.1075,0,85;1,2,0.9665,0,9;7,5,0.5575,3,81;1,2,0.3245,0,5
ood_compose_epi-02114	10	2	1	212,147,150,157,57,44,212,89,157,117,129,213,140,81,192,133,65,20,108,116,93,34,30,214,70,192,45,214,141,101,187,7,60,12,83,21	6,2,0.8235,0,171;5,0,0.9835,0,211;8,2,0.3635,1,2;8,1,0.2715,0,204;4,2,0.8435,0,180;8,3,0.9145,0,128
ood_compose_epi-02115	10	3	2	163,21,137,151,99,35,129,87,57,111,93,17,206,117,112,213,61,148,170,6,208,202,13,141,133,41,64,69,170,171,45,88,27,81,154,159	5,3,0.3975,0,225;2,1,0.2845,0,250;8,3,0.1065,0,25;8,5,0.1885,0,71;2,5,0.1225,0,145;8,3,0.3435,0,114
ood_compose_epi-02116	4	1	1	76,150,83,162,211,38,146,44,17,181,181,212,69,93,124,91,117,102,134,139,5,209,63,113,110,64,212,49,13,21,181,141,47,168,204,25	4,3,0.3745,0,120;0,4,0.9975,2,250;0,5,0.0715,0,6;3,1,0.6125,0,168;5,4,0.2895,0,190;3,4,0.7515,0,219
ood_compose_epi-02117	5	2	0	156,175,203,194,141,169,173,10,7,189,93,203,69,89,21,45,137,101,110,16,115,180,30,55,125,162,61,77,86,149,147,135,36,66,119,42	6,0,0.1105,0,7;5,2,0.5905,0,227;6,3,0.4225,0,175;4,4,0.3875,0,152;4,4,0.6155,2,1;4,5,0.3515,0,167
ood_compose_epi-02118	2	0	1	170,43,150,113,11,145,69,138,184,189,59,117,210,103,21,203,33,131,156,4,172,47,74,214,68,92,144,123,18,93,107,82,55,35,186,157	3,1,0.5425,0,101;8,1,0.7845,2,4;6,1,0.8045,0,46;1,0,0.8585,0,21;6,1,0.3665,0,74;2,1,0.4575,3,142
ood_compose_epi-02119	5	0	2	155,117,55,42,12,154,68,116,98,18,108,151,206,69,92,215,9,21,94,180,75,158,63,123,83,28,133,193,145,213,212,144,136,45,192,37	8,2,0.4745,0,141;3,3,0.5105,0,16;6,5,0.9395,0,9;2,1,0.8795,1,109;1,2,0.9705,0,69;2,3,0.1095,3,253
ood_compose_epi-02120	1	2	1	172,95,197,150,87,173,21,89,165,46,195,10,182,63,133,115,26,34,68,138,204,108,196,19,187,123,102,141,147,190,44,51,69,6,77,117	5,0,0.7775,0,81;1,0,0.8925,1,8;2,5,0.9495,0,244;4,5,0.3715,2,2;5,2,0.7295,0,106;2,3,0.4135,0,171
ood_compose_epi-02121	5	2	0	117,171,69,177,101,180,163,21,31,93,182,206,39,79,202,140,92,113,109,55,42,147,83,125,197,62,18,66,207,6,196,45,135,149,141,12	5,2,0.4145,0,156;6,5,0.4045,0,106;6,4,0.5155,0,146;6,1,0.8425,0,90;4,3,0.2885,0,229;4,5,0.9575,0,188
ood_compose_epi-02122	5	0	0	213,61,117,31,86,161,141,111,69,67,121,114,88,45,73,10,145,173,149,35,19,156,94,55,175,7,174,103,184,131,180,138,186,43,215,21	6,0,0.7785,0,182;6,1,0.7695,0,173;6,3,0.6465,0,130;0,4,0.1305,1,11;6,5,0.4535,0,241;0,1,0.4865,0,226
ood_compose_epi-02123	1	1	1	155,114,207,29,52,34,109,214,137,166,11,45,125,214,189,201,93,102,63,6,144,44,150,163,117,75,146,91,64,85,16,207,69,21,132,163	5,1,0.0465,0,144;4,0,0.9345,0,113;3,5,0.1005,0,199;2,3,0.7295,0,243;5,3,0.4545,0,187;4,2,0.3245,3,86
ood_compose_epi-02124	9	3	0	104,178,176,32,21,36,70,115,138,176,148,4,128,149,85,96,111,63,135,209,169,64,141,178,41,215,76,45,19,180,89,184,14,118,52,182	3,4,0.6195,0,222;7,2,0.3125,0,17;3,5,0.1505,1,44;3,3,0.3265,3,195;7,5,0.7245,1,35;7,5,0.4415,0,226
ood_compose_epi-02125	0	3	1	27,20,6,52,155,41,141,69,209,134,106,116,117,188,21,102,139,150,45,124,86,76,161,59,180,66,148,155,160,89,36,93,202,168,12,200	5,2,0.9695,0,172;2,2,0.3945,0,9;3,1,0.5335,0,231;3,4,0.3015,0,46;5,0,0.8155,0,194;3,4,0.7405,0,142
ood_compose_epi-02126	9	2	1	80,141,90,11,179,177,68,40,16,201,37,5,109,184,45,32,147,164,195,104,58,113,213,50,93,171,69,117,171,128,133,84,139,22,150,171	4,1,0.1335,1,99;7,3,0.1075,0,182;1,0,0.8045,0,230;7,2,0.5145,0,43;7,3,0.3535,0,177;7,3,0.7555,0,45
ood_compose_epi-02127	10	2	0	81,185,147,37,153,198,157,115,69,190,42,107,93,9,117,130,89,158,15,137,21,60,149,212,27,105,125,199,20,45,66,166,160,82,53,141	8,5,0.9235,0,155;2,3,0.5965,0,84;4,2,0.4015,0,165;8,0,0.2995,0,233;8,1,0.7245,0,178;4,0,0.3525,0,201
ood_compose_epi-02128	6	3	2	25,205,132,139,13,45,117,21,69,209,196,7,94,214,156,66,56,114,78,97,36,141,148,155,178,20,158,43,161,92,151,58,84,110,162,128	6,3,0.9755,0,150;0,2,0.7635,0,109;7,0,0.4925,0,170;5,2,0.8535,1,120;0,4,0.4885,0,148;7,2,0.7435,0,157
ood_compose_epi-02129	0	3	1	99,213,141,193,150,131,28,76,183,69,211,205,67,136,166,117,211,126,11,87,178,108,148,41,161,20,205,4,34,112,59,91,21,45,52,93	3,1,0.8065,0,169;3,0,0.2305,0,91;3,1,0.7815,0,8;3,5,0.7985,0,82;2,2,0.0805,0,127;5,1,0.1565,0,165
ood_compose_epi-02130	2	1	0	180,163,171,39,20,73,186,44,93,149,140,45,113,99,210,84,117,108,212,4,198,59,31,12,89,51,72,21,65,126,177,146,183,164,132,141	3,2,0.8205,0,60;6,5,0.9465,0,17;2,1,0.2095,3,69;0,2,0.3745,0,190;2,2,0.2245,0,112;5,2,0.9015,0,37
ood_compose_epi-02131	9	1	1	10,93,150,45,97,42,192,120,179,154,199,67,50,36,141,21,125,62,157,109,73,69,192,159,20,1,82,137,178,32,114,146,205,135,88,211	0,0,0.8275,0,247;7,2,0.5275,0,29;1,4,0.6455,0,180;0,0,0.1735,0,241;0,3,0.4995,3,101;4,5,0.3215,0,176
ood_compose_epi-02132	5	2	0	45,141,195,89,39,147,69,93,169,15,202,64,134,21,113,17,193,32,177,85,185,211,63,160,40,149,201,73,202,111,55,129,7,140,117,103	6,5,0.3535,0,178;7,5,0.0185,0,162;6,5,0.1725,0,18;0,3,0.3445,0,78;6,5,0.2635,0,25;8,4,0.8485,0,232
ood_compose_epi-02133	0	3	0	124,45,167,148,117,36,100,12,162,166,19,42,164,84,63,77,89,93,111,141,182,135,201,5,140,26,21,177,192,53,113,178,188,67,149,69	4,2,0.6185,0,226;1,2,0.4215,0,14;4,5,0.6675,0,227;4,2,0.2825,0,57;3,5,0.3965,0,198;3,5,0.9065,0,166
ood_compose_epi-02134	1	2	2	23,192,140,153,67,192,32,82,179,151,108,117,69,123,147,58,15,90,37,161,176,141,54,3,93,153,98,43,194,17,45,133,196,112,162,75	2,5,0.2535,2,211;7,3,0.6725,0,97;5,0,0.7085,0,39;2,0,0.5785,0,76;1,2,0.1465,0,83;2,3,0.8145,0,50
ood_compose_epi-02135	1	0	0	179,123,182,69,17,65,91,141,117,21,109,87,42,182,52,159,149,100,59,179,28,180,206,162,13,45,75,34,166,3,93,113,135,196,145,137	2,3,0.3315,0,175;3,0,0.5705,0,201;3,1,0.3225,0,36;2,5,0.7695,0,75;3,3,0.2985,0,34;2,5,0.3815,0,76
ood_compose_epi-02136	1	1	1	172,13,195,41,7,153,33,47,212,123,34,202,92,93,181,211,170,65,99,59,150,141,69,117,19,156,78,146,21,115,183,107,140,51,82,131	6,3,0.6205,0,65;8,0,0.2515,2,205;2,1,0.3505,0,150;5,0,0.9955,0,252;2,1,0.6305,0,81;2,1,0.8005,0,155
ood_compose_epi-02137	10	0	2	172,64,98,85,165,125,33,212,57,157,10,17,202,9,107,21,213,151,188,118,61,81,195,141,93,199,45,145,113,44,170,69,35,134,138,90	8,0,0.3705,0,104;8,1,0.8655,0,144;8,3,0.0605,0,209;8,3,0.5385,0,167;1,1,0.2635,1,201;4,4,0.4555,0,90
ood_compose_epi-02138	7	3	0	141,136,212,98,133,194,18,125,149,157,158,5,21,45,42,176,55,197,171,109,148,202,26,116,89,117,14,83,175,35,68,69,156,61,77,96	4,4,0.5465,0,215;1,1,0.5785,0,40;6,3,0.8925,0,93;4,1,0.2395,3,141;1,3,0.8615,0,49;4,3,0.1915,0,167
ood_compose_epi-02139	1	2	2	171,168,112,162,69,45,147,3,132,176,155,85,35,93,18,105,41,110,156,68,89,51,22,117,61,27,141,210,157,10,190,151,81,137,159,129	2,0,0.4635,1,241;2,1,0.3555,0,196;2,3,0.8165,0,52;8,3,0.2045,0,172;8,4,0.0835,0,128;8,2,0.2285,0,253
ood_compose_epi-02140	1	2	1	51,177,45,192,185,12,203,93,27,147,123,203,44,83,150,37,136,67,194,21,74,7,175,211,175,177,114,90,110,117,131,18,98,62,69,141	6,2,0.4455,0,145;2,3,0.9615,0,2;2,4,0.6185,0,187;1,1,0.4355,0,230;1,4,0.5905,0,200;2,1,0.1335,0,205
ood_compose_epi-02141	9	2	0	180,22,40,128,30,198,45,203,197,114,12,134,158,60,205,39,3,78,117,141,93,65,149,147,152,140,179,19,92,83,56,174,191,110,104,69	2,2,0.6175,1,142;5,5,0.1575,0,8;7,2,0.3275,0,244;5,1,0.8315,0,181;7,4,0.5995,0,118;7,4,0.9355,0,208
ood_compose_epi-02142	5	0	1	184,50,65,116,200,126,15,141,195,30,86,117,191,138,35,69,100,18,77,201,145,134,21,193,150,59,92,106,177,41,162,7,45,93,211,182	6,5,0.5255,0,217;5,1,0.3575,0,136;1,1,0.2775,0,173;4,4,0.8605,0,28;3,0,0.8595,0,115;5,4,0.4245,0,136
ood_compose_epi-02143	9	2	1	89,134,53,195,195,93,147,150,85,196,200,170,64,43,110,214,15,75,172,141,136,36,18,69,117,172,24,62,48,116,126,30,170,182,8,104	7,5,0.5395,3,186;5,2,0.6675,3,189;4,4,0.0015,0,220;2,3,0.3225,0,246;7,4,0.8465,0,112;5,4,0.0755,0,194
ood_compose_epi-02144	5	1	1	117,65,31,43,212,126,15,91,130,7,84,143,49,150,80,146,101,153,110,196,21,196,35,164,215,72,140,19,189,61,155,112,202,189,93,45	6,5,0.7705,0,255;6,1,0.7485,0,216;0,3,0.2365,3,135;7,2,0.7535,0,150;4,4,0.0315,0,111;5,0,0.8315,2,225
ood_compose_epi-02145	5	2	2	87,197,1,165,126,79,112,206,180,66,147,91,106,36,21,12,212,93,51,187,207,159,151,42,204,69,99,139,48,17,177,58,120,142,133,32	0,2,0.3825,0,214;7,2,0.5325,3,142;2,0,0.4615,0,250;6,5,0.7225,0,1;2,0,0.1595,3,248;5,3,0.6645,1,23
ood_compose_epi-02146	1	2	2	206,81,3,27,181,69,115,109,214,17,45,57,22,14,179,117,40,190,157,66,90,200,201,128,95,147,211,151,138,83,131,34,61,163,141,99	2,4,0.3745,1,172;2,0,0.1255,0,130;8,3,0.5565,0,235;8,1,0.5775,2,226;2,3,0.7325,0,228;7,1,0.5665,0,163
ood_compose_epi-02147	1	3	0	56,45,115,117,148,193,170,200,9,209,21,130,93,208,20,182,177,99,111,62,126,10,141,88,178,139,71,25,40,209,38,159,65,85,73,149	8,0,0.8495,0,185;0,4,0.0735,0,86;7,4,0.3755,2,2;0,3,0.1775,0,116;2,5,0.6355,0,62;5,0,0.7055,0,14
ood_compose_epi-02148	1	1	1	139,144,73,111,133,64,3,14,45,198,21,69,43,37,88,146,161,113,178,168,27,87,212,182,122,97,184,182,202,117,16,150,59,210,95,49	2,4,0.1905,0,81;2,3,0.6835,0,242;0,1,0.1295,0,174;0,5,0.0395,2,75;0,5,0.3995,0,24;1,3,0.7335,3,121
ood_compose_epi-02149	10	1	2	26,144,116,146,36,43,198,21,84,190,89,152,20,125,166,159,155,68,77,109,159,72,176,93,136,200,45,168,49,101,63,5,134,151,117,10	4,0,0.9955,0,115;1,2,0.6045,0,241;0,5,0.8515,3,233;4,2,0.3805,0,247;4,3,0.9035,0,138;4,4,0.1905,3,100
ood_compose_epi-02150	10	3	2	142,193,70,177,105,92,9,139,156,57,166,95,214,131,214,74,156,107,68,21,83,161,60,129,148,42,118,163,151,13,168,36,33,18,45,114	8,3,0.4175,0,92;8,2,0.5975,0,255;8,2,0.9315,1,137;1,1,0.9335,2,31;8,1,0.4735,1,161;8,1,0.6095,1,66
ood_compose_epi-02151	9	2	0	129,93,214,209,108,38,62,42,11,197,45,147,115,170,149,159,69,88,141,212,197,81,155,21,117,32,135,139,66,16,7,84,104,160,57,196	6,1,0.1185,0,137;7,4,0.4925,0,48;8,4,0.4095,0,211;8,2,0.0215,0,14;7,2,0.6145,0,105;8,5,0.7205,0,22
ood_compose_epi-02152	7	0	1	18,45,201,35,150,89,115,139,135,213,198,42,50,26,104,93,108,141,21,145,212,10,117,84,75,2,69,123,61,185,191,68,188,187,166,171	1,0,0.5915,0,30;1,1,0.5205,0,190;1,3,0.8965,0,22;2,2,0.3395,0,208;7,2,0.7365,0,212;2,5,0.7935,0,140
ood_compose_epi-02153	2	1	0	40,5,18,163,93,195,28,133,146,117,202,136,84,72,21,59,183,38,159,149,102,124,113,204,12,65,195,89,155,199,141,45,106,206,56,76	4,2,0.4515,0,233;3,4,0.1975,0,87;7,1,0.3805,3,117;3,2,0.2655,0,146;5,0,0.2445,0,109;3,3,0.1775,0,183
ood_compose_epi-02154	1	2	1	123,147,45,211,3,152,117,11,75,150,51,106,65,195,37,21,162,17,139,69,88,141,62,204,161,82,27,44,162,198,200,116,205,93,102,133	2,1,0.3215,0,219;2,3,0.8675,0,65;2,4,0.3795,0,72;2,0,0.0345,0,179;5,0,0.9745,0,54;2,3,0.6395,0,155
ood_compose_epi-02155	2	3	2	33,9,186,109,199,40,11,120,202,84,56,187,130,45,69,215,91,140,154,171,59,18,148,75,93,194,34,170,64,151,188,21,126,99,115,141	8,1,0.4525,0,147;8,0,0.1865,0,194;7,1,0.0665,0,164;2,2,0.7195,0,134;2,3,0.6195,3,240;5,0,0.9105,0,198
ood_compose_epi-02156	7	2	1	7,50,33,122,99,199,69,179,150,60,147,19,213,79,140,93,21,152,85,43,132,112,48,208,88,185,11,34,111,159,178,117,66,164,205,141	6,1,0.6685,0,154;8,0,0.6685,3,119;1,2,0.4315,0,0;6,3,0.0115,0,150;2,5,0.0775,0,240;1,2,0.8375,0,24
ood_compose_epi-02157	6	1	1	184,146,141,68,27,135,34,93,137,88,168,58,117,86,194,52,188,47,170,200,207,76,113,3,121,157,110,205,43,150,200,69,19,22,14,104	2,4,0.6415,1,203;2,0,0.6895,2,237;3,0,0.8405,0,141;3,4,0.1285,0,160;7,4,0.2205,0,143;0,5,0.3155,0,1
ood_compose_epi-02158	1	0	2	15,176,131,151,204,189,85,188,3,171,141,145,37,21,17,65,51,45,75,58,185,120,88,27,71,189,204,136,112,156,93,101,179,126,106,42	2,5,0.2805,0,156;2,3,0.5275,0,179;2,0,0.2065,2,95;2,3,0.1255,0,230;4,0,0.0295,3,57;5,1,0.1035,0,23
ood_compose_epi-02159	1	2	1	87,45,113,61,188,10,66,41,191,210,102,210,7,125,21,94,89,51,188,143,214,34,108,132,29,147,166,150,18,120,137,161,69,160,74,207	6,0,0.4915,0,178;4,0,0.3435,0,223;2,3,0.4145,0,144;1,5,0.3975,1,180;5,2,0.2715,3,142;4,2,0.2825,2,130
ood_compose_epi-02160	1	0	2	99,41,75,135,145,176,67,49,37,172,45,58,18,21,11,87,108,89,174,136,93,195,185,4,141,162,123,163,209,151,202,27,117,69,113,177	3,1,0.5235,0,204;2,3,0.3995,0,171;0,0,0.6915,0,228;2,5,0.3985,0,117;2,2,0.2925,0,223;2,5,0.0395,0,169
ood_compose_epi-02161	8	1	2	21,59,89,84,214,166,45,102,115,151,42,34,11,107,73,16,190,126,141,1,30,117,69,49,133,139,146,183,172,174,194,202,202,93,161,64	0,1,0.1895,0,228;5,0,0.5035,0,187;0,1,0.0785,0,243;0,2,0.2275,0,189;5,1,0.7875,0,134;5,3,0.6735,0,159
ood_compose_epi-02162	9	2	1	163,80,128,90,44,147,206,26,70,8,116,187,55,144,20,178,139,178,150,36,214,206,132,108,210,48,93,104,11,21,61,117,66,210,86,214	7,1,0.8085,0,102;1,2,0.9095,3,52;6,3,0.4965,1,90;7,4,0.5525,0,48;7,2,0.8625,0,131;7,2,0.6335,3,129
ood_compose_epi-02163	7	3	1	26,62,158,207,19,184,133,21,105,200,92,140,10,203,111,69,36,114,192,43,50,86,172,45,123,117,66,197,150,93,141,74,148,185,210,4	3,0,0.6045,0,11;1,2,0.6835,0,171;1,4,0.4935,0,186;1,4,0.8505,0,141;8,5,0.4065,0,231;2,3,0.8135,0,158
ood_compose_epi-02164	1	3	2	65,63,91,69,14,181,172,185,87,21,179,206,195,16,136,106,115,1,141,117,75,190,132,99,151,185,43,50,28,126,163,35,93,148,45,206	0,4,0.1405,0,24;3,1,0.7455,0,41;1,5,0.3115,0,90;2,5,0.6585,0,205;2,0,0.6025,0,61;5,2,0.1075,0,212
ood_compose_epi-02165	8	2	1	178,162,91,134,126,147,201,109,120,139,150,212,141,180,2,116,103,62,39,46,19,78,197,21,13,187,82,205,64,93,180,30,40,187,70,53	1,3,0.6585,0,136;5,5,0.0505,1,6;4,4,0.0595,1,17;5,0,0.7285,0,113;6,3,0.8745,3,184;5,4,0.6145,0,129
ood_compose_epi-02166	6	0	0	97,134,25,161,186,140,188,121,60,14,21,161,149,43,206,181,65,89,141,1,108,36,117,45,17,93,69,188,145,51,113,87,189,160,162,73	0,4,0.3915,0,6;0,2,0.7295,0,230;2,2,0.3945,0,134;0,5,0.3905,0,53;0,2,0.3015,0,101;0,4,0.8155,0,133
ood_compose_epi-02167	10	3	0	164,69,93,100,85,67,21,203,89,141,14,111,61,5,172,80,113,184,137,148,117,29,208,53,167,212,19,161,39,48,182,149,125,134,153,44	4,4,0.6245,0,37;4,5,0.8745,3,222;4,3,0.6665,0,2;7,3,0.2485,0,28;3,5,0.2555,0,228;4,4,0.2525,0,167
ood_compose_epi-02168	4	1	0	141,107,149,212,89,39,174,124,93,164,102,131,41,206,146,117,208,86,164,76,137,19,182,153,116,52,48,152,63,210,13,6,33,67,23,69	5,3,0.7815,2,109;8,5,0.2885,3,86;3,5,0.7235,0,71;3,4,0.3435,0,108;5,1,0.8515,0,128;3,1,0.2465,0,168
ood_compose_epi-02169	1	1	0	158,93,212,3,40,62,13,146,167,19,156,102,117,27,149,21,49,179,130,124,139,141,78,45,207,69,35,166,172,82,112,196,65,106,88,199	2,3,0.7205,0,189;2,1,0.0315,0,24;0,4,0.3005,0,114;5,0,0.1565,0,217;5,0,0.0895,0,177;3,0,0.6845,0,167
ood_compose_epi-02170	9	2	0	93,179,169,179,21,141,207,8,68,140,192,42,149,17,164,188,56,82,45,174,152,90,104,77,36,61,147,107,130,32,117,14,114,212,69,125	7,4,0.3955,0,0;7,2,0.5645,0,52;7,3,0.8565,0,9;4,0,0.5235,0,198;7,1,0.5995,0,130;4,0,0.9685,0,110
ood_compose_epi-02171	8	2	0	83,204,58,7,117,21,45,65,211,141,102,147,14,40,195,53,78,201,34,185,169,17,149,188,94,30,132,115,162,128,70,88,162,111,140,173	6,4,0.3445,0,160;5,0,0.1545,0,229;4,0,0.2695,1,173;5,1,0.1895,1,232;5,5,0.7705,0,24;7,2,0.8915,0,154
ood_compose_epi-02172	6	2	0	120,201,63,139,191,169,39,203,45,149,29,10,91,106,64,201,69,162,154,212,173,179,44,84,121,77,24,112,16,95,135,104,141,53,5,147	4,0,0.1855,3,151;4,5,0.8495,0,48;4,5,0.1115,0,96;4,2,0.6605,2,203;7,0,0.1385,3,129;0,5,0.7995,0,51
ood_compose_epi-02173	6	2	0	59,72,141,134,84,208,149,190,117,93,80,153,97,194,49,37,45,91,152,112,25,68,213,22,189,12,186,136,42,210,147,123,209,109,3,17	2,2,0.2995,1,132;0,3,0.4595,0,201;0,1,0.9545,3,116;7,2,0.6225,0,75;0,3,0.0225,0,74;2,4,0.0375,0,187
ood_compose_epi-02174	5	3	2	113,20,118,86,201,148,51,31,131,64,104,110,172,14,165,214,151,140,21,69,179,36,45,141,93,215,124,7,43,155,201,160,63,90,164,75	6,4,0.8655,0,72;6,2,0.7465,0,166;2,5,0.1925,0,8;2,4,0.4925,0,95;7,4,0.2265,1,33;3,1,0.8285,0,171
ood_compose_epi-02175	6	2	0	182,14,45,3,138,89,161,156,187,129,180,132,149,69,27,82,49,147,102,21,68,39,115,78,61,93,106,40,211,213,117,19,162,172,141,164	2,4,0.7135,0,167;2,5,0.1515,0,231;0,3,0.9835,0,177;5,0,0.3955,0,160;5,0,0.7265,0,101;8,2,0.5415,0,83
ood_compose_epi-02176	10	3	1	131,153,171,88,23,57,213,84,117,105,136,25,45,116,198,34,143,161,109,188,150,93,69,17,200,3,154,187,41,15,74,65,148,210,129,58	2,5,0.3455,2,165;0,0,0.3725,0,24;8,0,0.2965,0,81;1,2,0.0305,0,97;8,3,0.9085,0,97;8,1,0.1215,2,70
ood_compose_epi-02177	5	2	1	79,141,108,87,41,147,150,62,168,117,14,131,114,66,199,192,29,153,17,185,45,167,21,175,93,69,37,162,89,101,140,123,55,214,7,170	6,4,0.3275,0,207;4,3,0.3295,0,123;6,4,0.5855,0,8;6,5,0.2435,0,97;4,2,0.4615,0,124;2,1,0.9725,0,180
ood_compose_epi-02178	4	1	2	45,194,86,130,5,152,167,205,112,161,76,93,41,13,98,21,66,108,141,125,136,17,88,186,146,192,69,27,151,193,197,119,52,37,159,60	4,3,0.3295,0,213;2,3,0.2145,0,139;3,2,0.4625,0,57;3,4,0.1355,0,211;1,2,0.1925,2,164;4,0,0.0565,0,171
ood_compose_epi-02179	1	2	2	64,17,190,108,39,156,162,69,21,194,210,60,137,151,11,173,112,40,155,203,3,171,85,132,90,141,97,147,117,121,75,45,27,51,93,194	2,1,0.2085,0,193;2,5,0.1795,0,8;2,2,0.0375,0,254;2,3,0.5345,0,95;0,2,0.1415,0,237;0,2,0.2815,0,186
ood_compose_epi-02180	2	3	1	102,169,150,107,148,21,58,154,44,92,7,129,18,179,117,36,31,113,69,190,181,84,164,12,67,142,208,172,130,93,74,196,138,51,188,45	6,2,0.4445,0,200;6,2,0.9805,0,198;2,0,0.7225,0,154;1,2,0.9255,0,197;5,1,0.3385,0,35;8,0,0.4335,1,55
ood_compose_epi-02181	1	1	0	91,188,10,139,157,27,99,176,149,123,203,47,210,213,40,87,141,69,181,61,21,66,110,16,118,196,180,165,75,96,39,133,53,8,114,146	7,0,0.0705,0,203;2,5,0.1445,2,192;4,3,0.4775,0,151;2,5,0.7035,3,222;2,4,0.4435,1,142;2,3,0.6895,0,100
ood_compose_epi-02182	6	2	0	141,149,105,106,65,155,202,7,25,11,17,73,34,187,155,117,45,23,93,189,172,89,147,140,51,171,114,199,192,42,59,70,157,135,82,121	6,1,0.2695,2,87;0,0,0.5795,0,34;2,1,0.2285,1,1;0,0,0.3615,0,173;8,0,0.5895,0,73;0,5,0.8925,0,254
ood_compose_epi-02183	10	1	2	197,141,146,33,41,126,113,48,190,34,151,161,202,181,57,69,16,152,110,86,130,163,167,208,206,75,137,13,97,88,65,23,93,117,5,62	4,3,0.1285,2,139;8,0,0.3295,3,217;8,4,0.2345,0,194;2,4,0.0745,0,89;0,4,0.2585,0,222;5,0,0.2665,0,42
ood_compose_epi-02184	1	1	2	90,130,84,178,45,65,151,188,41,31,209,6,98,170,58,127,140,93,187,160,173,152,39,10,110,171,191,117,16,75,146,116,23,52,69,141	5,0,0.0815,2,91;6,5,0.2315,0,146;3,0,0.2915,0,84;2,2,0.5555,0,135;1,4,0.8865,0,54;6,0,0.9785,0,70
ood_compose_epi-02185	7	2	0	85,199,169,69,181,117,15,21,122,103,74,50,132,147,157,139,115,62,186,36,190,16,107,202,157,210,149,91,27,67,141,93,45,3,209,43	2,5,0.0255,0,62;2,2,0.6965,0,79;1,4,0.7485,0,173;1,3,0.6905,0,154;6,1,0.7255,0,177;1,2,0.7545,0,215
ood_compose_epi-02186	1	2	2	139,60,35,132,64,169,147,17,9,127,203,115,164,192,45,53,117,79,40,109,88,99,142,151,169,72,215,93,187,87,164,21,33,10,160,154	8,0,0.2085,0,193;8,1,0.0575,0,101;4,2,0.0025,3,85;6,5,0.0865,0,84;2,3,0.6435,0,213;6,2,0.6565,1,229
ood_compose_epi-02187	1	2	0	209,149,181,161,126,157,68,82,137,27,40,46,21,69,39,115,159,62,142,133,96,117,6,10,154,156,51,197,108,147,208,158,102,73,17,91	5,0,0.2815,0,11;2,5,0.1085,1,241;2,4,0.9885,0,166;0,0,0.6745,3,168;5,2,0.6715,0,57;5,3,0.2995,1,129
ood_compose_epi-02188	6	2	1	10,147,175,65,177,157,116,82,176,150,33,93,117,200,90,1,185,126,43,108,137,133,69,37,97,49,161,142,201,81,183,61,20,166,21,45	0,0,0.8615,0,44;8,3,0.6795,0,125;0,3,0.2625,0,166;8,0,0.5445,0,156;0,2,0.8035,0,12;5,3,0.2245,1,25
ood_compose_epi-02189	10	3	1	181,21,66,83,117,192,159,19,181,150,54,211,74,28,110,59,125,167,37,92,93,181,5,174,187,69,160,45,141,130,115,43,137,14,101,148	4,4,0.6905,0,57;3,3,0.7475,0,74;5,1,0.5685,0,150;1,1,0.9735,0,185;4,4,0.7655,0,132;4,0,0.3305,0,213
ood_compose_epi-02190	1	0	1	47,109,37,205,16,145,115,59,21,164,144,117,10,131,27,192,181,42,200,51,69,140,177,150,164,93,156,160,123,211,76,4,83,99,92,66	3,0,0.1925,0,157;2,3,0.5035,2,201;2,1,0.4055,0,78;3,1,0.8365,0,106;2,3,0.6235,0,161;2,1,0.8125,3,242
ood_compose_epi-02191	1	3	1	21,116,152,12,140,211,141,93,150,148,45,36,18,99,3,123,63,179,195,111,157,26,189,50,65,89,161,70,41,171,87,199,130,75,117,202	2,2,0.4645,0,101;1,2,0.3395,0,21;1,5,0.2845,1,123;2,5,0.2575,0,143;2,5,0.8705,0,166;2,0,0.8755,0,243
ood_compose_epi-02192	5	2	0	97,16,135,72,160,93,8,26,44,58,117,181,128,141,149,79,10,109,175,39,177,201,56,66,21,158,171,147,114,91,47,136,87,200,195,155	7,0,0.1115,0,166;1,5,0.9775,2,248;7,0,0.4035,3,43;6,5,0.6245,0,36;0,3,0.4555,0,169;7,5,0.0485,0,176
ood_compose_epi-02193	1	3	2	23,55,137,148,119,87,151,43,75,4,93,195,141,169,123,17,177,10,182,180,27,114,169,103,106,199,182,69,45,208,180,64,131,37,90,58	3,0,0.3175,2,154;2,3,0.7985,0,139;6,0,0.0345,0,105;2,5,0.4725,0,199;6,0,0.5885,2,150;2,1,0.2555,0,84
ood_compose_epi-02194	1	2	2	27,211,184,166,170,55,109,141,23,130,14,147,6,117,75,123,42,210,16,181,172,151,69,84,162,38,93,60,92,99,198,136,67,114,206,45	5,4,0.0065,2,102;2,4,0.4275,0,115;6,2,0.6295,0,32;2,2,0.8095,0,131;2,3,0.5305,0,198;2,0,0.1025,0,173
ood_compose_epi-02195	3	0	2	93,117,115,52,46,76,183,108,141,39,209,162,21,172,85,168,100,145,186,61,137,4,27,69,92,64,123,200,198,164,17,192,131,151,11,41	3,1,0.3845,0,31;2,5,0.2755,1,64;3,3,0.0295,0,142;3,3,0.9685,0,32;3,2,0.7115,0,37;2,1,0.2725,0,39
ood_compose_epi-02196	1	0	2	21,145,36,44,124,152,165,136,90,166,170,207,84,194,141,135,20,199,117,69,45,106,183,93,151,99,3,153,114,67,209,14,27,59,76,52	2,4,0.9225,0,70;2,2,0.8115,0,249;3,1,0.7545,0,88;3,2,0.5045,0,1;2,0,0.4645,0,99;3,5,0.1685,0,245
ood_compose_epi-02197	9	1	1	90,99,113,32,14,109,39,141,171,198,139,9,213,75,65,21,20,69,86,146,152,183,55,126,117,132,94,175,153,43,174,174,45,60,166,150	8,4,0.8145,0,66;7,5,0.7035,0,246;6,2,0.3345,0,185;2,4,0.4945,1,148;2,3,0.2625,0,233;5,2,0.6245,0,228
ood_compose_epi-02198	8	0	1	133,213,186,86,91,183,40,68,61,106,145,155,196,100,129,36,137,11,204,215,45,21,195,119,27,69,183,3,141,150,76,170,54,115,93,18	2,1,0.4705,0,219;2,2,0.1495,0,95;5,3,0.9445,0,89;3,4,0.6835,0,88;3,0,0.7405,2,173;8,3,0.2605,0,192
ood_compose_epi-02199	6	0	1	204,92,44,134,167,39,141,67,164,106,21,15,171,27,137,118,1,196,49,59,175,73,45,150,72,83,121,207,98,93,17,145,155,167,113,180	0,5,0.3305,0,110;2,5,0.9745,0,80;0,1,0.6845,3,133;0,1,0.9655,0,237;1,0,0.2555,1,85;0,4,0.2955,0,218
ood_compose_epi-02200	8	3	0	43,8,66,88,149,54,152,18,182,204,184,24,161,11,126,214,97,107,82,130,118,58,93,76,38,194,141,210,140,114,166,72,30,45,209,148	7,1,0.5105,3,77;5,4,0.6975,0,41;5,0,0.5965,3,189;3,0,0.0345,0,11;0,1,0.5035,1,70;5,0,0.9575,0,150
ood_compose_epi-02201	9	0	0	36,117,145,186,21,160,76,196,93,44,204,16,115,108,56,6,27,61,85,132,198,137,98,141,122,68,69,149,45,212,12,163,202,88,163,180	5,2,0.0195,0,193;2,2,0.9465,0,53;7,3,0.8825,0,52;3,3,0.0985,0,46;1,2,0.7595,0,178;1,2,0.2515,0,117
ood_compose_epi-02202	2	1	0	69,183,17,60,110,112,176,155,173,42,55,83,146,21,149,78,37,90,122,93,176,45,100,132,1,184,138,117,141,65,207,204,33,198,14,167	0,4,0.2425,0,208;8,3,0.5345,0,148;6,2,0.3695,0,127;5,1,0.4035,0,86;3,4,0.0805,0,244;1,2,0.5735,0,121
ood_compose_epi-02203	10	3	2	205,69,27,57,183,75,212,40,158,94,133,48,105,85,195,160,89,115,117,123,108,137,2,59,66,10,21,185,151,162,148,141,20,37,190,213	1,0,0.8375,0,71;2,3,0.1445,3,68;8,1,0.5445,0,149;2,3,0.3815,1,176;8,2,0.7675,0,130;2,3,0.2435,0,88
ood_compose_epi-02204	2	0	1	210,21,141,180,42,71,53,66,63,117,173,139,132,106,189,28,145,35,18,79,88,102,45,180,121,12,84,94,195,1,187,116,193,208,199,150	0,2,0.5445,0,23;3,1,0.5235,0,177;4,5,0.5135,2,114;6,2,0.1725,1,85;5,0,0.8995,0,244;0,2,0.7205,0,93
ood_compose_epi-02205	3	0	0	191,149,169,126,60,137,15,201,16,93,141,52,117,40,28,46,69,73,21,100,162,180,210,3,135,180,87,116,177,38,68,174,196,91,106,145	2,5,0.1605,0,26;3,4,0.1115,1,210;3,2,0.9835,0,253;0,5,0.6325,0,34;3,0,0.8595,0,211;5,5,0.3925,0,7
ood_compose_epi-02206	0	3	1	41,52,131,137,141,209,34,67,61,90,98,10,204,128,117,154,74,189,179,190,30,110,6,212,188,150,69,17,112,194,199,148,93,45,82,24	5,0,0.3045,3,167;5,0,0.3945,0,217;3,3,0.7775,0,205;1,0,0.5015,0,160;1,4,0.1495,0,172;7,1,0.3785,0,249
ood_compose_epi-02207	10	0	2	27,130,20,107,114,43,140,187,188,144,165,192,202,194,84,154,194,70,68,73,21,155,13,45,145,63,93,121,151,9,161,35,88,117,54,105	8,3,0.8085,0,174;2,1,0.6835,0,173;5,5,0.9885,1,247;0,2,0.0265,0,210;8,1,0.5385,0,215;0,0,0.9555,3,24
ood_compose_epi-02208	6	3	1	138,129,87,13,72,188,100,150,116,50,210,172,148,16,141,165,181,171,176,215,35,73,60,45,90,65,21,28,93,213,202,1,109,43,120,132	0,3,0.1255,0,102;3,1,0.7165,0,190;1,2,0.2905,3,12;0,5,0.5175,0,115;3,3,0.8705,3,17;8,2,0.5795,0,165
ood_compose_epi-02209	3	0	1	37,11,99,27,47,214,21,135,124,175,172,117,106,17,5,192,89,205,87,140,60,113,141,79,145,65,187,44,69,52,183,93,195,161,150,152	4,1,0.3825,0,95;2,3,0.9415,2,161;3,2,0.3195,0,71;6,5,0.2995,0,20;2,0,0.3825,0,56;3,5,0.8725,0,7
ood_compose_epi-02210	0	3	2	61,191,190,26,45,75,177,124,6,10,138,51,67,151,180,113,174,93,41,203,21,18,141,85,167,90,214,100,69,191,212,133,148,37,108,117	5,0,0.4865,0,174;1,3,0.3255,0,89;2,3,0.7835,0,69;2,3,0.4905,0,112;3,2,0.3655,0,98;3,3,0.5905,0,58
ood_compose_epi-02211	5	1	2	127,40,200,39,189,113,93,11,155,146,166,73,199,136,201,111,21,86,69,55,206,151,141,7,27,66,155,103,16,131,45,91,117,176,178,62	6,1,0.0595,0,13;2,5,0.1435,0,44;6,4,0.5115,0,226;0,4,0.6375,0,156;6,5,0.2825,0,52;6,1,0.0325,0,206
ood_compose_epi-02212	6	1	0	93,77,100,160,146,25,116,63,90,21,159,45,168,141,177,184,181,170,51,19,197,7,68,215,117,69,107,135,14,44,149,121,139,37,163,84	6,4,0.7775,0,138;0,3,0.8155,0,248;2,5,0.8525,0,98;4,2,0.5035,0,97;3,1,0.9485,0,74;0,5,0.6755,0,144
ood_compose_epi-02213	2	3	0	40,89,62,199,148,179,70,21,38,68,132,113,211,45,138,181,75,100,27,2,157,141,198,149,171,93,123,181,12,51,84,193,19,117,165,108	1,2,0.7795,0,148;2,4,0.0325,0,194;2,4,0.8745,1,86;2,2,0.3615,0,98;3,2,0.3015,0,148;2,2,0.4115,0,243
ood_compose_epi-02214	9	0	0	209,21,45,196,160,141,128,59,91,105,208,132,38,119,170,41,79,183,50,138,158,28,114,93,69,16,11,9,149,85,111,186,68,166,169,145	8,1,0.0175,0,49;3,4,0.2935,0,215;1,1,0.9255,0,62;6,3,0.7395,0,72;8,5,0.5305,2,86;7,2,0.5005,0,183
ood_compose_epi-02215	5	1	2	200,31,65,203,190,14,198,107,45,18,127,103,209,21,87,146,69,213,151,113,138,7,40,167,141,38,95,199,79,63,117,51,90,213,207,135	6,4,0.5985,0,214;6,4,0.0355,0,197;2,5,0.3475,0,125;6,5,0.4465,2,54;6,1,0.2115,0,254;6,5,0.5305,0,148
ood_compose_epi-02216	6	3	1	17,197,89,121,141,61,215,150,36,178,205,176,133,148,117,47,185,83,97,42,64,28,5,182,93,111,159,69,116,21,49,138,176,182,81,10	4,0,0.3475,0,77;3,2,0.4435,2,65;0,3,0.0115,0,160;8,1,0.3765,0,161;0,5,0.9605,0,72;0,3,0.5785,0,235
ood_compose_epi-02217	1	0	0	59,198,211,89,160,75,21,132,145,13,39,2,100,82,64,93,171,194,117,25,69,45,209,149,106,160,53,156,112,123,210,16,168,140,41,141	1,3,0.0025,0,146;0,5,0.2395,0,178;4,1,0.0245,0,43;2,0,0.3945,0,44;3,0,0.0665,0,197;2,2,0.9685,0,45
ood_compose_epi-02218	7	0	0	69,117,46,27,180,114,42,108,169,65,37,74,149,16,195,137,135,155,145,84,122,185,156,90,58,98,179,50,195,2,208,96,21,185,13,142	1,3,0.0445,0,2;2,3,0.5095,1,107;1,0,0.2555,0,150;1,2,0.4515,3,82;1,2,0.4195,0,204;1,5,0.2385,1,96
ood_compose_epi-02219	9	0	0	200,128,141,158,48,215,138,176,149,21,117,193,166,113,18,69,191,184,32,110,63,50,44,145,86,90,66,12,80,133,99,207,183,93,38,8	7,2,0.5085,0,173;7,4,0.8705,3,208;1,5,0.5175,0,33;7,4,0.5665,0,103;2,4,0.2525,0,177;7,3,0.5175,0,114
ood_compose_epi-02220	6	3	1	114,150,35,173,203,45,11,6,102,42,86,204,208,93,135,141,193,148,153,92,21,52,155,69,61,117,16,172,106,122,25,73,163,162,137,65	5,1,0.1335,0,188;0,1,0.4315,0,174;3,3,0.2295,0,47;0,4,0.9655,0,184;5,0,0.4055,0,158;1,5,0.3785,0,107
ood_compose_epi-02221	10	1	2	100,17,9,146,95,141,193,151,69,114,182,55,40,11,78,182,58,107,210,163,29,92,21,157,161,64,117,86,196,178,129,215,45,134,138,35	8,1,0.2115,0,135;4,1,0.0545,0,239;6,0,0.1345,0,35;5,4,0.9665,2,176;3,1,0.5105,0,150;8,4,0.4395,0,158
ood_compose_epi-02222	1	2	1	21,206,168,31,161,214,87,64,141,51,93,111,130,115,139,3,45,89,204,147,117,125,196,168,19,200,174,99,37,209,59,75,13,40,150,72	2,3,0.6075,0,156;6,3,0.0135,0,5;2,1,0.1205,3,215;2,5,0.3525,0,245;2,5,0.6625,0,164;4,0,0.7865,0,57
ood_compose_epi-02223	9	2	0	170,80,104,64,117,21,34,174,171,149,200,49,199,140,187,25,114,12,141,83,8,128,45,110,199,42,20,204,69,91,93,178,153,147,63,130	7,2,0.9925,0,166;0,0,0.5965,0,184;0,5,0.1935,0,66;7,1,0.7535,0,93;7,4,0.5225,0,240;7,0,0.9825,0,206
ood_compose_epi-02224	1	2	2	214,107,99,135,213,77,113,93,21,45,147,151,183,11,92,62,51,65,153,202,7,176,123,185,69,136,20,37,117,199,27,207,83,141,41,200	6,1,0.9695,0,107;2,3,0.2865,0,138;2,4,0.2855,0,215;4,1,0.8655,0,51;2,1,0.3075,0,249;2,5,0.0375,0,179
ood_compose_epi-02225	1	0	0	2,35,215,91,212,75,124,185,202,179,117,137,65,28,207,145,141,45,93,82,99,50,162,23,69,10,149,178,199,43,186,131,111,116,63,18	1,0,0.5525,2,149;3,1,0.6155,0,239;1,5,0.3915,0,33;2,0,0.6565,0,92;2,5,0.8215,0,251;3,1,0.3545,0,171
ood_compose_epi-02226	10	1	0	21,179,130,42,214,45,70,53,153,178,65,180,36,155,90,117,194,84,74,149,137,15,212,110,20,5,146,168,141,98,93,122,214,29,60,112	4,5,0.8045,0,66;4,2,0.4925,0,249;4,2,0.3715,1,127;1,2,0.5735,0,115;1,4,0.0455,0,69;1,0,0.2195,0,3
ood_compose_epi-02227	7	1	0	146,122,168,84,170,38,63,10,19,206,175,91,48,143,3,74,50,114,159,149,192,100,117,189,69,178,207,66,93,27,136,107,163,44,132,23	2,0,0.6295,2,120;2,4,0.8505,3,183;1,5,0.5925,0,118;1,2,0.7545,0,150;3,1,0.4445,0,139;1,2,0.1135,2,221
ood_compose_epi-02228	10	1	0	39,57,108,16,105,21,146,93,85,157,130,215,167,1,117,42,81,142,161,60,47,92,129,136,13,72,182,149,64,33,168,210,165,173,164,114	0,3,0.1065,0,179;8,5,0.5835,2,119;8,2,0.0675,3,1;8,3,0.8985,0,60;8,2,0.5445,0,135;8,0,0.1265,1,35
ood_compose_epi-02229	1	3	2	182,41,170,181,123,117,93,194,35,185,116,209,99,51,178,208,203,68,148,135,82,11,71,109,45,21,151,138,159,88,3,27,76,58,19,141	2,1,0.6235,0,43;2,1,0.3545,0,14;2,0,0.8615,2,243;3,0,0.0885,0,165;2,3,0.9355,0,1;2,5,0.5995,0,59
ood_compose_epi-02230	1	1	1	52,141,136,186,37,190,93,133,146,109,30,162,70,156,150,65,76,210,61,115,84,166,173,3,129,205,12,117,41,99,18,45,178,210,21,88	2,2,0.4415,0,141;5,3,0.2225,0,196;3,3,0.3505,1,223;3,2,0.0485,0,181;2,3,0.6375,0,60;8,3,0.1615,0,178
ood_compose_epi-02231	4	1	1	39,179,93,52,163,176,164,115,132,210,10,117,62,69,152,75,66,150,157,4,100,20,41,146,141,28,45,179,171,84,107,124,92,172,21,140	3,0,0.9135,0,42;3,5,0.3535,0,162;3,4,0.5345,0,88;2,2,0.9215,0,186;3,1,0.7885,0,82;3,2,0.9825,0,126
ood_compose_epi-02232	8	2	2	87,88,2,50,45,112,96,173,39,202,99,63,175,117,154,14,111,147,69,151,133,79,193,17,141,199,138,158,191,126,177,179,21,41,31,64	1,4,0.2365,0,212;6,5,0.2685,0,199;1,5,0.0285,0,158;6,5,0.1655,3,244;2,5,0.1685,0,127;5,3,0.5825,0,143
ood_compose_epi-02233	5	3	1	141,117,107,86,100,38,41,88,150,168,5,136,177,18,163,21,68,69,77,185,184,135,28,121,115,45,55,169,14,148,62,155,205,209,157,93	4,4,0.5065,0,179;3,4,0.3285,0,243;6,4,0.8785,0,177;4,4,0.1535,0,218;3,1,0.6925,0,90;0,5,0.1255,0,135
ood_compose_epi-02234	1	1	2	38,21,199,202,69,151,142,181,44,30,65,93,117,52,214,198,75,19,99,124,183,162,182,180,11,191,135,45,115,146,85,63,138,111,6,90	5,1,0.7425,0,148;5,4,0.8925,0,113;3,5,0.2305,0,138;2,3,0.4005,0,248;2,5,0.6405,0,14;3,5,0.5225,1,72
ood_compose_epi-02235	10	1	0	18,114,136,80,167,21,182,149,86,59,50,141,172,146,89,69,105,134,66,117,13,161,205,181,125,44,37,176,93,111,9,161,194,45,197,33	8,3,0.5285,0,37;8,3,0.8015,0,109;1,1,0.5075,0,91;7,4,0.3165,0,186;8,5,0.5635,0,197;4,4,0.1845,0,159
ood_compose_epi-02236	10	3	0	174,168,149,148,3,98,193,141,91,162,135,129,20,39,29,140,117,69,188,116,210,45,61,10,21,211,57,93,43,198,66,81,165,184,82,108	2,0,0.8685,0,0;4,5,0.7325,0,7;8,3,0.5935,0,251;8,0,0.6275,0,109;1,2,0.9235,0,249;8,5,0.8095,0,60
ood_compose_epi-02237	1	2	2	151,197,69,22,51,179,201,90,84,93,107,115,34,60,140,205,194,141,194,117,147,178,66,123,44,10,160,166,32,104,17,180,80,134,7,48	6,0,0.3915,1,235;7,0,0.9915,3,54;2,2,0.5435,0,220;7,2,0.4895,0,10;7,1,0.6785,0,231;2,4,0.8315,0,236
ood_compose_epi-02238	10	3	2	160,118,154,61,9,10,83,105,132,79,141,159,200,148,45,96,114,17,179,57,166,41,32,190,110,37,129,200,92,151,190,69,140,184,21,66	8,0,0.2775,0,106;7,3,0.2445,0,184;8,3,0.4465,0,217;6,1,0.8665,3,254;8,4,0.4025,1,206;8,2,0.9525,0,4
ood_compose_epi-02239	10	2	2	195,21,172,151,81,55,47,129,63,109,184,135,87,36,44,18,3,93,116,70,190,165,144,147,88,185,176,15,152,117,33,156,157,105,137,67	2,5,0.5035,0,230;8,2,0.9625,2,65;6,5,0.6205,1,44;8,5,0.1825,0,64;8,3,0.9315,0,234;8,5,0.3125,3,16
ood_compose_epi-02240	6	3	1	177,40,116,181,148,67,62,121,11,93,21,132,6,45,84,117,101,49,213,137,206,19,88,198,69,81,164,110,173,150,159,39,25,196,168,144	5,1,0.6265,0,150;0,5,0.0775,0,225;0,4,0.6255,0,204;8,2,0.1565,0,188;4,4,0.9455,0,243;0,2,0.3535,3,248
ood_compose_epi-02241	1	2	0	62,25,88,207,198,190,169,6,186,40,175,115,65,156,87,45,35,73,23,123,69,197,208,147,19,149,109,133,138,93,14,117,141,105,49,184	5,4,0.7775,2,247;0,1,0.1065,0,226;0,4,0.3845,0,132;0,5,0.0685,0,178;8,3,0.7505,0,194;2,3,0.5025,0,78
ood_compose_epi-02242	5	2	1	7,166,183,154,202,79,21,35,68,134,158,69,173,199,138,86,42,61,46,110,25,96,114,20,196,14,141,117,147,169,103,92,125,55,192,150	6,4,0.9345,0,250;0,1,0.4695,1,142;6,3,0.8315,0,73;6,4,0.8605,3,21;6,4,0.4845,0,181;4,4,0.5815,0,191
ood_compose_epi-02243	1	2	1	88,207,13,171,130,191,37,69,103,167,62,93,206,18,198,66,117,191,45,182,84,109,51,142,3,123,113,42,21,137,153,161,75,147,150,33	2,3,0.5145,0,175;8,3,0.4465,0,146;2,4,0.4935,0,138;2,2,0.1495,0,107;6,3,0.2585,0,54;2,0,0.2235,1,120
ood_compose_epi-02244	6	1	2	22,41,141,62,91,200,140,19,97,198,121,189,35,146,195,73,167,32,151,68,167,181,117,11,115,196,1,69,135,109,45,82,184,49,93,204	0,1,0.6395,1,221;7,1,0.3705,0,193;0,4,0.9835,0,0;0,0,0.6125,0,131;0,3,0.6505,0,178;0,5,0.9265,0,82
ood_compose_epi-02245	1	0	0	197,168,117,61,145,45,87,211,108,33,10,69,112,43,97,161,179,133,89,149,73,175,35,4,123,206,210,16,141,93,140,50,67,153,175,24	3,0,0.0965,3,242;8,1,0.6665,0,11;1,3,0.6975,0,27;0,5,0.2745,0,50;0,2,0.0635,0,45;2,3,0.8405,0,164
ood_compose_epi-02246	10	1	2	73,56,203,4,29,117,213,58,93,153,202,212,190,189,146,69,151,39,99,45,15,19,140,44,115,129,205,214,21,141,65,190,106,91,83,133	3,5,0.7805,0,148;4,5,0.8935,0,187;7,0,0.2755,0,135;0,1,0.6555,0,16;2,0,0.6525,0,238;8,3,0.9925,0,40
ood_compose_epi-02247	10	2	0	88,106,117,13,105,9,67,69,202,203,169,43,137,147,85,198,127,93,113,17,143,161,29,170,132,149,21,194,59,79,206,49,39,45,155,154	8,3,0.2925,0,218;4,5,0.6605,0,117;0,1,0.6885,0,29;6,3,0.0905,0,132;8,0,0.2255,0,111;6,2,0.3965,2,0
ood_compose_epi-02248	6	0	0	51,201,85,6,108,93,179,145,149,25,117,177,21,140,114,206,59,14,130,18,45,124,75,43,215,159,141,91,182,38,69,155,64,189,200,97	5,4,0.4185,0,151;0,4,0.6405,0,252;2,1,0.1465,0,11;2,3,0.6285,0,242;0,2,0.5415,0,99;3,0,0.8785,0,239
ood_compose_epi-02249	5	2	1	168,168,136,30,89,51,79,155,39,21,3,87,150,183,117,112,201,192,17,45,66,12,194,147,103,40,60,133,175,141,158,123,166,93,71,111	2,2,0.3405,0,57;5,5,0.1735,0,66;2,2,0.4185,2,241;6,5,0.2695,0,222;6,5,0.1285,0,185;2,3,0.0555,0,25
ood_compose_epi-02250	2	0	2	93,41,214,34,83,200,30,2,185,121,11,211,131,56,90,141,117,207,112,98,72,139,19,21,151,60,45,206,107,68,160,145,181,177,184,79	1,1,0.6495,0,0;5,0,0.3495,0,60;7,2,0.9655,3,89;6,1,0.4565,0,229;1,1,0.0485,0,117;0,1,0.7555,0,72
ood_compose_epi-02251	2	1	1	69,161,12,92,163,107,141,3,200,45,50,93,59,146,125,17,187,103,206,203,162,42,36,80,133,28,157,84,178,140,150,21,65,113,154,117	2,2,0.3025,0,126;3,2,0.5605,0,123;1,1,0.2475,0,3;7,2,0.8545,0,189;6,1,0.3055,0,215;4,3,0.9035,0,77
ood_compose_epi-02252	9	3	0	69,43,87,138,45,3,16,66,175,212,99,93,188,132,128,141,25,154,186,49,180,171,148,210,108,21,15,149,91,114,62,34,80,169,117,195	2,5,0.0545,0,76;0,0,0.7855,0,106;0,4,0.5955,0,117;7,5,0.6535,0,225;2,2,0.4675,0,252;7,2,0.5465,0,98
ood_compose_epi-02253	10	2	2	112,211,194,147,135,212,152,69,41,18,90,165,139,21,188,57,151,141,45,93,59,117,126,211,14,206,81,68,105,84,111,187,179,39,1,31	0,4,0.5605,0,63;6,5,0.2895,0,4;8,1,0.9255,0,206;8,2,0.5135,0,102;8,5,0.0945,0,46;5,5,0.7745,0,16
ood_compose_epi-02254	1	2	0	173,99,63,42,51,207,27,123,141,149,65,117,171,35,157,16,45,107,116,160,86,178,21,138,93,133,71,12,201,90,3,188,75,180,147,157	2,2,0.0805,0,190;2,1,0.5535,0,81;2,5,0.2695,2,54;2,4,0.4365,0,116;2,1,0.9775,0,90;2,3,0.4415,0,111
ood_compose_epi-02255	2	0	1	112,88,45,21,75,2,108,166,177,215,130,82,34,162,28,98,180,42,163,121,159,63,139,162,184,145,141,64,150,117,157,93,12,69,19,56	1,2,0.6015,0,178;3,0,0.4175,0,10;7,5,0.1085,0,66;2,0,0.1315,0,171;1,2,0.1505,0,13;0,0,0.6255,0,160
ood_compose_epi-02256	1	2	2	45,151,211,104,21,51,137,175,75,176,61,3,117,147,114,142,64,69,16,107,14,86,93,207,88,43,123,37,200,172,135,27,176,183,211,214	2,4,0.0925,0,47;2,3,0.7955,0,169;2,3,0.1255,0,81;2,4,0.0165,0,22;7,1,0.5695,0,119;2,5,0.2585,1,28
ood_compose_epi-02257	1	3	0	148,123,59,108,188,149,69,27,116,67,120,153,136,130,163,191,93,51,141,2,45,158,21,90,43,37,204,75,153,83,175,215,98,14,16,208	1,4,0.0995,0,49;2,3,0.6865,0,78;2,1,0.6815,0,52;2,1,0.5705,0,84;1,2,0.9465,3,98;2,0,0.1095,0,133
ood_compose_epi-02258	4	1	0	114,93,146,167,177,110,206,181,77,149,141,202,164,89,206,23,117,139,183,71,36,42,10,134,45,160,100,66,123,51,85,156,62,17,32,5	4,0,0.2485,2,80;7,2,0.5745,0,35;2,4,0.5915,2,31;4,3,0.3855,0,156;3,4,0.4765,0,50;2,4,0.6555,0,167
ood_compose_epi-02259	2	1	0	106,28,21,6,105,168,198,58,19,170,180,153,158,94,166,83,117,141,146,10,81,181,112,40,47,57,139,132,68,69,149,129,172,37,92,210	5,0,0.7565,0,157;3,3,0.1345,2,85;8,0,0.9025,0,216;8,1,0.9255,1,127;8,0,0.1905,0,217;8,2,0.6735,0,57
ood_compose_epi-02260	1	2	0	63,21,187,129,117,149,166,49,188,158,3,141,91,25,147,176,65,138,45,130,175,103,14,115,93,111,73,161,212,82,39,69,198,171,40,20	2,4,0.8405,0,243;0,5,0.0315,0,60;0,5,0.3535,0,197;0,0,0.6585,0,148;6,5,0.6105,0,241;8,0,0.5995,0,200
ood_compose_epi-02261	1	1	1	133,107,27,117,150,171,156,6,174,61,67,128,21,172,13,187,93,215,37,51,176,40,69,189,146,136,113,75,84,48,155,144,90,176,20,105	5,3,0.9435,0,1;2,3,0.0955,3,40;2,3,0.7655,0,55;2,2,0.4765,0,1;8,1,0.2725,0,73;7,3,0.0435,3,154
ood_compose_epi-02262	1	2	0	149,84,112,42,160,119,94,37,123,21,20,184,91,144,27,107,160,99,181,3,51,69,45,12,167,181,175,66,203,79,130,158,147,199,138,60	2,2,0.8915,0,37;2,3,0.5415,0,211;2,2,0.4385,0,87;6,2,0.7785,1,127;2,1,0.1465,2,99;2,0,0.5925,3,140
ood_compose_epi-02263	2	1	2	69,43,129,157,68,181,151,26,45,109,35,162,199,12,86,117,56,146,172,141,59,200,4,21,93,115,189,162,132,88,18,203,136,214,74,99	3,2,0.4745,0,197;1,1,0.7095,0,84;7,1,0.8295,0,171;1,4,0.0635,0,50;2,3,0.6615,0,23;8,2,0.1675,0,245
ood_compose_epi-02264	9	3	1	18,184,34,163,215,45,143,110,148,42,172,117,82,21,2,32,112,78,68,150,197,69,169,200,93,11,90,156,62,212,203,128,102,56,135,140	1,1,0.4695,0,42;7,0,0.5905,0,112;7,4,0.9655,0,182;5,0,0.5195,0,217;5,4,0.0045,0,252;7,5,0.9135,2,187
ood_compose_epi-02265	4	1	2	173,172,28,42,58,105,66,200,155,91,131,128,151,16,93,10,75,146,138,117,208,189,45,22,55,194,174,207,141,109,9,69,86,207,115,35	8,0,0.0115,1,178;3,1,0.4065,0,73;6,0,0.4465,0,156;2,4,0.7985,0,31;8,3,0.6025,0,38;7,1,0.4565,0,83
ood_compose_epi-02266	5	3	0	83,14,181,113,131,127,69,34,21,78,109,195,45,141,201,186,195,192,60,55,91,7,185,18,29,136,96,117,41,169,180,64,105,148,162,149	6,4,0.5675,0,57;4,0,0.3015,0,45;6,2,0.1985,0,4;5,1,0.6345,3,220;8,3,0.2075,0,124;6,1,0.0125,0,63
ood_compose_epi-02267	10	0	2	12,167,81,3,152,195,69,108,214,188,58,37,151,202,98,40,207,125,141,204,26,139,117,93,45,145,66,22,52,162,200,91,86,133,16,113	2,2,0.1655,1,141;1,3,0.0885,0,91;3,0,0.5115,0,81;8,4,0.7495,0,166;1,2,0.2075,0,112;4,3,0.6795,0,233
ood_compose_epi-02268	1	0	0	145,74,72,91,39,156,110,7,205,113,209,133,17,87,177,65,179,60,156,93,11,21,139,102,141,194,52,149,41,26,45,200,123,208,186,117	6,1,0.2625,0,18;1,5,0.2845,0,140;3,2,0.3435,3,191;1,5,0.7175,0,192;5,4,0.2085,0,145;2,3,0.6345,0,3
ood_compose_epi-02269	1	3	2	45,142,123,10,37,112,64,75,159,206,96,207,9,117,148,21,151,20,214,138,62,213,154,90,208,55,99,43,109,82,69,27,165,130,205,174	8,0,0.9005,0,165;2,3,0.6565,0,239;6,4,0.0005,0,87;2,0,0.5885,3,250;2,3,0.0595,0,188;2,0,0.5495,1,57
ood_compose_epi-02270	2	1	0	107,68,89,28,124,141,146,63,82,201,192,138,78,55,132,208,187,188,215,172,153,72,112,16,47,38,149,93,44,117,185,15,102,8,178,21	7,5,0.0995,0,127;3,4,0.8565,2,25;6,5,0.8555,3,251;5,0,0.3075,0,179;5,1,0.1425,0,128;3,2,0.5535,0,227
ood_compose_epi-02271	0	3	1	45,158,18,161,161,9,76,60,163,15,116,93,189,68,141,197,100,28,195,131,154,148,41,69,173,21,35,124,91,110,150,139,87,117,52,160	8,5,0.5455,0,160;3,1,0.2925,0,90;3,2,0.8845,0,28;3,5,0.7065,0,46;3,4,0.8535,0,71;3,1,0.6985,0,25
ood_compose_epi-02272	2	2	1	77,43,106,195,56,180,154,116,158,192,181,131,147,93,102,17,165,117,141,188,139,5,32,62,166,36,150,21,11,68,196,70,126,82,88,45	4,1,0.3905,0,203;7,2,0.7855,0,167;7,4,0.8705,1,182;4,0,0.1255,0,99;5,0,0.8625,0,2;5,1,0.7495,0,219
ood_compose_epi-02273	9	1	0	128,179,120,92,106,141,178,93,116,152,188,32,10,52,211,6,149,69,104,130,80,209,185,60,167,21,155,136,38,87,146,19,43,45,211,67	5,0,0.7495,0,21;7,4,0.7275,0,126;3,2,0.7445,0,172;7,5,0.8975,0,186;7,0,0.9445,3,143;7,0,0.0445,0,172
ood_compose_epi-02274	2	3	0	92,157,190,210,132,45,152,44,186,117,106,141,137,164,58,52,1,149,148,93,81,209,206,83,124,181,171,14,35,105,28,21,18,68,113,69	0,4,0.4395,0,94;3,1,0.8695,0,255;3,0,0.8015,0,210;8,1,0.9255,0,161;8,0,0.2725,0,249;3,2,0.3865,0,116
ood_compose_epi-02275	6	0	1	97,93,191,176,117,88,182,17,139,39,111,171,45,75,141,197,124,150,145,174,173,131,49,62,205,115,156,69,66,182,21,86,40,7,14,32	6,4,0.3955,0,122;7,5,0.0095,0,201;0,4,0.5515,0,152;2,4,0.0335,0,47;0,5,0.7885,0,160;3,1,0.7735,0,181
ood_compose_epi-02276	10	2	1	44,208,141,63,51,64,131,171,184,123,195,120,18,150,6,193,97,91,81,38,157,137,69,177,85,204,109,215,93,33,147,21,115,45,171,15	5,5,0.4685,0,193;8,4,0.8005,0,216;2,5,0.0445,0,130;8,3,0.7625,0,32;0,3,0.6745,3,119;2,1,0.3305,0,165
ood_compose_epi-02277	1	3	0	123,190,164,97,82,49,89,62,160,35,168,135,137,45,149,108,17,157,3,28,69,167,206,93,78,21,120,148,41,141,10,172,177,114,67,196	2,0,0.2205,0,190;3,1,0.3535,0,137;0,4,0.7555,0,241;5,0,0.2875,0,227;0,2,0.4405,3,132;2,5,0.2565,0,34
ood_compose_epi-02278	10	3	2	208,214,43,164,114,172,39,206,61,213,21,57,93,17,158,13,132,141,69,148,136,84,214,67,6,117,107,191,151,75,33,99,45,127,92,174	5,3,0.2615,0,208;8,5,0.6715,0,71;8,3,0.6725,0,8;2,2,0.9445,0,195;2,1,0.5685,0,91;6,2,0.1265,0,178
ood_compose_epi-02279	1	3	2	127,152,19,114,39,169,151,89,160,93,45,11,60,71,198,99,79,201,83,197,68,195,27,5,117,165,130,109,21,56,148,137,141,205,42,193	4,1,0.7035,0,1;2,5,0.4075,0,236;7,2,0.9845,2,22;6,1,0.3325,0,227;2,3,0.5785,0,247;6,0,0.3545,0,77
ood_compose_epi-02280	7	1	1	45,64,80,187,42,114,58,196,90,166,56,15,196,26,128,111,180,21,97,214,117,140,135,2,141,19,150,169,146,174,37,96,197,69,85,183	1,5,0.7445,0,58;1,3,0.5285,0,47;7,0,0.0645,0,153;7,3,0.5625,3,215;0,5,0.5795,0,172;7,5,0.9655,0,50
ood_compose_epi-02281	4	1	1	18,124,61,45,40,7,66,107,197,146,28,209,141,69,92,135,207,15,183,93,138,206,87,207,76,114,150,193,50,188,208,117,210,22,34,100	6,5,0.4985,1,75;3,0,0.1915,0,92;1,3,0.5385,0,100;3,5,0.9305,0,48;3,1,0.5875,0,70;3,5,0.4325,0,158
ood_compose_epi-02282	9	2	2	93,176,99,21,40,36,62,171,3,121,177,27,84,131,182,10,19,151,206,197,51,114,64,153,119,211,147,111,80,144,69,183,136,45,158,89	2,0,0.6655,0,36;2,2,0.0285,0,172;2,4,0.1975,0,215;7,2,0.2625,0,232;2,5,0.4425,2,43;0,1,0.0485,3,159
ood_compose_epi-02283	1	0	1	87,193,64,99,214,135,35,7,90,117,50,140,141,43,171,167,127,75,189,115,167,27,207,72,94,45,111,60,18,152,158,145,181,13,150,24	6,3,0.5195,3,119;2,1,0.6905,0,225;1,2,0.0655,3,14;2,5,0.5275,1,67;2,5,0.7825,0,19;6,5,0.8125,0,94
ood_compose_epi-02284	5	1	2	70,26,106,92,214,185,77,117,127,102,208,151,137,166,84,115,7,135,141,19,46,55,11,190,94,146,66,164,21,192,158,194,58,36,182,41	6,1,0.6315,0,126;1,2,0.3815,1,92;6,0,0.4295,1,126;4,2,0.8475,1,242;5,0,0.6225,0,194;6,5,0.3455,0,9
ood_compose_epi-02285	2	1	2	134,18,136,34,7,12,76,69,33,194,21,171,117,172,43,146,191,141,208,110,210,68,95,103,160,182,180,112,92,172,82,54,45,58,126,151	6,2,0.4665,0,32;8,0,0.7555,0,177;5,0,0.9115,0,165;3,0,0.9665,2,45;6,4,0.0945,0,33;5,4,0.1305,0,77
ood_compose_epi-02286	10	3	1	21,171,9,188,114,169,83,193,111,141,150,148,137,69,60,169,134,28,45,42,93,56,105,11,177,90,212,81,162,168,117,121,158,39,16,67	8,1,0.1725,0,9;3,5,0.4955,0,102;7,2,0.7295,0,102;8,1,0.5295,0,240;8,5,0.4155,0,168;0,4,0.2705,0,41
ood_compose_epi-02287	1	1	2	142,115,41,28,201,84,146,151,117,69,200,49,157,174,66,109,93,189,130,79,19,99,91,200,60,10,38,137,169,173,21,45,121,3,186,186	2,0,0.7245,0,21;3,4,0.3095,0,93;0,2,0.5995,0,11;6,2,0.7275,0,158;2,3,0.7805,0,7;0,0,0.3975,1,147
ood_compose_epi-02288	1	2	2	70,179,21,75,114,163,186,3,177,141,61,68,191,138,133,43,93,84,99,51,110,25,45,201,13,92,38,197,117,163,147,123,175,151,204,20	2,3,0.9375,0,109;0,4,0.6935,0,193;2,3,0.9415,1,6;2,2,0.9515,0,82;2,4,0.4415,0,227;2,3,0.4475,0,136
ood_compose_epi-02289	10	1	1	105,5,80,55,140,45,192,36,117,169,93,18,180,133,106,193,89,167,199,69,185,85,146,113,33,40,125,177,12,63,67,191,21,150,177,141	4,2,0.4725,0,232;8,2,0.0905,0,99;6,5,0.6145,0,196;7,3,0.2715,0,38;8,0,0.3195,0,102;4,3,0.8535,0,59
ood_compose_epi-02290	7	0	0	44,74,141,18,123,154,107,170,62,131,69,203,33,65,93,21,2,36,180,209,197,50,149,117,87,169,13,45,145,88,164,152,113,179,100,137	1,3,0.4585,0,98;8,2,0.8035,0,37;1,4,0.2785,0,73;1,5,0.0285,0,163;3,1,0.3685,0,246;2,1,0.2015,0,116
ood_compose_epi-02291	1	3	2	62,16,69,3,87,21,11,27,47,111,210,182,42,99,67,159,193,120,199,57,196,204,38,178,151,133,123,139,196,93,141,208,148,75,115,88	2,1,0.1945,0,186;2,4,0.4225,2,90;8,4,0.6665,0,149;2,5,0.1025,0,5;2,5,0.6605,3,76;2,3,0.7115,0,160
ood_compose_epi-02292	10	2	2	117,213,21,164,69,114,105,58,43,199,174,151,15,205,160,51,16,81,37,143,131,164,184,27,9,85,197,136,64,108,123,93,209,90,45,147	8,5,0.1365,0,163;2,3,0.6525,0,69;2,0,0.0195,0,215;8,3,0.5285,0,19;8,2,0.4805,0,200;2,1,0.0645,2,168
ood_compose_epi-02293	5	0	1	161,207,214,193,38,108,63,31,93,45,55,117,75,21,141,14,150,86,169,92,69,3,136,157,189,43,67,103,114,16,195,130,145,164,188,122	2,4,0.0325,0,66;6,4,0.7835,0,99;6,5,0.6695,0,207;2,4,0.8525,0,234;6,2,0.4815,0,173;1,0,0.1005,0,215
ood_compose_epi-02294	1	3	0	160,205,172,103,63,66,117,153,177,148,191,25,135,19,93,49,37,10,215,163,21,139,83,197,194,7,113,45,41,149,107,69,74,141,88,123	6,0,0.6815,0,63;0,3,0.2455,0,181;0,5,0.5595,0,253;1,1,0.1565,0,99;6,1,0.3325,0,111;2,5,0.7085,0,180
ood_compose_epi-02295	0	3	0	207,66,4,197,214,190,123,173,139,76,52,60,45,21,135,105,11,88,106,173,202,118,164,37,43,112,32,19,149,69,141,93,148,168,83,171	3,1,0.6675,0,65;7,3,0.7895,0,117;3,2,0.5905,0,13;3,1,0.1255,0,10;8,0,0.0375,1,135;2,5,0.6545,0,120
ood_compose_epi-02296	4	1	1	17,160,158,176,159,72,59,155,21,87,88,203,173,141,117,40,74,100,190,116,68,6,150,10,137,49,35,32,135,146,107,45,179,93,208,123	5,0,0.2305,0,200;7,1,0.0515,0,126;0,1,0.8445,3,134;1,5,0.1765,0,11;3,1,0.8515,0,52;2,5,0.2665,0,251
ood_compose_epi-02297	1	3	2	44,151,137,75,155,203,89,123,195,12,208,97,93,109,177,209,28,66,117,82,165,116,69,133,153,36,148,46,61,141,51,204,161,20,21,3	2,2,0.9065,0,130;3,2,0.8085,1,122;2,3,0.5755,0,226;2,0,0.2115,0,235;0,3,0.9955,0,119;2,3,0.2505,0,194
ood_compose_epi-02298	10	2	2	126,168,152,140,104,21,83,1,51,93,16,196,153,91,107,155,151,29,78,112,141,159,199,11,63,44,183,147,66,45,130,117,69,204,200,39	0,1,0.0925,0,119;4,5,0.9605,0,181;2,5,0.4435,0,76;5,1,0.6245,0,157;7,1,0.1605,0,162;5,0,0.8925,0,183
ood_compose_epi-02299	9	3	1	190,184,37,136,214,189,15,56,97,66,84,126,63,45,93,150,80,19,90,160,118,206,204,32,69,141,21,41,202,133,107,148,114,6,174,164	5,5,0.6955,0,145;7,3,0.2055,0,16;7,5,0.4765,0,175;7,2,0.5985,0,142;0,1,0.5005,1,125;5,3,0.1965,0,217
ood_compose_epi-02300	3	0	2	93,102,44,6,163,15,116,60,86,166,173,161,69,48,213,64,126,30,138,24,117,50,145,90,160,131,199,192,39,106,76,151,141,20,192,207	5,5,0.8725,3,211;5,5,0.9745,3,7;1,2,0.1445,0,98;3,4,0.5065,0,175;5,0,0.8475,0,217;5,1,0.5655,0,49
ood_compose_epi-02301	5	2	0	115,103,66,78,214,27,21,198,149,60,206,117,91,56,84,95,15,128,69,18,41,140,205,141,200,204,38,133,45,147,215,7,201,111,204,211	6,5,0.4225,0,185;2,4,0.2355,0,189;7,2,0.5585,0,126;5,2,0.7865,2,15;6,5,0.7705,0,69;7,3,0.8495,0,121
ood_compose_epi-02302	5	0	1	187,37,4,114,117,182,90,85,132,93,43,19,165,45,188,74,182,179,21,184,181,59,206,143,150,13,68,103,201,31,124,52,145,110,137,69	3,3,0.7485,0,67;6,3,0.7675,0,13;3,1,0.9225,0,232;1,3,0.5285,0,38;6,4,0.4245,0,45;3,2,0.2155,2,241
ood_compose_epi-02303	8	3	0	80,20,45,117,148,141,159,115,213,6,133,14,177,39,177,40,61,67,152,110,165,32,193,56,137,97,196,149,21,195,83,72,195,129,92,93	5,4,0.9315,0,111;7,5,0.1135,0,84;7,3,0.6985,3,101;7,1,0.9345,0,248;0,4,0.7865,0,179;8,3,0.2525,0,240
ood_compose_epi-02304	6	1	2	202,73,53,199,99,38,59,114,69,160,121,107,166,16,214,141,207,164,135,163,93,138,68,22,1,89,10,43,171,25,45,117,151,85,194,146	0,0,0.0385,1,88;0,4,0.7005,0,222;4,1,0.8155,0,173;0,3,0.2565,0,97;2,1,0.4095,0,206;0,5,0.5385,0,216
ood_compose_epi-02305	4	1	0	4,141,194,21,85,194,27,159,191,68,146,15,117,56,99,45,36,90,59,149,139,93,179,186,133,112,205,75,121,69,181,42,189,181,18,108	3,5,0.4375,0,123;2,2,0.5475,0,97;7,1,0.9385,0,128;2,3,0.4235,0,240;2,2,0.0515,0,214;0,3,0.7965,0,108
ood_compose_epi-02306	6	1	0	104,67,202,138,6,46,199,159,69,141,156,126,21,133,211,36,16,73,44,169,197,91,165,113,11,146,149,117,109,87,32,49,93,164,188,60	5,1,0.1815,0,249;7,2,0.9315,1,73;0,2,0.7235,0,199;0,5,0.7895,0,227;7,3,0.3095,0,60;5,3,0.5985,0,249
ood_compose_epi-02307	4	1	0	54,15,62,200,213,136,149,78,131,30,204,146,117,21,91,116,182,68,203,93,173,87,129,156,177,69,34,47,4,109,18,210,141,44,99,159	3,5,0.5465,0,81;5,0,0.8875,2,119;5,4,0.9955,0,202;5,5,0.7175,0,187;2,3,0.9555,0,107;8,1,0.0355,0,3
ood_compose_epi-02308	0	3	0	16,47,83,119,100,93,124,64,39,90,132,162,159,110,52,213,136,28,195,149,3,148,198,21,115,76,40,164,69,63,141,186,15,193,171,181	2,5,0.1145,0,46;3,5,0.0635,2,75;3,5,0.1905,0,25;3,1,0.5175,0,175;3,4,0.6355,2,74;3,2,0.1545,0,174
ood_compose_epi-02309	10	2	0	147,35,111,159,152,65,3,195,88,98,141,42,12,209,59,21,169,149,129,140,49,45,210,133,177,117,72,93,30,183,83,115,79,166,16,211	2,2,0.1835,0,130;5,1,0.5515,0,13;0,1,0.2865,3,246;6,1,0.0665,0,100;1,5,0.7935,0,167;8,3,0.8995,0,221
ood_compose_epi-02310	7	0	1	53,26,214,176,34,12,70,166,215,77,41,45,93,89,61,114,145,155,160,162,85,117,64,2,19,110,122,150,194,131,194,181,21,136,141,98	1,2,0.7965,0,94;1,0,0.2835,0,227;4,3,0.0805,1,236;4,3,0.2565,0,45;1,4,0.5425,0,47;1,1,0.1165,0,103
ood_compose_epi-02311	1	0	0	144,161,117,53,84,13,16,99,186,3,45,158,197,130,167,29,145,114,42,198,149,68,176,124,69,183,140,79,21,90,38,109,62,187,182,93	2,3,0.0035,0,135;4,4,0.4845,0,93;4,4,0.8505,0,240;6,2,0.5935,0,181;2,3,0.5615,0,13;3,0,0.9435,3,116
ood_compose_epi-02312	1	3	0	117,179,76,17,186,123,133,59,210,83,99,164,69,170,34,148,137,141,152,33,8,88,45,51,42,149,11,172,169,67,93,210,112,21,172,108	7,1,0.2215,0,232;8,0,0.5835,0,65;2,1,0.7425,0,135;3,1,0.1885,0,224;2,2,0.1615,0,243;2,3,0.3875,0,145
ood_compose_epi-02313	4	1	1	182,156,100,111,50,27,69,21,133,165,150,136,89,158,215,16,93,117,196,114,7,122,42,84,62,74,141,184,189,45,66,199,12,38,146,158	6,2,0.0985,0,116;2,4,0.5545,0,226;1,4,0.4925,0,20;1,2,0.3985,0,127;3,5,0.5195,0,124;1,3,0.0645,0,211
ood_compose_epi-02314	10	2	1	139,49,21,175,37,120,141,88,211,110,33,205,63,150,6,71,128,45,11,210,97,18,130,159,163,190,113,178,65,87,147,172,93,44,168,73	5,1,0.5485,0,151;8,3,0.9245,0,57;0,5,0.3655,2,245;0,5,0.1075,0,245;0,4,0.2635,3,70;7,0,0.6875,0,236
ood_compose_epi-02315	8	0	0	103,19,111,132,69,90,145,168,141,195,52,84,30,64,21,93,193,174,60,126,39,11,187,164,78,208,198,137,149,4,116,45,153,43,166,117	3,1,0.7725,0,97;5,5,0.7455,0,60;3,2,0.1495,0,238;5,2,0.4585,0,205;6,5,0.8325,0,233;5,2,0.2635,0,4
ood_compose_epi-02316	3	0	1	87,130,161,190,184,175,45,118,141,145,74,67,116,150,137,15,4,62,69,203,27,93,108,40,212,89,21,35,99,20,51,189,187,195,210,126	3,5,0.8535,0,39;2,1,0.0765,0,6;2,4,0.6495,0,19;1,5,0.3585,0,211;2,2,0.8895,1,93;5,0,0.2105,0,185
ood_compose_epi-02317	1	0	1	93,140,75,21,123,183,19,213,159,117,204,63,65,199,69,184,85,141,131,161,110,44,212,145,99,51,27,14,46,3,183,90,150,174,36,112	2,4,0.7325,0,194;2,2,0.9895,1,1;2,5,0.3105,0,168;2,3,0.5075,0,185;2,4,0.0305,0,141;2,1,0.8695,0,107
ood_compose_epi-02318	6	1	1	194,106,131,25,158,62,78,116,191,87,174,89,193,161,136,2,12,69,146,190,39,21,101,66,141,150,201,117,93,161,45,126,18,156,49,44	1,2,0.5985,0,149;0,5,0.9835,0,184;0,4,0.4055,0,226;5,5,0.3855,0,228;4,0,0.9185,0,46;5,1,0.1195,0,117
ood_compose_epi-02319	1	2	2	92,84,156,3,128,69,182,27,21,20,116,62,99,139,117,170,215,141,75,57,147,198,111,215,45,178,193,172,93,165,133,43,37,12,151,66	2,2,0.8415,0,68;2,3,0.6625,0,40;8,4,0.4415,0,132;2,2,0.8355,0,96;2,5,0.9335,0,174;7,3,0.6575,0,137
ood_compose_epi-02320	1	0	2	116,18,210,63,76,173,84,45,190,109,51,182,3,164,151,181,135,140,126,14,166,117,27,99,21,69,93,203,41,90,164,145,66,37,141,214	2,4,0.5765,0,88;2,3,0.2055,0,69;2,5,0.5115,0,13;3,2,0.4065,0,13;2,3,0.9195,0,240;5,5,0.9075,0,102
ood_compose_epi-02321	0	3	1	45,17,158,69,1,93,85,28,212,44,23,117,113,188,152,75,62,39,186,140,150,206,212,148,104,160,67,187,11,125,135,89,49,110,141,197	0,1,0.2075,2,34;3,5,0.8025,0,236;0,4,0.6815,0,177;2,3,0.3235,0,127;7,4,0.2115,0,165;4,5,0.9565,0,190
ood_compose_epi-02322	8	0	1	40,172,150,54,192,21,214,189,137,20,101,58,183,210,93,117,65,91,106,34,28,163,123,145,48,78,86,69,154,131,190,113,6,13,141,168	5,3,0.8985,0,10;3,0,0.1835,3,16;5,0,0.2255,0,148;5,4,0.7485,0,237;4,0,0.3455,0,27;2,1,0.2275,0,16
ood_compose_epi-02323	1	2	0	147,141,93,112,198,43,27,90,180,107,149,39,21,152,83,18,102,136,195,170,54,12,45,132,120,126,207,81,8,180,198,201,184,64,61,69	7,2,0.5325,0,62;2,5,0.6925,0,82;5,3,0.1505,0,225;8,1,0.4645,0,48;5,1,0.1145,3,111;5,2,0.1615,0,25
ood_compose_epi-02324	2	0	1	108,131,68,58,15,24,117,193,99,42,83,124,193,45,213,115,75,141,150,209,154,69,145,169,36,4,190,50,137,18,204,211,28,194,93,92	3,5,0.5585,3,94;3,2,0.5255,0,51;1,0,0.8945,0,1;2,1,0.9965,0,29;2,2,0.6915,0,13;3,1,0.3585,0,120
ood_compose_epi-02325	1	3	2	162,69,169,123,169,171,151,141,92,135,21,117,179,198,45,75,204,18,109,181,198,37,44,13,64,63,113,207,27,93,51,105,3,137,85,148	2,3,0.5975,0,21;2,3,0.9575,0,176;2,5,0.0045,0,217;2,3,0.8865,0,169;8,3,0.2925,0,244;2,5,0.3355,0,103
ood_compose_epi-02326	2	0	0	33,13,118,171,93,141,50,181,149,22,214,200,145,16,124,104,162,69,112,38,89,201,67,158,84,139,184,4,44,181,158,45,60,81,109,130	3,3,0.1255,1,6;8,4,0.9675,0,171;1,2,0.7785,0,48;8,2,0.3775,0,116;7,3,0.1015,1,147;3,0,0.6265,0,22
ood_compose_epi-02327	10	2	1	150,17,105,45,147,21,57,81,159,33,168,166,154,158,10,83,9,69,115,117,154,212,90,36,40,93,129,131,60,175,167,136,214,64,141,109	8,0,0.2445,0,154;8,2,0.0555,0,143;8,2,0.0795,0,157;8,1,0.4215,0,85;8,3,0.6655,0,42;8,1,0.1995,0,150
ood_compose_epi-02328	1	0	0	141,36,110,138,45,167,135,197,89,203,58,51,123,192,211,19,25,171,145,41,67,214,149,153,80,21,69,1,15,115,82,98,117,93,208,198	0,5,0.6855,0,62;0,2,0.3135,0,241;2,0,0.7915,0,166;7,0,0.2305,0,136;1,4,0.7655,0,243;2,5,0.5925,0,3
ood_compose_epi-02329	6	2	1	147,43,15,117,61,18,135,121,141,75,185,208,194,166,1,45,27,140,150,93,49,21,36,67,198,165,159,86,97,69,197,110,90,115,186,154	0,5,0.5865,0,107;2,2,0.7345,0,12;0,3,0.7185,0,213;2,4,0.5645,0,222;0,4,0.7585,0,5;0,5,0.8765,0,3
ood_compose_epi-02330	2	1	1	21,146,61,20,163,52,214,133,93,144,8,162,26,189,173,150,90,12,164,98,82,34,114,173,76,154,65,45,140,43,107,125,175,117,171,69	7,2,0.9935,0,32;1,0,0.7485,0,194;3,3,0.2955,0,73;3,0,0.5055,0,170;1,1,0.5055,0,250;4,3,0.9155,3,190
ood_compose_epi-02331	1	1	2	141,65,114,45,196,21,60,75,198,69,165,25,39,146,207,175,165,207,102,44,209,7,140,117,157,93,151,90,127,11,86,174,51,133,20,106	6,1,0.8365,0,40;0,5,0.9945,0,97;2,2,0.3435,0,239;2,4,0.5835,0,194;5,0,0.5255,0,161;6,3,0.9685,0,64
ood_compose_epi-02332	10	2	0	9,141,61,147,41,180,15,152,131,37,96,200,116,33,149,83,156,57,166,109,16,128,139,68,160,81,192,212,47,117,105,201,69,23,200,90	8,5,0.1635,2,113;8,3,0.2485,2,212;8,3,0.9255,0,43;8,1,0.4675,3,247;8,3,0.9195,0,131;7,1,0.6755,0,104
ood_compose_epi-02333	1	2	2	166,142,70,175,91,210,172,45,11,132,59,21,97,77,137,119,86,19,108,36,123,151,67,114,147,165,214,171,153,93,179,54,171,27,3,42	2,1,0.7565,0,60;2,2,0.5955,0,101;5,1,0.7315,1,4;4,4,0.7315,0,169;0,2,0.5515,2,95;2,2,0.2475,1,113
ood_compose_epi-02334	1	2	2	131,96,51,156,205,65,91,26,162,3,75,21,61,84,117,123,13,98,147,156,45,197,41,116,151,170,214,144,138,169,19,165,107,194,70,35	2,3,0.7735,0,194;1,1,0.3495,0,230;2,3,0.3105,1,89;2,2,0.6015,3,242;1,1,0.8145,0,168;2,1,0.4445,3,237
ood_compose_epi-02335	7	0	1	210,19,74,68,27,101,21,2,132,35,212,15,210,155,145,190,117,150,69,140,208,113,206,186,59,122,45,86,42,93,51,171,109,91,201,141	1,5,0.6315,0,28;2,1,0.4035,0,205;2,1,0.8915,0,161;1,4,0.7775,0,88;4,3,0.2345,0,74;1,2,0.8925,0,123
ood_compose_epi-02336	9	1	0	158,69,131,146,114,33,12,19,141,61,149,162,189,166,207,214,45,81,83,56,171,8,117,91,123,40,106,68,210,173,105,21,177,140,36,96	7,2,0.7885,0,212;8,2,0.1845,0,8;7,3,0.9715,0,14;8,1,0.6045,3,93;8,0,0.5385,0,216;2,1,0.9485,0,41
ood_compose_epi-02337	10	1	0	4,154,69,141,186,197,149,184,33,79,61,129,91,110,65,189,37,213,45,12,102,54,115,154,117,16,93,21,198,82,43,201,133,139,146,191	3,2,0.0075,0,145;8,3,0.7055,0,63;5,3,0.3605,0,200;6,0,0.6275,0,191;5,4,0.6185,0,57;8,3,0.6595,0,63
ood_compose_epi-02338	1	1	0	27,117,164,59,136,107,91,143,42,101,189,82,57,45,13,178,185,209,152,75,115,37,213,207,146,124,185,65,132,16,190,93,4,21,149,69	3,3,0.0215,0,198;2,3,0.5525,0,31;8,1,0.2795,0,141;2,0,0.6525,0,224;4,1,0.7225,0,197;3,2,0.0795,2,24
ood_compose_epi-02339	7	3	0	117,35,93,41,69,139,108,66,148,2,98,141,212,183,190,90,149,113,164,20,45,32,204,122,11,21,81,50,184,211,62,176,198,135,156,83	1,1,0.9685,0,72;7,1,0.3075,0,210;1,4,0.4215,0,186;8,1,0.4935,0,16;1,2,0.2775,0,254;1,5,0.6315,0,178
ood_compose_epi-02340	5	0	0	196,85,92,68,16,206,145,178,7,49,182,158,117,123,69,111,114,12,134,141,21,25,45,79,138,194,189,39,149,213,61,160,103,162,43,93	6,2,0.0345,0,100;0,5,0.7475,0,193;0,3,0.9665,0,103;6,3,0.8285,0,156;6,5,0.4615,0,177;2,4,0.5845,0,208
ood_compose_epi-02341	6	1	1	178,67,85,89,189,134,117,205,157,209,19,146,62,141,181,28,150,78,110,102,152,36,21,11,69,4,42,190,45,140,125,213,93,49,209,113	3,1,0.7275,0,133;3,2,0.4015,0,36;0,4,0.6585,0,215;5,3,0.2055,0,156;5,4,0.2075,0,141;4,4,0.8225,0,66
ood_compose_epi-02342	1	3	2	111,148,187,214,57,14,162,188,178,165,197,118,131,182,68,196,21,75,137,124,151,163,70,29,5,112,34,93,40,63,103,20,85,45,92,141	4,4,0.8215,0,197;4,0,0.0175,0,126;8,5,0.9635,1,2;2,3,0.9475,0,223;6,5,0.1825,1,139;3,1,0.2215,0,2
ood_compose_epi-02343	9	0	1	41,155,210,10,82,36,109,134,202,128,68,79,56,20,115,117,61,169,23,150,45,159,145,137,180,69,32,141,155,178,93,213,6,172,104,92	5,0,0.8395,2,2;7,2,0.3615,0,68;7,3,0.9265,0,189;6,0,0.8865,0,114;7,3,0.6195,0,143;7,4,0.3225,0,117
ood_compose_epi-02344	4	1	2	141,49,17,87,68,213,146,100,163,116,117,89,187,215,80,45,205,207,4,136,163,121,197,44,204,14,111,160,23,151,69,28,35,60,96,133	3,4,0.3865,2,91;3,1,0.9645,0,213;0,2,0.8315,0,55;7,5,0.2715,3,68;3,5,0.9175,0,146;0,3,0.1255,0,24
ood_compose_epi-02345	2	1	1	30,139,35,162,128,192,105,118,5,146,20,12,93,150,64,21,156,162,43,130,209,56,163,78,141,82,48,113,60,91,176,173,71,179,111,165	4,2,0.9725,0,33;5,1,0.7955,3,130;7,2,0.0045,2,31;5,0,0.7145,0,136;8,5,0.2505,1,20;7,0,0.7705,0,1
ood_compose_epi-02346	4	1	0	146,28,85,69,213,18,111,126,176,184,37,117,202,7,114,149,21,15,190,45,162,41,58,78,134,137,171,170,169,65,54,90,189,94,141,100	6,5,0.4405,0,69;3,3,0.3395,0,224;5,0,0.2925,0,189;5,3,0.5395,1,123;3,5,0.5545,0,40;5,4,0.2725,0,170
ood_compose_epi-02347	10	1	2	29,87,46,151,106,38,51,114,17,203,65,137,97,63,117,178,77,205,207,179,93,187,5,141,212,173,14,125,90,41,207,21,146,130,72,213	4,4,0.2205,0,136;4,4,0.3615,1,135;2,5,0.2255,3,60;4,5,0.4885,0,23;0,0,0.5295,0,130;4,0,0.2505,0,188
ood_compose_epi-02348	4	1	0	10,196,130,111,158,117,171,65,21,50,201,114,88,87,69,19,157,140,213,100,125,146,141,157,45,197,38,93,190,33,149,43,60,154,81,9	8,0,0.6715,0,248;8,4,0.6375,0,11;1,2,0.3225,0,206;8,5,0.1965,0,76;3,5,0.4395,0,224;4,0,0.9045,0,247
ood_compose_epi-02349	1	0	2	58,151,182,45,214,130,90,199,209,117,96,51,69,189,174,141,112,14,67,99,173,75,86,20,198,124,202,37,139,4,167,23,145,27,43,111	3,4,0.8555,2,74;2,3,0.6425,0,72;2,0,0.6455,0,63;2,4,0.4035,3,141;2,5,0.0005,0,196;3,0,0.7945,0,227
ood_compose_epi-02350	1	3	0	45,109,165,160,13,138,103,197,148,195,174,40,184,58,89,210,117,16,35,55,133,141,5,149,29,116,69,21,163,76,68,160,210,123,84,93	4,3,0.1495,0,119;4,1,0.0985,0,35;6,0,0.9635,0,43;3,2,0.2705,0,59;6,3,0.9105,0,43;2,3,0.4205,0,160
ood_compose_epi-02351	1	2	1	58,41,196,156,69,150,35,45,85,185,114,17,110,117,199,130,188,162,6,49,153,68,123,187,31,155,21,136,14,93,141,102,178,147,92,75	5,4,0.2945,0,251;6,1,0.2155,0,140;0,0,0.8605,0,35;2,3,0.8055,0,93;5,4,0.4215,0,161;2,0,0.1965,0,18
ood_compose_epi-02352	6	3	1	116,1,178,21,136,206,110,199,163,18,150,201,126,14,100,148,205,162,207,174,37,27,83,45,144,68,120,90,77,58,178,69,133,52,41,94	0,4,0.5005,0,31;2,3,0.2855,0,174;3,0,0.8475,0,200;4,1,0.5745,1,37;3,4,0.9185,3,10;5,3,0.1645,3,226
ood_compose_epi-02353	2	0	0	11,133,186,180,128,153,4,65,36,51,207,149,110,40,160,21,155,89,171,81,136,69,93,113,154,60,19,28,141,145,117,48,84,214,104,193	3,1,0.7865,0,77;3,2,0.0695,3,190;2,2,0.3745,0,136;8,2,0.2655,0,130;7,4,0.2305,0,109;7,3,0.0565,0,7
ood_compose_epi-02354	1	2	1	115,206,51,93,137,196,108,38,19,150,213,147,158,141,58,188,65,3,166,14,21,132,170,87,43,69,171,189,117,46,182,104,90,122,77,27	2,4,0.7935,0,85;2,4,0.7835,1,22;2,0,0.2715,0,124;4,5,0.5225,0,119;7,2,0.7965,0,94;1,2,0.3595,0,32
ood_compose_epi-02355	10	2	1	104,147,141,176,206,178,130,112,117,196,45,62,125,44,69,190,106,38,21,203,187,29,84,170,193,65,212,92,7,96,140,53,15,17,150,77	6,5,0.3505,0,246;4,4,0.8475,0,2;4,4,0.2105,0,144;4,2,0.8575,3,50;7,0,0.0455,0,54;4,0,0.8355,0,133
ood_compose_epi-02356	9	2	1	80,206,12,214,168,41,163,110,104,60,113,117,2,155,150,168,127,69,83,141,45,147,131,29,167,21,65,38,20,93,55,139,158,209,168,89	1,2,0.8835,0,209;4,4,0.3365,0,226;6,2,0.3025,0,23;7,1,0.3235,0,153;7,4,0.3645,0,225;6,1,0.6675,0,146
ood_compose_epi-02357	4	1	0	62,110,69,199,64,134,206,208,102,146,43,214,86,28,55,4,113,204,171,91,198,94,78,19,45,205,156,141,183,149,21,138,10,119,35,124	3,0,0.6825,0,199;3,1,0.6695,0,104;6,4,0.1795,0,140;5,4,0.6535,1,123;5,4,0.3915,2,26;3,4,0.5685,0,108
ood_compose_epi-02358	10	2	0	45,116,193,107,173,153,33,53,180,141,43,126,169,16,7,81,83,195,187,99,37,133,186,10,139,21,205,171,149,62,64,69,93,120,147,90	6,0,0.1535,0,40;8,3,0.7545,0,32;4,4,0.1965,0,206;8,1,0.4065,0,125;2,1,0.8045,3,238;5,3,0.6955,0,172
ood_compose_epi-02359	1	2	1	51,152,198,203,160,204,171,80,45,27,59,133,110,93,12,199,44,156,147,99,141,117,65,23,16,36,69,188,90,140,3,150,116,161,82,129	2,2,0.1575,2,97;2,2,0.8325,0,133;2,1,0.3265,0,97;7,0,0.5085,0,53;2,4,0.9255,0,132;8,3,0.9785,0,161
ood_compose_epi-02360	8	3	1	63,41,117,5,182,206,200,99,199,199,107,83,132,122,207,178,37,45,17,69,91,138,113,10,148,150,54,66,173,75,29,93,21,195,173,141	4,0,0.3235,0,230;4,3,0.2465,0,117;5,5,0.5455,0,186;2,1,0.7315,0,84;2,1,0.2825,0,247;1,2,0.5235,0,255
ood_compose_epi-02361	5	1	1	41,82,140,45,12,31,150,75,37,209,7,214,116,166,165,66,108,146,133,22,141,16,117,127,153,93,194,173,69,211,63,89,49,164,105,180	6,2,0.0675,1,133;6,3,0.3715,0,46;0,5,0.4615,0,66;2,0,0.2995,0,200;8,2,0.9505,0,180;6,3,0.9005,0,250
ood_compose_epi-02362	1	1	0	12,189,76,149,200,93,21,193,52,26,178,40,45,1,171,84,208,176,141,113,70,180,67,97,117,60,140,186,20,133,106,92,204,123,146,35	0,2,0.8465,0,207;1,1,0.1555,0,206;3,2,0.6595,1,78;3,2,0.8855,0,42;0,0,0.3195,0,143;2,3,0.8065,0,199
ood_compose_epi-02363	6	0	1	180,93,52,118,139,16,87,62,163,3,112,193,210,181,181,68,152,13,27,145,121,109,166,185,131,169,101,37,43,69,45,21,91,150,73,141	2,3,0.0345,0,64;2,3,0.6935,0,187;3,4,0.8245,0,212;0,5,0.7285,0,171;4,3,0.1985,1,114;0,1,0.7785,0,225
ood_compose_epi-02364	0	3	1	56,150,75,136,60,135,165,117,21,141,176,110,113,173,212,100,45,3,96,196,172,69,92,182,14,28,157,20,176,41,38,68,196,148,123,87	2,4,0.9005,0,91;3,4,0.2835,0,191;7,2,0.9825,0,222;2,5,0.9955,3,103;3,4,0.3395,0,58;2,5,0.0835,0,10
ood_compose_epi-02365	1	2	0	46,63,169,86,5,43,197,67,77,19,152,69,117,200,97,36,11,88,29,214,141,133,53,149,209,147,139,178,21,123,211,113,93,186,165,110	4,1,0.6875,0,124;4,2,0.7625,1,170;4,5,0.6775,0,34;4,4,0.1245,0,193;0,4,0.2225,0,20;2,3,0.7105,0,249
ood_compose_epi-02366	10	2	1	21,134,62,95,33,109,45,42,160,129,187,150,49,83,147,175,38,179,13,173,119,65,215,9,78,69,177,141,179,138,185,115,89,17,173,105	8,3,0.2335,0,143;8,4,0.5365,0,64;0,4,0.2935,0,63;5,1,0.2015,2,79;8,3,0.6005,2,253;8,4,0.5725,0,172
ood_compose_epi-02367	2	1	2	93,175,21,214,206,103,35,131,45,204,59,52,73,114,41,17,67,5,69,151,88,87,33,209,110,146,120,191,213,169,215,141,128,140,10,192	4,0,0.3825,0,81;8,1,0.2705,0,133;3,1,0.7515,0,17;0,5,0.0615,0,44;6,4,0.4165,3,112;7,1,0.9295,0,124
ood_compose_epi-02368	10	2	0	147,15,81,119,168,58,129,207,24,93,153,165,33,133,166,85,108,9,102,179,112,69,153,37,167,139,46,51,142,191,214,68,44,91,149,18	8,5,0.4485,3,96;8,3,0.9135,1,217;2,0,0.9535,0,160;8,3,0.6505,0,40;5,2,0.1755,2,114;8,3,0.6335,1,123
ood_compose_epi-02369	1	0	1	96,84,51,145,16,123,61,77,65,138,186,206,35,189,3,190,69,45,135,186,112,201,23,193,157,27,109,90,167,193,141,150,99,11,41,117	2,1,0.0445,2,11;2,1,0.3275,0,74;2,3,0.2795,0,122;4,2,0.4565,3,96;2,3,0.0175,0,239;2,5,0.5705,0,62
ood_compose_epi-02370	8	2	0	147,88,127,47,62,21,135,67,95,192,154,172,215,17,141,137,49,34,188,181,198,186,115,153,174,111,102,11,85,74,44,8,149,69,117,30	7,1,0.3985,0,33;5,0,0.9285,2,77;0,4,0.7515,0,179;1,3,0.1795,2,116;5,5,0.6065,0,204;6,5,0.2685,0,246
ood_compose_epi-02371	7	2	2	21,72,141,186,180,41,113,50,93,185,99,187,59,74,193,64,90,2,151,122,159,169,193,201,17,38,117,83,171,48,147,139,135,12,26,110	1,2,0.3575,0,75;1,4,0.3415,3,124;1,1,0.1405,3,43;1,1,0.5205,0,230;2,4,0.3095,0,161;1,5,0.6155,0,133
ood_compose_epi-02372	1	0	0	141,149,47,170,88,159,114,145,191,3,169,28,65,188,75,119,171,212,131,93,165,127,49,173,63,42,34,82,21,158,69,18,99,108,13,139	2,3,0.5215,0,250;3,0,0.5825,2,154;0,5,0.2625,0,207;2,0,0.1575,0,214;2,2,0.5875,2,28;6,1,0.7405,0,28
ood_compose_epi-02373	10	2	2	166,90,21,156,108,134,183,114,117,38,93,69,140,87,152,185,59,121,30,202,20,147,105,151,14,5,162,44,185,68,78,152,163,45,141,55	4,4,0.9165,0,28;5,4,0.8795,0,251;6,1,0.8955,0,233;5,5,0.4715,0,24;8,2,0.4275,0,102;0,4,0.8255,0,6
ood_compose_epi-02374	1	3	0	106,20,211,117,141,86,101,162,170,200,43,68,198,38,75,155,163,69,45,202,132,148,93,149,189,139,112,52,58,92,12,154,31,21,5,128	4,2,0.9465,0,138;6,4,0.6415,0,164;3,0,0.9605,0,62;2,4,0.8905,0,103;4,0,0.1455,0,166;7,2,0.7465,0,96
ood_compose_epi-02375	5	3	0	149,42,173,93,13,82,21,55,28,213,195,34,141,158,61,114,166,90,137,128,45,197,195,65,7,117,69,131,100,107,79,148,173,196,17,177	6,3,0.2215,0,175;3,0,0.5955,0,129;6,3,0.3475,0,29;6,0,0.5185,0,145;3,1,0.5875,0,145;7,1,0.2185,0,124
ood_compose_epi-02376	2	3	2	208,100,69,137,60,4,182,11,130,45,141,68,117,188,211,92,83,93,151,33,187,77,19,181,44,180,21,148,201,34,161,189,110,52,112,124	3,1,0.7485,0,126;8,0,0.8205,0,242;3,2,0.8185,0,152;4,1,0.8895,0,51;3,4,0.1505,0,50;3,0,0.3775,0,79
ood_compose_epi-02377	7	1	1	68,134,13,17,172,117,214,57,93,208,21,73,41,3,25,61,47,141,205,35,97,92,158,197,106,140,171,69,146,192,180,206,150,122,114,82	2,3,0.3215,0,253;0,1,0.2145,2,69;8,3,0.8425,0,81;0,0,0.8385,0,154;0,0,0.5185,0,81;1,4,0.9895,0,58
ood_compose_epi-02378	5	0	2	26,127,154,145,114,106,210,197,89,136,21,185,104,199,206,93,40,45,55,170,168,69,84,151,7,134,67,180,10,164,141,80,117,20,36,61	6,0,0.9105,0,188;1,2,0.1585,0,177;6,3,0.7815,0,113;7,2,0.3845,0,68;7,0,0.5935,0,176;6,4,0.0335,0,227
ood_compose_epi-02379	10	0	0	171,63,16,6,186,81,139,54,33,182,167,160,89,42,132,93,142,12,117,35,114,194,165,186,196,87,100,149,107,69,45,145,121,66,23,187	5,2,0.0965,2,128;8,1,0.5965,0,178;5,5,0.5445,0,176;8,5,0.3985,0,156;3,1,0.5925,0,93;0,2,0.7265,1,253
ood_compose_epi-02380	1	2	0	173,45,149,113,181,91,177,103,119,181,123,40,137,62,39,66,84,133,79,108,96,31,141,21,158,16,195,8,157,200,54,213,168,13,147,71	7,3,0.1455,0,1;6,5,0.1305,0,67;5,4,0.5215,2,238;6,2,0.7925,3,146;6,2,0.2115,2,81;2,3,0.3095,0,116
ood_compose_epi-02381	1	0	0	134,157,24,49,162,186,203,159,141,69,10,145,92,117,38,66,127,210,40,166,45,190,137,28,108,8,17,75,149,93,165,98,162,87,61,113	7,0,0.2915,3,145;3,4,0.0255,0,33;0,3,0.4325,0,176;2,5,0.8735,0,190;1,2,0.3175,0,94;6,4,0.3015,0,27
ood_compose_epi-02382	0	3	1	43,157,177,34,93,173,162,130,150,114,110,7,52,144,170,58,179,84,20,139,45,14,196,69,193,128,206,30,68,21,148,117,205,99,92,76	6,4,0.8815,0,200;5,0,0.7715,0,178;3,0,0.9695,0,1;3,2,0.8755,0,75;2,4,0.4355,0,85;7,0,0.7945,3,182
ood_compose_epi-02383	1	1	1	182,39,31,51,108,84,19,178,205,116,146,59,170,74,161,99,140,93,141,215,123,194,182,41,67,69,11,8,117,21,89,171,150,45,169,131	7,1,0.7515,0,197;6,5,0.3735,0,105;2,1,0.7135,0,165;1,2,0.2145,0,64;2,2,0.9975,0,129;2,1,0.9265,0,244
ood_compose_epi-02384	1	3	0	169,137,155,123,117,99,89,113,149,148,42,45,8,69,93,141,174,106,82,20,21,27,132,209,184,37,156,190,176,13,53,68,59,158,152,78	7,3,0.9495,0,170;2,3,0.5575,0,2;4,1,0.8685,0,164;5,0,0.3245,0,233;2,0,0.2965,0,138;2,2,0.3405,0,19
ood_compose_epi-02385	10	1	2	151,69,141,137,198,125,93,84,161,165,174,17,77,196,113,66,21,146,88,53,111,103,133,45,152,209,39,28,41,2,11,117,198,209,193,60	1,1,0.3795,0,47;3,5,0.3635,0,231;4,2,0.5005,0,167;4,2,0.0695,0,225;6,5,0.3125,0,93;4,3,0.3575,0,127
ood_compose_epi-02386	1	0	0	15,19,123,145,3,69,102,176,113,59,164,117,149,108,76,200,200,51,212,166,93,86,162,42,90,190,21,141,45,173,139,27,36,194,133,68	2,5,0.6965,0,17;2,2,0.4945,0,146;2,1,0.9685,0,223;3,4,0.5075,0,19;5,2,0.2095,0,51;2,3,0.6165,0,9
ood_compose_epi-02387	1	2	1	172,179,131,25,150,20,137,3,60,141,159,109,161,81,147,115,123,37,181,87,91,117,40,196,105,21,66,160,51,93,199,195,189,69,15,45	2,5,0.9595,0,32;0,3,0.0525,0,49;2,2,0.5925,0,117;8,5,0.6695,0,34;8,3,0.7605,0,234;2,1,0.3745,0,45
ood_compose_epi-02388	1	3	1	188,27,169,62,52,153,186,198,150,115,76,12,132,82,148,44,17,45,37,214,99,3,154,108,21,67,93,195,195,141,137,117,69,123,90,190	2,2,0.2585,0,151;2,3,0.8935,0,217;3,4,0.6425,0,212;3,0,0.5515,0,221;2,2,0.6685,0,169;2,2,0.2155,0,210
ood_compose_epi-02389	5	2	1	150,158,93,141,138,183,107,6,159,47,39,43,173,186,113,21,103,16,64,120,62,12,70,89,53,169,204,147,177,184,31,126,180,131,79,87	5,2,0.0795,0,16;6,5,0.6575,2,62;4,4,0.0545,1,125;6,5,0.2285,0,35;6,1,0.2235,3,49;5,1,0.5365,0,67
ood_compose_epi-02390	5	0	2	122,158,11,45,157,109,204,65,117,179,138,51,132,69,1,87,115,59,145,192,21,18,33,75,103,171,187,41,151,157,88,141,35,168,93,206	0,1,0.4145,0,70;8,1,0.3165,0,232;2,1,0.2095,0,101;2,5,0.0725,0,238;6,3,0.7305,0,106;1,2,0.5025,0,129
ood_compose_epi-02391	5	0	0	58,157,117,90,192,149,69,158,141,100,112,169,79,145,7,133,48,106,195,121,43,186,35,15,196,82,17,33,67,54,21,136,183,93,181,214	6,5,0.2735,0,0;8,1,0.7175,3,165;5,0,0.7735,0,111;6,0,0.4335,0,98;3,0,0.1455,0,54;0,3,0.0315,0,152
ood_compose_epi-02392	6	2	1	117,150,59,41,25,39,11,69,141,21,90,202,114,202,147,121,140,174,85,1,197,45,188,196,204,49,133,105,93,160,78,18,106,64,191,189	0,1,0.4895,0,159;0,5,0.3155,0,108;0,1,0.1835,0,24;5,3,0.5935,0,243;8,0,0.5065,0,91;0,3,0.9935,0,42
ood_compose_epi-02393	7	0	2	2,81,157,182,181,36,19,172,45,181,162,91,66,112,60,70,204,143,57,206,137,117,25,106,133,21,151,129,14,210,93,145,85,43,100,184	1,4,0.6505,0,129;0,2,0.6335,0,178;8,2,0.4955,1,0;8,3,0.6965,0,185;3,0,0.1295,0,22;8,3,0.3935,2,10
ood_compose_epi-02394	2	0	1	172,100,150,64,162,117,28,4,164,38,198,145,11,166,52,161,88,94,176,69,20,46,190,125,58,87,78,137,21,40,141,153,115,130,205,106	3,1,0.9485,0,228;3,4,0.0145,1,41;3,0,0.0905,0,88;5,5,0.1005,1,88;3,0,0.7135,0,196;4,0,0.2135,0,232
ood_compose_epi-02395	5	0	0	20,69,116,89,14,117,164,93,214,159,82,63,207,167,165,184,55,130,145,149,140,141,77,2,35,160,26,166,42,106,66,21,102,214,126,47	1,4,0.9045,0,150;1,1,0.4315,2,159;6,5,0.4735,0,14;4,0,0.2735,0,6;5,0,0.8125,0,168;5,0,0.8035,0,138
ood_compose_epi-02396	5	2	2	147,53,36,84,211,99,24,30,113,134,13,117,210,158,69,64,81,204,61,172,141,5,127,16,158,42,172,197,139,45,199,93,211,151,88,109	4,3,0.1715,3,235;5,2,0.4485,0,125;4,3,0.0675,0,60;8,2,0.1835,0,117;2,3,0.2205,0,240;6,4,0.6075,0,255
ood_compose_epi-02397	2	0	1	199,188,100,140,76,69,145,150,45,179,194,177,131,158,93,199,88,5,178,124,16,141,61,112,64,13,41,111,155,213,49,82,117,21,30,36	4,3,0.0625,0,121;5,2,0.3155,0,86;0,3,0.0825,0,158;3,0,0.1745,0,226;3,5,0.1335,0,128;3,1,0.8555,0,246
ood_compose_epi-02398	4	1	1	50,4,116,24,88,186,156,58,175,137,124,15,141,103,131,28,146,39,118,93,83,161,19,41,110,45,69,152,74,180,189,64,184,164,150,167	3,5,0.7155,3,18;3,5,0.3925,0,136;1,0,0.0145,0,7;1,1,0.1065,0,159;6,4,0.8085,1,27;3,1,0.2755,0,36
ood_compose_epi-02399	10	2	1	66,165,13,45,20,134,62,21,69,43,147,215,117,162,116,138,205,208,39,74,185,201,141,53,98,174,7,193,129,88,106,30,193,95,150,82	6,3,0.8995,0,28;5,5,0.7555,0,139;4,4,0.5335,0,30;1,0,0.1725,2,218;1,0,0.8545,0,6;8,4,0.4115,0,74
ood_compose_epi-02400	10	3	0	83,149,12,148,21,95,74,166,33,2,45,110,213,17,112,208,163,53,193,117,139,185,141,69,41,99,168,172,170,61,38,88,130,68,123,157	1,2,0.3325,0,109;8,4,0.2645,0,39;4,3,0.8455,0,61;1,1,0.1465,2,99;2,4,0.0275,0,151;2,0,0.7065,0,178
ood_compose_epi-02401	1	1	1	44,176,4,207,81,116,131,174,82,157,150,201,214,68,92,93,61,18,34,24,141,51,190,99,159,45,182,107,27,146,120,69,129,14,173,137	3,4,0.4005,3,208;2,0,0.8395,0,18;2,3,0.8395,0,71;8,0,0.8855,0,254;2,1,0.9435,3,71;8,1,0.3545,0,169
ood_compose_epi-02402	1	0	2	212,163,208,117,34,197,108,157,141,151,195,3,93,215,66,160,79,28,61,133,91,50,127,40,18,87,165,157,145,45,21,99,69,116,14,140	2,4,0.5415,0,101;3,0,0.1705,0,25;1,3,0.5365,0,250;6,5,0.6475,0,15;2,2,0.8295,0,124;6,3,0.8595,0,5
ood_compose_epi-02403	1	3	0	202,118,148,21,37,27,19,204,214,53,58,95,69,86,176,149,195,196,140,134,45,75,155,204,90,123,41,116,214,144,2,67,187,14,111,99	1,4,0.7385,0,94;2,3,0.2605,0,222;4,0,0.7945,0,31;2,4,0.4135,2,210;2,5,0.8805,1,137;2,4,0.8415,3,244
ood_compose_epi-02404	8	0	2	203,164,106,78,12,60,141,152,145,101,16,7,138,172,151,52,123,182,70,201,67,160,162,21,93,85,28,117,209,115,92,43,35,45,202,135	6,2,0.0965,0,31;3,1,0.7395,0,184;3,2,0.6215,1,36;5,3,0.8335,0,17;4,0,0.6675,0,139;2,5,0.4235,0,112
ood_compose_epi-02405	9	3	0	7,114,149,67,61,99,91,86,215,120,15,130,205,175,111,157,190,93,148,180,213,125,80,213,164,44,35,56,141,69,33,19,211,21,138,45	6,5,0.6425,0,7;8,1,0.9645,0,200;7,3,0.7285,0,97;7,4,0.7185,0,116;2,5,0.5115,3,61;4,0,0.5215,0,41
ood_compose_epi-02406	10	1	1	150,177,118,212,29,12,130,88,8,202,100,86,69,109,211,141,146,41,62,38,181,93,80,158,22,121,187,166,171,20,210,67,53,45,115,139	7,2,0.9915,1,36;4,4,0.3605,0,189;4,4,0.7585,0,251;7,4,0.1215,0,72;3,3,0.7575,1,52;0,0,0.6755,0,128
ood_compose_epi-02407	5	2	0	149,85,55,125,172,102,195,134,80,38,201,119,45,12,141,140,42,111,147,185,113,31,88,21,62,164,154,93,195,203,157,215,8,65,69,18	7,2,0.4155,0,174;6,4,0.5705,0,156;6,4,0.2135,0,66;7,3,0.1765,0,192;5,5,0.2385,2,118;4,4,0.8425,0,8
ood_compose_epi-02408	5	0	0	166,103,90,118,16,214,94,81,127,141,108,186,65,182,149,203,9,29,14,189,54,114,145,24,69,85,133,187,41,34,202,45,188,58,139,163	8,4,0.1465,3,226;4,0,0.3635,0,224;5,0,0.3475,0,236;8,3,0.5795,1,242;6,2,0.5645,1,167;6,3,0.7865,0,218
ood_compose_epi-02409	5	2	0	43,149,87,166,93,116,196,170,131,67,55,15,62,89,30,141,118,79,171,163,214,45,210,160,147,110,39,175,202,121,21,71,99,7,20,140	6,5,0.8645,0,234;5,5,0.6305,0,127;6,4,0.6125,2,198;6,5,0.3455,0,169;2,4,0.9675,1,16;0,1,0.8615,0,91
ood_compose_epi-02410	4	1	2	64,10,93,151,87,32,141,168,176,40,69,213,160,140,212,213,5,52,176,133,129,48,17,100,59,38,117,180,113,75,146,111,160,91,21,191	4,0,0.3505,0,221;7,4,0.0415,3,85;3,1,0.1295,0,183;2,5,0.6055,0,26;3,5,0.3065,0,184;8,3,0.9615,0,215
ood_compose_epi-02411	1	2	0	3,159,138,110,152,13,67,159,69,27,211,116,101,18,92,45,127,153,77,132,147,156,183,51,85,152,22,117,93,44,175,36,149,167,59,141	2,3,0.4715,1,14;2,2,0.8385,0,24;2,1,0.6745,0,234;4,3,0.9935,0,201;4,4,0.8525,0,253;6,2,0.5925,0,207
ood_compose_epi-02412	1	3	1	16,44,66,209,129,93,148,164,78,193,91,14,195,36,51,141,150,87,99,113,159,63,69,135,163,108,137,154,32,117,9,162,207,21,45,190	8,4,0.1985,0,155;7,2,0.9695,0,50;2,5,0.4095,0,57;5,5,0.7585,0,200;2,2,0.2125,0,20;8,5,0.3775,0,209
ood_compose_epi-02413	5	1	1	188,176,146,200,69,79,199,130,200,9,52,30,119,68,138,34,60,99,150,106,198,128,174,48,87,21,141,209,93,10,191,17,41,112,188,91	8,0,0.3925,0,248;5,0,0.2155,3,55;3,2,0.8585,0,115;6,5,0.7145,0,110;2,0,0.1745,2,133;7,0,0.4115,0,4
ood_compose_epi-02414	6	1	0	211,69,140,82,67,35,135,1,146,207,187,117,121,196,49,93,19,172,60,211,21,149,141,13,44,88,47,186,110,203,73,213,195,112,97,27	0,3,0.7915,0,142;2,1,0.9565,2,89;0,2,0.6295,0,69;0,0,0.1985,0,95;0,4,0.1785,0,146;0,5,0.9305,0,203
ood_compose_epi-02415	7	0	2	211,84,40,39,114,4,28,151,108,59,100,191,189,11,117,16,203,47,174,74,135,89,166,122,93,160,145,138,209,153,21,176,49,141,65,69	3,1,0.0125,0,95;3,5,0.1555,2,61;0,1,0.3365,0,163;1,2,0.3795,0,78;3,2,0.4295,0,247;1,5,0.4245,0,85
ood_compose_epi-02416	9	1	2	205,151,69,203,13,165,17,2,146,38,117,67,192,170,194,132,186,168,45,122,106,140,93,85,90,198,141,55,63,80,32,21,40,98,114,177	1,3,0.2495,0,193;7,4,0.1795,0,95;6,5,0.6525,0,127;7,3,0.4045,0,104;1,0,0.5305,0,88;1,2,0.9445,0,35
ood_compose_epi-02417	3	0	0	184,135,207,11,21,69,20,44,162,198,149,90,37,76,145,191,212,113,2,29,82,157,141,117,98,182,108,93,180,124,52,139,65,172,61,45	1,1,0.9335,0,56;4,3,0.9185,0,203;3,3,0.2465,0,78;3,0,0.4265,0,102;1,2,0.2325,0,85;3,5,0.7225,0,67
ood_compose_epi-02418	1	3	0	115,136,206,88,82,39,52,70,141,30,117,175,21,126,188,193,61,96,164,202,66,176,5,46,204,109,44,149,204,17,77,148,99,132,13,168	4,3,0.2525,0,248;5,5,0.8035,1,148;3,3,0.4205,1,201;4,0,0.1085,3,36;2,3,0.7525,0,29;5,2,0.0505,0,76
ood_compose_epi-02419	2	1	1	93,206,117,41,215,80,21,100,18,65,10,37,55,92,114,84,69,194,212,202,106,139,177,150,199,124,3,146,187,192,144,188,45,28,60,135	2,0,0.4585,0,26;3,3,0.3555,0,52;6,2,0.3775,0,144;7,2,0.9525,0,195;3,0,0.4045,0,56;3,5,0.6555,3,252
ood_compose_epi-02420	1	3	0	203,27,130,208,144,93,104,36,206,179,45,167,148,154,159,164,75,84,52,149,138,194,123,89,67,60,69,15,19,21,109,7,115,178,117,42	6,5,0.6075,0,3;2,2,0.5855,0,150;3,2,0.6795,0,72;2,2,0.3865,0,216;7,3,0.7195,0,93;2,0,0.5485,3,65
ood_compose_epi-02421	6	1	0	116,137,69,156,149,13,202,118,152,73,172,82,133,141,153,35,107,88,29,65,21,93,195,97,146,1,187,17,59,49,48,171,180,44,129,212	0,3,0.2805,0,83;4,1,0.9185,3,131;0,1,0.2795,0,255;0,0,0.1255,0,136;0,1,0.9195,1,95;8,3,0.2535,0,88
ood_compose_epi-02422	10	2	0	71,213,93,101,208,199,68,161,16,62,86,143,203,43,29,79,186,149,45,37,92,166,10,134,117,114,160,110,139,206,190,129,147,3,53,22	2,0,0.0565,1,62;4,3,0.6905,0,173;4,4,0.8615,2,255;6,4,0.9225,0,120;4,4,0.4065,0,254;8,4,0.6805,2,42
ood_compose_epi-02423	5	2	2	209,141,34,160,69,192,137,63,21,16,30,93,65,131,179,45,169,74,129,55,88,155,114,86,6,107,151,103,117,153,196,147,215,187,13,44	5,3,0.1385,0,75;5,0,0.8665,0,34;6,5,0.2285,0,86;1,4,0.0695,0,50;6,1,0.5695,0,188;8,1,0.3135,0,153
ood_compose_epi-02424	9	2	0	131,189,202,195,51,46,202,68,108,149,71,193,36,92,123,23,141,97,176,211,93,84,158,136,40,80,147,12,117,178,113,208,61,19,9,26	8,2,0.7275,2,47;1,2,0.0545,1,151;2,3,0.9035,2,46;7,2,0.9435,0,98;0,2,0.3135,0,57;2,1,0.0565,0,15
ood_compose_epi-02425	8	0	1	34,126,193,92,13,214,41,82,54,115,150,195,18,69,137,78,164,45,118,7,155,131,66,166,93,141,100,173,109,182,145,63,21,158,28,211	6,3,0.4055,0,130;3,0,0.2575,0,33;5,5,0.4375,0,73;5,0,0.9945,0,168;3,3,0.6935,1,150;5,1,0.2085,0,233
ood_compose_epi-02426	0	3	0	148,103,91,76,205,136,28,21,149,19,113,165,141,130,14,111,63,44,37,191,4,46,161,117,189,165,177,69,83,181,93,123,177,203,67,57	3,4,0.6155,0,72;3,3,0.8745,1,9;8,5,0.6165,0,203;3,1,0.7295,0,129;6,5,0.3365,0,106;2,0,0.1845,0,145
ood_compose_epi-02427	9	1	0	45,20,146,184,69,65,112,107,182,215,117,34,40,74,14,86,167,197,154,214,198,32,149,131,21,137,93,98,144,8,128,161,187,89,61,51	7,4,0.8055,0,66;7,0,0.0675,0,81;2,3,0.2645,0,152;1,4,0.3395,0,30;1,1,0.1815,0,54;7,1,0.2555,3,236
ood_compose_epi-02428	5	2	1	93,102,163,41,19,12,127,21,78,68,179,45,114,167,88,55,30,204,178,87,110,209,214,8,139,69,60,120,39,185,150,184,141,147,131,185	7,2,0.6495,0,26;5,5,0.3645,0,25;6,2,0.8225,0,83;5,5,0.0045,0,16;5,4,0.4415,3,75;6,1,0.7755,0,168
ood_compose_epi-02429	2	0	2	179,190,189,115,145,86,69,93,204,197,45,140,193,21,194,121,130,64,141,42,154,36,154,107,75,100,12,53,88,3,117,20,58,28,151,187	2,2,0.9745,0,238;3,2,0.4945,0,247;4,0,0.0675,0,158;2,4,0.1535,0,254;3,1,0.6245,0,104;0,0,0.9285,0,238
ood_compose_epi-02430	5	1	0	35,93,55,97,176,116,146,132,25,162,149,90,66,110,63,41,7,45,117,215,138,84,127,141,73,158,203,69,17,204,210,13,186,21,189,212	6,3,0.2415,0,51;0,1,0.2325,0,220;6,5,0.5865,0,72;0,2,0.5725,0,243;0,4,0.8065,0,39;6,2,0.5945,0,236
ood_compose_epi-02431	1	2	0	38,44,49,139,199,184,45,105,153,171,153,173,84,184,95,117,178,27,127,212,149,68,78,141,15,71,109,147,21,131,6,114,16,166,62,88	5,5,0.0105,0,32;2,4,0.9955,0,108;0,4,0.9995,2,111;5,2,0.1145,2,150;8,3,0.4135,0,17;6,1,0.7965,0,182
ood_compose_epi-02432	7	3	0	141,149,195,114,88,195,136,163,117,43,69,73,38,62,1,86,99,109,212,188,26,130,129,22,183,202,50,66,45,11,212,19,210,148,154,93	0,1,0.6745,1,242;1,4,0.6025,0,195;1,4,0.4765,0,70;0,4,0.0725,0,10;2,3,0.5345,0,231;8,0,0.0855,0,53
ood_compose_epi-02433	7	3	2	68,166,141,17,176,74,45,195,42,140,62,110,165,151,103,69,130,181,91,200,167,32,7,185,127,21,93,148,213,198,36,117,50,115,84,11	6,1,0.2435,0,118;7,2,0.4985,0,188;1,4,0.9105,0,11;1,2,0.6565,0,218;6,4,0.6335,0,104;6,0,0.9505,0,65
ood_compose_epi-02434	9	2	1	7,150,147,170,36,136,182,202,88,93,63,19,172,186,155,135,31,65,40,10,117,109,82,129,55,104,141,79,69,212,174,174,21,45,116,159	6,0,0.6935,0,204;6,2,0.1755,0,101;6,5,0.2865,0,240;6,0,0.1765,0,204;7,3,0.8345,0,77;8,5,0.1685,0,58
ood_compose_epi-02435	1	2	0	132,117,181,199,210,68,93,73,147,55,45,21,141,108,92,87,197,17,169,137,69,43,61,27,171,36,149,164,180,161,8,105,10,116,154,123	7,0,0.3435,0,33;2,2,0.7805,0,148;6,3,0.9955,0,127;0,5,0.8575,0,152;8,2,0.9545,0,182;2,2,0.3895,0,76
ood_compose_epi-02436	4	1	2	175,89,58,152,169,35,69,14,24,4,143,113,212,183,146,182,19,87,139,155,99,117,173,45,76,205,151,121,28,96,52,190,64,111,43,131	3,4,0.6015,3,29;3,1,0.6575,0,107;3,0,0.1495,0,101;3,5,0.3635,3,199;2,5,0.2755,0,237;0,1,0.6175,2,109
ood_compose_epi-02437	7	0	2	199,154,207,69,158,200,134,55,44,89,109,93,45,137,151,207,103,122,12,188,141,39,117,115,180,145,68,76,58,215,20,84,26,173,2,21	1,2,0.9745,0,217;1,5,0.8355,0,118;6,0,0.8735,0,43;3,2,0.2115,0,233;6,3,0.7555,0,217;1,4,0.3455,0,164
ood_compose_epi-02438	6	1	0	121,208,114,21,109,200,178,41,178,117,93,159,15,80,173,149,38,58,67,214,152,17,143,45,139,28,91,83,130,49,184,69,1,97,146,182	0,5,0.2285,0,249;3,4,0.3315,0,244;0,0,0.7845,0,72;7,1,0.6965,0,132;0,3,0.5995,0,61;0,0,0.6635,2,132
ood_compose_epi-02439	10	3	1	69,153,141,201,11,117,76,165,93,65,38,154,112,44,161,9,21,195,85,188,150,203,92,140,148,215,53,62,16,101,29,134,155,125,107,45	8,1,0.1855,0,98;4,4,0.8465,0,32;4,4,0.2335,0,181;3,3,0.8595,0,236;4,1,0.0415,0,55;4,4,0.8935,0,95
ood_compose_epi-02440	9	2	2	96,117,136,196,196,1,61,207,65,19,83,44,104,188,173,80,147,172,210,116,131,109,151,46,56,190,190,30,204,37,15,141,89,69,126,21	0,5,0.6185,0,85;5,3,0.8325,1,77;7,3,0.3205,0,129;7,1,0.2655,3,181;7,3,0.9335,0,253;5,1,0.0045,0,97
ood_compose_epi-02441	6	1	2	47,16,141,49,103,90,69,177,134,63,187,162,117,76,146,192,136,27,40,116,195,129,12,93,151,39,108,211,155,201,86,21,191,163,1,66	0,2,0.0345,0,184;2,5,0.0825,2,157;0,5,0.5325,0,93;3,4,0.5435,0,80;6,2,0.8295,0,183;8,4,0.1205,0,161
ood_compose_epi-02442	10	3	2	197,189,124,178,88,69,22,111,105,20,213,27,9,148,139,151,13,186,134,162,45,75,141,34,164,43,93,117,56,188,114,161,83,66,60,189	8,3,0.9725,1,139;2,0,0.6235,0,157;7,2,0.4265,0,197;2,1,0.1135,0,231;8,5,0.4935,0,104;3,4,0.7955,0,131
ood_compose_epi-02443	3	0	0	170,124,93,99,108,117,69,67,87,141,16,178,184,183,45,145,22,139,171,76,4,92,37,156,55,115,176,10,130,41,149,208,156,27,58,178	3,0,0.0545,1,239;2,3,0.2855,0,55;6,0,0.7985,0,58;3,5,0.8215,0,135;2,2,0.7855,0,0;3,0,0.7565,0,121
ood_compose_epi-02444	5	3	2	98,170,63,74,12,210,21,158,31,151,187,45,117,137,156,87,64,134,125,206,38,94,108,148,9,144,113,43,184,49,72,90,215,163,211,17	8,2,0.2235,0,38;6,4,0.6205,0,177;0,5,0.0255,3,46;1,5,0.4725,1,254;1,2,0.3775,0,199;4,4,0.3405,3,214
ood_compose_epi-02445	5	3	2	123,21,158,62,151,141,199,64,90,136,45,28,113,148,205,15,200,171,214,102,75,53,206,154,135,19,170,72,41,117,193,84,93,111,7,38	6,5,0.7025,0,110;3,4,0.3255,0,205;4,4,0.1685,3,154;2,2,0.5175,0,126;5,5,0.3755,0,240;2,5,0.0125,0,153
ood_compose_epi-02446	5	3	1	165,15,135,86,99,109,76,39,5,183,194,68,117,168,47,127,141,169,44,50,206,208,197,206,61,139,176,150,21,28,112,96,90,19,148,69	4,5,0.7425,0,161;3,5,0.8505,2,125;1,3,0.9145,0,57;3,4,0.4455,3,127;2,3,0.1805,0,142;6,5,0.7035,0,146
ood_compose_epi-02447	9	0	0	200,8,35,92,136,167,19,116,145,42,202,69,21,100,130,176,149,168,189,209,52,194,124,155,117,87,106,45,80,93,158,12,141,63,66,31	7,2,0.7025,0,106;6,1,0.4965,0,11;3,5,0.4995,0,213;7,5,0.8645,0,62;3,0,0.8595,0,109;3,0,0.0775,0,98
ood_compose_epi-02448	1	1	1	58,40,170,13,82,45,114,118,154,183,133,35,207,92,192,70,165,164,141,20,21,3,150,104,51,140,32,80,109,157,96,176,64,128,157,146	2,3,0.8175,0,211;7,1,0.1575,0,30;2,0,0.1835,1,192;7,0,0.8145,3,161;7,3,0.5805,1,195;7,3,0.9455,0,186
ood_compose_epi-02449	5	3	1	190,5,71,136,101,171,162,159,90,93,142,34,83,117,17,79,161,11,181,148,64,150,48,110,61,113,28,21,165,135,201,56,41,180,197,126	4,1,0.3715,0,49;3,0,0.2325,3,143;7,3,0.1865,2,102;6,1,0.5755,0,75;4,4,0.3145,0,219;5,5,0.1655,1,166
ood_compose_epi-02450	6	0	0	54,45,173,44,25,8,139,110,188,39,66,172,121,19,89,197,73,113,102,63,142,14,87,166,135,149,168,167,93,171,145,69,185,117,21,209	7,4,0.6815,0,219;0,5,0.9215,0,154;5,5,0.4305,0,72;0,5,0.3265,0,240;5,4,0.2575,0,30;0,5,0.7705,1,73
ood_compose_epi-02451	8	1	1	34,85,65,150,56,156,126,90,157,162,194,99,60,41,13,7,22,138,141,134,69,33,96,146,117,20,166,112,109,188,204,160,161,45,80,212	6,3,0.9735,1,201;8,0,0.2485,0,84;7,2,0.2965,0,181;7,3,0.5795,3,42;2,3,0.1835,0,7;5,4,0.5855,0,86
ood_compose_epi-02452	1	0	0	200,141,21,112,145,54,123,47,149,174,160,69,183,37,202,133,93,107,10,31,3,84,117,156,160,99,61,139,88,187,19,68,168,40,78,196	2,0,0.7265,0,96;6,3,0.1565,2,106;5,3,0.8075,0,69;5,2,0.0125,0,63;2,1,0.1755,0,95;2,3,0.6435,0,118
ood_compose_epi-02453	1	2	0	111,93,105,186,45,6,12,36,136,90,215,51,200,42,197,26,149,117,75,193,141,66,161,87,113,61,123,205,69,132,18,176,207,147,178,21	5,2,0.5795,0,103;1,2,0.4525,0,9;2,3,0.5945,0,40;2,5,0.4105,0,221;8,5,0.3875,0,234;2,2,0.1225,0,5
ood_compose_epi-02454	10	1	1	133,15,69,117,81,64,85,165,40,205,156,140,129,164,105,156,63,114,150,184,89,144,93,9,45,19,33,146,37,215,57,22,205,110,178,156	8,5,0.6485,1,245;8,3,0.1255,0,130;8,5,0.0775,0,93;8,3,0.2035,0,39;8,4,0.4555,0,163;8,3,0.8145,3,200
ood_compose_epi-02455	1	2	0	135,181,210,149,58,166,122,67,93,13,116,3,174,212,140,42,69,187,87,75,166,45,210,108,203,141,147,20,21,31,167,117,34,55,103,89	2,3,0.8815,0,240;6,0,0.4565,0,191;6,0,0.6775,0,28;2,5,0.3735,0,149;6,2,0.8745,0,99;1,5,0.8485,0,11
ood_compose_epi-02456	1	3	0	90,157,148,67,181,128,42,194,17,192,159,14,202,23,115,45,69,208,190,144,85,106,149,7,136,37,27,99,168,132,180,118,75,93,56,59	6,4,0.3515,2,49;2,3,0.5295,0,127;7,1,0.7415,0,88;2,3,0.4975,0,78;2,0,0.6795,1,236;7,2,0.1655,3,253
ood_compose_epi-02457	8	2	1	215,43,9,107,63,78,69,141,45,131,112,121,167,178,15,37,195,198,93,117,27,190,198,67,156,54,150,16,140,21,157,87,102,88,159,147	8,5,0.0595,0,29;2,3,0.7315,0,100;5,5,0.7465,0,222;5,5,0.0995,0,4;5,1,0.1445,0,150;0,1,0.8865,0,211
ood_compose_epi-02458	7	2	2	139,26,40,21,188,93,117,18,106,103,133,39,152,205,141,166,65,155,164,63,112,176,82,50,147,12,159,2,127,75,69,45,209,151,167,89	1,2,0.5895,0,82;1,5,0.0585,0,202;1,5,0.3285,0,179;2,0,0.2985,0,159;6,0,0.1935,0,229;6,3,0.7235,0,184
ood_compose_epi-02459	8	3	1	95,137,117,45,106,1,78,150,41,70,195,148,181,34,30,16,11,128,21,199,53,131,189,68,102,91,83,156,115,215,164,156,141,154,168,62	0,1,0.0045,0,222;5,0,0.2775,0,253;4,4,0.9445,1,69;5,1,0.7605,2,163;5,0,0.6425,0,111;7,1,0.3865,0,214
ood_compose_epi-02460	9	2	0	21,64,157,8,110,44,57,122,190,170,18,186,91,34,164,149,141,104,31,45,138,80,60,12,165,184,195,69,84,94,134,117,162,152,114,147	7,2,0.5465,0,234;6,0,0.8605,0,227;8,2,0.1565,0,4;7,2,0.7115,1,166;7,4,0.5635,0,192;1,4,0.5855,0,80
ood_compose_epi-02461	3	0	0	145,106,100,177,84,18,155,117,93,124,141,184,21,209,138,11,212,152,80,113,70,193,59,133,52,193,149,65,31,38,91,198,40,208,47,4	3,1,0.4775,0,246;6,4,0.1835,2,58;3,1,0.2675,1,93;7,2,0.6265,0,234;3,0,0.2385,0,230;3,3,0.5325,0,151
ood_compose_epi-02462	9	1	0	173,76,41,126,185,113,31,197,168,62,35,159,21,140,93,187,20,196,146,205,13,149,103,210,85,53,45,191,106,141,90,8,67,69,133,117	7,3,0.9505,0,242;6,1,0.3375,0,243;4,4,0.6095,0,220;3,3,0.5475,0,13;6,0,0.3975,0,107;5,3,0.8215,0,209
ood_compose_epi-02463	1	3	0	141,148,22,189,64,86,41,30,134,2,149,112,117,204,50,97,77,175,11,69,194,18,45,167,184,123,38,91,158,63,93,161,107,160,139,171	1,1,0.5675,1,131;5,4,0.3235,0,30;1,5,0.0335,0,222;4,4,0.6675,0,26;0,1,0.0965,0,67;2,4,0.6025,0,2
ood_compose_epi-02464	1	2	1	162,114,147,59,169,156,21,90,138,5,180,164,19,94,117,207,69,109,65,27,122,196,175,83,41,141,75,48,168,11,133,213,57,150,99,38	4,1,0.6365,0,102;2,4,0.2755,3,0;8,1,0.2535,0,224;2,1,0.5175,1,223;2,3,0.5035,0,52;1,3,0.5025,0,177
ood_compose_epi-02465	7	0	1	130,150,170,112,106,2,120,61,172,45,177,145,50,69,124,26,192,21,79,214,200,43,187,192,191,166,89,82,102,94,65,36,19,11,141,139	1,1,0.7695,0,65;1,2,0.6535,0,85;1,3,0.2145,0,251;6,0,0.2155,1,192;5,0,0.0455,3,230;3,0,0.6425,0,208
ood_compose_epi-02466	10	2	1	92,59,117,112,19,83,139,141,185,189,157,33,185,129,21,150,215,75,182,57,210,42,13,130,34,65,147,45,195,9,99,201,107,201,93,69	8,3,0.6585,0,73;8,0,0.5535,0,94;8,1,0.3705,0,177;2,1,0.8835,0,164;2,1,0.0335,0,27;8,0,0.6735,0,114
ood_compose_epi-02467	10	1	2	132,39,117,45,194,198,115,161,44,155,96,210,194,110,174,80,17,29,13,122,158,62,151,141,101,137,86,21,146,92,172,5,66,51,177,69	4,3,0.3655,0,85;4,5,0.9935,0,251;2,4,0.4375,0,133;7,4,0.9295,3,246;4,4,0.7665,0,169;1,2,0.3075,0,34
ood_compose_epi-02468	8	2	0	159,185,51,40,59,165,158,159,190,120,31,147,66,135,115,82,13,149,91,70,17,125,178,21,45,93,178,6,209,78,103,142,111,138,37,156	5,3,0.2285,0,221;6,3,0.1395,0,207;2,1,0.4025,1,130;5,0,0.6125,0,131;6,5,0.7415,3,137;4,5,0.5205,1,59
ood_compose_epi-02469	0	3	2	21,28,136,99,141,19,9,117,65,12,59,151,93,171,44,45,134,148,203,167,69,53,115,73,177,178,198,38,164,109,90,121,164,179,87,206	8,2,0.6215,0,57;3,4,0.8335,0,59;4,1,0.3605,0,83;0,5,0.5625,0,129;2,3,0.7505,0,0;0,4,0.0725,0,223
ood_compose_epi-02470	0	3	2	17,91,11,52,188,135,141,38,80,151,167,177,138,21,154,28,166,82,125,60,148,98,117,160,45,69,113,65,108,95,2,44,179,152,209,200	1,1,0.2665,0,236;3,4,0.8555,0,251;3,2,0.2035,0,234;7,0,0.7955,2,138;1,2,0.3165,0,5;4,5,0.5825,0,126
ood_compose_epi-02471	6	3	1	20,150,82,142,117,50,181,163,153,45,157,93,60,37,14,131,69,103,66,92,162,164,148,127,140,1,108,21,185,166,79,33,200,153,113,41	0,4,0.9615,0,7;8,3,0.2895,0,181;1,2,0.5735,0,239;6,0,0.8435,0,254;6,2,0.3775,0,64;6,1,0.9195,1,29
ood_compose_epi-02472	1	3	0	160,43,148,27,178,21,60,18,141,114,156,137,66,180,45,55,99,73,83,96,194,149,37,182,15,123,134,191,92,69,117,108,1,167,154,161	0,5,0.4745,0,10;2,3,0.7195,0,100;6,2,0.5955,0,176;0,1,0.9485,3,155;2,2,0.4705,0,17;2,4,0.2525,0,12
ood_compose_epi-02473	1	2	0	125,114,147,149,117,158,59,110,85,19,47,77,13,64,103,72,133,182,21,183,93,190,29,210,3,139,141,192,189,89,180,40,34,201,50,201	2,3,0.6435,0,222;4,0,0.1105,2,226;1,1,0.1065,3,181;4,3,0.3935,0,143;6,4,0.5005,0,67;4,3,0.6025,0,223
ood_compose_epi-02474	2	1	0	162,211,128,164,106,48,50,135,146,192,21,190,88,34,117,209,83,69,66,40,138,60,17,143,192,101,114,93,163,198,80,11,149,32,199,2	1,1,0.3195,0,178;7,0,0.1965,3,214;1,2,0.4065,0,100;7,1,0.0745,0,252;4,0,0.4765,0,248;7,5,0.5695,2,241
ood_compose_epi-02475	1	1	1	209,213,34,146,177,141,192,99,45,117,43,133,123,199,53,3,27,67,111,10,19,84,69,150,59,75,88,203,138,22,114,177,193,95,154,154	2,0,0.6945,1,210;2,0,0.7225,0,177;4,1,0.7455,0,155;2,2,0.0955,2,110;2,5,0.5525,0,149;2,3,0.4295,0,93
ood_compose_epi-02476	8	1	1	13,51,192,88,156,141,63,203,130,82,210,100,18,140,78,45,34,146,126,93,6,196,195,209,150,68,113,214,117,181,110,27,210,21,71,43	5,3,0.5145,0,237;2,0,0.7735,0,97;2,5,0.8975,2,30;5,0,0.0305,0,242;3,4,0.2185,0,157;5,0,0.8165,0,62
ood_compose_epi-02477	1	2	1	114,169,69,93,109,181,67,74,40,99,147,171,158,19,26,141,45,132,11,150,177,157,186,161,117,54,2,82,24,38,160,201,121,136,90,60	1,1,0.6925,3,59;1,4,0.1945,0,84;5,2,0.7755,0,15;1,0,0.4885,0,194;2,3,0.4035,0,29;0,2,0.0845,0,29
ood_compose_epi-02478	0	3	0	117,11,148,68,174,4,21,35,20,76,111,142,93,188,116,33,195,167,43,124,175,162,184,61,177,132,163,88,136,100,69,45,174,83,149,51	3,1,0.8485,0,94;8,1,0.6045,0,58;2,3,0.9695,0,228;3,1,0.1655,0,98;3,5,0.9015,0,218;3,2,0.0865,1,251
ood_compose_epi-02479	5	2	2	215,201,113,22,49,196,174,196,208,102,43,117,45,151,86,159,108,18,207,141,137,70,134,203,1,121,63,75,31,147,90,39,15,184,93,64	0,5,0.4125,1,117;6,5,0.6665,0,204;0,5,0.1475,1,165;2,4,0.4975,0,252;5,2,0.2855,0,116;0,4,0.2575,0,7
ood_compose_epi-02480	0	3	0	105,45,108,69,120,82,3,174,76,36,133,169,165,141,28,192,21,194,166,191,149,138,123,67,20,52,212,43,10,204,89,112,94,62,148,191	2,0,0.8435,0,155;3,2,0.7395,0,16;3,4,0.7945,0,71;3,0,0.3365,1,89;8,2,0.1415,3,124;2,3,0.4825,0,236
ood_compose_epi-02481	3	0	1	189,145,112,11,27,194,164,176,191,21,85,16,69,91,156,52,125,117,109,210,159,194,134,34,164,99,136,45,67,81,4,150,42,93,141,62	3,1,0.0195,0,79;2,0,0.5255,0,244;3,4,0.6055,0,203;8,3,0.6955,0,129;2,3,0.1015,0,242;4,4,0.0585,0,121
ood_compose_epi-02482	9	1	1	199,45,16,69,184,80,200,150,3,65,93,117,138,128,21,109,146,112,191,58,200,85,200,196,56,205,39,15,103,130,25,141,169,191,92,42	2,5,0.1655,0,89;0,5,0.4545,0,219;7,0,0.2335,0,95;7,3,0.9985,0,243;6,3,0.0425,0,200;7,0,0.5895,0,18
ood_compose_epi-02483	7	0	0	40,84,93,179,132,195,60,38,192,141,108,162,68,2,45,171,188,195,16,126,98,21,149,14,26,114,74,90,205,51,159,145,70,137,175,117	1,4,0.1965,0,84;1,4,0.0025,0,154;2,2,0.9085,1,27;1,2,0.5255,0,174;1,2,0.4845,0,252;5,2,0.2575,0,239
ood_compose_epi-02484	8	1	1	104,137,208,37,63,76,13,141,150,67,89,7,206,171,114,184,93,214,43,30,45,215,16,182,146,87,24,181,71,117,121,55,110,135,200,165	6,3,0.1725,3,7;5,3,0.7755,0,78;6,5,0.7515,2,161;3,5,0.3325,0,47;7,4,0.4105,0,158;0,5,0.2135,0,201
ood_compose_epi-02485	10	3	2	69,87,151,9,141,128,104,93,148,44,21,59,176,152,163,90,178,81,214,68,45,186,196,135,140,34,33,52,214,204,210,108,116,119,20,11	8,1,0.9365,0,139;8,0,0.9515,0,84;3,1,0.9515,0,30;8,5,0.5565,0,165;7,2,0.8615,2,239;7,5,0.8985,0,206
ood_compose_epi-02486	3	0	0	189,113,144,45,5,165,28,145,62,52,206,149,69,16,42,14,139,83,111,76,21,98,164,131,172,93,38,205,128,64,119,153,215,152,157,92	4,4,0.0465,0,157;3,4,0.5135,0,10;3,4,0.1115,0,247;3,1,0.8585,0,34;1,5,0.3445,2,9;7,1,0.7365,3,84
ood_compose_epi-02487	1	1	1	64,105,146,45,63,159,167,12,93,87,162,214,37,189,133,139,9,16,75,69,161,124,116,109,27,53,176,161,44,117,162,90,142,185,150,21	8,2,0.1775,0,176;2,3,0.9295,0,75;4,5,0.1765,0,192;2,5,0.5665,0,37;8,3,0.9025,0,163;3,3,0.6775,1,154
ood_compose_epi-02488	1	0	0	20,84,158,114,122,149,58,107,117,23,131,34,140,145,41,55,152,190,210,171,67,75,47,199,162,210,93,9,208,27,13,92,199,100,143,69	8,3,0.8425,2,250;2,0,0.2195,2,79;6,0,0.6775,0,158;2,2,0.9925,0,51;3,1,0.5125,0,132;1,1,0.8405,2,1
ood_compose_epi-02489	2	0	0	195,74,196,42,215,115,137,162,145,149,126,27,21,36,10,93,205,62,47,2,89,205,17,64,108,69,141,172,54,84,132,208,102,175,117,165	1,0,0.3755,0,72;2,2,0.5405,2,251;5,4,0.1575,0,213;1,2,0.2365,0,85;5,2,0.6705,0,41;5,2,0.2515,0,113
ood_compose_epi-02490	6	0	2	14,68,194,55,180,77,16,211,45,159,140,158,134,160,84,62,183,145,202,93,97,69,44,114,30,121,6,209,117,111,160,21,141,92,38,151	5,4,0.1785,0,57;5,4,0.8895,0,147;6,4,0.9285,0,25;4,2,0.9365,0,122;0,5,0.4995,0,93;0,4,0.8605,0,107
ood_compose_epi-02491	10	2	2	212,129,98,54,64,168,115,38,19,205,107,2,151,69,194,11,153,81,46,153,93,183,85,42,60,208,141,138,147,91,131,212,117,21,214,33	1,1,0.7955,0,123;8,4,0.5345,1,131;5,2,0.0485,0,19;8,3,0.7155,0,203;1,1,0.6345,0,142;8,1,0.5865,0,235
ood_compose_epi-02492	5	0	1	132,127,190,117,192,138,7,56,103,21,13,179,40,143,177,81,159,210,113,39,93,31,111,159,202,154,145,150,45,89,60,18,195,84,64,69	6,3,0.4115,0,96;6,5,0.0475,0,33;7,2,0.1745,0,94;8,2,0.2875,0,181;6,5,0.2285,0,245;6,2,0.5335,2,176
ood_compose_epi-02493	4	1	1	182,114,166,90,152,67,2,134,124,150,208,141,76,93,16,137,176,100,42,146,35,69,28,169,52,108,45,193,206,21,117,208,167,60,83,10	1,0,0.0605,0,126;3,1,0.4705,0,78;3,2,0.7705,0,36;3,1,0.5865,0,153;3,2,0.4055,0,178;3,4,0.2975,0,138
ood_compose_epi-02494	1	3	0	45,154,21,197,106,15,93,148,90,120,27,167,149,97,154,122,131,68,213,193,61,37,141,115,199,197,69,49,41,75,87,139,17,3,171,181	2,5,0.3005,0,11;2,3,0.2705,0,159;0,3,0.8145,0,254;2,5,0.5525,0,253;0,0,0.7035,3,140;1,1,0.7435,0,45
ood_compose_epi-02495	1	0	0	126,176,27,189,10,80,62,92,188,39,201,195,17,42,136,117,53,166,70,93,205,171,107,132,102,23,145,149,45,141,115,84,66,211,194,8	7,0,0.2365,2,252;2,5,0.5835,0,153;4,4,0.4165,1,67;7,2,0.8515,0,80;5,1,0.6315,0,117;5,2,0.0815,0,35
ood_compose_epi-02496	3	0	0	215,155,14,20,69,145,52,119,110,149,181,4,99,43,76,211,62,35,173,45,82,205,140,207,133,206,93,32,141,190,123,67,114,21,170,89	3,4,0.9315,0,37;7,1,0.7545,0,31;3,4,0.6835,0,219;3,0,0.3355,0,78;2,4,0.4335,2,251;2,3,0.8125,0,214
ood_compose_epi-02497	10	3	2	211,17,162,88,68,96,133,137,148,117,192,166,201,47,13,53,42,141,124,77,167,21,33,197,107,114,201,215,209,101,84,62,69,151,1,36	0,3,0.2725,0,245;8,2,0.5395,2,195;4,4,0.8775,0,114;4,2,0.0275,3,44;4,1,0.4155,0,134;3,3,0.2325,0,113
ood_compose_epi-02498	10	3	2	93,114,148,135,213,69,82,19,123,23,152,110,28,68,117,151,45,174,143,187,61,15,185,89,1,81,36,57,207,158,136,157,175,42,208,103	0,5,0.6485,2,227;3,2,0.5145,0,70;8,3,0.8015,0,43;8,0,0.3875,0,239;6,4,0.4395,0,121;2,5,0.1895,2,122
ood_compose_epi-02499	8	1	2	115,108,170,137,187,102,4,90,18,21,11,78,45,162,141,146,159,181,161,160,69,117,54,30,64,124,189,159,83,133,59,43,93,151,187,36	3,1,0.5715,0,160;5,2,0.6725,0,253;5,1,0.1155,0,207;5,1,0.4305,0,219;5,2,0.6875,0,100;3,3,0.2595,0,228
ood_compose_epi-02500	1	0	2	139,64,159,108,21,164,13,94,16,62,176,132,181,122,44,169,141,45,145,204,90,69,51,3,39,87,211,117,113,100,172,151,27,74,211,214	2,3,0.0665,0,182;2,5,0.9745,0,161;2,4,0.1165,0,189;1,5,0.4615,1,240;3,2,0.2705,0,63;1,2,0.7945,0,98
ood_compose_epi-02501	2	0	1	171,27,7,90,145,69,37,20,41,115,52,187,21,210,100,132,191,84,165,164,119,181,60,45,215,141,73,150,138,108,158,65,125,193,10,93	6,0,0.8845,0,63;2,3,0.2815,0,243;3,2,0.3715,0,147;0,2,0.5435,0,38;3,2,0.7855,2,82;4,2,0.4125,0,208
ood_compose_epi-02502	9	3	1	148,110,114,21,93,117,39,138,88,167,40,214,212,160,128,211,176,8,27,60,165,131,20,174,204,156,69,65,75,101,14,141,45,87,150,56	7,4,0.9305,0,32;2,5,0.1635,0,38;7,2,0.2185,0,122;2,5,0.1115,0,87;4,4,0.5795,0,74;7,1,0.4845,0,121
ood_compose_epi-02503	9	1	0	159,114,202,117,83,130,197,186,11,2,67,187,19,92,141,38,74,21,31,124,45,69,167,176,189,149,138,160,104,146,210,63,93,40,49,110	1,1,0.7315,0,223;6,4,0.1215,0,65;0,5,0.7795,0,122;1,1,0.9865,0,225;7,4,0.4175,0,119;3,0,0.4365,0,197
ood_compose_epi-02504	9	3	0	199,128,56,206,45,191,18,25,86,63,197,41,4,149,69,114,106,93,79,21,195,144,209,202,101,213,39,148,162,89,134,190,136,12,68,117	3,2,0.5255,0,161;0,5,0.3225,0,143;7,5,0.8675,0,166;6,4,0.2935,0,228;4,0,0.5685,0,155;7,4,0.0965,3,66
ood_compose_epi-02505	5	2	0	184,111,45,117,58,116,139,155,191,168,149,93,162,31,83,42,187,8,203,141,147,159,187,133,21,79,34,103,71,56,187,66,19,122,89,12	7,2,0.6765,0,61;6,0,0.4425,0,29;7,0,0.4585,2,65;6,1,0.2325,0,252;6,5,0.9685,0,118;1,3,0.6025,0,22
ood_compose_epi-02506	2	1	1	107,84,93,177,208,180,21,38,150,134,123,141,152,92,41,52,165,100,58,45,117,137,29,72,205,146,167,11,65,3,18,207,77,113,152,194	2,1,0.4165,0,119;4,4,0.2815,0,185;3,0,0.2515,3,109;4,2,0.9005,0,191;3,1,0.2145,0,93;2,4,0.3365,0,213
ood_compose_epi-02507	7	0	0	205,203,145,88,72,61,141,122,83,2,114,38,168,93,77,208,183,65,29,21,192,106,136,50,117,131,198,100,196,203,149,43,45,15,19,210	1,5,0.6115,0,130;4,4,0.7025,0,82;1,3,0.3475,3,205;4,1,0.0235,0,194;3,0,0.4135,0,134;1,1,0.0695,0,58
ood_compose_epi-02508	2	3	0	211,201,22,44,203,191,164,84,175,20,205,122,69,108,45,90,149,137,93,99,148,172,33,212,15,35,52,2,132,118,144,59,204,81,114,68	1,5,0.9415,1,217;8,1,0.8145,0,140;3,1,0.8405,0,225;8,2,0.4765,0,172;2,2,0.5195,1,177;1,2,0.3225,3,63
ood_compose_epi-02509	10	3	2	86,45,59,151,148,19,51,116,29,193,42,93,34,21,78,155,158,68,91,131,138,201,205,5,179,71,117,107,127,143,14,191,187,185,186,97	4,4,0.7095,0,124;4,0,0.5505,0,205;2,1,0.9185,2,105;5,4,0.7305,0,206;0,1,0.9595,0,112;6,1,0.5025,2,16
ood_compose_epi-02510	2	1	2	14,45,86,16,42,200,50,4,59,29,180,206,65,98,131,78,137,146,21,108,69,118,185,124,141,214,176,91,96,151,212,181,169,114,35,193	3,4,0.1085,0,252;4,1,0.5045,0,192;1,1,0.2125,0,199;5,4,0.6905,3,221;1,2,0.5875,1,188;3,1,0.3375,0,186
ood_compose_epi-02511	0	3	1	159,7,90,129,75,114,35,70,158,206,148,105,45,15,65,28,134,180,142,189,137,160,150,196,119,82,44,95,200,109,22,52,63,182,19,202	6,5,0.7135,1,83;3,1,0.9105,0,155;3,5,0.2665,1,195;2,0,0.4715,2,47;8,3,0.4425,2,197;8,4,0.3175,1,75
ood_compose_epi-02512	1	0	1	69,182,137,180,203,20,27,92,45,55,93,37,132,79,163,207,5,203,188,145,99,117,160,150,143,67,63,106,125,82,21,211,15,191,43,114	4,5,0.8275,0,219;2,3,0.6185,0,240;6,5,0.6905,0,149;6,0,0.9885,0,164;2,0,0.5165,0,144;4,2,0.2055,2,86
ood_compose_epi-02513	9	1	0	208,141,71,37,7,180,183,146,209,21,29,149,112,57,41,128,85,45,67,195,132,117,171,58,80,93,208,92,104,19,153,215,106,140,13,156	6,3,0.7395,0,152;4,3,0.3445,0,44;8,0,0.6435,2,100;7,3,0.9485,0,112;7,0,0.1315,0,145;7,2,0.8985,0,81
ood_compose_epi-02514	10	3	1	8,114,214,57,158,169,10,138,177,45,141,93,44,17,123,148,172,110,33,167,164,153,193,81,37,71,63,85,117,92,65,105,132,21,150,178	7,0,0.3285,0,7;8,3,0.9395,0,133;8,5,0.3205,2,111;8,3,0.9765,0,188;8,4,0.4165,0,122;2,2,0.4595,0,127
ood_compose_epi-02515	7	1	1	119,192,93,64,122,161,98,190,112,59,90,35,44,146,74,69,150,106,2,210,161,186,137,178,156,16,199,52,45,141,84,31,14,135,21,206	1,4,0.1835,0,1;6,1,0.8335,0,4;3,1,0.0675,0,47;1,2,0.4195,0,16;1,0,0.1475,2,154;1,5,0.3875,0,179
ood_compose_epi-02516	5	2	0	198,154,17,62,38,176,127,152,41,147,80,211,21,134,163,143,120,82,214,139,69,165,96,90,3,202,155,68,149,106,112,13,46,55,98,30	2,3,0.2825,0,190;5,4,0.2625,1,174;6,4,0.9355,0,106;7,0,0.4195,3,179;1,0,0.1895,3,251;6,4,0.6645,2,67
ood_compose_epi-02517	6	2	2	117,53,89,137,101,128,40,106,38,93,162,147,153,203,157,46,82,189,201,130,78,13,60,184,202,213,65,165,19,69,21,1,151,25,115,141	0,3,0.7685,0,103;0,4,0.0685,1,76;4,2,0.2545,0,32;5,0,0.2515,0,95;4,0,0.6245,0,70;7,0,0.3425,0,193
ood_compose_epi-02518	1	2	0	19,85,172,159,75,115,192,185,102,199,65,35,147,138,203,42,209,57,11,21,133,126,31,69,91,143,110,58,192,45,204,117,93,6,157,149	5,1,0.7225,0,235;6,1,0.5785,0,11;8,0,0.2875,0,155;2,3,0.6205,0,121;5,4,0.6025,0,18;5,3,0.4175,2,73
ood_compose_epi-02519	10	3	2	53,197,173,172,181,21,39,69,75,29,99,148,151,110,132,11,86,113,93,137,208,197,43,121,164,141,5,62,67,16,171,45,174,117,163,89	4,1,0.0795,0,65;4,5,0.6615,0,158;4,4,0.6325,0,98;2,4,0.3335,0,211;2,4,0.3765,0,8;0,2,0.3495,0,240
ood_compose_epi-02520	6	2	1	150,164,147,45,39,187,213,138,190,21,65,173,20,51,25,13,108,75,201,166,93,114,86,193,90,69,135,1,63,153,144,98,165,123,41,118	0,3,0.9925,0,22;0,5,0.3295,0,88;2,5,0.2685,0,213;2,4,0.4725,0,164;1,2,0.4365,1,248;2,5,0.5215,3,26
ood_compose_epi-02521	1	1	2	146,174,1,114,45,17,110,85,175,117,89,159,74,44,93,99,27,170,159,176,184,66,167,135,21,140,151,142,13,71,37,62,125,54,179,192	0,3,0.3025,0,125;2,3,0.9525,0,79;5,4,0.4675,2,108;1,3,0.3945,0,88;2,4,0.5285,0,249;4,5,0.8685,1,30
ood_compose_epi-02522	10	2	0	117,208,188,147,9,129,61,193,149,201,45,201,112,67,10,73,89,141,94,139,99,82,44,54,19,27,167,36,209,21,181,180,199,69,133,108	8,0,0.7945,0,27;2,2,0.9835,0,242;5,3,0.7005,0,157;0,0,0.2385,1,66;2,2,0.1575,0,190;8,3,0.6415,0,128
ood_compose_epi-02523	3	0	0	133,154,11,141,24,149,16,155,50,102,64,120,4,89,194,209,168,123,193,152,153,145,203,28,63,75,93,45,106,44,38,161,87,138,69,115	3,1,0.0285,3,49;3,4,0.9475,0,123;1,5,0.1895,0,146;2,5,0.3375,0,27;5,0,0.6415,3,23;2,3,0.5495,0,51
ood_compose_epi-02524	10	3	1	176,181,101,150,183,124,114,41,69,214,45,156,108,143,77,60,135,5,27,51,92,166,168,178,64,37,148,84,21,14,96,139,207,18,117,185	4,4,0.4635,0,97;2,3,0.2805,0,136;2,2,0.0925,0,71;4,2,0.8615,3,243;4,2,0.4385,0,238;3,5,0.7305,2,165
ood_compose_epi-02525	6	3	2	138,178,124,69,187,176,60,41,148,152,213,111,47,97,37,158,172,1,182,82,117,17,143,21,132,151,91,26,74,201,65,11,114,201,50,93	0,1,0.2335,0,0;1,3,0.2855,2,173;1,2,0.3255,0,2;1,0,0.6705,0,135;0,5,0.5415,0,133;3,2,0.4375,2,140
ood_compose_epi-02526	7	3	1	65,15,69,158,148,98,141,174,181,62,2,93,115,16,204,117,150,196,175,122,152,162,23,45,27,52,109,133,90,85,75,162,37,173,40,140	1,5,0.1425,2,82;2,3,0.1495,0,114;3,4,0.3255,0,142;2,3,0.5805,0,12;1,3,0.7015,0,20;1,3,0.8365,0,137
ood_compose_epi-02527	6	2	1	45,110,58,93,137,147,21,174,73,121,192,43,184,32,141,190,190,36,19,117,64,97,186,7,15,193,198,212,150,169,135,91,55,115,86,69	6,5,0.7985,0,206;7,2,0.7355,0,48;6,0,0.0855,0,0;0,4,0.7575,0,183;0,4,0.6075,0,126;0,5,0.3535,0,15
ood_compose_epi-02528	1	0	1	159,54,182,179,172,136,141,66,172,34,59,106,198,115,22,45,75,168,93,16,90,134,104,145,5,44,205,192,117,12,204,85,29,69,128,150	4,2,0.0515,1,129;4,0,0.8685,0,114;5,1,0.5515,0,162;2,3,0.5075,0,88;7,0,0.7595,0,143;7,4,0.1135,0,110
ood_compose_epi-02529	10	3	2	135,25,110,148,76,190,83,17,45,117,190,66,140,10,21,211,69,215,112,189,4,159,37,101,200,93,58,157,202,164,125,52,41,141,151,91	3,0,0.3075,0,73;0,3,0.2165,0,87;3,0,0.5915,0,59;3,1,0.7435,0,47;4,4,0.0855,0,197;4,5,0.8645,0,172
ood_compose_epi-02530	8	3	0	92,50,106,141,165,82,162,182,93,210,26,72,18,117,74,206,21,126,134,209,102,148,63,176,149,45,2,37,204,68,194,14,114,140,182,40	1,4,0.5555,0,59;1,3,0.0565,0,248;1,5,0.9295,3,93;1,0,0.9965,0,119;5,0,0.4845,0,238;5,4,0.9665,0,60
ood_compose_epi-02531	5	1	0	172,140,78,171,92,177,127,63,167,186,10,131,34,2,204,146,172,84,42,69,108,21,16,67,215,117,114,96,29,189,45,101,181,141,149,55	1,0,0.1365,0,203;4,0,0.5805,0,195;6,5,0.7545,0,211;5,2,0.9655,3,140;4,2,0.4015,0,59;6,1,0.9895,0,22
ood_compose_epi-02532	4	1	1	168,38,58,17,196,47,140,204,133,195,141,106,12,115,206,146,4,93,155,103,33,124,21,196,156,67,42,166,52,90,150,69,76,117,193,83	3,2,0.3415,0,56;8,4,0.4995,2,87;3,0,0.6635,0,65;3,1,0.5105,0,150;6,0,0.6575,0,153;3,3,0.9225,0,107
ood_compose_epi-02533	9	1	0	8,107,146,65,125,59,178,173,152,130,86,137,21,47,34,149,117,80,156,184,44,88,32,198,141,159,93,69,11,98,202,52,213,20,116,215	7,1,0.8695,0,10;7,0,0.8285,2,85;3,1,0.3995,0,248;7,4,0.0735,0,194;1,1,0.9895,0,252;4,0,0.2155,0,139
ood_compose_epi-02534	1	1	0	66,79,141,69,179,152,36,44,136,114,146,161,124,29,51,93,204,160,120,89,5,18,207,63,157,130,159,173,149,162,106,21,105,45,12,87	4,2,0.5775,0,20;4,2,0.8235,0,130;2,5,0.5325,0,124;6,5,0.3615,0,59;8,0,0.4955,3,66;3,0,0.0885,0,133
ood_compose_epi-02535	3	0	0	212,69,139,126,166,27,161,45,62,14,20,84,37,65,141,42,4,76,51,21,149,93,215,180,98,198,215,132,196,160,92,203,145,119,107,115	3,4,0.8495,0,63;2,3,0.5345,0,219;2,4,0.2705,0,170;3,2,0.9815,0,107;1,1,0.7585,2,50;5,2,0.6025,0,215
ood_compose_epi-02536	10	0	0	105,137,168,37,149,176,4,193,145,69,13,58,114,182,81,128,143,132,64,162,95,205,84,23,172,16,188,120,106,50,33,45,89,209,160,41	3,3,0.1695,2,14;8,3,0.3025,0,204;1,0,0.1795,0,9;8,2,0.2535,2,118;8,0,0.4035,3,201;7,2,0.3085,2,65
ood_compose_epi-02537	8	1	0	72,190,78,200,186,152,156,91,130,192,109,30,93,21,141,62,164,98,14,116,126,182,138,87,184,44,8,117,38,149,20,155,56,146,64,45	7,4,0.8915,0,60;5,4,0.9455,0,91;7,4,0.0995,3,245;5,5,0.7595,0,64;1,3,0.8885,0,151;5,0,0.4745,0,188
ood_compose_epi-02538	10	3	1	103,141,69,16,166,9,15,38,150,118,139,130,21,152,160,189,167,197,82,78,159,108,43,65,148,49,114,89,93,159,124,45,167,33,188,58	8,5,0.1305,0,207;8,4,0.7845,0,47;0,0,0.2955,0,67;5,0,0.2235,0,94;6,2,0.5865,1,50;3,0,0.7375,0,247
ood_compose_epi-02539	6	3	1	166,179,171,66,141,117,114,150,62,206,137,185,132,157,107,76,199,34,82,88,45,57,25,15,207,148,98,174,1,93,69,17,187,43,21,121	0,5,0.3215,0,242;0,0,0.6435,0,7;8,4,0.4475,0,19;3,0,0.1235,0,250;1,1,0.4495,0,208;0,2,0.2665,0,205
ood_compose_epi-02540	2	0	0	44,214,141,30,102,21,157,203,122,139,17,118,82,192,133,9,35,93,107,78,213,49,179,171,58,149,145,68,10,45,214,112,208,198,69,91	8,0,0.2195,0,49;5,1,0.8525,0,60;0,0,0.9515,0,227;5,0,0.7825,0,26;5,1,0.1135,1,20;1,3,0.7965,0,227
ood_compose_epi-02541	7	0	2	206,12,16,137,21,28,131,86,58,213,96,110,117,116,151,198,176,90,75,3,50,141,145,45,98,196,192,35,175,69,68,41,153,123,201,162	2,2,0.1155,0,43;3,1,0.2105,0,36;1,0,0.9035,0,220;2,4,0.5235,3,247;1,4,0.8715,0,96;2,1,0.3975,0,1
ood_compose_epi-02542	7	1	1	211,30,150,184,130,183,146,141,93,62,156,75,50,98,38,65,178,165,117,123,111,41,187,194,12,85,201,136,20,9,170,69,91,46,21,116	8,2,0.9625,0,93;5,4,0.3445,1,246;1,4,0.3865,0,37;2,3,0.7895,0,131;1,5,0.8935,0,95;2,0,0.0275,0,147
ood_compose_epi-02543	9	3	0	21,16,81,173,69,165,208,85,96,12,181,117,108,28,180,132,62,48,90,215,139,1,144,176,56,104,148,43,149,126,37,186,64,208,115,207	0,2,0.0445,0,81;3,3,0.6905,3,140;7,4,0.0795,0,55;8,3,0.4965,3,191;7,2,0.7605,0,119;5,2,0.6055,3,101
ood_compose_epi-02544	4	1	2	52,89,21,69,66,48,205,28,168,40,156,138,164,114,160,194,18,83,73,106,141,209,39,118,4,146,151,133,59,207,14,123,198,93,100,161	3,4,0.4055,0,249;3,5,0.1625,3,128;3,1,0.4325,0,40;0,1,0.2855,0,54;3,0,0.4235,1,198;2,3,0.5065,0,60
ood_compose_epi-02545	5	2	0	114,141,17,87,46,131,188,119,159,201,21,203,179,61,51,66,195,153,149,195,140,7,40,15,38,104,69,127,147,169,162,106,79,89,27,93	6,5,0.2165,0,232;2,4,0.1795,1,65;2,3,0.4805,0,203;6,5,0.2175,0,3;7,0,0.4235,2,97;6,1,0.8505,0,86
ood_compose_epi-02546	10	3	2	21,122,137,154,130,44,37,166,148,77,178,45,109,67,100,165,196,118,141,11,168,186,29,151,69,51,5,89,86,114,208,93,177,18,201,63	4,1,0.4475,0,26;4,3,0.9215,0,114;2,5,0.6795,0,213;4,4,0.2585,0,142;3,3,0.5765,1,203;1,0,0.2335,0,22
ood_compose_epi-02547	4	1	2	37,6,100,54,64,89,187,141,117,137,165,146,210,191,194,48,76,93,209,133,151,107,70,199,126,83,41,160,15,16,58,185,114,21,198,27	5,5,0.0745,0,218;2,3,0.3755,3,171;5,0,0.0515,1,40;3,1,0.3485,0,102;3,1,0.5625,0,56;5,3,0.3945,0,25
ood_compose_epi-02548	4	1	2	187,137,58,151,87,146,93,169,126,89,196,37,130,20,4,100,163,211,68,45,72,117,197,169,115,163,175,141,13,156,73,27,108,49,21,43	3,3,0.8215,0,195;2,3,0.6885,0,84;0,0,0.8285,3,217;0,5,0.2655,0,143;3,2,0.7085,0,54;5,0,0.2375,0,51
ood_compose_epi-02549	7	1	1	34,69,127,98,201,74,152,158,40,93,23,134,32,160,192,192,50,117,13,45,60,112,198,141,2,91,204,18,164,68,111,146,87,139,150,204	1,3,0.5105,2,53;7,0,0.1495,0,138;1,2,0.8815,0,211;1,5,0.6665,0,37;1,5,0.0515,0,27;6,4,0.7545,0,228
ood_compose_epi-02550	1	3	1	162,21,161,93,194,148,18,27,89,51,150,210,159,103,12,123,165,137,188,205,109,3,143,75,177,157,45,63,37,113,41,86,132,69,117,67	2,2,0.4185,0,147;2,3,0.2635,0,239;2,5,0.7545,0,84;2,4,0.3635,0,79;6,3,0.3575,0,218;2,2,0.3835,2,165
ood_compose_epi-02551	7	2	1	132,41,45,141,17,115,172,169,185,7,13,65,209,147,119,90,93,198,156,186,108,150,121,37,61,138,74,51,69,195,82,98,26,160,211,21	6,3,0.2045,0,69;1,3,0.2505,0,243;2,3,0.2305,0,90;1,0,0.4705,0,209;1,2,0.7905,2,31;0,2,0.4735,0,225
ood_compose_epi-02552	1	2	1	27,177,93,69,62,73,213,183,170,12,137,105,150,189,123,39,142,21,134,183,117,3,109,192,176,64,46,190,84,44,147,214,113,51,20,89	2,2,0.8895,0,27;2,5,0.8985,1,45;2,4,0.0035,0,28;0,2,0.2965,0,188;8,3,0.2845,0,8;2,4,0.3955,1,135
ood_compose_epi-02553	1	0	0	201,199,39,132,14,19,58,2,177,113,23,195,149,27,180,53,145,92,66,86,179,141,43,69,45,120,107,93,98,186,138,75,122,208,169,160	1,4,0.7075,2,150;2,5,0.7855,0,1;4,0,0.4385,0,207;2,4,0.8435,0,68;1,1,0.3535,3,134;1,2,0.5045,0,52
ood_compose_epi-02554	4	1	0	190,76,166,45,136,4,52,149,124,146,34,172,173,116,106,181,94,202,88,213,19,13,135,141,44,87,117,69,62,185,21,102,160,28,152,65	3,3,0.6315,0,240;3,0,0.8115,0,243;3,4,0.2595,0,19;3,5,0.1345,1,89;5,0,0.8215,0,86;3,5,0.0935,0,84
ood_compose_epi-02555	1	1	0	109,83,134,81,198,31,36,117,149,167,93,146,69,189,154,188,7,201,45,204,114,59,138,21,189,55,18,14,195,201,91,141,66,124,40,99	6,4,0.4745,0,147;6,2,0.0925,0,173;6,1,0.4385,0,97;8,1,0.6605,0,200;2,3,0.4435,0,114;3,4,0.5395,0,22
ood_compose_epi-02556	1	0	2	178,13,87,93,172,22,142,91,61,75,194,209,151,98,17,212,114,69,123,65,182,120,206,45,43,200,136,2,39,203,110,132,57,27,145,206	1,3,0.3285,1,166;2,5,0.7525,0,179;8,3,0.2475,0,2;2,5,0.6345,0,49;1,4,0.4205,3,7;2,2,0.1035,1,90
ood_compose_epi-02557	1	1	1	200,38,93,33,18,215,12,186,203,131,41,3,126,90,109,85,69,55,172,45,193,117,21,187,146,99,178,140,59,154,162,75,114,68,150,141	2,2,0.4515,0,77;8,4,0.2305,0,214;6,1,0.9835,0,198;2,3,0.4315,0,89;2,3,0.4285,0,141;5,1,0.9775,0,144
ood_compose_epi-02558	4	1	1	122,105,39,138,141,45,164,7,111,76,42,150,117,146,157,83,160,155,190,134,93,21,91,27,116,187,11,162,72,50,160,16,154,67,170,62	6,1,0.1335,0,239;2,5,0.5775,0,146;1,4,0.6055,3,236;3,1,0.7345,0,41;8,5,0.8295,0,250;1,4,0.4845,0,233
ood_compose_epi-02559	8	2	0	156,54,15,88,149,168,132,34,139,189,45,108,180,69,79,126,115,59,210,96,6,117,30,64,21,86,187,40,177,147,18,170,185,144,98,182	5,5,0.4445,0,180;5,0,0.0105,0,135;5,1,0.0815,0,114;6,4,0.1785,3,177;1,2,0.7245,0,29;5,2,0.7375,3,31
ood_compose_epi-02560	1	2	2	17,123,184,140,207,152,89,40,75,85,178,141,62,147,45,213,99,27,151,215,69,68,172,115,165,39,117,21,93,3,51,130,14,207,152,109	2,4,0.2605,0,116;2,5,0.1815,0,44;2,4,0.8845,0,112;2,3,0.2115,0,9;2,3,0.6625,0,65;2,0,0.9775,0,190
ood_compose_epi-02561	2	0	1	156,83,47,117,115,175,157,100,199,150,184,132,185,139,90,36,21,208,4,58,68,144,17,27,186,121,108,145,171,41,69,51,79,175,94,11	3,1,0.3435,0,38;2,2,0.3755,2,121;2,0,0.8025,0,209;6,1,0.5855,1,1;3,2,0.7565,0,179;0,2,0.6915,3,234
ood_compose_epi-02562	4	1	0	10,203,21,93,158,133,196,193,90,124,163,63,66,213,155,46,27,9,98,146,52,169,180,42,209,39,113,106,75,149,117,16,141,69,137,85	8,0,0.1415,0,6;2,5,0.5855,1,73;3,5,0.4215,0,7;2,3,0.4315,0,181;1,0,0.3445,0,255;3,3,0.2815,0,43
ood_compose_epi-02563	10	0	1	106,141,45,206,77,157,115,166,68,101,17,210,53,91,136,93,69,150,14,210,181,129,7,145,87,36,43,117,63,165,134,187,26,24,178,153	6,4,0.2585,3,236;1,2,0.6295,0,1;4,5,0.9145,0,81;4,5,0.6855,0,211;4,0,0.7705,0,20;8,4,0.0785,0,170
ood_compose_epi-02564	10	2	1	45,125,190,167,147,134,113,88,67,24,82,32,153,72,162,9,61,117,109,161,141,77,176,10,40,95,150,35,208,139,56,213,165,104,18,172	8,0,0.4025,3,29;7,1,0.0295,0,185;7,3,0.7545,3,41;4,0,0.0505,2,207;7,3,0.3035,0,172;4,4,0.7265,0,10
ood_compose_epi-02565	7	2	2	189,181,193,137,151,213,21,78,98,91,44,1,169,65,84,18,69,135,33,122,152,39,164,107,46,15,50,154,141,147,200,120,62,153,115,96	0,5,0.5215,0,37;8,5,0.9145,1,90;1,4,0.3765,0,27;5,2,0.7365,3,132;1,1,0.6795,3,80;1,5,0.2575,0,88
ood_compose_epi-02566	9	0	0	200,20,105,175,149,192,152,138,128,13,207,117,82,41,2,45,183,65,92,109,58,29,206,49,75,192,212,141,145,69,21,202,133,115,96,39	1,3,0.9235,0,232;4,5,0.2555,0,21;0,0,0.2665,0,213;2,0,0.9075,3,42;8,3,0.6435,0,4;7,3,0.5295,0,153
ood_compose_epi-02567	9	2	2	210,80,154,110,191,40,37,132,151,99,141,32,128,139,16,11,162,147,208,51,7,177,21,190,155,63,117,161,93,115,45,197,84,65,70,89	6,1,0.1005,0,244;7,3,0.1835,0,226;2,5,0.3405,1,243;7,2,0.3535,0,255;2,4,0.7775,0,51;7,2,0.7555,0,9
ood_compose_epi-02568	0	3	2	3,44,45,117,19,208,60,151,76,27,69,161,162,169,210,99,93,198,123,22,11,202,202,67,39,106,134,87,215,138,56,148,92,112,161,141	2,1,0.6845,1,25;2,5,0.9915,0,63;7,2,0.7365,0,153;3,5,0.8715,0,181;2,0,0.0685,0,222;2,4,0.4965,0,71
ood_compose_epi-02569	3	0	2	141,151,42,51,91,75,117,93,13,114,171,16,170,22,162,45,39,181,64,109,209,7,124,163,69,145,82,137,198,130,105,179,28,208,61,215	6,3,0.0615,1,76;3,5,0.5945,0,171;2,3,0.0235,0,5;2,0,0.7515,0,40;8,3,0.5665,0,115;3,0,0.3505,0,77
ood_compose_epi-02570	10	3	1	202,101,202,107,154,21,150,203,87,46,118,134,13,141,77,69,167,8,90,56,17,41,112,38,169,61,165,148,198,157,185,68,125,140,32,93	7,3,0.2115,0,45;7,4,0.3105,1,227;7,3,0.9815,0,76;4,5,0.4105,0,88;4,1,0.0465,1,34;4,4,0.8075,0,85
ood_compose_epi-02571	9	0	0	15,211,80,56,192,145,8,162,139,117,116,172,185,93,32,111,84,89,165,40,20,67,198,45,160,149,173,127,69,60,23,141,134,101,188,37	7,5,0.8375,2,255;7,3,0.1045,0,49;7,2,0.6815,0,204;7,2,0.2595,0,162;4,5,0.9785,0,161;6,4,0.7485,0,132
ood_compose_epi-02572	1	3	0	59,75,18,141,148,108,117,196,193,69,32,149,115,98,42,123,183,51,21,203,134,37,137,45,210,68,175,87,90,203,207,3,166,93,215,12	2,2,0.5785,0,196;7,3,0.5265,0,108;2,1,0.9555,0,0;2,5,0.4255,0,219;1,2,0.6465,0,35;2,4,0.2625,0,96
ood_compose_epi-02573	3	0	0	84,200,31,154,45,43,130,66,34,125,91,161,206,149,112,21,98,17,141,62,145,110,156,193,76,117,4,211,69,176,53,14,93,184,205,137	3,4,0.2915,0,111;6,0,0.7405,0,224;4,4,0.4295,0,221;3,2,0.6025,0,155;1,4,0.0135,0,118;4,0,0.3505,0,121
ood_compose_epi-02574	1	1	1	78,214,91,57,45,178,34,168,66,146,133,141,18,150,139,27,117,15,61,116,173,93,103,152,21,162,123,183,179,8,215,69,42,176,107,84	7,5,0.4495,0,166;2,0,0.4165,0,36;8,3,0.5685,0,245;5,2,0.7105,0,35;6,1,0.8835,0,104;2,3,0.6095,0,191
ood_compose_epi-02575	8	1	0	115,146,45,65,117,93,61,159,110,30,105,35,149,210,69,177,137,123,215,155,159,6,86,44,21,92,78,203,51,14,170,132,20,159,194,141	5,4,0.8625,0,205;5,1,0.8595,0,57;2,3,0.3685,0,95;5,4,0.9975,0,23;8,4,0.6315,0,102;2,2,0.2385,0,251
ood_compose_epi-02576	1	2	0	127,117,162,17,209,24,82,64,7,41,138,159,114,189,37,210,88,177,60,12,99,149,158,213,130,93,108,141,45,189,147,55,210,79,69,27	6,2,0.3535,3,135;2,3,0.2585,0,155;6,2,0.0925,0,140;6,0,0.1335,0,228;2,2,0.4875,0,150;6,0,0.5685,0,136
ood_compose_epi-02577	10	1	2	137,121,141,38,9,11,120,151,210,201,85,201,103,213,106,41,183,57,27,73,45,92,175,146,153,116,96,170,68,159,20,69,61,130,181,21	8,1,0.8395,0,185;2,4,0.2045,0,5;8,3,0.9495,0,150;0,3,0.9325,3,126;6,0,0.9655,3,139;0,0,0.2815,0,2
ood_compose_epi-02578	2	1	2	64,141,174,63,97,52,69,134,151,35,153,174,172,203,136,13,45,28,42,191,90,185,124,23,20,1,106,84,205,93,112,117,165,146,73,198	0,3,0.8945,2,228;3,1,0.4445,0,199;3,5,0.1995,0,159;0,2,0.4845,0,64;0,0,0.0545,0,7;3,4,0.0585,0,41
ood_compose_epi-02579	10	1	2	138,61,86,174,45,36,182,65,143,6,123,90,71,27,15,117,131,17,57,42,151,178,162,152,93,204,115,101,185,21,79,194,170,110,160,146	5,5,0.2215,0,178;2,2,0.4065,0,181;8,3,0.2815,2,252;6,4,0.4435,0,170;4,4,0.6045,0,161;2,1,0.4305,2,90
ood_compose_epi-02580	4	1	0	115,75,91,3,86,136,149,93,11,190,208,132,172,37,172,146,21,17,209,69,160,165,177,117,152,107,159,100,45,57,62,128,142,42,67,28	2,1,0.3355,0,57;3,3,0.4215,0,10;8,4,0.7775,0,141;2,4,0.6875,0,79;3,1,0.6425,0,102;7,2,0.0615,1,44
ood_compose_epi-02581	1	3	0	47,7,135,51,76,99,210,43,60,69,106,182,21,148,12,139,127,95,168,68,174,112,163,170,141,157,18,117,192,25,203,91,39,83,149,162	6,2,0.5795,0,181;0,5,0.6225,2,65;2,2,0.9185,0,94;3,1,0.6815,2,1;2,0,0.0495,0,14;6,5,0.6055,0,25
ood_compose_epi-02582	0	3	2	41,117,98,108,159,13,124,175,28,210,140,148,155,89,16,67,176,69,199,63,141,75,112,45,21,199,3,133,93,85,52,151,163,157,39,169	2,3,0.0885,0,88;3,5,0.2875,0,112;3,5,0.7095,0,78;2,3,0.2415,0,150;1,2,0.0615,0,46;3,3,0.8445,0,114
ood_compose_epi-02583	1	1	2	82,132,117,141,23,67,42,212,123,111,187,157,209,151,18,74,5,167,60,39,207,69,97,51,115,207,203,140,26,173,146,47,204,92,93,10	4,0,0.4525,2,62;1,5,0.5375,2,226;2,2,0.6715,0,21;1,0,0.9645,0,80;0,5,0.7925,0,0;2,2,0.9555,0,170
ood_compose_epi-02584	8	2	1	206,93,54,192,159,196,69,188,102,188,147,85,157,136,115,30,143,177,117,127,46,35,130,21,88,43,58,212,17,78,10,150,108,174,64,6	5,0,0.2065,0,207;5,1,0.6105,1,68;5,0,0.1655,0,48;5,3,0.0185,0,129;5,2,0.7745,0,31;6,0,0.0265,2,20
ood_compose_epi-02585	2	2	2	90,186,183,207,170,19,45,74,32,151,147,143,126,12,68,192,187,70,83,133,60,199,23,3,176,55,99,156,43,108,117,138,93,114,36,185	2,2,0.7795,2,84;7,2,0.7255,0,245;6,2,0.9065,1,252;1,1,0.5005,0,161;2,2,0.5705,0,102;5,3,0.4165,2,243
ood_compose_epi-02586	6	0	0	69,172,193,80,59,131,25,18,116,137,93,190,97,43,21,39,178,145,215,162,90,164,125,45,141,52,14,86,117,171,4,200,149,68,195,107	3,4,0.4365,0,236;0,5,0.6385,0,167;3,1,0.8075,0,95;7,4,0.5915,0,106;0,1,0.8905,0,211;4,1,0.3475,0,255
ood_compose_epi-02587	10	0	1	190,106,179,150,89,185,21,61,127,27,35,14,133,78,177,154,141,119,67,87,213,153,45,69,41,145,193,116,208,137,156,16,96,57,3,99	2,4,0.1215,0,82;2,1,0.2175,0,129;8,3,0.7905,0,177;5,5,0.2815,3,151;2,0,0.8025,2,230;6,3,0.3525,0,124
ood_compose_epi-02588	2	1	0	117,126,114,34,188,45,82,141,53,214,20,69,149,197,195,107,184,66,191,10,93,42,159,101,30,91,138,175,146,58,130,177,4,21,180,78	3,0,0.9215,0,21;5,0,0.5265,0,95;4,0,0.5545,0,176;5,0,0.7525,0,148;4,1,0.5445,0,37;5,0,0.4245,0,204
ood_compose_epi-02589	7	3	1	185,19,171,114,60,173,107,98,21,150,139,10,43,45,205,126,194,37,67,87,135,93,205,185,79,2,204,50,141,208,91,71,117,148,26,188	1,0,0.7515,0,90;1,3,0.7685,0,157;1,2,0.7875,2,139;6,5,0.6535,0,203;1,1,0.5675,0,30;5,5,0.7815,0,149
ood_compose_epi-02590	7	1	2	174,74,204,161,153,91,20,203,115,141,93,21,160,158,146,121,41,140,58,3,134,84,27,108,198,119,67,197,155,45,11,151,35,72,102,56	2,1,0.9295,0,119;2,1,0.2745,0,181;7,0,0.7325,3,144;1,2,0.6215,0,154;5,2,0.6715,2,95;0,4,0.9435,0,154
ood_compose_epi-02591	2	1	1	83,68,143,78,69,93,115,19,28,201,182,150,208,140,56,58,199,100,165,45,42,89,130,108,189,126,181,15,117,146,202,201,6,209,35,22	5,5,0.7325,1,148;3,1,0.4045,0,248;7,0,0.9585,0,149;5,1,0.2915,0,81;3,2,0.6475,0,211;5,0,0.8035,2,152
ood_compose_epi-02592	1	1	1	17,72,162,27,139,13,146,60,113,78,164,133,192,171,84,127,3,53,117,38,45,156,94,206,92,165,23,186,141,41,99,150,184,109,167,65	2,3,0.2235,2,206;2,4,0.3335,0,217;4,2,0.3675,3,47;5,2,0.8705,1,53;2,3,0.3475,0,72;6,3,0.6615,0,34
ood_compose_epi-02593	7	2	0	187,93,149,39,117,165,50,143,127,26,147,99,212,109,215,152,17,84,140,158,45,157,74,213,24,58,198,115,68,205,42,2,130,90,12,69	1,2,0.3915,3,231;1,5,0.5005,0,8;1,0,0.9015,0,119;1,2,0.5455,0,11;2,3,0.7305,0,209;6,0,0.8145,2,205
ood_compose_epi-02594	5	1	0	50,82,156,164,108,6,198,43,90,21,79,146,45,167,13,16,93,31,113,131,157,69,129,190,64,60,149,141,117,167,195,164,39,169,139,100	5,3,0.1175,0,164;6,5,0.6065,0,160;1,2,0.0725,0,251;6,0,0.5575,0,186;3,2,0.2025,0,103;8,1,0.6995,0,246
ood_compose_epi-02595	1	1	0	69,141,159,21,93,149,12,191,117,146,127,37,131,6,169,165,51,103,111,82,205,65,171,40,91,213,63,177,113,183,30,45,17,137,186,81	5,2,0.2415,0,160;5,3,0.0125,0,151;2,5,0.3825,0,141;8,0,0.6825,0,91;6,5,0.3705,0,65;6,1,0.2265,0,162
ood_compose_epi-02596	6	3	2	52,207,183,25,6,67,174,45,110,69,17,177,151,157,82,93,43,141,90,99,148,130,124,73,15,153,117,113,39,21,178,138,61,173,189,152	5,5,0.3265,0,53;0,5,0.6295,0,99;3,3,0.6085,0,123;0,0,0.4255,0,66;2,4,0.3165,0,95;3,0,0.4645,0,241
ood_compose_epi-02597	2	1	0	83,100,52,139,19,161,155,27,93,6,21,45,207,67,200,106,132,124,159,146,35,112,119,183,206,76,63,201,70,141,168,149,89,44,13,158	5,3,0.6555,0,184;2,1,0.9425,0,7;3,5,0.7745,1,216;3,1,0.3565,0,32;3,0,0.0255,2,155;3,2,0.7705,0,77
ood_compose_epi-02598	9	0	0	116,149,56,196,69,94,81,160,92,166,166,145,178,199,32,134,42,183,117,17,103,65,87,165,122,21,136,60,15,171,141,34,45,107,5,184	4,5,0.3185,0,189;7,0,0.5805,0,5;7,2,0.3955,0,168;8,5,0.8785,1,245;6,1,0.9435,0,114;1,4,0.0745,0,36
ood_compose_epi-02599	10	2	0	141,139,29,180,183,66,86,147,164,11,92,177,93,110,188,199,112,102,149,53,5,210,164,158,34,155,117,69,41,77,125,60,16,21,45,131	4,1,0.0755,0,13;4,0,0.3965,0,245;4,2,0.5975,0,189;4,4,0.8235,0,180;5,4,0.0435,0,37;4,1,0.6485,0,38
ood_compose_epi-02600	3	0	0	111,16,170,140,79,51,86,149,198,145,132,162,35,215,3,10,209,179,117,21,64,141,69,93,123,60,199,100,165,28,175,42,171,92,116,45	2,0,0.1115,0,224;3,1,0.4405,0,201;2,2,0.1835,0,251;6,4,0.8265,0,115;3,5,0.8445,0,169;2,2,0.8965,0,59
ood_compose_epi-02601	10	3	1	207,39,150,100,110,141,135,5,138,65,84,175,196,12,197,93,177,70,148,77,20,120,113,58,207,187,31,53,21,45,178,90,188,41,126,197	4,2,0.8185,0,173;6,5,0.2075,0,23;4,0,0.3605,1,215;4,2,0.4925,0,0;3,4,0.2085,3,183;5,5,0.5475,0,228
ood_compose_epi-02602	1	0	0	162,163,10,114,119,90,16,171,6,86,133,208,167,123,45,39,51,145,65,40,191,103,202,211,79,176,140,108,93,61,206,141,21,71,149,27	5,0,0.0825,0,115;2,5,0.1915,0,108;2,3,0.2755,2,174;6,4,0.4985,0,55;6,2,0.5445,2,198;2,3,0.8795,0,233
ood_compose_epi-02603	10	1	0	45,33,44,101,17,91,62,215,116,65,137,127,196,95,212,188,178,24,180,83,69,3,75,56,133,107,37,146,164,15,117,199,198,181,149,142	2,5,0.2955,3,139;8,3,0.9375,0,117;7,4,0.2015,0,42;2,1,0.6785,2,215;4,1,0.8225,0,102;6,3,0.3025,1,29
ood_compose_epi-02604	1	0	0	22,111,195,117,71,192,4,50,207,75,103,149,141,145,19,65,184,139,163,211,59,154,28,45,91,130,124,44,179,116,87,15,38,169,169,93	3,5,0.7745,1,159;3,4,0.9805,0,134;1,1,0.3845,2,95;2,5,0.6655,0,217;6,5,0.9145,0,47;3,0,0.7115,0,29
ood_compose_epi-02605	1	0	0	86,88,69,17,127,45,117,152,3,190,49,31,149,172,215,34,63,182,21,161,98,166,145,93,15,41,169,141,215,79,65,109,137,174,132,114	2,5,0.2775,0,238;6,0,0.3325,0,206;0,5,0.3335,0,83;6,4,0.0345,0,220;1,3,0.5385,0,82;6,2,0.3215,0,119
ood_compose_epi-02606	8	0	1	21,61,93,27,140,107,182,45,100,150,80,91,6,86,126,160,195,68,205,145,71,117,15,19,38,43,191,203,203,56,141,162,134,113,182,185	5,5,0.6825,0,80;2,4,0.6295,0,114;7,3,0.8765,2,126;7,4,0.6865,0,114;3,1,0.2425,0,186;5,4,0.8115,0,203
ood_compose_epi-02607	6	3	2	45,38,21,49,75,173,185,109,176,85,100,191,131,151,200,148,161,141,190,66,214,59,19,69,93,31,13,192,116,91,1,176,118,136,41,127	0,3,0.6775,0,122;6,4,0.2955,0,107;0,1,0.5285,0,35;2,3,0.6615,0,61;3,3,0.8275,1,91;6,1,0.0865,0,134
ood_compose_epi-02608	10	2	2	161,115,132,72,141,93,147,2,21,111,138,158,179,56,117,166,189,68,39,41,157,30,87,99,59,91,45,20,189,176,151,81,184,188,129,12	1,2,0.9205,0,217;5,5,0.2445,0,206;7,1,0.8555,3,20;8,5,0.6475,0,169;2,5,0.7655,0,71;8,2,0.5315,0,92
ood_compose_epi-02609	9	3	2	33,125,139,65,92,181,151,58,21,154,178,93,132,148,104,117,15,57,201,210,201,205,8,20,40,45,35,84,141,188,175,114,199,80,69,111	7,5,0.9385,0,123;8,1,0.0355,0,132;8,0,0.3335,0,190;7,2,0.8005,0,146;7,5,0.5945,0,54;4,2,0.7705,0,169
ood_compose_epi-02610	10	1	2	3,26,88,170,168,107,154,82,187,161,63,177,214,115,152,69,151,188,53,141,37,105,43,13,45,186,76,21,93,136,65,18,132,117,128,146	2,3,0.5845,0,230;1,3,0.7205,0,215;4,5,0.3755,0,86;3,0,0.0915,0,24;8,1,0.7485,0,19;7,2,0.1005,0,174
ood_compose_epi-02611	5	2	0	104,72,32,91,119,190,139,170,51,141,134,147,59,113,14,18,169,67,87,182,38,42,207,185,126,207,107,79,93,149,179,159,8,23,48,183	7,4,0.4555,2,200;7,4,0.5845,3,130;2,1,0.7795,3,228;6,5,0.6715,0,38;7,1,0.2875,2,250;5,4,0.7485,0,143
ood_compose_epi-02612	1	2	1	69,139,113,170,131,40,101,208,45,150,85,163,51,123,194,147,182,176,61,188,14,79,141,7,171,167,95,88,119,20,173,26,65,110,37,22	6,4,0.8165,1,42;1,3,0.1095,0,216;2,3,0.3315,0,38;6,3,0.1205,2,133;4,4,0.3185,2,147;2,1,0.6565,0,58
ood_compose_epi-02613	1	0	0	20,117,185,60,41,175,194,149,33,137,145,86,194,131,206,66,78,39,110,100,69,157,45,211,143,124,178,113,13,91,21,56,93,182,3,198	2,3,0.9295,0,42;8,5,0.2265,0,114;7,2,0.4435,0,85;5,4,0.6425,0,169;3,4,0.2665,0,38;3,1,0.3645,2,93
ood_compose_epi-02614	9	2	0	21,104,128,134,93,30,20,117,62,141,202,160,67,149,214,114,215,169,69,73,12,211,44,51,177,175,108,86,140,45,8,147,34,91,178,175	7,2,0.9595,0,209;5,0,0.9895,0,39;2,4,0.6645,0,138;0,4,0.7975,0,107;7,2,0.4125,0,102;7,4,0.9875,0,11
ood_compose_epi-02615	10	0	2	102,194,45,81,138,114,153,31,128,10,17,191,92,157,151,37,64,143,93,164,165,145,131,69,174,86,21,54,111,40,61,192,157,117,6,191	5,0,0.2155,0,144;6,3,0.1725,0,60;5,3,0.0445,0,132;8,4,0.8705,0,122;5,5,0.4535,0,80;7,1,0.4745,2,142
ood_compose_epi-02616	6	3	1	109,141,180,201,140,175,148,73,25,123,21,44,68,194,1,211,118,187,16,189,87,153,116,211,69,97,130,51,192,93,59,10,39,92,45,150	0,0,0.1605,0,120;0,5,0.9665,0,47;2,1,0.8675,0,144;0,5,0.8045,0,202;0,3,0.8785,1,67;2,0,0.8155,0,205
ood_compose_epi-02617	9	2	0	69,141,42,166,188,88,137,117,122,157,10,189,131,85,93,17,50,108,166,35,112,104,74,147,8,207,181,60,149,32,21,45,174,176,67,204	7,0,0.2655,0,244;7,1,0.4905,0,209;1,2,0.7135,0,159;1,3,0.1095,0,192;7,2,0.0635,0,169;1,1,0.3125,0,172
ood_compose_epi-02618	1	1	2	22,140,41,67,12,180,55,117,93,45,34,131,16,212,178,91,61,151,161,31,103,111,199,113,146,4,72,127,141,85,205,75,189,214,210,156	3,2,0.1755,1,186;6,0,0.3555,0,89;6,3,0.6965,3,115;2,3,0.6015,0,211;6,5,0.2685,0,6;6,1,0.8095,0,148
ood_compose_epi-02619	1	2	1	57,85,75,69,141,150,177,42,161,36,166,147,21,19,133,159,88,12,99,93,109,123,205,117,209,7,113,199,140,65,45,61,157,207,165,31	6,2,0.7905,0,123;6,2,0.4275,0,178;8,3,0.3785,0,112;2,3,0.0805,0,253;2,3,0.3175,0,170;2,3,0.9595,0,174
ood_compose_epi-02620	8	2	2	117,108,92,102,116,84,169,10,147,67,41,30,93,185,19,48,196,194,177,127,37,78,194,62,69,133,140,164,142,6,151,200,55,21,186,190	5,0,0.6835,0,55;5,3,0.3585,3,212;6,4,0.7155,0,93;5,2,0.9885,0,53;5,2,0.8675,0,152;6,3,0.8335,1,196
ood_compose_epi-02621	5	2	0	123,179,114,108,147,137,87,141,50,61,31,184,13,169,154,79,98,181,188,119,21,68,19,131,36,184,149,193,45,173,209,72,93,44,92,7	6,3,0.6705,0,50;6,2,0.9575,0,114;1,3,0.9495,3,21;6,5,0.8765,0,15;1,2,0.4845,2,217;2,1,0.3385,0,18
ood_compose_epi-02622	5	2	0	81,30,149,126,182,164,56,208,177,14,141,59,38,93,177,103,69,115,208,89,64,133,136,147,191,167,117,171,16,44,21,207,84,111,45,8	7,4,0.1255,0,40;5,4,0.8505,0,139;7,1,0.0395,0,198;8,2,0.3385,0,63;6,5,0.7015,0,22;5,3,0.0335,0,117
ood_compose_epi-02623	6	2	0	213,63,159,183,21,67,209,187,39,106,15,41,176,121,89,93,18,117,176,79,69,200,49,179,141,25,46,115,3,83,149,139,97,211,133,147	2,5,0.5865,0,11;0,5,0.2465,1,106;0,5,0.6905,0,20;6,1,0.3055,0,45;0,0,0.7765,0,111;0,3,0.6935,0,86
ood_compose_epi-02624	1	2	2	130,51,107,67,93,189,151,62,186,105,8,207,137,175,144,168,89,45,170,84,34,21,195,122,20,147,204,187,43,117,69,11,30,78,208,113	7,1,0.8235,0,34;5,0,0.6315,0,176;2,4,0.7925,0,157;5,2,0.2915,0,233;8,1,0.3345,0,79;1,0,0.3455,3,189
ood_compose_epi-02625	10	0	1	91,206,12,145,61,111,181,4,167,134,65,141,214,82,45,93,164,205,76,188,125,44,104,52,139,112,192,117,21,157,33,16,150,37,196,69	3,2,0.1395,0,246;8,3,0.9205,0,130;3,3,0.3145,0,148;3,0,0.6575,0,149;7,5,0.1975,0,86;4,4,0.7105,0,208
ood_compose_epi-02626	1	3	1	174,153,118,3,186,140,141,111,45,191,76,99,93,210,69,123,89,41,133,201,150,31,116,39,186,21,83,182,18,15,191,63,148,65,191,51	2,5,0.5625,0,63;6,5,0.3435,0,186;2,5,0.3055,0,100;3,1,0.3975,0,199;2,5,0.9415,1,69;2,3,0.9965,0,219
ood_compose_epi-02627	7	0	2	161,194,21,26,93,69,194,85,75,154,35,90,117,2,61,45,42,108,160,16,203,163,99,137,12,145,113,66,50,162,141,207,131,122,169,151	1,2,0.1945,0,211;1,1,0.4395,0,160;1,3,0.4915,0,50;2,3,0.4165,0,12;2,2,0.3465,0,240;1,1,0.3575,0,24
ood_compose_epi-02628	10	2	2	165,7,68,134,42,20,86,180,141,125,194,29,140,171,147,197,53,70,205,94,153,63,213,177,105,21,14,79,45,151,112,174,108,92,34,119	6,4,0.9645,0,179;4,0,0.4475,0,237;4,5,0.9705,1,118;6,4,0.9345,1,123;8,2,0.1035,2,176;4,4,0.9225,0,215
ood_compose_epi-02629	9	0	0	188,211,179,89,149,112,117,65,128,168,21,181,132,107,182,156,43,79,17,61,160,156,8,31,83,145,137,141,190,93,50,69,10,36,45,99	7,0,0.2715,0,117;6,2,0.6015,0,195;1,3,0.2815,0,99;6,1,0.3285,0,166;2,1,0.0815,0,163;7,2,0.3285,0,122
ood_compose_epi-02630	1	0	1	107,133,154,83,117,21,93,178,116,190,165,66,124,18,31,145,69,209,58,142,45,176,99,91,12,208,156,51,150,205,2,172,75,36,41,140	1,2,0.5375,0,175;6,2,0.3385,0,156;2,0,0.4695,0,187;2,1,0.6515,0,54;2,1,0.8965,0,33;3,3,0.8775,1,214
ood_compose_epi-02631	1	2	0	17,37,15,111,147,140,132,93,212,123,75,21,211,116,158,67,3,54,149,27,154,141,117,45,190,92,103,59,41,172,184,174,194,69,87,163	2,5,0.3155,0,181;2,3,0.3675,0,143;5,1,0.6385,0,34;2,5,0.8175,0,195;6,5,0.9815,0,183;2,2,0.8845,0,32
ood_compose_epi-02632	0	3	2	164,8,199,138,134,141,66,52,154,69,76,44,110,120,151,148,28,205,124,11,61,167,173,88,157,21,176,16,45,82,104,159,116,93,35,163	7,1,0.0845,0,184;3,1,0.9005,0,107;3,3,0.5535,0,247;3,0,0.0935,0,47;7,4,0.8455,3,232;3,4,0.5235,0,238
ood_compose_epi-02633	10	2	2	95,60,117,202,67,56,185,19,147,44,155,45,132,129,1,197,183,79,109,33,37,22,69,99,83,89,208,10,142,112,151,199,162,206,139,200	0,0,0.6255,1,3;8,3,0.8425,0,184;7,2,0.7105,0,151;6,1,0.3805,2,25;2,3,0.1705,0,203;8,2,0.6565,1,149
ood_compose_epi-02634	6	1	2	106,191,160,146,69,63,113,92,184,54,202,21,1,177,117,100,125,139,20,207,83,152,38,141,44,134,65,13,188,33,73,151,170,155,96,46	0,3,0.9325,0,96;8,4,0.8995,1,11;5,5,0.2245,0,32;0,1,0.9415,3,135;3,0,0.3825,0,231;4,4,0.7635,0,134
ood_compose_epi-02635	10	2	1	92,60,117,213,141,114,85,175,81,33,131,158,188,93,71,214,57,150,129,178,68,42,165,106,9,45,98,190,207,140,22,17,147,173,37,15	8,5,0.2435,1,158;8,3,0.5965,0,147;8,2,0.9815,2,29;8,3,0.8355,0,53;1,0,0.5415,0,219;8,1,0.9415,0,154
ood_compose_epi-02636	9	2	0	68,11,193,56,84,160,136,110,93,141,30,188,116,69,159,135,152,81,147,149,172,34,170,101,21,192,117,6,88,45,62,16,123,212,176,42	5,1,0.0525,0,90;5,0,0.5245,0,255;7,4,0.9225,0,236;8,2,0.1065,0,157;4,4,0.9055,0,234;2,5,0.1525,0,21
ood_compose_epi-02637	2	1	0	195,113,178,168,66,44,146,211,138,23,130,63,17,90,177,200,141,126,175,154,98,34,106,3,77,118,71,149,93,46,15,210,51,176,84,27	2,5,0.3965,2,25;2,0,0.9805,1,142;2,5,0.5155,2,69;4,2,0.4345,0,22;1,0,0.3955,1,59;5,0,0.4835,0,212
ood_compose_epi-02638	3	0	1	124,142,10,18,145,150,42,208,45,157,174,25,100,168,85,23,76,203,113,215,138,93,57,159,9,69,172,65,135,92,59,209,205,117,107,38	8,0,0.5185,2,42;0,4,0.5095,0,160;8,1,0.2325,0,81;3,3,0.8615,0,234;3,1,0.2285,0,78;3,5,0.4605,1,5
ood_compose_epi-02639	1	3	0	93,13,78,69,183,91,139,161,152,133,141,51,30,148,103,41,155,178,152,34,1,83,169,149,212,190,61,114,21,67,47,117,127,205,17,111	0,3,0.2085,0,204;5,0,0.3915,2,136;2,3,0.6395,0,10;5,1,0.7775,0,168;6,5,0.4075,0,33;6,3,0.7795,0,238
ood_compose_epi-02640	10	2	2	139,48,70,151,22,6,141,191,133,89,102,82,147,129,17,56,156,110,94,208,186,164,194,67,42,30,162,202,39,117,194,15,157,77,112,62	5,5,0.2375,1,52;5,5,0.5825,3,182;7,4,0.6165,1,40;4,0,0.2815,1,160;5,4,0.1885,0,39;8,3,0.7745,0,85
ood_compose_epi-02641	1	1	1	27,176,117,162,3,146,150,63,21,45,208,109,130,161,82,66,10,99,37,156,93,92,77,214,17,167,41,69,125,51,171,136,141,163,176,114	2,0,0.3365,0,152;2,3,0.3415,0,160;2,5,0.5705,0,252;4,0,0.8455,0,161;2,3,0.4795,0,230;4,0,0.0355,0,113
ood_compose_epi-02642	9	1	1	113,83,75,150,32,195,21,88,190,173,146,196,171,45,12,133,201,129,93,163,137,60,110,65,98,52,39,215,9,117,19,141,158,44,161,69	8,2,0.7935,0,165;7,5,0.9655,0,213;3,2,0.3595,0,143;2,1,0.0605,0,140;1,4,0.3265,0,83;8,3,0.2095,0,96
ood_compose_epi-02643	10	3	0	184,64,109,141,93,114,20,172,14,201,202,149,43,35,60,119,206,21,98,122,171,5,71,148,180,87,90,161,132,137,50,188,46,77,29,196	4,4,0.9595,0,62;4,1,0.6275,1,230;1,2,0.1735,2,170;4,5,0.4825,0,221;1,3,0.4895,2,151;1,2,0.2485,0,140
ood_compose_epi-02644	1	1	2	67,161,78,57,21,88,33,107,164,19,116,181,162,6,10,120,134,45,195,172,61,137,70,94,212,141,44,151,123,86,187,200,196,34,146,97	5,0,0.6385,0,196;8,0,0.8915,0,177;8,3,0.6595,1,204;5,4,0.0475,1,111;0,1,0.8645,3,38;2,4,0.2735,0,187
ood_compose_epi-02645	7	0	2	151,22,188,179,212,145,190,50,41,84,97,110,12,195,93,168,27,45,34,168,206,180,186,62,2,69,137,114,141,90,67,16,127,74,119,133	1,2,0.1615,1,240;2,0,0.2045,0,35;1,4,0.6885,0,69;1,2,0.4065,0,12;0,4,0.4905,2,151;6,3,0.3665,0,174
ood_compose_epi-02646	1	1	2	117,114,132,78,163,21,55,41,175,123,139,45,143,69,151,205,20,96,212,194,111,202,146,13,175,92,31,206,39,3,85,60,202,66,210,102	2,3,0.8335,0,184;6,5,0.2205,0,149;6,2,0.5705,0,12;5,3,0.8795,3,142;5,5,0.5885,0,146;2,2,0.6115,2,214
ood_compose_epi-02647	6	2	2	1,64,160,25,147,193,204,129,44,189,160,180,117,93,16,103,60,113,92,134,21,173,45,192,87,37,11,69,215,139,141,196,151,73,57,108	0,1,0.0975,0,16;0,3,0.8095,0,140;8,2,0.1035,0,88;0,5,0.9925,0,172;6,2,0.2255,0,96;8,4,0.7825,0,8
ood_compose_epi-02648	10	2	0	78,196,44,138,20,67,93,5,193,45,91,147,152,34,149,177,25,126,133,13,200,174,24,172,82,58,109,178,70,56,173,101,115,203,143,117	4,3,0.8575,3,240;0,0,0.8105,0,2;7,0,0.6605,1,102;5,0,0.6945,0,242;4,3,0.6595,0,97;5,3,0.4365,2,97
ood_compose_epi-02649	10	2	2	147,211,207,186,108,212,14,9,22,164,37,63,153,190,151,117,168,112,140,170,65,71,125,89,154,87,93,33,102,141,40,77,57,134,17,45	8,4,0.2495,1,96;8,3,0.0765,0,204;8,5,0.3715,2,108;4,5,0.2525,0,103;5,2,0.0075,0,235;4,4,0.8535,0,75
ood_compose_epi-02650	7	1	2	3,88,146,201,45,177,36,86,207,114,191,135,62,69,111,101,30,75,56,141,168,43,140,189,19,157,122,151,156,21,93,117,215,65,13,210	2,3,0.6915,0,230;5,2,0.6475,0,105;7,4,0.2775,0,23;2,4,0.1905,0,237;4,5,0.5795,0,43;1,5,0.9235,0,90
ood_compose_epi-02651	1	0	0	170,100,93,115,69,179,18,87,22,45,145,51,108,152,199,172,59,65,77,169,178,15,5,167,37,141,149,90,132,153,157,124,117,44,137,27	4,5,0.4645,1,59;2,3,0.8695,0,243;2,1,0.3545,0,11;4,5,0.4915,0,157;3,2,0.7925,0,76;3,2,0.2495,0,151
ood_compose_epi-02652	6	2	2	193,69,113,162,97,151,14,88,117,175,17,182,64,77,121,156,59,86,45,93,147,53,37,141,196,139,21,108,43,203,184,29,196,188,5,134	4,4,0.2755,0,221;4,3,0.7545,0,227;4,1,0.0955,0,80;4,4,0.0065,0,244;0,2,0.2255,0,68;0,4,0.7145,0,97
ood_compose_epi-02653	10	0	2	185,53,5,188,145,80,107,48,113,100,86,204,180,151,117,34,60,92,210,168,66,214,136,141,13,204,124,21,40,28,159,133,18,69,93,154	4,3,0.5465,0,140;3,0,0.1945,3,53;4,2,0.4145,0,94;7,4,0.8695,0,49;3,1,0.3765,0,68;3,3,0.0155,0,161
ood_compose_epi-02654	7	1	2	165,50,89,152,192,74,131,141,12,138,166,23,166,200,5,200,107,16,174,126,85,44,26,38,151,66,96,208,69,102,60,45,117,146,179,114	4,2,0.1315,2,96;1,4,0.8635,0,163;1,2,0.5795,0,77;1,3,0.3075,3,157;5,1,0.5945,0,104;5,1,0.5065,0,58
ood_compose_epi-02655	1	2	1	65,159,182,75,45,152,115,150,92,204,33,157,129,172,15,132,3,38,21,139,42,93,154,141,147,99,188,163,19,82,51,117,107,69,61,204	2,5,0.7765,0,229;8,4,0.5805,0,240;2,3,0.3565,0,167;2,0,0.9535,0,96;2,1,0.6195,0,158;8,2,0.7585,0,188
ood_compose_epi-02656	6	3	0	185,182,149,93,179,67,169,62,168,90,21,130,175,108,5,79,136,39,213,127,141,114,25,214,44,69,55,45,148,97,10,117,206,85,163,18	4,0,0.5305,0,183;0,5,0.9615,0,199;6,4,0.7375,0,130;6,3,0.4485,0,88;0,2,0.5035,0,89;6,0,0.0665,0,239
ood_compose_epi-02657	9	2	0	34,163,69,123,189,67,78,196,17,180,32,202,186,89,114,94,212,130,45,97,117,111,193,61,141,138,56,1,11,149,156,21,173,43,147,86	0,1,0.3265,0,137;7,0,0.7145,0,247;7,3,0.6125,0,214;5,4,0.3685,1,36;0,5,0.4205,0,139;2,0,0.4205,0,139
ood_compose_epi-02658	9	2	2	132,151,109,93,141,104,39,165,147,21,139,168,70,184,56,18,32,185,44,61,83,117,167,8,88,198,176,192,80,116,15,66,128,167,189,45	7,5,0.5575,0,101;7,5,0.8005,0,235;7,3,0.5495,1,236;7,1,0.0545,0,81;7,3,0.8745,0,1;7,2,0.6965,0,176
ood_compose_epi-02659	5	2	1	147,189,30,5,154,117,55,127,183,69,63,77,24,101,16,93,150,172,175,188,114,36,209,48,137,192,141,109,82,66,196,43,14,204,89,132	4,4,0.1375,3,187;5,2,0.7875,3,24;6,5,0.5605,0,177;4,0,0.3325,0,84;4,3,0.4315,0,137;6,2,0.2915,0,239
ood_compose_epi-02660	1	1	2	200,75,101,123,21,138,53,69,112,41,29,92,209,87,117,63,167,93,177,170,208,205,6,64,141,146,211,10,16,37,45,133,106,151,184,200	5,0,0.0745,0,157;4,3,0.2295,0,147;4,5,0.1645,0,209;2,5,0.9535,0,250;4,0,0.1975,0,215;2,3,0.5425,0,87
ood_compose_epi-02661	1	2	2	17,137,178,49,45,91,152,170,75,131,209,26,200,141,83,113,117,69,147,14,109,40,21,34,128,99,190,151,65,165,193,93,3,197,60,153	2,4,0.2025,0,167;1,0,0.1255,0,88;0,2,0.3615,0,11;2,1,0.7685,0,213;2,3,0.2135,0,36;7,1,0.3675,0,16
ood_compose_epi-02662	1	2	2	151,33,188,51,9,75,87,99,141,162,21,137,93,155,123,161,117,46,152,133,68,195,109,187,36,63,114,43,164,91,156,147,180,69,15,19	8,5,0.7915,0,124;8,2,0.7205,1,6;2,5,0.8255,0,226;2,5,0.6375,0,204;2,3,0.5415,0,50;2,3,0.3905,0,156
ood_compose_epi-02663	5	2	2	38,21,44,172,154,188,165,153,191,138,19,93,10,141,46,163,115,83,89,123,132,60,30,147,65,168,5,151,69,103,111,199,117,51,78,186	4,0,0.6665,0,57;5,4,0.8655,1,188;2,2,0.3045,0,144;5,1,0.2525,0,158;6,5,0.7515,0,184;2,2,0.4065,0,226
ood_compose_epi-02664	1	3	0	138,173,172,15,141,27,208,39,19,183,109,210,8,126,201,165,88,172,99,67,58,149,93,49,75,72,198,24,41,148,131,117,45,197,82,114	7,5,0.6075,3,21;2,5,0.3015,0,119;0,0,0.6045,3,148;2,0,0.1315,0,255;2,3,0.4135,0,142;5,1,0.4905,0,53
ood_compose_epi-02665	6	1	2	50,31,173,116,105,215,196,164,141,81,15,121,86,7,40,167,146,90,152,153,58,106,198,39,18,45,157,69,96,120,135,167,24,137,67,151	6,5,0.4935,3,98;6,5,0.0925,0,233;1,0,0.7415,0,47;8,4,0.5215,3,217;8,0,0.8075,3,174;0,5,0.2265,0,209
ood_compose_epi-02666	6	2	2	205,186,111,65,98,118,44,18,162,167,21,8,174,35,133,152,32,151,14,93,73,147,173,123,92,45,140,143,63,53,204,196,87,185,69,115	7,4,0.4365,0,192;7,1,0.8885,0,243;4,5,0.3605,0,163;0,5,0.9085,0,56;1,5,0.7945,1,195;2,3,0.9905,2,135
ood_compose_epi-02667	6	1	0	55,142,11,63,159,153,114,203,197,9,167,69,177,149,201,93,183,65,129,25,88,140,46,21,42,97,146,36,117,190,111,81,19,87,130,210	8,1,0.7855,0,5;0,2,0.5415,1,20;6,5,0.2385,0,229;8,5,0.1935,0,160;0,5,0.5265,0,38;8,0,0.9165,1,36
ood_compose_epi-02668	9	3	0	141,8,52,106,13,44,102,19,38,137,89,164,154,47,171,183,69,169,129,169,117,210,76,87,188,96,149,133,179,27,67,148,114,160,21,59	7,3,0.6685,0,3;2,4,0.9225,2,159;3,1,0.6075,0,27;3,5,0.3505,3,62;5,0,0.4285,0,144;8,3,0.3325,0,212
ood_compose_epi-02669	4	1	2	176,57,20,69,11,66,119,34,177,124,91,76,206,146,33,61,187,159,4,198,108,86,184,140,115,93,151,21,48,100,203,169,201,44,130,141	3,1,0.9685,0,169;8,0,0.8745,3,46;8,3,0.5885,0,213;3,4,0.7225,0,13;3,2,0.6345,2,109;3,0,0.8285,0,191
ood_compose_epi-02670	4	1	2	4,117,137,28,69,36,76,61,193,49,93,187,84,13,210,41,17,141,169,45,21,91,131,100,179,111,188,146,206,165,210,185,151,115,68,124	3,3,0.3615,0,243;3,2,0.2615,0,42;0,3,0.8215,0,75;3,2,0.7585,0,100;3,5,0.6455,0,243;3,1,0.3195,0,25
ood_compose_epi-02671	1	2	0	70,141,214,45,6,181,172,191,19,91,147,126,175,179,67,37,99,214,140,44,59,198,168,189,107,117,93,11,24,149,114,53,75,132,83,27	5,1,0.6295,3,78;2,3,0.9775,0,58;4,1,0.6525,1,199;2,1,0.6135,0,227;2,1,0.5875,0,219;5,2,0.8935,0,71
ood_compose_epi-02672	1	3	1	84,195,150,20,117,93,109,207,45,206,130,21,215,75,153,34,3,88,112,148,139,141,13,210,204,60,185,195,51,184,66,126,99,69,33,43	2,3,0.8315,0,229;8,0,0.7935,0,218;2,2,0.4395,0,26;2,2,0.0505,0,252;2,3,0.0565,0,73;5,0,0.7755,0,27
ood_compose_epi-02673	9	1	0	99,24,146,137,113,91,188,213,16,69,109,51,120,149,11,60,67,154,164,45,188,32,141,205,182,84,93,166,41,167,128,191,74,37,133,1	0,1,0.1475,3,37;7,3,0.2095,0,186;2,2,0.6905,0,148;1,2,0.7055,0,233;2,3,0.3205,3,236;7,3,0.2305,0,25
ood_compose_epi-02674	1	2	2	123,180,93,69,75,151,66,171,45,194,117,106,15,90,173,27,199,205,58,158,53,170,114,132,102,35,147,1,41,160,182,84,21,16,140,141	0,5,0.1385,0,145;2,1,0.3485,0,55;4,0,0.5585,0,173;2,2,0.4525,0,234;5,0,0.4135,0,9;2,2,0.9235,0,180
ood_compose_epi-02675	8	3	2	45,170,148,96,208,204,193,16,205,110,180,114,140,181,102,212,44,88,31,84,62,14,6,79,151,129,141,69,68,54,21,39,117,203,131,205	5,4,0.0665,0,49;6,5,0.8535,0,22;5,4,0.9195,0,140;6,2,0.0385,3,189;5,4,0.4555,0,247;8,1,0.9735,0,55
ood_compose_epi-02676	10	2	2	34,97,141,93,21,20,60,92,202,81,40,30,69,119,192,131,14,116,151,9,85,55,139,198,170,153,125,163,111,178,45,147,215,191,67,205	8,4,0.8725,0,46;5,0,0.1515,0,82;6,2,0.6675,0,81;8,3,0.9895,0,187;0,5,0.8755,2,183;4,1,0.6665,0,166
ood_compose_epi-02677	1	2	0	162,1,141,115,40,147,149,25,110,137,165,214,58,99,172,135,117,23,49,89,174,190,197,34,45,15,171,121,86,190,69,163,68,75,93,16	0,5,0.0375,2,225;0,0,0.0615,0,34;0,0,0.9825,0,41;2,4,0.2375,0,208;2,4,0.6575,0,177;0,5,0.2885,0,216
ood_compose_epi-02678	7	0	0	206,26,72,108,40,100,176,75,89,160,21,167,149,2,140,195,117,20,39,160,56,45,68,141,205,132,61,122,145,181,191,14,93,86,115,183	1,4,0.9385,0,152;1,5,0.1225,0,59;7,3,0.8585,3,182;2,4,0.3385,0,28;3,2,0.6785,0,21;1,2,0.8335,0,75
ood_compose_epi-02679	8	2	1	117,21,160,90,136,36,41,93,196,147,150,69,141,129,84,111,164,194,97,61,174,193,54,195,134,17,45,167,25,7,78,176,67,113,165,14	6,4,0.3345,0,6;0,2,0.3985,0,200;5,3,0.7695,0,57;5,2,0.5475,0,214;0,5,0.3785,0,217;8,4,0.0845,0,154
ood_compose_epi-02680	10	2	1	41,150,101,109,168,174,93,201,163,62,17,197,91,114,132,14,125,29,202,68,45,186,9,83,50,117,210,38,147,77,24,69,137,198,185,144	8,4,0.2235,3,207;4,4,0.3425,0,77;1,4,0.9495,0,102;4,1,0.7945,0,169;4,3,0.5245,0,93;4,2,0.3555,3,174
ood_compose_epi-02681	1	3	2	21,17,83,69,207,199,153,162,103,43,183,142,211,193,157,93,191,61,117,138,27,123,51,36,45,198,151,12,115,4,89,132,65,109,148,79	3,2,0.2885,0,99;2,2,0.7325,0,4;2,3,0.2055,0,84;6,1,0.2385,0,221;6,3,0.6755,0,225;2,2,0.4465,1,189
ood_compose_epi-02682	1	2	2	93,42,155,140,49,157,185,15,182,112,35,188,147,61,21,104,152,141,77,46,19,69,64,133,86,106,179,2,117,30,92,151,204,200,123,199	1,5,0.6185,0,216;5,1,0.4975,1,224;0,3,0.1915,0,221;4,4,0.9125,0,0;7,0,0.0625,0,103;2,3,0.8185,0,240
ood_compose_epi-02683	1	1	1	69,144,152,45,185,191,150,92,190,188,40,120,20,83,75,135,21,101,68,213,26,10,37,62,146,115,93,125,53,162,107,3,200,178,140,200	2,0,0.8025,0,18;1,3,0.1575,0,197;4,4,0.9095,0,170;2,1,0.9085,0,108;4,1,0.6835,3,115;4,5,0.9325,3,181
ood_compose_epi-02684	1	0	2	99,197,140,74,117,134,69,181,14,141,82,116,67,43,189,145,57,194,18,192,205,174,27,174,151,93,88,21,123,108,165,3,38,175,45,61	2,4,0.5405,0,51;2,4,0.7735,0,158;8,3,0.7795,0,185;1,0,0.1065,0,237;2,2,0.9345,0,166;2,4,0.9975,0,208
ood_compose_epi-02685	0	3	1	33,35,186,180,148,45,85,17,187,124,21,150,108,141,212,205,115,174,9,93,197,117,205,76,132,89,66,99,154,199,62,50,13,43,69,137	8,3,0.2295,0,24;8,1,0.7465,0,96;1,4,0.5175,0,159;3,3,0.2665,0,154;2,2,0.6095,0,18;3,2,0.3465,0,151
ood_compose_epi-02686	4	1	1	64,72,146,45,20,108,112,202,76,181,8,158,15,27,105,63,87,162,177,155,156,196,92,141,138,187,41,120,134,125,37,214,150,93,21,57	7,5,0.9345,0,74;2,3,0.2995,0,35;8,5,0.1075,3,53;3,5,0.9335,0,198;8,2,0.0125,3,245;4,4,0.5015,0,246
ood_compose_epi-02687	5	1	0	55,149,127,134,17,117,146,69,187,171,13,165,187,89,37,168,93,62,43,141,73,65,25,45,116,177,211,83,153,139,103,183,21,174,7,111	6,3,0.3265,0,90;0,3,0.7225,0,129;6,4,0.3935,0,28;0,1,0.2285,0,42;6,5,0.8675,0,41;6,4,0.7175,0,107
ood_compose_epi-02688	0	3	2	155,93,201,215,201,89,211,124,19,62,67,52,138,174,131,41,21,69,114,156,185,148,107,12,8,76,25,141,151,206,100,176,85,45,117,35	7,2,0.6655,0,190;0,1,0.2675,0,39;3,4,0.7695,0,209;3,3,0.2505,0,109;3,1,0.4935,0,93;3,1,0.4075,0,41
ood_compose_epi-02689	1	1	0	211,189,1,115,34,146,62,131,186,71,99,137,45,109,75,95,178,160,66,89,208,40,213,83,12,162,124,21,26,117,207,141,155,16,51,149	0,2,0.0755,0,137;1,0,0.0065,0,17;2,4,0.5585,2,225;2,1,0.2275,2,29;2,3,0.6755,0,254;3,1,0.2985,0,65
ood_compose_epi-02690	6	2	2	58,92,141,169,19,116,111,21,49,73,84,37,45,97,196,147,3,193,69,168,25,139,10,66,191,127,202,205,207,182,43,193,151,117,135,93	2,0,0.6485,0,111;0,3,0.7035,0,245;0,0,0.5365,0,240;0,2,0.9315,0,222;0,5,0.8345,0,172;6,5,0.7415,0,121
ood_compose_epi-02691	2	3	0	152,194,11,117,211,83,59,33,79,69,149,201,55,180,93,148,64,90,163,20,98,140,131,4,141,180,174,40,115,21,212,45,121,109,36,215	3,1,0.8145,0,165;8,2,0.1465,0,164;6,1,0.0645,0,96;6,1,0.4145,0,254;1,3,0.6035,0,121;0,1,0.9905,0,181
ood_compose_epi-02692	3	0	0	111,155,21,211,28,175,92,66,134,144,85,149,52,116,76,145,170,93,43,105,11,19,122,117,184,69,37,138,4,215,170,182,45,182,170,59	3,1,0.6775,0,177;3,3,0.6915,0,201;3,1,0.4225,0,145;3,3,0.9215,0,13;8,5,0.9535,0,82;1,4,0.4035,3,216
ood_compose_epi-02693	9	0	1	154,20,173,139,114,45,190,150,33,8,117,93,83,35,44,67,141,155,73,166,107,54,145,195,69,97,121,172,88,205,58,165,21,14,180,131	7,4,0.8745,0,66;8,1,0.9105,0,111;5,0,0.6155,0,163;0,1,0.1925,0,92;0,1,0.5235,0,152;0,1,0.7455,0,118
ood_compose_epi-02694	1	3	0	204,135,205,31,58,41,66,21,123,200,207,13,71,45,18,76,111,93,148,168,201,213,209,149,54,138,165,211,38,113,141,103,117,90,85,7	6,3,0.5505,0,208;6,4,0.2105,0,222;5,0,0.5155,2,132;3,3,0.5295,0,110;6,5,0.2555,0,126;2,5,0.4635,0,150
ood_compose_epi-02695	8	3	1	78,141,113,69,50,190,92,172,110,198,6,190,60,126,45,207,150,165,21,171,138,159,87,11,187,34,118,155,100,30,68,148,20,133,93,43	5,1,0.9855,0,129;5,0,0.6985,0,171;1,2,0.9855,0,142;5,5,0.8555,0,5;3,4,0.3355,1,1;5,3,0.4275,0,76
ood_compose_epi-02696	10	3	0	89,21,85,191,132,214,193,117,209,114,30,17,144,69,149,93,39,45,148,105,208,178,196,123,212,140,6,10,52,68,74,153,153,58,41,111	5,0,0.2865,0,217;5,5,0.2935,0,58;3,0,0.9365,0,118;1,3,0.2785,0,200;8,5,0.5545,0,97;2,2,0.8255,3,21
ood_compose_epi-02697	9	2	1	42,66,112,51,209,178,150,117,138,189,32,8,86,123,142,171,189,21,36,131,160,106,12,45,63,177,147,69,19,88,158,99,75,173,96,214	7,2,0.6055,0,58;7,2,0.5295,0,204;2,5,0.5035,0,123;2,4,0.1745,3,44;2,0,0.1325,0,239;2,1,0.4395,1,65
ood_compose_epi-02698	0	3	0	133,214,85,172,17,114,76,149,42,68,69,155,3,157,137,148,28,110,141,45,93,155,153,60,207,99,15,36,117,90,196,187,123,156,52,21	2,5,0.3765,0,132;3,2,0.4665,0,211;3,2,0.8935,0,102;3,3,0.4745,0,182;2,4,0.5005,0,194;2,3,0.3825,0,90
ood_compose_epi-02699	4	1	2	189,209,41,21,3,99,137,156,170,46,28,67,84,185,19,151,39,146,70,115,10,52,80,168,141,110,172,124,204,93,89,117,182,61,206,135	2,0,0.6065,0,122;3,5,0.2415,1,102;3,3,0.6025,1,255;7,2,0.2605,0,137;2,4,0.6635,0,186;3,5,0.2915,0,174
ood_compose_epi-02700	6	2	0	47,188,144,194,38,62,66,19,56,198,27,166,97,147,177,93,84,137,149,75,183,21,89,135,111,43,122,115,169,69,206,11,117,3,199,187	2,1,0.7255,0,34;2,4,0.7195,2,83;7,4,0.5785,0,84;2,2,0.2095,0,122;0,5,0.6345,0,55;1,5,0.2185,3,90
ood_compose_epi-02701	0	3	2	201,197,175,141,184,37,161,87,79,117,148,66,155,151,115,162,58,69,21,3,212,135,28,45,100,19,51,11,93,90,137,123,176,111,189,42	2,1,0.7905,0,215;3,3,0.5905,0,40;2,0,0.5745,0,105;6,5,0.5345,0,54;3,5,0.7855,0,90;2,5,0.2345,0,141
ood_compose_epi-02702	6	2	1	113,41,45,173,213,137,131,65,23,15,184,117,60,128,162,25,38,106,85,75,69,150,167,158,51,1,141,165,185,168,102,147,18,90,172,94	0,5,0.5605,2,87;0,4,0.2855,0,255;2,2,0.3425,0,20;2,3,0.5275,1,198;5,0,0.3425,0,143;7,1,0.3185,0,34
ood_compose_epi-02703	1	2	2	11,135,151,211,3,69,111,92,147,182,62,190,41,113,163,35,80,213,103,138,120,93,23,123,206,193,84,141,195,30,154,65,45,57,20,207	2,1,0.9935,2,62;5,1,0.2895,0,45;8,4,0.3095,0,171;7,2,0.9625,0,63;6,5,0.3685,3,106;2,5,0.5315,0,178
ood_compose_epi-02704	0	3	2	82,17,21,148,130,157,47,138,27,68,40,151,52,164,117,15,189,213,93,115,170,189,158,125,215,78,157,91,69,4,109,141,60,102,36,155	3,5,0.3805,0,255;2,2,0.0555,2,66;3,2,0.8725,0,161;5,0,0.7865,0,106;5,3,0.7265,0,209;4,0,0.5845,0,156
ood_compose_epi-02705	0	3	2	211,151,66,76,52,165,148,209,138,187,69,164,160,4,44,34,32,12,84,21,152,62,113,202,102,93,128,157,90,117,130,45,157,16,106,141	3,2,0.0885,0,182;7,0,0.9785,0,96;3,4,0.5215,0,225;3,2,0.4195,0,176;5,0,0.3035,0,37;7,0,0.4845,0,96
ood_compose_epi-02706	1	2	2	75,71,115,211,117,96,194,137,45,3,210,66,161,35,172,186,85,198,173,25,13,151,141,105,123,24,92,59,40,133,53,157,147,185,107,20	2,3,0.9605,3,225;0,1,0.0235,0,103;4,1,0.4335,2,231;2,3,0.8835,3,39;8,1,0.7685,0,56;2,3,0.3065,0,232
ood_compose_epi-02707	1	1	2	193,88,5,81,129,72,14,27,170,206,109,103,206,190,39,21,93,184,87,42,19,138,115,117,161,146,131,141,56,169,62,151,200,66,45,197	4,4,0.6365,0,81;2,5,0.5125,0,156;7,4,0.5625,3,145;8,5,0.1905,0,81;6,3,0.7795,0,67;8,1,0.4225,0,181
ood_compose_epi-02708	1	2	2	51,74,117,147,89,113,176,141,111,22,151,157,84,93,11,97,69,202,26,171,16,35,66,63,45,3,132,136,211,123,182,43,160,184,166,163	2,1,0.0185,1,28;1,1,0.7075,0,52;2,5,0.4685,0,9;1,2,0.3105,0,96;0,5,0.3225,0,171;2,2,0.1705,0,191
ood_compose_epi-02709	6	0	1	166,139,180,109,172,21,152,18,85,134,12,36,155,75,192,117,49,145,25,4,91,42,121,190,164,114,45,93,150,68,100,141,69,166,193,60	3,2,0.4855,0,38;0,2,0.4905,0,93;0,2,0.8925,0,120;2,3,0.7105,0,24;3,3,0.4325,0,207;0,4,0.7555,0,10
ood_compose_epi-02710	1	3	2	176,45,148,197,117,19,40,189,69,163,194,51,168,127,60,214,99,93,89,26,6,156,66,83,113,75,139,166,11,21,151,109,38,172,132,141	5,1,0.7835,0,110;1,4,0.1205,0,128;2,2,0.4015,0,58;2,1,0.2075,0,243;2,3,0.3545,0,127;6,2,0.7295,0,169
ood_compose_epi-02711	5	1	0	175,7,98,37,64,93,209,141,91,146,15,129,18,149,190,190,114,21,41,111,45,31,55,69,137,79,86,172,198,157,120,190,205,59,189,131	6,5,0.5785,0,132;6,3,0.2015,0,241;6,1,0.1275,0,68;6,4,0.7625,0,244;1,5,0.4915,3,112;8,1,0.3555,0,208
ood_compose_epi-02712	2	3	0	93,16,138,76,110,38,69,172,204,170,165,84,141,97,21,7,167,48,44,56,186,215,148,121,149,117,32,116,14,194,130,92,214,197,60,67	6,4,0.1345,0,114;7,4,0.9665,3,94;7,2,0.6175,0,95;3,2,0.9235,0,217;0,4,0.9715,0,163;0,0,0.5715,0,224
ood_compose_epi-02713	1	2	2	151,192,181,181,206,3,51,69,170,105,147,95,123,41,19,191,38,167,81,120,166,130,191,21,68,141,108,82,115,12,45,89,33,175,139,61	2,2,0.7665,0,95;8,4,0.2105,0,150;2,3,0.9835,0,203;8,0,0.3565,2,128;8,2,0.6105,3,111;2,0,0.7655,0,69
ood_compose_epi-02714	3	0	1	19,92,45,87,124,14,166,165,215,176,69,64,116,100,137,143,63,182,21,93,178,135,145,41,52,76,3,32,210,167,107,163,35,117,211,150	2,4,0.6675,0,143;7,1,0.3155,0,52;3,5,0.0855,0,220;3,5,0.8335,0,143;3,1,0.8055,0,95;3,5,0.3365,2,100
ood_compose_epi-02715	5	0	1	141,71,117,199,184,24,98,200,135,4,37,160,159,207,45,82,127,66,17,55,112,157,107,78,61,145,28,14,189,152,94,150,90,140,44,182	3,4,0.2115,3,58;3,3,0.8725,0,136;6,3,0.4555,2,115;5,0,0.5655,1,111;1,1,0.1335,0,116;6,5,0.8115,0,38
ood_compose_epi-02716	0	3	1	162,69,117,42,161,93,193,137,88,37,197,205,66,150,28,85,134,196,19,107,115,13,192,45,126,173,205,4,60,141,148,50,182,21,100,76	3,3,0.7395,0,15;3,3,0.4825,0,119;1,2,0.5845,0,234;3,3,0.1565,0,39;3,1,0.6285,0,13;5,4,0.3395,0,182
ood_compose_epi-02717	6	2	2	45,35,168,3,154,99,73,91,44,203,141,151,155,193,139,205,60,24,147,201,107,118,186,135,113,71,51,121,206,27,13,82,164,66,93,19	2,3,0.6345,3,149;2,1,0.9475,0,67;2,2,0.4385,2,189;0,0,0.6145,0,53;2,1,0.2735,1,120;0,5,0.6905,0,183
ood_compose_epi-02718	1	1	2	112,136,153,87,182,167,151,79,93,177,65,62,164,33,16,173,214,69,135,141,100,12,51,209,146,124,45,195,3,89,35,212,117,43,21,110	2,2,0.0475,0,63;8,1,0.7575,0,177;2,4,0.2125,0,188;6,5,0.2855,0,226;3,4,0.0535,0,18;3,5,0.1945,0,6
ood_compose_epi-02719	6	0	1	114,136,65,182,13,52,69,28,143,94,110,5,153,145,59,208,172,131,122,172,17,150,86,97,91,186,43,34,177,197,117,186,22,45,76,199	4,3,0.3975,1,210;3,0,0.7865,0,102;3,1,0.3645,0,34;3,4,0.6735,1,169;0,4,0.5305,0,223;1,1,0.1015,2,221
ood_compose_epi-02720	9	3	0	141,91,148,108,192,50,85,177,73,186,43,149,200,45,180,60,38,168,14,113,117,212,121,68,214,104,93,179,140,69,16,32,24,8,159,130	7,4,0.0565,3,135;7,4,0.6175,0,68;1,2,0.8755,0,190;0,3,0.6785,0,109;7,2,0.3975,0,80;0,0,0.9775,0,42
ood_compose_epi-02721	0	3	1	117,201,100,36,148,21,69,136,154,94,134,180,17,207,85,115,10,153,184,47,150,169,141,27,4,181,61,92,159,108,76,40,127,51,65,214	3,0,0.3235,0,4;2,2,0.1585,2,214;2,3,0.2635,0,160;3,3,0.9795,1,16;3,2,0.6965,0,14;6,4,0.1325,0,172
ood_compose_epi-02722	5	3	2	84,168,101,110,148,11,45,21,193,186,115,130,117,178,201,141,7,79,202,139,214,28,151,215,121,68,35,18,91,184,70,41,202,62,55,93	6,1,0.5015,0,58;3,1,0.2505,0,168;6,4,0.8245,1,68;6,2,0.6715,0,168;4,4,0.7135,0,140;0,0,0.6535,0,204
ood_compose_epi-02723	6	3	1	117,21,199,158,201,140,59,200,1,45,144,135,194,192,185,111,28,88,194,20,115,76,93,40,97,150,37,87,148,52,172,202,12,64,69,122	0,2,0.9125,0,32;3,3,0.1425,0,20;3,1,0.1525,0,230;3,5,0.0255,0,217;0,5,0.6745,0,102;1,5,0.8625,3,208
ood_compose_epi-02724	3	0	2	207,93,184,193,28,59,84,117,39,69,213,89,156,141,169,139,79,131,8,189,18,45,44,193,68,145,124,159,11,151,115,189,99,24,52,111	7,1,0.4605,3,1;3,5,0.8375,0,158;3,1,0.9135,0,131;6,2,0.3235,0,194;2,5,0.6085,0,193;3,1,0.7565,0,217
ood_compose_epi-02725	10	0	2	41,75,58,151,101,84,94,154,162,55,114,123,133,69,141,168,9,211,197,27,145,10,18,137,167,67,89,160,36,117,45,214,183,109,21,209	8,0,0.4735,0,219;2,2,0.2295,0,196;6,0,0.7475,0,132;2,2,0.2445,1,36;4,3,0.5415,0,244;2,3,0.2295,0,36
ood_compose_epi-02726	5	2	2	139,152,21,205,168,189,178,42,6,93,69,62,12,92,50,132,45,141,151,204,17,106,85,104,210,204,160,117,128,33,37,66,79,147,201,114	5,2,0.3555,0,196;8,3,0.4685,0,60;1,4,0.5295,0,237;6,3,0.8345,0,75;7,0,0.4675,0,32;7,2,0.7395,0,114
ood_compose_epi-02727	7	2	2	113,200,37,50,158,45,10,3,26,188,147,139,161,82,130,141,92,66,109,117,204,20,43,101,212,209,121,151,182,213,93,69,167,73,60,21	2,0,0.8035,0,133;1,3,0.6055,0,223;1,2,0.4885,0,57;0,0,0.8615,0,103;4,3,0.3445,0,223;0,0,0.6505,0,7
ood_compose_epi-02728	10	0	1	109,195,168,215,93,116,174,28,101,69,7,42,36,152,134,150,153,64,140,145,213,17,170,73,153,89,125,117,192,84,141,13,52,45,59,24	6,3,0.2245,3,174;3,2,0.5495,0,23;3,1,0.1895,0,101;0,2,0.3345,0,60;4,3,0.8005,0,178;4,4,0.9245,0,64
ood_compose_epi-02729	10	3	2	107,113,129,52,151,87,201,186,75,35,153,211,210,148,157,133,41,32,95,117,59,185,99,21,45,153,154,69,19,10,138,64,91,141,168,4	3,0,0.7505,0,109;7,1,0.3935,0,127;3,1,0.0515,0,90;2,5,0.6775,2,34;2,1,0.2895,0,139;8,3,0.4185,0,8
ood_compose_epi-02730	1	1	1	150,34,198,187,71,54,110,189,99,59,136,43,133,117,93,146,141,30,123,159,84,74,3,92,163,13,215,201,45,208,21,114,207,210,66,16	2,3,0.1075,0,222;5,0,0.7315,0,103;5,1,0.5345,2,69;1,2,0.8555,0,217;2,4,0.5935,0,230;2,3,0.1235,0,183
ood_compose_epi-02731	6	2	2	147,91,114,45,117,25,81,17,97,140,187,123,41,65,111,151,187,162,85,69,201,13,93,164,183,59,21,153,51,154,130,213,141,165,35,8	7,3,0.2085,0,236;0,1,0.2115,0,53;2,1,0.2865,0,21;8,3,0.6115,0,159;0,5,0.4655,0,156;2,0,0.9765,0,122
ood_compose_epi-02732	8	3	1	1,195,174,16,45,96,69,112,126,155,49,65,92,79,166,161,102,63,117,30,37,140,150,208,141,21,41,205,186,107,148,133,12,178,86,179	0,2,0.1055,0,232;5,3,0.2075,0,39;0,5,0.3695,0,87;6,4,0.8075,3,197;5,1,0.1805,0,150;5,3,0.8675,0,154
ood_compose_epi-02733	0	3	0	39,75,2,69,12,96,148,186,174,149,141,45,18,139,64,114,125,21,191,88,207,111,168,59,42,211,84,155,214,28,117,204,172,52,99,133	1,2,0.5575,0,17;3,5,0.5355,0,181;3,1,0.0925,0,210;2,2,0.1735,3,245;2,5,0.4795,0,187;4,3,0.6115,0,251
ood_compose_epi-02734	1	2	2	27,69,141,165,175,195,57,211,209,23,117,47,17,58,139,123,42,94,172,39,6,214,111,104,91,113,75,206,133,67,158,84,11,151,147,178	5,1,0.2075,2,193;2,5,0.4405,2,135;8,0,0.6735,0,173;2,2,0.6675,1,103;7,5,0.3595,0,65;2,3,0.6785,0,194
ood_compose_epi-02735	1	3	2	141,88,156,27,117,123,96,214,171,71,60,37,4,45,173,42,16,11,135,23,152,148,187,166,151,193,173,156,66,83,107,113,99,77,138,51	3,1,0.1995,2,84;2,3,0.5485,0,233;2,2,0.4835,2,43;4,1,0.0055,3,38;2,1,0.2615,0,105;2,5,0.4975,0,237
ood_compose_epi-02736	2	2	0	197,67,77,117,214,9,113,69,149,147,104,84,56,21,142,215,58,40,160,48,187,19,214,134,187,12,93,108,136,207,164,36,128,91,33,171	8,2,0.6895,0,222;8,2,0.0045,3,223;7,0,0.7305,0,51;4,2,0.7745,0,54;7,2,0.2545,0,37;7,4,0.0035,1,215
ood_compose_epi-02737	6	0	2	192,94,210,215,140,160,38,97,69,129,83,43,75,196,144,90,183,63,32,151,110,132,17,167,145,6,181,49,65,117,21,45,184,10,116,198	5,0,0.2985,0,43;7,4,0.7845,0,235;0,5,0.3705,0,222;2,1,0.5305,1,243;0,4,0.8565,0,189;8,2,0.9045,3,6
ood_compose_epi-02738	6	0	2	190,47,192,14,140,93,124,145,3,34,192,63,89,73,87,157,173,210,65,26,69,206,20,117,141,24,109,215,201,97,133,42,49,115,151,210	2,4,0.8225,3,224;1,0,0.4285,2,125;0,5,0.3355,0,178;0,5,0.2235,0,213;0,3,0.7405,0,116;3,3,0.9415,0,225
ood_compose_epi-02739	10	1	0	173,93,62,130,90,207,213,182,44,169,86,53,141,211,136,33,70,21,11,149,160,108,146,65,101,45,5,178,173,36,184,18,125,117,77,114	4,1,0.5285,0,26;8,2,0.9685,0,33;4,4,0.3635,1,163;4,4,0.4255,0,44;4,2,0.4995,0,83;4,0,0.0355,0,43
ood_compose_epi-02740	1	1	0	80,206,104,149,90,209,209,146,133,14,32,4,34,113,141,201,67,120,18,107,123,173,43,53,183,22,60,186,201,178,84,93,45,140,69,201	3,4,0.5925,1,132;7,0,0.6865,0,10;4,2,0.7445,0,99;7,2,0.5455,0,67;7,1,0.3835,3,48;2,3,0.8435,0,127
ood_compose_epi-02741	6	2	0	85,67,169,42,27,16,71,109,15,34,141,186,207,49,186,153,201,140,46,121,117,190,161,92,114,161,93,149,133,58,147,21,99,158,3,73	2,5,0.1815,0,136;2,0,0.5835,1,55;0,0,0.7675,2,9;0,3,0.8045,0,59;2,3,0.5085,0,8;0,3,0.8215,0,195
ood_compose_epi-02742	10	3	1	15,200,21,148,92,122,95,45,43,87,167,209,37,141,159,75,170,157,150,183,171,109,159,69,101,114,190,5,131,65,18,27,61,53,117,139	4,5,0.5455,0,131;2,3,0.7415,0,196;4,3,0.3235,0,25;2,5,0.8715,2,36;4,3,0.4085,0,103;1,1,0.7905,0,27
ood_compose_epi-02743	1	3	2	42,100,52,17,92,164,135,13,148,69,58,140,38,76,123,83,180,106,93,141,21,151,157,211,172,119,199,172,196,45,65,3,27,112,214,214	2,3,0.2115,0,73;2,4,0.5805,0,118;3,0,0.3715,0,24;3,1,0.8745,0,242;3,0,0.0215,2,207;2,5,0.8565,0,249
ood_compose_epi-02744	10	1	0	183,93,201,203,54,181,146,155,117,125,192,138,21,42,64,16,164,101,189,180,2,81,26,196,87,59,141,134,12,70,45,149,115,90,106,35	1,2,0.1765,0,202;1,1,0.4315,0,152;5,1,0.1525,1,207;8,5,0.4415,0,247;4,0,0.6725,0,92;4,4,0.5055,0,8
ood_compose_epi-02745	1	1	1	10,49,99,69,41,116,91,141,39,83,2,122,68,17,192,155,157,45,150,62,192,199,186,146,31,131,205,94,21,111,137,117,74,181,158,189	1,0,0.3435,0,140;6,5,0.2035,0,160;0,4,0.9145,0,210;1,1,0.7955,1,151;2,5,0.9675,0,43;1,1,0.2075,0,132
ood_compose_epi-02746	5	3	2	176,190,29,4,69,45,172,76,169,142,148,187,103,114,43,15,184,166,151,88,152,215,37,111,134,167,117,22,60,93,52,17,83,138,124,64	3,5,0.3595,1,57;4,3,0.6145,0,135;3,2,0.0875,0,14;3,1,0.1155,0,221;6,5,0.5015,0,204;3,4,0.4445,1,203
ood_compose_epi-02747	7	3	1	20,96,171,202,214,104,74,44,69,166,50,173,26,165,117,2,11,84,107,203,130,121,45,175,144,36,66,165,138,113,61,148,92,205,21,150	1,1,0.9095,0,36;1,2,0.8805,0,65;1,3,0.4825,0,248;1,2,0.9055,3,90;7,1,0.3575,0,107;0,0,0.5415,3,204
ood_compose_epi-02748	5	1	0	204,215,106,190,40,131,21,20,137,68,85,194,59,73,191,34,129,33,92,149,93,146,179,179,174,116,49,99,117,192,141,45,71,7,15,201	6,5,0.8205,0,19;8,0,0.0505,0,161;0,1,0.8685,2,23;0,3,0.9465,0,83;2,0,0.8395,0,173;8,1,0.2615,0,137
ood_compose_epi-02749	5	2	2	179,25,175,9,87,147,155,134,108,187,152,116,151,137,141,161,101,44,12,157,69,61,47,21,117,67,127,173,93,167,19,55,79,91,186,38	8,2,0.6105,0,215;0,4,0.9715,2,208;6,3,0.6045,0,35;6,5,0.6485,0,229;4,2,0.8995,0,98;6,4,0.2775,0,61
ood_compose_epi-02750	1	1	1	61,3,215,47,93,195,150,123,110,91,144,117,140,69,65,21,180,195,166,167,113,42,105,181,161,163,152,27,51,134,18,35,15,146,83,73	2,5,0.4265,0,39;2,1,0.4035,2,107;2,3,0.2325,0,82;0,1,0.7675,0,116;8,4,0.3005,0,152;2,4,0.9725,3,149
ood_compose_epi-02751	1	1	2	75,200,123,19,45,192,191,141,198,27,111,113,180,138,183,146,203,98,69,205,39,64,53,179,151,195,117,93,5,62,89,24,133,14,41,84	4,4,0.7445,3,113;2,5,0.3495,0,211;4,4,0.1385,0,97;2,2,0.2995,0,78;1,5,0.2305,0,212;2,3,0.4775,0,11
ood_compose_epi-02752	1	1	1	170,20,146,87,124,45,117,43,133,21,176,163,150,200,4,93,144,153,165,174,37,75,51,113,138,183,107,99,10,27,214,66,199,92,69,59	3,0,0.8515,0,71;2,3,0.6705,0,79;2,1,0.4645,0,233;2,5,0.8195,0,148;2,1,0.2915,0,55;3,3,0.4395,3,183
ood_compose_epi-02753	8	3	2	59,21,206,193,156,155,20,135,138,26,211,11,108,210,151,65,102,69,74,148,141,161,96,37,45,41,117,52,126,112,8,83,92,204,169,210	7,1,0.8525,0,239;1,3,0.2095,0,245;3,1,0.3135,0,27;1,1,0.9705,3,207;5,2,0.0335,0,210;5,5,0.5745,0,77
ood_compose_epi-02754	8	2	1	204,45,169,43,147,117,75,21,135,90,67,168,30,12,182,205,84,198,69,138,93,63,180,39,20,122,115,98,150,108,194,6,152,156,55,144	5,2,0.8235,0,147;5,5,0.7215,0,235;6,5,0.7625,0,128;2,2,0.5455,0,21;1,2,0.7845,0,230;1,5,0.4475,3,190
ood_compose_epi-02755	8	2	0	149,42,30,182,206,171,117,84,180,147,21,65,103,93,160,212,19,88,138,129,169,61,141,69,6,37,45,192,195,116,106,77,10,130,188,54	5,0,0.7795,0,41;5,3,0.4965,0,112;5,3,0.2085,0,211;4,2,0.0265,0,82;6,0,0.9085,0,95;8,0,0.4105,0,56
ood_compose_epi-02756	1	2	2	99,147,21,189,120,91,3,189,37,215,193,33,172,93,80,205,67,168,184,45,15,60,128,190,83,20,41,106,151,56,131,112,141,138,69,174	2,5,0.9105,0,113;8,3,0.2675,0,34;7,2,0.6865,0,71;7,1,0.6495,0,219;2,0,0.1305,3,211;7,1,0.5235,0,150
ood_compose_epi-02757	9	0	0	4,20,128,32,35,145,154,111,178,11,186,56,149,141,209,93,44,63,153,21,159,190,186,171,211,65,86,101,139,45,119,113,69,133,92,73	3,1,0.9195,0,89;7,1,0.9055,0,69;7,5,0.2045,0,211;0,4,0.9815,0,153;4,5,0.3865,2,31;7,3,0.6395,0,245
ood_compose_epi-02758	10	2	1	91,156,33,211,19,39,54,114,172,150,147,106,120,215,82,93,176,6,208,13,126,104,21,173,130,44,141,183,155,69,66,155,45,138,73,59	5,3,0.7485,0,95;8,5,0.9615,0,133;5,1,0.4245,0,201;0,0,0.6515,0,114;7,0,0.4275,3,242;5,0,0.4235,0,39
ood_compose_epi-02759	9	3	0	130,172,58,49,42,155,141,34,149,153,213,187,96,8,212,198,65,21,117,186,14,126,139,74,88,110,148,98,190,82,191,112,19,45,69,29	7,4,0.6785,0,159;4,0,0.4385,0,172;0,0,0.2685,0,24;1,0,0.1145,3,82;1,4,0.0765,0,88;5,0,0.7105,0,63
ood_compose_epi-02760	10	1	2	83,68,33,110,188,11,174,160,21,45,189,202,56,211,153,163,142,69,171,92,170,136,58,44,9,114,132,76,98,151,125,93,146,117,16,37	8,1,0.1275,0,9;8,3,0.8845,0,177;7,0,0.8575,0,20;3,1,0.9935,0,120;1,4,0.5155,0,112;4,2,0.0605,1,248
ood_compose_epi-02761	6	1	2	108,83,63,42,93,10,45,73,169,25,121,99,181,115,21,151,177,137,117,3,201,133,197,146,154,199,159,69,36,144,89,209,175,65,16,49	2,0,0.0275,0,199;0,2,0.4575,0,89;0,5,0.3665,0,119;0,1,0.2075,0,35;2,2,0.6015,0,13;0,3,0.2295,3,242
ood_compose_epi-02762	10	1	1	93,136,163,14,170,2,192,212,146,24,87,162,200,166,17,33,65,125,56,202,212,133,105,107,150,60,90,81,114,141,45,117,69,205,42,34	1,4,0.3585,3,113;8,0,0.5105,0,193;7,2,0.2835,0,174;8,5,0.4995,0,39;8,1,0.4155,0,8;4,3,0.1505,0,125
ood_compose_epi-02763	1	1	0	183,21,93,196,19,40,167,12,91,66,46,185,141,31,200,146,113,183,62,69,83,188,39,186,149,133,51,123,207,75,202,136,8,117,100,111	7,2,0.7495,0,140;6,5,0.0705,1,97;2,4,0.5705,0,71;2,1,0.6695,0,235;3,5,0.2295,0,16;2,3,0.1475,0,253
ood_compose_epi-02764	1	2	0	152,163,19,206,149,27,115,55,192,140,36,123,60,147,6,68,141,176,168,170,152,107,199,21,13,69,79,178,133,45,88,43,99,84,93,117	5,3,0.7045,0,155;2,2,0.6245,0,135;6,2,0.8785,0,127;6,2,0.0775,0,148;2,1,0.7605,0,196;2,3,0.9275,0,47
ood_compose_epi-02765	9	1	2	157,121,132,35,146,116,63,83,76,43,206,104,193,89,215,209,14,190,67,69,17,117,108,151,93,45,56,199,202,21,27,9,213,142,136,187	8,4,0.2985,0,75;2,1,0.7515,0,58;7,5,0.6345,0,253;3,1,0.2565,0,235;7,2,0.9225,0,86;0,2,0.1185,1,30
ood_compose_epi-02766	2	0	1	125,141,154,162,204,162,158,17,43,27,117,69,45,106,89,145,181,137,172,150,133,67,209,35,49,58,74,93,171,10,113,190,84,99,21,8	7,0,0.3415,0,181;2,1,0.6235,0,157;0,0,0.7435,0,85;1,2,0.3385,0,184;2,0,0.3465,0,206;4,3,0.2775,0,241
ood_compose_epi-02767	9	3	0	176,12,56,141,211,191,88,86,73,60,1,97,93,167,122,69,108,131,173,153,113,117,193,167,41,18,23,171,167,28,148,66,149,37,46,140	0,2,0.5105,2,38;3,3,0.2075,1,113;7,2,0.4325,0,105;0,4,0.1405,0,42;0,2,0.3805,0,4;1,1,0.9855,0,85
ood_compose_epi-02768	9	3	2	22,151,204,161,112,187,137,47,69,14,168,164,60,204,141,135,162,42,187,39,91,160,206,93,111,117,127,103,66,2,56,76,82,19,31,148	1,4,0.6435,1,176;6,5,0.5515,2,44;7,2,0.5675,0,25;3,0,0.7365,0,26;6,5,0.1795,0,153;6,5,0.3475,0,233
ood_compose_epi-02769	1	3	1	133,45,172,34,110,66,78,192,211,140,93,150,116,51,69,195,158,90,186,27,41,6,16,142,58,148,126,12,206,101,189,177,82,203,21,119	5,2,0.0505,0,55;2,0,0.2775,0,200;2,0,0.4585,0,189;5,0,0.5905,0,241;4,4,0.8325,2,5;5,3,0.9905,1,162
ood_compose_epi-02770	1	3	2	28,59,151,178,21,96,111,171,51,183,69,170,185,128,41,15,199,191,18,140,135,190,34,92,76,148,85,67,114,208,200,117,3,45,141,97	2,5,0.4895,0,177;3,0,0.2675,0,84;2,1,0.6365,0,20;3,3,0.8085,3,238;0,5,0.4495,0,121;7,5,0.9025,0,232
ood_compose_epi-02771	10	1	0	170,2,133,87,93,15,117,177,138,38,17,149,40,61,91,107,53,45,105,129,73,181,23,171,146,184,194,141,65,213,116,69,180,178,212,25	1,5,0.3125,2,114;0,4,0.0955,0,51;4,3,0.2045,0,20;0,5,0.6425,0,188;8,1,0.8245,0,89;8,3,0.4525,0,143
ood_compose_epi-02772	7	0	1	150,74,84,157,111,169,194,189,141,69,49,139,63,112,122,16,21,184,193,145,118,40,93,100,208,165,3,48,90,26,34,133,65,199,11,211	2,1,0.0135,0,27;1,0,0.0355,3,137;0,5,0.3815,0,69;1,2,0.4925,0,72;3,5,0.0325,1,230;1,3,0.7155,0,50
ood_compose_epi-02773	1	2	1	27,198,203,89,69,154,193,150,53,37,172,45,41,117,10,172,141,17,140,24,64,93,75,128,130,99,107,197,62,87,114,163,168,147,5,153	4,0,0.3545,3,32;2,3,0.3755,0,4;4,4,0.1395,0,126;2,5,0.2005,0,172;2,1,0.5815,0,66;7,0,0.9475,0,211
ood_compose_epi-02774	4	1	0	45,12,56,180,183,68,183,92,149,109,178,156,93,137,173,189,42,69,168,77,21,18,28,9,61,130,201,37,84,146,127,117,177,105,142,113	8,2,0.5705,0,154;3,3,0.5115,0,74;7,3,0.8565,0,170;4,2,0.8435,0,143;8,3,0.2155,0,164;6,0,0.2435,1,221
ood_compose_epi-02775	8	3	1	171,18,43,123,115,30,21,117,87,148,139,56,150,159,189,132,102,78,92,72,107,167,210,141,207,60,190,166,201,93,45,37,13,3,67,202	2,3,0.4535,0,188;5,3,0.6255,0,46;7,2,0.6845,3,99;5,5,0.8065,0,237;5,1,0.6495,0,211;2,2,0.7945,0,211
ood_compose_epi-02776	1	2	0	36,66,15,117,171,69,208,125,3,21,105,138,114,51,214,31,41,195,207,133,79,93,147,199,201,203,107,16,90,176,141,211,149,45,87,63	2,5,0.0485,0,11;6,2,0.2575,0,124;2,5,0.4205,0,35;6,5,0.4065,0,80;8,1,0.4515,0,60;4,3,0.4395,0,67
ood_compose_epi-02777	8	3	2	148,102,59,82,15,127,151,31,79,142,41,21,108,45,139,55,69,113,201,189,180,65,132,117,171,166,154,179,153,166,39,89,20,94,213,6	5,5,0.9665,0,196;6,5,0.2025,0,155;6,1,0.3095,0,111;6,0,0.3425,1,185;5,2,0.3415,0,174;6,2,0.6655,1,181
ood_compose_epi-02778	5	3	0	120,184,39,31,90,41,16,71,148,181,99,45,61,4,22,106,169,173,139,132,122,75,195,53,149,182,95,65,11,184,212,167,85,141,114,155	3,1,0.0425,1,149;6,5,0.3775,0,254;4,3,0.3345,2,84;2,3,0.5445,2,143;2,0,0.4285,3,134;1,2,0.6635,0,150
ood_compose_epi-02779	1	2	2	147,42,133,106,123,89,161,170,3,21,178,165,137,193,86,117,45,50,69,36,215,32,66,151,166,19,188,195,93,75,112,15,141,99,61,190	2,5,0.6985,0,87;7,2,0.4775,0,0;1,3,0.4845,0,42;2,4,0.3935,0,123;2,0,0.1615,0,140;2,3,0.3355,0,14
ood_compose_epi-02780	6	3	1	38,1,205,148,199,30,100,117,21,17,113,65,141,204,83,129,179,160,91,177,93,135,46,49,150,44,212,136,58,15,69,191,176,73,207,106	0,5,0.2095,0,218;5,4,0.9735,1,248;0,0,0.3945,0,192;0,1,0.7115,0,17;3,0,0.3405,0,142;8,5,0.1415,0,254
ood_compose_epi-02781	5	2	1	150,18,147,21,205,198,45,192,105,9,160,93,73,40,130,39,214,55,141,175,153,176,117,69,115,128,61,189,137,90,87,210,108,33,68,14	8,4,0.4275,0,51;8,5,0.1235,0,163;6,3,0.9795,0,138;0,5,0.4955,0,223;8,2,0.6285,0,77;7,0,0.2855,0,8
ood_compose_epi-02782	4	1	2	201,102,164,52,116,206,17,141,69,138,131,192,82,205,211,4,197,35,110,41,75,206,63,66,124,146,27,200,214,151,21,90,117,11,93,45	3,1,0.3525,0,252;2,1,0.2965,0,182;3,5,0.4785,0,12;2,0,0.4815,0,228;5,4,0.9065,0,139;3,1,0.5595,0,42
ood_compose_epi-02783	1	2	0	140,38,69,177,40,149,141,207,177,98,45,83,108,157,214,31,61,88,122,147,168,189,155,2,113,130,51,21,117,75,12,200,94,68,18,160	1,2,0.5135,0,202;6,4,0.1345,0,116;2,3,0.8215,0,208;2,1,0.0415,1,122;1,2,0.2695,0,245;1,0,0.8165,0,240
ood_compose_epi-02784	10	1	1	187,14,133,214,171,17,21,47,75,117,113,62,35,53,43,154,98,3,66,93,69,182,83,146,88,171,172,123,190,106,142,197,28,150,138,178	2,4,0.2135,0,46;3,1,0.6865,2,43;4,4,0.5935,0,219;2,1,0.0455,0,56;1,0,0.3235,0,108;2,3,0.5635,1,33
ood_compose_epi-02785	4	1	0	181,38,108,18,12,142,46,60,8,193,103,198,190,204,134,41,123,149,57,112,117,31,76,146,92,66,21,71,206,186,93,166,85,139,213,187	7,2,0.5985,0,43;6,4,0.3365,1,188;8,2,0.4015,2,155;3,3,0.9115,0,94;6,2,0.1215,0,56;2,4,0.6375,1,60
ood_compose_epi-02786	1	2	2	115,170,152,78,153,187,89,154,12,133,151,99,123,48,58,138,53,111,199,156,93,37,69,141,86,190,64,27,18,147,43,192,5,117,21,183	4,2,0.5205,0,137;2,3,0.7855,3,238;4,0,0.0675,0,106;5,4,0.2395,0,227;2,5,0.7045,0,137;2,3,0.4425,0,194
ood_compose_epi-02787	9	3	0	35,149,113,15,139,44,4,157,153,135,180,74,208,90,179,110,72,117,17,83,128,63,45,28,193,172,103,21,56,93,65,153,189,141,148,213	3,5,0.2095,0,228;3,1,0.8155,0,32;7,5,0.3595,3,88;1,1,0.5085,0,32;6,4,0.3465,0,224;7,5,0.7565,0,24
ood_compose_epi-02788	5	2	2	79,125,141,41,161,147,138,115,171,45,15,164,31,103,37,106,151,213,58,24,185,135,7,153,53,176,70,93,68,87,18,165,152,117,163,89	6,5,0.5885,3,121;6,3,0.2255,0,241;4,0,0.8075,1,220;6,5,0.3025,0,245;6,0,0.7465,0,191;4,5,0.4345,0,94
ood_compose_epi-02789	9	0	0	164,42,188,38,128,45,171,89,149,69,145,108,62,112,4,23,68,172,83,130,18,32,141,99,156,200,185,12,174,140,117,164,93,51,173,76	3,2,0.4065,2,113;7,4,0.4695,0,11;2,4,0.9725,0,251;3,1,0.3105,0,178;2,2,0.1795,0,136;7,0,0.9885,0,132
ood_compose_epi-02790	9	1	0	63,30,154,34,198,131,95,149,146,19,172,138,41,110,6,21,177,69,10,127,163,113,56,208,66,154,45,100,169,200,117,73,92,169,86,141	5,0,0.7815,0,253;5,0,0.2065,0,170;7,5,0.4685,0,104;0,4,0.8625,2,14;3,4,0.3395,0,121;6,1,0.5075,0,197
ood_compose_epi-02791	9	0	0	199,141,127,145,93,11,47,108,113,149,174,87,59,65,193,155,184,91,135,187,18,80,41,137,70,9,162,161,54,154,104,203,30,117,34,21	8,1,0.4525,0,97;5,0,0.3815,2,8;5,1,0.2885,1,23;7,5,0.6995,0,117;7,2,0.2525,0,230;6,5,0.2525,0,9
ood_compose_epi-02792	1	2	1	190,150,133,204,69,47,63,30,164,54,16,21,73,186,140,113,117,212,123,44,201,3,93,211,109,99,88,173,147,15,141,68,180,38,165,85	2,5,0.0115,0,104;5,4,0.9025,2,102;5,5,0.8405,0,7;0,3,0.1095,0,51;2,3,0.3145,0,49;2,3,0.9045,0,77
ood_compose_epi-02793	0	3	0	28,139,117,206,95,90,199,69,193,115,75,19,65,109,4,215,40,52,45,100,141,14,212,133,148,24,201,185,62,200,129,149,193,171,35,83	3,4,0.7135,3,103;3,1,0.1335,0,114;3,4,0.2445,0,135;2,1,0.5185,2,130;3,3,0.6535,0,51;8,3,0.6585,0,107
ood_compose_epi-02794	9	1	1	65,159,140,80,150,115,160,69,86,34,172,132,97,198,46,128,93,168,21,11,161,117,183,141,62,173,197,203,90,55,146,44,17,32,108,7	6,1,0.3315,0,71;7,0,0.8375,1,117;6,4,0.2955,0,154;7,4,0.5245,0,21;0,2,0.6665,0,13;7,2,0.8025,0,84
ood_compose_epi-02795	10	2	2	38,41,109,167,127,105,181,10,151,81,208,21,176,57,144,83,71,60,66,212,166,183,184,167,45,2,139,30,17,117,113,154,130,147,93,90	1,0,0.3355,0,7;5,4,0.3025,0,79;8,2,0.4695,2,107;8,1,0.5935,0,203;8,3,0.3635,0,147;6,0,0.6005,3,159
ood_compose_epi-02796	1	0	2	151,117,69,184,39,153,91,196,153,141,51,18,133,21,214,68,93,174,45,145,9,121,140,103,165,159,44,111,13,77,114,27,179,205,87,62	8,3,0.4675,0,176;2,5,0.9395,0,61;2,4,0.9575,0,41;4,5,0.6725,0,61;6,5,0.5995,0,213;0,3,0.8395,0,188
ood_compose_epi-02797	6	1	0	146,21,110,101,137,186,176,117,45,149,16,91,116,66,59,152,73,161,142,127,93,69,212,34,183,25,13,52,1,193,213,133,83,195,211,40	0,3,0.1205,0,152;0,0,0.1545,0,106;3,1,0.4705,0,179;0,1,0.7595,0,155;4,4,0.9785,0,155;6,3,0.2055,1,137
ood_compose_epi-02798	6	3	1	108,69,157,125,38,87,98,43,92,117,49,210,148,4,93,171,45,188,139,142,170,73,11,134,18,150,192,198,166,64,176,25,61,24,210,116	3,1,0.4135,3,107;0,4,0.6065,0,224;0,3,0.0955,0,3;0,5,0.9015,0,21;1,2,0.8705,0,40;4,4,0.7375,1,220
ood_compose_epi-02799	10	0	2	116,59,138,89,129,141,117,87,12,212,81,93,17,134,72,111,21,44,167,151,145,177,182,193,158,25,187,39,101,214,57,45,209,1,207,65	0,2,0.3115,0,185;0,5,0.9695,0,23;8,1,0.2225,3,164;8,5,0.2845,0,71;4,5,0.8895,0,169;8,4,0.4465,0,152
ood_compose_epi-02800	1	1	2	167,165,41,139,86,18,153,185,210,91,110,61,93,65,209,189,99,47,11,151,132,36,69,143,214,28,168,117,51,113,182,3,79,21,146,123	2,1,0.4755,0,195;3,2,0.2585,2,165;2,3,0.3925,0,226;6,4,0.7665,0,221;2,4,0.2175,0,29;2,2,0.6065,2,49
ood_compose_epi-02801	10	1	2	33,13,21,139,184,58,18,46,35,187,134,5,69,53,100,87,146,89,190,124,163,66,43,157,141,151,173,198,113,117,194,93,73,205,110,171	4,3,0.5045,0,17;8,1,0.7475,1,172;4,0,0.5215,0,174;0,5,0.2315,0,17;3,4,0.2485,0,73;3,4,0.6375,0,220
ood_compose_epi-02802	9	2	2	147,89,138,107,134,16,144,202,154,43,195,96,32,36,119,151,81,58,72,97,198,202,21,121,159,113,198,82,177,160,193,51,9,45,12,66	8,2,0.0455,0,114;7,2,0.6835,0,117;2,0,0.4415,3,168;8,0,0.3945,3,197;0,1,0.2875,2,42;0,4,0.4665,3,87
ood_compose_epi-02803	10	1	2	85,143,117,112,131,184,45,21,146,122,15,19,68,206,204,139,158,154,111,102,151,44,171,2,166,29,38,77,91,180,53,93,174,163,69,62	1,5,0.7455,0,232;4,4,0.9215,0,13;4,4,0.8535,0,41;4,3,0.7815,0,235;5,5,0.1595,0,189;1,1,0.7595,2,207
ood_compose_epi-02804	2	1	2	189,127,209,86,131,181,159,151,95,21,196,116,208,91,45,81,57,117,201,107,157,204,146,100,59,12,33,9,34,18,141,65,69,41,211,139	8,2,0.5675,0,68;8,0,0.3175,0,249;8,1,0.3925,0,128;8,4,0.6345,2,88;3,1,0.8205,0,248;6,1,0.7185,0,5
ood_compose_epi-02805	10	0	2	167,117,100,161,34,173,213,95,140,187,19,184,183,87,112,50,110,40,141,165,92,59,134,10,170,176,145,129,21,68,69,45,32,76,151,6	5,0,0.7315,0,33;7,0,0.1715,0,67;1,1,0.9565,0,159;3,5,0.9415,2,84;3,4,0.0145,0,33;8,4,0.9505,0,242
ood_compose_epi-02806	1	0	2	211,19,28,169,65,135,89,151,167,80,189,59,35,187,207,171,44,87,206,69,96,123,139,21,141,111,183,3,145,51,45,15,196,117,104,115	2,5,0.7465,0,247;3,1,0.9075,0,102;2,1,0.2705,0,15;7,5,0.2155,3,212;7,5,0.6675,0,29;2,5,0.7825,0,45
ood_compose_epi-02807	3	0	0	76,140,175,44,157,124,149,191,153,132,28,97,117,95,45,211,11,21,114,208,60,214,69,165,4,107,19,141,174,84,52,38,65,212,145,89	3,1,0.7075,0,139;3,4,0.9735,0,132;3,2,0.3365,0,176;3,2,0.3935,2,137;0,1,0.5155,0,217;3,2,0.8975,0,78
ood_compose_epi-02808	6	1	0	205,123,117,19,42,191,108,195,98,193,134,84,49,66,146,171,113,11,177,25,208,149,36,198,24,5,141,161,69,45,89,80,162,93,137,60	4,1,0.6105,3,38;0,2,0.4785,0,57;0,2,0.5095,0,147;7,2,0.2635,0,14;1,2,0.3985,0,95;2,4,0.2775,0,230
ood_compose_epi-02809	6	0	1	137,45,150,39,175,69,49,152,209,200,82,19,25,155,104,109,180,11,200,1,41,145,93,201,132,78,21,65,90,141,121,116,60,194,117,193	0,1,0.6045,0,215;0,5,0.3435,0,56;0,2,0.2535,0,94;5,0,0.4085,0,214;7,3,0.9035,0,153;0,2,0.3365,0,164
ood_compose_epi-02810	10	2	2	117,6,138,21,155,36,123,172,197,141,87,183,65,207,12,42,114,90,206,194,69,103,151,59,93,185,163,77,45,51,26,147,132,19,107,198	5,2,0.7585,0,217;1,2,0.4005,0,114;2,1,0.3875,0,44;4,5,0.4485,0,135;6,1,0.5425,0,236;2,2,0.5555,0,183
ood_compose_epi-02811	2	0	2	26,107,183,45,117,168,75,173,189,90,145,136,194,124,135,141,67,116,100,151,178,61,3,14,34,21,49,200,16,215,187,41,84,95,72,178	2,4,0.0485,0,167;1,0,0.3585,0,122;0,3,0.6825,3,46;2,2,0.4585,2,39;3,1,0.9345,0,237;3,5,0.0685,0,55
ood_compose_epi-02812	6	2	2	141,133,34,117,128,181,93,45,212,137,113,101,13,110,66,181,197,91,69,151,44,152,53,176,155,147,23,59,27,179,183,73,185,18,5,87	4,3,0.5285,2,83;2,0,0.9545,0,211;4,1,0.4295,0,155;0,5,0.6995,0,105;4,4,0.3475,0,39;7,3,0.3415,0,97
ood_compose_epi-02813	6	2	1	61,214,37,86,116,93,16,25,204,45,117,141,134,92,68,194,147,172,185,175,10,150,3,111,21,97,69,189,200,51,136,42,123,191,182,75	2,0,0.1555,0,189;0,3,0.4385,0,223;2,3,0.9955,0,118;2,4,0.9425,0,36;0,5,0.9445,0,220;2,4,0.1445,0,177
ood_compose_epi-02814	10	0	2	29,13,20,122,79,192,170,52,89,134,151,136,141,109,5,93,182,101,62,201,45,145,43,197,69,193,37,120,116,68,21,210,87,214,160,171	4,3,0.8175,0,49;4,3,0.6095,0,13;3,4,0.8575,0,31;6,5,0.2875,0,45;4,3,0.9535,3,152;1,4,0.0485,0,94
ood_compose_epi-02815	1	1	0	140,45,130,152,180,66,117,114,10,141,16,208,182,111,27,201,39,71,156,178,59,21,164,103,85,203,183,42,93,127,77,89,149,56,146,4	3,0,0.0455,0,108;2,5,0.4755,0,36;7,1,0.5685,2,239;4,3,0.2045,0,200;6,5,0.5425,0,100;6,0,0.9055,0,198
ood_compose_epi-02816	3	0	1	186,4,122,49,44,169,178,199,154,38,21,150,70,109,183,45,145,17,168,156,116,93,202,117,138,63,141,15,68,82,187,100,135,88,29,74	3,5,0.3575,0,63;4,4,0.8435,0,223;0,5,0.8115,1,247;1,0,0.0565,0,41;3,3,0.9905,0,197;1,5,0.5275,0,15
ood_compose_epi-02817	5	0	1	77,139,134,31,116,168,117,21,69,150,180,103,60,39,183,65,163,84,3,11,56,19,211,106,188,190,191,190,94,145,89,154,141,44,126,45	2,1,0.6935,0,9;6,5,0.9085,0,15;7,2,0.3775,0,247;4,2,0.2795,1,168;6,0,0.9115,0,23;5,4,0.7975,0,94
ood_compose_epi-02818	1	3	2	153,69,30,82,117,141,139,188,51,152,121,114,106,191,41,18,168,132,61,23,66,7,151,101,184,195,10,36,160,207,45,81,164,93,91,148	6,0,0.4915,2,192;5,2,0.2305,0,124;2,3,0.4655,0,119;8,0,0.7415,0,212;4,0,0.5515,0,53;0,2,0.7515,0,118
ood_compose_epi-02819	6	2	0	97,181,69,89,73,113,13,152,49,206,166,206,122,131,9,63,180,147,27,141,44,170,38,85,20,203,137,93,45,21,168,67,117,195,149,106	8,3,0.8205,0,46;2,4,0.9805,0,24;0,5,0.6905,0,90;0,3,0.2265,0,122;0,0,0.2935,0,195;1,1,0.3065,0,252
ood_compose_epi-02820	6	1	2	126,23,131,12,73,188,146,207,168,156,82,171,192,113,37,44,200,169,97,151,93,45,139,156,25,88,109,142,19,69,1,59,117,186,52,66	0,2,0.7215,2,105;0,3,0.9495,0,52;3,1,0.5935,0,226;0,0,0.1115,0,24;0,3,0.2405,0,45;5,1,0.6615,1,7
ood_compose_epi-02821	6	3	2	196,88,117,165,125,113,141,204,31,45,1,134,69,152,20,212,59,21,36,93,179,195,151,55,12,79,169,200,139,111,67,161,40,148,103,87	0,2,0.8135,0,199;6,2,0.1045,0,212;6,1,0.6365,0,84;6,5,0.1415,0,197;6,5,0.2075,0,163;4,4,0.7415,0,8
ood_compose_epi-02822	1	2	0	3,89,131,86,154,45,186,181,18,39,63,163,200,159,44,141,51,11,21,161,200,80,69,96,108,117,149,147,174,121,27,114,139,68,104,179	2,1,0.5075,0,23;2,5,0.9495,0,13;2,5,0.8265,0,63;7,4,0.2805,3,232;7,2,0.5925,0,126;0,1,0.7835,0,68
ood_compose_epi-02823	6	2	0	183,81,20,69,35,152,168,207,1,24,68,149,49,165,117,136,83,174,98,62,131,114,13,92,41,27,194,45,147,108,93,158,190,141,154,123	0,3,0.8145,3,126;2,1,0.3315,0,131;0,4,0.9745,0,100;8,1,0.9745,0,17;1,2,0.5295,0,83;2,1,0.0455,0,30
ood_compose_epi-02824	1	3	2	62,115,21,16,12,200,75,30,45,153,57,205,211,138,124,148,69,98,131,163,106,85,117,185,93,204,141,9,186,67,41,151,178,211,38,90	8,2,0.1835,0,184;5,4,0.3235,0,47;8,4,0.7675,0,186;2,3,0.5765,0,251;1,0,0.6005,0,107;3,1,0.5435,0,55
ood_compose_epi-02825	9	2	2	207,141,201,59,36,117,130,163,69,123,160,151,136,201,104,67,156,88,93,31,19,11,108,48,113,162,82,200,41,21,56,80,147,155,169,7	6,1,0.6805,0,193;6,2,0.3455,3,197;7,1,0.6635,0,137;7,0,0.1145,0,170;7,2,0.2325,0,151;2,0,0.0355,0,35
ood_compose_epi-02826	7	3	1	191,118,135,141,148,89,150,152,104,35,45,42,93,158,170,122,140,15,70,18,177,82,3,112,58,65,28,188,106,21,190,55,167,196,75,205	2,5,0.4415,0,113;3,1,0.4565,0,178;6,0,0.2255,1,247;2,0,0.3395,0,163;7,0,0.0915,1,192;1,5,0.8385,0,207
ood_compose_epi-02827	9	2	0	21,209,147,91,62,175,149,42,82,106,69,35,141,101,175,73,178,198,119,53,179,169,115,15,47,127,2,179,133,93,137,17,193,65,177,33	1,5,0.3635,0,92;8,1,0.5415,2,213;4,4,0.3655,0,82;0,0,0.6185,0,42;4,0,0.6205,2,139;6,3,0.2415,0,41
ood_compose_epi-02828	1	3	1	178,27,123,37,209,5,114,71,68,175,136,172,92,142,201,93,15,152,212,155,205,150,77,44,82,203,100,108,51,133,45,118,63,21,19,148	4,5,0.7335,0,96;2,3,0.8295,0,41;2,5,0.8235,2,225;4,0,0.8155,0,51;3,2,0.4465,1,8;2,3,0.0415,1,146
ood_compose_epi-02829	2	0	0	100,27,145,93,21,164,47,175,172,172,38,141,153,201,69,67,134,12,91,83,126,58,149,109,52,76,180,42,7,140,179,200,112,213,118,19	6,2,0.7535,0,59;2,4,0.4945,2,0;3,0,0.7925,0,26;3,1,0.7055,0,71;3,3,0.1355,1,67;5,4,0.8425,0,195
ood_compose_epi-02830	1	2	0	172,213,101,123,86,178,75,45,113,199,110,163,93,40,192,5,19,117,132,91,11,141,149,54,67,36,59,21,196,189,29,210,139,69,183,147	4,1,0.6035,0,247;4,2,0.1775,0,240;5,1,0.6195,0,190;2,4,0.6135,0,170;4,4,0.3725,0,30;2,2,0.7945,0,167
ood_compose_epi-02831	9	3	1	113,13,161,192,45,40,167,212,93,133,183,65,167,137,123,21,84,141,150,117,92,34,77,179,69,8,61,148,195,183,53,107,167,20,29,97	7,3,0.8025,0,159;4,0,0.1375,0,23;4,3,0.2695,0,127;4,2,0.8765,0,241;0,1,0.2245,0,212;2,3,0.2505,0,125
ood_compose_epi-02832	1	1	0	10,62,86,112,93,37,146,166,140,99,8,57,69,199,165,19,155,206,21,197,41,163,27,141,149,45,64,206,106,129,131,207,155,92,75,117	7,0,0.7275,0,232;2,3,0.3435,0,187;8,4,0.0395,0,81;2,4,0.8495,0,197;2,0,0.0425,0,6;8,1,0.8995,0,73
ood_compose_epi-02833	4	1	2	128,82,71,107,162,154,55,45,8,88,152,100,28,41,197,134,81,117,140,146,202,182,10,21,65,192,37,151,199,144,115,58,180,159,96,18	7,0,0.4685,0,226;3,3,0.2045,0,145;6,0,0.2865,2,52;8,0,0.1525,3,222;3,1,0.7435,0,28;7,4,0.8105,3,161
ood_compose_epi-02834	10	1	1	211,146,184,71,109,62,37,157,45,150,203,186,17,11,50,104,116,125,92,171,9,82,132,171,144,120,21,204,178,136,41,64,81,182,33,96	8,1,0.2325,0,97;8,3,0.3585,0,67;1,4,0.0635,2,134;8,0,0.9725,3,6;7,3,0.9255,3,62;4,2,0.0815,3,33
ood_compose_epi-02835	6	3	0	97,5,34,92,117,69,135,154,21,205,60,83,215,75,140,45,114,142,198,148,111,149,158,191,206,53,157,11,124,18,93,42,64,193,28,211	4,1,0.4935,0,165;3,0,0.5875,0,42;4,2,0.1145,0,131;2,1,0.9605,0,176;0,5,0.4935,0,205;3,5,0.8505,1,84
ood_compose_epi-02836	3	0	0	100,186,90,63,41,93,76,190,212,142,117,28,149,35,69,47,126,145,206,19,111,134,55,173,172,68,84,137,10,191,152,113,4,21,198,172	3,0,0.7745,0,243;3,1,0.2895,2,45;6,5,0.9645,0,177;3,2,0.4365,0,215;3,5,0.3285,0,48;5,4,0.2635,1,107
ood_compose_epi-02837	6	2	1	154,86,200,91,131,110,123,116,120,64,13,49,97,69,150,159,93,141,190,176,27,41,208,45,200,136,73,36,9,62,156,204,17,21,197,147	8,3,0.3415,0,90;2,2,0.2405,0,198;0,4,0.1105,0,122;0,4,0.6545,0,224;0,4,0.8725,3,183;2,1,0.0525,0,39
ood_compose_epi-02838	5	1	1	36,139,177,170,155,93,150,210,69,21,8,176,127,48,62,14,135,141,17,117,168,76,146,53,67,44,153,157,113,199,111,99,193,86,89,33	7,4,0.2065,0,0;8,2,0.8495,3,186;4,4,0.6595,0,9;3,4,0.3345,0,180;2,5,0.3295,0,205;6,5,0.6395,0,4
ood_compose_epi-02839	1	3	0	162,69,124,117,59,158,205,11,95,75,35,154,3,174,139,21,148,84,89,27,42,196,45,202,197,210,101,132,149,20,204,144,52,66,113,106	2,1,0.8675,0,218;2,1,0.5265,0,119;3,1,0.4205,0,225;2,2,0.2625,2,213;4,0,0.3445,0,68;3,2,0.6045,3,155
ood_compose_epi-02840	10	1	2	110,152,117,151,40,56,45,125,69,189,137,93,212,178,146,186,104,77,87,5,34,21,29,68,112,185,141,214,60,187,16,175,11,132,211,92	4,1,0.0495,0,87;4,0,0.0685,0,3;7,2,0.8485,0,69;4,5,0.9085,0,96;7,4,0.1215,0,165;4,2,0.3865,0,178
ood_compose_epi-02841	1	0	2	196,10,151,155,199,158,91,141,43,67,137,165,173,104,187,145,45,83,132,212,69,37,8,123,106,113,27,200,21,94,208,51,58,117,80,19	7,0,0.6005,0,165;2,3,0.7425,0,208;2,0,0.7375,0,231;7,1,0.6565,1,95;7,0,0.3875,0,46;2,2,0.3855,0,176
ood_compose_epi-02842	9	3	1	78,13,69,154,39,182,85,195,148,107,66,114,63,93,141,160,16,21,167,150,6,45,104,91,32,42,178,122,168,56,117,132,152,199,140,169	5,3,0.0845,0,81;7,5,0.5905,0,223;7,5,0.5025,0,182;5,3,0.6935,0,116;7,1,0.5035,0,74;1,2,0.9645,0,232
ood_compose_epi-02843	0	3	2	182,41,98,107,84,27,174,134,212,141,211,93,148,112,162,52,171,4,58,76,18,66,166,11,137,172,69,36,124,175,21,163,45,117,88,151	3,1,0.4255,0,187;2,2,0.3755,0,182;3,0,0.5895,0,211;3,2,0.1455,0,194;1,1,0.1245,0,246;3,4,0.2645,0,224
ood_compose_epi-02844	6	3	1	148,131,215,169,109,64,143,117,4,36,90,164,52,175,95,127,31,40,76,182,159,19,63,21,170,116,150,187,83,46,11,209,152,137,97,70	3,1,0.7355,0,210;6,2,0.1975,1,156;3,5,0.0755,1,153;3,1,0.5495,2,242;0,3,0.8545,0,245;6,1,0.3885,2,7
ood_compose_epi-02845	2	0	2	118,114,105,77,154,209,28,130,151,164,88,164,65,59,45,42,145,55,164,158,188,178,111,93,141,12,69,121,35,169,83,17,199,140,21,7	6,2,0.3195,0,203;3,1,0.5025,0,93;6,1,0.3105,0,194;4,1,0.0855,0,25;8,5,0.4605,1,242;0,0,0.8845,0,210
ood_compose_epi-02846	9	2	2	174,121,90,36,56,32,151,193,73,169,187,205,196,154,45,111,3,117,211,155,69,66,143,134,115,174,93,44,138,147,104,60,21,87,20,11	2,1,0.8365,0,124;7,2,0.9255,0,8;7,2,0.5825,0,70;0,5,0.5675,0,231;7,5,0.6695,0,241;0,4,0.5645,2,171
ood_compose_epi-02847	1	2	0	77,182,91,156,127,205,147,111,137,175,141,45,71,182,104,27,17,113,44,85,37,59,51,10,93,206,130,205,159,149,207,65,117,6,21,181	5,0,0.3625,0,214;2,3,0.8995,0,131;2,1,0.2295,2,2;4,3,0.6905,0,98;7,5,0.2015,0,133;6,0,0.3225,0,218
ood_compose_epi-02848	10	2	0	117,16,61,186,93,184,38,164,53,156,130,147,122,9,113,179,98,214,21,45,138,200,158,44,85,156,29,75,14,181,67,106,141,88,149,69	8,4,0.1785,0,117;4,4,0.9445,0,136;4,3,0.7725,0,200;2,3,0.1605,0,140;1,0,0.3775,0,142;1,0,0.5115,0,153
ood_compose_epi-02849	1	3	1	21,39,139,59,206,88,187,85,117,12,181,148,171,215,180,203,135,95,69,99,150,27,109,185,73,45,121,49,113,177,18,64,141,3,42,200	2,2,0.5295,0,214;2,5,0.4685,0,164;0,1,0.0215,0,149;0,3,0.0765,2,5;2,3,0.2705,0,33;0,5,0.6535,0,254
ood_compose_epi-02850	7	3	0	86,189,16,93,110,64,98,148,187,208,202,133,45,191,35,162,63,149,192,117,129,209,74,71,4,158,21,140,42,14,207,33,141,92,57,115	3,4,0.1095,0,50;8,1,0.4065,0,60;8,5,0.0615,2,200;1,4,0.9635,0,236;1,4,0.6255,0,1;8,3,0.9335,0,99
ood_compose_epi-02851	2	3	0	81,183,144,194,138,90,178,195,12,193,55,132,209,93,185,16,63,100,152,127,117,116,31,149,84,44,163,5,67,21,187,70,37,148,48,107	4,2,0.0365,0,175;6,3,0.8425,3,35;6,5,0.7505,1,233;8,2,0.4535,0,125;3,1,0.8605,0,13;6,2,0.5665,3,97
ood_compose_epi-02852	1	3	2	20,140,197,151,24,107,114,67,212,118,183,11,49,144,194,59,87,152,31,92,192,45,42,127,39,159,3,190,174,134,93,148,75,99,69,188	2,1,0.8125,3,126;6,5,0.4325,0,211;0,1,0.7245,0,107;2,5,0.9085,0,183;2,1,0.5755,1,66;6,4,0.8965,3,0
ood_compose_epi-02853	4	1	0	203,51,205,114,70,173,59,123,141,134,149,76,45,201,21,193,201,117,146,27,40,191,163,14,85,66,167,167,19,35,5,105,92,136,107,93	4,4,0.6765,0,13;2,1,0.1905,0,236;2,1,0.5165,1,111;3,3,0.9675,0,4;8,1,0.4175,0,55;2,4,0.1725,0,74
ood_compose_epi-02854	5	1	1	93,175,183,146,63,122,21,27,186,117,102,170,116,36,43,76,188,55,200,64,18,110,203,15,82,136,45,198,180,150,69,142,89,134,7,192	6,5,0.4665,0,61;2,2,0.7985,0,110;6,5,0.0995,0,112;3,0,0.2985,0,85;5,4,0.9055,0,47;1,4,0.0235,1,85
ood_compose_epi-02855	1	0	0	111,214,85,19,21,66,185,115,149,58,25,38,90,75,185,186,136,45,57,14,141,9,41,207,163,182,145,102,117,196,198,132,93,128,69,202	8,4,0.7735,0,196;0,4,0.3585,0,154;8,0,0.5355,0,159;2,3,0.4555,0,45;5,5,0.7265,0,203;7,2,0.0215,0,154
ood_compose_epi-02856	1	2	0	141,198,61,162,89,67,169,42,136,184,211,186,75,123,149,51,34,15,147,20,180,93,118,181,21,171,69,110,87,32,131,114,177,99,3,45	2,5,0.9745,0,211;7,0,0.4905,0,82;2,3,0.6355,0,104;2,5,0.3345,0,110;2,4,0.5845,1,152;2,1,0.0215,0,31
ood_compose_epi-02857	10	2	1	93,204,57,117,123,213,136,42,107,9,178,82,213,178,69,174,172,135,18,102,37,61,21,33,150,197,45,147,81,141,11,91,188,112,68,208	8,1,0.4795,0,118;8,3,0.5775,0,95;8,3,0.9515,0,143;8,0,0.7235,0,74;5,1,0.0705,0,25;2,5,0.0105,0,118
ood_compose_epi-02858	9	3	2	82,141,151,8,128,19,118,210,29,38,93,80,193,107,41,69,112,156,205,148,99,169,161,211,60,64,134,51,21,139,45,10,213,89,163,159	7,0,0.7135,0,36;4,4,0.3385,0,80;2,2,0.1265,0,114;7,0,0.3505,0,224;2,1,0.0565,1,26;7,4,0.7245,0,122
ood_compose_epi-02859	8	3	2	57,201,84,32,158,136,164,129,6,167,148,36,158,11,45,21,78,151,19,180,173,166,102,130,69,184,90,58,93,111,67,115,144,117,42,195	5,1,0.6805,0,164;7,2,0.4775,0,92;8,0,0.6015,0,49;5,2,0.4535,0,65;5,5,0.7455,0,212;8,0,0.0475,3,95
ood_compose_epi-02860	0	3	0	107,117,60,95,138,123,43,113,81,88,54,21,69,214,20,148,214,84,202,175,149,4,46,205,141,190,38,171,67,30,178,153,170,103,14,133	3,4,0.9115,0,218;5,4,0.7925,1,223;5,2,0.7525,0,39;8,2,0.1135,2,122;6,1,0.3125,0,177;2,3,0.4255,0,18
ood_compose_epi-02861	1	3	0	39,21,71,157,27,53,183,140,203,106,205,96,67,116,148,14,123,5,99,192,40,132,92,17,83,171,59,75,206,45,149,209,194,207,120,141	4,4,0.2015,0,190;2,5,0.0695,0,85;4,1,0.7295,2,234;2,1,0.8925,3,26;2,0,0.9925,3,46;2,2,0.9915,0,95
ood_compose_epi-02862	5	0	2	139,116,9,76,31,16,45,52,166,209,198,145,193,110,42,141,69,203,124,89,39,59,205,180,117,12,21,163,105,151,194,134,64,160,82,93	8,2,0.1605,0,45;6,5,0.4795,0,114;3,1,0.0645,0,225;3,0,0.3425,0,20;8,4,0.8755,0,249;3,4,0.7535,0,104
ood_compose_epi-02863	1	0	2	199,97,145,42,184,206,21,173,27,117,64,141,18,55,193,60,45,209,202,4,151,200,85,37,93,69,179,75,115,111,130,125,12,91,180,137	3,2,0.4605,0,48;2,3,0.5985,0,121;6,2,0.1195,0,87;2,3,0.6515,0,93;0,5,0.6305,0,92;4,0,0.2445,0,189
ood_compose_epi-02864	5	0	0	196,170,192,133,188,93,61,76,173,88,145,21,149,69,175,124,179,97,107,160,10,204,55,16,41,68,45,39,144,82,31,7,116,206,117,138	6,0,0.1835,0,29;6,5,0.2455,0,219;6,3,0.8755,0,169;3,0,0.1525,0,121;0,1,0.8535,0,54;3,3,0.4715,3,158
ood_compose_epi-02865	10	2	1	159,54,17,60,150,41,93,116,86,187,157,69,31,132,140,90,147,9,13,127,105,46,21,170,167,68,36,190,185,157,109,117,141,163,81,158	8,3,0.3765,0,175;6,2,0.2325,1,184;5,2,0.9575,0,157;8,4,0.4825,0,104;8,3,0.9675,0,115;6,2,0.8825,0,187
ood_compose_epi-02866	6	0	1	44,25,82,134,75,184,141,98,150,45,21,92,37,19,93,123,145,214,56,172,140,69,199,65,161,199,117,214,60,15,116,153,168,157,110,5	4,5,0.6565,0,89;0,3,0.9035,0,136;7,2,0.2665,0,199;2,0,0.8435,0,98;1,4,0.8005,0,216;2,4,0.9825,0,36
ood_compose_epi-02867	6	1	0	209,50,64,58,45,44,140,38,117,85,146,193,21,135,179,20,89,141,98,211,4,205,25,161,116,174,93,80,149,163,175,125,196,11,69,109	3,1,0.8535,0,83;0,4,0.8145,0,95;1,0,0.1335,0,201;7,3,0.2085,0,13;1,3,0.8295,0,220;4,5,0.8035,0,239
ood_compose_epi-02868	2	3	1	177,45,180,122,117,67,76,83,135,141,90,138,36,60,148,174,17,23,187,69,54,170,93,196,107,116,14,42,178,204,99,27,6,196,150,159	5,4,0.2485,2,101;2,2,0.5755,0,105;5,2,0.7465,0,204;3,1,0.5325,0,15;2,1,0.8695,0,78;1,5,0.4135,0,112
ood_compose_epi-02869	6	3	1	139,165,89,96,164,150,45,85,209,113,110,8,28,76,203,67,135,21,198,52,62,200,163,121,13,69,193,41,210,37,17,183,141,148,117,97	7,3,0.3705,0,185;3,3,0.3385,0,176;3,4,0.7165,0,177;3,3,0.2395,3,105;0,4,0.2445,0,250;0,5,0.6565,0,52
ood_compose_epi-02870	10	0	1	17,100,185,91,192,33,145,177,133,63,35,43,13,83,66,21,94,172,117,177,202,109,140,167,45,169,76,113,150,196,141,69,3,125,54,201	2,3,0.2535,0,70;8,1,0.6535,0,61;5,5,0.5915,0,110;3,1,0.7445,1,49;3,3,0.2965,0,245;4,3,0.9725,0,210
ood_compose_epi-02871	2	3	2	67,69,124,11,158,29,130,151,211,140,4,176,38,210,141,117,173,51,19,42,161,162,87,21,210,207,99,111,74,112,148,47,95,172,58,88	3,1,0.7555,0,162;4,4,0.5355,2,124;2,0,0.7895,0,203;1,5,0.1105,2,155;2,5,0.0025,0,143;3,0,0.9705,0,231
ood_compose_epi-02872	6	0	0	25,54,84,195,75,207,202,93,161,43,88,21,19,141,58,45,211,106,145,126,134,112,173,38,69,99,204,180,190,12,1,117,139,68,182,149	0,2,0.7985,0,69;0,4,0.7335,0,203;5,0,0.8695,0,60;2,2,0.1295,0,105;2,0,0.0095,0,214;5,4,0.7635,0,49
ood_compose_epi-02873	10	1	2	93,65,133,114,185,84,69,164,21,59,129,207,17,28,45,53,12,41,188,178,105,36,141,9,158,117,176,90,146,81,139,111,175,208,151,176	8,2,0.2975,0,195;3,2,0.2265,0,245;4,1,0.3095,0,206;8,2,0.5265,0,195;8,5,0.5055,0,156;8,3,0.7615,0,117
ood_compose_epi-02874	5	3	0	143,163,103,58,130,21,49,114,149,25,171,38,4,82,175,117,93,67,207,10,45,148,201,18,215,197,92,188,121,208,40,111,75,69,170,136	3,0,0.4895,0,160;0,4,0.1545,0,22;0,0,0.6145,0,153;2,0,0.9105,0,39;6,5,0.4185,0,63;0,0,0.1075,2,25
ood_compose_epi-02875	10	1	2	125,181,146,87,29,43,64,151,170,117,108,188,204,141,190,71,21,189,101,116,181,137,17,45,88,56,178,176,38,11,130,77,93,5,61,181	4,1,0.3385,0,203;4,4,0.6235,0,7;7,3,0.1635,2,207;4,5,0.1855,0,4;4,2,0.8455,0,52;4,0,0.2455,0,72
ood_compose_epi-02876	0	3	0	62,64,42,113,164,4,88,100,108,173,149,21,26,180,148,202,184,141,93,134,85,128,136,154,162,11,37,117,56,189,198,184,69,45,80,20	3,1,0.8415,0,78;1,3,0.4915,0,214;7,4,0.1075,0,87;7,3,0.0555,0,248;3,2,0.2065,0,93;7,4,0.1545,0,194
ood_compose_epi-02877	4	1	2	167,70,91,141,205,49,207,20,45,59,153,40,161,93,87,179,37,10,117,101,185,188,31,151,202,115,175,21,76,130,125,65,146,110,140,7	6,0,0.9385,0,120;6,3,0.0455,0,59;0,1,0.2815,1,201;3,5,0.6535,0,63;4,4,0.7475,0,135;4,0,0.9005,0,134
ood_compose_epi-02878	3	0	1	42,213,79,191,213,100,189,142,158,3,92,69,21,194,150,38,13,171,52,180,19,67,129,45,130,25,117,187,87,136,200,93,108,60,115,145	2,3,0.6675,0,199;0,4,0.5525,0,245;3,2,0.6495,0,3;6,5,0.8025,0,139;3,2,0.6775,0,241;8,0,0.0225,1,159
ood_compose_epi-02879	4	1	1	150,99,146,115,35,190,160,166,16,10,133,152,65,199,91,42,120,21,45,28,2,200,143,176,93,52,156,85,213,79,69,139,155,63,121,107	1,0,0.1285,0,38;3,1,0.4845,0,70;3,5,0.3435,0,12;6,3,0.7835,0,37;2,1,0.7125,3,85;0,3,0.6875,2,40
ood_compose_epi-02880	1	1	1	107,3,178,19,146,35,27,157,13,144,69,58,203,64,167,21,57,171,113,181,46,85,135,150,165,98,152,75,90,96,174,124,189,41,138,119	2,3,0.7445,0,94;2,1,0.3825,1,253;8,0,0.1515,0,126;2,3,0.5285,3,174;1,1,0.2115,2,11;3,5,0.4555,3,87
ood_compose_epi-02881	2	0	1	132,139,93,141,116,160,45,21,169,61,98,191,19,41,150,195,70,65,117,90,7,185,191,108,77,30,39,153,12,51,170,145,164,84,214,127	6,2,0.6275,0,157;5,5,0.3455,0,55;2,3,0.3555,1,59;4,2,0.4555,0,131;1,2,0.8265,0,193;6,2,0.7385,0,154
ood_compose_epi-02882	9	0	2	202,37,108,24,165,82,117,133,121,31,56,141,139,173,10,90,171,69,8,18,93,45,158,114,67,187,191,80,62,104,40,151,145,205,190,161	7,0,0.4735,3,54;6,3,0.0915,0,246;7,4,0.7465,0,34;7,0,0.4085,0,135;7,2,0.5135,0,127;0,3,0.7835,0,111
ood_compose_epi-02883	1	1	0	94,166,12,207,143,117,173,146,189,90,130,155,112,102,34,154,83,129,208,108,75,156,3,51,214,24,62,69,185,136,30,43,67,149,45,18	2,2,0.5315,3,182;5,0,0.6985,0,127;2,4,0.7295,0,100;2,1,0.4215,1,59;5,2,0.1975,0,32;8,0,0.0695,2,243
ood_compose_epi-02884	2	2	2	112,69,55,180,139,67,21,134,9,210,33,203,93,121,58,12,105,147,80,155,17,43,161,84,118,141,92,107,151,155,184,165,45,34,158,184	8,2,0.3765,0,72;8,0,0.6145,0,11;6,0,0.6245,0,112;7,2,0.8545,0,89;8,1,0.1635,1,49;0,4,0.7735,0,237
ood_compose_epi-02885	5	1	2	42,76,7,93,107,160,192,209,66,61,141,132,190,207,140,86,18,69,12,195,31,103,39,198,146,90,117,21,115,127,151,182,55,153,45,172	6,2,0.5695,0,199;6,5,0.4225,0,75;6,3,0.4435,0,140;3,4,0.4315,0,48;6,1,0.7005,0,99;6,2,0.9335,0,43
ood_compose_epi-02886	10	3	2	79,160,123,105,18,52,212,197,157,210,191,137,67,59,111,148,151,153,155,141,133,44,21,36,201,88,116,202,82,7,47,93,117,31,69,15	6,5,0.5005,0,175;6,2,0.8495,2,170;3,1,0.7475,0,176;6,0,0.1645,0,199;8,5,0.9015,0,19;2,3,0.2125,0,219
ood_compose_epi-02887	5	3	1	5,178,38,198,25,111,130,82,169,55,137,72,148,185,117,67,144,47,61,205,125,41,185,15,194,78,103,21,212,93,89,16,115,150,180,196	4,5,0.0615,0,3;0,4,0.2415,2,1;6,3,0.7225,3,197;5,0,0.2785,0,175;6,5,0.7745,0,27;4,0,0.3445,3,6
ood_compose_epi-02888	10	2	2	8,33,117,21,99,93,151,129,133,66,81,44,13,90,184,166,137,196,195,57,111,214,165,61,113,37,45,190,160,147,158,83,190,141,70,18	7,3,0.5775,0,105;8,3,0.8095,0,101;8,3,0.5495,1,20;8,1,0.5855,0,67;2,5,0.3145,0,210;8,3,0.2405,0,254
ood_compose_epi-02889	1	2	1	51,192,61,150,157,125,139,165,48,186,21,19,112,162,170,8,152,144,111,82,69,10,98,44,183,133,196,25,92,212,36,147,93,117,65,73	7,0,0.7485,0,25;0,2,0.8045,3,152;2,3,0.2675,0,151;0,0,0.9395,0,84;1,5,0.0165,0,23;4,3,0.6335,3,40
ood_compose_epi-02890	5	2	2	69,166,85,111,15,136,141,210,201,114,158,90,158,44,45,122,93,192,192,65,17,58,38,7,147,103,21,117,196,151,79,196,212,134,57,30	6,5,0.2715,0,202;5,4,0.9755,0,120;8,0,0.3075,0,249;6,3,0.4365,0,40;6,5,0.4635,0,107;1,4,0.0995,0,36
ood_compose_epi-02891	3	0	2	203,73,68,18,165,4,28,99,214,181,183,95,44,24,184,151,204,69,116,13,169,62,137,190,130,38,45,187,145,117,141,49,89,109,85,123	3,3,0.5565,3,194;3,4,0.9105,0,148;0,4,0.9105,0,112;0,3,0.3775,2,187;2,3,0.8645,0,72;2,0,0.3245,0,255
ood_compose_epi-02892	6	1	2	73,152,119,107,141,93,41,64,181,103,193,214,45,92,16,125,146,161,197,2,151,137,10,21,49,185,87,114,204,69,170,201,36,130,58,30	1,0,0.1295,0,109;5,2,0.2395,0,132;0,0,0.0425,0,96;0,5,0.8675,0,173;6,1,0.4015,2,182;4,0,0.3335,0,105
ood_compose_epi-02893	7	0	0	138,122,1,107,182,11,145,67,21,89,187,18,78,69,36,135,178,50,141,149,196,42,93,200,58,197,214,82,27,117,114,196,45,173,164,98	0,1,0.5025,0,125;2,2,0.5515,0,152;1,0,0.6265,0,126;5,0,0.2375,0,114;1,1,0.4485,0,106;1,5,0.5815,0,47
ood_compose_epi-02894	1	1	2	208,65,85,55,127,169,117,204,151,91,162,171,60,175,172,146,30,100,93,159,34,41,138,75,45,107,177,132,7,16,69,141,15,112,23,188	6,5,0.1365,2,35;5,0,0.2845,0,220;6,2,0.2765,0,63;2,3,0.7995,0,75;3,1,0.0075,0,16;6,2,0.4235,0,52
ood_compose_epi-02895	8	1	1	45,78,54,155,10,69,176,141,150,146,86,131,117,67,21,106,114,182,182,193,137,152,191,172,177,5,122,63,34,17,42,93,102,25,92,178	4,0,0.2845,0,196;0,0,0.4405,0,34;5,5,0.6815,0,8;5,4,0.8945,0,68;5,0,0.5745,0,139;1,1,0.3735,0,223
ood_compose_epi-02896	4	1	1	167,69,192,94,107,100,195,40,154,180,35,135,21,59,205,123,150,205,146,168,92,45,76,115,141,137,6,67,87,184,17,25,52,117,212,11	5,1,0.3355,0,147;0,1,0.0505,0,124;3,1,0.7525,0,185;3,5,0.9105,1,84;3,1,0.6565,0,160;2,5,0.2895,0,40
ood_compose_epi-02897	1	1	1	135,150,59,117,208,16,154,137,181,31,11,45,141,69,39,177,93,65,51,201,187,3,155,75,105,185,92,114,107,146,129,206,41,191,85,21	2,1,0.1255,0,155;6,5,0.2225,0,134;2,1,0.2545,0,46;2,3,0.9255,0,152;8,1,0.5655,0,79;8,5,0.3945,0,171
ood_compose_epi-02898	7	1	0	44,132,69,35,21,212,139,66,113,26,63,158,196,5,17,88,208,14,93,126,211,141,110,146,155,156,50,149,45,118,84,169,213,99,213,74	4,4,0.2245,0,253;1,1,0.8165,0,220;1,5,0.4235,0,134;1,2,0.0885,0,86;2,4,0.3545,1,170;5,2,0.6195,0,141
ood_compose_epi-02899	1	1	0	57,62,32,93,168,140,45,15,149,198,156,176,69,173,123,146,116,117,67,212,205,90,42,3,85,80,21,107,20,179,171,186,141,36,100,135	2,5,0.9465,0,144;7,2,0.4865,0,81;8,4,0.6665,0,230;7,3,0.5505,0,162;3,1,0.8025,0,220;2,5,0.9685,0,61
ood_compose_epi-02900	6	2	0	97,172,114,141,125,73,15,34,42,17,185,107,149,86,88,131,58,165,190,166,164,21,31,214,48,173,119,93,212,147,1,200,68,69,139,54	0,5,0.3995,0,88;6,0,0.4925,3,174;5,0,0.9585,0,13;0,4,0.0245,0,162;0,1,0.5785,2,245;4,1,0.6145,0,181
ood_compose_epi-02901	6	3	1	25,91,130,191,117,109,96,42,206,45,207,141,21,69,115,202,12,57,121,60,150,185,64,18,87,79,203,161,206,39,148,192,168,7,97,139	6,2,0.5745,0,166;0,5,0.4175,0,222;8,2,0.1205,0,102;6,5,0.6955,3,223;0,3,0.7315,0,137;0,0,0.7335,0,84
ood_compose_epi-02902	1	2	1	27,45,136,3,205,40,21,82,11,39,126,141,106,131,54,117,147,69,88,197,153,168,198,93,115,189,18,150,164,180,177,66,183,80,99,58	2,1,0.4525,0,7;2,5,0.0345,0,66;5,0,0.4205,0,5;7,0,0.1355,0,100;2,0,0.7595,0,80;5,1,0.1225,0,18
ood_compose_epi-02903	3	0	0	28,57,129,156,69,109,145,88,134,161,149,187,43,189,179,182,104,95,187,21,76,4,59,64,141,12,35,140,206,117,176,17,164,113,45,86	3,2,0.3025,0,7;3,1,0.7715,0,175;8,1,0.0825,0,211;3,4,0.1415,2,91;7,3,0.3125,0,30;8,4,0.8645,0,184
ood_compose_epi-02904	1	0	0	133,68,175,45,123,83,138,206,116,37,187,166,30,158,141,145,214,99,191,166,197,21,51,69,93,14,89,117,16,211,79,107,6,41,149,61	5,4,0.1325,0,135;5,3,0.3975,0,197;2,3,0.8315,0,135;6,1,0.3355,0,101;2,1,0.9715,0,246;2,3,0.5945,0,164
ood_compose_epi-02905	1	0	2	127,69,145,139,93,213,99,19,88,28,8,165,21,53,171,67,151,205,209,109,58,196,117,201,10,41,86,166,80,133,116,45,141,212,38,169	7,0,0.6165,0,174;3,4,0.2575,0,208;4,0,0.6425,0,83;7,4,0.0925,0,211;2,3,0.8805,0,52;6,3,0.6845,0,185
ood_compose_epi-02906	5	0	2	45,65,77,205,5,185,144,182,82,127,151,136,60,12,178,198,145,134,57,169,42,102,21,39,17,93,69,111,31,185,112,165,89,186,179,117	4,2,0.3685,0,23;6,5,0.4415,0,3;8,2,0.2885,0,4;4,0,0.3845,0,194;5,5,0.1175,0,147;6,4,0.0925,3,22
ood_compose_epi-02907	7	0	2	111,125,21,74,201,136,98,175,33,69,135,45,6,163,58,54,93,117,184,159,113,141,158,211,151,87,20,67,37,89,153,10,41,145,202,206	5,0,0.9345,0,192;8,3,0.3415,0,39;5,0,0.7325,0,10;1,5,0.2625,0,80;1,5,0.2945,0,195;4,5,0.1555,0,66
ood_compose_epi-02908	7	0	2	67,159,93,184,163,38,13,213,151,114,69,141,60,145,25,17,199,124,98,197,89,110,42,74,197,117,130,3,21,139,154,45,163,155,53,86	2,3,0.3995,0,72;0,4,0.5195,0,164;4,2,0.6785,0,3;1,4,0.3825,0,206;1,4,0.5175,0,33;3,0,0.6815,0,251
ood_compose_epi-02909	5	3	2	195,45,153,139,103,176,86,63,111,176,205,35,16,155,28,12,66,151,190,117,89,141,80,43,21,188,70,4,188,130,94,115,49,148,172,129	3,2,0.1265,0,3;3,1,0.6685,0,144;0,5,0.4725,1,218;7,4,0.3665,1,73;6,5,0.6345,0,222;8,0,0.6275,0,142
ood_compose_epi-02910	1	2	2	160,11,94,141,117,162,31,127,61,195,151,42,67,51,154,103,205,159,112,106,173,45,213,82,16,131,79,183,91,3,178,37,147,136,69,21	2,1,0.0635,0,171;6,3,0.5365,0,173;2,3,0.7045,0,240;6,0,0.7195,1,130;6,0,0.0775,0,244;6,1,0.0625,0,109
ood_compose_epi-02911	8	2	2	141,68,192,117,161,162,54,151,170,106,147,27,3,155,43,174,135,69,81,170,136,35,61,84,48,93,21,102,174,204,163,113,20,88,128,14	2,4,0.9495,0,106;2,1,0.7915,3,31;5,3,0.8915,0,212;8,2,0.0015,0,51;5,0,0.3685,0,16;7,5,0.1145,0,181
ood_compose_epi-02912	0	3	2	93,68,152,160,117,22,26,18,3,148,130,52,75,160,136,106,45,39,69,90,212,167,14,180,151,127,182,116,158,172,61,43,85,99,141,162	2,4,0.5655,1,227;1,5,0.7465,0,216;3,3,0.9735,0,116;2,3,0.4505,0,120;2,0,0.9975,0,159;6,0,0.0605,0,96
ood_compose_epi-02913	6	1	2	66,115,92,32,158,134,185,45,185,22,151,165,69,195,120,12,63,35,93,207,206,199,73,140,16,6,146,191,196,49,121,83,101,106,141,40	5,2,0.0665,1,125;7,1,0.1775,0,70;0,5,0.4455,0,244;0,1,0.9795,0,227;4,0,0.6395,3,22;0,4,0.8925,0,124
ood_compose_epi-02914	9	2	0	115,13,185,134,212,83,141,8,98,36,136,18,75,192,149,93,67,214,183,117,170,108,159,21,203,129,88,155,69,45,33,163,147,61,53,41	7,3,0.5235,0,12;8,2,0.2745,0,238;4,3,0.6215,0,253;2,1,0.0465,0,242;1,2,0.7945,0,122;8,4,0.0035,0,186
ood_compose_epi-02915	5	1	2	75,21,89,46,151,179,59,214,177,13,44,103,146,109,213,69,16,115,83,123,210,52,67,93,143,38,117,158,136,130,180,3,189,204,181,32	2,3,0.1795,0,196;7,4,0.9165,1,18;3,1,0.6755,0,48;2,1,0.3975,0,214;6,3,0.6295,0,142;2,0,0.1565,2,255
ood_compose_epi-02916	10	1	2	133,137,91,183,53,119,26,116,163,69,19,106,146,42,184,79,105,166,213,93,45,182,5,23,158,141,151,156,66,12,62,87,177,171,125,39	4,2,0.6805,2,103;1,5,0.5675,0,107;4,4,0.5665,0,9;6,5,0.6995,0,134;8,0,0.8905,2,68;4,3,0.3135,0,214
ood_compose_epi-02917	2	0	0	69,21,155,88,45,35,137,64,164,156,20,206,132,59,117,145,52,141,182,188,11,113,107,42,155,176,194,123,100,5,32,93,85,149,77,153	4,1,0.9645,0,205;7,1,0.5525,0,141;3,1,0.1415,0,55;4,3,0.0915,0,84;3,1,0.3065,0,36;2,2,0.2775,0,125
ood_compose_epi-02918	5	3	0	164,148,37,159,60,45,141,106,3,114,95,149,15,164,152,16,88,196,130,73,139,126,31,56,69,84,67,118,156,24,43,99,173,204,205,213	2,5,0.0495,3,161;6,3,0.7495,0,157;7,2,0.6445,0,38;0,2,0.0195,2,229;2,0,0.4815,1,59;5,0,0.7925,0,199
ood_compose_epi-02919	2	3	0	36,45,141,74,66,173,90,43,117,11,206,20,1,156,210,131,125,137,181,214,101,93,69,28,148,84,149,21,60,204,53,108,113,166,210,155	0,1,0.8895,0,96;3,2,0.7435,0,188;4,2,0.4175,0,250;1,2,0.5735,0,255;4,2,0.2735,0,114;4,1,0.2085,0,215
ood_compose_epi-02920	1	2	1	50,2,207,115,69,64,17,195,86,45,74,153,147,21,185,36,104,135,138,26,193,141,44,106,154,201,150,213,117,14,60,88,168,93,123,159	1,4,0.3285,0,253;1,2,0.9715,0,37;1,2,0.1295,0,92;1,4,0.1295,0,57;7,0,0.6765,0,161;2,5,0.5595,0,206
ood_compose_epi-02921	10	2	2	129,181,56,110,153,135,117,114,206,151,147,8,153,90,33,210,21,43,207,105,69,211,63,167,65,141,20,161,45,136,84,203,81,93,37,11	7,1,0.8785,0,160;8,3,0.6265,0,157;7,5,0.2195,0,129;8,2,0.5335,0,129;8,4,0.4665,0,132;8,5,0.1295,0,74
ood_compose_epi-02922	1	0	0	141,153,197,100,22,83,168,137,37,114,15,194,44,93,27,69,211,124,174,91,3,171,149,20,76,51,67,174,120,156,58,134,110,185,145,45	2,5,0.9465,1,186;2,3,0.8475,0,52;2,0,0.7105,0,45;3,1,0.6285,0,39;3,4,0.4795,3,156;3,4,0.2465,0,24
ood_compose_epi-02923	5	1	2	146,93,103,211,173,66,44,28,213,114,69,182,183,60,139,117,91,174,17,45,55,4,111,34,208,152,22,151,75,164,206,14,141,82,124,135	3,4,0.3835,1,16;3,0,0.9335,0,165;6,2,0.4755,0,243;2,0,0.7235,0,208;6,5,0.4825,0,101;3,5,0.6245,0,160
ood_compose_epi-02924	10	2	1	33,69,154,168,63,129,37,84,106,2,75,45,98,177,213,17,132,64,210,175,112,92,57,171,141,190,44,138,93,117,150,13,199,194,147,21	1,3,0.2295,0,152;8,3,0.9405,0,37;8,5,0.0155,0,180;2,2,0.8265,0,37;1,0,0.1325,0,248;8,2,0.4695,0,98
ood_compose_epi-02925	6	2	2	97,45,203,1,181,93,134,73,11,206,44,110,179,141,136,89,117,84,63,116,202,151,186,166,21,36,26,121,147,190,69,210,19,68,198,51	0,1,0.6325,0,34;1,2,0.8825,0,123;2,5,0.9725,0,6;0,2,0.2045,0,188;0,4,0.8945,0,207;0,4,0.0925,0,221
ood_compose_epi-02926	9	3	0	21,59,149,34,127,104,94,88,214,163,107,194,196,166,20,86,15,139,117,169,175,141,202,148,55,69,204,114,45,80,32,135,68,8,42,196	7,5,0.8905,0,90;7,0,0.5965,0,195;6,1,0.9545,0,29;7,4,0.1435,1,211;7,1,0.5625,0,25;6,5,0.6155,0,200
ood_compose_epi-02927	9	3	1	107,141,66,104,17,21,85,196,93,133,113,45,61,209,8,117,123,80,40,185,206,215,150,205,38,15,173,148,51,174,200,90,32,70,140,200	7,5,0.3185,0,68;7,4,0.1925,0,233;2,3,0.5355,1,18;7,3,0.5895,0,234;7,1,0.3135,0,22;2,3,0.9925,0,107
ood_compose_epi-02928	6	2	1	62,113,185,150,91,117,49,85,209,185,158,41,10,67,141,193,45,27,214,73,69,9,110,213,147,93,22,98,123,18,139,133,166,206,191,35	8,0,0.4025,1,103;2,1,0.3235,0,195;0,4,0.7095,0,254;0,3,0.7215,0,28;1,4,0.2255,0,89;2,3,0.6295,0,222
ood_compose_epi-02929	10	3	1	150,43,33,136,104,112,96,167,127,70,45,168,133,50,177,18,65,88,148,22,62,82,120,81,141,155,176,37,164,205,107,11,214,166,2,196	1,1,0.4065,1,237;8,3,0.7175,0,134;1,4,0.3265,1,230;8,0,0.1375,3,175;7,1,0.1945,3,58;6,3,0.0455,0,230
ood_compose_epi-02930	1	1	1	90,165,156,42,146,212,141,20,69,195,150,84,93,28,45,130,10,35,124,155,21,111,212,77,68,51,175,114,138,61,99,184,117,152,168,6	5,0,0.9465,0,75;3,1,0.4085,0,84;2,3,0.9815,0,74;4,2,0.4415,0,89;2,5,0.4515,0,59;3,0,0.4035,0,228
ood_compose_epi-02931	10	2	1	69,125,112,141,5,35,21,157,133,18,89,29,150,14,158,117,111,210,53,93,66,176,164,48,147,213,192,204,104,169,44,60,77,139,86,203	4,4,0.4575,0,130;4,1,0.9955,3,42;4,2,0.4935,0,218;4,4,0.3305,0,254;7,5,0.0025,0,87;4,3,0.6125,0,232
ood_compose_epi-02932	8	1	1	133,65,167,94,109,63,18,84,34,157,209,150,44,6,183,152,209,15,146,117,55,176,195,69,141,204,92,75,102,137,123,158,21,30,114,45	5,5,0.4755,0,4;5,0,0.9935,0,212;6,5,0.2795,0,83;2,2,0.9395,1,94;5,3,0.5035,0,244;2,3,0.2685,0,228
ood_compose_epi-02933	8	2	2	206,16,34,102,69,199,139,188,165,115,127,134,143,61,51,89,190,64,201,42,151,156,21,202,189,6,93,86,78,13,45,25,106,152,147,117	5,3,0.1225,0,210;0,0,0.5435,0,44;2,3,0.1105,0,151;5,4,0.2245,0,158;5,0,0.7875,0,204;6,4,0.6465,2,170
ood_compose_epi-02934	7	3	1	137,12,97,154,198,69,64,188,52,79,208,18,197,112,183,21,37,127,135,5,117,141,43,148,150,162,95,26,215,179,183,86,45,88,106,63	4,2,0.5865,0,62;1,3,0.6365,0,116;3,5,0.0485,0,172;6,4,0.1585,2,241;0,0,0.1375,0,199;6,5,0.2675,0,255
ood_compose_epi-02935	1	0	2	151,75,21,195,44,100,89,208,106,215,123,133,181,2,60,138,85,12,192,141,176,36,164,184,115,157,96,45,69,52,145,117,27,67,20,174	1,2,0.8785,0,214;2,2,0.8265,0,65;3,2,0.6535,0,81;2,3,0.2565,3,1;3,0,0.6635,0,154;2,3,0.5575,0,59
ood_compose_epi-02936	8	0	1	141,95,45,30,39,126,13,58,107,163,140,65,152,113,150,164,17,132,54,145,21,160,78,204,187,84,117,190,6,43,210,102,202,181,69,92	5,3,0.3825,0,206;5,5,0.7475,0,216;5,0,0.2525,0,8;5,2,0.9125,2,201;5,1,0.3855,0,84;5,2,0.8605,0,21
ood_compose_epi-02937	8	2	1	202,178,126,178,214,84,21,141,135,198,37,64,106,150,117,174,25,147,94,61,17,113,41,69,182,11,78,173,1,102,91,202,212,45,57,140	0,1,0.3685,0,28;0,3,0.2495,0,138;8,3,0.1035,0,18;5,2,0.7955,1,89;5,0,0.2455,0,211;5,5,0.9055,0,155
ood_compose_epi-02938	10	3	2	86,52,35,18,177,132,43,21,93,88,167,5,148,181,123,155,204,197,180,48,27,151,141,69,12,138,203,173,114,59,206,67,101,80,117,109	4,2,0.4855,0,103;2,1,0.6685,3,227;3,1,0.7145,0,229;7,4,0.1725,0,47;4,3,0.4495,0,180;2,2,0.5185,0,181
ood_compose_epi-02939	1	2	1	66,75,147,20,126,43,173,164,210,111,112,117,141,160,164,137,95,180,175,156,51,163,38,10,69,21,87,99,46,130,150,30,215,6,91,62	5,0,0.8135,0,126;5,4,0.6385,1,201;2,4,0.5785,0,223;2,5,0.7925,2,192;2,5,0.1415,0,246;5,0,0.3445,0,241
ood_compose_epi-02940	7	1	1	38,98,200,44,17,121,192,167,140,91,26,141,146,54,117,93,15,69,21,60,87,67,180,135,159,192,114,211,45,111,207,183,3,162,150,78	2,5,0.2565,0,147;1,4,0.8975,0,35;5,2,0.7365,0,37;5,5,0.6275,0,160;1,5,0.5535,0,76;0,5,0.9515,0,96
ood_compose_epi-02941	9	1	1	141,108,52,133,158,64,170,8,153,129,146,45,21,177,18,60,93,84,43,150,31,117,14,37,170,104,198,76,211,136,174,166,114,69,211,89	7,4,0.5255,0,119;6,3,0.7545,0,95;3,2,0.1825,0,133;3,2,0.2015,0,203;7,2,0.5645,0,120;8,3,0.0815,0,227
ood_compose_epi-02942	1	2	1	99,43,186,141,150,153,147,132,35,189,27,75,109,61,157,51,137,195,69,172,152,115,65,167,93,117,84,152,21,123,45,6,18,153,91,12	5,2,0.4525,0,105;2,1,0.7795,0,189;2,3,0.3295,0,122;2,2,0.6495,0,133;2,3,0.7815,0,29;2,2,0.3055,0,88
ood_compose_epi-02943	8	0	1	17,188,40,135,198,108,138,178,7,78,58,28,64,141,92,164,112,93,54,180,15,174,21,192,150,69,117,84,152,203,45,163,145,35,105,126	6,5,0.3145,0,21;3,1,0.0955,0,44;5,0,0.0725,0,127;5,2,0.9105,0,129;8,2,0.1705,0,183;5,5,0.5135,0,54
ood_compose_epi-02944	4	1	0	52,149,131,1,93,109,70,198,146,41,124,172,86,46,13,176,203,117,190,161,180,76,36,28,21,139,208,141,170,67,18,115,92,60,162,103	0,3,0.4905,0,94;3,2,0.2575,1,167;3,2,0.6795,1,150;3,4,0.8885,0,24;6,3,0.6585,0,108;3,1,0.7875,0,20
ood_compose_epi-02945	8	0	0	91,82,109,201,170,153,10,161,75,71,27,48,37,21,93,42,54,179,65,124,138,202,141,167,18,116,131,160,149,6,145,117,102,182,170,62	5,0,0.5325,0,112;2,3,0.4285,3,17;5,4,0.3085,2,147;2,0,0.7305,0,186;5,3,0.9145,0,88;3,1,0.5855,0,188
ood_compose_epi-02946	5	2	2	7,85,80,29,34,147,18,89,141,210,106,40,67,165,190,151,174,45,125,99,15,21,112,131,56,188,166,95,194,205,117,69,138,154,207,60	6,5,0.5235,0,111;4,0,0.0935,0,232;7,2,0.7265,0,52;7,3,0.3665,2,150;2,0,0.1895,0,16;4,1,0.5005,0,217
ood_compose_epi-02947	9	1	1	61,146,112,182,157,80,46,85,187,207,66,27,69,197,21,185,38,20,90,41,109,210,57,120,137,129,214,105,150,161,8,188,141,93,133,11	7,1,0.8985,0,10;2,4,0.3235,1,176;8,3,0.4285,0,81;7,3,0.5935,0,222;8,3,0.1885,3,169;8,3,0.3225,0,242
ood_compose_epi-02948	1	2	1	21,59,111,150,184,54,176,185,37,139,175,91,93,201,17,102,190,82,132,203,112,44,27,14,215,147,144,188,207,3,78,45,117,69,123,66	2,4,0.3015,0,21;2,3,0.8345,0,120;5,1,0.5545,0,103;5,0,0.6765,0,75;5,5,0.0245,0,161;2,2,0.6805,3,81
ood_compose_epi-02949	1	0	2	192,162,61,123,45,86,161,190,116,90,140,141,40,134,202,69,67,21,177,106,151,57,195,155,11,94,118,102,79,34,145,26,8,184,175,20	7,1,0.9325,0,104;1,0,0.0365,0,143;8,3,0.6965,0,0;6,4,0.4865,1,190;5,0,0.9375,1,219;2,4,0.8845,0,228
ood_compose_epi-02950	0	3	1	194,172,28,65,141,10,58,78,116,6,35,192,100,124,170,189,150,119,148,44,90,199,93,202,23,71,163,20,86,111,45,134,167,182,52,139	5,0,0.8045,2,46;3,1,0.8775,0,76;3,0,0.2145,2,159;5,4,0.4935,0,73;3,5,0.8835,2,223;3,4,0.7225,0,129
ood_compose_epi-02951	10	0	2	151,203,30,42,125,82,45,133,168,92,166,211,190,69,106,113,152,37,214,141,60,117,6,21,93,159,54,210,97,197,145,14,78,140,66,16	5,4,0.1065,0,133;5,3,0.4515,0,55;5,2,0.5485,0,229;5,0,0.9135,0,150;0,0,0.3655,0,62;4,3,0.8235,0,99
ood_compose_epi-02952	2	3	1	124,209,109,117,172,159,16,36,194,69,82,163,45,93,54,10,150,112,141,160,64,75,188,21,92,190,131,27,171,5,188,140,148,101,63,44	4,0,0.1725,0,59;2,2,0.8905,0,145;5,5,0.1425,0,126;2,0,0.9745,0,7;4,3,0.0475,0,185;3,1,0.8835,0,191
ood_compose_epi-02953	8	1	2	50,58,158,2,166,141,133,158,139,165,69,111,87,117,146,178,190,113,20,91,13,93,34,21,41,27,177,102,65,151,157,78,123,45,213,154	1,3,0.8925,0,77;2,0,0.3165,0,179;1,0,0.3625,0,159;5,5,0.6435,0,110;5,5,0.2455,0,69;2,3,0.6855,0,21
ood_compose_epi-02954	10	1	0	69,77,128,191,54,14,208,131,38,180,45,42,66,83,154,108,17,141,181,118,33,146,88,21,197,180,93,192,210,158,115,2,136,149,58,100	1,4,0.2645,0,21;8,4,0.4665,0,169;5,0,0.4775,0,241;4,1,0.1055,0,110;3,2,0.6415,1,237;7,1,0.0285,0,34
ood_compose_epi-02955	6	2	2	147,87,50,43,160,194,91,169,117,173,38,97,116,45,141,172,65,19,81,206,60,139,9,95,215,108,211,187,69,21,180,121,14,151,25,134	8,4,0.7525,0,110;0,4,0.6415,0,72;1,2,0.3245,0,164;8,5,0.7755,2,243;0,2,0.8795,0,245;0,4,0.7615,0,23
ood_compose_epi-02956	6	0	2	79,162,190,169,212,21,200,60,64,93,137,11,88,25,110,179,160,126,69,151,210,43,163,141,145,17,39,134,117,113,86,158,45,55,7,103	6,1,0.2185,0,0;0,5,0.7505,0,24;6,2,0.1625,0,26;6,4,0.1135,0,237;6,4,0.2065,0,104;5,4,0.3475,0,139
ood_compose_epi-02957	1	2	0	206,40,193,147,106,143,51,180,45,114,206,177,20,123,61,135,34,10,166,99,117,149,197,33,23,180,140,3,69,89,74,156,93,67,169,85	2,0,0.8135,2,190;8,0,0.0605,0,186;2,3,0.7565,0,49;1,3,0.2875,0,36;2,0,0.5865,0,168;2,5,0.8725,2,202
ood_compose_epi-02958	1	3	1	69,82,106,193,74,131,113,61,144,91,3,96,42,65,191,99,123,21,138,211,174,45,162,148,154,204,25,150,20,152,117,51,186,185,36,11	2,1,0.9375,0,182;0,2,0.4315,0,124;2,3,0.3955,0,116;1,0,0.6155,3,209;2,0,0.3325,0,4;2,1,0.4715,3,82
ood_compose_epi-02959	0	3	1	152,45,155,150,213,131,119,12,124,214,100,21,69,74,66,108,93,113,198,141,136,63,16,179,42,31,188,166,39,52,148,176,92,1,181,86	0,2,0.0205,0,188;6,5,0.5645,0,160;3,5,0.5655,0,184;1,4,0.9345,0,101;3,2,0.2795,2,54;3,1,0.1265,0,246
ood_compose_epi-02960	0	3	0	204,68,76,11,41,113,93,130,173,139,117,19,175,33,141,166,197,149,4,45,212,124,109,34,105,69,152,191,148,180,89,194,86,50,23,59	3,1,0.7815,2,206;8,0,0.3505,0,150;1,1,0.8155,0,213;3,4,0.3165,0,124;8,3,0.2295,0,93;3,0,0.6975,0,49
ood_compose_epi-02961	6	0	1	179,127,28,211,82,153,214,43,89,117,207,69,80,58,99,145,141,112,181,15,55,167,200,45,164,1,64,108,207,150,21,130,18,95,38,137	0,5,0.5685,0,186;3,4,0.6715,0,86;6,0,0.0285,0,2;7,0,0.3035,2,132;2,2,0.0135,0,93;6,0,0.3535,0,237
ood_compose_epi-02962	3	0	1	62,145,192,45,41,85,21,132,103,155,9,194,27,190,72,141,177,139,212,179,185,89,38,119,93,55,68,150,111,124,114,20,164,12,168,75	8,2,0.8815,0,195;2,4,0.3195,0,22;6,4,0.8315,3,225;2,3,0.3595,0,2;6,5,0.4885,2,155;3,2,0.7585,0,188
ood_compose_epi-02963	10	3	1	182,58,13,207,132,92,41,19,136,105,66,150,76,171,197,187,141,36,163,157,93,117,21,54,194,109,148,45,178,123,69,113,5,154,29,84	4,3,0.6245,0,94;4,2,0.2085,0,155;5,0,0.5025,0,207;3,2,0.8615,0,27;8,3,0.2905,0,52;2,2,0.1605,0,231
ood_compose_epi-02964	8	2	2	160,81,141,16,117,157,23,89,133,68,15,154,69,174,169,30,46,159,164,166,41,106,198,129,54,136,7,37,94,82,60,153,102,151,113,147	6,5,0.0525,2,83;5,3,0.3025,1,199;5,2,0.9905,0,243;8,0,0.3435,1,231;5,0,0.3045,0,88;8,3,0.0945,0,107
ood_compose_epi-02965	10	3	2	164,103,188,111,44,180,151,45,51,203,29,74,117,113,144,140,83,159,10,153,131,148,17,155,64,165,69,88,193,37,93,186,21,129,62,1	0,0,0.2215,0,86;4,3,0.9635,0,252;2,4,0.0965,0,94;1,1,0.0515,0,252;6,5,0.3635,0,171;8,1,0.8525,3,179
ood_compose_epi-02966	1	1	2	179,141,101,90,69,140,208,43,211,204,178,86,117,204,68,200,178,110,146,75,131,18,3,63,39,157,46,13,115,51,21,125,176,151,93,29	2,3,0.4675,0,78;4,5,0.6655,1,113;2,5,0.9555,0,243;2,4,0.4265,0,89;4,4,0.6825,0,250;4,1,0.9795,0,215
ood_compose_epi-02967	6	0	1	66,26,184,177,77,17,36,114,101,150,93,62,108,69,145,126,92,171,14,173,144,135,185,44,85,24,202,166,117,5,45,212,138,183,192,49	4,4,0.2825,3,211;1,2,0.8185,0,61;0,4,0.5595,0,25;4,3,0.8245,0,163;4,2,0.4175,0,165;5,5,0.4475,3,203
ood_compose_epi-02968	2	3	0	195,170,141,40,17,167,149,188,78,82,102,136,50,201,176,106,45,211,29,61,177,161,165,15,134,114,123,91,69,93,2,24,148,64,117,37	1,5,0.3915,3,252;4,3,0.1965,0,75;1,3,0.0495,0,5;5,0,0.6025,0,46;5,0,0.4445,0,77;2,4,0.0735,0,171
ood_compose_epi-02969	5	3	0	137,64,186,117,211,93,198,91,141,149,112,153,181,148,130,174,62,21,10,204,87,26,1,109,163,45,164,160,79,122,19,35,41,69,50,97	0,0,0.6945,0,66;1,1,0.3635,0,158;1,4,0.0055,0,228;6,5,0.7275,0,133;0,3,0.0675,0,82;1,0,0.2625,0,60
ood_compose_epi-02970	4	1	0	191,55,112,85,45,191,67,199,39,130,58,175,209,187,141,149,117,42,69,11,93,160,90,165,189,123,5,199,75,100,28,111,146,139,19,21	4,1,0.6655,0,82;3,5,0.4965,0,205;6,0,0.6845,0,47;2,3,0.5285,0,197;3,5,0.0595,0,98;2,0,0.7595,0,136
ood_compose_epi-02971	1	3	0	180,197,170,45,10,149,42,167,139,104,54,195,123,21,93,148,30,115,135,206,36,65,58,199,85,120,92,9,191,206,81,178,16,108,141,70	8,0,0.1235,0,127;5,2,0.4975,0,27;5,0,0.2375,1,222;8,3,0.8445,0,59;7,2,0.7315,3,139;2,5,0.6545,0,163
ood_compose_epi-02972	9	3	0	149,76,84,141,185,36,178,31,152,196,102,93,61,140,3,148,128,113,174,189,65,161,72,176,135,43,24,91,16,117,172,207,52,45,15,106	2,5,0.1855,3,145;6,2,0.6385,0,43;3,3,0.3025,3,56;3,2,0.7795,0,22;5,0,0.2325,0,133;7,5,0.8705,0,240
ood_compose_epi-02973	1	0	0	35,145,182,40,61,117,112,158,28,111,45,18,90,167,169,124,65,182,100,137,87,4,141,69,149,93,51,11,75,211,130,176,24,181,159,211	3,1,0.5945,3,0;3,1,0.0795,0,193;2,3,0.2985,0,1;2,5,0.5305,0,235;3,5,0.1155,0,244;3,0,0.2445,0,118
ood_compose_epi-02974	1	3	0	119,34,213,62,84,208,41,190,93,169,89,174,31,21,155,4,143,149,152,45,110,51,16,200,65,69,215,14,116,156,148,134,74,103,140,127	3,4,0.0685,0,193;6,0,0.3045,0,209;2,4,0.2575,0,110;1,2,0.2445,0,214;6,4,0.9405,2,87;6,4,0.9055,2,76
ood_compose_epi-02975	1	0	2	27,204,164,93,133,169,201,42,189,141,90,182,209,37,66,75,8,152,207,145,18,108,13,21,45,155,136,113,60,104,50,117,151,69,123,85	7,3,0.4875,0,163;2,3,0.4355,0,154;1,2,0.5435,0,131;2,3,0.5985,0,173;7,2,0.3965,0,183;2,3,0.0495,0,114
ood_compose_epi-02976	10	0	1	65,45,181,111,59,152,175,112,184,121,44,77,29,138,145,4,54,156,16,187,93,21,84,142,212,150,214,174,102,88,195,14,69,117,130,38	3,4,0.0415,0,230;4,4,0.8445,0,3;5,1,0.3905,0,145;4,2,0.0005,0,239;5,5,0.0475,0,247;0,0,0.5865,1,40
ood_compose_epi-02977	10	0	0	154,10,85,53,145,108,35,211,131,102,67,69,90,59,115,118,160,149,165,140,202,45,20,81,192,129,93,9,44,205,141,21,154,168,33,182	8,0,0.8845,0,23;8,1,0.9885,0,103;4,1,0.6095,0,199;8,3,0.5795,0,170;5,2,0.7255,1,178;8,1,0.9565,0,20
ood_compose_epi-02978	1	2	1	112,209,69,141,90,150,170,107,75,44,173,15,85,37,62,208,186,137,27,66,147,23,19,201,93,163,117,183,99,51,189,3,207,135,123,45	2,5,0.6165,2,99;2,3,0.8025,0,194;2,4,0.4225,0,89;2,3,0.4075,0,185;2,1,0.1475,0,123;2,5,0.3925,0,189
ood_compose_epi-02979	6	2	0	98,121,187,49,93,74,37,149,114,159,132,6,136,117,176,196,147,152,108,168,141,43,21,26,20,208,156,69,12,178,63,89,189,67,46,82	5,2,0.9445,0,179;1,3,0.6895,1,24;0,5,0.6455,0,209;1,0,0.3105,0,14;1,2,0.4065,0,112;0,2,0.1965,0,189
ood_compose_epi-02980	9	1	0	117,152,61,149,122,108,43,155,191,138,183,28,90,85,199,66,3,141,181,16,93,168,213,45,164,51,132,114,146,36,97,12,173,24,70,80	2,2,0.1945,3,103;3,2,0.7335,0,159;2,3,0.5325,1,251;7,3,0.5415,0,40;0,2,0.5435,0,157;1,2,0.5275,0,79
ood_compose_epi-02981	1	2	1	3,162,172,141,209,45,109,99,31,115,67,153,88,42,36,139,127,162,61,85,155,188,18,79,15,165,147,21,117,184,53,214,150,95,69,130	2,5,0.4945,0,224;6,2,0.5555,0,253;4,3,0.7915,0,88;6,3,0.1915,2,146;2,3,0.7475,0,201;6,0,0.6005,0,136
ood_compose_epi-02982	4	1	0	142,74,6,134,50,90,149,138,109,69,116,181,65,11,45,39,204,22,62,203,28,93,43,176,146,165,84,186,167,122,117,155,189,16,203,105	5,1,0.0105,1,5;3,5,0.7875,0,203;1,4,0.2855,0,4;1,2,0.4605,0,86;8,3,0.8755,0,45;1,4,0.4215,1,214
ood_compose_epi-02983	1	0	0	61,115,195,15,203,23,69,195,134,161,140,123,2,149,45,76,165,215,145,66,18,83,105,195,117,96,51,169,191,162,27,141,37,110,41,90	1,5,0.5855,2,143;2,3,0.2645,0,241;2,3,0.5485,0,201;3,1,0.4095,3,159;8,4,0.6425,0,93;2,4,0.9645,0,136
ood_compose_epi-02984	6	3	2	151,69,176,141,18,186,39,182,21,65,121,206,172,62,80,148,4,117,136,88,44,197,93,115,45,105,181,111,86,12,191,204,135,25,53,154	3,2,0.5195,0,126;0,5,0.9275,0,43;4,4,0.2025,0,81;7,4,0.0215,0,93;8,5,0.7745,0,191;0,5,0.1815,0,60
ood_compose_epi-02985	1	2	1	120,69,170,115,108,12,130,43,171,193,37,51,214,141,89,18,123,150,165,210,21,136,75,67,45,3,147,155,186,27,62,86,99,94,211,208	2,2,0.4775,0,72;2,3,0.7255,0,26;2,4,0.6345,0,97;2,4,0.2445,1,22;2,2,0.6885,3,173;2,0,0.1315,0,189
ood_compose_epi-02986	9	1	2	146,203,139,32,52,37,69,163,199,45,185,10,122,142,85,108,188,119,21,6,163,152,163,64,208,44,135,79,61,101,114,93,205,151,89,17	5,0,0.2675,0,20;7,3,0.9865,0,122;3,3,0.1425,0,128;6,3,0.2265,0,23;4,2,0.4245,2,59;1,5,0.7395,1,89
ood_compose_epi-02987	1	2	0	13,127,172,83,130,56,149,203,110,185,92,69,212,39,166,209,75,136,3,64,60,118,147,141,93,42,19,208,99,45,26,174,21,195,112,194	2,3,0.6165,0,222;1,5,0.5515,0,144;7,2,0.0025,0,140;2,1,0.8605,0,119;2,4,0.0755,1,176;6,0,0.0485,0,143
ood_compose_epi-02988	10	2	0	155,10,69,42,33,186,66,196,101,149,141,188,53,90,197,168,200,127,210,93,147,82,137,37,110,60,115,73,18,162,187,45,117,131,3,22	2,0,0.5795,1,193;8,3,0.4605,0,204;4,2,0.5065,0,146;0,0,0.4465,0,146;4,4,0.6945,0,125;6,1,0.2985,0,64
ood_compose_epi-02989	5	2	1	147,192,69,21,59,20,64,176,191,192,93,86,194,40,127,117,140,46,202,103,5,161,88,210,207,34,165,150,51,141,134,107,115,79,31,14	4,4,0.8035,0,234;6,0,0.0275,1,95;2,1,0.0955,0,245;6,4,0.0005,0,239;6,1,0.7485,0,44;6,4,0.9885,0,243
ood_compose_epi-02990	7	0	2	83,40,151,122,198,36,176,140,145,67,212,161,32,11,63,69,153,212,117,21,204,50,178,98,95,9,90,199,16,213,116,45,132,107,141,74	8,1,0.1685,0,160;7,2,0.0535,0,160;1,5,0.7775,0,212;1,1,0.4895,2,207;1,1,0.9645,0,129;1,2,0.8745,0,69
ood_compose_epi-02991	10	0	1	189,93,3,190,90,61,40,57,103,108,46,159,199,186,81,215,131,188,14,117,85,145,143,28,179,69,122,16,150,66,37,115,204,136,171,24	2,4,0.0145,3,243;3,3,0.1165,1,170;8,3,0.5405,0,136;8,3,0.4825,0,245;6,2,0.6435,0,205;1,1,0.1265,2,28
ood_compose_epi-02992	2	1	0	97,178,188,65,155,108,53,123,162,34,91,42,186,146,164,21,62,45,5,131,149,81,207,83,208,115,117,141,208,10,137,19,69,214,30,96	4,0,0.7705,0,216;5,0,0.5125,0,162;4,4,0.2715,0,92;8,1,0.7855,3,68;0,2,0.6245,0,135;2,1,0.3285,0,118
ood_compose_epi-02993	5	2	0	127,112,170,177,67,24,154,48,117,81,92,72,147,18,61,57,138,153,9,158,14,109,184,84,190,40,37,141,31,174,135,93,192,99,184,149	8,4,0.5385,3,119;6,3,0.0495,3,248;8,3,0.7205,3,237;8,2,0.9875,0,105;2,3,0.1735,0,117;6,5,0.5245,0,219
ood_compose_epi-02994	9	0	2	110,69,128,145,214,30,11,163,141,138,192,66,21,83,113,208,171,99,5,19,45,93,207,34,89,134,209,53,194,117,151,80,58,44,177,191	4,1,0.7865,0,4;5,0,0.8785,0,150;4,0,0.5725,0,6;7,1,0.2415,0,189;2,4,0.3925,0,234;7,4,0.5445,0,50
ood_compose_epi-02995	0	3	1	114,66,111,11,76,188,117,45,42,28,140,52,104,124,206,19,87,173,130,150,141,148,4,186,163,38,21,182,212,59,69,89,174,93,182,209	3,1,0.7675,0,2;3,4,0.5605,0,142;3,1,0.4765,0,199;3,5,0.3355,0,138;7,5,0.4145,0,3;3,0,0.9045,0,95
ood_compose_epi-02996	0	3	2	203,136,132,113,85,93,10,117,164,148,21,3,195,52,157,211,159,141,151,20,100,74,45,158,193,107,61,213,64,168,124,38,89,41,28,69	2,0,0.9115,0,239;3,4,0.2125,0,90;3,3,0.0435,0,124;1,3,0.3525,0,192;3,1,0.2995,0,243;3,2,0.0025,0,148
ood_compose_epi-02997	2	0	0	34,83,76,149,45,63,31,213,215,108,93,69,117,141,145,198,43,176,5,67,126,15,130,53,190,206,189,16,209,112,104,90,21,171,139,172	4,5,0.0465,0,176;6,0,0.6325,0,161;4,5,0.6525,0,62;3,1,0.4645,0,129;7,2,0.0505,0,126;5,0,0.7115,0,168
ood_compose_epi-02998	8	1	1	131,136,205,64,169,161,141,38,62,188,146,6,30,214,15,93,45,69,126,191,150,42,212,170,117,116,183,111,52,102,18,77,211,86,91,21	5,5,0.5605,0,253;5,4,0.4825,0,102;3,4,0.0755,0,110;4,4,0.7695,0,229;5,5,0.9955,0,252;5,1,0.1805,0,14
ood_compose_epi-02999	10	1	0	64,172,43,28,186,146,215,159,48,77,72,105,109,35,131,50,62,141,188,6,93,91,117,212,21,122,84,113,137,188,179,17,159,149,13,183	5,3,0.3285,0,158;3,1,0.7325,3,127;1,4,0.1215,3,49;4,2,0.7645,0,8;8,3,0.3235,0,94;1,1,0.3265,0,6
